0.142800
0.142800
0.142800
0.142800
0.142800
0.142800
0.142800
0.142800
0.142800
0.142800
0.155305
0.142800
0.156053
0.142800
0.178843
0.142800
0.167847
0.142800
0.161804
0.142800
0.171660
0.142800
0.156793
0.163865
0.142800
0.181682
0.147430
0.175916
0.157528
0.167196
0.142800
0.156793
0.142800
0.153790
0.158977
0.142800
0.171035
0.142800
0.142800
0.172896
0.142800
0.155305
0.142800
0.142800
0.159693
0.142800
0.147430
0.142800
0.142800
0.142800
0.142800
0.142800
0.142800
0.142800
0.142800
0.142800
0.142800
0.142800
0.142800
0.142800
0.142800
0.142800
0.142800
0.142800
0.143178
0.142800
0.142800
0.142800
0.142800
0.153790
0.144907
0.142800
0.181121
0.142800
0.142800
0.142800
0.191779
0.149068
0.150673
0.187123
0.150673
0.142800
0.194769
0.165878
0.142800
0.196716
0.170407
0.142800
0.198152
0.159693
0.144047
0.194769
0.161804
0.206389
0.186059
0.142800
0.142800
0.227267
0.161106
0.142800
0.142800
0.218887
0.165878
0.142800
0.142800
0.198152
0.171035
0.142800
0.167196
0.174116
0.142800
0.168494
0.164541
0.142800
0.160402
0.199570
0.142800
0.144047
0.207703
0.142800
0.173508
0.204612
0.142800
0.208137
0.203260
0.142800
0.189296
0.176509
0.194769
0.239181
0.142800
0.211133
0.209431
0.142800
0.214386
0.200968
0.144047
0.130136
0.199099
0.154551
0.166661
0.191779
0.176509
0.152438
0.167196
0.235105
0.151435
0.160402
0.196242
0.162602
0.142800
0.103369
0.169675
0.142800
0.142800
0.128267
0.069995
0.177683
0.205947
0.066025
0.076974
0.161106
0.177683
0.072017
0.092329
0.175320
0.142800
0.111666
0.083934
0.239197
0.142800
0.186593
0.113708
0.160362
0.145757
0.162496
0.118640
0.162037
0.142800
0.147430
0.088985
0.114005
0.142800
0.167196
0.123974
0.167855
0.142800
0.233016
0.090140
0.201891
0.228366
0.050811
0.218095
0.142800
0.140707
0.067841
0.200038
0.169675
0.058840
0.172158
0.142800
0.169136
0.118002
0.145660
0.171660
0.142800
0.226898
0.150444
0.181682
0.142800
0.241171
0.124321
0.172280
0.142800
0.152438
0.146126
0.156793
0.200038
0.127168
0.239197
0.142800
0.209859
0.135642
0.208137
0.142800
0.240511
0.099745
0.197676
0.142800
0.233716
0.127168
0.178265
0.224131
0.127168
0.163865
0.231442
0.119608
0.165878
0.226177
0.119608
0.188699
0.216897
0.108861
0.195747
0.142800
0.142800
0.191561
0.106181
0.188177
0.153965
0.159263
0.167847
0.142800
0.121923
0.125022
0.178265
0.187813
0.112533
0.185522
0.239181
0.143370
0.200038
0.211555
0.188552
0.182795
0.142800
0.188177
0.168458
0.239181
0.142800
0.142800
0.212393
0.231442
0.142800
0.160402
0.234412
0.206389
0.146598
0.159693
0.238174
0.216273
0.142800
0.142800
0.215686
0.165483
0.159693
0.142800
0.174116
0.149953
0.186593
0.142800
0.239515
0.209001
0.223531
0.219674
0.142800
0.210710
0.220455
0.142800
0.218095
0.199099
0.171660
0.238846
0.195747
0.142800
0.161804
0.234065
0.174116
0.205059
0.236478
0.163183
0.203260
0.230891
0.154551
0.205947
0.220455
0.156053
0.202349
0.233016
0.149068
0.213639
0.148979
0.170407
0.183895
0.204612
0.111953
0.179417
0.139409
0.231958
0.152247
0.138981
0.152944
0.142800
0.226177
0.180702
0.142800
0.200304
0.147066
0.142800
0.153022
0.168458
0.239197
0.142800
0.180556
0.142472
0.197849
0.142800
0.216494
0.168458
0.237837
0.142800
0.229454
0.201134
0.216494
0.181121
0.097008
0.237498
0.189736
0.208570
0.069023
0.227212
0.185522
0.208137
0.068309
0.147066
0.192284
0.204163
0.042044
0.122600
0.196716
0.142800
0.170407
0.055273
0.080634
0.219674
0.142800
0.122941
0.064085
0.092126
0.142800
0.142800
0.228366
0.071119
0.078765
0.158977
0.142800
0.239848
0.074146
0.097008
0.154551
0.142800
0.128637
0.111379
0.197042
0.142800
0.149874
0.162037
0.112533
0.223151
0.142800
0.228730
0.101648
0.152438
0.190251
0.240180
0.142027
0.218190
0.194277
0.142800
0.144047
0.085323
0.106181
0.196716
0.146598
0.142800
0.151464
0.054481
0.080954
0.187651
0.142800
0.142800
0.202805
0.021261
0.064401
0.200968
0.142800
0.233366
0.015092
0.031096
0.182240
0.239181
0.009775
0.028652
0.130136
0.183346
0.177098
0.197676
0.018520
0.017535
0.061361
0.142800
0.149068
0.036686
0.013939
0.062345
0.142800
0.142800
0.033979
0.010380
0.061556
0.142800
0.153790
0.027559
0.009911
0.095690
0.142800
0.175320
0.015009
0.007490
0.169065
0.179417
0.014401
0.008293
0.241500
0.142800
0.159693
0.014729
0.013122
0.216494
0.157528
0.026305
0.014642
0.206389
0.148253
0.018307
0.010423
0.181682
0.163183
0.014709
0.009902
0.188177
0.142800
0.142800
0.153022
0.015554
0.142800
0.008334
0.199099
0.142800
0.218492
0.010602
0.011920
0.213639
0.142800
0.142800
0.087487
0.009829
0.020832
0.186059
0.142800
0.145757
0.021916
0.008166
0.068903
0.148253
0.142800
0.152247
0.010366
0.013499
0.169675
0.179417
0.142800
0.142800
0.207266
0.007269
0.019265
0.222003
0.142800
0.142800
0.142800
0.125375
0.006378
0.023017
0.211555
0.142800
0.142800
0.094616
0.005949
0.023728
0.187123
0.142800
0.227634
0.011817
0.017074
0.240511
0.161106
0.027906
0.011111
0.107239
0.142800
0.062146
0.012071
0.061948
0.142800
0.163183
0.070616
0.008400
0.061264
0.153022
0.142800
0.142800
0.059293
0.006900
0.069995
0.155305
0.142800
0.142800
0.020730
0.007549
0.125375
0.156053
0.142800
0.142800
0.158977
0.142800
0.009829
0.009873
0.239515
0.148253
0.163865
0.142800
0.194277
0.142800
0.007070
0.010931
0.237498
0.142800
0.234759
0.194277
0.022549
0.006376
0.033946
0.209431
0.142800
0.143178
0.192284
0.191272
0.009039
0.005966
0.088418
0.189219
0.142800
0.142800
0.216091
0.193285
0.005565
0.009034
0.107775
0.165878
0.142800
0.142800
0.142800
0.218887
0.185522
0.004713
0.008112
0.163171
0.170407
0.142800
0.153022
0.142800
0.205383
0.179988
0.005152
0.014803
0.227212
0.153022
0.142800
0.158255
0.142800
0.142800
0.118961
0.142800
0.213225
0.004300
0.017127
0.226158
0.169774
0.142800
0.142800
0.161804
0.142800
0.142800
0.142800
0.145757
0.142800
0.142800
0.142800
0.142800
0.142800
0.142800
0.142800
0.142800
0.157528
0.142800
0.142800
0.142800
0.142800
0.142800
0.142800
0.142800
0.142800
0.142800
0.142800
0.142800
0.142800
0.153790
0.142800
0.158977
0.142800
0.142800
0.208570
0.187123
0.200968
0.147430
0.142800
0.142800
0.142800
0.156793
0.142800
0.142800
0.142800
0.142800
0.153022
0.142800
0.142800
0.142800
0.154551
0.142800
0.145757
0.142800
0.142800
0.161804
0.156793
0.150673
0.145757
0.142800
0.142800
0.142800
0.142800
0.142800
0.142800
0.142800
0.146598
0.142800
0.142800
0.142800
0.142800
0.142800
0.142800
0.142800
0.142800
0.142800
0.142800
0.142800
0.142800
0.142800
0.142800
0.142800
0.149068
0.142800
0.142800
0.142800
0.142800
0.142800
0.142800
0.142800
0.142800
0.142800
0.142800
0.142800
0.142800
0.142800
0.142800
0.142800
0.142800
0.142800
0.142800
0.142800
0.142800
0.142800
0.142800
0.142800
0.165878
0.142800
0.142800
0.154551
0.142800
0.142800
0.142800
0.142800
0.142800
0.145757
0.142800
0.142800
0.142800
0.169774
0.167847
0.205947
0.191779
0.156053
0.151464
0.142800
0.171035
0.142800
0.142800
0.151464
0.142800
0.142800
0.142800
0.142800
0.142800
0.142800
0.142800
0.142800
0.142800
0.142800
0.142800
0.142800
0.142800
0.142800
0.142800
0.142800
0.142800
0.142800
0.142800
0.142800
0.142800
0.142800
0.142800
0.142800
0.142800
0.142800
0.142800
0.142800
0.142800
0.142800
0.142800
0.142800
0.142800
0.142800
0.142800
0.142800
0.142800
0.142800
0.142800
0.142800
0.142800
0.142800
0.144047
0.158255
0.142800
0.155305
0.174720
0.178265
0.175320
0.182240
0.174720
0.174116
0.142800
0.179417
0.142800
0.142800
0.196716
0.142800
0.142800
0.193782
0.142800
0.161106
0.142800
0.142800
0.142800
0.142800
0.142800
0.142800
0.142800
0.211975
0.167196
0.229815
0.165878
0.149068
0.194277
0.174116
0.192786
0.151464
0.142800
0.150673
0.147430
0.170407
0.205947
0.197197
0.158977
0.142800
0.142800
0.142800
0.142800
0.142800
0.142800
0.147430
0.154551
0.142800
0.150673
0.149068
0.144047
0.156053
0.142800
0.142800
0.142800
0.155305
0.142800
0.142800
0.142800
0.148253
0.142800
0.161804
0.146598
0.142800
0.142800
0.142800
0.196233
0.160402
0.142800
0.142800
0.142800
0.177992
0.203260
0.229093
0.158977
0.179988
0.154551
0.202349
0.154551
0.142800
0.142800
0.143178
0.142800
0.184440
0.142800
0.142800
0.191272
0.144047
0.142800
0.176509
0.142800
0.174720
0.170407
0.142800
0.142800
0.175320
0.153790
0.142800
0.212393
0.168494
0.144047
0.142800
0.184440
0.154551
0.142800
0.142800
0.208137
0.175320
0.142800
0.142800
0.174720
0.142800
0.196233
0.142800
0.190251
0.142800
0.142800
0.215686
0.142800
0.143178
0.150673
0.142800
0.142800
0.142800
0.142800
0.142800
0.142800
0.142800
0.142800
0.142800
0.142800
0.173508
0.142800
0.149874
0.142800
0.142800
0.142800
0.142800
0.184440
0.142800
0.186593
0.142800
0.197042
0.156053
0.142800
0.146598
0.142800
0.175916
0.142800
0.240180
0.159693
0.142800
0.142800
0.142800
0.142800
0.142800
0.142800
0.142800
0.142800
0.232312
0.163865
0.148253
0.194277
0.142800
0.165212
0.238174
0.203260
0.160402
0.142800
0.169774
0.142800
0.152247
0.158977
0.193782
0.142800
0.152247
0.161106
0.145757
0.142800
0.142800
0.163183
0.142800
0.142800
0.142800
0.142800
0.142800
0.160402
0.142800
0.206389
0.193782
0.162496
0.144047
0.142800
0.142800
0.153022
0.183346
0.142800
0.142800
0.172896
0.161106
0.156793
0.142800
0.142800
0.142800
0.142800
0.142800
0.142800
0.142800
0.143178
0.142800
0.159693
0.171660
0.156793
0.151464
0.142800
0.142800
0.142800
0.182795
0.179417
0.142800
0.142800
0.154551
0.192284
0.153022
0.142800
0.142800
0.142800
0.198152
0.142800
0.174720
0.168494
0.142800
0.142800
0.167847
0.142800
0.142800
0.142800
0.142800
0.156793
0.142800
0.147430
0.142800
0.142800
0.142800
0.163865
0.159693
0.194769
0.142800
0.149068
0.205947
0.154551
0.142800
0.142800
0.142800
0.142800
0.142800
0.171660
0.163183
0.142800
0.142800
0.142800
0.142800
0.142800
0.142800
0.144907
0.142800
0.142800
0.142800
0.142800
0.147430
0.213225
0.158977
0.233366
0.151464
0.142800
0.220065
0.172280
0.241171
0.168494
0.176509
0.142800
0.220065
0.161804
0.238846
0.164541
0.120261
0.194277
0.186059
0.142800
0.205059
0.160402
0.222003
0.156793
0.148979
0.185522
0.142800
0.142800
0.225413
0.142800
0.123628
0.153790
0.215279
0.144047
0.223910
0.142800
0.146595
0.153790
0.142800
0.142800
0.142800
0.142800
0.142800
0.142800
0.225413
0.143178
0.113708
0.177098
0.212393
0.163183
0.203712
0.144047
0.201971
0.167196
0.142800
0.142800
0.220844
0.157528
0.208137
0.160402
0.222003
0.157528
0.199479
0.174116
0.144907
0.142800
0.142800
0.142800
0.142800
0.142800
0.147430
0.142800
0.142800
0.142800
0.142800
0.172280
0.142800
0.142800
0.142800
0.142800
0.142800
0.142800
0.142800
0.210710
0.187123
0.142800
0.144907
0.142800
0.142800
0.171660
0.197197
0.187123
0.182795
0.195747
0.172896
0.170407
0.193285
0.150673
0.148253
0.151435
0.164899
0.142800
0.142800
0.142800
0.193782
0.203712
0.237837
0.142800
0.145757
0.221618
0.172896
0.187651
0.231442
0.155305
0.144047
0.168494
0.178843
0.198152
0.127533
0.142800
0.142800
0.171660
0.142800
0.142800
0.142800
0.216897
0.227634
0.142800
0.142800
0.142800
0.142800
0.142800
0.142800
0.142800
0.227267
0.216273
0.169675
0.210710
0.142800
0.142800
0.142800
0.142800
0.142800
0.142800
0.148253
0.142800
0.142800
0.142800
0.142800
0.142800
0.165878
0.142800
0.143178
0.177683
0.142800
0.142800
0.142800
0.142800
0.142800
0.142800
0.142800
0.166661
0.185522
0.089176
0.228000
0.149874
0.142800
0.148253
0.142800
0.163183
0.142800
0.151464
0.142800
0.200968
0.142800
0.154999
0.189219
0.108861
0.212393
0.142800
0.142800
0.142800
0.142800
0.142800
0.142800
0.187079
0.187813
0.225786
0.142800
0.239181
0.144907
0.166539
0.142800
0.156793
0.142800
0.191779
0.142800
0.117058
0.175320
0.154551
0.157528
0.142800
0.142800
0.145757
0.165212
0.142800
0.142800
0.193876
0.170407
0.117371
0.197197
0.039071
0.219160
0.164541
0.161804
0.142800
0.142800
0.142800
0.200038
0.142800
0.142800
0.142800
0.142800
0.142800
0.142800
0.142800
0.142800
0.195747
0.144047
0.142800
0.142800
0.148253
0.142800
0.142800
0.142800
0.142800
0.142800
0.177683
0.142800
0.199570
0.142800
0.142800
0.142800
0.142800
0.149874
0.142800
0.142800
0.150673
0.142800
0.142800
0.167196
0.142800
0.142800
0.202805
0.161106
0.142800
0.142800
0.156053
0.142800
0.142800
0.142800
0.186059
0.142800
0.142800
0.142800
0.142800
0.174116
0.142800
0.142800
0.142800
0.142800
0.142800
0.142800
0.142800
0.150673
0.142800
0.142800
0.149874
0.147430
0.150673
0.204612
0.149068
0.230371
0.143178
0.075536
0.209859
0.154551
0.146598
0.142800
0.161106
0.142800
0.142800
0.142800
0.142800
0.142800
0.142800
0.142800
0.142800
0.153790
0.142800
0.142800
0.142800
0.142800
0.142800
0.144907
0.228256
0.160402
0.119284
0.197676
0.183895
0.147430
0.228256
0.158977
0.071630
0.213225
0.172896
0.142800
0.147430
0.142800
0.142800
0.142800
0.228256
0.172896
0.115819
0.182240
0.183346
0.142800
0.236819
0.175916
0.075819
0.222387
0.145757
0.142800
0.142800
0.142800
0.142800
0.175320
0.182240
0.187123
0.185522
0.187651
0.142800
0.142800
0.142800
0.142800
0.142800
0.142800
0.142800
0.142800
0.142800
0.142800
0.142800
0.142800
0.142800
0.142800
0.142800
0.142800
0.142800
0.142800
0.159693
0.142800
0.142800
0.142800
0.142800
0.142800
0.142800
0.142800
0.142800
0.142800
0.142800
0.142800
0.142800
0.142800
0.142800
0.142800
0.167196
0.180556
0.142800
0.142800
0.142800
0.142800
0.172896
0.182240
0.192786
0.174116
0.142800
0.142800
0.142800
0.154551
0.170407
0.142800
0.147430
0.153790
0.165878
0.142800
0.142800
0.142800
0.142800
0.142800
0.142800
0.149874
0.210710
0.156793
0.165483
0.174720
0.199570
0.142800
0.240180
0.160402
0.235793
0.143178
0.146598
0.142800
0.237498
0.164899
0.173424
0.215686
0.179417
0.142800
0.222003
0.161106
0.197042
0.175916
0.052080
0.223151
0.142800
0.142800
0.142800
0.227634
0.231604
0.235793
0.174720
0.142920
0.181121
0.142800
0.142800
0.142800
0.142800
0.153022
0.142800
0.142800
0.161106
0.191272
0.142800
0.232312
0.142800
0.149874
0.142800
0.149068
0.175320
0.142800
0.142800
0.195259
0.142800
0.142800
0.142800
0.142800
0.158255
0.156793
0.151464
0.142800
0.142800
0.167847
0.147430
0.228000
0.157639
0.152247
0.142800
0.142800
0.163865
0.143178
0.142800
0.142800
0.149874
0.194659
0.142800
0.142800
0.182795
0.142800
0.142800
0.197197
0.189736
0.165878
0.142800
0.184440
0.159693
0.144047
0.142800
0.181682
0.164541
0.151464
0.142800
0.142800
0.183895
0.172896
0.142800
0.142800
0.158977
0.142800
0.142800
0.142800
0.161106
0.149874
0.151464
0.142800
0.158977
0.142800
0.142800
0.142800
0.142800
0.164541
0.173508
0.142800
0.142800
0.170407
0.142800
0.142800
0.163183
0.152247
0.154551
0.142800
0.142800
0.172280
0.197849
0.149874
0.212810
0.110811
0.193285
0.166539
0.142800
0.164541
0.142800
0.144047
0.142800
0.142800
0.079846
0.156053
0.142800
0.142800
0.144047
0.144047
0.120591
0.187651
0.146598
0.171035
0.142800
0.211133
0.142800
0.142800
0.142800
0.156793
0.156793
0.142800
0.150673
0.142800
0.142800
0.142800
0.216494
0.142800
0.207703
0.142800
0.142800
0.142800
0.142800
0.142800
0.142800
0.147430
0.142800
0.149874
0.142800
0.142800
0.142800
0.142800
0.142800
0.164541
0.167196
0.145757
0.196233
0.142800
0.181682
0.142800
0.168494
0.142800
0.169136
0.142800
0.142800
0.142800
0.194277
0.149068
0.142800
0.148253
0.142800
0.193782
0.196716
0.142800
0.152247
0.142800
0.160402
0.142800
0.166539
0.142800
0.142800
0.142800
0.167847
0.170908
0.142800
0.202349
0.142800
0.183895
0.142800
0.142800
0.142800
0.142800
0.142800
0.142800
0.142800
0.142800
0.142800
0.142800
0.142800
0.142800
0.142800
0.142800
0.142800
0.142800
0.142800
0.142800
0.145757
0.142800
0.142800
0.142800
0.153790
0.142800
0.225413
0.158255
0.154551
0.207703
0.187651
0.157528
0.142800
0.142800
0.142800
0.142800
0.142800
0.142800
0.142800
0.142800
0.142800
0.153022
0.142800
0.142800
0.142800
0.142800
0.203260
0.142800
0.178265
0.120591
0.146598
0.197197
0.142800
0.182795
0.195448
0.146598
0.142800
0.197676
0.142800
0.181682
0.142800
0.142800
0.142800
0.142800
0.142800
0.142800
0.142800
0.142800
0.142800
0.142800
0.142800
0.158255
0.152247
0.142800
0.142800
0.142800
0.142800
0.169136
0.142800
0.144047
0.142800
0.158977
0.142800
0.142800
0.142800
0.158255
0.142800
0.155305
0.142800
0.142800
0.142800
0.157528
0.142800
0.142800
0.142800
0.142800
0.142800
0.230371
0.171660
0.192284
0.180556
0.142800
0.153790
0.192284
0.179988
0.172896
0.142800
0.142800
0.142800
0.157105
0.153790
0.142800
0.198627
0.153790
0.167196
0.197849
0.200968
0.142800
0.142800
0.142800
0.142800
0.142800
0.142800
0.142800
0.142800
0.142800
0.142800
0.142800
0.142800
0.144907
0.148253
0.175320
0.167847
0.142800
0.144907
0.160402
0.165878
0.147430
0.142800
0.142800
0.142800
0.163865
0.148253
0.163183
0.142800
0.149068
0.142800
0.153022
0.142800
0.142800
0.142800
0.174720
0.142800
0.156793
0.185522
0.221232
0.206252
0.142800
0.148253
0.152247
0.142800
0.149068
0.142800
0.142800
0.142800
0.146598
0.142800
0.142800
0.142800
0.142800
0.143178
0.142800
0.142800
0.142800
0.142800
0.142800
0.142800
0.142800
0.142800
0.142800
0.142800
0.142800
0.148253
0.167847
0.142800
0.142800
0.142800
0.221618
0.159693
0.176509
0.142800
0.195259
0.176509
0.142800
0.142800
0.142800
0.142800
0.142800
0.142800
0.142800
0.142800
0.142800
0.142800
0.142800
0.240344
0.166539
0.142800
0.142800
0.142800
0.182795
0.142800
0.152247
0.142800
0.142800
0.142800
0.142800
0.167196
0.142800
0.142800
0.147430
0.171035
0.142800
0.142800
0.156793
0.154551
0.220138
0.237498
0.142800
0.142800
0.142800
0.142800
0.142800
0.149068
0.155305
0.142800
0.169774
0.142800
0.142800
0.142800
0.142800
0.142800
0.178265
0.142800
0.142800
0.142800
0.142800
0.142800
0.142800
0.142800
0.146598
0.142800
0.240511
0.142800
0.142800
0.161804
0.142800
0.142800
0.142800
0.152247
0.181121
0.153790
0.177098
0.142800
0.142800
0.142800
0.142800
0.156053
0.200504
0.241500
0.191779
0.142800
0.142800
0.142800
0.142800
0.144907
0.145757
0.145757
0.142800
0.142800
0.142800
0.142800
0.142800
0.142800
0.142800
0.142800
0.142800
0.142800
0.142800
0.142800
0.142800
0.142800
0.142800
0.142800
0.142800
0.142800
0.142800
0.142800
0.142800
0.177098
0.142800
0.142800
0.206389
0.142800
0.142800
0.142800
0.151464
0.142800
0.142800
0.172280
0.142800
0.154481
0.174116
0.142800
0.142800
0.142800
0.195747
0.142800
0.222387
0.156053
0.142800
0.179417
0.142800
0.162496
0.142800
0.142800
0.142800
0.156053
0.170407
0.146598
0.142800
0.142800
0.142800
0.142800
0.142800
0.142800
0.142800
0.142800
0.142800
0.142800
0.142800
0.151464
0.132837
0.182240
0.163183
0.142800
0.142800
0.142800
0.206389
0.142800
0.194277
0.142800
0.142800
0.142800
0.142800
0.142800
0.142800
0.142800
0.142800
0.142800
0.142800
0.142800
0.142800
0.142800
0.142800
0.142800
0.142800
0.142800
0.142800
0.142800
0.170407
0.174116
0.142800
0.221232
0.149068
0.142800
0.145757
0.142800
0.166539
0.116127
0.142800
0.181121
0.191272
0.142800
0.142800
0.142800
0.171035
0.142800
0.144907
0.238511
0.142800
0.182240
0.199099
0.142800
0.142800
0.142800
0.142800
0.142800
0.142800
0.142800
0.142800
0.142800
0.142800
0.142800
0.142800
0.142800
0.142800
0.142800
0.142800
0.144047
0.142800
0.195747
0.142800
0.142800
0.165212
0.195747
0.163183
0.209001
0.142800
0.142800
0.161804
0.173424
0.142800
0.183346
0.142800
0.142800
0.142800
0.142800
0.142800
0.142800
0.142800
0.142800
0.142800
0.142800
0.142800
0.142800
0.142800
0.142800
0.142800
0.142800
0.142800
0.142800
0.142800
0.202349
0.142800
0.206389
0.142800
0.187123
0.142800
0.199099
0.142800
0.177098
0.142800
0.186593
0.142800
0.142800
0.183346
0.155305
0.199570
0.142800
0.142800
0.142800
0.202349
0.183486
0.142800
0.144907
0.142800
0.181682
0.183346
0.162496
0.149874
0.144907
0.144907
0.142800
0.142800
0.142800
0.165212
0.144907
0.162496
0.150673
0.142800
0.142800
0.142800
0.142800
0.142800
0.142800
0.174720
0.169136
0.142800
0.146598
0.142800
0.163183
0.163183
0.142800
0.142800
0.142800
0.142800
0.142800
0.172280
0.142800
0.142800
0.142800
0.142800
0.148253
0.146598
0.155305
0.142800
0.142800
0.142800
0.142800
0.174116
0.142800
0.142800
0.142800
0.142800
0.142800
0.142800
0.142800
0.142800
0.142800
0.142800
0.142800
0.142800
0.142800
0.142800
0.142800
0.142800
0.142800
0.142800
0.142800
0.142800
0.142800
0.142800
0.155305
0.142800
0.142800
0.142800
0.142800
0.142800
0.142800
0.151464
0.142800
0.142800
0.142800
0.142800
0.142800
0.142800
0.142800
0.142800
0.142800
0.142800
0.142800
0.142800
0.142800
0.142800
0.142800
0.142800
0.191272
0.142800
0.183895
0.142800
0.194277
0.142800
0.159693
0.189219
0.142800
0.142800
0.142800
0.142800
0.142800
0.142800
0.142800
0.142800
0.142800
0.148253
0.142800
0.142800
0.142800
0.142800
0.142800
0.148253
0.222003
0.142800
0.193285
0.145757
0.142800
0.142800
0.142800
0.142800
0.142800
0.179988
0.142800
0.171660
0.142800
0.166539
0.142800
0.142800
0.150673
0.142800
0.142800
0.142800
0.142800
0.151464
0.147430
0.142800
0.142800
0.142800
0.195747
0.171035
0.142800
0.145757
0.142800
0.155305
0.142800
0.142800
0.142800
0.142800
0.142800
0.142800
0.142800
0.142800
0.161804
0.182795
0.142800
0.142800
0.176509
0.142800
0.171035
0.142800
0.142800
0.142800
0.142800
0.142800
0.142800
0.142800
0.142800
0.142800
0.142800
0.142800
0.142800
0.142800
0.142800
0.142800
0.142800
0.142800
0.142800
0.142800
0.142800
0.142800
0.142800
0.142800
0.142800
0.142800
0.142800
0.159693
0.142800
0.147430
0.142800
0.166539
0.142800
0.142800
0.142800
0.142800
0.186059
0.161106
0.142800
0.142800
0.142800
0.142800
0.172280
0.142800
0.199570
0.142800
0.232664
0.142800
0.142800
0.233366
0.142800
0.146598
0.142800
0.163183
0.153022
0.169136
0.142800
0.178265
0.142800
0.142800
0.142800
0.142800
0.142800
0.142800
0.142800
0.142800
0.142800
0.166539
0.153790
0.142800
0.142800
0.172896
0.142800
0.189219
0.142800
0.194277
0.142800
0.142800
0.142800
0.142800
0.142800
0.142800
0.142800
0.142800
0.142800
0.142800
0.142800
0.145757
0.142800
0.171035
0.142800
0.148253
0.142800
0.142800
0.195259
0.145757
0.142800
0.142800
0.142800
0.142800
0.142800
0.142800
0.157528
0.142800
0.142800
0.142800
0.142800
0.142800
0.142800
0.142800
0.184440
0.142800
0.169136
0.156053
0.142800
0.142800
0.142800
0.153022
0.142800
0.149068
0.142800
0.167847
0.142800
0.142800
0.171660
0.142800
0.142800
0.150673
0.142800
0.142800
0.142800
0.142800
0.142800
0.142800
0.142800
0.142800
0.179988
0.153790
0.142800
0.142800
0.142800
0.142800
0.156793
0.142800
0.142800
0.142800
0.142800
0.142800
0.171660
0.142800
0.142800
0.182240
0.142800
0.142800
0.172896
0.168494
0.142800
0.142800
0.142800
0.142800
0.142800
0.142800
0.142800
0.142800
0.142800
0.142800
0.142800
0.186059
0.142800
0.151464
0.194277
0.142800
0.231958
0.142800
0.142800
0.142800
0.142800
0.142800
0.142800
0.144907
0.142800
0.142800
0.142800
0.142800
0.142800
0.142800
0.142800
0.142800
0.142800
0.142800
0.142800
0.142800
0.144907
0.147430
0.142800
0.142800
0.142800
0.142800
0.142800
0.142800
0.142800
0.142800
0.183895
0.154551
0.153022
0.159693
0.178843
0.142800
0.142800
0.142800
0.142800
0.142800
0.142800
0.142800
0.142800
0.142800
0.190763
0.142800
0.142800
0.142800
0.142800
0.142800
0.155305
0.142800
0.142800
0.142800
0.145757
0.142800
0.143178
0.172896
0.161106
0.234759
0.187123
0.156053
0.179988
0.197197
0.157528
0.142800
0.142800
0.142800
0.142800
0.142800
0.142800
0.142800
0.142800
0.142800
0.142800
0.142800
0.194769
0.142800
0.142800
0.142800
0.142800
0.142800
0.142800
0.142800
0.142800
0.142800
0.142800
0.142800
0.142800
0.142800
0.142800
0.142800
0.142800
0.142800
0.142800
0.142800
0.142800
0.142800
0.142800
0.142800
0.142800
0.142800
0.142800
0.142800
0.142800
0.142800
0.142800
0.142800
0.142800
0.142800
0.142800
0.142800
0.180556
0.142800
0.176509
0.188699
0.149068
0.142800
0.240842
0.142800
0.142800
0.142800
0.142800
0.157528
0.142800
0.226158
0.142800
0.142800
0.237159
0.186059
0.186059
0.142800
0.142800
0.142800
0.175916
0.142800
0.142800
0.142800
0.142800
0.142800
0.142800
0.142800
0.142800
0.142800
0.214462
0.142800
0.142800
0.142800
0.142800
0.142800
0.142800
0.142800
0.142800
0.142800
0.142800
0.142800
0.142800
0.154551
0.142800
0.142800
0.142800
0.142800
0.142800
0.142800
0.142800
0.142800
0.164541
0.150673
0.142800
0.142800
0.149068
0.142800
0.142800
0.142800
0.142800
0.142800
0.142800
0.142800
0.142800
0.142800
0.142800
0.142800
0.142800
0.142800
0.142800
0.142800
0.142800
0.142800
0.142800
0.142800
0.146598
0.143178
0.142800
0.142800
0.142800
0.142800
0.142800
0.147430
0.142800
0.200038
0.142800
0.142800
0.142800
0.142800
0.170407
0.142800
0.165212
0.157528
0.142800
0.142800
0.142800
0.142800
0.144047
0.142800
0.142800
0.144907
0.142800
0.142800
0.144907
0.165878
0.142800
0.142800
0.142800
0.142800
0.142800
0.142800
0.189219
0.182795
0.188699
0.142800
0.142800
0.156793
0.147430
0.142800
0.142800
0.163865
0.142800
0.142800
0.146598
0.142800
0.210285
0.185522
0.170407
0.143178
0.186593
0.169136
0.142800
0.142800
0.142800
0.167847
0.142800
0.142800
0.190763
0.142800
0.156053
0.142800
0.173508
0.222003
0.142800
0.142800
0.142800
0.142800
0.142800
0.142800
0.142800
0.142800
0.142800
0.154551
0.142800
0.143178
0.142800
0.142800
0.142800
0.142800
0.142800
0.142800
0.142800
0.142800
0.225413
0.189219
0.142800
0.142800
0.151464
0.142800
0.174720
0.142800
0.142800
0.165212
0.186059
0.147430
0.173508
0.170407
0.226529
0.142800
0.142800
0.142800
0.142800
0.142800
0.142800
0.142800
0.142800
0.142800
0.147430
0.142800
0.142800
0.142800
0.142800
0.142800
0.142800
0.145757
0.142800
0.142800
0.145757
0.142800
0.142800
0.142800
0.142800
0.187123
0.142800
0.142800
0.142800
0.142800
0.142800
0.142800
0.142800
0.142800
0.142800
0.142800
0.142800
0.142800
0.142800
0.142800
0.142800
0.142800
0.142800
0.142800
0.142800
0.142800
0.142800
0.142800
0.179417
0.142800
0.214051
0.172280
0.170407
0.142800
0.142800
0.157528
0.169136
0.154551
0.171035
0.144047
0.142800
0.142800
0.142800
0.142800
0.142800
0.142800
0.142800
0.156053
0.142800
0.158977
0.142800
0.142800
0.143178
0.142800
0.142800
0.142800
0.142800
0.142800
0.142800
0.142800
0.142800
0.198152
0.196233
0.184983
0.153022
0.142800
0.173508
0.142800
0.142800
0.187651
0.156053
0.142800
0.174116
0.142800
0.184440
0.162496
0.142800
0.142800
0.142800
0.175916
0.142800
0.142800
0.142800
0.142800
0.142800
0.142800
0.142800
0.142800
0.142800
0.142800
0.142800
0.142800
0.142800
0.142800
0.142800
0.142800
0.142800
0.142800
0.156793
0.142800
0.151464
0.142800
0.142800
0.142800
0.142800
0.149874
0.142800
0.142800
0.142800
0.142800
0.142800
0.142800
0.142800
0.142800
0.142800
0.142800
0.142800
0.142800
0.145757
0.142800
0.146598
0.142800
0.143178
0.142800
0.142800
0.142800
0.142800
0.142800
0.142800
0.142800
0.142800
0.142800
0.142800
0.156793
0.142800
0.142800
0.142800
0.142800
0.142800
0.166539
0.210710
0.142800
0.148253
0.166539
0.152247
0.189219
0.166539
0.142800
0.198152
0.155521
0.189219
0.142800
0.142800
0.142800
0.142800
0.142800
0.142800
0.142800
0.142800
0.142800
0.142800
0.142800
0.142800
0.150673
0.154551
0.166539
0.164541
0.161804
0.142800
0.163865
0.142800
0.142800
0.168494
0.142800
0.142800
0.142800
0.142800
0.142800
0.142800
0.142800
0.142800
0.142800
0.142800
0.142800
0.142800
0.142800
0.142800
0.142800
0.142800
0.142800
0.142800
0.171035
0.142800
0.149068
0.158255
0.142800
0.148253
0.142800
0.142800
0.142800
0.142800
0.142800
0.142800
0.142800
0.142800
0.142800
0.142800
0.142800
0.142800
0.142800
0.142800
0.142800
0.142800
0.142800
0.142800
0.142800
0.142800
0.142800
0.142800
0.142800
0.162496
0.142800
0.142800
0.228730
0.143178
0.142800
0.157528
0.201891
0.142800
0.142800
0.196233
0.142800
0.163865
0.142800
0.142800
0.142800
0.142800
0.150673
0.142800
0.142800
0.142800
0.167847
0.142800
0.142800
0.143178
0.165212
0.142800
0.142800
0.142800
0.142800
0.142800
0.142800
0.142800
0.142800
0.142800
0.142800
0.142800
0.142800
0.142800
0.142800
0.142800
0.142800
0.142800
0.144047
0.142800
0.142800
0.142800
0.142800
0.142800
0.142800
0.142800
0.142800
0.142800
0.142800
0.142800
0.142800
0.149068
0.142800
0.142800
0.142800
0.142800
0.142800
0.142800
0.142800
0.155305
0.143178
0.147430
0.142800
0.142800
0.142800
0.142800
0.142800
0.142800
0.142800
0.142800
0.142800
0.142800
0.142800
0.142800
0.142800
0.142800
0.142800
0.142800
0.142800
0.142800
0.142800
0.142800
0.142800
0.142800
0.142800
0.142800
0.142800
0.142800
0.142800
0.142800
0.142800
0.142800
0.142800
0.144047
0.142800
0.142800
0.142800
0.142800
0.142800
0.142800
0.142800
0.142800
0.142800
0.142800
0.142800
0.142800
0.142800
0.142800
0.142800
0.142800
0.142800
0.142800
0.142800
0.142800
0.142800
0.142800
0.142800
0.142800
0.142800
0.147430
0.142800
0.142800
0.142800
0.142800
0.142800
0.146598
0.142800
0.142800
0.142800
0.142800
0.142800
0.142800
0.142800
0.142800
0.142800
0.142800
0.142800
0.142800
0.142800
0.142800
0.142800
0.142800
0.142800
0.142800
0.142800
0.142800
0.142800
0.142800
0.142800
0.142800
0.142800
0.142800
0.142800
0.142800
0.142800
0.142800
0.142800
0.142800
0.142800
0.142800
0.142800
0.142800
0.142800
0.142800
0.142800
0.142800
0.142800
0.142800
0.142800
0.142800
0.142800
0.142800
0.142800
0.187651
0.174720
0.142800
0.142800
0.142800
0.142800
0.142800
0.142800
0.142800
0.142800
0.153022
0.142800
0.142800
0.176509
0.142800
0.142800
0.142800
0.149874
0.184983
0.151464
0.172896
0.142800
0.142800
0.167196
0.142800
0.142800
0.142800
0.161106
0.142800
0.162496
0.142800
0.142800
0.142800
0.142800
0.142800
0.142800
0.142800
0.142800
0.142800
0.142800
0.142800
0.142800
0.142800
0.142800
0.142800
0.142800
0.142800
0.142800
0.142800
0.142800
0.142800
0.142800
0.153790
0.142800
0.197197
0.149874
0.149874
0.165878
0.142800
0.142800
0.142800
0.142800
0.142800
0.146598
0.142800
0.149068
0.142800
0.142800
0.142800
0.143178
0.184440
0.142800
0.142800
0.163183
0.142800
0.165878
0.167847
0.142800
0.142800
0.142800
0.142800
0.142800
0.153022
0.142800
0.142800
0.142800
0.142800
0.142800
0.142800
0.142800
0.142800
0.142800
0.142800
0.142800
0.142800
0.142800
0.142800
0.142800
0.142800
0.142800
0.142800
0.156053
0.172896
0.142800
0.179417
0.142800
0.155305
0.142800
0.143178
0.142800
0.142800
0.142800
0.142800
0.142800
0.154551
0.142800
0.142800
0.142800
0.142800
0.142800
0.142800
0.142800
0.142800
0.142800
0.142800
0.142800
0.142800
0.142800
0.142800
0.142800
0.142800
0.142800
0.142800
0.142800
0.142800
0.142800
0.142800
0.142800
0.142800
0.142800
0.142800
0.142800
0.142800
0.142800
0.142800
0.142800
0.142800
0.142800
0.142800
0.142800
0.142800
0.142800
0.142800
0.142800
0.142800
0.142800
0.142800
0.142800
0.142800
0.142800
0.142800
0.142800
0.142800
0.142800
0.142800
0.180556
0.219281
0.142800
0.142800
0.153790
0.142800
0.179417
0.142800
0.181121
0.146598
0.184983
0.148253
0.142800
0.142800
0.142800
0.142800
0.142800
0.197676
0.190763
0.142800
0.142800
0.175320
0.161804
0.142800
0.158977
0.151464
0.142800
0.145757
0.165878
0.165878
0.181682
0.160402
0.142800
0.142800
0.142800
0.142800
0.142800
0.142800
0.142800
0.142800
0.142800
0.142800
0.142800
0.142800
0.142800
0.142800
0.142800
0.142800
0.142800
0.142800
0.142800
0.142800
0.142800
0.142800
0.142800
0.142800
0.142800
0.142800
0.142800
0.227634
0.156793
0.142800
0.142800
0.147430
0.172280
0.142800
0.142800
0.142800
0.158977
0.142800
0.142800
0.158255
0.142800
0.190763
0.142800
0.142800
0.142800
0.142800
0.156053
0.142800
0.142800
0.197197
0.165878
0.142800
0.142800
0.142800
0.153022
0.142800
0.163183
0.160402
0.144047
0.165878
0.158977
0.142800
0.149874
0.142800
0.142800
0.142800
0.142800
0.142800
0.142800
0.168494
0.174116
0.142800
0.163183
0.153790
0.142800
0.142800
0.142800
0.142800
0.142800
0.142800
0.142800
0.142800
0.142800
0.142800
0.142800
0.142800
0.156793
0.142800
0.142800
0.156053
0.142800
0.151464
0.142800
0.154551
0.142800
0.144907
0.142800
0.145757
0.143178
0.148253
0.142800
0.142800
0.147430
0.142800
0.142800
0.156793
0.142800
0.142800
0.142800
0.142800
0.142800
0.150673
0.142800
0.142800
0.142800
0.142800
0.153022
0.142800
0.142800
0.142800
0.142800
0.142800
0.142800
0.142800
0.142800
0.142800
0.142800
0.142800
0.142800
0.142800
0.142800
0.142800
0.142800
0.142800
0.142800
0.142800
0.142800
0.142800
0.142800
0.142800
0.142800
0.142800
0.143178
0.142800
0.142800
0.142800
0.142800
0.142800
0.142800
0.142800
0.142800
0.142800
0.142800
0.142800
0.142800
0.144047
0.142800
0.142800
0.142800
0.142800
0.142800
0.142800
0.142800
0.142800
0.142800
0.142800
0.142800
0.142800
0.142800
0.142800
0.142800
0.142800
0.142800
0.142800
0.142800
0.142800
0.142800
0.142800
0.142800
0.142800
0.142800
0.142800
0.142800
0.142800
0.142800
0.142800
0.142800
0.142800
0.142800
0.142800
0.142800
0.142800
0.142800
0.142800
0.142800
0.142800
0.142800
0.142800
0.142800
0.142800
0.142800
0.142800
0.142800
0.142800
0.142800
0.142800
0.142800
0.142800
0.142800
0.142800
0.142800
0.142800
0.142800
0.142800
0.142800
0.142800
0.142800
0.142800
0.146598
0.142800
0.146598
0.142800
0.142800
0.142800
0.142800
0.142800
0.142800
0.142800
0.142800
0.142800
0.142800
0.142800
0.157528
0.142800
0.142800
0.142800
0.142800
0.142800
0.142800
0.156053
0.142800
0.235449
0.142800
0.163183
0.161804
0.142800
0.142800
0.145757
0.203260
0.161106
0.142800
0.142800
0.233016
0.167196
0.142800
0.142800
0.142800
0.142800
0.142800
0.144907
0.142800
0.142800
0.142800
0.142800
0.148253
0.142800
0.142800
0.142800
0.142800
0.142800
0.161106
0.142800
0.142800
0.143178
0.178843
0.144907
0.142800
0.142800
0.142800
0.142800
0.142800
0.167847
0.165878
0.142800
0.142800
0.142800
0.142800
0.142800
0.142800
0.144907
0.156053
0.142800
0.142800
0.142800
0.209001
0.142800
0.156053
0.142800
0.142800
0.152247
0.142800
0.142800
0.144907
0.148253
0.142800
0.142800
0.142800
0.142800
0.144047
0.148253
0.175916
0.144047
0.142800
0.142800
0.146598
0.142800
0.149874
0.142800
0.142800
0.150673
0.144907
0.164541
0.142800
0.142800
0.142800
0.142800
0.142800
0.142800
0.142800
0.142800
0.142800
0.187123
0.161106
0.151464
0.142800
0.144907
0.142800
0.142800
0.142800
0.142800
0.142800
0.142800
0.179417
0.142800
0.146598
0.161106
0.142800
0.142800
0.142800
0.142800
0.168494
0.142800
0.142800
0.161804
0.162496
0.142800
0.142800
0.183895
0.153022
0.158255
0.142800
0.156053
0.142800
0.142800
0.177683
0.149068
0.142800
0.142800
0.197197
0.175320
0.142800
0.142800
0.142800
0.142800
0.142800
0.142800
0.142800
0.142800
0.142800
0.142800
0.142800
0.142800
0.142800
0.142800
0.142800
0.142800
0.142800
0.142800
0.142800
0.142800
0.142800
0.142800
0.142800
0.142800
0.142800
0.142800
0.142800
0.142800
0.142800
0.142800
0.142800
0.142800
0.184983
0.158977
0.142800
0.142800
0.156793
0.223151
0.144047
0.197676
0.163865
0.142800
0.149068
0.142800
0.142800
0.161106
0.142800
0.142800
0.142800
0.142800
0.142800
0.142800
0.142800
0.142800
0.144907
0.142800
0.142800
0.142800
0.142800
0.142800
0.142800
0.142800
0.142800
0.142800
0.142800
0.142800
0.142800
0.142800
0.156793
0.148253
0.143178
0.142800
0.142800
0.142800
0.142800
0.142800
0.142800
0.142800
0.142800
0.142800
0.142800
0.228730
0.142800
0.200968
0.148253
0.142800
0.147430
0.142800
0.188177
0.152247
0.142800
0.150673
0.162496
0.229454
0.158977
0.222769
0.142800
0.199099
0.142800
0.142800
0.142800
0.145757
0.142800
0.233016
0.165878
0.142800
0.195747
0.142800
0.142800
0.142800
0.142800
0.201430
0.142800
0.142800
0.142800
0.142800
0.149068
0.142800
0.142800
0.142800
0.142800
0.142800
0.142800
0.153790
0.142800
0.142800
0.142800
0.142800
0.142800
0.142800
0.142800
0.142800
0.142800
0.142800
0.156053
0.142800
0.142800
0.142800
0.142800
0.142800
0.142800
0.142800
0.142800
0.142800
0.142800
0.142800
0.142800
0.142800
0.142800
0.142800
0.142800
0.142800
0.179417
0.232522
0.191779
0.145757
0.167196
0.142800
0.142800
0.142800
0.142800
0.142800
0.155305
0.142800
0.142800
0.142800
0.142800
0.142800
0.142800
0.142800
0.142800
0.142800
0.156793
0.142800
0.142800
0.142800
0.142800
0.142800
0.142800
0.142800
0.142800
0.142800
0.142800
0.142800
0.142800
0.142800
0.160402
0.142800
0.142800
0.142800
0.142800
0.142800
0.142800
0.186059
0.162496
0.153790
0.174720
0.148253
0.142800
0.158977
0.186593
0.158977
0.190763
0.142800
0.142800
0.142800
0.142800
0.142800
0.142800
0.147430
0.142800
0.142800
0.142800
0.142800
0.142800
0.142800
0.142800
0.142800
0.142800
0.142800
0.142800
0.170407
0.142800
0.151464
0.142800
0.142800
0.142800
0.142800
0.142800
0.142800
0.144907
0.142800
0.142800
0.142800
0.142800
0.146598
0.142800
0.142800
0.142800
0.142800
0.142800
0.142800
0.142800
0.142800
0.142800
0.142800
0.142800
0.142800
0.142800
0.142800
0.142800
0.142800
0.142800
0.142800
0.142800
0.142800
0.142800
0.142800
0.142800
0.169136
0.149068
0.149068
0.142800
0.142800
0.142800
0.142800
0.142800
0.142800
0.142800
0.142800
0.149068
0.142800
0.142800
0.142800
0.142800
0.142800
0.142800
0.142800
0.142800
0.142800
0.142800
0.142800
0.142800
0.142800
0.142800
0.142800
0.142800
0.142800
0.142800
0.142800
0.142800
0.142800
0.145757
0.167196
0.142800
0.142800
0.142800
0.142800
0.178265
0.202805
0.198627
0.142800
0.142800
0.142800
0.142800
0.142800
0.142800
0.142800
0.142800
0.142800
0.142800
0.194769
0.142800
0.152247
0.142800
0.142800
0.142800
0.142800
0.142800
0.142800
0.142800
0.149874
0.142800
0.142800
0.142800
0.142800
0.142800
0.142800
0.142800
0.142800
0.142800
0.142800
0.142800
0.142800
0.142800
0.142800
0.142800
0.142800
0.142800
0.142800
0.142800
0.142800
0.142800
0.142800
0.142800
0.142800
0.142800
0.142800
0.142800
0.142800
0.142800
0.142800
0.142800
0.142800
0.142800
0.142800
0.142800
0.142800
0.142800
0.142800
0.142800
0.142800
0.142800
0.142800
0.142800
0.142800
0.212810
0.142800
0.142800
0.142800
0.184983
0.164541
0.142800
0.144907
0.142800
0.159693
0.142800
0.142800
0.142800
0.172280
0.142800
0.142800
0.142800
0.142800
0.142800
0.142800
0.142800
0.142800
0.142800
0.147430
0.148253
0.151464
0.142800
0.142800
0.142800
0.142800
0.142800
0.142800
0.142800
0.142800
0.142800
0.142800
0.142800
0.142800
0.142800
0.142800
0.142800
0.142800
0.142800
0.142800
0.142800
0.142800
0.233716
0.142800
0.142800
0.142800
0.142800
0.142800
0.142800
0.142800
0.142800
0.142800
0.142800
0.142800
0.142800
0.142800
0.142800
0.142800
0.142800
0.142800
0.142800
0.142800
0.142800
0.142800
0.142800
0.142800
0.142800
0.142800
0.142800
0.142800
0.142800
0.143178
0.151464
0.142800
0.142800
0.142800
0.143178
0.153790
0.168494
0.184440
0.174720
0.181682
0.197676
0.142800
0.142800
0.142800
0.142800
0.142800
0.142800
0.142800
0.142800
0.142800
0.142800
0.142800
0.142800
0.142800
0.142800
0.142800
0.142800
0.142800
0.142800
0.142800
0.142800
0.143178
0.142800
0.142800
0.142800
0.142800
0.142800
0.142800
0.142800
0.142800
0.142800
0.142800
0.142800
0.142800
0.142800
0.142800
0.142800
0.142800
0.142800
0.142800
0.142800
0.142800
0.142800
0.142800
0.142800
0.142800
0.149068
0.142800
0.142800
0.142800
0.142800
0.144907
0.142800
0.156793
0.142800
0.142800
0.142800
0.142800
0.142800
0.165878
0.142800
0.142800
0.171035
0.142800
0.142800
0.142800
0.166539
0.142800
0.142800
0.167196
0.142800
0.142800
0.142800
0.142800
0.142800
0.142800
0.142800
0.142800
0.142800
0.142800
0.142800
0.142800
0.142800
0.142800
0.142800
0.151464
0.142800
0.142800
0.142800
0.142800
0.142800
0.142800
0.142800
0.142800
0.142800
0.142800
0.142800
0.142800
0.142800
0.142800
0.142800
0.142800
0.142800
0.142800
0.142800
0.142800
0.142800
0.142800
0.142800
0.142800
0.142800
0.142800
0.142800
0.142800
0.142800
0.142800
0.142800
0.148253
0.150673
0.142800
0.142800
0.142800
0.142800
0.144047
0.142800
0.142800
0.158255
0.142800
0.142800
0.142800
0.142800
0.142800
0.142800
0.142800
0.142800
0.142800
0.142800
0.144907
0.182240
0.149874
0.142800
0.142800
0.142800
0.218095
0.142800
0.142800
0.142800
0.142800
0.142800
0.142800
0.142800
0.142800
0.142800
0.142800
0.142800
0.142800
0.142800
0.142800
0.142800
0.142800
0.142800
0.142800
0.142800
0.142800
0.142800
0.142800
0.142800
0.142800
0.142800
0.144047
0.142800
0.142800
0.142800
0.142800
0.142800
0.142800
0.142800
0.142800
0.142800
0.142800
0.142800
0.142800
0.142800
0.142800
0.161106
0.142800
0.142800
0.152247
0.142800
0.190763
0.147430
0.142800
0.142800
0.178843
0.144907
0.142800
0.143178
0.149068
0.142800
0.156053
0.142800
0.142800
0.179988
0.142800
0.142800
0.142800
0.142800
0.142800
0.142800
0.182795
0.142800
0.142800
0.142800
0.193285
0.142800
0.142800
0.142800
0.142800
0.142800
0.142800
0.142800
0.142800
0.142800
0.142800
0.142800
0.150673
0.153022
0.142800
0.142800
0.142800
0.142800
0.142800
0.142800
0.142800
0.142800
0.142800
0.142800
0.142800
0.142800
0.142800
0.142800
0.142800
0.142800
0.142800
0.142800
0.142800
0.143178
0.142800
0.142800
0.142800
0.142800
0.142800
0.142800
0.142800
0.142800
0.142800
0.142800
0.142800
0.142800
0.142800
0.142800
0.142800
0.142800
0.142800
0.142800
0.142800
0.142800
0.142800
0.142800
0.142800
0.142800
0.142800
0.142800
0.142800
0.142800
0.142800
0.142800
0.142800
0.142800
0.142800
0.142800
0.142800
0.142800
0.142800
0.142800
0.142800
0.142800
0.142800
0.142800
0.142800
0.171035
0.142800
0.142800
0.146598
0.142800
0.142800
0.161106
0.142800
0.142800
0.142800
0.148253
0.142800
0.142800
0.163183
0.142800
0.142800
0.142800
0.142800
0.142800
0.142800
0.142800
0.142800
0.142800
0.142800
0.142800
0.142800
0.149068
0.142800
0.142800
0.142800
0.142800
0.142800
0.142800
0.142800
0.142800
0.142800
0.142800
0.142800
0.142800
0.142800
0.142800
0.142800
0.142800
0.142800
0.142800
0.142800
0.142800
0.142800
0.142800
0.142800
0.142800
0.142800
0.149068
0.144907
0.142800
0.144907
0.142800
0.142800
0.142800
0.142800
0.149068
0.142800
0.142800
0.142800
0.144047
0.142800
0.142800
0.142800
0.142800
0.142800
0.142800
0.142800
0.142800
0.142800
0.142800
0.142800
0.142800
0.142800
0.142800
0.142800
0.142800
0.142800
0.142800
0.178843
0.142800
0.142800
0.142800
0.142800
0.142800
0.142800
0.142800
0.142800
0.142800
0.142800
0.142800
0.142800
0.142800
0.142800
0.167847
0.172280
0.144907
0.158977
0.142800
0.142800
0.153022
0.142800
0.142800
0.142800
0.154551
0.142800
0.142800
0.142800
0.142800
0.173508
0.142800
0.142800
0.142800
0.142800
0.142800
0.142800
0.142800
0.152247
0.142800
0.150673
0.142800
0.142800
0.191272
0.142800
0.142800
0.142800
0.142800
0.142800
0.142800
0.142800
0.142800
0.142800
0.142800
0.142800
0.142800
0.144907
0.142800
0.142800
0.142800
0.142800
0.142800
0.142800
0.142800
0.145757
0.142800
0.142800
0.142800
0.142800
0.142800
0.142800
0.142800
0.142800
0.142800
0.142800
0.145757
0.142800
0.142800
0.142800
0.142800
0.142800
0.142800
0.142800
0.142800
0.142800
0.156053
0.142800
0.142800
0.142800
0.142800
0.142800
0.142800
0.142800
0.142800
0.149874
0.152247
0.142800
0.142800
0.142800
0.142800
0.142800
0.142800
0.158255
0.142800
0.142800
0.142800
0.142800
0.142800
0.142800
0.144907
0.142800
0.142800
0.142800
0.142800
0.142800
0.142800
0.142800
0.154551
0.147430
0.152247
0.149068
0.142800
0.142800
0.142800
0.142800
0.142800
0.142800
0.142800
0.142800
0.142800
0.142800
0.142800
0.142800
0.142800
0.142800
0.142800
0.142800
0.142800
0.142800
0.142800
0.142800
0.142800
0.142800
0.142800
0.142800
0.142800
0.142800
0.142800
0.142800
0.142800
0.142800
0.142800
0.142800
0.142800
0.142800
0.142800
0.154551
0.142800
0.142800
0.142800
0.142800
0.142800
0.142800
0.142800
0.142800
0.142800
0.142800
0.142800
0.142800
0.142800
0.142800
0.142800
0.142800
0.142800
0.142800
0.142800
0.175320
0.142800
0.142800
0.149068
0.142800
0.142800
0.142800
0.142800
0.142800
0.142800
0.142800
0.143178
0.142800
0.142800
0.142800
0.142800
0.142800
0.142800
0.142800
0.142800
0.180556
0.142800
0.142800
0.142800
0.142800
0.142800
0.142800
0.142800
0.142800
0.142800
0.142800
0.142800
0.142800
0.142800
0.142800
0.142800
0.142800
0.142800
0.142800
0.142800
0.142800
0.142800
0.174116
0.163183
0.149068
0.142800
0.142800
0.142800
0.142800
0.142800
0.142800
0.142800
0.142800
0.142800
0.142800
0.142800
0.142800
0.142800
0.142800
0.142800
0.142800
0.192786
0.142800
0.142800
0.142800
0.142800
0.142800
0.142800
0.142800
0.142800
0.142800
0.142800
0.142800
0.142800
0.142800
0.142800
0.142800
0.142800
0.142800
0.142800
0.142800
0.142800
0.142800
0.142800
0.142800
0.144907
0.142800
0.149874
0.142800
0.142800
0.142800
0.142800
0.142800
0.142800
0.142800
0.142800
0.142800
0.149068
0.152247
0.172896
0.142800
0.142800
0.142800
0.142800
0.142800
0.142800
0.142800
0.142800
0.142800
0.142800
0.142800
0.142800
0.142800
0.142800
0.142800
0.142800
0.168494
0.142800
0.142800
0.142800
0.142800
0.142800
0.142800
0.158255
0.142800
0.142800
0.142800
0.142800
0.142800
0.142800
0.142800
0.142800
0.165212
0.215686
0.142800
0.142800
0.142800
0.142800
0.223910
0.216897
0.174720
0.142800
0.142800
0.175320
0.142800
0.142800
0.162496
0.142800
0.160402
0.142800
0.160402
0.142800
0.142800
0.142800
0.142800
0.142800
0.142800
0.142800
0.142800
0.146598
0.142800
0.142800
0.142800
0.142800
0.142800
0.142800
0.142800
0.142800
0.142800
0.142800
0.142800
0.142800
0.142800
0.142800
0.142800
0.142800
0.142800
0.142800
0.142800
0.142800
0.142800
0.142800
0.142800
0.142800
0.142800
0.142800
0.142800
0.142800
0.142800
0.142800
0.142800
0.142800
0.142800
0.142800
0.142800
0.142800
0.142800
0.142800
0.142800
0.144907
0.169136
0.151464
0.142800
0.142800
0.142800
0.142800
0.142800
0.158977
0.142800
0.142800
0.142800
0.178843
0.161106
0.142800
0.142800
0.142800
0.142800
0.142800
0.142800
0.142800
0.211133
0.149874
0.142800
0.142800
0.144047
0.142800
0.142800
0.153022
0.142800
0.142800
0.142800
0.142800
0.142800
0.142800
0.142800
0.142800
0.142800
0.157528
0.142800
0.142800
0.142800
0.142800
0.142800
0.160402
0.142800
0.142800
0.142800
0.142800
0.142800
0.161106
0.142800
0.167196
0.161106
0.142800
0.142800
0.142800
0.142800
0.142800
0.142800
0.144047
0.142800
0.142800
0.144047
0.142800
0.142800
0.142800
0.142800
0.142800
0.142800
0.156793
0.142800
0.142800
0.142800
0.142800
0.142800
0.142800
0.156053
0.142800
0.142800
0.142800
0.142800
0.142800
0.142800
0.142800
0.142800
0.144907
0.147430
0.142800
0.142800
0.142800
0.142800
0.142800
0.142800
0.142800
0.158977
0.142800
0.142800
0.142800
0.142800
0.170407
0.235449
0.142800
0.142800
0.142800
0.142800
0.142800
0.142800
0.142800
0.142800
0.142800
0.142800
0.142800
0.142800
0.142800
0.142800
0.142800
0.142800
0.142800
0.142800
0.142800
0.142800
0.142800
0.142800
0.142800
0.142800
0.142800
0.142800
0.158977
0.142800
0.142800
0.147430
0.236819
0.142800
0.241171
0.142800
0.142800
0.142800
0.142800
0.158977
0.142800
0.142800
0.142800
0.142800
0.142800
0.142800
0.142800
0.142800
0.142800
0.142800
0.142800
0.142800
0.142800
0.142800
0.142800
0.142800
0.167196
0.142800
0.142800
0.142800
0.142800
0.154551
0.142800
0.147430
0.142800
0.142800
0.142800
0.142800
0.142800
0.142800
0.142800
0.142800
0.142800
0.142800
0.142800
0.142800
0.142800
0.142800
0.142800
0.142800
0.142800
0.142800
0.142800
0.142800
0.142800
0.142800
0.142800
0.142800
0.142800
0.142800
0.165878
0.142800
0.142800
0.142800
0.142800
0.225413
0.142800
0.142800
0.142800
0.142800
0.163183
0.142800
0.142800
0.142800
0.142800
0.142800
0.142800
0.144047
0.184440
0.144047
0.142800
0.142800
0.142800
0.149068
0.142800
0.142800
0.142800
0.142800
0.142800
0.153022
0.166539
0.142800
0.142800
0.142800
0.142800
0.153790
0.142800
0.142800
0.158255
0.142800
0.147430
0.142800
0.142800
0.142800
0.158255
0.147430
0.142800
0.142800
0.142800
0.142800
0.142800
0.142800
0.142800
0.142800
0.142800
0.142800
0.142800
0.142800
0.142800
0.142800
0.142800
0.142800
0.142800
0.163865
0.142800
0.142800
0.142800
0.142800
0.142800
0.158977
0.142800
0.142800
0.142800
0.142800
0.142800
0.151464
0.158977
0.142800
0.180556
0.142800
0.142800
0.142800
0.142800
0.142800
0.142800
0.142800
0.178843
0.142800
0.142800
0.142800
0.142800
0.142800
0.142800
0.142800
0.166539
0.142800
0.142800
0.142800
0.178265
0.142800
0.142800
0.142800
0.142800
0.142800
0.143178
0.144047
0.142800
0.142800
0.142800
0.142800
0.142800
0.142800
0.142800
0.142800
0.142800
0.142800
0.142800
0.142800
0.142800
0.142800
0.142800
0.142800
0.142800
0.142800
0.142800
0.167847
0.149874
0.142800
0.142800
0.165212
0.158977
0.142800
0.142800
0.143178
0.224287
0.203712
0.142800
0.157528
0.142800
0.149068
0.142800
0.142800
0.142800
0.191272
0.142800
0.142800
0.142800
0.142800
0.142800
0.142800
0.142800
0.142800
0.142800
0.142800
0.142800
0.142800
0.145757
0.142800
0.142800
0.142800
0.142800
0.142800
0.142800
0.142800
0.142800
0.142800
0.142800
0.142800
0.142800
0.142800
0.142800
0.155305
0.148253
0.142800
0.142800
0.142800
0.142800
0.142800
0.148253
0.142800
0.142800
0.142800
0.142800
0.142800
0.142800
0.142800
0.142800
0.149874
0.142800
0.142800
0.142800
0.142800
0.158977
0.142800
0.163865
0.142800
0.142800
0.142800
0.142800
0.142800
0.142800
0.142800
0.142800
0.209859
0.142800
0.142800
0.142800
0.142800
0.142800
0.142800
0.142800
0.142800
0.142800
0.142800
0.142800
0.142800
0.142800
0.142800
0.159693
0.143178
0.181682
0.142800
0.142800
0.158255
0.142800
0.153790
0.142800
0.142800
0.146598
0.219674
0.153790
0.142800
0.142800
0.142800
0.165878
0.156793
0.165212
0.142800
0.153790
0.142800
0.142800
0.142800
0.171660
0.142800
0.142800
0.142800
0.142800
0.151464
0.142800
0.144907
0.153022
0.150673
0.142800
0.152247
0.142800
0.160402
0.143178
0.142800
0.171660
0.142800
0.142800
0.148253
0.142800
0.142800
0.142800
0.142800
0.167847
0.142800
0.146598
0.142800
0.142800
0.142800
0.149068
0.147430
0.194769
0.142800
0.142800
0.155305
0.177683
0.149068
0.160402
0.142800
0.144047
0.179988
0.165878
0.142800
0.142800
0.142800
0.149068
0.143178
0.144047
0.142800
0.174116
0.180556
0.169774
0.143178
0.142800
0.142800
0.142800
0.142800
0.165878
0.153790
0.142800
0.142800
0.156053
0.142800
0.170407
0.157528
0.142800
0.142800
0.142800
0.146598
0.142800
0.142800
0.149874
0.142800
0.142800
0.142800
0.142800
0.142800
0.142800
0.142800
0.142800
0.142800
0.142800
0.142800
0.142800
0.142800
0.142800
0.142800
0.142800
0.142800
0.142800
0.142800
0.142800
0.142800
0.142800
0.142800
0.142800
0.142800
0.142800
0.142800
0.207703
0.142800
0.145757
0.201430
0.142800
0.192786
0.149068
0.175320
0.162496
0.174116
0.166539
0.178265
0.142800
0.190251
0.142800
0.182240
0.142800
0.191272
0.142800
0.142800
0.142800
0.150673
0.142800
0.169774
0.142800
0.142800
0.150673
0.142800
0.143178
0.161106
0.142800
0.142800
0.142800
0.142800
0.142800
0.142800
0.142800
0.142800
0.142800
0.142800
0.142800
0.142800
0.144047
0.142800
0.142800
0.142800
0.204163
0.142800
0.142800
0.142800
0.142800
0.142800
0.142800
0.142800
0.142800
0.142800
0.142800
0.142800
0.215686
0.142800
0.142800
0.142800
0.187651
0.163183
0.241500
0.142800
0.142800
0.153022
0.142800
0.142800
0.142800
0.142800
0.142800
0.142800
0.142800
0.142800
0.142800
0.142800
0.142800
0.142800
0.142800
0.142800
0.142800
0.142800
0.142800
0.142800
0.142800
0.142800
0.142800
0.154551
0.142800
0.142800
0.142800
0.142800
0.142800
0.154551
0.142800
0.146598
0.142800
0.142800
0.142800
0.159693
0.142800
0.142800
0.142800
0.142800
0.142800
0.142800
0.142800
0.142800
0.142800
0.142800
0.142800
0.142800
0.142800
0.142800
0.142800
0.165878
0.142800
0.142800
0.142800
0.142800
0.142800
0.142800
0.142800
0.142800
0.142800
0.142800
0.142800
0.142800
0.146598
0.142800
0.142800
0.142800
0.143178
0.142800
0.142800
0.142800
0.142800
0.142800
0.142800
0.142800
0.142800
0.142800
0.142800
0.142800
0.142800
0.142800
0.142800
0.142800
0.142800
0.142800
0.142800
0.142800
0.142800
0.142800
0.142800
0.142800
0.142800
0.142800
0.142800
0.142800
0.142800
0.142800
0.142800
0.142800
0.142800
0.142800
0.142800
0.142800
0.142800
0.142800
0.142800
0.142800
0.142800
0.142800
0.142800
0.142800
0.142800
0.142800
0.142800
0.142800
0.142800
0.142800
0.142800
0.142800
0.142800
0.142800
0.142800
0.156053
0.183346
0.162496
0.142800
0.149068
0.142800
0.142800
0.142800
0.196716
0.160402
0.142800
0.142800
0.142800
0.147430
0.142800
0.168494
0.142800
0.142800
0.142800
0.142800
0.142800
0.142800
0.142800
0.142800
0.142800
0.142800
0.142800
0.142800
0.142800
0.142800
0.142800
0.142800
0.142800
0.142800
0.142800
0.142800
0.142800
0.155305
0.142800
0.142800
0.142800
0.142800
0.142800
0.142800
0.142800
0.142800
0.161804
0.163865
0.164541
0.153790
0.189736
0.223531
0.193782
0.142800
0.142800
0.142800
0.158255
0.142800
0.142800
0.142800
0.142800
0.173508
0.142800
0.142800
0.142800
0.142800
0.142800
0.146598
0.142800
0.142800
0.142800
0.160402
0.142800
0.142800
0.158977
0.150673
0.154551
0.142800
0.142800
0.142800
0.142800
0.150673
0.169774
0.142800
0.170407
0.162496
0.142800
0.146598
0.142800
0.142800
0.142800
0.172280
0.173508
0.181121
0.174720
0.178843
0.142800
0.142800
0.144047
0.142800
0.145757
0.142800
0.142800
0.142800
0.142800
0.142800
0.142800
0.142800
0.142800
0.142800
0.142800
0.142800
0.146598
0.156053
0.142800
0.142800
0.142800
0.142800
0.142800
0.142800
0.142800
0.142800
0.142800
0.142800
0.142800
0.142800
0.142800
0.142800
0.142800
0.142800
0.142800
0.142800
0.142800
0.142800
0.142800
0.142800
0.142800
0.142800
0.142800
0.142800
0.156793
0.156053
0.142800
0.142800
0.142800
0.142800
0.142800
0.142800
0.142800
0.150673
0.142800
0.142800
0.142800
0.142800
0.142800
0.142800
0.142800
0.142800
0.142800
0.142800
0.142800
0.230175
0.142800
0.153022
0.142800
0.142800
0.142800
0.142800
0.142800
0.142800
0.142800
0.143178
0.142800
0.177683
0.142800
0.142800
0.156793
0.142800
0.162496
0.142800
0.177683
0.145757
0.142800
0.142800
0.142800
0.142800
0.142800
0.161106
0.142800
0.142800
0.142800
0.142800
0.146598
0.142800
0.161106
0.142800
0.142800
0.142800
0.142800
0.142800
0.142800
0.142800
0.142800
0.142800
0.142800
0.142800
0.142800
0.142800
0.142800
0.142800
0.142800
0.142800
0.142800
0.142800
0.142800
0.142800
0.142800
0.149068
0.142800
0.142800
0.142800
0.156793
0.142800
0.142800
0.142800
0.142800
0.142800
0.142800
0.142800
0.142800
0.148253
0.142800
0.142800
0.142800
0.142800
0.142800
0.142800
0.142800
0.142800
0.142800
0.142800
0.142800
0.142800
0.142800
0.142800
0.142800
0.142800
0.142800
0.142800
0.142800
0.147430
0.142800
0.142800
0.142800
0.142800
0.142800
0.142800
0.163183
0.142800
0.142800
0.142800
0.142800
0.142800
0.142800
0.142800
0.146598
0.142800
0.142800
0.142800
0.142800
0.142800
0.235817
0.142800
0.142800
0.142800
0.142800
0.157528
0.214051
0.172280
0.171660
0.142800
0.148253
0.177098
0.149874
0.142800
0.142800
0.149068
0.142800
0.142800
0.142800
0.142800
0.160402
0.144907
0.142800
0.142800
0.142800
0.142800
0.142800
0.142800
0.142800
0.142800
0.142800
0.142800
0.142800
0.156793
0.142800
0.142800
0.163865
0.158255
0.152247
0.142800
0.142800
0.142800
0.166539
0.183346
0.142800
0.142800
0.150673
0.167847
0.194769
0.167196
0.156053
0.142800
0.167847
0.142800
0.142800
0.142800
0.142800
0.142800
0.142800
0.142800
0.142800
0.208570
0.142800
0.142800
0.142800
0.176509
0.151464
0.177098
0.142800
0.142800
0.142800
0.142800
0.142800
0.142800
0.142800
0.142800
0.142800
0.148253
0.142800
0.146598
0.142800
0.142800
0.142800
0.142800
0.142800
0.142800
0.142800
0.142800
0.142800
0.142800
0.154551
0.144907
0.142800
0.142800
0.146598
0.167196
0.148253
0.142800
0.142800
0.142800
0.142800
0.142800
0.142800
0.142800
0.142800
0.146598
0.142800
0.142800
0.142800
0.142800
0.142800
0.142800
0.144047
0.142800
0.142800
0.142800
0.142800
0.142800
0.142800
0.142800
0.142800
0.142800
0.142800
0.142800
0.142800
0.142800
0.149874
0.142800
0.142800
0.198627
0.142800
0.142800
0.142800
0.142800
0.142800
0.142800
0.142800
0.142800
0.142800
0.142800
0.142800
0.142800
0.142800
0.142800
0.142800
0.142800
0.142800
0.142800
0.142800
0.151464
0.142800
0.145757
0.142800
0.142800
0.142800
0.142800
0.142800
0.142800
0.151464
0.142800
0.142800
0.180556
0.149874
0.142800
0.150673
0.156053
0.167196
0.142800
0.142800
0.161106
0.142800
0.159693
0.142800
0.142800
0.142800
0.169136
0.187123
0.156793
0.146598
0.155305
0.142800
0.211133
0.145757
0.155305
0.142800
0.147430
0.146598
0.146598
0.182795
0.190763
0.149068
0.143178
0.190251
0.153022
0.142800
0.142800
0.152247
0.213639
0.179417
0.142800
0.150673
0.163183
0.174720
0.142800
0.161804
0.153790
0.142800
0.142800
0.142800
0.174116
0.142800
0.142800
0.142800
0.142800
0.142800
0.142800
0.142800
0.142800
0.142800
0.142800
0.142800
0.142800
0.142800
0.142800
0.142800
0.142800
0.142800
0.142800
0.142800
0.142800
0.142800
0.142800
0.142800
0.142800
0.142800
0.142800
0.142800
0.142800
0.142800
0.142800
0.142800
0.142800
0.142800
0.142800
0.142800
0.142800
0.142800
0.142800
0.142800
0.142800
0.142800
0.142800
0.142800
0.142800
0.142800
0.142800
0.142800
0.144907
0.149874
0.142800
0.142800
0.142800
0.142800
0.142800
0.142800
0.142800
0.142800
0.142800
0.142800
0.142800
0.142800
0.142800
0.142800
0.142800
0.142800
0.142800
0.142800
0.142800
0.142800
0.142800
0.142800
0.145757
0.142800
0.142800
0.142800
0.142800
0.142800
0.142800
0.142800
0.144047
0.142800
0.228730
0.142800
0.142800
0.169136
0.157528
0.142800
0.142800
0.143178
0.142800
0.142800
0.186059
0.142800
0.142800
0.144047
0.142800
0.143178
0.142800
0.161804
0.142800
0.171660
0.156053
0.231248
0.142800
0.142800
0.142800
0.142800
0.143178
0.153022
0.142800
0.163183
0.142800
0.142800
0.142800
0.142800
0.142800
0.142800
0.142800
0.142800
0.142800
0.142800
0.147430
0.142800
0.142800
0.142800
0.142800
0.142800
0.142800
0.142800
0.142800
0.163183
0.142800
0.156793
0.142800
0.142800
0.162496
0.142800
0.148253
0.151464
0.152247
0.142800
0.144047
0.146598
0.142800
0.147430
0.161804
0.155305
0.142800
0.142800
0.144907
0.142800
0.145757
0.142800
0.154551
0.158255
0.163865
0.163183
0.166539
0.142800
0.142800
0.142800
0.143178
0.142800
0.142800
0.142800
0.142800
0.160402
0.183895
0.188699
0.183346
0.178843
0.165878
0.169136
0.142800
0.184195
0.142800
0.142800
0.144047
0.142800
0.142800
0.218190
0.142800
0.165878
0.168494
0.163183
0.187651
0.161804
0.183346
0.231442
0.238511
0.142800
0.142800
0.142800
0.142800
0.142800
0.142800
0.205947
0.142800
0.142800
0.142800
0.142800
0.142800
0.142800
0.142800
0.142800
0.142800
0.142800
0.184983
0.142800
0.142800
0.142800
0.142800
0.142800
0.142800
0.142800
0.142800
0.142800
0.142800
0.142800
0.142800
0.142800
0.142800
0.142800
0.142800
0.142800
0.142800
0.142800
0.149068
0.142800
0.142800
0.142800
0.142800
0.142800
0.142800
0.142800
0.142800
0.142800
0.142800
0.142800
0.142800
0.143178
0.142800
0.142800
0.142800
0.157528
0.142800
0.142800
0.142800
0.142800
0.142800
0.142800
0.142800
0.142800
0.142800
0.142800
0.142800
0.158977
0.142800
0.149068
0.147430
0.142800
0.142800
0.142800
0.142800
0.142800
0.142800
0.142800
0.142800
0.142800
0.142800
0.142800
0.142800
0.142800
0.142800
0.153790
0.142800
0.144907
0.151464
0.167847
0.142800
0.142800
0.142800
0.188177
0.142800
0.142800
0.142800
0.142800
0.142800
0.142800
0.144047
0.166539
0.173508
0.142800
0.142800
0.142800
0.142800
0.142800
0.143178
0.142800
0.144047
0.142800
0.142800
0.142800
0.142800
0.172280
0.158977
0.142800
0.142800
0.142800
0.142800
0.142800
0.142800
0.142800
0.142800
0.142800
0.142800
0.142800
0.142800
0.142800
0.142800
0.142800
0.142800
0.142800
0.142800
0.142800
0.201891
0.142800
0.142800
0.142800
0.142800
0.142800
0.142800
0.142800
0.142800
0.142800
0.142800
0.142800
0.142800
0.142800
0.142800
0.142800
0.142800
0.142800
0.142800
0.154551
0.153790
0.142800
0.142800
0.153022
0.142800
0.142800
0.143178
0.142800
0.142800
0.142800
0.142800
0.142800
0.142800
0.142800
0.159693
0.174116
0.142800
0.149068
0.142800
0.142800
0.142800
0.142800
0.142800
0.142800
0.156053
0.142800
0.142800
0.142800
0.142800
0.142800
0.142800
0.142800
0.142800
0.142800
0.142800
0.142800
0.142800
0.142800
0.142800
0.142800
0.142800
0.142800
0.142800
0.142800
0.142800
0.142800
0.142800
0.142800
0.203260
0.142800
0.142800
0.148253
0.142800
0.142800
0.142800
0.179417
0.142800
0.142800
0.142800
0.142800
0.142800
0.142800
0.142800
0.142800
0.142800
0.142800
0.142800
0.142800
0.142800
0.142800
0.142800
0.142800
0.142800
0.142800
0.142800
0.142800
0.142800
0.142800
0.142800
0.142800
0.142800
0.142800
0.142800
0.142800
0.142800
0.142800
0.142800
0.142800
0.142800
0.142800
0.142800
0.142800
0.142800
0.142800
0.142800
0.142800
0.142800
0.142800
0.142800
0.142800
0.142800
0.142800
0.169774
0.142800
0.142800
0.142800
0.142800
0.143178
0.142800
0.167196
0.142800
0.142800
0.142800
0.142800
0.142800
0.142800
0.142800
0.154551
0.142800
0.142800
0.142800
0.142800
0.142800
0.142800
0.177683
0.148253
0.142800
0.142800
0.142800
0.144047
0.142800
0.142800
0.144047
0.142800
0.168494
0.142800
0.142800
0.142800
0.142800
0.142800
0.142800
0.142800
0.142800
0.144047
0.142800
0.142800
0.142800
0.142800
0.142800
0.142800
0.142800
0.142800
0.142800
0.142800
0.142800
0.142800
0.142800
0.142800
0.142800
0.142800
0.159693
0.142800
0.142800
0.142800
0.142800
0.142800
0.158977
0.142800
0.159693
0.153790
0.151464
0.161106
0.142800
0.192284
0.142800
0.153022
0.142800
0.142800
0.142800
0.142800
0.142800
0.151464
0.142800
0.142800
0.142800
0.153022
0.158255
0.142800
0.142800
0.142800
0.142800
0.142800
0.142800
0.142800
0.142800
0.144907
0.168494
0.142800
0.171035
0.142800
0.144907
0.142800
0.142800
0.142800
0.200968
0.142800
0.146598
0.142800
0.142800
0.142800
0.142800
0.142800
0.142800
0.142800
0.142800
0.142800
0.142800
0.142800
0.142800
0.142800
0.142800
0.142800
0.142800
0.211555
0.142800
0.142800
0.146598
0.143178
0.142800
0.142800
0.142800
0.142800
0.142800
0.142800
0.142800
0.142800
0.217697
0.142800
0.142800
0.142800
0.142800
0.142800
0.142800
0.142800
0.142800
0.142800
0.144907
0.142800
0.142800
0.142800
0.142800
0.142800
0.142800
0.213225
0.142800
0.142800
0.175916
0.174116
0.142800
0.142800
0.142800
0.142800
0.142800
0.142800
0.142800
0.142800
0.152247
0.142800
0.142800
0.142800
0.142800
0.142800
0.142800
0.142800
0.142800
0.142800
0.142800
0.142800
0.149068
0.155305
0.158255
0.142800
0.142800
0.142800
0.142800
0.142800
0.146598
0.146598
0.142800
0.142800
0.142800
0.142800
0.142800
0.142800
0.149874
0.144907
0.142800
0.142800
0.142800
0.142800
0.142800
0.142800
0.142800
0.142800
0.142800
0.155305
0.142800
0.142800
0.145757
0.142800
0.142800
0.142800
0.142800
0.142800
0.142800
0.142800
0.142800
0.142800
0.142800
0.142800
0.150673
0.158977
0.142800
0.150673
0.142800
0.142800
0.142800
0.142800
0.142800
0.144047
0.142800
0.142800
0.142800
0.151464
0.153022
0.158255
0.142800
0.142800
0.142800
0.142800
0.142800
0.142800
0.142800
0.156793
0.142800
0.142800
0.142800
0.142800
0.153022
0.142800
0.142800
0.142800
0.142800
0.142800
0.142800
0.142800
0.142800
0.142800
0.142800
0.142800
0.142800
0.142800
0.142800
0.149874
0.142800
0.142800
0.142800
0.142800
0.142800
0.142800
0.142800
0.142800
0.142800
0.142800
0.142800
0.142800
0.142800
0.142800
0.142800
0.142800
0.142800
0.142800
0.142800
0.142800
0.142800
0.142800
0.142800
0.142800
0.142800
0.142800
0.142800
0.142800
0.142800
0.142800
0.142800
0.142800
0.142800
0.142800
0.142800
0.142800
0.142800
0.142800
0.142800
0.142800
0.142800
0.142800
0.142800
0.154551
0.142800
0.142800
0.142800
0.142800
0.142800
0.142800
0.142800
0.142800
0.142800
0.142800
0.142800
0.142800
0.144047
0.142800
0.142800
0.142800
0.143178
0.142800
0.144047
0.142800
0.142800
0.142800
0.142800
0.142800
0.142800
0.142800
0.144907
0.142800
0.142800
0.142800
0.142800
0.142800
0.142800
0.142800
0.142800
0.142800
0.142800
0.142800
0.142800
0.142800
0.158977
0.142800
0.142800
0.142800
0.142800
0.142800
0.142800
0.142800
0.142800
0.149874
0.142800
0.142800
0.146598
0.142800
0.142800
0.152247
0.155305
0.142800
0.142800
0.142800
0.142800
0.142800
0.142800
0.142800
0.146598
0.142800
0.142800
0.142800
0.142800
0.174116
0.179988
0.142800
0.142800
0.161804
0.142800
0.142800
0.166539
0.142800
0.160402
0.153022
0.142800
0.142800
0.142800
0.147430
0.142800
0.142800
0.142800
0.142800
0.142800
0.142800
0.142800
0.142800
0.142800
0.142800
0.142800
0.142800
0.142800
0.142800
0.142800
0.142800
0.142800
0.153022
0.142800
0.142800
0.142800
0.142800
0.142800
0.142800
0.142800
0.142800
0.142800
0.142800
0.142800
0.142800
0.152247
0.172280
0.174720
0.149068
0.159693
0.142800
0.142800
0.142800
0.142800
0.153790
0.168494
0.142800
0.142800
0.142800
0.142800
0.170407
0.175320
0.181121
0.171035
0.142800
0.142800
0.159693
0.175320
0.203260
0.142800
0.142800
0.142800
0.142800
0.157528
0.145757
0.142800
0.142800
0.155305
0.220455
0.227212
0.238061
0.236934
0.142800
0.181121
0.142800
0.146598
0.142800
0.142800
0.169774
0.163183
0.142800
0.142800
0.142800
0.142800
0.142800
0.142800
0.142800
0.142800
0.142800
0.142800
0.142800
0.142800
0.142800
0.142800
0.142800
0.142800
0.142800
0.142800
0.142800
0.142800
0.142800
0.142800
0.142800
0.142800
0.142800
0.142800
0.169136
0.142800
0.142800
0.142800
0.142800
0.142800
0.142800
0.158255
0.142800
0.150673
0.152247
0.142800
0.142800
0.142800
0.142800
0.142800
0.142800
0.142800
0.168494
0.142800
0.142800
0.142800
0.159693
0.142800
0.183895
0.142800
0.147430
0.142800
0.142800
0.142800
0.142800
0.142800
0.142800
0.145757
0.161106
0.142800
0.142800
0.142800
0.142800
0.142800
0.142800
0.164541
0.169774
0.142800
0.142800
0.142800
0.142800
0.142800
0.142800
0.142800
0.142800
0.142800
0.142800
0.142800
0.142800
0.151464
0.142800
0.150673
0.142800
0.142800
0.142800
0.142800
0.142800
0.142800
0.142800
0.163865
0.142800
0.142800
0.142800
0.142800
0.142800
0.142800
0.142800
0.142800
0.142800
0.142800
0.149874
0.142800
0.142800
0.142800
0.142800
0.142800
0.142800
0.142800
0.142800
0.142800
0.142800
0.142800
0.142800
0.142800
0.142800
0.142800
0.142800
0.142800
0.142800
0.142800
0.142800
0.142800
0.142800
0.191272
0.142800
0.142800
0.142800
0.150673
0.142800
0.142800
0.142800
0.142800
0.142800
0.142800
0.159693
0.142800
0.144047
0.179988
0.144907
0.177098
0.142800
0.142800
0.142800
0.151464
0.166539
0.156793
0.142800
0.142800
0.142800
0.142800
0.163183
0.149874
0.183346
0.142800
0.142800
0.142800
0.142800
0.142800
0.142800
0.142800
0.152247
0.142800
0.142800
0.142800
0.142800
0.142800
0.142800
0.142800
0.142800
0.142800
0.142800
0.142800
0.142800
0.142800
0.169136
0.142800
0.142800
0.154551
0.142800
0.149068
0.142800
0.142800
0.145757
0.142800
0.142800
0.142800
0.142800
0.169136
0.168494
0.215279
0.144047
0.142800
0.142800
0.153790
0.142800
0.142800
0.142800
0.153790
0.142800
0.142800
0.142800
0.142800
0.142800
0.160402
0.142800
0.158255
0.142800
0.142800
0.172280
0.142800
0.142800
0.142800
0.142800
0.142800
0.142800
0.142800
0.142800
0.223910
0.142800
0.142800
0.142800
0.142800
0.151464
0.142800
0.142800
0.142800
0.142800
0.225413
0.142800
0.142800
0.142800
0.142800
0.142800
0.142800
0.142800
0.142800
0.179988
0.142800
0.156045
0.142800
0.142800
0.142800
0.142800
0.142800
0.142800
0.142800
0.165878
0.201430
0.142800
0.153790
0.185522
0.166539
0.142800
0.162602
0.228256
0.209431
0.155305
0.187651
0.237837
0.142800
0.147430
0.203260
0.207703
0.167196
0.162496
0.147430
0.179988
0.142800
0.220065
0.203712
0.142800
0.237837
0.142800
0.150673
0.142800
0.142800
0.142800
0.145757
0.142800
0.158977
0.142800
0.142800
0.142800
0.142800
0.142800
0.142800
0.142800
0.142800
0.142800
0.142800
0.142800
0.142800
0.142800
0.167196
0.143178
0.142800
0.142800
0.142800
0.142800
0.142800
0.142800
0.167847
0.142800
0.142800
0.142800
0.142800
0.142800
0.142800
0.142800
0.142800
0.142800
0.161106
0.161106
0.142800
0.142800
0.142800
0.142800
0.161804
0.147430
0.142800
0.142800
0.142800
0.142800
0.142800
0.142800
0.142800
0.142800
0.142800
0.142800
0.142800
0.142800
0.142800
0.142800
0.142800
0.142800
0.142800
0.151464
0.142800
0.153022
0.142800
0.142800
0.142800
0.142800
0.142800
0.144047
0.149068
0.142800
0.142800
0.142800
0.142800
0.142800
0.142800
0.142800
0.142800
0.142800
0.142800
0.142800
0.142800
0.155305
0.154551
0.156793
0.142800
0.142800
0.142800
0.142800
0.142800
0.142800
0.149068
0.142800
0.142800
0.142800
0.149874
0.142800
0.142800
0.142800
0.142800
0.142800
0.142800
0.142800
0.142800
0.142800
0.142800
0.151464
0.142800
0.142800
0.142800
0.142800
0.142800
0.142800
0.142800
0.142800
0.142800
0.142800
0.142800
0.142800
0.142800
0.142800
0.142800
0.142800
0.142800
0.142800
0.142800
0.176509
0.142800
0.142800
0.142800
0.142800
0.142800
0.142800
0.142800
0.142800
0.142800
0.142800
0.142800
0.142800
0.142800
0.161106
0.142800
0.142800
0.142800
0.142800
0.142800
0.142800
0.142800
0.142800
0.142800
0.142800
0.142800
0.142800
0.142800
0.142800
0.142800
0.142800
0.142800
0.157528
0.142800
0.142800
0.157528
0.142800
0.142800
0.142800
0.142800
0.178265
0.145757
0.148253
0.142800
0.165878
0.142800
0.142800
0.142800
0.142800
0.142800
0.142800
0.144047
0.142800
0.142800
0.178265
0.164541
0.142800
0.142800
0.142800
0.142800
0.142800
0.142800
0.142800
0.142800
0.156793
0.142800
0.142800
0.142800
0.142800
0.144907
0.142800
0.177098
0.142800
0.142800
0.142800
0.142800
0.142800
0.159693
0.142800
0.142800
0.142800
0.142800
0.142800
0.142800
0.174116
0.142800
0.142800
0.152247
0.142800
0.200038
0.147430
0.142800
0.142800
0.142800
0.142800
0.142800
0.142800
0.179417
0.142800
0.142800
0.142800
0.142800
0.142800
0.142800
0.142800
0.155305
0.142800
0.142800
0.142800
0.142800
0.142800
0.142800
0.142800
0.142800
0.142800
0.142800
0.142800
0.142800
0.157528
0.142800
0.142800
0.142800
0.142800
0.142800
0.142800
0.142800
0.142800
0.142800
0.142800
0.142800
0.142800
0.142800
0.142800
0.142800
0.142800
0.142800
0.142800
0.142800
0.142800
0.142800
0.142800
0.142800
0.142800
0.142800
0.142800
0.172280
0.142800
0.142800
0.142800
0.142800
0.142800
0.164541
0.142800
0.142800
0.142800
0.142800
0.142800
0.142800
0.142800
0.142800
0.142800
0.142800
0.142800
0.142800
0.142800
0.142800
0.142800
0.147430
0.142800
0.142800
0.142800
0.142800
0.142800
0.142800
0.142800
0.142800
0.142800
0.142800
0.142800
0.142800
0.142800
0.142800
0.142800
0.144907
0.142800
0.142800
0.142800
0.142800
0.142800
0.165212
0.147430
0.144047
0.146598
0.142800
0.142800
0.142800
0.142800
0.142800
0.142800
0.142800
0.142800
0.179988
0.186059
0.149068
0.181682
0.142800
0.142800
0.173508
0.142800
0.142800
0.142800
0.182240
0.142800
0.142800
0.142800
0.142800
0.142800
0.156793
0.142800
0.142800
0.142800
0.193285
0.142800
0.142800
0.142800
0.142800
0.142800
0.142800
0.142800
0.142800
0.158977
0.142800
0.142800
0.142800
0.142800
0.142800
0.142800
0.142800
0.145757
0.142800
0.142800
0.142800
0.142800
0.142800
0.142800
0.150673
0.142800
0.161106
0.142800
0.142800
0.142800
0.163865
0.163183
0.142800
0.163865
0.142800
0.142800
0.142800
0.142800
0.142800
0.142800
0.142800
0.142800
0.142800
0.142800
0.142800
0.174720
0.142800
0.142800
0.142800
0.142800
0.142800
0.142800
0.142800
0.142800
0.142800
0.142800
0.142800
0.142800
0.142800
0.142800
0.142800
0.142800
0.142800
0.142800
0.142800
0.142800
0.142800
0.158977
0.146598
0.142800
0.142800
0.142800
0.142800
0.142800
0.142800
0.142800
0.153022
0.142800
0.156053
0.167196
0.159693
0.146598
0.142800
0.142800
0.142800
0.142800
0.142800
0.142800
0.142800
0.142800
0.142800
0.142800
0.142800
0.142800
0.142800
0.142800
0.142800
0.142800
0.142800
0.142800
0.142800
0.183895
0.142800
0.142800
0.142800
0.142800
0.142800
0.142800
0.142800
0.142800
0.142800
0.205504
0.166539
0.164541
0.142800
0.203260
0.142800
0.142800
0.142800
0.142800
0.142800
0.142800
0.144047
0.153965
0.142800
0.142800
0.161106
0.158255
0.179988
0.164541
0.149068
0.142800
0.142800
0.160402
0.142800
0.142800
0.142800
0.149874
0.142800
0.142800
0.142800
0.142800
0.142800
0.142800
0.142800
0.142800
0.142800
0.142800
0.142800
0.171035
0.177098
0.142800
0.142800
0.142800
0.150673
0.142800
0.142800
0.142800
0.142800
0.142800
0.142800
0.159693
0.142800
0.142800
0.142800
0.154551
0.142800
0.142800
0.142800
0.142800
0.142800
0.143178
0.142800
0.142800
0.142800
0.142800
0.183895
0.155305
0.142800
0.170407
0.142800
0.144047
0.148253
0.149874
0.142800
0.142800
0.142800
0.142800
0.142800
0.142800
0.142800
0.142800
0.142800
0.153022
0.153022
0.142800
0.142800
0.149874
0.142800
0.142800
0.153790
0.142800
0.182240
0.189736
0.142800
0.142800
0.142800
0.142800
0.172896
0.142800
0.142800
0.142800
0.142800
0.142800
0.142800
0.142800
0.142800
0.142800
0.142800
0.142800
0.142800
0.142800
0.142800
0.142800
0.142800
0.142800
0.142800
0.142800
0.142800
0.142800
0.142800
0.157528
0.156053
0.142800
0.142800
0.142800
0.220455
0.142800
0.142800
0.142800
0.143178
0.142800
0.142800
0.142800
0.142800
0.142800
0.142800
0.147430
0.142800
0.147430
0.168494
0.142800
0.142800
0.142800
0.172280
0.177098
0.159693
0.144907
0.150673
0.214051
0.147430
0.169774
0.144907
0.142800
0.217298
0.142800
0.142800
0.142800
0.142800
0.142800
0.173508
0.158977
0.149874
0.158255
0.142800
0.142800
0.142800
0.142800
0.185522
0.142800
0.156793
0.218095
0.201971
0.142800
0.227267
0.164541
0.158255
0.193782
0.174116
0.162496
0.158977
0.165212
0.142800
0.179988
0.142800
0.161804
0.142800
0.142800
0.142800
0.142800
0.174116
0.166539
0.159693
0.161106
0.142800
0.142800
0.156053
0.161106
0.142800
0.142800
0.142800
0.142800
0.150673
0.142800
0.179417
0.142800
0.142800
0.163865
0.223531
0.130898
0.209001
0.171035
0.172896
0.142800
0.166539
0.142800
0.142800
0.143178
0.142800
0.219281
0.148253
0.148253
0.142800
0.158977
0.159693
0.149068
0.168494
0.161106
0.142800
0.164541
0.156793
0.153790
0.174720
0.153790
0.153022
0.142800
0.156053
0.152247
0.142800
0.228256
0.225786
0.176509
0.149874
0.142800
0.153790
0.142800
0.142800
0.158255
0.175320
0.142800
0.142800
0.151464
0.191272
0.144907
0.224287
0.167196
0.142800
0.142800
0.176509
0.142800
0.144047
0.153022
0.164541
0.157528
0.154551
0.142800
0.167847
0.142800
0.144047
0.157528
0.222387
0.163183
0.142800
0.142800
0.142800
0.142800
0.142800
0.142800
0.142800
0.142800
0.142800
0.142800
0.142800
0.142800
0.142800
0.142800
0.142800
0.142800
0.142800
0.145757
0.142800
0.142800
0.142800
0.142800
0.142800
0.142800
0.142800
0.142800
0.142800
0.142800
0.147430
0.142800
0.142800
0.142800
0.142800
0.191272
0.142800
0.142800
0.142800
0.142800
0.202805
0.142800
0.142800
0.144047
0.152247
0.142800
0.161804
0.167847
0.142800
0.142800
0.169136
0.142800
0.142800
0.142800
0.142800
0.145757
0.143178
0.142800
0.142800
0.142800
0.142800
0.142800
0.142800
0.142800
0.142800
0.142800
0.142800
0.142800
0.142800
0.142800
0.142800
0.142800
0.142800
0.142800
0.142800
0.144907
0.171035
0.153790
0.142800
0.142800
0.142800
0.142800
0.142800
0.142800
0.142800
0.142800
0.142800
0.142800
0.142800
0.152247
0.142800
0.142800
0.142800
0.142800
0.142800
0.142800
0.142800
0.142800
0.142800
0.202349
0.167196
0.142800
0.142800
0.142800
0.142800
0.142800
0.142800
0.142800
0.142800
0.142800
0.142800
0.142800
0.142800
0.142800
0.142800
0.142800
0.142800
0.142800
0.142800
0.142800
0.142800
0.142800
0.142800
0.153790
0.142800
0.142800
0.142800
0.142800
0.142800
0.142800
0.142800
0.142800
0.142800
0.142800
0.142800
0.142800
0.142800
0.142800
0.142800
0.155305
0.142800
0.142800
0.142800
0.142800
0.142800
0.142800
0.142800
0.142800
0.142800
0.142800
0.142800
0.142800
0.146598
0.142800
0.142800
0.142800
0.146598
0.142800
0.142800
0.142800
0.142800
0.142800
0.150673
0.142800
0.144047
0.166539
0.174116
0.178843
0.142800
0.142800
0.142800
0.142800
0.142800
0.143178
0.142800
0.142800
0.142800
0.142800
0.142800
0.142800
0.142800
0.142800
0.142800
0.142800
0.142800
0.142800
0.142800
0.142800
0.142800
0.142800
0.142800
0.142800
0.142800
0.142800
0.142800
0.142800
0.142800
0.142800
0.142800
0.142800
0.142800
0.142800
0.165878
0.179417
0.191779
0.142800
0.142800
0.218492
0.142800
0.183895
0.172280
0.142800
0.159693
0.174116
0.181121
0.142800
0.142800
0.142800
0.193782
0.142800
0.156053
0.142800
0.142800
0.142800
0.142800
0.149874
0.145757
0.142800
0.142800
0.142800
0.142800
0.142800
0.142800
0.142800
0.142800
0.142800
0.142800
0.142800
0.142800
0.142800
0.142800
0.155305
0.177683
0.146598
0.142800
0.142800
0.142800
0.142800
0.190763
0.198152
0.142800
0.155305
0.144047
0.142800
0.142800
0.142800
0.142800
0.142800
0.142800
0.142800
0.142800
0.163865
0.142800
0.142800
0.142800
0.142800
0.142800
0.144047
0.142800
0.142800
0.142800
0.142800
0.142800
0.142800
0.142800
0.142800
0.165878
0.142800
0.148253
0.142800
0.142800
0.142800
0.143178
0.150673
0.142800
0.142800
0.142800
0.142800
0.142800
0.161106
0.142800
0.142800
0.142800
0.142800
0.142800
0.148253
0.158977
0.190251
0.211975
0.216091
0.153790
0.142800
0.169774
0.142800
0.142800
0.155305
0.142800
0.142800
0.142800
0.142800
0.142800
0.142800
0.142800
0.142800
0.142800
0.142800
0.142800
0.142800
0.142800
0.142800
0.142800
0.142800
0.142800
0.142800
0.142800
0.142800
0.142800
0.142800
0.142800
0.142800
0.142800
0.142800
0.142800
0.142800
0.147430
0.142800
0.142800
0.142800
0.142800
0.142800
0.142800
0.142800
0.142800
0.146598
0.142800
0.142800
0.142800
0.145757
0.142800
0.142800
0.142800
0.142800
0.142800
0.142800
0.143178
0.142800
0.142800
0.142800
0.142800
0.142800
0.142800
0.142800
0.145757
0.142800
0.142800
0.142800
0.142800
0.142800
0.142800
0.142800
0.142800
0.142800
0.142800
0.142800
0.142800
0.142800
0.177098
0.142800
0.142800
0.142800
0.142800
0.142800
0.142800
0.142800
0.142800
0.142800
0.144047
0.142800
0.142800
0.142800
0.175320
0.142800
0.142800
0.142800
0.142800
0.142800
0.142800
0.142800
0.142800
0.142800
0.145757
0.144047
0.142800
0.142800
0.153022
0.142800
0.142800
0.142800
0.142800
0.142800
0.142800
0.142800
0.146598
0.148253
0.142800
0.142800
0.142800
0.142800
0.142800
0.144047
0.142800
0.142800
0.142800
0.142800
0.153022
0.144907
0.171035
0.142800
0.142800
0.149874
0.165212
0.142800
0.142800
0.159693
0.142800
0.142800
0.142800
0.184440
0.142800
0.142800
0.142800
0.148253
0.142800
0.142800
0.142800
0.142800
0.142800
0.142800
0.142800
0.142800
0.142800
0.142800
0.142800
0.142800
0.142800
0.142800
0.143178
0.142800
0.142800
0.142800
0.142800
0.199570
0.142800
0.165878
0.199570
0.209431
0.142800
0.142800
0.142800
0.188699
0.142800
0.142800
0.142800
0.142800
0.153022
0.142800
0.142800
0.146598
0.142800
0.196716
0.179417
0.142800
0.142800
0.142800
0.142800
0.142800
0.142800
0.142800
0.142800
0.177098
0.169774
0.142800
0.142800
0.142800
0.170407
0.142800
0.142800
0.142800
0.142800
0.142800
0.142800
0.142800
0.142800
0.142800
0.142800
0.142800
0.142800
0.142800
0.142800
0.142800
0.142800
0.142800
0.144047
0.142800
0.142800
0.142800
0.142800
0.142800
0.216494
0.142800
0.142800
0.161106
0.142800
0.142800
0.142800
0.142800
0.142800
0.142800
0.149874
0.153790
0.153790
0.142800
0.142800
0.142800
0.142800
0.142800
0.142800
0.142800
0.142800
0.142800
0.144047
0.142800
0.142800
0.142800
0.142800
0.142800
0.142800
0.142800
0.142800
0.142800
0.142800
0.142800
0.142800
0.142800
0.142800
0.149068
0.142800
0.142800
0.142800
0.142800
0.142800
0.142800
0.142800
0.149874
0.142800
0.142800
0.142800
0.142800
0.212810
0.233016
0.142800
0.142800
0.163865
0.193782
0.187651
0.191272
0.192786
0.157528
0.182240
0.142800
0.151464
0.161106
0.178843
0.178265
0.142800
0.189219
0.142800
0.142800
0.142800
0.142800
0.177098
0.142800
0.142800
0.142800
0.175320
0.190251
0.207266
0.199099
0.153022
0.142800
0.149068
0.183346
0.142800
0.142800
0.142800
0.142800
0.169774
0.153022
0.142800
0.142800
0.142800
0.142800
0.161106
0.142800
0.142800
0.168494
0.202349
0.208570
0.178843
0.155305
0.142800
0.142800
0.142800
0.142800
0.142800
0.142800
0.142800
0.142800
0.142800
0.142800
0.142800
0.142800
0.142800
0.142800
0.142800
0.142800
0.142800
0.142800
0.142800
0.142800
0.142800
0.142800
0.142800
0.142800
0.142800
0.142800
0.142800
0.142800
0.142800
0.142800
0.209431
0.175916
0.166539
0.142800
0.146598
0.142800
0.156053
0.183346
0.198627
0.147430
0.152247
0.158977
0.150673
0.154551
0.151464
0.164541
0.158977
0.142800
0.142800
0.159693
0.151464
0.203664
0.142800
0.209797
0.142800
0.156053
0.142800
0.186059
0.173508
0.165878
0.144047
0.146598
0.175320
0.167847
0.162496
0.147430
0.142800
0.142800
0.149874
0.153790
0.169774
0.167196
0.188699
0.158255
0.142800
0.142800
0.175320
0.152247
0.183895
0.142800
0.142800
0.142800
0.144907
0.142800
0.142800
0.142800
0.156053
0.153790
0.142800
0.142800
0.142800
0.167196
0.196233
0.149874
0.144047
0.156793
0.162496
0.149874
0.165878
0.150673
0.142800
0.210285
0.142800
0.159693
0.160402
0.165878
0.142800
0.144047
0.170407
0.156053
0.142800
0.201430
0.142800
0.165878
0.179417
0.172280
0.206252
0.142800
0.142800
0.143178
0.142800
0.181121
0.142800
0.177683
0.171035
0.151464
0.167196
0.169136
0.176509
0.147430
0.142800
0.213639
0.179988
0.181121
0.142800
0.202805
0.151464
0.163865
0.142800
0.145757
0.142800
0.158977
0.142800
0.144047
0.161804
0.142800
0.143178
0.157528
0.171660
0.240842
0.173508
0.195259
0.142800
0.145757
0.155305
0.155305
0.193285
0.185522
0.179988
0.227267
0.240511
0.200968
0.142800
0.142800
0.142800
0.142800
0.142800
0.152247
0.142800
0.142800
0.165878
0.159693
0.155305
0.167847
0.142800
0.142800
0.142800
0.158977
0.182795
0.161106
0.170407
0.164541
0.142800
0.153022
0.142800
0.157528
0.142800
0.174116
0.148253
0.171035
0.142800
0.142800
0.149068
0.150673
0.171035
0.142800
0.142800
0.149068
0.171660
0.152247
0.161106
0.146598
0.143178
0.156793
0.142800
0.193782
0.146598
0.171035
0.172280
0.150673
0.172896
0.162496
0.142800
0.175916
0.144047
0.142800
0.142800
0.142800
0.158977
0.155305
0.153022
0.142800
0.144047
0.142800
0.142800
0.142800
0.144907
0.162496
0.142800
0.142800
0.142800
0.170407
0.142800
0.156053
0.142800
0.149874
0.142800
0.142800
0.164541
0.182795
0.163865
0.163865
0.168494
0.142800
0.181121
0.180556
0.167196
0.142800
0.143178
0.160402
0.142800
0.156053
0.160402
0.189736
0.143178
0.142800
0.142800
0.142800
0.142800
0.142800
0.144047
0.184983
0.217697
0.142800
0.142800
0.142800
0.142800
0.142800
0.142800
0.151464
0.142800
0.142800
0.142800
0.142800
0.142800
0.142800
0.142800
0.142800
0.179417
0.142800
0.142800
0.153790
0.142800
0.142800
0.142800
0.142800
0.142800
0.142800
0.148253
0.142800
0.144047
0.144907
0.142800
0.142800
0.142800
0.142800
0.142800
0.146598
0.142800
0.155305
0.167196
0.179417
0.142800
0.168494
0.149874
0.142800
0.144907
0.142800
0.142800
0.142800
0.142800
0.142800
0.142800
0.142800
0.142800
0.142800
0.142800
0.142800
0.142800
0.142800
0.142800
0.142800
0.142800
0.142800
0.142800
0.142800
0.142800
0.142800
0.142800
0.142800
0.146598
0.151464
0.142800
0.142800
0.156053
0.142800
0.142800
0.142800
0.142800
0.149874
0.171660
0.159693
0.200504
0.151464
0.142800
0.142800
0.142800
0.142800
0.142800
0.144047
0.142800
0.142800
0.142800
0.142800
0.142800
0.142800
0.149874
0.162496
0.165878
0.165212
0.142800
0.142800
0.142800
0.142800
0.142800
0.143178
0.142800
0.142800
0.142800
0.142800
0.142800
0.142800
0.172896
0.192786
0.142800
0.186059
0.185522
0.142800
0.142800
0.165212
0.142800
0.184983
0.142800
0.142800
0.142800
0.190763
0.142800
0.142800
0.165212
0.179417
0.142800
0.184440
0.142800
0.169136
0.142800
0.142800
0.142800
0.142800
0.142800
0.142800
0.204163
0.142800
0.146598
0.168494
0.193782
0.142800
0.142800
0.165878
0.151464
0.142800
0.142800
0.160402
0.142800
0.155305
0.169136
0.166539
0.161804
0.149068
0.142800
0.142800
0.142800
0.142800
0.142800
0.144907
0.142800
0.142800
0.142800
0.142800
0.142800
0.165878
0.187651
0.142800
0.150673
0.142800
0.142800
0.142800
0.153790
0.142800
0.163865
0.142800
0.142800
0.142800
0.142800
0.142800
0.142800
0.142800
0.142800
0.142800
0.142800
0.142800
0.142800
0.142800
0.163183
0.142800
0.142800
0.142800
0.142800
0.142800
0.142800
0.142800
0.142800
0.142800
0.142800
0.142800
0.142800
0.142800
0.142800
0.142800
0.142800
0.142800
0.142800
0.142800
0.142800
0.142800
0.142800
0.144047
0.142800
0.163183
0.149874
0.142800
0.142800
0.142800
0.142800
0.142800
0.142800
0.142800
0.142800
0.142800
0.150673
0.142800
0.142800
0.142800
0.142800
0.142800
0.142800
0.142800
0.142800
0.142800
0.142800
0.142800
0.142800
0.142800
0.142800
0.150673
0.142800
0.142800
0.142800
0.180556
0.142800
0.142800
0.142800
0.143178
0.158255
0.167847
0.142800
0.142800
0.142800
0.142800
0.142800
0.142800
0.142800
0.142800
0.142800
0.142800
0.142800
0.142800
0.142800
0.142800
0.142800
0.142800
0.150673
0.142800
0.142800
0.142800
0.142800
0.142800
0.142800
0.142800
0.142800
0.152247
0.142800
0.142800
0.143178
0.171035
0.176509
0.164541
0.142800
0.165212
0.183895
0.184440
0.149874
0.142800
0.142800
0.142800
0.169136
0.175320
0.142800
0.172280
0.142800
0.142800
0.198627
0.142800
0.142800
0.142800
0.142800
0.142800
0.142800
0.142800
0.142800
0.142800
0.142800
0.147430
0.142800
0.145757
0.142800
0.142800
0.142800
0.150673
0.142800
0.156053
0.142800
0.166539
0.142800
0.186593
0.144907
0.144907
0.142800
0.150673
0.142800
0.142800
0.142800
0.220844
0.147430
0.142800
0.171035
0.142800
0.165878
0.142800
0.156793
0.164541
0.142800
0.162496
0.168494
0.238846
0.142800
0.154551
0.142800
0.145757
0.142800
0.142800
0.171660
0.142800
0.145757
0.142800
0.142800
0.142800
0.174116
0.182240
0.142800
0.142800
0.144047
0.143178
0.144907
0.155305
0.175916
0.146598
0.142800
0.158977
0.159693
0.192284
0.142800
0.142800
0.175916
0.149068
0.142800
0.142800
0.142800
0.175916
0.153022
0.142800
0.142800
0.143178
0.142800
0.142800
0.142800
0.163183
0.142800
0.142800
0.156053
0.142800
0.153790
0.142800
0.149874
0.178265
0.142800
0.161106
0.142800
0.149874
0.142800
0.142800
0.142800
0.142800
0.150673
0.165212
0.159693
0.142800
0.142800
0.142800
0.142800
0.142800
0.144047
0.142800
0.142800
0.142800
0.153022
0.142800
0.158255
0.154551
0.142800
0.155305
0.150673
0.148253
0.151464
0.149068
0.149874
0.142800
0.142800
0.142800
0.143178
0.142800
0.157528
0.142800
0.142800
0.142800
0.142800
0.155305
0.158255
0.142800
0.149068
0.159693
0.155305
0.142800
0.157528
0.142800
0.159693
0.152247
0.142800
0.142800
0.142800
0.158977
0.181121
0.142800
0.199570
0.142800
0.142800
0.142800
0.143178
0.144907
0.142800
0.157528
0.142800
0.142800
0.142800
0.142800
0.146598
0.163865
0.176509
0.158255
0.142800
0.165212
0.142800
0.142800
0.142800
0.142800
0.181121
0.142800
0.142800
0.142800
0.189736
0.144907
0.142800
0.142800
0.148253
0.156793
0.142800
0.142800
0.142800
0.142800
0.158255
0.143178
0.150673
0.172280
0.157528
0.147430
0.142800
0.142800
0.142800
0.142800
0.142800
0.142800
0.142800
0.142800
0.142800
0.142800
0.142800
0.142800
0.142800
0.142800
0.142800
0.142800
0.142800
0.142800
0.142800
0.146598
0.142800
0.172896
0.142800
0.142800
0.142800
0.142800
0.165212
0.142800
0.142800
0.142800
0.142800
0.142800
0.151464
0.142800
0.142800
0.142800
0.142800
0.142800
0.142800
0.142800
0.142800
0.142800
0.142800
0.142800
0.142800
0.147430
0.142800
0.142800
0.142800
0.142800
0.142800
0.142800
0.142800
0.142800
0.142800
0.142800
0.142800
0.142800
0.142800
0.142800
0.169774
0.144907
0.182795
0.196233
0.195747
0.142800
0.142800
0.165878
0.164541
0.142800
0.142800
0.142800
0.142800
0.142800
0.142800
0.142800
0.142800
0.142800
0.142800
0.142800
0.142800
0.142800
0.142800
0.142800
0.161804
0.142800
0.142800
0.142800
0.142800
0.142800
0.142800
0.142800
0.142800
0.211555
0.142800
0.142800
0.142800
0.142800
0.142800
0.142800
0.142800
0.142800
0.142800
0.142800
0.142800
0.142800
0.142800
0.142800
0.144047
0.142800
0.142800
0.142800
0.142800
0.142800
0.142800
0.142800
0.142800
0.208570
0.142800
0.142800
0.142800
0.142800
0.142800
0.186059
0.153965
0.155305
0.163183
0.142800
0.142800
0.142800
0.142800
0.142800
0.154551
0.142800
0.204163
0.156053
0.149874
0.142800
0.163183
0.142800
0.209001
0.142800
0.142800
0.142800
0.142800
0.142800
0.153790
0.142800
0.197197
0.142800
0.142800
0.147430
0.142800
0.142800
0.142800
0.142800
0.142800
0.182240
0.142800
0.142800
0.142800
0.142800
0.142800
0.200304
0.142800
0.142800
0.142800
0.142800
0.142800
0.142800
0.142800
0.142800
0.142800
0.142800
0.143178
0.156793
0.142800
0.142800
0.142800
0.142800
0.148253
0.163183
0.144047
0.142800
0.142800
0.142800
0.142800
0.142800
0.181121
0.142800
0.142800
0.142800
0.170407
0.163183
0.144907
0.158255
0.142800
0.142800
0.142800
0.171035
0.142800
0.142800
0.142800
0.142800
0.142800
0.142800
0.142800
0.160402
0.142800
0.142800
0.142800
0.156793
0.142800
0.142800
0.155305
0.208570
0.172896
0.142800
0.152247
0.151464
0.153790
0.147430
0.142800
0.142800
0.142800
0.169136
0.142800
0.142800
0.142800
0.142800
0.142800
0.142800
0.142800
0.142800
0.182240
0.158255
0.142800
0.142800
0.142800
0.142800
0.142800
0.142800
0.157528
0.142800
0.142800
0.142800
0.142800
0.142800
0.142800
0.142800
0.178843
0.142800
0.152247
0.142800
0.142800
0.142800
0.142800
0.175916
0.165212
0.191272
0.174116
0.145757
0.142800
0.142800
0.142800
0.142800
0.142800
0.182240
0.168494
0.158977
0.155305
0.142800
0.142800
0.142800
0.142800
0.194277
0.182795
0.181682
0.144047
0.142800
0.142800
0.176509
0.183346
0.172280
0.142800
0.200038
0.216091
0.197676
0.202349
0.202805
0.142800
0.207266
0.212810
0.142800
0.142800
0.223151
0.227267
0.205504
0.217298
0.142800
0.142800
0.142800
0.142800
0.142800
0.142800
0.142800
0.142800
0.142800
0.142800
0.142800
0.142800
0.142800
0.142800
0.159693
0.142800
0.142800
0.142800
0.142800
0.142800
0.142800
0.142800
0.142800
0.145757
0.142800
0.142800
0.142800
0.142800
0.148253
0.142800
0.142800
0.142800
0.151464
0.142800
0.142800
0.192284
0.142800
0.182795
0.142800
0.142800
0.165878
0.142800
0.177683
0.142800
0.192786
0.142800
0.142800
0.142800
0.142800
0.142800
0.142800
0.142800
0.142800
0.142800
0.142800
0.142800
0.142800
0.142800
0.142800
0.142800
0.142800
0.142800
0.142800
0.142800
0.142800
0.142800
0.142800
0.142800
0.142800
0.142800
0.142800
0.142800
0.142800
0.142800
0.142800
0.182795
0.142800
0.142800
0.142800
0.142800
0.142800
0.142800
0.142800
0.142800
0.142800
0.148253
0.161106
0.142800
0.142800
0.142800
0.144047
0.144907
0.142800
0.142800
0.153022
0.156053
0.142800
0.142800
0.142800
0.162496
0.153790
0.142800
0.142800
0.147430
0.177098
0.152247
0.174116
0.142800
0.142800
0.142800
0.142800
0.142800
0.142800
0.161804
0.161804
0.142800
0.142800
0.142800
0.142800
0.195259
0.142800
0.142800
0.142800
0.142800
0.146598
0.142800
0.220455
0.184440
0.181121
0.167196
0.145757
0.142800
0.152247
0.149874
0.148253
0.162496
0.142800
0.174720
0.142800
0.167847
0.142800
0.142800
0.174720
0.142800
0.142800
0.142800
0.233016
0.170407
0.142800
0.142800
0.142800
0.144907
0.164541
0.142800
0.198152
0.169136
0.162496
0.174116
0.171660
0.153790
0.146598
0.176509
0.142800
0.158977
0.142800
0.142800
0.142800
0.142800
0.144907
0.142800
0.142800
0.142800
0.153790
0.142800
0.142800
0.142800
0.142800
0.142800
0.170407
0.142800
0.154551
0.142800
0.143178
0.142800
0.142800
0.142800
0.142800
0.174116
0.142800
0.168494
0.142800
0.151464
0.158255
0.158977
0.142800
0.150673
0.142800
0.153790
0.142800
0.146598
0.164541
0.152247
0.142800
0.154551
0.148253
0.142800
0.142800
0.144907
0.161804
0.142800
0.142800
0.142800
0.142800
0.142800
0.165212
0.142800
0.142800
0.142800
0.142800
0.155305
0.154551
0.142800
0.142800
0.142800
0.142800
0.142800
0.142800
0.142800
0.142800
0.145757
0.142800
0.142800
0.144907
0.142800
0.142800
0.142800
0.142800
0.142800
0.142800
0.142800
0.142800
0.142800
0.142800
0.142800
0.142800
0.142800
0.142800
0.142800
0.142800
0.142800
0.142800
0.151464
0.142800
0.149874
0.142800
0.142800
0.147430
0.148253
0.144047
0.149874
0.142800
0.142800
0.142800
0.171035
0.193285
0.193285
0.200968
0.142800
0.142800
0.142800
0.163183
0.142800
0.142800
0.142800
0.142800
0.163865
0.142800
0.142800
0.142800
0.151464
0.167196
0.165212
0.142800
0.142800
0.156053
0.171035
0.172280
0.178843
0.162496
0.142800
0.142800
0.142800
0.154551
0.164541
0.164541
0.169774
0.142800
0.142800
0.142800
0.148253
0.154551
0.178843
0.165212
0.175916
0.142800
0.142800
0.142800
0.142800
0.142800
0.142800
0.142800
0.142800
0.142800
0.142800
0.167196
0.142800
0.142800
0.142800
0.142800
0.151464
0.142800
0.142800
0.142800
0.142800
0.142800
0.160402
0.142800
0.142800
0.142800
0.149874
0.153022
0.142800
0.142800
0.142800
0.142800
0.142800
0.142800
0.142800
0.142800
0.142800
0.171660
0.142800
0.142800
0.154551
0.142800
0.142800
0.142800
0.142800
0.142800
0.142800
0.142800
0.142800
0.142800
0.164541
0.142800
0.142800
0.142800
0.142800
0.142800
0.174720
0.187123
0.142800
0.142800
0.160402
0.142800
0.142800
0.142800
0.153022
0.161106
0.142800
0.142800
0.151464
0.142800
0.142800
0.142800
0.142800
0.145757
0.142800
0.142800
0.142800
0.173508
0.142800
0.142800
0.146598
0.149068
0.172896
0.142800
0.172280
0.142800
0.142800
0.142800
0.142800
0.142800
0.142800
0.142800
0.171035
0.142800
0.142800
0.142800
0.142800
0.142800
0.142800
0.142800
0.142800
0.176509
0.170407
0.142800
0.142800
0.187123
0.142800
0.196233
0.156053
0.190251
0.146598
0.197676
0.142800
0.142800
0.142800
0.142800
0.142800
0.142800
0.149874
0.142800
0.142800
0.142800
0.142800
0.164541
0.147430
0.142800
0.142800
0.142800
0.159693
0.144047
0.142800
0.142800
0.151464
0.142800
0.142800
0.142800
0.142800
0.142800
0.142800
0.142800
0.142800
0.142800
0.142800
0.142800
0.142800
0.142800
0.142800
0.142800
0.142800
0.142800
0.142800
0.142800
0.142800
0.166539
0.180556
0.167847
0.173508
0.142800
0.142800
0.142800
0.142800
0.142800
0.169136
0.153790
0.156793
0.142800
0.142800
0.142800
0.142800
0.142800
0.142800
0.149068
0.149068
0.149874
0.142800
0.173508
0.142800
0.142800
0.142800
0.144907
0.142800
0.147430
0.142800
0.142800
0.142800
0.142800
0.145757
0.164541
0.172896
0.146598
0.142800
0.142800
0.142800
0.142800
0.142800
0.142800
0.142800
0.142800
0.142800
0.142800
0.142800
0.142800
0.142800
0.142800
0.149874
0.142800
0.157528
0.181121
0.190763
0.142800
0.146598
0.142800
0.142800
0.142800
0.142800
0.142800
0.142800
0.142800
0.142800
0.142800
0.149874
0.142800
0.142800
0.142800
0.142800
0.142800
0.142800
0.142800
0.142800
0.142800
0.142800
0.142800
0.142800
0.142800
0.142800
0.151464
0.170407
0.142800
0.142800
0.148253
0.142800
0.142800
0.142800
0.142800
0.149068
0.171035
0.142800
0.161106
0.142800
0.148253
0.165878
0.142800
0.142800
0.142800
0.142800
0.142800
0.145757
0.142800
0.178265
0.142800
0.142800
0.158255
0.142800
0.142800
0.146598
0.150673
0.158255
0.142800
0.142800
0.142800
0.144907
0.147430
0.142800
0.142800
0.142800
0.142800
0.142800
0.142800
0.142800
0.142800
0.142800
0.142800
0.142800
0.142800
0.161106
0.142800
0.142800
0.142800
0.142800
0.168494
0.142800
0.183346
0.150673
0.145757
0.142800
0.142800
0.150673
0.142800
0.142800
0.142800
0.189219
0.158255
0.199570
0.142800
0.214051
0.142800
0.142800
0.142800
0.147430
0.142800
0.142800
0.186593
0.142800
0.167847
0.142800
0.142800
0.165212
0.142800
0.153022
0.142800
0.142800
0.142800
0.142800
0.142800
0.142800
0.161804
0.142800
0.142800
0.142800
0.142800
0.142800
0.142800
0.142800
0.142800
0.143178
0.142800
0.142800
0.142800
0.149068
0.159693
0.172896
0.165212
0.158255
0.142800
0.142800
0.142800
0.149068
0.170407
0.164541
0.142800
0.142800
0.142800
0.143178
0.142800
0.142800
0.150673
0.148253
0.142800
0.142800
0.142800
0.142800
0.147430
0.142800
0.142800
0.142800
0.158255
0.151464
0.142800
0.142800
0.142800
0.142800
0.142800
0.142800
0.142800
0.142800
0.142800
0.142800
0.142800
0.142800
0.142800
0.142800
0.142800
0.142800
0.142800
0.142800
0.150673
0.142800
0.142800
0.142800
0.171660
0.144907
0.142800
0.142800
0.142800
0.183346
0.142800
0.142800
0.167196
0.184440
0.142800
0.142800
0.142800
0.142800
0.142800
0.148253
0.146598
0.142800
0.142800
0.142800
0.142800
0.142800
0.142800
0.142800
0.215686
0.142800
0.142800
0.142800
0.177683
0.156053
0.142800
0.163865
0.142800
0.153022
0.142800
0.184440
0.142800
0.142800
0.150673
0.142800
0.142800
0.142800
0.142800
0.171660
0.142800
0.142800
0.144907
0.142800
0.163865
0.156793
0.155305
0.142800
0.152247
0.150673
0.161804
0.142800
0.142800
0.142800
0.142800
0.142800
0.142800
0.145757
0.147430
0.142800
0.142800
0.142800
0.142800
0.142800
0.142800
0.142800
0.142800
0.142800
0.142800
0.142800
0.142800
0.144047
0.142800
0.142800
0.142800
0.142800
0.142800
0.142800
0.142800
0.142800
0.145757
0.142800
0.142800
0.142800
0.142800
0.142800
0.142800
0.142800
0.147430
0.142800
0.142800
0.165212
0.165212
0.172280
0.142800
0.142800
0.163183
0.142800
0.142800
0.142800
0.142800
0.142800
0.149068
0.142800
0.142800
0.142800
0.142800
0.142800
0.144047
0.158255
0.144907
0.142800
0.142800
0.183346
0.202349
0.148253
0.142800
0.142800
0.142800
0.142800
0.142800
0.171660
0.166539
0.170407
0.167847
0.143178
0.142800
0.142800
0.142800
0.142800
0.142800
0.144907
0.172896
0.169136
0.160402
0.142800
0.176509
0.166661
0.142800
0.142800
0.142800
0.142800
0.142800
0.142800
0.142800
0.142800
0.142800
0.142800
0.142800
0.142800
0.142800
0.142800
0.142800
0.142800
0.142800
0.142800
0.142800
0.142800
0.142800
0.142800
0.142800
0.142800
0.142800
0.142800
0.142800
0.142800
0.142800
0.142800
0.142800
0.142800
0.142800
0.142800
0.142800
0.149874
0.142800
0.199570
0.142800
0.196233
0.142800
0.142800
0.142800
0.198152
0.142800
0.169136
0.142800
0.142800
0.145757
0.142800
0.142800
0.142800
0.190251
0.142800
0.142800
0.142800
0.229309
0.198627
0.142800
0.142800
0.142800
0.142800
0.142800
0.142800
0.142800
0.142800
0.142800
0.142800
0.142800
0.142800
0.142800
0.142800
0.142800
0.142800
0.142800
0.142800
0.142800
0.158255
0.145757
0.152247
0.151464
0.149068
0.142800
0.142800
0.142800
0.142800
0.155305
0.149068
0.142800
0.142800
0.151464
0.142800
0.142800
0.142800
0.142800
0.142800
0.168494
0.142800
0.142800
0.142800
0.142800
0.142800
0.142800
0.142800
0.142800
0.142800
0.142800
0.142800
0.159693
0.142800
0.142800
0.142800
0.142800
0.142800
0.142800
0.142800
0.149874
0.142800
0.171035
0.142800
0.166539
0.142800
0.142800
0.142800
0.142800
0.142800
0.142800
0.142800
0.152247
0.142800
0.142800
0.142800
0.142800
0.142800
0.233716
0.226898
0.142800
0.157528
0.204612
0.184440
0.142800
0.192786
0.212529
0.178265
0.142800
0.142800
0.142800
0.142800
0.142800
0.142800
0.142800
0.142800
0.142800
0.142800
0.142800
0.142800
0.162496
0.142800
0.142800
0.142800
0.142800
0.142800
0.163183
0.142800
0.142800
0.142800
0.142800
0.142800
0.142800
0.142800
0.142800
0.142800
0.142800
0.142800
0.142800
0.142800
0.142800
0.142800
0.142800
0.142800
0.142800
0.142800
0.142800
0.142800
0.142800
0.142800
0.142800
0.142800
0.142800
0.142800
0.142800
0.142800
0.142800
0.142800
0.142800
0.142800
0.142800
0.142800
0.142800
0.142800
0.142800
0.142800
0.142800
0.142800
0.142800
0.142800
0.142800
0.142800
0.142800
0.142800
0.142800
0.142800
0.142800
0.142800
0.142800
0.142800
0.144907
0.142800
0.142800
0.142800
0.142800
0.142800
0.142800
0.142800
0.142800
0.142800
0.142800
0.142800
0.142800
0.142800
0.142800
0.142800
0.142800
0.142800
0.142800
0.175916
0.142800
0.142800
0.142800
0.142800
0.142800
0.142800
0.183895
0.186059
0.142800
0.142800
0.174720
0.155305
0.159693
0.181682
0.142800
0.142800
0.142800
0.142800
0.142800
0.142800
0.142800
0.142800
0.142800
0.142800
0.142800
0.142800
0.142800
0.142800
0.142800
0.142800
0.142800
0.142800
0.142800
0.142800
0.142800
0.142800
0.142800
0.169774
0.142800
0.142800
0.142800
0.142800
0.142800
0.142800
0.142800
0.170407
0.142800
0.142800
0.149874
0.142800
0.154551
0.142800
0.142800
0.149874
0.144907
0.156793
0.144907
0.142800
0.142800
0.142800
0.142800
0.142800
0.142800
0.144907
0.142800
0.142800
0.142800
0.142800
0.142800
0.142800
0.153022
0.142800
0.142800
0.142800
0.142800
0.142800
0.142800
0.142800
0.142800
0.142800
0.142800
0.142800
0.142800
0.142800
0.173508
0.161804
0.142800
0.142800
0.142800
0.142800
0.157528
0.178265
0.148253
0.144907
0.142800
0.177098
0.149068
0.142800
0.142800
0.142800
0.173508
0.146598
0.143178
0.147430
0.142800
0.148253
0.142800
0.142800
0.142800
0.142800
0.142800
0.156793
0.142800
0.142800
0.142800
0.142800
0.187123
0.149068
0.142800
0.142800
0.151464
0.156793
0.147430
0.240180
0.142800
0.142800
0.144907
0.142800
0.157528
0.163183
0.155305
0.204612
0.142800
0.142800
0.159693
0.142800
0.142800
0.142800
0.142800
0.142800
0.142800
0.142800
0.142800
0.142800
0.144047
0.142800
0.142800
0.142800
0.143178
0.151464
0.156053
0.155305
0.167847
0.142800
0.142800
0.142800
0.142800
0.142800
0.142800
0.142800
0.146598
0.157528
0.142800
0.142800
0.142800
0.142800
0.142800
0.169774
0.158977
0.177683
0.157528
0.149068
0.142800
0.142800
0.142800
0.142800
0.142800
0.142800
0.142800
0.142800
0.142800
0.142800
0.142800
0.142800
0.142800
0.142800
0.142800
0.142800
0.142800
0.142800
0.142800
0.142800
0.142800
0.142800
0.142800
0.142800
0.142800
0.142800
0.142800
0.142800
0.142800
0.142800
0.142800
0.142800
0.142800
0.142800
0.142800
0.142800
0.158977
0.182795
0.142800
0.171660
0.166539
0.165878
0.142800
0.142800
0.142800
0.142800
0.142800
0.142800
0.142800
0.142800
0.142800
0.142800
0.142800
0.142800
0.142800
0.142800
0.142800
0.142800
0.142800
0.142800
0.142800
0.199099
0.184983
0.142800
0.142800
0.142800
0.142800
0.165212
0.227634
0.142800
0.142800
0.142800
0.158977
0.142800
0.151935
0.142800
0.142800
0.142800
0.144047
0.156053
0.154551
0.147430
0.164541
0.147430
0.230534
0.126087
0.142800
0.229454
0.169774
0.172896
0.142800
0.142800
0.142800
0.142800
0.142800
0.142800
0.142800
0.142800
0.142800
0.142800
0.142800
0.142800
0.142800
0.142800
0.192786
0.202349
0.156053
0.177098
0.154551
0.163865
0.151464
0.188699
0.167847
0.165212
0.142800
0.142800
0.142800
0.171035
0.154551
0.158255
0.143178
0.149068
0.201430
0.145757
0.219281
0.197676
0.208137
0.205504
0.188699
0.156793
0.185522
0.155305
0.142800
0.163183
0.163865
0.151464
0.166539
0.153790
0.157528
0.175916
0.174116
0.155305
0.146598
0.156793
0.143178
0.177683
0.160402
0.204163
0.178265
0.157528
0.180556
0.189736
0.167847
0.228366
0.214871
0.204612
0.200504
0.161804
0.142800
0.192284
0.188177
0.150673
0.165212
0.142800
0.142800
0.142800
0.142800
0.142800
0.167847
0.142800
0.142800
0.142800
0.142800
0.142800
0.142800
0.142800
0.150673
0.142800
0.218887
0.209431
0.142800
0.215279
0.202349
0.205059
0.142800
0.142800
0.142800
0.142800
0.142800
0.159693
0.145757
0.194277
0.142800
0.142800
0.142800
0.142800
0.142800
0.149068
0.182240
0.228730
0.184440
0.186059
0.230175
0.142800
0.142800
0.191272
0.144047
0.158977
0.142800
0.142800
0.142800
0.149874
0.142800
0.172280
0.145757
0.142800
0.142800
0.142800
0.142800
0.152247
0.213225
0.237159
0.188177
0.147430
0.233611
0.186059
0.142800
0.142800
0.142800
0.142800
0.142800
0.161106
0.152247
0.166539
0.165878
0.142800
0.142800
0.143178
0.142800
0.142800
0.142800
0.142800
0.142800
0.142800
0.142800
0.142800
0.142800
0.172280
0.142800
0.155305
0.142800
0.142800
0.142800
0.142800
0.153022
0.142800
0.142800
0.144907
0.142800
0.142800
0.167847
0.142800
0.142800
0.159693
0.142800
0.161804
0.158977
0.153790
0.223531
0.142800
0.178843
0.142800
0.142800
0.156793
0.156793
0.149068
0.142800
0.156053
0.176509
0.142800
0.226529
0.142800
0.175320
0.142800
0.169136
0.142800
0.142800
0.162496
0.200504
0.142800
0.153022
0.142800
0.142800
0.163865
0.142800
0.142800
0.142800
0.142800
0.142800
0.142800
0.148253
0.142800
0.142800
0.142800
0.142800
0.142800
0.142800
0.142800
0.142800
0.142800
0.144047
0.142800
0.142800
0.142800
0.142800
0.142800
0.162496
0.142800
0.142800
0.180556
0.142800
0.142800
0.142800
0.142800
0.142800
0.142800
0.142800
0.142800
0.142800
0.142800
0.142800
0.142800
0.142800
0.142800
0.142800
0.142800
0.142800
0.142800
0.142800
0.142800
0.142800
0.196233
0.142800
0.149068
0.167847
0.171035
0.229815
0.181121
0.142800
0.142800
0.142800
0.142800
0.142800
0.142800
0.162496
0.144907
0.152247
0.142800
0.158977
0.142800
0.142800
0.142800
0.174116
0.142800
0.142800
0.142800
0.142800
0.142800
0.142800
0.149874
0.142800
0.142800
0.142800
0.142800
0.142800
0.142800
0.142800
0.142800
0.142800
0.142800
0.142800
0.142800
0.142800
0.142800
0.142800
0.160402
0.142800
0.142800
0.142800
0.142800
0.142800
0.142800
0.142800
0.142800
0.142800
0.153022
0.153022
0.189736
0.167196
0.157528
0.152247
0.180556
0.142800
0.142800
0.143178
0.161804
0.179988
0.142800
0.165878
0.163865
0.142800
0.142800
0.170407
0.175916
0.181121
0.142800
0.182240
0.154551
0.184983
0.180556
0.159693
0.145757
0.142800
0.162496
0.169136
0.156793
0.142800
0.142800
0.177683
0.142800
0.142800
0.142800
0.142800
0.142800
0.142800
0.142800
0.142800
0.142800
0.142800
0.142800
0.142800
0.142800
0.142800
0.142800
0.142800
0.142800
0.142800
0.142800
0.142800
0.142800
0.142800
0.142800
0.142800
0.142800
0.142800
0.142800
0.175916
0.142800
0.237498
0.156053
0.142800
0.169136
0.155305
0.146598
0.142800
0.142800
0.142800
0.142800
0.161106
0.142800
0.174116
0.167847
0.169774
0.142800
0.149874
0.142800
0.142800
0.157528
0.142800
0.142800
0.142800
0.142800
0.142800
0.172896
0.189219
0.142800
0.142800
0.142800
0.149874
0.142800
0.142800
0.167196
0.162496
0.142800
0.142800
0.142800
0.142800
0.150673
0.142800
0.142800
0.142800
0.142800
0.179988
0.142800
0.144047
0.142800
0.142800
0.142800
0.142800
0.142800
0.142800
0.142800
0.194277
0.142800
0.142800
0.142800
0.144047
0.142800
0.142800
0.142800
0.142800
0.142800
0.142800
0.156053
0.146598
0.142800
0.142800
0.142800
0.149068
0.142800
0.142800
0.142800
0.142800
0.142800
0.161106
0.142800
0.142800
0.142800
0.142800
0.142800
0.145757
0.142800
0.145757
0.142800
0.142800
0.142800
0.142800
0.157528
0.142800
0.169774
0.142800
0.151464
0.152247
0.142800
0.142800
0.142800
0.142800
0.142800
0.142800
0.142800
0.142800
0.142800
0.142800
0.142800
0.142800
0.142800
0.145757
0.155305
0.142800
0.142800
0.142800
0.142800
0.142800
0.142800
0.142800
0.142800
0.142800
0.142800
0.158255
0.142800
0.142800
0.142800
0.142800
0.142800
0.142800
0.142800
0.142800
0.142800
0.142800
0.142800
0.142800
0.142800
0.142800
0.142800
0.142800
0.142800
0.142800
0.145757
0.142800
0.142800
0.142800
0.142800
0.142800
0.142800
0.142800
0.165878
0.142800
0.142800
0.142800
0.142800
0.144047
0.142800
0.142800
0.142800
0.147430
0.146598
0.157528
0.142800
0.142800
0.142800
0.142800
0.142800
0.169774
0.142800
0.142800
0.142800
0.142800
0.142800
0.142800
0.145757
0.142800
0.142800
0.142800
0.142800
0.142800
0.142800
0.142800
0.142800
0.142800
0.158255
0.153790
0.142800
0.196233
0.175916
0.162496
0.142800
0.142800
0.142800
0.166539
0.142800
0.142800
0.142800
0.152247
0.150673
0.142800
0.142800
0.142800
0.142800
0.147430
0.171660
0.142800
0.142800
0.142800
0.142800
0.142800
0.142800
0.142800
0.142800
0.142800
0.142800
0.142800
0.142800
0.142800
0.142800
0.142800
0.142800
0.142800
0.142800
0.142800
0.142800
0.142800
0.142800
0.142800
0.142800
0.142800
0.142800
0.142800
0.142800
0.150673
0.142800
0.149874
0.142800
0.142800
0.142800
0.142800
0.142800
0.142800
0.142800
0.142800
0.142800
0.142800
0.142800
0.142800
0.142800
0.142800
0.142800
0.142800
0.142800
0.142800
0.142800
0.142800
0.142800
0.142800
0.142800
0.142800
0.142800
0.142800
0.142800
0.142800
0.142800
0.142800
0.142800
0.142800
0.142800
0.142800
0.142800
0.142800
0.142800
0.142800
0.230534
0.234759
0.216091
0.142800
0.175916
0.142800
0.142800
0.226529
0.228000
0.209001
0.170908
0.161804
0.142800
0.142800
0.142800
0.200968
0.207266
0.178265
0.234065
0.142800
0.142800
0.212393
0.207703
0.189219
0.211555
0.142800
0.142800
0.142800
0.142800
0.148253
0.142800
0.142800
0.142800
0.156053
0.142800
0.142800
0.142800
0.142800
0.142800
0.142800
0.142800
0.142800
0.142800
0.166539
0.142800
0.199099
0.142800
0.142800
0.142800
0.142800
0.142800
0.226529
0.142800
0.142800
0.142800
0.142800
0.142800
0.142800
0.142800
0.142800
0.156053
0.142800
0.142800
0.142800
0.150673
0.142800
0.142800
0.142800
0.149874
0.156793
0.142800
0.142800
0.146598
0.158255
0.144047
0.142800
0.142800
0.142800
0.161106
0.142800
0.142800
0.142800
0.142800
0.142800
0.153022
0.142800
0.142800
0.142800
0.142800
0.142800
0.142800
0.142800
0.183346
0.201430
0.142800
0.142800
0.142800
0.142800
0.177683
0.142800
0.142800
0.178843
0.152247
0.144047
0.154551
0.142800
0.146598
0.142800
0.142800
0.201430
0.171035
0.172280
0.183895
0.142800
0.142800
0.172896
0.171035
0.152247
0.142800
0.156053
0.142800
0.144047
0.142800
0.142800
0.142800
0.142800
0.142800
0.144047
0.142800
0.155305
0.142800
0.142800
0.158255
0.199570
0.153790
0.142800
0.169136
0.142800
0.142800
0.142800
0.142800
0.142800
0.154551
0.142800
0.142800
0.142800
0.164541
0.171035
0.169136
0.142800
0.142800
0.204612
0.152247
0.142800
0.142800
0.155305
0.150673
0.158255
0.142800
0.142800
0.142800
0.175320
0.142800
0.142800
0.142800
0.142800
0.142800
0.142800
0.143178
0.172280
0.144047
0.142800
0.142800
0.146598
0.171660
0.142800
0.142800
0.171035
0.155305
0.142800
0.142800
0.142800
0.142800
0.142800
0.161106
0.142800
0.142800
0.142800
0.144047
0.167847
0.189736
0.144907
0.175320
0.142800
0.142800
0.142800
0.142800
0.142800
0.142800
0.142800
0.142800
0.142800
0.197676
0.158977
0.189736
0.187123
0.160402
0.192284
0.163865
0.142800
0.163183
0.146598
0.142800
0.142800
0.156053
0.149874
0.142800
0.142800
0.142800
0.142800
0.142800
0.142800
0.142800
0.142800
0.142800
0.142800
0.142800
0.142800
0.142800
0.142800
0.142800
0.142800
0.142800
0.142800
0.142800
0.142800
0.142800
0.156053
0.142800
0.142800
0.142800
0.142800
0.142800
0.142800
0.142800
0.142800
0.142800
0.142800
0.142800
0.142800
0.142800
0.142800
0.142800
0.142800
0.153022
0.144047
0.142800
0.142800
0.142800
0.142800
0.154551
0.142800
0.142800
0.145757
0.147430
0.142800
0.142800
0.142800
0.142800
0.142800
0.142800
0.142800
0.174116
0.160402
0.142800
0.163865
0.142800
0.142800
0.142800
0.155305
0.142800
0.142800
0.150673
0.142800
0.142800
0.142800
0.147430
0.142800
0.149874
0.142800
0.142800
0.142800
0.142800
0.142800
0.142800
0.142800
0.164541
0.142800
0.142800
0.142800
0.142800
0.142800
0.142800
0.142800
0.142800
0.142800
0.161804
0.142800
0.142800
0.142800
0.142800
0.142800
0.142800
0.142800
0.142800
0.142800
0.142800
0.142800
0.142800
0.142800
0.142800
0.142800
0.142800
0.142800
0.142800
0.142800
0.142800
0.142800
0.142800
0.142800
0.142800
0.142800
0.142800
0.142800
0.142800
0.142800
0.142800
0.142800
0.142800
0.142800
0.142800
0.142800
0.142800
0.142800
0.142800
0.142800
0.142800
0.142800
0.142800
0.142800
0.142800
0.142800
0.142800
0.142800
0.142800
0.142800
0.142800
0.142800
0.142800
0.142800
0.142800
0.236819
0.142800
0.142800
0.142800
0.142800
0.142800
0.142800
0.142800
0.142800
0.142800
0.142800
0.142800
0.142800
0.142800
0.142800
0.142800
0.142800
0.142800
0.142800
0.142800
0.142800
0.142800
0.142800
0.142800
0.142800
0.142800
0.142800
0.142800
0.142800
0.142800
0.142800
0.142800
0.142800
0.142800
0.142800
0.142800
0.142800
0.142800
0.142800
0.142800
0.142800
0.142800
0.156793
0.142800
0.161804
0.184440
0.142800
0.142800
0.142800
0.193782
0.163865
0.142800
0.142800
0.142800
0.142800
0.142800
0.142800
0.143178
0.142800
0.142800
0.142800
0.142800
0.142800
0.142800
0.165212
0.142800
0.142800
0.142800
0.142800
0.142800
0.142800
0.142800
0.142800
0.142800
0.142800
0.142800
0.142800
0.142800
0.142800
0.142800
0.142800
0.142800
0.142800
0.142800
0.142800
0.142800
0.142800
0.142800
0.142800
0.142800
0.142800
0.142800
0.156053
0.146598
0.157528
0.161106
0.163183
0.167196
0.142800
0.216273
0.142800
0.189296
0.230371
0.161106
0.187651
0.214051
0.142800
0.169136
0.186593
0.177683
0.155305
0.142800
0.163865
0.175320
0.142800
0.150673
0.142800
0.142800
0.142800
0.142800
0.142800
0.142800
0.142800
0.142800
0.214871
0.229815
0.220065
0.188177
0.147430
0.162496
0.176509
0.178265
0.142800
0.162496
0.148253
0.142800
0.142800
0.142800
0.142800
0.142800
0.156793
0.150673
0.142800
0.142800
0.142800
0.173508
0.144907
0.142800
0.147430
0.158255
0.142800
0.142800
0.142800
0.142800
0.142800
0.142800
0.142800
0.142800
0.142800
0.142800
0.142800
0.142800
0.142800
0.142800
0.142800
0.142800
0.142800
0.142800
0.142800
0.142800
0.142800
0.142800
0.142800
0.142800
0.142800
0.142800
0.142800
0.142800
0.142800
0.159693
0.142800
0.142800
0.162496
0.146598
0.142800
0.142800
0.144907
0.156053
0.168494
0.142800
0.142800
0.142800
0.142800
0.142800
0.142800
0.142800
0.142800
0.142800
0.142800
0.172280
0.151464
0.142800
0.142800
0.142800
0.142800
0.142800
0.142800
0.142800
0.142800
0.142800
0.142800
0.142800
0.142800
0.142800
0.142800
0.142800
0.142800
0.142800
0.142800
0.142800
0.142800
0.142800
0.142800
0.142800
0.142800
0.142800
0.142800
0.153022
0.142800
0.142800
0.142800
0.142800
0.142800
0.142800
0.142800
0.220455
0.165212
0.142800
0.174720
0.142800
0.143178
0.159693
0.142800
0.142800
0.142800
0.155305
0.142800
0.142800
0.178265
0.174116
0.158977
0.142800
0.142800
0.205059
0.147430
0.152247
0.142800
0.169136
0.172280
0.160402
0.186059
0.142800
0.175916
0.167847
0.180556
0.142800
0.152247
0.142800
0.142800
0.144047
0.217298
0.175320
0.167196
0.142800
0.172280
0.142800
0.142800
0.189736
0.177098
0.142800
0.189219
0.142800
0.142800
0.142800
0.175916
0.142800
0.142800
0.142800
0.177098
0.142800
0.142800
0.142800
0.195259
0.142800
0.142800
0.142800
0.142800
0.142800
0.142800
0.142800
0.142800
0.187651
0.142800
0.142800
0.175320
0.179988
0.145757
0.166539
0.142800
0.160402
0.142800
0.142800
0.142800
0.142800
0.142800
0.142800
0.142800
0.142800
0.142800
0.142800
0.142800
0.142800
0.142800
0.142800
0.142800
0.142800
0.142800
0.142800
0.142800
0.142800
0.142800
0.142800
0.142800
0.144907
0.142800
0.142800
0.142800
0.142800
0.142800
0.171660
0.153790
0.142800
0.160402
0.142800
0.142800
0.142800
0.142800
0.165878
0.142800
0.142800
0.142800
0.142800
0.230891
0.142800
0.142800
0.142800
0.142800
0.142800
0.142800
0.142800
0.142800
0.142800
0.142800
0.142800
0.179988
0.145757
0.142800
0.142800
0.181121
0.186059
0.159693
0.142800
0.142800
0.142800
0.142800
0.142800
0.142800
0.168494
0.215279
0.142800
0.142800
0.142800
0.142800
0.152247
0.143178
0.142800
0.157528
0.142800
0.177683
0.142800
0.142800
0.142800
0.142800
0.142800
0.152247
0.170407
0.142800
0.142800
0.142800
0.142800
0.142800
0.169774
0.142800
0.142800
0.142800
0.142800
0.142800
0.142800
0.142800
0.142800
0.186059
0.172896
0.142800
0.142800
0.142800
0.151464
0.142800
0.167847
0.142800
0.142800
0.142800
0.155305
0.156053
0.161106
0.142800
0.146598
0.144047
0.142800
0.161804
0.163183
0.163183
0.142800
0.153022
0.171660
0.142800
0.161804
0.156793
0.142800
0.142800
0.142800
0.142800
0.142800
0.142800
0.142800
0.146598
0.142800
0.173508
0.142800
0.142800
0.142800
0.142800
0.142800
0.142800
0.142800
0.142800
0.142800
0.142800
0.142800
0.142800
0.142800
0.142800
0.142800
0.142800
0.212810
0.206828
0.184983
0.233016
0.238061
0.142800
0.142800
0.142800
0.142800
0.142800
0.142800
0.237498
0.225413
0.188699
0.194659
0.236934
0.142800
0.142800
0.142800
0.142800
0.142800
0.142800
0.142800
0.174116
0.163865
0.156793
0.159693
0.204163
0.213225
0.197197
0.174720
0.155305
0.142800
0.142800
0.158977
0.142800
0.142800
0.142800
0.142800
0.151464
0.148253
0.142800
0.142800
0.142800
0.142800
0.158255
0.166539
0.158977
0.144047
0.172896
0.179417
0.184983
0.154551
0.179417
0.162496
0.178843
0.169774
0.165878
0.167196
0.142800
0.155305
0.153022
0.142800
0.142800
0.142800
0.171035
0.142800
0.142800
0.167196
0.144047
0.142800
0.142800
0.142800
0.142800
0.142800
0.142800
0.142800
0.142800
0.146598
0.142800
0.142800
0.142800
0.142800
0.142800
0.142800
0.142800
0.142800
0.142800
0.142800
0.142800
0.142800
0.142800
0.143178
0.142800
0.151464
0.142800
0.142800
0.142800
0.174116
0.142800
0.142800
0.142800
0.142800
0.142800
0.153022
0.142800
0.142800
0.142800
0.175320
0.142800
0.144907
0.142800
0.142800
0.142800
0.142800
0.142800
0.142800
0.142800
0.142800
0.142800
0.142800
0.142800
0.142800
0.142800
0.142800
0.142800
0.142800
0.144047
0.142800
0.142800
0.142800
0.142800
0.142800
0.142800
0.142800
0.142800
0.142800
0.142800
0.142800
0.142800
0.147430
0.142800
0.167196
0.166539
0.184440
0.172896
0.142800
0.142800
0.188699
0.142800
0.142800
0.175916
0.142800
0.142800
0.142800
0.142800
0.142800
0.142800
0.142800
0.142800
0.142800
0.142800
0.142800
0.142800
0.142800
0.142800
0.142800
0.150673
0.156053
0.142800
0.142800
0.142800
0.142800
0.142800
0.142800
0.142800
0.142800
0.161804
0.142800
0.142800
0.142800
0.142800
0.142800
0.142800
0.142800
0.142800
0.142800
0.148253
0.161106
0.181682
0.188699
0.159693
0.142800
0.142800
0.142800
0.142800
0.142800
0.149068
0.143178
0.142800
0.142800
0.142800
0.160402
0.142800
0.142800
0.142800
0.142800
0.142800
0.152247
0.142800
0.142800
0.142800
0.142800
0.148253
0.142800
0.144047
0.142800
0.142800
0.142800
0.142800
0.142800
0.142800
0.142800
0.152247
0.142800
0.142800
0.142800
0.142800
0.145757
0.142800
0.142800
0.142800
0.172896
0.142800
0.142800
0.144907
0.169774
0.171660
0.142800
0.142800
0.142800
0.150673
0.142800
0.142800
0.145757
0.142800
0.142800
0.142800
0.142800
0.142800
0.142800
0.142800
0.142800
0.142800
0.142800
0.142800
0.142800
0.142800
0.142800
0.142800
0.142800
0.142800
0.142800
0.142800
0.142800
0.142800
0.142800
0.142800
0.142800
0.142800
0.142800
0.142800
0.142800
0.142800
0.142800
0.142800
0.142800
0.142800
0.142800
0.142800
0.142800
0.142800
0.142800
0.142800
0.142800
0.142800
0.142800
0.142800
0.142800
0.142800
0.142800
0.142800
0.142800
0.149874
0.142800
0.142800
0.142800
0.142800
0.142800
0.142800
0.142800
0.142800
0.142800
0.142800
0.142800
0.142800
0.142800
0.142800
0.147430
0.142800
0.142800
0.142800
0.142800
0.167196
0.142800
0.142800
0.142800
0.142800
0.142800
0.142800
0.142800
0.166539
0.142800
0.142800
0.142800
0.142800
0.142800
0.142800
0.142800
0.142800
0.143178
0.142800
0.142800
0.142800
0.142800
0.142800
0.142800
0.142800
0.142800
0.142800
0.151464
0.160402
0.156793
0.143178
0.142800
0.142800
0.142800
0.142800
0.142800
0.142800
0.142800
0.142800
0.142800
0.170407
0.154551
0.153022
0.219674
0.229815
0.144047
0.148253
0.211975
0.197676
0.142800
0.142800
0.152247
0.142800
0.149874
0.142800
0.148253
0.142800
0.142800
0.142800
0.142800
0.149068
0.142800
0.142800
0.144047
0.147430
0.143178
0.218095
0.218887
0.220844
0.202349
0.142800
0.142800
0.152247
0.142800
0.142800
0.142800
0.142800
0.142800
0.180556
0.142800
0.142800
0.142800
0.142800
0.142800
0.142800
0.161106
0.160402
0.142800
0.142800
0.152247
0.142800
0.151464
0.163865
0.142800
0.202349
0.142800
0.158977
0.142800
0.142800
0.142800
0.181121
0.142800
0.142800
0.142800
0.142800
0.142800
0.142800
0.142800
0.142800
0.142800
0.142800
0.238846
0.213639
0.207703
0.197676
0.142800
0.142800
0.142800
0.183346
0.156793
0.166539
0.156053
0.142800
0.169774
0.143178
0.162496
0.200038
0.142800
0.142800
0.142800
0.142800
0.142800
0.142800
0.223531
0.198152
0.184440
0.212810
0.180556
0.183895
0.142800
0.142800
0.144047
0.163183
0.188177
0.199570
0.194769
0.184440
0.189736
0.177098
0.161804
0.144907
0.147430
0.142800
0.142800
0.165878
0.150673
0.142800
0.184983
0.142800
0.142800
0.142800
0.142800
0.152247
0.142800
0.142800
0.142800
0.142800
0.142800
0.142800
0.181121
0.142800
0.142800
0.142800
0.142800
0.142800
0.142800
0.142800
0.177683
0.186593
0.142800
0.151464
0.142800
0.146598
0.149068
0.191779
0.165878
0.142800
0.142800
0.142800
0.142800
0.142800
0.142800
0.142800
0.142800
0.142800
0.142800
0.142800
0.142800
0.142800
0.142800
0.142800
0.142800
0.209001
0.142800
0.145757
0.142800
0.142800
0.142800
0.142800
0.142800
0.142800
0.143178
0.142800
0.142800
0.157528
0.142800
0.190251
0.178265
0.142800
0.147430
0.153790
0.179988
0.161106
0.144907
0.142800
0.143178
0.236819
0.142800
0.142800
0.142800
0.142800
0.142800
0.142800
0.142800
0.144047
0.142800
0.142800
0.161804
0.142800
0.142800
0.142800
0.142800
0.142800
0.142800
0.142800
0.142800
0.142800
0.149068
0.142800
0.178265
0.142800
0.142800
0.142800
0.142800
0.142800
0.142800
0.142800
0.148253
0.142800
0.177683
0.142800
0.142800
0.142800
0.142800
0.142800
0.142800
0.142800
0.189219
0.142800
0.142800
0.161106
0.142800
0.142800
0.142800
0.142800
0.142800
0.142800
0.142800
0.154551
0.142800
0.142800
0.142800
0.142800
0.164541
0.142800
0.160402
0.190251
0.207703
0.142800
0.142800
0.158977
0.142800
0.143178
0.165878
0.142800
0.142800
0.143178
0.147430
0.155305
0.220844
0.206828
0.209431
0.147430
0.157528
0.142800
0.178843
0.142800
0.142800
0.183895
0.234412
0.148253
0.142800
0.142800
0.142800
0.142800
0.143178
0.142800
0.142800
0.142800
0.142800
0.142800
0.142800
0.142800
0.142800
0.142800
0.142800
0.177098
0.142800
0.142800
0.161804
0.192284
0.142800
0.142800
0.142800
0.156053
0.142800
0.170908
0.142800
0.167847
0.142800
0.142800
0.142800
0.142800
0.142800
0.142800
0.142800
0.142800
0.142800
0.142800
0.142800
0.142800
0.142800
0.228366
0.161804
0.158255
0.142800
0.142800
0.196716
0.160402
0.151464
0.176509
0.173508
0.174720
0.142800
0.142800
0.142800
0.142800
0.142800
0.142800
0.142800
0.142800
0.142800
0.142800
0.142800
0.152247
0.142800
0.171660
0.142800
0.142800
0.216897
0.194769
0.156793
0.173508
0.142800
0.142800
0.142800
0.142800
0.197676
0.153790
0.223910
0.161106
0.142800
0.142800
0.142800
0.210285
0.160402
0.167196
0.164541
0.175320
0.142800
0.167196
0.160402
0.163183
0.205947
0.161106
0.169774
0.190763
0.174720
0.186059
0.152247
0.177098
0.169774
0.179988
0.191779
0.142800
0.144047
0.142800
0.182795
0.149068
0.161804
0.161804
0.152247
0.193782
0.142800
0.142800
0.142800
0.142800
0.142800
0.142800
0.142800
0.162496
0.211555
0.142800
0.142800
0.148253
0.142800
0.142800
0.142800
0.189736
0.173508
0.142800
0.142800
0.156053
0.144047
0.142800
0.142800
0.142800
0.142800
0.142800
0.142800
0.143178
0.142800
0.142800
0.142800
0.142800
0.142800
0.142800
0.148253
0.163865
0.142800
0.142800
0.142800
0.142800
0.142800
0.142800
0.149068
0.142800
0.142800
0.154551
0.142800
0.142800
0.158255
0.142800
0.142800
0.142800
0.142800
0.142800
0.142800
0.142800
0.142800
0.142800
0.142800
0.142800
0.142800
0.142800
0.150673
0.142800
0.142800
0.184440
0.142800
0.142800
0.154551
0.153790
0.142800
0.142800
0.144047
0.142800
0.142800
0.142800
0.209797
0.142800
0.142800
0.142800
0.142800
0.142800
0.142800
0.142800
0.142800
0.142800
0.142800
0.142800
0.142800
0.142800
0.142800
0.142800
0.142800
0.142800
0.142800
0.142800
0.142800
0.142800
0.142800
0.142800
0.142800
0.142800
0.142800
0.142800
0.188177
0.142800
0.142800
0.142800
0.142800
0.142800
0.142800
0.142800
0.142800
0.142800
0.142800
0.142800
0.142800
0.142800
0.213225
0.142800
0.142800
0.142800
0.142800
0.142800
0.142800
0.157528
0.142800
0.142800
0.142800
0.142800
0.142800
0.142800
0.142800
0.142800
0.142800
0.142800
0.172280
0.186059
0.182240
0.161106
0.142800
0.183346
0.160402
0.158977
0.156053
0.146598
0.142800
0.142800
0.142800
0.170407
0.163865
0.142800
0.151464
0.142800
0.142800
0.142800
0.142800
0.144047
0.169136
0.142800
0.161106
0.170407
0.142800
0.142800
0.146598
0.142800
0.142800
0.149068
0.153790
0.149068
0.142800
0.149874
0.153022
0.142800
0.208570
0.167196
0.142800
0.149874
0.142800
0.142800
0.142800
0.142800
0.142800
0.142800
0.231442
0.152247
0.209001
0.211975
0.155305
0.142800
0.142800
0.142800
0.142800
0.213639
0.168494
0.142800
0.142800
0.142800
0.142800
0.142800
0.142800
0.142800
0.142800
0.142800
0.142800
0.237498
0.196716
0.219674
0.230175
0.146598
0.199570
0.212393
0.142800
0.142800
0.142800
0.142800
0.142800
0.191272
0.208137
0.173508
0.199570
0.194769
0.142800
0.194277
0.145757
0.153022
0.142800
0.142800
0.142800
0.142800
0.142800
0.142800
0.142800
0.142800
0.142800
0.142800
0.142800
0.142800
0.142800
0.142800
0.142800
0.142800
0.142800
0.142800
0.142800
0.142800
0.142800
0.156793
0.142800
0.142800
0.142800
0.142800
0.142800
0.142800
0.142800
0.142800
0.142800
0.142800
0.142800
0.142800
0.142800
0.142800
0.142800
0.142800
0.142800
0.142800
0.142800
0.142800
0.142800
0.143178
0.142800
0.142800
0.150673
0.143178
0.149068
0.149068
0.142800
0.142800
0.142800
0.142800
0.142800
0.142800
0.142800
0.142800
0.142800
0.142800
0.142800
0.142800
0.163183
0.142800
0.142800
0.142800
0.142800
0.142800
0.145757
0.142800
0.142800
0.159693
0.149874
0.142800
0.149874
0.165878
0.142800
0.142800
0.142800
0.142800
0.142800
0.142800
0.142800
0.142800
0.142800
0.142800
0.177683
0.142800
0.142800
0.165878
0.142800
0.142800
0.172280
0.161106
0.160402
0.165878
0.142800
0.175916
0.148253
0.145757
0.212393
0.142800
0.142800
0.169774
0.153022
0.151464
0.142800
0.142800
0.142800
0.142800
0.142800
0.142800
0.142800
0.142800
0.142800
0.142800
0.142800
0.148253
0.148253
0.142800
0.142800
0.142800
0.142800
0.142800
0.142800
0.144047
0.145757
0.142800
0.142800
0.142800
0.142800
0.142800
0.142800
0.142800
0.142800
0.142800
0.142800
0.142800
0.142800
0.142800
0.142800
0.142800
0.142800
0.142800
0.142800
0.142800
0.142800
0.142800
0.142800
0.158255
0.142800
0.142800
0.142800
0.144907
0.142800
0.142800
0.142800
0.142800
0.142800
0.142800
0.142800
0.142800
0.142800
0.157528
0.142800
0.142800
0.142800
0.142800
0.160402
0.142800
0.142800
0.142800
0.142800
0.142800
0.142800
0.142800
0.142800
0.142800
0.142800
0.142800
0.142800
0.142800
0.142800
0.142800
0.142800
0.142800
0.142800
0.142800
0.142800
0.142800
0.164541
0.142800
0.142800
0.142800
0.142800
0.142800
0.142800
0.142800
0.173508
0.142800
0.142800
0.170407
0.142800
0.142800
0.142800
0.191779
0.198152
0.142800
0.142800
0.142800
0.142800
0.142800
0.142800
0.142800
0.142800
0.142800
0.142800
0.142800
0.142800
0.142800
0.142800
0.142800
0.142800
0.142800
0.142800
0.142800
0.142800
0.142800
0.142800
0.142800
0.142800
0.158977
0.142800
0.142800
0.155305
0.142800
0.142800
0.162496
0.142800
0.142800
0.161106
0.147430
0.165878
0.142800
0.142800
0.142800
0.142800
0.142800
0.142800
0.142800
0.194769
0.144907
0.174720
0.190251
0.190763
0.142800
0.142800
0.142800
0.142800
0.147430
0.142800
0.142800
0.142800
0.142800
0.157528
0.142800
0.142800
0.153022
0.219674
0.142800
0.142800
0.176509
0.142800
0.142800
0.142800
0.142800
0.142800
0.142800
0.142800
0.181391
0.204163
0.167196
0.209001
0.199570
0.163865
0.142800
0.175320
0.142800
0.174116
0.173508
0.202349
0.163183
0.184983
0.187651
0.142800
0.142800
0.142800
0.142800
0.148253
0.142800
0.142800
0.142800
0.142800
0.142800
0.142800
0.142800
0.142800
0.142800
0.142800
0.159693
0.142800
0.142800
0.142800
0.156053
0.142800
0.142800
0.142800
0.142800
0.142800
0.151464
0.163183
0.151464
0.142800
0.142800
0.142800
0.142800
0.142800
0.169774
0.142800
0.142800
0.144047
0.142800
0.142800
0.142800
0.142800
0.142800
0.142800
0.171660
0.208570
0.205059
0.142800
0.203260
0.151464
0.177683
0.143178
0.183895
0.142800
0.142800
0.142800
0.142800
0.145757
0.142800
0.142800
0.142800
0.142800
0.152247
0.169136
0.176509
0.216494
0.207266
0.177683
0.174116
0.200504
0.142800
0.162496
0.168494
0.142800
0.142800
0.155305
0.156793
0.142800
0.195259
0.199570
0.178265
0.185522
0.204612
0.188177
0.210285
0.142800
0.161804
0.144907
0.188177
0.199570
0.142800
0.142800
0.178843
0.230891
0.216897
0.195259
0.167847
0.204612
0.161804
0.165878
0.174720
0.165878
0.165212
0.177683
0.142800
0.142800
0.142800
0.168494
0.142800
0.217697
0.142800
0.142800
0.196233
0.142800
0.142800
0.142800
0.142800
0.142800
0.142800
0.142800
0.146598
0.144907
0.142800
0.142800
0.142800
0.142800
0.142800
0.142800
0.157528
0.142800
0.142800
0.142800
0.142800
0.142800
0.142800
0.142800
0.142800
0.142800
0.167196
0.142800
0.145757
0.144047
0.142800
0.142800
0.142800
0.142800
0.142800
0.142800
0.142800
0.142800
0.142800
0.142800
0.142800
0.142800
0.142800
0.142800
0.142800
0.142800
0.142800
0.142800
0.142800
0.142800
0.236819
0.142800
0.200504
0.142800
0.142800
0.142800
0.142800
0.142800
0.179988
0.226158
0.164541
0.188699
0.142800
0.210285
0.209431
0.142800
0.142800
0.142800
0.142800
0.142800
0.162496
0.209431
0.205947
0.211133
0.214051
0.178265
0.142800
0.214462
0.209859
0.199099
0.200968
0.142800
0.142800
0.148253
0.142800
0.149068
0.161804
0.187651
0.155305
0.169774
0.160402
0.240842
0.191779
0.217298
0.142800
0.145757
0.142800
0.142800
0.142800
0.142800
0.142800
0.167196
0.142800
0.152247
0.150673
0.170407
0.142800
0.142800
0.149068
0.142800
0.142800
0.146598
0.142800
0.142800
0.142800
0.142800
0.142800
0.144047
0.142800
0.142800
0.142800
0.142800
0.169774
0.142800
0.142800
0.168494
0.142800
0.142800
0.142800
0.142800
0.142800
0.148253
0.142800
0.142800
0.142800
0.142800
0.177683
0.142800
0.142800
0.142800
0.142800
0.142800
0.142800
0.142800
0.142800
0.215686
0.210710
0.142800
0.142800
0.172896
0.196233
0.190763
0.215686
0.167256
0.142800
0.142800
0.188177
0.202349
0.208570
0.208570
0.207266
0.185522
0.184440
0.142800
0.142800
0.142800
0.182795
0.142800
0.142800
0.157528
0.142800
0.142800
0.142800
0.188177
0.142800
0.162496
0.187123
0.170407
0.175916
0.196716
0.142800
0.156053
0.175916
0.142800
0.142800
0.144047
0.142800
0.142800
0.144047
0.142800
0.156793
0.142800
0.142800
0.142800
0.159693
0.142800
0.142800
0.142800
0.142800
0.142800
0.142800
0.142800
0.142800
0.142800
0.142800
0.166539
0.142800
0.156053
0.142800
0.142800
0.142800
0.142800
0.142800
0.151464
0.142800
0.142800
0.142800
0.142800
0.154551
0.191779
0.142800
0.142800
0.142800
0.142800
0.142800
0.142800
0.142800
0.142800
0.188699
0.142800
0.142800
0.142800
0.142800
0.142800
0.142800
0.142800
0.173508
0.165212
0.154551
0.142800
0.142800
0.142800
0.142800
0.156053
0.142800
0.142800
0.142800
0.142800
0.142800
0.142800
0.142800
0.142800
0.142800
0.145757
0.142800
0.142800
0.142800
0.167196
0.142800
0.149068
0.142800
0.142800
0.143178
0.142800
0.186059
0.142800
0.142800
0.142800
0.142800
0.142800
0.155305
0.142800
0.142800
0.142800
0.142800
0.143178
0.142800
0.142800
0.142800
0.142800
0.142800
0.146598
0.150673
0.143178
0.149874
0.142800
0.142800
0.159693
0.142800
0.142800
0.142800
0.142800
0.142800
0.142800
0.142800
0.142800
0.161804
0.142800
0.142800
0.142800
0.142800
0.142800
0.164541
0.142800
0.142800
0.162496
0.164541
0.142800
0.142800
0.142800
0.142800
0.177098
0.142800
0.142800
0.142800
0.142800
0.142800
0.142800
0.142800
0.153022
0.155305
0.142800
0.169774
0.142800
0.175916
0.142800
0.142800
0.142800
0.142800
0.142800
0.142800
0.142800
0.224664
0.142800
0.142800
0.142800
0.142800
0.142800
0.142800
0.142800
0.142800
0.142800
0.142800
0.142800
0.172280
0.142800
0.160402
0.142800
0.142800
0.142800
0.142800
0.142800
0.142800
0.238061
0.142800
0.149068
0.142800
0.142800
0.142800
0.142800
0.142800
0.142800
0.142800
0.142800
0.142800
0.142800
0.142800
0.142800
0.142800
0.142800
0.142800
0.142800
0.142800
0.142800
0.142800
0.142800
0.142800
0.142800
0.142800
0.142800
0.142800
0.145757
0.142800
0.142800
0.142800
0.151464
0.142800
0.161106
0.142800
0.187123
0.142800
0.142800
0.142800
0.170407
0.180556
0.147430
0.142800
0.142800
0.173508
0.142800
0.169136
0.144047
0.142800
0.142800
0.144047
0.142800
0.147430
0.142800
0.171035
0.142800
0.144047
0.144047
0.142800
0.142800
0.145757
0.142800
0.142800
0.142800
0.144047
0.142800
0.142800
0.142800
0.142800
0.152247
0.158977
0.142800
0.142800
0.142800
0.142800
0.156793
0.142800
0.169136
0.168494
0.142800
0.142800
0.175320
0.142800
0.171660
0.144907
0.156053
0.167847
0.174720
0.142800
0.160402
0.172280
0.181682
0.179417
0.149068
0.165878
0.146598
0.142800
0.144047
0.174720
0.142800
0.142800
0.208137
0.142800
0.142800
0.142800
0.149874
0.167847
0.142800
0.178843
0.144907
0.142800
0.142800
0.142800
0.158255
0.177683
0.142800
0.142800
0.162496
0.142800
0.142800
0.145757
0.142800
0.148253
0.142800
0.142800
0.142800
0.142800
0.142800
0.142800
0.156793
0.142800
0.204163
0.142800
0.142800
0.150673
0.192786
0.142800
0.146598
0.142800
0.142800
0.142800
0.145757
0.143178
0.142800
0.142800
0.142800
0.142800
0.157528
0.165212
0.142800
0.148253
0.142800
0.145757
0.146598
0.142800
0.142800
0.142800
0.176509
0.156053
0.145757
0.142800
0.142800
0.142800
0.142800
0.142800
0.142800
0.142800
0.142800
0.142800
0.142800
0.142800
0.142800
0.142800
0.142800
0.142800
0.142800
0.142800
0.142800
0.142800
0.143178
0.142800
0.142800
0.142800
0.142800
0.142800
0.142800
0.142800
0.142800
0.142800
0.142800
0.142800
0.142800
0.142800
0.142800
0.142800
0.142800
0.142800
0.158255
0.148253
0.145757
0.176509
0.208570
0.189736
0.191272
0.211133
0.142800
0.156793
0.167847
0.145757
0.173508
0.153022
0.142800
0.149068
0.166539
0.151464
0.142800
0.150673
0.142800
0.142800
0.142800
0.142800
0.148253
0.174116
0.158255
0.188699
0.150673
0.142800
0.149068
0.142800
0.142800
0.142800
0.158255
0.142800
0.142800
0.142800
0.142800
0.142800
0.142800
0.158255
0.142800
0.142800
0.142800
0.142800
0.142800
0.142800
0.142800
0.142800
0.142800
0.142800
0.142800
0.142800
0.142800
0.142800
0.142800
0.142800
0.142800
0.142800
0.142800
0.142800
0.142800
0.142800
0.146598
0.164541
0.142800
0.142800
0.142800
0.142800
0.142800
0.142800
0.142800
0.149068
0.142800
0.142800
0.142800
0.157528
0.142800
0.142800
0.142800
0.142800
0.142800
0.142800
0.151464
0.153790
0.142800
0.142800
0.142800
0.142800
0.142800
0.142800
0.179988
0.200504
0.143178
0.149874
0.142800
0.142800
0.161106
0.144047
0.142800
0.177098
0.142800
0.142800
0.142800
0.142800
0.142800
0.163865
0.142800
0.142800
0.142800
0.152247
0.156793
0.215686
0.142800
0.192284
0.209001
0.142800
0.142800
0.145757
0.165212
0.142800
0.197676
0.156053
0.184440
0.188699
0.142800
0.142800
0.149068
0.142800
0.142800
0.142800
0.142800
0.142800
0.142800
0.142800
0.142800
0.142800
0.142800
0.142800
0.142800
0.163865
0.142800
0.142800
0.142800
0.142800
0.142800
0.161804
0.142800
0.142800
0.142800
0.142800
0.142800
0.165878
0.142800
0.142800
0.142800
0.142800
0.142800
0.142800
0.142800
0.142800
0.142800
0.142800
0.142800
0.142800
0.142800
0.142800
0.142800
0.142800
0.142800
0.142800
0.142800
0.142800
0.142800
0.142800
0.142800
0.142800
0.142800
0.142800
0.142800
0.142800
0.142800
0.142800
0.142800
0.142800
0.142800
0.142800
0.142800
0.142800
0.142800
0.142800
0.146598
0.142800
0.142800
0.142800
0.142800
0.142800
0.142800
0.142800
0.142800
0.142800
0.142800
0.142800
0.142800
0.142800
0.142800
0.142800
0.142800
0.142800
0.142800
0.142800
0.143178
0.167847
0.156793
0.142800
0.142800
0.181121
0.191779
0.152247
0.152247
0.191561
0.142800
0.201430
0.163865
0.142800
0.156053
0.142800
0.219281
0.142800
0.160402
0.188699
0.142800
0.143178
0.142800
0.142800
0.187123
0.143178
0.142800
0.178265
0.174720
0.143178
0.142800
0.142800
0.142800
0.165878
0.142800
0.142800
0.142800
0.142800
0.144047
0.149068
0.142800
0.142800
0.142800
0.142800
0.142800
0.142800
0.142800
0.142800
0.142800
0.174720
0.142800
0.142800
0.171035
0.149068
0.142800
0.142800
0.142800
0.142800
0.142800
0.142800
0.142800
0.142800
0.153022
0.142800
0.142800
0.164541
0.171660
0.144907
0.142800
0.146598
0.169774
0.142800
0.168494
0.142800
0.142800
0.142800
0.142800
0.142800
0.142800
0.142800
0.142800
0.142800
0.142800
0.142800
0.142800
0.142800
0.142800
0.142800
0.142800
0.142800
0.141145
0.165212
0.142800
0.142800
0.142800
0.175320
0.167847
0.142800
0.156053
0.166539
0.190251
0.142800
0.142800
0.142800
0.142800
0.142800
0.142800
0.142800
0.142800
0.167847
0.177683
0.169136
0.142800
0.142800
0.166539
0.167847
0.142800
0.160402
0.167196
0.142800
0.142800
0.160402
0.142800
0.196233
0.163183
0.142800
0.157528
0.165212
0.168494
0.171660
0.174720
0.152247
0.142800
0.142800
0.142800
0.142800
0.189736
0.142800
0.142800
0.142800
0.172896
0.142800
0.171660
0.160402
0.142800
0.142800
0.142800
0.142800
0.142800
0.153790
0.142800
0.142800
0.142800
0.151464
0.142800
0.142800
0.142800
0.142800
0.142800
0.142800
0.142800
0.142800
0.142800
0.151464
0.142800
0.177098
0.156053
0.156053
0.149874
0.161804
0.142800
0.142800
0.142800
0.142800
0.147430
0.184983
0.142800
0.176509
0.142800
0.142800
0.142800
0.155305
0.142800
0.142800
0.142800
0.151464
0.142800
0.142800
0.142800
0.153790
0.142800
0.142800
0.178843
0.171660
0.142800
0.142800
0.142800
0.142800
0.142800
0.158977
0.142800
0.177683
0.142800
0.142800
0.163865
0.177098
0.142800
0.143178
0.156793
0.169136
0.142800
0.142800
0.142800
0.144907
0.142800
0.142800
0.142800
0.142800
0.159693
0.152247
0.142800
0.142800
0.142800
0.142800
0.142800
0.145757
0.142800
0.142800
0.142800
0.142800
0.142800
0.142800
0.142800
0.142800
0.142800
0.142800
0.154551
0.142800
0.142800
0.142800
0.142800
0.142800
0.142800
0.142800
0.142800
0.142800
0.154551
0.142800
0.142800
0.144047
0.157528
0.142800
0.142800
0.142800
0.142800
0.142800
0.142800
0.142800
0.142800
0.142800
0.142800
0.144907
0.161804
0.142800
0.142800
0.142800
0.142800
0.142800
0.142800
0.142800
0.142800
0.142800
0.142800
0.142800
0.142800
0.142800
0.142800
0.142800
0.143178
0.142800
0.142800
0.142800
0.142800
0.142800
0.142800
0.142800
0.142800
0.142800
0.142800
0.142800
0.142800
0.142800
0.142800
0.142800
0.142800
0.142800
0.142800
0.142800
0.142800
0.142800
0.142800
0.142800
0.142800
0.142800
0.142800
0.144047
0.142800
0.142800
0.142800
0.142800
0.142800
0.142800
0.142800
0.142800
0.142800
0.142800
0.142800
0.151464
0.142800
0.142800
0.142800
0.142800
0.142800
0.142800
0.142800
0.142800
0.142800
0.142800
0.149874
0.142800
0.142800
0.142800
0.142800
0.142800
0.142800
0.142800
0.142800
0.142800
0.142800
0.142800
0.148253
0.142800
0.142800
0.142800
0.142800
0.142800
0.142800
0.142800
0.142800
0.142800
0.142800
0.142800
0.179988
0.142800
0.146598
0.142800
0.142800
0.142800
0.142800
0.142800
0.142800
0.142800
0.142800
0.142800
0.142800
0.142800
0.142800
0.142800
0.142800
0.142800
0.142800
0.142800
0.142800
0.142800
0.142800
0.142800
0.142800
0.142800
0.142800
0.142800
0.142800
0.142800
0.142800
0.142800
0.142800
0.142800
0.142800
0.142800
0.142800
0.142800
0.209859
0.142800
0.142800
0.142800
0.142800
0.142800
0.142800
0.145757
0.142800
0.142800
0.142800
0.142800
0.142800
0.142800
0.142800
0.142800
0.142800
0.142800
0.142800
0.142800
0.142800
0.142800
0.142800
0.142800
0.142800
0.142800
0.142800
0.142800
0.142800
0.142800
0.156053
0.142800
0.172280
0.142800
0.236934
0.142800
0.163183
0.167196
0.148253
0.142800
0.142800
0.204520
0.142800
0.142800
0.187651
0.142800
0.179417
0.142800
0.142800
0.142800
0.142800
0.142800
0.142800
0.142800
0.146598
0.142800
0.149068
0.161106
0.142800
0.142800
0.142800
0.142800
0.142800
0.142800
0.142800
0.155305
0.142800
0.142800
0.162496
0.147430
0.142800
0.156053
0.142800
0.145757
0.165212
0.142800
0.142800
0.142800
0.142800
0.142800
0.142800
0.142800
0.142800
0.142800
0.142800
0.142800
0.142800
0.153790
0.142800
0.158977
0.146598
0.142800
0.142800
0.142800
0.142800
0.142800
0.142800
0.142800
0.142800
0.142800
0.142800
0.142800
0.142800
0.142800
0.142800
0.142800
0.142800
0.142800
0.142800
0.142800
0.142800
0.142800
0.142800
0.142800
0.142800
0.142800
0.142800
0.142800
0.142800
0.142800
0.142800
0.153022
0.144907
0.142800
0.142800
0.142800
0.142800
0.142800
0.142800
0.142800
0.142800
0.142800
0.142800
0.142800
0.142800
0.142800
0.142800
0.142800
0.159693
0.142800
0.142800
0.142800
0.142800
0.142800
0.142800
0.142800
0.142800
0.142800
0.142800
0.142800
0.142800
0.145757
0.142800
0.142800
0.142800
0.142800
0.142800
0.142800
0.142800
0.142800
0.142800
0.142800
0.142800
0.142800
0.142800
0.142800
0.142800
0.142800
0.142800
0.142800
0.144907
0.142800
0.142800
0.156053
0.142800
0.142800
0.142800
0.142800
0.142800
0.142800
0.142800
0.142800
0.142800
0.142800
0.142800
0.142800
0.142800
0.142800
0.142800
0.142800
0.142800
0.142800
0.142800
0.142800
0.142800
0.190763
0.142800
0.142800
0.142800
0.142800
0.142800
0.142800
0.142800
0.142800
0.142800
0.142800
0.142800
0.142800
0.142800
0.144907
0.198627
0.142800
0.142800
0.161106
0.142800
0.142800
0.142800
0.144047
0.178843
0.142800
0.142800
0.142800
0.142800
0.142800
0.142800
0.142800
0.142800
0.142800
0.142800
0.142800
0.161106
0.142800
0.142800
0.142800
0.142800
0.142800
0.142800
0.142800
0.142800
0.142800
0.142800
0.144907
0.142800
0.142800
0.143178
0.142800
0.142800
0.142800
0.142800
0.142800
0.142800
0.142800
0.156793
0.142800
0.142800
0.142800
0.148253
0.142800
0.163183
0.142800
0.142800
0.142800
0.142800
0.167847
0.174116
0.142800
0.142800
0.142800
0.142800
0.142800
0.142800
0.165878
0.142800
0.142800
0.142800
0.142800
0.142800
0.191272
0.142800
0.142800
0.142800
0.142800
0.153022
0.142800
0.142800
0.142800
0.142800
0.142800
0.142800
0.142800
0.142800
0.142800
0.142800
0.142800
0.142800
0.142800
0.142800
0.142800
0.142800
0.142800
0.142800
0.142800
0.142800
0.142800
0.142800
0.142800
0.142800
0.142800
0.142800
0.142800
0.142800
0.156793
0.201891
0.142800
0.187123
0.142800
0.193876
0.142800
0.173508
0.187123
0.142800
0.155305
0.172280
0.142800
0.142800
0.142800
0.142800
0.142800
0.142800
0.164541
0.204612
0.142800
0.142800
0.142800
0.142800
0.142800
0.142800
0.144907
0.142800
0.142800
0.142800
0.142800
0.161106
0.142800
0.187651
0.142800
0.142800
0.142800
0.142800
0.142800
0.142800
0.142800
0.142800
0.142800
0.159693
0.156053
0.142800
0.142800
0.142800
0.150673
0.144907
0.142800
0.142800
0.142800
0.142800
0.142800
0.142800
0.142800
0.142800
0.142800
0.142800
0.142800
0.142800
0.142800
0.142800
0.142800
0.142800
0.142800
0.142800
0.142800
0.142800
0.142800
0.142800
0.142800
0.142800
0.142800
0.142800
0.142800
0.142800
0.142800
0.142800
0.142800
0.142800
0.146598
0.142800
0.142800
0.142800
0.142800
0.142800
0.142800
0.142800
0.142800
0.142800
0.142800
0.142800
0.142800
0.142800
0.158977
0.148253
0.184983
0.142800
0.149068
0.179417
0.142800
0.142800
0.142800
0.142800
0.153790
0.142800
0.142800
0.142800
0.142800
0.142800
0.149068
0.142800
0.169136
0.163183
0.142800
0.142800
0.142800
0.142800
0.142800
0.142800
0.142800
0.142800
0.151464
0.142800
0.142800
0.142800
0.147430
0.142800
0.142800
0.142800
0.142800
0.142800
0.190763
0.142800
0.142800
0.148253
0.155305
0.169136
0.175916
0.142800
0.142800
0.181682
0.142800
0.142800
0.142800
0.142800
0.142800
0.142800
0.146598
0.142800
0.142800
0.150673
0.169774
0.156053
0.160402
0.145757
0.150673
0.142800
0.144047
0.154551
0.142800
0.142800
0.142800
0.142800
0.142800
0.142800
0.157528
0.150673
0.143178
0.142800
0.142800
0.142800
0.142800
0.142800
0.142800
0.142800
0.142800
0.142800
0.142800
0.142800
0.142800
0.142800
0.142800
0.142800
0.142800
0.142800
0.142800
0.142800
0.142800
0.142800
0.142800
0.142800
0.142800
0.158255
0.142800
0.189219
0.192284
0.142800
0.142800
0.142800
0.142800
0.142800
0.153790
0.142800
0.142800
0.144047
0.142800
0.169136
0.142800
0.142800
0.142800
0.156793
0.142800
0.142800
0.142800
0.142800
0.142800
0.142800
0.142800
0.169774
0.163183
0.228000
0.134026
0.130898
0.223910
0.174720
0.142800
0.142800
0.142800
0.142800
0.142800
0.142800
0.142800
0.142800
0.154551
0.142800
0.142800
0.142800
0.142800
0.142800
0.142800
0.142800
0.142800
0.142800
0.142800
0.142800
0.142800
0.142800
0.142800
0.142800
0.142800
0.142800
0.142800
0.145757
0.142800
0.142800
0.142800
0.142800
0.142800
0.142800
0.142800
0.142800
0.142800
0.169774
0.144907
0.142800
0.144907
0.142800
0.146598
0.142800
0.142800
0.144047
0.143178
0.142800
0.142800
0.150673
0.142800
0.142800
0.142800
0.159693
0.142800
0.149068
0.142800
0.142800
0.142800
0.146598
0.142800
0.142800
0.142800
0.142800
0.142800
0.167847
0.143178
0.142800
0.168494
0.171660
0.142800
0.158255
0.161804
0.148253
0.151464
0.142800
0.144907
0.142800
0.142800
0.142800
0.142800
0.142800
0.142800
0.142800
0.142800
0.142800
0.142800
0.142800
0.167196
0.142800
0.142800
0.142800
0.142800
0.142800
0.142800
0.142800
0.142800
0.154551
0.142800
0.142800
0.142800
0.142800
0.142800
0.142800
0.142800
0.142800
0.145757
0.142800
0.142800
0.142800
0.142800
0.142800
0.142800
0.142800
0.142800
0.142800
0.142800
0.156053
0.142800
0.144907
0.167847
0.142800
0.142800
0.175916
0.169774
0.142800
0.144907
0.142800
0.156053
0.142800
0.142800
0.142800
0.142800
0.142800
0.142800
0.142800
0.142800
0.142800
0.142800
0.142800
0.142800
0.189736
0.142800
0.142800
0.142800
0.149874
0.155305
0.142800
0.161804
0.142800
0.142800
0.142800
0.142800
0.142800
0.142800
0.142800
0.142800
0.142800
0.142800
0.142800
0.142800
0.142800
0.142800
0.142800
0.142800
0.142800
0.142800
0.142800
0.142800
0.142800
0.142800
0.142800
0.142800
0.142800
0.142800
0.142800
0.142800
0.142800
0.142800
0.142800
0.142800
0.142800
0.142800
0.142800
0.142800
0.142800
0.169136
0.179417
0.204612
0.142800
0.142800
0.142800
0.142800
0.142800
0.142800
0.195259
0.142800
0.142800
0.142800
0.142800
0.142800
0.142800
0.152247
0.158255
0.142800
0.157528
0.158255
0.166539
0.165878
0.142800
0.142800
0.142800
0.142800
0.142800
0.142800
0.142800
0.142800
0.142800
0.142800
0.142800
0.142800
0.142800
0.142800
0.142800
0.142800
0.152247
0.142800
0.142800
0.142800
0.142800
0.142800
0.142800
0.142800
0.142800
0.142800
0.142800
0.142800
0.156793
0.165878
0.142800
0.159693
0.142800
0.142800
0.142800
0.142800
0.142800
0.142800
0.142800
0.142800
0.142800
0.142800
0.155305
0.142800
0.142800
0.142800
0.142800
0.142800
0.142800
0.142800
0.142800
0.142800
0.142800
0.142800
0.142800
0.147430
0.142800
0.142800
0.142800
0.142800
0.148253
0.142800
0.142800
0.142800
0.142800
0.142800
0.142800
0.142800
0.179988
0.142800
0.142800
0.142800
0.142800
0.142800
0.142800
0.142800
0.142800
0.142800
0.142800
0.142800
0.142800
0.142800
0.142800
0.142800
0.142800
0.142800
0.142800
0.142800
0.142800
0.156793
0.142800
0.142800
0.142800
0.142800
0.142800
0.142800
0.147430
0.144047
0.196233
0.142800
0.142800
0.142800
0.142800
0.142800
0.142800
0.142800
0.142800
0.142800
0.142800
0.182795
0.199099
0.142800
0.142800
0.142800
0.142800
0.142800
0.142800
0.154551
0.142800
0.142800
0.163865
0.163183
0.167847
0.162496
0.142800
0.142800
0.142800
0.142800
0.142800
0.142800
0.142800
0.142800
0.142800
0.142800
0.142800
0.151464
0.142800
0.142800
0.142800
0.142800
0.142800
0.142800
0.142800
0.142800
0.142800
0.147430
0.142800
0.147430
0.142800
0.150673
0.142800
0.142800
0.142800
0.172280
0.178265
0.174116
0.142800
0.142800
0.142800
0.142800
0.142800
0.142800
0.142800
0.142800
0.142800
0.142800
0.143178
0.142800
0.142800
0.158977
0.142800
0.142800
0.142800
0.142800
0.142800
0.142800
0.142800
0.142800
0.156793
0.142800
0.142800
0.142800
0.142800
0.142800
0.158255
0.151464
0.142800
0.151464
0.156793
0.142800
0.149068
0.142800
0.142800
0.142800
0.167847
0.142800
0.142800
0.142800
0.142800
0.177098
0.142800
0.142800
0.142800
0.142800
0.166539
0.142800
0.162496
0.142800
0.148253
0.142800
0.153790
0.142800
0.142800
0.142800
0.142800
0.142800
0.142800
0.142800
0.142800
0.146598
0.142800
0.142800
0.142800
0.142800
0.142800
0.142800
0.147430
0.142800
0.142800
0.142800
0.142800
0.142800
0.142800
0.142800
0.142800
0.142800
0.142800
0.142800
0.148253
0.142800
0.142800
0.142800
0.142800
0.143178
0.160402
0.142800
0.156793
0.142800
0.147430
0.153022
0.159693
0.142800
0.142800
0.142800
0.142800
0.142800
0.142800
0.142800
0.142800
0.142800
0.142800
0.142800
0.142800
0.142800
0.142800
0.142800
0.142800
0.142800
0.142800
0.144047
0.142800
0.142800
0.142800
0.142800
0.142800
0.156793
0.142800
0.142800
0.142800
0.142800
0.142800
0.142800
0.142800
0.142800
0.142800
0.158255
0.149874
0.142800
0.149068
0.142800
0.142800
0.160402
0.142800
0.142800
0.142800
0.142800
0.142800
0.142800
0.142800
0.191779
0.142800
0.142800
0.142800
0.146598
0.142800
0.142800
0.148253
0.142800
0.182240
0.142800
0.142800
0.142800
0.142800
0.142800
0.142800
0.142800
0.142800
0.142800
0.142800
0.142800
0.142800
0.142800
0.142800
0.142800
0.142800
0.148253
0.142800
0.142800
0.142800
0.142800
0.142800
0.142800
0.142800
0.142800
0.142800
0.142800
0.142800
0.142800
0.142800
0.142800
0.142800
0.142800
0.142800
0.142800
0.142800
0.142800
0.142800
0.183895
0.142800
0.142800
0.142800
0.142800
0.142800
0.142800
0.142800
0.142800
0.142800
0.142800
0.184983
0.154551
0.142800
0.142800
0.142800
0.142800
0.144907
0.142800
0.153022
0.142800
0.171035
0.169774
0.142800
0.142800
0.151464
0.142800
0.142800
0.142800
0.149068
0.142800
0.142800
0.142800
0.142800
0.142800
0.142800
0.142800
0.151464
0.142800
0.144047
0.142800
0.155305
0.142800
0.172896
0.149874
0.142800
0.142800
0.142800
0.145757
0.142800
0.142800
0.144047
0.156053
0.155305
0.142800
0.142800
0.142800
0.142800
0.205059
0.143178
0.142800
0.142800
0.175320
0.151464
0.159693
0.149068
0.144047
0.142800
0.142800
0.156793
0.172896
0.142800
0.142800
0.142800
0.142800
0.142800
0.142800
0.142800
0.142800
0.142800
0.142800
0.142800
0.142800
0.142800
0.142800
0.142800
0.142800
0.142800
0.142800
0.142800
0.142800
0.142800
0.142800
0.142800
0.142800
0.142800
0.142800
0.142800
0.142800
0.142800
0.142800
0.142800
0.142800
0.142800
0.142800
0.142800
0.142800
0.142800
0.142800
0.142800
0.142800
0.158977
0.158977
0.181682
0.142800
0.164541
0.142800
0.142800
0.172896
0.194277
0.199099
0.186593
0.142800
0.142800
0.142800
0.142800
0.142800
0.142800
0.142800
0.142800
0.144047
0.142800
0.142800
0.152247
0.170407
0.156053
0.161106
0.174720
0.142800
0.142800
0.142800
0.142800
0.142800
0.142800
0.142800
0.142800
0.142800
0.142800
0.142800
0.162496
0.161106
0.142800
0.142800
0.142800
0.153022
0.142800
0.142800
0.142800
0.142800
0.142800
0.142800
0.142800
0.142800
0.142800
0.142800
0.142800
0.142800
0.142800
0.142800
0.142800
0.142800
0.142800
0.142800
0.142800
0.142800
0.142800
0.142800
0.142800
0.142800
0.142800
0.142800
0.142800
0.142800
0.142800
0.142800
0.142800
0.142800
0.142800
0.142800
0.142800
0.142800
0.142800
0.142800
0.142800
0.142800
0.142800
0.142800
0.142800
0.142800
0.144047
0.142800
0.142800
0.142800
0.174720
0.142800
0.142800
0.142800
0.142800
0.142800
0.142800
0.142800
0.142800
0.142800
0.142800
0.142800
0.213225
0.216897
0.142800
0.142800
0.142800
0.142800
0.142800
0.142800
0.142800
0.142800
0.217298
0.142800
0.142800
0.142800
0.142800
0.142800
0.142800
0.142800
0.142800
0.142800
0.142800
0.142800
0.142800
0.142800
0.142800
0.142800
0.142800
0.142800
0.142800
0.142800
0.142800
0.142800
0.142800
0.142800
0.142800
0.142800
0.142800
0.142800
0.142800
0.142800
0.142800
0.142800
0.142800
0.155305
0.142800
0.142800
0.142800
0.171035
0.142800
0.160402
0.142800
0.142800
0.144907
0.167847
0.142800
0.156793
0.142800
0.142800
0.142800
0.142800
0.142800
0.142800
0.142800
0.142800
0.165212
0.149874
0.142800
0.142800
0.142800
0.142800
0.142800
0.142800
0.142800
0.170407
0.142800
0.142800
0.142800
0.156793
0.142800
0.142800
0.142800
0.156053
0.154551
0.162496
0.142800
0.142800
0.142800
0.143178
0.142800
0.149874
0.142800
0.144907
0.142800
0.142800
0.142800
0.142800
0.142800
0.142800
0.142800
0.142800
0.142800
0.142800
0.142800
0.142800
0.142800
0.142800
0.142800
0.142800
0.142800
0.143178
0.142800
0.142800
0.142800
0.142800
0.142800
0.142800
0.144907
0.142800
0.142800
0.142800
0.142800
0.142800
0.142800
0.142800
0.142800
0.142800
0.142800
0.142800
0.142800
0.142800
0.161106
0.142800
0.142800
0.142800
0.142800
0.142800
0.142800
0.142800
0.142800
0.142800
0.142800
0.142800
0.148253
0.142800
0.142800
0.142800
0.142800
0.142800
0.142800
0.142800
0.142800
0.142800
0.142800
0.142800
0.142800
0.156793
0.142800
0.148253
0.142800
0.142800
0.142800
0.142800
0.142800
0.142800
0.142800
0.142800
0.142800
0.142800
0.142800
0.142800
0.142800
0.142800
0.142800
0.142800
0.142800
0.156053
0.142800
0.142800
0.142800
0.142800
0.148253
0.145757
0.153790
0.142800
0.147430
0.142800
0.142800
0.142800
0.142800
0.142800
0.163183
0.142800
0.171660
0.142800
0.142800
0.142800
0.143178
0.142800
0.142800
0.142800
0.156793
0.144047
0.142800
0.142800
0.142800
0.142800
0.142800
0.157528
0.142800
0.142800
0.142800
0.142800
0.142800
0.142800
0.143178
0.144907
0.142800
0.149068
0.164541
0.169136
0.171035
0.142800
0.150673
0.142800
0.144047
0.170407
0.179988
0.207703
0.142800
0.142800
0.142800
0.142800
0.142800
0.161804
0.142800
0.174116
0.184983
0.165878
0.142800
0.142800
0.142800
0.142800
0.142800
0.142800
0.146598
0.160402
0.167847
0.167196
0.179988
0.142800
0.142800
0.142800
0.147430
0.142800
0.142800
0.142800
0.142800
0.154551
0.142800
0.174720
0.142800
0.142800
0.142800
0.142800
0.142800
0.142800
0.142800
0.147430
0.142800
0.142800
0.142800
0.142800
0.142800
0.142800
0.142800
0.148253
0.142800
0.142800
0.142800
0.142800
0.142800
0.142800
0.142800
0.142800
0.142800
0.142800
0.142800
0.142800
0.142800
0.142800
0.142800
0.142800
0.142800
0.144907
0.147430
0.142800
0.142800
0.142800
0.142800
0.161804
0.142800
0.142800
0.155305
0.161106
0.151464
0.142800
0.142800
0.142800
0.142800
0.142800
0.142800
0.142800
0.142800
0.142800
0.142800
0.142800
0.142800
0.142800
0.142800
0.142800
0.142800
0.142800
0.142800
0.142800
0.142800
0.142800
0.142800
0.142800
0.142800
0.142800
0.142800
0.142800
0.142800
0.142800
0.142800
0.142800
0.142800
0.142800
0.142800
0.142800
0.142800
0.163183
0.171660
0.175320
0.142800
0.142800
0.142800
0.142800
0.142800
0.142800
0.142800
0.142800
0.142800
0.142800
0.142800
0.142800
0.184983
0.142800
0.142800
0.142800
0.142800
0.142800
0.142800
0.142800
0.142800
0.142800
0.142800
0.142800
0.142800
0.142800
0.142800
0.142800
0.142800
0.142800
0.142800
0.142800
0.142800
0.142800
0.142800
0.142800
0.153790
0.142800
0.165212
0.142800
0.153022
0.189219
0.149874
0.142800
0.142800
0.142800
0.164541
0.142800
0.142800
0.148253
0.142800
0.175320
0.142800
0.142800
0.142800
0.142800
0.142800
0.142800
0.151464
0.142800
0.154551
0.142800
0.182795
0.142800
0.157528
0.142800
0.142800
0.142800
0.142800
0.142800
0.142800
0.142800
0.142800
0.142800
0.142800
0.171660
0.142800
0.142800
0.142800
0.143178
0.142800
0.142800
0.165878
0.142800
0.142800
0.142800
0.142800
0.142800
0.142800
0.142800
0.189736
0.142800
0.175320
0.164541
0.142800
0.142800
0.142800
0.142800
0.142800
0.142800
0.142800
0.142800
0.142800
0.142800
0.142800
0.142800
0.142800
0.142800
0.142800
0.142800
0.142800
0.142800
0.142800
0.142800
0.142800
0.142800
0.142800
0.142800
0.142800
0.142800
0.142800
0.142800
0.142800
0.142800
0.142800
0.142800
0.142800
0.142800
0.142800
0.142800
0.142800
0.142800
0.142800
0.142800
0.142800
0.142800
0.142800
0.153790
0.142800
0.142800
0.142800
0.142800
0.142800
0.148253
0.142800
0.156793
0.142800
0.142800
0.142800
0.142800
0.142800
0.142800
0.142800
0.142800
0.142800
0.142800
0.142800
0.142800
0.142800
0.142800
0.142800
0.142800
0.142800
0.142800
0.142800
0.142800
0.142800
0.142800
0.142800
0.142800
0.142800
0.149068
0.161106
0.142800
0.142800
0.167847
0.147430
0.168494
0.142800
0.142800
0.142800
0.142800
0.147430
0.143178
0.206828
0.153022
0.142800
0.166539
0.161804
0.143178
0.153790
0.142800
0.142800
0.158977
0.142800
0.142800
0.142800
0.142800
0.142800
0.142800
0.142800
0.142800
0.142800
0.142800
0.142800
0.142800
0.142800
0.142800
0.149068
0.142800
0.161106
0.142800
0.150673
0.142800
0.142800
0.142800
0.142800
0.142800
0.142800
0.142800
0.142800
0.142800
0.142800
0.182795
0.142800
0.142800
0.183346
0.142800
0.142800
0.142800
0.144907
0.142800
0.142800
0.142800
0.142800
0.142800
0.142800
0.181682
0.172896
0.142800
0.142800
0.163183
0.208137
0.228366
0.142800
0.142800
0.142800
0.142800
0.142800
0.142800
0.142800
0.142800
0.142800
0.142800
0.142800
0.142800
0.142800
0.142800
0.142800
0.142800
0.156053
0.158977
0.142800
0.172896
0.142800
0.142800
0.142800
0.167196
0.142800
0.142800
0.142800
0.142800
0.142800
0.142800
0.142800
0.142800
0.142800
0.142800
0.142800
0.142800
0.187123
0.142800
0.149874
0.142800
0.142800
0.142800
0.142800
0.142800
0.142800
0.142800
0.142800
0.142800
0.142800
0.158255
0.151464
0.142800
0.142800
0.158977
0.142800
0.189736
0.187651
0.153790
0.181121
0.142800
0.182240
0.142800
0.188699
0.142800
0.189219
0.167196
0.158255
0.218887
0.142800
0.142800
0.142800
0.142800
0.142800
0.142800
0.142800
0.142800
0.142800
0.142800
0.142800
0.142800
0.142800
0.142800
0.210710
0.142800
0.142800
0.142800
0.142800
0.179417
0.142800
0.142800
0.142800
0.142800
0.142800
0.142800
0.155305
0.142800
0.142800
0.142800
0.142800
0.142800
0.142800
0.147430
0.142800
0.142800
0.142800
0.142800
0.142800
0.142800
0.142800
0.142800
0.142800
0.142800
0.142800
0.142800
0.142800
0.142800
0.142800
0.142800
0.142800
0.142800
0.142800
0.142800
0.142800
0.142800
0.142800
0.142800
0.142800
0.142800
0.142800
0.142800
0.142800
0.142800
0.142800
0.142800
0.142800
0.142800
0.142800
0.142800
0.149068
0.153022
0.142800
0.142800
0.142800
0.142800
0.142800
0.142800
0.142800
0.142800
0.142800
0.144907
0.144907
0.156053
0.142800
0.142800
0.142800
0.142800
0.142800
0.172896
0.142800
0.142800
0.144907
0.142800
0.142800
0.142800
0.142800
0.153790
0.142800
0.157528
0.163865
0.164541
0.142800
0.142800
0.142800
0.142800
0.142800
0.142800
0.142800
0.172896
0.142800
0.142800
0.142800
0.142800
0.142800
0.142800
0.142800
0.142800
0.142800
0.142800
0.142800
0.142800
0.142800
0.142800
0.142800
0.142800
0.193285
0.142800
0.152247
0.142800
0.142800
0.144047
0.149874
0.142800
0.142800
0.142800
0.142800
0.146598
0.161106
0.142800
0.142800
0.142800
0.142800
0.142800
0.142800
0.142800
0.142800
0.142800
0.207266
0.142800
0.176509
0.142800
0.187651
0.142800
0.160402
0.142800
0.142800
0.142800
0.142800
0.142800
0.142800
0.194769
0.157528
0.223151
0.142800
0.144907
0.186059
0.200504
0.142800
0.142800
0.160402
0.142800
0.142800
0.205059
0.181682
0.142800
0.154551
0.170407
0.212393
0.142800
0.142800
0.142800
0.142800
0.142800
0.142800
0.142800
0.142800
0.142800
0.142800
0.142800
0.164541
0.142800
0.142800
0.142800
0.142800
0.142800
0.142800
0.142800
0.142800
0.142800
0.169136
0.142800
0.142800
0.142800
0.142800
0.142800
0.142800
0.142800
0.142800
0.153022
0.142800
0.153790
0.142800
0.142800
0.142800
0.142800
0.142800
0.142800
0.142800
0.142800
0.142800
0.142800
0.142800
0.142800
0.142800
0.142800
0.142800
0.142800
0.142800
0.142800
0.142800
0.142800
0.142800
0.142800
0.142800
0.142800
0.142800
0.142800
0.142800
0.142800
0.142800
0.142800
0.144047
0.158255
0.142800
0.142800
0.142800
0.142800
0.142800
0.142800
0.142800
0.142800
0.142800
0.142800
0.142800
0.142800
0.216897
0.142800
0.142800
0.142800
0.142800
0.142800
0.142800
0.142800
0.142800
0.142800
0.142800
0.142800
0.142800
0.142800
0.149874
0.142800
0.142800
0.142800
0.142800
0.143178
0.142800
0.142800
0.142800
0.142800
0.142800
0.142800
0.142800
0.142800
0.142800
0.142800
0.142800
0.142800
0.142800
0.142800
0.142800
0.142800
0.142800
0.142800
0.142800
0.142800
0.142800
0.142800
0.142800
0.142800
0.142800
0.142800
0.142800
0.142800
0.142800
0.142800
0.142800
0.142800
0.142800
0.142800
0.142800
0.142800
0.142800
0.142800
0.142800
0.142800
0.142800
0.142800
0.142800
0.142800
0.142800
0.142800
0.142800
0.142800
0.161804
0.142800
0.146598
0.142800
0.142800
0.142800
0.142800
0.142800
0.142800
0.142800
0.142800
0.142800
0.142800
0.142800
0.142800
0.142800
0.142800
0.142800
0.142800
0.142800
0.142800
0.142800
0.142800
0.225413
0.200038
0.142800
0.142800
0.142800
0.142800
0.142800
0.142800
0.142800
0.142800
0.142800
0.147430
0.142800
0.142800
0.142800
0.142800
0.142800
0.142800
0.142800
0.142800
0.152247
0.153022
0.142800
0.142800
0.154551
0.155305
0.164541
0.142800
0.142800
0.142800
0.142800
0.142800
0.142800
0.142800
0.142800
0.142800
0.142800
0.142800
0.142800
0.142800
0.142800
0.142800
0.142800
0.153022
0.142800
0.142800
0.151464
0.142800
0.142800
0.142800
0.142800
0.171035
0.142800
0.142800
0.142800
0.142800
0.142800
0.142800
0.142800
0.142800
0.142800
0.142800
0.142800
0.142800
0.142800
0.142800
0.142800
0.142800
0.142800
0.142800
0.142800
0.142800
0.142800
0.142800
0.142800
0.142800
0.142800
0.142800
0.142800
0.142800
0.142800
0.142800
0.142800
0.142800
0.142800
0.142800
0.142800
0.142800
0.152247
0.142800
0.142800
0.142800
0.142800
0.142800
0.142800
0.142800
0.142800
0.142800
0.142800
0.149068
0.192786
0.142800
0.142800
0.142800
0.154551
0.142800
0.202805
0.142800
0.142800
0.142800
0.142800
0.142800
0.142800
0.142800
0.142800
0.142800
0.143178
0.142800
0.142800
0.142800
0.142800
0.142800
0.142800
0.142800
0.142800
0.142800
0.145757
0.142800
0.150673
0.142800
0.142800
0.142800
0.142800
0.142800
0.142800
0.142800
0.142800
0.142800
0.142800
0.142800
0.142800
0.142800
0.142800
0.142800
0.142800
0.149068
0.147430
0.150673
0.142800
0.142800
0.142800
0.142800
0.142800
0.142800
0.142800
0.153790
0.163183
0.181121
0.142800
0.149874
0.142800
0.142800
0.142800
0.142800
0.142800
0.142800
0.142800
0.142800
0.142800
0.142800
0.164541
0.142800
0.142800
0.142800
0.150673
0.175320
0.152247
0.142800
0.149068
0.157528
0.145757
0.153790
0.142800
0.142800
0.142800
0.142800
0.142800
0.142800
0.142800
0.142800
0.145757
0.142800
0.153022
0.156793
0.142800
0.145757
0.142800
0.142800
0.142800
0.142800
0.142800
0.142800
0.142800
0.142800
0.142800
0.142800
0.142800
0.142800
0.142800
0.142800
0.142800
0.165212
0.142800
0.184440
0.149874
0.158255
0.142800
0.150673
0.142800
0.142800
0.142800
0.142800
0.142800
0.142800
0.142800
0.142800
0.142800
0.153022
0.142800
0.142800
0.142800
0.142800
0.142800
0.142800
0.142800
0.142800
0.142800
0.142800
0.142800
0.142800
0.142800
0.142800
0.142800
0.158255
0.142800
0.142800
0.142800
0.142800
0.142800
0.142800
0.142800
0.142800
0.142800
0.142800
0.142800
0.142800
0.142800
0.142800
0.142800
0.142800
0.142800
0.142800
0.142800
0.142800
0.142800
0.142800
0.142800
0.152247
0.142800
0.142800
0.142800
0.142800
0.142800
0.147430
0.153022
0.142800
0.142800
0.142800
0.142800
0.142800
0.145757
0.142800
0.142800
0.142800
0.155305
0.142800
0.142800
0.142800
0.145757
0.142800
0.142800
0.152247
0.175320
0.142800
0.142800
0.142800
0.142800
0.142800
0.151464
0.142800
0.143178
0.142800
0.142800
0.142800
0.142800
0.152247
0.142800
0.142800
0.142800
0.142800
0.142800
0.142800
0.142800
0.142800
0.142800
0.142800
0.142800
0.142800
0.142800
0.142800
0.157528
0.142800
0.142800
0.142800
0.149068
0.144907
0.142800
0.142800
0.142800
0.142800
0.142800
0.142800
0.142800
0.149874
0.142800
0.142800
0.142800
0.142800
0.179417
0.142800
0.142800
0.142800
0.142800
0.142800
0.158255
0.148253
0.142800
0.142800
0.142800
0.142800
0.142800
0.142800
0.144907
0.142800
0.142800
0.142800
0.142800
0.142800
0.142800
0.142800
0.142800
0.142800
0.142800
0.158977
0.142800
0.142800
0.142800
0.142800
0.145757
0.161106
0.142800
0.142800
0.142800
0.142800
0.142800
0.142800
0.142800
0.142800
0.142800
0.142800
0.142800
0.144047
0.142800
0.142800
0.142800
0.142800
0.142800
0.142800
0.142800
0.142800
0.142800
0.142800
0.142800
0.142800
0.142800
0.142800
0.142800
0.142800
0.142800
0.142800
0.142800
0.142800
0.142800
0.142800
0.142800
0.142800
0.142800
0.142800
0.142800
0.142800
0.142800
0.142800
0.142800
0.161106
0.142800
0.142800
0.142800
0.142800
0.142800
0.142800
0.142800
0.142800
0.142800
0.142800
0.142800
0.142800
0.142800
0.142800
0.142800
0.142800
0.175916
0.142800
0.142800
0.142800
0.142800
0.142800
0.164541
0.142800
0.174720
0.142800
0.142800
0.185522
0.142800
0.171660
0.151464
0.170407
0.142800
0.142800
0.149874
0.142800
0.168494
0.142800
0.142800
0.142800
0.142800
0.161106
0.142800
0.142800
0.158977
0.142800
0.142800
0.165878
0.142800
0.142800
0.142800
0.177683
0.142800
0.144907
0.142800
0.144907
0.142800
0.168494
0.156053
0.165212
0.142800
0.164541
0.182240
0.142800
0.151464
0.142800
0.172280
0.142800
0.156793
0.149068
0.179988
0.142800
0.142800
0.142800
0.142800
0.142800
0.142800
0.142800
0.142800
0.142800
0.142800
0.142800
0.142800
0.142800
0.143178
0.142800
0.142800
0.142800
0.142800
0.142800
0.142800
0.142800
0.142800
0.142800
0.142800
0.142800
0.142800
0.142800
0.142800
0.142800
0.142800
0.142800
0.148253
0.142800
0.142800
0.142800
0.142800
0.153790
0.142800
0.142800
0.142800
0.186593
0.142800
0.142800
0.142800
0.146598
0.142800
0.142800
0.142800
0.142800
0.142800
0.142800
0.142800
0.179417
0.142800
0.142800
0.142800
0.142800
0.142800
0.142800
0.142800
0.169136
0.142800
0.142800
0.142800
0.142800
0.142800
0.173508
0.142800
0.142800
0.142800
0.142800
0.142800
0.181121
0.142800
0.148253
0.142800
0.161106
0.142800
0.142800
0.142800
0.142800
0.142800
0.142800
0.223531
0.208570
0.208570
0.194769
0.197197
0.195259
0.198152
0.223151
0.196233
0.209001
0.194277
0.188699
0.193782
0.159693
0.142800
0.229309
0.142800
0.142800
0.192786
0.169774
0.142800
0.163865
0.142800
0.180556
0.167196
0.161804
0.142800
0.142800
0.150673
0.167847
0.142800
0.142800
0.187123
0.142800
0.142800
0.142800
0.142800
0.142800
0.142800
0.142800
0.142800
0.142800
0.142800
0.142800
0.142800
0.142800
0.142800
0.142800
0.159693
0.142800
0.142800
0.142800
0.142800
0.142800
0.153790
0.142800
0.155305
0.158255
0.142800
0.142800
0.142800
0.142800
0.142800
0.142800
0.142800
0.142800
0.143178
0.142800
0.142800
0.142800
0.163865
0.166539
0.142800
0.169136
0.153022
0.144907
0.142800
0.142800
0.143178
0.142800
0.142800
0.142800
0.142800
0.142800
0.142800
0.142800
0.142800
0.150673
0.147430
0.142800
0.142800
0.142800
0.142800
0.142800
0.142800
0.142800
0.142800
0.142800
0.177683
0.159693
0.154551
0.142800
0.144907
0.142800
0.142800
0.142800
0.218887
0.156053
0.149068
0.142800
0.142800
0.142800
0.142800
0.142800
0.142800
0.142800
0.222387
0.142800
0.142800
0.142800
0.155305
0.145757
0.142800
0.142800
0.142800
0.142800
0.226898
0.142800
0.142800
0.147430
0.143178
0.142800
0.152247
0.156793
0.142800
0.142800
0.142800
0.142800
0.235449
0.153022
0.142800
0.142800
0.149068
0.153022
0.142800
0.142800
0.142800
0.142800
0.142800
0.156053
0.142800
0.177098
0.177098
0.150673
0.142800
0.142800
0.142800
0.142800
0.142800
0.142800
0.142800
0.142800
0.142800
0.142800
0.142800
0.142800
0.142800
0.142800
0.142800
0.167847
0.142800
0.142800
0.142800
0.142800
0.142800
0.142800
0.142800
0.142800
0.142800
0.142800
0.142800
0.142800
0.142800
0.142800
0.142800
0.142800
0.142800
0.142800
0.142800
0.142800
0.142800
0.142800
0.142800
0.142800
0.142800
0.142800
0.142800
0.142800
0.142800
0.142800
0.142800
0.142800
0.142800
0.163183
0.167196
0.151464
0.142800
0.142800
0.142800
0.142800
0.142800
0.142800
0.142800
0.142800
0.142800
0.142800
0.142800
0.148253
0.142800
0.151464
0.162496
0.149874
0.142800
0.142800
0.149068
0.173508
0.169774
0.183346
0.181121
0.142800
0.142800
0.142800
0.142800
0.142800
0.142800
0.142800
0.142800
0.144907
0.142800
0.161804
0.163183
0.142800
0.142800
0.142800
0.142800
0.142800
0.142800
0.142800
0.142800
0.142800
0.142800
0.144907
0.142800
0.153022
0.144907
0.149874
0.142800
0.142800
0.142800
0.142800
0.142800
0.142800
0.142800
0.142800
0.142800
0.142800
0.142800
0.142800
0.142800
0.142800
0.142800
0.142800
0.142800
0.142800
0.142800
0.142800
0.142800
0.142800
0.142800
0.142800
0.142800
0.142800
0.142800
0.142800
0.142800
0.142800
0.142800
0.142800
0.142800
0.142800
0.142800
0.142800
0.142800
0.142800
0.142800
0.142800
0.142800
0.142800
0.156793
0.153022
0.148253
0.142800
0.142800
0.142800
0.142800
0.142800
0.142800
0.145757
0.142800
0.142800
0.178843
0.142800
0.142800
0.171035
0.142800
0.142800
0.155305
0.149874
0.142800
0.142800
0.142800
0.147430
0.156053
0.142800
0.142800
0.142800
0.142800
0.142800
0.156053
0.142800
0.154551
0.169136
0.142800
0.142800
0.156793
0.159693
0.142800
0.142800
0.142800
0.159693
0.161106
0.142800
0.142800
0.142800
0.163865
0.163865
0.142800
0.161106
0.142800
0.142800
0.142800
0.142800
0.142800
0.142800
0.142800
0.142800
0.142800
0.146598
0.142800
0.142800
0.142800
0.142800
0.142800
0.142800
0.142800
0.142800
0.142800
0.142800
0.142800
0.142800
0.202805
0.142800
0.153790
0.158255
0.142800
0.142800
0.180556
0.142800
0.142800
0.142800
0.142800
0.143178
0.149874
0.142800
0.142800
0.142800
0.142800
0.153022
0.142800
0.142800
0.142800
0.142800
0.142800
0.142800
0.142800
0.142800
0.142800
0.142800
0.142800
0.142800
0.142800
0.142800
0.142800
0.142800
0.142800
0.142800
0.142800
0.142800
0.142800
0.142800
0.142800
0.142800
0.142800
0.142800
0.142800
0.142800
0.142800
0.142800
0.142800
0.142800
0.142800
0.142800
0.142800
0.142800
0.142800
0.142800
0.142800
0.142800
0.142800
0.153022
0.142800
0.142800
0.142800
0.142800
0.142800
0.142800
0.142800
0.142800
0.142800
0.142800
0.142800
0.142800
0.142800
0.142800
0.147430
0.142800
0.142800
0.142800
0.142800
0.142800
0.142800
0.142800
0.142800
0.142800
0.142800
0.142800
0.149874
0.161804
0.142800
0.149874
0.142800
0.142800
0.142800
0.163865
0.142800
0.142800
0.142800
0.163865
0.153790
0.142800
0.142800
0.142800
0.142800
0.142800
0.142800
0.142800
0.142800
0.142800
0.142800
0.142800
0.146598
0.142800
0.148253
0.142800
0.142800
0.142800
0.142800
0.142800
0.148253
0.148253
0.142800
0.142800
0.142800
0.142800
0.142800
0.142800
0.142800
0.142800
0.142800
0.142800
0.142800
0.142800
0.142800
0.142800
0.142800
0.142800
0.142800
0.142800
0.142800
0.142800
0.142800
0.142800
0.142800
0.142800
0.142800
0.142800
0.142800
0.142800
0.142800
0.142800
0.142800
0.142800
0.142800
0.142800
0.142800
0.142800
0.142800
0.142800
0.142800
0.190763
0.182240
0.152247
0.142800
0.142800
0.142800
0.142800
0.142800
0.143178
0.142800
0.198152
0.142800
0.147430
0.142800
0.142800
0.142800
0.142800
0.142800
0.142800
0.142800
0.142800
0.142800
0.142800
0.151464
0.142800
0.142800
0.142800
0.142800
0.142800
0.142800
0.142800
0.142800
0.157528
0.142800
0.142800
0.179417
0.142800
0.150673
0.142800
0.142800
0.142800
0.142800
0.142800
0.142800
0.142800
0.142800
0.142800
0.142800
0.142800
0.142800
0.142800
0.142800
0.142800
0.142800
0.142800
0.142800
0.142800
0.142800
0.142800
0.142800
0.142800
0.142800
0.142800
0.142800
0.142800
0.145757
0.142800
0.142800
0.142800
0.142800
0.142800
0.142800
0.142800
0.142800
0.142800
0.142800
0.142800
0.163183
0.142800
0.175916
0.158255
0.142800
0.142800
0.142800
0.142800
0.142800
0.142800
0.142800
0.142800
0.142800
0.142800
0.142800
0.142800
0.159693
0.142800
0.142800
0.142800
0.156053
0.142800
0.142800
0.142800
0.142800
0.142800
0.142800
0.142800
0.142800
0.163865
0.142800
0.142800
0.142800
0.142800
0.142800
0.142800
0.144047
0.155305
0.142800
0.142800
0.142800
0.142800
0.169774
0.142800
0.179417
0.191272
0.177683
0.142800
0.142800
0.142800
0.162496
0.170407
0.158977
0.182795
0.161804
0.142800
0.153022
0.142800
0.142800
0.142800
0.143178
0.142800
0.178843
0.158977
0.155305
0.158977
0.146598
0.142800
0.156053
0.157528
0.142800
0.142800
0.142800
0.149068
0.161106
0.144047
0.153790
0.146598
0.142800
0.142800
0.153022
0.142800
0.174116
0.178843
0.175916
0.158255
0.166539
0.142800
0.161804
0.151464
0.142800
0.142800
0.142800
0.142800
0.172280
0.142800
0.142800
0.142800
0.142800
0.150673
0.142800
0.149874
0.146598
0.142800
0.148253
0.142800
0.142800
0.171660
0.142800
0.142800
0.142800
0.142800
0.142800
0.142800
0.142800
0.142800
0.142800
0.142800
0.142800
0.142800
0.142800
0.142800
0.142800
0.142800
0.142800
0.142800
0.142800
0.142800
0.142800
0.142800
0.142800
0.142800
0.142800
0.142800
0.142800
0.142800
0.142800
0.142800
0.142800
0.194769
0.142800
0.156053
0.142800
0.142800
0.142800
0.167847
0.142800
0.142800
0.142800
0.142800
0.142800
0.142800
0.144047
0.142800
0.142800
0.142800
0.146598
0.142800
0.142800
0.152247
0.150673
0.142800
0.142800
0.142800
0.142800
0.154551
0.158977
0.188177
0.142800
0.142800
0.142800
0.155305
0.145757
0.142800
0.142800
0.142800
0.142800
0.142800
0.142800
0.142800
0.142800
0.142800
0.142800
0.142800
0.142800
0.142800
0.142800
0.142800
0.142800
0.142800
0.142800
0.142800
0.142800
0.142800
0.142800
0.142800
0.142800
0.143178
0.160402
0.142800
0.142800
0.142800
0.142800
0.142800
0.142800
0.142800
0.142800
0.142800
0.142800
0.142800
0.142800
0.142800
0.142800
0.142800
0.142800
0.142800
0.142800
0.142800
0.142800
0.142800
0.142800
0.142800
0.142800
0.142800
0.142800
0.142800
0.142800
0.142800
0.142800
0.142800
0.156793
0.142800
0.142800
0.155305
0.142800
0.142800
0.154551
0.156053
0.150673
0.165878
0.142800
0.158255
0.142800
0.163865
0.142800
0.175320
0.142800
0.156793
0.142800
0.142800
0.142800
0.142800
0.142800
0.142800
0.142800
0.142800
0.142800
0.142800
0.142800
0.142800
0.142800
0.142800
0.142800
0.142800
0.142800
0.142800
0.142800
0.142800
0.142800
0.142800
0.142800
0.142800
0.142800
0.142800
0.142800
0.142800
0.142800
0.142800
0.142800
0.142800
0.165878
0.199099
0.142800
0.142800
0.142800
0.142800
0.142800
0.151464
0.142800
0.142800
0.142800
0.149068
0.142800
0.142800
0.166539
0.202349
0.142800
0.149068
0.189219
0.202805
0.172280
0.142800
0.142800
0.142800
0.158977
0.142800
0.142800
0.142800
0.142800
0.142800
0.142800
0.142800
0.142800
0.142800
0.142800
0.142800
0.142800
0.142800
0.142800
0.142800
0.142800
0.142800
0.142800
0.142800
0.142800
0.142800
0.142800
0.142800
0.142800
0.142800
0.142800
0.161804
0.165212
0.142800
0.184983
0.142800
0.142800
0.142800
0.142800
0.142800
0.142800
0.142800
0.142800
0.142800
0.142800
0.142800
0.142800
0.142800
0.142800
0.142800
0.142800
0.157528
0.163183
0.142800
0.142800
0.142800
0.142800
0.146598
0.142800
0.142800
0.148253
0.142800
0.142800
0.142800
0.142800
0.142800
0.142800
0.142800
0.142800
0.142800
0.142800
0.142800
0.142800
0.142800
0.142800
0.142800
0.142800
0.142800
0.142800
0.142800
0.142800
0.142800
0.142800
0.142800
0.142800
0.142800
0.142800
0.142800
0.142800
0.142800
0.142800
0.142800
0.142800
0.165212
0.142800
0.142800
0.142800
0.142800
0.142800
0.142800
0.142800
0.142800
0.142800
0.149874
0.142800
0.142800
0.142800
0.142800
0.144047
0.142800
0.142800
0.142800
0.142800
0.142800
0.142800
0.142800
0.142800
0.174720
0.142800
0.220844
0.153790
0.142800
0.142800
0.142800
0.142800
0.144047
0.142800
0.142800
0.142800
0.142800
0.151464
0.161106
0.142800
0.142800
0.142800
0.142800
0.142800
0.142800
0.142800
0.142800
0.142800
0.142800
0.142800
0.142800
0.142800
0.142800
0.142800
0.142800
0.142800
0.142800
0.142800
0.142800
0.142800
0.142800
0.142800
0.142800
0.142800
0.142800
0.142800
0.142800
0.142800
0.142800
0.142800
0.149874
0.142800
0.142800
0.142800
0.142800
0.142800
0.142800
0.142800
0.142800
0.142800
0.185522
0.142800
0.142800
0.142800
0.142800
0.142800
0.142800
0.142800
0.142800
0.142800
0.142800
0.142800
0.142800
0.142800
0.142800
0.142800
0.146598
0.142800
0.142800
0.142800
0.142800
0.142800
0.142800
0.142800
0.142800
0.142800
0.142800
0.142800
0.142800
0.142800
0.142800
0.142800
0.142800
0.142800
0.142800
0.142800
0.142800
0.142800
0.142800
0.142800
0.142800
0.142800
0.142800
0.142800
0.142800
0.142800
0.142800
0.142800
0.142800
0.142800
0.142800
0.142800
0.142800
0.142800
0.142800
0.142800
0.142800
0.142800
0.142800
0.142800
0.144047
0.142800
0.142800
0.142800
0.142800
0.142800
0.142800
0.142800
0.142800
0.142800
0.142800
0.142800
0.142800
0.142800
0.142800
0.142800
0.163865
0.142800
0.142800
0.142800
0.142800
0.142800
0.142800
0.142800
0.142800
0.142800
0.142800
0.142800
0.142800
0.142800
0.142800
0.143178
0.142800
0.142800
0.142800
0.142800
0.142800
0.142800
0.142800
0.142800
0.142800
0.142800
0.142800
0.142800
0.142800
0.142800
0.142800
0.142800
0.142800
0.142800
0.142800
0.142800
0.142800
0.142800
0.142800
0.142800
0.152247
0.142800
0.142800
0.153790
0.142800
0.149068
0.142800
0.144047
0.142800
0.142800
0.142800
0.172280
0.144047
0.142800
0.142800
0.142800
0.142800
0.151464
0.149874
0.142800
0.142800
0.142800
0.142800
0.142800
0.142800
0.142800
0.142800
0.142800
0.142800
0.142800
0.142800
0.155305
0.142800
0.142800
0.142800
0.142800
0.142800
0.142800
0.147430
0.143178
0.156053
0.142800
0.142800
0.142800
0.142800
0.176509
0.142800
0.142800
0.142800
0.142800
0.142800
0.142800
0.193285
0.142800
0.189219
0.142800
0.142800
0.142800
0.142800
0.156793
0.142800
0.156793
0.142800
0.142800
0.142800
0.142800
0.142800
0.142800
0.142800
0.142800
0.142800
0.143178
0.142800
0.142800
0.142800
0.142800
0.142800
0.143178
0.142800
0.173508
0.165212
0.142800
0.142800
0.174116
0.146598
0.142800
0.178265
0.142800
0.142800
0.221232
0.142800
0.147430
0.142800
0.151464
0.145757
0.156793
0.142800
0.142800
0.210710
0.163183
0.142800
0.142800
0.169774
0.155305
0.142800
0.142800
0.142800
0.213225
0.142800
0.186059
0.142800
0.177683
0.142800
0.142800
0.181121
0.174720
0.143178
0.219281
0.170407
0.142800
0.142800
0.142800
0.142800
0.142800
0.142800
0.142800
0.142800
0.142800
0.142800
0.142800
0.142800
0.142800
0.142800
0.142800
0.142800
0.142800
0.142800
0.142800
0.165212
0.142800
0.143178
0.142800
0.142800
0.142800
0.142800
0.177683
0.142800
0.142800
0.142800
0.142800
0.142800
0.142800
0.142800
0.142800
0.142800
0.142800
0.142800
0.142800
0.142800
0.142800
0.142800
0.142800
0.142800
0.142800
0.142800
0.142800
0.142800
0.142800
0.142800
0.142800
0.142800
0.142800
0.142800
0.142800
0.142800
0.142800
0.142800
0.142800
0.142800
0.142800
0.142800
0.142800
0.142800
0.142800
0.142800
0.142800
0.142800
0.142800
0.142800
0.142800
0.142800
0.142800
0.142800
0.142800
0.142800
0.142800
0.153790
0.192284
0.142800
0.142800
0.142800
0.172896
0.142800
0.142800
0.142800
0.142800
0.142800
0.142800
0.189736
0.142800
0.142800
0.142800
0.151464
0.142800
0.142800
0.142800
0.142800
0.142800
0.142800
0.142800
0.142800
0.142800
0.142800
0.142800
0.142800
0.142800
0.142800
0.142800
0.142800
0.142800
0.194769
0.142800
0.142800
0.142800
0.142800
0.142800
0.142800
0.142800
0.142800
0.142800
0.142800
0.142800
0.142800
0.142800
0.143178
0.142800
0.142800
0.142800
0.142800
0.142800
0.142800
0.144047
0.142800
0.142800
0.142800
0.142800
0.142800
0.142800
0.142800
0.142800
0.142800
0.142800
0.142800
0.142800
0.142800
0.142800
0.142800
0.142800
0.142800
0.142800
0.142800
0.142800
0.142800
0.142800
0.142800
0.142800
0.146598
0.142800
0.142800
0.142800
0.142800
0.142800
0.142800
0.142800
0.142800
0.142800
0.142800
0.221618
0.148253
0.142800
0.142800
0.142800
0.142800
0.156053
0.170407
0.167847
0.142800
0.142800
0.142800
0.142800
0.142800
0.156053
0.142800
0.142800
0.142800
0.144047
0.169774
0.146598
0.142800
0.142800
0.142800
0.142800
0.142800
0.142800
0.142800
0.142800
0.142800
0.142800
0.142800
0.142800
0.142800
0.142800
0.149068
0.142800
0.142800
0.142800
0.182240
0.142800
0.142800
0.142800
0.142800
0.142800
0.142800
0.142800
0.142800
0.142800
0.142800
0.142800
0.142800
0.142800
0.142800
0.151464
0.142800
0.142800
0.142800
0.147430
0.142800
0.142800
0.142800
0.142800
0.142800
0.142800
0.142800
0.142800
0.156053
0.142800
0.142800
0.153790
0.142800
0.142800
0.142800
0.142800
0.142800
0.142800
0.142800
0.142800
0.142800
0.147430
0.142800
0.142800
0.142800
0.142800
0.142800
0.142800
0.142800
0.142800
0.142800
0.165878
0.155305
0.158255
0.167847
0.178843
0.191272
0.142800
0.158977
0.238511
0.142800
0.220455
0.142800
0.188177
0.142800
0.193285
0.142800
0.142800
0.208900
0.142800
0.142800
0.142800
0.142800
0.142800
0.142800
0.142800
0.184983
0.142800
0.142800
0.142800
0.142800
0.142800
0.142800
0.142800
0.142800
0.142800
0.142800
0.142800
0.142800
0.197676
0.142800
0.142800
0.142800
0.142800
0.142800
0.142800
0.142800
0.142800
0.142800
0.142800
0.142800
0.142800
0.142800
0.142800
0.142800
0.142800
0.142800
0.156793
0.167847
0.142800
0.170407
0.142800
0.142800
0.142800
0.142800
0.163865
0.142800
0.181682
0.142800
0.142800
0.142800
0.142800
0.142800
0.142800
0.167847
0.142800
0.142800
0.153790
0.175916
0.142800
0.155305
0.142800
0.142800
0.142800
0.187651
0.142800
0.142800
0.161804
0.142800
0.142800
0.142800
0.142800
0.142800
0.151464
0.144907
0.142800
0.142800
0.142800
0.142800
0.172280
0.142800
0.142800
0.142800
0.142800
0.142800
0.142800
0.142800
0.142800
0.142800
0.150673
0.142800
0.146598
0.142800
0.148253
0.142800
0.142800
0.142800
0.142800
0.142800
0.142800
0.142800
0.142800
0.142800
0.142800
0.142800
0.142800
0.142800
0.142800
0.142800
0.142800
0.142800
0.142800
0.142800
0.176509
0.142800
0.142800
0.142800
0.142800
0.163865
0.161106
0.142800
0.142800
0.150673
0.153790
0.149068
0.142800
0.142800
0.142800
0.159693
0.142800
0.142800
0.142800
0.142800
0.142800
0.142800
0.143178
0.142800
0.142800
0.142800
0.142800
0.142800
0.142800
0.142800
0.142800
0.142800
0.142800
0.142800
0.142800
0.142800
0.142800
0.142800
0.142800
0.165878
0.142800
0.142800
0.142800
0.142800
0.142800
0.142800
0.142800
0.142800
0.142800
0.142800
0.142800
0.142800
0.148253
0.142800
0.142800
0.142800
0.142800
0.142800
0.142800
0.142800
0.142800
0.142800
0.142800
0.142800
0.142800
0.142800
0.142800
0.142800
0.142800
0.142800
0.142800
0.150673
0.150673
0.142800
0.142800
0.142800
0.156793
0.148253
0.148253
0.142800
0.142800
0.142800
0.142800
0.142800
0.155305
0.155305
0.142800
0.142800
0.142800
0.142800
0.142800
0.142800
0.142800
0.172280
0.142800
0.142800
0.142800
0.142800
0.142800
0.142800
0.142800
0.142800
0.142800
0.142800
0.142800
0.142800
0.142800
0.142800
0.142800
0.142800
0.142800
0.142800
0.142800
0.142800
0.142800
0.142800
0.142800
0.142800
0.142800
0.142800
0.208570
0.142800
0.142800
0.142800
0.142800
0.142800
0.142800
0.172280
0.142800
0.142800
0.142800
0.142800
0.142800
0.142800
0.142800
0.142800
0.142800
0.142800
0.142800
0.142800
0.142800
0.142800
0.142800
0.148253
0.142800
0.145757
0.142800
0.142800
0.142800
0.142800
0.191779
0.142800
0.142800
0.142800
0.142800
0.142800
0.142800
0.147430
0.142800
0.142800
0.142800
0.142800
0.142800
0.142800
0.142800
0.142800
0.142800
0.142800
0.144047
0.142800
0.142800
0.142800
0.142800
0.161804
0.142800
0.142800
0.142800
0.142800
0.142800
0.142800
0.142800
0.142800
0.142800
0.142800
0.142800
0.142800
0.142800
0.142800
0.142800
0.158977
0.142800
0.142800
0.142800
0.142800
0.142800
0.142800
0.142800
0.142800
0.142800
0.142800
0.142800
0.142800
0.142800
0.142800
0.142800
0.142800
0.142800
0.142800
0.164541
0.142800
0.142800
0.142800
0.142800
0.142800
0.142800
0.142800
0.142800
0.144047
0.142800
0.142800
0.174116
0.150673
0.142800
0.146598
0.142800
0.142800
0.142800
0.202349
0.142800
0.142800
0.142800
0.202805
0.150673
0.181121
0.190763
0.142800
0.142800
0.207703
0.142800
0.144907
0.218095
0.142800
0.142800
0.142800
0.142800
0.142800
0.142800
0.142800
0.142800
0.142800
0.142800
0.142800
0.142800
0.142800
0.142800
0.142800
0.142800
0.142800
0.142800
0.142800
0.142800
0.142800
0.142800
0.142800
0.142800
0.142800
0.142800
0.142800
0.142800
0.142800
0.142800
0.142800
0.142800
0.142800
0.142800
0.142800
0.142800
0.142800
0.144907
0.183895
0.142800
0.148253
0.159693
0.142800
0.142800
0.142800
0.142800
0.173508
0.145757
0.142800
0.142800
0.142800
0.148253
0.142800
0.142800
0.142800
0.142800
0.142800
0.142800
0.142800
0.142800
0.142800
0.142800
0.142800
0.142800
0.142800
0.142800
0.142800
0.142800
0.142800
0.142800
0.142800
0.142800
0.142800
0.142800
0.142800
0.142800
0.142800
0.142800
0.142800
0.142800
0.142800
0.148253
0.142800
0.142800
0.142800
0.142800
0.142800
0.142800
0.142800
0.142800
0.142800
0.142800
0.142800
0.142800
0.142800
0.142800
0.142800
0.142800
0.142800
0.142800
0.142800
0.142800
0.142800
0.142800
0.142800
0.142800
0.142800
0.142800
0.142800
0.142800
0.142800
0.142800
0.142800
0.157528
0.142800
0.142800
0.142800
0.142800
0.142800
0.142800
0.142800
0.142800
0.142800
0.142800
0.142800
0.142800
0.142800
0.142800
0.142800
0.142800
0.142800
0.142800
0.181682
0.191779
0.142800
0.142800
0.142800
0.142800
0.181682
0.158255
0.142800
0.142800
0.142800
0.142800
0.142800
0.142800
0.142800
0.142800
0.142800
0.142800
0.142800
0.142800
0.142800
0.142800
0.142800
0.142800
0.142800
0.142800
0.142800
0.142800
0.155305
0.146598
0.142800
0.142800
0.146598
0.142800
0.142800
0.214462
0.161106
0.142800
0.150673
0.142800
0.142800
0.142800
0.142800
0.142800
0.142800
0.142800
0.142800
0.142800
0.142800
0.142800
0.142800
0.142800
0.142800
0.142800
0.142800
0.142800
0.142800
0.156793
0.142800
0.142800
0.165878
0.142800
0.142800
0.186593
0.142800
0.142800
0.142800
0.142800
0.142800
0.142800
0.142800
0.142800
0.142800
0.144047
0.142800
0.142800
0.142800
0.142800
0.142800
0.223910
0.142800
0.142800
0.179417
0.186593
0.195259
0.142800
0.142800
0.143178
0.142800
0.142800
0.183346
0.185522
0.165212
0.149874
0.142800
0.142800
0.142800
0.214462
0.144907
0.142800
0.153790
0.234065
0.161804
0.145757
0.142800
0.171660
0.218190
0.142800
0.142800
0.142800
0.153790
0.145757
0.142800
0.172280
0.169136
0.149068
0.158255
0.142800
0.142800
0.144047
0.142800
0.142800
0.179417
0.162496
0.142800
0.174720
0.150673
0.142800
0.142800
0.142800
0.142800
0.142800
0.142800
0.142800
0.142800
0.142800
0.142800
0.142800
0.142800
0.142800
0.142800
0.143178
0.142800
0.142800
0.142800
0.142800
0.142800
0.142800
0.142800
0.142800
0.142800
0.142800
0.142800
0.142800
0.142800
0.142800
0.142800
0.142800
0.142800
0.142800
0.142800
0.142800
0.142800
0.142800
0.142800
0.142800
0.149068
0.142800
0.142800
0.142800
0.142800
0.142800
0.142800
0.142800
0.142800
0.142800
0.142800
0.179988
0.142800
0.142800
0.142800
0.142800
0.142800
0.144047
0.142800
0.142800
0.148253
0.142800
0.142800
0.142800
0.142800
0.142800
0.144907
0.142800
0.142800
0.142800
0.142800
0.142800
0.144907
0.149874
0.142800
0.142800
0.142800
0.142800
0.142800
0.142800
0.145757
0.142800
0.142800
0.142800
0.142800
0.142800
0.142800
0.152247
0.142800
0.142800
0.142800
0.142800
0.142800
0.142800
0.142800
0.142800
0.142800
0.142800
0.142800
0.142800
0.142800
0.142800
0.142800
0.142800
0.142800
0.142800
0.142800
0.142800
0.142800
0.142800
0.146598
0.149068
0.142800
0.142800
0.142800
0.142800
0.142800
0.142800
0.142800
0.142800
0.142800
0.161804
0.216897
0.142800
0.142800
0.142800
0.142800
0.142800
0.142800
0.142800
0.142800
0.142800
0.142800
0.142800
0.142800
0.142800
0.142800
0.142800
0.142800
0.142800
0.142800
0.142800
0.142800
0.142800
0.142800
0.142800
0.142800
0.142800
0.142800
0.142800
0.142800
0.142800
0.142800
0.144047
0.158977
0.170407
0.161804
0.171035
0.174720
0.178265
0.143178
0.163865
0.142800
0.142800
0.142800
0.142800
0.142800
0.142800
0.178843
0.142800
0.142800
0.147430
0.142800
0.142800
0.145757
0.144047
0.191272
0.142800
0.142800
0.142800
0.147430
0.142800
0.142800
0.142800
0.142800
0.142800
0.142800
0.142800
0.142800
0.142800
0.142800
0.172280
0.142800
0.177098
0.142800
0.142800
0.153790
0.142800
0.142800
0.142800
0.142800
0.142800
0.142800
0.157528
0.142800
0.142800
0.142800
0.142800
0.142800
0.142800
0.142800
0.142800
0.142800
0.167847
0.142800
0.142800
0.142800
0.161106
0.142800
0.142800
0.142800
0.142800
0.142800
0.169774
0.154551
0.142800
0.142800
0.171035
0.142800
0.179417
0.142800
0.142800
0.142800
0.142800
0.142800
0.142800
0.142800
0.166539
0.142800
0.142800
0.142800
0.142800
0.148253
0.142800
0.142800
0.142800
0.142800
0.175320
0.142800
0.142800
0.142800
0.142800
0.142800
0.142800
0.142800
0.142800
0.142800
0.147430
0.142800
0.154551
0.142800
0.142800
0.142800
0.142800
0.142800
0.142800
0.161804
0.142800
0.142800
0.142800
0.142800
0.142800
0.161804
0.142800
0.155305
0.142800
0.148253
0.157528
0.142800
0.144907
0.142800
0.142800
0.142800
0.142800
0.142800
0.142800
0.142800
0.142800
0.142800
0.142800
0.142800
0.142800
0.142800
0.142800
0.142800
0.142800
0.142800
0.142800
0.142800
0.142800
0.142800
0.142800
0.142800
0.142800
0.142800
0.142800
0.142800
0.142800
0.142800
0.142800
0.142800
0.142800
0.142800
0.158255
0.173508
0.142800
0.148253
0.152247
0.159693
0.142800
0.142800
0.142800
0.144907
0.142800
0.142800
0.142800
0.142800
0.142800
0.142800
0.142800
0.142800
0.142800
0.142800
0.142800
0.142800
0.142800
0.142800
0.142800
0.142800
0.142800
0.142800
0.142800
0.142800
0.142800
0.142800
0.142800
0.142800
0.142800
0.142800
0.142800
0.142800
0.142800
0.142800
0.142800
0.142800
0.142800
0.142800
0.142800
0.142800
0.142800
0.142800
0.142800
0.142800
0.142800
0.142800
0.142800
0.142800
0.142800
0.142800
0.142800
0.180556
0.187651
0.142800
0.142800
0.144907
0.165878
0.142800
0.142800
0.171660
0.142800
0.182240
0.153790
0.146598
0.142800
0.184983
0.142800
0.183895
0.142800
0.142800
0.143178
0.142800
0.158255
0.142800
0.142800
0.176509
0.153790
0.142800
0.146598
0.142800
0.142800
0.183346
0.142800
0.142800
0.152247
0.193782
0.185522
0.142800
0.142800
0.192284
0.143178
0.146598
0.142800
0.142800
0.150673
0.196233
0.142800
0.153790
0.142800
0.193782
0.158977
0.142800
0.142800
0.142800
0.157528
0.193782
0.142800
0.162496
0.148253
0.142800
0.142800
0.142800
0.142800
0.142800
0.142800
0.142800
0.142800
0.142800
0.142800
0.142800
0.142800
0.142800
0.142800
0.142800
0.142800
0.142800
0.142800
0.142800
0.142800
0.142800
0.142800
0.142800
0.142800
0.142800
0.142800
0.142800
0.142800
0.142800
0.142800
0.142800
0.142800
0.142800
0.142800
0.142800
0.142800
0.142800
0.142800
0.142800
0.142800
0.142800
0.142800
0.142800
0.142800
0.142800
0.142800
0.142800
0.142800
0.142800
0.142800
0.142800
0.142800
0.142800
0.145757
0.142800
0.142800
0.142800
0.142800
0.142800
0.142800
0.142800
0.142800
0.142800
0.142800
0.142800
0.142800
0.142800
0.162496
0.142800
0.142800
0.142800
0.158255
0.142800
0.142800
0.142800
0.172896
0.149068
0.142800
0.142800
0.142800
0.142800
0.142800
0.142800
0.142800
0.142800
0.142800
0.142800
0.142800
0.171660
0.142800
0.142800
0.142800
0.142800
0.142800
0.142800
0.142800
0.142800
0.142800
0.142800
0.142800
0.142800
0.142800
0.144907
0.142800
0.142800
0.142800
0.142800
0.142800
0.142800
0.142800
0.142800
0.142800
0.142800
0.143178
0.142800
0.142800
0.142800
0.142800
0.142800
0.142800
0.142800
0.142800
0.142800
0.142800
0.142800
0.142800
0.142800
0.142800
0.142800
0.142800
0.142800
0.142800
0.142800
0.142800
0.147430
0.142800
0.142800
0.142800
0.143178
0.142800
0.142800
0.142800
0.142800
0.142800
0.142800
0.142800
0.142800
0.142800
0.142800
0.142800
0.174116
0.142800
0.142800
0.142800
0.142800
0.142800
0.142800
0.142800
0.142800
0.142800
0.142800
0.142800
0.142800
0.142800
0.142800
0.142800
0.142800
0.142800
0.142800
0.142800
0.142800
0.142800
0.142800
0.142800
0.142800
0.142800
0.142800
0.142800
0.142800
0.142800
0.142800
0.142800
0.142800
0.142800
0.142800
0.142800
0.160402
0.142800
0.142800
0.142800
0.150673
0.142800
0.142800
0.142800
0.142800
0.142800
0.142800
0.142800
0.142800
0.142800
0.142800
0.182240
0.142800
0.142800
0.153022
0.149874
0.142800
0.161804
0.142800
0.142800
0.177683
0.142800
0.142800
0.206828
0.142800
0.142800
0.142800
0.145757
0.168494
0.142800
0.142800
0.142800
0.142800
0.142800
0.150673
0.142800
0.142800
0.142800
0.142800
0.142800
0.142800
0.142800
0.142800
0.142800
0.157528
0.142800
0.142800
0.142800
0.156793
0.142800
0.175320
0.142800
0.142800
0.142800
0.142800
0.169774
0.142800
0.148253
0.147430
0.142800
0.142800
0.228000
0.142800
0.142800
0.172280
0.169774
0.142800
0.142800
0.142800
0.142800
0.142800
0.142800
0.142800
0.142800
0.186593
0.142800
0.146598
0.142800
0.175916
0.142800
0.142800
0.142800
0.142800
0.143178
0.142800
0.142800
0.142800
0.142800
0.142800
0.142800
0.142800
0.142800
0.142800
0.142800
0.142800
0.142800
0.142800
0.142800
0.142800
0.142800
0.142800
0.142800
0.151464
0.142800
0.142800
0.142800
0.142800
0.150673
0.142800
0.142800
0.144907
0.142800
0.142800
0.142800
0.142800
0.142800
0.142800
0.142800
0.142800
0.142800
0.142800
0.144907
0.142800
0.142800
0.142800
0.142800
0.142800
0.142800
0.142800
0.142800
0.142800
0.142800
0.142800
0.142800
0.151464
0.142800
0.142800
0.142800
0.142800
0.142800
0.142800
0.142800
0.142800
0.184983
0.142800
0.142800
0.142800
0.160402
0.142800
0.190763
0.169136
0.149068
0.142800
0.142800
0.142800
0.142800
0.142800
0.142800
0.142800
0.142800
0.142800
0.142800
0.142800
0.142800
0.142800
0.142800
0.156053
0.178843
0.142800
0.142800
0.142800
0.142800
0.142800
0.142800
0.142800
0.142800
0.142800
0.142800
0.142800
0.142800
0.142800
0.142800
0.142800
0.142800
0.142800
0.142800
0.142800
0.142800
0.142800
0.142800
0.161106
0.168494
0.160402
0.163865
0.142800
0.164541
0.142800
0.158977
0.148253
0.142800
0.142800
0.142800
0.142800
0.142800
0.142800
0.142800
0.142800
0.142800
0.142800
0.150673
0.142800
0.142800
0.142800
0.142800
0.142800
0.142800
0.142800
0.149068
0.142800
0.142800
0.142800
0.142800
0.142800
0.142800
0.142800
0.142800
0.142800
0.145757
0.157528
0.142800
0.150673
0.142800
0.142800
0.142800
0.142800
0.142800
0.148253
0.142800
0.175320
0.142800
0.142800
0.159693
0.142800
0.142800
0.171660
0.142800
0.142800
0.142800
0.142800
0.142800
0.142800
0.142800
0.142800
0.185522
0.142800
0.142800
0.142800
0.142800
0.142800
0.142800
0.170407
0.142800
0.156053
0.142800
0.142800
0.144907
0.142800
0.143178
0.142800
0.142800
0.142800
0.142800
0.142800
0.144047
0.183346
0.142800
0.169136
0.142800
0.142800
0.151464
0.165878
0.148253
0.149874
0.142800
0.142800
0.142800
0.188177
0.161106
0.142800
0.142800
0.147430
0.142800
0.145757
0.147430
0.142800
0.142800
0.142800
0.142800
0.142800
0.142800
0.142800
0.142800
0.142800
0.142800
0.142800
0.142800
0.174116
0.148253
0.142800
0.142800
0.142800
0.142800
0.142800
0.142800
0.142800
0.184440
0.142800
0.142800
0.142800
0.142800
0.144047
0.142800
0.158255
0.142800
0.142800
0.142800
0.153022
0.150673
0.142800
0.142800
0.142800
0.142800
0.142800
0.142800
0.142800
0.142800
0.142800
0.166539
0.142800
0.142800
0.146598
0.142800
0.142800
0.142800
0.142800
0.142800
0.142800
0.142800
0.142800
0.175916
0.142800
0.142800
0.142800
0.142800
0.142800
0.142800
0.142800
0.142800
0.142800
0.142800
0.142800
0.142800
0.142800
0.142800
0.142800
0.142800
0.142800
0.142800
0.142800
0.142800
0.142800
0.142800
0.142800
0.142800
0.149068
0.142800
0.142800
0.142800
0.142800
0.142800
0.142800
0.142800
0.142800
0.142800
0.143178
0.142800
0.142800
0.152247
0.142800
0.142800
0.142800
0.142800
0.155305
0.142800
0.142800
0.142800
0.142800
0.172896
0.142800
0.142800
0.142800
0.142800
0.142800
0.142800
0.142800
0.142800
0.142800
0.142800
0.177683
0.166539
0.158255
0.158255
0.142800
0.142800
0.142800
0.142800
0.142800
0.144047
0.142800
0.142800
0.153790
0.142800
0.142800
0.142800
0.142800
0.142800
0.142800
0.142800
0.235449
0.142800
0.142800
0.142800
0.142800
0.142800
0.142800
0.142800
0.142800
0.219281
0.142800
0.142800
0.142800
0.200968
0.142800
0.142800
0.142800
0.142800
0.142800
0.142800
0.142800
0.142800
0.142800
0.142800
0.142800
0.142800
0.142800
0.142800
0.142800
0.142800
0.142800
0.142800
0.142800
0.142800
0.142800
0.142800
0.142800
0.142800
0.142800
0.163183
0.142800
0.142800
0.146598
0.142800
0.142800
0.142800
0.142800
0.142800
0.144047
0.142800
0.142800
0.142800
0.142800
0.142800
0.142800
0.142800
0.142800
0.142800
0.142800
0.142800
0.142800
0.142800
0.142800
0.142800
0.142800
0.142800
0.142800
0.142800
0.142800
0.142800
0.142800
0.142800
0.142800
0.142800
0.142800
0.142800
0.142800
0.142800
0.142800
0.142800
0.142800
0.142800
0.149068
0.151464
0.142800
0.142800
0.142800
0.142800
0.142800
0.144907
0.153022
0.161106
0.167196
0.167196
0.142800
0.142800
0.156793
0.161804
0.159693
0.142800
0.146598
0.142800
0.142800
0.142800
0.148253
0.142800
0.142800
0.142800
0.142800
0.142800
0.142800
0.145757
0.142800
0.142800
0.142800
0.142800
0.142800
0.142800
0.151464
0.174720
0.142800
0.142800
0.142800
0.142800
0.192284
0.155305
0.142800
0.142800
0.142800
0.142800
0.142800
0.142800
0.144047
0.142800
0.142800
0.142800
0.142800
0.142800
0.142800
0.142800
0.179417
0.142800
0.142800
0.142800
0.142800
0.142800
0.142800
0.142800
0.142800
0.142800
0.142800
0.142800
0.150673
0.142800
0.142800
0.142800
0.142800
0.142800
0.142800
0.142800
0.164541
0.142800
0.142800
0.142800
0.142800
0.142800
0.142800
0.142800
0.142800
0.142800
0.142800
0.142800
0.142800
0.142800
0.142800
0.142800
0.142800
0.142800
0.142800
0.142800
0.142800
0.142800
0.157528
0.167847
0.142800
0.161804
0.172280
0.142800
0.149068
0.142800
0.215279
0.142800
0.142800
0.142800
0.142800
0.142800
0.142800
0.142800
0.142800
0.142800
0.142800
0.142800
0.142800
0.142800
0.142800
0.142800
0.142800
0.142800
0.142800
0.142800
0.142800
0.142800
0.142800
0.142800
0.142800
0.142800
0.142800
0.142800
0.142800
0.142800
0.142800
0.142800
0.142800
0.142800
0.142800
0.142800
0.142800
0.142800
0.142800
0.142800
0.142800
0.142800
0.142800
0.142800
0.142800
0.142800
0.142800
0.142800
0.142800
0.142800
0.142800
0.142800
0.149874
0.155305
0.149874
0.142800
0.142800
0.164541
0.155305
0.142800
0.156053
0.142800
0.142800
0.217298
0.142800
0.142800
0.142800
0.142800
0.142800
0.142800
0.142800
0.142800
0.149874
0.142800
0.143178
0.142800
0.155305
0.142800
0.142800
0.142800
0.145757
0.142800
0.142800
0.142800
0.144907
0.142800
0.142800
0.142800
0.142800
0.142800
0.149068
0.144047
0.142800
0.173508
0.142800
0.142800
0.173508
0.142800
0.142800
0.186593
0.142800
0.145757
0.142800
0.142800
0.189736
0.161804
0.142800
0.142800
0.142800
0.188177
0.161106
0.142800
0.211555
0.211133
0.155305
0.161106
0.168494
0.150673
0.189736
0.167196
0.212810
0.189736
0.178265
0.142800
0.148253
0.146598
0.142800
0.142800
0.142800
0.143178
0.142800
0.189736
0.154551
0.164541
0.211975
0.142800
0.142800
0.156793
0.142800
0.142800
0.142800
0.142800
0.142800
0.142800
0.142800
0.154551
0.142800
0.142800
0.142800
0.142800
0.142800
0.142800
0.142800
0.142800
0.142800
0.142800
0.142800
0.142800
0.142800
0.142800
0.142800
0.142800
0.142800
0.142800
0.142800
0.149068
0.152247
0.174720
0.142800
0.196233
0.142800
0.142800
0.142800
0.149874
0.142800
0.142800
0.187123
0.143178
0.142800
0.172896
0.144047
0.142800
0.151464
0.145757
0.142800
0.142800
0.142800
0.142800
0.142800
0.142800
0.158255
0.151464
0.142800
0.142800
0.142800
0.142800
0.142800
0.142800
0.142800
0.142800
0.142800
0.142800
0.142800
0.142800
0.142800
0.142800
0.142800
0.142800
0.142800
0.142800
0.142800
0.142800
0.142800
0.142800
0.142800
0.142800
0.142800
0.223910
0.142800
0.142800
0.184440
0.142800
0.142800
0.142800
0.142800
0.183346
0.142800
0.142800
0.153022
0.142800
0.142800
0.150673
0.142800
0.142800
0.147430
0.142800
0.142800
0.158977
0.175320
0.157528
0.142800
0.142800
0.142800
0.142800
0.142800
0.142800
0.142800
0.158977
0.153022
0.142800
0.164541
0.153790
0.142800
0.143178
0.142800
0.142800
0.142800
0.142800
0.142800
0.142800
0.142800
0.142800
0.142800
0.142800
0.142800
0.142800
0.152247
0.179988
0.142800
0.144907
0.142800
0.152247
0.142800
0.179988
0.142800
0.142800
0.162496
0.191272
0.183346
0.171660
0.142800
0.145757
0.142800
0.142800
0.142800
0.142800
0.142800
0.142800
0.142800
0.142800
0.142800
0.142800
0.142800
0.142800
0.142800
0.142800
0.142800
0.142800
0.142800
0.142800
0.142800
0.142800
0.142800
0.142800
0.142800
0.144907
0.142800
0.142800
0.178265
0.168494
0.142800
0.224287
0.156793
0.142800
0.142800
0.142800
0.142800
0.142800
0.231248
0.167196
0.164541
0.193782
0.226158
0.184983
0.144907
0.142800
0.142800
0.142800
0.142800
0.144047
0.146598
0.142800
0.142800
0.142800
0.142800
0.142800
0.144047
0.155305
0.142800
0.142800
0.142800
0.142800
0.142800
0.142800
0.142800
0.142800
0.142800
0.142800
0.142800
0.142800
0.142800
0.142800
0.142800
0.143178
0.142800
0.142800
0.142800
0.142800
0.142800
0.156053
0.142800
0.142800
0.142800
0.142800
0.142800
0.142800
0.142800
0.142800
0.142800
0.142800
0.142800
0.142800
0.142800
0.142800
0.142800
0.142800
0.142800
0.142800
0.142800
0.142800
0.142800
0.142800
0.142800
0.142800
0.149068
0.142800
0.142800
0.149068
0.142800
0.143178
0.142800
0.142800
0.160402
0.142800
0.142800
0.142800
0.146598
0.153022
0.142800
0.142800
0.156793
0.142800
0.142800
0.142800
0.142800
0.157528
0.142800
0.142800
0.142800
0.142800
0.142800
0.142800
0.142800
0.233016
0.142800
0.142800
0.142800
0.149874
0.142800
0.142800
0.174720
0.142800
0.142800
0.142800
0.144047
0.142800
0.142800
0.142800
0.142800
0.142800
0.142800
0.142800
0.142800
0.144047
0.142800
0.142800
0.142800
0.142800
0.142800
0.142800
0.142800
0.142800
0.171035
0.142800
0.168494
0.142800
0.142800
0.142800
0.142800
0.142800
0.142800
0.166539
0.142800
0.142800
0.142800
0.179988
0.199099
0.146598
0.179988
0.142800
0.142800
0.142800
0.142800
0.142800
0.142800
0.142800
0.142800
0.142800
0.142800
0.143178
0.181121
0.142800
0.142800
0.144047
0.142800
0.142800
0.142800
0.142800
0.150673
0.142800
0.142800
0.142800
0.142800
0.142800
0.142800
0.142800
0.142800
0.151464
0.142800
0.142800
0.142800
0.142800
0.142800
0.142800
0.142800
0.142800
0.151464
0.142800
0.142800
0.142800
0.142800
0.142800
0.142800
0.142800
0.142800
0.142800
0.151464
0.142800
0.142800
0.142800
0.142800
0.145757
0.158255
0.172896
0.169774
0.183895
0.166539
0.142800
0.142800
0.216091
0.145757
0.142800
0.200038
0.163183
0.142800
0.142800
0.142800
0.142800
0.142800
0.142800
0.142800
0.142800
0.142800
0.142800
0.142800
0.142800
0.142800
0.142800
0.142800
0.142800
0.142800
0.142800
0.142800
0.142800
0.142800
0.142800
0.142800
0.142800
0.161804
0.158977
0.142800
0.142800
0.142800
0.154551
0.149068
0.155305
0.156053
0.144047
0.143178
0.142800
0.142800
0.142800
0.142800
0.142800
0.142800
0.142800
0.223910
0.142800
0.142800
0.142800
0.142800
0.142800
0.142800
0.142800
0.142800
0.142800
0.142800
0.142800
0.142800
0.142800
0.142800
0.142800
0.142800
0.144047
0.163183
0.146598
0.153022
0.142800
0.142800
0.142800
0.142800
0.142800
0.142800
0.142800
0.142800
0.142800
0.142800
0.142800
0.142800
0.142800
0.142800
0.142800
0.142800
0.142800
0.142800
0.142800
0.142800
0.142800
0.142800
0.142800
0.142800
0.142800
0.142800
0.142800
0.142800
0.142800
0.142800
0.142800
0.142800
0.142800
0.142800
0.142800
0.142800
0.142800
0.142800
0.142800
0.142800
0.142800
0.142800
0.142800
0.144907
0.142800
0.142800
0.142800
0.142800
0.142800
0.142800
0.142800
0.142800
0.142800
0.142800
0.142800
0.142800
0.142800
0.142800
0.142800
0.142800
0.142800
0.142800
0.142800
0.142800
0.142800
0.142800
0.142800
0.142800
0.142800
0.142800
0.142800
0.144907
0.142800
0.142800
0.142800
0.142800
0.142800
0.142800
0.142800
0.142800
0.142800
0.142800
0.142800
0.142800
0.142800
0.142800
0.142800
0.142800
0.144047
0.142800
0.142800
0.142800
0.142800
0.171660
0.142800
0.186059
0.142800
0.142800
0.142800
0.149068
0.142800
0.142800
0.142800
0.142800
0.142800
0.142800
0.142800
0.142800
0.142800
0.142800
0.142800
0.142800
0.142800
0.142800
0.142800
0.142800
0.142800
0.142800
0.142800
0.142800
0.142800
0.142800
0.142800
0.142800
0.142800
0.142800
0.142800
0.142800
0.142800
0.199570
0.142800
0.142800
0.142800
0.142800
0.142800
0.143178
0.142800
0.142800
0.142800
0.142800
0.152247
0.142800
0.142800
0.142800
0.142800
0.142800
0.142800
0.142800
0.142800
0.142800
0.142800
0.142800
0.142800
0.142800
0.142800
0.144907
0.142800
0.142800
0.142800
0.142800
0.142800
0.142800
0.142800
0.142800
0.156053
0.157528
0.142800
0.142800
0.142800
0.142800
0.142800
0.152247
0.151464
0.187651
0.186593
0.159693
0.142800
0.165878
0.153790
0.143178
0.142800
0.155305
0.163865
0.170407
0.162496
0.142800
0.142800
0.142800
0.142800
0.142800
0.142800
0.142800
0.142800
0.142800
0.142800
0.142800
0.142800
0.142800
0.142800
0.142800
0.142800
0.142800
0.152247
0.142800
0.142800
0.142800
0.142800
0.142800
0.142800
0.142800
0.142800
0.142800
0.142800
0.142800
0.142800
0.142800
0.142800
0.142800
0.142800
0.142800
0.142800
0.142800
0.142800
0.142800
0.142800
0.142800
0.142800
0.142800
0.142800
0.153022
0.142800
0.142800
0.142800
0.142800
0.142800
0.142800
0.142800
0.142800
0.142800
0.142800
0.142800
0.152247
0.142800
0.145757
0.159693
0.142800
0.148253
0.142800
0.142800
0.154551
0.172280
0.142800
0.142800
0.142800
0.183346
0.142800
0.158977
0.142800
0.142800
0.142800
0.142800
0.142800
0.142800
0.142800
0.142800
0.142800
0.142800
0.142800
0.142800
0.142800
0.142800
0.142800
0.142800
0.142800
0.142800
0.142800
0.142800
0.142800
0.142800
0.142800
0.142800
0.142800
0.153022
0.142800
0.142800
0.142800
0.142800
0.142800
0.142800
0.142800
0.142800
0.142800
0.142800
0.142800
0.142800
0.142800
0.142800
0.142800
0.142800
0.142800
0.142800
0.142800
0.142800
0.142800
0.142800
0.142800
0.142800
0.142800
0.142800
0.142800
0.142800
0.142800
0.142800
0.142800
0.142800
0.142800
0.142800
0.142800
0.168494
0.142800
0.142800
0.142800
0.142800
0.142800
0.142800
0.142800
0.142800
0.142800
0.142800
0.142800
0.142800
0.142800
0.142800
0.142800
0.142800
0.142800
0.142800
0.142800
0.142800
0.142800
0.142800
0.142800
0.142800
0.142800
0.142800
0.142800
0.142800
0.142800
0.142800
0.142800
0.142800
0.142800
0.142800
0.142800
0.142800
0.142800
0.142800
0.142800
0.142800
0.142800
0.142800
0.142800
0.142800
0.142800
0.144907
0.142800
0.142800
0.142800
0.155305
0.142800
0.152247
0.142800
0.145757
0.142800
0.142800
0.142800
0.142800
0.142800
0.142800
0.163183
0.142800
0.142800
0.144907
0.142800
0.142800
0.142800
0.142800
0.142800
0.142800
0.142800
0.147430
0.184983
0.142800
0.142800
0.142800
0.146598
0.158977
0.142800
0.142800
0.142800
0.142800
0.142800
0.142800
0.149068
0.142800
0.143178
0.150673
0.148253
0.142800
0.142800
0.142800
0.142800
0.142800
0.142800
0.142800
0.142800
0.142800
0.142800
0.142800
0.142800
0.142800
0.142800
0.165878
0.142800
0.142800
0.142800
0.142800
0.142800
0.142800
0.142800
0.142800
0.142800
0.142800
0.168494
0.182240
0.171660
0.142800
0.177683
0.142800
0.142800
0.142800
0.142800
0.188699
0.142800
0.188699
0.161106
0.158977
0.142800
0.142800
0.142800
0.142800
0.215279
0.147430
0.142800
0.142800
0.142800
0.142800
0.142800
0.142800
0.142800
0.142800
0.201430
0.142800
0.142800
0.142800
0.142800
0.142800
0.142800
0.142800
0.149068
0.142800
0.142800
0.142800
0.142800
0.142800
0.142800
0.142800
0.142800
0.234759
0.142800
0.142800
0.142800
0.142800
0.142800
0.142800
0.189219
0.179417
0.142800
0.142800
0.227267
0.142800
0.142800
0.142800
0.142800
0.142800
0.142800
0.142800
0.142800
0.149874
0.142800
0.144907
0.142800
0.142800
0.146598
0.142800
0.142800
0.142800
0.142800
0.142800
0.145757
0.159693
0.142800
0.157528
0.158977
0.142800
0.169774
0.142800
0.171660
0.142800
0.142800
0.142800
0.142800
0.142800
0.142800
0.142800
0.142800
0.186059
0.142800
0.149874
0.142800
0.142800
0.142800
0.161106
0.142800
0.142800
0.142800
0.142800
0.142800
0.142800
0.142800
0.142800
0.142800
0.142800
0.142800
0.142800
0.142800
0.142800
0.142800
0.142800
0.153790
0.145757
0.142800
0.152247
0.147430
0.143178
0.187651
0.144907
0.142800
0.142800
0.142800
0.142800
0.142800
0.142800
0.142800
0.142800
0.142800
0.218887
0.142800
0.146598
0.142800
0.160402
0.163183
0.166539
0.142800
0.142800
0.156793
0.142800
0.142800
0.142800
0.142800
0.188177
0.142800
0.142800
0.142800
0.142800
0.142800
0.152247
0.142800
0.142800
0.142800
0.142800
0.142800
0.142800
0.142800
0.142800
0.142800
0.142800
0.144047
0.142800
0.155305
0.144047
0.142800
0.142800
0.233366
0.142800
0.153790
0.142800
0.142800
0.142800
0.142800
0.142800
0.142800
0.142800
0.230891
0.142800
0.142800
0.184983
0.142800
0.142800
0.142800
0.201430
0.174116
0.142800
0.156793
0.142800
0.142800
0.142800
0.142800
0.146598
0.142800
0.142800
0.142800
0.142800
0.142800
0.142800
0.193782
0.142800
0.142800
0.147430
0.142800
0.144047
0.142800
0.142800
0.142800
0.142800
0.142800
0.142800
0.142800
0.142800
0.149874
0.142800
0.142800
0.142800
0.142800
0.142800
0.142800
0.142800
0.142800
0.142800
0.142800
0.142800
0.142800
0.142800
0.142800
0.156053
0.142800
0.142800
0.142800
0.142800
0.142800
0.178843
0.142800
0.142800
0.142800
0.142800
0.142800
0.142800
0.142800
0.158255
0.142800
0.142800
0.142800
0.142800
0.142800
0.142800
0.190763
0.146598
0.142800
0.142800
0.149068
0.155305
0.142800
0.142800
0.142800
0.142800
0.142800
0.147430
0.142800
0.142800
0.142800
0.142800
0.142800
0.142800
0.145757
0.168494
0.142800
0.142800
0.142800
0.142800
0.148253
0.197197
0.142800
0.142800
0.158255
0.142800
0.142800
0.176509
0.142800
0.169136
0.142800
0.142800
0.142800
0.142800
0.142800
0.142800
0.142800
0.151464
0.183346
0.142800
0.142800
0.142800
0.142800
0.142800
0.142800
0.142800
0.142800
0.142800
0.142800
0.142800
0.142800
0.142800
0.142800
0.142800
0.142800
0.142800
0.142800
0.142800
0.142800
0.142800
0.142800
0.142800
0.142800
0.142800
0.142800
0.142800
0.142800
0.170407
0.142800
0.142800
0.142800
0.142800
0.142800
0.142800
0.142800
0.142800
0.142800
0.142800
0.142800
0.142800
0.142800
0.142800
0.142800
0.142800
0.142800
0.142800
0.142800
0.144907
0.142800
0.142800
0.142800
0.142800
0.142800
0.142800
0.162496
0.142800
0.142800
0.142800
0.142800
0.142800
0.142800
0.142800
0.142800
0.142800
0.142800
0.142800
0.142800
0.142800
0.172896
0.142800
0.142800
0.142800
0.142800
0.142800
0.142800
0.142800
0.142800
0.142800
0.142800
0.142800
0.142800
0.142800
0.142800
0.142800
0.142800
0.142800
0.142800
0.142800
0.142800
0.142800
0.142800
0.148253
0.142800
0.142800
0.142800
0.142800
0.142800
0.142800
0.153022
0.142800
0.142800
0.142800
0.201430
0.142800
0.142800
0.142800
0.142800
0.142800
0.142800
0.142800
0.142800
0.167196
0.142800
0.174720
0.142800
0.149874
0.145757
0.142800
0.142800
0.142800
0.153790
0.142800
0.158977
0.142800
0.142800
0.142800
0.142800
0.159693
0.142800
0.172280
0.142800
0.142800
0.158255
0.145757
0.142800
0.142800
0.142800
0.142800
0.142800
0.142800
0.142800
0.142800
0.142800
0.142800
0.142800
0.142800
0.142800
0.142800
0.142800
0.142800
0.142800
0.142800
0.142800
0.142800
0.170407
0.142800
0.142800
0.142800
0.142800
0.142800
0.142800
0.142800
0.142800
0.142800
0.142800
0.142800
0.142800
0.142800
0.142800
0.161804
0.142800
0.142800
0.142800
0.142800
0.142800
0.142800
0.175320
0.142800
0.142800
0.142800
0.142800
0.142800
0.142800
0.142800
0.142800
0.142800
0.142800
0.142800
0.142800
0.165212
0.142800
0.142800
0.142800
0.143178
0.144907
0.142800
0.142800
0.142800
0.142800
0.158255
0.142800
0.144907
0.142800
0.148253
0.148253
0.142800
0.145757
0.174116
0.142800
0.142800
0.142800
0.142800
0.142800
0.142800
0.142800
0.156053
0.144907
0.156793
0.142800
0.161804
0.142800
0.176509
0.142800
0.142800
0.142800
0.149874
0.142800
0.142800
0.142800
0.142800
0.147430
0.142800
0.142800
0.142800
0.213225
0.142800
0.142800
0.142800
0.151464
0.142800
0.142800
0.143178
0.148253
0.142800
0.142800
0.142800
0.142800
0.142800
0.142800
0.142800
0.142800
0.142800
0.142800
0.143178
0.142800
0.235817
0.148253
0.142800
0.142800
0.142800
0.142800
0.175916
0.171035
0.142800
0.142800
0.142800
0.142800
0.142800
0.142800
0.142800
0.142800
0.142800
0.142800
0.142800
0.142800
0.142800
0.142800
0.142800
0.142800
0.142800
0.142800
0.146598
0.142800
0.158255
0.142800
0.142800
0.142800
0.142800
0.153022
0.142800
0.165878
0.142800
0.142800
0.142800
0.184983
0.142800
0.142800
0.143178
0.161804
0.142800
0.142800
0.142800
0.142800
0.142800
0.142800
0.142800
0.149874
0.144047
0.154551
0.154551
0.142800
0.142800
0.142800
0.142800
0.142800
0.142800
0.142800
0.142800
0.142800
0.142800
0.142800
0.142800
0.142800
0.142800
0.142800
0.142800
0.142800
0.142800
0.142800
0.142800
0.142800
0.142800
0.145757
0.142800
0.142800
0.142800
0.142800
0.142800
0.142800
0.142800
0.142800
0.149068
0.142800
0.142800
0.142800
0.142800
0.142800
0.142800
0.142800
0.142800
0.142800
0.142800
0.142800
0.142800
0.182795
0.142800
0.142800
0.142800
0.142800
0.142800
0.142800
0.142800
0.142800
0.142800
0.142800
0.142800
0.142800
0.142800
0.142800
0.142800
0.142800
0.142800
0.154551
0.142800
0.142800
0.142800
0.142800
0.144907
0.142800
0.142800
0.142800
0.142800
0.142800
0.142800
0.142800
0.142800
0.142800
0.142800
0.142800
0.142800
0.142800
0.151464
0.142800
0.142800
0.142800
0.142800
0.161804
0.142800
0.151464
0.142800
0.142800
0.142800
0.151464
0.208137
0.142800
0.142800
0.142800
0.142800
0.142800
0.142800
0.142800
0.142800
0.142800
0.174116
0.146598
0.142800
0.142800
0.142800
0.159693
0.142800
0.147430
0.142800
0.142800
0.191272
0.147430
0.142800
0.142800
0.142800
0.142800
0.158977
0.142800
0.142800
0.149068
0.142800
0.142800
0.142800
0.142800
0.161106
0.142800
0.149068
0.187123
0.142800
0.142800
0.142800
0.142800
0.145757
0.142800
0.154551
0.163183
0.142800
0.142800
0.142800
0.157528
0.142800
0.145757
0.160402
0.142800
0.154551
0.146598
0.142800
0.142800
0.142800
0.142800
0.142800
0.163865
0.142800
0.142800
0.142800
0.142800
0.142800
0.142800
0.142800
0.171035
0.142800
0.142800
0.142800
0.174116
0.142800
0.142800
0.142800
0.153790
0.142800
0.142800
0.142800
0.142800
0.142800
0.166539
0.142800
0.142800
0.142800
0.142800
0.144047
0.171660
0.142800
0.142800
0.142800
0.142800
0.142800
0.142800
0.142800
0.142800
0.142800
0.142800
0.186059
0.163865
0.142800
0.142800
0.142800
0.142800
0.142800
0.142800
0.142800
0.142800
0.142800
0.142800
0.153022
0.156793
0.142800
0.184983
0.165878
0.162496
0.142800
0.176509
0.142800
0.142800
0.166539
0.142800
0.166539
0.142800
0.142800
0.142800
0.188177
0.142800
0.142800
0.142800
0.156793
0.161804
0.142800
0.142800
0.142800
0.142800
0.142800
0.142800
0.186059
0.153790
0.142800
0.142800
0.149068
0.143178
0.142800
0.142800
0.142800
0.142800
0.142800
0.142800
0.142800
0.142800
0.142800
0.142800
0.142800
0.142800
0.142800
0.142800
0.142800
0.142800
0.142800
0.142800
0.142800
0.142800
0.142800
0.142800
0.142800
0.142800
0.142800
0.142800
0.150673
0.142800
0.142800
0.147430
0.142800
0.142800
0.177098
0.142800
0.145757
0.142800
0.142800
0.142800
0.142800
0.142800
0.142800
0.142800
0.168494
0.142800
0.142800
0.143178
0.142800
0.142800
0.142800
0.142800
0.142800
0.142800
0.142800
0.142800
0.142800
0.142800
0.142800
0.144047
0.142800
0.142800
0.142800
0.142800
0.142800
0.142800
0.142800
0.142800
0.142800
0.142800
0.142800
0.142800
0.171660
0.142800
0.142800
0.142800
0.142800
0.142800
0.142800
0.142800
0.142800
0.142800
0.142800
0.142800
0.142800
0.142800
0.142800
0.142800
0.142800
0.142800
0.142800
0.142800
0.142800
0.142800
0.142800
0.142800
0.180556
0.142800
0.172896
0.171660
0.165878
0.142800
0.145757
0.142800
0.142800
0.142800
0.142800
0.142800
0.142800
0.142800
0.142800
0.142800
0.142800
0.142800
0.142800
0.142800
0.142800
0.142800
0.142800
0.142800
0.217697
0.147430
0.142800
0.142800
0.142800
0.142800
0.142800
0.182795
0.142800
0.142800
0.142800
0.142800
0.142800
0.142800
0.142800
0.142800
0.142800
0.150673
0.142800
0.142800
0.142800
0.142800
0.143178
0.142800
0.142800
0.142800
0.142800
0.142800
0.142800
0.142800
0.142800
0.142800
0.149068
0.142800
0.142800
0.142800
0.142800
0.142800
0.142800
0.142800
0.142800
0.178843
0.142800
0.142800
0.162496
0.142800
0.142800
0.142800
0.142800
0.142800
0.142800
0.142800
0.142800
0.142800
0.142800
0.194277
0.142800
0.199570
0.142800
0.142800
0.154551
0.142800
0.142800
0.142800
0.142800
0.142800
0.147430
0.142800
0.142800
0.142800
0.142800
0.142800
0.142800
0.142800
0.142800
0.142800
0.142800
0.142800
0.142800
0.142800
0.142800
0.142800
0.142800
0.172896
0.142800
0.145757
0.142800
0.142800
0.148253
0.142800
0.143178
0.142800
0.142800
0.177683
0.190763
0.142800
0.142800
0.142800
0.142800
0.156053
0.142800
0.142800
0.142800
0.153022
0.142800
0.142800
0.142800
0.150673
0.150673
0.175916
0.142800
0.165212
0.144047
0.142800
0.187651
0.144907
0.142800
0.142800
0.142800
0.142800
0.142800
0.142800
0.167847
0.149068
0.153022
0.152247
0.151464
0.142800
0.175320
0.158255
0.142800
0.142800
0.142800
0.142800
0.142800
0.154551
0.142800
0.180556
0.158255
0.142800
0.142800
0.156793
0.158977
0.143178
0.169136
0.177098
0.163865
0.156053
0.163183
0.142800
0.170407
0.150673
0.142800
0.147430
0.171660
0.142800
0.142800
0.142800
0.142800
0.155305
0.142800
0.142800
0.142800
0.142800
0.147430
0.142800
0.142800
0.142800
0.142800
0.142800
0.142800
0.146598
0.142800
0.142800
0.142800
0.167196
0.142800
0.142800
0.142800
0.142800
0.158977
0.158255
0.157528
0.154551
0.161106
0.142800
0.142800
0.152247
0.142800
0.142800
0.143178
0.145757
0.142800
0.142800
0.142800
0.144907
0.144907
0.142800
0.149874
0.142800
0.142800
0.151464
0.142800
0.142800
0.142800
0.142800
0.142800
0.142800
0.142800
0.142800
0.142800
0.142800
0.142800
0.142800
0.142800
0.142800
0.142800
0.142800
0.142800
0.142800
0.142800
0.142800
0.142800
0.142800
0.171035
0.142800
0.142800
0.142800
0.142800
0.142800
0.153790
0.142800
0.142800
0.142800
0.142800
0.142800
0.142800
0.142800
0.142800
0.142800
0.142800
0.142800
0.142800
0.142800
0.142800
0.142800
0.144047
0.174116
0.142800
0.142800
0.142800
0.142800
0.142800
0.142800
0.142800
0.171660
0.162496
0.142800
0.142800
0.142800
0.142800
0.142800
0.142800
0.158255
0.156053
0.142800
0.142800
0.142800
0.142800
0.142800
0.142800
0.142800
0.142800
0.142800
0.142800
0.142800
0.183895
0.142800
0.142800
0.142800
0.142800
0.142800
0.142800
0.142800
0.173508
0.142800
0.142800
0.142800
0.142800
0.142800
0.142800
0.142800
0.142800
0.142800
0.157528
0.142800
0.142800
0.142800
0.142800
0.149068
0.142800
0.142800
0.142800
0.142800
0.142800
0.142800
0.142800
0.142800
0.142800
0.142800
0.142800
0.142800
0.142800
0.142800
0.142800
0.142800
0.142800
0.142800
0.142800
0.142800
0.187123
0.142800
0.142800
0.142800
0.142800
0.142800
0.142800
0.142800
0.143178
0.142800
0.165878
0.142800
0.142800
0.142800
0.142800
0.142800
0.142800
0.143178
0.142800
0.191779
0.142800
0.142800
0.142800
0.167847
0.142800
0.201891
0.142800
0.142800
0.142800
0.142800
0.142800
0.142800
0.178843
0.142800
0.145757
0.142800
0.190251
0.142800
0.211555
0.153022
0.144907
0.142800
0.142800
0.142800
0.142800
0.142800
0.165212
0.148253
0.186593
0.142800
0.142800
0.142800
0.162496
0.192786
0.158977
0.198152
0.183895
0.190763
0.181682
0.195259
0.142800
0.142800
0.154551
0.142800
0.142800
0.142800
0.142800
0.142800
0.158255
0.142800
0.142800
0.142800
0.142800
0.142800
0.142800
0.142800
0.142800
0.142800
0.167196
0.142800
0.142800
0.142800
0.142800
0.142800
0.163865
0.144047
0.149874
0.213639
0.142800
0.142800
0.188177
0.142800
0.142800
0.142800
0.142800
0.142800
0.142800
0.142800
0.142800
0.142800
0.190251
0.160402
0.142800
0.142800
0.149874
0.142800
0.148253
0.146598
0.162496
0.142800
0.210285
0.142800
0.142800
0.142800
0.142800
0.142800
0.142800
0.142800
0.161106
0.142800
0.142800
0.142800
0.142800
0.142800
0.142800
0.148253
0.142800
0.142800
0.142800
0.193782
0.142800
0.142800
0.142800
0.142800
0.142800
0.142800
0.184440
0.187123
0.142800
0.190763
0.142800
0.185522
0.191779
0.142800
0.142800
0.142800
0.198152
0.142800
0.142800
0.142800
0.150673
0.142800
0.142800
0.142800
0.172896
0.142800
0.142800
0.142800
0.142800
0.142800
0.142800
0.142800
0.144907
0.142800
0.142800
0.186593
0.142800
0.167847
0.149068
0.151464
0.142800
0.142800
0.142800
0.142800
0.142800
0.158977
0.172280
0.143178
0.142800
0.142800
0.144907
0.142800
0.142800
0.142800
0.142800
0.142800
0.142800
0.142800
0.142800
0.142800
0.142800
0.142800
0.142800
0.142800
0.142800
0.142800
0.142800
0.190251
0.142800
0.142800
0.142800
0.150673
0.148253
0.142800
0.142800
0.142800
0.152247
0.142800
0.153790
0.142800
0.146598
0.142800
0.142800
0.142800
0.167847
0.144907
0.147430
0.183346
0.171035
0.191779
0.172280
0.189219
0.203712
0.168494
0.142800
0.165212
0.142800
0.156053
0.142800
0.152247
0.142800
0.142800
0.149874
0.158977
0.142800
0.142800
0.142800
0.142800
0.142800
0.142800
0.142800
0.142800
0.142800
0.142800
0.142800
0.142800
0.142800
0.142800
0.142800
0.142800
0.142800
0.144047
0.149874
0.149068
0.142800
0.142800
0.142800
0.142800
0.142800
0.149874
0.142800
0.142800
0.144047
0.142800
0.154551
0.142800
0.142800
0.142800
0.142800
0.142800
0.149874
0.142800
0.142800
0.142800
0.142800
0.142800
0.142800
0.142800
0.169136
0.142800
0.142800
0.142800
0.142800
0.142800
0.142800
0.142800
0.142800
0.142800
0.143178
0.152247
0.167196
0.156053
0.168494
0.142800
0.142800
0.143178
0.145757
0.142800
0.142800
0.142800
0.142800
0.142800
0.164541
0.142800
0.142800
0.147430
0.142800
0.147430
0.142800
0.142800
0.142800
0.142800
0.142800
0.142800
0.142800
0.149874
0.142800
0.142800
0.142800
0.165212
0.142800
0.179417
0.142800
0.142800
0.175320
0.163183
0.142800
0.142800
0.142800
0.183346
0.142800
0.161804
0.142800
0.142800
0.142800
0.152247
0.154551
0.183346
0.142800
0.142800
0.165878
0.144047
0.142800
0.142800
0.175320
0.186593
0.144907
0.142800
0.163183
0.158255
0.142800
0.142800
0.142800
0.174116
0.178843
0.148253
0.154551
0.148253
0.177683
0.142800
0.142800
0.178843
0.142800
0.161804
0.167196
0.142800
0.163183
0.167196
0.165878
0.142800
0.156053
0.159693
0.142800
0.153790
0.142800
0.169136
0.166539
0.142800
0.162496
0.142800
0.160402
0.181121
0.158255
0.158255
0.172280
0.153022
0.142800
0.142800
0.142800
0.142800
0.142800
0.142800
0.142800
0.142800
0.142800
0.142800
0.142800
0.142800
0.179417
0.173508
0.168494
0.159693
0.163865
0.142800
0.142800
0.142800
0.142800
0.179988
0.142800
0.142800
0.142800
0.142800
0.142800
0.142800
0.142800
0.190763
0.142800
0.184983
0.142800
0.142800
0.142800
0.201891
0.142800
0.142800
0.174720
0.142800
0.174116
0.142800
0.142800
0.142800
0.142800
0.142800
0.142800
0.155305
0.142800
0.142800
0.161106
0.142800
0.142800
0.158977
0.142800
0.167196
0.147430
0.142800
0.142800
0.142800
0.173508
0.142800
0.142800
0.153790
0.142800
0.142800
0.160402
0.152247
0.167847
0.165212
0.165212
0.166539
0.142800
0.142800
0.142800
0.142800
0.188699
0.163865
0.142800
0.142800
0.153022
0.142800
0.226898
0.168494
0.142800
0.142800
0.142800
0.152247
0.142800
0.142800
0.142800
0.156053
0.142800
0.142800
0.142800
0.142800
0.155305
0.145757
0.142800
0.142800
0.142800
0.155305
0.142800
0.142800
0.172896
0.142800
0.142800
0.142800
0.146598
0.156793
0.166539
0.142800
0.142800
0.142800
0.142800
0.142800
0.142800
0.142800
0.156793
0.142800
0.153022
0.159693
0.187123
0.182240
0.142800
0.142800
0.142800
0.142800
0.174720
0.142800
0.142800
0.202349
0.158977
0.142800
0.142800
0.142800
0.142800
0.142800
0.142800
0.158977
0.142800
0.142800
0.142800
0.180556
0.142800
0.142800
0.142800
0.142800
0.142800
0.142800
0.142800
0.142800
0.195259
0.142800
0.154551
0.165878
0.159693
0.142800
0.169136
0.144907
0.156053
0.142800
0.142800
0.142800
0.144907
0.142800
0.142800
0.144907
0.144907
0.142800
0.153790
0.142800
0.142800
0.142800
0.142800
0.142800
0.173508
0.142800
0.142800
0.142800
0.142800
0.142800
0.142800
0.142800
0.142800
0.142800
0.142800
0.170407
0.143178
0.142800
0.142800
0.142800
0.142800
0.142800
0.142800
0.145757
0.142800
0.142800
0.142800
0.142800
0.142800
0.142800
0.142800
0.142800
0.142800
0.153022
0.147430
0.142800
0.142800
0.142800
0.142800
0.163865
0.142800
0.142800
0.142800
0.142800
0.142800
0.144047
0.142800
0.142800
0.173508
0.142800
0.146598
0.142800
0.142800
0.142800
0.142800
0.142800
0.142800
0.142800
0.142800
0.142800
0.171035
0.157528
0.142800
0.144047
0.142800
0.142800
0.151464
0.151464
0.142800
0.142800
0.142800
0.142800
0.161106
0.142800
0.142800
0.144907
0.142800
0.142800
0.142800
0.142800
0.142800
0.142800
0.142800
0.142800
0.142800
0.153790
0.142800
0.142800
0.149874
0.142800
0.142800
0.142800
0.146598
0.142800
0.142800
0.142800
0.142800
0.142800
0.205947
0.142800
0.142800
0.142800
0.142800
0.142800
0.142800
0.202805
0.195747
0.142800
0.142800
0.142800
0.142800
0.165212
0.142800
0.142800
0.142800
0.142800
0.142800
0.142800
0.142800
0.142800
0.142800
0.142800
0.142800
0.142800
0.142800
0.142800
0.142800
0.142800
0.142800
0.142800
0.142800
0.142800
0.142800
0.142800
0.142800
0.142800
0.142800
0.154551
0.142800
0.142800
0.142800
0.169774
0.142800
0.142800
0.172896
0.165878
0.142800
0.142800
0.142800
0.142800
0.177098
0.143178
0.142800
0.142800
0.142800
0.144907
0.199570
0.142800
0.147430
0.215279
0.142800
0.177683
0.142800
0.142800
0.142800
0.151464
0.156793
0.142800
0.189736
0.142800
0.142800
0.142800
0.142800
0.153790
0.142800
0.148253
0.149874
0.142800
0.142800
0.142800
0.142800
0.142800
0.142800
0.142800
0.142800
0.144907
0.142800
0.142800
0.142800
0.142800
0.143178
0.142800
0.142800
0.142800
0.142800
0.142800
0.142800
0.142800
0.142800
0.142800
0.142800
0.142800
0.142800
0.160402
0.142800
0.142800
0.142800
0.142800
0.142800
0.145757
0.145757
0.220065
0.155305
0.154551
0.190763
0.142800
0.144047
0.154551
0.142800
0.144047
0.156793
0.142800
0.142800
0.142800
0.142800
0.143178
0.142800
0.156793
0.142800
0.142800
0.142800
0.142800
0.142800
0.142800
0.142800
0.142800
0.142800
0.142800
0.142800
0.142800
0.142800
0.142800
0.142800
0.142800
0.142800
0.142800
0.142800
0.142800
0.142800
0.142800
0.142800
0.160402
0.142800
0.142800
0.142800
0.142800
0.142800
0.142800
0.142800
0.142800
0.142800
0.142800
0.153022
0.142800
0.142800
0.142800
0.154551
0.142800
0.151464
0.142800
0.142800
0.142800
0.142800
0.142800
0.142800
0.142800
0.142800
0.142800
0.142800
0.142800
0.144047
0.142800
0.142800
0.142800
0.142800
0.150673
0.142800
0.142800
0.142800
0.142800
0.142800
0.142800
0.142800
0.142800
0.142800
0.142800
0.142800
0.142800
0.192284
0.142800
0.142800
0.142800
0.142800
0.147430
0.142800
0.142800
0.190251
0.142800
0.142800
0.142800
0.142800
0.142800
0.153022
0.209001
0.142800
0.142800
0.142800
0.142800
0.188699
0.142800
0.183895
0.142800
0.165212
0.142800
0.142800
0.142800
0.142800
0.142800
0.142800
0.142800
0.142800
0.142800
0.142800
0.142800
0.142800
0.142800
0.142800
0.142800
0.142800
0.142800
0.142800
0.142800
0.142800
0.142800
0.142800
0.142800
0.142800
0.146598
0.153790
0.142800
0.142800
0.142800
0.142800
0.142800
0.142800
0.142800
0.142800
0.142800
0.161804
0.142800
0.229093
0.142800
0.172896
0.163865
0.163865
0.142800
0.142800
0.152247
0.142800
0.142800
0.142800
0.142800
0.142800
0.144047
0.142800
0.142800
0.142800
0.142800
0.142800
0.142800
0.142800
0.142800
0.142800
0.142800
0.158977
0.142800
0.157639
0.142800
0.142800
0.142800
0.209431
0.142800
0.142800
0.142800
0.142800
0.142800
0.142800
0.142800
0.142800
0.142800
0.142800
0.142800
0.142800
0.142800
0.142800
0.142800
0.142800
0.142800
0.142800
0.142800
0.142800
0.142800
0.142800
0.142800
0.142800
0.142800
0.142800
0.142800
0.142800
0.142800
0.142800
0.142800
0.142800
0.159693
0.142800
0.142800
0.142800
0.143178
0.148253
0.142800
0.142800
0.142800
0.142800
0.142800
0.142800
0.142800
0.142800
0.142800
0.142800
0.142800
0.142800
0.142800
0.142800
0.142800
0.142800
0.142800
0.142800
0.142800
0.142800
0.142800
0.142800
0.142800
0.142800
0.142800
0.142800
0.142800
0.142800
0.142800
0.142800
0.142800
0.143178
0.142800
0.149068
0.165878
0.172896
0.142800
0.142800
0.142800
0.142800
0.142800
0.142800
0.142800
0.142800
0.142800
0.142800
0.142800
0.142800
0.142800
0.142800
0.142800
0.142800
0.142800
0.142800
0.142800
0.142800
0.142800
0.142800
0.170407
0.201891
0.142800
0.142800
0.142800
0.142800
0.142800
0.142800
0.142800
0.142800
0.142800
0.142800
0.142800
0.142800
0.142800
0.142800
0.142800
0.142800
0.156053
0.142800
0.142800
0.142800
0.142800
0.209859
0.142800
0.142800
0.142800
0.142800
0.142800
0.142800
0.142800
0.142800
0.142800
0.142800
0.142800
0.222003
0.142800
0.214462
0.142800
0.142800
0.142800
0.142800
0.142800
0.142800
0.150673
0.142800
0.142800
0.142800
0.142800
0.142800
0.142800
0.142800
0.142800
0.142800
0.142800
0.142800
0.142800
0.142800
0.142800
0.142800
0.142800
0.142800
0.142800
0.142800
0.142800
0.142800
0.142800
0.142800
0.142800
0.142800
0.142800
0.142800
0.142800
0.142800
0.142800
0.142800
0.142800
0.142800
0.142800
0.142800
0.142800
0.150673
0.145757
0.142800
0.146598
0.142800
0.142800
0.142800
0.142800
0.142800
0.142800
0.142800
0.145757
0.155305
0.152247
0.142800
0.142800
0.142800
0.157528
0.142800
0.161804
0.159693
0.162496
0.142800
0.148253
0.142800
0.142800
0.142800
0.145757
0.142800
0.158977
0.143178
0.152247
0.142800
0.150673
0.181682
0.142800
0.142800
0.142800
0.142800
0.144907
0.142800
0.142800
0.142800
0.142800
0.142800
0.153790
0.157528
0.144047
0.170407
0.174116
0.142800
0.142800
0.142800
0.149068
0.142800
0.142800
0.159693
0.142800
0.142800
0.142800
0.142800
0.188177
0.142800
0.142800
0.154551
0.142800
0.142800
0.142800
0.142800
0.142800
0.142800
0.142800
0.142800
0.142800
0.199570
0.162496
0.167847
0.170407
0.168494
0.161106
0.181682
0.142800
0.142800
0.142800
0.142800
0.142800
0.142800
0.142800
0.142800
0.150673
0.169774
0.142800
0.142800
0.142800
0.142800
0.142800
0.142800
0.142800
0.142800
0.142800
0.142800
0.142800
0.171035
0.165878
0.153022
0.172896
0.142800
0.142800
0.161804
0.142800
0.142800
0.142800
0.142800
0.142800
0.142800
0.143178
0.142800
0.142800
0.142800
0.142800
0.142800
0.142800
0.142800
0.142800
0.194769
0.191272
0.142800
0.142800
0.142800
0.142800
0.142800
0.142800
0.142800
0.151464
0.142800
0.142800
0.142800
0.142800
0.145757
0.142800
0.142800
0.142800
0.142800
0.142800
0.142800
0.142800
0.142800
0.142800
0.142800
0.142800
0.142800
0.142800
0.142800
0.142800
0.142800
0.142800
0.142800
0.147430
0.142800
0.142800
0.142800
0.142800
0.142800
0.144907
0.142800
0.142800
0.142800
0.142800
0.142800
0.158977
0.142800
0.143178
0.142800
0.142800
0.153790
0.142800
0.142800
0.142800
0.142800
0.152247
0.142800
0.142800
0.142800
0.142800
0.142800
0.142800
0.142800
0.142800
0.142800
0.146598
0.144047
0.142800
0.142800
0.142800
0.142800
0.142800
0.142800
0.142800
0.142800
0.192786
0.142800
0.142800
0.142800
0.142800
0.142800
0.143178
0.142800
0.143178
0.142800
0.142800
0.142800
0.142800
0.142800
0.142800
0.142800
0.142800
0.142800
0.142800
0.142800
0.184440
0.142800
0.142800
0.142800
0.142800
0.142800
0.144907
0.153790
0.142800
0.142800
0.196716
0.142800
0.150673
0.160402
0.187651
0.220844
0.142800
0.142800
0.142800
0.142800
0.149068
0.162496
0.167847
0.165212
0.177098
0.142800
0.142800
0.154551
0.153790
0.142800
0.142800
0.142800
0.159693
0.142800
0.142800
0.142800
0.142800
0.142800
0.177683
0.200038
0.222769
0.212810
0.156793
0.142800
0.142800
0.158977
0.142800
0.142800
0.142800
0.142800
0.142800
0.142800
0.149874
0.146598
0.142800
0.142800
0.142800
0.142800
0.142800
0.142800
0.142800
0.177683
0.142800
0.142800
0.142800
0.142800
0.149068
0.161106
0.158255
0.155305
0.145757
0.142800
0.142800
0.144907
0.142800
0.151464
0.184983
0.196233
0.201430
0.149874
0.196233
0.142800
0.189219
0.190251
0.142800
0.142800
0.142800
0.156793
0.142800
0.142800
0.142800
0.143178
0.142800
0.142800
0.142800
0.142800
0.142800
0.142800
0.180556
0.142800
0.142800
0.142800
0.152247
0.142800
0.147430
0.192284
0.142800
0.142800
0.142800
0.142800
0.142800
0.142800
0.142800
0.142800
0.142800
0.188699
0.142800
0.142800
0.152247
0.142800
0.142800
0.142800
0.142800
0.142800
0.142800
0.142800
0.145757
0.164541
0.153790
0.158977
0.156793
0.218492
0.142800
0.142800
0.142800
0.142800
0.142800
0.142800
0.142800
0.142800
0.142800
0.142800
0.149874
0.142800
0.142800
0.142800
0.142800
0.151464
0.142800
0.142800
0.215279
0.142800
0.142800
0.142800
0.142800
0.177683
0.142800
0.142800
0.142800
0.142800
0.156793
0.164541
0.166539
0.165212
0.181682
0.180556
0.142800
0.142800
0.233366
0.158255
0.142800
0.142800
0.142800
0.142800
0.142800
0.142800
0.142800
0.190251
0.149068
0.142800
0.142800
0.142800
0.142800
0.192284
0.142800
0.142800
0.142800
0.142800
0.142800
0.142800
0.142800
0.142800
0.142800
0.142800
0.142800
0.190763
0.142800
0.142800
0.142800
0.142800
0.142800
0.142800
0.142800
0.142800
0.142800
0.142800
0.142800
0.142800
0.142800
0.142800
0.142800
0.142800
0.142800
0.142800
0.142800
0.142800
0.142800
0.148253
0.142800
0.142800
0.142800
0.151464
0.142800
0.145757
0.149874
0.150673
0.155305
0.142800
0.142800
0.148253
0.142800
0.152247
0.164541
0.142800
0.148253
0.142800
0.144907
0.178265
0.142800
0.142800
0.161804
0.142800
0.142800
0.142800
0.147430
0.142800
0.142800
0.142800
0.153790
0.161106
0.142800
0.142800
0.142800
0.142800
0.142800
0.158255
0.142800
0.142800
0.142800
0.171660
0.167196
0.200038
0.142800
0.142800
0.142800
0.142800
0.142800
0.142800
0.142800
0.142800
0.142800
0.142800
0.142800
0.142800
0.142800
0.142800
0.142800
0.142800
0.142800
0.142800
0.144907
0.142800
0.142800
0.142800
0.142800
0.142800
0.142800
0.142800
0.142800
0.144047
0.142800
0.142800
0.142800
0.142800
0.156053
0.144047
0.144907
0.142800
0.142800
0.142800
0.144047
0.142800
0.142800
0.142800
0.142800
0.142800
0.142800
0.142800
0.142800
0.142800
0.142800
0.142800
0.142800
0.142800
0.142800
0.142800
0.142800
0.142800
0.142800
0.142800
0.142800
0.142800
0.142800
0.142800
0.142800
0.142800
0.142800
0.142800
0.142800
0.142800
0.186593
0.142800
0.142800
0.142800
0.142800
0.159693
0.142800
0.142800
0.142800
0.142800
0.142800
0.142800
0.142800
0.142800
0.142800
0.142800
0.142800
0.142800
0.142800
0.142800
0.142800
0.142800
0.142800
0.170407
0.142800
0.142800
0.142800
0.142800
0.142800
0.142800
0.146598
0.142800
0.142800
0.142800
0.169136
0.142800
0.142800
0.142800
0.142800
0.142800
0.142800
0.142800
0.142800
0.142800
0.202349
0.142800
0.142800
0.142800
0.142800
0.142800
0.142800
0.142800
0.142800
0.142800
0.142800
0.142800
0.142800
0.142800
0.142800
0.142800
0.142800
0.142800
0.167847
0.142800
0.142800
0.142800
0.142800
0.142800
0.142800
0.158255
0.144047
0.142800
0.142800
0.142800
0.142800
0.142800
0.142800
0.142800
0.142800
0.142800
0.142800
0.142800
0.142800
0.142800
0.181121
0.174116
0.167847
0.142800
0.142800
0.142800
0.144907
0.163183
0.142800
0.158255
0.142800
0.142800
0.143178
0.156053
0.142800
0.149068
0.142800
0.142800
0.142800
0.149874
0.162496
0.184983
0.142800
0.142800
0.158255
0.142800
0.174116
0.142800
0.142800
0.165878
0.142800
0.142800
0.142800
0.142800
0.142800
0.143178
0.142800
0.142800
0.142800
0.193782
0.142800
0.142800
0.142800
0.142800
0.142800
0.142800
0.166539
0.142800
0.142800
0.142800
0.142800
0.142800
0.142800
0.142800
0.142800
0.142800
0.142800
0.142800
0.142800
0.142800
0.142800
0.162496
0.149068
0.145757
0.142800
0.142800
0.152247
0.171660
0.142800
0.142800
0.147430
0.142800
0.142800
0.142800
0.142800
0.142800
0.142800
0.142800
0.142800
0.142800
0.142800
0.142800
0.142800
0.142800
0.142800
0.142800
0.142800
0.142800
0.142800
0.142800
0.142800
0.142800
0.142800
0.142800
0.142800
0.142800
0.156793
0.142800
0.145757
0.162496
0.228256
0.142800
0.142800
0.142800
0.142800
0.142800
0.240511
0.142800
0.142800
0.145757
0.208570
0.142800
0.142800
0.142800
0.142800
0.142800
0.142800
0.142800
0.142800
0.142800
0.149874
0.142800
0.142800
0.142800
0.142800
0.142800
0.151464
0.142800
0.142800
0.158255
0.142800
0.142800
0.142800
0.142800
0.142800
0.142800
0.142800
0.142800
0.142800
0.148253
0.142800
0.142800
0.142800
0.142800
0.142800
0.142800
0.167196
0.142800
0.142800
0.143178
0.144907
0.142800
0.183895
0.171660
0.142800
0.191272
0.142800
0.169774
0.184440
0.142800
0.142800
0.142800
0.220844
0.186593
0.177098
0.142800
0.181682
0.142800
0.164541
0.142800
0.142800
0.142800
0.143178
0.142800
0.142800
0.143178
0.142800
0.142800
0.142800
0.142800
0.142800
0.142800
0.144047
0.142800
0.142800
0.142800
0.142800
0.142800
0.142800
0.142800
0.142800
0.142800
0.142800
0.142800
0.142800
0.142800
0.142800
0.142800
0.142800
0.142800
0.142800
0.155305
0.142800
0.142800
0.142800
0.142800
0.158977
0.156053
0.144907
0.142800
0.142800
0.142800
0.142800
0.142800
0.142800
0.142800
0.142800
0.142800
0.149874
0.142800
0.144907
0.145757
0.142800
0.142800
0.145757
0.142800
0.142800
0.142800
0.142800
0.142800
0.142800
0.142800
0.142800
0.191272
0.142800
0.142800
0.228000
0.142800
0.142800
0.142800
0.177683
0.142800
0.142800
0.142800
0.142800
0.142800
0.142800
0.142800
0.142800
0.142800
0.142800
0.142800
0.150673
0.142800
0.142800
0.151464
0.186059
0.142800
0.156793
0.163183
0.142800
0.147430
0.142800
0.142800
0.171660
0.142800
0.142800
0.159693
0.142800
0.142800
0.142800
0.142800
0.162496
0.142800
0.142800
0.144907
0.142800
0.142800
0.142800
0.142800
0.142800
0.142800
0.142800
0.142800
0.169136
0.142800
0.142800
0.142800
0.142800
0.142800
0.174720
0.142800
0.153022
0.146598
0.142800
0.142800
0.167196
0.176509
0.170407
0.142800
0.158977
0.142800
0.143178
0.220455
0.192284
0.146598
0.142800
0.153022
0.142800
0.158255
0.142800
0.142800
0.142800
0.183346
0.142800
0.142800
0.149068
0.156053
0.142800
0.156793
0.142800
0.142800
0.143178
0.142800
0.180556
0.142800
0.171035
0.142800
0.176509
0.203260
0.144907
0.179988
0.142800
0.142800
0.184440
0.149068
0.142800
0.142800
0.179988
0.148253
0.165212
0.142800
0.142800
0.148253
0.142800
0.142800
0.142800
0.142800
0.142800
0.142800
0.142800
0.142800
0.188699
0.180556
0.156053
0.142800
0.167196
0.182240
0.171035
0.155305
0.144047
0.162496
0.142800
0.156793
0.142800
0.142800
0.142800
0.142800
0.143178
0.184440
0.142800
0.142800
0.142800
0.150673
0.144907
0.165878
0.142800
0.149068
0.183895
0.142800
0.144047
0.142800
0.164541
0.142800
0.153022
0.161804
0.156053
0.175916
0.159693
0.177683
0.142800
0.143178
0.163865
0.142800
0.142800
0.154551
0.142800
0.142800
0.142800
0.142800
0.142800
0.142800
0.168494
0.142800
0.142800
0.142800
0.142800
0.142800
0.142800
0.167847
0.151464
0.174720
0.177098
0.172896
0.142800
0.142800
0.142800
0.142800
0.143178
0.142800
0.181121
0.165212
0.142800
0.234065
0.146598
0.142800
0.142800
0.142800
0.142800
0.169136
0.142800
0.171660
0.196233
0.142800
0.195747
0.142800
0.209431
0.189219
0.142800
0.142800
0.142800
0.182240
0.142800
0.147430
0.142800
0.143178
0.142800
0.142800
0.142800
0.142800
0.165878
0.175320
0.142800
0.142800
0.170407
0.181682
0.158977
0.143178
0.146598
0.142800
0.164541
0.170407
0.155305
0.142800
0.142800
0.142800
0.185522
0.180556
0.142800
0.142800
0.142800
0.163183
0.142800
0.156053
0.142800
0.142800
0.142800
0.142800
0.142800
0.179988
0.161804
0.142800
0.190251
0.204163
0.142800
0.159693
0.177098
0.149068
0.204163
0.142800
0.188699
0.172896
0.143178
0.177098
0.177683
0.161804
0.143178
0.175916
0.158255
0.142800
0.153790
0.197676
0.156053
0.145757
0.198627
0.142800
0.142800
0.142800
0.142800
0.142800
0.142800
0.144047
0.142800
0.142800
0.142800
0.142800
0.142800
0.142800
0.142800
0.142800
0.156053
0.142800
0.142800
0.142800
0.142800
0.142800
0.142800
0.142800
0.142800
0.153790
0.159693
0.142800
0.156053
0.142800
0.142800
0.142800
0.142800
0.142800
0.142800
0.142800
0.142800
0.169774
0.189736
0.146598
0.142800
0.197197
0.177098
0.158255
0.163865
0.142800
0.142800
0.142800
0.142800
0.142800
0.142800
0.142800
0.142800
0.182795
0.142800
0.142800
0.142800
0.200968
0.142800
0.142800
0.142800
0.142800
0.142800
0.153022
0.142800
0.142800
0.142800
0.145757
0.143178
0.142800
0.142800
0.142800
0.142800
0.142800
0.142800
0.142800
0.142800
0.142800
0.142800
0.142800
0.142800
0.142800
0.142800
0.142800
0.142800
0.152247
0.142800
0.142800
0.142800
0.142800
0.146598
0.145757
0.147430
0.142800
0.142800
0.155305
0.142800
0.142800
0.154551
0.150673
0.142800
0.142800
0.142800
0.142800
0.142800
0.142800
0.142800
0.142800
0.142800
0.142800
0.142800
0.142800
0.142800
0.142800
0.142800
0.142800
0.142800
0.142800
0.142800
0.142800
0.142800
0.160402
0.142800
0.184440
0.142800
0.142800
0.161106
0.162496
0.144907
0.165878
0.142800
0.160402
0.142800
0.142800
0.142800
0.142800
0.142800
0.142800
0.142800
0.142800
0.142800
0.142800
0.142800
0.142800
0.143178
0.142800
0.142800
0.142800
0.143178
0.142800
0.142800
0.143178
0.142800
0.142800
0.142800
0.142800
0.142800
0.142800
0.142800
0.142800
0.200304
0.205059
0.142800
0.197197
0.142800
0.191272
0.142800
0.142800
0.142800
0.142800
0.142800
0.142800
0.142800
0.142800
0.150673
0.142800
0.142800
0.142800
0.194277
0.142800
0.142800
0.142800
0.142800
0.142800
0.142800
0.142800
0.142800
0.142800
0.149874
0.142800
0.148253
0.142800
0.142800
0.143178
0.142800
0.142800
0.206828
0.142800
0.142800
0.142800
0.149874
0.142800
0.144907
0.142800
0.142800
0.142800
0.142800
0.147430
0.142800
0.142800
0.142800
0.142800
0.142800
0.142800
0.194277
0.142800
0.142800
0.142800
0.142800
0.142800
0.142800
0.151464
0.142800
0.158255
0.142800
0.142800
0.142800
0.142800
0.142800
0.142800
0.192327
0.214462
0.216897
0.185522
0.142800
0.142800
0.142800
0.142800
0.149874
0.201891
0.142800
0.142800
0.163865
0.142800
0.142800
0.142800
0.142800
0.142800
0.142800
0.142800
0.142800
0.149068
0.142800
0.142800
0.142800
0.142800
0.142800
0.142800
0.142800
0.158977
0.142800
0.142800
0.142800
0.142800
0.142800
0.185522
0.142800
0.142800
0.142800
0.142800
0.142800
0.171035
0.142800
0.142800
0.142800
0.142800
0.153790
0.142800
0.159693
0.142800
0.156793
0.142800
0.142800
0.142800
0.142800
0.150673
0.142800
0.142800
0.142800
0.142800
0.162496
0.142800
0.142800
0.142800
0.142800
0.142800
0.142800
0.142800
0.142800
0.142800
0.142800
0.151464
0.149068
0.142800
0.142800
0.142800
0.142800
0.142800
0.142800
0.142800
0.142800
0.169774
0.142800
0.142800
0.153790
0.142800
0.142800
0.142800
0.161106
0.155305
0.142800
0.142800
0.142800
0.142800
0.142800
0.142800
0.142800
0.142800
0.149068
0.160402
0.142800
0.142800
0.142800
0.142800
0.142800
0.142800
0.142800
0.142800
0.142800
0.142800
0.142800
0.142800
0.145757
0.142800
0.142800
0.142800
0.142800
0.142800
0.142800
0.142800
0.142800
0.142800
0.163865
0.142800
0.142800
0.144047
0.142800
0.142800
0.153790
0.142800
0.163865
0.142800
0.142800
0.142800
0.149874
0.142800
0.142800
0.142800
0.142800
0.142800
0.153022
0.146598
0.144047
0.163865
0.164541
0.157528
0.142800
0.142800
0.162496
0.144047
0.142800
0.188699
0.142800
0.142800
0.142800
0.142800
0.160402
0.142800
0.178265
0.142800
0.142800
0.149068
0.142800
0.147430
0.142800
0.144907
0.211555
0.177683
0.142800
0.142800
0.142800
0.163865
0.142800
0.146598
0.142800
0.142800
0.142800
0.142800
0.142800
0.142800
0.142800
0.142800
0.142800
0.142800
0.142800
0.142800
0.142800
0.142800
0.142800
0.142800
0.142800
0.142800
0.142800
0.149874
0.153022
0.177098
0.177683
0.174116
0.190251
0.142800
0.159693
0.144047
0.196716
0.142800
0.142800
0.142800
0.142800
0.142800
0.169136
0.184983
0.156053
0.142800
0.142800
0.142800
0.148253
0.148253
0.165878
0.142800
0.142800
0.142800
0.142800
0.142800
0.142800
0.142800
0.153022
0.151464
0.161804
0.142800
0.142800
0.161106
0.191779
0.195747
0.177098
0.142800
0.184440
0.192786
0.143178
0.163865
0.142800
0.142800
0.142800
0.142800
0.142800
0.142800
0.142800
0.142800
0.142800
0.142800
0.142800
0.142800
0.142800
0.142800
0.142800
0.142800
0.142800
0.142800
0.142800
0.142800
0.142800
0.142800
0.142800
0.146598
0.142800
0.142800
0.142800
0.142800
0.142800
0.142800
0.142800
0.142800
0.142800
0.142800
0.142800
0.142800
0.142800
0.142800
0.142800
0.142800
0.163183
0.161106
0.142800
0.142800
0.142800
0.142800
0.142800
0.142800
0.142800
0.142800
0.142800
0.142800
0.142800
0.182240
0.142800
0.142800
0.142800
0.142800
0.142800
0.142800
0.142800
0.142800
0.161804
0.142800
0.149874
0.142800
0.142800
0.142800
0.142800
0.142800
0.142800
0.142800
0.142800
0.142800
0.142800
0.142800
0.163183
0.142800
0.165878
0.142800
0.142800
0.142800
0.209859
0.142800
0.142800
0.142800
0.142800
0.142800
0.142800
0.142800
0.144907
0.161804
0.156053
0.164541
0.181121
0.163183
0.142800
0.148253
0.142800
0.142800
0.173508
0.142800
0.142800
0.142800
0.161106
0.163183
0.163865
0.142800
0.228000
0.142800
0.142800
0.142800
0.142800
0.148253
0.142800
0.142800
0.207266
0.142800
0.142800
0.156793
0.165878
0.160402
0.163865
0.164541
0.142800
0.142800
0.236478
0.142800
0.142800
0.142800
0.142800
0.142800
0.142800
0.143178
0.142800
0.142800
0.153790
0.142800
0.142800
0.240344
0.156053
0.142800
0.142800
0.142800
0.142800
0.142800
0.142800
0.142800
0.142800
0.142800
0.142800
0.160402
0.142800
0.142800
0.175916
0.142800
0.142800
0.142800
0.166539
0.142800
0.142800
0.142800
0.142800
0.142800
0.142800
0.142800
0.142800
0.142800
0.142800
0.142800
0.142800
0.178265
0.142800
0.145757
0.142800
0.150673
0.157528
0.156793
0.156053
0.142800
0.237159
0.142800
0.142800
0.142800
0.142800
0.142800
0.142800
0.142800
0.142800
0.142800
0.164541
0.142800
0.142800
0.142800
0.156793
0.142800
0.142800
0.147430
0.188699
0.142800
0.178265
0.142800
0.142800
0.142800
0.149874
0.142800
0.142800
0.148253
0.153022
0.142800
0.142800
0.142800
0.182795
0.198627
0.158977
0.142800
0.184440
0.185522
0.156793
0.142800
0.163183
0.193782
0.142800
0.142800
0.195747
0.142800
0.142800
0.142800
0.142800
0.142800
0.142800
0.142800
0.153790
0.142800
0.142800
0.178843
0.142800
0.142800
0.142800
0.142800
0.142800
0.142800
0.142800
0.164541
0.169774
0.142800
0.142800
0.142800
0.146598
0.142800
0.142800
0.142800
0.142800
0.142800
0.142800
0.142800
0.154551
0.178843
0.142800
0.142800
0.142800
0.142800
0.142800
0.150673
0.142800
0.181682
0.142800
0.142800
0.142800
0.142800
0.142800
0.232664
0.201430
0.172896
0.142800
0.155305
0.142800
0.142800
0.142800
0.176509
0.150673
0.142800
0.142800
0.156053
0.239181
0.142800
0.142800
0.142800
0.142800
0.204612
0.142800
0.142800
0.142800
0.142800
0.142800
0.161106
0.142800
0.223151
0.142800
0.142800
0.177098
0.159810
0.142800
0.142800
0.142800
0.149068
0.166539
0.178843
0.144047
0.144047
0.142800
0.142800
0.147430
0.142800
0.142800
0.142800
0.142800
0.142800
0.169136
0.142800
0.167196
0.142800
0.195747
0.142800
0.142800
0.142800
0.142800
0.148253
0.142800
0.142800
0.142800
0.146598
0.162496
0.142800
0.148253
0.161106
0.142800
0.149874
0.142800
0.142800
0.142800
0.157528
0.142800
0.142800
0.142800
0.142800
0.156793
0.155305
0.142800
0.142800
0.147430
0.142800
0.142800
0.142800
0.142800
0.142800
0.142800
0.142800
0.142800
0.142800
0.142800
0.148253
0.142800
0.142800
0.142800
0.147430
0.142800
0.142800
0.151464
0.142800
0.142800
0.142800
0.142800
0.142800
0.158255
0.142800
0.142800
0.142800
0.142800
0.142800
0.142800
0.142800
0.142800
0.142800
0.154551
0.142800
0.151464
0.142800
0.142800
0.142800
0.142800
0.142800
0.142800
0.142800
0.142800
0.142800
0.142800
0.142800
0.142800
0.142800
0.142800
0.142800
0.142800
0.142800
0.142800
0.142800
0.142800
0.142800
0.142800
0.142800
0.149068
0.142800
0.142800
0.142800
0.142800
0.142800
0.142800
0.142800
0.142800
0.142800
0.142800
0.142800
0.142800
0.142800
0.161106
0.156793
0.153790
0.142800
0.142800
0.153790
0.154551
0.142800
0.155305
0.142800
0.142800
0.142800
0.142800
0.142800
0.142800
0.153022
0.142800
0.142800
0.198152
0.192284
0.177683
0.187123
0.142800
0.142800
0.148253
0.142800
0.167847
0.154551
0.142800
0.142800
0.149068
0.180556
0.142800
0.154551
0.178843
0.150673
0.142800
0.158255
0.156793
0.142800
0.165212
0.142800
0.182795
0.142800
0.142800
0.182240
0.171660
0.149874
0.142800
0.142800
0.153022
0.142800
0.142800
0.142800
0.142800
0.142800
0.142800
0.194769
0.152247
0.142800
0.142800
0.142800
0.142800
0.142800
0.171660
0.142800
0.142800
0.142800
0.147430
0.143178
0.142800
0.142800
0.142800
0.142800
0.142800
0.142800
0.142800
0.142800
0.142800
0.226898
0.142800
0.142800
0.142800
0.142800
0.142800
0.142800
0.142800
0.143178
0.142800
0.142800
0.142800
0.142800
0.142800
0.142800
0.142800
0.169136
0.142800
0.142800
0.142800
0.142800
0.151464
0.142800
0.161106
0.142800
0.142800
0.142800
0.144907
0.142800
0.142800
0.142800
0.142800
0.142800
0.142800
0.142800
0.142800
0.142800
0.142800
0.142800
0.142800
0.167847
0.142800
0.142800
0.142800
0.142800
0.142800
0.142800
0.142800
0.142800
0.142800
0.142800
0.149874
0.166539
0.178843
0.187123
0.142800
0.142800
0.142800
0.142800
0.142800
0.142800
0.142800
0.142800
0.142800
0.142800
0.142800
0.142800
0.142800
0.142800
0.142800
0.142800
0.142800
0.142800
0.142800
0.142800
0.142800
0.163183
0.142800
0.142800
0.142800
0.146598
0.142800
0.153790
0.142800
0.142800
0.142800
0.142800
0.178843
0.142800
0.142800
0.142800
0.142800
0.142800
0.142800
0.142800
0.142800
0.142800
0.142800
0.142800
0.142800
0.142800
0.142800
0.142800
0.142800
0.142800
0.208570
0.142800
0.142800
0.153790
0.142800
0.142800
0.142800
0.142800
0.142800
0.142800
0.142800
0.142800
0.142800
0.142800
0.142800
0.142800
0.179988
0.142800
0.142800
0.142800
0.142800
0.142800
0.142800
0.142800
0.142800
0.142800
0.142800
0.155305
0.142800
0.158255
0.142800
0.142800
0.142800
0.142800
0.142800
0.142800
0.196716
0.170407
0.142800
0.142800
0.142800
0.142800
0.142800
0.142800
0.142800
0.142800
0.142800
0.142800
0.142800
0.142800
0.142800
0.171035
0.142800
0.142800
0.142800
0.142800
0.142800
0.142800
0.142800
0.142800
0.142800
0.142800
0.142800
0.142800
0.142800
0.142800
0.142800
0.142800
0.147430
0.142800
0.142800
0.142800
0.142800
0.167847
0.142800
0.142800
0.142800
0.142800
0.142800
0.142800
0.142800
0.142800
0.142800
0.142800
0.142800
0.160402
0.142800
0.142800
0.142800
0.142800
0.142800
0.142800
0.142800
0.142800
0.142800
0.142800
0.148253
0.142800
0.142800
0.142800
0.152247
0.142800
0.142800
0.142800
0.142800
0.142800
0.142800
0.142800
0.149068
0.142800
0.142800
0.155305
0.171660
0.156793
0.142800
0.142800
0.142800
0.142800
0.229815
0.142800
0.142800
0.142800
0.142800
0.142800
0.142800
0.142800
0.142800
0.142800
0.142800
0.142800
0.142800
0.142800
0.142800
0.142800
0.142800
0.155305
0.170407
0.156053
0.171035
0.142800
0.163183
0.147430
0.142800
0.170407
0.162496
0.142800
0.142800
0.161804
0.167847
0.197197
0.208137
0.200038
0.195747
0.189736
0.160402
0.142800
0.142800
0.189219
0.142800
0.186059
0.142800
0.142800
0.172280
0.142800
0.142800
0.142800
0.187123
0.142800
0.142800
0.142800
0.142800
0.142800
0.142800
0.142800
0.142800
0.142800
0.177683
0.148253
0.142800
0.160402
0.142800
0.142800
0.142800
0.151464
0.142800
0.142800
0.156053
0.142800
0.142800
0.142800
0.163183
0.142800
0.142800
0.145757
0.142800
0.142800
0.142800
0.142800
0.142800
0.142800
0.142800
0.142800
0.142800
0.142800
0.142800
0.142800
0.142800
0.142800
0.142800
0.142800
0.142800
0.142800
0.142800
0.142800
0.142800
0.142800
0.142800
0.164541
0.142800
0.142800
0.142800
0.142800
0.142800
0.142800
0.171660
0.142800
0.142800
0.142800
0.142800
0.142800
0.142800
0.152247
0.142800
0.142800
0.152247
0.142800
0.142800
0.142800
0.196233
0.142800
0.142800
0.142800
0.142800
0.142800
0.142800
0.142800
0.142800
0.142800
0.142800
0.142800
0.142800
0.142800
0.142800
0.178265
0.142800
0.142800
0.148253
0.142800
0.161804
0.142800
0.142800
0.142800
0.156053
0.172280
0.142800
0.142800
0.142800
0.142800
0.142800
0.142800
0.142800
0.142800
0.142800
0.142800
0.161804
0.142800
0.188699
0.142800
0.142800
0.142800
0.142800
0.142800
0.142800
0.153790
0.142800
0.151464
0.142800
0.142800
0.142800
0.142800
0.142800
0.169136
0.142800
0.153790
0.142800
0.171035
0.142800
0.149874
0.142800
0.142800
0.142800
0.142800
0.142800
0.142800
0.142800
0.142800
0.142800
0.142800
0.142800
0.154551
0.142800
0.142800
0.142800
0.142800
0.142800
0.165878
0.142800
0.142800
0.153790
0.142800
0.142800
0.142800
0.142800
0.142800
0.142800
0.142800
0.144047
0.142800
0.142800
0.142800
0.142800
0.142800
0.142800
0.142800
0.142800
0.142800
0.142800
0.142800
0.142800
0.142800
0.142800
0.142800
0.142800
0.142800
0.142800
0.142800
0.142800
0.142800
0.142800
0.142800
0.142800
0.145757
0.142800
0.142800
0.142800
0.142800
0.142800
0.142800
0.142800
0.142800
0.142800
0.142800
0.142800
0.142800
0.142800
0.142800
0.142800
0.150673
0.142800
0.142800
0.142800
0.142800
0.142800
0.142800
0.142800
0.142800
0.142800
0.142800
0.142800
0.144907
0.142800
0.142800
0.142800
0.142800
0.142800
0.142800
0.142800
0.142800
0.142800
0.142800
0.155305
0.142800
0.142800
0.142800
0.142800
0.142800
0.142800
0.144907
0.142800
0.142800
0.142800
0.142800
0.142800
0.142800
0.142800
0.142800
0.142800
0.142800
0.142800
0.153790
0.142800
0.154551
0.142800
0.142800
0.142800
0.175916
0.196233
0.147430
0.149874
0.142800
0.169774
0.177098
0.142800
0.142800
0.142800
0.179988
0.171035
0.142800
0.142800
0.200504
0.197676
0.165212
0.161804
0.145757
0.172280
0.151464
0.176509
0.148253
0.189736
0.179417
0.186059
0.153790
0.142800
0.142800
0.142800
0.142800
0.142800
0.142800
0.143178
0.157528
0.155305
0.144047
0.144047
0.142800
0.142800
0.150673
0.171035
0.152247
0.177683
0.142800
0.159693
0.142800
0.142800
0.142800
0.142800
0.142800
0.143178
0.142800
0.142800
0.192786
0.142800
0.160402
0.188699
0.142800
0.171035
0.142800
0.159693
0.142800
0.142800
0.142800
0.142800
0.165212
0.159693
0.142800
0.142800
0.142800
0.142800
0.147430
0.158977
0.142800
0.161804
0.144907
0.142800
0.163865
0.175916
0.142800
0.164541
0.200038
0.211133
0.202805
0.142800
0.142800
0.142800
0.207266
0.144907
0.175320
0.169774
0.142800
0.142800
0.169774
0.142800
0.143178
0.142800
0.149068
0.144047
0.142800
0.142800
0.142800
0.192786
0.142800
0.149068
0.142800
0.142800
0.197676
0.182240
0.165878
0.142800
0.142800
0.158255
0.193285
0.142800
0.142800
0.142800
0.142800
0.163183
0.192786
0.142800
0.142800
0.155305
0.211975
0.200038
0.142800
0.187123
0.209431
0.185522
0.200038
0.142800
0.142800
0.151464
0.148253
0.142800
0.142800
0.142800
0.142800
0.142800
0.142800
0.142800
0.142800
0.142800
0.142800
0.142800
0.142800
0.142800
0.142800
0.144907
0.142800
0.142800
0.143178
0.142800
0.142800
0.163183
0.143178
0.184440
0.142800
0.142800
0.159693
0.142800
0.142800
0.148253
0.142800
0.178843
0.142800
0.142800
0.142800
0.142800
0.142800
0.144047
0.149068
0.211555
0.154551
0.172896
0.142800
0.142800
0.142800
0.153790
0.142800
0.142800
0.142800
0.142800
0.142800
0.142800
0.142800
0.142800
0.142800
0.142800
0.142800
0.142800
0.142800
0.142800
0.142800
0.186593
0.142800
0.163183
0.142800
0.201430
0.156053
0.186593
0.142800
0.142800
0.142800
0.175916
0.142800
0.142800
0.149068
0.142800
0.154551
0.142800
0.142800
0.158977
0.142800
0.149068
0.195747
0.171660
0.157528
0.149068
0.142800
0.147430
0.142800
0.172896
0.142800
0.142800
0.142800
0.142800
0.142800
0.142800
0.142800
0.156793
0.142800
0.163183
0.142800
0.155305
0.142800
0.142800
0.142800
0.142800
0.142800
0.142800
0.142800
0.142800
0.142800
0.142800
0.142800
0.142800
0.159693
0.164541
0.142800
0.146598
0.142800
0.142800
0.142800
0.164541
0.142800
0.165212
0.142800
0.193285
0.142800
0.199570
0.184440
0.186593
0.159693
0.142800
0.148253
0.187123
0.182240
0.193285
0.142800
0.142800
0.142800
0.142800
0.142800
0.181682
0.207703
0.142800
0.216494
0.162496
0.200504
0.142800
0.142800
0.169774
0.169774
0.180556
0.177098
0.142800
0.142800
0.142800
0.153022
0.158255
0.192284
0.142800
0.188699
0.142800
0.142800
0.142800
0.142800
0.142800
0.142800
0.142800
0.193285
0.162496
0.142800
0.142800
0.142800
0.146598
0.142800
0.150673
0.142800
0.142800
0.142800
0.142800
0.142800
0.151464
0.142800
0.148253
0.188699
0.142800
0.161804
0.142800
0.142800
0.170407
0.142800
0.154551
0.157528
0.142800
0.188699
0.160402
0.155305
0.142800
0.142800
0.142800
0.142800
0.142800
0.142800
0.190763
0.156053
0.142800
0.142800
0.142800
0.157528
0.158255
0.200968
0.142800
0.192786
0.142800
0.142800
0.176509
0.147430
0.142800
0.142800
0.142800
0.142800
0.145757
0.142800
0.142800
0.145757
0.142800
0.142800
0.153790
0.142800
0.201430
0.142800
0.172280
0.142800
0.193782
0.142800
0.193782
0.142800
0.142800
0.188699
0.142800
0.183346
0.142800
0.181682
0.142800
0.142800
0.158255
0.183895
0.186593
0.155305
0.181682
0.161804
0.142800
0.179417
0.166539
0.142800
0.182240
0.161804
0.186593
0.142800
0.142800
0.142800
0.142800
0.198152
0.142800
0.175320
0.167847
0.158255
0.173508
0.144047
0.158255
0.152247
0.142800
0.142800
0.157528
0.142800
0.142800
0.142800
0.150673
0.142800
0.142800
0.142800
0.142800
0.142800
0.142800
0.142800
0.208137
0.142800
0.143178
0.142800
0.142800
0.165878
0.161106
0.142800
0.142800
0.156053
0.153022
0.176509
0.145757
0.142800
0.158977
0.169136
0.142800
0.142800
0.158255
0.170407
0.164541
0.147430
0.142800
0.187651
0.142800
0.149068
0.142800
0.173508
0.156793
0.142800
0.152247
0.142800
0.178265
0.149068
0.151464
0.149874
0.143178
0.142800
0.142800
0.148253
0.142800
0.171035
0.153790
0.142800
0.142800
0.142800
0.142800
0.142800
0.142800
0.142800
0.156793
0.142800
0.156793
0.142800
0.142800
0.142800
0.145757
0.149874
0.142800
0.142800
0.149068
0.143178
0.153790
0.164541
0.177683
0.191272
0.142800
0.142800
0.142800
0.142800
0.142800
0.158977
0.181682
0.158255
0.150673
0.145757
0.156053
0.142800
0.142800
0.142800
0.142800
0.142800
0.193782
0.142800
0.142800
0.142800
0.172280
0.191272
0.142800
0.142800
0.142800
0.142800
0.142800
0.142800
0.142800
0.184440
0.191779
0.201891
0.184440
0.150673
0.191779
0.151464
0.168494
0.164541
0.142800
0.200038
0.157528
0.142800
0.147430
0.179417
0.142800
0.142800
0.156053
0.156793
0.189736
0.142800
0.211555
0.182795
0.177098
0.142800
0.142800
0.142800
0.149874
0.142800
0.142800
0.142800
0.142800
0.142800
0.142800
0.159693
0.142800
0.142800
0.142800
0.142800
0.142800
0.147430
0.142800
0.142800
0.142800
0.142800
0.142800
0.198152
0.142800
0.142800
0.142800
0.176509
0.148253
0.142800
0.142800
0.143178
0.164541
0.158977
0.142800
0.142800
0.203712
0.142800
0.142800
0.142800
0.142800
0.142800
0.163865
0.148253
0.142800
0.153790
0.142800
0.142800
0.142800
0.142800
0.142800
0.142800
0.142800
0.142800
0.191779
0.156793
0.142800
0.142800
0.142800
0.142800
0.172280
0.142800
0.142800
0.142800
0.142800
0.142800
0.142800
0.142800
0.142800
0.142800
0.142800
0.142800
0.142800
0.142800
0.142800
0.142800
0.142800
0.142800
0.142800
0.142800
0.142800
0.142800
0.142800
0.142800
0.142800
0.142800
0.146598
0.142800
0.142800
0.142800
0.142800
0.142800
0.142800
0.142800
0.142800
0.142800
0.142800
0.142800
0.142800
0.142800
0.142800
0.142800
0.142800
0.142800
0.142800
0.142800
0.142800
0.142800
0.142800
0.142800
0.142800
0.142800
0.142800
0.142800
0.142800
0.142800
0.142800
0.142800
0.142800
0.142800
0.146598
0.142800
0.149874
0.142800
0.142800
0.142800
0.142800
0.148253
0.167196
0.142800
0.142800
0.142800
0.145757
0.142800
0.142800
0.142800
0.142800
0.142800
0.142800
0.142800
0.142800
0.142800
0.142800
0.142800
0.142800
0.142800
0.142800
0.142800
0.142800
0.175916
0.142800
0.142800
0.142800
0.142800
0.142800
0.142800
0.142800
0.155305
0.142800
0.142800
0.142800
0.142800
0.150673
0.142800
0.142800
0.142800
0.142800
0.142800
0.142800
0.142800
0.142800
0.148253
0.142800
0.142800
0.142800
0.142800
0.147430
0.142800
0.142800
0.158977
0.142800
0.142800
0.142800
0.142800
0.142800
0.144907
0.142800
0.142800
0.142800
0.172896
0.169774
0.142800
0.142800
0.142800
0.142800
0.142800
0.142800
0.142800
0.144047
0.142800
0.142800
0.142800
0.153022
0.142800
0.191272
0.142800
0.189219
0.142800
0.142800
0.190251
0.142800
0.142800
0.190251
0.142800
0.182795
0.142800
0.185522
0.142800
0.165878
0.153790
0.142800
0.142800
0.142800
0.168494
0.142800
0.142800
0.142800
0.142800
0.142800
0.142800
0.142800
0.142800
0.142800
0.142800
0.142800
0.144047
0.142800
0.158977
0.221618
0.142800
0.142800
0.158255
0.142800
0.142800
0.167196
0.166539
0.161106
0.142800
0.142800
0.142800
0.142800
0.142800
0.142800
0.142800
0.142800
0.142800
0.142800
0.142800
0.142800
0.143178
0.142800
0.142800
0.142800
0.142800
0.142800
0.168494
0.145757
0.142800
0.142800
0.161804
0.157528
0.142800
0.142800
0.160402
0.142800
0.142800
0.142800
0.142800
0.196233
0.142800
0.142800
0.142800
0.142800
0.193782
0.145757
0.142800
0.142800
0.142800
0.175916
0.176509
0.158977
0.172896
0.148253
0.142800
0.193285
0.142800
0.142800
0.142800
0.142800
0.142800
0.167196
0.142800
0.142800
0.142800
0.142800
0.142800
0.142800
0.142800
0.153790
0.142800
0.142800
0.142800
0.142800
0.142800
0.142800
0.142800
0.159693
0.142800
0.142800
0.153022
0.155305
0.149874
0.150673
0.143178
0.142800
0.142800
0.201891
0.142800
0.142800
0.142800
0.142800
0.142800
0.143178
0.145757
0.142800
0.193782
0.142800
0.142800
0.179988
0.142800
0.142800
0.183346
0.149874
0.142800
0.155305
0.175320
0.177683
0.171035
0.230534
0.142800
0.142800
0.156053
0.156053
0.142800
0.142800
0.142800
0.142800
0.142800
0.142800
0.142800
0.142800
0.142800
0.145757
0.142800
0.142800
0.142800
0.145757
0.163183
0.142800
0.142800
0.142800
0.142800
0.144047
0.142800
0.158255
0.142800
0.142800
0.156793
0.142800
0.142800
0.142800
0.142800
0.142800
0.142800
0.142800
0.148253
0.142800
0.142800
0.179417
0.142800
0.142800
0.142800
0.142800
0.142800
0.142800
0.142800
0.142800
0.142800
0.145757
0.147430
0.145757
0.143178
0.142800
0.181682
0.156053
0.144907
0.142800
0.154551
0.154481
0.161804
0.179417
0.189219
0.171531
0.156053
0.142800
0.142800
0.169065
0.207703
0.142800
0.142800
0.142800
0.172280
0.142800
0.142800
0.142800
0.142800
0.214462
0.142800
0.142800
0.142800
0.142800
0.142800
0.197676
0.142800
0.142800
0.153790
0.142800
0.142800
0.142800
0.152247
0.147430
0.142800
0.142800
0.142800
0.142800
0.142800
0.142800
0.178265
0.142800
0.142800
0.142800
0.142800
0.142800
0.142800
0.142800
0.142800
0.157528
0.142800
0.142800
0.142800
0.142800
0.142800
0.142800
0.144047
0.142800
0.142800
0.142800
0.142800
0.142800
0.142800
0.142800
0.142800
0.142800
0.142800
0.142800
0.142800
0.142800
0.142800
0.149068
0.142800
0.142800
0.142800
0.142800
0.142800
0.142800
0.162496
0.163865
0.142800
0.142800
0.142800
0.165212
0.142800
0.181682
0.165212
0.142800
0.142800
0.142800
0.142800
0.142800
0.142800
0.186059
0.188699
0.142800
0.142800
0.186593
0.142800
0.142800
0.142800
0.142800
0.142800
0.142800
0.142800
0.147430
0.142800
0.142800
0.142800
0.220065
0.187123
0.225413
0.201891
0.142800
0.149068
0.142800
0.142800
0.142800
0.142800
0.142800
0.142800
0.149874
0.148253
0.142800
0.142800
0.214051
0.142800
0.142800
0.142800
0.142800
0.142800
0.142800
0.142800
0.142800
0.142800
0.182795
0.163865
0.222387
0.142800
0.142800
0.142800
0.142800
0.142800
0.142800
0.142800
0.142800
0.226158
0.177683
0.172280
0.163183
0.142800
0.142800
0.153022
0.142800
0.142800
0.142800
0.142800
0.142800
0.142800
0.142800
0.148253
0.142800
0.142800
0.153790
0.142800
0.142800
0.142800
0.144047
0.142800
0.142800
0.142800
0.142800
0.152247
0.142800
0.142800
0.142800
0.142800
0.142800
0.142800
0.142800
0.142800
0.142800
0.142800
0.142800
0.142800
0.142800
0.142800
0.142800
0.170407
0.142800
0.142800
0.142800
0.142800
0.178843
0.142800
0.142800
0.142800
0.142800
0.142800
0.142800
0.142800
0.142800
0.197197
0.142800
0.142800
0.165878
0.142800
0.142800
0.142800
0.142800
0.142800
0.191779
0.142800
0.182795
0.142800
0.142800
0.142800
0.142800
0.142800
0.142800
0.142800
0.142800
0.142800
0.142800
0.142800
0.142800
0.142800
0.142800
0.142800
0.142800
0.174720
0.142800
0.165212
0.142800
0.142800
0.142800
0.142800
0.142800
0.161106
0.142800
0.142800
0.142800
0.142800
0.142800
0.142800
0.142800
0.142800
0.144907
0.142800
0.142800
0.142800
0.142800
0.142800
0.142800
0.142800
0.142800
0.142800
0.142800
0.142800
0.142800
0.142800
0.142800
0.142800
0.142800
0.142800
0.142800
0.142800
0.142800
0.142800
0.142800
0.160402
0.156053
0.142800
0.142800
0.142800
0.142800
0.142800
0.142800
0.158255
0.142800
0.142800
0.179417
0.142800
0.142800
0.142800
0.142800
0.142800
0.142800
0.142800
0.142800
0.142800
0.142800
0.142800
0.142800
0.142800
0.142800
0.142800
0.152247
0.142800
0.142800
0.142800
0.142800
0.142800
0.142800
0.142800
0.142800
0.195747
0.153022
0.142800
0.142800
0.142800
0.142800
0.142800
0.142800
0.142800
0.142800
0.142800
0.142800
0.142800
0.142800
0.142800
0.142800
0.142800
0.142800
0.142800
0.142800
0.142800
0.142800
0.142800
0.142800
0.142800
0.142800
0.142800
0.142800
0.142800
0.142800
0.142800
0.142800
0.142800
0.142800
0.142800
0.142800
0.142800
0.142800
0.142800
0.142800
0.142800
0.165212
0.177683
0.142800
0.142800
0.142800
0.142800
0.142800
0.142800
0.142800
0.142800
0.142800
0.142800
0.142800
0.142800
0.142800
0.144047
0.142800
0.143178
0.142800
0.151464
0.142800
0.142800
0.142800
0.142800
0.142800
0.142800
0.155305
0.142800
0.153022
0.153790
0.142800
0.156793
0.142800
0.153022
0.142800
0.142800
0.142800
0.142800
0.147430
0.154551
0.142800
0.148253
0.142800
0.142800
0.142800
0.142800
0.142800
0.142800
0.142800
0.142800
0.142800
0.142800
0.142800
0.142800
0.148253
0.182795
0.142800
0.163183
0.142800
0.142800
0.153790
0.158977
0.179417
0.183895
0.142800
0.142800
0.179417
0.142800
0.158977
0.145757
0.155305
0.146598
0.181121
0.142800
0.158255
0.142800
0.142800
0.142800
0.142800
0.142800
0.165878
0.142800
0.187123
0.158977
0.142800
0.142800
0.142800
0.169774
0.164541
0.172280
0.142800
0.142800
0.142800
0.142800
0.142800
0.161804
0.171035
0.142800
0.142800
0.142800
0.196716
0.205504
0.145757
0.184440
0.150673
0.153022
0.142800
0.195259
0.142800
0.142800
0.143178
0.142800
0.142800
0.142800
0.142800
0.150673
0.142800
0.142800
0.142800
0.156053
0.165212
0.156053
0.142800
0.142800
0.161804
0.142800
0.145757
0.142800
0.142800
0.144907
0.160402
0.142800
0.142800
0.164541
0.142800
0.142800
0.142800
0.142800
0.142800
0.142800
0.142800
0.142800
0.142800
0.142800
0.142800
0.142800
0.142800
0.142800
0.182795
0.142800
0.142800
0.142800
0.142800
0.142800
0.142800
0.142800
0.142800
0.142800
0.142800
0.142800
0.142800
0.142800
0.142800
0.142800
0.142800
0.142800
0.142800
0.142800
0.142800
0.142800
0.142800
0.142800
0.142800
0.142800
0.142800
0.142800
0.142800
0.142800
0.142800
0.142800
0.142800
0.142800
0.167847
0.142800
0.142800
0.142800
0.142800
0.153790
0.142800
0.142800
0.147430
0.142800
0.142800
0.142800
0.155305
0.142800
0.142800
0.142800
0.142800
0.142800
0.142800
0.142800
0.143178
0.142800
0.142800
0.142800
0.142800
0.142800
0.142800
0.142800
0.142800
0.142800
0.142800
0.142800
0.142800
0.142800
0.142800
0.142800
0.142800
0.142800
0.142800
0.142800
0.174116
0.142800
0.172896
0.143178
0.142800
0.142800
0.142800
0.142800
0.142800
0.142800
0.142800
0.142800
0.142800
0.142800
0.142800
0.142800
0.142800
0.142800
0.142800
0.142800
0.142800
0.142800
0.142800
0.142800
0.142800
0.142800
0.142800
0.142800
0.142800
0.142800
0.142800
0.142800
0.142800
0.142800
0.142800
0.142800
0.142800
0.142800
0.142800
0.142800
0.142800
0.142800
0.142800
0.142800
0.142800
0.142800
0.142800
0.142800
0.147430
0.142800
0.142800
0.142800
0.142800
0.142800
0.142800
0.142800
0.142800
0.142800
0.142800
0.144907
0.142800
0.142800
0.142800
0.142800
0.142800
0.142800
0.142800
0.149874
0.142800
0.142800
0.142800
0.142800
0.142800
0.142800
0.142800
0.142800
0.142800
0.142800
0.142800
0.142800
0.142800
0.142800
0.142800
0.142800
0.142800
0.142800
0.142800
0.142800
0.142800
0.142800
0.142800
0.142800
0.142800
0.142800
0.142800
0.142800
0.142800
0.165212
0.142800
0.142800
0.142800
0.142800
0.142800
0.142800
0.142800
0.142800
0.142800
0.142800
0.142800
0.142800
0.142800
0.142800
0.142800
0.142800
0.142800
0.142800
0.142800
0.142800
0.142800
0.142800
0.142800
0.142800
0.149874
0.142800
0.142800
0.144907
0.178843
0.175320
0.142800
0.142800
0.142800
0.142800
0.188699
0.142800
0.142800
0.142800
0.142800
0.142800
0.142800
0.142800
0.154551
0.151464
0.142800
0.142800
0.142800
0.142800
0.142800
0.151464
0.150673
0.142800
0.147430
0.142800
0.142800
0.184983
0.142800
0.172896
0.142800
0.144907
0.142800
0.142800
0.142800
0.142800
0.147430
0.142800
0.184440
0.169774
0.206828
0.142800
0.142800
0.144047
0.142800
0.153790
0.172280
0.142800
0.142800
0.167847
0.142800
0.142800
0.142800
0.142800
0.142800
0.142800
0.142800
0.142800
0.142800
0.164541
0.142800
0.142800
0.156793
0.142800
0.186059
0.142800
0.142800
0.142800
0.214462
0.142800
0.142800
0.216897
0.142800
0.142800
0.152247
0.142800
0.222387
0.169774
0.204612
0.163183
0.177683
0.178265
0.160402
0.170407
0.177683
0.153022
0.142800
0.142800
0.182795
0.176509
0.181682
0.174720
0.169774
0.169774
0.170407
0.142800
0.142800
0.142800
0.142800
0.161804
0.142800
0.142800
0.142800
0.152247
0.152247
0.152247
0.175916
0.195747
0.142800
0.142800
0.184983
0.188177
0.142800
0.142800
0.169136
0.167847
0.142800
0.142800
0.142800
0.142800
0.142800
0.188177
0.175916
0.172280
0.142800
0.142800
0.153790
0.153022
0.142800
0.181121
0.171035
0.166539
0.142800
0.142800
0.142800
0.142800
0.142800
0.155305
0.146598
0.142800
0.142800
0.142800
0.150673
0.161804
0.142800
0.142800
0.142800
0.180556
0.142800
0.152247
0.151464
0.152247
0.152247
0.152247
0.142800
0.154551
0.164541
0.158977
0.142800
0.142800
0.142800
0.142800
0.142800
0.148253
0.142800
0.142800
0.142800
0.180556
0.165878
0.142800
0.142800
0.142800
0.142800
0.142800
0.142800
0.142800
0.142800
0.142800
0.142800
0.142800
0.142800
0.142800
0.142800
0.142800
0.142800
0.142800
0.152247
0.146598
0.144907
0.158977
0.142800
0.142800
0.142800
0.213639
0.142800
0.142800
0.145757
0.142800
0.142800
0.142800
0.142800
0.142800
0.192327
0.142800
0.142800
0.142800
0.161106
0.151464
0.186593
0.182795
0.180556
0.178265
0.142800
0.142800
0.195448
0.153022
0.153022
0.142800
0.142800
0.159693
0.158977
0.150673
0.143178
0.184440
0.142800
0.142800
0.142800
0.142800
0.142800
0.142800
0.142800
0.142800
0.142800
0.217228
0.142800
0.142800
0.142800
0.173508
0.150673
0.142800
0.142800
0.142800
0.142800
0.142800
0.183346
0.142800
0.142800
0.142800
0.148253
0.142800
0.142800
0.142800
0.142800
0.142800
0.142800
0.166539
0.142800
0.150673
0.142800
0.174116
0.142800
0.142800
0.142800
0.142800
0.142800
0.195747
0.142800
0.142800
0.142800
0.142800
0.149874
0.142800
0.142800
0.165212
0.186593
0.153022
0.175320
0.142800
0.142800
0.142800
0.142800
0.142800
0.142800
0.142800
0.142800
0.142800
0.142800
0.147430
0.157528
0.152247
0.158977
0.144047
0.142800
0.183895
0.142800
0.142800
0.142800
0.142800
0.142800
0.167196
0.142800
0.142800
0.142800
0.144047
0.142800
0.142800
0.142800
0.142800
0.142800
0.194277
0.142800
0.142800
0.142800
0.142800
0.142800
0.142800
0.145757
0.142800
0.142800
0.142800
0.142800
0.142800
0.142800
0.156793
0.142800
0.153790
0.142800
0.142800
0.142800
0.142800
0.142800
0.142800
0.142800
0.199570
0.147430
0.142800
0.142800
0.142800
0.145757
0.167196
0.186593
0.177683
0.200968
0.160402
0.155305
0.238061
0.142800
0.142800
0.142800
0.146598
0.151464
0.142800
0.142800
0.142800
0.155305
0.145757
0.142800
0.142800
0.142800
0.142800
0.142800
0.142800
0.142800
0.142800
0.142800
0.142800
0.142800
0.142800
0.142800
0.142800
0.142800
0.142800
0.142800
0.142800
0.142800
0.142800
0.142800
0.142800
0.142800
0.142800
0.142800
0.143178
0.142800
0.142800
0.148253
0.149068
0.142800
0.142800
0.142800
0.166539
0.156053
0.167196
0.142800
0.142800
0.142800
0.142800
0.142800
0.142800
0.142800
0.142800
0.230175
0.197676
0.142800
0.142800
0.142800
0.142800
0.142800
0.142800
0.142800
0.142800
0.142800
0.142800
0.214871
0.142800
0.144047
0.178843
0.152247
0.142800
0.142800
0.142800
0.142800
0.142800
0.142800
0.142800
0.142800
0.204612
0.142800
0.142800
0.142800
0.142800
0.142800
0.142800
0.142800
0.142800
0.169774
0.158977
0.152247
0.152247
0.142800
0.142800
0.142800
0.142800
0.142800
0.142800
0.142800
0.142800
0.142800
0.192284
0.142800
0.142800
0.142800
0.142800
0.142800
0.142800
0.142800
0.173508
0.142800
0.142800
0.174720
0.184983
0.206828
0.161804
0.142800
0.175916
0.182795
0.165878
0.142800
0.142800
0.165212
0.142800
0.142800
0.142800
0.142800
0.142800
0.142800
0.142800
0.142800
0.142800
0.142800
0.142800
0.142800
0.142800
0.142800
0.142800
0.142800
0.142800
0.142800
0.142800
0.142800
0.142800
0.142800
0.142800
0.178265
0.142800
0.142800
0.142800
0.142800
0.142800
0.142800
0.142800
0.142800
0.142800
0.142800
0.142800
0.142800
0.142800
0.142800
0.142800
0.142800
0.142800
0.142800
0.142800
0.142800
0.142800
0.142800
0.142800
0.142800
0.142800
0.142800
0.142800
0.142800
0.142800
0.142800
0.142800
0.142800
0.142800
0.142800
0.142800
0.142800
0.142800
0.142800
0.142800
0.201891
0.187651
0.146598
0.159693
0.172280
0.182240
0.150673
0.142800
0.172280
0.186593
0.163865
0.168494
0.202349
0.175916
0.158977
0.197197
0.142800
0.182240
0.161804
0.142800
0.142800
0.182240
0.178843
0.142800
0.142800
0.142800
0.142800
0.157528
0.200504
0.156053
0.142800
0.142800
0.142800
0.142800
0.142800
0.142800
0.142800
0.146598
0.142800
0.160402
0.142800
0.163183
0.209431
0.205504
0.204612
0.175320
0.142800
0.172280
0.142800
0.142800
0.165878
0.144047
0.142800
0.142800
0.142800
0.142800
0.142800
0.142800
0.142800
0.142800
0.142800
0.142800
0.142800
0.146598
0.142800
0.142800
0.142800
0.142800
0.142800
0.142800
0.142800
0.142800
0.147430
0.142800
0.142800
0.142800
0.145757
0.142800
0.149874
0.144907
0.147430
0.142800
0.142800
0.142800
0.142800
0.142800
0.142800
0.142800
0.142800
0.142800
0.142800
0.142800
0.142800
0.175916
0.145757
0.142800
0.142800
0.144047
0.142800
0.143178
0.142800
0.184440
0.142800
0.142800
0.142800
0.163865
0.142800
0.142800
0.142800
0.142800
0.142800
0.142800
0.142800
0.142800
0.142800
0.142800
0.142800
0.143178
0.142800
0.142800
0.142800
0.159693
0.142800
0.142800
0.142800
0.142800
0.142800
0.142800
0.142800
0.142800
0.142800
0.142800
0.142800
0.142800
0.142800
0.144047
0.142800
0.142800
0.142800
0.142800
0.142800
0.142800
0.178265
0.142800
0.142800
0.142800
0.142800
0.142800
0.142800
0.142800
0.142800
0.153790
0.142800
0.142800
0.142800
0.142800
0.142800
0.142800
0.142800
0.142800
0.142800
0.142800
0.142800
0.142800
0.142800
0.165878
0.142800
0.142800
0.142800
0.142800
0.142800
0.142800
0.142800
0.142800
0.142800
0.142800
0.142800
0.142800
0.142800
0.142800
0.142800
0.190763
0.142800
0.142800
0.142800
0.142800
0.142800
0.142800
0.142800
0.142800
0.142800
0.142800
0.142800
0.142800
0.142800
0.142800
0.142800
0.142800
0.142800
0.142800
0.142800
0.142800
0.148253
0.142800
0.142800
0.142800
0.142800
0.142800
0.142800
0.142800
0.142800
0.142800
0.142800
0.142800
0.164541
0.179417
0.142800
0.142800
0.142800
0.142800
0.142800
0.142800
0.142800
0.142800
0.142800
0.142800
0.142800
0.142800
0.142800
0.166539
0.142800
0.142800
0.142800
0.142800
0.142800
0.142800
0.142800
0.142800
0.142800
0.142800
0.142800
0.142800
0.142800
0.142800
0.142800
0.171660
0.156793
0.145757
0.142800
0.142800
0.210710
0.170407
0.147430
0.142800
0.146598
0.142800
0.142800
0.142800
0.142800
0.143178
0.142800
0.142800
0.142800
0.142800
0.142800
0.142800
0.142800
0.167196
0.142800
0.142800
0.169774
0.142800
0.142800
0.142800
0.142800
0.142800
0.142800
0.142800
0.142800
0.166539
0.142800
0.142800
0.142800
0.143178
0.142800
0.142800
0.142800
0.142800
0.142800
0.142800
0.142800
0.142800
0.142800
0.142800
0.142800
0.142800
0.142800
0.142800
0.156793
0.145757
0.142800
0.149068
0.142800
0.142800
0.142800
0.142800
0.142800
0.142800
0.142800
0.142800
0.142800
0.142800
0.142800
0.167847
0.142800
0.160402
0.142800
0.197676
0.142800
0.148253
0.151464
0.142800
0.177098
0.172280
0.195747
0.142800
0.142800
0.142800
0.153022
0.169774
0.158977
0.142800
0.151464
0.158255
0.142800
0.142800
0.142800
0.163183
0.183895
0.142800
0.205504
0.156793
0.177683
0.160402
0.183895
0.142800
0.165878
0.172280
0.182240
0.217697
0.158255
0.187123
0.168494
0.209001
0.186593
0.168494
0.172896
0.158977
0.188177
0.184440
0.175916
0.178265
0.165878
0.142800
0.193285
0.142800
0.200038
0.142800
0.182240
0.142800
0.196716
0.166539
0.169136
0.142800
0.210285
0.189736
0.142800
0.142800
0.172280
0.193285
0.201430
0.161106
0.187123
0.165878
0.142800
0.177098
0.171035
0.169774
0.142800
0.142800
0.173508
0.142800
0.147430
0.165212
0.162496
0.159693
0.148253
0.206389
0.153790
0.149874
0.142800
0.192284
0.142800
0.142800
0.142800
0.184983
0.142800
0.150673
0.213225
0.142800
0.170407
0.179988
0.222387
0.174708
0.142800
0.172896
0.142800
0.142800
0.142800
0.142800
0.142800
0.174116
0.172896
0.142800
0.142800
0.220065
0.179988
0.197849
0.211555
0.189219
0.167847
0.168494
0.145757
0.142800
0.142800
0.142800
0.142800
0.142800
0.142800
0.142800
0.142800
0.142800
0.155305
0.142800
0.210710
0.142800
0.177683
0.188177
0.142800
0.169774
0.182240
0.166539
0.167847
0.186059
0.200968
0.172896
0.194277
0.191779
0.155305
0.172896
0.163183
0.216091
0.164541
0.156793
0.200504
0.150673
0.142800
0.208570
0.161804
0.147430
0.184440
0.176509
0.142800
0.142800
0.199099
0.182240
0.142800
0.174720
0.142800
0.142800
0.142800
0.149874
0.142800
0.142800
0.182240
0.153790
0.142800
0.142800
0.142800
0.142800
0.142800
0.142800
0.142800
0.142800
0.142800
0.152247
0.143178
0.153790
0.144047
0.142800
0.142800
0.142800
0.142800
0.142800
0.142800
0.142800
0.142800
0.142800
0.142800
0.142800
0.144047
0.142800
0.142800
0.142800
0.142800
0.142800
0.151464
0.142800
0.181682
0.154551
0.168494
0.165212
0.210285
0.169774
0.190251
0.188177
0.142800
0.142800
0.169774
0.193285
0.142800
0.166539
0.197197
0.229093
0.214051
0.220455
0.206389
0.146598
0.222003
0.149068
0.142800
0.142800
0.175916
0.174720
0.206828
0.195259
0.205059
0.202805
0.200504
0.142800
0.157528
0.142800
0.142800
0.142800
0.142800
0.142800
0.142800
0.142800
0.142800
0.142800
0.142800
0.151464
0.142800
0.142800
0.142800
0.151464
0.142800
0.142800
0.144907
0.142800
0.144047
0.142800
0.142800
0.142800
0.142800
0.142800
0.142800
0.142800
0.145757
0.142800
0.142800
0.142800
0.142800
0.142800
0.142800
0.162496
0.163865
0.142800
0.142800
0.149068
0.142800
0.142800
0.147430
0.142800
0.142800
0.142800
0.165878
0.142800
0.142800
0.142800
0.142800
0.142800
0.165212
0.142800
0.142800
0.142800
0.142800
0.142800
0.142800
0.142800
0.142800
0.142800
0.142800
0.142800
0.142800
0.142800
0.142800
0.142800
0.144907
0.142800
0.142800
0.142800
0.142800
0.142800
0.142800
0.142800
0.142800
0.142800
0.142800
0.142800
0.142800
0.142800
0.142800
0.187651
0.142800
0.153790
0.153022
0.234065
0.142800
0.224287
0.151464
0.142800
0.194769
0.199099
0.198627
0.220138
0.142800
0.142800
0.142800
0.142800
0.142800
0.142800
0.142800
0.142800
0.142800
0.142800
0.142800
0.142800
0.142800
0.142800
0.144047
0.142800
0.142800
0.142800
0.142800
0.142800
0.142800
0.142800
0.142800
0.142800
0.142800
0.142800
0.142800
0.142800
0.142800
0.142800
0.142800
0.142800
0.142800
0.142800
0.142800
0.142800
0.142800
0.142800
0.142800
0.142800
0.142800
0.142800
0.142800
0.142800
0.142800
0.142800
0.142800
0.142800
0.142800
0.142800
0.142800
0.142800
0.142800
0.142800
0.142800
0.142800
0.142800
0.142800
0.142800
0.142800
0.142800
0.142800
0.142800
0.142800
0.142800
0.142800
0.142800
0.142800
0.142800
0.142800
0.142800
0.142800
0.142800
0.142800
0.142800
0.142800
0.142800
0.142800
0.142800
0.142800
0.142800
0.142800
0.142800
0.142800
0.142800
0.142800
0.146598
0.142800
0.156053
0.164541
0.142800
0.142800
0.142800
0.142800
0.142800
0.142800
0.142800
0.142800
0.142800
0.149068
0.142800
0.142800
0.142800
0.142800
0.142800
0.142800
0.142800
0.142800
0.142800
0.174720
0.142800
0.142800
0.142800
0.142800
0.142800
0.142800
0.156053
0.142800
0.142800
0.142800
0.142800
0.142800
0.142800
0.142800
0.142800
0.142800
0.142800
0.142800
0.142800
0.142800
0.142800
0.142800
0.142800
0.142800
0.142800
0.142800
0.144907
0.142800
0.143178
0.142800
0.142800
0.153790
0.142800
0.142800
0.143178
0.142800
0.142800
0.156053
0.142800
0.142800
0.149874
0.142800
0.142800
0.163183
0.142800
0.142800
0.156793
0.144907
0.142800
0.142800
0.142800
0.142800
0.142800
0.142800
0.142800
0.142800
0.142800
0.142800
0.142800
0.142800
0.167847
0.149874
0.177683
0.165212
0.229454
0.175320
0.142800
0.142800
0.169136
0.159693
0.146598
0.142800
0.142800
0.143178
0.142800
0.142800
0.142800
0.142800
0.155305
0.142800
0.142800
0.142800
0.149874
0.142800
0.142800
0.199099
0.142800
0.142800
0.142800
0.144047
0.161804
0.144907
0.142800
0.142800
0.142800
0.142800
0.142800
0.142800
0.142800
0.174116
0.165878
0.220065
0.142800
0.144047
0.142800
0.153022
0.142800
0.142800
0.156793
0.142800
0.142800
0.142800
0.189736
0.172896
0.142800
0.142800
0.142800
0.142800
0.142800
0.142800
0.142800
0.142800
0.143178
0.142800
0.142800
0.142800
0.142800
0.142800
0.142800
0.142800
0.142800
0.142800
0.152247
0.142800
0.142800
0.142800
0.163865
0.154551
0.195259
0.142800
0.142800
0.148253
0.142800
0.142800
0.142800
0.142800
0.142800
0.174720
0.181682
0.144907
0.149068
0.142800
0.142800
0.142800
0.142800
0.142800
0.163183
0.153022
0.160402
0.151464
0.165878
0.142800
0.171660
0.149068
0.142800
0.142800
0.142800
0.142800
0.142800
0.149068
0.142800
0.149874
0.162496
0.142800
0.142800
0.175320
0.142800
0.142800
0.142800
0.142800
0.142800
0.142800
0.142800
0.142800
0.154551
0.142800
0.142800
0.142800
0.143178
0.142800
0.142800
0.142800
0.144047
0.142800
0.155305
0.142800
0.142800
0.142800
0.142800
0.142800
0.142800
0.142800
0.142800
0.142800
0.142800
0.146598
0.142800
0.142800
0.142800
0.142800
0.142800
0.142800
0.142800
0.142800
0.142800
0.142800
0.142800
0.142800
0.142800
0.142800
0.150673
0.142800
0.142800
0.142800
0.142800
0.153022
0.142800
0.142800
0.142800
0.142800
0.142800
0.142800
0.151464
0.142800
0.142800
0.142800
0.142800
0.143178
0.142800
0.142800
0.142800
0.142800
0.142800
0.142800
0.207128
0.142800
0.142800
0.142800
0.170407
0.168494
0.195259
0.142800
0.142800
0.142800
0.142800
0.142800
0.142800
0.142800
0.142800
0.208570
0.142800
0.142800
0.142800
0.142800
0.181682
0.142800
0.142800
0.142800
0.142800
0.142800
0.142800
0.166539
0.144047
0.142800
0.142800
0.142800
0.142800
0.142800
0.142800
0.142800
0.142800
0.142800
0.142800
0.149068
0.199570
0.142800
0.142800
0.142800
0.145757
0.149068
0.142800
0.142800
0.234412
0.173508
0.142800
0.153022
0.171035
0.158255
0.154551
0.179417
0.149068
0.157528
0.192786
0.142800
0.152247
0.158255
0.149068
0.142800
0.174720
0.142800
0.142800
0.142800
0.142800
0.142800
0.142800
0.151464
0.142800
0.142800
0.142800
0.142800
0.146598
0.142800
0.179417
0.142800
0.142800
0.142800
0.172280
0.142800
0.142800
0.142800
0.142800
0.142800
0.229815
0.142800
0.142800
0.142800
0.142800
0.142800
0.193285
0.142800
0.142800
0.142800
0.155305
0.154551
0.162496
0.160402
0.142800
0.142800
0.142800
0.174116
0.142800
0.142800
0.142800
0.142800
0.153022
0.142800
0.142800
0.142800
0.142800
0.142800
0.147430
0.149068
0.142800
0.172896
0.142800
0.181121
0.165212
0.157528
0.152247
0.142800
0.142800
0.198627
0.142800
0.142800
0.142800
0.143178
0.142800
0.169774
0.142800
0.142800
0.142800
0.142800
0.155305
0.142800
0.142800
0.142800
0.142800
0.142800
0.142800
0.142800
0.142800
0.142800
0.142800
0.142800
0.142800
0.142800
0.154551
0.151464
0.149874
0.155305
0.144907
0.142800
0.142800
0.175916
0.142800
0.154551
0.171035
0.142800
0.142800
0.142800
0.142800
0.142800
0.142800
0.143178
0.142800
0.142800
0.142800
0.142800
0.142800
0.142800
0.142800
0.142800
0.142800
0.142800
0.148253
0.142800
0.142800
0.149874
0.142800
0.142800
0.142800
0.142800
0.142800
0.142800
0.142800
0.142800
0.142800
0.159693
0.142800
0.148253
0.142800
0.142800
0.153790
0.142800
0.142800
0.158977
0.142800
0.142800
0.142800
0.149874
0.144907
0.142800
0.142800
0.142800
0.142800
0.142800
0.142800
0.142800
0.142800
0.142800
0.144907
0.142800
0.142800
0.142800
0.142800
0.229454
0.142800
0.142800
0.142800
0.142800
0.142800
0.156053
0.142800
0.142800
0.193285
0.210710
0.142800
0.142800
0.142800
0.142800
0.142800
0.142800
0.142800
0.142800
0.159693
0.142800
0.148253
0.142800
0.142800
0.142800
0.142800
0.142800
0.142800
0.142800
0.142800
0.142800
0.142800
0.142800
0.142800
0.142800
0.142800
0.142800
0.142800
0.142800
0.142800
0.142800
0.142800
0.142800
0.142800
0.147430
0.142800
0.142800
0.142800
0.142800
0.142800
0.142800
0.142800
0.142800
0.142800
0.142800
0.142800
0.142800
0.142800
0.142800
0.142800
0.142800
0.142800
0.142800
0.142800
0.142800
0.142800
0.168494
0.142800
0.142800
0.142800
0.142800
0.160402
0.142800
0.142800
0.142800
0.142800
0.142800
0.142800
0.142800
0.142800
0.142800
0.142800
0.142800
0.142800
0.142800
0.142800
0.142800
0.142800
0.142800
0.142800
0.167847
0.142800
0.142800
0.142800
0.142800
0.142800
0.142800
0.142800
0.142800
0.142800
0.142800
0.142800
0.142800
0.142800
0.142800
0.142800
0.142800
0.142800
0.142800
0.142800
0.151464
0.142800
0.142800
0.142800
0.142800
0.142800
0.142800
0.145757
0.142800
0.142800
0.142800
0.142800
0.142800
0.142800
0.142800
0.142800
0.142800
0.142800
0.142800
0.142800
0.142800
0.142800
0.146598
0.158977
0.142800
0.142800
0.144047
0.142800
0.142800
0.142800
0.142800
0.142800
0.142800
0.142800
0.142800
0.142800
0.142800
0.142800
0.142800
0.142800
0.142800
0.142800
0.142800
0.142800
0.142800
0.142800
0.142800
0.142800
0.142800
0.142800
0.142800
0.142800
0.142800
0.142800
0.142800
0.142800
0.142800
0.142800
0.142800
0.142800
0.142800
0.142800
0.142800
0.142800
0.142800
0.142800
0.142800
0.142800
0.142800
0.142800
0.142800
0.142800
0.142800
0.156793
0.142800
0.142800
0.142800
0.142800
0.142800
0.142800
0.183346
0.149068
0.142800
0.142800
0.142800
0.155305
0.193782
0.164541
0.187123
0.161106
0.142800
0.142800
0.142800
0.142800
0.173508
0.142800
0.142800
0.142800
0.150673
0.142800
0.142800
0.142800
0.142800
0.142800
0.142800
0.142800
0.142800
0.142800
0.142800
0.142800
0.142800
0.142800
0.161106
0.142800
0.172896
0.165212
0.165212
0.175320
0.142800
0.142800
0.142800
0.142800
0.142800
0.142800
0.148253
0.142800
0.142800
0.142800
0.142800
0.142800
0.142800
0.142800
0.142800
0.142800
0.142800
0.142800
0.142800
0.142800
0.142800
0.142800
0.142800
0.159693
0.153022
0.142800
0.151464
0.149874
0.142800
0.142800
0.153022
0.144907
0.142800
0.158977
0.142800
0.142800
0.142800
0.142800
0.142800
0.146598
0.147430
0.142800
0.142800
0.142800
0.172280
0.184440
0.142800
0.142800
0.142800
0.142800
0.142800
0.142800
0.142800
0.225039
0.142800
0.142800
0.205947
0.151464
0.142800
0.153790
0.142800
0.142800
0.142800
0.142800
0.142800
0.142800
0.142800
0.142800
0.147430
0.142800
0.142800
0.142800
0.209859
0.142800
0.165212
0.172280
0.144047
0.163865
0.153790
0.153022
0.151464
0.142800
0.142800
0.142800
0.142800
0.226898
0.142800
0.142800
0.142800
0.142800
0.153022
0.163183
0.169774
0.165878
0.175320
0.152247
0.142800
0.177098
0.157528
0.142800
0.149068
0.149068
0.148253
0.142800
0.146598
0.154551
0.158977
0.142800
0.171660
0.142800
0.178265
0.161804
0.143178
0.142800
0.142800
0.142800
0.142800
0.148253
0.142800
0.142800
0.142800
0.142800
0.142800
0.142800
0.149068
0.142800
0.142800
0.146598
0.142800
0.154551
0.149068
0.142800
0.153790
0.142800
0.142800
0.148253
0.142800
0.142800
0.142800
0.171035
0.142800
0.142800
0.144047
0.142800
0.142800
0.142800
0.142800
0.142800
0.142800
0.142800
0.142800
0.142800
0.142800
0.142800
0.142800
0.158255
0.165878
0.171035
0.142800
0.142800
0.163183
0.171660
0.157528
0.142800
0.142800
0.142800
0.142800
0.142800
0.142800
0.142800
0.142800
0.142800
0.142800
0.202349
0.192284
0.216897
0.189219
0.142800
0.201891
0.143178
0.194769
0.153790
0.144047
0.161804
0.163865
0.142800
0.142800
0.142800
0.142800
0.142800
0.142800
0.142800
0.142800
0.179417
0.142800
0.193285
0.142800
0.142800
0.142800
0.142800
0.142800
0.142800
0.142800
0.142800
0.142800
0.142800
0.142800
0.142800
0.142800
0.225413
0.142800
0.142800
0.160402
0.142800
0.160402
0.142800
0.229454
0.142800
0.142800
0.142800
0.142800
0.142800
0.142800
0.142800
0.142800
0.142800
0.142800
0.147430
0.142800
0.189219
0.142800
0.142800
0.142800
0.142800
0.142800
0.145757
0.184440
0.142800
0.142800
0.142800
0.142800
0.142800
0.142800
0.142800
0.165212
0.142800
0.142800
0.188177
0.142800
0.142800
0.142800
0.142800
0.142800
0.142800
0.181121
0.142800
0.142800
0.142800
0.142800
0.142800
0.142800
0.142800
0.142800
0.142800
0.142800
0.142800
0.142800
0.142800
0.142800
0.142800
0.142800
0.142800
0.142800
0.142800
0.142800
0.142800
0.142800
0.197197
0.142800
0.142800
0.142800
0.142800
0.142800
0.146598
0.159693
0.163865
0.142800
0.152247
0.142800
0.142800
0.142800
0.149874
0.142800
0.142800
0.142800
0.142800
0.142800
0.142800
0.142800
0.160402
0.175916
0.142800
0.142800
0.142800
0.142800
0.142800
0.142800
0.164541
0.142800
0.144907
0.142800
0.142800
0.142800
0.142800
0.142800
0.142800
0.142800
0.142800
0.142800
0.142800
0.142800
0.142800
0.142800
0.142800
0.142800
0.142800
0.142800
0.197197
0.167196
0.142800
0.142800
0.142800
0.142800
0.142800
0.142800
0.142800
0.142800
0.147430
0.142800
0.143178
0.147430
0.142800
0.142800
0.142800
0.142800
0.142800
0.158977
0.142800
0.142800
0.142800
0.142800
0.142800
0.142800
0.142800
0.142800
0.142800
0.142800
0.146598
0.142800
0.142800
0.142800
0.142800
0.142800
0.142800
0.142800
0.142800
0.142800
0.142800
0.142800
0.142800
0.142800
0.142800
0.142800
0.142800
0.142800
0.153790
0.142800
0.142800
0.142800
0.142800
0.142800
0.144047
0.142800
0.142800
0.142800
0.198627
0.142800
0.142800
0.165878
0.142800
0.142800
0.142800
0.142800
0.142800
0.142800
0.142800
0.142800
0.142800
0.142800
0.178843
0.142800
0.142800
0.142800
0.142800
0.142800
0.142800
0.142800
0.142800
0.142800
0.142800
0.142800
0.142800
0.142800
0.142800
0.142800
0.159693
0.142800
0.142800
0.142800
0.142800
0.167196
0.144047
0.142800
0.219674
0.143178
0.142800
0.142800
0.200968
0.142800
0.142800
0.142800
0.198627
0.142800
0.142800
0.142800
0.142800
0.142800
0.142800
0.142800
0.142800
0.142800
0.142800
0.165878
0.162496
0.156793
0.142800
0.142800
0.152247
0.142800
0.146598
0.142800
0.142800
0.142800
0.149874
0.165878
0.161804
0.157528
0.153022
0.170407
0.144047
0.142800
0.142800
0.142800
0.142800
0.142800
0.150673
0.166539
0.153790
0.142800
0.142800
0.142800
0.142800
0.142800
0.142800
0.142800
0.142800
0.142800
0.142800
0.166539
0.142800
0.142800
0.142800
0.142800
0.160402
0.156793
0.175320
0.175320
0.171035
0.154551
0.142800
0.224287
0.178265
0.142800
0.142800
0.153022
0.153790
0.161804
0.161106
0.142800
0.142800
0.217298
0.142800
0.177683
0.153790
0.142800
0.144907
0.159693
0.144907
0.142800
0.156793
0.142800
0.142800
0.142800
0.179417
0.142800
0.142800
0.142800
0.153022
0.142800
0.148253
0.155305
0.149068
0.213639
0.158977
0.142800
0.144907
0.142800
0.161106
0.142800
0.142800
0.142800
0.154551
0.142800
0.156053
0.169774
0.142800
0.175916
0.171660
0.153790
0.153790
0.142800
0.142800
0.142800
0.142800
0.142800
0.142800
0.142800
0.142800
0.142800
0.142800
0.142800
0.142800
0.142800
0.142800
0.142800
0.142800
0.142800
0.152247
0.142800
0.142800
0.189219
0.176509
0.200968
0.176509
0.150673
0.142800
0.145757
0.217298
0.209431
0.155305
0.142800
0.174116
0.158977
0.172280
0.172280
0.171035
0.172280
0.172280
0.142800
0.142800
0.195259
0.081114
0.142800
0.196242
0.003800
0.018675
0.210285
0.154551
0.142800
0.142800
0.227634
0.086755
0.142800
0.187813
0.003800
0.017443
0.201430
0.165878
0.142800
0.142800
0.169065
0.114906
0.142800
0.122261
0.003800
0.017713
0.189219
0.148253
0.142800
0.204163
0.226177
0.032945
0.003800
0.027580
0.209001
0.160402
0.211133
0.183486
0.006309
0.003800
0.040034
0.183895
0.143178
0.144907
0.142800
0.238846
0.214386
0.142800
0.004065
0.003800
0.063564
0.161106
0.142800
0.163171
0.233611
0.154551
0.003800
0.003800
0.111666
0.148253
0.142800
0.142800
0.142800
0.115513
0.232522
0.142800
0.193099
0.003800
0.004196
0.136051
0.156053
0.142800
0.142800
0.099279
0.227267
0.142800
0.057006
0.003800
0.006025
0.198661
0.142800
0.142800
0.142800
0.088044
0.217697
0.047444
0.003800
0.008730
0.234759
0.152247
0.142800
0.170407
0.070993
0.234759
0.033846
0.003800
0.010946
0.228730
0.158977
0.142800
0.142800
0.142800
0.166539
0.070741
0.239515
0.039329
0.003800
0.008148
0.240842
0.177098
0.166539
0.142800
0.142800
0.142800
0.161106
0.063358
0.185627
0.118640
0.003800
0.005506
0.140707
0.184440
0.160402
0.142800
0.142800
0.156793
0.063980
0.127899
0.180017
0.003800
0.003800
0.198661
0.174116
0.172280
0.158977
0.158255
0.142800
0.150673
0.072277
0.087487
0.142800
0.142027
0.003800
0.005118
0.084972
0.225786
0.193285
0.142800
0.156793
0.142800
0.142800
0.145757
0.089559
0.120921
0.142800
0.085500
0.003800
0.003800
0.038816
0.234709
0.171035
0.142800
0.142800
0.156793
0.171531
0.103619
0.167196
0.239197
0.003800
0.003800
0.016856
0.076974
0.218492
0.142800
0.142800
0.142800
0.143178
0.207266
0.057779
0.224664
0.142800
0.181682
0.009800
0.003882
0.006491
0.024361
0.217697
0.142800
0.142800
0.161106
0.158718
0.209797
0.142800
0.041370
0.006642
0.004707
0.017600
0.234065
0.143178
0.142800
0.142800
0.217697
0.184195
0.156793
0.161106
0.100688
0.010104
0.004738
0.014857
0.225150
0.142800
0.142800
0.211133
0.205383
0.142800
0.201134
0.007655
0.005691
0.026887
0.197197
0.143178
0.142800
0.233366
0.240842
0.142800
0.142027
0.006647
0.005986
0.029274
0.194277
0.142800
0.142800
0.209859
0.200304
0.197849
0.010377
0.006276
0.022505
0.207703
0.142800
0.199570
0.234412
0.178265
0.018950
0.008075
0.028240
0.199099
0.158977
0.142800
0.142800
0.223910
0.227212
0.142800
0.215279
0.011012
0.005208
0.025464
0.207703
0.142800
0.142800
0.198661
0.241500
0.227212
0.008951
0.005341
0.023826
0.215686
0.159693
0.142800
0.142800
0.240344
0.196242
0.240842
0.008471
0.004601
0.022609
0.224287
0.170407
0.150673
0.142800
0.142800
0.228256
0.235449
0.236136
0.005599
0.004925
0.030457
0.183895
0.150673
0.142800
0.170407
0.167855
0.229093
0.049401
0.004129
0.005332
0.037188
0.189736
0.142800
0.142800
0.148253
0.154481
0.225786
0.094192
0.004040
0.006148
0.049270
0.179988
0.142800
0.142800
0.150673
0.103870
0.226529
0.013302
0.004379
0.006204
0.048563
0.177683
0.142800
0.142800
0.153790
0.106973
0.201891
0.041181
0.004949
0.007433
0.059021
0.181121
0.155305
0.142800
0.174116
0.084450
0.188699
0.019579
0.004636
0.008581
0.081762
0.175320
0.142800
0.142800
0.203260
0.092329
0.183895
0.013873
0.004818
0.009667
0.095907
0.159693
0.142800
0.142800
0.220455
0.105143
0.186059
0.011111
0.006780
0.012919
0.146595
0.158977
0.142800
0.142800
0.191561
0.122261
0.158977
0.188699
0.005909
0.004891
0.012546
0.124671
0.181682
0.142800
0.142800
0.142800
0.165483
0.118002
0.144907
0.206828
0.003905
0.003800
0.014025
0.091924
0.204163
0.146598
0.142800
0.142800
0.157639
0.097008
0.149874
0.194769
0.004445
0.003800
0.014898
0.123628
0.202805
0.149874
0.146598
0.142800
0.183486
0.082752
0.149874
0.222003
0.003800
0.003800
0.014204
0.121254
0.191779
0.142800
0.142800
0.177326
0.088607
0.166539
0.152247
0.003800
0.003800
0.012103
0.103619
0.211133
0.142800
0.142800
0.239197
0.064295
0.204163
0.142800
0.005893
0.003800
0.008692
0.079071
0.206389
0.142800
0.142800
0.218492
0.076105
0.223531
0.012888
0.003800
0.008145
0.071119
0.208137
0.142800
0.197197
0.074835
0.222003
0.014550
0.003800
0.008874
0.082585
0.201430
0.142800
0.142800
0.229093
0.062848
0.209001
0.010440
0.003800
0.010835
0.103619
0.167196
0.142800
0.142800
0.218190
0.074835
0.199099
0.009297
0.003800
0.012646
0.152944
0.174116
0.148253
0.147430
0.142800
0.190046
0.065694
0.198152
0.009404
0.003800
0.011911
0.145660
0.175916
0.142800
0.142800
0.142800
0.207128
0.068664
0.199099
0.009915
0.003800
0.013465
0.136877
0.174116
0.142800
0.142800
0.204520
0.063668
0.188699
0.149874
0.007138
0.003800
0.014563
0.117371
0.184440
0.142800
0.142800
0.142800
0.121923
0.072017
0.196716
0.193782
0.003800
0.003800
0.018367
0.162037
0.175320
0.142800
0.142800
0.105660
0.082919
0.187123
0.240180
0.003800
0.003800
0.018317
0.142920
0.201891
0.144047
0.142800
0.142800
0.119608
0.075254
0.182240
0.156573
0.003800
0.003800
0.023001
0.219160
0.181682
0.142800
0.144907
0.083424
0.085500
0.174720
0.066359
0.003800
0.003800
0.026785
0.214871
0.183895
0.142800
0.142800
0.142800
0.069023
0.108588
0.162496
0.088985
0.003800
0.003800
0.025152
0.218887
0.171035
0.142800
0.142800
0.142800
0.037584
0.117058
0.157528
0.023187
0.003800
0.003800
0.035108
0.192327
0.206252
0.222387
0.154551
0.142800
0.040715
0.135235
0.142800
0.014649
0.003800
0.004687
0.045794
0.217298
0.174116
0.144907
0.189736
0.142800
0.142800
0.033979
0.126806
0.142800
0.014248
0.003800
0.004596
0.051019
0.216494
0.188699
0.153022
0.161106
0.142800
0.142800
0.036196
0.096345
0.144907
0.017225
0.003800
0.003800
0.036648
0.234065
0.176509
0.142800
0.150673
0.142800
0.142800
0.047262
0.108588
0.188699
0.037744
0.003800
0.003800
0.014273
0.197849
0.172896
0.143178
0.145757
0.142800
0.142800
0.106708
0.084450
0.206252
0.121588
0.003813
0.003800
0.011170
0.100215
0.177098
0.142800
0.142800
0.218492
0.102379
0.123283
0.170407
0.008603
0.003800
0.009329
0.074420
0.202805
0.157528
0.159693
0.142800
0.142800
0.239848
0.103120
0.095690
0.203260
0.010526
0.003800
0.007610
0.053482
0.223151
0.157528
0.159693
0.221618
0.087303
0.097679
0.019659
0.003800
0.006180
0.042389
0.227212
0.153022
0.161106
0.142800
0.216897
0.102379
0.099745
0.014433
0.003800
0.005844
0.044353
0.240511
0.157528
0.157528
0.142800
0.237837
0.100927
0.129758
0.142800
0.009731
0.003800
0.007248
0.055354
0.217697
0.142800
0.145757
0.142800
0.203664
0.103120
0.154999
0.142800
0.006800
0.003800
0.006801
0.056335
0.230175
0.151464
0.142800
0.208900
0.086755
0.136463
0.142800
0.007401
0.003800
0.007461
0.048122
0.228730
0.148253
0.142800
0.207128
0.100215
0.177992
0.142800
0.007164
0.003800
0.009387
0.060217
0.222387
0.142800
0.142800
0.224131
0.088607
0.170290
0.142800
0.006342
0.003800
0.010104
0.050537
0.224287
0.147430
0.142800
0.142800
0.224287
0.105401
0.165483
0.142800
0.007762
0.003800
0.011329
0.051650
0.237837
0.145757
0.144907
0.186059
0.170290
0.180702
0.009697
0.003800
0.012924
0.068783
0.190046
0.156053
0.142800
0.186593
0.234709
0.159263
0.142800
0.013149
0.003800
0.012374
0.076393
0.195448
0.144907
0.142800
0.160402
0.236819
0.134427
0.024242
0.003800
0.008975
0.045852
0.152438
0.169774
0.160402
0.142800
0.201891
0.103870
0.142800
0.059111
0.004883
0.006680
0.023312
0.093982
0.193782
0.150673
0.142800
0.186059
0.114604
0.142800
0.105401
0.007707
0.004815
0.014967
0.064613
0.198627
0.151464
0.142800
0.167196
0.099511
0.143178
0.132055
0.009201
0.004187
0.013448
0.051509
0.202805
0.142800
0.142800
0.142800
0.134830
0.152247
0.186350
0.013369
0.004054
0.011395
0.042093
0.197676
0.142800
0.142800
0.142800
0.133231
0.190763
0.228366
0.017923
0.003800
0.008940
0.045008
0.202349
0.142800
0.142800
0.142800
0.091322
0.200504
0.142800
0.205947
0.020382
0.003856
0.010148
0.045174
0.206828
0.142800
0.142800
0.117058
0.203260
0.177098
0.027177
0.004354
0.009451
0.061556
0.201430
0.142800
0.142800
0.132837
0.232664
0.207703
0.028750
0.005595
0.009047
0.048563
0.228366
0.142800
0.142800
0.142800
0.227212
0.220138
0.161804
0.080634
0.009937
0.009992
0.035038
0.237159
0.142800
0.205504
0.224131
0.142800
0.061071
0.012551
0.009835
0.033682
0.238061
0.142800
0.201430
0.234709
0.188177
0.040531
0.010738
0.014362
0.069750
0.217697
0.142800
0.142800
0.231248
0.218095
0.197197
0.017856
0.006996
0.016477
0.083255
0.195259
0.144907
0.206252
0.212810
0.107239
0.008807
0.006254
0.017913
0.086034
0.203260
0.142800
0.142800
0.142800
0.182783
0.196233
0.037905
0.004864
0.006819
0.022373
0.082254
0.188699
0.142800
0.142800
0.177683
0.197849
0.200038
0.149874
0.011513
0.003800
0.007782
0.019545
0.106444
0.185522
0.142800
0.181682
0.228730
0.192786
0.206828
0.007351
0.003800
0.008391
0.027409
0.126087
0.176509
0.142800
0.206389
0.219674
0.172896
0.089752
0.003800
0.003800
0.010675
0.039373
0.189296
0.172896
0.142800
0.142800
0.239515
0.183895
0.145757
0.030295
0.003800
0.004094
0.014656
0.058751
0.231442
0.171035
0.142800
0.142800
0.219160
0.214051
0.144907
0.009851
0.003800
0.005076
0.017092
0.067609
0.236819
0.158977
0.142800
0.148253
0.140272
0.179417
0.142800
0.006785
0.003800
0.006062
0.020382
0.074696
0.213639
0.142800
0.142800
0.142800
0.149465
0.172896
0.142800
0.006682
0.003800
0.006071
0.025262
0.090531
0.201891
0.142800
0.142800
0.188177
0.172158
0.175916
0.142800
0.005815
0.003800
0.005972
0.029427
0.084106
0.205947
0.142800
0.215279
0.172158
0.187651
0.142800
0.004831
0.003800
0.007349
0.033358
0.092126
0.215686
0.142800
0.142800
0.227634
0.172158
0.182795
0.003800
0.003800
0.006475
0.024777
0.072538
0.224287
0.142800
0.142800
0.241171
0.241171
0.177683
0.165212
0.003800
0.003800
0.003810
0.012733
0.040669
0.225786
0.142800
0.142800
0.148253
0.157105
0.221232
0.160402
0.190046
0.003800
0.003800
0.006383
0.022743
0.074835
0.208137
0.145757
0.142800
0.161804
0.166661
0.196233
0.142800
0.056086
0.003800
0.003800
0.007727
0.047323
0.157105
0.181121
0.142800
0.142800
0.167847
0.126087
0.191272
0.009306
0.003800
0.003800
0.007770
0.040213
0.159810
0.190763
0.147430
0.142800
0.193782
0.118320
0.192786
0.003800
0.003800
0.003800
0.011272
0.049664
0.150444
0.174720
0.142800
0.142800
0.195448
0.071630
0.156793
0.003800
0.003800
0.003800
0.016669
0.067841
0.193876
0.189736
0.142800
0.136877
0.090531
0.155305
0.003800
0.003800
0.004661
0.016082
0.043558
0.182084
0.180556
0.142800
0.142800
0.093564
0.107775
0.144907
0.194769
0.003800
0.003800
0.007076
0.021354
0.044733
0.228256
0.142800
0.084624
0.155521
0.144047
0.184983
0.003800
0.003800
0.006857
0.019728
0.047812
0.238846
0.163865
0.142800
0.060311
0.142920
0.142800
0.085148
0.003800
0.003800
0.007878
0.021182
0.058483
0.228366
0.158255
0.142800
0.033846
0.143823
0.142800
0.015106
0.003800
0.003800
0.008367
0.032176
0.070119
0.236934
0.142800
0.142800
0.153022
0.196233
0.024795
0.142472
0.142800
0.009004
0.003800
0.003800
0.005720
0.033039
0.075677
0.237498
0.162496
0.229093
0.017798
0.070867
0.154551
0.012571
0.003800
0.003800
0.003800
0.016042
0.050401
0.188552
0.179988
0.142800
0.176509
0.021888
0.042588
0.168494
0.142800
0.065042
0.003800
0.003800
0.003800
0.009516
0.060217
0.178663
0.172280
0.142800
0.142800
0.171660
0.029123
0.054248
0.180556
0.142800
0.147066
0.003800
0.003800
0.003800
0.009174
0.041801
0.153453
0.216091
0.151464
0.142800
0.205059
0.026990
0.058217
0.170407
0.142800
0.142800
0.101166
0.003800
0.003800
0.003800
0.009867
0.042339
0.220138
0.200504
0.227212
0.025613
0.081114
0.161106
0.136051
0.003800
0.003800
0.003800
0.011317
0.054016
0.229309
0.184440
0.168458
0.028466
0.105660
0.142800
0.048627
0.003800
0.003800
0.003800
0.013790
0.063461
0.196242
0.209431
0.124321
0.025594
0.130136
0.142800
0.142800
0.046197
0.003800
0.003800
0.003800
0.012820
0.049863
0.237837
0.198627
0.099511
0.029556
0.144278
0.067958
0.003800
0.003800
0.003800
0.012631
0.066471
0.239848
0.192284
0.142800
0.239515
0.029123
0.145197
0.142800
0.105920
0.003800
0.003800
0.003800
0.010958
0.046489
0.176008
0.215686
0.142800
0.194659
0.034348
0.133628
0.142800
0.129382
0.003800
0.003800
0.003800
0.009143
0.037385
0.226177
0.195747
0.142800
0.142800
0.237837
0.045624
0.095690
0.152247
0.233611
0.003800
0.003800
0.003800
0.006527
0.030760
0.225150
0.198627
0.142800
0.196716
0.086755
0.079535
0.189736
0.146598
0.003800
0.003800
0.003800
0.003800
0.016428
0.147540
0.209001
0.171035
0.188552
0.075254
0.146595
0.142800
0.142800
0.005927
0.003800
0.003800
0.003800
0.003833
0.036496
0.230175
0.142800
0.142800
0.142800
0.211555
0.127899
0.142027
0.197676
0.020260
0.003800
0.003800
0.003800
0.003800
0.004660
0.049140
0.183895
0.142800
0.206389
0.240344
0.238061
0.161804
0.099511
0.006807
0.003800
0.003800
0.003800
0.003800
0.005699
0.123974
0.142800
0.142800
0.157528
0.218887
0.214871
0.142800
0.236819
0.014407
0.007105
0.004284
0.003800
0.003800
0.003800
0.028262
0.165878
0.142800
0.180556
0.193285
0.142800
0.205504
0.019443
0.016338
0.007228
0.003800
0.003800
0.003800
0.008903
0.224131
0.142800
0.176509
0.197197
0.202349
0.172280
0.037149
0.034794
0.008983
0.003800
0.003800
0.003800
0.005687
0.104886
0.156053
0.150673
0.200038
0.182240
0.142800
0.145757
0.061850
0.046430
0.010598
0.003800
0.003800
0.003800
0.003800
0.054717
0.158255
0.142800
0.174116
0.167847
0.149874
0.142800
0.142800
0.075395
0.072538
0.016560
0.005382
0.003800
0.003800
0.003800
0.008070
0.051580
0.150673
0.142800
0.142800
0.144047
0.142800
0.142800
0.142800
0.071887
0.055113
0.027032
0.012661
0.005926
0.003800
0.003800
0.004499
0.011292
0.123283
0.142800
0.142800
0.142800
0.063255
0.107775
0.049664
0.032851
0.009519
0.003994
0.003800
0.004444
0.013297
0.094829
0.142800
0.152247
0.142800
0.142800
0.142800
0.146598
0.033846
0.035073
0.023663
0.021489
0.008916
0.003800
0.003868
0.009540
0.040168
0.233016
0.142800
0.172280
0.142800
0.153790
0.051580
0.026187
0.023423
0.018098
0.004217
0.003800
0.003800
0.009561
0.047998
0.205504
0.169774
0.142800
0.142800
0.076682
0.068903
0.026603
0.022214
0.003800
0.003800
0.003800
0.005283
0.020394
0.226158
0.142800
0.144907
0.142800
0.142800
0.142800
0.142800
0.142800
0.109136
0.047444
0.030649
0.021301
0.004523
0.003800
0.003800
0.005709
0.016419
0.170908
0.142800
0.153790
0.187651
0.142800
0.142800
0.142800
0.142800
0.131281
0.062949
0.033584
0.021381
0.003800
0.003800
0.003800
0.005111
0.019365
0.196242
0.162496
0.171035
0.142800
0.142800
0.192327
0.086213
0.043873
0.043299
0.004571
0.003800
0.003800
0.003882
0.012877
0.122261
0.142800
0.164541
0.181121
0.169136
0.142800
0.169675
0.105920
0.084278
0.048754
0.007362
0.003800
0.003800
0.003800
0.008476
0.095043
0.142800
0.154551
0.142800
0.142800
0.155305
0.156793
0.172280
0.158977
0.142800
0.126446
0.077711
0.075395
0.050880
0.012403
0.003875
0.003800
0.003800
0.007206
0.034655
0.161804
0.142800
0.142800
0.166539
0.165878
0.136051
0.097231
0.068546
0.049730
0.015120
0.005332
0.003800
0.003800
0.005205
0.027073
0.188177
0.142800
0.161106
0.173508
0.212810
0.198661
0.138556
0.068664
0.020680
0.009138
0.005054
0.003800
0.003889
0.015688
0.235793
0.150673
0.167847
0.214871
0.174064
0.100688
0.040900
0.013046
0.015141
0.008400
0.005884
0.006232
0.012516
0.117686
0.142800
0.142800
0.142800
0.205059
0.217228
0.220138
0.096125
0.019511
0.007235
0.004802
0.005580
0.010483
0.023695
0.141585
0.142800
0.150673
0.153022
0.142800
0.192786
0.240344
0.202814
0.065585
0.011466
0.004198
0.003800
0.005751
0.019567
0.042290
0.210710
0.142800
0.142800
0.171660
0.176509
0.142800
0.214462
0.229815
0.186350
0.027303
0.007918
0.003800
0.003800
0.006964
0.024567
0.116436
0.201430
0.142800
0.190251
0.172896
0.142800
0.199570
0.237159
0.200304
0.025632
0.005684
0.004460
0.003800
0.004632
0.014988
0.062545
0.207703
0.145757
0.164541
0.197197
0.142800
0.167196
0.222769
0.221124
0.053106
0.008353
0.003898
0.003800
0.003800
0.009876
0.052588
0.201891
0.144907
0.171660
0.214462
0.165878
0.162496
0.237159
0.205383
0.067494
0.011231
0.005744
0.003800
0.003800
0.007697
0.072802
0.174116
0.142800
0.154551
0.198627
0.147430
0.163183
0.222003
0.186350
0.071374
0.010121
0.005299
0.003800
0.003800
0.005937
0.045966
0.194769
0.142800
0.142800
0.142800
0.161106
0.206389
0.150673
0.161106
0.233366
0.209797
0.037744
0.007036
0.003962
0.003800
0.003800
0.007198
0.057867
0.162496
0.142800
0.171660
0.204612
0.199099
0.144047
0.163183
0.202349
0.186350
0.020555
0.005273
0.003800
0.003800
0.003995
0.010966
0.067264
0.168494
0.163183
0.195259
0.208137
0.169136
0.142800
0.150673
0.218492
0.025408
0.012452
0.003800
0.003800
0.003800
0.007505
0.030788
0.142920
0.182240
0.228366
0.217298
0.155305
0.142800
0.218095
0.015248
0.009924
0.003800
0.003800
0.003800
0.010051
0.048754
0.157105
0.142800
0.144047
0.221232
0.232312
0.195747
0.142800
0.142800
0.216494
0.010942
0.011091
0.003800
0.003800
0.003800
0.006766
0.036534
0.159810
0.142800
0.202349
0.238846
0.216897
0.142800
0.142800
0.194277
0.014267
0.014135
0.005510
0.003800
0.003800
0.005807
0.022301
0.102625
0.151464
0.210710
0.194277
0.142800
0.142800
0.205947
0.023375
0.017416
0.009346
0.003800
0.003800
0.005416
0.016610
0.090140
0.163183
0.203712
0.220065
0.156793
0.142800
0.202805
0.035003
0.019785
0.011685
0.007248
0.003800
0.003800
0.014776
0.076537
0.163183
0.178663
0.227634
0.163183
0.142800
0.193285
0.042538
0.014912
0.007399
0.003800
0.003800
0.003800
0.011857
0.063980
0.184983
0.186350
0.213225
0.142800
0.167847
0.201891
0.026070
0.018247
0.007093
0.003800
0.003800
0.003800
0.013122
0.077415
0.184983
0.148497
0.237159
0.151464
0.188699
0.208137
0.014837
0.014967
0.007366
0.003800
0.003800
0.003800
0.011059
0.069264
0.171660
0.164899
0.229093
0.159693
0.142800
0.217228
0.011848
0.016677
0.007248
0.005894
0.003800
0.003800
0.006796
0.073067
0.142800
0.195747
0.103619
0.153453
0.155305
0.142800
0.194277
0.016436
0.027409
0.008286
0.006062
0.003800
0.003800
0.007776
0.069995
0.142800
0.207703
0.128267
0.182783
0.161106
0.155305
0.223151
0.012697
0.026206
0.009146
0.003909
0.003800
0.003800
0.009772
0.077267
0.142800
0.142800
0.193876
0.131667
0.231442
0.142800
0.031439
0.234065
0.009349
0.026226
0.006410
0.003800
0.003800
0.003800
0.012576
0.084106
0.142800
0.172896
0.110247
0.159263
0.209001
0.142800
0.032572
0.142027
0.014837
0.030268
0.003800
0.003800
0.003800
0.004310
0.015749
0.081599
0.175916
0.130898
0.192327
0.206828
0.142800
0.223151
0.170290
0.018696
0.023582
0.003800
0.003800
0.003800
0.005221
0.016711
0.083255
0.158255
0.137712
0.163743
0.229454
0.143178
0.142800
0.176665
0.014067
0.023598
0.003800
0.003800
0.003800
0.005042
0.013885
0.119608
0.157528
0.219160
0.174064
0.203712
0.142800
0.142800
0.156573
0.024327
0.034898
0.003800
0.003800
0.003800
0.005979
0.014504
0.150444
0.196233
0.146595
0.217228
0.192284
0.142800
0.205383
0.016346
0.027409
0.003800
0.003800
0.003800
0.008549
0.013725
0.216897
0.179988
0.131281
0.222118
0.192786
0.230891
0.045174
0.145660
0.009543
0.022819
0.003800
0.003800
0.003800
0.006152
0.013041
0.208137
0.165212
0.138132
0.199479
0.199570
0.102625
0.136463
0.014550
0.020617
0.003800
0.003800
0.003800
0.004549
0.006322
0.190763
0.142800
0.199479
0.110528
0.210710
0.142800
0.110247
0.117371
0.010734
0.019309
0.004640
0.003800
0.003800
0.003800
0.005354
0.189219
