gx,gy,wala,wac,g_hat,f_true
0.008333333333,0.008333333333,0.5,2.641666667,-409.7635267,-0.8640915728
0.008333333333,0.025,0.5,2.725,-457.4175042,-7.297505575
0.008333333333,0.04166666667,0.5,2.808333333,-505.0714816,-20.99148245
0.008333333333,0.05833333333,0.5,2.891666667,-552.7254591,-39.32938755
0.008333333333,0.075,0.5,2.975,-600.3794366,-59.03741802
0.008333333333,0.09166666667,0.5,3.058333333,-648.0334141,-77.40011661
0.008333333333,0.1083333333,0.5,3.141666667,-695.6873916,-92.82658137
0.008333333333,0.125,0.5,3.225,-743.341369,-104.7546174
0.008333333333,0.1416666667,0.5,3.308333333,-759.1079842,-113.242574
0.008333333333,0.1583333333,0.5,3.391666667,-774.8745994,-118.5668626
0.008333333333,0.175,0.5,3.475,-790.6412145,-120.9571887
0.008333333333,0.1916666667,0.5,3.558333333,-806.4078297,-120.4696915
0.008333333333,0.2083333333,0.5,3.641666667,-822.1744448,-116.9643458
0.008333333333,0.225,0.5,3.725,-837.94106,-110.1773951
0.008333333333,0.2416666667,0.5,3.808333333,-853.7076752,-99.91468771
0.008333333333,0.2583333333,0.5,3.891666667,-847.2342033,-86.39272215
0.008333333333,0.275,0.5,3.975,-884.0533171,-70.67243327
0.008333333333,0.2916666667,0.5,4.058333333,-865.4403332,-54.95602846
0.008333333333,0.3083333333,0.5,4.141666667,-824.6545104,-42.37490881
0.008333333333,0.325,0.5,4.225,-817.127946,-36.05007366
0.008333333333,0.3416666667,0.5,4.308333333,-809.6013817,-37.75623696
0.008333333333,0.3583333333,0.5,4.391666667,-802.0748174,-47.03733289
0.008333333333,0.375,0.5,4.475,-794.5482531,-61.44156142
0.008333333333,0.3916666667,0.5,4.558333333,-835.2938797,-77.69228369
0.008333333333,0.4083333333,0.5,4.641666667,-912.5843007,-92.95073879
0.008333333333,0.425,0.5,4.725,-1006.083884,-105.4734802
0.008333333333,0.4416666667,0.5,4.808333333,-1061.100976,-114.5811994
0.008333333333,0.4583333333,0.5,4.891666667,-909.2287107,-120.2683729
0.008333333333,0.475,0.5,4.975,-694.3927777,-122.7895217
0.008333333333,0.4916666667,0.5,5.058333333,-521.5326232,-122.3762565
0.008333333333,0.5083333333,0.5,5.141666667,-664.8353955,-119.0956993
0.008333333333,0.525,0.5,5.225,-768.7713415,-112.8166181
0.008333333333,0.5416666667,0.5,5.308333333,-655.6436433,-103.2696515
0.008333333333,0.5583333333,0.5,5.391666667,-547.5000105,-90.22412051
0.008333333333,0.575,0.5,5.475,-448.2288147,-73.81160652
0.008333333333,0.5916666667,0.5,5.558333333,-391.598674,-54.95682646
0.008333333333,0.6083333333,0.5,5.641666667,-285.424414,-35.70977599
0.008333333333,0.625,0.5,5.725,-116.1256231,-19.11422478
0.008333333333,0.6416666667,0.5,5.808333333,-205.7406592,-8.352190339
0.008333333333,0.6583333333,0.5,5.891666667,-45.4826986,-5.416992117
0.008333333333,0.675,0.5,5.975,35.77573138,-10.12669002
0.008333333333,0.6916666667,0.5,6.058333333,184.3630154,-20.21430485
0.008333333333,0.7083333333,0.5,6.141666667,174.0717465,-32.42436693
0.008333333333,0.725,0.5,6.225,179.2442234,-43.8120712
0.008333333333,0.7416666667,0.5,6.308333333,150.3275148,-52.49117618
0.008333333333,0.7583333333,0.5,6.391666667,13.67191806,-57.67304086
0.008333333333,0.775,0.5,6.475,219.274573,-59.2993961
0.008333333333,0.7916666667,0.5,6.558333333,270.4672727,-57.61972215
0.008333333333,0.8083333333,0.5,6.641666667,375.4617117,-52.89032989
0.008333333333,0.825,0.5,6.725,369.3222588,-45.21769449
0.008333333333,0.8416666667,0.5,6.808333333,335.9944844,-34.5132853
0.008333333333,0.8583333333,0.5,6.891666667,302.6667101,-20.54208771
0.008333333333,0.875,0.5,6.975,292.5073099,-3.083521217
0.008333333333,0.8916666667,0.5,7.058333333,286.5394539,17.76287081
0.008333333333,0.9083333333,0.5,7.141666667,250.6994477,41.1525246
0.008333333333,0.925,0.5,7.225,214.8594415,65.13426179
0.008333333333,0.9416666667,0.5,7.308333333,179.0194353,86.70593491
0.008333333333,0.9583333333,0.5,7.391666667,143.1794291,102.5827685
0.008333333333,0.975,0.5,7.475,107.3394229,110.5032012
0.008333333333,0.9916666667,0.5,7.558333333,71.49941675,110.3064204
0.025,0.008333333333,1.5,2.641666667,-401.7545836,-9.16747797
0.025,0.025,1.5,2.725,-389.9410095,-11.45467449
0.025,0.04166666667,1.5,2.808333333,-437.594987,-21.62161862
0.025,0.05833333333,1.5,2.891666667,-485.2489644,-37.76279081
0.025,0.075,1.5,2.975,-532.9029419,-56.72171
0.025,0.09166666667,1.5,3.058333333,-580.5569194,-75.42289511
0.025,0.1083333333,1.5,3.141666667,-628.2108969,-91.7608063
0.025,0.125,1.5,3.225,-675.8648744,-104.7624114
0.025,0.1416666667,1.5,3.308333333,-691.6314895,-114.2681662
0.025,0.1583333333,1.5,3.391666667,-707.3981047,-120.4995882
0.025,0.175,1.5,3.475,-723.1647199,-123.7287351
0.025,0.1916666667,1.5,3.558333333,-738.931335,-124.0949461
0.025,0.2083333333,1.5,3.641666667,-754.6979502,-121.5398461
0.025,0.225,1.5,3.725,-770.4645653,-115.8367379
0.025,0.2416666667,1.5,3.808333333,-763.9071289,-106.7263058
0.025,0.2583333333,1.5,3.891666667,-757.4336571,-94.19239178
0.025,0.275,1.5,3.975,-751.0441499,-78.87151634
0.025,0.2916666667,1.5,4.058333333,-743.5175855,-62.45075742
0.025,0.3083333333,1.5,4.141666667,-735.9910212,-47.72488494
0.025,0.325,1.5,4.225,-728.4644569,-37.97458489
0.025,0.3416666667,1.5,4.308333333,-720.9378926,-35.72093911
0.025,0.3583333333,1.5,4.391666667,-713.4113282,-41.52895231
0.025,0.375,1.5,4.475,-705.8847639,-53.71634533
0.025,0.3916666667,1.5,4.558333333,-673.6149809,-69.19494021
0.025,0.4083333333,1.5,4.641666667,-685.9945733,-84.80635109
0.025,0.425,1.5,4.725,-779.4941566,-98.29323424
0.025,0.4416666667,1.5,4.808333333,-834.5112487,-108.5439788
0.025,0.4583333333,1.5,4.891666667,-638.1657145,-115.3112531
0.025,0.475,1.5,4.975,-467.8030503,-118.7779362
0.025,0.4916666667,1.5,5.058333333,-462.408086,-119.2093582
0.025,0.5083333333,1.5,5.141666667,-571.1466626,-116.7533146
0.025,0.525,1.5,5.225,-586.6336056,-111.3627056
0.025,0.5416666667,1.5,5.308333333,-512.3674179,-102.8137319
0.025,0.5583333333,1.5,5.391666667,-484.7545157,-90.82711198
0.025,0.575,1.5,5.475,-427.0772869,-75.32571555
0.025,0.5916666667,1.5,5.558333333,-448.306506,-56.83207953
0.025,0.6083333333,1.5,5.641666667,-356.5307815,-36.88218167
0.025,0.625,1.5,5.725,-281.8909037,-18.14507043
0.025,0.6416666667,1.5,5.808333333,-264.6292527,-3.892372943
0.025,0.6583333333,1.5,5.891666667,-211.9451705,3.196037644
0.025,0.675,1.5,5.975,-181.3310273,2.283884681
0.025,0.6916666667,1.5,6.058333333,-115.9968784,-5.190157067
0.025,0.7083333333,1.5,6.141666667,-65.12460008,-16.23718473
0.025,0.725,1.5,6.225,-29.3819861,-27.64403442
0.025,0.7416666667,1.5,6.308333333,17.60126959,-37.02167993
0.025,0.7583333333,1.5,6.391666667,66.72025893,-43.13575493
0.025,0.775,1.5,6.475,108.6911458,-45.66873876
0.025,0.7916666667,1.5,6.558333333,150.0275364,-44.7879691
0.025,0.8083333333,1.5,6.641666667,225.4530479,-40.78159498
0.025,0.825,1.5,6.725,219.313595,-33.84154112
0.025,0.8416666667,1.5,6.808333333,185.9858206,-23.97344372
0.025,0.8583333333,1.5,6.891666667,175.8264205,-11.00380092
0.025,0.875,1.5,6.975,188.8353945,5.31279695
0.025,0.8916666667,1.5,7.058333333,212.7396887,25.05416107
0.025,0.9083333333,1.5,7.141666667,206.7718326,47.74698928
0.025,0.925,1.5,7.225,170.9318265,71.94233008
0.025,0.9416666667,1.5,7.308333333,135.0918203,95.03978884
0.025,0.9583333333,1.5,7.391666667,99.25181408,113.7281353
0.025,0.975,1.5,7.475,63.4118079,125.1200473
0.025,0.9916666667,1.5,7.558333333,43.74701945,128.0463734
0.04166666667,0.008333333333,2.5,2.641666667,-393.7456405,-19.23107012
0.04166666667,0.025,2.5,2.725,-381.9320664,-16.99360828
0.04166666667,0.04166666667,2.5,2.808333333,-370.1184923,-22.80819174
0.04166666667,0.05833333333,2.5,2.891666667,-417.7724698,-35.78810116
0.04166666667,0.075,2.5,2.975,-465.4264473,-53.22492352
0.04166666667,0.09166666667,2.5,3.058333333,-513.0804247,-71.84970291
0.04166666667,0.1083333333,2.5,3.141666667,-560.7344022,-89.01639829
0.04166666667,0.125,2.5,3.225,-608.3883797,-103.2148659
0.04166666667,0.1416666667,2.5,3.308333333,-624.1549949,-113.9399088
0.04166666667,0.1583333333,2.5,3.391666667,-639.92161,-121.2751057
0.04166666667,0.175,2.5,3.475,-655.6882252,-125.4979493
0.04166666667,0.1916666667,2.5,3.558333333,-671.4548403,-126.8258197
0.04166666667,0.2083333333,2.5,3.641666667,-687.2214555,-125.2976039
0.04166666667,0.225,2.5,3.725,-680.6640191,-120.7577357
0.04166666667,0.2416666667,2.5,3.808333333,-674.1065827,-112.9360745
0.04166666667,0.2583333333,2.5,3.891666667,-667.6331108,-101.6512547
0.04166666667,0.275,2.5,3.975,-661.2436036,-87.16176457
0.04166666667,0.2916666667,2.5,4.058333333,-654.8540964,-70.59998694
0.04166666667,0.3083333333,2.5,4.141666667,-647.3275321,-54.24573396
0.04166666667,0.325,2.5,4.225,-639.8009677,-41.26523736
0.04166666667,0.3416666667,2.5,4.308333333,-609.99058,-34.72455217
0.04166666667,0.3583333333,2.5,4.391666667,-624.7478391,-36.25475207
0.04166666667,0.375,2.5,4.475,-617.2212748,-45.23248819
0.04166666667,0.3916666667,2.5,4.558333333,-572.7946199,-59.09880499
0.04166666667,0.4083333333,2.5,4.641666667,-528.3679651,-74.56751271
0.04166666667,0.425,2.5,4.725,-552.9044293,-88.86162556
0.04166666667,0.4416666667,2.5,4.808333333,-577.4408935,-100.3174921
0.04166666667,0.4583333333,2.5,4.891666667,-395.0880005,-108.3151644
0.04166666667,0.475,2.5,4.975,-374.2607486,-112.8771247
0.04166666667,0.4916666667,2.5,5.058333333,-384.2980717,-114.2610227
0.04166666667,0.5083333333,2.5,5.141666667,-389.3440611,-112.6875113
0.04166666667,0.525,2.5,5.225,-400.2609431,-108.20749
0.04166666667,0.5416666667,2.5,5.308333333,-397.4676418,-100.6749975
0.04166666667,0.5583333333,2.5,5.391666667,-395.4185372,-89.81468563
0.04166666667,0.575,2.5,5.475,-346.183903,-75.40840439
0.04166666667,0.5916666667,2.5,5.558333333,-301.5193299,-57.62924933
0.04166666667,0.6083333333,2.5,5.641666667,-295.7252086,-37.47470714
0.04166666667,0.625,2.5,5.725,-252.7873255,-17.07899395
0.04166666667,0.6416666667,2.5,5.808333333,-236.5701549,0.4649756892
0.04166666667,0.6583333333,2.5,5.891666667,-220.3529843,12.01068764
0.04166666667,0.675,2.5,5.975,-166.5916842,15.6915775
0.04166666667,0.6916666667,2.5,6.058333333,-142.7031054,11.84890344
0.04166666667,0.7083333333,2.5,6.141666667,-171.7014724,2.856138887
0.04166666667,0.725,2.5,6.225,-142.7534812,-8.023006517
0.04166666667,0.7416666667,2.5,6.308333333,-66.88548696,-17.9139873
0.04166666667,0.7583333333,2.5,6.391666667,-38.72257176,-25.02668518
0.04166666667,0.775,2.5,6.475,-12.04188595,-28.65284719
0.04166666667,0.7916666667,2.5,6.558333333,0.01887257103,-28.78482059
0.04166666667,0.8083333333,2.5,6.641666667,75.44438411,-25.69796412
0.04166666667,0.825,2.5,6.725,69.30493121,-19.66030296
0.04166666667,0.8416666667,2.5,6.808333333,59.14553104,-10.78476482
0.04166666667,0.8583333333,2.5,6.891666667,72.15450508,1.009421759
0.04166666667,0.875,2.5,6.975,85.16347911,15.94156221
0.04166666667,0.8916666667,2.5,7.058333333,109.0677733,34.19959868
0.04166666667,0.9083333333,2.5,7.141666667,132.9720674,55.62426434
0.04166666667,0.925,2.5,7.225,127.0042114,79.28081427
0.04166666667,0.9416666667,2.5,7.308333333,91.16420523,103.1145923
0.04166666667,0.9583333333,2.5,7.391666667,55.32419904,124.0512491
0.04166666667,0.975,2.5,7.475,35.6594106,138.8173115
0.04166666667,0.9916666667,2.5,7.558333333,15.99462216,145.2607435
0.05833333333,0.008333333333,3.5,2.641666667,-385.7366974,-31.1198677
0.05833333333,0.025,3.5,2.725,-373.9231233,-24.33440166
0.05833333333,0.04166666667,3.5,2.808333333,-362.1095492,-25.13213795
0.05833333333,0.05833333333,3.5,2.891666667,-350.2959751,-33.88129439
0.05833333333,0.075,3.5,2.975,-397.9499526,-48.73622267
0.05833333333,0.09166666667,3.5,3.058333333,-445.6039301,-66.55801876
0.05833333333,0.1083333333,3.5,3.141666667,-493.2579076,-84.24882894
0.05833333333,0.125,3.5,3.225,-540.911885,-99.66321499
0.05833333333,0.1416666667,3.5,3.308333333,-556.6785002,-111.7922574
0.05833333333,0.1583333333,3.5,3.391666667,-572.4451154,-120.4540092
0.05833333333,0.175,3.5,3.475,-588.2117305,-125.8603359
0.05833333333,0.1916666667,3.5,3.558333333,-603.9783457,-128.2817586
0.05833333333,0.2083333333,3.5,3.641666667,-597.4209093,-127.8598005
0.05833333333,0.225,3.5,3.725,-590.8634728,-124.5387417
0.05833333333,0.2416666667,3.5,3.808333333,-584.3060364,-118.0920109
0.05833333333,0.2583333333,3.5,3.891666667,-577.8325646,-108.2539649
0.05833333333,0.275,3.5,3.975,-571.4430573,-94.99080619
0.05833333333,0.2916666667,3.5,4.058333333,-565.0535501,-78.90706839
0.05833333333,0.3083333333,3.5,4.141666667,-558.6640429,-61.64818098
0.05833333333,0.325,3.5,4.225,-528.8536551,-45.97477084
0.05833333333,0.3416666667,3.5,4.308333333,-476.7594439,-35.16517247
0.05833333333,0.3583333333,3.5,4.391666667,-502.6586148,-31.78252775
0.05833333333,0.375,3.5,4.475,-528.5577856,-36.462156
0.05833333333,0.3916666667,3.5,4.558333333,-484.1311307,-47.58252574
0.05833333333,0.4083333333,3.5,4.641666667,-439.7044759,-62.07646418
0.05833333333,0.425,3.5,4.725,-395.277821,-76.76555735
0.05833333333,0.4416666667,3.5,4.808333333,-350.8511662,-89.35248466
0.05833333333,0.4583333333,3.5,4.891666667,-760.6090053,-98.68822641
0.05833333333,0.475,3.5,4.975,-859.0022418,-104.5016311
0.05833333333,0.4916666667,3.5,5.058333333,-438.4544739,-106.9655254
0.05833333333,0.5083333333,3.5,5.141666667,-335.1422013,-106.3445281
0.05833333333,0.525,3.5,5.225,-332.3489001,-102.7905854
0.05833333333,0.5416666667,3.5,5.308333333,-329.5555988,-96.26231174
0.05833333333,0.5583333333,3.5,5.391666667,-326.7622976,-86.54030288
0.05833333333,0.575,3.5,5.475,-297.8262343,-73.34467135
0.05833333333,0.5916666667,3.5,5.558333333,-273.4602321,-56.58795892
0.05833333333,0.6083333333,3.5,5.641666667,-249.09423,-36.76924197
0.05833333333,0.625,3.5,5.725,-224.7282278,-15.39141968
0.05833333333,0.6416666667,3.5,5.808333333,-208.5110572,4.903386509
0.05833333333,0.6583333333,3.5,5.891666667,-192.2938865,20.84000069
0.05833333333,0.675,3.5,5.975,-176.0767159,29.68921279
0.05833333333,0.6916666667,3.5,6.058333333,-159.8595453,30.53197996
0.05833333333,0.7083333333,3.5,6.141666667,-154.9365716,24.72727152
0.05833333333,0.725,3.5,6.225,-125.1079352,15.22003324
0.05833333333,0.7416666667,3.5,6.308333333,-131.4982337,5.220231037
0.05833333333,0.7583333333,3.5,6.391666667,-110.7465553,-2.864917309
0.05833333333,0.775,3.5,6.475,-98.68579674,-7.784651722
0.05833333333,0.7916666667,3.5,6.558333333,-86.62503821,-9.219244769
0.05833333333,0.8083333333,3.5,6.641666667,-74.56427969,-7.348912336
0.05833333333,0.825,3.5,6.725,-57.53535838,-2.485227809
0.05833333333,0.8416666667,3.5,6.808333333,-44.52638434,5.150951661
0.05833333333,0.8583333333,3.5,6.891666667,-31.51741031,15.52349436
0.05833333333,0.875,3.5,6.975,-18.50843627,28.77730474
0.05833333333,0.8916666667,3.5,7.058333333,5.395857885,45.13529545
0.05833333333,0.9083333333,3.5,7.141666667,29.30015204,64.66425413
0.05833333333,0.925,3.5,7.225,53.2044462,86.89589894
0.05833333333,0.9416666667,3.5,7.308333333,47.23659019,110.4007991
0.05833333333,0.9583333333,3.5,7.391666667,27.57180175,132.5991385
0.05833333333,0.975,3.5,7.475,7.907013303,150.1780775
0.05833333333,0.9916666667,3.5,7.558333333,-11.75777514,160.2095666
0.075,0.008333333333,4.5,2.641666667,-377.7277542,-44.65474188
0.075,0.025,4.5,2.725,-365.9141802,-33.77470364
0.075,0.04166666667,4.5,2.808333333,-354.1006061,-29.26368415
0.075,0.05833333333,4.5,2.891666667,-342.287032,-32.79075806
0.075,0.075,4.5,2.975,-330.4734579,-43.77503175
0.075,0.09166666667,4.5,3.058333333,-378.1274354,-59.68749639
0.075,0.1083333333,4.5,3.141666667,-425.7814129,-77.2521222
0.075,0.125,4.5,3.225,-473.4353904,-93.68787479
0.075,0.1416666667,4.5,3.308333333,-489.2020055,-107.3236328
0.075,0.1583333333,4.5,3.391666667,-504.9686207,-117.5361604
0.075,0.175,4.5,3.475,-520.7352359,-124.3508548
0.075,0.1916666667,4.5,3.558333333,-514.1777994,-128.0330485
0.075,0.2083333333,4.5,3.641666667,-507.620363,-128.8135824
0.075,0.225,4.5,3.725,-501.0629266,-126.7541899
0.075,0.2416666667,4.5,3.808333333,-494.5054901,-121.7189261
0.075,0.2583333333,4.5,3.891666667,-488.0320183,-113.4400456
0.075,0.275,4.5,3.975,-481.6425111,-101.7024595
0.075,0.2916666667,4.5,4.058333333,-475.2530039,-86.67552417
0.075,0.3083333333,4.5,4.141666667,-468.8634966,-69.34564627
0.075,0.325,4.5,4.225,-462.4739894,-51.83261693
0.075,0.3416666667,4.5,4.308333333,-410.3797782,-37.22094074
0.075,0.3583333333,4.5,4.391666667,-436.278949,-28.66447038
0.075,0.375,4.5,4.475,-439.8942964,-28.05360154
0.075,0.3916666667,4.5,4.558333333,-395.4676416,-35.07491882
0.075,0.4083333333,4.5,4.641666667,-351.0409867,-47.3692654
0.075,0.425,4.5,4.725,-306.6143319,-61.66461346
0.075,0.4416666667,4.5,4.808333333,-301.2193675,-75.05955073
0.075,0.4583333333,4.5,4.891666667,-503.4008049,-85.7290483
0.075,0.475,4.5,4.975,-601.7940414,-92.93000049
0.075,0.4916666667,4.5,5.058333333,-285.0344744,-96.62249963
0.075,0.5083333333,4.5,5.141666667,-280.9403416,-97.05104728
0.075,0.525,4.5,5.225,-278.1470403,-94.45201195
0.075,0.5416666667,4.5,5.308333333,-275.3537391,-88.90410428
0.075,0.5583333333,4.5,5.391666667,-257.0798188,-80.28857073
0.075,0.575,4.5,5.475,-269.7671366,-68.34322569
0.075,0.5916666667,4.5,5.558333333,-245.4011344,-52.8308486
0.075,0.6083333333,4.5,5.641666667,-221.0351322,-33.85343639
0.075,0.625,4.5,5.725,-196.66913,-12.28045119
0.075,0.6416666667,4.5,5.808333333,-180.4519594,9.902393562
0.075,0.6583333333,4.5,5.891666667,-164.2347888,29.68333137
0.075,0.675,4.5,5.975,-148.0176182,43.83363254
0.075,0.6916666667,4.5,6.058333333,-143.0946445,50.22446697
0.075,0.7083333333,4.5,6.141666667,-138.1716708,48.86306882
0.075,0.725,4.5,6.225,-133.2486971,41.88034656
0.075,0.7416666667,4.5,6.308333333,-128.3257234,32.47943816
0.075,0.7583333333,4.5,6.391666667,-119.8338573,23.62215624
0.075,0.775,4.5,6.475,-107.7730988,17.23401258
0.075,0.7916666667,4.5,6.558333333,-95.7123403,14.12617381
0.075,0.8083333333,4.5,6.641666667,-93.39038048,14.348782
0.075,0.825,4.5,6.725,-98.34637418,17.6180286
0.075,0.8416666667,4.5,6.808333333,-85.33740015,23.62743214
0.075,0.8583333333,4.5,6.891666667,-72.32842611,32.21374276
0.075,0.875,4.5,6.975,-32.56390114,43.40931232
0.075,0.8916666667,4.5,7.058333333,-8.659606983,57.40082056
0.075,0.9083333333,4.5,7.141666667,15.24468718,74.37778389
0.075,0.925,4.5,7.225,39.14898133,94.23770477
0.075,0.9416666667,4.5,7.308333333,19.48419289,116.1666257
0.075,0.9583333333,4.5,7.391666667,-0.1805955512,138.2651861
0.075,0.975,4.5,7.475,-19.84538399,157.5668002
0.075,0.9916666667,4.5,7.558333333,-39.51017244,170.7593164
0.09166666667,0.008333333333,5.5,2.641666667,-369.7188111,-59.32539802
0.09166666667,0.025,5.5,2.725,-357.9052371,-45.31058377
0.09166666667,0.04166666667,5.5,2.808333333,-346.091663,-35.77333343
0.09166666667,0.05833333333,5.5,2.891666667,-334.2780889,-33.44190143
0.09166666667,0.075,5.5,2.975,-322.4645148,-39.22763893
0.09166666667,0.09166666667,5.5,3.058333333,-310.6509407,-51.76065819
0.09166666667,0.1083333333,5.5,3.141666667,-358.3049182,-68.08503042
0.09166666667,0.125,5.5,3.225,-405.9588957,-84.97998795
0.09166666667,0.1416666667,5.5,3.308333333,-421.7255109,-100.0253415
0.09166666667,0.1583333333,5.5,3.391666667,-437.492126,-111.9524389
0.09166666667,0.175,5.5,3.475,-430.9346896,-120.4171807
0.09166666667,0.1916666667,5.5,3.558333333,-424.3772532,-125.5686693
0.09166666667,0.2083333333,5.5,3.641666667,-417.8198167,-127.6810282
0.09166666667,0.225,5.5,3.725,-411.2623803,-126.9318822
0.09166666667,0.2416666667,5.5,3.808333333,-404.7049439,-123.308889
0.09166666667,0.2583333333,5.5,3.891666667,-398.231472,-116.6140284
0.09166666667,0.275,5.5,3.975,-391.8419648,-106.5674277
0.09166666667,0.2916666667,5.5,4.058333333,-385.4524576,-93.04254502
0.09166666667,0.3083333333,5.5,4.141666667,-379.0629504,-76.44620974
0.09166666667,0.325,5.5,4.225,-372.6734432,-58.14528077
0.09166666667,0.3416666667,5.5,4.308333333,-366.2839359,-40.65531531
0.09166666667,0.3583333333,5.5,4.391666667,-358.7573716,-27.22168507
0.09166666667,0.375,5.5,4.475,-351.2308073,-20.70097114
0.09166666667,0.3916666667,5.5,4.558333333,-306.8041524,-22.25957494
0.09166666667,0.4083333333,5.5,4.641666667,-262.3774976,-30.77606894
0.09166666667,0.425,5.5,4.725,-256.9825332,-43.40868943
0.09166666667,0.4416666667,5.5,4.808333333,-251.5875688,-56.88934382
0.09166666667,0.4583333333,5.5,4.891666667,-246.1926044,-68.65767499
0.09166666667,0.475,5.5,4.975,-240.7976401,-77.30099296
0.09166666667,0.4916666667,5.5,5.058333333,-235.4026757,-82.37815872
0.09166666667,0.5083333333,5.5,5.141666667,-231.3085429,-83.99512276
0.09166666667,0.525,5.5,5.225,-228.5152416,-82.42174716
0.09166666667,0.5416666667,5.5,5.308333333,-210.2413214,-77.8527702
0.09166666667,0.5583333333,5.5,5.391666667,-176.4867821,-70.30112182
0.09166666667,0.575,5.5,5.475,-189.1740999,-59.59138572
0.09166666667,0.5916666667,5.5,5.558333333,-217.3420366,-45.45055111
0.09166666667,0.6083333333,5.5,5.641666667,-192.9760344,-27.72580525
0.09166666667,0.625,5.5,5.725,-168.6100323,-6.749353439
0.09166666667,0.6416666667,5.5,5.808333333,-152.3928616,16.22893064
0.09166666667,0.6583333333,5.5,5.891666667,-136.175691,38.80328964
0.09166666667,0.675,5.5,5.975,-131.2527173,57.74247472
0.09166666667,0.6916666667,5.5,6.058333333,-126.3297437,70.03799342
0.09166666667,0.7083333333,5.5,6.141666667,-121.40677,74.2294774
0.09166666667,0.725,5.5,6.225,-116.4837963,71.1282953
0.09166666667,0.7416666667,5.5,6.308333333,-111.5608226,63.38510198
0.09166666667,0.7583333333,5.5,6.391666667,-103.0689565,54.23753837
0.09166666667,0.775,5.5,6.475,-91.00819801,46.31617748
0.09166666667,0.7916666667,5.5,6.558333333,-88.68623819,41.11465633
0.09166666667,0.8083333333,5.5,6.641666667,-96.10307709,39.10989601
0.09166666667,0.825,5.5,6.725,-101.0590708,40.17634759
0.09166666667,0.8416666667,5.5,6.808333333,-105.1947828,43.98397312
0.09166666667,0.8583333333,5.5,6.891666667,-65.43025779,50.25644973
0.09166666667,0.875,5.5,6.975,-16.74721584,58.8931012
0.09166666667,0.8916666667,5.5,7.058333333,7.157078321,69.98792851
0.09166666667,0.9083333333,5.5,7.141666667,31.06137248,83.75315392
0.09166666667,0.925,5.5,7.225,11.39658404,100.3201665
0.09166666667,0.9416666667,5.5,7.308333333,-8.268204406,119.3927125
0.09166666667,0.9583333333,5.5,7.391666667,-27.93299285,139.8138626
0.09166666667,0.975,5.5,7.475,-47.59778129,159.2857778
0.09166666667,0.9916666667,5.5,7.558333333,-67.26256973,174.6157901
0.1083333333,0.008333333333,6.5,2.641666667,-361.709868,-74.27380491
0.1083333333,0.025,6.5,2.725,-349.896294,-58.47723242
0.1083333333,0.04166666667,6.5,2.808333333,-338.0827199,-44.86565387
0.1083333333,0.05833333333,6.5,2.891666667,-326.2691458,-36.69603387
0.1083333333,0.075,6.5,2.975,-314.4555717,-36.25580583
0.1083333333,0.09166666667,6.5,3.058333333,-302.6419976,-43.75646776
0.1083333333,0.1083333333,6.5,3.141666667,-290.8284235,-57.22525383
0.1083333333,0.125,6.5,3.225,-338.482401,-73.47967476
0.1083333333,0.1416666667,6.5,3.308333333,-354.2490162,-89.45645858
0.1083333333,0.1583333333,6.5,3.391666667,-347.6915798,-103.0780012
0.1083333333,0.175,6.5,3.475,-341.1341433,-113.3938874
0.1083333333,0.1916666667,6.5,3.558333333,-334.5767069,-120.2529746
0.1083333333,0.2083333333,6.5,3.641666667,-328.0192705,-123.8720722
0.1083333333,0.225,6.5,3.725,-321.461834,-124.5102226
0.1083333333,0.2416666667,6.5,3.808333333,-314.9043976,-122.2899148
0.1083333333,0.2583333333,6.5,3.891666667,-308.4309258,-117.1354168
0.1083333333,0.275,6.5,3.975,-302.0414186,-108.80528
0.1083333333,0.2916666667,6.5,4.058333333,-295.6519113,-97.03210275
0.1083333333,0.3083333333,6.5,4.141666667,-289.2624041,-81.80326689
0.1083333333,0.325,6.5,4.225,-282.8728969,-63.77345
0.1083333333,0.3416666667,6.5,4.308333333,-276.4833897,-44.65757542
0.1083333333,0.3583333333,6.5,4.391666667,-270.0938824,-27.27051207
0.1083333333,0.375,6.5,4.475,-262.5673181,-14.8811843
0.1083333333,0.3916666667,6.5,4.558333333,-218.1406633,-9.955333667
0.1083333333,0.4083333333,6.5,4.641666667,-212.7456989,-12.97636238
0.1083333333,0.425,6.5,4.725,-207.3507345,-22.19241859
0.1083333333,0.4416666667,6.5,4.808333333,-201.9557701,-34.48745938
0.1083333333,0.4583333333,6.5,4.891666667,-196.5608058,-46.71752917
0.1083333333,0.475,6.5,4.975,-191.1658414,-56.6608371
0.1083333333,0.4916666667,6.5,5.058333333,-185.770877,-63.24049799
0.1083333333,0.5083333333,6.5,5.141666667,-181.6767442,-66.23281593
0.1083333333,0.525,6.5,5.225,-178.8834429,-65.83364933
0.1083333333,0.5416666667,6.5,5.308333333,-176.0901417,-62.31550685
0.1083333333,0.5583333333,6.5,5.391666667,-150.0759119,-55.83239213
0.1083333333,0.575,6.5,5.475,-162.7632297,-46.34609136
0.1083333333,0.5916666667,6.5,5.558333333,-167.7102379,-33.64762917
0.1083333333,0.6083333333,6.5,5.641666667,-124.3669384,-17.4825489
0.1083333333,0.625,6.5,5.725,-140.5509345,2.186419489
0.1083333333,0.6416666667,6.5,5.808333333,-124.3337639,24.77831148
0.1083333333,0.6583333333,6.5,5.891666667,-119.4107902,48.6838375
0.1083333333,0.675,6.5,5.975,-114.4878165,71.16186055
0.1083333333,0.6916666667,6.5,6.058333333,-109.5648429,88.89430292
0.1083333333,0.7083333333,6.5,6.141666667,-104.6418692,99.19530591
0.1083333333,0.725,6.5,6.225,-99.7188955,101.2500423
0.1083333333,0.7416666667,6.5,6.308333333,-94.79592182,96.50968672
0.1083333333,0.7583333333,6.5,6.391666667,-86.30405572,87.93531104
0.1083333333,0.775,6.5,6.475,-113.8289112,78.66875024
0.1083333333,0.7916666667,6.5,6.558333333,-89.32419929,71.00507854
0.1083333333,0.8083333333,6.5,6.641666667,-64.72997821,66.08629588
0.1083333333,0.825,6.5,6.725,-69.68597191,64.15249515
0.1083333333,0.8416666667,6.5,6.808333333,-61.67433101,64.97600428
0.1083333333,0.8583333333,6.5,6.891666667,-49.61357248,68.22247678
0.1083333333,0.875,6.5,6.975,-0.9305305334,73.66465989
0.1083333333,0.8916666667,6.5,7.058333333,22.97376363,81.27033427
0.1083333333,0.9083333333,6.5,7.141666667,3.308975183,91.19348037
0.1083333333,0.925,6.5,7.225,-16.35581326,103.6645309
0.1083333333,0.9416666667,6.5,7.308333333,-36.0206017,118.7470777
0.1083333333,0.9583333333,6.5,7.391666667,-55.68539015,135.9513172
0.1083333333,0.975,6.5,7.475,-75.35017859,153.812568
0.1083333333,0.9916666667,6.5,7.558333333,-95.01496703,169.7302498
0.125,0.008333333333,7.5,2.641666667,-353.7009249,-88.3739409
0.125,0.025,7.5,2.725,-341.8873508,-72.28987173
0.125,0.04166666667,7.5,2.808333333,-330.0737768,-56.12208735
0.125,0.05833333333,7.5,2.891666667,-318.2602027,-42.98009324
0.125,0.075,7.5,2.975,-306.4466286,-36.00491158
0.125,0.09166666667,7.5,3.058333333,-294.6330545,-37.03432166
0.125,0.1083333333,7.5,3.141666667,-282.8194804,-45.68871726
0.125,0.125,7.5,3.225,-271.0059064,-59.56593012
0.125,0.1416666667,7.5,3.308333333,-264.4484699,-75.39266959
0.125,0.1583333333,7.5,3.391666667,-257.8910335,-90.29846587
0.125,0.175,7.5,3.475,-251.3335971,-102.4983991
0.125,0.1916666667,7.5,3.558333333,-244.7761606,-111.2809011
0.125,0.2083333333,7.5,3.641666667,-238.2187242,-116.6232475
0.125,0.225,7.5,3.725,-231.6612878,-118.7750337
0.125,0.2416666667,7.5,3.808333333,-225.1038514,-117.9701333
0.125,0.2583333333,7.5,3.891666667,-218.6303795,-114.2809093
0.125,0.275,7.5,3.975,-212.2408723,-107.5811722
0.125,0.2916666667,7.5,4.058333333,-205.8513651,-97.6030722
0.125,0.3083333333,7.5,4.141666667,-199.4618579,-84.10940887
0.125,0.325,7.5,4.225,-193.0723506,-67.21226393
0.125,0.3416666667,7.5,4.308333333,-186.6828434,-47.80253034
0.125,0.3583333333,7.5,4.391666667,-180.2933362,-27.89089887
0.125,0.375,7.5,4.475,-173.903829,-10.49807797
0.125,0.3916666667,7.5,4.558333333,-168.5088646,1.176583197
0.125,0.4083333333,7.5,4.641666667,-163.1139002,5.07722736
0.125,0.425,7.5,4.725,-157.7189358,1.304432314
0.125,0.4416666667,7.5,4.808333333,-152.3239715,-7.934338464
0.125,0.4583333333,7.5,4.891666667,-146.9290071,-19.39820323
0.125,0.475,7.5,4.975,-141.5340427,-30.12008982
0.125,0.4916666667,7.5,5.058333333,-136.1390783,-38.17950772
0.125,0.5083333333,7.5,5.141666667,-132.0449455,-42.76202118
0.125,0.525,7.5,5.225,-129.2516443,-43.79934539
0.125,0.5416666667,7.5,5.308333333,-126.458343,-41.54458435
0.125,0.5583333333,7.5,5.391666667,-123.6650418,-36.26620558
0.125,0.575,7.5,5.475,-120.8717405,-28.08691645
0.125,0.5916666667,7.5,5.558333333,-118.0784393,-16.9351209
0.125,0.6083333333,7.5,5.641666667,-130.8830451,-2.590038392
0.125,0.625,7.5,5.725,-112.4918368,15.16192718
0.125,0.6416666667,7.5,5.808333333,-107.5688631,36.22676949
0.125,0.6583333333,7.5,5.891666667,-102.6458894,59.78037786
0.125,0.675,7.5,5.975,-97.72291572,83.89996244
0.125,0.6916666667,7.5,6.058333333,-92.79994204,105.5996447
0.125,0.7083333333,7.5,6.141666667,-87.87696836,121.5742442
0.125,0.725,7.5,6.225,-82.95399468,129.4972588
0.125,0.7416666667,7.5,6.308333333,-78.031021,129.121687
0.125,0.7583333333,7.5,6.391666667,-109.1247689,122.3777526
0.125,0.775,7.5,6.475,-176.2352385,112.3916395
0.125,0.7916666667,7.5,6.558333333,-144.381673,102.158642
0.125,0.8083333333,7.5,6.641666667,-53.14968635,93.68445234
0.125,0.825,7.5,6.725,-21.2961208,87.85087897
0.125,0.8416666667,7.5,6.808333333,-9.235362278,84.74742337
0.125,0.8583333333,7.5,6.891666667,2.825396247,84.10333766
0.125,0.875,7.5,6.975,14.88615477,85.61297477
0.125,0.8916666667,7.5,7.058333333,-4.778633672,89.1142272
0.125,0.9083333333,7.5,7.141666667,-24.44342211,94.65006628
0.125,0.925,7.5,7.225,-44.10821056,102.4358224
0.125,0.9416666667,7.5,7.308333333,-63.772999,112.7187623
0.125,0.9583333333,7.5,7.391666667,-83.43778744,125.496262
0.125,0.975,7.5,7.475,-103.1025759,140.1026254
0.125,0.9916666667,7.5,7.558333333,-122.7673643,154.8176466
0.1416666667,0.008333333333,8.5,2.641666667,-319.2142823,-100.38434
0.1416666667,0.025,8.5,2.725,-307.4007082,-85.33604106
0.1416666667,0.04166666667,8.5,2.808333333,-295.5871341,-68.38063109
0.1416666667,0.05833333333,8.5,2.891666667,-283.77356,-51.90350436
0.1416666667,0.075,8.5,2.975,-271.959986,-39.11293041
0.1416666667,0.09166666667,8.5,3.058333333,-260.1464119,-32.99340943
0.1416666667,0.1083333333,8.5,3.141666667,-248.3328378,-34.9797157
0.1416666667,0.125,8.5,3.225,-232.8707731,-44.23016855
0.1416666667,0.1416666667,8.5,3.308333333,-234.0900372,-58.05565043
0.1416666667,0.1583333333,8.5,3.391666667,-227.5326008,-73.17080085
0.1416666667,0.175,8.5,3.475,-220.9751643,-86.88968013
0.1416666667,0.1916666667,8.5,3.558333333,-214.4177279,-97.65825059
0.1416666667,0.2083333333,8.5,3.641666667,-207.8602915,-104.9361236
0.1416666667,0.225,8.5,3.725,-201.302855,-108.7832724
0.1416666667,0.2416666667,8.5,3.808333333,-194.7454186,-109.4624925
0.1416666667,0.2583333333,8.5,3.891666667,-188.2719468,-107.1816438
0.1416666667,0.275,8.5,3.975,-181.8824396,-101.9723859
0.1416666667,0.2916666667,8.5,4.058333333,-175.4929323,-93.67199895
0.1416666667,0.3083333333,8.5,4.141666667,-169.1034251,-82.0007432
0.1416666667,0.325,8.5,4.225,-162.7139179,-66.76177158
0.1416666667,0.3416666667,8.5,4.308333333,-156.3244107,-48.18883261
0.1416666667,0.3583333333,8.5,4.391666667,-149.9349035,-27.38062162
0.1416666667,0.375,8.5,4.475,-149.1625849,-6.583305946
0.1416666667,0.3916666667,8.5,4.558333333,-146.9802722,11.05224598
0.1416666667,0.4083333333,8.5,4.641666667,-141.5853078,22.43985768
0.1416666667,0.425,8.5,4.725,-136.1903434,25.89344815
0.1416666667,0.4416666667,8.5,4.808333333,-130.795379,21.97020222
0.1416666667,0.4583333333,8.5,4.891666667,-125.4004147,13.18173463
0.1416666667,0.475,8.5,4.975,-120.0054503,2.79846871
0.1416666667,0.4916666667,8.5,5.058333333,-114.6104859,-6.397087953
0.1416666667,0.5083333333,8.5,5.141666667,-103.3246151,-12.7341589
0.1416666667,0.525,8.5,5.225,-126.487698,-15.59806863
0.1416666667,0.5416666667,8.5,5.308333333,-123.6943967,-15.03291613
0.1416666667,0.5583333333,8.5,5.391666667,-118.5839425,-11.33197632
0.1416666667,0.575,8.5,5.475,-65.36642273,-4.761624772
0.1416666667,0.5916666667,8.5,5.558333333,-46.0225101,4.574697148
0.1416666667,0.6083333333,8.5,5.641666667,-148.0739011,16.76625031
0.1416666667,0.625,8.5,5.725,-136.6443244,32.03051759
0.1416666667,0.6416666667,8.5,5.808333333,-114.6100312,50.53067421
0.1416666667,0.6583333333,8.5,5.891666667,-109.6870576,72.0459529
0.1416666667,0.675,8.5,5.975,-104.7640839,95.53997195
0.1416666667,0.6916666667,8.5,6.058333333,-99.8411102,118.8418812
0.1416666667,0.7083333333,8.5,6.141666667,-94.91813652,138.8083545
0.1416666667,0.725,8.5,6.225,-89.99516284,152.2119869
0.1416666667,0.7416666667,8.5,6.308333333,-85.07218916,157.0742267
0.1416666667,0.7583333333,8.5,6.391666667,-76.58032306,153.61639
0.1416666667,0.775,8.5,6.475,-104.1051786,144.1164194
0.1416666667,0.7916666667,8.5,6.558333333,-72.25161303,131.7842966
0.1416666667,0.8083333333,8.5,6.641666667,-40.39804749,119.4763695
0.1416666667,0.825,8.5,6.725,-28.33728896,108.982185
0.1416666667,0.8416666667,8.5,6.808333333,-16.27653044,101.0133264
0.1416666667,0.8583333333,8.5,6.891666667,-4.215771913,95.58084035
0.1416666667,0.875,8.5,6.975,12.8036244,92.41562878
0.1416666667,0.8916666667,8.5,7.058333333,29.82302072,91.26330966
0.1416666667,0.9083333333,8.5,7.141666667,10.15823228,92.03562558
0.1416666667,0.925,8.5,7.225,-9.506556166,94.85159726
0.1416666667,0.9416666667,8.5,7.308333333,-29.17134461,99.98469195
0.1416666667,0.9583333333,8.5,7.391666667,-48.83613305,107.6958448
0.1416666667,0.975,8.5,7.475,-68.50092149,117.9206541
0.1416666667,0.9916666667,8.5,7.558333333,-88.16570994,129.8413294
0.1583333333,0.008333333333,9.5,2.641666667,-284.7276396,-109.1001497
0.1583333333,0.025,9.5,2.725,-272.9140656,-95.9897943
0.1583333333,0.04166666667,9.5,2.808333333,-261.1004915,-79.84305757
0.1583333333,0.05833333333,9.5,2.891666667,-249.2869174,-62.05610025
0.1583333333,0.075,9.5,2.975,-237.4733433,-45.1719939
0.1583333333,0.09166666667,9.5,3.058333333,-225.6597692,-32.44383895
0.1583333333,0.1083333333,9.5,3.141666667,-210.1977046,-26.70294606
0.1583333333,0.125,9.5,3.225,-194.7356399,-29.06394194
0.1583333333,0.1416666667,9.5,3.308333333,-195.954904,-38.35331019
0.1583333333,0.1583333333,9.5,3.391666667,-197.174168,-51.70311472
0.1583333333,0.175,9.5,3.475,-190.6167316,-65.85157476
0.1583333333,0.1916666667,9.5,3.558333333,-184.0592952,-78.26393916
0.1583333333,0.2083333333,9.5,3.641666667,-177.5018587,-87.55437171
0.1583333333,0.225,9.5,3.725,-170.9444223,-93.29912521
0.1583333333,0.2416666667,9.5,3.808333333,-164.3869859,-95.61033593
0.1583333333,0.2583333333,9.5,3.891666667,-157.9135141,-94.75573383
0.1583333333,0.275,9.5,3.975,-151.5240068,-90.92313501
0.1583333333,0.2916666667,9.5,4.058333333,-145.1344996,-84.11644392
0.1583333333,0.3083333333,9.5,4.141666667,-138.7449924,-74.15129202
0.1583333333,0.325,9.5,4.225,-132.3554852,-60.74838752
0.1583333333,0.3416666667,9.5,4.308333333,-125.9659779,-43.75479658
0.1583333333,0.3583333333,9.5,4.391666667,-125.1936594,-23.51195521
0.1583333333,0.375,9.5,4.475,-124.4213408,-1.287505767
0.1583333333,0.3916666667,9.5,4.558333333,-122.2390281,20.49587181
0.1583333333,0.4083333333,9.5,4.641666667,-120.0567154,38.60831352
0.1583333333,0.425,9.5,4.725,-114.661751,50.07558163
0.1583333333,0.4416666667,9.5,4.808333333,-109.2667866,53.50059619
0.1583333333,0.4583333333,9.5,4.891666667,-103.8718222,49.76226567
0.1583333333,0.475,9.5,4.975,-98.47685785,41.5552485
0.1583333333,0.4916666667,9.5,5.058333333,-93.08189347,32.12794225
0.1583333333,0.5083333333,9.5,5.141666667,-69.33364759,24.09954371
0.1583333333,0.525,9.5,5.225,-88.38199948,18.94809887
0.1583333333,0.5416666667,9.5,5.308333333,-114.6945202,17.1421955
0.1583333333,0.5583333333,9.5,5.391666667,-108.8116817,18.55742745
0.1583333333,0.575,9.5,5.475,-55.59416193,22.87135813
0.1583333333,0.5916666667,9.5,5.558333333,13.40158488,29.81772197
0.1583333333,0.6083333333,9.5,5.641666667,-67.38169645,39.30516163
0.1583333333,0.625,9.5,5.725,-160.796812,51.43371079
0.1583333333,0.6416666667,9.5,5.808333333,-138.7625188,66.41553814
0.1583333333,0.6583333333,9.5,5.891666667,-116.7282257,84.3722734
0.1583333333,0.675,9.5,5.975,-111.805252,104.9846956
0.1583333333,0.6916666667,9.5,6.058333333,-106.8822784,127.0597426
0.1583333333,0.7083333333,9.5,6.141666667,-101.9593047,148.2585744
0.1583333333,0.725,9.5,6.225,-97.036331,165.359725
0.1583333333,0.7416666667,9.5,6.308333333,-92.11335732,175.247744
0.1583333333,0.7583333333,9.5,6.391666667,-83.62149122,176.2489413
0.1583333333,0.775,9.5,6.475,-71.5607327,168.9503357
0.1583333333,0.7916666667,9.5,6.558333333,-59.49997417,155.8798856
0.1583333333,0.8083333333,9.5,6.641666667,-47.43921565,140.298038
0.1583333333,0.825,9.5,6.725,-35.37845712,124.9623881
0.1583333333,0.8416666667,9.5,6.808333333,-23.3176986,111.5250016
0.1583333333,0.8583333333,9.5,6.891666667,-6.298302282,100.6029715
0.1583333333,0.875,9.5,6.975,10.72109403,92.17984495
0.1583333333,0.8916666667,9.5,7.058333333,27.74049035,86.01249494
0.1583333333,0.9083333333,9.5,7.141666667,44.75988667,81.90263915
0.1583333333,0.925,9.5,7.225,25.09509822,79.82884184
0.1583333333,0.9416666667,9.5,7.308333333,5.430309782,79.97278101
0.1583333333,0.9583333333,9.5,7.391666667,-14.23447866,82.65082556
0.1583333333,0.975,9.5,7.475,-33.8992671,88.12638126
0.1583333333,0.9916666667,9.5,7.558333333,-53.56405555,96.27473349
0.175,0.008333333333,10.5,2.641666667,-250.240997,-113.4196706
0.175,0.025,10.5,2.725,-238.4274229,-102.635881
0.175,0.04166666667,10.5,2.808333333,-226.6138488,-88.37522596
0.175,0.05833333333,10.5,2.891666667,-214.8002748,-71.1383484
0.175,0.075,10.5,2.975,-202.9867007,-52.42905853
0.175,0.09166666667,10.5,3.058333333,-187.524636,-34.88785039
0.175,0.1083333333,10.5,3.141666667,-172.0625714,-21.78291684
0.175,0.125,10.5,3.225,-156.6005067,-15.82924076
0.175,0.1416666667,10.5,3.308333333,-157.8197708,-17.92544804
0.175,0.1583333333,10.5,3.391666667,-159.0390348,-26.68963571
0.175,0.175,10.5,3.475,-160.2582989,-39.15475055
0.175,0.1916666667,10.5,3.558333333,-153.7008624,-52.089991
0.175,0.2083333333,10.5,3.641666667,-147.143426,-63.0664452
0.175,0.225,10.5,3.725,-140.5859896,-70.80829236
0.175,0.2416666667,10.5,3.808333333,-134.0285532,-74.9660836
0.175,0.2583333333,10.5,3.891666667,-127.5550813,-75.68567671
0.175,0.275,10.5,3.975,-121.1655741,-73.24036084
0.175,0.2916666667,10.5,4.058333333,-114.7760669,-67.80965783
0.175,0.3083333333,10.5,4.141666667,-108.3865597,-59.38618501
0.175,0.325,10.5,4.225,-101.9970524,-47.78027997
0.175,0.3416666667,10.5,4.308333333,-101.2247338,-32.72415793
0.175,0.3583333333,10.5,4.391666667,-100.4524153,-14.10741162
0.175,0.375,10.5,4.475,-99.68009667,7.642656352
0.175,0.3916666667,10.5,4.558333333,-97.49778397,31.13412269
0.175,0.4083333333,10.5,4.641666667,-95.31547126,53.82157518
0.175,0.425,10.5,4.725,-93.13315856,72.42486525
0.175,0.4416666667,10.5,4.808333333,-87.73819418,84.04766598
0.175,0.4583333333,10.5,4.891666667,-82.3432298,87.47891338
0.175,0.475,10.5,4.975,-76.94826543,83.79062212
0.175,0.4916666667,10.5,5.058333333,-71.55330105,75.77068626
0.175,0.5083333333,10.5,5.141666667,2.380169072,66.62930363
0.175,0.525,10.5,5.225,-19.3231063,58.86548847
0.175,0.5416666667,10.5,5.308333333,-75.94605033,53.82786609
0.175,0.5583333333,10.5,5.391666667,-71.60798043,51.89166333
0.175,0.575,10.5,5.475,-18.39046068,52.88418623
0.175,0.5916666667,10.5,5.558333333,-61.27823946,56.46914392
0.175,0.6083333333,10.5,5.641666667,-104.1660182,62.38694213
0.175,0.625,10.5,5.725,-184.9492996,70.56271419
0.175,0.6416666667,10.5,5.808333333,-162.9150064,81.11426502
0.175,0.6583333333,10.5,5.891666667,-140.8807133,94.26275096
0.175,0.675,10.5,5.975,-118.8464202,110.1163069
0.175,0.6916666667,10.5,6.058333333,-113.9234465,128.3065935
0.175,0.7083333333,10.5,6.141666667,-109.0004728,147.5574197
0.175,0.725,10.5,6.225,-104.0774992,165.4476648
0.175,0.7416666667,10.5,6.308333333,-99.15452548,178.742632
0.175,0.7583333333,10.5,6.391666667,-90.66265938,184.4430458
0.175,0.775,10.5,6.475,-78.60190086,181.1109257
0.175,0.7916666667,10.5,6.558333333,-66.54114233,169.5934352
0.175,0.8083333333,10.5,6.641666667,-54.48038381,152.5903811
0.175,0.825,10.5,6.725,-42.41962528,133.4015657
0.175,0.8416666667,10.5,6.808333333,-25.40022897,114.732087
0.175,0.8583333333,10.5,6.891666667,-8.38083265,98.16153567
0.175,0.875,10.5,6.975,8.638563666,84.26300572
0.175,0.8916666667,10.5,7.058333333,25.65795998,73.01588344
0.175,0.9083333333,10.5,7.141666667,42.6773563,64.20215601
0.175,0.925,10.5,7.225,59.69675262,57.66276735
0.175,0.9416666667,10.5,7.308333333,40.03196417,53.41757076
0.175,0.9583333333,10.5,7.391666667,20.36717573,51.68229869
0.175,0.975,10.5,7.475,0.7023872868,52.79001592
0.175,0.9916666667,10.5,7.558333333,-18.96240116,56.9899964
0.1916666667,0.008333333333,11.5,2.641666667,-215.7543544,-112.281323
0.1916666667,0.025,11.5,2.725,-203.9407803,-103.7786768
0.1916666667,0.04166666667,11.5,2.808333333,-192.1272062,-91.8384672
0.1916666667,0.05833333333,11.5,2.891666667,-180.3136321,-76.38993247
0.1916666667,0.075,11.5,2.975,-164.8515675,-57.96914039
0.1916666667,0.09166666667,11.5,3.058333333,-149.3895028,-38.13091014
0.1916666667,0.1083333333,11.5,3.141666667,-133.9274381,-19.56035139
0.1916666667,0.125,11.5,3.225,-118.4653735,-5.530080975
0.1916666667,0.1416666667,11.5,3.308333333,-119.6846375,1.301570119
0.1916666667,0.1583333333,11.5,3.391666667,-120.9039016,0.1357181867
0.1916666667,0.175,11.5,3.475,-122.1231657,-7.55438281
0.1916666667,0.1916666667,11.5,3.558333333,-123.3424297,-18.76439681
0.1916666667,0.2083333333,11.5,3.641666667,-116.7849933,-30.28702713
0.1916666667,0.225,11.5,3.725,-110.2275569,-39.75039462
0.1916666667,0.2416666667,11.5,3.808333333,-103.6701204,-45.93683478
0.1916666667,0.2583333333,11.5,3.891666667,-97.1966486,-48.53888989
0.1916666667,0.275,11.5,3.975,-90.80714138,-47.72686644
0.1916666667,0.2916666667,11.5,4.058333333,-84.41763415,-43.78697923
0.1916666667,0.3083333333,11.5,4.141666667,-78.02812693,-36.90669013
0.1916666667,0.325,11.5,4.225,-77.25580834,-27.08643229
0.1916666667,0.3416666667,11.5,4.308333333,-76.48348975,-14.14829107
0.1916666667,0.3583333333,11.5,4.391666667,-75.71117116,2.154869969
0.1916666667,0.375,11.5,4.475,-74.93885257,21.89743807
0.1916666667,0.3916666667,11.5,4.558333333,-72.75653987,44.59553462
0.1916666667,0.4083333333,11.5,4.641666667,-70.57422717,68.78365781
0.1916666667,0.425,11.5,4.725,-68.39191446,91.84613086
0.1916666667,0.4416666667,11.5,4.808333333,-66.20960176,110.4697867
0.1916666667,0.4583333333,11.5,4.891666667,-60.81463738,121.7872947
0.1916666667,0.475,11.5,4.975,-55.419673,124.6665811
0.1916666667,0.4916666667,11.5,5.058333333,-50.02470862,120.2602614
0.1916666667,0.5083333333,11.5,5.141666667,-34.15157606,111.3904493
0.1916666667,0.525,11.5,5.225,-31.35827481,101.2439245
0.1916666667,0.5416666667,11.5,5.308333333,-40.34397331,92.26386077
0.1916666667,0.5583333333,11.5,5.391666667,-37.55067206,85.74448005
0.1916666667,0.575,11.5,5.475,-57.70916005,82.02804736
0.1916666667,0.5916666667,11.5,5.558333333,-100.5969388,80.9336325
0.1916666667,0.6083333333,11.5,5.641666667,-143.4847176,82.13607705
0.1916666667,0.625,11.5,5.725,-186.3724964,85.39965571
0.1916666667,0.6416666667,11.5,5.808333333,-164.3382033,90.68089902
0.1916666667,0.6583333333,11.5,5.891666667,-142.3039101,98.13211548
0.1916666667,0.675,11.5,5.975,-120.269617,108.0067114
0.1916666667,0.6916666667,11.5,6.058333333,-120.9646147,120.4356831
0.1916666667,0.7083333333,11.5,6.141666667,-116.041641,135.0575279
0.1916666667,0.725,11.5,6.225,-111.1186673,150.5876972
0.1916666667,0.7416666667,11.5,6.308333333,-106.1956936,164.5983013
0.1916666667,0.7583333333,11.5,6.391666667,-97.70382754,173.8811537
0.1916666667,0.775,11.5,6.475,-85.64306902,175.5228092
0.1916666667,0.7916666667,11.5,6.558333333,-73.58231049,168.2221401
0.1916666667,0.8083333333,11.5,6.641666667,-61.52155197,152.9672524
0.1916666667,0.825,11.5,6.725,-44.50215565,132.5510858
0.1916666667,0.8416666667,11.5,6.808333333,-27.48275933,110.3009078
0.1916666667,0.8583333333,11.5,6.891666667,-10.46336302,88.90449352
0.1916666667,0.875,11.5,6.975,6.556033298,69.91272971
0.1916666667,0.8916666667,11.5,7.058333333,23.57542961,53.88009728
0.1916666667,0.9083333333,11.5,7.141666667,40.59482593,40.78195764
0.1916666667,0.925,11.5,7.225,57.61422225,30.40588697
0.1916666667,0.9416666667,11.5,7.308333333,74.63361856,22.60141599
0.1916666667,0.9583333333,11.5,7.391666667,54.96883012,17.39496874
0.1916666667,0.975,11.5,7.475,35.30404168,15.00304869
0.1916666667,0.9916666667,11.5,7.558333333,15.63925323,15.74941658
0.2083333333,0.008333333333,12.5,2.641666667,-181.2677117,-104.4987387
0.2083333333,0.025,12.5,2.725,-169.4541377,-97.99218276
0.2083333333,0.04166666667,12.5,2.808333333,-157.6405636,-88.2847855
0.2083333333,0.05833333333,12.5,2.891666667,-142.1784989,-75.09823207
0.2083333333,0.075,12.5,2.975,-126.7164342,-58.36050435
0.2083333333,0.09166666667,12.5,3.058333333,-111.2543696,-38.60457235
0.2083333333,0.1083333333,12.5,3.141666667,-95.79230492,-17.38118039
0.2083333333,0.125,12.5,3.225,-80.33024025,2.626283499
0.2083333333,0.1416666667,12.5,3.308333333,-81.54950431,18.13959689
0.2083333333,0.1583333333,12.5,3.391666667,-82.76876837,26.48445823
0.2083333333,0.175,12.5,3.475,-83.98803243,26.83821566
0.2083333333,0.1916666667,12.5,3.558333333,-85.20729649,20.64985518
0.2083333333,0.2083333333,12.5,3.641666667,-86.42656055,10.90531624
0.2083333333,0.225,12.5,3.725,-79.86912412,0.8001669345
0.2083333333,0.2416666667,12.5,3.808333333,-73.31168769,-7.302727424
0.2083333333,0.2583333333,12.5,3.891666667,-66.83821587,-12.1965602
0.2083333333,0.275,12.5,3.975,-60.44870865,-13.58889032
0.2083333333,0.2916666667,12.5,4.058333333,-54.05920142,-11.66919422
0.2083333333,0.3083333333,12.5,4.141666667,-53.28688283,-6.745901902
0.2083333333,0.325,12.5,4.225,-52.51456424,0.9695082476
0.2083333333,0.3416666667,12.5,4.308333333,-51.74224565,11.45186495
0.2083333333,0.3583333333,12.5,4.391666667,-50.96992706,24.85466682
0.2083333333,0.375,12.5,4.475,-50.19760847,41.40220452
0.2083333333,0.3916666667,12.5,4.558333333,-48.01529577,61.1491124
0.2083333333,0.4083333333,12.5,4.641666667,-45.83298307,83.59622591
0.2083333333,0.425,12.5,4.725,-43.65067036,107.2673588
0.2083333333,0.4416666667,12.5,4.808333333,-41.46835766,129.5384922
0.2083333333,0.4583333333,12.5,4.891666667,-39.28604496,147.0862834
0.2083333333,0.475,12.5,4.975,-33.89108058,157.028576
0.2083333333,0.4916666667,12.5,5.058333333,-28.4961162,158.2162504
0.2083333333,0.5083333333,12.5,5.141666667,-0.8439838952,151.7901354
0.2083333333,0.525,12.5,5.225,-3.940182518,140.5730046
0.2083333333,0.5416666667,12.5,5.308333333,-18.81538089,127.7664906
0.2083333333,0.5583333333,12.5,5.391666667,-16.24457808,115.8392498
0.2083333333,0.575,12.5,5.475,-13.67377527,106.1167319
0.2083333333,0.5916666667,12.5,5.558333333,-33.83226326,98.97512747
0.2083333333,0.6083333333,12.5,5.641666667,-76.72004204,94.26927966
0.2083333333,0.625,12.5,5.725,-119.6078208,91.71184013
0.2083333333,0.6416666667,12.5,5.808333333,-97.57352769,91.10713061
0.2083333333,0.6583333333,12.5,5.891666667,-75.53923457,92.45382594
0.2083333333,0.675,12.5,5.975,-76.23423224,95.94812109
0.2083333333,0.6916666667,12.5,6.058333333,-99.6585207,101.8887601
0.2083333333,0.7083333333,12.5,6.141666667,-123.0828092,110.4534522
0.2083333333,0.725,12.5,6.225,-118.1598355,121.3286235
0.2083333333,0.7416666667,12.5,6.308333333,-113.2368618,133.2776577
0.2083333333,0.7583333333,12.5,6.391666667,-104.7449957,143.9171692
0.2083333333,0.775,12.5,6.475,-92.68423718,150.0746207
0.2083333333,0.7916666667,12.5,6.558333333,-80.62347865,148.858959
0.2083333333,0.8083333333,12.5,6.641666667,-63.60408234,138.9789092
0.2083333333,0.825,12.5,6.725,-46.58468602,121.4262541
0.2083333333,0.8416666667,12.5,6.808333333,-29.5652897,98.99855671
0.2083333333,0.8583333333,12.5,6.891666667,-12.54589339,75.03102087
0.2083333333,0.875,12.5,6.975,4.47350293,52.21971153
0.2083333333,0.8916666667,12.5,7.058333333,21.49289925,32.11964752
0.2083333333,0.9083333333,12.5,7.141666667,38.51229556,15.28265317
0.2083333333,0.925,12.5,7.225,55.53169188,1.674538769
0.2083333333,0.9416666667,12.5,7.308333333,72.55108819,-8.932257865
0.2083333333,0.9583333333,12.5,7.391666667,89.57048451,-16.70734644
0.2083333333,0.975,12.5,7.475,69.90569607,-21.64605872
0.2083333333,0.9916666667,12.5,7.558333333,50.24090763,-23.55503886
0.225,0.008333333333,13.5,2.641666667,-146.7810691,-88.59546347
0.225,0.025,13.5,2.725,-134.967495,-83.80094104
0.225,0.04166666667,13.5,2.808333333,-119.5054303,-76.00288699
0.225,0.05833333333,13.5,2.891666667,-104.0433657,-64.98928756
0.225,0.075,13.5,2.975,-88.58130102,-50.48618721
0.225,0.09166666667,13.5,3.058333333,-73.11923636,-32.40832059
0.225,0.1083333333,13.5,3.141666667,-57.6571717,-11.25151761
0.225,0.125,13.5,3.225,-42.19510703,11.48839371
0.225,0.1416666667,13.5,3.308333333,-43.41437109,33.17258537
0.225,0.1583333333,13.5,3.391666667,-44.63363515,50.51347925
0.225,0.175,13.5,3.475,-45.85289921,60.74607206
0.225,0.1916666667,13.5,3.558333333,-47.07216327,62.8980027
0.225,0.2083333333,13.5,3.641666667,-48.29142733,58.27542831
0.225,0.225,13.5,3.725,-49.51069139,49.78756825
0.225,0.2416666667,13.5,3.808333333,-42.95325496,40.62885911
0.225,0.2583333333,13.5,3.891666667,-36.47978314,33.20212566
0.225,0.275,13.5,3.975,-30.09027591,28.75371842
0.225,0.2916666667,13.5,4.058333333,-29.31795732,27.59305579
0.225,0.3083333333,13.5,4.141666667,-28.54563873,29.52357168
0.225,0.325,13.5,4.225,-27.77332014,34.21392598
0.225,0.3416666667,13.5,4.308333333,-27.00100155,41.42298218
0.225,0.3583333333,13.5,4.391666667,-26.22868296,51.09616105
0.225,0.375,13.5,4.475,-25.45636438,63.36380323
0.225,0.3916666667,13.5,4.558333333,-23.27405167,78.44048713
0.225,0.4083333333,13.5,4.641666667,-21.09173897,96.39374805
0.225,0.425,13.5,4.725,-18.90942627,116.7675409
0.225,0.4416666667,13.5,4.808333333,-16.72711356,138.1555227
0.225,0.4583333333,13.5,4.891666667,-14.54480086,158.0052348
0.225,0.475,13.5,4.975,-12.36248816,173.0238206
0.225,0.4916666667,13.5,5.058333333,-6.967523778,180.2869353
0.225,0.5083333333,13.5,5.141666667,-4.870832303,178.5458657
0.225,0.525,13.5,5.225,-0.08008971414,168.8466743
0.225,0.5416666667,13.5,5.308333333,2.490713092,153.9845144
0.225,0.5583333333,13.5,5.391666667,5.061515899,137.2158163
0.225,0.575,13.5,5.475,7.632318706,121.1143383
0.225,0.5916666667,13.5,5.558333333,10.20312151,107.1170263
0.225,0.6083333333,13.5,5.641666667,-9.955366474,95.69147062
0.225,0.625,13.5,5.725,-52.84314525,86.75872943
0.225,0.6416666667,13.5,5.808333333,-30.80885213,80.07849147
0.225,0.6583333333,13.5,5.891666667,-31.5038498,75.49052213
0.225,0.675,13.5,5.975,-54.92813826,73.02298397
0.225,0.6916666667,13.5,6.058333333,-78.35242672,72.90010344
0.225,0.7083333333,13.5,6.141666667,-101.7767152,75.45280562
0.225,0.725,13.5,6.225,-125.2010036,80.90298131
0.225,0.7416666667,13.5,6.308333333,-120.27803,89.00051435
0.225,0.7583333333,13.5,6.391666667,-111.7861639,98.58937163
0.225,0.775,13.5,6.475,-99.72540534,107.3613745
0.225,0.7916666667,13.5,6.558333333,-82.70600902,112.172075
0.225,0.8083333333,13.5,6.641666667,-65.6866127,110.0765517
0.225,0.825,13.5,6.725,-48.66721639,99.65679201
0.225,0.8416666667,13.5,6.808333333,-31.64782007,81.76416343
0.225,0.8583333333,13.5,6.891666667,-14.62842375,59.10863985
0.225,0.875,13.5,6.975,2.390972562,35.01402312
0.225,0.8916666667,13.5,7.058333333,19.41036888,12.21467062
0.225,0.9083333333,13.5,7.141666667,36.42976519,-7.689327977
0.225,0.925,13.5,7.225,53.44916151,-24.12193863
0.225,0.9416666667,13.5,7.308333333,70.46855783,-37.11959079
0.225,0.9583333333,13.5,7.391666667,87.48795414,-46.93164249
0.225,0.975,13.5,7.475,104.5073505,-53.75982935
0.225,0.9916666667,13.5,7.558333333,84.84256202,-57.63465561
0.2416666667,0.008333333333,14.5,2.641666667,-112.2944265,-62.81823546
0.2416666667,0.025,14.5,2.725,-96.83236179,-59.70727245
0.2416666667,0.04166666667,14.5,2.808333333,-81.37029713,-53.62003348
0.2416666667,0.05833333333,14.5,2.891666667,-65.90823246,-44.55796617
0.2416666667,0.075,14.5,2.975,-50.4461678,-32.34067724
0.2416666667,0.09166666667,14.5,3.058333333,-34.98410314,-16.70915366
0.2416666667,0.1083333333,14.5,3.141666667,-19.52203848,2.43998052
0.2416666667,0.125,14.5,3.225,-4.059973813,24.67521426
0.2416666667,0.1416666667,14.5,3.308333333,-5.279237873,48.60286858
0.2416666667,0.1583333333,14.5,3.391666667,-6.498501932,71.67497272
0.2416666667,0.175,14.5,3.475,-7.717765992,90.60234658
0.2416666667,0.1916666667,14.5,3.558333333,-8.937030052,102.4690032
0.2416666667,0.2083333333,14.5,3.641666667,-10.15629411,106.0358633
0.2416666667,0.225,14.5,3.725,-11.37555817,102.3473769
0.2416666667,0.2416666667,14.5,3.808333333,-12.59482223,94.17328921
0.2416666667,0.2583333333,14.5,3.891666667,-6.121350405,84.71766292
0.2416666667,0.275,14.5,3.975,-5.349031815,76.48146495
0.2416666667,0.2916666667,14.5,4.058333333,-4.576713226,70.81774806
0.2416666667,0.3083333333,14.5,4.141666667,-3.804394636,68.10536969
0.2416666667,0.325,14.5,4.225,-3.032076046,68.17411069
0.2416666667,0.3416666667,14.5,4.308333333,-2.259757456,70.6901342
0.2416666667,0.3583333333,14.5,4.391666667,-1.487438866,75.39757802
0.2416666667,0.375,14.5,4.475,-0.7151202767,82.22754111
0.2416666667,0.3916666667,14.5,4.558333333,1.467192426,91.30673396
0.2416666667,0.4083333333,14.5,4.641666667,3.64950513,102.8689156
0.2416666667,0.425,14.5,4.725,5.831817833,117.0394861
0.2416666667,0.4416666667,14.5,4.808333333,8.014130536,133.4728311
0.2416666667,0.4583333333,14.5,4.891666667,10.19644324,150.9203786
0.2416666667,0.475,14.5,4.975,12.37875594,166.9900966
0.2416666667,0.4916666667,14.5,5.058333333,14.56106865,178.4716914
0.2416666667,0.5083333333,14.5,5.141666667,18.65520146,182.3802736
0.2416666667,0.525,14.5,5.225,21.22600427,177.282832
0.2416666667,0.5416666667,14.5,5.308333333,23.79680707,164.0295757
0.2416666667,0.5583333333,14.5,5.391666667,26.36760988,145.3300426
0.2416666667,0.575,14.5,5.475,28.93841269,124.5032406
0.2416666667,0.5916666667,14.5,5.558333333,31.50921549,104.2789148
0.2416666667,0.6083333333,14.5,5.641666667,34.0800183,86.26044822
0.2416666667,0.625,14.5,5.725,13.92153031,71.03970779
0.2416666667,0.6416666667,14.5,5.808333333,13.22653264,58.60878013
0.2416666667,0.6583333333,14.5,5.891666667,-10.19775582,48.75704662
0.2416666667,0.675,14.5,5.975,-33.62204428,41.328726
0.2416666667,0.6916666667,14.5,6.058333333,-57.04633274,36.34383356
0.2416666667,0.7083333333,14.5,6.141666667,-80.4706212,34.01602094
0.2416666667,0.725,14.5,6.225,-103.8949097,34.67505096
0.2416666667,0.7416666667,14.5,6.308333333,-127.3191981,38.56703171
0.2416666667,0.7583333333,14.5,6.391666667,-118.827332,45.5070021
0.2416666667,0.775,14.5,6.475,-101.8079357,54.44433087
0.2416666667,0.7916666667,14.5,6.558333333,-84.78853939,63.17844366
0.2416666667,0.8083333333,14.5,6.641666667,-67.76914307,68.59821005
0.2416666667,0.825,14.5,6.725,-50.74974676,67.64824401
0.2416666667,0.8416666667,14.5,6.808333333,-33.73035044,58.66470846
0.2416666667,0.8583333333,14.5,6.891666667,-16.71095412,42.22344382
0.2416666667,0.875,14.5,6.975,0.3084421934,20.8574463
0.2416666667,0.8916666667,14.5,7.058333333,17.32783851,-2.135628153
0.2416666667,0.9083333333,14.5,7.141666667,34.34723483,-23.94146
0.2416666667,0.925,14.5,7.225,51.36663114,-42.85599803
0.2416666667,0.9416666667,14.5,7.308333333,68.38602746,-58.23190593
0.2416666667,0.9583333333,14.5,7.391666667,85.40542377,-70.08142926
0.2416666667,0.975,14.5,7.475,102.4248201,-78.66584409
0.2416666667,0.9916666667,14.5,7.558333333,119.4442164,-84.21821494
0.2583333333,0.008333333333,15.5,2.641666667,-93.90475263,-25.60751004
0.2583333333,0.025,15.5,2.725,-78.44268797,-24.66017049
0.2583333333,0.04166666667,15.5,2.808333333,-62.9806233,-20.59517861
0.2583333333,0.05833333333,15.5,2.891666667,-47.51855864,-13.64729474
0.2583333333,0.075,15.5,2.975,-32.05649398,-3.875009662
0.2583333333,0.09166666667,15.5,3.058333333,-16.59442932,8.850762499
0.2583333333,0.1083333333,15.5,3.141666667,-1.132364653,24.76156806
0.2583333333,0.125,15.5,3.225,14.32970001,43.98112218
0.2583333333,0.1416666667,15.5,3.308333333,13.11043595,66.16765468
0.2583333333,0.1583333333,15.5,3.391666667,11.89117189,90.08089669
0.2583333333,0.175,15.5,3.475,10.67190783,113.32681
0.2583333333,0.1916666667,15.5,3.558333333,9.452643771,132.6545685
0.2583333333,0.2083333333,15.5,3.641666667,8.233379711,144.9760309
0.2583333333,0.225,15.5,3.725,7.014115651,148.6978874
0.2583333333,0.2416666667,15.5,3.808333333,5.794851592,144.4940876
0.2583333333,0.2583333333,15.5,3.891666667,11.0632999,134.9297715
0.2583333333,0.275,15.5,3.975,11.83561849,123.230411
0.2583333333,0.2916666667,15.5,4.058333333,12.60793708,112.0671827
0.2583333333,0.3083333333,15.5,4.141666667,13.38025567,102.9916387
0.2583333333,0.325,15.5,4.225,14.15257426,96.53239497
0.2583333333,0.3416666667,15.5,4.308333333,14.92489285,92.60405778
0.2583333333,0.3583333333,15.5,4.391666667,15.69721144,90.91036505
0.2583333333,0.375,15.5,4.475,16.46953003,91.20947611
0.2583333333,0.3916666667,15.5,4.558333333,18.65184274,93.44119716
0.2583333333,0.4083333333,15.5,4.641666667,20.83415544,97.74976658
0.2583333333,0.425,15.5,4.725,23.01646814,104.4114219
0.2583333333,0.4416666667,15.5,4.808333333,25.19878084,113.6408731
0.2583333333,0.4583333333,15.5,4.891666667,27.38109355,125.2498789
0.2583333333,0.475,15.5,4.975,29.56340625,138.2129064
0.2583333333,0.4916666667,15.5,5.058333333,31.74571895,150.3695819
0.2583333333,0.5083333333,15.5,5.141666667,30.68623194,158.6359207
0.2583333333,0.525,15.5,5.225,33.25703475,159.9429664
0.2583333333,0.5416666667,15.5,5.308333333,35.82783756,152.5716402
0.2583333333,0.5583333333,15.5,5.391666667,38.39864036,137.0361565
0.2583333333,0.575,15.5,5.475,40.96944317,115.8478853
0.2583333333,0.5916666667,15.5,5.558333333,43.54024597,92.34338416
0.2583333333,0.6083333333,15.5,5.641666667,46.11104878,69.42065527
0.2583333333,0.625,15.5,5.725,48.68185159,48.88075646
0.2583333333,0.6416666667,15.5,5.808333333,25.25756313,31.45811881
0.2583333333,0.6583333333,15.5,5.891666667,1.833274666,17.21015177
0.2583333333,0.675,15.5,5.975,-21.5910138,5.930358604
0.2583333333,0.6916666667,15.5,6.058333333,-45.01530226,-2.569203425
0.2583333333,0.7083333333,15.5,6.141666667,-68.43959072,-8.316707258
0.2583333333,0.725,15.5,6.225,-91.86387918,-11.14692178
0.2583333333,0.7416666667,15.5,6.308333333,-115.2881676,-10.76153984
0.2583333333,0.7583333333,15.5,6.391666667,-118.1562829,-6.905975204
0.2583333333,0.775,15.5,6.475,-101.1368866,0.3071844182
0.2583333333,0.7916666667,15.5,6.558333333,-84.1174903,9.967526435
0.2583333333,0.8083333333,15.5,6.641666667,-67.09809398,20.03498115
0.2583333333,0.825,15.5,6.725,-50.07869767,27.47171299
0.2583333333,0.8416666667,15.5,6.808333333,-33.05930135,29.09809672
0.2583333333,0.8583333333,15.5,6.891666667,-16.03990503,22.92016595
0.2583333333,0.875,15.5,6.975,0.9794912827,9.116719203
0.2583333333,0.8916666667,15.5,7.058333333,17.9988876,-10.05032334
0.2583333333,0.9083333333,15.5,7.141666667,35.01828392,-31.33186761
0.2583333333,0.925,15.5,7.225,52.03768023,-51.79018429
0.2583333333,0.9416666667,15.5,7.308333333,69.05707655,-69.54618305
0.2583333333,0.9583333333,15.5,7.391666667,86.07647286,-83.81782397
0.2583333333,0.975,15.5,7.475,103.0958692,-94.55226978
0.2583333333,0.9916666667,15.5,7.558333333,120.1152655,-102.002658
0.275,0.008333333333,16.5,2.641666667,-89.30270166,23.12641845
0.275,0.025,16.5,2.725,-79.79847354,20.78260913
0.275,0.04166666667,16.5,2.808333333,-64.33640888,21.67998221
0.275,0.05833333333,16.5,2.891666667,-48.87434422,25.50533222
0.275,0.075,16.5,2.975,-33.41227955,31.97031579
0.275,0.09166666667,16.5,3.058333333,-17.95021489,40.95002694
0.275,0.1083333333,16.5,3.141666667,-2.488150228,52.51485826
0.275,0.125,16.5,3.225,12.97391444,66.86822066
0.275,0.1416666667,16.5,3.308333333,11.75465038,84.16675454
0.275,0.1583333333,16.5,3.391666667,10.53538632,104.1935417
0.275,0.175,16.5,3.475,9.316122256,125.9273654
0.275,0.1916666667,16.5,3.558333333,8.096858196,147.2197389
0.275,0.2083333333,16.5,3.641666667,6.877594136,164.9466744
0.275,0.225,16.5,3.725,5.658330076,175.8860571
0.275,0.2416666667,16.5,3.808333333,9.08768764,178.0490619
0.275,0.2583333333,16.5,3.891666667,14.35613595,171.6441433
0.275,0.275,16.5,3.975,21.46367501,158.95258
0.275,0.2916666667,16.5,4.058333333,22.2359936,143.213543
0.275,0.3083333333,16.5,4.141666667,23.00831219,127.3333275
0.275,0.325,16.5,4.225,23.78063078,113.1596187
0.275,0.3416666667,16.5,4.308333333,24.55294937,101.4601641
0.275,0.3583333333,16.5,4.391666667,25.32526796,92.29615679
0.275,0.375,16.5,4.475,26.09758655,85.44282887
0.275,0.3916666667,16.5,4.558333333,28.27989926,80.68576207
0.275,0.4083333333,16.5,4.641666667,30.46221196,77.97341292
0.275,0.425,16.5,4.725,32.64452466,77.45893808
0.275,0.4416666667,16.5,4.808333333,34.82683736,79.4481596
0.275,0.4583333333,16.5,4.891666667,37.00915007,84.23403917
0.275,0.475,16.5,4.975,39.19146277,91.78573918
0.275,0.4916666667,16.5,5.058333333,46.59723933,101.3210714
0.275,0.5083333333,16.5,5.141666667,45.53775232,110.9505151
0.275,0.525,16.5,5.225,36.01300173,117.7497444
0.275,0.5416666667,16.5,5.308333333,38.58380454,118.548279
0.275,0.5583333333,16.5,5.391666667,41.15460735,111.2405557
0.275,0.575,16.5,5.475,43.72541015,95.84164886
0.275,0.5916666667,16.5,5.558333333,46.29621296,74.50752491
0.275,0.6083333333,16.5,5.641666667,48.86701577,50.50348166
0.275,0.625,16.5,5.725,51.43781857,26.88527619
0.275,0.6416666667,16.5,5.808333333,28.01353011,5.684182431
0.275,0.6583333333,16.5,5.891666667,4.589241651,-12.18825741
0.275,0.675,16.5,5.975,-18.83504681,-26.59359505
0.275,0.6916666667,16.5,6.058333333,-42.25933527,-37.73814078
0.275,0.7083333333,16.5,6.141666667,-65.68362373,-45.85780734
0.275,0.725,16.5,6.225,-89.10791219,-51.0488372
0.275,0.7416666667,16.5,6.308333333,-81.95741387,-53.21306641
0.275,0.7583333333,16.5,6.391666667,-84.82552916,-52.09698365
0.275,0.775,16.5,6.475,-97.71225807,-47.44022621
0.275,0.7916666667,16.5,6.558333333,-80.69286175,-39.26687891
0.275,0.8083333333,16.5,6.641666667,-63.67346544,-28.30353333
0.275,0.825,16.5,6.725,-46.65406912,-16.35918302
0.275,0.8416666667,16.5,6.808333333,-29.6346728,-6.323667289
0.275,0.8583333333,16.5,6.891666667,-12.61527649,-1.467098651
0.275,0.875,16.5,6.975,4.404119829,-4.158333355
0.275,0.8916666667,16.5,7.058333333,21.42351615,-14.7274197
0.275,0.9083333333,16.5,7.141666667,38.44291246,-31.29863258
0.275,0.925,16.5,7.225,55.46230878,-50.72451402
0.275,0.9416666667,16.5,7.308333333,72.48170509,-69.9190409
0.275,0.9583333333,16.5,7.391666667,89.50110141,-86.75787469
0.275,0.975,16.5,7.475,106.5204977,-100.2517215
0.275,0.9916666667,16.5,7.558333333,123.539894,-110.2319879
0.2916666667,0.008333333333,17.5,2.641666667,-84.7006507,79.77898165
0.2916666667,0.025,17.5,2.725,-75.19642258,72.71231624
0.2916666667,0.04166666667,17.5,2.808333333,-65.69219445,68.50400579
0.2916666667,0.05833333333,17.5,2.891666667,-50.23012979,67.21282945
0.2916666667,0.075,17.5,2.975,-34.76806513,68.54966968
0.2916666667,0.09166666667,17.5,3.058333333,-19.30600047,72.19692666
0.2916666667,0.1083333333,17.5,3.141666667,-3.843935803,77.98166146
0.2916666667,0.125,17.5,3.225,11.61812886,85.93336463
0.2916666667,0.1416666667,17.5,3.308333333,10.3988648,96.24776326
0.2916666667,0.1583333333,17.5,3.391666667,9.179600741,109.1417806
0.2916666667,0.175,17.5,3.475,7.960336681,124.566115
0.2916666667,0.1916666667,17.5,3.558333333,6.741072621,141.7892868
0.2916666667,0.2083333333,17.5,3.641666667,5.521808561,159.0138382
0.2916666667,0.225,17.5,3.725,8.951166124,173.3651056
0.2916666667,0.2416666667,17.5,3.808333333,12.38052369,181.5749319
0.2916666667,0.2583333333,17.5,3.891666667,17.648972,181.2559129
0.2916666667,0.275,17.5,3.975,24.75651106,172.0519166
0.2916666667,0.2916666667,17.5,4.058333333,31.86405012,155.8311191
0.2916666667,0.3083333333,17.5,4.141666667,32.63636871,135.7702735
0.2916666667,0.325,17.5,4.225,33.4086873,115.019242
0.2916666667,0.3416666667,17.5,4.308333333,34.18100589,95.78425868
0.2916666667,0.3583333333,17.5,4.391666667,34.95332448,79.13847193
0.2916666667,0.375,17.5,4.475,35.72564307,65.32847418
0.2916666667,0.3916666667,17.5,4.558333333,37.90795578,54.20648264
0.2916666667,0.4083333333,17.5,4.641666667,40.09026848,45.56532262
0.2916666667,0.425,17.5,4.725,42.27258118,39.32590231
0.2916666667,0.4416666667,17.5,4.808333333,44.45489388,35.60510869
0.2916666667,0.4583333333,17.5,4.891666667,46.63720659,34.68909462
0.2916666667,0.475,17.5,4.975,49.29997364,36.90145973
0.2916666667,0.4916666667,17.5,5.058333333,61.44875971,42.33259963
0.2916666667,0.5083333333,17.5,5.141666667,60.38927269,50.43326223
0.2916666667,0.525,17.5,5.225,50.86452211,59.61063478
0.2916666667,0.5416666667,17.5,5.308333333,41.33977153,67.15032955
0.2916666667,0.5583333333,17.5,5.391666667,43.91057433,69.80881195
0.2916666667,0.575,17.5,5.475,46.48137714,65.04360375
0.2916666667,0.5916666667,17.5,5.558333333,49.05217995,52.22904849
0.2916666667,0.6083333333,17.5,5.641666667,51.62298275,32.99298842
0.2916666667,0.625,17.5,5.725,54.19378556,10.41187977
0.2916666667,0.6416666667,17.5,5.808333333,30.7694971,-12.32295559
0.2916666667,0.6583333333,17.5,5.891666667,7.345208637,-32.90149597
0.2916666667,0.675,17.5,5.975,-16.07907982,-50.16637141
0.2916666667,0.6916666667,17.5,6.058333333,-39.50336829,-63.84425739
0.2916666667,0.7083333333,17.5,6.141666667,-62.92765675,-74.11159171
0.2916666667,0.725,17.5,6.225,-55.77715842,-81.24102821
0.2916666667,0.7416666667,17.5,6.308333333,-48.6266601,-85.39557163
0.2916666667,0.7583333333,17.5,6.391666667,-51.49477539,-86.54674298
0.2916666667,0.775,17.5,6.475,-64.3815043,-84.48879561
0.2916666667,0.7916666667,17.5,6.558333333,-77.26823321,-78.95499229
0.2916666667,0.8083333333,17.5,6.641666667,-60.24883689,-69.86904476
0.2916666667,0.825,17.5,6.725,-43.22944057,-57.7379911
0.2916666667,0.8416666667,17.5,6.808333333,-26.21004426,-44.06961602
0.2916666667,0.8583333333,17.5,6.891666667,-9.19064794,-31.51042674
0.2916666667,0.875,17.5,6.975,7.828748376,-23.34382071
0.2916666667,0.8916666667,17.5,7.058333333,24.84814469,-22.31369372
0.2916666667,0.9083333333,17.5,7.141666667,41.86754101,-29.35739087
0.2916666667,0.925,17.5,7.225,58.88693733,-43.13013956
0.2916666667,0.9416666667,17.5,7.308333333,75.90633364,-60.69003103
0.2916666667,0.9583333333,17.5,7.391666667,92.92572996,-78.81745309
0.2916666667,0.975,17.5,7.475,109.9451263,-95.0863238
0.2916666667,0.9916666667,17.5,7.558333333,126.9645226,-108.2221745
0.3083333333,0.008333333333,18.5,2.641666667,-80.09859973,134.6411422
0.3083333333,0.025,18.5,2.725,-70.59437161,122.4608174
0.3083333333,0.04166666667,18.5,2.808333333,-61.09014349,111.4209847
0.3083333333,0.05833333333,18.5,2.891666667,-51.58591537,102.7084021
0.3083333333,0.075,18.5,2.975,-36.1238507,96.60591381
0.3083333333,0.09166666667,18.5,3.058333333,-20.66178604,92.92579137
0.3083333333,0.1083333333,18.5,3.141666667,-5.199721378,91.37360458
0.3083333333,0.125,18.5,3.225,10.26234329,91.76478679
0.3083333333,0.1416666667,18.5,3.308333333,9.043079225,94.11430438
0.3083333333,0.1583333333,18.5,3.391666667,7.823815166,98.62899846
0.3083333333,0.175,18.5,3.475,6.604551106,105.5993986
0.3083333333,0.1916666667,18.5,3.558333333,5.385287046,115.158698
0.3083333333,0.2083333333,18.5,3.641666667,8.814644609,126.8976828
0.3083333333,0.225,18.5,3.725,12.24400217,139.4400023
0.3083333333,0.2416666667,18.5,3.808333333,15.67335974,150.2690376
0.3083333333,0.2583333333,18.5,3.891666667,20.94180805,156.1734338
0.3083333333,0.275,18.5,3.975,28.04934711,154.3847939
0.3083333333,0.2916666667,18.5,4.058333333,35.15688617,143.8678435
0.3083333333,0.3083333333,18.5,4.141666667,42.26442523,125.8768115
0.3083333333,0.325,18.5,4.225,43.03674382,103.3468729
0.3083333333,0.3416666667,18.5,4.308333333,43.80906241,79.58934864
0.3083333333,0.3583333333,18.5,4.391666667,44.581381,57.17708176
0.3083333333,0.375,18.5,4.475,45.35369959,37.53132787
0.3083333333,0.3916666667,18.5,4.558333333,47.5360123,21.1135214
0.3083333333,0.4083333333,18.5,4.641666667,49.718325,7.851826211
0.3083333333,0.425,18.5,4.725,51.9006377,-2.480493443
0.3083333333,0.4416666667,18.5,4.808333333,54.0829504,-10.03164602
0.3083333333,0.4583333333,18.5,4.891666667,42.51668892,-14.76879597
0.3083333333,0.475,18.5,4.975,45.17945597,-16.47477631
0.3083333333,0.4916666667,18.5,5.058333333,71.55727057,-14.84260917
0.3083333333,0.5083333333,18.5,5.141666667,75.24079307,-9.6983052
0.3083333333,0.525,18.5,5.225,65.71604249,-1.370102372
0.3083333333,0.5416666667,18.5,5.308333333,56.1912919,8.880738209
0.3083333333,0.5583333333,18.5,5.391666667,46.66654132,18.63680033
0.3083333333,0.575,18.5,5.475,49.23734412,24.68235625
0.3083333333,0.5916666667,18.5,5.558333333,51.80814693,24.07451019
0.3083333333,0.6083333333,18.5,5.641666667,54.37894974,15.46319185
0.3083333333,0.625,18.5,5.725,56.94975254,-0.2225913714
0.3083333333,0.6416666667,18.5,5.808333333,33.52546408,-20.24895656
0.3083333333,0.6583333333,18.5,5.891666667,10.10117562,-41.34343243
0.3083333333,0.675,18.5,5.975,-13.32311284,-60.87126872
0.3083333333,0.6916666667,18.5,6.058333333,-36.7474013,-77.33739529
0.3083333333,0.7083333333,18.5,6.141666667,-29.59690297,-90.24835074
0.3083333333,0.725,18.5,6.225,-22.44640465,-99.69446046
0.3083333333,0.7416666667,18.5,6.308333333,-15.29590632,-105.9563877
0.3083333333,0.7583333333,18.5,6.391666667,-18.16402161,-109.2530927
0.3083333333,0.775,18.5,6.475,-31.05075052,-109.6249825
0.3083333333,0.7916666667,18.5,6.558333333,-43.93747943,-106.9191439
0.3083333333,0.8083333333,18.5,6.641666667,-56.82420834,-100.8706224
0.3083333333,0.825,18.5,6.725,-39.80481203,-91.30771004
0.3083333333,0.8416666667,18.5,6.808333333,-22.78541571,-78.50493181
0.3083333333,0.8583333333,18.5,6.891666667,-5.766019393,-63.61690691
0.3083333333,0.875,18.5,6.975,11.25337692,-48.94683492
0.3083333333,0.8916666667,18.5,7.058333333,28.27277324,-37.67534524
0.3083333333,0.9083333333,18.5,7.141666667,45.29216956,-32.86453234
0.3083333333,0.925,18.5,7.225,62.31156587,-36.1238969
0.3083333333,0.9416666667,18.5,7.308333333,79.33096219,-46.80450253
0.3083333333,0.9583333333,18.5,7.391666667,96.3503585,-62.33460303
0.3083333333,0.975,18.5,7.475,113.3697548,-79.43500731
0.3083333333,0.9916666667,18.5,7.558333333,130.3891511,-95.34970438
0.325,0.008333333333,19.5,2.641666667,-75.49654876,171.7608819
0.325,0.025,19.5,2.725,-65.99232064,157.1641603
0.325,0.04166666667,19.5,2.808333333,-56.48809252,140.0662416
0.325,0.05833333333,19.5,2.891666667,-46.9838644,123.2344279
0.325,0.075,19.5,2.975,-37.47963628,108.3285959
0.325,0.09166666667,19.5,3.058333333,-22.01757162,95.97577226
0.325,0.1083333333,19.5,3.141666667,-6.555506953,86.17235347
0.325,0.125,19.5,3.225,8.90655771,78.68981475
0.325,0.1416666667,19.5,3.308333333,7.68729365,73.34464668
0.325,0.1583333333,19.5,3.391666667,6.468029591,70.12907252
0.325,0.175,19.5,3.475,5.248765531,69.23632522
0.325,0.1916666667,19.5,3.558333333,8.678123094,70.99122751
0.325,0.2083333333,19.5,3.641666667,12.10748066,75.66130567
0.325,0.225,19.5,3.725,15.53683822,83.12040837
0.325,0.2416666667,19.5,3.808333333,18.96619578,92.41450667
0.325,0.2583333333,19.5,3.891666667,24.2346441,101.4515409
0.325,0.275,19.5,3.975,31.34218316,107.1854316
0.325,0.2916666667,19.5,4.058333333,38.44972222,106.5274862
0.325,0.3083333333,19.5,4.141666667,45.55726128,97.68016104
0.325,0.325,19.5,4.225,52.66480034,81.05623184
0.325,0.3416666667,19.5,4.308333333,53.43711893,59.0912674
0.325,0.3583333333,19.5,4.391666667,54.20943752,35.09574205
0.325,0.375,19.5,4.475,54.98175611,11.97888195
0.325,0.3916666667,19.5,4.558333333,57.16406882,-8.438936462
0.325,0.4083333333,19.5,4.641666667,59.34638152,-25.41760683
0.325,0.425,19.5,4.725,61.52869422,-38.91380086
0.325,0.4416666667,19.5,4.808333333,68.93447078,-49.16370433
0.325,0.4583333333,19.5,4.891666667,66.85422832,-56.39370767
0.325,0.475,19.5,4.975,69.51699537,-60.67345495
0.325,0.4916666667,19.5,5.058333333,91.15180046,-61.87779413
0.325,0.5083333333,19.5,5.141666667,90.09231345,-59.74260186
0.325,0.525,19.5,5.225,80.56756286,-54.03577549
0.325,0.5416666667,19.5,5.308333333,71.04281228,-44.87443608
0.325,0.5583333333,19.5,5.391666667,61.51806169,-33.15367802
0.325,0.575,19.5,5.475,51.99331111,-20.88868931
0.325,0.5916666667,19.5,5.558333333,54.56411392,-11.10856994
0.325,0.6083333333,19.5,5.641666667,57.13491672,-7.029082128
0.325,0.625,19.5,5.725,59.70571953,-10.73103097
0.325,0.6416666667,19.5,5.808333333,36.28143107,-22.14186885
0.325,0.6583333333,19.5,5.891666667,12.85714261,-39.07695011
0.325,0.675,19.5,5.975,-10.56714585,-58.30796295
0.325,0.6916666667,19.5,6.058333333,-3.416647528,-76.87108915
0.325,0.7083333333,19.5,6.141666667,3.733850798,-92.84401566
0.325,0.725,19.5,6.225,10.88434912,-105.40888
0.325,0.7416666667,19.5,6.308333333,18.03484745,-114.4933616
0.325,0.7583333333,19.5,6.391666667,15.16673216,-120.3451125
0.325,0.775,19.5,6.475,2.280003248,-123.2243776
0.325,0.7916666667,19.5,6.558333333,-10.60672566,-123.241686
0.325,0.8083333333,19.5,6.641666667,-23.49345457,-120.3083941
0.325,0.825,19.5,6.725,-36.38018348,-114.1809683
0.325,0.8416666667,19.5,6.808333333,-19.36078716,-104.6163873
0.325,0.8583333333,19.5,6.891666667,-2.341390846,-91.67155052
0.325,0.875,19.5,6.975,14.67800547,-76.12541025
0.325,0.8916666667,19.5,7.058333333,31.69740179,-59.84906358
0.325,0.9083333333,19.5,7.141666667,48.7167981,-45.77430833
0.325,0.925,19.5,7.225,65.73619442,-37.15505572
0.325,0.9416666667,19.5,7.308333333,82.75559073,-36.27157659
0.325,0.9583333333,19.5,7.391666667,99.77498705,-43.32608827
0.325,0.975,19.5,7.475,116.7943834,-56.33805998
0.325,0.9916666667,19.5,7.558333333,133.8137797,-72.12119449
0.3416666667,0.008333333333,20.5,2.641666667,-70.89449779,174.4914753
0.3416666667,0.025,20.5,2.725,-61.39026967,163.5687313
0.3416666667,0.04166666667,20.5,2.808333333,-51.88604155,145.7702162
0.3416666667,0.05833333333,20.5,2.891666667,-42.38181343,124.2980071
0.3416666667,0.075,20.5,2.975,-32.87758531,102.3031106
0.3416666667,0.09166666667,20.5,3.058333333,-23.37335719,81.98083794
0.3416666667,0.1083333333,20.5,3.141666667,-7.911292528,64.39318898
0.3416666667,0.125,20.5,3.225,7.550772135,49.7806587
0.3416666667,0.1416666667,20.5,3.308333333,6.331508075,37.99408041
0.3416666667,0.1583333333,20.5,3.391666667,5.112244016,28.82713992
0.3416666667,0.175,20.5,3.475,8.541601579,22.20155751
0.3416666667,0.1916666667,20.5,3.558333333,11.97095914,18.23337736
0.3416666667,0.2083333333,20.5,3.641666667,15.40031671,17.20483445
0.3416666667,0.225,20.5,3.725,18.82967427,19.43063777
0.3416666667,0.2416666667,20.5,3.808333333,22.25903183,24.98491053
0.3416666667,0.2583333333,20.5,3.891666667,27.52748014,33.29331666
0.3416666667,0.275,20.5,3.975,34.63501921,42.73193311
0.3416666667,0.2916666667,20.5,4.058333333,41.74255827,50.55890239
0.3416666667,0.3083333333,20.5,4.141666667,48.85009733,53.52054061
0.3416666667,0.325,20.5,4.225,55.95763639,49.08890401
0.3416666667,0.3416666667,20.5,4.308333333,63.06517545,36.66902211
0.3416666667,0.3583333333,20.5,4.391666667,63.83749404,17.91485748
0.3416666667,0.375,20.5,4.475,64.60981263,-4.0923347
0.3416666667,0.3916666667,20.5,4.558333333,66.79212534,-26.17862174
0.3416666667,0.4083333333,20.5,4.641666667,68.97443804,-46.06194282
0.3416666667,0.425,20.5,4.725,76.3802146,-62.61093364
0.3416666667,0.4416666667,20.5,4.808333333,83.78599116,-75.57014103
0.3416666667,0.4583333333,20.5,4.891666667,91.19176772,-85.12562408
0.3416666667,0.475,20.5,4.975,98.59754428,-91.55390747
0.3416666667,0.4916666667,20.5,5.058333333,106.0033208,-95.0186863
0.3416666667,0.5083333333,20.5,5.141666667,104.9438338,-95.49092246
0.3416666667,0.525,20.5,5.225,95.41908324,-92.76476518
0.3416666667,0.5416666667,20.5,5.308333333,85.89433265,-86.57597628
0.3416666667,0.5583333333,20.5,5.391666667,76.36958207,-76.85610499
0.3416666667,0.575,20.5,5.475,66.84483149,-64.12740962
0.3416666667,0.5916666667,20.5,5.558333333,57.3200809,-49.91853975
0.3416666667,0.6083333333,20.5,5.641666667,59.89088371,-36.89400899
0.3416666667,0.625,20.5,5.725,62.46168652,-28.3390372
0.3416666667,0.6416666667,20.5,5.808333333,39.03739805,-26.97464425
0.3416666667,0.6583333333,20.5,5.891666667,15.61310959,-33.69730204
0.3416666667,0.675,20.5,5.975,22.76360792,-47.12354268
0.3416666667,0.6916666667,20.5,6.058333333,29.91410624,-64.29323083
0.3416666667,0.7083333333,20.5,6.141666667,37.06460457,-81.99203531
0.3416666667,0.725,20.5,6.225,44.2151029,-97.81206236
0.3416666667,0.7416666667,20.5,6.308333333,51.36560122,-110.4970358
0.3416666667,0.7583333333,20.5,6.391666667,48.49748593,-119.7121718
0.3416666667,0.775,20.5,6.475,35.61075702,-125.6125173
0.3416666667,0.7916666667,20.5,6.558333333,22.72402811,-128.4757989
0.3416666667,0.8083333333,20.5,6.641666667,9.837299202,-128.4820459
0.3416666667,0.825,20.5,6.725,-3.049429707,-125.6209781
0.3416666667,0.8416666667,20.5,6.808333333,-15.93615862,-119.6970125
0.3416666667,0.8583333333,20.5,6.891666667,1.0832377,-110.4339707
0.3416666667,0.875,20.5,6.975,18.10263402,-97.71141768
0.3416666667,0.8916666667,20.5,7.058333333,35.12203033,-81.94565732
0.3416666667,0.9083333333,20.5,7.141666667,52.14142665,-64.51584194
0.3416666667,0.925,20.5,7.225,69.16082297,-47.94916068
0.3416666667,0.9416666667,20.5,7.308333333,86.18021928,-35.49603817
0.3416666667,0.9583333333,20.5,7.391666667,103.1996156,-30.00712941
0.3416666667,0.975,20.5,7.475,120.2190119,-32.63394991
0.3416666667,0.9916666667,20.5,7.558333333,137.2384082,-42.23971767
0.3583333333,0.008333333333,21.5,2.641666667,-66.29244683,136.5331197
0.3583333333,0.025,21.5,2.725,-56.78821871,134.7256075
0.3583333333,0.04166666667,21.5,2.808333333,-47.28399059,124.3869199
0.3583333333,0.05833333333,21.5,2.891666667,-37.77976246,106.4689469
0.3583333333,0.075,21.5,2.975,-28.27553434,83.74478085
0.3583333333,0.09166666667,21.5,3.058333333,-18.77130622,59.54726667
0.3583333333,0.1083333333,21.5,3.141666667,-9.267078103,36.58409289
0.3583333333,0.125,21.5,3.225,6.19498656,16.42308513
0.3583333333,0.1416666667,21.5,3.308333333,4.9757225,-0.3780253208
0.3583333333,0.1583333333,21.5,3.391666667,8.405080064,-13.85590691
0.3583333333,0.175,21.5,3.475,11.83443763,-24.24679474
0.3583333333,0.1916666667,21.5,3.558333333,15.26379519,-31.73231779
0.3583333333,0.2083333333,21.5,3.641666667,18.69315275,-36.32091872
0.3583333333,0.225,21.5,3.725,22.12251032,-37.83164294
0.3583333333,0.2416666667,21.5,3.808333333,25.55186788,-35.97367403
0.3583333333,0.2583333333,21.5,3.891666667,30.82031619,-30.54922518
0.3583333333,0.275,21.5,3.975,37.92785525,-21.80411968
0.3583333333,0.2916666667,21.5,4.058333333,45.03539432,-10.86151887
0.3583333333,0.3083333333,21.5,4.141666667,52.14293338,0.004368480081
0.3583333333,0.325,21.5,4.225,59.25047244,7.628595148
0.3583333333,0.3416666667,21.5,4.308333333,66.3580115,8.94144476
0.3583333333,0.3583333333,21.5,4.391666667,73.46555056,2.303652882
0.3583333333,0.375,21.5,4.475,74.23786915,-11.6724011
0.3583333333,0.3916666667,21.5,4.558333333,76.42018186,-30.43942707
0.3583333333,0.4083333333,21.5,4.641666667,83.82595841,-50.72254895
0.3583333333,0.425,21.5,4.725,91.23173497,-69.75605391
0.3583333333,0.4416666667,21.5,4.808333333,98.63751153,-85.88838924
0.3583333333,0.4583333333,21.5,4.891666667,106.0432881,-98.51307809
0.3583333333,0.475,21.5,4.975,113.4490647,-107.6674247
0.3583333333,0.4916666667,21.5,5.058333333,120.8548412,-113.6248834
0.3583333333,0.5083333333,21.5,5.141666667,119.7953542,-116.6224504
0.3583333333,0.525,21.5,5.225,110.2706036,-116.7275106
0.3583333333,0.5416666667,21.5,5.308333333,100.745853,-113.8103782
0.3583333333,0.5583333333,21.5,5.391666667,91.22110245,-107.6114016
0.3583333333,0.575,21.5,5.475,81.69635186,-97.92711933
0.3583333333,0.5916666667,21.5,5.558333333,72.17160128,-84.94385703
0.3583333333,0.6083333333,21.5,5.641666667,62.64685069,-69.67059206
0.3583333333,0.625,21.5,5.725,65.2176535,-54.25147332
0.3583333333,0.6416666667,21.5,5.808333333,41.79336504,-41.7885154
0.3583333333,0.6583333333,21.5,5.891666667,48.94386336,-35.43724234
0.3583333333,0.675,21.5,5.975,56.09436169,-37.07291975
0.3583333333,0.6916666667,21.5,6.058333333,63.24486002,-46.36106822
0.3583333333,0.7083333333,21.5,6.141666667,70.39535834,-60.93092547
0.3583333333,0.725,21.5,6.225,77.54585667,-77.51616042
0.3583333333,0.7416666667,21.5,6.308333333,84.69635499,-93.23438366
0.3583333333,0.7583333333,21.5,6.391666667,81.8282397,-106.2831893
0.3583333333,0.775,21.5,6.475,68.94151079,-115.9381299
0.3583333333,0.7916666667,21.5,6.558333333,56.05478188,-122.1714308
0.3583333333,0.8083333333,21.5,6.641666667,43.16805297,-125.2340261
0.3583333333,0.825,21.5,6.725,30.28132407,-125.3647835
0.3583333333,0.8416666667,21.5,6.808333333,17.39459516,-122.6424163
0.3583333333,0.8583333333,21.5,6.891666667,4.507866247,-116.9466889
0.3583333333,0.875,21.5,6.975,21.52726256,-108.0134829
0.3583333333,0.8916666667,21.5,7.058333333,38.54665888,-95.60465572
0.3583333333,0.9083333333,21.5,7.141666667,55.5660552,-79.823948
0.3583333333,0.925,21.5,7.225,72.58545151,-61.54559833
0.3583333333,0.9416666667,21.5,7.308333333,89.60484783,-42.75970525
0.3583333333,0.9583333333,21.5,7.391666667,106.6242441,-26.47365589
0.3583333333,0.975,21.5,7.475,123.6436405,-15.89347612
0.3583333333,0.9916666667,21.5,7.558333333,140.6630368,-13.10448964
0.375,0.008333333333,22.5,2.641666667,-61.69039586,69.46312647
0.375,0.025,22.5,2.725,-52.18616774,76.39009284
0.375,0.04166666667,22.5,2.808333333,-42.68193962,77.94563451
0.375,0.05833333333,22.5,2.891666667,-33.1777115,71.80804093
0.375,0.075,22.5,2.975,-23.67348338,57.69231304
0.375,0.09166666667,22.5,3.058333333,-14.16925526,37.51455004
0.375,0.1083333333,22.5,3.141666667,-4.665027135,14.45612505
0.375,0.125,22.5,3.225,4.839200985,-8.369389499
0.375,0.1416666667,22.5,3.308333333,8.268558548,-28.81508719
0.375,0.1583333333,22.5,3.391666667,11.69791611,-45.87268432
0.375,0.175,22.5,3.475,15.12727367,-59.357438
0.375,0.1916666667,22.5,3.558333333,18.55663124,-69.47508542
0.375,0.2083333333,22.5,3.641666667,21.9859888,-76.48894517
0.375,0.225,22.5,3.725,25.41534636,-80.53438611
0.375,0.2416666667,22.5,3.808333333,28.84470393,-81.55206747
0.375,0.2583333333,22.5,3.891666667,34.11315224,-79.31567781
0.375,0.275,22.5,3.975,41.2206913,-73.56558103
0.375,0.2916666667,22.5,4.058333333,48.32823036,-64.28213797
0.375,0.3083333333,22.5,4.141666667,55.43576943,-52.09362414
0.375,0.325,22.5,4.225,62.54330849,-38.67600166
0.375,0.3416666667,22.5,4.308333333,69.65084755,-26.81754866
0.375,0.3583333333,22.5,4.391666667,76.75838661,-19.80772852
0.375,0.375,22.5,4.475,83.86592567,-20.19703681
0.375,0.3916666667,22.5,4.558333333,91.27170223,-28.59303005
0.375,0.4083333333,22.5,4.641666667,98.67747879,-43.35204746
0.375,0.425,22.5,4.725,106.0832554,-61.40707775
0.375,0.4416666667,22.5,4.808333333,113.4890319,-79.60287596
0.375,0.4583333333,22.5,4.891666667,120.8948085,-95.67657062
0.375,0.475,22.5,4.975,128.300585,-108.5122784
0.375,0.4916666667,22.5,5.058333333,135.7063616,-117.8644201
0.375,0.5083333333,22.5,5.141666667,134.6468746,-123.9235974
0.375,0.525,22.5,5.225,125.122124,-126.9667422
0.375,0.5416666667,22.5,5.308333333,115.5973734,-127.1550193
0.375,0.5583333333,22.5,5.391666667,106.0726228,-124.4548707
0.375,0.575,22.5,5.475,96.54787224,-118.6547841
0.375,0.5916666667,22.5,5.558333333,87.02312165,-109.4847061
0.375,0.6083333333,22.5,5.641666667,77.49837107,-96.87139286
0.375,0.625,22.5,5.725,67.97362049,-81.33422605
0.375,0.6416666667,22.5,5.808333333,75.12411881,-64.40038572
0.375,0.6583333333,22.5,5.891666667,82.27461714,-48.7313432
0.375,0.675,22.5,5.975,89.42511546,-37.60299021
0.375,0.6916666667,22.5,6.058333333,96.57561379,-33.71779733
0.375,0.7083333333,22.5,6.141666667,103.7261121,-37.9470452
0.375,0.725,22.5,6.225,110.8766104,-48.88282879
0.375,0.7416666667,22.5,6.308333333,118.0271088,-63.54796085
0.375,0.7583333333,22.5,6.391666667,115.1589935,-78.71953002
0.375,0.775,22.5,6.475,102.2722646,-91.98572858
0.375,0.7916666667,22.5,6.558333333,89.38553566,-102.0864477
0.375,0.8083333333,22.5,6.641666667,76.49880675,-108.6807174
0.375,0.825,22.5,6.725,63.61207784,-111.914903
0.375,0.8416666667,22.5,6.808333333,50.72534893,-112.0564977
0.375,0.8583333333,22.5,6.891666667,37.83862002,-109.274789
0.375,0.875,22.5,6.975,24.95189111,-103.5490713
0.375,0.8916666667,22.5,7.058333333,41.97128743,-94.67438533
0.375,0.9083333333,22.5,7.141666667,58.99068374,-82.36711311
0.375,0.925,22.5,7.225,76.01008006,-66.50245053
0.375,0.9416666667,22.5,7.308333333,93.02947638,-47.49639161
0.375,0.9583333333,22.5,7.391666667,110.0488727,-26.73162535
0.375,0.975,22.5,7.475,127.068269,-6.740154852
0.375,0.9916666667,22.5,7.558333333,144.0876653,9.226011038
0.3916666667,0.008333333333,23.5,2.641666667,-55.08271583,-3.755984465
0.3916666667,0.025,23.5,2.725,-45.57848771,6.429239212
0.3916666667,0.04166666667,23.5,2.808333333,-36.07425958,16.4478077
0.3916666667,0.05833333333,23.5,2.891666667,-26.57003146,23.13136019
0.3916666667,0.075,23.5,2.975,-17.06580334,23.43695752
0.3916666667,0.09166666667,23.5,3.058333333,-7.561575223,15.78090042
0.3916666667,0.1083333333,23.5,3.141666667,1.942652898,0.8368923593
0.3916666667,0.125,23.5,3.225,-3.543171444,-18.80904074
0.3916666667,0.1416666667,23.5,3.308333333,14.68769769,-39.87759434
0.3916666667,0.1583333333,23.5,3.391666667,18.11705525,-59.62307165
0.3916666667,0.175,23.5,3.475,21.54641281,-76.4200215
0.3916666667,0.1916666667,23.5,3.558333333,24.97577038,-89.68132704
0.3916666667,0.2083333333,23.5,3.641666667,28.40512794,-99.45346905
0.3916666667,0.225,23.5,3.725,31.8344855,-106.0111818
0.3916666667,0.2416666667,23.5,3.808333333,35.26384307,-109.5884498
0.3916666667,0.2583333333,23.5,3.891666667,40.53229138,-110.2482475
0.3916666667,0.275,23.5,3.975,47.63983044,-107.8572971
0.3916666667,0.2916666667,23.5,4.058333333,54.7473695,-102.1556049
0.3916666667,0.3083333333,23.5,4.141666667,61.85490856,-92.94592564
0.3916666667,0.325,23.5,4.225,68.96244763,-80.43082783
0.3916666667,0.3416666667,23.5,4.308333333,76.06998669,-65.64602083
0.3916666667,0.3583333333,23.5,4.391666667,83.17752575,-50.76558261
0.3916666667,0.375,23.5,4.475,87.2678937,-38.90833781
0.3916666667,0.3916666667,23.5,4.558333333,91.0848188,-33.21677893
0.3916666667,0.4083333333,23.5,4.641666667,98.49059536,-35.52197839
0.3916666667,0.425,23.5,4.725,105.8963719,-45.43501639
0.3916666667,0.4416666667,23.5,4.808333333,113.3021485,-60.54948102
0.3916666667,0.4583333333,23.5,4.891666667,120.707925,-77.59668352
0.3916666667,0.475,23.5,4.975,128.1137016,-93.71750007
0.3916666667,0.4916666667,23.5,5.058333333,135.5194782,-107.1402511
0.3916666667,0.5083333333,23.5,5.141666667,134.4599911,-117.1648191
0.3916666667,0.525,23.5,5.225,124.9352406,-123.7769633
0.3916666667,0.5416666667,23.5,5.308333333,115.41049,-127.2322806
0.3916666667,0.5583333333,23.5,5.391666667,105.8857394,-127.7690943
0.3916666667,0.575,23.5,5.475,96.36098881,-125.4634252
0.3916666667,0.5916666667,23.5,5.558333333,86.83623822,-120.1925007
0.3916666667,0.6083333333,23.5,5.641666667,77.31148764,-111.6922137
0.3916666667,0.625,23.5,5.725,106.0166685,-99.7302094
0.3916666667,0.6416666667,23.5,5.808333333,85.2092403,-84.42537483
0.3916666667,0.6583333333,23.5,5.891666667,92.35973863,-66.67753761
0.3916666667,0.675,23.5,5.975,99.51023695,-48.50667918
0.3916666667,0.6916666667,23.5,6.058333333,106.6607353,-32.93889981
0.3916666667,0.7083333333,23.5,6.141666667,113.8112336,-23.17026382
0.3916666667,0.725,23.5,6.225,120.9617319,-21.24351678
0.3916666667,0.7416666667,23.5,6.308333333,128.1122303,-27.03994763
0.3916666667,0.7583333333,23.5,6.391666667,125.244115,-38.33654495
0.3916666667,0.775,23.5,6.475,112.3573861,-51.8837798
0.3916666667,0.7916666667,23.5,6.558333333,99.47065715,-64.71119308
0.3916666667,0.8083333333,23.5,6.641666667,86.58392824,-74.89526692
0.3916666667,0.825,23.5,6.725,73.69719933,-81.61481667
0.3916666667,0.8416666667,23.5,6.808333333,60.81047042,-84.78953138
0.3916666667,0.8583333333,23.5,6.891666667,47.92374151,-84.65551333
0.3916666667,0.875,23.5,6.975,44.48132127,-81.46017686
0.3916666667,0.8916666667,23.5,7.058333333,45.39591597,-75.30198042
0.3916666667,0.9083333333,23.5,7.141666667,62.41531229,-66.08259119
0.3916666667,0.925,23.5,7.225,79.43470861,-53.55278422
0.3916666667,0.9416666667,23.5,7.308333333,96.45410492,-37.46988759
0.3916666667,0.9583333333,23.5,7.391666667,113.4735012,-17.89950479
0.3916666667,0.975,23.5,7.475,130.4928976,4.361124339
0.3916666667,0.9916666667,23.5,7.558333333,147.5122939,27.41537231
0.4083333333,0.008333333333,24.5,2.641666667,-48.47503579,-64.00390691
0.4083333333,0.025,24.5,2.725,-38.97080767,-55.63592228
0.4083333333,0.04166666667,24.5,2.808333333,-29.46657955,-44.26448636
0.4083333333,0.05833333333,24.5,2.891666667,-19.96235143,-31.47152742
0.4083333333,0.075,24.5,2.975,-10.45812331,-19.96813429
0.4083333333,0.09166666667,24.5,3.058333333,-0.9538951895,-13.04275597
0.4083333333,0.1083333333,24.5,3.141666667,-6.439719532,-13.35386865
0.4083333333,0.125,24.5,3.225,-11.92554387,-21.68918543
0.4083333333,0.1416666667,24.5,3.308333333,6.305325258,-36.56559848
0.4083333333,0.1583333333,24.5,3.391666667,24.53619439,-54.98108464
0.4083333333,0.175,24.5,3.475,27.96555195,-73.7437376
0.4083333333,0.1916666667,24.5,3.558333333,31.39490952,-90.50264792
0.4083333333,0.2083333333,24.5,3.641666667,34.82426708,-104.0581167
0.4083333333,0.225,24.5,3.725,38.25362464,-114.1129614
0.4083333333,0.2416666667,24.5,3.808333333,41.68298221,-120.8393787
0.4083333333,0.2583333333,24.5,3.891666667,46.95143052,-124.5182262
0.4083333333,0.275,24.5,3.975,54.05896958,-125.3256394
0.4083333333,0.2916666667,24.5,4.058333333,61.16650864,-123.2456601
0.4083333333,0.3083333333,24.5,4.141666667,68.2740477,-118.0796957
0.4083333333,0.325,24.5,4.225,75.38158677,-109.5567427
0.4083333333,0.3416666667,24.5,4.308333333,82.48912583,-97.57692208
0.4083333333,0.3583333333,24.5,4.391666667,86.57949378,-82.59830356
0.4083333333,0.375,24.5,4.475,90.66986173,-66.0594188
0.4083333333,0.3916666667,24.5,4.558333333,94.48678683,-50.54283291
0.4083333333,0.4083333333,24.5,4.641666667,98.30371192,-39.31427282
0.4083333333,0.425,24.5,4.725,105.7094885,-35.17378075
0.4083333333,0.4416666667,24.5,4.808333333,113.115265,-39.17032876
0.4083333333,0.4583333333,24.5,4.891666667,120.5210416,-50.06557369
0.4083333333,0.475,24.5,4.975,127.9268182,-64.96193806
0.4083333333,0.4916666667,24.5,5.058333333,135.3325947,-80.61102135
0.4083333333,0.5083333333,24.5,5.141666667,134.2731077,-94.51646859
0.4083333333,0.525,24.5,5.225,124.7483571,-105.3320023
0.4083333333,0.5416666667,24.5,5.308333333,115.2236065,-112.6607247
0.4083333333,0.5583333333,24.5,5.391666667,105.698856,-116.6268291
0.4083333333,0.575,24.5,5.475,96.17410537,-117.4991801
0.4083333333,0.5916666667,24.5,5.558333333,86.64935479,-115.4604076
0.4083333333,0.6083333333,24.5,5.641666667,115.3545356,-110.5063653
0.4083333333,0.625,24.5,5.725,144.0597165,-102.4445603
0.4083333333,0.6416666667,24.5,5.808333333,123.2522883,-90.99086644
0.4083333333,0.6583333333,24.5,5.891666667,102.4448601,-75.99532478
0.4083333333,0.675,24.5,5.975,109.5953584,-57.81416696
0.4083333333,0.6916666667,24.5,6.058333333,116.7458568,-37.74014672
0.4083333333,0.7083333333,24.5,6.141666667,123.8963551,-18.21835001
0.4083333333,0.725,24.5,6.225,131.0468534,-2.474793572
0.4083333333,0.7416666667,24.5,6.308333333,138.1973517,6.565506995
0.4083333333,0.7583333333,24.5,6.391666667,135.3292365,7.594326385
0.4083333333,0.775,24.5,6.475,122.4425075,1.585843526
0.4083333333,0.7916666667,24.5,6.558333333,109.5557786,-8.699915846
0.4083333333,0.8083333333,24.5,6.641666667,96.66904973,-19.99092346
0.4083333333,0.825,24.5,6.725,83.78232082,-29.67063035
0.4083333333,0.8416666667,24.5,6.808333333,70.89559191,-36.26609791
0.4083333333,0.8583333333,24.5,6.891666667,67.45317166,-39.30141301
0.4083333333,0.875,24.5,6.975,64.01075142,-38.87862161
0.4083333333,0.8916666667,24.5,7.058333333,64.92534613,-35.28701803
0.4083333333,0.9083333333,24.5,7.141666667,65.83994084,-28.75448967
0.4083333333,0.925,24.5,7.225,82.85933715,-19.33333851
0.4083333333,0.9416666667,24.5,7.308333333,99.87873347,-6.887636328
0.4083333333,0.9583333333,24.5,7.391666667,116.8981298,8.823205347
0.4083333333,0.975,24.5,7.475,133.9175261,27.93625998
0.4083333333,0.9916666667,24.5,7.558333333,150.9369224,50.12942409
0.425,0.008333333333,25.5,2.641666667,-41.86735576,-103.8300975
0.425,0.025,25.5,2.725,-32.36312764,-99.15588036
0.425,0.04166666667,25.5,2.808333333,-22.85889952,-90.97659928
0.425,0.05833333333,25.5,2.891666667,-13.3546714,-79.39132403
0.425,0.075,25.5,2.975,-3.850443277,-65.25373915
0.425,0.09166666667,25.5,3.058333333,-9.336267619,-50.52615767
0.425,0.1083333333,25.5,3.141666667,-14.82209196,-38.20376144
0.425,0.125,25.5,3.225,-20.3079163,-31.52242706
0.425,0.1416666667,25.5,3.308333333,-2.077047171,-32.64604482
0.425,0.1583333333,25.5,3.391666667,16.15382196,-41.61248931
0.425,0.175,25.5,3.475,34.38469109,-56.31685729
0.425,0.1916666667,25.5,3.558333333,37.81404866,-73.54507081
0.425,0.2083333333,25.5,3.641666667,41.24340622,-90.29173998
0.425,0.225,25.5,3.725,44.67276378,-104.5723455
0.425,0.2416666667,25.5,3.808333333,48.10212135,-115.5161705
0.425,0.2583333333,25.5,3.891666667,53.37056966,-123.0187773
0.425,0.275,25.5,3.975,60.47810872,-127.3138954
0.425,0.2916666667,25.5,4.058333333,67.58564778,-128.6589132
0.425,0.3083333333,25.5,4.141666667,74.69318684,-127.1662689
0.425,0.325,25.5,4.225,81.80072591,-122.7493161
0.425,0.3416666667,25.5,4.308333333,85.89109386,-115.1620175
0.425,0.3583333333,25.5,4.391666667,89.98146181,-104.1482148
0.425,0.375,25.5,4.475,94.07182976,-89.73380384
0.425,0.3916666667,25.5,4.558333333,97.88875486,-72.64542476
0.425,0.4083333333,25.5,4.641666667,101.70568,-54.6900824
0.425,0.425,25.5,4.725,105.522605,-38.75197386
0.425,0.4416666667,25.5,4.808333333,112.9283816,-28.08971361
0.425,0.4583333333,25.5,4.891666667,120.3341582,-25.05412373
0.425,0.475,25.5,4.975,127.7399347,-29.9531402
0.425,0.4916666667,25.5,5.058333333,135.1457113,-40.88930247
0.425,0.5083333333,25.5,5.141666667,134.0862243,-54.69702798
0.425,0.525,25.5,5.225,124.5614737,-68.27584957
0.425,0.5416666667,25.5,5.308333333,115.0367231,-79.48859029
0.425,0.5583333333,25.5,5.391666667,105.5119725,-87.33274281
0.425,0.575,25.5,5.475,95.98722194,-91.62543194
0.425,0.5916666667,25.5,5.558333333,124.6924028,-92.5709213
0.425,0.6083333333,25.5,5.641666667,153.3975836,-90.42850061
0.425,0.625,25.5,5.725,182.1027645,-85.327757
0.425,0.6416666667,25.5,5.808333333,161.2953363,-77.20258336
0.425,0.6583333333,25.5,5.891666667,140.4879081,-65.81968555
0.425,0.675,25.5,5.975,119.6804799,-50.91304343
0.425,0.6916666667,25.5,6.058333333,126.8309783,-32.45808734
0.425,0.7083333333,25.5,6.141666667,133.9814766,-11.08037375
0.425,0.725,25.5,6.225,141.1319749,11.54426527
0.425,0.7416666667,25.5,6.308333333,148.2824732,32.62532561
0.425,0.7583333333,25.5,6.391666667,145.4143579,48.86936267
0.425,0.775,25.5,6.475,132.527629,57.72024541
0.425,0.7916666667,25.5,6.558333333,119.6409001,58.56194254
0.425,0.8083333333,25.5,6.641666667,106.7541712,53.0246766
0.425,0.825,25.5,6.725,93.86744231,44.15537455
0.425,0.8416666667,25.5,6.808333333,90.42502206,35.08231045
0.425,0.8583333333,25.5,6.891666667,86.98260182,28.03540433
0.425,0.875,25.5,6.975,83.54018158,24.09269277
0.425,0.8916666667,25.5,7.058333333,84.45477628,23.45768435
0.425,0.9083333333,25.5,7.141666667,85.36937099,25.89377778
0.425,0.925,25.5,7.225,86.2839657,31.07432654
0.425,0.9416666667,25.5,7.308333333,103.303362,38.78507905
0.425,0.9583333333,25.5,7.391666667,120.3227583,49.00365953
0.425,0.975,25.5,7.475,137.3421546,61.88346154
0.425,0.9916666667,25.5,7.558333333,154.361551,77.63496263
0.4416666667,0.008333333333,26.5,2.641666667,-35.25967573,-123.8614686
0.4416666667,0.025,26.5,2.725,-25.75544761,-122.8424486
0.4416666667,0.04166666667,26.5,2.808333333,-16.25121948,-118.8025735
0.4416666667,0.05833333333,26.5,2.891666667,-6.746991364,-111.4740841
0.4416666667,0.075,26.5,2.975,-12.23281571,-100.6754242
0.4416666667,0.09166666667,26.5,3.058333333,-17.71864005,-86.66098775
0.4416666667,0.1083333333,26.5,3.141666667,-23.20446439,-70.55518857
0.4416666667,0.125,26.5,3.225,-28.69028873,-54.62921168
0.4416666667,0.1416666667,26.5,3.308333333,-10.4594196,-42.04659251
0.4416666667,0.1583333333,26.5,3.391666667,7.771449532,-35.88277648
0.4416666667,0.175,26.5,3.475,26.00231866,-37.78989442
0.4416666667,0.1916666667,26.5,3.558333333,44.2331878,-47.16843492
0.4416666667,0.2083333333,26.5,3.641666667,47.66254536,-61.47495465
0.4416666667,0.225,26.5,3.725,51.09190292,-77.42571654
0.4416666667,0.2416666667,26.5,3.808333333,54.52126049,-92.23682756
0.4416666667,0.2583333333,26.5,3.891666667,59.7897088,-104.2354711
0.4416666667,0.275,26.5,3.975,66.89724786,-112.7952766
0.4416666667,0.2916666667,26.5,4.058333333,74.00478692,-117.9363811
0.4416666667,0.3083333333,26.5,4.141666667,81.11232598,-119.9172379
0.4416666667,0.325,26.5,4.225,85.20269394,-118.9609854
0.4416666667,0.3416666667,26.5,4.308333333,89.29306189,-115.1214922
0.4416666667,0.3583333333,26.5,4.391666667,93.38342984,-108.255316
0.4416666667,0.375,26.5,4.475,97.47379779,-98.08816113
0.4416666667,0.3916666667,26.5,4.558333333,101.2907229,-84.40010414
0.4416666667,0.4083333333,26.5,4.641666667,105.107648,-67.35820614
0.4416666667,0.425,26.5,4.725,108.9245731,-47.94936469
0.4416666667,0.4416666667,26.5,4.808333333,112.7414982,-28.29535166
0.4416666667,0.4583333333,26.5,4.891666667,120.1472747,-11.48101273
0.4416666667,0.475,26.5,4.975,127.5530513,-0.6556424103
0.4416666667,0.4916666667,26.5,5.058333333,134.9588279,2.29999745
0.4416666667,0.5083333333,26.5,5.141666667,133.8993408,-2.290346387
0.4416666667,0.525,26.5,5.225,124.3745903,-12.06263452
0.4416666667,0.5416666667,26.5,5.308333333,114.8498397,-23.74868603
0.4416666667,0.5583333333,26.5,5.391666667,105.3250891,-34.45842131
0.4416666667,0.575,26.5,5.475,115.5120918,-42.38217249
0.4416666667,0.5916666667,26.5,5.558333333,144.2172727,-46.7935825
0.4416666667,0.6083333333,26.5,5.641666667,172.9224535,-47.67014599
0.4416666667,0.625,26.5,5.725,201.6276344,-45.27496786
0.4416666667,0.6416666667,26.5,5.808333333,180.8202062,-39.86510038
0.4416666667,0.6583333333,26.5,5.891666667,160.012778,-31.54272839
0.4416666667,0.675,26.5,5.975,139.2053498,-20.21585276
0.4416666667,0.6916666667,26.5,6.058333333,136.9160997,-5.65274968
0.4416666667,0.7083333333,26.5,6.141666667,144.0665981,12.34912529
0.4416666667,0.725,26.5,6.225,151.2170964,33.64839889
0.4416666667,0.7416666667,26.5,6.308333333,158.3675947,57.33164489
0.4416666667,0.7583333333,26.5,6.391666667,155.4994794,81.36627719
0.4416666667,0.775,26.5,6.475,142.6127505,102.6944493
0.4416666667,0.7916666667,26.5,6.558333333,129.7260216,118.046437
0.4416666667,0.8083333333,26.5,6.641666667,116.8392927,125.2592171
0.4416666667,0.825,26.5,6.725,113.3968725,124.3098736
0.4416666667,0.8416666667,26.5,6.808333333,109.9544522,117.2982467
0.4416666667,0.8583333333,26.5,6.891666667,106.512032,107.3929792
0.4416666667,0.875,26.5,6.975,103.0696117,97.52006128
0.4416666667,0.8916666667,26.5,7.058333333,103.9842064,89.57256144
0.4416666667,0.9083333333,26.5,7.141666667,104.8988011,84.33671448
0.4416666667,0.925,26.5,7.225,105.8133959,81.84738568
0.4416666667,0.9416666667,26.5,7.308333333,106.7279906,81.81574169
0.4416666667,0.9583333333,26.5,7.391666667,123.7473869,83.9404966
0.4416666667,0.975,26.5,7.475,140.7667832,88.0736737
0.4416666667,0.9916666667,26.5,7.558333333,157.7861795,94.27276917
0.4583333333,0.008333333333,27.5,2.641666667,-28.65199569,-126.0083386
0.4583333333,0.025,27.5,2.725,-19.14776757,-128.5952132
0.4583333333,0.04166666667,27.5,2.808333333,-9.643539452,-128.324123
0.4583333333,0.05833333333,27.5,2.891666667,-15.12936379,-125.1867531
0.4583333333,0.075,27.5,2.975,-20.61518814,-118.988611
0.4583333333,0.09166666667,27.5,3.058333333,-26.10101248,-109.4517754
0.4583333333,0.1083333333,27.5,3.141666667,-31.58683682,-96.44866875
0.4583333333,0.125,27.5,3.225,-37.07266116,-80.38090994
0.4583333333,0.1416666667,27.5,3.308333333,-18.84179203,-62.60654699
0.4583333333,0.1583333333,27.5,3.391666667,-0.6109228981,-45.63276621
0.4583333333,0.175,27.5,3.475,17.61994623,-32.70395739
0.4583333333,0.1916666667,27.5,3.558333333,35.85081537,-26.6882939
0.4583333333,0.2083333333,27.5,3.641666667,54.0816845,-28.77391532
0.4583333333,0.225,27.5,3.725,57.51104206,-37.86109975
0.4583333333,0.2416666667,27.5,3.808333333,60.94039963,-51.1193956
0.4583333333,0.2583333333,27.5,3.891666667,66.20884794,-65.27884054
0.4583333333,0.275,27.5,3.975,73.316387,-77.7689898
0.4583333333,0.2916666667,27.5,4.058333333,80.42392606,-87.16580288
0.4583333333,0.3083333333,27.5,4.141666667,84.51429401,-93.019666
0.4583333333,0.325,27.5,4.225,88.60466197,-95.43155768
0.4583333333,0.3416666667,27.5,4.308333333,92.69502992,-94.66866053
0.4583333333,0.3583333333,27.5,4.391666667,96.78539787,-90.92384975
0.4583333333,0.375,27.5,4.475,100.8757658,-84.20786274
0.4583333333,0.3916666667,27.5,4.558333333,104.6926909,-74.34182847
0.4583333333,0.4083333333,27.5,4.641666667,108.509616,-61.04694249
0.4583333333,0.425,27.5,4.725,112.3265411,-44.16085418
0.4583333333,0.4416666667,27.5,4.808333333,116.1434662,-24.00120646
0.4583333333,0.4583333333,27.5,4.891666667,119.9603913,-1.798565391
0.4583333333,0.475,27.5,4.975,127.3661679,20.06173329
0.4583333333,0.4916666667,27.5,5.058333333,134.7719444,38.36312205
0.4583333333,0.5083333333,27.5,5.141666667,133.7124574,50.10017426
0.4583333333,0.525,27.5,5.225,124.1877068,53.80512944
0.4583333333,0.5416666667,27.5,5.308333333,114.6629562,50.28082076
0.4583333333,0.5583333333,27.5,5.391666667,106.3317809,42.17881181
0.4583333333,0.575,27.5,5.475,98.00060557,32.75068422
0.4583333333,0.5916666667,27.5,5.558333333,108.1876083,24.64936094
0.4583333333,0.6083333333,27.5,5.641666667,136.8927892,19.39181405
0.4583333333,0.625,27.5,5.725,165.59797,17.47428205
0.4583333333,0.6416666667,27.5,5.808333333,144.7905418,18.78510696
0.4583333333,0.6583333333,27.5,5.891666667,123.9831137,23.00337199
0.4583333333,0.675,27.5,5.975,121.6938636,29.85817753
0.4583333333,0.6916666667,27.5,6.058333333,137.9227916,39.25136385
0.4583333333,0.7083333333,27.5,6.141666667,154.1517196,51.27712609
0.4583333333,0.725,27.5,6.225,161.3022179,66.14630436
0.4583333333,0.7416666667,27.5,6.308333333,168.4527162,83.98848194
0.4583333333,0.7583333333,27.5,6.391666667,165.5846009,104.5064012
0.4583333333,0.775,27.5,6.475,152.697872,126.542923
0.4583333333,0.7916666667,27.5,6.558333333,139.8111431,147.7977238
0.4583333333,0.8083333333,27.5,6.641666667,136.3687229,165.066995
0.4583333333,0.825,27.5,6.725,132.9263026,175.2099583
0.4583333333,0.8416666667,27.5,6.808333333,129.4838824,176.4857448
0.4583333333,0.8583333333,27.5,6.891666667,126.0414621,169.403769
0.4583333333,0.875,27.5,6.975,122.5990419,156.4436401
0.4583333333,0.8916666667,27.5,7.058333333,123.5136366,140.8638969
0.4583333333,0.9083333333,27.5,7.141666667,124.4282313,125.4536654
0.4583333333,0.925,27.5,7.225,125.342826,111.904582
0.4583333333,0.9416666667,27.5,7.308333333,126.2574207,100.8632938
0.4583333333,0.9583333333,27.5,7.391666667,127.1720154,92.32790332
0.4583333333,0.975,27.5,7.475,144.1914117,86.05799586
0.4583333333,0.9916666667,27.5,7.558333333,161.2108081,81.85126384
0.475,0.008333333333,28.5,2.641666667,-22.04431566,-109.3059827
0.475,0.025,28.5,2.725,-12.54008754,-116.1443375
0.475,0.04166666667,28.5,2.808333333,-18.02591188,-119.6877605
0.475,0.05833333333,28.5,2.891666667,-23.51173622,-120.201552
0.475,0.075,28.5,2.975,-28.99756057,-117.8323426
0.475,0.09166666667,28.5,3.058333333,-34.48338491,-112.5316025
0.475,0.1083333333,28.5,3.141666667,-39.96920925,-104.0746079
0.475,0.125,28.5,3.225,-45.45503359,-92.18264336
0.475,0.1416666667,28.5,3.308333333,-27.22416446,-76.78188603
0.475,0.1583333333,28.5,3.391666667,-8.993295328,-58.40181155
0.475,0.175,28.5,3.475,9.237573805,-38.58802095
0.475,0.1916666667,28.5,3.558333333,27.46844294,-20.01772436
0.475,0.2083333333,28.5,3.641666667,45.69931207,-5.962935228
0.475,0.225,28.5,3.725,63.9301812,0.9077201191
0.475,0.2416666667,28.5,3.808333333,67.35953877,-0.2225433676
0.475,0.2583333333,28.5,3.891666667,72.62798708,-7.89687227
0.475,0.275,28.5,3.975,79.73552614,-19.11789231
0.475,0.2916666667,28.5,4.058333333,83.82589409,-30.6748064
0.475,0.3083333333,28.5,4.141666667,87.91626204,-40.18666119
0.475,0.325,28.5,4.225,92.00663,-46.42684292
0.475,0.3416666667,28.5,4.308333333,96.09699795,-49.08207049
0.475,0.3583333333,28.5,4.391666667,100.1873659,-48.32016748
0.475,0.375,28.5,4.475,104.2777339,-44.42714215
0.475,0.3916666667,28.5,4.558333333,108.0946589,-37.59137978
0.475,0.4083333333,28.5,4.641666667,111.911584,-27.81450988
0.475,0.425,28.5,4.725,115.7285091,-14.9193588
0.475,0.4416666667,28.5,4.808333333,119.5454342,1.341827166
0.475,0.4583333333,28.5,4.891666667,123.3623593,21.04658563
0.475,0.475,28.5,4.975,127.1792844,43.7176629
0.475,0.4916666667,28.5,5.058333333,134.585061,67.89903918
0.475,0.5083333333,28.5,5.141666667,133.525574,90.98380075
0.475,0.525,28.5,5.225,124.0008234,109.6609022
0.475,0.5416666667,28.5,5.308333333,115.6696481,121.0542933
0.475,0.5583333333,28.5,5.391666667,107.3384727,124.0146884
0.475,0.575,28.5,5.475,99.00729738,119.6776907
0.475,0.5916666667,28.5,5.558333333,90.67612205,110.8570767
0.475,0.6083333333,28.5,5.641666667,100.8631248,100.7419004
0.475,0.625,28.5,5.725,129.5683056,91.78378992
0.475,0.6416666667,28.5,5.808333333,108.7608775,85.28573829
0.475,0.6583333333,28.5,5.891666667,106.4716274,81.5957038
0.475,0.675,28.5,5.975,122.7005554,80.53489215
0.475,0.6916666667,28.5,6.058333333,138.9294834,81.77771723
0.475,0.7083333333,28.5,6.141666667,155.1584114,85.0866428
0.475,0.725,28.5,6.225,171.3873394,90.41590889
0.475,0.7416666667,28.5,6.308333333,178.5378377,97.91579908
0.475,0.7583333333,28.5,6.391666667,175.6697224,107.8388511
0.475,0.775,28.5,6.475,162.7829935,120.3175272
0.475,0.7916666667,28.5,6.558333333,159.3405733,134.9951789
0.475,0.8083333333,28.5,6.641666667,155.898153,150.5951887
0.475,0.825,28.5,6.725,152.4557328,164.69752
0.475,0.8416666667,28.5,6.808333333,149.0133125,174.0960021
0.475,0.8583333333,28.5,6.891666667,145.5708923,175.8686962
0.475,0.875,28.5,6.975,142.128472,168.6969206
0.475,0.8916666667,28.5,7.058333333,143.0430668,153.5503766
0.475,0.9083333333,28.5,7.141666667,143.9576615,133.2116969
0.475,0.925,28.5,7.225,144.8722562,111.0088227
0.475,0.9416666667,28.5,7.308333333,145.7868509,89.63731264
0.475,0.9583333333,28.5,7.391666667,146.7014456,70.65699047
0.475,0.975,28.5,7.475,147.6160403,54.62864916
0.475,0.9916666667,28.5,7.558333333,164.6354366,41.53056207
0.4916666667,0.008333333333,29.5,2.641666667,-15.43663563,-69.81238685
0.4916666667,0.025,29.5,2.725,-20.92245997,-81.08696682
0.4916666667,0.04166666667,29.5,2.808333333,-26.40828431,-88.9884856
0.4916666667,0.05833333333,29.5,2.891666667,-31.89410865,-93.34364103
0.4916666667,0.075,29.5,2.975,-37.379933,-94.35962264
0.4916666667,0.09166666667,29.5,3.058333333,-42.86575734,-92.29436681
0.4916666667,0.1083333333,29.5,3.141666667,-48.35158168,-87.27405707
0.4916666667,0.125,29.5,3.225,-53.83740602,-79.2287796
0.4916666667,0.1416666667,29.5,3.308333333,-35.60653689,-67.92255681
0.4916666667,0.1583333333,29.5,3.391666667,-17.37566776,-53.08980627
0.4916666667,0.175,29.5,3.475,0.8552013751,-34.71198264
0.4916666667,0.1916666667,29.5,3.558333333,19.08607051,-13.42776916
0.4916666667,0.2083333333,29.5,3.641666667,37.31693964,9.06920357
0.4916666667,0.225,29.5,3.725,55.54780877,29.97471995
0.4916666667,0.2416666667,29.5,3.808333333,73.77867791,45.99799705
0.4916666667,0.2583333333,29.5,3.891666667,79.04712622,54.60818085
0.4916666667,0.275,29.5,3.975,83.13749417,55.22874331
0.4916666667,0.2916666667,29.5,4.058333333,87.22786212,49.52438852
0.4916666667,0.3083333333,29.5,4.141666667,91.31823007,40.55629958
0.4916666667,0.325,29.5,4.225,95.40859803,31.44624718
0.4916666667,0.3416666667,29.5,4.308333333,99.49896598,24.40757765
0.4916666667,0.3583333333,29.5,4.391666667,103.5893339,20.50297591
0.4916666667,0.375,29.5,4.475,107.6797019,19.92724875
0.4916666667,0.3916666667,29.5,4.558333333,111.496627,22.44169882
0.4916666667,0.4083333333,29.5,4.641666667,115.3135521,27.72184129
0.4916666667,0.425,29.5,4.725,119.1304772,35.55747935
0.4916666667,0.4416666667,29.5,4.808333333,122.9474023,45.93041623
0.4916666667,0.4583333333,29.5,4.891666667,126.7643274,58.99678268
0.4916666667,0.475,29.5,4.975,130.5812525,74.96637748
0.4916666667,0.4916666667,29.5,5.058333333,134.3981776,93.84558937
0.4916666667,0.5083333333,29.5,5.141666667,133.3386905,115.0406724
0.4916666667,0.525,29.5,5.225,125.0075152,136.9455804
0.4916666667,0.5416666667,29.5,5.308333333,116.6763399,156.8252956
0.4916666667,0.5583333333,29.5,5.391666667,108.3451645,171.3501783
0.4916666667,0.575,29.5,5.475,100.0139892,177.7931329
0.4916666667,0.5916666667,29.5,5.558333333,91.68281386,175.2812561
0.4916666667,0.6083333333,29.5,5.641666667,83.35163853,165.2243744
0.4916666667,0.625,29.5,5.725,93.53864128,150.5878538
0.4916666667,0.6416666667,29.5,5.808333333,91.24939119,134.566999
0.4916666667,0.6583333333,29.5,5.891666667,107.4783192,119.5414274
0.4916666667,0.675,29.5,5.975,123.7072472,106.7475089
0.4916666667,0.6916666667,29.5,6.058333333,139.9361752,96.51778538
0.4916666667,0.7083333333,29.5,6.141666667,156.1651032,88.71315006
0.4916666667,0.725,29.5,6.225,172.3940312,83.08632247
0.4916666667,0.7416666667,29.5,6.308333333,188.6229592,79.49807341
0.4916666667,0.7583333333,29.5,6.391666667,185.7548439,78.00641381
0.4916666667,0.775,29.5,6.475,182.3124237,78.85844938
0.4916666667,0.7916666667,29.5,6.558333333,178.8700034,82.3819214
0.4916666667,0.8083333333,29.5,6.641666667,175.4275832,88.74421166
0.4916666667,0.825,29.5,6.725,171.9851629,97.56731386
0.4916666667,0.8416666667,29.5,6.808333333,168.5427427,107.5023489
0.4916666667,0.8583333333,29.5,6.891666667,165.1003224,116.0540161
0.4916666667,0.875,29.5,6.975,161.6579022,120.0224096
0.4916666667,0.8916666667,29.5,7.058333333,162.5724969,116.6382062
0.4916666667,0.9083333333,29.5,7.141666667,163.4870916,104.8545312
0.4916666667,0.925,29.5,7.225,164.4016863,85.90912309
0.4916666667,0.9416666667,29.5,7.308333333,165.316281,62.72156302
0.4916666667,0.9583333333,29.5,7.391666667,166.2308757,38.59028947
0.4916666667,0.975,29.5,7.475,167.1454704,16.07586841
0.4916666667,0.9916666667,29.5,7.558333333,168.0600652,-3.415105809
0.5083333333,0.008333333333,30.5,2.641666667,-17.07915785,-7.02366336
0.5083333333,0.025,30.5,2.725,-22.56498219,-18.42281657
0.5083333333,0.04166666667,30.5,2.808333333,-28.05080653,-29.32279633
0.5083333333,0.05833333333,30.5,2.891666667,-33.53663087,-37.69142125
0.5083333333,0.075,30.5,2.975,-39.02245522,-42.62118008
0.5083333333,0.09166666667,30.5,3.058333333,-44.50827956,-43.99216618
0.5083333333,0.1083333333,30.5,3.141666667,-49.9941039,-42.04245679
0.5083333333,0.125,30.5,3.225,-55.47992824,-37.04795689
0.5083333333,0.1416666667,30.5,3.308333333,-37.24905911,-29.14870065
0.5083333333,0.1583333333,30.5,3.391666667,-19.01818998,-18.29096887
0.5083333333,0.175,30.5,3.475,-0.7873208466,-4.263324727
0.5083333333,0.1916666667,30.5,3.558333333,17.44354829,13.15909714
0.5083333333,0.2083333333,30.5,3.641666667,35.67441742,33.92848288
0.5083333333,0.225,30.5,3.725,53.90528655,57.30892947
0.5083333333,0.2416666667,30.5,3.808333333,72.13615568,81.48974586
0.5083333333,0.2583333333,30.5,3.891666667,81.10910146,103.5660197
0.5083333333,0.275,30.5,3.975,85.19946941,120.2118151
0.5083333333,0.2916666667,30.5,4.058333333,89.28983736,128.9503393
0.5083333333,0.3083333333,30.5,4.141666667,93.38020531,129.3138243
0.5083333333,0.325,30.5,4.225,97.47057326,123.0549789
0.5083333333,0.3416666667,30.5,4.308333333,101.5609412,113.2452957
0.5083333333,0.3583333333,30.5,4.391666667,105.6513092,102.940704
0.5083333333,0.375,30.5,4.475,109.7416771,94.25691578
0.5083333333,0.3916666667,30.5,4.558333333,113.5586022,88.1723317
0.5083333333,0.4083333333,30.5,4.641666667,117.3755273,84.83234318
0.5083333333,0.425,30.5,4.725,121.1924524,83.98392609
0.5083333333,0.4416666667,30.5,4.808333333,125.0093775,85.31479841
0.5083333333,0.4583333333,30.5,4.891666667,128.8263026,88.64487382
0.5083333333,0.475,30.5,4.975,132.6432277,93.99744314
0.5083333333,0.4916666667,30.5,5.058333333,136.4601528,101.5753904
0.5083333333,0.5083333333,30.5,5.141666667,142.6308712,111.6324334
0.5083333333,0.525,30.5,5.225,134.2996959,124.2056641
0.5083333333,0.5416666667,30.5,5.308333333,125.9685206,138.7112207
0.5083333333,0.5583333333,30.5,5.391666667,117.6373452,153.538803
0.5083333333,0.575,30.5,5.475,109.3061699,165.9662059
0.5083333333,0.5916666667,30.5,5.558333333,100.9749946,172.7406414
0.5083333333,0.6083333333,30.5,5.641666667,92.64381922,171.30247
0.5083333333,0.625,30.5,5.725,84.31264388,161.006993
0.5083333333,0.6416666667,30.5,5.808333333,100.5415719,143.4769081
0.5083333333,0.6583333333,30.5,5.891666667,116.7704999,121.8100393
0.5083333333,0.675,30.5,5.975,132.9994279,99.24529148
0.5083333333,0.6916666667,30.5,6.058333333,149.2283559,78.15588707
0.5083333333,0.7083333333,30.5,6.141666667,165.4572839,59.76648872
0.5083333333,0.725,30.5,6.225,181.6862119,44.41535746
0.5083333333,0.7416666667,30.5,6.308333333,197.9151399,31.98715197
0.5083333333,0.7583333333,30.5,6.391666667,201.688091,22.26721561
0.5083333333,0.775,30.5,6.475,198.2456708,15.14835673
0.5083333333,0.7916666667,30.5,6.558333333,194.8032506,10.71320122
0.5083333333,0.8083333333,30.5,6.641666667,191.3608303,9.220436537
0.5083333333,0.825,30.5,6.725,187.9184101,10.98948811
0.5083333333,0.8416666667,30.5,6.808333333,184.4759898,16.15065756
0.5083333333,0.8583333333,30.5,6.891666667,181.0335696,24.25343704
0.5083333333,0.875,30.5,6.975,177.5911493,33.84741107
0.5083333333,0.8916666667,30.5,7.058333333,178.505744,42.33728683
0.5083333333,0.9083333333,30.5,7.141666667,179.4203388,46.47387693
0.5083333333,0.925,30.5,7.225,180.3349335,43.52346682
0.5083333333,0.9416666667,30.5,7.308333333,181.2495282,32.54012445
0.5083333333,0.9583333333,30.5,7.391666667,182.1641229,14.85760277
0.5083333333,0.975,30.5,7.475,183.0787176,-6.580543692
0.5083333333,0.9916666667,30.5,7.558333333,183.9933123,-28.53747773
0.525,0.008333333333,31.5,2.641666667,-15.0546942,64.90121076
0.525,0.025,31.5,2.725,-17.4676542,64.33709737
0.525,0.04166666667,31.5,2.808333333,-22.95347855,57.94622681
0.525,0.05833333333,31.5,2.891666667,-28.43930289,48.90067181
0.525,0.075,31.5,2.975,-33.92512723,40.19037229
0.525,0.09166666667,31.5,3.058333333,-39.41095157,33.79138399
0.525,0.1083333333,31.5,3.141666667,-44.89677592,30.55589222
0.525,0.125,31.5,3.225,-50.38260026,30.55328112
0.525,0.1416666667,31.5,3.308333333,-32.15173113,33.50000539
0.525,0.1583333333,31.5,3.391666667,-13.92086199,39.07875104
0.525,0.175,31.5,3.475,4.31000714,47.11140697
0.525,0.1916666667,31.5,3.558333333,22.54087627,57.61673533
0.525,0.2083333333,31.5,3.641666667,40.7717454,70.7742187
0.525,0.225,31.5,3.725,59.00261454,86.77926427
0.525,0.2416666667,31.5,3.808333333,35.96337103,105.5562312
0.525,0.2583333333,31.5,3.891666667,44.9363168,126.342986
0.525,0.275,31.5,3.975,85.92145185,147.3073828
0.525,0.2916666667,31.5,4.058333333,90.01181981,165.5358771
0.525,0.3083333333,31.5,4.141666667,94.10218776,177.7169368
0.525,0.325,31.5,4.225,98.19255571,181.4157348
0.525,0.3416666667,31.5,4.308333333,102.2829237,176.2265546
0.525,0.3583333333,31.5,4.391666667,106.3732916,163.9686566
0.525,0.375,31.5,4.475,110.4636596,147.7728786
0.525,0.3916666667,31.5,4.558333333,114.2805847,130.7470861
0.525,0.4083333333,31.5,4.641666667,118.0975098,115.0593224
0.525,0.425,31.5,4.725,121.9144349,101.7481547
0.525,0.4416666667,31.5,4.808333333,125.7313599,91.02943716
0.525,0.4583333333,31.5,4.891666667,129.548285,82.72905743
0.525,0.475,31.5,4.975,133.3652101,76.61851234
0.525,0.4916666667,31.5,5.058333333,136.8435944,72.60279844
0.525,0.5083333333,31.5,5.141666667,143.0143129,70.78850416
0.525,0.525,31.5,5.225,151.8773655,71.45712262
0.525,0.5416666667,31.5,5.308333333,143.5461901,74.93315733
0.525,0.5583333333,31.5,5.391666667,135.2150148,81.31331671
0.525,0.575,31.5,5.475,126.8838395,90.0597338
0.525,0.5916666667,31.5,5.558333333,118.5526641,99.59528628
0.525,0.6083333333,31.5,5.641666667,110.2214888,107.2241823
0.525,0.625,31.5,5.725,101.8903134,109.7226152
0.525,0.6416666667,31.5,5.808333333,118.1192415,104.5677105
0.525,0.6583333333,31.5,5.891666667,134.3481695,91.15338588
0.525,0.675,31.5,5.975,150.5770975,71.12819181
0.525,0.6916666667,31.5,6.058333333,166.8060255,47.59131682
0.525,0.7083333333,31.5,6.141666667,183.0349535,23.75844932
0.525,0.725,31.5,6.225,199.2638815,1.964224977
0.525,0.7416666667,31.5,6.308333333,198.6561496,-16.61052961
0.525,0.7583333333,31.5,6.391666667,202.4291007,-31.67099401
0.525,0.775,31.5,6.475,210.5827349,-43.37429373
0.525,0.7916666667,31.5,6.558333333,207.1403147,-51.97589044
0.525,0.8083333333,31.5,6.641666667,203.6978944,-57.62358836
0.525,0.825,31.5,6.725,200.2554742,-60.27557413
0.525,0.8416666667,31.5,6.808333333,196.8130539,-59.71448281
0.525,0.8583333333,31.5,6.891666667,193.3706337,-55.66345154
0.525,0.875,31.5,6.975,189.9282135,-48.03725642
0.525,0.8916666667,31.5,7.058333333,190.8428082,-37.33492154
0.525,0.9083333333,31.5,7.141666667,191.7574029,-25.05717103
0.525,0.925,31.5,7.225,192.6719976,-13.84499608
0.525,0.9416666667,31.5,7.308333333,193.5865923,-6.978820173
0.525,0.9583333333,31.5,7.391666667,194.501187,-7.202708001
0.525,0.975,31.5,7.475,195.4157817,-15.45664145
0.525,0.9916666667,31.5,7.558333333,202.4418731,-30.39913814
0.5416666667,0.008333333333,32.5,2.641666667,-13.03023056,119.5417068
0.5416666667,0.025,32.5,2.725,-15.44319056,135.171075
0.5416666667,0.04166666667,32.5,2.808333333,-17.85615056,142.634638
0.5416666667,0.05833333333,32.5,2.891666667,-23.3419749,141.6843088
0.5416666667,0.075,32.5,2.975,-28.82779924,134.2507894
0.5416666667,0.09166666667,32.5,3.058333333,-34.31362359,123.4621028
0.5416666667,0.1083333333,32.5,3.141666667,-39.79944793,112.316891
0.5416666667,0.125,32.5,3.225,-45.28527227,102.8260498
0.5416666667,0.1416666667,32.5,3.308333333,-27.05440314,95.8787096
0.5416666667,0.1583333333,32.5,3.391666667,-8.823534006,91.57385113
0.5416666667,0.175,32.5,3.475,9.407335126,89.65220787
0.5416666667,0.1916666667,32.5,3.558333333,27.63820426,89.8213536
0.5416666667,0.2083333333,32.5,3.641666667,45.86907339,91.93382841
0.5416666667,0.225,32.5,3.725,22.82982989,96.04833245
0.5416666667,0.2416666667,32.5,3.808333333,-0.2094136181,102.3966251
0.5416666667,0.2583333333,32.5,3.891666667,8.763532154,111.242682
0.5416666667,0.275,32.5,3.975,49.7486672,122.6004229
0.5416666667,0.2916666667,32.5,4.058333333,90.73380225,135.8201135
0.5416666667,0.3083333333,32.5,4.141666667,94.8241702,149.1966331
0.5416666667,0.325,32.5,4.225,98.91453816,159.9346828
0.5416666667,0.3416666667,32.5,4.308333333,103.0049061,164.8014211
0.5416666667,0.3583333333,32.5,4.391666667,107.0952741,161.3864107
0.5416666667,0.375,32.5,4.475,111.185642,149.2744765
0.5416666667,0.3916666667,32.5,4.558333333,115.0025671,130.2860088
0.5416666667,0.4083333333,32.5,4.641666667,118.8194922,107.5961371
0.5416666667,0.425,32.5,4.725,122.6364173,84.39768996
0.5416666667,0.4416666667,32.5,4.808333333,126.4533424,62.9569777
0.5416666667,0.4583333333,32.5,4.891666667,130.2702675,44.39711916
0.5416666667,0.475,32.5,4.975,133.7486518,28.99232245
0.5416666667,0.4916666667,32.5,5.058333333,137.227036,16.6009632
0.5416666667,0.5083333333,32.5,5.141666667,143.3977545,7.006745026
0.5416666667,0.525,32.5,5.225,152.2608071,0.1122657361
0.5416666667,0.5416666667,32.5,5.308333333,161.1238597,-3.988376057
0.5416666667,0.5583333333,32.5,5.391666667,152.7926844,-5.0319239
0.5416666667,0.575,32.5,5.475,144.461509,-2.712295179
0.5416666667,0.5916666667,32.5,5.558333333,136.1303337,3.055470975
0.5416666667,0.6083333333,32.5,5.641666667,127.7991584,11.73340921
0.5416666667,0.625,32.5,5.725,119.467983,21.75204057
0.5416666667,0.6416666667,32.5,5.808333333,135.696911,30.41214928
0.5416666667,0.6583333333,32.5,5.891666667,151.925839,34.44740166
0.5416666667,0.675,32.5,5.975,168.154767,31.23804584
0.5416666667,0.6916666667,32.5,6.058333333,184.383695,20.04554103
0.5416666667,0.7083333333,32.5,6.141666667,200.612623,2.396169382
0.5416666667,0.725,32.5,6.225,200.0048911,-18.68484701
0.5416666667,0.7416666667,32.5,6.308333333,199.3971592,-40.00370894
0.5416666667,0.7583333333,32.5,6.391666667,203.1701104,-59.21970096
0.5416666667,0.775,32.5,6.475,211.3237446,-75.14491952
0.5416666667,0.7916666667,32.5,6.558333333,219.4773788,-87.4900481
0.5416666667,0.8083333333,32.5,6.641666667,216.0349586,-96.4306961
0.5416666667,0.825,32.5,6.725,212.5925383,-102.2484222
0.5416666667,0.8416666667,32.5,6.808333333,209.1501181,-105.1192257
0.5416666667,0.8583333333,32.5,6.891666667,205.7076978,-105.0275431
0.5416666667,0.875,32.5,6.975,202.2652776,-101.7768737
0.5416666667,0.8916666667,32.5,7.058333333,203.1798723,-95.10151579
0.5416666667,0.9083333333,32.5,7.141666667,204.094467,-84.91212094
0.5416666667,0.925,32.5,7.225,205.0090617,-71.6840956
0.5416666667,0.9416666667,32.5,7.308333333,205.9236564,-56.87881965
0.5416666667,0.9583333333,32.5,7.391666667,206.8382511,-43.10055008
0.5416666667,0.975,32.5,7.475,213.8643425,-33.62474421
0.5416666667,0.9916666667,32.5,7.558333333,220.8904339,-31.24175638
0.5583333333,0.008333333333,33.5,2.641666667,-11.00576692,135.7188074
0.5583333333,0.025,33.5,2.725,-13.41872692,155.0783927
0.5583333333,0.04166666667,33.5,2.808333333,-15.83168692,171.639159
0.5583333333,0.05833333333,33.5,2.891666667,-18.24464692,182.1062548
0.5583333333,0.075,33.5,2.975,-23.73047126,184.0521933
0.5583333333,0.09166666667,33.5,3.058333333,-29.2162956,177.0735202
0.5583333333,0.1083333333,33.5,3.141666667,-34.70211994,162.9957183
0.5583333333,0.125,33.5,3.225,-40.18794429,144.9662394
0.5583333333,0.1416666667,33.5,3.308333333,-21.95707515,126.1191097
0.5583333333,0.1583333333,33.5,3.391666667,-3.72620602,108.6521553
0.5583333333,0.175,33.5,3.475,14.50466311,93.63153953
0.5583333333,0.1916666667,33.5,3.558333333,32.73553224,81.29570783
0.5583333333,0.2083333333,33.5,3.641666667,9.69628874,71.48792737
0.5583333333,0.225,33.5,3.725,-13.34295476,63.99272377
0.5583333333,0.2416666667,33.5,3.808333333,-36.38219827,58.72466389
0.5583333333,0.2583333333,33.5,3.891666667,-27.4092525,55.79713362
0.5583333333,0.275,33.5,3.975,13.57588255,55.49634454
0.5583333333,0.2916666667,33.5,4.058333333,54.5610176,58.15043089
0.5583333333,0.3083333333,33.5,4.141666667,95.54615265,63.85994412
0.5583333333,0.325,33.5,4.225,99.6365206,72.09201547
0.5583333333,0.3416666667,33.5,4.308333333,103.7268886,81.27481263
0.5583333333,0.3583333333,33.5,4.391666667,107.8172565,88.71423365
0.5583333333,0.375,33.5,4.475,111.9076245,91.17885561
0.5583333333,0.3916666667,33.5,4.558333333,115.7245496,86.12591756
0.5583333333,0.4083333333,33.5,4.641666667,119.5414746,72.92126545
0.5583333333,0.425,33.5,4.725,123.3583997,53.18676613
0.5583333333,0.4416666667,33.5,4.808333333,127.1753248,30.0042022
0.5583333333,0.4583333333,33.5,4.891666667,130.6537091,6.581935148
0.5583333333,0.475,33.5,4.975,134.1320934,-14.74751366
0.5583333333,0.4916666667,33.5,5.058333333,137.6104777,-32.80560471
0.5583333333,0.5083333333,33.5,5.141666667,143.7811961,-47.30259664
0.5583333333,0.525,33.5,5.225,152.6442487,-58.40342736
0.5583333333,0.5416666667,33.5,5.308333333,161.5073013,-66.37289803
0.5583333333,0.5583333333,33.5,5.391666667,170.3703539,-71.36846899
0.5583333333,0.575,33.5,5.475,162.0391786,-73.35740711
0.5583333333,0.5916666667,33.5,5.558333333,153.7080033,-72.13009345
0.5583333333,0.6083333333,33.5,5.641666667,145.3768279,-67.41514816
0.5583333333,0.625,33.5,5.725,137.0456526,-59.12939394
0.5583333333,0.6416666667,33.5,5.808333333,153.2745806,-47.76960014
0.5583333333,0.6583333333,33.5,5.891666667,169.5035086,-34.83074353
0.5583333333,0.675,33.5,5.975,185.7324366,-22.94839748
0.5583333333,0.6916666667,33.5,6.058333333,201.9613646,-15.4039107
0.5583333333,0.7083333333,33.5,6.141666667,201.3536327,-14.95256385
0.5583333333,0.725,33.5,6.225,200.7459008,-22.55304914
0.5583333333,0.7416666667,33.5,6.308333333,200.1381689,-36.88121907
0.5583333333,0.7583333333,33.5,6.391666667,203.9111201,-55.00525759
0.5583333333,0.775,33.5,6.475,212.0647543,-73.70334277
0.5583333333,0.7916666667,33.5,6.558333333,220.2183885,-90.54040681
0.5583333333,0.8083333333,33.5,6.641666667,228.3720227,-104.233053
0.5583333333,0.825,33.5,6.725,224.9296024,-114.4301988
0.5583333333,0.8416666667,33.5,6.808333333,221.4871822,-121.2824486
0.5583333333,0.8583333333,33.5,6.891666667,218.044762,-125.0713409
0.5583333333,0.875,33.5,6.975,214.6023417,-125.9849628
0.5583333333,0.8916666667,33.5,7.058333333,215.5169364,-124.0223144
0.5583333333,0.9083333333,33.5,7.141666667,216.4315311,-118.9957805
0.5583333333,0.925,33.5,7.225,217.3461258,-110.6327453
0.5583333333,0.9416666667,33.5,7.308333333,218.2607205,-98.80788283
0.5583333333,0.9583333333,33.5,7.391666667,225.2868119,-83.92075574
0.5583333333,0.975,33.5,7.475,232.3129033,-67.32361687
0.5583333333,0.9916666667,33.5,7.558333333,239.3389946,-51.51830251
0.575,0.008333333333,34.5,2.641666667,-8.981303273,102.6448312
0.575,0.025,34.5,2.725,-11.39426327,111.6617388
0.575,0.04166666667,34.5,2.808333333,-13.80722327,122.7667801
0.575,0.05833333333,34.5,2.891666667,-16.22018327,134.4036941
0.575,0.075,34.5,2.975,-18.63314327,143.8973621
0.575,0.09166666667,34.5,3.058333333,-24.11896761,148.0225706
0.575,0.1083333333,34.5,3.141666667,-29.60479196,144.2205933
0.575,0.125,34.5,3.225,-35.0906163,131.8280005
0.575,0.1416666667,34.5,3.308333333,-16.85974717,112.4474473
0.575,0.1583333333,34.5,3.391666667,1.371121966,89.1708067
0.575,0.175,34.5,3.475,19.6019911,65.24660904
0.575,0.1916666667,34.5,3.558333333,-3.437252406,43.06346208
0.575,0.2083333333,34.5,3.641666667,-26.47649591,23.85632135
0.575,0.225,34.5,3.725,-49.51573942,7.963429087
0.575,0.2416666667,34.5,3.808333333,-72.55498292,-4.74057943
0.575,0.2583333333,34.5,3.891666667,-63.58203715,-14.48763072
0.575,0.275,34.5,3.975,-22.5969021,-21.40656293
0.575,0.2916666667,34.5,4.058333333,18.38823295,-25.4384861
0.575,0.3083333333,34.5,4.141666667,59.373368,-26.34850031
0.575,0.325,34.5,4.225,100.358503,-23.83864289
0.575,0.3416666667,34.5,4.308333333,104.448871,-17.79489062
0.575,0.3583333333,34.5,4.391666667,108.539239,-8.676598406
0.575,0.375,34.5,4.475,112.6296069,2.063317173
0.575,0.3916666667,34.5,4.558333333,116.446532,11.8262703
0.575,0.4083333333,34.5,4.641666667,120.2634571,17.34732757
0.575,0.425,34.5,4.725,124.0803822,15.8568078
0.575,0.4416666667,34.5,4.808333333,127.5587665,6.358158793
0.575,0.4583333333,34.5,4.891666667,131.0371507,-9.862334211
0.575,0.475,34.5,4.975,134.515535,-29.88885413
0.575,0.4916666667,34.5,5.058333333,137.9939193,-50.48943453
0.575,0.5083333333,34.5,5.141666667,144.1646377,-69.20466384
0.575,0.525,34.5,5.225,153.0276903,-84.72762842
0.575,0.5416666667,34.5,5.308333333,161.8907429,-96.69285414
0.575,0.5583333333,34.5,5.391666667,170.7537955,-105.2464848
0.575,0.575,34.5,5.475,179.6168482,-110.6727013
0.575,0.5916666667,34.5,5.558333333,171.2856728,-113.1661541
0.575,0.6083333333,34.5,5.641666667,162.9544975,-112.7339062
0.575,0.625,34.5,5.725,154.6233221,-109.1958833
0.575,0.6416666667,34.5,5.808333333,170.8522501,-102.28407
0.575,0.6583333333,34.5,5.891666667,187.0811781,-91.87165559
0.575,0.675,34.5,5.975,203.3101061,-78.34794205
0.575,0.6916666667,34.5,6.058333333,202.7023743,-63.04725041
0.575,0.7083333333,34.5,6.141666667,202.0946424,-48.45451747
0.575,0.725,34.5,6.225,201.4869105,-37.81588327
0.575,0.7416666667,34.5,6.308333333,200.8791786,-34.04248582
0.575,0.7583333333,34.5,6.391666667,204.6521297,-38.39940151
0.575,0.775,34.5,6.475,212.8057639,-49.86512784
0.575,0.7916666667,34.5,6.558333333,220.9593982,-65.65482664
0.575,0.8083333333,34.5,6.641666667,229.1130324,-82.50196557
0.575,0.825,34.5,6.725,237.2666666,-97.81321334
0.575,0.8416666667,34.5,6.808333333,233.8242463,-110.1380778
0.575,0.8583333333,34.5,6.891666667,230.3818261,-119.0107047
0.575,0.875,34.5,6.975,226.9394058,-124.5283327
0.575,0.8916666667,34.5,7.058333333,227.8540005,-126.9630807
0.575,0.9083333333,34.5,7.141666667,228.7685952,-126.5166497
0.575,0.925,34.5,7.225,229.68319,-123.2087345
0.575,0.9416666667,34.5,7.308333333,236.7092813,-116.866467
0.575,0.9583333333,34.5,7.391666667,243.7353727,-107.2105073
0.575,0.975,34.5,7.475,250.7614641,-94.06671787
0.575,0.9916666667,34.5,7.558333333,257.7875554,-77.72526721
0.5916666667,0.008333333333,35.5,2.641666667,-6.956839629,31.43934607
0.5916666667,0.025,35.5,2.725,-9.369799629,29.78041449
0.5916666667,0.04166666667,35.5,2.808333333,-11.78275963,31.2219405
0.5916666667,0.05833333333,35.5,2.891666667,-14.19571963,35.93581386
0.5916666667,0.075,35.5,2.975,-16.60867963,43.55261225
0.5916666667,0.09166666667,35.5,3.058333333,-19.02163963,52.73512046
0.5916666667,0.1083333333,35.5,3.141666667,-24.50746397,60.99305602
0.5916666667,0.125,35.5,3.225,-29.99328831,65.10803674
0.5916666667,0.1416666667,35.5,3.308333333,-11.76241918,62.25678216
0.5916666667,0.1583333333,35.5,3.391666667,6.468449953,51.31043537
0.5916666667,0.175,35.5,3.475,-16.57079355,33.42341588
0.5916666667,0.1916666667,35.5,3.558333333,-39.61003706,11.45713758
0.5916666667,0.2083333333,35.5,3.641666667,-62.64928056,-11.31595758
0.5916666667,0.225,35.5,3.725,-85.68852407,-32.34151226
0.5916666667,0.2416666667,35.5,3.808333333,-108.7277676,-50.21646065
0.5916666667,0.2583333333,35.5,3.891666667,-99.7548218,-64.50865838
0.5916666667,0.275,35.5,3.975,-58.76968675,-75.33123589
0.5916666667,0.2916666667,35.5,4.058333333,-17.7845517,-82.95982364
0.5916666667,0.3083333333,35.5,4.141666667,23.20058335,-87.59413205
0.5916666667,0.325,35.5,4.225,64.1857184,-89.25158429
0.5916666667,0.3416666667,35.5,4.308333333,105.1708534,-87.76091554
0.5916666667,0.3583333333,35.5,4.391666667,109.2612214,-82.85320986
0.5916666667,0.375,35.5,4.475,113.3515894,-74.38029739
0.5916666667,0.3916666667,35.5,4.558333333,117.1685144,-62.68010234
0.5916666667,0.4083333333,35.5,4.641666667,120.9854395,-49.00847892
0.5916666667,0.425,35.5,4.725,124.4638238,-35.77369897
0.5916666667,0.4416666667,35.5,4.808333333,127.9422081,-26.19957466
0.5916666667,0.4583333333,35.5,4.891666667,131.4205924,-23.27173828
0.5916666667,0.475,35.5,4.975,134.8989766,-28.41318485
0.5916666667,0.4916666667,35.5,5.058333333,138.3773609,-40.76889947
0.5916666667,0.5083333333,35.5,5.141666667,144.5480793,-57.64773988
0.5916666667,0.525,35.5,5.225,153.411132,-75.77806806
0.5916666667,0.5416666667,35.5,5.308333333,162.2741846,-92.49803594
0.5916666667,0.5583333333,35.5,5.391666667,171.1372372,-106.27941
0.5916666667,0.575,35.5,5.475,180.0002898,-116.603634
0.5916666667,0.5916666667,35.5,5.558333333,188.8633424,-123.5471922
0.5916666667,0.6083333333,35.5,5.641666667,180.532167,-127.3851869
0.5916666667,0.625,35.5,5.725,172.2009917,-128.3351649
0.5916666667,0.6416666667,35.5,5.808333333,188.4299197,-126.4370549
0.5916666667,0.6583333333,35.5,5.891666667,204.6588477,-121.5358832
0.5916666667,0.675,35.5,5.975,204.0511158,-113.3601464
0.5916666667,0.6916666667,35.5,6.058333333,203.4433839,-101.723128
0.5916666667,0.7083333333,35.5,6.141666667,202.835652,-86.87197362
0.5916666667,0.725,35.5,6.225,202.2279202,-69.92178948
0.5916666667,0.7416666667,35.5,6.308333333,201.6201883,-53.1340812
0.5916666667,0.7583333333,35.5,6.391666667,205.3931394,-39.6657885
0.5916666667,0.775,35.5,6.475,213.5467736,-32.59209646
0.5916666667,0.7916666667,35.5,6.558333333,221.7004078,-33.57104737
0.5916666667,0.8083333333,35.5,6.641666667,229.854042,-42.010619
0.5916666667,0.825,35.5,6.725,238.0076762,-55.3706515
0.5916666667,0.8416666667,35.5,6.808333333,246.1613104,-70.36401479
0.5916666667,0.8583333333,35.5,6.891666667,242.7188902,-84.19869992
0.5916666667,0.875,35.5,6.975,239.27647,-95.192817
0.5916666667,0.8916666667,35.5,7.058333333,240.1910647,-102.7126558
0.5916666667,0.9083333333,35.5,7.141666667,241.1056594,-106.7735324
0.5916666667,0.925,35.5,7.225,248.1317507,-107.6312042
0.5916666667,0.9416666667,35.5,7.308333333,255.1578421,-105.5075716
0.5916666667,0.9583333333,35.5,7.391666667,262.1839335,-100.4562087
0.5916666667,0.975,35.5,7.475,269.2100248,-92.3339596
0.5916666667,0.9916666667,35.5,7.558333333,276.2361162,-80.86700411
0.6083333333,0.008333333333,36.5,2.641666667,-4.932375985,-40.41706334
0.6083333333,0.025,36.5,2.725,-7.345335985,-47.43088727
0.6083333333,0.04166666667,36.5,2.808333333,-9.758295984,-51.50282621
0.6083333333,0.05833333333,36.5,2.891666667,-12.17125598,-52.46413728
0.6083333333,0.075,36.5,2.975,-14.58421598,-50.03341936
0.6083333333,0.09166666667,36.5,3.058333333,-16.99717598,-44.01717494
0.6083333333,0.1083333333,36.5,3.141666667,-19.41013598,-34.65811798
0.6083333333,0.125,36.5,3.225,-24.89596033,-23.06892378
0.6083333333,0.1416666667,36.5,3.308333333,-6.665091194,-11.51133052
0.6083333333,0.1583333333,36.5,3.391666667,-29.7043347,-3.146922158
0.6083333333,0.175,36.5,3.475,-52.7435782,-1.061583293
0.6083333333,0.1916666667,36.5,3.558333333,-75.78282171,-6.929696835
0.6083333333,0.2083333333,36.5,3.641666667,-98.82206521,-20.17812356
0.6083333333,0.225,36.5,3.725,-121.8613087,-38.28431017
0.6083333333,0.2416666667,36.5,3.808333333,-144.9005522,-57.97565984
0.6083333333,0.2583333333,36.5,3.891666667,-135.9276064,-76.47253456
0.6083333333,0.275,36.5,3.975,-94.9424714,-92.10528336
0.6083333333,0.2916666667,36.5,4.058333333,-53.95733635,-104.2536889
0.6083333333,0.3083333333,36.5,4.141666667,-12.9722013,-112.9480404
0.6083333333,0.325,36.5,4.225,28.01293375,-118.4600511
0.6083333333,0.3416666667,36.5,4.308333333,68.9980688,-121.0278875
0.6083333333,0.3583333333,36.5,4.391666667,109.9832038,-120.7211086
0.6083333333,0.375,36.5,4.475,114.0735718,-117.4117474
0.6083333333,0.3916666667,36.5,4.558333333,117.8904969,-110.8398288
0.6083333333,0.4083333333,36.5,4.641666667,121.3688812,-100.797366
0.6083333333,0.425,36.5,4.725,124.8472654,-87.45966842
0.6083333333,0.4416666667,36.5,4.808333333,128.3256497,-71.81782951
0.6083333333,0.4583333333,36.5,4.891666667,131.804034,-55.9958905
0.6083333333,0.475,36.5,4.975,135.2824183,-43.08412717
0.6083333333,0.4916666667,36.5,5.058333333,138.7608025,-36.24573527
0.6083333333,0.5083333333,36.5,5.141666667,144.931521,-37.38421184
0.6083333333,0.525,36.5,5.225,153.7945736,-46.20041564
0.6083333333,0.5416666667,36.5,5.308333333,162.6576262,-60.34696237
0.6083333333,0.5583333333,36.5,5.391666667,171.5206788,-76.55915043
0.6083333333,0.575,36.5,5.475,180.3837314,-91.93924811
0.6083333333,0.5916666667,36.5,5.558333333,189.246784,-104.6644019
0.6083333333,0.6083333333,36.5,5.641666667,198.1098366,-113.9938036
0.6083333333,0.625,36.5,5.725,189.7786613,-119.8904038
0.6083333333,0.6416666667,36.5,5.808333333,206.0075893,-122.6017438
0.6083333333,0.6583333333,36.5,5.891666667,205.3998574,-122.3667888
0.6083333333,0.675,36.5,5.975,204.7921255,-119.265832
0.6083333333,0.6916666667,36.5,6.058333333,204.1843936,-113.180196
0.6083333333,0.7083333333,36.5,6.141666667,203.5766617,-103.8457502
0.6083333333,0.725,36.5,6.225,202.9689298,-91.02067975
0.6083333333,0.7416666667,36.5,6.308333333,202.3611979,-74.79905398
0.6083333333,0.7583333333,36.5,6.391666667,206.1341491,-56.03868474
0.6083333333,0.775,36.5,6.475,214.2877833,-36.71040972
0.6083333333,0.7916666667,36.5,6.558333333,222.4414175,-19.80956476
0.6083333333,0.8083333333,36.5,6.641666667,230.5950517,-8.548883214
0.6083333333,0.825,36.5,6.725,238.7486859,-5.042028093
0.6083333333,0.8416666667,36.5,6.808333333,246.9023201,-9.265084655
0.6083333333,0.8583333333,36.5,6.891666667,255.0559543,-19.06526539
0.6083333333,0.875,36.5,6.975,251.6135341,-31.21018953
0.6083333333,0.8916666667,36.5,7.058333333,252.5281288,-42.70214378
0.6083333333,0.9083333333,36.5,7.141666667,259.5542202,-51.57545849
0.6083333333,0.925,36.5,7.225,266.5803115,-56.976741
0.6083333333,0.9416666667,36.5,7.308333333,273.6064029,-58.81269968
0.6083333333,0.9583333333,36.5,7.391666667,280.6324943,-57.32346566
0.6083333333,0.975,36.5,7.475,287.6585856,-52.7715472
0.6083333333,0.9916666667,36.5,7.558333333,294.684677,-45.27632813
0.625,0.008333333333,37.5,2.641666667,-2.907912341,-80.32426924
0.625,0.025,37.5,2.725,-5.320872341,-91.29810158
0.625,0.04166666667,37.5,2.808333333,-7.733832341,-98.98092804
0.625,0.05833333333,37.5,2.891666667,-10.14679234,-103.6299742
0.625,0.075,37.5,2.975,-12.55975234,-105.3500085
0.625,0.09166666667,37.5,3.058333333,-14.97271234,-104.0475318
0.625,0.1083333333,37.5,3.141666667,-17.38567234,-99.47870994
0.625,0.125,37.5,3.225,-19.79863234,-91.4097287
0.625,0.1416666667,37.5,3.308333333,-42.83787584,-79.92197323
0.625,0.1583333333,37.5,3.391666667,-65.87711935,-65.83659628
0.625,0.175,37.5,3.475,-88.91636285,-51.07618478
0.625,0.1916666667,37.5,3.558333333,-111.9556064,-38.60971276
0.625,0.2083333333,37.5,3.641666667,-134.9948499,-31.68505261
0.625,0.225,37.5,3.725,-158.0340934,-32.52356953
0.625,0.2416666667,37.5,3.808333333,-181.0733369,-41.24216116
0.625,0.2583333333,37.5,3.891666667,-172.1003911,-55.79571992
0.625,0.275,37.5,3.975,-131.1152561,-72.98504264
0.625,0.2916666667,37.5,4.058333333,-90.130121,-89.78022497
0.625,0.3083333333,37.5,4.141666667,-49.14498595,-104.1571331
0.625,0.325,37.5,4.225,-8.159850904,-115.211719
0.625,0.3416666667,37.5,4.308333333,32.82528414,-122.8209368
0.625,0.3583333333,37.5,4.391666667,73.81041919,-127.2130542
0.625,0.375,37.5,4.475,114.7955542,-128.6481304
0.625,0.3916666667,37.5,4.558333333,118.2739385,-127.244898
0.625,0.4083333333,37.5,4.641666667,121.7523228,-122.9232831
0.625,0.425,37.5,4.725,125.2307071,-115.4408772
0.625,0.4416666667,37.5,4.808333333,128.7090913,-104.5379343
0.625,0.4583333333,37.5,4.891666667,132.1874756,-90.22444182
0.625,0.475,37.5,4.975,135.6658599,-73.19614911
0.625,0.4916666667,37.5,5.058333333,139.1442441,-55.22034126
0.625,0.5083333333,37.5,5.141666667,145.3149626,-39.1519621
0.625,0.525,37.5,5.225,154.1780152,-28.2560498
0.625,0.5416666667,37.5,5.308333333,163.0410678,-24.93605655
0.625,0.5583333333,37.5,5.391666667,171.9041204,-29.57845855
0.625,0.575,37.5,5.475,180.767173,-40.34986014
0.625,0.5916666667,37.5,5.558333333,189.6302256,-54.10530129
0.625,0.6083333333,37.5,5.641666667,198.4932782,-67.72343569
0.625,0.625,37.5,5.725,207.3563308,-79.02795193
0.625,0.6416666667,37.5,5.808333333,206.748599,-86.98154482
0.625,0.6583333333,37.5,5.891666667,206.1408671,-91.38090767
0.625,0.675,37.5,5.975,205.5331352,-92.42351318
0.625,0.6916666667,37.5,6.058333333,204.9254033,-90.37061806
0.625,0.7083333333,37.5,6.141666667,204.3176714,-85.35787653
0.625,0.725,37.5,6.225,203.7099395,-77.32590035
0.625,0.7416666667,37.5,6.308333333,203.1022076,-66.04560213
0.625,0.7583333333,37.5,6.391666667,206.8751588,-51.24854355
0.625,0.775,37.5,6.475,215.028793,-32.89600761
0.625,0.7916666667,37.5,6.558333333,223.1824272,-11.58441835
0.625,0.8083333333,37.5,6.641666667,231.3360614,11.04977862
0.625,0.825,37.5,6.725,239.4896956,32.24794221
0.625,0.8416666667,37.5,6.808333333,247.6433298,48.715558
0.625,0.8583333333,37.5,6.891666667,255.796964,57.84898012
0.625,0.875,37.5,6.975,263.9505982,58.95471497
0.625,0.8916666667,37.5,7.058333333,270.9766896,53.5950607
0.625,0.9083333333,37.5,7.141666667,278.0027809,44.7904894
0.625,0.925,37.5,7.225,285.0288723,35.68610858
0.625,0.9416666667,37.5,7.308333333,292.0549637,28.55011107
0.625,0.9583333333,37.5,7.391666667,299.081055,24.49662405
0.625,0.975,37.5,7.475,306.1071464,23.75140527
0.625,0.9916666667,37.5,7.558333333,313.1332378,26.08603293
0.6416666667,0.008333333333,38.5,2.641666667,-0.8834486971,-78.58599864
0.6416666667,0.025,38.5,2.725,-3.296408697,-94.78897266
0.6416666667,0.04166666667,38.5,2.808333333,-5.709368697,-107.7620336
0.6416666667,0.05833333333,38.5,2.891666667,-8.122328697,-117.2484237
0.6416666667,0.075,38.5,2.975,-10.5352887,-123.4348327
0.6416666667,0.09166666667,38.5,3.058333333,-12.9482487,-126.5991184
0.6416666667,0.1083333333,38.5,3.141666667,-15.3612087,-126.9057365
0.6416666667,0.125,38.5,3.225,-17.7741687,-124.3249453
0.6416666667,0.1416666667,38.5,3.308333333,-20.1871287,-118.647959
0.6416666667,0.1583333333,38.5,3.391666667,-43.2263722,-109.6043132
0.6416666667,0.175,38.5,3.475,-66.2656157,-97.11460034
0.6416666667,0.1916666667,38.5,3.558333333,-89.30485921,-81.68435916
0.6416666667,0.2083333333,38.5,3.641666667,-112.3441027,-64.82103549
0.6416666667,0.225,38.5,3.725,-135.3833462,-49.16887158
0.6416666667,0.2416666667,38.5,3.808333333,-158.4225897,-38.00209542
0.6416666667,0.2583333333,38.5,3.891666667,-149.449644,-34.04536141
0.6416666667,0.275,38.5,3.975,-108.4645089,-38.20937019
0.6416666667,0.2916666667,38.5,4.058333333,-67.47937385,-49.12317264
0.6416666667,0.3083333333,38.5,4.141666667,-26.4942388,-63.82632212
0.6416666667,0.325,38.5,4.225,14.49089624,-79.08960369
0.6416666667,0.3416666667,38.5,4.308333333,55.47603129,-92.48228252
0.6416666667,0.3583333333,38.5,4.391666667,96.46116634,-102.7252876
0.6416666667,0.375,38.5,4.475,112.3324756,-109.4654673
0.6416666667,0.3916666667,38.5,4.558333333,121.4208294,-112.8444146
0.6416666667,0.4083333333,38.5,4.641666667,124.8992136,-113.1299638
0.6416666667,0.425,38.5,4.725,128.3775979,-110.4943182
0.6416666667,0.4416666667,38.5,4.808333333,131.8559822,-104.9203488
0.6416666667,0.4583333333,38.5,4.891666667,135.3343665,-96.20572131
0.6416666667,0.475,38.5,4.975,138.8127507,-84.06651306
0.6416666667,0.4916666667,38.5,5.058333333,142.291135,-68.37209855
0.6416666667,0.5083333333,38.5,5.141666667,148.4618534,-49.52498398
0.6416666667,0.525,38.5,5.225,157.3249061,-28.8878391
0.6416666667,0.5416666667,38.5,5.308333333,166.1879587,-8.973660731
0.6416666667,0.5583333333,38.5,5.391666667,175.0510113,6.970678721
0.6416666667,0.575,38.5,5.475,183.9140639,16.08115994
0.6416666667,0.5916666667,38.5,5.558333333,192.7771165,17.17854855
0.6416666667,0.6083333333,38.5,5.641666667,201.6401691,11.36904685
0.6416666667,0.625,38.5,5.725,210.6428538,1.479856701
0.6416666667,0.6416666667,38.5,5.808333333,217.4805002,-9.23417308
0.6416666667,0.6583333333,38.5,5.891666667,216.8727684,-18.22639641
0.6416666667,0.675,38.5,5.975,216.2650365,-24.10068011
0.6416666667,0.6916666667,38.5,6.058333333,215.6573046,-26.43672141
0.6416666667,0.7083333333,38.5,6.141666667,215.0495727,-25.36584503
0.6416666667,0.725,38.5,6.225,214.4418408,-21.18742926
0.6416666667,0.7416666667,38.5,6.308333333,213.8341089,-14.12930584
0.6416666667,0.7583333333,38.5,6.391666667,217.6070601,-4.240518577
0.6416666667,0.775,38.5,6.475,225.7606943,8.615812486
0.6416666667,0.7916666667,38.5,6.558333333,233.9143285,24.67250052
0.6416666667,0.8083333333,38.5,6.641666667,242.0679627,44.041488
0.6416666667,0.825,38.5,6.725,250.2215969,66.35009911
0.6416666667,0.8416666667,38.5,6.808333333,258.3752311,90.30908551
0.6416666667,0.8583333333,38.5,6.891666667,266.5288653,113.4741528
0.6416666667,0.875,38.5,6.975,269.0331405,132.575171
0.6416666667,0.8916666667,38.5,7.058333333,289.4252504,144.5636375
0.6416666667,0.9083333333,38.5,7.141666667,296.4513417,147.9395584
0.6416666667,0.925,38.5,7.225,303.4774331,143.479188
0.6416666667,0.9416666667,38.5,7.308333333,310.5035245,133.8070891
0.6416666667,0.9583333333,38.5,7.391666667,317.5296158,122.1460564
0.6416666667,0.975,38.5,7.475,324.5557072,111.1225834
0.6416666667,0.9916666667,38.5,7.558333333,331.5817986,102.2354932
0.6583333333,0.008333333333,39.5,2.641666667,1.141014947,-48.78905839
0.6583333333,0.025,39.5,2.725,-1.271945053,-63.8230776
0.6583333333,0.04166666667,39.5,2.808333333,-3.684905053,-80.29129826
0.6583333333,0.05833333333,39.5,2.891666667,-6.097865053,-95.47708666
0.6583333333,0.075,39.5,2.975,-8.510825053,-107.7891195
0.6583333333,0.09166666667,39.5,3.058333333,-10.92378505,-116.6614338
0.6583333333,0.1083333333,39.5,3.141666667,-13.33674505,-122.1443639
0.6583333333,0.125,39.5,3.225,-15.74970505,-124.5030454
0.6583333333,0.1416666667,39.5,3.308333333,-18.16266505,-123.9540248
0.6583333333,0.1583333333,39.5,3.391666667,-20.57562505,-120.5395074
0.6583333333,0.175,39.5,3.475,-43.61486856,-114.1056368
0.6583333333,0.1916666667,39.5,3.558333333,-66.65411206,-104.3758882
0.6583333333,0.2083333333,39.5,3.641666667,-89.69335557,-91.14566758
0.6583333333,0.225,39.5,3.725,-112.7325991,-74.62464798
0.6583333333,0.2416666667,39.5,3.808333333,-135.7718426,-55.87074748
0.6583333333,0.2583333333,39.5,3.891666667,-126.7988968,-37.08442568
0.6583333333,0.275,39.5,3.975,-85.81376175,-21.39101013
0.6583333333,0.2916666667,39.5,4.058333333,-44.8286267,-11.89559304
0.6583333333,0.3083333333,39.5,4.141666667,-3.843491656,-10.34718909
0.6583333333,0.325,39.5,4.225,37.14164339,-16.26191646
0.6583333333,0.3416666667,39.5,4.308333333,78.12677844,-27.1682001
0.6583333333,0.3583333333,39.5,4.391666667,93.99808771,-39.78256033
0.6583333333,0.375,39.5,4.475,109.869397,-51.2696559
0.6583333333,0.3916666667,39.5,4.558333333,118.9577507,-59.89369445
0.6583333333,0.4083333333,39.5,4.641666667,128.0461045,-64.98289534
0.6583333333,0.425,39.5,4.725,131.5244888,-66.53805238
0.6583333333,0.4416666667,39.5,4.808333333,135.0028731,-64.81982915
0.6583333333,0.4583333333,39.5,4.891666667,138.4812573,-60.06739137
0.6583333333,0.475,39.5,4.975,141.9596416,-52.35819009
0.6583333333,0.4916666667,39.5,5.058333333,145.4380259,-41.57519401
0.6583333333,0.5083333333,39.5,5.141666667,151.6087443,-27.46823396
0.6583333333,0.525,39.5,5.225,160.4717969,-9.832193705
0.6583333333,0.5416666667,39.5,5.308333333,169.3348495,11.16798428
0.6583333333,0.5583333333,39.5,5.391666667,178.1979021,34.56598526
0.6583333333,0.575,39.5,5.475,187.0609547,58.26418368
0.6583333333,0.5916666667,39.5,5.558333333,195.9240074,79.17063358
0.6583333333,0.6083333333,39.5,5.641666667,204.9266921,94.06069828
0.6583333333,0.625,39.5,5.725,213.9293768,100.9053098
0.6583333333,0.6416666667,39.5,5.808333333,220.7670232,99.85124153
0.6583333333,0.6583333333,39.5,5.891666667,227.6046696,93.12135145
0.6583333333,0.675,39.5,5.975,226.9969378,83.91316027
0.6583333333,0.6916666667,39.5,6.058333333,226.3892059,75.10270031
0.6583333333,0.7083333333,39.5,6.141666667,225.781474,68.50382263
0.6583333333,0.725,39.5,6.225,225.1737421,64.83531324
0.6583333333,0.7416666667,39.5,6.308333333,224.5660102,64.091131
0.6583333333,0.7583333333,39.5,6.391666667,228.3389614,65.96381803
0.6583333333,0.775,39.5,6.475,236.4925956,70.14556334
0.6583333333,0.7916666667,39.5,6.558333333,244.6462298,76.48521573
0.6583333333,0.8083333333,39.5,6.641666667,252.799864,85.03405749
0.6583333333,0.825,39.5,6.725,260.9534982,95.99782034
0.6583333333,0.8416666667,39.5,6.808333333,269.1071324,109.5759206
0.6583333333,0.8583333333,39.5,6.891666667,271.6114075,125.6556105
0.6583333333,0.875,39.5,6.975,274.1156827,143.3874807
0.6583333333,0.8916666667,39.5,7.058333333,294.5077926,160.8264008
0.6583333333,0.9083333333,39.5,7.141666667,314.8999025,174.9926804
0.6583333333,0.925,39.5,7.225,321.9259939,182.6466641
0.6583333333,0.9416666667,39.5,7.308333333,328.9520852,181.5962541
0.6583333333,0.9583333333,39.5,7.391666667,335.9781766,171.7680543
0.6583333333,0.975,39.5,7.475,343.004268,155.2530906
0.6583333333,0.9916666667,39.5,7.558333333,350.0303594,135.2910349
0.675,0.008333333333,40.5,2.641666667,3.165478591,-29.0165457
0.675,0.025,40.5,2.725,0.7525185908,-26.15994422
0.675,0.04166666667,40.5,2.808333333,-1.660441409,-31.23479064
0.675,0.05833333333,40.5,2.891666667,-4.073401409,-42.32809988
0.675,0.075,40.5,2.975,-6.486361409,-56.26957682
0.675,0.09166666667,40.5,3.058333333,-8.899321409,-69.96420309
0.675,0.1083333333,40.5,3.141666667,-11.31228141,-81.28457475
0.675,0.125,40.5,3.225,-13.72524141,-89.23670724
0.675,0.1416666667,40.5,3.308333333,-16.13820141,-93.64256324
0.675,0.1583333333,40.5,3.391666667,-18.55116141,-94.70776492
0.675,0.175,40.5,3.475,-20.96412141,-92.69068711
0.675,0.1916666667,40.5,3.558333333,-44.00336491,-87.71886542
0.675,0.2083333333,40.5,3.641666667,-67.04260842,-79.72384291
0.675,0.225,40.5,3.725,-90.08185192,-68.47045275
0.675,0.2416666667,40.5,3.808333333,-113.1210954,-53.69229674
0.675,0.2583333333,40.5,3.891666667,-104.1481497,-35.36718158
0.675,0.275,40.5,3.975,-63.16301461,-14.12657353
0.675,0.2916666667,40.5,4.058333333,-22.17787956,8.345489322
0.675,0.3083333333,40.5,4.141666667,18.80725549,29.25248121
0.675,0.325,40.5,4.225,59.79239054,45.30342124
0.675,0.3416666667,40.5,4.308333333,75.66369981,53.95634612
0.675,0.3583333333,40.5,4.391666667,91.53500908,54.61681088
0.675,0.375,40.5,4.475,107.4063183,48.93415807
0.675,0.3916666667,40.5,4.558333333,116.4946721,39.96412257
0.675,0.4083333333,40.5,4.641666667,125.5830259,30.83314401
0.675,0.425,40.5,4.725,134.6713796,23.76410916
0.675,0.4416666667,40.5,4.808333333,138.1497639,19.82859194
0.675,0.4583333333,40.5,4.891666667,141.6281482,19.22697108
0.675,0.475,40.5,4.975,145.1065325,21.72279485
0.675,0.4916666667,40.5,5.058333333,148.5849167,26.99160251
0.675,0.5083333333,40.5,5.141666667,154.7556352,34.82210987
0.675,0.525,40.5,5.225,163.6186878,45.19474277
0.675,0.5416666667,40.5,5.308333333,172.4817404,58.26469168
0.675,0.5583333333,40.5,5.391666667,181.344793,74.24218346
0.675,0.575,40.5,5.475,190.2078456,93.13659165
0.675,0.5916666667,40.5,5.558333333,199.2105303,114.3605646
0.675,0.6083333333,40.5,5.641666667,208.213215,136.3169826
0.675,0.625,40.5,5.725,217.2158997,156.2783794
0.675,0.6416666667,40.5,5.808333333,224.0535462,170.9153197
0.675,0.6583333333,40.5,5.891666667,230.8911926,177.4899001
0.675,0.675,40.5,5.975,237.728839,175.1105992
0.675,0.6916666667,40.5,6.058333333,237.1211072,165.1698941
0.675,0.7083333333,40.5,6.141666667,236.5133753,150.6250847
0.675,0.725,40.5,6.225,235.9056434,134.6738292
0.675,0.7416666667,40.5,6.308333333,235.2979115,119.7036934
0.675,0.7583333333,40.5,6.391666667,239.0708626,106.9588904
0.675,0.775,40.5,6.475,247.2244968,96.77667782
0.675,0.7916666667,40.5,6.558333333,255.3781311,89.01931491
0.675,0.8083333333,40.5,6.641666667,263.5317653,83.43861448
0.675,0.825,40.5,6.725,271.6853995,79.89333594
0.675,0.8416666667,40.5,6.808333333,274.1896746,78.43925238
0.675,0.8583333333,40.5,6.891666667,276.6939498,79.32174942
0.675,0.875,40.5,6.975,279.198225,82.86827953
0.675,0.8916666667,40.5,7.058333333,299.5903349,89.24855245
0.675,0.9083333333,40.5,7.141666667,319.9824448,98.09046841
0.675,0.925,40.5,7.225,340.3745547,108.0540554
0.675,0.9416666667,40.5,7.308333333,347.400646,116.6523923
0.675,0.9583333333,40.5,7.391666667,354.4267374,120.6875192
0.675,0.975,40.5,7.475,361.4528288,117.3813711
0.675,0.9916666667,40.5,7.558333333,368.4789201,105.6698962
0.6916666667,0.008333333333,41.5,2.641666667,5.189942234,-30.39266243
0.6916666667,0.025,41.5,2.725,2.776982235,-10.18489074
0.6916666667,0.04166666667,41.5,2.808333333,0.3640222348,6.426056615
0.6916666667,0.05833333333,41.5,2.891666667,-2.048937765,16.46344905
0.6916666667,0.075,41.5,2.975,-4.461897765,18.50762586
0.6916666667,0.09166666667,41.5,3.058333333,-6.874857765,13.41397464
0.6916666667,0.1083333333,41.5,3.141666667,-9.287817765,3.874042709
0.6916666667,0.125,41.5,3.225,-11.70077776,-6.839326324
0.6916666667,0.1416666667,41.5,3.308333333,-14.11373776,-16.06408429
0.6916666667,0.1583333333,41.5,3.391666667,-16.52669776,-22.27544317
0.6916666667,0.175,41.5,3.475,-18.93965776,-24.96375476
0.6916666667,0.1916666667,41.5,3.558333333,-21.35261776,-24.22050205
0.6916666667,0.2083333333,41.5,3.641666667,-44.39186127,-20.34179748
0.6916666667,0.225,41.5,3.725,-67.43110477,-13.57193774
0.6916666667,0.2416666667,41.5,3.808333333,-90.47034828,-3.983085961
0.6916666667,0.2583333333,41.5,3.891666667,-81.49740251,8.542284569
0.6916666667,0.275,41.5,3.975,-40.51226746,24.23343206
0.6916666667,0.2916666667,41.5,4.058333333,0.4728675925,43.23066709
0.6916666667,0.3083333333,41.5,4.141666667,41.45800264,65.23703406
0.6916666667,0.325,41.5,4.225,57.32931191,89.0846709
0.6916666667,0.3416666667,41.5,4.308333333,73.20062118,112.455947
0.6916666667,0.3583333333,41.5,4.391666667,89.07193044,132.1330518
0.6916666667,0.375,41.5,4.475,104.9432397,144.974041
0.6916666667,0.3916666667,41.5,4.558333333,114.0315935,149.2492596
0.6916666667,0.4083333333,41.5,4.641666667,123.1199472,145.4780856
0.6916666667,0.425,41.5,4.725,132.208301,136.1316291
0.6916666667,0.4416666667,41.5,4.808333333,141.2966548,124.4342232
0.6916666667,0.4583333333,41.5,4.891666667,144.7750391,113.1213096
0.6916666667,0.475,41.5,4.975,148.2534233,103.8232896
0.6916666667,0.4916666667,41.5,5.058333333,151.7318076,97.12691697
0.6916666667,0.5083333333,41.5,5.141666667,157.902526,92.97498695
0.6916666667,0.525,41.5,5.225,166.7655786,91.07607517
0.6916666667,0.5416666667,41.5,5.308333333,175.6286313,91.18002839
0.6916666667,0.5583333333,41.5,5.391666667,184.4916839,93.21338633
0.6916666667,0.575,41.5,5.475,193.4943686,97.30848399
0.6916666667,0.5916666667,41.5,5.558333333,202.4970533,103.7379309
0.6916666667,0.6083333333,41.5,5.641666667,211.499738,112.7304201
0.6916666667,0.625,41.5,5.725,220.5024227,124.1390383
0.6916666667,0.6416666667,41.5,5.808333333,227.3400691,137.0082213
0.6916666667,0.6583333333,41.5,5.891666667,234.1777156,149.255874
0.6916666667,0.675,41.5,5.975,241.015362,157.8392325
0.6916666667,0.6916666667,41.5,6.058333333,247.8530085,159.6472208
0.6916666667,0.7083333333,41.5,6.141666667,247.2452766,152.8320339
0.6916666667,0.725,41.5,6.225,246.6375447,137.7509981
0.6916666667,0.7416666667,41.5,6.308333333,246.0298128,116.811084
0.6916666667,0.7583333333,41.5,6.391666667,249.8027639,93.33690854
0.6916666667,0.775,41.5,6.475,257.9563981,70.28542264
0.6916666667,0.7916666667,41.5,6.558333333,266.1100323,49.5370522
0.6916666667,0.8083333333,41.5,6.641666667,274.2636666,31.88767388
0.6916666667,0.825,41.5,6.725,276.7679417,17.4261564
0.6916666667,0.8416666667,41.5,6.808333333,279.2722169,5.952905478
0.6916666667,0.8583333333,41.5,6.891666667,281.776492,-2.727461548
0.6916666667,0.875,41.5,6.975,284.2807672,-8.656379604
0.6916666667,0.8916666667,41.5,7.058333333,304.6728771,-11.68126575
0.6916666667,0.9083333333,41.5,7.141666667,325.064987,-11.50913842
0.6916666667,0.925,41.5,7.225,345.4570969,-7.874368845
0.6916666667,0.9416666667,41.5,7.308333333,365.8492068,-0.8521225575
0.6916666667,0.9583333333,41.5,7.391666667,372.8752982,8.71400801
0.6916666667,0.975,41.5,7.475,379.9013896,18.8630328
0.6916666667,0.9916666667,41.5,7.558333333,386.9274809,26.60547957
0.7083333333,0.008333333333,42.5,2.641666667,7.214405878,-7.921717019
0.7083333333,0.025,42.5,2.725,4.801445878,12.42971389
0.7083333333,0.04166666667,42.5,2.808333333,2.388485879,35.5111358
0.7083333333,0.05833333333,42.5,2.891666667,-0.02447412116,59.53592474
0.7083333333,0.075,42.5,2.975,-2.437434121,81.61994949
0.7083333333,0.09166666667,42.5,3.058333333,-4.850394121,98.44734299
0.7083333333,0.1083333333,42.5,3.141666667,-7.263354121,107.537162
0.7083333333,0.125,42.5,3.225,-9.67631412,108.4083538
0.7083333333,0.1416666667,42.5,3.308333333,-12.08927412,102.8021304
0.7083333333,0.1583333333,42.5,3.391666667,-14.50223412,93.78826383
0.7083333333,0.175,42.5,3.475,-16.91519412,84.4301424
0.7083333333,0.1916666667,42.5,3.558333333,-19.32815412,76.85343758
0.7083333333,0.2083333333,42.5,3.641666667,-21.74111412,72.04242582
0.7083333333,0.225,42.5,3.725,-44.78035762,70.14126838
0.7083333333,0.2416666667,42.5,3.808333333,-67.81960113,70.8887273
0.7083333333,0.2583333333,42.5,3.891666667,-58.84665536,73.95874993
0.7083333333,0.275,42.5,3.975,-17.86152031,79.15340058
0.7083333333,0.2916666667,42.5,4.058333333,23.12361474,86.47527212
0.7083333333,0.3083333333,42.5,4.141666667,38.99492401,96.10492993
0.7083333333,0.325,42.5,4.225,54.86623328,108.2737175
0.7083333333,0.3416666667,42.5,4.308333333,70.73754254,122.998214
0.7083333333,0.3583333333,42.5,4.391666667,86.60885181,139.6773912
0.7083333333,0.375,42.5,4.475,102.4801611,156.6864591
0.7083333333,0.3916666667,42.5,4.558333333,111.5685148,171.287098
0.7083333333,0.4083333333,42.5,4.641666667,120.6568686,180.2022248
0.7083333333,0.425,42.5,4.725,129.7452224,180.8362925
0.7083333333,0.4416666667,42.5,4.808333333,138.8335761,172.5019402
0.7083333333,0.4583333333,42.5,4.891666667,147.9219299,156.7838588
0.7083333333,0.475,42.5,4.975,151.4003142,136.7559898
0.7083333333,0.4916666667,42.5,5.058333333,154.8786985,115.6484935
0.7083333333,0.5083333333,42.5,5.141666667,161.0494169,95.83512768
0.7083333333,0.525,42.5,5.225,169.9124695,78.5437578
0.7083333333,0.5416666667,42.5,5.308333333,178.7755221,64.11511651
0.7083333333,0.5583333333,42.5,5.391666667,187.7782068,52.4353642
0.7083333333,0.575,42.5,5.475,196.7808915,43.29149117
0.7083333333,0.5916666667,42.5,5.558333333,205.7835763,36.57920398
0.7083333333,0.6083333333,42.5,5.641666667,214.786261,32.38599063
0.7083333333,0.625,42.5,5.725,223.7889457,30.97790826
0.7083333333,0.6416666667,42.5,5.808333333,230.6265921,32.68500646
0.7083333333,0.6583333333,42.5,5.891666667,237.4642385,37.65252109
0.7083333333,0.675,42.5,5.975,244.301885,45.44991516
0.7083333333,0.6916666667,42.5,6.058333333,251.1395314,54.65057265
0.7083333333,0.7083333333,42.5,6.141666667,257.9771779,62.68208231
0.7083333333,0.725,42.5,6.225,257.369446,66.30986358
0.7083333333,0.7416666667,42.5,6.308333333,256.7617141,62.80158573
0.7083333333,0.7583333333,42.5,6.391666667,260.5346652,51.20254191
0.7083333333,0.775,42.5,6.475,268.6882994,32.83794736
0.7083333333,0.7916666667,42.5,6.558333333,276.8419336,10.65275701
0.7083333333,0.8083333333,42.5,6.641666667,279.3462088,-12.10309708
0.7083333333,0.825,42.5,6.725,281.850484,-32.95968564
0.7083333333,0.8416666667,42.5,6.808333333,284.3547591,-50.60226441
0.7083333333,0.8583333333,42.5,6.891666667,286.8590343,-64.65748264
0.7083333333,0.875,42.5,6.975,289.3633095,-75.26312104
0.7083333333,0.8916666667,42.5,7.058333333,309.7554194,-82.69518234
0.7083333333,0.9083333333,42.5,7.141666667,330.1475293,-87.14109748
0.7083333333,0.925,42.5,7.225,349.6201886,-88.60220286
0.7083333333,0.9416666667,42.5,7.308333333,369.0928478,-86.89460106
0.7083333333,0.9583333333,42.5,7.391666667,391.323859,-81.74889468
0.7083333333,0.975,42.5,7.475,398.3499503,-73.04010597
0.7083333333,0.9916666667,42.5,7.558333333,405.3760417,-61.1632361
0.725,0.008333333333,43.5,2.641666667,9.238869522,53.02887907
0.725,0.025,43.5,2.725,6.825909522,64.36928978
0.725,0.04166666667,43.5,2.808333333,4.412949523,78.42345237
0.725,0.05833333333,43.5,2.891666667,1.999989523,95.32847646
0.725,0.075,43.5,2.975,-0.4129704771,114.8072158
0.725,0.09166666667,43.5,3.058333333,-2.825930477,135.735411
0.725,0.1083333333,43.5,3.141666667,-5.238890477,155.8501252
0.725,0.125,43.5,3.225,-7.651850477,171.9719138
0.725,0.1416666667,43.5,3.308333333,-10.06481048,180.9542901
0.725,0.1583333333,43.5,3.391666667,-12.47777048,181.0205492
0.725,0.175,43.5,3.475,-14.89073048,172.6369575
0.725,0.1916666667,43.5,3.558333333,-17.30369048,158.2623532
0.725,0.2083333333,43.5,3.641666667,-19.71665048,141.17014
0.725,0.225,43.5,3.725,-22.12961048,124.1903215
0.725,0.2416666667,43.5,3.808333333,-45.16885398,109.0619597
0.725,0.2583333333,43.5,3.891666667,-36.19590821,96.47142146
0.725,0.275,43.5,3.975,4.789226841,86.44443791
0.725,0.2916666667,43.5,4.058333333,20.66053611,78.7580428
0.725,0.3083333333,43.5,4.141666667,36.53184538,73.22072264
0.725,0.325,43.5,4.225,52.40315464,69.81143743
0.725,0.3416666667,43.5,4.308333333,68.27446391,68.71125013
0.725,0.3583333333,43.5,4.391666667,84.14577318,70.24074895
0.725,0.375,43.5,4.475,100.0170824,74.68040469
0.725,0.3916666667,43.5,4.558333333,109.1054362,81.94403156
0.725,0.4083333333,43.5,4.641666667,118.19379,91.14648142
0.725,0.425,43.5,4.725,127.2821437,100.2742333
0.725,0.4416666667,43.5,4.808333333,136.3704975,106.3247973
0.725,0.4583333333,43.5,4.891666667,145.4588513,106.1710529
0.725,0.475,43.5,4.975,154.547205,97.88931057
0.725,0.4916666667,43.5,5.058333333,158.0255893,81.73483637
0.725,0.5083333333,43.5,5.141666667,164.1963078,60.03537995
0.725,0.525,43.5,5.225,173.0593604,36.08572489
0.725,0.5416666667,43.5,5.308333333,182.0620451,12.85205676
0.725,0.5583333333,43.5,5.391666667,191.0647298,-7.765851358
0.725,0.575,43.5,5.475,200.0674145,-24.9653734
0.725,0.5916666667,43.5,5.558333333,209.0700992,-38.67057854
0.725,0.6083333333,43.5,5.641666667,218.0727839,-49.10997183
0.725,0.625,43.5,5.725,227.0754686,-56.51698907
0.725,0.6416666667,43.5,5.808333333,233.9131151,-60.97442125
0.725,0.6583333333,43.5,5.891666667,240.7507615,-62.36988472
0.725,0.675,43.5,5.975,247.5884079,-60.4450011
0.725,0.6916666667,43.5,6.058333333,254.4260544,-54.95744789
0.725,0.7083333333,43.5,6.141666667,261.2637008,-45.98808759
0.725,0.725,43.5,6.225,268.1013473,-34.36617648
0.725,0.7416666667,43.5,6.308333333,267.4936154,-22.02758887
0.725,0.7583333333,43.5,6.391666667,271.2665665,-11.9507502
0.725,0.775,43.5,6.475,279.4202007,-7.378370474
0.725,0.7916666667,43.5,6.558333333,281.9244759,-10.50861018
0.725,0.8083333333,43.5,6.641666667,284.4287511,-21.4270176
0.725,0.825,43.5,6.725,286.9330262,-38.06620929
0.725,0.8416666667,43.5,6.808333333,289.4373014,-57.22469952
0.725,0.8583333333,43.5,6.891666667,291.9415766,-75.88790933
0.725,0.875,43.5,6.975,294.4458517,-92.05417573
0.725,0.8916666667,43.5,7.058333333,314.8379616,-104.8397873
0.725,0.9083333333,43.5,7.141666667,334.3106209,-114.1361505
0.725,0.925,43.5,7.225,352.8638296,-120.1806653
0.725,0.9416666667,43.5,7.308333333,372.3364889,-123.2392705
0.725,0.9583333333,43.5,7.391666667,394.5675,-123.4351961
0.725,0.975,43.5,7.475,416.7985111,-120.6928644
0.725,0.9916666667,43.5,7.558333333,423.8246025,-114.7756914
0.7416666667,0.008333333333,44.5,2.641666667,11.26333317,93.90279764
0.7416666667,0.025,44.5,2.725,8.850373166,90.88361322
0.7416666667,0.04166666667,44.5,2.808333333,6.437413166,89.81088836
0.7416666667,0.05833333333,44.5,2.891666667,4.024453167,90.72304835
0.7416666667,0.075,44.5,2.975,1.611493167,93.84832982
0.7416666667,0.09166666667,44.5,3.058333333,-0.8014668331,99.49302962
0.7416666667,0.1083333333,44.5,3.141666667,-3.214426833,107.795999
0.7416666667,0.125,44.5,3.225,-5.627386833,118.3399783
0.7416666667,0.1416666667,44.5,3.308333333,-8.040346833,129.7288121
0.7416666667,0.1583333333,44.5,3.391666667,-10.45330683,139.4266637
0.7416666667,0.175,44.5,3.475,-12.86626683,144.2240536
0.7416666667,0.1916666667,44.5,3.558333333,-15.27922683,141.3899364
0.7416666667,0.2083333333,44.5,3.641666667,-17.69218683,129.9533682
0.7416666667,0.225,44.5,3.725,-20.10514683,111.2294838
0.7416666667,0.2416666667,44.5,3.808333333,-22.51810683,88.18161147
0.7416666667,0.2583333333,44.5,3.891666667,-13.54516106,64.1101205
0.7416666667,0.275,44.5,3.975,2.326148208,41.55356379
0.7416666667,0.2916666667,44.5,4.058333333,18.19745748,21.89618556
0.7416666667,0.3083333333,44.5,4.141666667,34.06876674,5.571645709
0.7416666667,0.325,44.5,4.225,49.94007601,-7.508580186
0.7416666667,0.3416666667,44.5,4.308333333,65.81138528,-17.58005454
0.7416666667,0.3583333333,44.5,4.391666667,81.68269454,-24.79579357
0.7416666667,0.375,44.5,4.475,97.55400381,-29.12663026
0.7416666667,0.3916666667,44.5,4.558333333,106.6423576,-30.36027445
0.7416666667,0.4083333333,44.5,4.641666667,115.7307113,-28.19871365
0.7416666667,0.425,44.5,4.725,124.8190651,-22.48491268
0.7416666667,0.4416666667,44.5,4.808333333,133.9074189,-13.5755111
0.7416666667,0.4583333333,44.5,4.891666667,142.9957726,-2.770293824
0.7416666667,0.475,44.5,4.975,152.0841264,7.475932289
0.7416666667,0.4916666667,44.5,5.058333333,161.1724802,13.93141777
0.7416666667,0.5083333333,44.5,5.141666667,167.3431986,13.6748602
0.7416666667,0.525,44.5,5.225,176.3458833,5.410140232
0.7416666667,0.5416666667,44.5,5.308333333,185.348568,-9.876165702
0.7416666667,0.5583333333,44.5,5.391666667,194.3512528,-29.42005823
0.7416666667,0.575,44.5,5.475,203.3539375,-49.95619755
0.7416666667,0.5916666667,44.5,5.558333333,212.3566222,-68.88057668
0.7416666667,0.6083333333,44.5,5.641666667,221.3593069,-84.73177956
0.7416666667,0.625,44.5,5.725,230.3619916,-97.03990079
0.7416666667,0.6416666667,44.5,5.808333333,237.199638,-105.9061754
0.7416666667,0.6583333333,44.5,5.891666667,244.0372845,-111.612733
0.7416666667,0.675,44.5,5.975,250.8749309,-114.3747572
0.7416666667,0.6916666667,44.5,6.058333333,257.7125774,-114.2269093
0.7416666667,0.7083333333,44.5,6.141666667,264.5502238,-111.0111696
0.7416666667,0.725,44.5,6.225,271.3878702,-104.461105
0.7416666667,0.7416666667,44.5,6.308333333,278.2255167,-94.41115117
0.7416666667,0.7583333333,44.5,6.391666667,281.9984678,-81.1534464
0.7416666667,0.775,44.5,6.475,284.502743,-65.87137965
0.7416666667,0.7916666667,44.5,6.558333333,287.0070181,-50.89827469
0.7416666667,0.8083333333,44.5,6.641666667,289.5112933,-39.42671401
0.7416666667,0.825,44.5,6.725,292.0155685,-34.49487784
0.7416666667,0.8416666667,44.5,6.808333333,294.5198436,-37.65456581
0.7416666667,0.8583333333,44.5,6.891666667,297.0241188,-48.19201342
0.7416666667,0.875,44.5,6.975,299.528394,-63.49579371
0.7416666667,0.8916666667,44.5,7.058333333,319.0010533,-80.28516776
0.7416666667,0.9083333333,44.5,7.141666667,337.5542619,-95.82919455
0.7416666667,0.925,44.5,7.225,356.1074706,-108.5191022
0.7416666667,0.9416666667,44.5,7.308333333,375.5801299,-117.7766607
0.7416666667,0.9583333333,44.5,7.391666667,397.811141,-123.647163
0.7416666667,0.975,44.5,7.475,420.0421522,-126.3962508
0.7416666667,0.9916666667,44.5,7.558333333,442.2731633,-126.24405
0.7583333333,0.008333333333,45.5,2.641666667,13.28779681,69.37893679
0.7583333333,0.025,45.5,2.725,10.87483681,51.62026617
0.7583333333,0.04166666667,45.5,2.808333333,8.46187681,36.93017142
0.7583333333,0.05833333333,45.5,2.891666667,6.04891681,25.13866237
0.7583333333,0.075,45.5,2.975,3.635956811,16.04342897
0.7583333333,0.09166666667,45.5,3.058333333,1.222996811,9.580933282
0.7583333333,0.1083333333,45.5,3.141666667,-1.189963189,5.882329312
0.7583333333,0.125,45.5,3.225,-3.602923189,5.235600861
0.7583333333,0.1416666667,45.5,3.308333333,-6.015883189,7.938995783
0.7583333333,0.1583333333,45.5,3.391666667,-8.428843189,14.01226169
0.7583333333,0.175,45.5,3.475,-10.84180319,22.77973829
0.7583333333,0.1916666667,45.5,3.558333333,-13.25476319,32.48637031
0.7583333333,0.2083333333,45.5,3.641666667,-15.66772319,40.28731761
0.7583333333,0.225,45.5,3.725,-18.08068319,42.93312258
0.7583333333,0.2416666667,45.5,3.808333333,-20.49364319,38.04484391
0.7583333333,0.2583333333,45.5,3.891666667,-22.72168547,25.26394609
0.7583333333,0.275,45.5,3.975,-6.850376206,6.443768877
0.7583333333,0.2916666667,45.5,4.058333333,9.020933061,-15.26693176
0.7583333333,0.3083333333,45.5,4.141666667,24.89224233,-36.75824433
0.7583333333,0.325,45.5,4.225,40.7635516,-55.87327033
0.7583333333,0.3416666667,45.5,4.308333333,56.63486086,-71.59495086
0.7583333333,0.3583333333,45.5,4.391666667,72.50617013,-83.73756973
0.7583333333,0.375,45.5,4.475,88.3774794,-92.51320973
0.7583333333,0.3916666667,45.5,4.558333333,97.46583316,-98.19566778
0.7583333333,0.4083333333,45.5,4.641666667,106.5541869,-100.9319199
0.7583333333,0.425,45.5,4.725,115.6425407,-100.6731777
0.7583333333,0.4416666667,45.5,4.808333333,124.7308945,-97.20064172
0.7583333333,0.4583333333,45.5,4.891666667,133.8192482,-90.2565392
0.7583333333,0.475,45.5,4.975,142.907602,-79.81418731
0.7583333333,0.4916666667,45.5,5.058333333,151.9959558,-66.48388948
0.7583333333,0.5083333333,45.5,5.141666667,168.7615917,-51.91599273
0.7583333333,0.525,45.5,5.225,177.7642764,-38.877443
0.7583333333,0.5416666667,45.5,5.308333333,186.7669611,-30.65759218
0.7583333333,0.5583333333,45.5,5.391666667,195.7696458,-29.83702896
0.7583333333,0.575,45.5,5.475,204.7723305,-37.0726794
0.7583333333,0.5916666667,45.5,5.558333333,213.7750152,-50.76342516
0.7583333333,0.6083333333,45.5,5.641666667,222.7776999,-67.85695172
0.7583333333,0.625,45.5,5.725,231.7803847,-85.18380927
0.7583333333,0.6416666667,45.5,5.808333333,238.6180311,-100.4525818
0.7583333333,0.6583333333,45.5,5.891666667,245.4556775,-112.5201729
0.7583333333,0.675,45.5,5.975,252.293324,-121.1228446
0.7583333333,0.6916666667,45.5,6.058333333,259.1309704,-126.4422541
0.7583333333,0.7083333333,45.5,6.141666667,265.9686168,-128.7525181
0.7583333333,0.725,45.5,6.225,272.8062633,-128.2149639
0.7583333333,0.7416666667,45.5,6.308333333,279.6439097,-124.7968319
0.7583333333,0.7583333333,45.5,6.391666667,288.6552499,-118.2859879
0.7583333333,0.775,45.5,6.475,291.1595251,-108.4077267
0.7583333333,0.7916666667,45.5,6.558333333,293.6638002,-95.07678128
0.7583333333,0.8083333333,45.5,6.641666667,296.1680754,-78.79067608
0.7583333333,0.825,45.5,6.725,298.6723506,-61.0471955
0.7583333333,0.8416666667,45.5,6.808333333,301.1766257,-44.48165626
0.7583333333,0.8583333333,45.5,6.891666667,303.6809009,-32.36382623
0.7583333333,0.875,45.5,6.975,306.1851761,-27.42078008
0.7583333333,0.8916666667,45.5,7.058333333,325.6578353,-30.57073034
0.7583333333,0.9083333333,45.5,7.141666667,344.211044,-40.44980179
0.7583333333,0.925,45.5,7.225,362.7642527,-54.09916077
0.7583333333,0.9416666667,45.5,7.308333333,382.236912,-68.28494702
0.7583333333,0.9583333333,45.5,7.391666667,404.4679231,-80.56852349
0.7583333333,0.975,45.5,7.475,426.6989342,-89.6633226
0.7583333333,0.9916666667,45.5,7.558333333,448.9299454,-95.21114869
0.775,0.008333333333,46.5,2.641666667,15.31226045,27.26746489
0.775,0.025,46.5,2.725,12.89930045,4.06810994
0.775,0.04166666667,46.5,2.808333333,10.48634045,-18.03667071
0.775,0.05833333333,46.5,2.891666667,8.073380454,-37.29876235
0.775,0.075,46.5,2.975,5.660420454,-53.03700402
0.775,0.09166666667,46.5,3.058333333,3.247460455,-65.24560126
0.775,0.1083333333,46.5,3.141666667,0.8345004548,-74.18048388
0.775,0.125,46.5,3.225,-1.578459545,-80.0767889
0.775,0.1416666667,46.5,3.308333333,-3.991419545,-83.00757295
0.775,0.1583333333,46.5,3.391666667,-6.404379545,-82.85007743
0.775,0.175,46.5,3.475,-8.817339545,-79.34611705
0.775,0.1916666667,46.5,3.558333333,-11.23029954,-72.27925282
0.775,0.2083333333,46.5,3.641666667,-13.64325954,-61.79880331
0.775,0.225,46.5,3.725,-16.05621954,-48.85057055
0.775,0.2416666667,46.5,3.808333333,-5.156906361,-35.50720037
0.775,0.2583333333,46.5,3.891666667,-7.384948647,-24.83285806
0.775,0.275,46.5,3.975,-22.7403464,-20.02355665
0.775,0.2916666667,46.5,4.058333333,-6.869037133,-23.07921111
0.775,0.3083333333,46.5,4.141666667,9.002272134,-33.82103579
0.775,0.325,46.5,4.225,24.8735814,-49.98790073
0.775,0.3416666667,46.5,4.308333333,40.74489067,-68.33612243
0.775,0.3583333333,46.5,4.391666667,56.61619994,-85.93689888
0.775,0.375,46.5,4.475,72.4875092,-100.9198731
0.775,0.3916666667,46.5,4.558333333,81.57586297,-112.5085828
0.775,0.4083333333,46.5,4.641666667,90.66421674,-120.6517277
0.775,0.425,46.5,4.725,99.7525705,-125.6005246
0.775,0.4416666667,46.5,4.808333333,108.8409243,-127.6082218
0.775,0.4583333333,46.5,4.891666667,117.929278,-126.7737644
0.775,0.475,46.5,4.975,127.0176318,-122.9968004
0.775,0.4916666667,46.5,5.058333333,125.1063487,-116.0264123
0.775,0.5083333333,46.5,5.141666667,141.8719846,-105.6224668
0.775,0.525,46.5,5.225,177.3145395,-91.86189478
0.775,0.5416666667,46.5,5.308333333,186.3172242,-75.56376656
0.775,0.5583333333,46.5,5.391666667,195.3199089,-58.64962794
0.775,0.575,46.5,5.475,204.3225937,-44.08461031
0.775,0.5916666667,46.5,5.558333333,213.3252784,-35.10528414
0.775,0.6083333333,46.5,5.641666667,222.3279631,-33.91285538
0.775,0.625,46.5,5.725,231.3306478,-40.59975974
0.775,0.6416666667,46.5,5.808333333,238.1682942,-53.09996724
0.775,0.6583333333,46.5,5.891666667,245.0059407,-68.20192699
0.775,0.675,46.5,5.975,251.8435871,-82.87103314
0.775,0.6916666667,46.5,6.058333333,258.6812335,-95.08153073
0.775,0.7083333333,46.5,6.141666667,265.51888,-103.9267798
0.775,0.725,46.5,6.225,272.3565264,-109.2785961
0.775,0.7416666667,46.5,6.308333333,285.8356107,-111.3579282
0.775,0.7583333333,46.5,6.391666667,294.8469509,-110.416386
0.775,0.775,46.5,6.475,299.390547,-106.5640968
0.775,0.7916666667,46.5,6.558333333,301.8948221,-99.71299398
0.775,0.8083333333,46.5,6.641666667,304.3990973,-89.61404808
0.775,0.825,46.5,6.725,306.9033725,-76.00324201
0.775,0.8416666667,46.5,6.808333333,309.4076476,-58.88980287
0.775,0.8583333333,46.5,6.891666667,311.9119228,-38.9729581
0.775,0.875,46.5,6.975,314.416198,-18.02678983
0.775,0.8916666667,46.5,7.058333333,334.8083079,1.087055415
0.775,0.9083333333,46.5,7.141666667,354.2809672,15.10149926
0.775,0.925,46.5,7.225,372.8341758,21.61752408
0.775,0.9416666667,46.5,7.308333333,392.3068351,20.25549356
0.775,0.9583333333,46.5,7.391666667,414.5378462,12.85007664
0.775,0.975,46.5,7.475,436.7688574,2.536079492
0.775,0.9916666667,46.5,7.558333333,443.045199,-7.586678328
0.7916666667,0.008333333333,47.5,2.641666667,17.3367241,-7.123371525
0.7916666667,0.025,47.5,2.725,14.9237641,-13.70325749
0.7916666667,0.04166666667,47.5,2.808333333,12.5108041,-27.4208138
0.7916666667,0.05833333333,47.5,2.891666667,10.0978441,-45.56715761
0.7916666667,0.075,47.5,2.975,7.684884098,-64.87388585
0.7916666667,0.09166666667,47.5,3.058333333,5.271924098,-82.69626438
0.7916666667,0.1083333333,47.5,3.141666667,2.858964099,-97.52582993
0.7916666667,0.125,47.5,3.225,0.4460040988,-108.8591805
0.7916666667,0.1416666667,47.5,3.308333333,-1.966955901,-116.7817145
0.7916666667,0.1583333333,47.5,3.391666667,-4.379915901,-121.5727768
0.7916666667,0.175,47.5,3.475,-6.792875901,-123.4516619
0.7916666667,0.1916666667,47.5,3.558333333,-9.2058359,-122.4592555
0.7916666667,0.2083333333,47.5,3.641666667,-11.6187959,-118.4420894
0.7916666667,0.225,47.5,3.725,-0.7194827175,-111.1322457
0.7916666667,0.2416666667,47.5,3.808333333,10.17983047,-100.3507502
0.7916666667,0.2583333333,47.5,3.891666667,7.95178818,-86.35869679
0.7916666667,0.275,47.5,3.975,-7.403609574,-70.29127526
0.7916666667,0.2916666667,47.5,4.058333333,-22.75900733,-54.43114782
0.7916666667,0.3083333333,47.5,4.141666667,-6.88769806,-41.94713072
0.7916666667,0.325,47.5,4.225,8.983611207,-35.90731013
0.7916666667,0.3416666667,47.5,4.308333333,24.85492047,-37.94424944
0.7916666667,0.3583333333,47.5,4.391666667,40.72622974,-47.43594301
0.7916666667,0.375,47.5,4.475,56.59753901,-61.82512427
0.7916666667,0.3916666667,47.5,4.558333333,65.68589278,-77.82783733
0.7916666667,0.4083333333,47.5,4.641666667,74.77424654,-92.66968884
0.7916666667,0.425,47.5,4.725,83.86260031,-104.6896356
0.7916666667,0.4416666667,47.5,4.808333333,92.95095408,-113.270103
0.7916666667,0.4583333333,47.5,4.891666667,102.0393078,-118.4356224
0.7916666667,0.475,47.5,4.975,100.1280248,-120.4455769
0.7916666667,0.4916666667,47.5,5.058333333,98.21674167,-119.5220633
0.7916666667,0.5083333333,47.5,5.141666667,114.9823776,-115.7171431
0.7916666667,0.525,47.5,5.225,168.9349716,-108.8857256
0.7916666667,0.5416666667,47.5,5.308333333,185.8674874,-98.75302823
0.7916666667,0.5583333333,47.5,5.391666667,194.8701721,-85.1011581
0.7916666667,0.575,47.5,5.475,203.8728568,-68.10315334
0.7916666667,0.5916666667,47.5,5.558333333,212.8755415,-48.75606488
0.7916666667,0.6083333333,47.5,5.641666667,221.8782262,-29.1930911
0.7916666667,0.625,47.5,5.725,230.8809109,-12.50518037
0.7916666667,0.6416666667,47.5,5.808333333,237.7185574,-1.83555577
0.7916666667,0.6583333333,47.5,5.891666667,244.5562038,0.9539389743
0.7916666667,0.675,47.5,5.975,251.3938502,-3.789581991
0.7916666667,0.6916666667,47.5,6.058333333,258.2314967,-13.68610454
0.7916666667,0.7083333333,47.5,6.141666667,265.0691431,-25.46490302
0.7916666667,0.725,47.5,6.225,278.5482274,-36.24377417
0.7916666667,0.7416666667,47.5,6.308333333,292.0273118,-44.22396642
0.7916666667,0.7583333333,47.5,6.391666667,301.038652,-48.68738476
0.7916666667,0.775,47.5,6.475,305.582248,-49.61529036
0.7916666667,0.7916666667,47.5,6.558333333,310.125844,-47.27082471
0.7916666667,0.8083333333,47.5,6.641666667,312.6301192,-41.9088477
0.7916666667,0.825,47.5,6.725,315.1343944,-33.6283882
0.7916666667,0.8416666667,47.5,6.808333333,317.6386695,-22.3342868
0.7916666667,0.8583333333,47.5,6.891666667,320.1429447,-7.792650416
0.7916666667,0.875,47.5,6.975,322.6472199,10.19890467
0.7916666667,0.8916666667,47.5,7.058333333,343.0393298,31.49501669
0.7916666667,0.9083333333,47.5,7.141666667,363.4314397,55.17393045
0.7916666667,0.925,47.5,7.225,382.904099,79.19278868
0.7916666667,0.9416666667,47.5,7.308333333,402.3767583,100.4877267
0.7916666667,0.9583333333,47.5,7.391666667,424.6077694,115.7943562
0.7916666667,0.975,47.5,7.475,430.8841111,122.9680171
0.7916666667,0.9916666667,47.5,7.558333333,437.1604527,122.0097068
0.8083333333,0.008333333333,48.5,2.641666667,19.36118774,-63.47815394
0.8083333333,0.025,48.5,2.725,16.94822774,-48.8211809
0.8083333333,0.04166666667,48.5,2.808333333,14.53526774,-38.38098449
0.8083333333,0.05833333333,48.5,2.891666667,12.12230774,-34.98354696
0.8083333333,0.075,48.5,2.975,9.709347742,-39.7237677
0.8083333333,0.09166666667,48.5,3.058333333,7.296387742,-51.40845069
0.8083333333,0.1083333333,48.5,3.141666667,4.883427743,-67.16424036
0.8083333333,0.125,48.5,3.225,2.470467743,-83.74149577
0.8083333333,0.1416666667,48.5,3.308333333,0.05750774286,-98.62771856
0.8083333333,0.1583333333,48.5,3.391666667,-2.355452257,-110.4594804
0.8083333333,0.175,48.5,3.475,-4.768412257,-118.8297185
0.8083333333,0.1916666667,48.5,3.558333333,-7.181372257,-123.8605243
0.8083333333,0.2083333333,48.5,3.641666667,3.717940926,-125.8243194
0.8083333333,0.225,48.5,3.725,14.61725411,-124.9101149
0.8083333333,0.2416666667,48.5,3.808333333,25.51656729,-121.1207929
0.8083333333,0.2583333333,48.5,3.891666667,23.28852501,-114.2697305
0.8083333333,0.275,48.5,3.975,7.933127253,-104.0753536
0.8083333333,0.2916666667,48.5,4.058333333,-7.422270501,-90.38408844
0.8083333333,0.3083333333,48.5,4.141666667,-22.77766825,-73.53983847
0.8083333333,0.325,48.5,4.225,-6.906358987,-54.81502579
0.8083333333,0.3416666667,48.5,4.308333333,8.96495028,-36.6338836
0.8083333333,0.3583333333,48.5,4.391666667,24.83625955,-22.21468951
0.8083333333,0.375,48.5,4.475,40.70756881,-14.49880313
0.8083333333,0.3916666667,48.5,4.558333333,49.79592258,-14.83122057
0.8083333333,0.4083333333,48.5,4.641666667,58.88427635,-22.2752645
0.8083333333,0.425,48.5,4.725,67.97263012,-34.08779179
0.8083333333,0.4416666667,48.5,4.808333333,77.06098388,-46.98617474
0.8083333333,0.4583333333,48.5,4.891666667,75.14970079,-58.32494969
0.8083333333,0.475,48.5,4.975,73.2384177,-66.59800797
0.8083333333,0.4916666667,48.5,5.058333333,71.32713461,-71.3008759
0.8083333333,0.5083333333,48.5,5.141666667,106.6028097,-72.51340573
0.8083333333,0.525,48.5,5.225,216.0855213,-70.5069253
0.8083333333,0.5416666667,48.5,5.308333333,233.018037,-65.49280323
0.8083333333,0.5583333333,48.5,5.391666667,194.4204352,-57.50617718
0.8083333333,0.575,48.5,5.475,203.4231199,-46.39173639
0.8083333333,0.5916666667,48.5,5.558333333,212.4258046,-31.88552934
0.8083333333,0.6083333333,48.5,5.641666667,221.4284894,-13.82076349
0.8083333333,0.625,48.5,5.725,230.4311741,7.518741818
0.8083333333,0.6416666667,48.5,5.808333333,237.2688205,30.96434344
0.8083333333,0.6583333333,48.5,5.891666667,244.1064669,54.19394806
0.8083333333,0.675,48.5,5.975,250.9441134,74.00325036
0.8083333333,0.6916666667,48.5,6.058333333,257.7817598,87.30184862
0.8083333333,0.7083333333,48.5,6.141666667,271.2608442,92.44725095
0.8083333333,0.725,48.5,6.225,284.7399285,90.05039377
0.8083333333,0.7416666667,48.5,6.308333333,298.2190128,82.63971622
0.8083333333,0.7583333333,48.5,6.391666667,307.230353,73.44591757
0.8083333333,0.775,48.5,6.475,311.773949,65.17196458
0.8083333333,0.7916666667,48.5,6.558333333,316.3175451,59.40075619
0.8083333333,0.8083333333,48.5,6.641666667,320.8611411,56.67331792
0.8083333333,0.825,48.5,6.725,323.3654163,56.89302813
0.8083333333,0.8416666667,48.5,6.808333333,325.8696915,59.73243652
0.8083333333,0.8583333333,48.5,6.891666667,328.3739666,64.90426766
0.8083333333,0.875,48.5,6.975,330.8782418,72.29352476
0.8083333333,0.8916666667,48.5,7.058333333,351.2703517,81.98440609
0.8083333333,0.9083333333,48.5,7.141666667,371.6624616,94.19253347
0.8083333333,0.925,48.5,7.225,392.0545715,109.0775239
0.8083333333,0.9416666667,48.5,7.308333333,412.4466814,126.4079576
0.8083333333,0.9583333333,48.5,7.391666667,418.7230231,145.1290025
0.8083333333,0.975,48.5,7.475,424.9993647,163.0554719
0.8083333333,0.9916666667,48.5,7.558333333,431.2757064,177.0606399
0.825,0.008333333333,49.5,2.641666667,21.38565139,-106.6775172
0.825,0.025,49.5,2.725,18.97269139,-92.98888232
0.825,0.04166666667,49.5,2.808333333,16.55973139,-76.34407451
0.825,0.05833333333,49.5,2.891666667,14.14677139,-58.24919832
0.825,0.075,49.5,2.975,11.73381139,-41.34679947
0.825,0.09166666667,49.5,3.058333333,9.320851386,-28.90651666
0.825,0.1083333333,49.5,3.141666667,6.907891386,-23.64391986
0.825,0.125,49.5,3.225,4.494931387,-26.45747073
0.825,0.1416666667,49.5,3.308333333,2.081971387,-35.96477643
0.825,0.1583333333,49.5,3.391666667,-0.3309886131,-49.19834208
0.825,0.175,49.5,3.475,-2.743948613,-62.92697402
0.825,0.1916666667,49.5,3.558333333,8.15536457,-74.72108648
0.825,0.2083333333,49.5,3.641666667,19.05467775,-83.30351346
0.825,0.225,49.5,3.725,29.95399094,-88.32254043
0.825,0.2416666667,49.5,3.808333333,40.85330412,-89.92074363
0.825,0.2583333333,49.5,3.891666667,38.62526183,-88.36709525
0.825,0.275,49.5,3.975,23.26986408,-83.83575817
0.825,0.2916666667,49.5,4.058333333,7.914466326,-76.31293679
0.825,0.3083333333,49.5,4.141666667,-7.440931428,-65.60149695
0.825,0.325,49.5,4.225,-22.79632918,-51.42514607
0.825,0.3416666667,49.5,4.308333333,-6.925019914,-33.6639944
0.825,0.3583333333,49.5,4.391666667,8.946289353,-12.73496657
0.825,0.375,49.5,4.475,24.81759862,9.981256348
0.825,0.3916666667,49.5,4.558333333,33.90595239,31.95145809
0.825,0.4083333333,49.5,4.641666667,42.99430615,49.90882089
0.825,0.425,49.5,4.725,52.08265992,60.97154048
0.825,0.4416666667,49.5,4.808333333,50.17137683,63.94393437
0.825,0.4583333333,49.5,4.891666667,48.26009374,59.91353078
0.825,0.475,49.5,4.975,46.34881065,51.68309639
0.825,0.4916666667,49.5,5.058333333,44.43752756,42.47659732
0.825,0.5083333333,49.5,5.141666667,117.0099787,34.80557151
0.825,0.525,49.5,5.225,235.8860587,30.029853
0.825,0.5416666667,49.5,5.308333333,252.8185744,28.53435593
0.825,0.5583333333,49.5,5.391666667,203.6910303,30.1541921
0.825,0.575,49.5,5.475,202.9733831,34.558572
0.825,0.5916666667,49.5,5.558333333,211.9760678,41.49069926
0.825,0.6083333333,49.5,5.641666667,220.9787525,50.87546902
0.825,0.625,49.5,5.725,229.9814372,62.82715489
0.825,0.6416666667,49.5,5.808333333,236.8190836,77.55990479
0.825,0.6583333333,49.5,5.891666667,243.6567301,95.17125953
0.825,0.675,49.5,5.975,250.4943765,115.2786956
0.825,0.6916666667,49.5,6.058333333,263.9734609,136.5884171
0.825,0.7083333333,49.5,6.141666667,277.4525452,156.6587011
0.825,0.725,49.5,6.225,290.9316295,172.2319183
0.825,0.7416666667,49.5,6.308333333,304.4107139,180.2842393
0.825,0.7583333333,49.5,6.391666667,313.422054,179.3519702
0.825,0.775,49.5,6.475,317.9656501,170.2555524
0.825,0.7916666667,49.5,6.558333333,322.5092461,155.6671915
0.825,0.8083333333,49.5,6.641666667,327.0528422,138.8586752
0.825,0.825,49.5,6.725,331.5964382,122.5075026
0.825,0.8416666667,49.5,6.808333333,334.1007134,108.1670054
0.825,0.8583333333,49.5,6.891666667,336.6049885,96.38612161
0.825,0.875,49.5,6.975,339.1092637,87.12271488
0.825,0.8916666667,49.5,7.058333333,359.5013736,80.14023604
0.825,0.9083333333,49.5,7.141666667,379.8934835,75.26431879
0.825,0.925,49.5,7.225,400.2855934,72.50288413
0.825,0.9416666667,49.5,7.308333333,406.5619351,72.06316927
0.825,0.9583333333,49.5,7.391666667,412.8382767,74.27313315
0.825,0.975,49.5,7.475,419.1146184,79.38017504
0.825,0.9916666667,49.5,7.558333333,425.3909601,87.20208735
0.8416666667,0.008333333333,50.5,2.641666667,23.41011503,-97.64906624
0.8416666667,0.025,50.5,2.725,20.99715503,-90.63829378
0.8416666667,0.04166666667,50.5,2.808333333,18.58419503,-80.41327691
0.8416666667,0.05833333333,50.5,2.891666667,16.17123503,-66.69698698
0.8416666667,0.075,50.5,2.975,13.75827503,-49.41720236
0.8416666667,0.09166666667,50.5,3.058333333,11.34531503,-29.10460424
0.8416666667,0.1083333333,50.5,3.141666667,8.93235503,-7.306284073
0.8416666667,0.125,50.5,3.225,6.51939503,13.29637414
0.8416666667,0.1416666667,50.5,3.308333333,4.106435031,29.42094889
0.8416666667,0.1583333333,50.5,3.391666667,1.693475031,38.37996864
0.8416666667,0.175,50.5,3.475,12.59278821,39.33109564
0.8416666667,0.1916666667,50.5,3.558333333,23.4921014,33.70400642
0.8416666667,0.2083333333,50.5,3.641666667,34.39141458,24.47176869
0.8416666667,0.225,50.5,3.725,45.29072776,14.82437942
0.8416666667,0.2416666667,50.5,3.808333333,56.19004094,7.122831672
0.8416666667,0.2583333333,50.5,3.891666667,53.96199866,2.571550301
0.8416666667,0.275,50.5,3.975,38.60660091,1.457939965
0.8416666667,0.2916666667,50.5,4.058333333,23.25120315,3.584829812
0.8416666667,0.3083333333,50.5,4.141666667,7.895805399,8.634435125
0.8416666667,0.325,50.5,4.225,-7.459592355,16.38534995
0.8416666667,0.3416666667,50.5,4.308333333,-22.81499011,26.80279102
0.8416666667,0.3583333333,50.5,4.391666667,-6.943680841,40.03176454
0.8416666667,0.375,50.5,4.475,8.927628426,56.29013036
0.8416666667,0.3916666667,50.5,4.558333333,18.01598219,75.62930039
0.8416666667,0.4083333333,50.5,4.641666667,27.10433596,97.55105917
0.8416666667,0.425,50.5,4.725,25.19305287,120.58411
0.8416666667,0.4416666667,50.5,4.808333333,23.28176978,142.1107664
0.8416666667,0.4583333333,50.5,4.891666667,21.37048669,158.8111355
0.8416666667,0.475,50.5,4.975,19.4592036,167.800535
0.8416666667,0.4916666667,50.5,5.058333333,17.54792051,167.9231352
0.8416666667,0.5083333333,50.5,5.141666667,90.12037162,160.3154136
0.8416666667,0.525,50.5,5.225,237.1765569,147.8044972
0.8416666667,0.5416666667,50.5,5.308333333,252.9724987,133.606421
0.8416666667,0.5583333333,50.5,5.391666667,193.3150123,120.2107376
0.8416666667,0.575,50.5,5.475,192.5973651,108.9655659
0.8416666667,0.5916666667,50.5,5.558333333,211.5263309,100.268626
0.8416666667,0.6083333333,50.5,5.641666667,220.5290156,93.99440647
0.8416666667,0.625,50.5,5.725,229.5317003,89.87366867
0.8416666667,0.6416666667,50.5,5.808333333,236.3693468,87.72778755
0.8416666667,0.6583333333,50.5,5.891666667,243.2069932,87.57170524
0.8416666667,0.675,50.5,5.975,256.6860776,89.61726282
0.8416666667,0.6916666667,50.5,6.058333333,270.1651619,94.17853232
0.8416666667,0.7083333333,50.5,6.141666667,283.6442462,101.4487957
0.8416666667,0.725,50.5,6.225,297.1233306,111.1308202
0.8416666667,0.7416666667,50.5,6.308333333,310.6024149,122.0046578
0.8416666667,0.7583333333,50.5,6.391666667,319.6137551,131.7013927
0.8416666667,0.775,50.5,6.475,324.1573511,137.0563242
0.8416666667,0.7916666667,50.5,6.558333333,328.7009472,135.1760335
0.8416666667,0.8083333333,50.5,6.641666667,333.2445432,124.757791
0.8416666667,0.825,50.5,6.725,337.7881392,106.7791323
0.8416666667,0.8416666667,50.5,6.808333333,342.3317353,84.02752129
0.8416666667,0.8583333333,50.5,6.891666667,344.8360104,59.83461813
0.8416666667,0.875,50.5,6.975,347.3402856,36.89681537
0.8416666667,0.8916666667,50.5,7.058333333,367.7323955,16.76906658
0.8416666667,0.9083333333,50.5,7.141666667,388.1245054,0.0001211720773
0.8416666667,0.925,50.5,7.225,394.4008471,-13.45063454
0.8416666667,0.9416666667,50.5,7.308333333,400.6771887,-23.81961666
0.8416666667,0.9583333333,50.5,7.391666667,406.9535304,-31.28658692
0.8416666667,0.975,50.5,7.475,413.2298721,-35.85741467
0.8416666667,0.9916666667,50.5,7.558333333,419.5062138,-37.34892611
0.8583333333,0.008333333333,51.5,2.641666667,25.43457867,-22.66418495
0.8583333333,0.025,51.5,2.725,23.02161867,-20.6558091
0.8583333333,0.04166666667,51.5,2.808333333,20.60865867,-15.62790767
0.8583333333,0.05833333333,51.5,2.891666667,18.19569867,-7.770437779
0.8583333333,0.075,51.5,2.975,15.78273867,2.916054131
0.8583333333,0.09166666667,51.5,3.058333333,13.36977867,16.60382295
0.8583333333,0.1083333333,51.5,3.141666667,10.95681867,33.51881096
0.8583333333,0.125,51.5,3.225,8.543858674,53.68575251
0.8583333333,0.1416666667,51.5,3.308333333,6.130898674,76.53289629
0.8583333333,0.1583333333,51.5,3.391666667,17.03021186,100.4772676
0.8583333333,0.175,51.5,3.475,27.92952504,122.7983272
0.8583333333,0.1916666667,51.5,3.558333333,38.82883822,140.1578269
0.8583333333,0.2083333333,51.5,3.641666667,49.72815141,149.7880444
0.8583333333,0.225,51.5,3.725,60.62746459,150.7509567
0.8583333333,0.2416666667,51.5,3.808333333,71.52677777,144.3885139
0.8583333333,0.2583333333,51.5,3.891666667,69.29873549,133.6149273
0.8583333333,0.275,51.5,3.975,53.94333773,121.5943945
0.8583333333,0.2916666667,51.5,4.058333333,38.58793998,110.6847255
0.8583333333,0.3083333333,51.5,4.141666667,23.23254223,102.0970272
0.8583333333,0.325,51.5,4.225,7.877144472,96.12882406
0.8583333333,0.3416666667,51.5,4.308333333,-7.478253282,92.59669678
0.8583333333,0.3583333333,51.5,4.391666667,-22.83365104,91.20337168
0.8583333333,0.375,51.5,4.475,-6.962341768,91.75779756
0.8583333333,0.3916666667,51.5,4.558333333,2.126011999,94.26746809
0.8583333333,0.4083333333,51.5,4.641666667,0.2147289094,98.93302258
0.8583333333,0.425,51.5,4.725,-1.69655418,106.0428334
0.8583333333,0.4416666667,51.5,4.808333333,-3.60783727,115.7355791
0.8583333333,0.4583333333,51.5,4.891666667,-5.519120359,127.6181143
0.8583333333,0.475,51.5,4.975,-7.430403449,140.3390781
0.8583333333,0.4916666667,51.5,5.058333333,-9.341686538,151.4052601
0.8583333333,0.5083333333,51.5,5.141666667,63.23076457,157.6094739
0.8583333333,0.525,51.5,5.225,206.213744,156.1554954
0.8583333333,0.5416666667,51.5,5.308333333,236.4314805,145.9549592
0.8583333333,0.5583333333,51.5,5.391666667,182.9389943,128.2096643
0.8583333333,0.575,51.5,5.475,182.2213471,105.8286673
0.8583333333,0.5916666667,51.5,5.558333333,201.1503129,82.12966935
0.8583333333,0.6083333333,51.5,5.641666667,220.0792788,59.71130148
0.8583333333,0.625,51.5,5.725,229.0819635,40.02236128
0.8583333333,0.6416666667,51.5,5.808333333,235.9196099,23.54321931
0.8583333333,0.6583333333,51.5,5.891666667,249.3986943,10.2107826
0.8583333333,0.675,51.5,5.975,262.8777786,-0.2002347349
0.8583333333,0.6916666667,51.5,6.058333333,276.3568629,-7.840392887
0.8583333333,0.7083333333,51.5,6.141666667,289.8359473,-12.68035123
0.8583333333,0.725,51.5,6.225,303.3150316,-14.50541737
0.8583333333,0.7416666667,51.5,6.308333333,316.7941159,-13.00748588
0.8583333333,0.7583333333,51.5,6.391666667,325.8054561,-8.004393157
0.8583333333,0.775,51.5,6.475,330.3490522,0.1939515959
0.8583333333,0.7916666667,51.5,6.558333333,334.8926482,10.35386397
0.8583333333,0.8083333333,51.5,6.641666667,339.4362442,20.08536288
0.8583333333,0.825,51.5,6.725,343.9798403,26.18273489
0.8583333333,0.8416666667,51.5,6.808333333,348.5234363,25.68141714
0.8583333333,0.8583333333,51.5,6.891666667,353.0670324,17.18192468
0.8583333333,0.875,51.5,6.975,355.5713075,1.560463901
0.8583333333,0.8916666667,51.5,7.058333333,375.9634174,-18.47830162
0.8583333333,0.9083333333,51.5,7.141666667,382.2397591,-39.6585427
0.8583333333,0.925,51.5,7.225,388.5161008,-59.32096243
0.8583333333,0.9416666667,51.5,7.308333333,394.7924424,-75.94264419
0.8583333333,0.9583333333,51.5,7.391666667,401.0687841,-89.01045432
0.8583333333,0.975,51.5,7.475,407.3451258,-98.60564264
0.8583333333,0.9916666667,51.5,7.558333333,413.6214674,-105.0077407
0.875,0.008333333333,52.5,2.641666667,27.45904232,105.3798299
0.875,0.025,52.5,2.725,25.04608232,96.28210261
0.875,0.04166666667,52.5,2.808333333,22.63312232,89.68904098
0.875,0.05833333333,52.5,2.891666667,20.22016232,85.84652647
0.875,0.075,52.5,2.975,17.80720232,84.53800072
0.875,0.09166666667,52.5,3.058333333,15.39424232,85.44521055
0.875,0.1083333333,52.5,3.141666667,12.98128232,88.36148284
0.875,0.125,52.5,3.225,10.56832232,93.2791275
0.875,0.1416666667,52.5,3.308333333,21.4676355,100.3799776
0.875,0.1583333333,52.5,3.391666667,32.36694868,109.9248459
0.875,0.175,52.5,3.475,43.26626187,122.0092548
0.875,0.1916666667,52.5,3.558333333,54.16557505,136.1758989
0.875,0.2083333333,52.5,3.641666667,65.06488823,150.9925954
0.875,0.225,52.5,3.725,75.96420141,163.8915509
0.875,0.2416666667,52.5,3.808333333,86.8635146,171.6348759
0.875,0.2583333333,52.5,3.891666667,84.63547231,171.4663307
0.875,0.275,52.5,3.975,69.28007456,162.3937476
0.875,0.2916666667,52.5,4.058333333,53.92467681,145.7167779
0.875,0.3083333333,52.5,4.141666667,38.56927905,124.3905409
0.875,0.325,52.5,4.225,23.2138813,101.7146028
0.875,0.3416666667,52.5,4.308333333,7.858483545,80.23292956
0.875,0.3583333333,52.5,4.391666667,-7.496914209,61.33984479
0.875,0.375,52.5,4.475,-22.85231196,45.4825936
0.875,0.3916666667,52.5,4.558333333,-24.76359505,32.58906645
0.875,0.4083333333,52.5,4.641666667,-26.67487814,22.44250375
0.875,0.425,52.5,4.725,-28.58616123,14.9106563
0.875,0.4416666667,52.5,4.808333333,-30.49744432,10.04495397
0.875,0.4583333333,52.5,4.891666667,-32.40872741,8.080975871
0.875,0.475,52.5,4.975,-34.3200105,9.340651402
0.875,0.4916666667,52.5,5.058333333,-36.23129359,14.00527193
0.875,0.5083333333,52.5,5.141666667,32.26795162,21.74254093
0.875,0.525,52.5,5.225,171.1777251,31.27665495
0.875,0.5416666667,52.5,5.308333333,201.3954617,40.17550638
0.875,0.5583333333,52.5,5.391666667,166.3979761,45.22742791
0.875,0.575,52.5,5.475,171.8453291,43.52754182
0.875,0.5916666667,52.5,5.558333333,190.7742949,33.79269199
0.875,0.6083333333,52.5,5.641666667,209.7032608,17.02047301
0.875,0.625,52.5,5.725,228.6322266,-4.014372456
0.875,0.6416666667,52.5,5.808333333,242.111311,-26.03549174
0.875,0.6583333333,52.5,5.891666667,255.5903953,-46.42828337
0.875,0.675,52.5,5.975,269.0694796,-63.72218836
0.875,0.6916666667,52.5,6.058333333,282.548564,-77.44020124
0.875,0.7083333333,52.5,6.141666667,296.0276483,-87.67851314
0.875,0.725,52.5,6.225,309.5067326,-94.71596452
0.875,0.7416666667,52.5,6.308333333,322.985817,-98.76584878
0.875,0.7583333333,52.5,6.391666667,331.9971572,-99.86203314
0.875,0.775,52.5,6.475,336.5407532,-97.84653589
0.875,0.7916666667,52.5,6.558333333,341.0843492,-92.45351604
0.875,0.8083333333,52.5,6.641666667,345.6279453,-83.51823115
0.875,0.825,52.5,6.725,350.1715413,-71.33356488
0.875,0.8416666667,52.5,6.808333333,354.7151374,-57.08350924
0.875,0.8583333333,52.5,6.891666667,359.2587334,-43.10231008
0.875,0.875,52.5,6.975,363.8023294,-32.58478608
0.875,0.8916666667,52.5,7.058333333,370.0786711,-28.57356074
0.875,0.9083333333,52.5,7.141666667,376.3550128,-32.62690166
0.875,0.925,52.5,7.225,382.6313544,-44.03803425
0.875,0.9416666667,52.5,7.308333333,388.9076961,-60.20126201
0.875,0.9583333333,52.5,7.391666667,395.1840378,-77.83960111
0.875,0.975,52.5,7.475,401.4603794,-94.22450371
0.875,0.9916666667,52.5,7.558333333,407.7367211,-107.7493409
0.8916666667,0.008333333333,53.5,2.641666667,29.48350596,173.5108317
0.8916666667,0.025,53.5,2.725,27.07054596,158.5376157
0.8916666667,0.04166666667,53.5,2.808333333,24.65758596,138.7727796
0.8916666667,0.05833333333,53.5,2.891666667,22.24462596,117.503747
0.8916666667,0.075,53.5,2.975,19.83166596,97.26647192
0.8916666667,0.09166666667,53.5,3.058333333,17.41870596,79.45035318
0.8916666667,0.1083333333,53.5,3.141666667,15.00574596,64.50014194
0.8916666667,0.125,53.5,3.225,25.90505914,52.34347565
0.8916666667,0.1416666667,53.5,3.308333333,36.80437233,42.76559247
0.8916666667,0.1583333333,53.5,3.391666667,47.70368551,35.63847251
0.8916666667,0.175,53.5,3.475,58.60299869,31.01988683
0.8916666667,0.1916666667,53.5,3.558333333,69.50231188,29.15368506
0.8916666667,0.2083333333,53.5,3.641666667,80.40162506,30.37182234
0.8916666667,0.225,53.5,3.725,91.30093824,34.86724393
0.8916666667,0.2416666667,53.5,3.808333333,102.2002514,42.32078612
0.8916666667,0.2583333333,53.5,3.891666667,99.97220914,51.47085885
0.8916666667,0.275,53.5,3.975,84.61681139,59.89973145
0.8916666667,0.2916666667,53.5,4.058333333,69.26141363,64.40890614
0.8916666667,0.3083333333,53.5,4.141666667,53.90601588,62.10435771
0.8916666667,0.325,53.5,4.225,38.55061812,51.71156751
0.8916666667,0.3416666667,53.5,4.308333333,23.19522037,34.23595942
0.8916666667,0.3583333333,53.5,4.391666667,7.839822618,12.46084997
0.8916666667,0.375,53.5,4.475,21.75946681,-10.32766577
0.8916666667,0.3916666667,53.5,4.558333333,29.63844898,-31.50488425
0.8916666667,0.4083333333,53.5,4.641666667,27.72716589,-49.59093614
0.8916666667,0.425,53.5,4.725,25.8158828,-64.10100053
0.8916666667,0.4416666667,53.5,4.808333333,23.90459971,-75.12506387
0.8916666667,0.4583333333,53.5,4.891666667,21.99331663,-82.93716288
0.8916666667,0.475,53.5,4.975,20.08203354,-87.74691324
0.8916666667,0.4916666667,53.5,5.058333333,18.17075045,-89.58539637
0.8916666667,0.5083333333,53.5,5.141666667,34.93638635,-88.29253198
0.8916666667,0.525,53.5,5.225,122.1125506,-83.600838
0.8916666667,0.5416666667,53.5,5.308333333,152.3302871,-75.34410311
0.8916666667,0.5583333333,53.5,5.391666667,182.5480237,-63.81363938
0.8916666667,0.575,53.5,5.475,209.733784,-50.19172111
0.8916666667,0.5916666667,53.5,5.558333333,228.6627499,-36.81120807
0.8916666667,0.6083333333,53.5,5.641666667,247.5917158,-26.86687114
0.8916666667,0.625,53.5,5.725,235.4207455,-23.40352565
0.8916666667,0.6416666667,53.5,5.808333333,248.1117779,-27.98369476
0.8916666667,0.6583333333,53.5,5.891666667,261.5908623,-39.90542337
0.8916666667,0.675,53.5,5.975,275.0699466,-56.56661628
0.8916666667,0.6916666667,53.5,6.058333333,288.5490309,-74.69195341
0.8916666667,0.7083333333,53.5,6.141666667,302.0281153,-91.55322333
0.8916666667,0.725,53.5,6.225,315.5071996,-105.5439165
0.8916666667,0.7416666667,53.5,6.308333333,328.9862839,-116.0891067
0.8916666667,0.7583333333,53.5,6.391666667,337.9976241,-123.2387874
0.8916666667,0.775,53.5,6.475,342.5412202,-127.264366
0.8916666667,0.7916666667,53.5,6.558333333,347.0848162,-128.3923183
0.8916666667,0.8083333333,53.5,6.641666667,351.6284122,-126.6760731
0.8916666667,0.825,53.5,6.725,356.1720083,-121.9724469
0.8916666667,0.8416666667,53.5,6.808333333,360.7156043,-114.0129914
0.8916666667,0.8583333333,53.5,6.891666667,365.2592004,-102.5958413
0.8916666667,0.875,53.5,6.975,371.949574,-87.92522325
0.8916666667,0.8916666667,53.5,7.058333333,405.0284625,-71.04512963
0.8916666667,0.9083333333,53.5,7.141666667,411.3048041,-54.13960412
0.8916666667,0.925,53.5,7.225,423.3061528,-40.32813785
0.8916666667,0.9416666667,53.5,7.308333333,424.1331984,-32.73351792
0.8916666667,0.9583333333,53.5,7.391666667,362.5365886,-33.14621695
0.8916666667,0.975,53.5,7.475,368.8129303,-41.13019922
0.8916666667,0.9916666667,53.5,7.558333333,364.0213371,-54.24495264
0.9083333333,0.008333333333,54.5,2.641666667,31.5079696,78.32513386
0.9083333333,0.025,54.5,2.725,29.0950096,82.84291665
0.9083333333,0.04166666667,54.5,2.808333333,26.68204961,80.58042592
0.9083333333,0.05833333333,54.5,2.891666667,24.26908961,70.16264883
0.9083333333,0.075,54.5,2.975,21.85612961,52.48774415
0.9083333333,0.09166666667,54.5,3.058333333,19.44316961,30.28456991
0.9083333333,0.1083333333,54.5,3.141666667,30.34248279,6.856887889
0.9083333333,0.125,54.5,3.225,41.24179597,-15.10662552
0.9083333333,0.1416666667,54.5,3.308333333,52.14110915,-34.05570968
0.9083333333,0.1583333333,54.5,3.391666667,63.04042234,-49.45414099
0.9083333333,0.175,54.5,3.475,73.93973552,-61.36477323
0.9083333333,0.1916666667,54.5,3.558333333,84.8390487,-70.05285244
0.9083333333,0.2083333333,54.5,3.641666667,95.73836189,-75.72957957
0.9083333333,0.225,54.5,3.725,106.6376751,-78.43176118
0.9083333333,0.2416666667,54.5,3.808333333,117.5369883,-78.00422823
0.9083333333,0.2583333333,54.5,3.891666667,115.308946,-74.17792404
0.9083333333,0.275,54.5,3.975,99.95354821,-66.77096609
0.9083333333,0.2916666667,54.5,4.058333333,84.59815046,-56.0374829
0.9083333333,0.3083333333,54.5,4.141666667,69.2427527,-43.10143307
0.9083333333,0.325,54.5,4.225,53.88735495,-30.23464294
0.9083333333,0.3416666667,54.5,4.308333333,38.5319572,-20.60530774
0.9083333333,0.3583333333,54.5,4.391666667,52.45160139,-17.30030784
0.9083333333,0.375,54.5,4.475,66.37124559,-21.98964167
0.9083333333,0.3916666667,54.5,4.558333333,74.25022776,-34.09372788
0.9083333333,0.4083333333,54.5,4.641666667,82.12920993,-51.08567569
0.9083333333,0.425,54.5,4.725,80.21792684,-69.69252035
0.9083333333,0.4416666667,54.5,4.808333333,78.30664375,-87.13700672
0.9083333333,0.4583333333,54.5,4.891666667,76.39536066,-101.7521264
0.9083333333,0.475,54.5,4.975,74.48407757,-112.9188116
0.9083333333,0.4916666667,54.5,5.058333333,72.57279448,-120.6665792
0.9083333333,0.5083333333,54.5,5.141666667,89.33843039,-125.264839
0.9083333333,0.525,54.5,5.225,124.7809853,-126.9485033
0.9083333333,0.5416666667,54.5,5.308333333,168.4803347,-125.7834004
0.9083333333,0.5583333333,54.5,5.391666667,220.4364787,-121.6377235
0.9083333333,0.575,54.5,5.475,247.622239,-114.2479348
0.9083333333,0.5916666667,54.5,5.558333333,266.5512049,-103.4032643
0.9083333333,0.6083333333,54.5,5.641666667,254.3802346,-89.2775449
0.9083333333,0.625,54.5,5.725,242.2092643,-72.86181087
0.9083333333,0.6416666667,54.5,5.808333333,254.9002968,-56.28048808
0.9083333333,0.6583333333,54.5,5.891666667,267.5913292,-42.62241488
0.9083333333,0.675,54.5,5.975,281.0704136,-35.04515078
0.9083333333,0.6916666667,54.5,6.058333333,294.5494979,-35.44210587
0.9083333333,0.7083333333,54.5,6.141666667,308.0285822,-43.50250915
0.9083333333,0.725,54.5,6.225,321.5076666,-56.86994642
0.9083333333,0.7416666667,54.5,6.308333333,334.9867509,-72.27544138
0.9083333333,0.7583333333,54.5,6.391666667,343.9980911,-86.8207498
0.9083333333,0.775,54.5,6.475,348.5416871,-98.68373191
0.9083333333,0.7916666667,54.5,6.558333333,353.0852832,-107.1235577
0.9083333333,0.8083333333,54.5,6.641666667,357.6288792,-112.1018035
0.9083333333,0.825,54.5,6.725,362.1724752,-113.8635886
0.9083333333,0.8416666667,54.5,6.808333333,366.7160713,-112.6449802
0.9083333333,0.8583333333,54.5,6.891666667,373.4064449,-108.5233975
0.9083333333,0.875,54.5,6.975,380.0968185,-101.3777128
0.9083333333,0.8916666667,54.5,7.058333333,413.175707,-90.94218823
0.9083333333,0.9083333333,54.5,7.141666667,444.7584147,-76.9747896
0.9083333333,0.925,54.5,7.225,444.3160082,-59.57136617
0.9083333333,0.9416666667,54.5,7.308333333,481.9830178,-39.59379019
0.9083333333,0.9583333333,54.5,7.391666667,397.7620909,-19.01852233
0.9083333333,0.975,54.5,7.475,325.0975463,-0.8460472885
0.9083333333,0.9916666667,54.5,7.558333333,309.2380182,11.70859679
0.925,0.008333333333,55.5,2.641666667,33.53243325,-58.08009822
0.925,0.025,55.5,2.725,31.11947325,-48.27357566
0.925,0.04166666667,55.5,2.808333333,28.70651325,-36.08090047
0.925,0.05833333333,55.5,2.891666667,26.29355325,-23.65134549
0.925,0.075,55.5,2.975,23.88059325,-14.09170373
0.925,0.09166666667,55.5,3.058333333,34.77990643,-10.55902166
0.925,0.1083333333,55.5,3.141666667,45.67921961,-14.92636932
0.925,0.125,55.5,3.225,56.5785328,-26.85645881
0.925,0.1416666667,55.5,3.308333333,67.47784598,-43.97956248
0.925,0.1583333333,55.5,3.391666667,78.37715916,-63.03641767
0.925,0.175,55.5,3.475,89.27647235,-81.15641
0.925,0.1916666667,55.5,3.558333333,100.1757855,-96.55060768
0.925,0.2083333333,55.5,3.641666667,111.0750987,-108.5074128
0.925,0.225,55.5,3.725,121.9744119,-117.010472
0.925,0.2416666667,55.5,3.808333333,132.8737251,-122.320936
0.925,0.2583333333,55.5,3.891666667,130.6456828,-124.6871998
0.925,0.275,55.5,3.975,115.290285,-124.1972415
0.925,0.2916666667,55.5,4.058333333,99.93488728,-120.7401381
0.925,0.3083333333,55.5,4.141666667,84.57948953,-114.0614552
0.925,0.325,55.5,4.225,69.22409178,-103.9335609
0.925,0.3416666667,55.5,4.308333333,83.14373597,-90.47204292
0.925,0.3583333333,55.5,4.391666667,97.06338017,-74.56443552
0.925,0.375,55.5,4.475,110.9830244,-58.21454028
0.925,0.3916666667,55.5,4.558333333,118.8620065,-44.44131543
0.925,0.4083333333,55.5,4.641666667,126.7409887,-36.45732709
0.925,0.425,55.5,4.725,134.6199709,-36.34862843
0.925,0.4416666667,55.5,4.808333333,132.7086878,-44.05087878
0.925,0.4583333333,55.5,4.891666667,130.7974047,-57.38172693
0.925,0.475,55.5,4.975,128.8861216,-73.10410469
0.925,0.4916666667,55.5,5.058333333,126.9748385,-88.23618602
0.925,0.5083333333,55.5,5.141666667,143.7404744,-100.8340626
0.925,0.525,55.5,5.225,179.1830293,-110.0594527
0.925,0.5416666667,55.5,5.308333333,214.6255842,-115.8226332
0.925,0.5583333333,55.5,5.391666667,258.3249336,-118.3565561
0.925,0.575,55.5,5.475,285.510694,-117.9084617
0.925,0.5916666667,55.5,5.558333333,205.1149109,-114.5766996
0.925,0.6083333333,55.5,5.641666667,244.1125502,-108.2606583
0.925,0.625,55.5,5.725,248.9977831,-98.70444571
0.925,0.6416666667,55.5,5.808333333,261.6888156,-85.65145827
0.925,0.6583333333,55.5,5.891666667,274.3798481,-69.14280217
0.925,0.675,55.5,5.975,287.0708805,-49.93907145
0.925,0.6916666667,55.5,6.058333333,300.5499649,-29.8921605
0.925,0.7083333333,55.5,6.141666667,314.0290492,-11.91848679
0.925,0.725,55.5,6.225,327.5081335,0.7338021447
0.925,0.7416666667,55.5,6.308333333,340.9872179,5.778349137
0.925,0.7583333333,55.5,6.391666667,349.998558,2.999673114
0.925,0.775,55.5,6.475,354.5421541,-5.633362832
0.925,0.7916666667,55.5,6.558333333,359.0857501,-16.93874373
0.925,0.8083333333,55.5,6.641666667,363.6293462,-27.85107376
0.925,0.825,55.5,6.725,368.1729422,-36.29155147
0.925,0.8416666667,55.5,6.808333333,374.8633158,-41.31277925
0.925,0.8583333333,55.5,6.891666667,381.5536895,-42.77242168
0.925,0.875,55.5,6.975,388.2440631,-40.90205426
0.925,0.8916666667,55.5,7.058333333,427.0479586,-35.98107876
0.925,0.9083333333,55.5,7.141666667,475.8056873,-28.15758288
0.925,0.925,55.5,7.225,495.6786647,-17.38642316
0.925,0.9416666667,55.5,7.308333333,539.8328372,-3.461440071
0.925,0.9583333333,55.5,7.391666667,543.5374911,13.84528578
0.925,0.975,55.5,7.475,486.6774522,34.50342638
0.925,0.9916666667,55.5,7.558333333,254.4546992,57.81244989
0.9416666667,0.008333333333,56.5,2.641666667,35.55689689,-122.0773293
0.9416666667,0.025,56.5,2.725,33.14393689,-119.4392975
0.9416666667,0.04166666667,56.5,2.808333333,30.73097689,-113.6143757
0.9416666667,0.05833333333,56.5,2.891666667,28.31801689,-104.3551197
0.9416666667,0.075,56.5,2.975,39.21733008,-91.69815094
0.9416666667,0.09166666667,56.5,3.058333333,50.11664326,-76.38321253
0.9416666667,0.1083333333,56.5,3.141666667,61.01595644,-60.23173086
0.9416666667,0.125,56.5,3.225,71.91526962,-46.14048939
0.9416666667,0.1416666667,56.5,3.308333333,82.81458281,-37.37480108
0.9416666667,0.1583333333,56.5,3.391666667,93.71389599,-36.28464743
0.9416666667,0.175,56.5,3.475,104.6132092,-43.17284787
0.9416666667,0.1916666667,56.5,3.558333333,115.5125224,-56.13892013
0.9416666667,0.2083333333,56.5,3.641666667,126.4118355,-72.02079775
0.9416666667,0.225,56.5,3.725,137.3111487,-87.72756102
0.9416666667,0.2416666667,56.5,3.808333333,148.2104619,-101.1337604
0.9416666667,0.2583333333,56.5,3.891666667,145.9824196,-111.2470915
0.9416666667,0.275,56.5,3.975,130.6270219,-117.8916471
0.9416666667,0.2916666667,56.5,4.058333333,115.2716241,-121.2753888
0.9416666667,0.3083333333,56.5,4.141666667,99.91622636,-121.6586248
0.9416666667,0.325,56.5,4.225,113.8358706,-119.1698097
0.9416666667,0.3416666667,56.5,4.308333333,127.7555148,-113.7398759
0.9416666667,0.3583333333,56.5,4.391666667,141.6751589,-105.1310099
0.9416666667,0.375,56.5,4.475,155.5948031,-93.07152898
0.9416666667,0.3916666667,56.5,4.558333333,163.4737853,-77.53062601
0.9416666667,0.4083333333,56.5,4.641666667,171.3527675,-59.12730888
0.9416666667,0.425,56.5,4.725,179.2317497,-39.5295346
0.9416666667,0.4416666667,56.5,4.808333333,187.1107318,-21.51553194
0.9416666667,0.4583333333,56.5,4.891666667,185.1994487,-8.357857119
0.9416666667,0.475,56.5,4.975,183.2881656,-2.580939953
0.9416666667,0.4916666667,56.5,5.058333333,181.3768826,-4.760961891
0.9416666667,0.5083333333,56.5,5.141666667,198.1425185,-13.22602942
0.9416666667,0.525,56.5,5.225,233.5850734,-24.8908336
0.9416666667,0.5416666667,56.5,5.308333333,269.0276283,-36.5923966
0.9416666667,0.5583333333,56.5,5.391666667,304.4701832,-46.06656224
0.9416666667,0.575,56.5,5.475,245.6606508,-52.19821626
0.9416666667,0.5916666667,56.5,5.558333333,165.2648678,-54.74266958
0.9416666667,0.6083333333,56.5,5.641666667,204.262507,-53.89190921
0.9416666667,0.625,56.5,5.725,255.786302,-49.92608949
0.9416666667,0.6416666667,56.5,5.808333333,268.4773344,-43.0127714
0.9416666667,0.6583333333,56.5,5.891666667,281.1683669,-33.12902743
0.9416666667,0.675,56.5,5.975,293.8593994,-20.07914847
0.9416666667,0.6916666667,56.5,6.058333333,306.5504318,-3.61512016
0.9416666667,0.7083333333,56.5,6.141666667,320.0295162,16.3068024
0.9416666667,0.725,56.5,6.225,333.5086005,39.12941271
0.9416666667,0.7416666667,56.5,6.308333333,346.9876848,63.28008641
0.9416666667,0.7583333333,56.5,6.391666667,355.999025,86.04771259
0.9416666667,0.775,56.5,6.475,360.542621,104.1079151
0.9416666667,0.7916666667,56.5,6.558333333,365.0862171,114.7144207
0.9416666667,0.8083333333,56.5,6.641666667,369.6298131,116.9545707
0.9416666667,0.825,56.5,6.725,376.3201868,112.1900654
0.9416666667,0.8416666667,56.5,6.808333333,383.0105604,103.3407916
0.9416666667,0.8583333333,56.5,6.891666667,389.700934,93.56104069
0.9416666667,0.875,56.5,6.975,396.3913077,85.18776339
0.9416666667,0.8916666667,56.5,7.058333333,452.3702242,79.40595395
0.9416666667,0.9083333333,56.5,7.141666667,463.7496306,76.48496714
0.9416666667,0.925,56.5,7.225,391.078496,76.21169686
0.9416666667,0.9416666667,56.5,7.308333333,563.9904046,78.25704456
0.9416666667,0.9583333333,56.5,7.391666667,655.6206392,82.3954201
0.9416666667,0.975,56.5,7.475,598.7606003,88.59690736
0.9416666667,0.9916666667,56.5,7.558333333,294.4167724,97.02195235
0.9583333333,0.008333333333,57.5,2.641666667,37.58136054,-118.5475272
0.9583333333,0.025,57.5,2.725,35.16840054,-122.8802228
0.9583333333,0.04166666667,57.5,2.808333333,32.75544054,-124.1741399
0.9583333333,0.05833333333,57.5,2.891666667,43.65475372,-122.5950148
0.9583333333,0.075,57.5,2.975,54.5540669,-118.1165391
0.9583333333,0.09166666667,57.5,3.058333333,65.45338008,-110.5297848
0.9583333333,0.1083333333,57.5,3.141666667,76.35269327,-99.55337458
0.9583333333,0.125,57.5,3.225,87.25200645,-85.07693176
0.9583333333,0.1416666667,57.5,3.308333333,98.15131963,-67.54786238
0.9583333333,0.1583333333,57.5,3.391666667,109.0506328,-48.39405087
0.9583333333,0.175,57.5,3.475,119.949946,-30.18802978
0.9583333333,0.1916666667,57.5,3.558333333,130.8492592,-16.18703501
0.9583333333,0.2083333333,57.5,3.641666667,141.7485724,-9.184860684
0.9583333333,0.225,57.5,3.725,152.6478855,-10.22630347
0.9583333333,0.2416666667,57.5,3.808333333,163.5471987,-18.06991904
0.9583333333,0.2583333333,57.5,3.891666667,161.3191564,-29.81517095
0.9583333333,0.275,57.5,3.975,145.9637587,-42.21082266
0.9583333333,0.2916666667,57.5,4.058333333,130.6083609,-52.75866069
0.9583333333,0.3083333333,57.5,4.141666667,144.5280051,-60.1125825
0.9583333333,0.325,57.5,4.225,158.4476493,-63.87863116
0.9583333333,0.3416666667,57.5,4.308333333,172.3672935,-64.18705708
0.9583333333,0.3583333333,57.5,4.391666667,186.2869377,-61.31605571
0.9583333333,0.375,57.5,4.475,200.2065819,-55.4609917
0.9583333333,0.3916666667,57.5,4.558333333,208.0855641,-46.63401052
0.9583333333,0.4083333333,57.5,4.641666667,215.9645463,-34.66261746
0.9583333333,0.425,57.5,4.725,223.8435284,-19.28648202
0.9583333333,0.4416666667,57.5,4.808333333,231.7225106,-0.3832385773
0.9583333333,0.4583333333,57.5,4.891666667,239.6014928,21.65953734
0.9583333333,0.475,57.5,4.975,237.6902097,45.51393964
0.9583333333,0.4916666667,57.5,5.058333333,235.7789266,68.69557375
0.9583333333,0.5083333333,57.5,5.141666667,252.5445625,87.93437391
0.9583333333,0.525,57.5,5.225,287.9871174,100.2562326
0.9583333333,0.5416666667,57.5,5.308333333,323.4296723,104.2994571
0.9583333333,0.5583333333,57.5,5.391666667,309.0198036,100.9821013
0.9583333333,0.575,57.5,5.475,260.3898156,93.00735407
0.9583333333,0.5916666667,57.5,5.558333333,190.1735769,83.59095645
0.9583333333,0.6083333333,57.5,5.641666667,224.6411686,75.2942088
0.9583333333,0.625,57.5,5.725,262.5748208,69.53617932
0.9583333333,0.6416666667,57.5,5.808333333,275.2658533,66.74102923
0.9583333333,0.6583333333,57.5,5.891666667,287.9568857,66.75829837
0.9583333333,0.675,57.5,5.975,300.6479182,69.25509826
0.9583333333,0.6916666667,57.5,6.058333333,313.3389507,73.96629049
0.9583333333,0.7083333333,57.5,6.141666667,326.0299831,80.81011259
0.9583333333,0.725,57.5,6.225,339.5090675,89.90215933
0.9583333333,0.7416666667,57.5,6.308333333,352.9881518,101.4730325
0.9583333333,0.7583333333,57.5,6.391666667,361.999492,115.6612464
0.9583333333,0.775,57.5,6.475,366.543088,132.1584202
0.9583333333,0.7916666667,57.5,6.558333333,371.0866841,149.7761851
0.9583333333,0.8083333333,57.5,6.641666667,376.7813146,166.1845473
0.9583333333,0.825,57.5,6.725,383.9695598,178.1961336
0.9583333333,0.8416666667,57.5,6.808333333,391.1578049,182.7739095
0.9583333333,0.8583333333,57.5,6.891666667,397.8481786,178.3638135
0.9583333333,0.875,57.5,6.975,404.5385522,165.6827639
0.9583333333,0.8916666667,57.5,7.058333333,460.5174687,147.3612314
0.9583333333,0.9083333333,57.5,7.141666667,471.8968751,126.7185624
0.9583333333,0.925,57.5,7.225,323.8598467,106.5390671
0.9583333333,0.9416666667,57.5,7.308333333,563.6411812,88.49159791
0.9583333333,0.9583333333,57.5,7.391666667,402.850289,73.21529436
0.9583333333,0.975,57.5,7.475,345.9902502,60.72431008
0.9583333333,0.9916666667,57.5,7.558333333,337.1930442,50.8108538
0.975,0.008333333333,58.5,2.641666667,39.60582418,-45.03535911
0.975,0.025,58.5,2.725,37.19286418,-56.63529179
0.975,0.04166666667,58.5,2.808333333,48.09217736,-65.29058021
0.975,0.05833333333,58.5,2.891666667,58.99149055,-70.39619644
0.975,0.075,58.5,2.975,69.89080373,-71.98479825
0.975,0.09166666667,58.5,3.058333333,80.79011691,-70.32119419
0.975,0.1083333333,58.5,3.141666667,91.68943009,-65.63274225
0.975,0.125,58.5,3.225,102.5887433,-57.97870237
0.975,0.1416666667,58.5,3.308333333,113.4880565,-47.22479725
0.975,0.1583333333,58.5,3.391666667,124.3873696,-33.11245915
0.975,0.175,58.5,3.475,135.2866828,-15.44770139
0.975,0.1916666667,58.5,3.558333333,146.185996,5.562495604
0.975,0.2083333333,58.5,3.641666667,157.0853092,28.8766441
0.975,0.225,58.5,3.725,167.9846224,52.31095823
0.975,0.2416666667,58.5,3.808333333,178.8839356,72.72769951
0.975,0.2583333333,58.5,3.891666667,176.6558933,86.95097618
0.975,0.275,58.5,3.975,161.3004955,93.10145879
0.975,0.2916666667,58.5,4.058333333,175.2201397,91.51156732
0.975,0.3083333333,58.5,4.141666667,189.1397839,84.53216195
0.975,0.325,58.5,4.225,203.0594281,75.38209355
0.975,0.3416666667,58.5,4.308333333,216.9790723,66.87439834
0.975,0.3583333333,58.5,4.391666667,230.8987165,60.7333757
0.975,0.375,58.5,4.475,244.8183607,57.60691302
0.975,0.3916666667,58.5,4.558333333,252.6973429,57.45165719
0.975,0.4083333333,58.5,4.641666667,260.576325,59.95058783
0.975,0.425,58.5,4.725,268.4553072,64.8022731
0.975,0.4416666667,58.5,4.808333333,276.3342894,71.86791302
0.975,0.4583333333,58.5,4.891666667,284.2132715,81.20964472
0.975,0.475,58.5,4.975,292.0922537,93.0349308
0.975,0.4916666667,58.5,5.058333333,290.1809706,107.5255513
0.975,0.5083333333,58.5,5.141666667,306.9466065,124.5202391
0.975,0.525,58.5,5.225,342.3891614,143.0862305
0.975,0.5416666667,58.5,5.308333333,327.9792928,161.1789303
0.975,0.5583333333,58.5,5.391666667,313.5694241,175.7518013
0.975,0.575,58.5,5.475,264.9394361,183.587611
0.975,0.5916666667,58.5,5.558333333,217.4288973,182.6208731
0.975,0.6083333333,58.5,5.641666667,231.4296874,172.9519178
0.975,0.625,58.5,5.725,269.3633396,156.7987641
0.975,0.6416666667,58.5,5.808333333,282.0543721,137.4243549
0.975,0.6583333333,58.5,5.891666667,294.7454046,117.8288735
0.975,0.675,58.5,5.975,307.436437,99.97581763
0.975,0.6916666667,58.5,6.058333333,320.1274695,84.73137325
0.975,0.7083333333,58.5,6.141666667,332.818502,72.22347042
0.975,0.725,58.5,6.225,345.5095344,62.26591411
0.975,0.7416666667,58.5,6.308333333,358.9886187,54.6638086
0.975,0.7583333333,58.5,6.391666667,367.9999589,49.37401402
0.975,0.775,58.5,6.475,372.543555,46.55295925
0.975,0.7916666667,58.5,6.558333333,378.2381855,46.51077916
0.975,0.8083333333,58.5,6.641666667,383.932816,49.5542352
0.975,0.825,58.5,6.725,391.1210612,55.68561524
0.975,0.8416666667,58.5,6.808333333,398.8071779,64.17946791
0.975,0.8583333333,58.5,6.891666667,405.9954231,73.21297659
0.975,0.875,58.5,6.975,417.1286032,79.90008597
0.975,0.8916666667,58.5,7.058333333,468.6647133,81.0336735
0.975,0.9083333333,58.5,7.141666667,458.6800469,74.3824299
0.975,0.925,58.5,7.225,354.4599765,59.79156603
0.975,0.9416666667,58.5,7.308333333,611.4775925,39.28099377
0.975,0.9583333333,58.5,7.391666667,450.6867003,16.06407717
0.975,0.975,58.5,7.475,241.7101734,-6.78019725
0.975,0.9916666667,58.5,7.558333333,300.9112459,-27.16753829
0.9916666667,0.008333333333,59.5,2.641666667,41.63028782,83.26827736
0.9916666667,0.025,59.5,2.725,52.52960101,83.84213068
0.9916666667,0.04166666667,59.5,2.808333333,63.42891419,78.19064377
0.9916666667,0.05833333333,59.5,2.891666667,74.32822737,69.41669413
0.9916666667,0.075,59.5,2.975,85.22754056,60.57273679
0.9916666667,0.09166666667,59.5,3.058333333,96.12685374,53.75246105
0.9916666667,0.1083333333,59.5,3.141666667,107.0261669,49.90977055
0.9916666667,0.125,59.5,3.225,117.9254801,49.17010458
0.9916666667,0.1416666667,59.5,3.308333333,128.8247933,51.26426427
0.9916666667,0.1583333333,59.5,3.391666667,139.7241065,55.86386938
0.9916666667,0.175,59.5,3.475,150.6234197,62.76943164
0.9916666667,0.1916666667,59.5,3.558333333,161.5227328,71.97922979
0.9916666667,0.2083333333,59.5,3.641666667,172.422046,83.6636266
0.9916666667,0.225,59.5,3.725,183.3213592,98.0339049
0.9916666667,0.2416666667,59.5,3.808333333,194.2206724,115.0718371
0.9916666667,0.2583333333,59.5,3.891666667,191.9926301,134.1238491
0.9916666667,0.275,59.5,3.975,205.9122743,153.4999405
0.9916666667,0.2916666667,59.5,4.058333333,219.8319185,170.4022505
0.9916666667,0.3083333333,59.5,4.141666667,233.7515627,181.5261533
0.9916666667,0.325,59.5,4.225,247.6712069,184.2952378
0.9916666667,0.3416666667,59.5,4.308333333,261.5908511,178.072399
0.9916666667,0.3583333333,59.5,4.391666667,275.5104953,164.4844992
0.9916666667,0.375,59.5,4.475,289.4301395,146.6074636
0.9916666667,0.3916666667,59.5,4.558333333,297.3091216,127.6314454
0.9916666667,0.4083333333,59.5,4.641666667,305.1881038,109.8705936
0.9916666667,0.425,59.5,4.725,313.067086,94.49799164
0.9916666667,0.4416666667,59.5,4.808333333,320.9460682,81.81672908
0.9916666667,0.4583333333,59.5,4.891666667,328.8250503,71.69301262
0.9916666667,0.475,59.5,4.975,336.7040325,63.90693371
0.9916666667,0.4916666667,59.5,5.058333333,344.5830147,58.35546232
0.9916666667,0.5083333333,59.5,5.141666667,361.3486506,55.13176884
0.9916666667,0.525,59.5,5.225,346.9387819,54.50865227
0.9916666667,0.5416666667,59.5,5.308333333,332.5289132,56.81970875
0.9916666667,0.5583333333,59.5,5.391666667,318.1190445,62.20508181
0.9916666667,0.575,59.5,5.475,282.0152122,70.21627708
0.9916666667,0.5916666667,59.5,5.558333333,272.0831403,79.39873878
0.9916666667,0.6083333333,59.5,5.641666667,262.1510683,87.15791698
0.9916666667,0.625,59.5,5.725,276.1518585,90.26808889
0.9916666667,0.6416666667,59.5,5.808333333,288.8428909,86.0531297
0.9916666667,0.6583333333,59.5,5.891666667,301.5339234,73.6492979
0.9916666667,0.675,59.5,5.975,314.2249559,54.46886084
0.9916666667,0.6916666667,59.5,6.058333333,326.9159883,31.50434904
0.9916666667,0.7083333333,59.5,6.141666667,339.6070208,8.007278487
0.9916666667,0.725,59.5,6.225,352.2980533,-13.57692231
0.9916666667,0.7416666667,59.5,6.308333333,364.9890857,-31.9593937
0.9916666667,0.7583333333,59.5,6.391666667,374.0004259,-46.78046195
0.9916666667,0.775,59.5,6.475,379.6950564,-58.177992
0.9916666667,0.7916666667,59.5,6.558333333,385.3896869,-66.41894697
0.9916666667,0.8083333333,59.5,6.641666667,391.0843174,-71.6775898
0.9916666667,0.825,59.5,6.725,398.2725626,-73.9417058
0.9916666667,0.8416666667,59.5,6.808333333,405.9586794,-73.01656978
0.9916666667,0.8583333333,59.5,6.891666667,413.6447961,-68.62846028
0.9916666667,0.875,59.5,6.975,426.7567832,-60.65955234
0.9916666667,0.8916666667,59.5,7.058333333,448.6722636,-49.52766849
0.9916666667,0.9083333333,59.5,7.141666667,410.5479028,-36.61257939
0.9916666667,0.925,59.5,7.225,377.1215011,-24.44417086
0.9916666667,0.9416666667,59.5,7.308333333,739.6233949,-16.28294014
0.9916666667,0.9583333333,59.5,7.391666667,530.646868,-15.00086412
0.9916666667,0.975,59.5,7.475,305.6084629,-21.77984001
0.9916666667,0.9916666667,59.5,7.558333333,80.5700578,-35.51422356
