id,x,y,height,new_height,depth,parent0,parent1,active,gate_admitted,free_coefficient,dormant_coefficient,retired_coefficient,conformity_origin,sigma_sq,delta_pooled,sigma_pooled,lambda_v,prior_mean,admit_a,current_n_points,current_fit_points,current_xTx,current_fit_xTx,current_keff
3484,0,0,-419.6747853,-419.6747853,0,-1,-1,1,0,1,0,0,0,1e+300,0,1e+300,0,0,0,0,0,0,0,0
3485,0,1,75.54322118,75.54322118,0,-1,-1,1,0,1,0,0,0,4.461722315e+14,0,1e+300,0,0,0,2,0,2.24128695e-15,0,0.00224128695
3486,1,0,43.84899965,43.84899965,0,-1,-1,1,0,1,0,0,0,1e+300,0,1e+300,0,0,0,0,0,0,0,0
3487,1,1,0,129.1407956,0,-1,-1,1,0,1,0,0,0,561.3433005,0,1e+300,0,0,0,38,21,0.001781441052,0.001781441049,1.636132039
3488,0.5,0.5,138.0076241,138.0076241,1,3484,3487,1,0,1,0,0,1,0.2703978594,347.7534827,0.2829539181,4.368255788e-05,0,0,6640,6640,3.698254129,3.698254129,45.28935566
3489,0,0.5,-505.6800863,-505.6800863,1,3485,3484,1,0,1,0,0,0,1.737002494,-451.8959463,1010.404684,4.368255788e-05,0,0,3176,3176,0.5757044123,0.5757044123,3.880262618
3490,0.5,1,178.2820776,178.2820776,1,3487,3485,1,0,1,0,0,0,137452.2676,202.0160472,69.99660943,0.0001,0,0,1,1,7.275252839e-06,7.275252839e-06,0.02658960352
3491,0.5,0,-16.88490967,-16.88490967,1,3486,3484,1,0,1,0,0,0,210.332814,176.2632783,208.4178963,4.368255788e-05,0,0,23,23,0.004754369901,0.004754369901,0.9646056009
3492,1,0.5,370.8283951,370.8283951,1,3487,3486,1,0,1,0,0,0,589.9677814,300.9396287,4503.376465,7.798083064e-06,0,0,149,149,0.001695007815,0.001695007815,6.33481275
3493,0.25,0.25,5.863112349,5.863112349,2,3484,3488,1,0,1,0,0,1,0.08850612295,146.6793275,0.1025826433,4.368255788e-05,0,0,15075,15075,11.29865332,11.29865332,32.40506591
3494,0.25,0.75,-128.3782954,-128.3782954,2,3488,3485,1,0,1,0,0,1,5139.987311,0,0,0,0,0,12,12,0.0001945530095,0.0001945530095,0.1025652132
3495,0.75,0.75,283.2876014,283.2876014,2,3488,3487,1,0,1,0,0,1,2.275532916,216.324503,2.73083175,4.368255788e-05,0,0,5875,5875,0.4394574971,0.4394574971,33.42907889
3496,0.75,0.25,-22.71235501,-22.71235501,2,3488,3486,1,0,1,0,0,1,1194.720517,-99.99007041,1135.46249,4.368255788e-05,0,0,12,12,0.0008370158423,0.0008370158423,1.5004042
3497,0,0.75,-201.3062903,-201.3062903,2,3485,3489,1,0,1,0,0,0,0.742906093,301.9528987,908.7525891,7.466972941e-06,0,0,5727,5727,1.346065148,1.346065148,10.50850406
3498,0.25,0.5,28.02284705,28.02284705,2,3489,3488,1,0,1,0,0,0,0.3621217625,211.8388364,1.565441772,4.368255788e-05,0,0,4479,4479,2.761502079,2.761502079,25.65008429
3499,0,0.25,-895.3292301,-895.3292301,2,3489,3484,1,0,1,0,0,0,355.2665464,350.0701004,52.6553241,0.0001,0,0,40,40,0.002814787967,0.002814787967,0.2118159131
3500,0.5,0.25,78.70292626,78.70292626,2,3491,3488,1,0,1,0,0,0,0.1849436301,18.24790413,0.1849421359,4.368255788e-05,0,0,5907,5907,5.407052946,5.407052946,19.08426351
3501,0.25,0,-100.9578922,-100.9578922,2,3491,3484,1,0,1,0,0,0,1.499293208,118.2701983,1.499195021,4.368255788e-05,0,0,486,486,0.6669809447,0.6669809447,1.180808835
3502,0.75,0,13.48204499,13.48204499,2,3486,3491,1,0,0,0,1,0,1e+300,0,0,0,0,0,0,0,0,0,0
3503,0.75,1,455.0104894,455.0104894,2,3487,3490,1,0,1,0,0,0,251.6803194,318.695041,4866.4236,4.368255788e-05,0,0,356,356,0.003973294385,0.003973294385,0.5346794231
3504,0.5,0.75,197.2407691,197.2407691,2,3490,3488,1,0,1,0,0,0,10.40597194,43.96456691,10.42162556,4.368255788e-05,0,0,1834,1834,0.09609866386,0.09609866386,2.015611339
3505,0.25,1,126.9126494,126.9126494,2,3490,3485,1,0,0,0,1,0,1e+300,0,0,0,0,0,0,0,0,0,0
3506,0.75,0.5,164.4851177,164.4851177,2,3492,3488,1,0,1,0,0,0,0.6248067705,-91.42414143,1.316291555,4.368255788e-05,0,0,4697,4697,1.600494821,1.600494821,56.46811816
3507,1,0.25,207.3386974,207.3386974,2,3492,3486,1,0,0,0,1,0,6.412628122e+12,0,0,0,0,0,2,0,1.559423034e-13,0,0.1559423034
3508,1,0.75,374.7288614,374.7288614,2,3487,3492,1,0,1,0,0,0,8.861330295,183.6220032,39.28838349,4.368255788e-05,0,0,3731,3731,0.1128498732,0.1128498732,19.59589172
3509,0.125,0.125,-271.0059064,-271.0059064,3,3484,3493,1,0,1,0,0,1,0.1272687206,-63.26004515,0.12726954,4.368255788e-05,0,0,6852,6852,7.857390216,7.857390216,21.65544222
3510,0.125,0.375,-173.903829,-173.903829,3,3493,3489,1,0,1,0,0,1,0.333880354,77.81872119,0.6715437163,4.368255788e-05,0,0,5122,5122,2.99508488,2.99508488,14.41709388
3511,0.375,0.375,83.86592567,83.86592567,3,3493,3488,1,0,1,0,0,1,0.132546836,11.30794545,0.1458420771,4.368255788e-05,0,0,11315,11315,7.544502983,7.544502983,29.86974282
3512,0.375,0.125,4.839200985,4.839200985,3,3493,3491,1,0,1,0,0,1,0.7131044146,10.45687017,0.7130822019,4.368255788e-05,0,0,1974,1974,1.402319183,1.402319183,4.971349309
3513,0,0.375,-838.8799977,-838.8799977,3,3489,3499,1,0,1,0,0,0,266.20517,129.2175916,21.75629592,8.214032318e-06,0,0,59,59,0.003756501047,0.003756501047,0.08816457545
3514,0.125,0.25,-221.8251331,-221.8251331,3,3499,3493,1,0,1,0,0,0,0.3835191552,221.6808509,0.4381669489,4.368255788e-05,0,0,5182,5182,2.607431693,2.607431693,11.35422621
3515,0,0.125,-777.0796164,-777.0796164,3,3499,3484,1,0,1,0,0,0,3398213.291,-22.51166198,0.1862373983,0.0001,0,0,1,1,2.942722879e-07,2.942722879e-07,0.001296051588
3516,0.375,0.625,67.97362049,67.97362049,3,3488,3494,1,0,1,0,0,1,35.84976834,146.6196428,178.0095207,4.368255788e-05,0,0,391,391,0.02789418304,0.02789418304,1.041198274
3517,0.125,0.625,-112.4918368,-112.4918368,3,3494,3489,1,0,1,0,0,1,0.24785759,191.2712649,12.15157913,4.368255788e-05,0,0,8019,8019,4.034574855,4.034574855,21.53018789
3518,0.125,0.875,14.88615477,14.88615477,3,3494,3485,1,0,1,0,0,1,9.933152412,-75.14352067,648.7923231,4.368255788e-05,0,0,709,709,0.1006729746,0.1006729746,2.034436223
3519,0.375,0.875,24.95189111,24.95189111,3,3494,3490,1,0,0,0,1,1,1e+300,0,0,0,0,0,0,0,0,0,0
3520,0,0.875,344.3432676,344.3432676,3,3485,3497,1,0,1,0,0,0,575.6576573,405.6422129,561.5371313,4.368255788e-05,0,0,69,69,0.001737143574,0.001737143574,1.739754836
3521,0.125,0.75,-75.56953416,-75.56953416,3,3497,3494,1,0,1,0,0,0,1.136551428,82.44464685,15.07017048,4.368255788e-05,0,0,2384,2384,0.8798545981,0.8798545981,8.165954886
3522,0,0.625,-322.9350699,-322.9350699,3,3497,3489,1,0,1,0,0,0,0.8255990293,449.3182593,1822.482642,4.351310678e-05,0,0,4532,4532,1.211241734,1.211241734,9.169608783
3523,0.25,0.125,15.0075928,15.0075928,3,3501,3493,1,0,1,0,0,0,1.427696253,62.55509259,1.427607219,4.368255788e-05,0,0,2937,2937,0.7004290989,0.7004290989,2.234437668
3524,0.125,0,-359.607712,-359.607712,3,3501,3484,1,0,1,0,0,0,9.84972519,-98.4542707,9.845489057,4.368255788e-05,0,0,123,123,0.1015256752,0.1015256752,0.642826059
3525,0.375,0,-66.44250992,-66.44250992,3,3491,3501,1,0,1,0,0,0,3046.905798,102.2715809,2567.029608,0.0001,0,0,8,8,0.0003282018107,0.0003282018107,0.3061640971
3526,0.125,0.5,-133.4415961,-133.4415961,3,3489,3498,1,0,1,0,0,0,0.4719844595,101.1098139,2.224376583,4.368255788e-05,0,0,1680,1680,2.118713826,2.118713826,9.854539721
3527,0.25,0.625,47.3038681,47.3038681,3,3498,3494,1,0,1,0,0,0,23.31408825,96.59478548,81.60062261,4.368255788e-05,0,0,507,507,0.04289252014,0.04289252014,1.342774387
3528,0.375,0.5,139.4092499,139.4092499,3,3498,3488,1,0,1,0,0,0,8.052119574,34.22541389,22.94693282,4.368255788e-05,0,0,782,782,0.1241909029,0.1241909029,3.926026409
3529,0.25,0.375,11.65550177,11.65550177,3,3498,3493,1,0,1,0,0,0,0.1452579563,-4.586299263,0.168287545,4.368255788e-05,0,0,7858,7858,6.884304485,6.884304485,24.94764945
3530,0.375,1,152.5973635,152.5973635,3,3490,3505,1,0,0,0,1,0,1e+300,0,0,0,0,0,0,0,0,0,0
3531,0.25,0.875,-0.7328229907,-0.7328229907,3,3505,3494,1,0,0,0,1,0,1e+300,0,0,0,0,0,0,0,0,0,0
3532,0.125,1,-132.5997585,-132.5997585,3,3505,3485,1,0,1,0,0,0,152349.0281,-28.43318835,9257.532385,0.0001,0,0,7,7,6.563875154e-06,6.563875154e-06,0.005720280088
3533,0.5,0.125,-58.02859224,-58.02859224,3,3491,3500,1,0,1,0,0,0,11.59973539,-88.82669708,11.59386071,4.368255788e-05,0,0,202,202,0.08620886307,0.08620886307,2.285849556
3534,0.375,0.25,30.55938271,30.55938271,3,3500,3493,1,0,1,0,0,0,0.1780033519,-11.72302863,0.1780019678,4.368255788e-05,0,0,5183,5183,5.61787174,5.61787174,16.30886011
3535,0.5,0.375,109.3806859,109.3806859,3,3500,3488,1,0,1,0,0,0,0.2425861836,1.02556183,0.2425836129,4.368255788e-05,0,0,5101,5101,4.12224631,4.12224631,27.57850052
3536,0.625,0.375,114.7955542,114.7955542,3,3488,3496,1,0,1,0,0,1,0.9284781489,57.09476361,0.9284404927,4.368255788e-05,0,0,3541,3541,1.07703127,1.07703127,14.44929416
3537,0.875,0.375,-22.85231196,-22.85231196,3,3496,3492,1,0,1,0,0,1,554.5538925,-154.0194278,1674.401242,7.798083064e-06,0,0,159,159,0.00180325125,0.00180325125,0.2761168636
3538,0.875,0.125,10.56832232,10.56832232,3,3496,3486,1,0,0,0,1,1,2.067343355e+12,0,0,0,0,0,1,0,4.837125859e-13,0,0.4837125859
3539,0.625,0.125,-19.79863234,-19.79863234,3,3496,3491,1,0,0,0,1,1,1e+300,0,0,0,0,0,0,0,0,0,0
3540,0.625,0.25,-192.5929586,-192.5929586,3,3500,3496,1,0,1,0,0,0,11773.73765,-92.84878631,4611.432065,0.0001,0,0,8,8,8.493479552e-05,8.493479552e-05,0.1221893088
3541,0.625,0.625,207.3563308,207.3563308,3,3488,3495,1,0,1,0,0,1,0.3903913433,-4.696138039,0.4298211275,4.368255788e-05,0,0,9518,9518,2.561532209,2.561532209,64.2947569
3542,0.625,0.875,263.9505982,263.9505982,3,3495,3490,1,0,1,0,0,1,115.61413,38.15208423,115.0334501,4.368255788e-05,0,0,304,304,0.00864946179,0.00864946179,5.789319374
3543,0.875,0.875,363.8023294,363.8023294,3,3495,3487,1,0,1,0,0,1,3.807512687,222.7827073,16.27964433,4.368255788e-05,0,0,3498,3498,0.2626386521,0.2626386521,36.77937455
3544,0.875,0.625,228.6322266,228.6322266,3,3495,3492,1,0,1,0,0,1,3.028978213,-91.15901591,5.002164806,4.368255788e-05,0,0,6467,6467,0.3301443357,0.3301443357,34.355824
3545,0.5,0.875,171.4226173,171.4226173,3,3490,3504,1,0,1,0,0,0,860168.1137,-152.9742677,11.08613642,0.0001,0,0,2,2,1.162563439e-06,1.162563439e-06,0.005975681965
3546,0.625,0.75,202.7983417,202.7983417,3,3504,3495,1,0,1,0,0,0,2.983630217,-37.44171972,2.983241401,4.368255788e-05,0,0,1984,1984,0.3351621773,0.3351621773,10.56957419
3547,0.5,0.625,75.5238091,75.5238091,3,3504,3488,1,0,1,0,0,0,25.43291566,-92.18865369,25.40469165,4.368255788e-05,0,0,1350,1350,0.0393191254,0.0393191254,1.005428328
3548,0.375,0.75,121.6023579,121.6023579,3,3504,3494,1,0,1,0,0,0,136687.8834,-47.35696395,7987.626951,0.0001,0,0,1,1,7.315937412e-06,7.315937412e-06,0.01501456189
3549,0.75,0.125,-4.615155011,-4.615155011,3,3502,3496,1,0,0,0,1,0,1e+300,0,0,0,0,0,0,0,0,0,0
3550,0.625,0,-1.701432341,-1.701432341,3,3502,3491,1,0,0,0,1,0,1e+300,0,0,0,0,0,0,0,0,0,0
3551,0.875,0,28.66552232,28.66552232,3,3486,3502,1,0,0,0,1,0,1e+300,0,0,0,0,0,0,0,0,0,0
3552,0.875,0.5,-37.18693513,-37.18693513,3,3492,3506,1,0,1,0,0,0,288.335839,-113.9408795,2922.578532,4.368255788e-05,0,0,263,263,0.003468177954,0.003468177954,0.1282838839
3553,0.75,0.375,96.32246449,96.32246449,3,3506,3496,1,0,1,0,0,0,27.11583567,25.3654057,27.08375524,4.368255788e-05,0,0,198,198,0.03687881916,0.03687881916,6.009473846
3554,0.625,0.5,140.8834363,140.8834363,3,3506,3488,1,0,1,0,0,0,1.099680945,-10.36276774,1.099628122,4.368255788e-05,0,0,4692,4692,0.9093546674,0.9093546674,16.41958361
3555,0.75,0.625,232.0052531,232.0052531,3,3506,3495,1,0,1,0,0,0,0.934606933,9.255507366,1.368586698,4.368255788e-05,0,0,5825,5825,1.069968523,1.069968523,47.95990356
3556,0.875,1,410.874892,410.874892,3,3487,3503,1,0,1,0,0,0,30.80712173,186.0186279,54.17428706,4.368255788e-05,0,0,519,519,0.0324600269,0.0324600269,6.319875996
3557,0.75,0.875,302.0696651,302.0696651,3,3503,3495,1,0,1,0,0,0,225.8446528,-977.2945565,19.21659871,4.975338049e-06,0,0,331,331,0.004427822345,0.004427822345,1.801433463
3558,0.625,1,316.6462835,316.6462835,3,3503,3490,1,0,0,0,1,0,8.243705952e+13,0,0,0,0,0,1,0,1.213046664e-14,0,0.01213046664
3559,0.875,0.25,92.31317119,92.31317119,3,3507,3496,1,0,0,0,1,0,1.478424784e+13,0,0,0,0,0,2,0,6.763955871e-14,0,0.06763955871
3560,1,0.125,125.5938485,125.5938485,3,3507,3486,1,0,0,0,1,0,1e+300,0,0,0,0,0,0,0,0,0,0
3561,1,0.375,311.7360289,311.7360289,3,3492,3507,1,0,1,0,0,0,3063601.217,-18.76692459,9830.308988,0.0001,0,0,1,1,3.264132402e-07,3.264132402e-07,0.003912350795
3562,0.875,0.75,329.7253591,329.7253591,3,3508,3495,1,0,1,0,0,0,3.676843494,0.9382094463,3.676253029,4.368255788e-05,0,0,4655,4655,0.2719724137,0.2719724137,20.22379927
3563,1,0.625,279.5461179,279.5461179,3,3508,3492,1,0,1,0,0,0,325.1609532,-95.11210121,1366.794518,4.368255788e-05,0,0,595,595,0.003075400014,0.003075400014,5.81481213
3564,1,0.875,424.9066636,424.9066636,3,3487,3508,1,0,1,0,0,0,50.14431705,232.5027571,2859.027297,4.368255788e-05,0,0,574,574,0.01994243932,0.01994243932,10.71129982
3565,0.0625,0.0625,0,0,4,3484,3509,0,0,0,0,0,0,1e+300,-104.7157491,1.423288199,0,0,0,0,0,0,0,0
3566,0.0625,0.1875,-583.1675682,-583.1675682,4,3509,3499,1,0,0,0,0,1,19633.64584,0,0,0,0,0,6,2,5.093297537e-05,5.093297505e-05,0.207620137
3567,0.1875,0.1875,0,-218.0216959,4,3509,3493,0,0,0,0,0,0,0.2997829966,-85.45020259,0.2997790709,4.368255788e-05,0,0,12798,6379,3.335746227,3.335746226,12.40134002
3568,0.1875,0.0625,-408.0652821,-295.683403,4,3509,3501,0,0,0,0,0,0,0.4253943523,-109.7015135,0.4253864476,4.368255788e-05,0,0,946,472,2.350759935,2.350759935,4.32107007
3569,0,0.1875,-74.27412954,-74.27412954,4,3499,3515,0,0,0,0,0,0,1e+300,-28.82199138,1564.054914,0,0,0,0,0,0,0,0
3570,0.0625,0.125,-32.26193051,-525.1852983,4,3515,3509,0,0,0,0,0,0,218688.2351,2.207862593,20723.12191,4.368255788e-05,0,0,1,1,4.572719695e-06,4.572719695e-06,0.00518420635
3571,0,0.0625,-32.26193051,-32.26193051,4,3515,3484,0,0,0,0,0,0,1e+300,0,1e+300,0,0,0,0,0,0,0,0
3572,0.1875,0.3125,-84.02035831,-84.02035831,4,3493,3510,1,0,0,0,0,1,0.5117688709,0,0,0,0,0,6232,3125,1.954007086,1.954007085,11.41548727
3573,0.0625,0.3125,-534.6165295,-534.6165295,4,3510,3499,1,0,0,0,0,1,322.8023063,0,0,0,0,0,14,5,0.0030978713,0.003097871299,0.2040749965
3574,0.0625,0.4375,-339.7919576,-339.7919576,4,3510,3489,1,0,0,0,0,1,5.970895446,0,0,0,0,0,145,72,0.1674790673,0.1674790673,2.811775068
3575,0.1875,0.4375,-72.94049096,-72.94049096,4,3510,3498,1,0,0,0,0,1,9.141068732,0,0,0,0,0,2624,1304,0.1093963987,0.1093963987,7.852282138
3576,0,0.4375,-1189.503435,-1189.503435,4,3489,3513,1,1,1,0,0,1,839.150895,327.0370465,534.0180372,8.697923011e-06,0,162.0949036,62,62,0.001191680788,0.001191680788,0.1463569629
3577,0.0625,0.375,-506.3919133,-506.3919133,4,3513,3510,1,0,0,0,0,1,107.2455397,0,0,0,0,0,40,21,0.009324397104,0.0093243971,0.1379506359
3578,0,0.3125,-867.1046139,-867.1046139,4,3513,3499,1,0,0,0,0,1,39596.97496,0,0,0,0,0,22,12,2.525445444e-05,2.525445313e-05,2.550394268
3579,0.1875,0.6875,-120.4350661,-120.4350661,4,3494,3517,1,0,0,0,0,1,3311.379879,0,0,0,0,0,9,2,0.0003019889099,0.0003019889093,0.2419717607
3580,0.1875,0.5625,-42.23449485,-42.23449485,4,3517,3498,1,0,0,0,0,1,1142.817524,0,0,0,0,0,139,65,0.000875030334,0.0008750303318,1.396874894
3581,0.0625,0.5625,-309.0859615,-309.0859615,4,3517,3489,1,0,0,0,0,1,18.07457309,0,0,0,0,0,539,264,0.05532634131,0.05532634128,0.4459440803
3582,0.0625,0.6875,-156.8990635,-156.8990635,4,3517,3497,1,0,0,0,0,1,5.467526378,0,0,0,0,0,1485,736,0.1828980659,0.1828980658,3.211933715
3583,0,0.6875,389.9870041,389.9870041,4,3497,3522,1,1,1,0,0,1,32.54416715,479.6142451,6454.828484,4.368255788e-05,0,100.220643,659,659,0.03072747247,0.03072747247,0.3546318535
3584,0.0625,0.625,-217.7134534,-217.7134534,4,3522,3517,1,0,0,0,0,1,14.85431083,0,0,0,0,0,1261,627,0.06732052477,0.06732052471,10.28733942
3585,0,0.5625,-414.3075781,-414.3075781,4,3522,3489,1,0,0,0,0,1,490.1000667,0,0,0,0,0,91,45,0.002040399641,0.002040399628,5.398227876
3586,0.1875,0.8125,-56.7460703,-56.7460703,4,3494,3518,1,0,0,0,0,1,1e+300,0,0,0,0,0,0,0,0,0,0
3587,0.0625,0.8125,-93.21006775,-93.21006775,4,3518,3497,1,0,0,0,0,1,22.40335631,0,0,0,0,0,631,313,0.04463616907,0.04463616903,8.31700047
3588,0.0625,0.9375,45.21468798,45.21468798,4,3518,3485,1,0,0,0,0,1,161.5731638,0,0,0,0,0,43,23,0.006189146617,0.006189146611,2.516098768
3589,0.1875,0.9375,70.89940208,70.89940208,4,3518,3505,1,0,0,0,0,1,1e+300,0,0,0,0,0,0,0,0,0,0
3590,0,0.9375,-39.66535162,307.0099791,4,3485,3520,0,0,0,0,0,0,4.840146694e+14,102.3750756,22892.43232,4.368255788e-05,0,0,2,0,2.066053083e-15,0,0.002066053083
3591,0.0625,0.875,-44.42641512,-44.42641512,4,3520,3518,1,1,1,0,0,1,15.6139228,-224.274154,15.60328048,4.368255788e-05,0,101.2612022,119,119,0.06404540441,0.06404540441,3.443036436
3592,0,0.8125,469.3224215,469.3224215,4,3520,3497,1,1,1,0,0,1,409.8086326,398.1441107,402.6014657,4.368255788e-05,0,166.128291,51,51,0.002440163336,0.002440163336,0.8908204911
3593,0.125,0.0625,-290.8455826,-388.2964461,4,3524,3509,0,0,0,0,0,0,0.8150389292,-72.98775436,0.8150099124,4.368255788e-05,0,0,251,123,1.226935259,1.226935259,2.567725524
3594,0.0625,0,-290.8455826,-290.8455826,4,3524,3484,0,0,0,0,0,0,1e+300,0,1e+300,0,0,0,0,0,0,0,0
3595,0.1875,0,-698.9108647,-233.9808902,4,3501,3524,0,0,0,0,0,0,0.4145695231,-3.695422083,0.4145620156,4.368255788e-05,0,0,251,123,2.412140653,2.412140653,4.878080277
3596,0.0625,0.25,-558.5771816,-558.5771816,4,3499,3514,1,0,0,0,0,1,6911.042579,0,0,0,0,0,4,2,0.0001446959686,0.0001446959686,0.05211950493
3597,0.125,0.3125,-197.8644811,-197.8644811,4,3514,3510,1,0,0,0,0,1,2.241644753,0,0,0,0,0,976,492,0.4461010151,0.4461010151,1.455744795
3598,0.1875,0.25,-232.2744662,-95.32983498,4,3514,3493,0,0,0,0,0,0,0.2399365465,12.652224,0.2399340317,4.368255788e-05,0,0,9375,4687,4.167768581,4.16776858,15.73397563
3599,0.125,0.1875,-232.2744662,-278.9895258,4,3514,3509,0,0,0,0,0,0,0.3487355324,-32.57384701,0.34873022,4.368255788e-05,0,0,7723,3866,2.867502468,2.867502467,10.13271047
3600,0.0625,0.5,-319.5608412,-319.5608412,4,3489,3526,1,0,0,0,0,1,8.020137437,0,0,0,0,0,335,175,0.1246861426,0.1246861426,1.288680208
3601,0.125,0.5625,-122.9667164,-122.9667164,4,3526,3517,1,0,0,0,0,1,3.537089264,0,0,0,0,0,783,404,0.2827183385,0.2827183385,1.983649494
3602,0.1875,0.5,-52.70937454,-52.70937454,4,3526,3498,1,0,0,0,0,1,121.9120326,0,0,0,0,0,33,20,0.008202635777,0.008202635777,1.341881044
3603,0.125,0.4375,-153.6727125,-153.6727125,4,3526,3510,1,0,0,0,0,1,1.134711565,0,0,0,0,0,631,310,0.8812812267,0.8812812266,3.987560316
3604,0.0625,0.75,-138.4379122,-138.4379122,4,3497,3521,1,0,0,0,0,1,17.34993239,0,0,0,0,0,581,292,0.0576371122,0.05763711214,37.16595442
3605,0.125,0.8125,-30.3416897,-30.3416897,4,3521,3518,1,0,0,0,0,1,1063.257927,0,0,0,0,0,24,9,0.0009405055679,0.0009405055669,0.3859676207
3606,0.1875,0.75,-101.9739148,-101.9739148,4,3521,3494,1,0,0,0,0,1,1.082810881e+13,0,0,0,0,0,1,0,9.235223041e-14,0,0.09235223041
3607,0.125,0.6875,-94.03068546,-94.03068546,4,3521,3517,1,0,0,0,0,1,9.400444859,0,0,0,0,0,1086,533,0.1063779443,0.1063779443,1.389984886
3608,0.1875,1,326.3284229,326.3284229,4,3505,3532,0,0,0,0,0,0,1e+300,0,1e+300,0,0,0,0,0,0,0,0
3609,0.125,0.9375,99.29841151,-323.6594497,4,3532,3518,0,0,0,0,0,0,27572.32708,-291.0979108,12507.69129,4.368255788e-05,0,0,12,7,3.626824813e-05,3.626824804e-05,0.02317392631
3610,0.0625,1,99.29841151,99.29841151,4,3532,3485,0,0,0,0,0,0,1e+300,-147.8865739,289.0728551,0,0,0,0,0,0,0,0
3611,0.25,0.0625,-593.7735748,-172.1420005,4,3501,3523,0,0,0,0,0,0,0.677766056,-129.1660919,0.6777459902,4.368255788e-05,0,0,716,359,1.475435353,1.475435353,3.107924585
3612,0.1875,0.125,-185.7082927,-228.9739108,4,3523,3509,0,0,0,0,0,0,0.2045450905,-100.9747786,0.2045432629,4.368255788e-05,0,0,5774,2863,4.88889759,4.888897588,13.70424168
3613,0.25,0.1875,-185.7082927,-51.12094717,4,3523,3493,0,0,0,0,0,0,0.2291148012,-61.55543482,0.2291125082,4.368255788e-05,0,0,5214,2578,4.364624175,4.364624173,14.49455962
3614,0.3125,0.1875,20.745421,-9.927907612,4,3493,3512,0,0,0,0,0,0,0.6354841435,-15.27930541,0.6354665032,4.368255788e-05,0,0,1027,516,1.573603386,1.573603386,3.806361094
3615,0.4375,0.1875,73.74564221,38.42058648,4,3512,3500,0,0,0,0,0,0,0.3950070578,-3.351036193,0.3950002421,4.368255788e-05,0,0,2828,1421,2.531600335,2.531600335,6.073238267
3616,0.4375,0.0625,62.236263,-6.962843611,4,3512,3491,0,0,0,0,0,0,63.10732791,-0.8358393272,62.93383885,4.368255788e-05,0,0,45,23,0.01584602031,0.01584602031,3.206813954
3617,0.3125,0.0625,-387.3198611,-27.1528976,4,3512,3501,0,0,0,0,0,0,293.1106855,20.9061008,289.4051922,4.368255788e-05,0,0,27,14,0.003411680466,0.003411680464,1.727965982
3618,0.3125,0.125,-164.9628717,-7.09552264,4,3523,3512,0,0,0,0,0,0,2.235515944,-17.01928159,2.235297661,4.368255788e-05,0,0,156,74,0.4473240294,0.4473240294,5.458035283
3619,0.3125,0.3125,0,36.52264541,4,3493,3511,0,0,0,0,0,0,0.2328588587,-8.341639865,0.2328564902,4.368255788e-05,0,0,10094,5055,4.294446883,4.294446882,11.04311623
3620,0.3125,0.4375,55.94438636,55.94438636,4,3511,3498,1,0,0,0,0,1,1.626194704,0,0,0,0,0,3185,1592,0.6149325155,0.6149325152,8.170538279
3621,0.4375,0.4375,110.9367749,110.9367749,4,3511,3488,1,0,0,0,0,1,2.15490526,0,0,0,0,0,1518,756,0.4640575243,0.4640575242,4.528277369
3622,0.4375,0.3125,53.00022122,30.26752474,4,3511,3500,0,0,0,0,0,0,0.2524458871,-51.01698541,0.2524431033,4.368255788e-05,0,0,7120,3543,3.961244968,3.961244967,12.98868983
3623,0.25,0.4375,19.83917441,19.83917441,4,3498,3529,1,0,0,0,0,1,0.354533518,0,0,0,0,0,4809,2394,2.820607783,2.820607782,13.99594888
3624,0.3125,0.375,16.48971996,57.94624325,4,3529,3511,0,0,0,0,0,0,0.1843498852,10.18559719,0.1843484007,4.368255788e-05,0,0,6604,3299,5.424467712,5.424467711,16.61530388
3625,0.25,0.3125,16.48971996,7.038289608,4,3529,3493,0,0,0,0,0,0,0.2363099998,-1.720197681,0.2363075605,4.368255788e-05,0,0,8035,4010,4.231729512,4.231729511,15.12856005
3626,0.1875,0.375,-22.88666192,-60.97250331,4,3529,3510,0,0,0,0,0,0,3.945378198,20.14742005,3.944698352,4.368255788e-05,0,0,2344,1182,0.2534611259,0.2534611257,2.733993605
3627,0.25,0.5625,37.66335757,37.66335757,4,3498,3527,1,0,0,0,0,1,23.74884561,0,0,0,0,0,330,160,0.04210730981,0.04210730977,2.218930507
3628,0.1875,0.625,-203.0636653,-203.0636653,4,3527,3517,1,1,1,0,0,1,52928.99315,-306.852756,35011.19348,8.214032318e-06,0,24.82971769,3,3,1.889323678e-05,1.889323678e-05,0.01553451642
3629,0.25,0.6875,-37.02424281,-13.17866523,4,3527,3494,0,0,0,0,0,0,3472.216017,28.01671784,3014.926243,4.368255788e-05,0,0,5,2,0.0002880005147,0.0002880005144,0.3477309443
3630,0.4375,0.5625,102.9906223,102.9906223,4,3488,3516,1,0,0,0,0,1,281.4454846,0,0,0,0,0,136,68,0.00355308596,0.003553085956,0.9737796988
3631,0.3125,0.5625,47.99823377,47.99823377,4,3516,3498,1,0,0,0,0,1,26.03595832,0,0,0,0,0,90,47,0.03840841914,0.03840841914,2.067815092
3632,0.3125,0.6875,0,-14.08076647,4,3516,3494,0,0,0,0,0,0,454568.7154,16.77556762,21794.82792,4.368255788e-05,0,0,4,2,2.199887423e-06,2.199887422e-06,0.002803584689
3633,0.4375,0.6875,132.6071948,132.6071948,4,3516,3504,1,0,0,0,0,1,3703.874391,0,0,0,0,0,19,9,0.0002699875575,0.0002699875569,0.2551788985
3634,0.3125,0.625,-37.02424281,54.71274347,4,3527,3516,0,0,0,0,0,0,1188.66274,-2.931381332,1129.989365,4.368255788e-05,0,0,9,4,0.000841281523,0.0008412815226,0.140203537
3635,0.3125,0.8125,161.8997881,161.8997881,4,3494,3519,0,0,0,0,0,0,1e+300,0,1e+300,0,0,0,0,0,0,0,0
3636,0.3125,0.9375,388.9297995,388.9297995,4,3519,3505,0,0,0,0,0,0,1e+300,0,1e+300,0,0,0,0,0,0,0,0
3637,0.4375,0.9375,485.6993643,485.6993643,4,3519,3490,0,0,0,0,0,0,1e+300,0,1e+300,0,0,0,0,0,0,0,0
3638,0.4375,0.8125,269.3132328,269.3132328,4,3519,3504,0,0,0,0,0,0,1e+300,0,1e+300,0,0,0,0,0,0,0,0
3639,0.25,0.9375,340.545017,340.545017,4,3505,3531,0,0,0,0,0,0,1e+300,0,1e+300,0,0,0,0,0,0,0,0
3640,0.3125,0.875,275.4147938,275.4147938,4,3531,3519,0,0,0,0,0,0,1e+300,0,1e+300,0,0,0,0,0,0,0,0
3641,0.25,0.8125,113.5150057,113.5150057,4,3531,3494,0,0,0,0,0,0,1e+300,0,1e+300,0,0,0,0,0,0,0,0
3642,0.1875,0.875,7.07666589,7.07666589,4,3531,3518,1,0,0,0,0,1,1e+300,0,0,0,0,0,0,0,0,0,0
3643,0.375,0.0625,-111.4060086,-24.93191614,4,3525,3512,0,0,0,0,0,0,533.3984527,5.645982819,521.2531456,4.368255788e-05,0,0,15,8,0.001874771093,0.00187477109,1.998866009
3644,0.3125,0,-540.2167117,-56.54748508,4,3525,3501,0,0,0,0,0,0,382.0121426,26.93008138,375.7420347,4.368255788e-05,0,0,6,4,0.002617717838,0.002617717837,2.272427172
3645,0.4375,0,-90.66058761,-45.51315658,4,3491,3525,0,0,0,0,0,0,405.8622155,-3.967584238,398.7919925,4.368255788e-05,0,0,9,4,0.002463890359,0.002463890357,2.738226775
3646,0.4375,0.25,71.13849698,49.97339168,4,3500,3534,0,0,0,0,0,0,0.09654115151,-4.657547137,0.09654074438,4.368255788e-05,0,0,5389,2703,10.35827711,10.35827711,29.19674843
3647,0.375,0.1875,38.88369676,11.57039471,4,3534,3512,0,0,0,0,0,0,0.1516718774,-6.129590537,0.1516708725,4.368255788e-05,0,0,3350,1690,6.593180074,6.593180074,15.00808637
3648,0.3125,0.25,18.13827576,9.968699225,4,3534,3493,0,0,0,0,0,0,0.1338298741,-8.242014719,0.1338290917,4.368255788e-05,0,0,4928,2480,7.472173211,7.47217321,18.97105921
3649,0.375,0.3125,18.13827576,57.96834881,4,3534,3511,0,0,0,0,0,0,0.1106859678,0.7554760921,0.1106854326,4.368255788e-05,0,0,6967,3493,9.034568879,9.034568877,21.72342263
3650,0.3125,0.5,83.71604846,83.71604846,4,3498,3528,1,0,0,0,0,1,7.136265042,0,0,0,0,0,489,245,0.1401293245,0.1401293245,2.186862127
3651,0.375,0.5625,97.3175377,170.911107,4,3528,3516,0,0,0,0,0,0,90.12382324,67.2151552,89.77041157,4.368255788e-05,0,0,21,11,0.01109584529,0.01109584529,0.9949831658
3652,0.4375,0.5,97.3175377,94.78803187,4,3528,3488,0,0,0,0,0,0,46.50781212,-43.9201434,46.41351933,4.368255788e-05,0,0,72,38,0.02150176399,0.02150176399,1.840190623
3653,0.375,0.4375,111.6375878,111.6375878,4,3528,3511,1,0,0,0,0,1,7.730316438,0,0,0,0,0,952,484,0.1293608105,0.1293608104,4.051509136
3654,0.4375,0.75,137.4416851,279.3148032,4,3504,3548,0,0,0,0,0,0,41530.49197,120.1999262,14757.69669,4.368255788e-05,0,0,1,1,2.407869381e-05,2.407869381e-05,0.06005824757
3655,0.375,0.6875,30.02824038,30.02824038,4,3548,3516,0,0,0,0,0,0,1e+300,-218.1963418,675.7136971,0,0,0,0,0,0,0,0
3656,0.3125,0.75,30.02824038,30.02824038,4,3548,3494,0,0,0,0,0,0,1e+300,0,1e+300,0,0,0,0,0,0,0,0
3657,0.375,0.8125,191.9280285,191.9280285,4,3548,3519,0,0,0,0,0,0,1e+300,0,1e+300,0,0,0,0,0,0,0,0
3658,0.4375,1,599.21437,599.21437,4,3490,3530,0,0,0,0,0,0,1e+300,0,1e+300,0,0,0,0,0,0,0,0
3659,0.375,0.9375,437.3145819,437.3145819,4,3530,3519,0,0,0,0,0,0,1e+300,0,1e+300,0,0,0,0,0,0,0,0
3660,0.3125,1,502.4448051,502.4448051,4,3530,3505,0,0,0,0,0,0,1e+300,0,1e+300,0,0,0,0,0,0,0,0
3661,0.5,0.0625,-28.92250818,-27.5106615,4,3491,3533,0,0,0,0,0,0,35.73472386,10.0480394,35.67902946,4.368255788e-05,0,0,36,19,0.02798398566,0.02798398565,4.888803978
3662,0.4375,0.125,-49.66792918,-11.50140859,4,3533,3512,0,0,0,0,0,0,1.318669464,15.08961893,1.318593509,4.368255788e-05,0,0,406,202,0.7583401505,0.7583401504,14.34492888
3663,0.5,0.1875,-17.41312896,36.23970068,4,3533,3500,0,0,0,0,0,0,1.870749315,25.89977462,1.870596452,4.368255788e-05,0,0,370,183,0.5345451642,0.5345451641,13.61698616
3664,0.6875,0.1875,20.745421,20.745421,4,3496,3539,0,0,0,0,0,0,1e+300,0,1e+300,0,0,0,0,0,0,0,0
3665,0.6875,0.0625,41.490842,41.490842,4,3539,3502,0,0,0,0,0,0,1e+300,0,1e+300,0,0,0,0,0,0,0,0
3666,0.5625,0.0625,62.236263,62.236263,4,3539,3491,0,0,0,0,0,0,1e+300,0,1e+300,0,0,0,0,0,0,0,0
3667,0.5625,0.1875,73.74564221,73.74564221,4,3539,3500,0,0,0,0,0,0,1e+300,0,1e+300,0,0,0,0,0,0,0,0
3668,0.5625,0.125,-49.66792918,-49.66792918,4,3533,3539,0,0,0,0,0,0,1e+300,0,1e+300,0,0,0,0,0,0,0,0
3669,0.5,0.3125,106.5665352,69.54961629,4,3500,3535,0,0,0,0,0,0,0.2290485743,-24.49201753,0.2290462826,4.368255788e-05,0,0,6066,3013,4.365886157,4.365886156,16.63899966
3670,0.4375,0.375,53.56631403,62.63073956,4,3535,3511,0,0,0,0,0,0,0.2429410265,-33.99282816,0.2429384484,4.368255788e-05,0,0,4271,2119,4.1162253,4.1162253,13.72373121
3671,0.5,0.4375,53.56631403,75.73549583,4,3535,3488,0,0,0,0,0,0,0.1701635615,-47.95866021,0.1701622967,4.368255788e-05,0,0,4117,2047,5.876698814,5.876698813,30.58697101
3672,0.5625,0.4375,0,69.12148893,4,3488,3536,0,0,0,0,0,0,0.1269116494,-57.28016036,0.1269109458,4.368255788e-05,0,0,4914,2452,7.879497309,7.879497308,66.10933349
3673,0.6875,0.4375,82.29105407,57.55030688,4,3536,3506,0,0,0,0,0,0,16.08805558,-82.09006358,16.07675736,4.368255788e-05,0,0,277,137,0.06215791554,0.06215791549,16.89243693
3674,0.6875,0.3125,0,14.57252126,4,3536,3496,0,0,0,0,0,0,3575.685933,-31.52520931,3092.631952,4.368255788e-05,0,0,14,9,0.0002796666203,0.0002796666196,0.3283092935
3675,0.5625,0.3125,53.00022122,-33.93789628,4,3536,3500,0,0,0,0,0,0,8.271954103,-130.6870234,8.268966194,4.368255788e-05,0,0,1889,943,0.1208904193,0.1208904193,0.4892476836
3676,0.5625,0.375,53.56631403,79.56983174,4,3535,3536,0,0,0,0,0,0,0.1626991038,-32.51835291,0.1626979475,4.368255788e-05,0,0,5057,2524,6.146315355,6.146315354,43.94858856
3677,0.5625,0.5625,0,30.32312659,4,3488,3541,0,0,0,0,0,0,0.3768451321,-142.3590595,0.3768389288,4.368255788e-05,0,0,6708,3364,2.653609971,2.65360997,28.79524497
3678,0.5625,0.6875,107.4134447,-17.48746438,4,3541,3504,0,0,0,0,0,0,0.7258466361,-219.7846126,0.7258236225,4.368255788e-05,0,0,3334,1657,1.377701501,1.377701501,8.575607043
3679,0.6875,0.6875,0,-56.17249067,4,3541,3495,0,0,0,0,0,0,1.048139491,-301.4947484,1.048091503,4.368255788e-05,0,0,3967,1986,0.9540714846,0.9540714843,15.49514906
3680,0.6875,0.5625,185.9207243,185.9207243,4,3541,3506,1,0,0,0,0,1,1.971274138,0,0,0,0,0,5045,2511,0.5072861155,0.5072861151,20.37696622
3681,0.5,0.6875,174.9075422,98.4976078,4,3504,3547,0,0,0,0,0,0,0.3079238087,-37.88459491,0.3079196669,4.368255788e-05,0,0,1445,718,3.247556609,3.247556609,23.70892172
3682,0.5625,0.625,67.49409753,42.52514021,4,3547,3541,0,0,0,0,0,0,0.4419472105,-98.91666576,0.4419386787,4.368255788e-05,0,0,2615,1302,2.262713682,2.262713682,17.01870873
3683,0.5,0.5625,67.49409753,45.33739606,4,3547,3488,0,0,0,0,0,0,0.7795087511,-61.42984453,0.779482209,4.368255788e-05,0,0,1259,628,1.282859235,1.282859235,12.75364168
3684,0.4375,0.625,210.6350505,210.6350505,4,3547,3516,1,1,1,0,0,1,1089.152703,135.3304357,1111.002466,4.975338049e-06,0,84.16186266,5,5,0.0009181449006,0.0009181449006,0.6696258607
3685,0.6875,0.8125,161.8997881,-40.99047166,4,3495,3542,0,0,0,0,0,0,32.15781216,-314.6251219,32.11270231,4.368255788e-05,0,0,262,134,0.03109664286,0.03109664284,4.164088439
3686,0.5625,0.8125,269.3132328,-11.71884018,4,3542,3504,0,0,0,0,0,0,15.29921619,-242.3283808,15.28899841,4.368255788e-05,0,0,345,168,0.06536282564,0.06536282561,5.12276397
3687,0.5625,0.9375,485.6993643,-128.9742698,4,3542,3490,0,0,0,0,0,0,4663.215842,-345.1419801,3874.06431,4.368255788e-05,0,0,3,1,0.0002144442878,0.0002144442877,0.1063584141
3688,0.6875,0.9375,359.4805438,359.4805438,4,3542,3503,1,0,0,0,0,1,12031045.53,0,0,0,0,0,2,1,8.311829573e-08,8.311751413e-08,0.003103696611
3689,0.5,0.9375,462.9189528,24.31628336,4,3490,3545,0,0,0,0,0,0,603.9217565,-143.975947,588.399285,4.368255788e-05,0,0,2,1,0.001655843641,0.00165584364,0.8212524825
3690,0.5625,0.875,301.0191647,-109.1274948,4,3545,3542,0,0,0,0,0,0,2238.230738,-325.2335513,2038.885547,4.368255788e-05,0,0,5,2,0.0004467814613,0.0004467814608,0.2575736665
3691,0.5,0.8125,246.5328213,342.8600246,4,3545,3504,0,0,0,0,0,0,1701.23659,160.1259638,1583.555656,4.368255788e-05,0,0,3,1,0.0005878077194,0.0005878077177,0.6188533814
3692,0.4375,0.875,301.0191647,301.0191647,4,3545,3519,0,0,0,0,0,0,1e+300,0,1e+300,0,0,0,0,0,0,0,0
3693,0.625,0.0625,51.8635525,51.8635525,4,3550,3539,0,0,0,0,0,0,1e+300,0,1e+300,0,0,0,0,0,0,0,0
3694,0.5625,0,72.6089735,72.6089735,4,3550,3491,0,0,0,0,0,0,1e+300,0,1e+300,0,0,0,0,0,0,0,0
3695,0.6875,0,51.8635525,51.8635525,4,3502,3550,0,0,0,0,0,0,1e+300,0,1e+300,0,0,0,0,0,0,0,0
3696,0.5625,0.25,33.07593867,1.163513556,4,3500,3540,0,0,0,0,0,0,286.930588,57.99117142,283.3787578,4.368255788e-05,0,0,12,8,0.003485163457,0.003485163455,3.59044285
3697,0.625,0.3125,-19.92428255,33.77319166,4,3540,3536,0,0,0,0,0,0,240.7062169,72.5542987,238.2016072,4.368255788e-05,0,0,13,8,0.004154441929,0.004154441926,4.195572028
3698,0.6875,0.25,-19.92428255,-131.4527261,4,3540,3496,0,0,0,0,0,0,2.010913908e+12,-23.97367169,22892.43207,4.368255788e-05,0,0,1,0,4.972863313e-13,0,0.4972863313
3699,0.625,0.1875,0.8211384499,0.8211384499,4,3540,3539,0,0,0,0,0,0,1e+300,0,1e+300,0,0,0,0,0,0,0,0
3700,0.6875,0.5,190.6830399,144.3972215,4,3506,3554,0,0,0,0,0,0,5.313492658,-8.287045946,5.312259646,4.368255788e-05,0,0,1374,677,0.1882001283,0.1882001281,15.41849151
3701,0.625,0.4375,108.3919858,96.92356984,4,3554,3536,0,0,0,0,0,0,0.2721026708,-30.91600505,0.2720994366,4.368255788e-05,0,0,1901,945,3.675083368,3.675083368,29.54508596
3702,0.5625,0.5,108.3919858,73.01458482,4,3554,3488,0,0,0,0,0,0,0.08748668091,-66.43096145,0.08748634656,4.368255788e-05,0,0,7266,3640,11.43031133,11.43031133,105.6418564
3703,0.625,0.5625,108.3919858,135.8368177,4,3554,3541,0,0,0,0,0,0,0.3116518874,-38.28329395,0.3116476447,4.368255788e-05,0,0,6274,3152,3.208708307,3.208708307,42.02969951
3704,0.5625,0.75,189.5594004,210.9967798,4,3504,3546,0,0,0,0,0,0,0.5970177174,10.97930421,0.597002148,4.368255788e-05,0,0,2237,1109,1.674992167,1.674992166,20.29955409
3705,0.625,0.8125,244.0457438,45.97102848,4,3546,3542,0,0,0,0,0,0,8.261741608,-187.4184428,8.25876107,4.368255788e-05,0,0,561,282,0.1210398542,0.1210398542,25.87219864
3706,0.6875,0.75,82.14595569,231.3625599,4,3546,3495,0,0,0,0,0,0,0.5565177529,-11.68002531,0.5565042242,4.368255788e-05,0,0,1730,875,1.796887871,1.79688787,14.78551537
3707,0.625,0.6875,82.14595569,34.08318142,4,3546,3541,0,0,0,0,0,0,0.3832695847,-170.9938975,0.3832631681,4.368255788e-05,0,0,3406,1702,2.609129552,2.609129552,13.78621114
3708,0.6875,1,469.3523797,469.3523797,4,3503,3558,0,0,0,0,0,0,1e+300,0,1e+300,0,0,0,0,0,0,0,0
3709,0.625,0.9375,438.3532917,289.5231595,4,3558,3542,0,0,0,0,0,0,5.707973153e+12,1.683478448,22892.43223,4.368255788e-05,0,0,1,0,1.75193536e-13,0,0.175193536
3710,0.5625,1,600.2530798,232.6496118,4,3558,3490,0,0,0,0,0,0,1.813727543e+12,-7.376243209,22892.43204,4.368255788e-05,0,0,1,0,5.513507273e-13,0,0.5513507273
3711,0.75,0.0625,31.1181315,31.1181315,4,3502,3549,0,0,0,0,0,0,1e+300,0,1e+300,0,0,0,0,0,0,0,0
3712,0.6875,0.125,31.1181315,31.1181315,4,3549,3539,0,0,0,0,0,0,1e+300,0,1e+300,0,0,0,0,0,0,0,0
3713,0.75,0.1875,10.3727105,10.3727105,4,3549,3496,0,0,0,0,0,0,1e+300,0,1e+300,0,0,0,0,0,0,0,0
3714,0.8125,0.1875,0,0,4,3496,3538,0,0,0,0,0,0,1e+300,5.898310998e-07,9999.999994,0,0,0,0,0,0,0,0
3715,0.9375,0.1875,123.2549122,79.30466916,4,3538,3507,0,0,0,0,0,0,8.11797682e+12,-24.90162413,22892.43226,4.368255788e-05,0,0,1,0,1.231834017e-13,0,0.1231834017
3716,0.9375,0.0625,0,0,4,3538,3486,0,0,0,0,0,0,1e+300,0,1e+300,0,0,0,0,0,0,0,0
3717,0.8125,0.0625,20.745421,20.745421,4,3538,3502,0,0,0,0,0,0,1e+300,0,1e+300,0,0,0,0,0,0,0,0
3718,0.8125,0.125,10.3727105,10.3727105,4,3549,3538,0,0,0,0,0,0,1e+300,0,1e+300,0,0,0,0,0,0,0,0
3719,0.8125,0.3125,89.26841854,-60.52169096,4,3496,3537,0,0,0,0,0,0,72848.31303,-37.84519502,17418.65566,4.368255788e-05,0,0,7,3,1.372715384e-05,1.372715375e-05,0.01494090189
3720,0.8125,0.4375,70.81640289,70.81640289,4,3537,3506,1,0,0,0,0,1,204.4057542,0,0,0,0,0,297,149,0.004892230181,0.004892230175,0.5190791529
3721,0.9375,0.4375,173.9880416,173.9880416,4,3537,3492,1,0,0,0,0,1,1529.712442,0,0,0,0,0,13,7,0.0006537176351,0.0006537176332,2.00780987
3722,0.9375,0.3125,212.5233308,38.28843545,4,3537,3507,0,0,0,0,0,0,1.997659495e+12,-51.55337628,22892.43206,4.368255788e-05,0,0,1,0,5.005858117e-13,0,0.5005858117
3723,0.75,0.4375,144.4229042,115.0539868,4,3506,3553,0,0,0,0,0,0,6.374427956,-15.34267711,6.372653483,4.368255788e-05,0,0,373,185,0.156876822,0.1568768219,22.81579765
3724,0.8125,0.375,151.4002687,61.66993949,4,3553,3537,0,0,0,0,0,0,2620.157736,24.89219468,2351.066023,4.368255788e-05,0,0,9,4,0.0003816564119,0.0003816564111,0.6266109557
3725,0.75,0.3125,62.13185013,85.02229463,4,3553,3496,0,0,0,0,0,0,313.769319,48.16827064,309.5268675,4.368255788e-05,0,0,20,12,0.003187054754,0.003187054752,3.387783914
3726,0.6875,0.375,62.13185013,82.08834713,4,3553,3536,0,0,0,0,0,0,23.31334183,-23.46362419,23.289624,4.368255788e-05,0,0,123,64,0.04289389343,0.0428938934,12.32444812
3727,0.75,0.5625,198.2451854,198.2451854,4,3506,3555,1,0,0,0,0,1,1.782842247,0,0,0,0,0,4959,2476,0.5609021223,0.5609021219,13.97016579
3728,0.6875,0.625,54.44988283,87.9287313,4,3555,3541,0,0,0,0,0,0,0.7607008798,-131.7521125,0.7606756031,4.368255788e-05,0,0,3708,1845,1.314577157,1.314577157,20.3907441
3729,0.75,0.6875,54.44988283,126.1702317,4,3555,3495,0,0,0,0,0,0,0.4188660639,-131.4761184,0.4188584,4.368255788e-05,0,0,5223,2606,2.387397992,2.387397992,27.08559573
3730,0.8125,0.6875,89.26841854,-17.70418914,4,3495,3544,0,0,0,0,0,0,0.3228472379,-273.6649838,0.3228426849,4.368255788e-05,0,0,5130,2565,3.097440159,3.097440159,29.28970945
3731,0.9375,0.6875,301.680544,301.680544,4,3544,3508,1,0,0,0,0,1,8.319416937,0,0,0,0,0,3712,1867,0.1202007313,0.120200731,20.40039564
3732,0.9375,0.5625,299.7303109,299.7303109,4,3544,3492,1,0,0,0,0,1,654.6848666,0,0,0,0,0,194,96,0.001527452445,0.001527452431,6.608893317
3733,0.8125,0.5625,196.5586722,196.5586722,4,3544,3506,1,0,0,0,0,1,7.570112036,0,0,0,0,0,2628,1310,0.1320984412,0.1320984411,16.64513803
3734,0.8125,0.625,143.7183014,75.34883884,4,3555,3544,0,0,0,0,0,0,0.4805366948,-154.9705418,0.480526608,4.368255788e-05,0,0,3023,1504,2.081006531,2.08100653,21.49971593
3735,0.8125,0.8125,323.5449654,323.5449654,4,3495,3543,1,0,0,0,0,1,6.616424182,0,0,0,0,0,2382,1190,0.1511390401,0.1511390398,21.55401848
3736,0.8125,0.9375,409.4064094,409.4064094,4,3543,3503,1,0,0,0,0,1,196.4496969,0,0,0,0,0,569,280,0.005090361634,0.005090361615,1.14334047
3737,0.9375,0.9375,604.2754335,604.2754335,4,3543,3487,1,1,1,0,0,1,189.3899449,449.5406976,1300.050562,4.368255788e-05,0,120.1951939,227,227,0.005280111364,0.005280111364,1.968430318
3738,0.9375,0.8125,369.2655954,369.2655954,4,3543,3508,1,0,0,0,0,1,10.32100349,0,0,0,0,0,3269,1641,0.09688980345,0.09688980308,23.17347902
3739,0.75,0.9375,371.6441976,371.6441976,4,3503,3557,1,1,1,0,0,1,53548.8188,43.97237975,7240.696357,0.0001,0,196.4835977,3,3,1.867454824e-05,1.867454824e-05,0.6820670657
3740,0.8125,0.875,332.9359973,332.9359973,4,3557,3543,1,0,0,0,0,1,103.8050664,0,0,0,0,0,531,270,0.00963344117,0.009633441127,5.956022211
3741,0.75,0.8125,91.72047367,80.86550649,4,3557,3495,0,0,0,0,0,0,145.9189899,-211.8132697,144.9947766,4.368255788e-05,0,0,115,58,0.006853117615,0.006853117604,4.615271445
3742,0.6875,0.875,253.6202618,262.7833973,4,3557,3542,0,0,0,0,0,0,94.82014043,-20.24226493,94.42901674,4.368255788e-05,0,0,44,19,0.01054628263,0.01054628262,6.220421578
3743,0.875,0.0625,10.3727105,10.3727105,4,3551,3538,0,0,0,0,0,0,1e+300,0,1e+300,0,0,0,0,0,0,0,0
3744,0.8125,0,31.1181315,31.1181315,4,3551,3502,0,0,0,0,0,0,1e+300,0,1e+300,0,0,0,0,0,0,0,0
3745,0.9375,0,10.3727105,10.3727105,4,3486,3551,0,0,0,0,0,0,1e+300,0,1e+300,0,0,0,0,0,0,0,0
3746,0.9375,0.25,162.8504764,146.1772409,4,3507,3559,0,0,0,0,0,0,5.771007155e+11,-3.883859875e-06,22892.43142,4.368255788e-05,0,0,2,0,1.732799792e-12,0,1.732799792
3747,0.875,0.1875,39.59556415,54.01002934,4,3559,3538,0,0,0,0,0,0,3.344360272e+12,6.06288989,22892.43217,4.368255788e-05,0,0,1,0,2.990108477e-13,0,0.2990108477
3748,0.8125,0.25,39.59556415,39.59556415,4,3559,3496,0,0,0,0,0,0,1e+300,0,1e+300,0,0,0,0,0,0,0,0
3749,0.875,0.3125,128.8639827,39.71596114,4,3559,3537,0,0,0,0,0,0,1.402775862e+12,6.133303243,22892.43195,4.368255788e-05,0,0,1,0,7.128722609e-13,0,0.7128722609
3750,0.9375,0.5,166.82073,166.82073,4,3492,3552,1,0,0,0,0,1,1694.204977,0,0,0,0,0,47,20,0.0005902473513,0.0005902473487,2.48948634
3751,0.875,0.4375,-43.23279226,31.70344722,4,3552,3537,0,0,0,0,0,0,5480.316503,61.5517034,4421.770179,4.368255788e-05,0,0,8,5,0.000182471213,0.0001824712128,0.4712328802
3752,0.8125,0.5,63.64909131,63.64909131,4,3552,3506,1,0,0,0,0,1,134.3516249,0,0,0,0,0,419,214,0.007443155236,0.007443155225,0.1485697638
3753,0.875,0.5625,157.6486047,157.6486047,4,3552,3544,1,1,1,0,0,1,258.4009914,60.22158922,255.5168145,4.368255788e-05,0,32.90954033,95,95,0.003869954193,0.003869954193,12.35435459
3754,0.9375,0.75,189.6297842,-134.5006456,4,3508,3562,0,0,0,0,0,0,0.8192344684,-486.7278993,0.8192051521,4.368255788e-05,0,0,3146,1589,1.220651765,1.220651765,7.514969839
3755,0.875,0.6875,165.1062969,48.02801213,4,3562,3544,0,0,0,0,0,0,0.3750257752,-231.1513979,0.3750196316,4.368255788e-05,0,0,3178,1584,2.666483389,2.666483389,38.37280747
3756,0.8125,0.75,75.83787836,83.16422859,4,3562,3495,0,0,0,0,0,0,0.324492432,-223.3421509,0.3244878325,4.368255788e-05,0,0,3715,1863,3.081735971,3.08173597,50.95608869
3757,0.875,0.8125,75.83787836,-322.5030581,4,3562,3543,0,0,0,0,0,0,4.03908572,-669.2659982,4.038373199,4.368255788e-05,0,0,1624,804,0.2475807817,0.2475807817,2.58164877
3758,0.9375,1,205.437446,205.437446,4,3487,3556,1,0,0,0,0,1,2378.946437,0,0,0,0,0,46,25,0.0004203541469,0.0004203541463,2.557483528
3759,0.875,0.9375,387.3386107,387.3386107,4,3556,3543,1,0,0,0,0,1,48.86010024,0,0,0,0,0,787,385,0.02046659739,0.02046659726,9.068276304
3760,0.8125,1,278.9896227,-412.1618887,4,3556,3503,0,0,0,0,0,0,37.82217911,-845.1188297,37.75979353,4.368255788e-05,0,0,163,84,0.0264395131,0.02643951309,2.458408464
3761,0.9375,0.125,61.62745611,61.62745611,4,3560,3538,0,0,0,0,0,0,1e+300,0,1e+300,0,0,0,0,0,0,0,0
3762,1,0.0625,61.62745611,61.62745611,4,3560,3486,0,0,0,0,0,0,1e+300,0,1e+300,0,0,0,0,0,0,0,0
3763,1,0.1875,184.8823683,184.8823683,4,3507,3560,0,0,0,0,0,0,1e+300,0,1e+300,0,0,0,0,0,0,0,0
3764,0.9375,0.375,230.7808309,230.7808309,4,3561,3537,0,0,0,0,0,0,1e+300,-261.7474636,4125.841866,0,0,0,0,0,0,0,0
3765,1,0.3125,264.7673246,264.7673246,4,3561,3507,0,0,0,0,0,0,1e+300,0,1e+300,0,0,0,0,0,0,0,0
3766,1,0.4375,320.0492494,374.3963312,4,3492,3561,0,0,0,0,0,0,706935.9822,35.68550962,22174.3684,4.368255788e-05,0,0,1,1,1.414555243e-06,1.414555243e-06,0.01564940318
3767,0.9375,0.625,254.0891723,254.0891723,4,3563,3544,1,0,0,0,0,1,113.0440422,0,0,0,0,0,1064,536,0.008846109714,0.008846109674,13.07417702
3768,1,0.5625,316.7913876,316.7913876,4,3563,3492,1,1,1,0,0,1,1138862.682,-6.061000289,9912.309711,0.0001,0,96.19175011,6,6,8.780689857e-07,8.780689857e-07,0.0132789396
3769,1,0.6875,9.125945886,-166.3683875,4,3508,3563,0,0,0,0,0,0,110.3081257,-493.5075475,109.7791504,4.368255788e-05,0,0,107,57,0.009065515288,0.009065515283,3.296513998
3770,0.9375,0.875,394.3544965,394.3544965,4,3564,3543,1,0,0,0,0,1,74.04460044,0,0,0,0,0,861,429,0.01350537371,0.01350537362,9.595828649
3771,1,0.8125,396.0837258,396.0837258,4,3564,3508,1,1,1,0,0,1,623.240578,-9.811795352,720.5888393,4.368255788e-05,0,102.3377047,93,93,0.001604516836,0.001604516836,0.8274992283
3772,1,0.9375,843.8940192,843.8940192,4,3487,3564,1,1,1,0,0,1,501.4886428,-515.0571718,34.24276765,0.0001832803562,0,65.43445412,103,103,0.001994063105,0.001994063105,1.32052181
3773,0.09375,0.34375,-354.2601792,-354.2601792,5,3510,3573,1,0,0,0,0,1,141.7927775,0,0,0,0,0,30,17,0.007052545393,0.007052545393,0.1390104197
3774,0.09375,0.28125,-362.7270236,-169.5207616,5,3573,3514,0,0,0,0,0,0,457.3361126,208.6936268,443.1929244,6.97780782e-05,0,0,7,3,0.002186575633,0.002186575633,0.02951618827
3775,0.03125,0.28125,-714.9728798,-714.9728798,5,3573,3499,1,0,0,0,0,1,1552.491259,0,0,0,0,0,9,3,0.00064412601,0.0006441260092,0.3069960351
3776,0.03125,0.34375,-686.7482636,-686.7482636,5,3573,3513,1,0,0,0,0,1,8309.528804,0,0,0,0,0,8,3,0.0001203437672,0.0001203437671,0.0607176867
3777,0,0.34375,-1030.4831,-1030.4831,5,3513,3578,0,0,0,0,0,0,1e+300,0,1e+300,0,0,0,0,0,0,0,0
3778,0.03125,0.3125,-700.8605717,-700.8605717,5,3578,3573,1,0,0,0,0,1,2949.455205,0,0,0,0,0,9,2,0.0003390456645,0.0003390456641,0.3799015993
3779,0,0.28125,-964.3650683,-964.3650683,5,3578,3499,1,1,1,0,0,1,182430.584,-83.14642496,13287.33846,6.97780782e-05,0,243.5825649,12,12,5.481537021e-06,5.481537021e-06,0.5547546481
3780,0.90625,0.90625,441.1013289,441.1013289,5,3543,3737,1,1,1,0,0,1,266.5552617,-11.93786851,301.0414111,6.97780782e-05,0,78.021855,146,146,0.003751567287,0.003751567287,0.739522431
3781,0.90625,0.96875,337.8927842,337.8927842,5,3737,3556,1,1,1,0,0,1,824.360052,-332.8351565,894.2801147,8.214032318e-06,0,99.48538783,5,5,0.001213062178,0.001213062178,0.2439326709
3782,0.96875,0.96875,302.1377168,302.1377168,5,3737,3487,1,0,0,0,0,1,179.2048821,0,0,0,0,0,18,9,0.005580205117,0.005580205114,1.517767208
3783,0.96875,0.90625,514.5910486,514.5910486,5,3737,3564,1,0,0,0,0,1,525.7750873,0,0,0,0,0,13,8,0.001901953942,0.001901953941,0.8686605809
3784,0.96875,0.9375,603.6206396,603.6206396,5,3772,3737,1,1,1,0,0,1,389.9841006,-99.01815541,415.5099061,6.97780782e-05,0,76.54122605,231,231,0.002564207101,0.002564207101,11.83839044
3785,1,0.90625,424.3432785,424.3432785,5,3772,3564,1,1,1,0,0,1,433.0667003,-687.1887441,9.743901418,4.061249034e-05,0,110.5517831,4,4,0.002309113121,0.002309113121,0.9937784256
3786,1,0.96875,421.9470096,421.9470096,5,3487,3772,1,0,0,0,0,1,447.9593361,0,0,0,0,0,7,5,0.002232345482,0.002232345481,1.051366698
3787,0.96875,1,413.1397277,413.1397277,5,3487,3758,1,1,1,0,0,1,2779.608354,248.7374301,2328.066501,6.97780782e-05,0,123.3302159,18,18,0.0003597629136,0.0003597629136,1.422092445
3788,0.9375,0.96875,776.0821233,776.0821233,5,3758,3737,1,1,1,0,0,1,7163.779417,618.6379209,10688.18761,8.214032318e-06,0,69.38496925,3,3,0.0001395911211,0.0001395911211,0.1490370019
3789,0.90625,1,404.6845157,-437.9471129,5,3758,3556,0,0,0,0,0,0,170.9933906,-746.1011987,168.9772236,6.97780782e-05,0,0,37,22,0.005848179258,0.005848179257,0.8544516629
3790,0.90625,0.84375,379.2569752,116.2253411,5,3543,3738,0,0,0,0,0,0,1.04253197,-250.307701,1.042456136,6.97780782e-05,0,0,1627,813,0.9592031984,0.9592031983,8.950648204
3791,0.96875,0.84375,397.0861295,397.0861295,5,3738,3564,1,0,0,0,0,1,81.03470935,0,0,0,0,0,563,286,0.01234039103,0.01234039098,2.377459597
3792,0.96875,0.78125,352.0183441,134.2230678,5,3738,3508,0,0,0,0,0,0,0.429692121,-237.774288,0.4296792379,6.97780782e-05,0,0,1448,728,2.327247699,2.327247699,10.69947483
3793,0.90625,0.78125,351.3375007,108.8332403,5,3738,3562,0,0,0,0,0,0,0.3506861371,-240.6618566,0.3506775559,6.97780782e-05,0,0,2529,1271,2.851552697,2.851552697,25.40750654
3794,0.96875,0.8125,454.8202699,312.167702,5,3771,3738,0,0,0,0,0,0,10.83135584,-70.50638921,10.82317578,6.97780782e-05,0,0,109,52,0.09232454502,0.09232454499,4.533804297
3795,1,0.78125,441.2009543,93.00920235,5,3771,3508,0,0,0,0,0,0,14.29800842,-292.3970457,14.28375769,6.97780782e-05,0,0,89,43,0.06993981055,0.06993981052,8.984866128
3796,1,0.84375,410.4951947,410.4951947,5,3564,3771,1,0,0,0,0,1,1041.576984,0,0,0,0,0,78,41,0.0009600826584,0.000960082655,1.993430385
3797,0.09375,0.40625,-264.9408975,-946.7459804,5,3510,3574,0,0,0,0,0,0,253.250449,-689.8623268,248.8528876,6.97780782e-05,0,0,57,31,0.003948660323,0.003948660323,0.02039070028
3798,0.03125,0.40625,-589.3359776,-589.3359776,5,3574,3513,1,0,0,0,0,1,20349.90901,0,0,0,0,0,50,24,4.914026886e-05,4.914026766e-05,0.2864618442
3799,0.03125,0.46875,-422.7360219,-422.7360219,5,3574,3489,1,0,0,0,0,1,48650.93771,0,0,0,0,0,12,5,2.05545884e-05,2.055458831e-05,0.04407051968
3800,0.09375,0.46875,-236.6167769,-236.6167769,5,3574,3526,1,0,0,0,0,1,11.78927868,0,0,0,0,0,214,100,0.08482283159,0.08482283158,0.5526255541
3801,0,0.46875,-847.5917607,-847.5917607,5,3489,3576,1,0,0,0,0,1,27658.98676,0,0,0,0,0,25,14,3.615461436e-05,3.615461168e-05,0.3867328041
3802,0.03125,0.4375,-764.6476964,-764.6476964,5,3576,3574,1,0,0,0,0,1,248.8649114,0,0,0,0,0,85,41,0.004018244254,0.004018244242,0.4177933269
3803,0,0.40625,-1014.191716,-1014.191716,5,3576,3513,1,0,0,0,0,1,2790029.478,0,0,0,0,0,12,7,3.584191521e-07,3.584186781e-07,0.1064668722
3804,0.90625,0.59375,264.1812687,264.1812687,5,3544,3732,1,0,0,0,0,1,289.7662263,0,0,0,0,0,201,94,0.003451057816,0.003451057795,14.14605285
3805,0.96875,0.59375,195.6920472,195.6920472,5,3732,3563,1,1,1,0,0,1,9519.897518,-93.80466719,5720.129152,6.97780782e-05,0,77.07531501,13,13,0.0001050431476,0.0001050431476,0.7894370717
3806,0.96875,0.53125,267.2277129,313.5571992,5,3732,3492,0,0,0,0,0,0,119795.0674,-21.34141045,12799.89067,6.97780782e-05,0,0,2,1,8.347589107e-06,8.34758885e-06,0.1422644013
3807,0.90625,0.53125,131.2716879,131.2716879,5,3732,3552,1,0,0,0,0,1,399.8379507,0,0,0,0,0,82,40,0.002501013218,0.002501013211,6.5020698
3808,0.96875,0.5625,266.9318546,108.2415829,5,3768,3732,0,0,0,0,0,0,112027.843,-199.904163,12705.76501,6.97780782e-05,0,0,8,4,8.92635235e-06,8.926351514e-06,0.01964984448
3809,1,0.53125,275.6521359,349.0383795,5,3768,3492,0,0,0,0,0,0,3.735527708e+14,5.471038844,14331.14849,6.97780782e-05,0,0,1,0,2.676997946e-15,0,0.002676997946
3810,1,0.59375,275.0604193,85.45178544,5,3563,3768,0,0,0,0,0,0,40459.50268,-212.7298567,10582.66563,6.97780782e-05,0,0,2,2,2.471607246e-05,2.471607246e-05,0.03457842174
3811,0.84375,0.90625,386.6043694,386.6043694,5,3543,3736,1,0,0,0,0,1,29.11339616,0,0,0,0,0,518,257,0.03434844889,0.03434844887,3.138547387
3812,0.78125,0.90625,293.2140444,-559.642763,5,3736,3557,0,0,0,0,0,0,4419.795288,-915.3883203,3378.002905,6.97780782e-05,0,0,9,3,0.0002262548229,0.0002262548227,0.1104647997
3813,0.78125,0.96875,266.9127411,137.7529412,5,3736,3503,0,0,0,0,0,0,3.654463732,-294.4786057,3.653532076,6.97780782e-05,0,0,163,84,0.2736379599,0.2736379598,19.00320408
3814,0.84375,0.96875,424.2399726,-79.41375341,5,3736,3556,0,0,0,0,0,0,2.559345185,-489.5604738,2.558888203,6.97780782e-05,0,0,187,95,0.3907249424,0.3907249424,2.282096293
3815,0.75,0.96875,238.0755428,238.0755428,5,3503,3739,0,0,0,0,0,0,1e+300,0,1e+300,0,0,0,0,0,0,0,0
3816,0.78125,0.9375,280.0633927,-309.1531712,5,3739,3736,0,0,0,0,0,0,1786.863076,-699.6891801,1588.769183,6.97780782e-05,0,0,4,2,0.000559639971,0.0005596399706,0.2702286471
3817,0.75,0.90625,264.3768461,16.44840868,5,3739,3557,0,0,0,0,0,0,273.6114567,-320.4118312,268.4855094,6.97780782e-05,0,0,5,3,0.003654817719,0.003654817719,1.765010033
3818,0.65625,0.90625,253.0769314,305.4427312,5,3542,3688,0,0,0,0,0,0,6.871200856e+13,-6.303862824,14331.14849,6.97780782e-05,0,0,1,0,1.455349685e-14,0,0.01455349685
3819,0.65625,0.96875,245.7584687,245.7584687,5,3688,3558,0,0,0,0,0,0,1e+300,0,1e+300,0,0,0,0,0,0,0,0
3820,0.71875,0.96875,234.3089046,234.3089046,5,3688,3503,0,0,0,0,0,0,1e+300,-136.7302602,2384.727877,0,0,0,0,0,0,0,0
3821,0.71875,0.90625,260.6102079,120.1597419,5,3688,3557,0,0,0,0,0,0,128312.1312,-210.6309781,12891.32029,6.97780782e-05,0,0,2,1,7.793495368e-06,7.793495359e-06,0.01241455299
3822,0.71875,0.9375,247.4595562,623.1983045,5,3739,3688,0,0,0,0,0,0,62987.20781,257.6171328,11674.83469,6.97780782e-05,0,0,1,1,1.587623955e-05,1.587623955e-05,0.02528986131
3823,0.953125,0.953125,408.9174057,-70.93644976,6,3737,3782,0,0,0,0,0,0,16.95659644,-524.1417864,16.94131759,5.318691117e-05,0,0,10,4,0.05897409917,0.05897409917,0.9687306673
3824,0.953125,0.984375,253.7875814,253.7875814,6,3782,3758,1,0,0,0,0,1,1e+300,0,0,0,0,0,9,3,0,0,0
3825,0.984375,0.984375,151.0688584,151.0688584,6,3782,3487,1,0,0,0,0,1,1e+300,0,0,0,0,0,38,21,0,0,0
3826,0.984375,0.953125,573.015868,573.015868,6,3782,3772,1,0,0,0,0,1,1064.21119,0,0,0,0,0,12,6,0.0009396631135,0.0009396631117,0.4645676263
3827,0.9375,0.984375,326.6527861,326.6527861,6,3758,3788,0,0,0,0,0,0,1e+300,0,1e+300,0,0,0,0,0,0,0,0
3828,0.953125,0.96875,336.0605985,-0.9530972025,6,3788,3782,0,0,0,0,0,0,12.5879674,-540.0704843,12.5795452,5.318691117e-05,0,0,7,3,0.07944094295,0.07944094294,1.488549973
3829,0.9375,0.953125,472.3664004,814.095767,6,3788,3737,0,0,0,0,0,0,21.68594658,123.9099344,21.66096264,5.318691117e-05,0,0,7,3,0.04611281303,0.04611281303,0.8667707097
3830,0.875,0.96875,471.0511577,49.52444324,5,3556,3759,0,0,0,0,0,0,1.264010494,-349.5798639,1.263899018,6.97780782e-05,0,0,33,15,0.7911326725,0.7911326725,3.761013785
3831,0.90625,0.9375,495.8070221,495.8070221,5,3759,3737,1,0,0,0,0,1,2413.216921,0,0,0,0,0,214,101,0.0004143846297,0.0004143846246,0.3914806815
3832,0.875,0.90625,375.5704701,375.5704701,5,3759,3543,1,0,0,0,0,1,40.86342693,0,0,0,0,0,229,116,0.02447176057,0.02447176056,2.200433558
3833,0.84375,0.9375,393.7898218,149.9800973,5,3759,3736,0,0,0,0,0,0,2.519447845,-248.3988158,2.519004998,6.97780782e-05,0,0,388,189,0.396912364,0.3969123639,2.215471429
3834,0.921875,0.953125,535.8153952,535.8153952,6,3737,3781,0,0,0,0,0,0,1e+300,371.9839757,83.19505174,0,0,0,0,0,0,0,0
3835,0.890625,0.953125,480.4589701,65.50947778,6,3781,3759,0,0,0,0,0,0,4.173331683,-297.1085531,4.172405548,5.318691117e-05,0,0,11,5,0.2396167082,0.2396167082,1.904475757
3836,0.890625,0.984375,516.9997703,84.69283033,6,3781,3556,0,0,0,0,0,0,7.216557514,-289.6930079,7.213788671,5.318691117e-05,0,0,46,26,0.1385702252,0.1385702252,1.061463442
3837,0.921875,0.984375,390.1017809,-76.37699259,6,3781,3758,0,0,0,0,0,0,20.28993187,-348.0448022,20.26805942,5.318691117e-05,0,0,37,22,0.04928552773,0.04928552772,6.239260149
3838,0.921875,0.96875,462.958588,462.958588,6,3788,3781,0,0,0,0,0,0,1e+300,0,1e+300,0,0,0,0,0,0,0,0
3839,0.984375,1,827.1922584,827.1922584,6,3487,3787,1,1,1,0,0,1,1619.761367,662.4090381,1491.286824,5.318691117e-05,0,116.4106184,29,29,0.0006173748924,0.0006173748924,0.8789603354
3840,0.96875,0.984375,357.6387222,357.6387222,6,3787,3782,1,0,0,0,0,1,1e+300,0,0,0,0,0,0,0,0,0,0
3841,0.953125,1,480.948187,480.948187,6,3787,3758,1,1,1,0,0,1,13948.04973,-10.5647528,104.1995301,4.803443933e-06,0,201.6196556,8,8,7.169461104e-05,7.169461104e-05,1.729205721
3842,0.953125,0.921875,224.936915,224.936915,6,3737,3783,1,1,1,0,0,1,700.6247013,-321.3394938,675.4545116,5.318691117e-05,0,60.39825113,126,126,0.001427297665,0.001427297665,6.777868357
3843,0.984375,0.921875,185.5063059,185.5063059,6,3783,3772,1,1,1,0,0,1,714.5764183,-419.7376055,1224.330923,5.318691117e-05,0,49.01036128,133,133,0.001399430452,0.001399430452,5.094184672
3844,0.984375,0.890625,469.7488561,469.7488561,6,3783,3564,1,0,0,0,0,1,2610.917562,0,0,0,0,0,12,6,0.0003830071138,0.0003830071122,0.2370965668
3845,0.96875,0.875,409.6305801,409.6305801,5,3564,3770,1,0,0,0,0,1,506.1324221,0,0,0,0,0,381,192,0.001975767519,0.001975767501,2.212787889
3846,0.9375,0.84375,379.5159629,32.8124386,5,3770,3738,0,0,0,0,0,0,2.690272488,-348.9973598,2.68976756,6.97780782e-05,0,0,631,318,0.3717095589,0.3717095588,8.504063827
3847,0.90625,0.875,376.2456198,55.68185778,5,3770,3543,0,0,0,0,0,0,2.127374818,-323.3957838,2.127059069,6.97780782e-05,0,0,464,229,0.4700629111,0.470062911,3.031803263
3848,0.9375,0.90625,499.314965,499.314965,5,3770,3737,1,0,0,0,0,1,2380.748355,0,0,0,0,0,12,6,0.0004200359933,0.0004200359921,0.2839813436
3849,0.953125,0.890625,454.4727725,454.4727725,6,3783,3770,1,0,0,0,0,1,392.8610792,0,0,0,0,0,15,7,0.002545429041,0.00254542904,0.9148346841
3850,0.984375,0.90625,469.4671635,469.4671635,6,3785,3783,1,0,0,0,0,1,589.8540209,0,0,0,0,0,7,3,0.001695334718,0.001695334717,0.9052466792
3851,1,0.890625,468.3158089,468.3158089,6,3785,3564,0,0,0,0,0,0,1e+300,937.7104166,38.70815826,0,0,0,0,0,0,0,0
3852,1,0.921875,410.272503,410.272503,6,3772,3785,1,1,1,0,0,1,946238.2931,-428.7156369,3164.865961,0.0001272519148,0,261.1084995,1,1,1.056816245e-06,1.056816245e-06,0.05863578839
3853,0.046875,0.453125,-381.2639898,-381.2639898,6,3574,3799,1,0,0,0,0,1,6.228920128,0,0,0,0,0,37,18,0.160541471,0.160541471,1.411749026
3854,0.015625,0.453125,-920.4220827,-920.4220827,6,3799,3576,1,1,1,0,0,1,2676.198853,-119.7590838,2342.736631,5.318691117e-05,0,168.751278,21,21,0.0003736643108,0.0003736643108,1.202260058
3855,0.015625,0.484375,-535.4035929,-535.4035929,6,3799,3489,1,1,1,0,0,1,81126.64782,-325.3550797,108847.2597,4.803443933e-06,0,168.0883543,5,5,1.232640602e-05,1.232640602e-05,0.3779030563
3856,0.09375,0.59375,-210.7888991,-210.7888991,5,3517,3581,1,0,0,0,0,1,0.9151730291,0,0,0,0,0,1458,734,1.092689544,1.092689544,4.358696613
3857,0.09375,0.53125,-221.2637788,-221.2637788,5,3581,3526,1,0,0,0,0,1,1.912425355,0,0,0,0,0,937,470,0.5228962256,0.5228962255,2.181714835
3858,0.03125,0.53125,-441.658482,-441.658482,5,3581,3489,1,1,1,0,0,1,6.113275795,-33.7311908,6.327042781,6.97780782e-05,0,50.93134871,396,396,0.1635784207,0.1635784207,1.820473702
3859,0.03125,0.59375,-316.0105157,-316.0105157,5,3581,3522,1,0,0,0,0,1,22.80867793,0,0,0,0,0,387,187,0.04384296201,0.04384296198,0.3602206027
3860,0.03125,0.5,-412.6204637,-412.6204637,5,3489,3600,1,0,0,0,0,1,165.7720086,0,0,0,0,0,114,57,0.006032381511,0.006032381503,0.198087831
3861,0.0625,0.53125,-314.3234014,-314.3234014,5,3600,3581,1,0,0,0,0,1,5.516726861,0,0,0,0,0,294,147,0.1812669043,0.1812669043,1.557458878
3862,0.09375,0.5,-223.6110767,-133.4114943,5,3600,3526,0,0,0,0,0,0,24.29662987,93.13614841,24.25550776,6.97780782e-05,0,0,169,90,0.04115797151,0.0411579715,0.3295566143
3863,0.0625,0.46875,-1108.087906,-1108.087906,5,3600,3574,1,1,1,0,0,1,19938.41523,-377.754361,7082.834929,1.359827087e-05,0,114.3041205,11,11,5.015443747e-05,5.015443747e-05,0.001877292169
3864,0.046875,0.484375,-371.1484316,-371.1484316,6,3799,3600,1,0,0,0,0,1,1652.632304,0,0,0,0,0,15,8,0.0006050952759,0.0006050952758,1.790512047
3865,0,0.484375,-695.9535719,-693.0171504,6,3489,3801,0,0,0,0,0,0,70813.44808,-16.33431697,14856.95958,5.318691117e-05,0,0,7,3,1.412161146e-05,1.412161097e-05,0.7671804038
3866,0.015625,0.46875,-650.8127855,-92.35586792,6,3801,3799,0,0,0,0,0,0,14439.13998,542.8324861,8167.057921,5.318691117e-05,0,0,5,3,6.925620234e-05,6.925620223e-05,0.156974694
3867,0,0.453125,-1015.187159,173.5526405,6,3801,3576,0,0,0,0,0,0,18.94844765,1191.90008,18.92937045,5.318691117e-05,0,0,13,8,0.05277477177,0.05277477176,0.4113201855
3868,0.96875,0.625,255.6205619,264.0109736,5,3563,3767,0,0,0,0,0,0,61.47635208,-2.809088191,61.2137633,6.97780782e-05,0,0,65,32,0.01626641735,0.01626641734,5.8476121
3869,0.9375,0.59375,148.9882176,148.9882176,5,3767,3732,1,1,1,0,0,1,4960.925021,-127.5789562,3685.231275,6.97780782e-05,0,64.73472667,27,27,0.0002015753102,0.0002015753102,1.430970612
3870,0.90625,0.625,239.3061465,63.97762024,5,3767,3544,0,0,0,0,0,0,1.246823361,-177.3849505,1.246714896,6.97780782e-05,0,0,983,493,0.8020382287,0.8020382284,101.4667235
3871,0.90625,0.65625,266.9892365,230.370475,5,3544,3731,0,0,0,0,0,0,0.9347583118,-34.78727202,0.9346973456,6.97780782e-05,0,0,1758,876,1.069795248,1.069795248,120.4759626
3872,0.90625,0.71875,316.1279031,62.7717439,5,3731,3562,0,0,0,0,0,0,0.4412105488,-252.931588,0.4411969657,6.97780782e-05,0,0,2602,1303,2.266491594,2.266491593,130.4869256
3873,0.96875,0.71875,338.6698318,594.7750862,5,3731,3508,0,0,0,0,0,0,2.592023093,256.5694955,2.591554367,6.97780782e-05,0,0,1894,961,0.385799032,0.3857990319,39.02434577
3874,0.96875,0.65625,283.3036519,137.2904282,5,3731,3563,0,0,0,0,0,0,39.60310137,-153.3248099,39.49396263,6.97780782e-05,0,0,167,87,0.0252505477,0.02525054768,11.36900374
3875,0.9375,0.65625,275.1464442,103.8217948,5,3767,3731,0,0,0,0,0,0,1.197462872,-174.0646977,1.197362825,6.97780782e-05,0,0,1003,507,0.8350989605,0.8350989602,113.9347185
3876,0.953125,0.578125,274.1577234,79.58944701,6,3732,3805,0,0,0,0,0,0,591.0770309,-168.0033287,573.0613785,5.318691117e-05,0,0,16,7,0.001691826865,0.001691826862,2.792418114
3877,0.953125,0.609375,259.0805465,48.81488721,6,3805,3767,0,0,0,0,0,0,1344.520727,-176.0850393,1254.789588,5.318691117e-05,0,0,8,4,0.0007437594527,0.0007437594522,0.6475010489
3878,0.984375,0.609375,267.2377543,192.5167314,6,3805,3563,0,0,0,0,0,0,523.7937852,-45.11194064,509.5969376,5.318691117e-05,0,0,7,4,0.001909148272,0.00190914827,1.714963741
3879,0.984375,0.578125,260.5541242,337.7111409,6,3805,3768,0,0,0,0,0,0,406.0733275,81.44963408,397.4884569,5.318691117e-05,0,0,9,6,0.002462609416,0.002462609415,2.674900851
3880,0.03125,0.25,-724.3729916,-724.3729916,5,3499,3596,0,0,0,0,0,0,1e+300,26.03008247,24.64010985,0,0,0,0,0,0,0,0
3881,0.0625,0.28125,-545.2034106,-308.3225528,5,3596,3573,0,0,0,0,0,0,106.6662274,238.2628671,105.8781799,6.97780782e-05,0,0,3,2,0.009375038606,0.009375038606,0.3379535402
3882,0.09375,0.25,-389.3413525,-667.4617527,5,3596,3514,0,0,0,0,0,0,67.78206262,-277.2644768,67.46298281,6.97780782e-05,0,0,2,1,0.01475316568,0.01475316568,0.5465686436
3883,0.09375,0.15625,-426.5134104,-461.9295212,5,3509,3566,0,0,0,0,0,0,1034.208936,-34.84809381,964.598572,6.97780782e-05,0,0,5,2,0.0009669226064,0.0009669226051,1.156135929
3884,0.03125,0.15625,-696.7350733,-534.0263946,5,3566,3515,0,0,0,0,0,0,4208.933899,149.4430805,3253.429808,6.97780782e-05,0,0,1,1,0.0002375898562,0.0002375898562,0.2693615449
3885,0.03125,0.21875,-736.7636776,-736.7636776,5,3566,3499,0,0,0,0,0,0,1e+300,8.569506235e-06,121742.883,0,0,0,0,0,0,0,0
3886,0.09375,0.21875,-401.7320385,-413.3284645,5,3566,3514,0,0,0,0,0,0,2114.534292,-10.83647149,1842.654107,6.97780782e-05,0,0,5,1,0.0004729173718,0.0004729173699,0.796348224
3887,0.0625,0.21875,-569.247858,-606.7918736,5,3596,3566,0,0,0,0,0,0,1.452530331e+12,-35.92884914,14331.14835,6.97780782e-05,0,0,1,0,6.884537822e-13,0,0.6884537822
3888,0.046875,0.296875,-623.1344397,-435.5653336,6,3573,3775,0,0,0,0,0,0,20.68291939,189.2141582,20.66019193,5.318691117e-05,0,0,7,2,0.04834907399,0.04834907398,1.02388196
3889,0.046875,0.265625,-634.7882011,-957.1762127,6,3775,3596,0,0,0,0,0,0,57.09865754,-320.4138334,56.92577957,5.318691117e-05,0,0,2,1,0.01751354661,0.01751354661,0.3265541731
3890,0.015625,0.265625,-802.3040207,-802.3040207,6,3775,3499,0,0,0,0,0,0,1e+300,124.5452055,58.0843759,0,0,0,1,0,0,0,0
3891,0.015625,0.296875,-791.0387468,-791.0387468,6,3775,3578,1,0,0,0,0,1,61303.3496,0,0,0,0,0,23,13,1.631232235e-05,1.631231955e-05,0.1879256551
3892,0,0.296875,-864.4358032,-966.8681016,6,3578,3779,0,0,0,0,0,0,44133.2147,-51.13697581,13184.68352,5.318691117e-05,0,0,19,12,2.265867118e-05,2.265867036e-05,2.212511291
3893,0.015625,0.28125,-793.153018,-829.7001062,6,3779,3775,0,0,0,0,0,0,6.219598044e+12,9.955706194,18801.6182,5.318691117e-05,0,0,1,0,1.607820944e-13,0,0.1607820944
3894,0,0.265625,-882.7378085,-950.6193805,6,3779,3499,0,0,0,0,0,0,6.159455855e+12,-20.78660875,18801.6182,5.318691117e-05,0,0,1,0,1.623520037e-13,0,0.1623520037
3895,0.890625,0.890625,407.3773697,94.81660703,6,3543,3780,0,0,0,0,0,0,38.82257775,-307.6353273,38.74258002,5.318691117e-05,0,0,19,7,0.02575820716,0.02575820715,0.7512311594
3896,0.890625,0.921875,414.2199698,414.2199698,6,3780,3759,1,0,0,0,0,1,500.4571723,0,0,0,0,0,275,136,0.001998172981,0.001998172957,6.687612325
3897,0.921875,0.921875,468.5294725,468.5294725,6,3780,3737,1,1,1,0,0,1,21135.73003,-26.78824041,9950.232783,5.318691117e-05,0,104.2937857,18,18,4.731324627e-05,4.731324627e-05,1.440467274
3898,0.921875,0.890625,422.1942324,47.29927102,6,3780,3770,0,0,0,0,0,0,16.23873165,-370.4294196,16.22471855,5.318691117e-05,0,0,11,5,0.06158116421,0.06158116421,0.8705469089
3899,0.15625,0.59375,17.37559057,17.37559057,5,3517,3580,1,1,1,0,0,1,1075.724409,158.4700745,935.7032374,4.061249034e-05,0,78.50390371,21,21,0.0009296061252,0.0009296061252,0.06717840796
3900,0.21875,0.59375,-5.322060102,-66.82292928,5,3580,3527,0,0,0,0,0,0,750.0620224,-69.39079391,712.7577863,6.97780782e-05,0,0,70,34,0.00133322308,0.001333223078,1.962467784
3901,0.21875,0.53125,-7.105823904,-7.105823904,5,3580,3498,1,0,0,0,0,1,76.9234101,0,0,0,0,0,345,167,0.01299994369,0.01299994367,17.80539576
3902,0.15625,0.53125,-123.021757,-123.021757,5,3580,3526,1,1,1,0,0,1,657.0102953,-53.9417386,1718.457406,6.97780782e-05,0,32.11398196,134,134,0.001522046164,0.001522046164,1.009140084
3903,0.21875,0.625,-0.333510521,-106.1685922,5,3527,3628,0,0,0,0,0,0,1448.119753,-28.66874146,1315.220636,6.97780782e-05,0,0,5,3,0.0006905506244,0.0006905506242,0.8097938221
3904,0.1875,0.59375,-53.55449576,-133.4434462,5,3628,3580,0,0,0,0,0,0,1357.564114,-11.20638426,1240.092377,6.97780782e-05,0,0,3,2,0.0007366134604,0.0007366134604,1.667034719
3905,0.15625,0.625,-157.777751,-157.777751,5,3628,3517,1,0,0,0,0,1,1.283147056e+12,0,0,0,0,0,2,0,7.793339002e-13,0,0.7793339002
3906,0.21875,0.71875,-154.2875032,-144.1284646,5,3494,3579,0,0,0,0,0,0,2.265685808e+12,-18.76645706,14331.1484,6.97780782e-05,0,0,1,0,4.413674642e-13,0,0.4413674642
3907,0.21875,0.65625,-51.65150809,-110.2798959,5,3579,3527,0,0,0,0,0,0,1787.59758,-73.41834722,1589.349832,6.97780782e-05,0,0,3,1,0.0005594100213,0.0005594100206,0.5996539457
3908,0.15625,0.65625,-116.4634514,-116.4634514,5,3579,3517,1,0,0,0,0,1,560.9215569,0,0,0,0,0,17,9,0.001782780476,0.001782780475,0.7697121974
3909,0.15625,0.71875,-140.9492761,-107.8700582,5,3579,3521,0,0,0,0,0,0,1.036489059e+13,-9.50966871,14331.14847,6.97780782e-05,0,0,4,0,9.647955193e-14,0,0.09647955193
3910,0.1875,0.65625,-99.88394374,-203.1882559,5,3628,3579,0,0,0,0,0,0,2167.108636,-41.52178061,1882.450699,6.97780782e-05,0,0,3,1,0.0004614443335,0.0004614443326,0.4946406125
3911,0.046875,0.328125,-604.8324344,-604.8324344,6,3573,3776,0,0,0,0,0,0,1e+300,133.8949012,36.74778308,0,0,0,0,0,0,0,0
3912,0.015625,0.328125,-765.7000101,-765.7000101,6,3776,3578,0,0,0,0,0,0,1e+300,0,1e+300,0,0,0,0,0,0,0,0
3913,0.015625,0.359375,-747.3980048,-762.828473,6,3776,3513,0,0,0,0,0,0,2.118359632e+13,-2.858066637e-07,18801.61824,5.318691117e-05,0,0,1,0,4.720633763e-14,0,0.04720633763
3914,0.03125,0.375,-672.6359555,-672.6359555,5,3513,3577,1,0,0,0,0,1,1169.519815,0,0,0,0,0,14,5,0.0008550517804,0.0008550517794,0.5114071345
3915,0.0625,0.40625,-426.3596356,-396.8506996,5,3577,3574,0,0,0,0,0,0,6.767845764,26.28522686,6.764651176,6.97780782e-05,0,0,11,6,0.1477575044,0.1477575044,0.5925599278
3916,0.09375,0.375,-336.0780628,-492.7321328,5,3577,3510,0,0,0,0,0,0,23.63677645,-152.5851651,23.59785583,6.97780782e-05,0,0,26,15,0.04230695341,0.04230695341,0.205117369
3917,0.0625,0.34375,-436.9398835,-436.9398835,5,3577,3573,1,1,1,0,0,1,2569.758647,67.58035395,2394.286491,1.359827087e-05,0,146.4635729,1,1,0.0003891416033,0.0003891416033,0.08069030782
3918,0.046875,0.359375,-586.5304291,-686.6035,6,3776,3577,0,0,0,0,0,0,1870.771232,-90.02730011,1701.473677,5.318691117e-05,0,0,7,3,0.0005345389019,0.0005345389016,0.2515372795
3919,0.015625,0.3125,-774.8510127,-783.9809427,6,3578,3778,0,0,0,0,0,0,9.119860164e+12,-9.874300986e-07,18801.61822,5.318691117e-05,0,0,3,0,1.096508041e-13,0,0.1096508041
3920,0.03125,0.328125,-685.2662222,-685.2662222,6,3778,3776,0,0,0,0,0,0,1e+300,0,1e+300,0,0,0,0,0,0,0,0
3921,0.046875,0.3125,-613.983437,-381.0752402,6,3778,3573,0,0,0,0,0,0,80.83943552,236.6534287,80.49334634,5.318691117e-05,0,0,5,1,0.01237020018,0.01237020018,0.7030107497
3922,0.03125,0.296875,-703.5682275,-525.7819605,6,3778,3775,0,0,0,0,0,0,67.50168197,182.1236678,67.26020398,5.318691117e-05,0,0,6,2,0.01481444567,0.01481444566,0.8736523795
3923,0.984375,0.9375,723.7573294,723.7573294,6,3772,3784,1,0,0,0,0,1,2052.789599,0,0,0,0,0,157,77,0.000487141985,0.0004871419775,2.356518441
3924,0.96875,0.921875,398.8333156,398.8333156,6,3784,3783,1,1,1,0,0,1,4253.046343,-130.3908504,3468.458707,5.318691117e-05,0,126.3148838,73,73,0.0002351255828,0.0002351255828,2.083459563
3925,0.953125,0.9375,560.5560666,234.2342111,6,3784,3737,0,0,0,0,0,0,9.628244298,-369.7143444,9.62331623,5.318691117e-05,0,0,159,79,0.1038610954,0.1038610954,1.16820295
3926,0.96875,0.953125,426.7729788,-155.1132725,6,3784,3782,0,0,0,0,0,0,63.01781714,-607.9933825,62.80730445,5.318691117e-05,0,0,7,3,0.01586852807,0.01586852807,0.1502086321
3927,0.9765625,0.9140625,350.0486772,350.0486772,7,3783,3843,1,0,0,0,0,1,1e+300,0,0,0,0,0,0,0,0,0,0
3928,0.9765625,0.9296875,572.8920718,438.9446926,7,3843,3784,0,0,0,0,0,0,717.2176637,44.3851674,673.2735696,9.100347434e-05,0,0,145,76,0.001394276871,0.001394276853,9.991652223
3929,0.9921875,0.9296875,514.7001625,514.7001625,7,3843,3772,1,0,0,0,0,1,709.4410718,0,0,0,0,0,118,58,0.001409560342,0.001409560318,7.324074351
3930,0.9921875,0.9140625,304.9247922,304.9247922,7,3843,3785,1,0,0,0,0,1,3066.127189,0,0,0,0,0,3,2,0.0003261443307,0.0003261443302,0.1724194135
3931,0.9453125,0.9296875,522.0446407,528.2952467,7,3737,3842,0,0,0,0,0,0,19.09648186,113.6908493,19.06335268,9.100347434e-05,0,0,180,91,0.05236566648,0.05236566646,5.484962819
3932,0.9609375,0.9296875,488.1822072,83.79142654,7,3842,3784,0,0,0,0,0,0,8.408204345,-330.4877441,8.401775509,9.100347434e-05,0,0,232,113,0.1189314578,0.1189314577,10.09435036
3933,0.9609375,0.9140625,369.7639818,369.7639818,7,3842,3783,1,0,0,0,0,1,1e+300,0,0,0,0,0,0,0,0,0,0
3934,0.9375,0.890625,431.7190887,42.37541952,6,3770,3848,0,0,0,0,0,0,9.732484107,-404.4588244,9.727448783,5.318691117e-05,0,0,8,4,0.1027486908,0.1027486908,1.444890461
3935,0.921875,0.90625,423.6508158,227.6745494,6,3848,3780,0,0,0,0,0,0,14.60413487,-242.5339873,14.59279993,5.318691117e-05,0,0,4,3,0.06847375819,0.06847375819,0.9220881507
3936,0.9375,0.921875,394.200435,394.200435,6,3848,3737,1,1,1,0,0,1,88360.4665,-46.70624331,15502.86882,5.318691117e-05,0,246.350657,21,21,1.131727841e-05,1.131727841e-05,0.6440758675
3937,0.953125,0.90625,506.9530068,506.9530068,6,3848,3783,1,0,0,0,0,1,2737.181996,0,0,0,0,0,9,5,0.0003653392436,0.0003653392433,0.2546616229
3938,0.9453125,0.9140625,362.12594,362.12594,7,3842,3848,1,0,0,0,0,1,1e+300,0,0,0,0,0,0,0,0,0,0
3939,0.9765625,0.9765625,200.6746316,200.6746316,7,3782,3825,0,0,0,0,0,0,1e+300,0,1e+300,0,0,0,0,0,0,0,0
3940,0.9765625,0.9921875,282.104293,282.104293,7,3825,3787,1,0,0,0,0,1,1e+300,0,0,0,0,0,38,17,0,0,0
3941,0.9921875,0.9921875,66.89154387,-108.1585849,7,3825,3487,0,0,0,0,0,0,213.7641415,-183.6928077,209.6850791,9.100347434e-05,0,0,38,21,0.004678053077,0.004678053077,0.4177893929
3942,0.984375,0.96875,292.9898911,480.7221629,6,3786,3782,0,0,0,0,0,0,2010.398126,118.6767653,1816.197787,5.318691117e-05,0,0,4,3,0.0004974139138,0.0004974139138,0.1968613809
3943,1,0.953125,477.62041,687.2103776,6,3786,3772,0,0,0,0,0,0,24407188.48,54.27952153,18787.14593,5.318691117e-05,0,0,2,1,4.097153595e-08,4.097153522e-08,0.002868514762
3944,1,0.984375,159.2068033,87.84106454,6,3487,3786,0,0,0,0,0,0,114.2628246,-123.1358875,113.5726113,5.318691117e-05,0,0,1,1,0.008751752842,0.008751752842,0.781604964
3945,0.9921875,0.9765625,226.0983472,141.1638057,7,3825,3786,0,0,0,0,0,0,291.3716059,-145.3473691,283.8452149,9.100347434e-05,0,0,1,1,0.00343204341,0.00343204341,0.3065102745
3946,0.9921875,1,33.71790132,5.323303973,7,3487,3839,0,0,0,0,0,0,20.2539963,-408.2720636,20.21673314,9.100347434e-05,0,0,37,20,0.04937297239,0.04937297238,4.564265096
3947,0.984375,0.9921875,100.6094452,1320.585812,7,3839,3825,0,0,0,0,0,0,28.02671688,831.456222,27.95541579,9.100347434e-05,0,0,37,20,0.03568024054,0.03568024054,2.937058177
3948,0.9765625,1,632.8740611,632.8740611,7,3839,3787,1,1,1,0,0,1,15767.41424,21.90548783,6475.617697,9.100347434e-05,0,121.199169,17,17,6.342194002e-05,6.342194002e-05,1.531103021
3949,0.890625,0.9375,472.6149959,81.87315511,6,3759,3831,0,0,0,0,0,0,18.77160006,-359.6976653,18.75287712,5.318691117e-05,0,0,187,88,0.05327196386,0.05327196385,0.6737493438
3950,0.90625,0.953125,325.9852021,95.02553824,6,3831,3781,0,0,0,0,0,0,13.34845126,-321.8268132,13.33898108,5.318691117e-05,0,0,2,1,0.07491505797,0.07491505797,0.9381044214
3951,0.921875,0.9375,514.2932326,-677.321297,6,3831,3737,0,0,0,0,0,0,1518.227626,-1227.360759,1404.790982,5.318691117e-05,0,0,18,7,0.0006586627609,0.0006586627597,0.4701109782
3952,0.90625,0.921875,424.0260112,424.0260112,6,3831,3780,1,1,1,0,0,1,60458.08042,-144.8433565,34099.91091,4.803443933e-06,0,48.89512393,6,6,1.654038621e-05,1.654038621e-05,0.2617231857
3953,0.9140625,0.9140625,419.6166793,419.6166793,7,3780,3897,0,0,0,0,0,0,1e+300,177.314508,496.2712005,0,0,0,0,0,0,0,0
3954,0.9140625,0.9296875,475.7880087,342.881047,7,3897,3831,0,0,0,0,0,0,186.4935429,-139.2868641,183.3812765,9.100347434e-05,0,0,22,10,0.005362115945,0.005362115942,1.171726042
3955,0.9296875,0.9296875,496.6271271,309.4645862,7,3897,3737,0,0,0,0,0,0,148.702704,-226.9376455,146.7172582,9.100347434e-05,0,0,37,15,0.006724827278,0.006724827269,2.012925351
3956,0.9296875,0.9140625,462.1560396,462.1560396,7,3897,3848,0,0,0,0,0,0,1e+300,16.15698891,134.4368304,0,0,0,0,0,0,0,0
3957,0.9609375,0.9765625,268.1104343,268.1104343,7,3782,3824,0,0,0,0,0,0,1e+300,0,1e+300,0,0,0,0,0,0,0,0
3958,0.9453125,0.9765625,585.2619393,585.2619393,7,3824,3788,0,0,0,0,0,0,1e+300,0,1e+300,0,0,0,0,0,0,0,0
3959,0.9453125,0.9921875,269.1989518,269.1989518,7,3824,3758,0,0,0,0,0,0,1e+300,-43.10260961,28.63287409,0,0,0,9,3,0,0,0
3960,0.9609375,0.9921875,333.4636545,333.4636545,7,3824,3787,1,0,0,0,0,1,1e+300,0,0,0,0,0,25,15,0,0,0
3961,0.9609375,1,501.1034516,501.1034516,7,3787,3841,1,1,1,0,0,1,5165.815433,54.059164,3513.903964,9.100347434e-05,0,176.8949371,15,15,0.0001935802804,0.0001935802804,2.008258745
3962,0.953125,0.9921875,235.4810505,796.7100359,7,3841,3824,0,0,0,0,0,0,2230.162182,429.3428119,1853.90709,9.100347434e-05,0,0,9,3,0.0004483978825,0.0004483978817,0.7822218631
3963,0.9453125,1,236.0253092,49.85546635,7,3841,3758,0,0,0,0,0,0,1276.433546,-293.3365492,1143.593817,9.100347434e-05,0,0,9,3,0.0007834328731,0.0007834328722,1.350368654
3964,0.140625,0.609375,-159.8917219,-159.8917219,6,3517,3899,1,1,1,0,0,1,2766.209277,-119.3735723,2366.807156,6.093562903e-05,0,132.416617,16,16,0.0003615055478,0.0003615055478,0.4144749088
3965,0.171875,0.609375,-263.4263948,-93.28918552,6,3899,3628,0,0,0,0,0,0,1.910862619e+13,-0.6679590439,18801.61824,5.318691117e-05,0,0,1,0,5.233238591e-14,0,0.05233238591
3966,0.171875,0.578125,-80.17572569,-80.17572569,6,3899,3580,0,0,0,0,0,0,1e+300,234.1852539,33865.61143,0,0,0,0,0,0,0,0
3967,0.125,0.53125,-128.2041563,-128.2041563,5,3526,3601,1,0,0,0,0,1,3.697363171,0,0,0,0,0,843,419,0.2704630175,0.2704630174,1.368219246
3968,0.09375,0.5625,-157.9740177,-157.9740177,5,3601,3581,1,1,1,0,0,1,33.33422666,57.97702743,33.25687121,6.97780782e-05,0,57.83598705,171,171,0.02999919602,0.02999919602,13.84184139
3969,0.125,0.59375,-117.7292766,-117.7292766,5,3601,3517,1,0,0,0,0,1,5.687837904,0,0,0,0,0,529,269,0.1758137304,0.1758137304,0.9549835218
3970,0.15625,0.5625,-111.9914347,-111.9914347,5,3601,3580,1,1,1,0,0,1,18786.46763,-90.16910314,14757.87701,1.359827087e-05,0,30.07455099,1,1,5.322980454e-05,5.322980454e-05,0.07128232804
3971,0.140625,0.578125,-116.9999445,-46.52824196,6,3899,3601,0,0,0,0,0,0,301.9579375,6.392391969,297.1850826,5.318691117e-05,0,0,42,20,0.003311719534,0.003311719533,0.2119943706
3972,0.9921875,0.921875,297.8894045,297.8894045,7,3852,3843,1,0,0,0,0,1,1e+300,0,0,0,0,0,0,0,0,0,0
3973,1,0.9140625,458.8409883,380.4072383,7,3852,3785,0,0,0,0,0,0,60962.30004,-36.90188061,9310.375384,9.100347434e-05,0,0,2,1,1.640358056e-05,1.640358055e-05,0.234543154
3974,1,0.9296875,380.5715112,380.5715112,7,3772,3852,1,1,1,0,0,1,1647.380579,-245.7110037,1432.607796,9.100347434e-05,0,185.6127426,19,19,0.000607024274,0.000607024274,1.839268068
3975,0.015625,0.4375,-969.6020467,-15.95719113,6,3576,3802,0,0,0,0,0,0,39.3842836,960.8957693,39.30195668,5.318691117e-05,0,0,56,27,0.0253908389,0.02539083889,0.4357465412
3976,0.03125,0.453125,-484.068278,-484.068278,6,3802,3799,1,1,1,0,0,1,110184.8374,30.18130672,7294.920762,0.0001272519148,0,269.2205482,6,6,9.075658895e-06,9.075658895e-06,0.008546221041
3977,0.046875,0.4375,-560.3832833,-718.954593,6,3802,3574,0,0,0,0,0,0,267.4243056,-166.7551978,263.6739464,5.318691117e-05,0,0,17,8,0.003739375887,0.003739375884,0.1082734783
3978,0.046875,0.421875,-471.4895938,-746.5584718,6,3574,3798,0,0,0,0,0,0,7583.09157,-281.9280659,5403.674849,5.318691117e-05,0,0,5,1,0.0001318723361,0.0001318723352,0.08456126798
3979,0.046875,0.390625,-542.0654552,-483.4982681,6,3798,3577,0,0,0,0,0,0,907.5817413,64.39545179,865.7888416,5.318691117e-05,0,0,7,3,0.00110182913,0.001101829128,0.759235639
3980,0.015625,0.390625,-744.5001672,-744.5001672,6,3798,3513,1,1,1,0,0,1,109989.7661,-260.4604168,217815.8122,1.86304028e-06,0,131.4459539,2,2,9.09175495e-06,9.09175495e-06,0.5612388639
3981,0.015625,0.421875,-880.7083573,420.2817765,6,3798,3576,0,0,0,0,0,0,209.8433316,1309.565748,207.5271381,5.318691117e-05,0,0,41,21,0.004765459986,0.004765459983,0.2032406299
3982,0.03125,0.421875,-676.0989755,-1014.253869,6,3802,3798,0,0,0,0,0,0,122.6012391,-337.2966808,121.8069625,5.318691117e-05,0,0,34,16,0.008156524417,0.008156524412,0.4804565532
3983,0.0234375,0.4609375,-628.0930295,-596.5610892,7,3799,3854,0,0,0,0,0,0,2512619.888,75.11924221,10940.74364,9.100347434e-05,0,0,2,1,3.979909595e-07,3.979908623e-07,0.0009020267808
3984,0.0234375,0.4453125,-787.5625804,-319.1748705,7,3854,3802,0,0,0,0,0,0,14.78125432,523.3377641,14.76139809,9.100347434e-05,0,0,31,14,0.06765325719,0.06765325719,0.8737145322
3985,0.0078125,0.4453125,-992.1719621,-316.479269,7,3854,3576,0,0,0,0,0,0,13.9415527,738.3601482,13.92388705,9.100347434e-05,0,0,37,19,0.07172802209,0.07172802208,0.549077936
3986,0.0078125,0.4609375,-832.7024112,-910.3442896,7,3854,3801,0,0,0,0,0,0,94.05588805,-26.33717554,93.25765729,9.100347434e-05,0,0,15,9,0.01063197659,0.01063197659,0.08226777846
3987,0.90625,0.9296875,482.3953914,448.1745211,7,3831,3952,0,0,0,0,0,0,9033.368136,-11.74114286,4957.75608,9.100347434e-05,0,0,9,6,0.0001107006805,0.0001107006789,2.169070392
3988,0.9140625,0.921875,431.3337751,488.306869,7,3952,3897,0,0,0,0,0,0,19124.48315,42.02843494,6978.733816,9.100347434e-05,0,0,4,3,5.228899481e-05,5.228899469e-05,1.575148606
3989,0.90625,0.9140625,452.9594791,452.9594791,7,3952,3780,0,0,0,0,0,0,1e+300,0,1e+300,0,0,0,0,0,0,0,0
3990,0.875,0.921875,383.3139533,392.3560401,6,3759,3832,0,0,0,0,0,0,535.1439328,10.90344386,520.3338511,5.318691117e-05,0,0,203,104,0.001868656148,0.001868656131,1.177573792
3991,0.890625,0.90625,407.5258418,458.6856385,6,3832,3780,0,0,0,0,0,0,146.2307189,50.3498005,145.102178,5.318691117e-05,0,0,12,5,0.006838508403,0.006838508401,0.8274136554
3992,0.875,0.890625,370.3063678,357.8226058,6,3832,3543,0,0,0,0,0,0,33.64425406,-11.86218313,33.58415743,5.318691117e-05,0,0,26,12,0.02972275736,0.02972275735,1.829779309
3993,0.78125,0.875,317.6268676,327.3742769,5,3557,3740,0,0,0,0,0,0,138.6373496,9.871714432,137.3090428,6.97780782e-05,0,0,85,41,0.007213063455,0.007213063446,1.400235473
3994,0.8125,0.90625,370.2352649,471.129958,5,3740,3736,0,0,0,0,0,0,6721.053156,99.95162645,4575.312949,6.97780782e-05,0,0,14,5,0.0001487862061,0.0001487862054,0.09426660859
3995,0.84375,0.875,348.4106725,353.2237885,5,3740,3543,0,0,0,0,0,0,27.43645302,4.855677516,27.38402731,6.97780782e-05,0,0,437,225,0.03644786006,0.03644785998,3.996892214
3996,0.78125,0.78125,303.1094225,298.1563333,5,3495,3735,0,0,0,0,0,0,4.511958853,-5.259711087,4.510538774,6.97780782e-05,0,0,1424,717,0.2216332268,0.2216332267,7.563505094
3997,0.78125,0.84375,312.7877192,287.0177427,5,3735,3557,0,0,0,0,0,0,279.7986584,-25.78931376,274.4405329,6.97780782e-05,0,0,152,79,0.003573998552,0.003573998537,1.447951993
3998,0.84375,0.84375,343.5715242,340.6984094,5,3735,3543,0,0,0,0,0,0,20.75788012,-2.974195521,20.72785696,6.97780782e-05,0,0,878,433,0.04817447611,0.04817447601,4.394797824
3999,0.84375,0.78125,326.5932735,325.7159429,5,3735,3562,0,0,0,0,0,0,4.272263638,-0.9187168541,4.270990412,6.97780782e-05,0,0,1806,896,0.234067952,0.2340679517,10.1164099
4000,0.8125,0.84375,328.1796217,320.2877922,5,3740,3735,0,0,0,0,0,0,46.48821121,-7.952038462,46.33789764,6.97780782e-05,0,0,504,255,0.02151082982,0.02151082974,5.121329397
4001,0.859375,0.890625,374.7148712,371.1236141,6,3543,3811,0,0,0,0,0,0,149.3821855,-4.082381403,148.2046732,5.318691117e-05,0,0,27,17,0.006694238651,0.00669423865,0.5830685127
4002,0.828125,0.890625,359.3229687,393.8022291,6,3811,3740,0,0,0,0,0,0,170.1665084,34.02900781,168.6402081,5.318691117e-05,0,0,22,14,0.005876597044,0.00587659704,1.498895473
4003,0.828125,0.921875,396.5394636,383.0718441,6,3811,3736,0,0,0,0,0,0,96.35541598,-14.94437194,95.86412701,5.318691117e-05,0,0,373,182,0.01037824382,0.01037824371,29.64792518
4004,0.859375,0.921875,387.7224568,378.2800731,6,3811,3759,0,0,0,0,0,0,87.83885407,-8.693729701,87.43039001,5.318691117e-05,0,0,482,236,0.01138448367,0.01138448357,31.0059543
4005,0.859375,0.90625,381.218664,392.1475162,6,3832,3811,0,0,0,0,0,0,33.3585099,11.05761701,33.29942886,5.318691117e-05,0,0,132,65,0.02997735819,0.02997735815,2.406667121
4006,0.8984375,0.9140625,426.1355788,426.1355788,7,3780,3896,0,0,0,0,0,0,1e+300,-181.9988427,14683.04582,0,0,0,0,0,0,0,0
4007,0.8828125,0.9140625,395.4198975,473.041048,7,3896,3832,0,0,0,0,0,0,1782.025079,78.14683092,1533.359451,9.100347434e-05,0,0,85,46,0.0005611593302,0.0005611593221,2.358341645
4008,0.8828125,0.9296875,401.9236903,334.8123108,7,3896,3759,0,0,0,0,0,0,233.5738173,-65.96580994,228.712302,9.100347434e-05,0,0,270,133,0.004281301781,0.004281301717,19.81241169
4009,0.8984375,0.9296875,455.571491,498.7855988,7,3896,3831,0,0,0,0,0,0,1306.594424,43.77315749,1167.744226,9.100347434e-05,0,0,190,90,0.0007653484368,0.0007653484228,4.402026986
4010,0.8984375,0.921875,440.8535349,483.1485759,7,3952,3896,0,0,0,0,0,0,31860.04757,64.02561162,8170.552305,9.100347434e-05,0,0,5,3,3.138727266e-05,3.138727119e-05,0.7037693398
4011,0.96875,0.9296875,562.1809987,507.2546552,7,3784,3924,0,0,0,0,0,0,330.9912626,6.027037976,321.3128832,9.100347434e-05,0,0,146,73,0.003021227788,0.003021227743,15.19186219
4012,0.9765625,0.921875,351.5009628,334.1469909,7,3924,3843,0,0,0,0,0,0,1271.781309,41.98317736,1139.858102,9.100347434e-05,0,0,70,38,0.0007862987076,0.000786298701,4.206248345
4013,0.96875,0.9140625,530.6820146,530.6820146,7,3924,3783,0,0,0,0,0,0,1e+300,0,1e+300,0,0,0,0,0,0,0,0
4014,0.9609375,0.921875,385.9808924,283.9297636,7,3924,3842,0,0,0,0,0,0,549.8878308,-27.9536954,523.6818968,9.100347434e-05,0,0,76,35,0.001818552701,0.001818552684,5.791761952
4015,0.95703125,0.91796875,297.8808392,297.8808392,8,3842,3933,0,0,0,0,0,0,1e+300,0,1e+300,0,0,0,0,0,0,0,0
4016,0.96484375,0.91796875,458.3314535,458.3314535,8,3933,3924,0,0,0,0,0,0,1e+300,0,1e+300,0,0,0,0,0,0,0,0
4017,0.96484375,0.91015625,442.5819615,442.5819615,8,3933,3783,0,0,0,0,0,0,1e+300,0,1e+300,0,0,0,0,0,0,0,0
4018,0.9453125,0.90625,503.3724874,501.6011626,7,3848,3937,0,0,0,0,0,0,33420.39773,-1.532116515,8269.56667,9.100347434e-05,0,0,4,2,2.992184617e-05,2.992184573e-05,0.2093169439
4019,0.953125,0.9140625,366.3780553,366.3780553,7,3937,3842,0,0,0,0,0,0,1e+300,0,1e+300,0,0,0,0,0,0,0,0
4020,0.9609375,0.90625,511.0791775,445.8395176,7,3937,3783,0,0,0,0,0,0,277.7153437,-64.93213959,270.8696387,9.100347434e-05,0,0,5,3,0.003600809328,0.003600809328,1.325965262
4021,0.953125,0.828125,383.2012704,396.0778106,6,3738,3791,0,0,0,0,0,0,38.98222336,12.90193386,38.90156703,5.318691117e-05,0,0,194,100,0.02565271844,0.0256527184,3.933440274
4022,0.953125,0.859375,395.957774,397.2720656,6,3791,3770,0,0,0,0,0,0,42.41022387,1.551589329,42.31477575,5.318691117e-05,0,0,389,196,0.02357922003,0.02357921994,5.571984516
4023,0.984375,0.859375,410.9963965,410.9963965,6,3791,3564,1,0,0,0,0,1,285.2498292,0,0,0,0,0,229,119,0.003505698856,0.003505698826,16.51171053
4024,0.984375,0.828125,395.8848782,413.04181,6,3791,3771,0,0,0,0,0,0,305.7059841,16.45704087,300.8148676,5.318691117e-05,0,0,27,13,0.003271116864,0.00327111686,0.7941897406
4025,0.984375,0.875,428.3756379,428.3756379,6,3564,3845,1,1,1,0,0,1,1132233.125,234.5759697,411937.2502,1.86304028e-06,0,79.24309845,10,10,8.832103374e-07,8.832103374e-07,0.03875010103
4026,0.96875,0.859375,403.6644642,416.0432093,6,3845,3791,0,0,0,0,0,0,111.8409132,12.68435492,111.1795646,5.318691117e-05,0,0,357,178,0.008941271768,0.008941271672,25.80522262
4027,0.953125,0.875,402.3360258,426.6313729,6,3845,3770,0,0,0,0,0,0,235.4890345,24.63859687,232.5760349,5.318691117e-05,0,0,215,105,0.004246482229,0.004246482188,9.644289544
4028,0.96875,0.890625,462.4876193,460.3305551,6,3845,3783,0,0,0,0,0,0,599.7909969,-1.780445117,581.2485686,5.318691117e-05,0,0,6,4,0.001667247433,0.001667247433,0.4233536887
4029,0.9609375,0.8984375,484.8567259,439.3037466,7,3783,3849,0,0,0,0,0,0,322.1497506,-45.2279876,312.9743606,9.100347434e-05,0,0,7,4,0.003104146436,0.003104146435,1.063881072
4030,0.9609375,0.8828125,432.4118225,458.9315757,7,3849,3845,0,0,0,0,0,0,5899.855766,26.87968761,3838.784217,9.100347434e-05,0,0,2,1,0.000169495669,0.0001694956689,0.03515498058
4031,0.9453125,0.8828125,424.7051324,583.0707307,7,3849,3770,0,0,0,0,0,0,3382.950569,158.6572208,2586.629998,9.100347434e-05,0,0,4,1,0.0002955999444,0.0002955999431,0.1424756845
4032,0.9453125,0.8984375,477.1500357,370.8823011,7,3849,3848,0,0,0,0,0,0,1025.81151,-106.011055,938.2258636,9.100347434e-05,0,0,8,3,0.0009748379598,0.0009748379589,0.513400477
4033,0.953125,0.8984375,481.0033808,400.0039279,7,3937,3849,0,0,0,0,0,0,261.3125976,-80.70861724,255.2428326,9.100347434e-05,0,0,9,5,0.003826834256,0.003826834253,1.455699292
4034,0.95703125,0.91015625,438.7286164,438.7286164,8,3933,3937,0,0,0,0,0,0,1e+300,0,1e+300,0,0,0,0,0,0,0,0
4035,0.9375,0.9140625,525.741594,525.741594,7,3848,3936,0,0,0,0,0,0,1e+300,0,1e+300,0,0,0,0,0,0,0,0
4036,0.9296875,0.921875,473.4770803,401.8151025,7,3936,3897,0,0,0,0,0,0,16884.74875,-29.54985932,6656.525713,9.100347434e-05,0,0,19,8,5.922504472e-05,5.92250394e-05,2.869209919
4037,0.9375,0.9296875,578.1864973,474.8657902,7,3936,3737,0,0,0,0,0,0,4810.647233,-24.37072208,3345.872426,9.100347434e-05,0,0,43,21,0.0002078722366,0.0002078722265,3.838536865
4038,0.9453125,0.921875,388.7471619,275.4728728,7,3936,3842,0,0,0,0,0,0,6113.008334,-34.09425465,3927.898674,9.100347434e-05,0,0,24,13,0.0001635855777,0.0001635855711,2.129321045
4039,0.140625,0.5625,-112.326004,-132.694117,6,3601,3970,0,0,0,0,0,0,1467.865072,-15.36945668,1361.565971,5.318691117e-05,0,0,4,1,0.0006812615266,0.0006812615256,0.9860037045
4040,0.15625,0.578125,-20.6698408,-45.24494386,6,3970,3899,0,0,0,0,0,0,2013.655679,2.096758149,1818.855976,5.318691117e-05,0,0,3,1,0.0004966092318,0.0004966092308,0.7187526719
4041,0.171875,0.5625,-75.87917258,-78.29149289,6,3970,3580,0,0,0,0,0,0,1.411697933e+12,-1.333955388,18801.618,5.318691117e-05,0,0,2,0,7.083668374e-13,0,0.7083668374
4042,0.15625,0.5,-93.07548534,-93.07548534,5,3526,3602,1,0,0,0,0,1,256.963885,0,0,0,0,0,4,3,0.003891597451,0.003891597451,0.5179574563
4043,0.1875,0.53125,-47.4719347,-47.4719347,5,3602,3580,1,0,0,0,0,1,1e+300,0,0,0,0,0,0,0,0,0,0
4044,0.21875,0.5,-12.34326375,-12.34326375,5,3602,3498,1,0,0,0,0,1,99.77998084,0,0,0,0,0,341,171,0.01002205043,0.01002205042,7.947514855
4045,0.15625,0.40625,-124.1316833,-174.336065,5,3510,3575,0,0,0,0,0,0,1.785806731,-50.92049672,1.785584229,6.97780782e-05,0,0,856,419,0.5599710107,0.5599710105,3.322051177
4046,0.15625,0.46875,-103.1910435,-103.1910435,5,3575,3526,1,0,0,0,0,1,171.0371044,0,0,0,0,0,280,145,0.005846684576,0.005846684573,0.0224684379
4047,0.21875,0.46875,-22.45882196,-22.45882196,5,3575,3498,1,0,0,0,0,1,15.99695979,0,0,0,0,0,1281,639,0.06251187808,0.06251187801,9.750831624
4048,0.21875,0.40625,-30.85059598,-46.64213907,5,3575,3529,0,0,0,0,0,0,3.791063539,-16.00134221,3.790060942,6.97780782e-05,0,0,1769,876,0.2637782221,0.2637782219,4.521915529
4049,0.1875,0.46875,-59.22961032,-7.086938662,5,3602,3575,0,0,0,0,0,0,615.7349454,55.73749951,590.3698233,6.97780782e-05,0,0,25,15,0.001624075436,0.001624075436,0.3077288735
4050,0.171875,0.546875,-72.71573075,-84.26961245,6,3580,3902,0,0,0,0,0,0,3.69140431e+12,-1.653915224,18801.61816,5.318691117e-05,0,0,2,0,2.708996132e-13,0,0.2708996132
4051,0.171875,0.515625,60.67504743,60.67504743,6,3902,3602,1,1,1,0,0,1,3504.272527,147.7498168,3508.597342,1.86304028e-06,0,119.643507,2,2,0.0002853659332,0.0002853659332,0.06282697401
4052,0.140625,0.515625,-128.2316766,-128.2316766,6,3902,3526,1,0,0,0,0,1,293.7666516,0,0,0,0,0,224,111,0.003404062356,0.003404062353,1.680949216
4053,0.140625,0.546875,-109.1625622,-136.7102291,6,3902,3601,0,0,0,0,0,0,1297.296169,-13.72740905,1213.56143,5.318691117e-05,0,0,35,23,0.0007708340039,0.0007708340036,0.6939278466
4054,0.15625,0.546875,-90.93914646,-127.3282965,6,3970,3902,0,0,0,0,0,0,7.163056131e+11,-9.92440829,18801.61776,5.318691117e-05,0,0,3,0,1.396052162e-12,0,1.396052162
4055,0.0234375,0.4765625,-474.9263594,-480.7115671,7,3799,3855,0,0,0,0,0,0,116864.4077,-1.534713734,10044.15414,9.100347434e-05,0,0,5,2,8.55692524e-06,8.556923197e-06,0.632194696
4056,0.0078125,0.4765625,-664.846235,-667.3750917,7,3855,3801,0,0,0,0,0,0,21021.23565,24.12854426,7216.339207,9.100347434e-05,0,0,10,5,4.757094287e-05,4.757093941e-05,1.966612597
4057,0.0078125,0.4921875,-521.0987016,-599.2103304,7,3855,3489,0,0,0,0,0,0,20806.99153,-78.53899768,7190.921121,9.100347434e-05,0,0,11,4,4.806076836e-05,4.806076688e-05,0.9880197837
4058,0.046875,0.546875,-375.3722217,-375.3722217,6,3581,3858,1,0,0,0,0,1,92.71071977,0,0,0,0,0,178,85,0.0107862392,0.01078623917,15.81043355
4059,0.046875,0.515625,-387.4898569,-362.4705087,6,3858,3600,0,0,0,0,0,0,7.69886295,18.15396954,7.69571172,5.318691117e-05,0,0,124,63,0.1298893105,0.1298893105,1.220638721
4060,0.015625,0.515625,-804.0962911,-804.0962911,6,3858,3489,1,1,1,0,0,1,191.8805385,-344.6731139,189.9420764,5.318691117e-05,0,146.324302,281,281,0.005211575953,0.005211575953,0.9024213753
4061,0,0.59375,-292.8100549,-292.8100549,5,3522,3585,1,1,1,0,0,1,20.83069202,292.1294672,573.749851,6.97780782e-05,0,109.9189102,399,399,0.04800608636,0.04800608636,0.982681915
4062,0.03125,0.5625,-437.8164109,-437.8164109,5,3585,3581,1,1,1,0,0,1,53.14309866,-80.53372978,314.2063876,6.97780782e-05,0,98.62217587,311,311,0.01881711878,0.01881711878,0.1848198715
4063,0,0.53125,-783.1667368,-783.1667368,5,3585,3489,1,1,1,0,0,1,297.1400355,-356.4388143,291.1043099,6.97780782e-05,0,221.0289139,421,421,0.003365416573,0.003365416573,1.393238991
4064,0.015625,0.546875,-619.7115122,-619.7115122,6,3858,3585,1,1,1,0,0,1,948.5643653,-194.4535793,1019.73933,5.318691117e-05,0,144.5886247,148,148,0.001054224717,0.001054224717,15.39289509
4065,0.015625,0.5,-586.3494045,-586.3494045,6,3489,3860,1,1,1,0,0,1,26862.90084,-143.9578605,11060.35937,5.318691117e-05,0,188.1573891,16,16,3.722606155e-05,3.722606155e-05,0.8621826162
4066,0.03125,0.515625,-440.7760094,-450.3485374,6,3860,3858,0,0,0,0,0,0,28.6951111,-23.17357788,28.65138323,5.318691117e-05,0,0,96,51,0.03484914195,0.03484914194,1.050168542
4067,0.046875,0.5,-384.326415,-360.8364549,6,3860,3600,0,0,0,0,0,0,43.68700206,5.362631541,43.58572728,5.318691117e-05,0,0,68,37,0.02289010353,0.02289010351,1.108146281
4068,0.03125,0.484375,-444.726378,-394.6483596,6,3860,3799,0,0,0,0,0,0,4.193735067e+12,23.15720993,18801.61817,5.318691117e-05,0,0,4,0,2.384509236e-13,0,0.2384509236
4069,0.0234375,0.4921875,-467.812549,-456.9528553,7,3855,3860,0,0,0,0,0,0,17634318.25,17.16799621,10981.74832,9.100347434e-05,0,0,5,1,5.670760764e-08,5.670730148e-08,0.0007172820883
4070,0.0234375,0.2890625,-753.4195903,-834.3728999,7,3775,3891,0,0,0,0,0,0,1970.763143,-81.37879192,1671.064008,9.100347434e-05,0,0,1,1,0.0005074176486,0.0005074176486,0.5246061531
4071,0.0078125,0.2890625,-924.3420714,-898.4724219,7,3891,3779,0,0,0,0,0,0,29934.68304,-20.77895281,8037.968765,9.100347434e-05,0,0,19,12,3.340606609e-05,3.34060639e-05,3.435005029
4072,0.0078125,0.3046875,-823.4638779,-882.7259607,7,3891,3578,0,0,0,0,0,0,21187.21578,-53.65653929,7235.798515,9.100347434e-05,0,0,22,12,4.719827325e-05,4.719826947e-05,4.136487366
4073,0.0234375,0.3046875,-743.1424582,-846.1442286,7,3891,3778,0,0,0,0,0,0,3190.002885,-100.2009436,2472.292923,9.100347434e-05,0,0,4,1,0.0003134793403,0.0003134793402,0.3240982872
4074,0.96875,0.9921875,153.5197906,153.5197906,7,3787,3840,0,0,0,0,0,0,1e+300,0,1e+300,0,0,0,0,0,0,0,0
4075,0.9765625,0.984375,177.0917946,177.0917946,7,3840,3825,0,0,0,0,0,0,1e+300,0,1e+300,0,0,0,0,0,0,0,0
4076,0.96875,0.9765625,252.6429132,252.6429132,7,3840,3782,0,0,0,0,0,0,1e+300,0,1e+300,0,0,0,0,0,0,0,0
4077,0.9609375,0.984375,229.0709092,229.0709092,7,3840,3824,0,0,0,0,0,0,1e+300,0,1e+300,0,0,0,0,0,0,0,0
4078,0.98046875,0.98828125,139.3162353,139.3162353,8,3825,3940,0,0,0,0,0,0,1e+300,0,1e+300,0,0,0,0,0,0,0,0
4079,0.97265625,0.98828125,165.3057926,165.3057926,8,3940,3840,0,0,0,0,0,0,1e+300,0,1e+300,0,0,0,0,0,0,0,0
4080,0.97265625,0.99609375,115.7442313,115.7442313,8,3940,3787,0,0,0,0,0,0,1e+300,602.9518442,3267.145774,0,0,0,15,8,0,0,0
4081,0.98046875,0.99609375,546.0118705,546.0118705,8,3940,3839,0,0,0,0,0,0,1e+300,499.3735084,550.4399747,0,0,0,23,9,0,0,0
4082,0.98046875,1,749.3596881,795.4347201,8,3839,3948,0,0,0,0,0,0,80963.7811,65.4027114,5918.524133,0.0001566098394,0,0,23,9,1.235120181e-05,1.235119959e-05,1.81178011
4083,0.9765625,0.99609375,330.8780509,767.2189945,8,3948,3940,0,0,0,0,0,0,737.0799382,309.7301443,660.8010492,0.0001566098394,0,0,38,17,0.001356704949,0.001356704941,3.234788425
4084,0.97265625,1,319.0920489,355.4523114,8,3948,3787,0,0,0,0,0,0,795.7040985,-167.5545251,707.5346088,0.0001566098394,0,0,15,8,0.001256748585,0.001256748583,2.355351633
4085,0.078125,0.453125,-299.0955412,-308.2945766,6,3574,3800,0,0,0,0,0,0,3.548469467,-20.02844719,3.547799883,5.318691117e-05,0,0,62,30,0.28181164,0.28181164,2.864171268
4086,0.078125,0.484375,-284.8679204,-233.6366749,6,3800,3600,0,0,0,0,0,0,191.8665716,44.51745087,189.9283921,5.318691117e-05,0,0,14,7,0.005211955329,0.005211955324,2.727145416
4087,0.109375,0.484375,-178.2956153,-213.7782302,6,3800,3526,0,0,0,0,0,0,264.3121688,-28.72506685,260.6479929,5.318691117e-05,0,0,51,25,0.003783405072,0.003783405068,2.352062583
4088,0.125,0.46875,-143.5571543,-143.5571543,5,3526,3603,1,0,0,0,0,1,9.896728347,0,0,0,0,0,427,211,0.1010434929,0.1010434928,0.557868693
4089,0.15625,0.4375,-109.9040625,-86.36056682,5,3603,3575,0,0,0,0,0,0,2.856989341,26.94299785,2.856419899,6.97780782e-05,0,0,186,90,0.3500188067,0.3500188067,1.185688101
4090,0.125,0.40625,-160.5785148,-149.7447266,5,3603,3510,0,0,0,0,0,0,4.890266473,14.03796453,4.88859832,6.97780782e-05,0,0,202,100,0.2044878343,0.2044878343,1.230043535
4091,0.09375,0.4375,-252.923199,-244.6935784,5,3603,3574,0,0,0,0,0,0,5.542197996,2.078071645,5.540055524,6.97780782e-05,0,0,108,55,0.180433828,0.180433828,2.131763306
4092,0.109375,0.453125,-192.5232361,-184.1271727,6,3800,3603,0,0,0,0,0,0,2.38804544,11.03799426,2.387742166,5.318691117e-05,0,0,160,74,0.4187525008,0.4187525008,3.06270963
4093,0.0625,0.484375,-338.1540729,-771.9629895,6,3600,3863,0,0,0,0,0,0,842223.6051,-58.28018757,18391.06019,5.318691117e-05,0,0,1,1,1.187333143e-06,1.187333143e-06,0.00783831124
4094,0.078125,0.46875,-291.9817308,-350.4432289,6,3863,3800,0,0,0,0,0,0,1671.794352,321.7450936,1535.280894,5.318691117e-05,0,0,3,1,0.0005981596952,0.0005981596942,0.8566901365
4095,0.0625,0.453125,-352.3816937,-1546.145453,6,3863,3574,0,0,0,0,0,0,6066.864741,-822.3506473,4586.804707,5.318691117e-05,0,0,9,3,0.0001648297832,0.0001648297821,0.004841768094
4096,0.046875,0.46875,-318.3351325,-318.3351325,6,3863,3799,1,1,1,0,0,1,2335.542381,350.1665472,1996.606585,5.909397886e-05,0,214.3536294,9,9,0.0004281660689,0.0004281660689,1.502014834
4097,0.94921875,0.91796875,294.0274942,294.0274942,8,3842,3938,0,0,0,0,0,0,1e+300,0,1e+300,0,0,0,0,0,0,0,0
4098,0.94921875,0.91015625,434.8752713,434.8752713,8,3938,3937,0,0,0,0,0,0,1e+300,0,1e+300,0,0,0,0,0,0,0,0
4099,0.94140625,0.91015625,431.0219263,431.0219263,8,3938,3848,0,0,0,0,0,0,1e+300,0,1e+300,0,0,0,0,0,0,0,0
4100,0.94140625,0.91796875,234.0726968,234.0726968,8,3938,3936,0,0,0,0,0,0,1e+300,0,1e+300,0,0,0,0,0,0,0,0
4101,0.97265625,0.91015625,425.3419967,425.3419967,8,3783,3927,0,0,0,0,0,0,1e+300,0,1e+300,0,0,0,0,0,0,0,0
4102,0.97265625,0.91796875,441.0914887,441.0914887,8,3927,3924,0,0,0,0,0,0,1e+300,0,1e+300,0,0,0,0,0,0,0,0
4103,0.98046875,0.91796875,246.1609449,246.1609449,8,3927,3843,0,0,0,0,0,0,1e+300,0,1e+300,0,0,0,0,0,0,0,0
4104,0.9765625,0.8984375,492.563416,455.3929336,7,3783,3844,0,0,0,0,0,0,383.9626483,-36.77717873,370.9992177,9.100347434e-05,0,0,6,4,0.002604419999,0.002604419998,1.454678203
4105,0.9921875,0.8984375,446.9784744,354.0238624,7,3844,3785,0,0,0,0,0,0,4294.345128,-93.02361431,3087.679119,9.100347434e-05,0,0,4,1,0.0002328643764,0.0002328643757,0.0708336437
4106,0.9921875,0.8828125,447.8252028,447.8252028,7,3844,3564,0,0,0,0,0,0,1e+300,-123.7004227,135080.6955,0,0,0,0,0,0,0,0
4107,0.9765625,0.8828125,440.1185127,576.7623403,7,3844,3845,0,0,0,0,0,0,6188.163077,137.072074,3958.791853,9.100347434e-05,0,0,6,4,0.000161598844,0.0001615988427,0.08468625245
4108,0.9921875,0.90625,446.5551102,408.6349653,7,3785,3850,0,0,0,0,0,0,664.726992,-38.27192753,626.8097261,9.100347434e-05,0,0,5,2,0.001504377003,0.001504377002,0.4636952481
4109,0.984375,0.8984375,469.7709452,542.3446741,7,3850,3844,0,0,0,0,0,0,1851.750969,72.73587955,1584.703445,9.100347434e-05,0,0,6,2,0.000540029419,0.0005400294179,0.1666882298
4110,0.9765625,0.90625,492.1400518,477.4132032,7,3850,3783,0,0,0,0,0,0,18428.35495,-14.6163253,6883.843784,9.100347434e-05,0,0,2,1,5.426420333e-05,5.426420234e-05,0.0235963908
4111,0.984375,0.9140625,312.959,312.959,7,3850,3843,0,0,0,0,0,0,1e+300,-1.147086181,7394.682462,0,0,0,0,0,0,0,0
4112,0.98046875,0.91015625,402.5495259,402.5495259,8,3927,3850,0,0,0,0,0,0,1e+300,0,1e+300,0,0,0,0,0,0,0,0
4113,0.9375,0.609375,261.4726458,182.9426741,6,3767,3869,0,0,0,0,0,0,1666.34328,-18.70562035,1530.682486,5.318691117e-05,0,0,16,11,0.0006001164416,0.0006001164405,4.029095071
4114,0.953125,0.59375,197.9024259,226.6468264,6,3869,3805,0,0,0,0,0,0,2412.752493,54.18992174,2138.345363,5.318691117e-05,0,0,12,5,0.000414464394,0.0004144643901,3.031750468
4115,0.9375,0.578125,279.6164813,224.3929015,6,3869,3732,0,0,0,0,0,0,1278.518377,0.05175784543,1197.114088,5.318691117e-05,0,0,33,16,0.000782155359,0.0007821553494,7.705659006
4116,0.890625,0.609375,244.1763472,258.1142978,6,3544,3804,0,0,0,0,0,0,689.3741195,11.76967522,664.9917449,5.318691117e-05,0,0,72,28,0.001450591155,0.001450591138,6.311839876
4117,0.921875,0.609375,255.707213,269.6727845,6,3804,3767,0,0,0,0,0,0,1632.487167,10.59941637,1502.067249,5.318691117e-05,0,0,53,25,0.0006125622427,0.0006125622338,3.683410842
4118,0.921875,0.578125,273.8510484,260.7895301,6,3804,3732,0,0,0,0,0,0,567.8723218,-20.97668734,551.2235115,5.318691117e-05,0,0,116,57,0.001760959218,0.001760959207,7.962597305
4119,0.84375,0.59375,212.847494,214.5131126,5,3544,3733,0,0,0,0,0,0,6.1632179,1.916477989,6.160568501,6.97780782e-05,0,0,285,140,0.1622529036,0.1622529036,3.221591938
4120,0.84375,0.53125,288.9614255,288.9614255,5,3733,3552,1,1,1,0,0,1,3731.722869,209.1062926,2960.762614,6.97780782e-05,0,54.22102778,19,19,0.0002679727394,0.0002679727394,2.375879677
4121,0.78125,0.53125,180.521895,180.521895,5,3733,3506,1,0,0,0,0,1,14.2661764,0,0,0,0,0,1207,604,0.07009586674,0.07009586669,4.764281285
4122,0.78125,0.59375,214.3743378,202.2481908,5,3733,3555,0,0,0,0,0,0,3.221920855,-12.03399935,3.221196667,6.97780782e-05,0,0,2543,1265,0.3103738562,0.3103738559,26.41028769
4123,0.875,0.53125,223.2688902,223.2688902,5,3552,3753,1,1,1,0,0,1,1669.40892,141.5573999,1652.548979,3.488409464e-05,0,106.3292165,9,9,0.0005990144104,0.0005990144104,1.892305855
4124,0.84375,0.5625,167.4530642,171.6086417,5,3753,3733,0,0,0,0,0,0,1057.053442,-5.540933066,984.4418413,6.97780782e-05,0,0,37,20,0.0009460259622,0.00094602596,2.685797059
4125,0.875,0.59375,183.9445669,189.7335187,5,3753,3544,0,0,0,0,0,0,417.6568,-3.453246625,405.829591,6.97780782e-05,0,0,61,28,0.002394310352,0.002394310346,7.175172817
4126,0.90625,0.5625,213.6192681,165.6210101,5,3753,3732,0,0,0,0,0,0,725.2705633,-62.98735001,690.3341426,6.97780782e-05,0,0,121,61,0.001378795791,0.001378795783,4.185925989
4127,0.890625,0.578125,198.7819175,181.2547629,6,3804,3753,0,0,0,0,0,0,273.8718208,-29.64279977,269.9397711,5.318691117e-05,0,0,124,56,0.003651343162,0.003651343137,16.07058379
4128,0.921875,0.59375,264.7791307,247.4819267,6,3869,3804,0,0,0,0,0,0,1105.616082,40.85158045,1044.211926,5.318691117e-05,0,0,37,22,0.0009044730957,0.0009044730903,8.012140338
4129,0.95703125,0.98828125,217.2849072,217.2849072,8,3824,3960,0,0,0,0,0,0,1e+300,0,1e+300,0,0,0,0,0,0,0,0
4130,0.95703125,0.99609375,689.754674,689.754674,8,3960,3841,0,0,0,0,0,0,1e+300,552.9630104,417.1007333,0,0,0,8,5,0,0,0
4131,0.96484375,0.99609375,141.7337886,141.7337886,8,3960,3787,0,0,0,0,0,0,1e+300,675.775565,2845.562952,0,0,0,17,10,0,0,0
4132,0.96484375,0.98828125,191.2953499,191.2953499,8,3960,3840,0,0,0,0,0,0,1e+300,0,1e+300,0,0,0,0,0,0,0,0
4133,0.96484375,1,377.968672,310.9378961,8,3787,3961,0,0,0,0,0,0,780.0719751,-146.184289,695.147881,0.0001566098394,0,0,17,10,0.001281932991,0.001281932988,0.6011328426
4134,0.9609375,0.99609375,415.7442313,602.7103645,8,3961,3960,0,0,0,0,0,0,561.2804256,185.4266585,515.929198,0.0001566098394,0,0,25,15,0.00178164061,0.001781640608,0.8035994815
4135,0.95703125,1,925.9895573,523.0698947,8,3961,3841,0,0,0,0,0,0,311369.699,32.04391797,6256.982178,0.0001566098394,0,0,8,5,3.211616298e-06,3.211615038e-06,1.481981051
4136,0.125,0.28125,-209.9758802,-210.0567037,5,3514,3597,0,0,0,0,0,0,1.903637707,-0.2133467016,1.903384877,6.97780782e-05,0,0,747,378,0.5253100399,0.5253100397,2.919971802
4137,0.09375,0.3125,-367.7264874,-219.5782342,5,3597,3573,0,0,0,0,0,0,1625.746591,146.6532668,1460.109607,6.97780782e-05,0,0,6,2,0.0006151020124,0.0006151020123,0.01066525802
4138,0.125,0.34375,-186.5293838,-97.75481867,5,3597,3510,0,0,0,0,0,0,11.70288092,88.12276355,11.69333209,6.97780782e-05,0,0,229,114,0.08544904512,0.08544904509,0.3832557181
4139,0.21875,0.28125,-39.24224257,-28.8786732,5,3493,3572,0,0,0,0,0,0,0.3500554023,10.19840563,0.350046852,6.97780782e-05,0,0,3633,1805,2.856690665,2.856690664,9.99990105
4140,0.15625,0.28125,-153.0646677,-126.0493034,5,3572,3514,0,0,0,0,0,0,1.323528488,26.87196089,1.323406267,6.97780782e-05,0,0,2397,1198,0.7555560828,0.7555560824,9.914263737
4141,0.15625,0.34375,-129.6181712,-135.5574175,5,3572,3510,0,0,0,0,0,0,0.4215016634,-6.601928052,0.4214892667,6.97780782e-05,0,0,1858,944,2.372469878,2.372469878,9.152601461
4142,0.21875,0.34375,-36.33708388,-32.90107934,5,3572,3529,0,0,0,0,0,0,0.5117651385,3.279638698,0.511746864,6.97780782e-05,0,0,3618,1820,1.954021337,1.954021336,8.900990821
4143,0.15625,0.3125,-141.3414194,-90.08869764,5,3597,3572,0,0,0,0,0,0,1.299406048,50.84967925,1.299288242,6.97780782e-05,0,0,958,483,0.7695823805,0.7695823803,3.368318481
4144,0.109375,0.359375,-265.4046874,-258.06206,6,3510,3773,0,0,0,0,0,0,13.67749088,6.009594215,13.66754823,5.318691117e-05,0,0,30,17,0.07311282523,0.07311282523,1.091962291
4145,0.109375,0.328125,-277.1279356,-368.3909526,6,3773,3597,0,0,0,0,0,0,28.38777816,-92.33641096,28.34498125,5.318691117e-05,0,0,12,7,0.03522642718,0.03522642718,1.716575775
4146,0.078125,0.328125,-446.601791,-446.601791,6,3773,3573,0,0,0,0,0,0,1e+300,0,1e+300,0,0,0,0,0,0,0,0
4147,0.078125,0.359375,-426.0475268,-446.6448948,6,3773,3577,0,0,0,0,0,0,6.002847816,-16.32096772,6.000931881,5.318691117e-05,0,0,18,10,0.1665875982,0.1665875982,2.045380207
4148,0.0625,0.359375,-506.3689465,-488.1299909,6,3577,3917,0,0,0,0,0,0,510.204177,-16.46806087,496.724957,5.318691117e-05,0,0,2,1,0.001959999634,0.001959999634,0.4701768144
4149,0.078125,0.34375,-436.3246589,-436.3246589,6,3917,3773,0,0,0,0,0,0,1e+300,0,1e+300,0,0,0,0,0,0,0,0
4150,0.0625,0.328125,-526.9232107,-526.9232107,6,3917,3573,0,0,0,0,0,0,1e+300,0,1e+300,0,0,0,0,0,0,0,0
4151,0.046875,0.34375,-596.9674983,-440.5757119,6,3917,3776,0,0,0,0,0,0,571.35762,121.2631775,554.5068516,5.318691117e-05,0,0,2,1,0.001750217316,0.001750217315,0.4198529368
4152,0.46875,0.53125,121.7183934,129.1711816,5,3488,3630,0,0,0,0,0,0,44.20659253,8.669672663,44.07064995,6.97780782e-05,0,0,126,64,0.02262106041,0.02262106039,3.405726134
4153,0.40625,0.53125,122.3200937,134.4157498,5,3630,3528,0,0,0,0,0,0,18.33138887,13.21368624,18.30797061,6.97780782e-05,0,0,52,27,0.05455124035,0.05455124034,6.154834411
4154,0.40625,0.59375,89.39844297,102.0291107,5,3630,3516,0,0,0,0,0,0,247.6332072,16.53982515,243.4269431,6.97780782e-05,0,0,10,4,0.004038230621,0.004038230619,1.176255166
4155,0.46875,0.59375,92.92366707,118.5137834,5,3630,3547,0,0,0,0,0,0,66.98250432,29.25265455,66.67089055,6.97780782e-05,0,0,83,41,0.01492927161,0.01492927158,5.380299352
4156,0.46875,0.625,78.52630392,159.7342102,5,3547,3684,0,0,0,0,0,0,684.6841743,16.65579523,653.4642994,6.97780782e-05,0,0,8,4,0.001460527404,0.001460527403,0.9508937985
4157,0.4375,0.59375,91.16105502,162.043775,5,3684,3630,0,0,0,0,0,0,8.190277368e+12,5.231091701,14331.14846,6.97780782e-05,0,0,1,0,1.220959871e-13,0,0.1220959871
4158,0.40625,0.625,75.00107982,59.72447305,5,3684,3516,0,0,0,0,0,0,1897.348016,-79.58209852,1675.52035,6.97780782e-05,0,0,5,1,0.000527051438,0.0005270514366,0.2233798803
4159,0.40625,0.65625,103.9927255,-5.187546254,5,3516,3633,0,0,0,0,0,0,9891.004694,-105.4843128,5852.058482,6.97780782e-05,0,0,4,1,0.0001011019639,0.0001011019637,0.04284998194
4160,0.40625,0.71875,281.5377873,49.82056682,5,3633,3548,0,0,0,0,0,0,30291.09106,-76.9807174,9728.470114,6.97780782e-05,0,0,1,1,3.301300697e-05,3.301300697e-05,0.08234264536
4161,0.46875,0.71875,165.5012409,159.0223261,5,3633,3504,0,0,0,0,0,0,914.1683875,-5.90162602,859.3513019,6.97780782e-05,0,0,7,4,0.001093890375,0.001093890373,1.875052486
4162,0.46875,0.65625,107.5179496,157.0664656,5,3633,3547,0,0,0,0,0,0,837.682931,52.99785569,791.4227628,6.97780782e-05,0,0,14,7,0.001193769102,0.0011937691,0.7543299357
4163,0.4375,0.65625,105.7553375,176.6362636,5,3684,3633,0,0,0,0,0,0,1459.516533,5.016099233,1324.614773,6.97780782e-05,0,0,12,5,0.0006851583914,0.0006851583912,0.5955221728
4164,0,0.546875,-480.5644338,-480.5644338,6,3585,4063,1,1,1,0,0,1,788.4282892,115.482906,756.6969062,5.318691117e-05,0,105.3282584,62,62,0.001268346169,0.001268346169,9.221857419
4165,0.015625,0.53125,-475.5358501,-344.2951336,6,4063,3858,0,0,0,0,0,0,134.8394481,268.0691544,133.8793067,5.318691117e-05,0,0,422,209,0.00741622733,0.007416227284,11.67778015
4166,0,0.515625,-501.7386481,-362.9803342,6,4063,3489,0,0,0,0,0,0,64.96704294,281.5090432,64.74332908,5.318691117e-05,0,0,329,168,0.01539241983,0.01539241978,0.473062064
4167,0.0234375,0.5390625,-462.4344511,-407.0678869,7,3858,4064,0,0,0,0,0,0,177.2727319,123.5915191,174.4582949,9.100347434e-05,0,0,163,86,0.005641025492,0.005641025464,18.73480328
4168,0.0078125,0.5390625,-459.1090647,-542.9332155,7,4064,4063,0,0,0,0,0,0,178.6859535,158.4901273,175.826826,9.100347434e-05,0,0,217,114,0.0055964108,0.005596410769,19.3148346
4169,0.0078125,0.5546875,-517.0095452,-517.0095452,7,4064,3585,1,0,0,0,0,1,3150.506151,0,0,0,0,0,64,31,0.0003174093152,0.0003174093118,2.689186557
4170,0.046875,0.578125,-312.5482386,-312.5482386,6,3581,3859,1,0,0,0,0,1,37.99542835,0,0,0,0,0,389,194,0.02631895582,0.02631895577,12.45639038
4171,0.015625,0.578125,-508.2842776,-508.2842776,6,3859,3585,1,1,1,0,0,1,6.929733066,-206.625614,25.87434841,6.096570132e-05,0,91.36694889,672,672,0.1443057028,0.1443057028,2.228721989
4172,0.015625,0.609375,-345.6308993,-345.6308993,6,3859,3522,1,1,1,0,0,1,230.0191764,-30.91254739,275.4608489,5.318691117e-05,0,77.45871186,122,122,0.004347463614,0.004347463614,8.661825416
4173,0.09375,0.65625,-134.6954501,-134.6954501,5,3517,3582,1,0,0,0,0,1,0.7983136485,0,0,0,0,0,2193,1085,1.25264049,1.25264049,5.344752955
4174,0.03125,0.65625,-239.9170667,-239.9170667,5,3582,3522,1,0,0,0,0,1,18.33246029,0,0,0,0,0,585,292,0.05454805216,0.0545480521,3.820290813
4175,0.03125,0.71875,-179.1026769,-179.1026769,5,3582,3497,1,0,0,0,0,1,24.55513399,0,0,0,0,0,319,164,0.04072468106,0.04072468103,0.9809234914
4176,0.09375,0.71875,-116.2342988,-116.2342988,5,3582,3521,1,0,0,0,0,1,2.201822296,0,0,0,0,0,1072,527,0.4541692587,0.4541692586,4.043345499
4177,0.03125,0.625,-270.3242616,-270.3242616,5,3522,3584,1,0,0,0,0,1,58.76337754,0,0,0,0,0,363,183,0.01701740168,0.01701740166,16.57477794
4178,0.0625,0.65625,-187.3062584,-187.3062584,5,3584,3582,1,0,0,0,0,1,1.349413606,0,0,0,0,0,1572,779,0.7410626333,0.7410626332,3.282604132
4179,0.09375,0.625,-165.1026451,-165.1026451,5,3584,3517,1,0,0,0,0,1,25.35544983,0,0,0,0,0,613,304,0.03943925298,0.03943925294,24.69786556
4180,0.0625,0.59375,-263.3997074,-263.3997074,5,3584,3581,1,0,0,0,0,1,2.100881152,0,0,0,0,0,989,500,0.4759907524,0.4759907523,2.208939493
4181,0.046875,0.609375,-266.8619845,-266.8619845,6,3859,3584,1,0,0,0,0,1,14.49670247,0,0,0,0,0,694,346,0.06898120468,0.06898120459,67.97159834
4182,0.015625,0.5625,-426.0619945,-426.0619945,6,3585,4062,1,0,0,0,0,1,1404.451408,0,0,0,0,0,69,33,0.0007120217863,0.0007120217814,3.602929413
4183,0.03125,0.578125,-376.9134633,-376.9134633,6,4062,3859,1,0,0,0,0,1,85.27130383,0,0,0,0,0,246,126,0.01172727465,0.01172727462,13.87358197
4184,0.046875,0.5625,-356.7930791,-365.8439546,6,4062,3581,0,0,0,0,0,0,282.71189,7.616984109,278.5238461,5.318691117e-05,0,0,94,44,0.003537169944,0.003537169936,7.400687791
4185,0.03125,0.546875,-439.7374464,-439.7374464,6,4062,3858,1,0,0,0,0,1,501.1017874,0,0,0,0,0,66,33,0.00199560254,0.001995602533,6.663780952
4186,0.0234375,0.5546875,-528.7639616,-528.7639616,7,4064,4062,1,0,0,0,0,1,95305.21203,0,0,0,0,0,18,8,1.049260558e-05,1.049260434e-05,0.07727850895
4187,0.1875,0.515625,-48.63474592,-48.63474592,6,3602,4043,0,0,0,0,0,0,1e+300,0,1e+300,0,0,0,0,0,0,0,0
4188,0.171875,0.53125,-98.55689718,-98.55689718,6,4043,3902,0,0,0,0,0,0,1e+300,0,1e+300,0,0,0,0,0,0,0,0
4189,0.1875,0.546875,-55.10250784,-55.10250784,6,4043,3580,0,0,0,0,0,0,1e+300,0,1e+300,0,0,0,0,0,0,0,0
4190,0.25,0.53125,32.84310231,32.84310231,5,3498,3627,1,0,0,0,0,1,12.51846419,0,0,0,0,0,817,411,0.07988200347,0.07988200341,0.8019325839
4191,0.21875,0.5625,-9.668181152,-15.78189841,5,3627,3580,0,0,0,0,0,0,305.0696026,-13.52894688,298.7108928,6.97780782e-05,0,0,134,63,0.003277940482,0.003277940473,5.336461318
4192,0.25,0.59375,44.46377092,85.67701272,5,3627,3527,0,0,0,0,0,0,61.10615386,43.19275306,60.84671139,6.97780782e-05,0,0,113,55,0.01636496387,0.01636496385,0.732084321
4193,0.34375,0.59375,57.13711568,138.3359546,5,3516,3631,0,0,0,0,0,0,64.01033314,80.34312151,63.72570114,6.97780782e-05,0,0,17,9,0.01562247767,0.01562247767,1.153716188
4194,0.34375,0.53125,93.48691184,162.435055,5,3631,3528,0,0,0,0,0,0,72.02874302,68.72944381,71.66853501,6.97780782e-05,0,0,28,16,0.01388334654,0.01388334653,1.120448042
4195,0.28125,0.53125,38.01054041,38.01054041,5,3631,3498,1,0,0,0,0,1,12.61605974,0,0,0,0,0,545,271,0.0792640508,0.07926405078,0.929623507
4196,0.28125,0.59375,48.68821917,17.71999566,5,3631,3527,0,0,0,0,0,0,73.46469721,-29.9337885,73.09002129,6.97780782e-05,0,0,51,25,0.01361198015,0.01361198015,0.4690160929
4197,0.28125,0.5625,43.22447475,1.79521307,5,3627,3631,0,0,0,0,0,0,74.02185537,-41.03775493,73.64148951,6.97780782e-05,0,0,51,26,0.01350952357,0.01350952357,0.4112851752
4198,0.203125,0.546875,-36.73415719,1.59776307,6,3580,3901,0,0,0,0,0,0,211.0673834,26.2193202,208.7242405,5.318691117e-05,0,0,67,31,0.004737823456,0.004737823446,6.171482703
4199,0.234375,0.546875,11.93405046,11.75629912,6,3901,3627,0,0,0,0,0,0,78.17674658,-3.538538786,77.85303524,5.318691117e-05,0,0,173,85,0.01279152745,0.01279152743,18.29529556
4200,0.234375,0.515625,10.45851157,10.45851157,6,3901,3498,1,0,0,0,0,1,18.93808983,0,0,0,0,0,627,311,0.0528036359,0.05280363584,45.93414434
4201,0.203125,0.515625,14.26364983,14.26364983,6,3901,3602,1,1,1,0,0,1,29599.59461,98.58192935,24715.8064,8.928172753e-06,0,47.4735832,1,1,3.378424647e-05,3.378424647e-05,0.07451835414
4202,0.203125,0.53125,-33.50027623,-33.50027623,6,4043,3901,0,0,0,0,0,0,1e+300,0,1e+300,0,0,0,0,0,0,0,0
4203,0.828125,0.546875,152.9404642,215.602598,6,3733,4120,0,0,0,0,0,0,2137.212988,-27.13448969,1919.069038,5.318691117e-05,0,0,12,7,0.0004678990843,0.0004678990809,2.068098656
4204,0.859375,0.546875,143.3259989,197.8344,6,4120,3753,0,0,0,0,0,0,10783.78139,-25.49281833,6853.128348,5.318691117e-05,0,0,10,6,9.273185018e-05,9.273184967e-05,0.3536736838
4205,0.859375,0.515625,66.33050624,249.3013071,6,4120,3552,0,0,0,0,0,0,15304.28113,123.31581,8436.817579,5.318691117e-05,0,0,12,5,6.534119385e-05,6.534119292e-05,0.3648120606
4206,0.84375,0.40625,12.29122004,140.779244,5,3537,3720,0,0,0,0,0,0,1126.550231,116.7225596,1044.447749,6.97780782e-05,0,0,2,1,0.0008876657009,0.0008876657003,0.7188781148
4207,0.78125,0.40625,81.05251716,95.94199432,5,3720,3553,0,0,0,0,0,0,8.368634918,12.35478997,8.363750928,6.97780782e-05,0,0,265,131,0.1194938015,0.1194938015,14.05732801
4208,0.78125,0.46875,113.2369897,139.1490826,5,3720,3506,0,0,0,0,0,0,9.828614638,21.4734791,9.821878579,6.97780782e-05,0,0,293,147,0.1017437388,0.1017437387,12.07020809
4209,0.84375,0.46875,42.89481607,-7.343890992,5,3720,3552,0,0,0,0,0,0,220514.892,-24.30509435,13456.61036,6.97780782e-05,0,0,2,1,4.53484112e-06,4.534840804e-06,0.01368704655
4210,0.84375,0.5,58.19661408,-31.17992621,5,3552,3752,0,0,0,0,0,0,2912.983548,-44.59338903,2420.90467,6.97780782e-05,0,0,9,4,0.0003432906447,0.0003432906438,1.07967421
4211,0.8125,0.46875,78.06590289,94.69462748,5,3752,3720,0,0,0,0,0,0,7.038713376,27.37622407,7.035258024,6.97780782e-05,0,0,32,18,0.1420714194,0.1420714194,1.398098207
4212,0.78125,0.5,128.5387877,65.81839069,5,3752,3506,0,0,0,0,0,0,22.08906525,-48.30947226,22.05507105,6.97780782e-05,0,0,391,201,0.04527126834,0.04527126832,0.5491520742
4213,0.8125,0.53125,268.9291756,268.9291756,5,3752,3733,1,1,1,0,0,1,4023.38024,138.7007226,3141.440474,6.97780782e-05,0,38.69960861,15,15,0.0002485472266,0.0002485472266,1.365811228
4214,0.828125,0.515625,101.5015931,168.3679509,6,4120,3752,0,0,0,0,0,0,2118.449797,-7.974746255,1903.927094,5.318691117e-05,0,0,15,8,0.0004720432844,0.0004720432822,2.305512575
4215,0.0234375,0.5234375,-491.9626355,-700.3926537,7,3858,4060,0,0,0,0,0,0,14.58049061,-77.54493818,14.56116975,9.100347434e-05,0,0,319,156,0.0685847978,0.06858479774,1.826334114
4216,0.0234375,0.5078125,-466.6163629,-486.0779228,7,4060,3860,0,0,0,0,0,0,14.77073019,122.3444009,14.75090221,9.100347434e-05,0,0,39,19,0.06770146006,0.06770146005,1.370140507
4217,0.0078125,0.5078125,-518.1654335,-740.2316718,7,4060,3489,0,0,0,0,0,0,100.8258581,-85.25886685,99.90914139,9.100347434e-05,0,0,353,180,0.009918090649,0.00991809059,1.794490041
4218,0.0078125,0.5234375,-488.6372491,-565.9413351,7,4060,4063,0,0,0,0,0,0,11.13444609,227.6703171,11.12317527,9.100347434e-05,0,0,616,307,0.08981138283,0.08981138271,1.694493608
4219,0.0078125,0.5,-505.4922972,-499.0281117,7,3489,4065,0,0,0,0,0,0,1329.996048,47.08374317,1186.400893,9.100347434e-05,0,0,28,13,0.0007518819332,0.0007518819268,3.669205838
4220,0.015625,0.5078125,-715.5052106,-579.078274,7,4065,4060,0,0,0,0,0,0,1405.662899,116.1558556,1246.243209,9.100347434e-05,0,0,31,14,0.0007114081198,0.0007114081135,3.916948732
4221,0.0234375,0.5,-453.9432266,-353.9018091,7,4065,3860,0,0,0,0,0,0,6586.714517,145.6595645,4118.205109,9.100347434e-05,0,0,10,3,0.0001518207594,0.0001518207574,2.057194532
4222,0.015625,0.4921875,-751.4047484,-567.1812445,7,4065,3855,0,0,0,0,0,0,13702.6384,-6.248587166,6098.225811,9.100347434e-05,0,0,7,2,7.297864621e-05,7.297864449e-05,1.059188022
4223,0.9765625,0.8515625,403.1414007,402.5040042,7,3791,4023,0,0,0,0,0,0,565.5148924,-1.537889395,537.8358072,9.100347434e-05,0,0,147,77,0.001768300028,0.001768300008,5.517333941
4224,0.9765625,0.8671875,409.2165882,439.8355722,7,4023,3845,0,0,0,0,0,0,574.0524936,29.52137883,545.5524146,9.100347434e-05,0,0,158,82,0.001742000969,0.00174200095,5.662171873
4225,0.9921875,0.8671875,416.6899031,453.7451454,7,4023,3564,0,0,0,0,0,0,952.3156336,35.79257388,876.3662053,9.100347434e-05,0,0,66,33,0.001050072019,0.001050072006,6.378062826
4226,0.984375,0.84375,403.1048983,409.5070562,6,3796,3791,0,0,0,0,0,0,20067.29843,5.716055363,9706.925654,5.318691117e-05,0,0,12,8,4.983231816e-05,4.983231626e-05,0.3965594911
4227,1,0.828125,403.0318937,387.2742567,6,3796,3771,0,0,0,0,0,0,14241.55931,-16.01495861,8103.468892,5.318691117e-05,0,0,7,4,7.021703019e-05,7.021702958e-05,0.1570235544
4228,1,0.859375,416.6534007,438.2955788,6,3564,3796,0,0,0,0,0,0,1336.342287,20.59390012,1247.66346,5.318691117e-05,0,0,66,33,0.0007483112748,0.0007483112644,5.139710794
4229,0.9921875,0.8515625,409.8791495,463.2615182,7,4023,3796,0,0,0,0,0,0,2116.135794,52.51517845,1774.424699,9.100347434e-05,0,0,71,37,0.0004725594657,0.0004725594565,3.439998901
4230,0.9921875,0.875,419.7274968,419.7274968,7,3564,4025,0,0,0,0,0,0,1e+300,0,1e+300,0,0,0,0,0,0,0,0
4231,0.984375,0.8671875,412.9532456,507.499027,7,4025,4023,0,0,0,0,0,0,14642.10072,87.81218481,6277.476305,9.100347434e-05,0,0,16,9,6.829621099e-05,6.829621052e-05,0.2955778947
4232,0.9765625,0.875,412.254182,465.8756132,7,4025,3845,0,0,0,0,0,0,1097.495357,46.87181023,997.835634,9.100347434e-05,0,0,18,10,0.0009111655863,0.0009111655796,3.981630229
4233,0.984375,0.8828125,443.8522605,444.3644563,7,4025,3844,0,0,0,0,0,0,908077.1056,-4.698458834,10857.20896,9.100347434e-05,0,0,2,1,1.101228072e-06,1.101227777e-06,0.05333794589
4234,0.1640625,0.5234375,-120.2840919,-120.2840919,7,3902,4051,0,0,0,0,0,0,1e+300,19.48157811,5246.30896,0,0,0,0,0,0,0,0
4235,0.1796875,0.5234375,-73.59582155,-73.59582155,7,4051,4043,0,0,0,0,0,0,1e+300,0,1e+300,0,0,0,0,0,0,0,0
4236,0.1796875,0.5078125,-70.36194059,-35.88443678,7,4051,3602,0,0,0,0,0,0,132.0586919,-39.87079344,130.4904834,9.100347434e-05,0,0,1,1,0.007572390623,0.007572390623,0.919308799
4237,0.140625,0.5,-113.2585407,-113.2585407,6,3526,4042,1,0,0,0,0,1,1407.650273,0,0,0,0,0,34,18,0.0007104037269,0.0007104037266,0.3362105464
4238,0.15625,0.515625,-84.97106856,-84.97106856,6,4042,3902,1,1,1,0,0,1,285287.1963,24.62045713,15599.88658,6.059441698e-05,0,94.01447557,1,1,3.505239677e-06,3.505239677e-06,0.007138332745
4239,0.171875,0.5,-63.76921562,-75.81182712,6,4042,3602,0,0,0,0,0,0,837.1532101,-2.915831156,801.4673986,5.318691117e-05,0,0,3,2,0.001194524476,0.001194524476,0.1457544786
4240,0.171875,0.453125,-84.88267812,-84.76248837,6,3575,4046,0,0,0,0,0,0,48.71416627,3.301513049,48.58827618,5.318691117e-05,0,0,34,17,0.02052790957,0.02052790956,8.529592358
4241,0.140625,0.453125,-121.6193794,-195.7730775,6,4046,3603,0,0,0,0,0,0,44.61964641,-67.34195321,44.51400661,5.318691117e-05,0,0,269,136,0.02241165227,0.02241165227,0.08259069132
4242,0.140625,0.484375,-118.3163198,-118.3163198,6,4046,3526,1,0,0,0,0,1,696.1128154,0,0,0,0,0,68,36,0.001436548757,0.001436548756,1.169893563
4243,0.171875,0.484375,-70.80703645,4.887761967,6,4046,3602,0,0,0,0,0,0,974.6450187,82.83975975,926.6110247,5.318691117e-05,0,0,3,2,0.00102601458,0.00102601458,0.1966807309
4244,0.15625,0.484375,-89.1753871,-26.14675886,6,4042,4046,0,0,0,0,0,0,3707.776293,71.98880035,3097.026634,5.318691117e-05,0,0,2,1,0.0002697034343,0.0002697034343,0.3001638654
4245,0.1640625,0.5078125,-88.73029125,-39.89790205,7,4051,4042,0,0,0,0,0,0,331.4177476,-23.70069728,321.7147764,9.100347434e-05,0,0,2,2,0.00301733992,0.00301733992,0.4055089642
4246,0.015625,0.375,-744.6583448,-765.8740671,6,3513,3914,0,0,0,0,0,0,387002.7851,-10.09641742,17930.50684,5.318691117e-05,0,0,5,1,2.583960732e-06,2.583960544e-06,0.0988703022
4247,0.03125,0.390625,-626.4605915,-647.3334773,6,3914,3798,0,0,0,0,0,0,6537.311123,-16.31362107,4850.719078,5.318691117e-05,0,0,4,2,0.0001529680906,0.0001529680892,0.7267671892
4248,0.046875,0.375,-581.9493418,-611.2856177,6,3914,3577,0,0,0,0,0,0,452.4945007,-21.76024086,441.8603429,5.318691117e-05,0,0,9,4,0.00220997161,0.002209971607,1.118166916
4249,0.03125,0.359375,-672.2788701,-526.8201694,6,3914,3776,0,0,0,0,0,0,106353.704,152.8821669,15977.12112,5.318691117e-05,0,0,6,2,9.40258743e-06,9.402587132e-06,0.004650305393
4250,0.0234375,0.3984375,-648.7162164,-648.7162164,7,3798,3980,0,0,0,0,0,0,1e+300,0,1e+300,0,0,0,0,0,0,0,0
4251,0.0234375,0.3828125,-685.5594681,-696.6459025,7,3980,3914,0,0,0,0,0,0,30604116.6,11.94527234,10984.64735,9.100347434e-05,0,0,4,1,3.267534277e-08,3.267516618e-08,0.001250265996
4252,0.0078125,0.3828125,-766.9139696,-814.828114,7,3980,3513,0,0,0,0,0,0,91230.48957,-23.11080281,9807.313543,9.100347434e-05,0,0,7,3,1.096124777e-05,1.096124666e-05,0.6889254725
4253,0,0.421875,-1062.063985,-1135.236903,6,3576,3803,0,0,0,0,0,0,737141.7057,-33.62614959,18333.98948,5.318691117e-05,0,0,9,5,1.356591266e-06,1.356589944e-06,1.314806192
4254,0.015625,0.40625,-786.4988058,-770.9977393,6,3803,3798,0,0,0,0,0,0,215134.137,30.71724265,17290.51599,5.318691117e-05,0,0,9,5,4.648262772e-06,4.648261009e-06,3.577585121
4255,0,0.390625,-904.696559,-908.2678602,6,3803,3513,0,0,0,0,0,0,1894138.825,18.20491508,18616.82377,5.318691117e-05,0,0,3,2,5.279444076e-07,5.279443767e-07,0.05240662678
4256,0.0078125,0.3984375,-845.5976824,-866.5809604,7,3980,3803,0,0,0,0,0,0,100086.6938,12.70534004,9901.498657,9.100347434e-05,0,0,3,2,9.991338133e-06,9.991337945e-06,0.9905539905
4257,0,0.71875,290.5501406,290.5501406,5,3497,3583,1,1,1,0,0,1,47.10805087,313.1407823,3768.459758,6.97780782e-05,0,162.9521897,203,203,0.02122779401,0.02122779401,0.8528825695
4258,0.03125,0.6875,-47.03772362,-47.03772362,5,3583,3582,1,1,1,0,0,1,35.2919956,-272.1446291,172.1754805,6.97780782e-05,0,80.41618941,259,259,0.02833503697,0.02833503697,1.03765941
4259,0,0.65625,33.52596708,33.52596708,5,3583,3522,1,0,0,0,0,1,868.7725919,0,0,0,0,0,27,15,0.001151049204,0.001151049202,2.376310841
4260,0,0.609375,304.0101831,304.0101831,6,3522,4061,1,1,1,0,0,1,457.9224577,520.6657716,1497.950636,5.318691117e-05,0,113.6832341,41,41,0.00218377584,0.00218377584,2.72313011
4261,0.015625,0.59375,-345.7363742,-345.7363742,6,4061,3859,1,1,1,0,0,1,14.11544625,-64.10955449,372.2816514,5.318691117e-05,0,48.17304853,283,283,0.0708443773,0.0708443773,0.7507249563
4262,0,0.578125,-353.5588165,-353.5588165,6,4061,3585,1,0,0,0,0,1,220.8815339,0,0,0,0,0,34,18,0.004527313725,0.004527313718,4.47299725
4263,0.0234375,0.6015625,-358.6558452,-358.6558452,7,3859,4172,1,1,1,0,0,1,89.12310838,-24.78358735,139.5867371,9.100347434e-05,0,26.46511215,180,180,0.0112204345,0.0112204345,18.98032148
4264,0.0078125,0.6015625,-320.1533148,-320.1533148,7,4172,4061,1,1,1,0,0,1,78.3083282,-13.42596996,104.6635615,9.100347434e-05,0,47.73890035,145,145,0.01277003383,0.01277003383,22.28015886
4265,0.0078125,0.6171875,-274.0114696,-274.0114696,7,4172,3522,1,1,1,0,0,1,203.3520416,60.34150285,199.657236,9.100347434e-05,0,43.60165154,24,24,0.004917580331,0.004917580331,5.95130926
4266,0.046875,0.671875,-198.4080651,-198.4080651,6,3582,4174,1,0,0,0,0,1,8.291495743,0,0,0,0,0,1120,558,0.1206055012,0.1206055011,1.759852615
4267,0.046875,0.640625,-228.81526,-228.81526,6,4174,3584,1,0,0,0,0,1,22.53138732,0,0,0,0,0,512,260,0.04438253117,0.04438253112,33.88773607
4268,0.015625,0.640625,-281.4260683,-281.4260683,6,4174,3522,1,0,0,0,0,1,220.4577972,0,0,0,0,0,49,26,0.004536015568,0.004536015564,2.601653092
4269,0.015625,0.671875,-141.6047136,-141.6047136,6,4174,3583,1,1,1,0,0,1,12.87366562,-215.9835028,82.60909583,5.318691117e-05,0,20.12370902,521,521,0.07767795352,0.07767795352,55.67334698
4270,0.015625,0.625,-299.2408667,-299.2408667,6,3522,4177,1,1,1,0,0,1,151.784699,-10.16058293,201.9520338,5.318691117e-05,0,75.50168198,78,78,0.006588279362,0.006588279362,9.206852162
4271,0.03125,0.640625,-255.1206642,-255.1206642,6,4177,4174,1,0,0,0,0,1,26.43928623,0,0,0,0,0,408,204,0.03782250366,0.03782250361,35.21098138
4272,0.046875,0.625,-241.377831,-243.8052318,6,4177,3584,0,0,0,0,0,0,150.2376427,0.1517774094,149.0466591,5.318691117e-05,0,0,128,65,0.006656121476,0.006656121469,6.151340151
4273,0.03125,0.609375,-362.811942,-362.811942,6,4177,3859,1,1,1,0,0,1,56.58791232,-63.96190677,112.9186706,5.318691117e-05,0,31.78750907,275,275,0.01767161853,0.01767161853,25.76995354
4274,0.0234375,0.6171875,-311.2687621,-311.2687621,7,4172,4177,1,1,1,0,0,1,198.4458672,-3.327699019,194.9256532,9.100347434e-05,0,33.32927561,39,39,0.0050391576,0.0050391576,8.641667882
4275,0.203125,0.5,-28.61369664,-31.63608128,6,3602,4044,0,0,0,0,0,0,135.3213047,0.8927918237,134.3543134,5.318691117e-05,0,0,5,3,0.007389819379,0.007389819378,1.14417375
4276,0.21875,0.515625,-24.70535386,-24.70535386,6,4044,3901,1,1,1,0,0,1,1280.012416,-15.02192295,1198.423831,5.318691117e-05,0,38.24796504,18,18,0.0007812424218,0.0007812424218,1.13314619
4277,0.234375,0.5,9.215054852,16.63936511,6,4044,3498,0,0,0,0,0,0,26.48024936,8.801115354,26.44300696,5.318691117e-05,0,0,312,157,0.03776399484,0.0377639948,27.56704451
4278,0.203125,0.453125,-48.34531102,-47.25508336,6,3575,4047,0,0,0,0,0,0,4.560024372,0.4417951996,4.558918681,5.318691117e-05,0,0,668,337,0.2192970735,0.2192970734,10.88847039
4279,0.203125,0.484375,-35.19090144,-43.49603398,6,4047,3602,0,0,0,0,0,0,77.85905597,-5.911159058,77.53796484,5.318691117e-05,0,0,29,17,0.0128437211,0.0128437211,2.25926046
4280,0.234375,0.484375,2.63785006,-34.38393259,6,4047,3498,0,0,0,0,0,0,3.610366185,-37.16618053,3.60967304,5.318691117e-05,0,0,608,299,0.2769802144,0.2769802143,1.561289338
4281,0.34375,0.40625,69.86259489,39.6853564,5,3511,3620,0,0,0,0,0,0,7.913719327,-30.21992943,7.909351751,6.97780782e-05,0,0,830,418,0.1263628338,0.1263628336,4.042368809
4282,0.28125,0.40625,33.88054421,33.24724948,5,3620,3529,0,0,0,0,0,0,6.623229065,-0.5522383699,6.620169513,6.97780782e-05,0,0,2098,1040,0.1509837558,0.1509837557,3.494418497
4283,0.28125,0.46875,41.9836167,41.9836167,5,3620,3498,1,0,0,0,0,1,37.40040896,0,0,0,0,0,1323,670,0.02673767554,0.02673767551,24.55387111
4284,0.34375,0.46875,97.67681811,97.67681811,5,3620,3528,1,0,0,0,0,1,227.2148863,0,0,0,0,0,214,105,0.004401120086,0.004401120083,0.2817955438
4285,0.25,0.46875,24.04946002,35.27210424,5,3498,3623,0,0,0,0,0,0,21.26005887,11.34203382,21.22856659,6.97780782e-05,0,0,963,475,0.04703655837,0.04703655832,7.161480117
4286,0.28125,0.4375,37.96051479,56.3183637,5,3623,3620,0,0,0,0,0,0,3.789532352,18.42713508,3.788530565,6.97780782e-05,0,0,2136,1065,0.2638848035,0.2638848033,2.622227411
4287,0.25,0.40625,15.88951887,27.38923521,5,3623,3529,0,0,0,0,0,0,2.01978813,11.64264635,2.019503507,6.97780782e-05,0,0,2618,1299,0.4951014343,0.495101434,6.765955107
4288,0.21875,0.4375,-26.93370106,-24.09833676,5,3623,3575,0,0,0,0,0,0,4.71285906,2.45071933,4.711309725,6.97780782e-05,0,0,1710,854,0.2121854245,0.2121854243,18.85941859
4289,0.234375,0.453125,-1.442120517,13.83447076,6,4047,3623,0,0,0,0,0,0,3.911238989,15.14396359,3.910425516,5.318691117e-05,0,0,1093,541,0.2556734587,0.2556734585,7.908851455
4290,0.21875,0.484375,-16.27652569,-0.8974627022,6,4044,4047,0,0,0,0,0,0,20.64661772,16.50385079,20.62396992,5.318691117e-05,0,0,164,84,0.04843408318,0.04843408314,19.59156709
4291,0.2109375,0.5234375,-23.91210757,25.84235719,7,3901,4201,0,0,0,0,0,0,7928.00035,22.25054614,4605.351629,9.100347434e-05,0,0,2,1,0.0001261352114,0.0001261352114,0.2980734167
4292,0.2109375,0.5078125,-20.74170837,-20.74170837,7,4201,4044,0,0,0,0,0,0,1e+300,-0.699211675,1262.128672,0,0,0,0,0,0,0,0
4293,0.1953125,0.5078125,-39.65608412,-39.65608412,7,4201,3602,0,0,0,0,0,0,1e+300,0,1e+300,0,0,0,0,0,0,0,0
4294,0.1953125,0.5234375,-42.82648332,-42.82648332,7,4201,4043,0,0,0,0,0,0,1e+300,0,1e+300,0,0,0,0,0,0,0,0
4295,0,0.5546875,-491.3501924,-334.3974578,7,3585,4164,0,0,0,0,0,0,2315.52336,113.0694519,1912.516583,9.100347434e-05,0,0,29,14,0.0004318678089,0.0004318678055,3.023611236
4296,0.0078125,0.546875,-595.5106128,-544.7725596,7,4164,4064,0,0,0,0,0,0,300.4271254,5.362219837,292.4320586,9.100347434e-05,0,0,95,48,0.003328594243,0.003328594223,18.4712961
4297,0,0.5390625,-671.2424298,-522.5316472,7,4164,4063,0,0,0,0,0,0,386.7211587,109.3080142,373.5739811,9.100347434e-05,0,0,82,44,0.00258584248,0.002585842467,12.04552654
4298,0.0234375,0.5859375,-412.1473967,-412.1473967,7,3859,4171,1,0,0,0,0,1,230.9924865,0,0,0,0,0,218,111,0.004329145138,0.004329145125,0.4869039705
4299,0.0234375,0.5703125,-473.0503442,-473.0503442,7,4171,4062,1,0,0,0,0,1,4461.433504,0,0,0,0,0,48,22,0.000224143204,0.0002241432015,1.379266395
4300,0.0078125,0.5703125,-461.2959279,-461.2959279,7,4171,3585,1,0,0,0,0,1,232.6586275,0,0,0,0,0,182,88,0.004298142781,0.004298142764,0.3401933636
4301,0.0078125,0.5859375,-400.5471663,-400.5471663,7,4171,4061,1,0,0,0,0,1,41.54393398,0,0,0,0,0,364,184,0.02407090288,0.02407090285,0.7102112636
4302,0,0.6171875,-323.7987112,218.9642998,7,3522,4260,0,0,0,0,0,0,2100.325742,228.410531,1763.294943,9.100347434e-05,0,0,10,5,0.0004761166232,0.0004761166222,0.8825129613
4303,0.0078125,0.609375,-274.6190567,-274.6190567,7,4260,4172,1,1,1,0,0,1,883.2271255,-253.8231285,817.5177172,9.100347434e-05,0,57.69490048,26,26,0.001132211603,0.001132211603,2.287688707
4304,0,0.6015625,5.60006409,5.60006409,7,4260,4061,1,0,0,0,0,1,198.5822271,0,0,0,0,0,72,35,0.005035697377,0.005035697368,5.984293043
4305,0.01171875,0.61328125,-343.3066625,-349.8434527,8,4172,4265,0,0,0,0,0,0,1243.373406,-40.02452355,1040.719761,0.0001566098394,0,0,21,13,0.0008042636226,0.0008042636211,2.056068099
4306,0.00390625,0.61328125,2.363703571,222.242139,8,4265,4260,0,0,0,0,0,0,658.3057421,207.2379158,596.7794751,0.0001566098394,0,0,12,5,0.001519051006,0.001519051005,2.781145998
4307,0.00390625,0.62109375,-324.0538878,-36.83870038,8,4265,3522,0,0,0,0,0,0,11806.54329,261.6257574,4144.070513,0.0001566098394,0,0,15,8,8.469879588e-05,8.469879505e-05,0.1275815353
4308,0.0234375,0.6484375,-260.6715675,-260.6715675,7,4174,4268,1,0,0,0,0,1,13.28647852,0,0,0,0,0,141,78,0.07526448776,0.07526448775,0.3293157101
4309,0.0234375,0.6328125,-275.875165,-275.875165,7,4268,4177,1,0,0,0,0,1,153.9093552,0,0,0,0,0,171,84,0.006497330838,0.006497330828,6.63650447
4310,0.0078125,0.6328125,-170.1264197,-170.1264197,7,4268,3522,1,1,1,0,0,1,111.1374073,114.8050314,134.8552112,9.100347434e-05,0,76.43459593,38,38,0.008997870515,0.008997870515,6.738204452
4311,0,0.671875,274.6173528,274.6173528,6,3583,4259,1,1,1,0,0,1,1102.651648,54.10518283,1041.56723,5.318691117e-05,0,20.63164775,30,30,0.0009069047346,0.0009069047346,2.106486896
4312,0.015625,0.65625,-103.1955498,-103.1955498,6,4259,4174,1,0,0,0,0,1,215.9878555,0,0,0,0,0,55,28,0.004629889943,0.00462988994,2.408725497
4313,0,0.640625,-144.7045514,-144.7045514,6,4259,3522,1,0,0,0,0,1,14475.59349,0,0,0,0,0,13,5,6.908179622e-05,6.908179549e-05,0.2674359908
4314,0.0078125,0.6484375,-123.9500506,-123.9500506,7,4268,4259,1,0,0,0,0,1,47.04265909,0,0,0,0,0,119,59,0.02125730176,0.02125730176,0.4227179273
4315,0.0078125,0.625,-103.0459629,-103.0459629,7,3522,4270,1,1,1,0,0,1,345.8445502,173.8000643,292.6598826,0.0006918858589,0,91.7199752,9,9,0.002891472482,0.002891472482,1.779813628
4316,0.015625,0.6328125,-290.3334675,-290.3334675,7,4270,4268,1,0,0,0,0,1,232.5510948,0,0,0,0,0,53,23,0.00430013026,0.004300130253,4.75043157
4317,0.0234375,0.625,-281.6332298,-306.7710485,7,4270,4177,0,0,0,0,0,0,273.7807233,-22.00676111,267.1252973,9.100347434e-05,0,0,44,23,0.003652558106,0.003652558102,4.259488157
4318,0.015625,0.6171875,-322.7488516,-320.6505689,7,4270,4172,0,0,0,0,0,0,780.2623144,1.787490942,728.5317643,9.100347434e-05,0,0,37,19,0.001281620273,0.001281620269,2.447718673
4319,0.01171875,0.62109375,-313.1224643,-323.0088054,8,4265,4270,0,0,0,0,0,0,985.0644361,-36.37567134,853.4084467,0.0001566098394,0,0,17,10,0.001015162017,0.001015162016,1.553152204
4320,0.0390625,0.6015625,-291.4362501,-291.4362501,7,3859,4181,1,0,0,0,0,1,26.07979221,0,0,0,0,0,455,223,0.03834386378,0.03834386372,42.00158168
4321,0.0390625,0.6171875,-269.1415933,-272.3597846,7,4181,4177,0,0,0,0,0,0,153.631703,-3.809648786,151.5133914,9.100347434e-05,0,0,84,45,0.006509073197,0.006509073191,5.545321749
4322,0.0546875,0.6171875,-247.2787462,-243.6403549,7,4181,3584,0,0,0,0,0,0,43.8183368,-1.409520025,43.64429987,9.100347434e-05,0,0,277,137,0.02282149605,0.02282149602,18.66088604
4323,0.109375,0.609375,-118.1939412,-118.1939412,6,3517,3856,1,1,1,0,0,1,27.12338757,43.27304815,27.08431546,5.318691117e-05,0,30.32569623,210,210,0.03686855108,0.03686855108,28.44777146
4324,0.109375,0.578125,-178.5022193,-136.2998369,6,3856,3601,0,0,0,0,0,0,6.036517344,30.51846463,6.034579859,5.318691117e-05,0,0,473,243,0.1656584323,0.1656584323,0.8766145855
4325,0.078125,0.578125,-261.3405289,-260.7758842,6,3856,3581,0,0,0,0,0,0,8.51901097,-0.8566202017,8.515152755,5.318691117e-05,0,0,281,140,0.1173845184,0.1173845184,0.8024449385
4326,0.078125,0.609375,-223.8556862,-158.2530479,6,3856,3584,0,0,0,0,0,0,38.90352309,55.93231161,38.82319177,5.318691117e-05,0,0,342,168,0.02570461286,0.02570461283,2.135906905
4327,0.0625,0.609375,-245.7185333,-271.571344,6,3584,4180,0,0,0,0,0,0,3.355713059,-31.06668347,3.355114238,5.318691117e-05,0,0,501,252,0.2979992575,0.2979992575,1.339412152
4328,0.078125,0.59375,-242.5981075,-217.3120959,6,4180,3856,0,0,0,0,0,0,2.983040657,19.74021591,2.982567447,5.318691117e-05,0,0,462,236,0.3352284179,0.3352284179,1.817891304
4329,0.0625,0.578125,-283.203376,-292.2390622,6,4180,3581,0,0,0,0,0,0,10.9867519,-6.000497212,10.98033553,5.318691117e-05,0,0,245,122,0.09101871135,0.09101871131,1.501809033
4330,0.046875,0.59375,-289.7051116,-289.7051116,6,4180,3859,1,0,0,0,0,1,12.38137944,0,0,0,0,0,559,282,0.08076644486,0.08076644481,0.5404731289
4331,0.0546875,0.6015625,-266.0211676,-270.495812,7,4181,4180,0,0,0,0,0,0,41.05908415,-5.398024929,40.9062372,9.100347434e-05,0,0,359,182,0.02435514627,0.02435514623,25.49785589
4332,0.03125,0.6171875,-280.0730169,-314.710462,7,4177,4273,0,0,0,0,0,0,116.379937,1.844160181,115.1602769,9.100347434e-05,0,0,56,32,0.008592546327,0.008592546319,9.312344038
4333,0.0390625,0.609375,-278.512804,-314.3992479,7,4273,4181,0,0,0,0,0,0,84.94051853,0.4291999995,84.28897468,9.100347434e-05,0,0,156,81,0.01177294438,0.01177294436,12.515175
4334,0.03125,0.6015625,-339.4112289,-339.4112289,7,4273,3859,1,0,0,0,0,1,53.02988207,0,0,0,0,0,299,150,0.01885729255,0.01885729251,26.47138541
4335,0.0234375,0.609375,-354.2214207,-354.2214207,7,4273,4172,1,0,0,0,0,1,409.5317358,0,0,0,0,0,73,33,0.002441813204,0.002441813197,4.012617058
4336,0.0078125,0.59375,-397.1990109,-397.1990109,7,4061,4261,1,1,1,0,0,1,208.0156951,-92.44589904,252.5200784,9.100347434e-05,0,50.74433741,87,87,0.00480732956,0.00480732956,11.00381403
4337,0.015625,0.6015625,-372.8684942,-372.8684942,7,4261,4172,1,1,1,0,0,1,98.8474454,-23.25182593,110.2244971,9.100347434e-05,0,37.37116148,144,144,0.01011659933,0.01011659933,18.51931003
4338,0.0234375,0.59375,-515.997057,-515.997057,7,4261,3859,1,1,1,0,0,1,99.15258991,-60.99477245,504.9529609,9.100347434e-05,0,81.9760881,112,112,0.01008546525,0.01008546525,0.1601887331
4339,0.015625,0.5859375,-427.0103259,-427.0103259,7,4261,4171,1,0,0,0,0,1,11.17686922,0,0,0,0,0,302,147,0.08947049306,0.08947049302,1.08718499
4340,0.02734375,0.59765625,-337.3331805,-337.3331805,8,3859,4263,1,0,0,0,0,1,127.164831,0,0,0,0,0,157,77,0.007863809453,0.007863809439,11.09150493
4341,0.01953125,0.59765625,-405.7838179,-405.7838179,8,4263,4261,1,1,1,0,0,1,441.7248209,-59.34752641,476.9427825,0.0001566098394,0,41.2428699,65,65,0.002263852862,0.002263852862,5.355438467
4342,0.01953125,0.60546875,-315.2127461,-315.2127461,8,4263,4172,1,1,1,0,0,1,226.4661303,36.92266296,218.7092088,0.0001566098394,0,47.62826148,43,43,0.004415671335,0.004415671335,7.249384062
4343,0.02734375,0.60546875,-351.3630244,-345.0720753,8,4263,4273,0,0,0,0,0,0,314.7086562,15.66877981,299.9263448,0.0001566098394,0,0,97,51,0.003177542086,0.003177542081,6.46406119
4344,0.98828125,0.91796875,302.7248335,302.7248335,8,3843,3930,0,0,0,0,0,0,1e+300,0,1e+300,0,0,0,0,0,0,0,0
4345,0.99609375,0.91796875,322.193085,323.4524391,8,3930,3852,0,0,0,0,0,0,3957057.783,-34.14421636,6375.007831,0.0001566098394,0,0,2,1,2.527130143e-07,2.527129636e-07,0.003613364718
4346,0.99609375,0.91015625,378.6763701,241.3217325,8,3930,3785,0,0,0,0,0,0,2370.903844,-123.3113792,1728.93748,0.0001566098394,0,0,3,2,0.0004217800745,0.0004217800744,0.2355490192
4347,0.98828125,0.91015625,402.5358256,450.8767637,8,3930,3850,0,0,0,0,0,0,556.2383504,63.68233425,511.665906,0.0001566098394,0,0,1,1,0.00179779046,0.00179779046,0.8543739423
4348,0.99609375,0.921875,293.9514424,293.9514424,8,3852,3972,0,0,0,0,0,0,1e+300,0,1e+300,0,0,0,0,0,0,0,0
4349,0.9921875,0.91796875,312.4589592,312.4589592,8,3972,3930,0,0,0,0,0,0,1e+300,0,1e+300,0,0,0,0,0,0,0,0
4350,0.98828125,0.921875,274.4831909,274.4831909,8,3972,3843,0,0,0,0,0,0,1e+300,0,1e+300,0,0,0,0,0,0,0,0
4351,0.9921875,0.9375,707.2566873,780.7933445,7,3772,3923,0,0,0,0,0,0,118421865.4,-3.043343795,10987.57189,9.100347434e-05,0,0,28,14,8.444386486e-09,8.444386357e-09,4.309620444e-05
4352,0.984375,0.9296875,460.1369569,423.3206116,7,3923,3843,0,0,0,0,0,0,465.1887083,-31.3100334,446.2953359,9.100347434e-05,0,0,127,63,0.002149665248,0.002149665216,12.38477772
4353,0.9765625,0.9375,603.7930101,667.405927,7,3923,3784,0,0,0,0,0,0,2531.295616,3.711478343,2057.367286,9.100347434e-05,0,0,77,38,0.0003950546091,0.0003950545986,5.912784741
4354,0.9765625,0.9609375,414.0563479,554.6288401,7,3782,3826,0,0,0,0,0,0,907.4881156,117.0492198,838.2607138,9.100347434e-05,0,0,8,5,0.001101942805,0.001101942805,0.7154725772
4355,0.9921875,0.9609375,454.2640017,534.7176189,7,3826,3786,0,0,0,0,0,0,316.8967545,37.22949209,308.0140286,9.100347434e-05,0,0,6,4,0.003155601898,0.003155601897,1.372147317
4356,0.9921875,0.9453125,644.0111332,682.2808359,7,3826,3772,0,0,0,0,0,0,117568.5958,-26.18424298,10049.32742,9.100347434e-05,0,0,2,1,8.505672736e-06,8.505672286e-06,0.5955024165
4357,0.9765625,0.9453125,540.547456,447.2449151,7,3826,3784,0,0,0,0,0,0,847.2185303,-141.0779241,786.5738224,9.100347434e-05,0,0,6,2,0.001180333012,0.001180333011,0.6853748174
4358,0.984375,0.9453125,592.2792946,699.5378504,7,3923,3826,0,0,0,0,0,0,3.023855536e+12,51.14389135,10988.59141,9.100347434e-05,0,0,2,0,3.307036293e-13,0,0.3307036293
4359,0.98828125,0.92578125,388.3089304,285.6611115,8,3843,3929,0,0,0,0,0,0,735.2992014,-64.4376317,659.3694528,0.0001566098394,0,0,52,25,0.001359990597,0.001359990588,4.755875098
4360,0.98828125,0.93359375,583.6968221,651.129995,8,3929,3923,0,0,0,0,0,0,803.7809793,31.89632835,713.9135362,0.0001566098394,0,0,80,39,0.00124412001,0.001244120001,4.42629599
4361,0.99609375,0.93359375,635.4286607,723.5109318,8,3929,3772,0,0,0,0,0,0,10363.60855,44.20614536,3950.986801,0.0001566098394,0,0,66,33,9.649148704e-05,9.649148578e-05,0.361384531
4362,0.99609375,0.92578125,407.7771818,407.7771818,8,3929,3852,0,0,0,0,0,0,1e+300,-177.307384,3582.459244,0,0,0,0,0,0,0,0
4363,0.9921875,0.92578125,398.0430561,398.0430561,8,3972,3929,0,0,0,0,0,0,1e+300,0,1e+300,0,0,0,0,0,0,0,0
4364,0.01953125,0.61328125,-332.3752389,-324.4855094,8,4172,4274,0,0,0,0,0,0,1051.953429,3.965310713,903.1610291,0.0001566098394,0,0,32,13,0.0009506124252,0.0009506124219,1.895190514
4365,0.01953125,0.62109375,-302.1910407,-305.2826416,8,4274,4270,0,0,0,0,0,0,253.7795507,-0.01761652836,244.0787918,0.0001566098394,0,0,48,25,0.003940427813,0.003940427804,5.783994091
4366,0.02734375,0.62109375,-291.2596171,-294.6163001,8,4274,4177,0,0,0,0,0,0,158.9485301,-3.839252403,155.0879409,0.0001566098394,0,0,44,24,0.006291344748,0.00629134474,8.206436983
4367,0.02734375,0.61328125,-341.9918137,-294.0561484,8,4274,4273,0,0,0,0,0,0,758.3405726,42.99921141,677.8380847,0.0001566098394,0,0,25,13,0.00131866873,0.001318668726,1.795686774
4368,0.03125,0.4453125,-668.2662052,-414.1781871,7,3802,3976,0,0,0,0,0,0,1885.593159,210.145059,1609.423314,9.100347434e-05,0,0,12,6,0.0005303370959,0.0005303370944,0.5580055182
4369,0.0234375,0.453125,-733.55492,-730.7901602,7,3976,3854,0,0,0,0,0,0,1424.229085,-28.48045727,1260.815098,9.100347434e-05,0,0,7,3,0.0007021342358,0.0007021342351,0.9648413057
4370,0.03125,0.4609375,-484.357923,-434.5990252,7,3976,3799,0,0,0,0,0,0,5.111203244e+12,18.89191769,10988.59143,9.100347434e-05,0,0,1,0,1.956486472e-13,0,0.1956486472
4371,0.0546875,0.4453125,-338.4314648,-538.4719522,7,3574,3853,0,0,0,0,0,0,145.3163099,-177.8520999,143.4196865,9.100347434e-05,0,0,21,10,0.006881540005,0.006881540001,0.1083581057
4372,0.0390625,0.4453125,-558.3212917,-456.3077499,7,3853,3802,0,0,0,0,0,0,387.0044726,116.6388849,373.8383525,9.100347434e-05,0,0,20,11,0.002583949465,0.002583949463,0.2613121155
4373,0.0390625,0.4609375,-374.4130096,-397.6683264,7,3853,3799,0,0,0,0,0,0,1.048868592e+16,4.44600526,10988.59145,9.100347434e-05,0,0,1,0,9.534082799e-17,0,9.534082799e-05
4374,0.0546875,0.4609375,-573.5203042,100.1824589,7,3853,3863,0,0,0,0,0,0,191.1646246,844.7245042,187.8958669,9.100347434e-05,0,0,16,7,0.005231093368,0.005231093368,0.04009593701
4375,0.0390625,0.453125,-466.3671506,-320.8212766,7,3976,3853,0,0,0,0,0,0,716.8991344,111.9224266,672.9928697,9.100347434e-05,0,0,6,3,0.00139489637,0.001394896368,0.9471007617
4376,0.99609375,0.9296875,521.6029212,407.5403366,8,3974,3929,0,0,0,0,0,0,1522.76891,-40.09576973,1229.54604,0.0001566098394,0,0,38,19,0.0006566984611,0.0006566984548,1.773319998
4377,1,0.92578125,417.5113075,417.5113075,8,3974,3852,0,0,0,0,0,0,1e+300,0,1e+300,0,0,0,0,0,0,0,0
4378,1,0.93359375,645.1627864,472.7544481,8,3772,3974,0,0,0,0,0,0,3130.70077,-139.4846799,2100.720544,0.0001566098394,0,0,38,19,0.0003194173041,0.0003194172996,1.229615045
4379,0.01171875,0.63671875,-225.776244,-225.776244,8,4268,4310,1,0,0,0,0,1,278.7466046,0,0,0,0,0,45,24,0.003587487644,0.003587487642,3.755163788
4380,0.01171875,0.62890625,-304.1849801,-317.1058234,8,4310,4270,0,0,0,0,0,0,1044.87487,-82.41776891,897.9383215,0.0001566098394,0,0,11,4,0.0009570523978,0.0009570523967,1.247227641
4381,0.00390625,0.62890625,-17.02119269,-17.02119269,8,4310,3522,1,1,1,0,0,1,5979.746388,144.875605,4889.845206,6.315613072e-05,0,185.8266657,5,5,0.0001672311726,0.0001672311726,0.094475125
4382,0,0.6484375,329.4295873,329.4295873,7,4259,4313,1,1,1,0,0,1,1351.363666,372.1197132,1203.374163,9.100347434e-05,0,189.2444643,18,18,0.0007399932568,0.0007399932568,1.832960148
4383,0.0078125,0.640625,-213.0653099,-213.0653099,7,4313,4268,1,0,0,0,0,1,22.94641042,0,0,0,0,0,62,30,0.043579801,0.043579801,0.4288422962
4384,0,0.6328125,174.261159,174.261159,7,4313,3522,1,1,1,0,0,1,783.108238,402.1395223,790.9365381,9.100347434e-05,0,174.4100934,12,12,0.001276962687,0.001276962687,1.482709738
4385,0.00390625,0.63671875,-20.09390764,-20.09390764,8,4310,4313,1,1,1,0,0,1,415.7805514,131.7381539,390.3620022,0.0001566098394,0,66.70659611,17,17,0.002405114902,0.002405114902,1.890194883
4386,0.0234375,0.6640625,-190.7608902,-190.7608902,7,4174,4269,1,0,0,0,0,1,21.15306334,0,0,0,0,0,422,212,0.04727447669,0.04727447666,26.58880629
4387,0.0078125,0.6640625,-57.67425385,-57.67425385,7,4269,4259,1,1,1,0,0,1,102.134302,32.75335191,181.7141684,9.100347434e-05,0,23.32978302,73,73,0.00979102985,0.00979102985,7.518747857
4388,0.0078125,0.6796875,24.3650213,24.3650213,7,4269,3583,1,1,1,0,0,1,1696.414821,-99.69049928,1469.546722,9.100347434e-05,0,83.39114028,12,12,0.0005894784623,0.0005894784623,1.144610974
4389,0.046875,0.703125,-168.0008702,-168.0008702,6,3582,4175,1,0,0,0,0,1,25.55944504,0,0,0,0,0,187,92,0.03912448015,0.03912448013,0.6171187009
4390,0.015625,0.703125,105.4421636,105.4421636,6,4175,3583,1,0,0,0,0,1,445.0499031,0,0,0,0,0,51,28,0.002246939035,0.002246939031,1.682261476
4391,0.015625,0.734375,90.56081705,90.56081705,6,4175,3497,1,1,1,0,0,1,59.87748579,275.9190476,127.3473572,5.318691117e-05,0,90.47758503,160,160,0.01670076802,0.01670076802,18.27354375
4392,0.09375,0.84375,-106.0508338,-106.0508338,5,3518,3587,1,1,1,0,0,1,20.82691045,-70.21618942,20.79668741,6.97780782e-05,0,63.32189823,92,92,0.04801480288,0.04801480288,1.895729839
4393,0.09375,0.78125,-84.38980096,-84.38980096,5,3587,3521,1,0,0,0,0,1,8.699510596,0,0,0,0,0,319,158,0.114948995,0.114948995,1.907138275
4394,0.03125,0.78125,46.63334273,46.63334273,5,3587,3497,1,1,1,0,0,1,13.29956744,193.303615,14.45304609,6.97780782e-05,0,69.40400843,199,199,0.07519041538,0.07519041538,4.097261763
4395,0.03125,0.84375,30.76000861,68.97714762,5,3587,3520,0,0,0,0,0,0,138.8400957,-56.19322192,137.5079197,6.97780782e-05,0,0,130,64,0.007202530328,0.007202530315,7.663469799
4396,0.03125,0.75,-12.5303977,-12.5303977,5,3497,3604,1,1,1,0,0,1,117.5571651,129.2553843,317.3300293,6.97780782e-05,0,80.94314876,149,149,0.00850649979,0.00850649979,9.994934951
4397,0.0625,0.78125,-115.82399,-115.82399,5,3604,3587,1,0,0,0,0,1,6.557339846,0,0,0,0,0,484,241,0.1525008652,0.1525008652,3.50010973
4398,0.09375,0.75,-107.0037232,-107.0037232,5,3604,3521,1,0,0,0,0,1,18.5191281,0,0,0,0,0,718,358,0.05399822253,0.05399822247,42.81997435
4399,0.0625,0.71875,-147.6684879,-147.6684879,5,3604,3582,1,0,0,0,0,1,2.615279229,0,0,0,0,0,516,266,0.3823683486,0.3823683485,2.091594959
4400,0.046875,0.734375,-98.70775074,-98.70775074,6,4175,3604,1,1,1,0,0,1,58.2677627,51.38870962,277.0621625,5.318691117e-05,0,56.89705409,226,226,0.01716214857,0.01716214857,1.995520467
4401,0.015625,0.6875,-96.55811316,-96.55811316,6,3583,4258,1,1,1,0,0,1,175.1665099,-267.5482573,173.5496233,5.318691117e-05,0,42.17648604,25,25,0.005708853826,0.005708853826,4.707493964
4402,0.03125,0.703125,-113.0702003,-113.0702003,6,4258,4175,1,0,0,0,0,1,16.16569059,0,0,0,0,0,265,133,0.0618594049,0.06185940488,1.257097066
4403,0.046875,0.6875,-170.0784184,-170.0784184,6,4258,3582,1,1,1,0,0,1,76.51633112,-67.71498015,76.20619718,5.318691117e-05,0,74.41374415,94,94,0.01306910545,0.01306910545,8.076115079
4404,0.03125,0.671875,-186.8407205,-186.8407205,6,4258,4174,1,1,1,0,0,1,12.1712568,-46.71553762,17.67589925,5.318691117e-05,0,17.40326633,487,487,0.08216078391,0.08216078391,69.02024549
4405,0.0234375,0.6796875,-195.6844909,-195.6844909,7,4269,4258,1,1,1,0,0,1,468.8745284,-101.6804245,449.6867489,9.100347434e-05,0,25.19752061,44,44,0.002132766741,0.002132766741,2.462531984
4406,0.00390625,0.625,-322.4833968,69.37639268,8,3522,4315,0,0,0,0,0,0,2049.520692,282.3588634,1551.521056,0.0001566098394,0,0,7,4,0.0004879189579,0.0004879189577,0.7835728443
4407,0.0078125,0.62890625,-175.5722397,-199.8993996,8,4315,4310,0,0,0,0,0,0,2831.711021,-63.31246273,1961.733566,0.0001566098394,0,0,5,2,0.0003531433796,0.0003531433781,0.5931891184
4408,0.01171875,0.625,-310.3419096,-244.6602851,8,4315,4270,0,0,0,0,0,0,1353.125174,-43.50913801,1116.52032,0.0001566098394,0,0,11,5,0.0007390299283,0.0007390299265,1.260992082
4409,0.0078125,0.62109375,-290.0582884,-283.2492543,8,4315,4265,0,0,0,0,0,0,1401.942324,-94.71723783,1149.549564,0.0001566098394,0,0,11,6,0.0007132961056,0.0007132961038,1.518004189
4410,0.0546875,0.46875,-846.8743175,-439.7119861,7,3863,4096,0,0,0,0,0,0,5228.935015,273.2998785,3542.995951,9.100347434e-05,0,0,16,7,0.0001912435318,0.0001912435292,1.507205267
4411,0.046875,0.4609375,-530.9595854,-384.6888195,7,4096,3853,0,0,0,0,0,0,6543.325797,-34.85190824,4101.20199,9.100347434e-05,0,0,10,5,0.0001528274812,0.0001528274799,1.128722178
4412,0.0390625,0.46875,-549.7373307,-181.5126086,7,4096,3799,0,0,0,0,0,0,33265.0586,189.0715423,8260.022351,9.100347434e-05,0,0,2,2,3.006157337e-05,3.006157337e-05,0.1389150097
4413,0.0390625,0.4765625,-376.9501984,-499.0854071,7,3799,3864,0,0,0,0,0,0,26533.8643,-102.0270773,7770.541361,9.100347434e-05,0,0,4,2,3.768768803e-05,3.768768746e-05,0.1741554096
4414,0.0390625,0.4921875,-371.5093047,-484.7175676,7,3864,3860,0,0,0,0,0,0,13005.91629,-92.71523959,5956.225569,9.100347434e-05,0,0,6,3,7.688808524e-05,7.68880841e-05,0.3085990008
4415,0.0546875,0.4921875,-328.5129205,-427.4239626,7,3864,3600,0,0,0,0,0,0,5832.981262,-81.97211582,3810.360013,9.100347434e-05,0,0,5,4,0.0001714389187,0.0001714389181,0.7128379768
4416,0.0546875,0.4765625,-674.0871852,-798.2664864,7,3864,3863,0,0,0,0,0,0,168167.858,-58.78044296,10314.60431,9.100347434e-05,0,0,7,3,5.94643954e-06,5.946439167e-06,0.05162506438
4417,0.046875,0.4765625,-525.5186918,-484.4979801,7,4096,3864,0,0,0,0,0,0,2615.686085,-139.7170706,2112.769728,9.100347434e-05,0,0,8,4,0.0003823088733,0.000382308873,2.004988471
4418,0.00390625,0.609375,44.97809967,-45.28977145,8,4260,4303,0,0,0,0,0,0,63620.74113,-59.98903439,5802.88806,0.0001566098394,0,0,4,1,1.571814446e-05,1.57181429e-05,0.05320961142
4419,0.0078125,0.61328125,-194.9039527,-225.6823023,8,4303,4265,0,0,0,0,0,0,4096.868932,48.63666134,2495.640846,0.0001566098394,0,0,12,6,0.0002440888436,0.0002440888421,0.4043812637
4420,0.01171875,0.609375,-297.1860633,-325.7907377,8,4303,4172,0,0,0,0,0,0,201.8581649,-15.66684821,195.6723789,0.0001566098394,0,0,40,23,0.004953973501,0.004953973494,10.42811592
4421,0.01171875,0.60546875,-403.2293525,-366.1533861,8,4172,4264,0,0,0,0,0,0,514.3801136,-33.26644172,476.0323794,0.0001566098394,0,0,101,50,0.001944087599,0.001944087591,5.311978192
4422,0.01171875,0.59765625,-382.0577606,-382.0577606,8,4264,4261,1,1,1,0,0,1,227.0574084,-49.45864921,219.2606262,0.0001566098394,0,47.83097101,77,77,0.004404172526,0.004404172526,10.26138007
4423,0.00390625,0.59765625,-306.4816849,-306.4816849,8,4264,4061,1,0,0,0,0,1,215.8985255,0,0,0,0,0,76,36,0.004631805602,0.004631805595,6.450752752
4424,0.00390625,0.60546875,-270.4439069,-270.4439069,8,4264,4260,1,1,1,0,0,1,556.4751461,-262.3796252,511.8662649,0.0001566098394,0,75.68980051,11,11,0.00179702545,0.00179702545,2.549395691
4425,0.0078125,0.60546875,-232.147271,-304.4307358,8,4303,4264,0,0,0,0,0,0,413.5510712,-7.043756994,388.3961418,0.0001566098394,0,0,33,19,0.00241808103,0.002418081025,6.576484727
4426,0,0.6796875,103.0322891,350.2399829,7,3583,4311,0,0,0,0,0,0,2.940723895e+13,18.15880944,10988.59145,9.100347434e-05,0,0,1,0,3.400523258e-14,0,0.03400523258
4427,0.0078125,0.671875,-50.0114371,30.94528258,7,4311,4269,0,0,0,0,0,0,253.4964924,-35.53293712,247.7804304,9.100347434e-05,0,0,46,26,0.003944827759,0.003944827756,5.547873473
4428,0,0.6640625,368.6661762,368.6661762,7,4311,4259,1,1,1,0,0,1,9651.823646,339.4267295,7502.908079,6.315613072e-05,0,83.90056705,9,9,0.0001036073634,0.0001036073634,0.5532860677
4429,0.015625,0.59765625,-359.3024342,-359.3024342,8,4261,4337,1,0,0,0,0,1,483.6537738,0,0,0,0,0,91,45,0.002067594743,0.002067594736,4.948294724
4430,0.01171875,0.6015625,-351.7913896,-348.4977832,8,4337,4264,0,0,0,0,0,0,247.239133,-1.987860637,238.0228683,0.0001566098394,0,0,115,54,0.004044667151,0.004044667138,8.909890246
4431,0.015625,0.60546875,-416.8301819,-385.1783901,8,4337,4172,0,0,0,0,0,0,169.1006681,-25.93155691,164.7379415,0.0001566098394,0,0,98,47,0.00591363719,0.005913637174,12.72056748
4432,0.01953125,0.6015625,-374.853018,-351.5974056,8,4337,4263,0,0,0,0,0,0,262.4801443,14.16188818,252.1164021,0.0001566098394,0,0,67,31,0.003809811987,0.003809811979,4.133819751
4433,0.021484375,0.603515625,-405.3023989,-335.7567758,9,4263,4342,0,0,0,0,0,0,268.3507761,1.174448612,259.9964479,0.0001197405536,0,0,51,21,0.003726465839,0.003726465827,6.365652836
4434,0.017578125,0.603515625,-395.8416,-346.0783667,9,4342,4337,0,0,0,0,0,0,143.598281,-2.03662452,141.1709124,0.0001197405536,0,0,58,29,0.006963871665,0.006963871654,9.957139641
4435,0.017578125,0.607421875,-447.2795628,-321.7646705,9,4342,4172,0,0,0,0,0,0,272.9830156,8.654093447,264.3424187,0.0001197405536,0,0,44,22,0.003663231567,0.003663231561,5.087524237
4436,0.02734375,0.609375,-377.0110422,-357.499684,8,4273,4335,0,0,0,0,0,0,397.1701824,1.03098048,373.9125389,0.0001566098394,0,0,30,18,0.002517812374,0.002517812372,5.433936086
4437,0.0234375,0.60546875,-395.8719467,-342.1748535,8,4335,4263,0,0,0,0,0,0,368.8083884,14.26373181,348.6695746,0.0001566098394,0,0,47,22,0.002711435074,0.002711435068,5.470954309
4438,0.01953125,0.609375,-437.8491106,-356.8916352,8,4335,4172,0,0,0,0,0,0,1172.835915,-6.965510429,990.84064,0.0001566098394,0,0,23,9,0.00085263419,0.0008526341859,1.827703535
4439,0.0234375,0.61328125,-356.9003782,-387.4118706,8,4335,4274,0,0,0,0,0,0,8811.496388,-54.6587806,3702.360689,0.0001566098394,0,0,9,3,0.0001134881019,0.0001134881001,0.2346602465
4440,0.021484375,0.607421875,-416.8605286,-266.4133276,9,4342,4335,0,0,0,0,0,0,440.3020221,68.30770616,418.2509901,0.0001197405536,0,0,37,14,0.002271168311,0.002271168304,3.493166884
4441,0.01953125,0.59375,-352.0196654,-352.0196654,8,4261,4338,1,1,1,0,0,1,261.0563091,80.60377538,250.8025021,0.0001566098394,0,62.63720582,44,44,0.003830591198,0.003830591198,8.648165363
4442,0.0234375,0.59765625,-437.3264511,-437.3264511,8,4338,4263,1,0,0,0,0,1,825.0528122,0,0,0,0,0,52,29,0.001212043623,0.00121204362,3.037478788
4443,0.02734375,0.59375,-416.0037864,-416.0037864,8,4338,3859,1,0,0,0,0,1,655.4205555,0,0,0,0,0,74,32,0.001525737928,0.001525737921,3.514074945
4444,0.03125,0.5703125,-398.4482247,-382.7035887,7,4062,4183,0,0,0,0,0,0,193.4076899,24.66123496,190.0624442,9.100347434e-05,0,0,83,45,0.005170425233,0.005170425222,5.651010295
4445,0.0234375,0.578125,-406.1861414,-406.1861414,7,4183,4171,1,1,1,0,0,1,1185.592504,36.38463855,1070.13264,9.100347434e-05,0,142.7626278,36,36,0.0008434601235,0.0008434601235,2.103567923
4446,0.03125,0.5859375,-346.4619895,-346.4619895,7,4183,3859,1,0,0,0,0,1,6.259263009,0,0,0,0,0,164,83,0.1597632179,0.1597632179,0.8347800972
4447,0.0546875,0.5703125,-308.1937143,-285.187921,7,3581,4170,0,0,0,0,0,0,100.7919961,25.64377059,99.87589224,9.100347434e-05,0,0,131,57,0.009921422724,0.0099214227,8.459012079
4448,0.0390625,0.5703125,-368.3633879,-395.6142314,7,4170,4062,0,0,0,0,0,0,195.7544713,-20.42711839,192.3282707,9.100347434e-05,0,0,130,61,0.005108440145,0.00510844013,11.45090503
4449,0.0390625,0.5859375,-314.2793772,-314.2793772,7,4170,3859,1,0,0,0,0,1,4.441222974,0,0,0,0,0,188,99,0.2251632052,0.2251632052,1.298883077
4450,0.0546875,0.5859375,-289.7280045,-271.704625,7,4170,4180,0,0,0,0,0,0,77.68683582,16.26011433,77.14146327,9.100347434e-05,0,0,168,82,0.01287219372,0.0128721937,1.334843349
4451,0.0390625,0.578125,-341.1871834,-381.1339156,7,4183,4170,0,0,0,0,0,0,156.065768,-36.39833896,153.8802791,9.100347434e-05,0,0,105,55,0.006407555052,0.00640755504,6.984941378
4452,0.02734375,0.58984375,-364.0789562,-364.0789562,8,3859,4298,1,0,0,0,0,1,39.82721533,0,0,0,0,0,124,59,0.02510845892,0.02510845891,0.2440750535
4453,0.02734375,0.58203125,-411.9192817,-382.4983084,8,4298,4183,0,0,0,0,0,0,419.8430773,12.02451746,393.9408529,0.0001566098394,0,0,84,44,0.002381842298,0.002381842289,5.570628511
4454,0.01953125,0.58203125,-388.3106444,-388.3106444,8,4298,4171,1,1,1,0,0,1,402.9668351,71.8759208,379.0457954,0.0001566098394,0,114.9985593,53,53,0.002481593801,0.002481593801,6.862224341
4455,0.01953125,0.58984375,-378.9418854,-378.9418854,8,4298,4261,1,0,0,0,0,1,7.667432962,0,0,0,0,0,158,77,0.1304217467,0.1304217467,1.106347754
4456,0.0234375,0.58984375,-464.0722268,-464.0722268,8,4338,4298,1,0,0,0,0,1,36.13903697,0,0,0,0,0,76,35,0.02767090891,0.0276709089,0.3020446558
4457,0.021484375,0.599609375,-353.864436,-372.5151061,9,4263,4341,0,0,0,0,0,0,275.3300377,9.697217952,266.5426151,0.0001197405536,0,0,54,24,0.003632004733,0.003632004725,4.32177531
4458,0.021484375,0.595703125,-225.1120391,-225.1120391,9,4341,4338,1,1,1,0,0,1,1176.268543,235.7999087,1031.048415,0.0001197405536,0,106.9856444,13,13,0.000850146003,0.000850146003,2.061022334
4459,0.017578125,0.595703125,-375.760096,-375.760096,9,4341,4261,1,0,0,0,0,1,932.1933368,0,0,0,0,0,53,27,0.001072738841,0.00107273884,2.381765107
4460,0.017578125,0.599609375,-344.4036371,-378.674788,9,4341,4337,0,0,0,0,0,0,261.6148149,10.64805376,253.6684226,0.0001197405536,0,0,56,26,0.003822413499,0.003822413491,4.668398541
4461,0.21875,0.5078125,-12.08220203,-31.53175166,7,4044,4276,0,0,0,0,0,0,224.4778974,-12.99336048,219.9840051,9.100347434e-05,0,0,24,11,0.004454781569,0.004454781563,3.239982027
4462,0.2109375,0.515625,-1.060402679,20.57612993,7,4276,4201,0,0,0,0,0,0,2643.16017,25.81317037,2130.658484,9.100347434e-05,0,0,2,1,0.0003783349989,0.0003783349987,0.8940533303
4463,0.21875,0.5234375,-12.32990213,-23.90012054,7,4276,3901,0,0,0,0,0,0,314.2162824,-7.997501356,305.481119,9.100347434e-05,0,0,22,7,0.003182521263,0.003182521256,4.155773988
4464,0.25,0.515625,30.63344863,23.19006843,6,3498,4190,0,0,0,0,0,0,3.100852971,-7.24215084,3.100341648,5.318691117e-05,0,0,522,265,0.3224919108,0.3224919108,2.254524083
4465,0.234375,0.53125,10.32734974,4.963984497,6,4190,3901,0,0,0,0,0,0,60.19919134,-7.920445333,60.00706019,5.318691117e-05,0,0,256,129,0.01661151882,0.0166115188,23.89365157
4466,0.25,0.546875,35.58345469,23.205169,6,4190,3627,0,0,0,0,0,0,67.92378301,-12.04786642,67.67928103,5.318691117e-05,0,0,145,71,0.01472238376,0.01472238373,19.79642912
4467,0.28125,0.5,55.96256987,63.07956292,5,3498,3650,0,0,0,0,0,0,10.22267051,7.211022063,10.21538369,6.97780782e-05,0,0,454,227,0.09782179705,0.09782179702,0.9669571547
4468,0.3125,0.53125,65.85737381,97.59476982,5,3650,3631,0,0,0,0,0,0,402.6404266,31.73588832,391.6371935,6.97780782e-05,0,0,22,12,0.002483605555,0.002483605554,0.170712223
4469,0.34375,0.5,111.5708184,-1.450045177,5,3650,3528,0,0,0,0,0,0,205.6042227,-113.0120454,202.6962076,6.97780782e-05,0,0,28,14,0.004863713336,0.00486371333,0.3488581111
4470,0.3125,0.46875,34.25764608,34.25764608,5,3650,3620,1,1,1,0,0,1,4419.946625,-35.57131452,3378.091304,6.97780782e-05,0,40.96742699,19,19,0.000226247076,0.000226247076,0.519256256
4471,0.296875,0.546875,43.0006515,17.47935873,6,3631,4195,0,0,0,0,0,0,1631.354706,-25.52796343,1501.108453,5.318691117e-05,0,0,11,6,0.0006129874737,0.0006129874714,1.375636258
4472,0.296875,0.515625,60.90997184,65.76694301,6,4195,3650,0,0,0,0,0,0,3.733652149,4.903231834,3.732910862,5.318691117e-05,0,0,259,129,0.2678342706,0.2678342706,2.596272773
4473,0.265625,0.515625,33.10584756,35.3748751,6,4195,3498,0,0,0,0,0,0,2.059247816,2.357893591,2.059022302,5.318691117e-05,0,0,495,248,0.4856142093,0.4856142093,4.759672308
4474,0.265625,0.546875,38.05585363,42.22706831,6,4195,3627,0,0,0,0,0,0,431.8052957,4.389270633,422.1109315,5.318691117e-05,0,0,44,20,0.002315858582,0.002315858576,4.007318551
4475,0.265625,0.53125,35.58085059,3.65436127,6,4190,4195,0,0,0,0,0,0,3.574465186,-31.77302832,3.573785756,5.318691117e-05,0,0,281,139,0.2797621317,0.2797621316,2.242963796
4476,0.2265625,0.5234375,-2.300702733,0.7270326634,7,3901,4200,0,0,0,0,0,0,51.40515588,-0.9730943674,51.16579982,9.100347434e-05,0,0,170,81,0.01945330158,0.01945330155,17.27762577
4477,0.2421875,0.5234375,20.48039918,11.40356352,7,4200,4190,0,0,0,0,0,0,16.92848476,-10.25476103,16.90244568,9.100347434e-05,0,0,430,218,0.05907203239,0.05907203231,50.87766579
4478,0.2421875,0.5078125,18.00539615,6.02778728,7,4200,3498,0,0,0,0,0,0,15.15127353,-13.22012919,15.13041143,9.100347434e-05,0,0,433,219,0.06600105254,0.06600105246,46.13035494
4479,0.2265625,0.5078125,-2.053002633,2.072256854,7,4200,4044,0,0,0,0,0,0,37.435638,3.007901814,37.30853628,9.100347434e-05,0,0,177,87,0.02671251389,0.02671251385,16.95867765
4480,0.2265625,0.515625,-2.176852683,-15.54971723,7,4276,4200,0,0,0,0,0,0,194.2224015,-8.420992768,190.8491591,9.100347434e-05,0,0,44,17,0.005148736666,0.005148736653,5.748224204
4481,0.796875,0.546875,188.2158515,167.4441615,6,3733,4121,0,0,0,0,0,0,10.7400705,-21.09668733,10.73393893,5.318691117e-05,0,0,44,22,0.09310925849,0.09310925849,1.559699344
4482,0.796875,0.515625,133.9682127,173.994851,6,4121,3752,0,0,0,0,0,0,18.11533099,51.84839279,18.0978937,5.318691117e-05,0,0,372,188,0.05520186192,0.05520186188,8.868071411
4483,0.765625,0.515625,171.9201956,175.7113357,6,4121,3506,0,0,0,0,0,0,2.644825458,3.207677408,2.644453462,5.318691117e-05,0,0,1152,578,0.3780967841,0.3780967838,27.50991685
4484,0.65625,0.59375,196.5122099,204.0227133,5,3541,3680,0,0,0,0,0,0,4.421385064,7.383883989,4.420021417,6.97780782e-05,0,0,1994,994,0.2261734695,0.2261734693,17.88445839
4485,0.71875,0.59375,208.9354358,219.545913,5,3680,3555,0,0,0,0,0,0,4.989248188,10.5829913,4.987511835,6.97780782e-05,0,0,2911,1443,0.2004309993,0.200430999,9.369634113
4486,0.71875,0.53125,174.6856484,176.4937817,5,3680,3506,0,0,0,0,0,0,2.779411707,1.290796608,2.778872767,6.97780782e-05,0,0,1392,693,0.3597883672,0.3597883669,17.34342857
4487,0.65625,0.53125,163.283563,162.1803697,5,3680,3554,0,0,0,0,0,0,2.451926796,-1.221819847,2.451507365,6.97780782e-05,0,0,1949,970,0.4078425187,0.4078425182,51.86570012
4488,0.75,0.53125,180.8972613,164.1578568,5,3506,3727,0,0,0,0,0,0,12.5807707,-17.20717448,12.5697362,6.97780782e-05,0,0,976,492,0.07948638634,0.0794863863,2.21934519
4489,0.71875,0.5625,191.8105421,212.6363993,5,3727,3680,0,0,0,0,0,0,3.98865869,20.5534459,3.987548872,6.97780782e-05,0,0,1844,922,0.2507108474,0.2507108471,9.233179523
4490,0.75,0.59375,215.1470487,231.2024123,5,3727,3555,0,0,0,0,0,0,1.614360085,16.07744446,1.614178252,6.97780782e-05,0,0,3946,1965,0.6194404888,0.6194404882,41.45724317
4491,0.78125,0.5625,197.1929172,185.5036866,5,3727,3733,0,0,0,0,0,0,3.267429976,-11.8985352,3.266685189,6.97780782e-05,0,0,2324,1160,0.3060509352,0.3060509349,42.0359063
4492,0.765625,0.546875,189.0450893,169.6576331,6,4121,3727,0,0,0,0,0,0,4.13927531,-19.72599343,4.138364227,5.318691117e-05,0,0,828,413,0.2415881828,0.2415881826,17.07362285
4493,0.8125,0.515625,114.9922212,198.9601425,6,3752,4213,0,0,0,0,0,0,1253.634951,32.64197583,1175.271413,5.318691117e-05,0,0,19,9,0.0007976803769,0.0007976803733,2.641779949
4494,0.796875,0.53125,161.0920321,193.7237755,6,4213,4121,0,0,0,0,0,0,2181.825844,-30.97018652,1954.96299,5.318691117e-05,0,0,18,7,0.0004583317238,0.0004583317172,1.533925571
4495,0.8125,0.546875,169.23986,227.5973658,6,4213,3733,0,0,0,0,0,0,1068.822554,-5.115191529,1011.331043,5.318691117e-05,0,0,11,6,0.0009356089996,0.000935608996,3.386509387
4496,0.828125,0.53125,229.6340297,273.5580108,6,4213,4120,0,0,0,0,0,0,1733.552521,-5.332190145,1587.208263,5.318691117e-05,0,0,12,8,0.0005768501316,0.0005768501303,2.062290477
4497,0.01171875,0.67578125,-56.14458088,-67.5827403,8,4269,4388,0,0,0,0,0,0,392.1503329,-8.96552809,369.4600891,0.0001566098394,0,0,25,12,0.002550042461,0.002550042456,3.85833123
4498,0.00390625,0.67578125,200.5035273,170.1939531,8,4388,4311,0,0,0,0,0,0,372.1594263,20.75948807,351.6631516,0.0001566098394,0,0,19,10,0.002687020479,0.002687020475,3.891080961
4499,0.00390625,0.68359375,150.473167,182.0631273,8,4388,3583,0,0,0,0,0,0,3.471439818e+11,-24.92261422,6385.294726,0.0001566098394,0,0,4,0,2.880649103e-12,0,2.880649103
4500,0.0234375,0.7109375,-36.83025664,-36.83025664,7,4175,4390,1,0,0,0,0,1,11.22756254,0,0,0,0,0,212,103,0.08906652679,0.08906652678,0.804778701
4501,0.0234375,0.6953125,-163.9560415,-163.9560415,7,4390,4258,1,1,1,0,0,1,227.1099792,-193.7004428,222.5111634,9.100347434e-05,0,49.42784418,26,26,0.004403153061,0.004403153061,3.60526639
4502,0.0078125,0.6953125,247.7145839,247.7145839,7,4390,3583,1,0,0,0,0,1,2745.15816,0,0,0,0,0,36,19,0.0003642777362,0.0003642777324,0.835048721
4503,0,0.734375,44.62192518,44.62192518,6,3497,4257,1,0,0,0,0,1,22785.77564,0,0,0,0,0,11,3,4.388702917e-05,4.38870287e-05,0.3507370777
4504,0.015625,0.71875,55.72373187,55.72373187,6,4257,4175,1,0,0,0,0,1,56.18430165,0,0,0,0,0,166,82,0.01779856598,0.01779856597,0.527062281
4505,0,0.703125,340.2685724,340.2685724,6,4257,3583,1,0,0,0,0,1,9245.743649,0,0,0,0,0,24,16,0.0001081578765,0.0001081578742,1.307767669
4506,0.0078125,0.7109375,197.9961521,197.9961521,7,4390,4257,1,0,0,0,0,1,214.8147624,0,0,0,0,0,49,25,0.00465517355,0.004655173544,0.4731839153
4507,0.0078125,0.6875,150.6420134,53.68912524,7,3583,4401,0,0,0,0,0,0,5409.331539,-92.81275432,3624.906297,9.100347434e-05,0,0,13,4,0.0001848657256,0.0001848657244,0.757134435
4508,0.015625,0.6953125,-65.697424,-65.697424,7,4401,4390,1,1,1,0,0,1,964.5845638,-44.36984509,904.2604217,6.67153272e-05,0,124.0271535,8,8,0.00103671574,0.00103671574,0.9891853693
4509,0.0234375,0.6875,-55.63804153,-144.7709024,7,4401,4258,0,0,0,0,0,0,317.2007799,-73.12502624,308.3012412,9.100347434e-05,0,0,27,13,0.003152577369,0.003152577366,2.849070523
4510,0.015625,0.6796875,-55.97573443,0.3333020674,7,4401,4269,0,0,0,0,0,0,2991.402818,119.4343763,2351.310223,9.100347434e-05,0,0,13,4,0.0003342913211,0.0003342913201,0.5274923
4511,0.01171875,0.68359375,47.33313949,-26.33948971,8,4388,4401,0,0,0,0,0,0,1080.286905,9.805339197,923.9668976,0.0001566098394,0,0,10,2,0.000925680016,0.0009256800119,1.125857853
4512,0.0625,0.640625,-208.4185138,-216.0990339,6,3584,4178,0,0,0,0,0,0,12.90285096,-13.62134715,12.89400228,5.318691117e-05,0,0,394,197,0.0775022515,0.07750225144,2.22400462
4513,0.046875,0.65625,-213.6116626,-213.6116626,6,4178,4174,1,0,0,0,0,1,4.342399608,0,0,0,0,0,640,316,0.2302874195,0.2302874194,1.67753757
4514,0.0625,0.671875,-159.1793084,-146.4371483,6,4178,3582,0,0,0,0,0,0,2.747250925,25.72049562,2.746849561,5.318691117e-05,0,0,873,434,0.3640002415,0.3640002413,1.742767216
4515,0.109375,0.640625,-132.3476551,-120.1063286,6,3517,4173,0,0,0,0,0,0,10.60926998,3.413455211,10.60328682,5.318691117e-05,0,0,492,244,0.09425719224,0.0942571922,1.346847896
4516,0.078125,0.640625,-183.0615609,-182.2980073,6,4173,3584,0,0,0,0,0,0,27.41204299,-6.139621541,27.37213546,5.318691117e-05,0,0,441,219,0.03648031635,0.03648031632,1.144475096
4517,0.078125,0.671875,-133.8223555,-221.2571142,6,4173,3582,0,0,0,0,0,0,5.090947658,-75.4187713,5.089569546,5.318691117e-05,0,0,860,422,0.1964270834,0.1964270833,0.9382748801
4518,0.125,0.71875,-109.8004137,-97.55943863,5,3521,3607,0,0,0,0,0,0,11.23736302,-12.6998582,11.22855847,6.97780782e-05,0,0,222,106,0.08898884891,0.0889888489,0.764321543
4519,0.15625,0.6875,-108.9063031,-146.257931,5,3607,3579,0,0,0,0,0,0,517625.7334,-38.73056693,13945.06115,6.97780782e-05,0,0,4,1,1.93189777e-06,1.931897e-06,0.000842388125
4520,0.125,0.65625,-124.3403412,-135.7968296,5,3607,3517,0,0,0,0,0,0,20.23109213,-32.60329994,20.20257242,6.97780782e-05,0,0,357,176,0.04942886888,0.04942886886,0.7924571494
4521,0.09375,0.6875,-125.4648745,-125.4648745,5,3607,3582,1,0,0,0,0,1,10.91230735,0,0,0,0,0,1031,513,0.0916396476,0.09163964752,9.425118359
4522,0.109375,0.671875,-125.0776914,-128.2737687,6,4173,3607,0,0,0,0,0,0,6.000872508,-13.92095945,5.998957834,5.318691117e-05,0,0,743,368,0.1666424339,0.1666424338,2.693566236
4523,0.078125,0.65625,-158.4419582,-182.6154273,6,4178,4173,0,0,0,0,0,0,1.42714238,-21.61706292,1.427034061,5.318691117e-05,0,0,745,367,0.7007009348,0.7007009347,2.715747904
4524,0.0546875,0.6796875,-159.5479835,-174.7710325,7,3582,4266,0,0,0,0,0,0,8.487943781,2.966251151,8.481392479,9.100347434e-05,0,0,524,264,0.1178141639,0.1178141638,76.52530497
4525,0.0546875,0.6640625,-184.1675862,-137.0154587,7,4266,4178,0,0,0,0,0,0,3.995361086,55.88184644,3.993908934,9.100347434e-05,0,0,589,292,0.2502902687,0.2502902687,1.874275384
4526,0.0390625,0.6640625,-219.1625659,-219.1625659,7,4266,4174,1,0,0,0,0,1,23.21436051,0,0,0,0,0,497,252,0.04307678428,0.04307678424,36.21113013
4527,0.0390625,0.6796875,-122.7228944,-122.7228944,7,4266,4258,1,0,0,0,0,1,69.03986103,0,0,0,0,0,209,104,0.01448438605,0.01448438603,14.00713848
4528,0.03125,0.6796875,-177.711756,-148.0577681,7,4258,4404,0,0,0,0,0,0,1006.862307,-31.31383596,922.3493135,9.100347434e-05,0,0,30,14,0.0009931844633,0.000993184462,1.023784671
4529,0.0390625,0.671875,-190.5908521,-193.0098927,7,4404,4266,0,0,0,0,0,0,32.01602992,-0.3590187411,31.92301997,9.100347434e-05,0,0,319,161,0.03123435362,0.03123435359,24.68428642
4530,0.03125,0.6640625,-213.3788936,-213.3788936,7,4404,4174,1,0,0,0,0,1,28.79345269,0,0,0,0,0,409,209,0.03473011766,0.03473011763,25.25322948
4531,0.0234375,0.671875,-164.2227171,-164.2227171,7,4404,4269,1,0,0,0,0,1,62.96061643,0,0,0,0,0,208,103,0.01588294487,0.01588294486,13.42546621
4532,0.01953125,0.67578125,-159.2846083,-106.5764558,8,4269,4405,0,0,0,0,0,0,462.7122793,62.10961153,431.4473216,0.0001566098394,0,0,27,14,0.002161170223,0.002161170221,3.046262432
4533,0.01953125,0.68359375,-55.80688798,-171.6218039,8,4405,4401,0,0,0,0,0,0,243.8099316,-25.4081199,234.8429165,0.0001566098394,0,0,22,11,0.00410155564,0.004101555636,5.712273288
4534,0.02734375,0.68359375,-158.9469154,-148.0085077,8,4405,4258,0,0,0,0,0,0,143.2933806,-26.77763843,140.1482913,0.0001566098394,0,0,31,16,0.006978689428,0.006978689422,7.501509784
4535,0.02734375,0.67578125,-172.2299825,-181.0996111,8,4405,4404,0,0,0,0,0,0,305.4965577,10.21212899,291.5478121,0.0001566098394,0,0,42,21,0.003273359306,0.003273359302,3.407471243
4536,0,0.63671875,14.7783038,14.7783038,8,4313,4384,1,0,0,0,0,1,26374.07152,0,0,0,0,0,10,3,3.79160267e-05,3.791602503e-05,0.07533883876
4537,0.00390625,0.6328125,-144.7487179,129.8404844,8,4384,4310,0,0,0,0,0,0,728.9831973,127.7745522,654.2860181,0.0001566098394,0,0,13,9,0.00137177373,0.00137177373,1.455842508
4538,0,0.62890625,-297.70043,-54.33475188,8,4384,3522,0,0,0,0,0,0,1.384274598e+12,19.99484988,6385.294814,0.0001566098394,0,0,3,0,7.224000221e-13,0,0.7224000221
4539,0.005859375,0.634765625,-68.27286195,-50.73337661,9,4310,4385,0,0,0,0,0,0,519.8677757,44.36793734,489.4028149,0.0001197405536,0,0,9,6,0.001923566043,0.001923566042,1.314221739
4540,0.001953125,0.634765625,-184.4590759,149.8571602,9,4385,4384,0,0,0,0,0,0,490.844374,72.76869776,463.5969382,0.0001197405536,0,0,13,6,0.002037305617,0.002037305615,1.545930285
4541,0.001953125,0.638671875,112.6357512,112.6357512,9,4385,4313,1,1,1,0,0,1,1926.437795,83.02594396,2005.860924,4.369416476e-05,0,121.1061698,5,5,0.0005190928056,0.0005190928056,1.010488787
4542,0.01171875,0.64453125,-202.6880595,-202.6880595,8,4268,4314,1,0,0,0,0,1,62.1654748,0,0,0,0,0,62,30,0.01608609929,0.01608609928,0.1464979191
4543,0.00390625,0.64453125,-0.6322334258,-0.6322334258,8,4314,4313,1,1,1,0,0,1,292.2227811,134.1687655,279.4344726,0.0001566098394,0,123.5577631,15,15,0.003422046687,0.003422046687,2.811239107
4544,0.00390625,0.65234375,160.494056,160.494056,8,4314,4259,1,1,1,0,0,1,558.1834888,205.8865686,513.3113365,0.0001566098394,0,59.75900925,16,16,0.001791525583,0.001791525583,3.472051626
4545,0.0078125,0.65625,-34.83479137,-34.83479137,7,4259,4312,1,0,0,0,0,1,194.4833008,0,0,0,0,0,49,27,0.005141829637,0.005141829632,4.985546298
4546,0.015625,0.6640625,-122.4001317,-122.4001317,7,4312,4269,1,0,0,0,0,1,78.2478736,0,0,0,0,0,207,104,0.0127799,0.01277989999,13.62280033
4547,0.0234375,0.65625,-419.9216721,-419.9216721,7,4312,4174,1,1,1,0,0,1,28.81961501,-196.2462557,199.3061708,9.100347434e-05,0,82.97239286,156,156,0.03469858982,0.03469858982,0.247308634
4548,0.015625,0.6484375,-192.3108091,-192.3108091,7,4312,4268,1,0,0,0,0,1,16.68745956,0,0,0,0,0,87,43,0.05992523887,0.05992523886,0.5333037473
4549,0.01171875,0.65234375,-113.5728002,-113.5728002,8,4314,4312,1,0,0,0,0,1,146.2765127,0,0,0,0,0,78,41,0.006836367519,0.006836367515,4.317645194
4550,0.00390625,0.640625,161.3006262,161.3006262,8,4313,4383,1,1,1,0,0,1,1570.058551,340.2612979,1260.193765,0.0001566098394,0,106.6932464,10,10,0.0006369189222,0.0006369189222,1.090682715
4551,0.0078125,0.64453125,-199.1811561,-134.6693033,8,4383,4314,0,0,0,0,0,0,27.27583494,33.9033172,27.15981733,0.0001566098394,0,0,33,16,0.03666248905,0.03666248905,0.3776505261
4552,0.01171875,0.640625,-247.2456891,-247.2456891,8,4383,4268,1,0,0,0,0,1,1041.04236,0,0,0,0,0,26,12,0.0009605757062,0.0009605757046,1.38878837
4553,0.0078125,0.63671875,-101.7271353,-101.7271353,8,4383,4310,1,1,1,0,0,1,369.5551608,89.88499039,349.3369447,0.0001566098394,0,88.48743409,15,15,0.002705955987,0.002705955987,1.118562351
4554,0.005859375,0.638671875,-171.964937,-111.7708185,9,4385,4383,0,0,0,0,0,0,414.3954697,4.82198863,394.8052554,0.0001197405536,0,0,10,7,0.002413153794,0.002413153794,2.425131219
4555,0.046875,0.796875,-97.5138922,13.03101754,6,3587,4394,0,0,0,0,0,0,28.67664963,35.90770623,28.63297797,5.318691117e-05,0,0,142,68,0.03487157715,0.03487157714,2.160099061
4556,0.046875,0.765625,-45.90228474,-45.90228474,6,4394,3604,1,0,0,0,0,1,80.97534049,0,0,0,0,0,191,101,0.01234943866,0.01234943864,3.323235559
4557,0.015625,0.765625,201.7778503,201.7778503,6,4394,3497,1,1,1,0,0,1,548.5927105,279.739831,533.0397025,5.318691117e-05,0,98.23241941,38,38,0.001822845949,0.001822845949,4.701383887
4558,0,0.84375,74.09305499,273.7710051,5,3520,3592,0,0,0,0,0,0,228.6973241,-131.9870664,225.1050837,6.97780782e-05,0,0,42,19,0.004372591607,0.004372591597,7.849708153
4559,0.03125,0.8125,-40.31157647,-77.51671459,5,3592,3587,0,0,0,0,0,0,64.12309428,-266.2332653,63.83746082,6.97780782e-05,0,0,98,46,0.01559500537,0.01559500536,1.508284918
4560,0,0.78125,253.9772687,253.9772687,5,3592,3497,1,1,1,0,0,1,5658.834225,120.6183726,4056.911605,6.97780782e-05,0,240.8756398,20,20,0.0001767148427,0.0001767148427,0.8292687219
4561,0.015625,0.796875,-53.64331462,119.8660778,6,4394,3592,0,0,0,0,0,0,24.56379644,-137.8449355,24.53174639,5.318691117e-05,0,0,71,32,0.04071031944,0.04071031944,2.725176196
4562,0.015625,0.75,50.53265827,50.53265827,6,3497,4396,1,1,1,0,0,1,1935.990172,157.4574497,1755.252933,5.318691117e-05,0,89.25230342,14,14,0.0005165315477,0.0005165315477,1.260310491
4563,0.03125,0.765625,-61.07521711,-61.07521711,6,4396,4394,1,1,1,0,0,1,215.9153639,-77.75641312,213.4639709,5.318691117e-05,0,49.04234098,38,38,0.004631444386,0.004631444386,4.373613058
4564,0.046875,0.75,-75.48415496,-75.48415496,6,4396,3604,1,0,0,0,0,1,426.2581476,0,0,0,0,0,99,46,0.002345996213,0.002345996209,2.498044604
4565,0.03125,0.734375,-95.8165373,-95.8165373,6,4396,4175,1,0,0,0,0,1,94.06727343,0,0,0,0,0,151,71,0.01063068976,0.01063068974,10.3744494
4566,0.0546875,0.6953125,-134.9283809,-198.9519468,7,3582,4389,0,0,0,0,0,0,340.6288793,-36.37468455,330.3873949,9.100347434e-05,0,0,45,23,0.002935746382,0.002935746377,2.112914721
4567,0.0390625,0.6953125,-107.5192969,-107.5192969,7,4389,4258,1,0,0,0,0,1,403.5391296,0,0,0,0,0,35,17,0.002478074434,0.00247807443,2.503902666
4568,0.0390625,0.7109375,-173.5517736,-173.5517736,7,4389,4175,1,0,0,0,0,1,21.33775062,0,0,0,0,0,173,91,0.04686529607,0.04686529605,0.7945934814
4569,0.078125,0.703125,-136.5666812,-136.5666812,6,3582,4176,1,0,0,0,0,1,27.64645137,0,0,0,0,0,414,208,0.0361710075,0.03617100748,2.977330147
4570,0.078125,0.734375,-127.3361055,-127.3361055,6,4176,3604,1,0,0,0,0,1,3.687619981,0,0,0,0,0,743,375,0.2711776173,0.2711776172,1.35916703
4571,0.109375,0.734375,-110.537764,-98.66993265,6,4176,3521,0,0,0,0,0,0,5.367199976,-2.651072695,5.365668266,5.318691117e-05,0,0,392,189,0.1863168886,0.1863168886,1.992061812
4572,0.109375,0.703125,-117.8077277,-121.965735,6,4176,3607,0,0,0,0,0,0,10.71486789,-16.77990037,10.70876507,5.318691117e-05,0,0,325,156,0.0933282622,0.09332826217,1.556504476
4573,0.0625,0.734375,-143.0532,-143.0532,6,3604,4399,1,0,0,0,0,1,37.88208256,0,0,0,0,0,344,172,0.02639770394,0.02639770391,21.83794145
4574,0.078125,0.71875,-131.9513934,-131.9513934,6,4399,4176,1,0,0,0,0,1,10.33861689,0,0,0,0,0,423,210,0.09672473699,0.09672473695,0.734448777
4575,0.0625,0.703125,-152.2837757,-152.2837757,6,4399,3582,1,0,0,0,0,1,28.71728748,0,0,0,0,0,256,133,0.03482223036,0.03482223034,0.5870853274
4576,0.046875,0.71875,-163.3855824,-163.3855824,6,4399,4175,1,0,0,0,0,1,13.00215016,0,0,0,0,0,253,122,0.07691035619,0.07691035618,1.161483359
4577,0.0546875,0.7109375,-157.834679,-157.834679,7,4389,4399,1,0,0,0,0,1,11.27684698,0,0,0,0,0,215,109,0.0886772696,0.08867726958,0.52777601
4578,0.0390625,0.6875,-215.0000571,-215.0000571,7,4258,4403,1,1,1,0,0,1,270.8558155,-106.804142,264.3401427,9.100347434e-05,0,54.61536114,17,17,0.003692001215,0.003692001215,3.188315208
4579,0.046875,0.6953125,-140.9829717,-182.4452253,7,4403,4389,0,0,0,0,0,0,234.5772181,-13.37345807,229.6742827,9.100347434e-05,0,0,23,11,0.004262988571,0.004262988566,2.092820062
4580,0.0546875,0.6875,-140.6142966,-165.9372927,7,4403,3582,0,0,0,0,0,0,25.66129791,-2.445165178,25.60151154,9.100347434e-05,0,0,146,72,0.03896919024,0.0389691902,25.69107707
4581,0.046875,0.6796875,-165.6025744,-191.4087396,7,4403,4266,0,0,0,0,0,0,37.64702612,-7.176950908,37.5184874,9.100347434e-05,0,0,158,77,0.02656252308,0.02656252305,20.84209803
4582,0.0234375,0.7265625,-44.27092992,-44.27092992,7,4175,4391,1,0,0,0,0,1,49.41726595,0,0,0,0,0,230,115,0.02023584229,0.02023584226,16.85161029
4583,0.0078125,0.7265625,190.5554788,190.5554788,7,4391,4257,1,0,0,0,0,1,1735.907212,0,0,0,0,0,36,18,0.0005760676568,0.0005760676544,2.082049041
4584,0.0078125,0.7421875,154.5965646,154.5965646,7,4391,3497,1,1,1,0,0,1,29693.86297,222.7576549,10460.75639,6.67153272e-05,0,128.7979861,1,1,3.367699249e-05,3.367699249e-05,0.04720633763
4585,0.0234375,0.7421875,-5.112565938,0.3960937905,7,4391,4396,0,0,0,0,0,0,537.6338915,-38.70305412,512.55628,9.100347434e-05,0,0,61,27,0.001860001789,0.001860001783,3.065590606
4586,0.01171875,0.66796875,-129.675577,-100.1568292,8,4269,4387,0,0,0,0,0,0,142.3058642,-0.5654487035,139.2035054,0.0001566098394,0,0,60,32,0.0070271173,0.007027117292,8.702457127
4587,0.01171875,0.66015625,-80.43490184,-80.43490184,8,4387,4312,1,0,0,0,0,1,124.7094803,0,0,0,0,0,53,24,0.008018636573,0.008018636568,4.407936203
4588,0.00390625,0.66015625,212.9975433,212.9975433,8,4387,4259,1,1,1,0,0,1,1496.709641,225.2148393,1212.50024,0.0001566098394,0,173.2367608,10,10,0.0006681322631,0.0006681322631,1.775579521
4589,0.00390625,0.66796875,126.9725312,57.48265373,8,4387,4311,0,0,0,0,0,0,296.4676193,-50.97764299,283.3134478,0.0001566098394,0,0,35,20,0.003373049652,0.003373049646,4.201882092
4590,0,0.66796875,255.2965853,303.3566703,8,4311,4428,0,0,0,0,0,0,723.4955257,-18.20369381,649.8619328,0.0001566098394,0,0,7,4,0.001382178555,0.001382178553,1.713469648
4591,0.00390625,0.6640625,28.4263549,77.94510028,8,4428,4387,0,0,0,0,0,0,745.8425469,-77.54566361,667.8352005,0.0001566098394,0,0,12,6,0.00134076556,0.001340765558,1.711889566
4592,0,0.66015625,58.20423271,204.7154826,8,4428,4259,0,0,0,0,0,0,135215.0651,3.74068253,6097.357792,0.0001566098394,0,0,8,3,7.395625624e-06,7.395625273e-06,0.01160451896
4593,0.005859375,0.630859375,-105.03836,-10.55606528,9,4310,4381,0,0,0,0,0,0,723.8202326,83.01705933,666.0898059,0.0001197405536,0,0,6,4,0.001381558507,0.001381558506,1.43097264
4594,0.005859375,0.626953125,-142.0192592,172.7226656,9,4381,4315,0,0,0,0,0,0,1978.702898,232.7588828,1599.687395,0.0001197405536,0,0,2,1,0.0005053815817,0.0005053815815,0.9760242713
4595,0.001953125,0.626953125,-257.990072,104.7783657,9,4381,3522,0,0,0,0,0,0,3357.605987,274.7470243,2394.797692,0.0001197405536,0,0,5,1,0.0002978312536,0.0002978312512,0.5751902029
4596,0.001953125,0.630859375,-66.93973852,113.8002491,9,4381,4384,0,0,0,0,0,0,1439.064764,35.18359734,1227.541648,0.0001197405536,0,0,9,4,0.0006948957578,0.0006948957569,1.145370935
4597,0.009765625,0.599609375,-388.4748642,-342.3081776,9,4264,4422,0,0,0,0,0,0,213.3399589,8.794988811,208.0258461,0.0001197405536,0,0,69,36,0.004687354424,0.004687354413,7.609687189
4598,0.013671875,0.599609375,-351.9413143,-371.2034177,9,4422,4337,0,0,0,0,0,0,190.043022,6.259637592,185.8146504,0.0001197405536,0,0,72,35,0.00526196642,0.005261966407,9.404754675
4599,0.013671875,0.595703125,-410.3675047,-410.3675047,9,4422,4261,1,1,1,0,0,1,669.6386168,-46.45296618,619.9307677,0.0001197405536,0,79.39059025,21,21,0.00149334279,0.00149334279,3.655883354
4600,0.00390625,0.59375,-215.5269295,-215.5269295,8,4061,4336,1,1,1,0,0,1,319.5602064,129.4975359,304.3296419,0.0001566098394,0,67.83848877,24,24,0.00312930077,0.00312930077,2.99620211
4601,0.0078125,0.59765625,-358.6761629,-358.6761629,8,4336,4264,1,0,0,0,0,1,410.193171,0,0,0,0,0,73,36,0.002437875788,0.002437875782,4.987236746
4602,0.01171875,0.59375,-410.9769139,-410.9769139,8,4336,4261,1,1,1,0,0,1,456.6597492,-39.81697421,426.1804277,0.0001566098394,0,51.6320173,47,47,0.002189814192,0.002189814192,5.797566834
4603,0,0.5859375,-102.6861313,-102.6861313,7,4061,4262,1,1,1,0,0,1,172.9868471,218.9526691,170.3058239,9.100347434e-05,0,67.30528612,35,35,0.005780786323,0.005780786323,4.708503524
4604,0.0078125,0.578125,-430.9215471,-430.9215471,7,4262,4171,1,0,0,0,0,1,14.75181659,0,0,0,0,0,223,119,0.06778826145,0.06778826143,1.011158533
4605,0,0.5703125,-215.9222191,-215.9222191,7,4262,3585,1,1,1,0,0,1,83.3549549,153.3059878,115.10445,9.100347434e-05,0,66.39378761,61,61,0.0119968873,0.0119968873,8.445394739
4606,0.01171875,0.58203125,-495.2623352,-397.9772594,8,4171,4301,0,0,0,0,0,0,23.22823875,56.42126186,23.14404602,0.0001566098394,0,0,171,86,0.04305104707,0.04305104706,0.9494288578
4607,0.00390625,0.58203125,-377.0529914,-377.0529914,8,4301,4262,1,0,0,0,0,1,35.56637868,0,0,0,0,0,155,75,0.02811644135,0.02811644133,0.5359367887
4608,0.00390625,0.58984375,-345.9380243,-345.9380243,8,4301,4061,1,1,1,0,0,1,313.7633422,-4.119110486,381.28429,0.0001566098394,0,83.84802342,43,43,0.003187115464,0.003187115464,5.882779644
4609,0.01171875,0.58984375,-402.1958272,-402.1958272,8,4301,4261,1,1,1,0,0,1,204.7413266,-29.04575154,198.3803578,0.0001566098394,0,76.88591565,115,115,0.004884211783,0.004884211783,10.28715132
4610,0.0078125,0.58984375,-381.5325632,-381.5325632,8,4336,4301,1,1,1,0,0,1,208.7374889,17.33752268,202.1297958,0.0001566098394,0,47.65149364,59,59,0.004790706285,0.004790706285,8.287458998
4611,0.009765625,0.595703125,-324.5519364,-324.5519364,9,4422,4336,1,1,1,0,0,1,1632.326983,65.07161618,1365.443259,0.0001197405536,0,61.84763661,30,30,0.0006126223549,0.0006126223549,1.476985875
4612,0.017578125,0.59375,-437.0959502,-437.0959502,9,4261,4441,1,1,1,0,0,1,2265.573842,-88.18608857,1782.118759,0.0001197405536,0,76.16787396,10,10,0.000441389277,0.000441389277,1.429567835
4613,0.01953125,0.595703125,-387.9397327,-435.207792,9,4441,4341,0,0,0,0,0,0,1295.744238,-56.31040675,1121.707764,0.0001197405536,0,0,21,9,0.0007717572426,0.0007717572393,1.977044661
4614,0.021484375,0.59375,-279.7283922,-237.9564982,9,4441,4338,0,0,0,0,0,0,2134.64378,196.064072,1700.093941,0.0001197405536,0,0,19,12,0.0004684622369,0.0004684622364,1.050363246
4615,0.015625,0.58984375,-386.2715412,-386.2715412,8,4261,4339,1,1,1,0,0,1,489.1439714,0.1184874373,454.3394091,0.0001566098394,0,65.83252345,38,38,0.002044387866,0.002044387866,3.394740692
4616,0.01953125,0.5859375,-441.9355035,-443.5706603,8,4339,4298,0,0,0,0,0,0,475.4695188,-24.00090493,442.5181957,0.0001566098394,0,0,84,44,0.002103184243,0.002103184238,0.1370482021
4617,0.015625,0.58203125,-511.134749,-249.6578812,8,4339,4171,0,0,0,0,0,0,261.0352639,217.972949,250.7830784,0.0001566098394,0,0,118,55,0.003830900029,0.003830900012,0.2070607493
4618,0.01171875,0.5859375,-410.1906761,-251.2729811,8,4339,4301,0,0,0,0,0,0,138.8216789,162.5018564,135.8677987,0.0001566098394,0,0,142,69,0.007203485855,0.007203485837,0.446403814
4619,0.021484375,0.587890625,-407.3358808,-357.1737339,9,4298,4455,0,0,0,0,0,0,14.9175561,38.36548409,14.89095733,0.0001197405536,0,0,67,31,0.06703510906,0.06703510905,0.6349553299
4620,0.017578125,0.587890625,-391.4634671,-423.633703,9,4455,4339,0,0,0,0,0,0,22.43100449,-20.65709389,22.37091842,0.0001197405536,0,0,76,37,0.04458115108,0.04458115107,0.4367419208
4621,0.017578125,0.591796875,-362.3391298,-362.3391298,9,4455,4261,1,0,0,0,0,1,902.9334411,0,0,0,0,0,83,40,0.001107501344,0.001107501341,2.179937647
4622,0.021484375,0.591796875,-306.8812761,-306.8812761,9,4455,4338,1,1,1,0,0,1,487.1759166,140.6132713,460.3230987,0.0001197405536,0,72.80653994,26,26,0.002052646623,0.002052646623,5.031330592
4623,0.01953125,0.591796875,-314.3280149,-327.7566251,9,4441,4455,0,0,0,0,0,0,467.3632578,37.72586003,442.5946288,0.0001197405536,0,0,46,23,0.002139663278,0.00213966327,4.938654156
4624,0.328125,0.453125,76.82825167,57.08843762,6,3620,4284,0,0,0,0,0,0,47.96101612,-19.72184056,47.83898374,5.318691117e-05,0,0,196,95,0.02085026717,0.02085026712,39.43117341
4625,0.328125,0.484375,90.73580554,128.6358422,6,4284,3650,0,0,0,0,0,0,47.55650301,37.93999259,47.43651786,5.318691117e-05,0,0,12,5,0.02102761845,0.02102761845,1.186843183
4626,0.359375,0.484375,118.5508392,73.36206679,6,4284,3528,0,0,0,0,0,0,48.33922026,-45.18051251,48.21525816,5.318691117e-05,0,0,18,10,0.02068713551,0.02068713551,1.192972493
4627,0.40625,0.40625,97.33560607,95.28493052,5,3511,3621,0,0,0,0,0,0,2.363097703,-2.116807686,2.36270811,6.97780782e-05,0,0,481,240,0.4231733622,0.4231733621,4.684337405
4628,0.40625,0.46875,125.1507138,103.4077083,5,3621,3528,0,0,0,0,0,0,15.97895208,-21.76517279,15.9611557,6.97780782e-05,0,0,100,58,0.06258232675,0.06258232674,4.111615661
4629,0.46875,0.46875,124.4429832,142.7004703,5,3621,3488,0,0,0,0,0,0,1.276929312,18.22814375,1.276815545,6.97780782e-05,0,0,966,473,0.7831287065,0.7831287062,4.941357035
4630,0.46875,0.40625,110.1365226,121.8496982,5,3621,3535,0,0,0,0,0,0,1.921716713,11.6908363,1.921459058,6.97780782e-05,0,0,1019,499,0.5203680611,0.5203680608,4.192069302
4631,0.375,0.46875,125.5045791,124.3159903,5,3528,3653,0,0,0,0,0,0,240.3571546,-1.207168053,236.3924605,6.97780782e-05,0,0,77,48,0.00416047528,0.004160475273,1.930794889
4632,0.40625,0.4375,111.24316,100.6809858,5,3653,3621,0,0,0,0,0,0,2.975530702,-10.60632389,2.97491303,6.97780782e-05,0,0,470,242,0.3360745024,0.3360745023,6.571732255
4633,0.375,0.40625,97.68947137,77.23873134,5,3653,3511,0,0,0,0,0,0,1.644474191,-20.51328417,1.644285512,6.97780782e-05,0,0,683,345,0.6080971083,0.6080971081,9.591342306
4634,0.34375,0.4375,83.78199157,49.63179038,5,3653,3620,0,0,0,0,0,0,11.09501397,-34.15906691,11.08643098,6.97780782e-05,0,0,476,237,0.09013057599,0.0901305759,2.466578629
4635,0.359375,0.453125,104.6432853,83.06751142,6,4284,3653,0,0,0,0,0,0,54.01685538,-21.58949643,53.86211009,5.318691117e-05,0,0,198,96,0.01851274001,0.01851273996,35.39041112
4636,0.3125,0.484375,76.8282887,124.9463663,6,3650,4470,0,0,0,0,0,0,5222.230131,65.95961216,4087.037838,5.318691117e-05,0,0,1,1,0.0001914890717,0.0001914890717,0.6370178014
4637,0.328125,0.46875,83.7820286,40.24739234,6,4470,4284,0,0,0,0,0,0,1403.774015,-25.71994091,1306.246511,5.318691117e-05,0,0,4,4,0.0007123653731,0.0007123653731,1.545620629
4638,0.3125,0.453125,62.92073483,28.55571199,6,4470,3620,0,0,0,0,0,0,471.0724425,-16.5454707,459.5582616,5.318691117e-05,0,0,27,18,0.002122815749,0.002122815748,4.531736388
4639,0.296875,0.453125,49.01321799,51.46796507,6,3620,4283,0,0,0,0,0,0,7.356603803,2.504416554,7.353726473,5.318691117e-05,0,0,607,311,0.1359322898,0.1359322896,93.3050657
4640,0.265625,0.453125,31.01537637,31.92709485,6,4283,3623,0,0,0,0,0,0,5.552183271,1.01644533,5.550544176,5.318691117e-05,0,0,1098,554,0.1801093284,0.1801093282,161.284786
4641,0.265625,0.484375,35.10573818,29.20651598,6,4283,3498,0,0,0,0,0,0,7.282019375,-5.79587432,7.279200081,5.318691117e-05,0,0,715,358,0.1373245454,0.1373245452,103.9596172
4642,0.296875,0.484375,62.92077186,48.2123377,6,4283,3650,0,0,0,0,0,0,21.91869528,-14.63678226,21.89317249,5.318691117e-05,0,0,202,102,0.04562315354,0.04562315349,33.20511357
4643,0.296875,0.46875,55.96699492,48.55456084,6,4470,4283,0,0,0,0,0,0,234.9238706,10.43395725,232.0247504,5.318691117e-05,0,0,24,15,0.004256698127,0.004256698121,8.090638907
4644,0.125,0.78125,-201.4016646,-201.4016646,5,3521,3605,1,1,1,0,0,1,200.7439619,-120.3918701,193.5993174,2.968414509e-05,0,40.01758241,25,25,0.004981469881,0.004981469881,0.4024449019
4645,0.09375,0.8125,-98.29637389,-98.29637389,5,3605,3587,1,1,1,0,0,1,48.31493471,-32.12503259,61.67206029,6.97780782e-05,0,42.04810259,193,193,0.02069753392,0.02069753392,12.60607282
4646,0.125,0.84375,-48.77401359,-31.31029149,5,3605,3518,0,0,0,0,0,0,186110.8988,-25.80646852,13306.50411,6.97780782e-05,0,0,4,1,5.373140459e-06,5.373140135e-06,0.001588431818
4647,0.21875,0.78125,-60.11941483,-60.11941483,5,3494,3586,0,0,0,0,0,0,1e+300,0,1e+300,0,0,0,0,0,0,0,0
4648,0.15625,0.78125,-66.15780223,-66.15780223,5,3586,3521,1,0,0,0,0,1,1e+300,0,0,0,0,0,0,0,0,0,0
4649,0.15625,0.84375,-20.92995776,-20.92995776,5,3586,3518,1,0,0,0,0,1,1e+300,0,0,0,0,0,0,0,0,0,0
4650,0.21875,0.84375,88.33266716,88.33266716,5,3586,3531,0,0,0,0,0,0,1e+300,0,1e+300,0,0,0,0,0,0,0,0
4651,0.15625,0.8125,-43.54388,-43.54388,5,3605,3586,1,0,0,0,0,1,1e+300,0,0,0,0,0,0,0,0,0,0
4652,0.109375,0.859375,-44.1869396,-36.47251968,6,3518,4392,0,0,0,0,0,0,166.0285694,8.182872948,164.5752797,5.318691117e-05,0,0,45,18,0.006023059788,0.006023059778,4.175095169
4653,0.109375,0.828125,-62.10575174,-101.5272104,6,4392,3605,0,0,0,0,0,0,915.9897261,-33.47555679,873.4370402,5.318691117e-05,0,0,11,3,0.001091715302,0.0010917153,0.2362172828
4654,0.078125,0.828125,-70.8504159,-38.58556278,6,4392,3587,0,0,0,0,0,0,22.39097257,60.95162449,22.36433873,5.318691117e-05,0,0,145,72,0.04466085592,0.0446608559,2.798481759
4655,0.09375,0.90625,-23.14140108,-51.46738776,5,3518,3588,0,0,0,0,0,0,265.8020649,-81.65119537,260.9619624,6.97780782e-05,0,0,33,18,0.003762198011,0.003762198009,0.8019154162
4656,0.03125,0.90625,64.59975408,167.3189288,5,3588,3520,0,0,0,0,0,0,2192.163864,-25.02460507,1901.327359,6.97780782e-05,0,0,10,5,0.0004561702784,0.000456170278,0.6715479482
4657,0.03125,0.96875,-7.713800361,54.76654705,5,3588,3485,0,0,0,0,0,0,1.404726049e+13,1.643037777e-07,14331.14848,6.97780782e-05,0,0,2,0,7.11882577e-14,0,0.0711882577
4658,0.09375,0.96875,108.2824548,260.5100183,5,3588,3532,0,0,0,0,0,0,1440.572578,280.7801875,1308.992179,6.97780782e-05,0,0,12,7,0.0006941684266,0.0006941684262,0.5005192946
4659,0.03125,0.875,100.7565313,88.74816083,5,3520,3591,0,0,0,0,0,0,95.00043467,-60.77842251,94.37482886,6.97780782e-05,0,0,96,50,0.01052626763,0.01052626761,12.76963748
4660,0.0625,0.90625,20.7291765,-25.76562438,5,3591,3588,0,0,0,0,0,0,150.7663855,-25.42385115,149.1968069,6.97780782e-05,0,0,29,16,0.006632778233,0.00663277823,1.146939239
4661,0.09375,0.875,13.01537613,-37.29290945,5,3591,3518,0,0,0,0,0,0,84.90978484,-24.65976658,84.40967091,6.97780782e-05,0,0,62,28,0.01177720568,0.01177720567,2.076079472
4662,0.0625,0.84375,-13.64810017,-51.42543965,5,3591,3587,0,0,0,0,0,0,38.5843053,16.08949787,38.48070222,6.97780782e-05,0,0,165,86,0.02591727367,0.02591727366,5.550489843
4663,0.078125,0.859375,-0.3163620168,-93.79323044,6,4392,3591,0,0,0,0,0,0,11.18616222,-18.61225697,11.17951089,5.318691117e-05,0,0,118,58,0.08939616468,0.08939616465,3.4648564
4664,0.01953125,0.57421875,-366.4418576,-366.4418576,8,4171,4299,1,1,1,0,0,1,6013.938474,120.9235861,3097.027788,0.0001566098394,0,148.1487947,14,14,0.0001662803842,0.0001662803842,0.6551929807
4665,0.02734375,0.57421875,-437.8308739,-445.6243544,8,4299,4183,0,0,0,0,0,0,1012.9678,-20.64999218,874.2725664,0.0001566098394,0,0,36,17,0.0009871982114,0.0009871982071,4.989754221
4666,0.02734375,0.56640625,-462.4419749,-478.496758,8,4299,4062,0,0,0,0,0,0,531.5306391,-23.07085951,490.684615,0.0001566098394,0,0,29,18,0.001881359091,0.001881359084,8.486069257
4667,0.0078125,0.5625,-608.3936336,-608.3936336,7,3585,4182,1,1,1,0,0,1,1562.781436,-190.0562,1368.198264,9.100347434e-05,0,62.67329053,36,36,0.0006398847447,0.0006398847447,5.18118384
4668,0.015625,0.5703125,-467.1731361,-467.1731361,7,4182,4171,1,0,0,0,0,1,860.2940252,0,0,0,0,0,81,39,0.001162393287,0.001162393282,4.600030336
4669,0.0234375,0.5625,-431.9392027,-431.9392027,7,4182,4062,1,0,0,0,0,1,12014.20843,0,0,0,0,0,9,5,8.323478038e-05,8.323478032e-05,0.582513057
4670,0.015625,0.5546875,-518.746353,-500.3494207,7,4182,4064,0,0,0,0,0,0,49112.14951,22.55957997,8979.479081,9.100347434e-05,0,0,9,5,2.036156043e-05,2.036155943e-05,0.2455403093
4671,0.01953125,0.56640625,-512.0409859,-512.0409859,8,4299,4182,1,1,1,0,0,1,26254.64861,-131.5997807,14077.95784,4.369416476e-05,0,122.7965062,7,7,3.8088493e-05,3.8088493e-05,0.3388236094
4672,0.02734375,0.578125,-425.5253233,-438.7103393,8,4183,4445,0,0,0,0,0,0,715.2050152,-47.15407524,643.1652682,0.0001566098394,0,0,35,15,0.001398200486,0.001398200481,3.321493237
4673,0.0234375,0.57421875,-494.7245688,-439.4725192,8,4445,4299,0,0,0,0,0,0,15117.92369,0.1448196625,4489.207048,0.0001566098394,0,0,14,1,6.614664952e-05,6.614664372e-05,0.3419246626
4674,0.01953125,0.578125,-539.3127132,-422.9049654,8,4445,4171,0,0,0,0,0,0,3758.18813,34.32191191,2365.769169,0.0001566098394,0,0,24,14,0.0002660856683,0.0002660856672,1.997597541
4675,0.0234375,0.58203125,-470.1134677,-408.7291666,8,4445,4298,0,0,0,0,0,0,329.6877734,0.436635861,313.5009813,0.0001566098394,0,0,41,21,0.00303317284,0.003033172831,4.465201556
4676,0.1484375,0.5234375,-115.6902726,-145.0009717,7,3902,4052,0,0,0,0,0,0,2438.18809,-19.34276568,1995.43403,9.100347434e-05,0,0,2,1,0.0004101406302,0.0004101406302,0.5485702352
4677,0.1484375,0.5078125,13.65187725,13.65187725,7,4052,4042,1,1,1,0,0,1,16420.4824,123.8606088,6832.90145,8.567163307e-05,0,93.8879514,1,1,6.089955068e-05,6.089955068e-05,0.03379862043
4678,0.1328125,0.5078125,-127.1647892,-133.8197428,7,4052,3526,0,0,0,0,0,0,16.87240815,-2.969220683,16.84654116,9.100347434e-05,0,0,221,109,0.05926836236,0.05926836232,30.14154819
4679,0.078125,0.546875,-261.4902055,-267.462672,6,3581,3857,0,0,0,0,0,0,323.9408651,-2.271863959,318.4540878,5.318691117e-05,0,0,84,46,0.003086983174,0.003086983169,4.657435754
4680,0.109375,0.546875,-175.4418312,-200.5022077,6,3857,3601,0,0,0,0,0,0,83.8764891,-28.41236219,83.50396693,5.318691117e-05,0,0,233,118,0.01192229206,0.01192229205,3.167430116
4681,0.109375,0.515625,-175.7647669,-201.1707056,6,3857,3526,0,0,0,0,0,0,2.002210279,-23.80931613,2.001997084,5.318691117e-05,0,0,583,288,0.4994480402,0.4994480402,1.974200356
4682,0.078125,0.515625,-261.8131412,-241.1158585,6,3857,3600,0,0,0,0,0,0,2.406840121,29.34649349,2.406532055,5.318691117e-05,0,0,192,101,0.4154825205,0.4154825204,1.904918969
4683,0.125,0.515625,-132.7405797,-146.7905591,6,3526,3967,0,0,0,0,0,0,1.329911203,-15.97965084,1.32981714,5.318691117e-05,0,0,631,305,0.7519299017,0.7519299016,3.856368494
4684,0.109375,0.53125,-175.603299,-205.3448516,6,3967,3857,0,0,0,0,0,0,1.774996523,-30.61923411,1.774828967,5.318691117e-05,0,0,605,295,0.5633813853,0.5633813853,3.013170018
4685,0.125,0.546875,-132.417644,-142.1765645,6,3967,3601,0,0,0,0,0,0,21.79824685,-16.63720021,21.77300363,5.318691117e-05,0,0,211,113,0.04587524892,0.04587524887,24.07946359
4686,0.140625,0.53125,-121.2660631,-145.8603475,6,3967,3902,0,0,0,0,0,0,297.0838485,-20.24175541,292.4626543,5.318691117e-05,0,0,35,24,0.003366053069,0.003366053067,3.340724838
4687,0.1328125,0.5234375,-127.0033214,-125.2957401,7,4052,3967,0,0,0,0,0,0,17.55471451,2.919010042,17.52671489,9.100347434e-05,0,0,204,101,0.05696475435,0.05696475431,28.4594896
4688,0.15625,0.5078125,-96.96715565,-51.45691591,7,4042,4238,0,0,0,0,0,0,3624.446155,37.58865251,2725.481115,9.100347434e-05,0,0,1,1,0.000275904223,0.000275904223,0.5619999016
4689,0.1484375,0.515625,-111.3616531,-115.4586284,7,4238,4052,0,0,0,0,0,0,3.137294886e+12,-8.825656627,10988.59141,9.100347434e-05,0,0,1,0,3.187459376e-13,0,0.3187459376
4690,0.15625,0.5234375,-105.6243948,-105.5402467,7,4238,3902,0,0,0,0,0,0,2.9661455e+12,-1.50343298,10988.59141,9.100347434e-05,0,0,1,0,3.371378781e-13,0,0.3371378781
4691,0.1640625,0.515625,-21.33219831,45.79660729,7,4238,4051,0,0,0,0,0,0,4775.405113,57.9598231,3328.7863,9.100347434e-05,0,0,1,1,0.0002094063177,0.0002094063177,0.4265477659
4692,0,0.65234375,313.0450832,313.0450832,8,4259,4382,1,1,1,0,0,1,7923.068588,186.0005058,10558.86075,4.369416476e-05,0,132.7973277,8,8,0.000126213725,0.000126213725,1.459229536
4693,0.00390625,0.6484375,-138.1442988,76.08153275,8,4382,4314,0,0,0,0,0,0,2141.101481,-26.62081004,1603.439921,0.0001566098394,0,0,29,13,0.0004670493242,0.0004670493218,0.8036478521
4694,0,0.64453125,-150.6384377,147.7289902,8,4382,4313,0,0,0,0,0,0,31740.44138,55.396478,5315.886243,0.0001566098394,0,0,5,3,3.150554802e-05,3.1505548e-05,0.252669767
4695,0,0.60546875,162.1343997,157.3641455,8,4260,4304,0,0,0,0,0,0,3032.161712,2.554943887,2055.889128,0.0001566098394,0,0,12,8,0.0003297977137,0.0003297977131,1.016047298
4696,0.00390625,0.6015625,-194.3568338,-201.5525849,8,4304,4264,0,0,0,0,0,0,636.9212302,-44.27554478,579.1519094,0.0001566098394,0,0,43,18,0.001570052861,0.001570052858,1.197782322
4697,0,0.59765625,18.77980579,18.77980579,8,4304,4061,1,1,1,0,0,1,350.5879257,158.1560394,332.3405924,0.0001566098394,0,69.9452283,18,18,0.002852351512,0.002852351512,4.917812144
4698,0.005859375,0.603515625,-254.4142784,-278.3306507,9,4264,4424,0,0,0,0,0,0,890.2459063,16.96609037,804.4885982,0.0001197405536,0,0,22,8,0.001123285143,0.001123285138,3.32660767
4699,0.001953125,0.603515625,-16.11121701,-82.80518711,9,4424,4304,0,0,0,0,0,0,1024.821984,49.61856037,912.8087146,0.0001197405536,0,0,31,14,0.000975779224,0.0009757792163,3.045423194
4700,0.001953125,0.607421875,102.0769552,213.900958,9,4424,4260,0,0,0,0,0,0,769.1640207,197.1114573,704.2980791,0.0001197405536,0,0,14,9,0.001300112815,0.001300112811,3.875629205
4701,0.005859375,0.607421875,-160.4477009,-297.0352237,9,4424,4303,0,0,0,0,0,0,3964.657828,-24.50153749,2688.395136,0.0001197405536,0,0,5,3,0.0002522285764,0.0002522285762,0.8405144912
4702,0.017578125,0.576171875,-576.280302,-360.3164154,9,4171,4664,0,0,0,0,0,0,1440.598971,77.03674785,1228.657811,0.0001197405536,0,0,23,14,0.0006941557088,0.0006941557066,6.160419623
4703,0.021484375,0.576171875,-436.929876,-271.6262439,9,4664,4445,0,0,0,0,0,0,3040.988847,114.6992828,2229.252008,0.0001197405536,0,0,11,4,0.0003288404037,0.0003288404009,2.061286908
4704,0.021484375,0.572265625,-531.9008592,-411.5430462,9,4664,4299,0,0,0,0,0,0,3.805304803e+11,8.200578612,8351.389298,0.0001197405536,0,0,5,0,2.627910382e-12,0,2.627910382
4705,0.01171875,0.57421875,-552.571375,-622.7002116,8,4171,4300,0,0,0,0,0,0,598.2083603,-137.9136458,546.9657057,0.0001566098394,0,0,96,49,0.001671658349,0.001671658341,0.04062024058
4706,0.01171875,0.56640625,-462.2932839,-478.0412286,8,4300,4182,0,0,0,0,0,0,3174.70569,-34.33214954,2120.442546,0.0001566098394,0,0,44,21,0.0003149898282,0.0003149898258,1.466949189
4707,0.00390625,0.56640625,-437.801753,-437.801753,8,4300,3585,1,0,0,0,0,1,709.8453949,0,0,0,0,0,76,37,0.001408757466,0.00140875746,4.75769907
4708,0.00390625,0.57421875,-407.4273722,-407.4273722,8,4300,4262,1,0,0,0,0,1,532.1546113,0,0,0,0,0,66,36,0.001879153124,0.001879153118,4.194851743
4709,0.015625,0.56640625,-463.0528867,-494.3662255,8,4182,4668,0,0,0,0,0,0,3680.077363,-47.72794156,2334.576261,0.0001566098394,0,0,25,10,0.0002717334179,0.0002717334119,1.028871624
4710,0.01171875,0.5703125,-507.4323295,-393.4325735,8,4668,4300,0,0,0,0,0,0,1049.409123,70.81524896,901.2849325,0.0001566098394,0,0,55,24,0.0009529171969,0.0009529171868,4.604017373
4711,0.015625,0.57421875,-553.3309778,-345.2394674,8,4668,4171,0,0,0,0,0,0,1273.402098,142.4763032,1061.675101,0.0001566098394,0,0,53,27,0.000785297905,0.000785297897,6.331256662
4712,0.01953125,0.5703125,-508.9515351,-451.9539887,8,4668,4299,0,0,0,0,0,0,235241.259,18.15224341,6216.555152,0.0001566098394,0,0,3,2,4.250954975e-06,4.250954961e-06,0.05875597193
4713,0.017578125,0.572265625,-531.1412564,-402.263256,9,4664,4668,0,0,0,0,0,0,2542.583306,14.55116397,1949.160687,0.0001197405536,0,0,17,10,0.000393300781,0.0003933007778,3.229371151
4714,0,0.58984375,-63.07914706,-63.07914706,8,4061,4603,1,1,1,0,0,1,253.1586566,130.2272146,243.5044041,0.0001566098394,0,111.2778162,18,18,0.003950092062,0.003950092062,3.597415915
4715,0.00390625,0.5859375,-377.4309439,-377.4309439,8,4603,4301,1,1,1,0,0,1,267.7380432,-125.8329513,256.963459,0.0001566098394,0,50.35306053,51,51,0.003734994057,0.003734994057,5.977570108
4716,0,0.58203125,-135.169629,-135.169629,8,4603,4262,1,1,1,0,0,1,90.1933345,92.12405802,88.93708358,0.0001566098394,0,58.32977029,30,30,0.01108729382,0.01108729382,7.955484837
4717,0.009765625,0.59375,-227.7593833,-396.5367963,9,4336,4602,0,0,0,0,0,0,1048.062848,7.547970118,931.2011742,0.0001197405536,0,0,38,19,0.0009541412538,0.00095414125,0.8514851122
4718,0.01171875,0.595703125,-352.9640859,-395.9364047,9,4602,4422,0,0,0,0,0,0,1663.160289,0.5766447104,1386.951951,0.0001197405536,0,0,22,10,0.0006012649572,0.0006012649546,1.110667569
4719,0.013671875,0.59375,-244.3843319,-329.9808132,9,4602,4261,0,0,0,0,0,0,166.3837534,48.38397605,163.1336606,0.0001197405536,0,0,36,18,0.006010202195,0.006010202188,4.782021174
4720,0.009765625,0.587890625,-357.4243398,-394.5834536,9,4301,4609,0,0,0,0,0,0,142.9552971,6.786277776,140.5494356,0.0001197405536,0,0,121,62,0.006995193745,0.006995193731,10.44055576
4721,0.009765625,0.591796875,-270.9810355,-268.5663647,9,4609,4336,0,0,0,0,0,0,512.3687792,131.131969,482.7513462,0.0001197405536,0,0,61,33,0.001951719232,0.00195171923,1.680728691
4722,0.013671875,0.591796875,-287.605984,-342.5082359,9,4609,4261,0,0,0,0,0,0,462.9585236,31.47012075,438.6424205,0.0001197405536,0,0,29,15,0.002160020713,0.002160020708,2.597284968
4723,0.013671875,0.587890625,-374.0492883,-383.213441,9,4609,4339,0,0,0,0,0,0,153.2188463,31.38859939,150.4584588,0.0001197405536,0,0,78,37,0.006526612254,0.006526612241,11.63157439
4724,0.01171875,0.591796875,-279.2935098,-384.8585105,9,4602,4609,0,0,0,0,0,0,144.1060328,21.72485638,141.661614,0.0001197405536,0,0,47,24,0.006939334744,0.006939334734,6.572299188
4725,0.0078125,0.591796875,-262.6685612,-361.2067772,9,4336,4610,0,0,0,0,0,0,111.8615163,28.15989638,110.3830066,0.0001197405536,0,0,38,21,0.008939624929,0.008939624924,6.666830831
4726,0.009765625,0.58984375,-314.2026876,-380.255288,9,4610,4609,0,0,0,0,0,0,283.8205195,11.60998604,274.491958,0.0001197405536,0,0,86,47,0.003523353427,0.00352335342,4.577193511
4727,0.0078125,0.587890625,-349.1118655,-392.416873,9,4610,4301,0,0,0,0,0,0,167.9665016,-1.378801797,164.6548962,0.0001197405536,0,0,56,30,0.005953568065,0.005953568057,7.288416521
4728,0.005859375,0.587890625,-375.7549343,-375.7549343,9,4301,4608,1,1,1,0,0,1,569.3495005,-2.517122099,533.0118307,0.0001197405536,0,83.65604664,19,19,0.001756390405,0.001756390405,4.954121363
4729,0.001953125,0.587890625,-237.6234115,-237.6234115,9,4608,4603,1,1,1,0,0,1,426.4937161,-13.3184611,405.7715338,0.0001197405536,0,70.28701109,16,16,0.002344700431,0.002344700431,3.096714408
4730,0.001953125,0.591796875,-319.3740396,-319.3740396,9,4608,4061,1,0,0,0,0,1,900.8528808,0,0,0,0,0,34,21,0.001110059169,0.001110059168,1.898887543
4731,0.005859375,0.591796875,-254.356087,-349.65895,9,4608,4336,0,0,0,0,0,0,1469.991059,21.90877507,1249.97375,0.0001197405536,0,0,20,9,0.0006802762465,0.0006802762439,1.163832666
4732,0.005859375,0.58984375,-297.5777391,-341.4583464,9,4610,4608,0,0,0,0,0,0,413.0263993,22.27631902,393.5623746,0.0001197405536,0,0,24,12,0.002421152744,0.00242115274,3.310507214
4733,0.005859375,0.646484375,-149.7754738,-26.32986257,9,4314,4543,0,0,0,0,0,0,271.8932838,35.98590191,263.3204514,0.0001197405536,0,0,24,13,0.003677913577,0.003677913571,3.406396716
4734,0.005859375,0.642578125,-191.3273423,-124.3508412,9,4543,4383,0,0,0,0,0,0,4258.640772,-17.50086657,2820.418907,0.0001197405536,0,0,8,4,0.0002348167064,0.0002348167045,0.1477687839
4735,0.001953125,0.642578125,-161.1079156,101.8031683,9,4543,4313,0,0,0,0,0,0,6760.422399,174.4887633,3736.078834,0.0001197405536,0,0,9,4,0.0001479197513,0.0001479197499,0.2434944774
4736,0.001953125,0.646484375,198.411733,78.26116341,9,4543,4382,0,0,0,0,0,0,499.6963749,-86.16382526,471.4855462,0.0001197405536,0,0,24,12,0.002001215238,0.002001215235,2.305330333
4737,0.001953125,0.640625,-181.8838498,45.32699069,9,4313,4550,0,0,0,0,0,0,4976.542649,37.05662247,3118.341655,0.0001197405536,0,0,6,2,0.0002009427168,0.0002009427156,0.3251544823
4738,0.00390625,0.642578125,-176.2176289,53.60296424,9,4550,4543,0,0,0,0,0,0,32697.31645,-26.75988047,6652.293135,0.0001197405536,0,0,7,1,3.058354962e-05,3.058354801e-05,0.05167553755
4739,0.005859375,0.640625,-212.1032765,-62.83577976,9,4550,4383,0,0,0,0,0,0,273.7443247,-36.94176844,265.0562328,0.0001197405536,0,0,11,6,0.003653043771,0.003653043767,3.935661011
4740,0.00390625,0.638671875,-47.29695317,61.3399014,9,4550,4385,0,0,0,0,0,0,585.0972164,-9.280110777,546.7892365,0.0001197405536,0,0,11,8,0.001709117685,0.001709117684,2.3508231
4741,0.0185546875,0.5966796875,-425.7846454,-395.9262039,10,4341,4459,0,0,0,0,0,0,569.8417741,-5.154355107,0.2498903685,4,0,0,28,11,0.001754873099,0.001754873089,4.164949805
4742,0.0185546875,0.5947265625,-374.7459052,-367.7555291,10,4459,4441,0,0,0,0,0,0,1665.424443,-3.862167064,0.2499624777,4,0,0,21,9,0.0006004475342,0.0006004475308,1.85129919
4743,0.0166015625,0.5947265625,-310.3927525,-362.5164096,10,4459,4261,0,0,0,0,0,0,520.7555892,-1.75260737,0.2498800397,4,0,0,25,16,0.001920286639,0.001920286637,2.461083115
4744,0.015625,0.595703125,-276.6175349,-336.9231298,9,4261,4429,0,0,0,0,0,0,5080.328275,15.61415733,3158.776926,0.0001197405536,0,0,15,9,0.0001968376738,0.0001968376737,0.3454665056
4745,0.013671875,0.59765625,-385.1972889,-395.0033978,9,4429,4422,0,0,0,0,0,0,252.1025057,-24.31785056,244.7153106,0.0001197405536,0,0,49,24,0.003966640464,0.00396664045,11.51387634
4746,0.015625,0.599609375,-324.4589925,-365.6980607,9,4429,4337,0,0,0,0,0,0,455.0219899,0.3942427011,431.5112771,0.0001197405536,0,0,48,24,0.002197695984,0.002197695975,5.209449431
4747,0.017578125,0.59765625,-392.0094277,-395.5720509,9,4429,4341,0,0,0,0,0,0,630.1940012,-13.02671726,585.9763552,0.0001197405536,0,0,27,12,0.001586812947,0.001586812945,2.182144894
4748,0.0166015625,0.5966796875,-334.3134813,-369.4930838,10,4459,4429,0,0,0,0,0,0,957.0503892,-1.951773429,0.2499347122,4,0,0,17,10,0.001044877063,0.001044877059,2.059488691
4749,0.0166015625,0.59375,-284.8733824,-403.0307517,10,4261,4612,0,0,0,0,0,0,229.7337505,-11.61314749,0.2497282417,4,0,0,21,10,0.004352864993,0.004352864985,6.177398387
4750,0.017578125,0.5947265625,-342.5693288,-410.0829991,10,4612,4459,0,0,0,0,0,0,883.7835498,-3.661371668,0.2499293013,4,0,0,15,8,0.001131498771,0.001131498769,1.458224985
4751,0.0185546875,0.59375,-349.226535,-349.226535,10,4612,4441,0,0,0,0,0,0,1e+300,0,1e+300,0,0,0,0,0,0,0,0
4752,0.015625,0.591796875,-295.9184583,-363.1894186,9,4261,4615,0,0,0,0,0,0,591.7863356,2.822963078,552.6267491,0.0001197405536,0,0,28,14,0.001689799071,0.001689799069,1.999041163
4753,0.017578125,0.58984375,-347.4525847,-350.6791022,9,4615,4455,0,0,0,0,0,0,281.1779786,31.9264258,272.0195149,0.0001197405536,0,0,38,19,0.003556466281,0.003556466276,3.694962924
4754,0.015625,0.587890625,-382.3617626,-381.2625823,9,4615,4339,0,0,0,0,0,0,260.8366229,25.37348312,252.9367207,0.0001197405536,0,0,35,16,0.003833817464,0.003833817456,4.523374597
4755,0.013671875,0.58984375,-330.8276362,-388.6417504,9,4615,4609,0,0,0,0,0,0,276.4924258,5.589208902,267.6318431,0.0001197405536,0,0,26,12,0.003616735602,0.003616735593,6.29048201
4756,0.0185546875,0.5908203125,-329.9979958,-369.890452,10,4455,4621,0,0,0,0,0,0,249.3010483,0.7590465056,0.2497495502,4,0,0,62,31,0.004011214581,0.004011214568,7.705794789
4757,0.0166015625,0.5908203125,-321.6855215,-375.7072026,10,4621,4615,0,0,0,0,0,0,281.2497709,-1.398247827,0.249777975,4,0,0,31,15,0.003555558452,0.003555558445,3.453021562
4758,0.0166015625,0.5927734375,-278.4638693,-348.993732,10,4621,4261,0,0,0,0,0,0,1285.874791,5.062620102,0.2499514044,4,0,0,21,9,0.000777680694,0.0007776806911,1.410498103
4759,0.0185546875,0.5927734375,-342.8170219,-363.6162293,10,4621,4441,0,0,0,0,0,0,206.5924648,-6.430317418,0.2496978377,4,0,0,46,23,0.004840447598,0.004840447588,6.85627402
4760,0.017578125,0.5927734375,-310.6404456,-404.4821775,10,4612,4621,0,0,0,0,0,0,6740.814203,-4.768000174,0.2499907285,4,0,0,6,2,0.0001483500316,0.0001483500303,0.2740172032
4761,0.005859375,0.650390625,-108.2236054,0.5006774413,9,4314,4544,0,0,0,0,0,0,673.4454657,-17.75351804,623.1920485,0.0001197405536,0,0,21,10,0.00148490123,0.001484901226,2.45034661
4762,0.001953125,0.650390625,239.9636014,261.497771,9,4544,4382,0,0,0,0,0,0,925.9919035,16.50282233,833.5670079,0.0001197405536,0,0,14,6,0.001079923049,0.001079923046,2.657839756
4763,0.001953125,0.654296875,-36.45231022,42.61966575,9,4544,4259,0,0,0,0,0,0,829.691864,-54.3331194,754.7128323,0.0001197405536,0,0,14,8,0.00120526673,0.00120526673,1.452261618
4764,0.00390625,0.65625,-30.78608936,0.1441594454,8,4259,4545,0,0,0,0,0,0,1587.338554,0.94977002,1271.301988,0.0001566098394,0,0,10,6,0.0006299853282,0.0006299853276,0.4770436463
4765,0.0078125,0.66015625,-46.25452261,-46.25452261,8,4545,4387,1,0,0,0,0,1,947.0108068,0,0,0,0,0,31,14,0.001055954159,0.001055954154,1.686151712
4766,0.01171875,0.65625,-69.0151706,-69.0151706,8,4545,4312,1,0,0,0,0,1,366.3017105,0,0,0,0,0,36,19,0.002729989981,0.002729989978,2.090522278
4767,0.0078125,0.65234375,-79.392421,-79.392421,8,4545,4314,1,0,0,0,0,1,224.3564343,0,0,0,0,0,44,22,0.004457193319,0.004457193315,2.788851801
4768,0.005859375,0.654296875,-66.67173695,5.970384743,9,4544,4545,0,0,0,0,0,0,1427.196979,-56.81802087,1218.895787,0.0001197405536,0,0,8,2,0.0007006741289,0.000700674127,0.9921512201
4769,0.078125,0.796875,-88.79993436,-88.79993436,6,3587,4393,1,0,0,0,0,1,4.152547908,0,0,0,0,0,462,232,0.2408160056,0.2408160055,3.05860854
4770,0.109375,0.796875,-57.36574533,-57.36574533,6,4393,3605,1,0,0,0,0,1,70.00984074,0,0,0,0,0,41,23,0.01428370625,0.01428370625,0.3777491496
4771,0.109375,0.765625,-79.97966756,-79.97966756,6,4393,3521,1,0,0,0,0,1,137.4653058,0,0,0,0,0,38,21,0.007274562799,0.007274562795,1.379310721
4772,0.078125,0.765625,-111.4138566,-111.4138566,6,4393,3604,1,0,0,0,0,1,70.23933228,0,0,0,0,0,191,96,0.01423703739,0.01423703738,1.860928749
4773,0.125,0.765625,-72.04760454,-72.04760454,6,3521,4644,0,0,0,0,0,0,1e+300,-27.18329305,163.8163553,0,0,0,0,0,0,0,0
4774,0.109375,0.78125,-142.8957328,-142.8957328,6,4644,4393,1,0,0,0,0,1,95.08265653,0,0,0,0,0,24,13,0.01051716513,0.01051716513,1.785103252
4775,0.125,0.796875,-115.8716771,-115.8716771,6,4644,3605,1,0,0,0,0,1,5.691667188e+14,0,0,0,0,0,2,0,1.756954451e-15,0,0.001756954451
4776,0.15625,0.75,-110.6983933,-83.57012225,5,3521,3606,0,0,0,0,0,0,1.235822193e+13,5.623292584,14331.14847,6.97780782e-05,0,0,1,0,8.091778944e-14,0,0.08091778944
4777,0.1875,0.78125,-122.6362799,-122.6362799,5,3606,3586,0,0,0,0,0,0,1e+300,0,1e+300,0,0,0,0,0,0,0,0
4778,0.21875,0.75,-170.1913694,-170.1913694,5,3606,3494,0,0,0,0,0,0,1e+300,0,1e+300,0,0,0,0,0,0,0,0
4779,0.1875,0.71875,-148.7203877,-109.7059428,5,3606,3579,0,0,0,0,0,0,1.545691504e+12,2.155255749,14331.14836,6.97780782e-05,0,0,1,0,6.469596277e-13,0,0.6469596277
4780,0.171875,0.796875,-98.85873512,-98.85873512,6,3586,4648,0,0,0,0,0,0,1e+300,0,1e+300,0,0,0,0,0,0,0,0
4781,0.171875,0.765625,-116.6673366,-116.6673366,6,4648,3606,0,0,0,0,0,0,1e+300,0,1e+300,0,0,0,0,0,0,0,0
4782,0.140625,0.765625,-86.92084855,-86.92084855,6,4648,3521,0,0,0,0,0,0,1e+300,0,1e+300,0,0,0,0,0,0,0,0
4783,0.140625,0.796875,-48.24974596,-48.24974596,6,4648,3605,1,0,0,0,0,1,1e+300,0,0,0,0,0,0,0,0,0,0
4784,0.140625,0.78125,-78.01654782,-78.01654782,6,4644,4648,0,0,0,0,0,0,1e+300,0,1e+300,0,0,0,0,0,0,0,0
4785,0.021484375,0.583984375,-493.7424897,-405.5800432,9,4298,4454,0,0,0,0,0,0,413.6175074,-5.355094924,394.0990469,0.0001197405536,0,0,45,25,0.002417692632,0.002417692621,8.653086726
4786,0.021484375,0.580078125,-424.2104195,-403.8411716,9,4454,4445,0,0,0,0,0,0,768.3563582,-6.582785192,703.6208378,0.0001197405536,0,0,33,17,0.001301479436,0.001301479431,5.475331593
4787,0.017578125,0.580078125,-563.5608455,-454.591844,9,4454,4171,0,0,0,0,0,0,652.1146072,-6.305820892,604.8826121,0.0001197405536,0,0,59,28,0.001533472781,0.001533472768,8.552225788
4788,0.017578125,0.583984375,-477.1175412,-362.8428718,9,4454,4339,0,0,0,0,0,0,363.9218759,44.81946754,348.7257313,0.0001197405536,0,0,71,36,0.002747842507,0.002747842492,12.29157479
4789,0.0234375,0.7734375,-5.090686243,95.70511,7,4394,4557,0,0,0,0,0,0,163.4402233,-28.34447348,161.0449013,9.100347434e-05,0,0,44,25,0.006118444896,0.00611844489,8.602019404
4790,0.0234375,0.7578125,-28.31740142,57.75423781,7,4557,4396,0,0,0,0,0,0,1183.421043,-37.01755272,1068.363211,9.100347434e-05,0,0,23,11,0.0008450077901,0.000845007788,2.105874643
4791,0.0078125,0.7578125,-127.8776653,-16.9042537,7,4557,3497,0,0,0,0,0,0,104909.8107,-17.07757991,9946.73807,9.100347434e-05,0,0,6,2,9.531996991e-06,9.531995438e-06,0.01343271932
4792,0,0.796875,323.9299098,333.6104629,6,3592,4560,0,0,0,0,0,0,6217.286044,-28.26848536,4672.268513,5.318691117e-05,0,0,15,5,0.0001608418839,0.0001608418798,1.165766676
4793,0.015625,0.78125,104.5828458,107.2634397,6,4560,4394,0,0,0,0,0,0,1043.753962,-43.02226924,988.8584262,5.318691117e-05,0,0,36,18,0.0009580801959,0.0009580801899,2.203892023
4794,0,0.765625,-18.20413329,-131.9933321,6,4560,3497,0,0,0,0,0,0,13378.51765,-158.4027837,7816.554361,5.318691117e-05,0,0,6,2,7.474669663e-05,7.474669597e-05,0.1157588136
4795,0.0078125,0.7734375,43.18935624,225.0237989,7,4557,4560,0,0,0,0,0,0,522.2872117,-3.193719542,498.5892873,9.100347434e-05,0,0,27,15,0.001914655342,0.001914655337,3.047063161
4796,0.0078125,0.75,-139.4910229,-36.24224746,7,3497,4562,0,0,0,0,0,0,2.683753539e+14,39.36442034,10988.59145,9.100347434e-05,0,0,1,0,3.726124569e-15,0,0.003726124569
4797,0.015625,0.7578125,-78.09753336,150.9292174,7,4562,4557,0,0,0,0,0,0,1563.386495,24.72781839,1368.662018,9.100347434e-05,0,0,7,2,0.0006396370977,0.0006396370952,1.410842989
4798,0.0234375,0.75,-39.93075901,-8.57101999,7,4562,4396,0,0,0,0,0,0,423.9528778,-27.56281652,408.2038881,9.100347434e-05,0,0,28,13,0.002358752711,0.002358752706,6.295571484
4799,0.015625,0.7421875,9.068696336,53.31974602,7,4562,4391,0,0,0,0,0,0,957.8003222,-17.20901038,881.0088127,9.100347434e-05,0,0,22,12,0.001044058951,0.001044058946,3.573351127
4800,0.03125,0.6953125,-113.6325883,-192.3254843,7,4258,4402,0,0,0,0,0,0,671.6658714,-112.4991428,632.9758983,9.100347434e-05,0,0,23,14,0.00148883551,0.001488835507,1.488108848
4801,0.0234375,0.703125,-134.677917,-134.677917,7,4402,4390,1,1,1,0,0,1,155.2867162,-130.6402057,153.1228406,9.100347434e-05,0,103.8569964,27,27,0.006439700861,0.006439700861,3.164052713
4802,0.03125,0.7109375,-151.5220953,-108.6994413,7,4402,4175,0,0,0,0,0,0,22.86665518,37.45346023,22.81916974,9.100347434e-05,0,0,137,72,0.0437318004,0.04373180039,0.5628902607
4803,0.0390625,0.703125,-146.8210188,-82.76535018,7,4402,4389,0,0,0,0,0,0,79.34305023,57.80791155,78.77426121,9.100347434e-05,0,0,67,30,0.01260349832,0.01260349831,0.221475604
4804,0.01953125,0.69921875,36.84607984,-58.40287283,8,4390,4501,0,0,0,0,0,0,603.0845064,-28.96632503,551.0394036,0.0001566098394,0,0,13,7,0.001658142415,0.001658142414,1.178373361
4805,0.02734375,0.69921875,-69.78795007,-149.6597358,8,4501,4402,0,0,0,0,0,0,321.9097997,-11.14931015,306.4598582,0.0001566098394,0,0,24,12,0.00310646026,0.003106460256,3.521681108
4806,0.02734375,0.69140625,-50.84319655,-135.6461624,8,4501,4258,0,0,0,0,0,0,174.8998227,-30.29901676,170.2368592,0.0001566098394,0,0,27,12,0.005717558684,0.005717558677,5.160688282
4807,0.01953125,0.69140625,-56.82955346,-135.6762054,8,4501,4401,0,0,0,0,0,0,541.371405,-5.346245054,499.0591313,0.0001566098394,0,0,15,7,0.00184716073,0.001847160728,1.219722841
4808,0,0.638671875,-97.25351431,-74.62315806,9,4313,4536,0,0,0,0,0,0,1.574299451e+12,-9.60353153,8351.389437,0.0001197405536,0,0,2,0,6.352031687e-13,0,0.6352031687
4809,0.001953125,0.63671875,37.33338229,16.2528234,9,4536,4385,0,0,0,0,0,0,1347.93988,18.92280597,1160.613329,0.0001197405536,0,0,8,3,0.0007418728495,0.0007418728478,0.6424772949
4810,0,0.634765625,41.78772989,98.95605894,9,4536,4384,0,0,0,0,0,0,2222.648675,4.458795393,1755.450897,0.0001197405536,0,0,6,1,0.0004499136599,0.0004499136581,0.385545897
4811,0.0029296875,0.6376953125,35.10620849,65.36716846,10,4385,4541,0,0,0,0,0,0,786.0137097,19.09469275,0.2499205101,4,0,0,5,4,0.00127224244,0.00127224244,2.435014525
4812,0.0009765625,0.6376953125,-29.96006601,69.82936618,10,4541,4536,0,0,0,0,0,0,4975.786263,6.148089389,0.2499874398,4,0,0,4,2,0.0002009732627,0.0002009732622,0.3740142014
4813,0.0009765625,0.6396484375,-99.4806881,32.66084144,10,4541,4313,0,0,0,0,0,0,1556.540026,48.73800969,0.2499598533,4,0,0,4,1,0.0006424505525,0.0006424505504,0.9935728695
4814,0.0029296875,0.6396484375,82.73018384,165.1215156,10,4541,4550,0,0,0,0,0,0,2528.9987,28.15024406,0.2499752891,4,0,0,5,3,0.00039541341,0.0003954134096,0.6697570459
4815,0.0107421875,0.5966796875,-441.7503525,-350.6560183,10,4422,4611,0,0,0,0,0,0,352.5281742,2.650325653,0.2498228348,4,0,0,31,17,0.002836652708,0.0028366527,6.464829031
4816,0.0107421875,0.5947265625,-461.9253647,-373.3178741,10,4611,4602,0,0,0,0,0,0,282.7575135,-5.554780025,0.2497791578,4,0,0,29,13,0.003536599214,0.003536599205,5.322527673
4817,0.0087890625,0.5947265625,-385.5384293,-366.1698647,10,4611,4336,0,0,0,0,0,0,235.535269,-5.291803789,0.2497349283,4,0,0,32,13,0.004245648663,0.004245648654,4.78546946
4818,0.005859375,0.599609375,-323.5235743,-320.5584034,9,4264,4423,0,0,0,0,0,0,292.7645938,-7.23824238,282.8490941,0.0001197405536,0,0,30,14,0.003415713584,0.003415713579,2.441146675
4819,0.005859375,0.595703125,-317.5902606,-317.2170068,9,4423,4336,0,0,0,0,0,0,480.2741204,34.62800398,454.1563649,0.0001197405536,0,0,21,8,0.002082144254,0.002082144248,2.624201171
4820,0.001953125,0.595703125,-299.6458699,-299.6458699,9,4423,4061,1,0,0,0,0,1,1079.674311,0,0,0,0,0,37,19,0.0009262052361,0.0009262052348,0.9657982636
4821,0.001953125,0.599609375,-98.36388507,-114.6426661,9,4423,4304,0,0,0,0,0,0,230.4753645,35.80450136,224.2856966,0.0001197405536,0,0,41,21,0.004338858524,0.004338858519,4.300587606
4822,0.0078125,0.595703125,-360.3991245,-320.7643355,9,4336,4601,0,0,0,0,0,0,774.347889,57.17297285,708.6420037,0.0001197405536,0,0,33,12,0.001291409216,0.00129140921,2.081616655
4823,0.005859375,0.59765625,-320.5569175,-349.4273214,9,4601,4423,0,0,0,0,0,0,1268.108986,-16.84473546,1100.938067,0.0001197405536,0,0,14,4,0.0007885757541,0.0007885757497,2.006805652
4824,0.0078125,0.599609375,-366.3324382,-273.1120675,9,4601,4264,0,0,0,0,0,0,599.8013726,66.30039108,559.6098838,0.0001197405536,0,0,31,17,0.001667218592,0.001667218586,4.592639364
4825,0.009765625,0.59765625,-416.6110478,-408.6823579,9,4601,4422,0,0,0,0,0,0,1443.684555,-38.3167666,1230.90157,0.0001197405536,0,0,34,22,0.0006926720915,0.0006926720908,2.367065135
4826,0.0087890625,0.5966796875,-388.5050861,-338.4453189,10,4611,4601,0,0,0,0,0,0,427.0075488,3.170317115,0.2498537182,4,0,0,34,17,0.002341878973,0.002341878967,2.84279082
4827,0.01953125,0.5625,-418.673444,-412.9611662,8,4182,4669,0,0,0,0,0,0,41172.19148,16.06757924,5527.974716,0.0001566098394,0,0,4,2,2.428823835e-05,2.428823779e-05,0.1424842533
4828,0.0234375,0.56640625,-464.5720923,-452.2393384,8,4669,4299,0,0,0,0,0,0,6065.142394,0.2573553008,3110.551197,0.0001566098394,0,0,4,3,0.0001648765907,0.0001648765906,1.183410762
4829,0.02734375,0.5625,-420.1926496,-414.0454519,8,4669,4062,0,0,0,0,0,0,11971.17533,20.84170332,4164.171182,0.0001566098394,0,0,3,2,8.353398664e-05,8.35339858e-05,0.5643645949
4830,0.01953125,0.55078125,-574.8574944,-644.9573446,8,4064,4186,0,0,0,0,0,0,10392.64269,-70.71440903,3955.19936,0.0001566098394,0,0,10,5,9.622191676e-05,9.622191493e-05,0.7959716536
4831,0.01953125,0.55859375,-470.7347941,-444.1981949,8,4186,4182,0,0,0,0,0,0,22841.82731,33.23528056,4990.289546,0.0001566098394,0,0,6,2,4.377933457e-05,4.377933259e-05,0.3225960885
4832,0.02734375,0.55859375,-472.2539997,-477.5433013,8,4186,4062,0,0,0,0,0,0,7097.679178,5.748583906,3361.333648,0.0001566098394,0,0,6,2,0.0001408911244,0.0001408911231,0.815614207
4833,0.0625,0.515625,-312.9752978,-318.734213,6,3600,3861,0,0,0,0,0,0,4.129515442,-1.721379743,4.12860865,5.318691117e-05,0,0,97,47,0.2421591623,0.2421591622,2.487988627
4834,0.046875,0.53125,-377.7767903,-371.5107185,6,3861,3858,0,0,0,0,0,0,6.144210274,6.477987799,6.142203053,5.318691117e-05,0,0,168,82,0.1627548465,0.1627548465,1.21280593
4835,0.0625,0.546875,-307.9328261,-325.3249446,6,3861,3581,0,0,0,0,0,0,369.727663,-13.5836553,362.5973058,5.318691117e-05,0,0,89,47,0.002704693481,0.002704693477,2.714863928
4836,0.078125,0.53125,-265.1358829,-278.5988895,6,3861,3857,0,0,0,0,0,0,7.287443438,-10.77230952,7.284619944,5.318691117e-05,0,0,103,56,0.1372223344,0.1372223343,1.161046311
4837,0.0546875,0.5546875,-340.3335724,-311.0337269,7,3581,4058,0,0,0,0,0,0,458.4426516,31.19549887,440.0824665,9.100347434e-05,0,0,43,21,0.002181297915,0.002181297908,4.151117726
4838,0.0546875,0.5390625,-342.8548082,-328.4869373,7,4058,3861,0,0,0,0,0,0,101.8661912,16.37806051,100.9305471,9.100347434e-05,0,0,131,62,0.00981679975,0.009816799728,14.90448878
4839,0.0390625,0.5390625,-410.1775365,-411.7023624,7,4058,3858,0,0,0,0,0,0,192.547474,-3.225719625,189.2316642,9.100347434e-05,0,0,129,61,0.005193524377,0.005193524363,8.381637588
4840,0.0390625,0.5546875,-398.1039034,-427.7712606,7,4058,4062,0,0,0,0,0,0,685.1944096,-21.1866134,644.9768328,9.100347434e-05,0,0,26,15,0.001459439812,0.001459439808,3.068828717
4841,0.03125,0.5546875,-426.9890689,-508.2678002,7,4062,4185,0,0,0,0,0,0,2461.37212,-69.50544232,2010.935754,9.100347434e-05,0,0,11,5,0.0004062774548,0.0004062774525,2.109892446
4842,0.0390625,0.546875,-404.14072,-434.2022348,7,4185,4058,0,0,0,0,0,0,557.2111889,-26.67158981,530.3196579,9.100347434e-05,0,0,27,11,0.001794651687,0.001794651681,3.377756298
4843,0.03125,0.5390625,-439.062702,-435.2376187,7,4185,3858,0,0,0,0,0,0,525.7304981,5.416734749,501.7262573,9.100347434e-05,0,0,49,24,0.001902115254,0.001902115244,4.668457445
4844,0.0234375,0.546875,-529.5925636,-425.7134774,7,4185,4064,0,0,0,0,0,0,3500.99573,103.9999308,2655.079905,9.100347434e-05,0,0,34,20,0.0002856330247,0.0002856330201,2.417149785
4845,0.02734375,0.55078125,-478.2908163,-489.5897507,8,4186,4185,0,0,0,0,0,0,4299.297345,-5.351867689,2569.333549,0.0001566098394,0,0,11,6,0.0002325961476,0.0002325961458,1.621936766
4846,0.0234375,0.55859375,-471.4943969,-504.5604184,8,4669,4186,0,0,0,0,0,0,9369.198304,-24.19773802,3797.335342,0.0001566098394,0,0,3,1,0.000106732718,0.0001067327169,0.80170415
4847,0.021484375,0.568359375,-486.7618137,-459.5654663,9,4299,4671,0,0,0,0,0,0,6802.498961,32.97267546,3748.89379,0.0001197405536,0,0,5,3,0.0001470048001,0.000147004799,1.962363757
4848,0.021484375,0.564453125,-441.6227681,-417.0719784,9,4671,4669,0,0,0,0,0,0,5154.902036,54.92741998,3187.447464,0.0001197405536,0,0,4,2,0.0001939901075,0.0001939901068,0.9028467821
4849,0.017578125,0.564453125,-440.8631653,-509.3264877,9,4671,4182,0,0,0,0,0,0,4068.638655,-40.25629415,2735.805885,0.0001197405536,0,0,8,4,0.0002457824557,0.000245782454,1.591926273
4850,0.017578125,0.568359375,-486.0022109,-481.3818088,9,4671,4668,0,0,0,0,0,0,3471.532069,8.227128105,2452.195617,0.0001197405536,0,0,9,5,0.0002880572555,0.0002880572542,2.145726129
4851,0.00390625,0.5625,-415.6350328,-492.7537706,8,3585,4667,0,0,0,0,0,0,1162.848919,18.61344933,983.7032041,0.0001566098394,0,0,34,16,0.0008599569419,0.000859956939,3.030909257
4852,0.0078125,0.56640625,-461.5336811,-532.7784103,8,4667,4300,0,0,0,0,0,0,923.4714288,2.056757764,806.7897006,0.0001566098394,0,0,35,18,0.001082870535,0.00108287053,3.889709208
4853,0.01171875,0.5625,-417.1542384,-498.8752294,8,4667,4182,0,0,0,0,0,0,1033.242575,18.35040023,889.3341253,0.0001566098394,0,0,31,16,0.0009678269404,0.000967826935,4.273781037
4854,0.01171875,0.55078125,-573.3382889,-575.727353,8,4064,4169,0,0,0,0,0,0,7355.682836,-7.342827143,3418.112217,0.0001566098394,0,0,18,8,0.0001359493092,0.0001359493052,1.6462183
4855,0.00390625,0.55078125,-499.5706421,-382.6235618,8,4169,4164,0,0,0,0,0,0,1107.128819,116.1772827,943.532328,0.0001566098394,0,0,42,18,0.0009032372589,0.0009032372483,5.052940213
4856,0.00390625,0.55859375,-467.6963829,-404.4950469,8,4169,3585,0,0,0,0,0,0,1004.52215,61.22160913,867.9741478,0.0001566098394,0,0,40,21,0.0009954982073,0.000995498201,5.891783248
4857,0.01171875,0.55859375,-469.2155885,-466.94743,8,4169,4182,0,0,0,0,0,0,7092.533544,4.627635798,3360.179145,0.0001566098394,0,0,11,6,0.0001409933409,0.0001409933392,0.8919255295
4858,0.0078125,0.55859375,-468.4559857,-586.8559096,8,4667,4169,0,0,0,0,0,0,3400.895233,-24.15475477,2219.016658,0.0001566098394,0,0,17,9,0.0002940402251,0.0002940402205,1.141762525
4859,0.001953125,0.59375,-229.0058759,-194.4694329,9,4061,4600,0,0,0,0,0,0,1094.727693,59.70464297,967.8577104,0.0001197405536,0,0,11,7,0.0009134691726,0.0009134691722,0.7046394158
4860,0.00390625,0.595703125,-274.7813967,-209.7118661,9,4600,4423,0,0,0,0,0,0,953.1284188,51.29208252,855.4926474,0.0001197405536,0,0,16,7,0.001049176565,0.001049176561,1.12912285
4861,0.005859375,0.59375,-314.6236037,-328.9070553,9,4600,4336,0,0,0,0,0,0,188.1313859,-22.54838422,183.9867249,0.0001197405536,0,0,25,11,0.005315434187,0.005315434177,7.833206299
4862,0.00390625,0.591796875,-280.5400023,-232.2749945,9,4600,4608,0,0,0,0,0,0,1184.756228,48.45166838,1037.563918,0.0001197405536,0,0,20,10,0.0008440554911,0.0008440554887,1.240016514
4863,0,0.654296875,137.6412932,5.806404907,9,4259,4692,0,0,0,0,0,0,432.5715559,-167.3885105,411.2693039,0.0001197405536,0,0,9,6,0.002311756255,0.002311756254,2.601905054
4864,0.001953125,0.65234375,226.0043238,56.78837204,9,4692,4544,0,0,0,0,0,0,1209.435782,-180.0005595,1056.443246,0.0001197405536,0,0,13,8,0.000826831829,0.0008268318277,1.02204922
4865,0,0.650390625,414.0572048,313.1466353,9,4692,4382,0,0,0,0,0,0,3484.450168,-8.09044353,2458.634228,0.0001197405536,0,0,4,2,0.0002869893245,0.0002869893237,0.637907987
4866,0.109375,0.8125,-58.87460853,-139.7378968,6,3605,4645,0,0,0,0,0,0,427.7072931,-75.52909535,418.1940354,5.318691117e-05,0,0,18,8,0.002338047576,0.002338047575,0.6994418669
4867,0.09375,0.796875,-91.34308742,-91.34308742,6,4645,4393,1,0,0,0,0,1,84.86788255,0,0,0,0,0,123,70,0.0117830205,0.01178302049,7.343737377
4868,0.078125,0.8125,-85.95442092,-76.28274591,6,4645,3587,0,0,0,0,0,0,24.175561,19.4115892,24.14451542,5.318691117e-05,0,0,231,115,0.04136408665,0.04136408662,11.39306078
4869,0.09375,0.828125,-89.9191629,-68.41427469,6,4645,4392,0,0,0,0,0,0,49.69997176,34.94609637,49.56894181,5.318691117e-05,0,0,75,33,0.02012073578,0.02012073576,3.882582265
4870,0.015625,0.62890625,-289.0121767,-286.7332158,8,4270,4316,0,0,0,0,0,0,411.1809053,8.06488015,386.3048161,0.0001566098394,0,0,22,10,0.002432019549,0.002432019544,3.74584452
4871,0.01171875,0.6328125,-217.080854,-266.5115253,8,4316,4310,0,0,0,0,0,0,1102.052488,-36.27763957,939.8428787,0.0001566098394,0,0,16,6,0.0009073977971,0.0009073977942,1.199699305
4872,0.015625,0.63671875,-285.8797679,-285.8797679,8,4316,4268,1,0,0,0,0,1,568.4051982,0,0,0,0,0,23,12,0.00175930833,0.001759308329,2.038238893
4873,0.03125,0.6328125,-269.2677869,-267.8447963,7,4177,4271,0,0,0,0,0,0,79.80651061,-5.148496909,79.23108143,9.100347434e-05,0,0,135,63,0.01253030602,0.012530306,14.85852225
4874,0.0234375,0.640625,-268.2733663,-268.2733663,7,4271,4268,1,0,0,0,0,1,76.36425546,0,0,0,0,0,132,70,0.01309513193,0.01309513192,8.113051809
4875,0.03125,0.6484375,-247.5188655,-247.5188655,7,4271,4174,1,0,0,0,0,1,3.978278479,0,0,0,0,0,307,150,0.2513650076,0.2513650075,1.295577498
4876,0.0390625,0.6484375,-234.3661634,-234.3661634,7,4174,4267,1,0,0,0,0,1,18.00099876,0,0,0,0,0,356,179,0.05555247314,0.05555247311,0.6524069734
4877,0.0546875,0.6484375,-210.2550401,-215.5547102,7,4267,4178,0,0,0,0,0,0,30.04400637,-7.497383661,29.96208676,9.100347434e-05,0,0,238,120,0.03328450898,0.03328450896,23.01881163
4878,0.0546875,0.6328125,-228.218847,-226.1893439,7,4267,3584,0,0,0,0,0,0,25.15204914,-2.971995958,25.09460949,9.100347434e-05,0,0,201,103,0.03975819205,0.03975819202,27.30609751
4879,0.0390625,0.6328125,-255.5848069,-235.5056917,7,4267,4177,0,0,0,0,0,0,68.86974604,14.03095722,68.44080111,9.100347434e-05,0,0,144,70,0.0145201639,0.01452016387,13.22429618
4880,0.0390625,0.640625,-246.6029035,-235.2563136,7,4271,4267,0,0,0,0,0,0,62.55392289,6.700324654,62.19984256,9.100347434e-05,0,0,156,78,0.01598620764,0.01598620762,14.82332981
4881,0.01953125,0.63671875,-192.9748378,-192.9748378,8,4268,4309,1,1,1,0,0,1,225.3417066,80.39833504,232.9546626,0.0001566098394,0,67.24873403,32,32,0.00443770492,0.00443770492,3.715369213
4882,0.02734375,0.63671875,-271.6183251,-268.3723713,8,4309,4271,0,0,0,0,0,0,93.60759121,-2.88625202,92.25514282,0.0001566098394,0,0,111,55,0.01068289427,0.01068289426,12.71199959
4883,0.02734375,0.62890625,-280.6002286,-277.1912795,8,4309,4177,0,0,0,0,0,0,65.62039515,-4.125149504,64.95288735,0.0001566098394,0,0,91,44,0.01523916456,0.01523916454,16.63618435
4884,0.01953125,0.62890625,-286.208194,-278.6784211,8,4309,4270,0,0,0,0,0,0,296.8597083,8.875686181,283.6714939,0.0001566098394,0,0,38,18,0.003368594566,0.003368594562,4.596467547
4885,0.01953125,0.6328125,-285.7547496,-329.2748883,8,4316,4309,0,0,0,0,0,0,1048.566371,-46.17494974,900.6632288,0.0001566098394,0,0,28,13,0.0009536830736,0.0009536830726,1.563852743
4886,0.013671875,0.638671875,-252.1396264,-140.3899116,9,4268,4379,0,0,0,0,0,0,658.8581189,113.2177417,610.6803062,0.0001197405536,0,0,14,8,0.001517777457,0.001517777455,2.085610732
4887,0.013671875,0.634765625,-252.5930709,-251.1719247,9,4379,4316,0,0,0,0,0,0,983.3659001,6.889897412,879.7736308,0.0001197405536,0,0,12,5,0.001016915474,0.001016915469,1.339017343
4888,0.009765625,0.634765625,-181.1151926,-197.5665286,9,4379,4310,0,0,0,0,0,0,592.1410317,0.3852519809,552.9360442,0.0001197405536,0,0,19,10,0.001688786871,0.001688786868,1.756355018
4889,0.009765625,0.638671875,-59.65712687,-59.65712687,9,4379,4383,1,1,1,0,0,1,1481.552284,171.1002032,1261.146805,0.0001267686728,0,145.5176328,10,10,0.0006749677421,0.0006749677421,0.3841081415
4890,0.0078125,0.638671875,-206.8104863,-196.6445766,9,4383,4553,0,0,0,0,0,0,1072.744366,-39.22596903,950.6344197,0.0001197405536,0,0,11,5,0.0009321885364,0.0009321885347,0.5882742482
4891,0.009765625,0.63671875,-201.5176961,-209.9515782,9,4553,4379,0,0,0,0,0,0,192.9811882,-46.19652744,188.6225596,0.0001197405536,0,0,12,9,0.005181852227,0.005181852224,4.403417939
4892,0.0078125,0.634765625,-166.0054792,-154.4638933,9,4553,4310,0,0,0,0,0,0,681.7558392,-18.5367789,630.3018874,0.0001197405536,0,0,11,7,0.001466800785,0.001466800783,1.26833511
4893,0.005859375,0.63671875,-42.00416298,-140.3250779,9,4553,4385,0,0,0,0,0,0,1445.151871,-79.42049378,1231.968069,0.0001197405536,0,0,4,2,0.000691968796,0.0006919687947,0.7204673901
4894,0,0.7421875,-69.79928069,-69.79928069,7,3497,4503,0,0,0,0,0,0,1e+300,-25.6256727,14989.05935,0,0,0,0,0,0,0,0
4895,0.0078125,0.734375,78.76043854,96.69759114,7,4503,4391,0,0,0,0,0,0,2.126505399e+12,29.0650242,10988.59139,9.100347434e-05,0,0,4,0,4.702550958e-13,0,0.4702550958
4896,0,0.7265625,169.1444676,258.7310581,7,4503,4257,0,0,0,0,0,0,6702.41434,90.97014866,4163.137686,9.100347434e-05,0,0,7,3,0.0001491999672,0.0001491999671,1.239808488
4897,0.01171875,0.73828125,33.56842401,181.2043372,8,4391,4584,0,0,0,0,0,0,2682.994664,58.62814911,1889.188913,0.0001566098394,0,0,2,1,0.0003727178489,0.0003727178488,0.3752792103
4898,0.00390625,0.73828125,4.480578927,126.3204104,8,4584,4503,0,0,0,0,0,0,3.242649347e+12,26.74776321,6385.294831,0.0001566098394,0,0,1,0,3.083898051e-13,0,0.3083898051
4899,0.00390625,0.74609375,-114.9912952,28.94466052,8,4584,3497,0,0,0,0,0,0,1.654880021e+12,52.50389664,6385.294819,0.0001566098394,0,0,1,0,6.04273414e-13,0,0.604273414
4900,0.01171875,0.74609375,7.212686463,86.82555715,8,4584,4562,0,0,0,0,0,0,3139.520801,-15.64327955,2104.688083,0.0001566098394,0,0,2,1,0.0003185199472,0.000318519947,0.3207088543
4901,0.01171875,0.69921875,143.4801098,11.57699319,8,4390,4502,0,0,0,0,0,0,3456.342162,-164.69972,2242.489108,0.0001566098394,0,0,11,5,0.0002893232073,0.0002893232065,0.8277503341
4902,0.01171875,0.69140625,49.80447646,71.75840618,8,4502,4401,0,0,0,0,0,0,1321.428573,-3.624894437,1094.850639,0.0001566098394,0,0,14,5,0.0007567567558,0.0007567567532,0.6978554375
4903,0.00390625,0.69140625,269.0588932,287.7300352,8,4502,3583,0,0,0,0,0,0,644.2580554,-30.78383584,585.2118475,0.0001566098394,0,0,21,13,0.001552173064,0.001552173061,1.441702683
4904,0,0.7109375,450.2606819,450.2606819,7,4257,4505,1,1,1,0,0,1,15949.44775,134.7773459,6506.11434,9.100347434e-05,0,137.7315792,11,11,6.269809561e-05,6.269809561e-05,1.758611133
4905,0.0078125,0.703125,222.855368,222.855368,7,4505,4390,1,0,0,0,0,1,7439.429614,0,0,0,0,0,15,7,0.0001344189073,0.0001344189064,0.8369609564
4906,0,0.6953125,321.0402991,350.696999,7,4505,3583,0,0,0,0,0,0,4339.592241,-14.25053674,3111.001744,9.100347434e-05,0,0,11,9,0.0002304363969,0.0002304363968,2.215086057
4907,0.00390625,0.69921875,258.2509074,323.1322877,8,4502,4505,0,0,0,0,0,0,3646.025333,29.30333098,2320.825809,0.0001566098394,0,0,11,9,0.0002742712704,0.0002742712695,2.858556282
4908,0.015625,0.69140625,-59.82273191,-35.79045484,8,4401,4508,0,0,0,0,0,0,1377.408405,45.31128651,1133.002062,0.0001566098394,0,0,8,4,0.0007260010874,0.0007260010859,0.9597674178
4909,0.01171875,0.6953125,96.64229311,224.0773112,8,4508,4502,0,0,0,0,0,0,1632.335983,133.167061,1300.0033,0.0001566098394,0,0,6,1,0.0006126189769,0.0006126189757,0.7098395008
4910,0.015625,0.69921875,33.85290139,23.03749514,8,4508,4390,0,0,0,0,0,0,316.5796592,3.245823933,301.6252341,0.0001566098394,0,0,9,4,0.00315876264,0.003158762638,1.984123298
4911,0.01953125,0.6953125,-90.02679564,-127.1185252,8,4508,4501,0,0,0,0,0,0,380.6261774,-12.31551432,359.2135292,0.0001566098394,0,0,11,7,0.002627249673,0.002627249672,1.746304137
4912,0.0205078125,0.5908203125,-357.0177576,-329.049097,10,4455,4622,0,0,0,0,0,0,693.8285605,13.85937905,0.2499099526,4,0,0,7,4,0.001441278231,0.001441278229,2.070387652
4913,0.0205078125,0.5927734375,-360.48314,-318.1464052,10,4622,4441,0,0,0,0,0,0,833.8749403,11.29848432,0.2499250712,4,0,0,10,7,0.001199220593,0.001199220592,2.386462755
4914,0.0224609375,0.5927734375,-322.1085797,-421.1810859,10,4622,4338,0,0,0,0,0,0,317.4520668,-9.734524663,0.2498032748,4,0,0,42,22,0.00315008187,0.003150081865,4.976788036
4915,0.03125,0.58203125,-357.3549698,-379.5700057,8,4183,4446,0,0,0,0,0,0,133.1457223,-17.88248648,130.4260866,0.0001566098394,0,0,79,40,0.007510567993,0.007510567979,8.785808278
4916,0.02734375,0.5859375,-401.7344125,-361.5740949,8,4446,4298,0,0,0,0,0,0,244.5360279,17.72296275,235.5165114,0.0001566098394,0,0,69,35,0.004089376967,0.004089376955,10.28230768
4917,0.03125,0.58984375,-331.9160568,-355.9429064,8,4446,3859,0,0,0,0,0,0,6.311705445,-24.70692356,6.305472641,0.0001566098394,0,0,74,38,0.1584357839,0.1584357839,0.9288028434
4918,0.04296875,0.58203125,-314.0272215,-323.3790443,8,4170,4449,0,0,0,0,0,0,71.1654936,-9.958091149,70.38108121,0.0001566098394,0,0,91,51,0.01405175387,0.01405175385,10.76038649
4919,0.03515625,0.58203125,-342.912387,-387.7385198,8,4449,4183,0,0,0,0,0,0,120.704007,-42.1398559,118.4646188,0.0001566098394,0,0,70,36,0.008284729106,0.008284729095,8.473877114
4920,0.03515625,0.58984375,-317.473474,-331.9463185,8,4449,3859,0,0,0,0,0,0,10.98818641,-16.79919094,10.96930979,0.0001566098394,0,0,76,38,0.09100682884,0.09100682883,0.5141762184
4921,0.0546875,0.59375,-278.1476604,-257.7149732,7,4180,4330,0,0,0,0,0,0,8.714440811,18.81629007,8.707535349,9.100347434e-05,0,0,243,126,0.114752056,0.114752056,0.7330797125
4922,0.046875,0.5859375,-302.0673678,-312.1953409,7,4330,4170,0,0,0,0,0,0,6.992584622,-11.07095107,6.988137724,9.100347434e-05,0,0,153,82,0.1430086376,0.1430086376,0.7291441141
4923,0.0390625,0.59375,-305.5136203,-357.5268106,7,4330,3859,0,0,0,0,0,0,99.95606133,-54.67624643,99.05502229,9.100347434e-05,0,0,145,72,0.0100043958,0.01000439579,0.07957897689
4924,0.046875,0.6015625,-281.5939129,-293.501759,7,4330,4181,0,0,0,0,0,0,43.62815574,-15.24432141,43.45562328,9.100347434e-05,0,0,261,128,0.02292097805,0.02292097802,24.35317962
4925,0.04296875,0.58984375,-303.790494,-305.5885003,8,4449,4330,0,0,0,0,0,0,6.786021828,-3.601023261,6.778817587,0.0001566098394,0,0,98,53,0.1473617423,0.1473617423,0.7496501063
4926,0.03515625,0.5859375,-330.1929305,-421.443601,8,4446,4449,0,0,0,0,0,0,127.5313507,-91.07070527,125.0340868,0.0001566098394,0,0,41,20,0.007841209198,0.007841209188,0.09052072598
4927,0.029296875,0.591796875,-354.1057781,-382.3770348,9,3859,4452,0,0,0,0,0,0,7.229053027,-42.33628274,7.222800893,0.0001197405536,0,0,77,38,0.1383307048,0.1383307047,0.733703207
4928,0.029296875,0.587890625,-366.8252346,-317.4046078,9,4452,4446,0,0,0,0,0,0,20.39020535,37.8619125,20.34054321,0.0001197405536,0,0,65,33,0.04904315493,0.04904315492,0.2841288697
4929,0.025390625,0.587890625,-423.9241339,-422.3478204,9,4452,4298,0,0,0,0,0,0,464.1954787,-34.24599346,439.7526943,0.0001197405536,0,0,22,11,0.002154264843,0.002154264841,0.02263766781
4930,0.025390625,0.591796875,-346.8344734,-409.9797076,9,4452,4338,0,0,0,0,0,0,1146.050969,30.06705817,1007.757622,0.0001197405536,0,0,25,10,0.0008725615415,0.0008725615377,2.530163387
4931,0.0234375,0.591796875,-343.198821,-471.2083656,9,4338,4456,0,0,0,0,0,0,1114.678862,18.84140699,983.4196191,0.0001197405536,0,0,45,20,0.0008971193712,0.0008971193678,2.101167018
4932,0.025390625,0.58984375,-385.3793036,-418.4946333,9,4456,4452,0,0,0,0,0,0,13.49845694,-4.420337009,13.47667442,0.0001197405536,0,0,24,11,0.07408254175,0.07408254175,0.6019965358
4933,0.0234375,0.587890625,-420.2884815,-430.2990968,9,4456,4298,0,0,0,0,0,0,48.50005934,7.805736956,48.22002521,0.0001197405536,0,0,24,11,0.02061853147,0.02061853147,0.1688551035
4934,0.021484375,0.58984375,-378.1079989,-309.9690851,9,4456,4455,0,0,0,0,0,0,1694.812929,111.5426023,1408.894853,0.0001197405536,0,0,20,9,0.0005900356214,0.0005900356196,1.043002547
4935,0.0224609375,0.5908203125,-360.65341,-385.1482391,10,4622,4456,0,0,0,0,0,0,432.8393112,0.3258527174,0.249855688,4,0,0,39,19,0.002310326198,0.002310326194,3.211145457
4936,0.0126953125,0.5966796875,-424.9200809,-399.8548399,10,4422,4599,0,0,0,0,0,0,1140.148112,-3.646187615,0.2499451946,4,0,0,21,10,0.0008770790301,0.0008770790251,2.108088082
4937,0.0146484375,0.5966796875,-349.6146995,-385.7372815,10,4599,4429,0,0,0,0,0,0,569.2183751,-0.8993811863,0.2498902485,4,0,0,26,11,0.001756795008,0.001756795004,4.520667853
4938,0.0146484375,0.5947265625,-335.0476145,-378.7499256,10,4599,4261,0,0,0,0,0,0,444.6406378,-0.6895334143,0.249859516,4,0,0,25,11,0.002249007209,0.002249007207,3.225514142
4939,0.0126953125,0.5947265625,-445.0950931,-422.5658598,10,4599,4602,0,0,0,0,0,0,439.4380464,-11.90045737,0.2498578538,4,0,0,20,10,0.002275633637,0.002275633636,3.510256336
4940,0.109375,0.5625,-169.4570532,-150.3218969,6,3601,3968,0,0,0,0,0,0,15.01857017,-9.85633324,15.00658304,5.318691117e-05,0,0,230,120,0.06658423465,0.06658423461,33.69754481
4941,0.09375,0.546875,-217.296468,-175.4762543,6,3968,3857,0,0,0,0,0,0,62.61049661,14.17556265,62.40269197,5.318691117e-05,0,0,74,36,0.01597176279,0.01597176277,9.444956148
4942,0.078125,0.5625,-260.0934113,-217.6888396,6,3968,3581,0,0,0,0,0,0,38.32522561,15.87768661,38.24726238,5.318691117e-05,0,0,111,51,0.02609247523,0.02609247521,12.28862479
4943,0.09375,0.578125,-212.2539964,-174.3155849,6,3968,3856,0,0,0,0,0,0,13.07211468,10.06468802,13.0630324,5.318691117e-05,0,0,267,135,0.07649871689,0.07649871684,39.26401191
4944,0,0.599609375,14.21595957,107.6420958,9,4304,4697,0,0,0,0,0,0,832.7942819,95.45378058,757.2789902,0.0001197405536,0,0,17,9,0.001200776737,0.001200776734,1.751123338
4945,0.001953125,0.59765625,-165.1682089,-82.42178361,9,4697,4423,0,0,0,0,0,0,409.292715,61.43302211,390.1708563,0.0001197405536,0,0,22,13,0.002443239186,0.002443239184,3.593604467
4946,0,0.595703125,71.80665999,71.80665999,9,4697,4061,1,1,1,0,0,1,359.2193896,126.2595416,344.7258005,0.000132341854,0,105.5184405,9,9,0.002783814095,0.002783814095,2.397335789
4947,0,0.57421875,-235.4560877,-235.4560877,8,4262,4605,1,1,1,0,0,1,103.9643437,53.03993403,102.2987321,0.0001566098394,0,68.30685878,26,26,0.009618682367,0.009618682367,7.034382246
4948,0.00390625,0.5703125,-481.6183735,-481.6183735,8,4605,4300,1,1,1,0,0,1,974.3667745,-143.02424,845.3675523,0.0001566098394,0,50.35813104,23,23,0.001026307573,0.001026307573,2.697217076
4949,0,0.56640625,-315.1148986,-315.1148986,8,4605,3585,1,0,0,0,0,1,150.9691948,0,0,0,0,0,53,28,0.006623867878,0.006623867871,7.538829145
4950,0.001953125,0.5859375,-155.8972172,-213.3450651,9,4603,4715,0,0,0,0,0,0,245.5024026,26.70809524,238.491563,0.0001197405536,0,0,35,18,0.004073279893,0.004073279888,4.644163391
4951,0.00390625,0.587890625,-253.2432056,-361.7533431,9,4715,4608,0,0,0,0,0,0,4641.365524,-0.07223000901,2983.343502,0.0001197405536,0,0,23,12,0.0002154538346,0.0002154538342,0.2778732898
4952,0.005859375,0.5859375,-303.1393724,-345.6802752,9,4715,4301,0,0,0,0,0,0,260.4329987,43.30424372,252.5571574,0.0001197405536,0,0,47,21,0.00383975919,0.003839759177,9.171261591
4953,0.00390625,0.578125,-392.2401818,-392.2401818,8,4262,4604,1,0,0,0,0,1,63.85878294,0,0,0,0,0,77,39,0.01565955306,0.01565955306,0.2259184534
4954,0.0078125,0.58203125,-406.5008672,-424.4319725,8,4604,4301,0,0,0,0,0,0,37.33870578,-8.695421708,37.121633,0.0001566098394,0,0,119,64,0.02678186024,0.02678186022,0.7754274685
4955,0.01171875,0.578125,-506.2932007,-481.3227669,8,4604,4171,0,0,0,0,0,0,33.69393546,-11.73022339,33.51707251,0.0001566098394,0,0,154,81,0.02967893143,0.0296789314,0.891167647
4956,0.0078125,0.57421875,-465.9817016,-472.2961984,8,4604,4300,0,0,0,0,0,0,593.3130097,-26.17160309,542.8702373,0.0001566098394,0,0,76,40,0.001685450991,0.001685450979,1.775347964
4957,0.005859375,0.583984375,-356.6047004,-344.2632886,9,4301,4607,0,0,0,0,0,0,45.28510225,44.54526577,45.04086979,0.0001197405536,0,0,55,28,0.02208231737,0.02208231736,0.339591901
4958,0.005859375,0.580078125,-386.3451176,-431.8599347,9,4607,4604,0,0,0,0,0,0,20.68514517,-27.85735804,20.63403773,0.0001197405536,0,0,42,23,0.04834387151,0.0483438715,0.6854706503
4959,0.001953125,0.580078125,-365.305904,-365.305904,9,4607,4262,1,0,0,0,0,1,56.4699081,0,0,0,0,0,85,44,0.01770854662,0.01770854661,0.2495229662
4960,0.001953125,0.583984375,-209.3625452,-268.8596278,9,4607,4603,0,0,0,0,0,0,388.655552,-28.98243196,371.3726733,0.0001197405536,0,0,52,24,0.002572972378,0.002572972374,3.038047984
4961,0.00390625,0.583984375,-282.9836228,-366.4731235,9,4715,4607,0,0,0,0,0,0,168.1113262,10.77742135,164.794064,0.0001197405536,0,0,54,26,0.005948439183,0.005948439173,7.371115866
4962,0.0029296875,0.5888671875,-228.2951223,-305.939093,10,4608,4729,0,0,0,0,0,0,448.4504203,-14.15812401,0.2498607088,4,0,0,25,11,0.002229900909,0.002229900904,3.125922161
4963,0.0029296875,0.5869140625,-303.573595,-319.7201123,10,4729,4715,0,0,0,0,0,0,338.4853937,-12.19374706,0.2498154902,4,0,0,28,14,0.002954337228,0.002954337222,3.993199835
4964,0.0009765625,0.5869140625,-130.9491339,-173.4386152,10,4729,4603,0,0,0,0,0,0,386.259165,-3.285598927,0.2498382962,4,0,0,23,11,0.002588935333,0.002588935328,3.588033541
4965,0,0.591796875,100.8226659,100.8226659,9,4061,4714,1,1,1,0,0,1,579.3298182,225.1152702,463.4318846,0.0003209715162,0,112.4088623,9,9,0.001726132453,0.001726132453,1.543343418
4966,0.001953125,0.58984375,-203.3470389,-235.6412763,9,4714,4608,0,0,0,0,0,0,2364.330829,-31.13239404,1842.66172,0.0001197405536,0,0,14,7,0.0004229526543,0.0004229526536,0.669864027
4967,0,0.587890625,-106.0010505,-56.759302,9,4714,4603,0,0,0,0,0,0,693.5138409,26.12162753,640.3389831,0.0001197405536,0,0,12,6,0.001441932289,0.001441932288,1.663940048
4968,0.0009765625,0.5888671875,-154.6740447,-154.5886168,10,4729,4714,0,0,0,0,0,0,280.2840534,-4.234482386,0.2497772106,4,0,0,20,8,0.003567809113,0.003567809108,3.481520022
4969,0.0068359375,0.5869140625,-351.8123666,-388.7693307,10,4301,4728,0,0,0,0,0,0,846.2506139,-0.6199450793,0.2499261666,4,0,0,17,8,0.001181683042,0.001181683039,3.215842522
4970,0.0048828125,0.5869140625,-377.1946726,-386.7195466,10,4728,4715,0,0,0,0,0,0,849.4196667,-10.12817044,0.249926442,4,0,0,23,11,0.001177274367,0.001177274363,3.1802792
4971,0.0048828125,0.5888671875,-301.9161998,-360.9496124,10,4728,4608,0,0,0,0,0,0,702.0855267,-0.1036325139,0.2499110112,4,0,0,22,11,0.001424327894,0.001424327891,1.706745044
4972,0.0068359375,0.5888671875,-363.5220515,-385.4487787,10,4728,4610,0,0,0,0,0,0,13936.62694,-6.803850324,0.2499955155,4,0,0,16,8,7.175337365e-05,7.175337028e-05,0.1383903532
4973,0.005859375,0.662109375,-19.8819748,89.06918422,9,4387,4588,0,0,0,0,0,0,2709.227936,11.32905561,2045.619773,0.0001197405536,0,0,6,2,0.0003691088471,0.0003691088465,0.8267487097
4974,0.005859375,0.658203125,-40.96776432,147.8711351,9,4588,4545,0,0,0,0,0,0,2173.20361,58.81134976,1724.462847,0.0001197405536,0,0,9,7,0.0004601501652,0.0004601501644,0.7442752346
4975,0.001953125,0.658203125,-11.66418757,98.65581423,9,4588,4259,0,0,0,0,0,0,308.1435374,-24.5683506,297.1784612,0.0001197405536,0,0,13,7,0.003245240865,0.003245240864,2.379996482
4976,0.001953125,0.662109375,190.813242,397.1086276,9,4588,4428,0,0,0,0,0,0,762.7707909,106.2684316,698.9339412,0.0001197405536,0,0,13,5,0.001311009824,0.00131100982,2.258684623
4977,0.02734375,0.640625,-266.2034032,-265.2529426,8,4271,4874,0,0,0,0,0,0,74.73294943,-3.556828666,73.86839994,0.0001566098394,0,0,84,44,0.01338097864,0.01338097863,9.271556681
4978,0.0234375,0.63671875,-277.3574267,-302.0346105,8,4874,4309,0,0,0,0,0,0,139.0577147,-29.96866589,136.0938884,0.0001566098394,0,0,52,27,0.007191258694,0.007191258686,6.078930711
4979,0.01953125,0.640625,-274.8497173,-274.8497173,8,4874,4268,1,0,0,0,0,1,182.0347011,0,0,0,0,0,38,18,0.005493458083,0.005493458077,3.902041833
4980,0.02734375,0.65234375,-250.2943171,-250.2943171,8,4174,4308,1,0,0,0,0,1,16.03466669,0,0,0,0,0,189,89,0.06236487602,0.06236487601,0.3220146109
4981,0.02734375,0.64453125,-257.8961159,-257.8961159,8,4308,4271,1,0,0,0,0,1,71.90477274,0,0,0,0,0,149,82,0.01390728267,0.01390728266,10.89276159
4982,0.01953125,0.64453125,-193.2959217,-193.2959217,8,4308,4268,1,1,1,0,0,1,174.6080165,77.48089912,169.9603927,0.0001566098394,0,95.72896764,45,45,0.005727113909,0.005727113909,4.621899407
4983,0.01953125,0.65234375,-181.9335587,-181.9335587,8,4308,4312,1,0,0,0,0,1,8.555337312,0,0,0,0,0,94,45,0.1168860985,0.1168860985,0.5077427498
4984,0.0234375,0.64453125,-212.3367277,-212.3367277,8,4874,4308,1,1,1,0,0,1,182.8512925,52.1463105,177.7608765,0.0001566098394,0,53.26213939,29,29,0.005468924974,0.005468924974,4.308954739
4985,0.017578125,0.638671875,-237.2004531,-237.2004531,9,4268,4881,1,0,0,0,0,1,1308.190646,0,0,0,0,0,31,14,0.0007644145773,0.0007644145763,0.6927334061
4986,0.021484375,0.638671875,-278.5792811,-251.6118395,9,4881,4874,0,0,0,0,0,0,193.1372584,-20.98822436,188.7716567,0.0001197405536,0,0,16,10,0.005177664881,0.005177664878,3.021311069
4987,0.021484375,0.634765625,-282.9344384,-227.0722466,9,4881,4309,0,0,0,0,0,0,213.831611,7.341373865,208.4932832,0.0001197405536,0,0,22,11,0.004676577029,0.004676577025,3.213944418
4988,0.017578125,0.634765625,-286.0490297,-300.9960317,9,4881,4316,0,0,0,0,0,0,465.7092809,-59.33842264,441.1110383,0.0001197405536,0,0,19,8,0.002147262339,0.002147262336,2.109031369
4989,0,0.583984375,-135.7414677,-58.85370276,9,4603,4716,0,0,0,0,0,0,317.7337725,60.07716482,306.0884484,0.0001197405536,0,0,28,11,0.003147288978,0.003147288971,5.604383944
4990,0.001953125,0.58203125,-262.8278732,-255.5021769,9,4716,4607,0,0,0,0,0,0,470.0807029,0.6260750974,445.0309252,0.0001197405536,0,0,44,19,0.0021272943,0.002127294295,3.526407368
4991,0,0.580078125,-96.10161567,-96.10161567,9,4716,4262,1,1,1,0,0,1,147.3283487,154.5193297,144.7743584,0.0001197405536,0,77.80109971,22,22,0.006787559954,0.006787559954,4.326373149
4992,0.005859375,0.572265625,-441.3071283,-426.5503517,9,4300,4708,0,0,0,0,0,0,1689.09119,7.840269456,1404.938554,0.0001197405536,0,0,24,10,0.0005920343473,0.0005920343445,1.962892991
4993,0.001953125,0.572265625,-311.6747956,-311.6747956,9,4708,4605,1,0,0,0,0,1,789.777331,0,0,0,0,0,56,30,0.001266179669,0.001266179668,2.947421689
4994,0.001953125,0.576171875,-380.4930943,-380.4930943,9,4708,4262,1,0,0,0,0,1,931.9140515,0,0,0,0,0,48,22,0.00107306033,0.001073060327,1.864962628
4995,0.005859375,0.576171875,-415.065836,-450.7552406,9,4708,4604,0,0,0,0,0,0,504.73505,-31.55864173,475.9688025,0.0001197405536,0,0,27,15,0.001981237483,0.00198123748,4.112579794
4996,0.001953125,0.5703125,-263.0637048,-308.7181024,9,4605,4948,0,0,0,0,0,0,7494.321559,40.02638048,3949.838419,0.0001197405536,0,0,9,5,0.0001334343599,0.0001334343592,0.3708487834
4997,0.00390625,0.572265625,-367.4935765,-497.7320208,9,4948,4708,0,0,0,0,0,0,3425.094859,-53.19136007,2428.933827,0.0001197405536,0,0,20,11,0.0002919627167,0.0002919627144,1.01844197
4998,0.005859375,0.5703125,-410.6908085,-476.5417036,9,4948,4300,0,0,0,0,0,0,989.6416883,-5.073046484,884.793449,0.0001197405536,0,0,16,6,0.001010466729,0.001010466723,3.487701465
4999,0.005859375,0.568359375,-467.5484207,-403.0223443,9,4300,4707,0,0,0,0,0,0,3267.593206,46.56229913,2348.651708,0.0001197405536,0,0,18,8,0.0003060356467,0.000306035644,1.270039065
5000,0.005859375,0.564453125,-526.9541543,-509.9668903,9,4707,4667,0,0,0,0,0,0,903.2984645,13.13430368,815.1325403,0.0001197405536,0,0,33,13,0.001107053803,0.001107053798,3.572441078
5001,0.001953125,0.564453125,-433.6365413,-416.4275589,9,4707,3585,0,0,0,0,0,0,764.5813355,9.689136329,700.4538136,0.0001197405536,0,0,51,24,0.001307905325,0.001307905317,4.339156794
5002,0.001953125,0.568359375,-428.3166479,-428.3166479,9,4707,4605,1,1,1,0,0,1,2003.389501,-101.4479518,1615.783978,0.0001197405536,0,84.01244249,8,8,0.0004991540585,0.0004991540585,1.355682967
5003,0.00390625,0.568359375,-393.7348688,-423.001439,9,4948,4707,0,0,0,0,0,0,4704.943484,36.73324399,3009.483262,0.0001197405536,0,0,13,7,0.0002125424043,0.0002125424027,0.3481576255
5004,0.0029296875,0.5908203125,-313.6522293,-332.4364651,10,4608,4730,0,0,0,0,0,0,623.5130834,0.2229583115,0.2498998017,4,0,0,14,10,0.001603815584,0.001603815582,2.86296804
5005,0.0009765625,0.5908203125,-199.9721471,-236.2402188,10,4730,4714,0,0,0,0,0,0,843.8774696,-45.00763003,0.249925959,4,0,0,13,10,0.00118500616,0.00118500616,1.89810063
5006,0.0009765625,0.5927734375,-242.3842517,-306.0697462,10,4730,4061,0,0,0,0,0,0,618.684077,0.03709017751,0.2498990199,4,0,0,13,6,0.001616333824,0.001616333824,1.089473139
5007,0.0029296875,0.5927734375,-266.5957435,-277.0583887,10,4730,4600,0,0,0,0,0,0,486.621943,-9.608019271,0.2498716295,4,0,0,10,7,0.002054983369,0.002054983369,2.133109416
5008,0,0.5927734375,-185.5442106,-108.479371,10,4061,4965,0,0,0,0,0,0,630.112327,-12.48002184,0.2499008507,4,0,0,11,4,0.001587018627,0.001587018624,1.143453746
5009,0.0009765625,0.591796875,-221.1781994,-166.4708408,10,4965,4730,0,0,0,0,0,0,208.3956967,-57.19519822,0.2497004491,4,0,0,18,9,0.004798563577,0.004798563573,4.111192025
5010,0,0.5908203125,-143.1321061,46.13035797,10,4965,4714,0,0,0,0,0,0,634.7428649,27.25545947,0.2499015737,4,0,0,7,5,0.001575441104,0.001575441103,1.715678312
5011,0.021484375,0.646484375,-270.2501656,-131.7975671,9,4308,4982,0,0,0,0,0,0,793.1535979,95.18900097,724.3592771,0.0001197405536,0,0,20,11,0.001260789843,0.001260789841,1.460508789
5012,0.021484375,0.642578125,-274.620394,-235.5899657,9,4982,4874,0,0,0,0,0,0,819.8066028,-4.813392281,746.5246819,0.0001197405536,0,0,21,11,0.001219799885,0.001219799883,1.06645842
5013,0.017578125,0.642578125,-188.3071955,-188.3071955,9,4982,4268,1,1,1,0,0,1,235.8499155,49.06521573,229.3722594,0.0001197405536,0,64.09805199,19,19,0.004239984558,0.004239984558,1.352881085
5014,0.015625,0.65234375,-147.7531795,-147.7531795,8,4312,4548,1,0,0,0,0,1,36.6120003,0,0,0,0,0,94,47,0.02731344892,0.02731344891,0.3287428905
5015,0.01953125,0.6484375,-226.4911883,-226.4911883,8,4548,4308,1,0,0,0,0,1,165.0024718,0,0,0,0,0,40,21,0.006060515269,0.006060515263,6.298137217
5016,0.015625,0.64453125,-236.8684387,-236.8684387,8,4548,4268,1,0,0,0,0,1,199.1476213,0,0,0,0,0,45,23,0.005021400674,0.00502140067,3.467605767
5017,0.01171875,0.6484375,-177.1871374,-222.9565504,8,4548,4314,0,0,0,0,0,0,216.2127092,-64.75376046,209.1313062,0.0001566098394,0,0,31,17,0.004625075017,0.004625075015,0.09182169277
5018,0.017578125,0.646484375,-214.5491524,-214.5491524,9,4982,4548,1,1,1,0,0,1,434.9363671,-21.6875754,413.4063614,0.0001197405536,0,67.18379176,19,19,0.002299186905,0.002299186905,0.9516927249
5019,0.0234375,0.642578125,-271.1992037,-245.6620491,9,4874,4984,0,0,0,0,0,0,369.5622362,-5.354268106,353.9015319,0.0001197405536,0,0,28,14,0.002705904181,0.002705904175,2.251895829
5020,0.021484375,0.64453125,-272.4352798,-151.9959893,9,4984,4982,0,0,0,0,0,0,470.3117246,50.81242591,445.237976,0.0001197405536,0,0,36,19,0.002126249353,0.002126249347,2.295298223
5021,0.0234375,0.646484375,-266.8289754,-208.6747823,9,4984,4308,0,0,0,0,0,0,432.7810543,27.84299329,411.4586721,0.0001197405536,0,0,28,15,0.002310637192,0.00231063719,2.788661339
5022,0.03125,0.64453125,-255.3293286,-236.9845645,8,4271,4875,0,0,0,0,0,0,91.89508237,14.34171891,90.5913216,0.0001566098394,0,0,99,48,0.01088197512,0.01088197511,10.83866271
5023,0.02734375,0.6484375,-257.8014807,-227.2057696,8,4875,4308,0,0,0,0,0,0,126.6268769,26.91033365,124.1645675,0.0001566098394,0,0,70,37,0.007897217594,0.007897217587,4.802412638
5024,0.03125,0.65234375,-246.5888719,-236.8265919,8,4875,4174,0,0,0,0,0,0,38.10249555,6.919680757,37.87647805,0.0001566098394,0,0,138,65,0.02624500011,0.02624500009,0.5703943994
5025,0.0546875,0.65625,-201.1643607,-154.0578696,7,4178,4513,0,0,0,0,0,0,1.854468795,46.41944623,1.854155882,9.100347434e-05,0,0,305,148,0.5392379763,0.5392379763,2.466467049
5026,0.046875,0.6484375,-223.5895784,-224.3120811,7,4513,4267,0,0,0,0,0,0,41.34568874,-3.095104053,41.19070454,9.100347434e-05,0,0,155,79,0.02418631859,0.02418631856,16.8740014
5027,0.0390625,0.65625,-228.5338825,-240.4569209,7,4513,4174,0,0,0,0,0,0,47.98175426,-13.66030405,47.77315249,9.100347434e-05,0,0,241,119,0.0208412555,0.02084125548,1.458686305
5028,0.046875,0.6640625,-206.1086648,-195.7574585,7,4513,4266,0,0,0,0,0,0,6.301236056,10.29949711,6.297624781,9.100347434e-05,0,0,244,118,0.1586990221,0.1586990221,0.6410280566
5029,0.03515625,0.65234375,-239.7464914,-194.1396094,8,4174,4876,0,0,0,0,0,0,8.579071163,43.02683797,8.567560073,0.0001566098394,0,0,178,86,0.1165627352,0.1165627351,0.9584726801
5030,0.04296875,0.65234375,-226.0617305,-263.8531248,8,4876,4513,0,0,0,0,0,0,13.56602415,-39.84632792,13.53726325,0.0001566098394,0,0,158,79,0.07371356478,0.07371356475,0.7216460177
5031,0.04296875,0.64453125,-234.8021872,-238.7174462,8,4876,4267,0,0,0,0,0,0,48.89057631,-7.13063853,48.51907808,0.0001566098394,0,0,130,70,0.02045383948,0.02045383946,17.62321679
5032,0.03515625,0.64453125,-248.4869482,-243.9387985,8,4876,4271,0,0,0,0,0,0,48.37570896,0.807659616,48.01196494,0.0001566098394,0,0,138,72,0.02067153167,0.02067153165,18.64573081
5033,0.03515625,0.6484375,-244.1167198,-235.5906898,8,4875,4876,0,0,0,0,0,0,18.25049244,5.365762937,18.19847743,0.0001566098394,0,0,108,51,0.05479304207,0.05479304205,0.4240203563
5034,0.025390625,0.646484375,-263.4077851,-220.3283209,9,4308,4981,0,0,0,0,0,0,112.2565016,38.97269768,110.7676017,0.0001197405536,0,0,45,29,0.008908169998,0.008908169993,6.837857358
5035,0.029296875,0.646484375,-256.5654047,-225.4275862,9,4981,4875,0,0,0,0,0,0,61.26165039,27.29360711,60.81553778,0.0001197405536,0,0,87,49,0.01632342572,0.01632342571,13.70768297
5036,0.029296875,0.642578125,-260.935633,-262.3545224,9,4981,4271,0,0,0,0,0,0,55.625658,-5.843323786,55.25760659,0.0001197405536,0,0,93,48,0.01797731543,0.01797731542,14.21824765
5037,0.025390625,0.642578125,-267.7780135,-289.0511488,9,4981,4874,0,0,0,0,0,0,76.49471608,-25.96012484,75.80042064,0.0001197405536,0,0,53,28,0.01307279837,0.01307279836,8.954560591
5038,0.025390625,0.64453125,-265.5928993,-247.2579923,9,4984,4981,0,0,0,0,0,0,188.5795124,-12.1351266,184.4153014,0.0001197405536,0,0,20,10,0.005302802978,0.005302802972,5.437345641
5039,0.0234375,0.595703125,-537.3449728,-537.3449728,9,4338,4442,1,1,1,0,0,1,10536.86395,-39.20689995,4558.156718,0.0001267686728,0,136.8980384,7,7,9.490489812e-05,9.490489812e-05,0.1748393299
5040,0.021484375,0.59765625,-402.5776839,-379.216152,9,4442,4341,0,0,0,0,0,0,953.6198201,42.33953849,855.8885087,0.0001197405536,0,0,23,12,0.001048635923,0.00104863592,2.641206055
5041,0.0234375,0.599609375,-377.2426055,-391.1935085,9,4442,4263,0,0,0,0,0,0,421.1040081,6.798633944,400.8898482,0.0001197405536,0,0,32,17,0.00237471024,0.002374710237,5.092331719
5042,0.029296875,0.595703125,-328.1755191,-319.8974489,9,3859,4340,0,0,0,0,0,0,133.336419,6.772406091,131.2410537,0.0001197405536,0,0,95,41,0.007499826435,0.007499826415,11.75462058
5043,0.025390625,0.595703125,-287.5075512,-287.5075512,9,4340,4338,1,1,1,0,0,1,340.7989478,139.1756416,327.4370736,0.0001197405536,0,96.49048543,17,17,0.00293428136,0.00293428136,4.059866491
5044,0.025390625,0.599609375,-345.4045288,-359.7393985,9,4340,4263,0,0,0,0,0,0,214.181796,-11.75026288,208.826188,0.0001197405536,0,0,52,31,0.004668930874,0.004668930867,7.473218671
5045,0.03515625,0.59765625,-307.4210658,-317.4845574,8,3859,4320,0,0,0,0,0,0,93.66775399,-13.77090601,92.31357915,0.0001566098394,0,0,139,70,0.01067603265,0.01067603263,14.9201811
5046,0.03515625,0.60546875,-327.2613041,-328.0987362,8,4320,4273,0,0,0,0,0,0,58.92393897,-0.9737250556,58.38515674,0.0001566098394,0,0,187,94,0.01697103109,0.01697103106,18.26930297
5047,0.04296875,0.60546875,-283.1411689,-282.9615571,8,4320,4181,0,0,0,0,0,0,36.70384519,-3.841032302,36.49407058,0.0001566098394,0,0,251,119,0.02724510184,0.02724510179,31.72068829
5048,0.04296875,0.59765625,-293.7363049,-314.4553553,8,4320,4330,0,0,0,0,0,0,48.26345957,-23.9013544,47.9013953,0.0001566098394,0,0,218,103,0.02071960877,0.02071960874,26.59401294
5049,0.03125,0.60546875,-349.3213716,-333.6739498,8,4273,4334,0,0,0,0,0,0,99.2229728,17.45330458,97.7047106,0.0001566098394,0,0,135,69,0.01007831122,0.0100783112,16.81645512
5050,0.03515625,0.6015625,-317.3411849,-329.0768082,8,4334,4320,0,0,0,0,0,0,111.0543604,-13.65747696,109.1558986,0.0001566098394,0,0,115,60,0.009004599157,0.009004599141,13.4096699
5051,0.03125,0.59765625,-329.4811334,-333.7936013,8,4334,3859,0,0,0,0,0,0,129.3930457,-6.077706759,126.8230745,0.0001566098394,0,0,126,59,0.007728390612,0.007728390596,11.10141885
5052,0.02734375,0.6015625,-346.7101431,-371.4567091,8,4334,4263,0,0,0,0,0,0,156.7096026,-22.42153389,152.9557226,0.0001566098394,0,0,108,57,0.006381229888,0.006381229877,10.88239304
5053,0.029296875,0.599609375,-338.0956382,-361.5995791,9,4340,4334,0,0,0,0,0,0,114.3794065,-23.22404414,112.8340479,0.0001197405536,0,0,114,55,0.008742832568,0.008742832546,13.44852718
5054,0.025390625,0.59765625,-368.6281006,-363.5825044,9,4442,4340,0,0,0,0,0,0,315.4823703,23.74999772,303.9985123,0.0001197405536,0,0,24,14,0.003169749229,0.003169749224,6.058117392
5055,0.0205078125,0.5966796875,-415.2452231,-301.0917561,10,4341,4458,0,0,0,0,0,0,2833.797436,14.34571149,0.2499779467,4,0,0,5,4,0.0003528833739,0.0003528833736,1.336884342
5056,0.0224609375,0.5966796875,-413.1337165,-329.0421998,10,4458,4442,0,0,0,0,0,0,1448.293144,2.175086267,0.2499568532,4,0,0,8,6,0.0006904679514,0.0006904679502,2.344660869
5057,0.0224609375,0.5947265625,-436.3572883,-369.8069589,10,4458,4338,0,0,0,0,0,0,691.4731015,0.7536936243,0.2499096459,4,0,0,15,7,0.001446187853,0.001446187849,2.976639801
5058,0.0205078125,0.5947265625,-390.4659417,-274.6588042,10,4458,4441,0,0,0,0,0,0,2525.267689,13.90017663,0.2499752526,4,0,0,9,5,0.0003959976221,0.00039599762,1.006474298
5059,0,0.576171875,-148.4980954,-148.4980954,9,4262,4947,1,1,1,0,0,1,74.4482616,117.5559812,73.79045829,0.0001197405536,0,76.27361096,17,17,0.01343214709,0.01343214709,5.428582883
5060,0.001953125,0.57421875,-448.1759564,-448.1759564,9,4947,4708,1,1,1,0,0,1,10776.80083,-145.8310296,4436.274727,0.0001267686728,0,61.99886985,5,5,9.279191626e-05,9.279191626e-05,0.2058488013
5061,0,0.572265625,-219.8664728,-227.0467643,9,4947,4605,0,0,0,0,0,0,157.677986,-1.319522948,154.7561209,0.0001197405536,0,0,34,15,0.006342039401,0.006342039395,3.713060353
5062,0.875,0.515625,35.43636875,117.7586514,6,3552,4123,0,0,0,0,0,0,6171.763211,24.60883964,4646.512768,5.318691117e-05,0,0,13,7,0.0001620282512,0.0001620282488,1.31961644
5063,0.859375,0.53125,198.2056594,201.647955,6,4123,4120,0,0,0,0,0,0,3491.877796,-54.43109102,2944.937535,5.318691117e-05,0,0,7,4,0.000286378865,0.0002863788644,0.918428961
5064,0.875,0.546875,128.3554289,398.9465164,6,4123,3753,0,0,0,0,0,0,35009.31163,208.4549833,12232.30511,5.318691117e-05,0,0,5,2,2.856382926e-05,2.856382783e-05,0.06560299035
5065,0.90625,0.40625,66.738961,63.44422091,5,3537,3721,0,0,0,0,0,0,2100.375372,-12.07124885,1831.892866,6.97780782e-05,0,0,8,5,0.0004761053731,0.0004761053722,1.021495942
5066,0.90625,0.46875,78.8653891,114.1870999,5,3721,3552,0,0,0,0,0,0,4009.496199,45.7671112,3132.969772,6.97780782e-05,0,0,11,6,0.0002494078932,0.0002494078928,0.569293283
5067,0.96875,0.46875,270.7689181,281.3079607,5,3721,3492,0,0,0,0,0,0,1993496.868,9.256001216,14228.85795,6.97780782e-05,0,0,2,1,5.016310866e-07,5.016310851e-07,0.005549608037
5068,0.96875,0.40625,295.9476823,232.9701301,5,3721,3561,0,0,0,0,0,0,442820.3672,-7.472446572,13881.88427,6.97780782e-05,0,0,1,1,2.258252045e-06,2.258252045e-06,0.02498332739
5069,0.96875,0.5,276.8321321,243.5401232,5,3492,3750,0,0,0,0,0,0,20815.79591,-24.96409576,8487.63007,6.97780782e-05,0,0,2,1,4.804044026e-05,4.804043997e-05,0.8187327159
5070,0.9375,0.46875,174.8171536,176.7518675,5,3750,3721,0,0,0,0,0,0,11552.29999,6.515893378,6396.277787,6.97780782e-05,0,0,4,1,8.656284904e-05,8.656284715e-05,0.4441259789
5071,0.90625,0.5,84.92860315,191.5391181,5,3750,3552,0,0,0,0,0,0,4639.134484,126.66687,3504.645937,6.97780782e-05,0,0,14,5,0.0002155574501,0.0002155574483,0.776774783
5072,0.9375,0.53125,240.7222922,277.1576562,5,3750,3732,0,0,0,0,0,0,4072.423087,44.07503198,3171.259433,6.97780782e-05,0,0,32,15,0.0002455540544,0.0002455540505,1.075530608
5073,0.921875,0.546875,222.6673723,197.0098775,6,3732,3807,0,0,0,0,0,0,307.2860715,-18.36194924,302.344672,5.318691117e-05,0,0,60,31,0.003254296543,0.00325429653,10.00327476
5074,0.921875,0.515625,162.8254477,177.5032687,6,3807,3750,0,0,0,0,0,0,878.8601204,28.52583247,839.6133554,5.318691117e-05,0,0,42,18,0.001137837497,0.001137837486,4.746517291
5075,0.890625,0.515625,66.8736832,94.49709874,6,3807,3552,0,0,0,0,0,0,1178.457777,47.33564797,1108.950397,5.318691117e-05,0,0,19,9,0.0008485666773,0.0008485666744,2.307871601
5076,0.890625,0.546875,159.7927434,143.5103589,6,3807,3753,0,0,0,0,0,0,1315.648264,-0.9928131675,1229.606238,5.318691117e-05,0,0,32,17,0.0007600815717,0.0007600815676,1.906393941
5077,0.890625,0.53125,113.3332133,205.7271427,6,4123,3807,0,0,0,0,0,0,2180.638006,28.47214295,1954.009275,5.318691117e-05,0,0,11,5,0.0004585813863,0.0004585813846,0.7926411963
5078,0.0029296875,0.5751953125,-386.4819817,-393.5711679,10,4708,4994,0,0,0,0,0,0,3775.10571,0.4274587426,0.2499834453,4,0,0,13,6,0.0002648932445,0.000264893243,0.6257161252
5079,0.0009765625,0.5751953125,-260.6526168,-260.6526168,10,4994,4947,0,0,0,0,0,0,1e+300,230.9066769,80.29167458,0,0,0,22,11,0,0,0
5080,0.0009765625,0.5771484375,-367.0259554,-367.0259554,10,4994,4262,1,0,0,0,0,1,1e+300,0,0,0,0,0,24,13,0,0,0
5081,0.001953125,0.578125,-372.8994991,-372.8994991,9,4262,4953,1,0,0,0,0,1,777.2176715,0,0,0,0,0,25,12,0.001286640843,0.001286640842,0.02086550207
5082,0.00390625,0.580078125,-373.0871377,-365.5595724,9,4953,4607,0,0,0,0,0,0,928.1307172,19.11201895,835.2997723,0.0001197405536,0,0,32,15,0.001077434441,0.001077434436,2.419681203
5083,0.005859375,0.578125,-407.3251243,-427.3835396,9,4953,4604,0,0,0,0,0,0,226.3471005,-15.78395183,220.3743116,0.0001197405536,0,0,28,15,0.004417993417,0.004417993409,8.805915949
5084,0.00390625,0.576171875,-393.4296959,-429.5108326,9,4953,4708,0,0,0,0,0,0,678.3918833,-29.64521895,627.4254724,0.0001197405536,0,0,20,12,0.00147407424,0.001474074237,2.729007197
5085,0.0029296875,0.5771484375,-376.3107026,-395.8147311,10,4994,4953,0,0,0,0,0,0,605.5473773,-9.413115605,0.2498968302,4,0,0,22,10,0.00165139845,0.001651398445,2.737247018
5086,0.0009765625,0.57421875,-214.8569276,-214.8569276,10,4947,5060,0,0,0,0,0,0,1e+300,0,1e+300,0,0,0,0,0,0,0,0
5087,0.001953125,0.5751953125,-323.5672993,-423.3708619,10,5060,4994,0,0,0,0,0,0,2876.022637,-9.008206962,0.2499782705,4,0,0,4,1,0.0003477024093,0.000347702408,0.9088188531
5088,0.0029296875,0.57421875,-340.6862925,-459.4781345,10,5060,4708,0,0,0,0,0,0,554.5906024,-31.6514814,0.249887355,4,0,0,10,5,0.001803131888,0.001803131885,2.184567452
5089,0.0029296875,0.5732421875,-362.9767325,-365.0731816,10,4708,4993,0,0,0,0,0,0,607.7099469,-5.50864576,0.2498971972,4,0,0,18,13,0.001645521856,0.001645521855,1.928636133
5090,0.0029296875,0.5712890625,-412.448785,-402.283106,10,4993,4948,0,0,0,0,0,0,762.3966788,-5.640534209,0.2499180486,4,0,0,16,11,0.001311653143,0.001311653142,2.954702428
5091,0.0009765625,0.5712890625,-281.7282475,-263.6377673,10,4993,4605,0,0,0,0,0,0,101.9671504,0.1305907113,0.2493885566,4,0,0,38,17,0.009807079991,0.009807079983,5.325841873
5092,0.0009765625,0.5732421875,-237.1473676,-261.8420128,10,4993,4947,0,0,0,0,0,0,107.5940335,11.78331746,0.2494204594,4,0,0,34,15,0.009294195667,0.009294195659,4.518807004
5093,0.001953125,0.5732421875,-300.06205,-387.1813449,10,5060,4993,0,0,0,0,0,0,698.5523872,-7.252780761,0.2499105613,4,0,0,6,4,0.001431531863,0.001431531862,1.457431142
5094,0.021484375,0.640625,-277.0350882,-257.0958052,9,4874,4979,0,0,0,0,0,0,292.7646003,14.47004661,282.8491001,0.0001197405536,0,0,10,6,0.003415713509,0.003415713507,1.5288867
5095,0.01953125,0.638671875,-232.8657478,-245.8154563,9,4979,4881,0,0,0,0,0,0,137.7234084,-11.9019286,135.489048,0.0001197405536,0,0,25,12,0.007260929801,0.007260929796,4.194480115
5096,0.017578125,0.640625,-152.0568576,-152.0568576,9,4979,4268,1,1,1,0,0,1,728.5043749,128.763885,643.8305853,0.0002016716458,0,130.98782,6,6,0.001372675353,0.001372675353,0.7044087676
5097,0.01953125,0.642578125,-278.2683848,-218.5847867,9,4979,4982,0,0,0,0,0,0,499.9563444,15.48169932,471.7169839,0.0001197405536,0,0,13,6,0.002000174637,0.002000174634,1.842304349
5098,0.0185546875,0.6435546875,-278.8850331,-180.1745369,10,4982,5013,0,0,0,0,0,0,354.0853288,10.60965806,0.2498236134,4,0,0,15,8,0.002824178012,0.00282417801,2.687363972
5099,0.0185546875,0.6416015625,-281.0757464,-228.2952248,10,5013,4979,0,0,0,0,0,0,831.2865946,3.278248537,0.2499248379,4,0,0,9,4,0.00120295456,0.001202954558,1.260053055
5100,0.0166015625,0.6416015625,-284.4997564,-236.3726924,10,5013,4268,0,0,0,0,0,0,384.825832,-1.509306411,0.2498376943,4,0,0,19,11,0.002598578154,0.002598578152,1.286277401
5101,0.015625,0.646484375,-226.6639604,-164.170015,9,4548,5016,0,0,0,0,0,0,660.472909,50.46425949,612.0673248,0.0001197405536,0,0,13,6,0.001514066643,0.001514066642,1.011599348
5102,0.017578125,0.64453125,-261.4780089,-160.0974253,9,5016,4982,0,0,0,0,0,0,703.0075368,54.99186835,648.4241564,0.0001197405536,0,0,15,9,0.001422459857,0.001422459856,1.204674769
5103,0.015625,0.642578125,-267.0927321,-232.1272145,9,5016,4268,0,0,0,0,0,0,911.6728484,27.04127014,821.9457848,0.0001197405536,0,0,17,8,0.001096884701,0.0010968847,0.5929174044
5104,0.013671875,0.642578125,-252.4930695,-114.0328358,9,4268,4542,0,0,0,0,0,0,1392.265355,128.0534591,1193.325342,0.0001197405536,0,0,8,4,0.0007182538847,0.0007182538835,1.339309639
5105,0.009765625,0.642578125,-223.2937442,-171.64127,9,4542,4383,0,0,0,0,0,0,19.02897143,36.28064531,18.98571173,0.0001197405536,0,0,33,14,0.05255144786,0.05255144786,0.5702189903
5106,0.009765625,0.646484375,-182.8649725,-132.7749705,9,4542,4314,0,0,0,0,0,0,7.70719959,30.61273466,7.700093448,0.0001197405536,0,0,42,20,0.1297488132,0.1297488132,1.230030086
5107,0.013671875,0.646484375,-212.0642978,-215.1864654,9,4542,4548,0,0,0,0,0,0,14.06206656,-17.63438063,14.03842866,0.0001197405536,0,0,21,12,0.07111330298,0.07111330298,0.6272577148
5108,0.013671875,0.64453125,-232.2786836,-149.9443332,9,5016,4542,0,0,0,0,0,0,374.0107583,69.87485662,357.9789381,0.0001197405536,0,0,12,6,0.002673719881,0.002673719876,3.953728634
5109,0.0166015625,0.6435546875,-264.2853705,-208.7511234,10,5013,5016,0,0,0,0,0,0,391.5096224,3.845157571,0.2498404634,4,0,0,18,10,0.002554215638,0.002554215636,2.349865878
5110,0.0029296875,0.5810546875,-355.9681445,-373.1956934,10,4607,4959,0,0,0,0,0,0,293.4960545,-1.9881002,0.2497872312,4,0,0,31,15,0.003407200828,0.003407200822,5.435746473
5111,0.0029296875,0.5791015625,-366.1394236,-391.9294886,10,4959,4953,0,0,0,0,0,0,13.91401291,-13.12488422,0.2455874087,4,0,0,27,14,0.07186999223,0.07186999223,0.7676936189
5112,0.0009765625,0.5791015625,-342.0727161,-342.0727161,10,4959,4262,0,0,0,0,0,0,1e+300,39.98767018,48.71586122,0,0,0,23,11,0,0,0
5113,0.0009765625,0.5810546875,-215.7814885,-275.6444256,10,4959,4716,0,0,0,0,0,0,521.7656004,-25.38316064,0.2498802718,4,0,0,35,19,0.001916569431,0.00191656943,2.604739992
5114,0,0.5810546875,-145.6881606,-99.56127443,10,4716,4991,0,0,0,0,0,0,168.0826483,16.0518989,0.2496287114,4,0,0,19,11,0.005949454095,0.005949454092,3.161325226
5115,0.0009765625,0.580078125,-278.9271023,-263.0327365,10,4991,4959,0,0,0,0,0,0,75.60604502,-32.34022203,0.2491760709,4,0,0,42,22,0.01322645563,0.01322645562,9.444316642
5116,0,0.5791015625,-271.9793882,-235.1239891,10,4991,4262,0,0,0,0,0,0,436.092479,-10.29846169,0.2498567639,4,0,0,23,11,0.002293091599,0.002293091595,2.396909378
5117,0.0185546875,0.6455078125,-258.6706473,-200.1307819,10,4982,5018,0,0,0,0,0,0,153.1543418,3.76271289,0.24959258,4,0,0,29,15,0.006529361089,0.006529361082,6.940697438
5118,0.0166015625,0.6455078125,-244.0709847,-223.9596798,10,5018,5016,0,0,0,0,0,0,365.3875371,1.745900881,0.2498290657,4,0,0,15,7,0.002736820221,0.002736820219,1.809447022
5119,0.0166015625,0.6474609375,-223.8565988,-206.0302432,10,5018,4548,0,0,0,0,0,0,427.8582785,-2.591767597,0.2498540089,4,0,0,11,4,0.002337222511,0.002337222509,1.433232844
5120,0.021484375,0.650390625,-221.3025631,-221.3025631,9,4308,4983,1,0,0,0,0,1,332.2898542,0,0,0,0,0,27,14,0.003009420804,0.003009420801,0.0978998225
5121,0.017578125,0.650390625,-187.1221839,-187.1221839,9,4983,4548,1,0,0,0,0,1,19.84353675,0,0,0,0,0,62,28,0.05039424234,0.05039424233,0.3391748875
5122,0.017578125,0.654296875,-253.7831656,-253.7831656,9,4983,4312,1,1,1,0,0,1,201.7113512,-114.6132197,196.954308,0.0001197405536,0,68.42408496,24,24,0.004957579203,0.004957579203,2.500926858
5123,0.02734375,0.66015625,-215.3389785,-215.3389785,8,4174,4386,1,0,0,0,0,1,36.21458348,0,0,0,0,0,269,138,0.02761318519,0.02761318516,16.1484901
5124,0.01953125,0.66015625,-146.97822,-146.97822,8,4386,4312,1,0,0,0,0,1,47.43896384,0,0,0,0,0,159,76,0.02107971842,0.0210797184,12.7591897
5125,0.01953125,0.66796875,-166.1828019,-166.1828019,8,4386,4269,1,0,0,0,0,1,51.48180069,0,0,0,0,0,185,96,0.01942433999,0.01942433997,13.31492511
5126,0.02734375,0.66796875,-187.6989292,-186.3939342,8,4386,4404,0,0,0,0,0,0,71.2896415,2.400898459,70.50250505,0.0001566098394,0,0,184,90,0.01402728333,0.01402728332,10.11318303
5127,0.01953125,0.65625,-261.558611,-261.558611,8,4312,4547,1,0,0,0,0,1,73.44566847,0,0,0,0,0,91,45,0.01361550682,0.0136155068,9.115215081
5128,0.0234375,0.66015625,-189.2843742,-189.2843742,8,4547,4386,1,1,1,0,0,1,54.63133362,116.2980652,54.16788377,0.0001566098394,0,40.16530345,78,78,0.0183045138,0.0183045138,8.092152001
5129,0.02734375,0.65625,-201.9457936,-201.9457936,8,4547,4174,1,1,1,0,0,1,84.8334832,127.2209644,83.72118372,0.0001566098394,0,43.5518733,39,39,0.01178779843,0.01178779843,6.66339933
5130,0.0234375,0.65234375,-340.2966198,-340.2966198,8,4547,4308,1,0,0,0,0,1,9.998405231,0,0,0,0,0,78,42,0.1000159502,0.1000159502,0.5153864668
5131,0.021484375,0.654296875,-50.04432496,-50.04432496,9,4983,4547,1,1,1,0,0,1,204.3054831,250.7510315,199.4267758,0.0001197405536,0,104.7028461,20,20,0.004894631239,0.004894631239,3.175239416
5132,0.017578125,0.6484375,-148.619259,-148.619259,9,4548,5015,1,1,1,0,0,1,1661.367791,67.28632077,1133.026983,0.0002930734657,0,211.4467604,5,5,0.0006019136795,0.0006019136795,0.5039997474
5133,0.01953125,0.650390625,-204.2123735,-204.2123735,9,5015,4983,1,0,0,0,0,1,22.80181193,0,0,0,0,0,41,20,0.04385616384,0.04385616383,0.1914853873
5134,0.021484375,0.6484375,-250.2485625,-64.15913077,9,5015,4308,0,0,0,0,0,0,1372.684795,179.454608,1178.911744,0.0001197405536,0,0,8,4,0.0007284993638,0.0007284993629,0.5725409067
5135,0.01953125,0.646484375,-255.8632857,-260.6962741,9,5015,4982,0,0,0,0,0,0,468.9154938,-50.79189578,443.9864532,0.0001197405536,0,0,21,11,0.002132580419,0.002132580416,2.680343017
5136,0.0185546875,0.6474609375,-238.4562614,-219.4699624,10,5018,5015,0,0,0,0,0,0,382.4551562,1.050703041,0.2498366889,4,0,0,20,10,0.002614685628,0.002614685623,3.123190191
5137,0.0107421875,0.6376953125,-227.5785934,-131.4283646,10,4379,4889,0,0,0,0,0,0,712.0658289,11.2668829,0.249912258,4,0,0,10,5,0.00140436454,0.001404364538,1.624877079
5138,0.0087890625,0.6376953125,-151.6663046,-71.07843206,10,4889,4553,0,0,0,0,0,0,295.0166453,9.592149204,0.2497883269,4,0,0,12,7,0.003389639249,0.003389639246,3.20192503
5139,0.0087890625,0.6396484375,-228.4651761,-127.2921075,10,4889,4383,0,0,0,0,0,0,346.2631411,9.066696784,0.2498196317,4,0,0,11,5,0.002887977036,0.002887977033,1.584660947
5140,0.009765625,0.640625,-243.5081301,-343.3749202,9,4383,4552,0,0,0,0,0,0,29174.82742,-113.1858998,6492.803351,0.0001197405536,0,0,7,3,3.427612391e-05,3.42761228e-05,0.0657643363
5141,0.01171875,0.642578125,-237.8934069,-158.726193,9,4552,4542,0,0,0,0,0,0,1090.245847,66.27791207,964.3528249,0.0001197405536,0,0,8,4,0.0009172243147,0.0009172243119,1.690711149
5142,0.013671875,0.640625,-272.7074553,-188.5368296,9,4552,4268,0,0,0,0,0,0,456.7128356,75.81657037,433.031615,0.0001197405536,0,0,12,7,0.002189559658,0.002189559655,3.204847312
5143,0.01171875,0.638671875,-242.6215474,-215.098411,9,4552,4379,0,0,0,0,0,0,688.381789,21.42705255,635.9612715,0.0001197405536,0,0,16,7,0.001452682241,0.001452682239,2.311637305
5144,0.0107421875,0.6396484375,-243.0648387,-150.4815818,10,4889,4552,0,0,0,0,0,0,2017.123418,2.959412267,0.2499690191,4,0,0,9,3,0.0004957554858,0.0004957554819,0.578394924
5145,0,0.5771484375,-261.5131053,-261.5131053,10,4262,5059,1,1,1,0,0,1,228.3472571,-10.44235523,0.2497265934,4,0,125.1613327,13,13,0.004379294994,0.004379294994,2.275159672
5146,0.0009765625,0.576171875,-306.448306,-291.4772077,10,5059,4994,0,0,0,0,0,0,210.3689926,-27.30062304,0.2497032556,4,0,0,22,11,0.004753552258,0.004753552254,4.125673211
5147,0,0.5751953125,-197.7379344,-179.8471968,10,5059,4947,0,0,0,0,0,0,448.8331631,11.85418037,0.2498608276,4,0,0,22,11,0.00222799936,0.002227999357,1.863088017
5148,0.025390625,0.59375,-436.855043,-375.7536397,9,4338,4443,0,0,0,0,0,0,667.1594536,90.26559544,617.8054234,0.0001197405536,0,0,32,14,0.001498892048,0.001498892043,2.481175898
5149,0.02734375,0.595703125,-366.7575751,-347.1237515,9,4443,4340,0,0,0,0,0,0,1143.852359,29.54911032,1006.057215,0.0001197405536,0,0,19,8,0.0008742387005,0.0008742386967,1.33919422
5150,0.029296875,0.59375,-358.6689546,-322.726128,9,4443,3859,0,0,0,0,0,0,494.5060831,43.28709353,466.8620459,0.0001197405536,0,0,42,18,0.002022219815,0.002022219812,2.180479783
5151,0.02734375,0.591796875,-384.6792985,-352.9978657,9,4443,4452,0,0,0,0,0,0,674.0030436,37.04589326,623.6694873,0.0001197405536,0,0,35,15,0.001483672825,0.001483672818,4.304574729
5152,0.0263671875,0.5966796875,-370.8018853,-298.0808759,10,4340,5043,0,0,0,0,0,0,3264.484823,14.33396036,0.249980856,4,0,0,10,5,0.0003063270483,0.0003063270474,0.9842757221
5153,0.0263671875,0.5947265625,-401.8063091,-346.2464245,10,5043,4443,0,0,0,0,0,0,628.2076556,5.511778326,0.2499005502,4,0,0,20,9,0.00159183033,0.001591830328,1.933610446
5154,0.0244140625,0.5947265625,-440.8993533,-411.6976677,10,5043,4338,0,0,0,0,0,0,728.4466409,-9.936458045,0.2499142304,4,0,0,22,11,0.001372784146,0.001372784141,1.8553925
5155,0.0244140625,0.5966796875,-409.8949295,-359.594987,10,5043,4442,0,0,0,0,0,0,1980.030947,2.822856166,0.2499684388,4,0,0,12,6,0.0005050426115,0.0005050426099,1.267059753
5156,0.0234375,0.5947265625,-460.4458754,-543.7404816,10,4338,5039,0,0,0,0,0,0,957.2829938,-17.04553992,0.2499347281,4,0,0,8,4,0.001044623175,0.001044623173,2.44356177
5157,0.0224609375,0.595703125,-352.252119,-386.6642749,10,5039,4458,0,0,0,0,0,0,1627.862476,-5.430922616,0.249961612,4,0,0,9,4,0.0006143025071,0.0006143025053,1.598558834
5158,0.0234375,0.5966796875,-429.4414516,-492.4379704,10,5039,4442,0,0,0,0,0,0,1969.737231,-5.086395182,0.2499682739,4,0,0,5,3,0.0005076819304,0.0005076819293,0.8823239324
5159,0.0244140625,0.595703125,-374.8864311,-426.9992917,10,5039,5043,0,0,0,0,0,0,4564.507342,-14.56538233,0.2499863081,4,0,0,4,3,0.0002190816938,0.0002190816936,0.4415810303
5160,0.14453125,0.51171875,-116.2031851,-49.46004347,8,4052,4677,0,0,0,0,0,0,922.9807812,7.832423237,806.4151826,0.0001566098394,0,0,1,1,0.001083446178,0.001083446178,0.588449549
5161,0.15234375,0.51171875,-95.92392619,-95.92392619,8,4677,4238,0,0,0,0,0,0,1e+300,0,1e+300,0,0,0,0,0,0,0,0
5162,0.15234375,0.50390625,-101.1184844,-101.1184844,8,4677,4042,0,0,0,0,0,0,1e+300,0,1e+300,0,0,0,0,0,0,0,0
5163,0.1328125,0.5,-123.9765723,-121.785657,7,3526,4237,0,0,0,0,0,0,175.2620136,1.569242528,172.5105646,9.100347434e-05,0,0,33,17,0.005705742959,0.005705742954,2.588006109
5164,0.140625,0.5078125,-118.7943142,-105.2902949,7,4237,4052,0,0,0,0,0,0,77.97780504,15.46844651,77.42835399,9.100347434e-05,0,0,19,10,0.01282416195,0.01282416194,5.096364587
5165,0.1484375,0.5,-103.7096134,-103.7096134,7,4237,4042,0,0,0,0,0,0,1e+300,-112.826941,2321.762573,0,0,0,0,0,0,0,0
5166,0.125,0.484375,-139.1003463,-141.5633071,6,3526,4088,0,0,0,0,0,0,130.1870588,-3.060625021,129.2918103,5.318691117e-05,0,0,82,39,0.007681255029,0.00768125502,6.206893186
5167,0.140625,0.46875,-123.823682,-118.2211516,6,4088,4046,0,0,0,0,0,0,5.59483767,5.153970866,5.593173297,5.318691117e-05,0,0,244,127,0.1787361956,0.1787361955,0.6713992833
5168,0.125,0.453125,-149.0809355,-159.8546992,6,4088,3603,0,0,0,0,0,0,2.29905885,-11.24001346,2.298777756,5.318691117e-05,0,0,337,165,0.4349605926,0.4349605926,1.235949485
5169,0.109375,0.46875,-189.9225801,-133.0915772,6,4088,3800,0,0,0,0,0,0,25.82681586,57.01758798,25.79138756,5.318691117e-05,0,0,138,63,0.03871944592,0.0387194459,0.1564644785
5170,0.1484375,0.4765625,-111.1950553,-133.5196522,7,4046,4242,0,0,0,0,0,0,188.2400776,-22.76431137,185.0697402,9.100347434e-05,0,0,8,7,0.005312365002,0.005312365002,4.131476089
5171,0.1328125,0.4765625,-131.4620142,-128.3081546,7,4242,4088,0,0,0,0,0,0,81.5713473,2.63074768,80.97028255,9.100347434e-05,0,0,53,28,0.01225920661,0.01225920659,10.74082933
5172,0.1328125,0.4921875,-126.4717196,-149.80052,7,4242,3526,0,0,0,0,0,0,111.4953009,-23.91761954,110.3753815,9.100347434e-05,0,0,60,29,0.00896898786,0.00896898785,8.17398257
5173,0.1484375,0.4921875,-106.2047607,-106.2047607,7,4242,4042,0,0,0,0,0,0,1e+300,0.6300266352,94.46400994,0,0,0,0,0,0,0,0
5174,0.140625,0.4921875,-116.3382401,-108.0385797,7,4237,4242,0,0,0,0,0,0,118.7943335,7.75254005,117.5238191,9.100347434e-05,0,0,15,8,0.008417909935,0.008417909931,3.687423559
5175,0.14453125,0.50390625,-111.2519638,-48.06386415,8,4677,4237,0,0,0,0,0,0,710.8186448,1.732979937,639.6158453,0.0001566098394,0,0,1,1,0.001406828602,0.001406828602,0.7640874763
5176,0.0185546875,0.6513671875,-198.5709992,-192.4368589,10,4983,5121,0,0,0,0,0,0,179.0060214,-7.847062454,0.2496513367,4,0,0,44,21,0.005586404257,0.005586404254,0.3702151134
5177,0.0185546875,0.6494140625,-206.5332796,-206.5332796,10,5121,5015,1,1,1,0,0,1,136682.3181,-7.532722963,4792.85774,0.0002016716458,0,250.7358143,7,7,7.316235297e-06,7.316235297e-06,0.006972575643
5178,0.0166015625,0.6494140625,-204.235862,-188.9484388,10,5121,4548,0,0,0,0,0,0,384.3730837,0.8262729611,0.2498375033,4,0,0,18,7,0.002601638987,0.002601638984,0.02307315907
5179,0.015625,0.654296875,-146.0437741,-114.6494155,9,4312,5014,0,0,0,0,0,0,800.3235092,10.91643871,730.3346754,0.0001197405536,0,0,19,9,0.001249494721,0.001249494721,0.4911031635
5180,0.017578125,0.65234375,-181.0619242,-204.2120678,9,5014,4983,0,0,0,0,0,0,387.00572,-39.29691877,369.8660252,0.0001197405536,0,0,24,13,0.002583941136,0.002583941135,1.15327146
5181,0.015625,0.650390625,-186.726787,-94.788924,9,5014,4548,0,0,0,0,0,0,72.92904176,75.31114036,72.2976975,0.0001197405536,0,0,31,15,0.01371195858,0.01371195858,0.1103124009
5182,0.009765625,0.650390625,-142.696856,-127.7845863,9,4314,4549,0,0,0,0,0,0,204.5334396,-8.93109127,199.6439697,0.0001197405536,0,0,32,16,0.004889176077,0.004889176075,2.815789449
5183,0.009765625,0.654296875,-74.2037958,-74.2037958,9,4549,4545,1,0,0,0,0,1,1012.655192,0,0,0,0,0,30,18,0.0009875029605,0.0009875029598,1.062899579
5184,0.013671875,0.654296875,-108.384175,-108.384175,9,4549,4312,1,0,0,0,0,1,122.3089631,0,0,0,0,0,31,15,0.008176015679,0.008176015673,3.470433339
5185,0.013671875,0.650390625,-172.0501433,-179.2407243,9,4549,4548,0,0,0,0,0,0,112.6533152,-26.22284975,111.1539408,0.0001197405536,0,0,37,20,0.008876791578,0.008876791573,4.161112055
5186,0.013671875,0.65234375,-151.7086369,-169.5045456,9,5014,4549,0,0,0,0,0,0,79.89093689,-38.75377603,79.1339271,0.0001197405536,0,0,40,21,0.01251706437,0.01251706437,7.019336109
5187,0.0166015625,0.6513671875,-183.8943556,-167.0935654,10,5121,5014,0,0,0,0,0,0,28.31629157,0.4140413345,0.2478121066,4,0,0,26,12,0.03531535892,0.03531535891,0.3091798363
5188,0.0166015625,0.6484375,-214.4066152,-155.2654481,10,4548,5132,0,0,0,0,0,0,283.0647396,15.20422187,0.2497793973,4,0,0,12,5,0.003532760744,0.00353276074,3.146034076
5189,0.017578125,0.6494140625,-211.5741838,-164.1403012,10,5132,5121,0,0,0,0,0,0,1838.692789,3.736911175,0.2499660131,4,0,0,7,3,0.0005438646444,0.0005438646425,0.9517772872
5190,0.0185546875,0.6484375,-229.0832589,-229.0832589,10,5132,5015,0,0,0,0,0,0,1e+300,0,1e+300,0,0,0,0,0,0,0,0
5191,0.017578125,0.6474609375,-209.5874521,-176.1964199,10,5132,5018,0,0,0,0,0,0,1839.91974,5.344556314,0.2499660357,4,0,0,5,2,0.0005435019683,0.0005435019676,0.4792795802
5192,0.00146484375,0.5766601562,-369.6794608,-369.6794608,11,4994,5080,0,0,0,0,0,0,1e+300,0,1e+300,0,0,0,0,0,0,0,0
5193,0.00048828125,0.5766601562,-259.8679463,-259.8679463,11,5080,5059,0,0,0,0,0,0,1e+300,264.0712587,190.4925252,0,0,0,13,6,0,0,0
5194,0.00048828125,0.5776367188,-354.8416395,-354.8416395,11,5080,4262,0,0,0,0,0,0,1e+300,101.4589835,105.4448047,0,0,0,11,7,0,0,0
5195,0.0009765625,0.578125,-357.888431,-357.888431,10,4262,5081,0,0,0,0,0,0,1e+300,0,1e+300,0,0,0,0,0,0,0,0
5196,0.001953125,0.5791015625,-363.9820139,-375.3309984,10,5081,4959,0,0,0,0,0,0,19.1231754,-6.191886642,0.2467738897,4,0,0,12,7,0.05229257062,0.05229257062,0.5613604218
5197,0.0029296875,0.578125,-378.8198352,-383.2568592,10,5081,4953,0,0,0,0,0,0,17.33258821,-0.6537493263,0.246445347,4,0,0,25,12,0.05769478787,0.05769478787,0.6368153055
5198,0.001953125,0.5771484375,-372.7262522,-372.9804465,10,5081,4994,0,0,0,0,0,0,1394.77669,3.755676414,0.249955198,4,0,0,13,5,0.0007169606482,0.0007169606447,1.628606528
5199,0.00146484375,0.5776367188,-365.3073416,-365.3073416,11,5080,5081,0,0,0,0,0,0,1e+300,0,1e+300,0,0,0,0,0,0,0,0
5200,0,0.5776367188,-299.9358823,-319.3332294,11,4262,5145,0,0,0,0,0,0,280.2553852,-11.95280996,0.2497771879,4,0,0,11,7,0.003568174075,0.003568174074,2.2330105
5201,0.00048828125,0.5771484375,-307.3547929,-326.745998,11,5145,5080,0,0,0,0,0,0,129.7810904,-12.63357954,0.2495193457,4,0,0,24,13,0.007705282769,0.007705282765,3.72063922
5202,0,0.5766601562,-204.962189,-195.528753,11,5145,5059,0,0,0,0,0,0,235.80358,8.95762074,0.2497352296,4,0,0,13,6,0.004240817717,0.004240817714,1.771384725
5203,0.01171875,0.70703125,-31.15532149,-31.15532149,8,4390,4506,1,1,1,0,0,1,1688.803825,-154.6393293,1373.088817,9.82739169e-05,0,134.9650296,6,6,0.000592135087,0.000592135087,0.4833695783
5204,0.00390625,0.70703125,244.2304354,311.1359854,8,4506,4505,0,0,0,0,0,0,7251.546867,41.99194291,3395.453713,0.0001566098394,0,0,13,7,0.0001379016117,0.0001379016108,0.8016707101
5205,0.00390625,0.71484375,238.3549866,310.1863865,8,4506,4257,0,0,0,0,0,0,14638.90166,65.72725838,4446.005975,0.0001566098394,0,0,18,10,6.831113587e-05,6.831113471e-05,1.019836154
5206,0.0078125,0.71875,173.1369363,173.1369363,7,4257,4504,1,0,0,0,0,1,622.6319566,0,0,0,0,0,39,21,0.001606085247,0.001606085245,0.2116319333
5207,0.015625,0.7265625,85.0194591,55.7517607,7,4504,4391,0,0,0,0,0,0,335.9958903,-17.460446,326.0270292,9.100347434e-05,0,0,72,35,0.002976226879,0.002976226873,3.439206051
5208,0.0234375,0.71875,-61.68947251,-61.68947251,7,4504,4175,1,0,0,0,0,1,36.19201219,0,0,0,0,0,186,91,0.02763040625,0.02763040624,1.144667297
5209,0.015625,0.7109375,80.58294774,80.58294774,7,4504,4390,1,0,0,0,0,1,541.6360176,0,0,0,0,0,40,20,0.001846258313,0.00184625831,2.130395839
5210,0.01171875,0.71484375,126.859942,126.859942,8,4506,4504,1,0,0,0,0,1,77.01983543,0,0,0,0,0,24,12,0.01298366836,0.01298366835,0.7997478969
5211,0,0.71484375,296.6109135,385.5757507,8,4257,4904,0,0,0,0,0,0,11163.47368,14.9517109,4061.941488,0.0001566098394,0,0,11,6,8.957785263e-05,8.957785037e-05,0.6929875331
5212,0.00390625,0.7109375,241.292711,343.3704174,8,4904,4506,0,0,0,0,0,0,3391.687305,19.18004223,2215.092871,0.0001566098394,0,0,20,11,0.0002948385008,0.0002948384968,3.176298617
5213,0,0.70703125,302.4863623,419.0295264,8,4904,4505,0,0,0,0,0,0,8108.882351,23.72057221,3572.303827,0.0001566098394,0,0,9,5,0.0001233215574,0.0001233215569,1.371552414
5214,0.01953125,0.6494140625,-226.3051011,-214.9704963,10,5015,5133,0,0,0,0,0,0,892.1115352,0.42750013,0.2499299611,4,0,0,12,7,0.001120936072,0.001120936071,1.328521709
5215,0.0185546875,0.650390625,-208.8093864,-195.6646528,10,5133,5121,0,0,0,0,0,0,9.400389901,0.05869624115,0.2435235777,4,0,0,29,13,0.1063785663,0.1063785663,0.4419335149
5216,0.01953125,0.6513671875,-205.9740135,-188.3753255,10,5133,4983,0,0,0,0,0,0,5.685847768,4.755565899,0.2394707542,4,0,0,29,13,0.175875268,0.175875268,0.7071702016
5217,0.0224609375,0.6494140625,-248.2956139,-243.2687305,10,4308,5120,0,0,0,0,0,0,264.1736192,-2.247449458,0.2497636368,4,0,0,17,10,0.003785389333,0.003785389331,2.023503284
5218,0.0205078125,0.6494140625,-233.635272,-217.2519769,10,5120,5015,0,0,0,0,0,0,1045.391735,6.68711438,0.2499402281,4,0,0,7,3,0.00095657921,0.0009565792078,0.715399516
5219,0.0205078125,0.6513671875,-213.3041844,-195.7281628,10,5120,4983,0,0,0,0,0,0,5.318263206,5.943823467,0.2387756743,4,0,0,10,4,0.1880313105,0.1880313105,0.6779221623
5220,0.029296875,0.654296875,-248.7790914,-195.1250397,9,4174,4980,0,0,0,0,0,0,6.278980954,50.01614288,6.274263658,0.0001197405536,0,0,114,54,0.1592615119,0.1592615119,0.8663336611
5221,0.029296875,0.650390625,-253.2120292,-320.1341284,9,4980,4875,0,0,0,0,0,0,15.30739036,-71.2029405,15.27938454,0.0001197405536,0,0,112,50,0.06532792178,0.06532792175,0.4536023623
5222,0.025390625,0.650390625,-260.1205829,-226.5572327,9,4980,4308,0,0,0,0,0,0,5.452672201,28.95378053,5.449114442,0.0001197405536,0,0,59,28,0.1833963171,0.1833963171,0.7443149017
5223,0.025390625,0.654296875,-164.4250157,-164.4250157,9,4980,4547,1,1,1,0,0,1,104.4181056,170.6039327,103.1286792,0.0001197405536,0,59.90362077,17,17,0.009576883186,0.009576883186,4.190364716
5224,0.0234375,0.654296875,-410.3157061,-410.3157061,9,4547,5130,1,1,1,0,0,1,1671.158697,151.5433284,1375.616823,0.0001500710526,0,100.1779393,10,10,0.0005983872158,0.0005983872158,0.4678703974
5225,0.025390625,0.65234375,-239.7894953,-223.4786344,9,5130,4980,0,0,0,0,0,0,7.101097515,71.8037891,7.095064657,0.0001197405536,0,0,41,22,0.140823302,0.140823302,0.6028200846
5226,0.0234375,0.650390625,-245.460241,-231.2184617,9,5130,4308,0,0,0,0,0,0,9.643503523,69.24887711,9.632380835,0.0001197405536,0,0,35,22,0.1036967527,0.1036967527,0.4205722326
5227,0.021484375,0.65234375,-210.4688116,-263.7757695,9,5130,4983,0,0,0,0,0,0,12.08464603,-2.657725516,12.06718454,0.0001197405536,0,0,20,10,0.08274963105,0.08274963104,0.2981643068
5228,0.0224609375,0.6513671875,-227.9645263,-291.4135874,10,5120,5130,0,0,0,0,0,0,14.27505845,-10.62089607,0.2456970913,4,0,0,20,11,0.07005225258,0.07005225258,0.2610250554
5229,0.0205078125,0.650390625,-223.4697282,-223.4697282,10,5133,5120,0,0,0,0,0,0,1e+300,0,1e+300,0,0,0,0,0,0,0,0
5230,0.01806640625,0.6499023438,-210.2270728,-210.2270728,11,5121,5177,0,0,0,0,0,0,1e+300,0,1e+300,0,0,0,0,0,0,0,0
5231,0.01904296875,0.6499023438,-217.5572437,-208.5040798,11,5177,5133,0,0,0,0,0,0,282.2034177,-3.079466263,0.2497787246,4,0,0,12,7,0.003543543194,0.003543543192,3.327649544
5232,0.01904296875,0.6489257812,-227.7227875,-216.5116149,11,5177,5015,0,0,0,0,0,0,426.0057698,0.04655124072,0.2498533744,4,0,0,12,7,0.002347386047,0.002347386045,2.506650222
5233,0.01806640625,0.6489257812,-182.2684278,-182.2684278,11,5177,5132,0,0,0,0,0,0,1e+300,0,1e+300,0,0,0,0,0,0,0,0
5234,0.00390625,0.703125,246.5051388,336.3465042,8,4505,4905,0,0,0,0,0,0,5930.162304,54.86000455,3074.659294,0.0001566098394,0,0,4,2,0.0001686294487,0.0001686294478,0.8507619006
5235,0.0078125,0.70703125,185.3881557,254.1046595,8,4905,4506,0,0,0,0,0,0,7757.352421,43.73673879,3502.384065,0.0001566098394,0,0,6,2,0.0001289099613,0.0001289099599,0.7892906803
5236,0.01171875,0.703125,130.3594416,83.25487084,8,4905,4390,0,0,0,0,0,0,1588.182447,-80.67938519,1271.84324,0.0001566098394,0,0,9,5,0.0006296505805,0.0006296505794,1.573017763
5237,0.0078125,0.69921875,191.4764247,110.5446511,8,4905,4502,0,0,0,0,0,0,4363.26865,-124.5081839,2592.044679,0.0001566098394,0,0,9,5,0.0002291859796,0.000229185978,1.137242823
5238,0.013671875,0.705078125,99.80095002,-24.82588404,9,4390,5203,0,0,0,0,0,0,4317.586799,-61.8937836,2846.153326,0.0001197405536,0,0,3,3,0.0002316108619,0.0002316108619,0.3034837204
5239,0.009765625,0.705078125,157.8737987,86.65426761,9,5203,4905,0,0,0,0,0,0,6.925761404e+11,-9.189753739,8351.389381,0.0001197405536,0,0,2,0,1.443884566e-12,0,1.443884566
5240,0.009765625,0.708984375,154.8296641,122.6466233,9,5203,4506,0,0,0,0,0,0,2517.168045,39.14505909,1934.189581,0.0001197405536,0,0,5,3,0.0003972718477,0.000397271847,1.121789067
5241,0.02734375,0.71484375,-111.0643565,-117.7745535,8,4175,4500,0,0,0,0,0,0,18.06655269,-9.576950937,18.01557941,0.0001566098394,0,0,131,65,0.0553509027,0.05535090267,0.8921792048
5242,0.02734375,0.70703125,-86.57500761,-87.58895484,8,4500,4402,0,0,0,0,0,0,35.39585175,-12.55463228,35.20072222,0.0001566098394,0,0,113,55,0.02825189819,0.02825189817,7.973835659
5243,0.01953125,0.70703125,11.16960983,-37.60267653,8,4500,4390,0,0,0,0,0,0,456.2683135,-71.64223182,425.8394818,0.0001566098394,0,0,24,13,0.002191692849,0.002191692848,0.9840608465
5244,0.01953125,0.71484375,9.446737614,9.446737614,8,4500,4504,1,0,0,0,0,1,456.5275947,0,0,0,0,0,50,23,0.002190448095,0.002190448091,0.08574767213
5245,0.015625,0.71484375,9.661097159,9.661097159,8,4504,5209,1,1,1,0,0,1,1905.407611,-60.78646246,1581.097747,9.874823919e-05,0,94.96342069,8,8,0.0005248220874,0.0005248220874,1.271967692
5246,0.01953125,0.7109375,8.125475307,-1.714187747,8,5209,4500,0,0,0,0,0,0,357.1102564,-23.41128589,338.1959768,0.0001566098394,0,0,26,11,0.002800255613,0.002800255609,3.335248215
5247,0.015625,0.70703125,69.24245845,2.331238035,8,5209,4390,0,0,0,0,0,0,366.3148171,-90.48443905,346.4400684,0.0001566098394,0,0,15,9,0.002729892304,0.002729892301,3.016665499
5248,0.01171875,0.7109375,124.2711726,-3.376765891,8,5209,4506,0,0,0,0,0,0,11259.04715,-142.6261076,4074.526312,0.0001566098394,0,0,6,4,8.881746271e-05,8.881746254e-05,0.2246693823
5249,0.013671875,0.708984375,96.75681551,-3.096292866,9,5203,5209,0,0,0,0,0,0,509.8057959,-27.82173527,480.475447,0.0001197405536,0,0,6,6,0.00196153125,0.00196153125,2.388587864
5250,0.0185546875,0.6533203125,-178.312755,-215.4749627,10,4983,5122,0,0,0,0,0,0,237.8025209,-5.881730134,0.2497374529,4,0,0,30,14,0.004205169887,0.004205169885,2.479163439
5251,0.0166015625,0.6533203125,-163.6524131,-189.5063827,10,5122,5014,0,0,0,0,0,0,206.6169692,3.004660041,0.2496978735,4,0,0,26,14,0.004839873529,0.004839873526,3.030969767
5252,0.0166015625,0.6552734375,-143.3213255,-166.7784046,10,5122,4312,0,0,0,0,0,0,436.7188983,3.465533146,0.2498569692,4,0,0,20,10,0.002289802443,0.002289802441,1.436614657
5253,0.021484375,0.662109375,-144.0785121,-144.0785121,9,4386,5124,1,1,1,0,0,1,109.6584627,24.68835166,108.2372464,0.0001197405536,0,37.79498907,34,34,0.00911922323,0.00911922323,5.381383729
5254,0.021484375,0.658203125,-112.3047889,-112.3047889,9,5124,4547,1,1,1,0,0,1,100.2978053,171.1264357,99.10755182,0.0001197405536,0,43.16907962,27,27,0.009970307894,0.009970307894,4.30067977
5255,0.017578125,0.658203125,-125.0868849,-125.0868849,9,5124,4312,1,0,0,0,0,1,309.6414634,0,0,0,0,0,84,42,0.003229541642,0.00322954164,2.083343419
5256,0.015625,0.66015625,-112.7978408,-112.7978408,8,4312,4546,1,0,0,0,0,1,245.6737131,0,0,0,0,0,41,18,0.004070439557,0.004070439552,3.061214401
5257,0.01171875,0.6640625,-87.3376105,-61.99030986,8,4546,4387,0,0,0,0,0,0,174.7314889,28.03239354,170.0773775,0.0001566098394,0,0,49,25,0.005723066897,0.005723066891,5.512036966
5258,0.015625,0.66796875,-133.6280736,-144.0476768,8,4546,4269,0,0,0,0,0,0,128.691671,-12.04289634,126.1492116,0.0001566098394,0,0,71,39,0.00777051065,0.007770510641,7.754475053
5259,0.01953125,0.6640625,-156.580511,-156.580511,8,4546,4386,1,0,0,0,0,1,86.55697113,0,0,0,0,0,128,63,0.01155308448,0.01155308447,8.643257669
5260,0.017578125,0.662109375,-144.3871841,-169.9521615,9,5124,4546,0,0,0,0,0,0,597.359015,-35.21820696,557.4832946,0.0001197405536,0,0,61,28,0.00167403517,0.001674035168,2.014089096
5261,0.017578125,0.65625,-306.5306571,-306.5306571,9,4312,5127,1,1,1,0,0,1,1289.876783,-101.3652703,1054.36554,0.0001605771731,0,134.8564853,7,7,0.0007752678498,0.0007752678498,0.4355253359
5262,0.01953125,0.658203125,-156.446705,-177.6001214,9,5127,5124,0,0,0,0,0,0,68.23736405,26.68586124,67.68433029,0.0001197405536,0,0,57,28,0.01465472786,0.01465472785,5.528127341
5263,0.021484375,0.65625,-23.50260282,-23.50260282,9,5127,4547,1,1,1,0,0,1,437.0879847,317.2517487,415.3497588,0.0001197405536,0,111.131379,12,12,0.002287868885,0.002287868885,1.86081429
5264,0.01953125,0.654296875,-221.7460848,-221.7460848,9,5127,4983,1,0,0,0,0,1,89.13577959,0,0,0,0,0,55,26,0.01121883945,0.01121883944,6.337093616
5265,0.0185546875,0.6552734375,-273.6178563,-273.6178563,10,5122,5127,1,1,1,0,0,1,43330.25555,-130.777887,5262.585946,0.0001605771731,0,149.1969639,17,17,2.307856225e-05,2.307856225e-05,0.01477089037
5266,0.0166015625,0.6396484375,-262.4279738,-263.8835559,10,4268,4985,0,0,0,0,0,0,1255.47318,-4.564040869,0.2499502279,4,0,0,8,3,0.0007965124353,0.0007965124347,0.6655265942
5267,0.0185546875,0.6396484375,-258.9736969,-252.9959304,10,4985,4979,0,0,0,0,0,0,287.1687113,3.033672,0.2497825472,4,0,0,19,8,0.003482273523,0.00348227352,3.059337901
5268,0.0185546875,0.6376953125,-210.3352981,-206.7028923,10,4985,4881,0,0,0,0,0,0,214.9707138,8.384473388,0.2497096004,4,0,0,23,11,0.004651796435,0.004651796428,4.007386539
5269,0.015625,0.634765625,-290.9360691,-326.5013457,9,4316,4872,0,0,0,0,0,0,401.0049631,-38.3845029,382.6322787,0.0001197405536,0,0,9,4,0.002493734722,0.00249373472,1.756231616
5270,0.013671875,0.63671875,-260.3555146,-146.6237308,9,4872,4379,0,0,0,0,0,0,433.2195384,109.2110069,411.8549941,0.0001197405536,0,0,7,4,0.002308298476,0.002308298474,2.691759637
5271,0.015625,0.638671875,-289.2948975,-190.8770477,9,4872,4268,0,0,0,0,0,0,1081.634562,92.78562636,957.6092947,0.0001197405536,0,0,10,5,0.0009245266706,0.0009245266692,1.04423924
5272,0.017578125,0.63671875,-237.2022217,-229.8757025,9,4872,4881,0,0,0,0,0,0,2373.900953,9.554822248,1848.469425,0.0001197405536,0,0,11,6,0.0004212475667,0.0004212475659,0.5304603852
5273,0.0166015625,0.6376953125,-263.2485596,-261.2675638,10,4985,4872,0,0,0,0,0,0,1179.521784,0.2790355756,0.2499470237,4,0,0,9,5,0.0008478012137,0.0008478012127,1.122711513
5274,0.0185546875,0.640625,-283.2928964,-283.2928964,10,4979,5096,0,0,0,0,0,0,1e+300,0,1e+300,0,0,0,0,0,0,0,0
5275,0.017578125,0.6396484375,-260.7008354,-192.3628657,10,5096,4985,0,0,0,0,0,0,430053.3085,2.264750047,0.2499998547,4,0,0,3,1,2.325293121e-06,2.325292913e-06,0.004858444636
5276,0.0166015625,0.640625,-286.7471732,-209.6157347,10,5096,4268,0,0,0,0,0,0,282.7207846,7.127955699,0.2497791291,4,0,0,10,6,0.003537058662,0.00353705866,3.143872024
5277,0.017578125,0.6416015625,-229.4965102,-160.3083687,10,5096,5013,0,0,0,0,0,0,594.6995188,9.863118055,0.2498949491,4,0,0,7,5,0.001681521455,0.001681521454,1.729347733
5278,0.0185546875,0.6591796875,-148.7819345,-137.5675511,10,5124,5255,0,0,0,0,0,0,63.32323467,-1.469009511,0.2490168819,4,0,0,65,31,0.01579199176,0.01579199174,8.033372423
5279,0.0185546875,0.6572265625,-147.2130155,-207.4171108,10,5255,5127,0,0,0,0,0,0,57.97399109,-14.06439238,0.2489265593,4,0,0,57,28,0.01724911432,0.01724911431,8.24276884
5280,0.0166015625,0.6572265625,-132.3007094,-112.580229,10,5255,4312,0,0,0,0,0,0,178.7224509,1.651784307,0.2496507842,4,0,0,19,11,0.005595267942,0.005595267939,2.788104571
5281,0.009765625,0.662109375,-64.77612258,-63.43234594,9,4387,4587,0,0,0,0,0,0,461.4340331,5.599318956,437.2736302,0.0001197405536,0,0,25,12,0.002167157011,0.002167157008,1.726182322
5282,0.013671875,0.662109375,-107.4366102,-117.1750663,9,4587,4546,0,0,0,0,0,0,490.730227,-15.73000146,463.4951111,0.0001197405536,0,0,24,12,0.002037779507,0.002037779501,1.786671472
5283,0.013671875,0.658203125,-214.3601595,-214.3601595,9,4587,4312,1,1,1,0,0,1,2001.915134,-107.9877784,1532.19135,0.0001500710526,0,107.4173859,3,3,0.0004995216745,0.0004995216745,0.4474259071
5284,0.009765625,0.658203125,-57.6348466,-57.6348466,9,4587,4545,1,0,0,0,0,1,861.487339,0,0,0,0,0,34,17,0.001160783165,0.001160783164,0.6782382095
5285,0.015625,0.658203125,-125.6290158,-279.0150489,9,4312,5256,0,0,0,0,0,0,3259.529372,-170.9319612,2344.48278,0.0001197405536,0,0,8,5,0.0003067927562,0.000306792756,0.3129783816
5286,0.013671875,0.66015625,-105.8676911,-105.5147526,9,5256,4587,0,0,0,0,0,0,250.0468896,-8.854026286,242.7779354,0.0001197405536,0,0,12,4,0.003999249907,0.003999249903,2.438876173
5287,0.015625,0.662109375,-128.766854,-103.3507861,9,5256,4546,0,0,0,0,0,0,1431.049192,14.30097873,1221.704481,0.0001197405536,0,0,20,9,0.0006987879982,0.0006987879946,0.5973408685
5288,0.017578125,0.66015625,-142.110241,-130.1412104,9,5256,5124,0,0,0,0,0,0,746.8156191,-0.1915943797,685.5141247,0.0001197405536,0,0,21,9,0.001339018594,0.001339018592,1.345707225
5289,0.0166015625,0.6591796875,-133.8696284,-110.8590517,10,5255,5256,0,0,0,0,0,0,280.1290751,8.157300156,0.2497770875,4,0,0,15,8,0.003569782964,0.00356978296,2.531276948
5290,0.0166015625,0.65625,-131.5162498,-208.5823967,10,4312,5261,0,0,0,0,0,0,131.0517424,-3.316933093,0.2495239972,4,0,0,15,7,0.007630573861,0.007630573856,3.685785975
5291,0.017578125,0.6572265625,-139.7568624,-219.4738471,10,5261,5255,0,0,0,0,0,0,192.5050428,-3.275119283,0.2496757543,4,0,0,12,6,0.005194669114,0.005194669111,2.355008666
5292,0.0185546875,0.65625,-146.4285559,-146.4285559,10,5261,5127,0,0,0,0,0,0,1e+300,0,1e+300,0,0,0,0,0,0,0,0
5293,0.017578125,0.6552734375,-192.0486677,-287.0983487,10,5261,5122,0,0,0,0,0,0,280049.2473,-14.88769658,0.2499997768,4,0,0,3,1,3.570800527e-06,3.570799683e-06,0.005238973354
5294,0.01806640625,0.6547851562,-222.3148766,-222.3148766,11,5122,5265,0,0,0,0,0,0,1e+300,0,1e+300,0,0,0,0,0,0,0,0
5295,0.01806640625,0.6557617188,-169.2386118,-169.2386118,11,5265,5261,0,0,0,0,0,0,1e+300,0,1e+300,0,0,0,0,0,0,0,0
5296,0.01904296875,0.6557617188,-176.6947649,-267.8401378,11,5265,5127,0,0,0,0,0,0,69.68752093,-4.970372111,0.2491063452,4,0,0,34,17,0.01434977148,0.01434977147,6.749481156
5297,0.0205078125,0.6533203125,-192.2366699,-92.64063232,10,4983,5131,0,0,0,0,0,0,1173.955272,23.42732794,0.2499467725,4,0,0,10,6,0.0008518212101,0.000851821209,0.7699302229
5298,0.0205078125,0.6552734375,-171.6394647,-171.6394647,10,5131,5127,0,0,0,0,0,0,1e+300,44.15460888,116.8273307,0,0,0,0,0,0,0,0
5299,0.0224609375,0.6552734375,-186.5517708,-240.5315748,10,5131,4547,0,0,0,0,0,0,331.5563547,-5.571499109,0.2498116371,4,0,0,21,12,0.003016078521,0.003016078519,1.478696318
5300,0.0224609375,0.6533203125,-207.1489761,-187.0085913,10,5131,5130,0,0,0,0,0,0,257.7891095,8.18007408,0.2497577887,4,0,0,14,8,0.00387913982,0.003879139816,3.867654021
5301,0.01953125,0.6552734375,-164.1833116,-250.5672415,10,5127,5264,0,0,0,0,0,0,177.8625539,-8.912787228,0.2496490983,4,0,0,34,17,0.005622318909,0.005622318904,3.458791876
5302,0.0205078125,0.654296875,-181.9380673,-181.9380673,10,5264,5131,0,0,0,0,0,0,1e+300,0,1e+300,0,0,0,0,0,0,0,0
5303,0.01953125,0.6533203125,-184.7805169,-198.0115787,10,5264,4983,0,0,0,0,0,0,188.5338237,3.871465254,0.2496689335,4,0,0,21,9,0.005304088043,0.005304088039,2.993222164
5304,0.0185546875,0.654296875,-209.8034234,-245.8587622,10,5264,5122,0,0,0,0,0,0,197.6828351,-16.37982449,0.2496842363,4,0,0,21,9,0.005058608146,0.005058608141,3.414240109
5305,0.01904296875,0.6547851562,-186.9933675,-241.9080972,11,5265,5264,0,0,0,0,0,0,97.6244122,1.075963415,0.2493614266,4,0,0,34,17,0.01024333952,0.01024333952,5.78361562
5306,0.029296875,0.658203125,-226.2643222,-204.1952423,9,4174,5123,0,0,0,0,0,0,56.31270327,23.46317379,55.93553475,0.0001197405536,0,0,109,59,0.01775798251,0.0177579825,14.2816723
5307,0.025390625,0.658203125,-198.3905947,-198.3905947,9,5123,4547,1,1,1,0,0,1,85.01146101,119.0993884,84.15482211,0.0001197405536,0,71.4534524,32,32,0.0117631198,0.0117631198,6.7489336
5308,0.025390625,0.662109375,-198.567845,-204.4286222,9,5123,4386,0,0,0,0,0,0,33.80713295,-1.365908571,33.67083057,0.0001197405536,0,0,134,67,0.02957955653,0.0295795565,19.08468569
5309,0.04296875,0.66796875,-207.3441022,-212.4320658,8,4266,4526,0,0,0,0,0,0,23.88730655,-3.585290358,23.7982775,0.0001566098394,0,0,237,123,0.04186323803,0.04186323799,38.50166992
5310,0.04296875,0.66015625,-215.7991582,-213.048678,8,4526,4513,0,0,0,0,0,0,31.60674368,3.37810816,31.45106321,0.0001566098394,0,0,177,89,0.03163881766,0.03163881762,29.74821908
5311,0.03515625,0.66015625,-229.1897413,-219.5725243,8,4526,4174,0,0,0,0,0,0,38.05716405,10.01391237,37.83168244,0.0001566098394,0,0,184,93,0.02627626164,0.02627626161,26.97078008
5312,0.03515625,0.66796875,-203.4054805,-192.5990067,8,4526,4404,0,0,0,0,0,0,22.87617941,10.42169777,22.79451499,0.0001566098394,0,0,259,131,0.04371359317,0.04371359313,35.82027645
5313,0.03125,0.66796875,-201.4361697,-203.5019099,8,4404,4530,0,0,0,0,0,0,26.73995474,-3.394240855,26.62844175,0.0001566098394,0,0,184,90,0.03739722112,0.03739722108,26.03718449
5314,0.03515625,0.6640625,-216.2976109,-212.7465413,8,4530,4526,0,0,0,0,0,0,45.42651898,3.5570293,45.10562674,0.0001566098394,0,0,137,68,0.02201357318,0.02201357315,19.90755785
5315,0.03125,0.66015625,-227.2204305,-202.6809651,8,4530,4174,0,0,0,0,0,0,70.74634095,23.99243609,69.97109113,0.0001566098394,0,0,128,69,0.01413500665,0.01413500664,14.69385728
5316,0.02734375,0.6640625,-199.5239532,-190.2403528,8,4530,4386,0,0,0,0,0,0,32.74832828,11.83734598,32.5812286,0.0001566098394,0,0,205,104,0.03053590984,0.03053590982,18.89666065
5317,0.029296875,0.662109375,-213.3721919,-203.8562597,9,5123,4530,0,0,0,0,0,0,31.55633073,10.51929033,31.4375417,0.0001197405536,0,0,164,87,0.03168936238,0.03168936236,24.71984095
5318,0.025390625,0.65625,-151.8927806,-151.8927806,9,4547,5129,1,1,1,0,0,1,167.4542009,158.9524093,164.1625675,0.0001197405536,0,76.87359158,25,25,0.005971782103,0.005971782103,2.549081162
5319,0.02734375,0.658203125,-236.9147705,-205.8748742,9,5129,5123,0,0,0,0,0,0,120.7846718,2.766788381,119.0626891,0.0001197405536,0,0,42,22,0.008279196236,0.008279196228,5.34362432
5320,0.029296875,0.65625,-250.7630091,-223.9505782,9,5129,4174,0,0,0,0,0,0,136.6582587,-3.011064443,134.4580496,0.0001197405536,0,0,78,39,0.007317523356,0.00731752335,3.692760654
5321,0.02734375,0.654296875,-256.2244189,-190.5581633,9,5129,4980,0,0,0,0,0,0,148.0727426,35.56626579,145.4931045,0.0001197405536,0,0,36,17,0.006753437414,0.006753437408,4.315412163
5322,0.0234375,0.658203125,-258.2156669,-268.2087432,9,4547,5128,0,0,0,0,0,0,656.6425215,36.16685207,608.776417,0.0001197405536,0,0,33,16,0.001522898635,0.001522898635,0.449109
5323,0.021484375,0.66015625,-190.8486839,-159.2325757,9,5128,5124,0,0,0,0,0,0,221.8891354,8.768137664,216.1463162,0.0001197405536,0,0,33,17,0.004506755134,0.004506755132,2.307842532
5324,0.0234375,0.662109375,-209.2182932,-231.3402402,9,5128,4386,0,0,0,0,0,0,118.1810306,-41.47299857,116.5319794,0.0001197405536,0,0,66,33,0.008461594849,0.008461594841,4.157741942
5325,0.025390625,0.66015625,-223.0665318,-202.6322914,9,5128,5123,0,0,0,0,0,0,56.10292548,-0.4671985626,55.72855247,0.0001197405536,0,0,63,29,0.01782438244,0.01782438243,7.611503535
5326,0.0205078125,0.6591796875,-181.6638793,-111.2544504,10,5124,5254,0,0,0,0,0,0,164.5585425,18.96604773,0.2496207721,4,0,0,15,8,0.006076864711,0.006076864707,3.643074687
5327,0.0224609375,0.6591796875,-224.5321754,-141.4770386,10,5254,5128,0,0,0,0,0,0,109.5311819,9.712367157,0.2494306857,4,0,0,40,21,0.009129820223,0.009129820216,5.402719939
5328,0.0224609375,0.6572265625,-249.0308622,-280.3071448,10,5254,4547,0,0,0,0,0,0,156.9213781,-13.71176468,0.2496023449,4,0,0,41,19,0.006372618007,0.006372618001,3.357099428
5329,0.0205078125,0.6572265625,-206.1625661,-206.1625661,10,5254,5127,0,0,0,0,0,0,1e+300,1.704459871,154.2041079,0,0,0,0,0,0,0,0
5330,0.0263671875,0.6533203125,-258.9551238,-191.2553101,10,4980,5223,0,0,0,0,0,0,592.2006971,16.13270221,0.249894506,4,0,0,16,7,0.001688616722,0.001688616722,1.231057918
5331,0.0244140625,0.6533203125,-269.605572,-257.3949901,10,5223,5130,0,0,0,0,0,0,340.4979138,-5.050652182,0.2498165799,4,0,0,19,8,0.002936875557,0.002936875552,1.721605886
5332,0.0244140625,0.6552734375,-274.7946104,-305.897149,10,5223,4547,0,0,0,0,0,0,701.4541387,-13.78140081,0.2499109311,4,0,0,18,9,0.001425609951,0.00142560995,0.4566326923
5333,0.0263671875,0.6552734375,-224.7666149,-224.7666149,10,5223,5129,0,0,0,0,0,0,1e+300,13.13335021,0.2496067846,0,0,0,0,0,0,0,0
5334,0.0234375,0.6552734375,-280.1198345,-429.4117755,10,4547,5224,0,0,0,0,0,0,272.9336861,-14.42982959,0.2497712162,4,0,0,14,7,0.003663893652,0.003663893649,2.138284347
5335,0.0244140625,0.654296875,-229.1196693,-304.0809728,10,5224,5223,0,0,0,0,0,0,2019.242,-16.76484838,0.2499690516,4,0,0,5,2,0.0004952353407,0.0004952353402,0.3072666549
5336,0.0234375,0.6533203125,-274.9307961,-380.506521,10,5224,5130,0,0,0,0,0,0,476.0568541,-5.295985405,0.2498687821,4,0,0,7,3,0.002100589439,0.002100589436,1.146837213
5337,0.0224609375,0.654296875,-256.0911672,-234.7363737,10,5224,5131,0,0,0,0,0,0,193.0982782,-4.575921758,0.2496767491,4,0,0,16,8,0.005178710081,0.005178710077,3.2941379
5338,0.0205078125,0.65625,-218.4119095,-218.4119095,10,5127,5263,0,0,0,0,0,0,1e+300,0,1e+300,0,0,0,0,0,0,0,0
5339,0.021484375,0.6572265625,-185.4875479,-61.9031185,10,5263,5254,0,0,0,0,0,0,292.6289745,6.506013339,0.2497866013,4,0,0,16,6,0.003417296602,0.003417296596,2.156082226
5340,0.0224609375,0.65625,-261.2802057,-223.5382661,10,5263,4547,0,0,0,0,0,0,104.2699393,-1.942944711,0.249402028,4,0,0,25,12,0.00959049182,0.009590491811,7.029129355
5341,0.021484375,0.6552734375,-237.2515384,-21.15097661,10,5263,5131,0,0,0,0,0,0,1294.573178,15.62285079,0.2499517309,4,0,0,9,6,0.0007724553676,0.000772455366,0.5467094095
5342,0.0224609375,0.6630859375,-175.5348017,-161.3102967,10,4386,5253,0,0,0,0,0,0,113.6855474,6.177125805,0.2494514442,4,0,0,47,25,0.008796192853,0.008796192847,6.463446667
5343,0.0224609375,0.6611328125,-172.772488,-165.2148805,10,5253,5128,0,0,0,0,0,0,95.35289384,1.3749212,0.2493462541,4,0,0,47,25,0.01048735869,0.01048735868,5.336230686
5344,0.0205078125,0.6611328125,-157.1651924,-144.0735365,10,5253,5124,0,0,0,0,0,0,117.9698752,1.547357731,0.2494713241,4,0,0,18,9,0.008476740337,0.008476740335,4.149585757
5345,0.021484375,0.666015625,-170.8713677,-166.5629225,9,4386,5125,0,0,0,0,0,0,59.11207065,11.90408868,58.69660947,0.0001197405536,0,0,57,30,0.01691701862,0.01691701861,5.825855307
5346,0.017578125,0.666015625,-138.6535198,-138.2331439,9,5125,4546,0,0,0,0,0,0,116.0424038,6.06948777,114.452094,0.0001197405536,0,0,90,48,0.008617539514,0.008617539507,8.315259999
5347,0.017578125,0.669921875,-143.1748904,-168.840268,9,5125,4269,0,0,0,0,0,0,69.86137768,-14.96895924,69.28181864,0.0001197405536,0,0,77,41,0.01431406069,0.01431406067,14.79847755
5348,0.02734375,0.671875,-173.7396924,-177.3398673,8,4404,4531,0,0,0,0,0,0,58.03858269,-1.827900706,57.51579784,0.0001566098394,0,0,103,50,0.01722991765,0.01722991763,15.29510067
5349,0.0234375,0.66796875,-171.8274759,-179.9167243,8,4531,4386,0,0,0,0,0,0,49.71703571,-2.434727988,49.33292086,0.0001566098394,0,0,122,59,0.02011382991,0.02011382989,13.9101377
5350,0.01953125,0.671875,-144.1309987,-161.8225916,8,4531,4269,0,0,0,0,0,0,165.6169993,-8.936297682,161.4299501,0.0001566098394,0,0,59,30,0.006038027523,0.006038027519,6.505148513
5351,0.0234375,0.67578125,-178.3960105,-196.8436324,8,4531,4405,0,0,0,0,0,0,168.6238173,-16.84472871,164.2853455,0.0001566098394,0,0,48,26,0.005930360348,0.005930360342,6.884504936
5352,0.021484375,0.669921875,-157.9792373,-167.4357676,9,5125,4531,0,0,0,0,0,0,62.97117567,-2.251622518,62.49991361,0.0001197405536,0,0,84,41,0.01588028156,0.01588028155,10.52413723
5353,0.017578125,0.6640625,-136.3928345,-147.9686524,9,4546,5259,0,0,0,0,0,0,50.72995069,-8.45035934,50.4236556,0.0001197405536,0,0,99,47,0.01971222101,0.01971222099,15.93982739
5354,0.01953125,0.666015625,-154.7624438,-154.1729262,9,5259,5125,0,0,0,0,0,0,62.50624397,7.211895243,62.04188944,0.0001197405536,0,0,62,32,0.0159984017,0.01599840169,12.17809672
5355,0.021484375,0.6640625,-168.6106824,-172.1988945,9,5259,4386,0,0,0,0,0,0,279.4711843,1.483778126,270.4217805,0.0001197405536,0,0,29,16,0.003578186433,0.003578186431,2.850610852
5356,0.01953125,0.662109375,-150.2410731,-154.3695005,9,5259,5124,0,0,0,0,0,0,91.696773,-2.553356128,90.7008933,0.0001197405536,0,0,48,22,0.01090550918,0.01090550917,8.260987342
5357,0.0205078125,0.6630859375,-159.4258777,-148.7366772,10,5253,5259,0,0,0,0,0,0,224.6215816,1.668555518,0.2497220636,4,0,0,18,9,0.004451931968,0.004451931963,3.18562898
5358,0.02734375,0.703125,-69.36567927,-137.0969059,8,4402,4801,0,0,0,0,0,0,278.9040596,-13.3241164,267.2316177,0.0001566098394,0,0,38,17,0.003585462332,0.003585462326,2.878114919
5359,0.0234375,0.69921875,-91.60375223,-118.6942331,8,4801,4501,0,0,0,0,0,0,1090.805137,30.59936058,931.6505174,0.0001566098394,0,0,14,7,0.0009167540254,0.0009167540215,1.232338063
5360,0.01953125,0.703125,40.30592337,13.76254314,8,4801,4390,0,0,0,0,0,0,246.1583976,28.4614548,237.0210405,0.0001566098394,0,0,18,10,0.004062424884,0.004062424881,2.320898943
5361,0.0234375,0.70703125,-26.59753599,-66.0923559,8,4801,4500,0,0,0,0,0,0,58.32645485,19.72513469,57.79849469,0.0001566098394,0,0,42,20,0.01714487881,0.01714487881,5.310191668
5362,0.0126953125,0.6591796875,-91.106331,-155.3066048,10,4587,5283,0,0,0,0,0,0,2592.721708,-7.920296668,0.2499758964,4,0,0,5,1,0.0003856950775,0.0003856950774,0.5026024693
5363,0.0146484375,0.6591796875,-106.7902418,-170.6997538,10,5283,5256,0,0,0,0,0,0,3569.486913,-7.10674573,0.2499824917,4,0,0,6,1,0.0002801523088,0.0002801523075,0.3650688097
5364,0.0146484375,0.6572265625,-104.5295565,-158.7869948,10,5283,4312,0,0,0,0,0,0,1226.962435,0.02167472875,0.2499490716,4,0,0,5,2,0.000815020877,0.0008150208758,0.3934332496
5365,0.009765625,0.65625,-117.8425838,-117.8425838,9,4545,4766,1,1,1,0,0,1,4220.751078,-40.86484838,2256.726266,0.0002069184558,0,92.21271673,6,6,0.0002369246567,0.0002369246567,0.1879404827
5366,0.01171875,0.658203125,-81.70901979,-195.7712499,9,4766,4587,0,0,0,0,0,0,718.4418071,-120.9770519,661.5324101,0.0001197405536,0,0,13,7,0.001391901181,0.00139190118,0.5487277662
5367,0.013671875,0.65625,-95.13224529,-108.8454492,9,4766,4312,0,0,0,0,0,0,413.2869256,-22.62888979,393.7989177,0.0001197405536,0,0,13,7,0.002419626507,0.002419626505,1.265470303
5368,0.01171875,0.654296875,-161.0340986,-161.0340986,9,4766,4549,1,1,1,0,0,1,1841.792759,-54.87559599,1334.350183,0.0002069184558,0,96.25608172,5,5,0.0005429492514,0.0005429492514,0.4783139822
5369,0.0126953125,0.6572265625,-88.42063254,-147.711741,10,5283,4766,0,0,0,0,0,0,963.1266001,-5.985261263,0.249935124,4,0,0,4,2,0.001038285102,0.001038285101,0.4810045599
5370,0.1015625,0.7890625,-125.9941752,-125.9941752,7,4393,4770,1,1,1,0,0,1,202.7359201,-58.54848258,199.0632678,9.100347434e-05,0,77.06935568,23,23,0.004932525027,0.004932525027,0.710694552
5371,0.1015625,0.8046875,-80.59796283,-138.6720725,7,4770,4645,0,0,0,0,0,0,425.3911856,-60.74282246,409.5371523,9.100347434e-05,0,0,19,13,0.002350777434,0.002350777434,1.828482164
5372,0.1171875,0.8046875,-47.19099914,-136.9224164,7,4770,3605,0,0,0,0,0,0,445.1436269,-94.30188379,427.8130829,9.100347434e-05,0,0,13,6,0.002246465948,0.002246465947,1.830165226
5373,0.1171875,0.7890625,-129.383705,-129.383705,7,4770,4644,1,0,0,0,0,1,3853.783324,0,0,0,0,0,8,4,0.0002594852684,0.0002594852681,0.2582311769
5374,0.125,0.7890625,-158.4821737,-158.4821737,7,4644,4775,0,0,0,0,0,0,1e+300,0,1e+300,0,0,0,0,0,0,0,0
5375,0.1171875,0.796875,-88.49922501,-88.26016091,7,4775,4770,0,0,0,0,0,0,4.702864364e+12,-2.084555811,10988.59142,9.100347434e-05,0,0,2,0,2.126363685e-13,0,0.2126363685
5376,0.125,0.8046875,-75.865722,-72.45515599,7,4775,3605,0,0,0,0,0,0,5.685056048e+11,4.400287565e-07,10988.59124,9.100347434e-05,0,0,2,0,1.75899761e-12,0,1.75899761
5377,0.1484375,0.7890625,-75.68373381,-75.68373381,7,4648,4783,0,0,0,0,0,0,1e+300,0,1e+300,0,0,0,0,0,0,0,0
5378,0.1328125,0.7890625,-130.8826938,-130.8826938,7,4783,4644,0,0,0,0,0,0,1e+300,0,1e+300,0,0,0,0,0,0,0,0
5379,0.1328125,0.8046875,-48.26624203,-48.26624203,7,4783,3605,0,0,0,0,0,0,1e+300,0,1e+300,0,0,0,0,0,0,0,0
5380,0.171875,0.828125,-72.33064825,-72.33064825,6,3586,4649,0,0,0,0,0,0,1e+300,0,1e+300,0,0,0,0,0,0,0,0
5381,0.140625,0.828125,-39.7353263,-39.7353263,6,4649,3605,0,0,0,0,0,0,1e+300,0,1e+300,0,0,0,0,0,0,0,0
5382,0.140625,0.859375,-17.49566467,-17.49566467,6,4649,3518,0,0,0,0,0,0,1e+300,0,1e+300,0,0,0,0,0,0,0,0
5383,0.21875,0.875,172.7529653,172.7529653,5,3531,3642,0,0,0,0,0,0,1e+300,0,1e+300,0,0,0,0,0,0,0,0
5384,0.1875,0.84375,9.363889601,9.363889601,5,3642,3586,0,0,0,0,0,0,1e+300,0,1e+300,0,0,0,0,0,0,0,0
5385,0.15625,0.875,64.19887318,64.19887318,5,3642,3518,0,0,0,0,0,0,1e+300,0,1e+300,0,0,0,0,0,0,0,0
5386,0.15625,0.90625,120.956376,120.956376,5,3518,3589,0,0,0,0,0,0,1e+300,0,1e+300,0,0,0,0,0,0,0,0
5387,0.15625,0.96875,65.93929488,65.93929488,5,3589,3532,0,0,0,0,0,0,1e+300,0,1e+300,0,0,0,0,0,0,0,0
5388,0.21875,0.96875,343.0254738,343.0254738,5,3589,3505,0,0,0,0,0,0,1e+300,0,1e+300,0,0,0,0,0,0,0,0
5389,0.21875,0.90625,229.5104681,229.5104681,5,3589,3531,0,0,0,0,0,0,1e+300,0,1e+300,0,0,0,0,0,0,0,0
5390,0.1875,0.90625,175.2334221,175.2334221,5,3642,3589,0,0,0,0,0,0,1e+300,0,1e+300,0,0,0,0,0,0,0,0
5391,0.171875,0.859375,36.78138139,36.78138139,6,4649,3642,0,0,0,0,0,0,1e+300,0,1e+300,0,0,0,0,0,0,0,0
5392,0.140625,0.8125,-50.85515711,-50.85515711,6,3605,4651,0,0,0,0,0,0,1e+300,0,1e+300,0,0,0,0,0,0,0,0
5393,0.15625,0.828125,-56.03298727,-56.03298727,6,4651,4649,0,0,0,0,0,0,1e+300,0,1e+300,0,0,0,0,0,0,0,0
5394,0.171875,0.8125,-83.45047906,-83.45047906,6,4651,3586,0,0,0,0,0,0,1e+300,0,1e+300,0,0,0,0,0,0,0,0
5395,0.15625,0.796875,-78.2726489,-78.2726489,6,4651,4648,0,0,0,0,0,0,1e+300,0,1e+300,0,0,0,0,0,0,0,0
5396,0.1484375,0.8046875,-64.563903,-64.563903,7,4783,4651,0,0,0,0,0,0,1e+300,0,1e+300,0,0,0,0,0,0,0,0
5397,0.1328125,0.796875,-89.57446789,-89.57446789,7,4775,4783,0,0,0,0,0,0,1e+300,0,1e+300,0,0,0,0,0,0,0,0
5398,0.021484375,0.712890625,-14.68712121,-82.99367101,9,4500,5244,0,0,0,0,0,0,208.4311074,-69.13147969,203.3558227,0.0001197405536,0,0,27,12,0.004797748341,0.004797748337,4.2587712
5399,0.017578125,0.712890625,42.74268128,7.725810041,9,5244,5209,0,0,0,0,0,0,444.0310739,-37.18812042,421.6144545,0.0001197405536,0,0,18,6,0.002252094637,0.002252094633,2.371509518
5400,0.017578125,0.716796875,33.26902442,50.35870224,9,5244,4504,0,0,0,0,0,0,30.33949507,17.78722893,30.22967465,0.0001197405536,0,0,19,10,0.0329603376,0.0329603376,0.6376303089
5401,0.02734375,0.72265625,-7.048570364,-7.048570364,8,4175,4582,1,1,1,0,0,1,137.1554994,104.8747551,134.2713636,0.0001566098394,0,53.22873669,55,55,0.007290994562,0.007290994562,6.066322359
5402,0.01953125,0.72265625,13.19706686,9.742071847,8,4582,4504,0,0,0,0,0,0,120.2412372,4.017937473,118.0188293,0.0001566098394,0,0,114,53,0.00831661436,0.008316614347,8.838617168
5403,0.01953125,0.73046875,39.95661109,45.62422737,8,4582,4391,0,0,0,0,0,0,99.18069943,22.47619191,97.66372075,0.0001566098394,0,0,110,53,0.01008260686,0.01008260684,12.29320753
5404,0.0390625,0.7265625,-138.9052138,-138.9052138,7,4175,4400,1,0,0,0,0,1,73.86118618,0,0,0,0,0,107,51,0.01353891065,0.01353891064,0.3654834566
5405,0.0390625,0.7421875,-55.61907422,-55.61907422,7,4400,4396,1,0,0,0,0,1,903.0396703,0,0,0,0,0,21,9,0.001107371063,0.001107371061,1.551265274
5406,0.0546875,0.7421875,-123.118371,-123.118371,7,4400,3604,1,1,1,0,0,1,78.5816377,-4.258788202,78.02367457,9.100347434e-05,0,22.23308177,84,84,0.01272561923,0.01272561923,10.79756636
5407,0.0546875,0.7265625,-123.1881193,-123.1881193,7,4400,4399,1,0,0,0,0,1,38.81643677,0,0,0,0,0,317,161,0.02576228225,0.02576228222,11.11667692
5408,0.03125,0.7421875,-55.71366273,-18.01256197,7,4396,4565,0,0,0,0,0,0,372.2630883,36.14484239,360.0650792,9.100347434e-05,0,0,47,20,0.00268627224,0.002686272231,2.549159548
5409,0.0390625,0.734375,-124.3409813,-98.98785611,7,4565,4400,0,0,0,0,0,0,418.6571486,-1.861022032,403.2920229,9.100347434e-05,0,0,23,10,0.002388589335,0.002388589334,2.400645795
5410,0.03125,0.7265625,-82.48783386,-82.48783386,7,4565,4175,1,1,1,0,0,1,190.379808,55.16572885,187.1376069,9.100347434e-05,0,58.17203379,46,46,0.005252657887,0.005252657887,5.061548244
5411,0.0234375,0.734375,8.066519818,6.807420394,7,4565,4391,0,0,0,0,0,0,175.8477406,9.427864875,173.0780154,9.100347434e-05,0,0,89,39,0.005686737838,0.005686737825,6.647077364
5412,0.02734375,0.73046875,-62.74305479,-36.61233806,8,4582,4565,0,0,0,0,0,0,135.1036335,33.49617875,132.3042659,0.0001566098394,0,0,68,34,0.007401725433,0.007401725424,7.795227741
5413,0.01953125,0.71875,-0.1827052613,8.708379718,8,4504,5208,0,0,0,0,0,0,21.50161285,11.69619588,21.42945208,0.0001566098394,0,0,67,30,0.04650813904,0.04650813903,0.9810425986
5414,0.0234375,0.72265625,-44.23273564,-44.80181595,8,5208,4582,0,0,0,0,0,0,124.9869125,8.250171462,122.5873653,0.0001566098394,0,0,79,39,0.008000837686,0.008000837675,5.329459703
5415,0.02734375,0.71875,-115.0423102,-178.8538467,8,5208,4175,0,0,0,0,0,0,8.296222678,-58.31378701,8.28545763,0.0001566098394,0,0,80,38,0.1205367839,0.1205367839,0.9649986961
5416,0.0234375,0.71484375,-48.13885089,-102.0092869,8,5208,4500,0,0,0,0,0,0,24.77169509,-52.58780608,24.6759649,0.0001566098394,0,0,61,30,0.04036865448,0.04036865447,0.3828373299
5417,0.021484375,0.716796875,-24.16077808,-24.3443369,9,5244,5208,0,0,0,0,0,0,27.06450458,1.860311587,26.97707945,0.0001197405536,0,0,27,14,0.03694876428,0.03694876427,0.784822439
5418,0.015625,0.716796875,61.98392566,-26.17397639,9,4504,5245,0,0,0,0,0,0,1958.095509,-58.9012225,1586.191575,0.0001197405536,0,0,8,6,0.0005107003185,0.0005107003176,1.456242534
5419,0.017578125,0.71484375,38.00585285,-34.91951219,9,5245,5244,0,0,0,0,0,0,18319.70596,-44.42992599,5736.359798,0.0001197405536,0,0,9,4,5.458602895e-05,5.458602782e-05,0.1369383483
5420,0.015625,0.712890625,71.45758253,27.59047358,9,5245,5209,0,0,0,0,0,0,1293.460457,-17.47922968,1119.995866,0.0001197405536,0,0,5,2,0.0007731198849,0.0007731198844,1.491039752
5421,0.01171875,0.73046875,154.8162161,98.45799532,8,4391,4583,0,0,0,0,0,0,967.4054004,-42.24228371,840.1224733,0.0001566098394,0,0,14,5,0.001033692803,0.0010336928,2.630395685
5422,0.01171875,0.72265625,128.0566718,125.6282656,8,4583,4504,0,0,0,0,0,0,914.8325595,2.351887634,800.1881751,0.0001566098394,0,0,23,13,0.001093096206,0.001093096203,2.831571575
5423,0.00390625,0.72265625,242.9162768,332.1920643,8,4583,4257,0,0,0,0,0,0,5743.804419,91.36344274,3023.792942,0.0001566098394,0,0,10,5,0.0001741006356,0.0001741006333,1.535020576
5424,0.00390625,0.73046875,123.1211448,174.5645608,8,4583,4503,0,0,0,0,0,0,18973.37003,56.86782266,4777.481876,0.0001566098394,0,0,10,3,5.270544972e-05,5.270544716e-05,0.4456993548
5425,0.00390625,0.71875,229.5365047,339.6208142,8,4257,5206,0,0,0,0,0,0,7669.952695,107.5041432,3484.457265,0.0001566098394,0,0,10,6,0.0001303789006,0.0001303788993,1.071345731
5426,0.0078125,0.72265625,185.4864743,163.6279707,8,5206,4583,0,0,0,0,0,0,696.5776335,-18.424529,628.0617995,0.0001566098394,0,0,15,10,0.001435590165,0.001435590162,2.159780647
5427,0.01171875,0.71875,114.6768997,131.103897,8,5206,4504,0,0,0,0,0,0,1010.451983,16.5394696,872.3978782,0.0001566098394,0,0,19,11,0.0009896561305,0.0009896561288,1.656012064
5428,0.0078125,0.71484375,181.5803591,306.0092689,8,5206,4506,0,0,0,0,0,0,409.3916116,120.3262626,384.7250589,0.0001566098394,0,0,17,8,0.002442648974,0.002442648972,0.2267347126
5429,0.009765625,0.712890625,157.6022863,262.3060941,9,4506,5210,0,0,0,0,0,0,222.246026,99.83992007,216.4849581,0.0001197405536,0,0,13,5,0.004499518025,0.004499518022,0.4183282349
5430,0.009765625,0.716796875,148.1286294,213.2004644,9,5210,5206,0,0,0,0,0,0,90.95215819,63.07674747,89.9723003,0.0001197405536,0,0,17,7,0.01099479133,0.01099479132,0.9651394985
5431,0.013671875,0.716796875,90.69882691,300.9212721,9,5210,4504,0,0,0,0,0,0,465.1289774,209.573677,440.5903836,0.0001197405536,0,0,10,6,0.002149941303,0.002149941302,0.1496363591
5432,0.013671875,0.712890625,100.1724838,170.275091,9,5210,5209,0,0,0,0,0,0,8056.757816,66.58503872,4100.714191,0.0001197405536,0,0,4,2,0.0001241194067,0.000124119406,0.4024286135
5433,0.013671875,0.71484375,95.43565534,88.18235234,9,5245,5210,0,0,0,0,0,0,1155.52784,19.89581676,1015.078045,0.0001197405536,0,0,4,4,0.0008654053717,0.0008654053717,2.969703772
5434,0.03125,0.7578125,-2.169188884,-33.38253408,7,4396,4563,0,0,0,0,0,0,397.7974565,3.294605224,383.8999147,9.100347434e-05,0,0,28,16,0.002513842116,0.002513842113,4.554204692
5435,0.0234375,0.765625,92.15207357,95.36903871,7,4563,4557,0,0,0,0,0,0,328.7295893,24.83657552,319.1811155,9.100347434e-05,0,0,39,21,0.003042013961,0.003042013956,6.194644363
5436,0.03125,0.7734375,27.08079215,-2.150838879,7,4563,4394,0,0,0,0,0,0,247.7399061,5.248507476,242.2777086,9.100347434e-05,0,0,44,22,0.004036491398,0.004036491388,6.859293689
5437,0.0625,0.765625,-124.5056894,-61.21572885,6,3604,4397,0,0,0,0,0,0,76.28266261,65.74981388,75.97441623,5.318691117e-05,0,0,101,56,0.01310913864,0.01310913863,1.710119359
5438,0.046875,0.78125,-35.84003797,-13.55256673,6,4397,4394,0,0,0,0,0,0,23.04270086,21.02225243,23.01449498,5.318691117e-05,0,0,124,63,0.04339769049,0.04339769048,2.226873699
5439,0.0625,0.796875,-102.2660278,-101.9565606,6,4397,3587,0,0,0,0,0,0,11.31811958,1.612721218,11.31131045,5.318691117e-05,0,0,137,66,0.08835389949,0.08835389947,3.860316122
5440,0.078125,0.78125,-99.23868339,-93.7294255,6,4397,4393,0,0,0,0,0,0,25.65163314,5.795219901,25.6166835,5.318691117e-05,0,0,208,97,0.03898387266,0.03898387264,0.739795875
5441,0.0390625,0.7734375,-2.627043062,0.3984874944,7,4394,4556,0,0,0,0,0,0,60.97375574,0.4760753405,60.63729012,9.100347434e-05,0,0,59,32,0.01640049867,0.01640049866,4.667068154
5442,0.0546875,0.7734375,-80.1728637,-49.58612046,7,4556,4397,0,0,0,0,0,0,26.03075427,31.18406048,25.96923603,9.100347434e-05,0,0,112,62,0.03841609773,0.03841609771,1.975143664
5443,0.0546875,0.7578125,-91.29269451,-99.60237312,7,4556,3604,0,0,0,0,0,0,18.07531493,-7.13406171,18.04563137,9.100347434e-05,0,0,115,57,0.05532407064,0.05532407062,1.208212382
5444,0.0390625,0.7578125,-31.87702409,-27.43207781,7,4556,4396,0,0,0,0,0,0,861.6093343,1.92330298,798.963084,9.100347434e-05,0,0,17,12,0.00116061881,0.001160618809,1.739477681
5445,0.0390625,0.765625,-17.25203358,-111.2226341,7,4563,4556,0,0,0,0,0,0,191.9452797,-57.62792596,188.6500004,9.100347434e-05,0,0,33,17,0.005209818141,0.005209818133,5.391644544
5446,0.171875,0.625,-288.0081777,-195.2526716,6,3628,3905,0,0,0,0,0,0,7.394056372e+13,-15.43396251,18801.61825,5.318691117e-05,0,0,1,0,1.35243762e-14,0,0.0135243762
5447,0.15625,0.609375,-116.0999049,-64.62454896,6,3905,3899,0,0,0,0,0,0,2.651004399e+14,5.510609254,18801.61825,5.318691117e-05,0,0,1,0,3.77215519e-15,0,0.00377215519
5448,0.140625,0.625,-171.4999177,-128.7459028,6,3905,3517,0,0,0,0,0,0,3.191031508e+12,6.100669788,18801.61814,5.318691117e-05,0,0,1,0,3.133782909e-13,0,0.3133782909
5449,0.171875,0.671875,-149.3104075,11.33277325,6,3579,3908,0,0,0,0,0,0,6717.58669,130.1940292,4949.27255,5.318691117e-05,0,0,2,1,0.000148862984,0.0001488629839,0.06491045339
5450,0.171875,0.640625,-241.7755877,-173.2277115,6,3908,3628,0,0,0,0,0,0,1.25102315e+12,-13.72815349,18801.61797,5.318691117e-05,0,0,1,0,7.993457193e-13,0,0.7993457193
5451,0.140625,0.640625,-125.2673277,-121.7659397,6,3908,3517,0,0,0,0,0,0,137.9982745,-7.23851816,136.9927882,5.318691117e-05,0,0,15,8,0.007246467419,0.007246467417,0.4455767527
5452,0.140625,0.671875,-116.7150856,-107.5493456,6,3908,3607,0,0,0,0,0,0,44.81269684,-2.188898705,44.70614204,5.318691117e-05,0,0,15,9,0.02231510421,0.02231510421,0.9799551011
5453,0.15625,0.640625,-183.5214577,-148.3999251,6,3905,3908,0,0,0,0,0,0,1.149055633e+12,-11.38643531,18801.61795,5.318691117e-05,0,0,1,0,8.702798815e-13,0,0.8702798815
5454,0.1328125,0.6171875,-85.5457813,-167.4790403,7,3517,3964,0,0,0,0,0,0,1555.412694,-31.30200616,1362.546954,9.100347434e-05,0,0,12,8,0.0006429161879,0.0006429161875,0.8422046002
5455,0.1484375,0.6171875,-143.7999113,-143.7999113,7,3964,3905,0,0,0,0,0,0,1e+300,0,1e+300,0,0,0,0,0,0,0,0
5456,0.1484375,0.6015625,-30.14576847,-186.8323514,7,3964,3899,0,0,0,0,0,0,2392.312055,-115.3667316,1964.601253,9.100347434e-05,0,0,1,1,0.0004180056686,0.0004180056686,0.3821353008
5457,0.125,0.578125,-120.9441012,-137.4029222,6,3601,3969,0,0,0,0,0,0,1.432865872,-17.13510189,1.432756682,5.318691117e-05,0,0,338,170,0.6979020293,0.6979020293,3.039743718
5458,0.109375,0.59375,-164.4580388,-161.0667148,6,3969,3856,0,0,0,0,0,0,1.144784479,3.115814742,1.14471478,5.318691117e-05,0,0,464,236,0.8735268678,0.8735268677,3.47891951
5459,0.125,0.609375,-131.8225999,-131.8225999,6,3969,3517,1,1,1,0,0,1,334.2693628,-16.89203679,328.430281,5.318691117e-05,0,30.84892142,25,25,0.002991599325,0.002991599325,3.481891462
5460,0.140625,0.59375,-60.41187939,-39.6576561,6,3969,3899,0,0,0,0,0,0,18.0109605,10.62720584,17.99372346,5.318691117e-05,0,0,40,20,0.05552174743,0.05552174742,1.234321808
5461,0.1328125,0.6015625,-88.11188581,-87.87698151,7,3964,3969,0,0,0,0,0,0,1515.710183,50.93582464,1331.98322,9.100347434e-05,0,0,12,8,0.000659756734,0.0006597567337,0.6364372947
5462,0.0263671875,0.6591796875,-253.2627299,-193.2343644,10,5123,5307,0,0,0,0,0,0,551.8975735,13.68176041,0.2498868056,4,0,0,26,12,0.001811930416,0.001811930413,1.819949692
5463,0.0263671875,0.6572265625,-232.7435978,-232.7435978,10,5307,5129,0,0,0,0,0,0,1e+300,-2.81369805,0.2498472407,0,0,0,0,0,0,0,0
5464,0.0244140625,0.6572265625,-329.5967117,-331.1406382,10,5307,4547,0,0,0,0,0,0,463.2513419,-22.01401102,0.2498651568,4,0,0,38,20,0.002158655377,0.002158655375,1.246126446
5465,0.0244140625,0.6591796875,-231.2836433,-196.3167539,10,5307,5128,0,0,0,0,0,0,219.5665034,-2.596101077,0.2497156719,4,0,0,34,15,0.00455442877,0.004554428767,3.177143291
5466,0.0244140625,0.65625,-319.3371457,-307.6414039,10,4547,5318,0,0,0,0,0,0,106.321914,-21.80074194,0.2494135415,4,0,0,46,25,0.00940539878,0.009405398776,4.446981417
5467,0.025390625,0.6572265625,-281.1701548,-172.9014073,10,5318,5307,0,0,0,0,0,0,111.5942744,2.28431217,0.2494411873,4,0,0,30,17,0.008961033216,0.008961033211,5.358126338
5468,0.0263671875,0.65625,-222.4840318,-222.4840318,10,5318,5129,0,0,0,0,0,0,1e+300,0,1e+300,0,0,0,0,0,0,0,0
5469,0.025390625,0.6552734375,-214.452172,-150.5964668,10,5318,5223,0,0,0,0,0,0,332.5128331,7.578373661,0.2498121785,4,0,0,16,8,0.003007402724,0.003007402721,1.517911046
5470,0.0390625,0.75,-30.03847034,-31.32721527,7,4396,4564,0,0,0,0,0,0,366.1965261,12.667062,354.3865393,9.100347434e-05,0,0,6,5,0.00273077413,0.00273077413,4.423940893
5471,0.046875,0.7578125,-55.1668733,-52.75973893,7,4564,4556,0,0,0,0,0,0,123.2087592,8.152107176,121.8426081,9.100347434e-05,0,0,46,22,0.00811630607,0.00811630606,7.420439726
5472,0.0546875,0.75,-100.4267298,-100.8756069,7,4564,3604,0,0,0,0,0,0,87.70739104,6.231600998,87.0128823,9.100347434e-05,0,0,84,37,0.01140154767,0.01140154765,10.09630214
5473,0.046875,0.7421875,-87.09595285,-87.09595285,7,4564,4400,1,0,0,0,0,1,10490.93041,0,0,0,0,0,12,7,9.532043024e-05,9.532042885e-05,0.1368332051
5474,0.05078125,0.73828125,-130.6205196,-130.6205196,8,4400,5406,1,1,1,0,0,1,1184.438935,-32.06991104,1021.87064,0.0001348273722,0,74.60016394,6,6,0.0008442816011,0.0008442816011,0.4764528718
5475,0.05078125,0.74609375,-105.0569689,-123.8443996,8,5406,4564,0,0,0,0,0,0,103.704574,-24.59875031,102.0472093,0.0001566098394,0,0,47,22,0.009642776222,0.009642776208,7.132583114
5476,0.05859375,0.74609375,-140.2510987,-108.9972013,8,5406,3604,0,0,0,0,0,0,47.96549513,21.80491329,47.60787107,0.0001566098394,0,0,116,56,0.02084832018,0.02084832015,14.96963076
5477,0.0859375,0.7265625,-120.7240415,-99.03766753,7,4176,4570,0,0,0,0,0,0,5.196677838,22.88708637,5.194221409,9.100347434e-05,0,0,361,181,0.1924306319,0.1924306318,1.057568727
5478,0.0703125,0.7265625,-137.5022967,-137.5022967,7,4570,4399,1,0,0,0,0,1,22.28373493,0,0,0,0,0,245,123,0.04487578062,0.0448757806,0.3423940332
5479,0.0703125,0.7421875,-130.6552535,-142.0802596,7,4570,3604,0,0,0,0,0,0,29.97180757,-8.996226146,29.89028068,9.100347434e-05,0,0,243,124,0.03336468772,0.03336468769,30.16182585
5480,0.078125,0.75,-121.3947752,-133.9198668,6,3604,4398,0,0,0,0,0,0,41.18067988,-10.99896048,41.09068006,5.318691117e-05,0,0,277,142,0.02428323192,0.0242832319,21.0597286
5481,0.09375,0.765625,-95.69676207,-95.69676207,6,4398,4393,1,0,0,0,0,1,107.1552944,0,0,0,0,0,58,30,0.009332250034,0.00933225003,0.4512771332
5482,0.109375,0.75,-92.94260647,-85.89430091,6,4398,3521,0,0,0,0,0,0,33.46726576,5.541071736,33.40779919,5.318691117e-05,0,0,187,91,0.0298799432,0.02987994317,21.58889605
5483,0.09375,0.734375,-111.4635632,-121.7835078,6,4398,4176,0,0,0,0,0,0,18.77486528,-10.02188098,18.75613583,5.318691117e-05,0,0,406,199,0.05326269909,0.05326269904,39.8847983
5484,0.0859375,0.7421875,-116.4291692,-150.3464118,7,4570,4398,0,0,0,0,0,0,5.069335168,-33.00514518,5.066997624,9.100347434e-05,0,0,430,219,0.1972645262,0.1972645261,1.527899813
5485,0.0625,0.7421875,-137.7682957,-146.9507044,7,3604,4573,0,0,0,0,0,0,94.17342926,-5.995287578,93.37321064,9.100347434e-05,0,0,119,57,0.01061870644,0.01061870643,11.94159077
5486,0.0703125,0.734375,-132.8026897,-132.5338308,7,4573,4570,0,0,0,0,0,0,97.68024745,2.841946265,96.81959465,9.100347434e-05,0,0,94,47,0.0102374843,0.01023748429,8.709456331
5487,0.0625,0.7265625,-112.0271525,-112.0271525,7,4573,4399,1,1,1,0,0,1,47.71951078,33.59539563,47.51317806,9.100347434e-05,0,27.70328918,105,105,0.02095578902,0.02095578902,16.12721579
5488,0.0546875,0.734375,-99.92496311,-99.92496311,7,4573,4400,1,1,1,0,0,1,115.9784505,20.85299852,114.7671472,9.100347434e-05,0,33.14635474,54,54,0.008622291431,0.008622291431,7.634154099
5489,0.05859375,0.73828125,-142.3985348,-141.4534073,8,5406,4573,0,0,0,0,0,0,53.76626437,-8.35954903,53.31731519,0.0001566098394,0,0,113,58,0.01859902323,0.01859902321,14.77675783
5490,0.1171875,0.6171875,-137.4672941,-94.08072618,7,3517,4323,0,0,0,0,0,0,142.7557564,21.23638099,140.9249622,9.100347434e-05,0,0,39,21,0.007004971463,0.007004971457,4.712957987
5491,0.1171875,0.6015625,-140.0419952,-110.9268229,7,4323,3969,0,0,0,0,0,0,29.27492918,7.026056232,29.19714447,9.100347434e-05,0,0,179,91,0.03415892124,0.03415892121,26.54614615
5492,0.1015625,0.6015625,-186.2508804,-173.3364144,7,4323,3856,0,0,0,0,0,0,12.32594083,-8.833053986,12.31213027,9.100347434e-05,0,0,362,183,0.08112970958,0.08112970951,55.10483234
5493,0.078125,0.625,-193.3898976,-188.3874321,6,3584,4179,0,0,0,0,0,0,18.28162246,2.93097517,18.26386372,5.318691117e-05,0,0,238,113,0.05469974026,0.05469974021,29.78925712
5494,0.09375,0.640625,-149.7781785,-150.0398533,6,4179,4173,0,0,0,0,0,0,12.71284556,-0.2007685194,12.70425549,5.318691117e-05,0,0,319,160,0.07866059531,0.07866059525,29.00726241
5495,0.109375,0.625,-139.8469665,-139.3865753,6,4179,3517,0,0,0,0,0,0,18.86932508,-0.7067700505,18.85040679,5.318691117e-05,0,0,178,93,0.05299606613,0.05299606609,17.56856721
5496,0.09375,0.609375,-188.6305528,-175.5961618,6,4179,3856,0,0,0,0,0,0,27.34719242,12.26989678,27.30747335,5.318691117e-05,0,0,265,127,0.03656682502,0.03656682498,21.15753498
5497,0.1015625,0.6171875,-164.2387597,-156.3092556,7,4323,4179,0,0,0,0,0,0,24.82964411,-14.67284745,24.77366593,9.100347434e-05,0,0,226,115,0.04027443952,0.04027443949,28.55313229
5498,0.125,0.6015625,-116.9375526,-105.263888,7,3969,5459,0,0,0,0,0,0,215.3813272,19.49629125,211.2409105,9.100347434e-05,0,0,25,13,0.004642928024,0.004642928017,5.223688602
5499,0.1171875,0.609375,-138.7546447,-141.8220132,7,5459,4323,0,0,0,0,0,0,361.3639853,-16.74100309,349.8587481,9.100347434e-05,0,0,24,10,0.002767292925,0.002767292922,3.497488341
5500,0.125,0.6171875,-114.3628515,-131.4056222,7,5459,3517,0,0,0,0,0,0,226.3492044,-9.281214963,221.7808376,9.100347434e-05,0,0,22,12,0.004417952352,0.004417952347,4.572760174
5501,0.1328125,0.609375,-145.7208878,-150.8232266,7,5459,3964,0,0,0,0,0,0,282.0165191,-4.882289527,274.9598175,9.100347434e-05,0,0,23,15,0.003545891578,0.003545891577,3.473716725
5502,0.029296875,0.720703125,-137.7262939,-58.71976575,9,4175,5401,0,0,0,0,0,0,98.45975427,34.41500513,97.31247662,0.0001197405536,0,0,49,27,0.01015643404,0.01015643403,8.776450344
5503,0.025390625,0.720703125,-80.43671341,-21.97460627,9,5401,5208,0,0,0,0,0,0,81.16128474,12.38404282,80.38012678,0.0001197405536,0,0,58,31,0.01232114552,0.01232114551,11.38254981
5504,0.025390625,0.724609375,-67.85333608,-28.52607903,9,5401,4582,0,0,0,0,0,0,104.7659015,-2.879380479,103.4679246,0.0001197405536,0,0,48,28,0.009545090393,0.009545090388,6.920520887
5505,0.03515625,0.72265625,-168.0325337,-73.18584515,8,4175,5404,0,0,0,0,0,0,245.6839451,85.89545886,236.5811259,0.0001566098394,0,0,44,21,0.004070270036,0.004070270032,4.049292245
5506,0.03515625,0.73046875,-123.5779256,-92.21197671,8,5404,4565,0,0,0,0,0,0,216.0193972,25.1497349,208.9504443,0.0001566098394,0,0,29,15,0.004629213917,0.004629213913,4.578519094
5507,0.04296875,0.73046875,-158.7720554,-127.0872792,8,5404,4400,0,0,0,0,0,0,235.6218963,-8.475730239,227.2367013,0.0001566098394,0,0,29,13,0.004244087734,0.004244087729,4.049847865
5508,0.0546875,0.71875,-151.3236464,-162.7705227,7,4399,4576,0,0,0,0,0,0,28.35561628,-7.068491476,28.28263409,9.100347434e-05,0,0,151,73,0.03526638215,0.03526638214,1.185964055
5509,0.046875,0.7109375,-133.9693065,-133.9693065,7,4576,4389,1,1,1,0,0,1,198.7002118,32.15417088,195.1710488,9.100347434e-05,0,41.37078687,28,28,0.005032707267,0.005032707267,2.095063489
5510,0.0390625,0.71875,-70.27728195,-70.27728195,7,4576,4175,1,1,1,0,0,1,86.17863456,101.3314366,85.50803302,9.100347434e-05,0,61.58270192,56,56,0.01160380418,0.01160380418,3.08584057
5511,0.046875,0.7265625,-156.2892524,-104.741222,7,4576,4400,0,0,0,0,0,0,312.5438751,26.23382107,303.9001706,9.100347434e-05,0,0,45,19,0.003199550782,0.003199550779,3.063338316
5512,0.04296875,0.72265625,-160.9194915,-149.3934591,8,5404,4576,0,0,0,0,0,0,41.37444917,1.816461471,41.10808335,0.0001566098394,0,0,34,15,0.02416950606,0.02416950606,0.3016675451
5513,0.03125,0.73046875,-105.9808608,-51.95423906,8,4565,5410,0,0,0,0,0,0,106.066039,37.19968339,104.3329657,0.0001566098394,0,0,32,18,0.009428088473,0.009428088466,7.392821438
5514,0.03515625,0.7265625,-145.8052297,-96.56536326,8,5410,5404,0,0,0,0,0,0,226.7546941,14.07327404,218.9783321,0.0001566098394,0,0,24,11,0.004410052034,0.004410052029,4.405155027
5515,0.03125,0.72265625,-150.4354688,-82.99887512,8,5410,4175,0,0,0,0,0,0,237.8923283,47.87463972,229.3476868,0.0001566098394,0,0,28,16,0.004203582382,0.004203582379,3.495749606
5516,0.02734375,0.7265625,-80.56251098,-67.32732987,8,5410,4582,0,0,0,0,0,0,174.0403596,-3.941887366,169.4225065,0.0001566098394,0,0,41,23,0.00574579369,0.005745793685,5.281854368
5517,0.029296875,0.724609375,-115.4989899,-63.4488728,9,5401,5410,0,0,0,0,0,0,83.6417903,-18.75676862,82.8123981,0.0001197405536,0,0,39,24,0.011955746,0.011955746,7.778530276
5518,0.0107421875,0.6591796875,-70.77535325,-68.91918736,10,4587,5284,0,0,0,0,0,0,154.833912,0.1638299087,0.2495969924,4,0,0,16,8,0.006458533449,0.006458533445,2.792700501
5519,0.0107421875,0.6572265625,-66.69904687,-61.67875978,10,5284,4766,0,0,0,0,0,0,378.028231,1.744429146,0.2498347777,4,0,0,14,7,0.00264530508,0.002645305079,2.027186456
5520,0.0087890625,0.6572265625,-49.99781892,-42.94580457,10,5284,4545,0,0,0,0,0,0,511.5296749,3.395194584,0.2498778771,4,0,0,17,9,0.001954920798,0.001954920794,2.75303982
5521,0.0078125,0.658203125,-43.68535814,-33.26907865,9,4545,4765,0,0,0,0,0,0,650.4380736,7.360739792,603.4398741,0.0001197405536,0,0,19,10,0.001537425376,0.001537425375,2.495651078
5522,0.005859375,0.66015625,87.13117352,63.62675139,9,4765,4588,0,0,0,0,0,0,2364.184721,-19.77320557,1842.572972,0.0001197405536,0,0,5,3,0.0004229787932,0.0004229787918,1.636091479
5523,0.0078125,0.662109375,-51.83797091,-27.05493215,9,4765,4387,0,0,0,0,0,0,586.521974,24.89454299,548.0333374,0.0001197405536,0,0,9,3,0.001704965959,0.001704965958,2.324924624
5524,0.009765625,0.66015625,-64.46289247,-136.6967198,9,4765,4587,0,0,0,0,0,0,3449.728624,-73.32488328,2441.296417,0.0001197405536,0,0,11,4,0.0002898778742,0.0002898778739,0.3693820433
5525,0.0087890625,0.6591796875,-54.07412531,-52.94054853,10,5284,4765,0,0,0,0,0,0,307.5050694,-0.9397210299,0.2497969164,4,0,0,18,8,0.003251978909,0.003251978904,4.708485396
5526,0.0087890625,0.65625,-47.95966573,-92.62300758,10,4545,5365,0,0,0,0,0,0,539.3550038,-16.36263971,0.2498841745,4,0,0,6,5,0.001854066418,0.001854066418,1.400564795
5527,0.009765625,0.6572265625,-58.3484329,-89.9141213,10,5365,5284,0,0,0,0,0,0,895.7559415,-2.282744379,0.249930246,4,0,0,3,2,0.001116375514,0.001116375513,0.8465615883
5528,0.0107421875,0.65625,-64.66089368,-96.88492862,10,5365,4766,0,0,0,0,0,0,2571.496905,-3.542370985,0.2499756975,4,0,0,5,1,0.0003888785548,0.0003888785534,0.3338456118
5529,0.0078125,0.654296875,-61.76174459,-72.29625019,9,4545,4767,0,0,0,0,0,0,788.3173168,-15.05915502,720.3234297,0.0001197405536,0,0,14,6,0.001268524715,0.001268524714,1.0435943
5530,0.009765625,0.65234375,-100.6156654,-36.46022085,9,4767,4549,0,0,0,0,0,0,3765.957671,60.12616916,2595.533403,0.0001197405536,0,0,19,10,0.0002655367073,0.000265536707,0.2115526475
5531,0.0078125,0.650390625,-106.0671303,-103.1323359,9,4767,4314,0,0,0,0,0,0,207.4904501,-1.361030559,202.4603191,0.0001197405536,0,0,26,13,0.00481949892,0.004819498915,4.16179972
5532,0.005859375,0.65234375,40.60260281,70.320259,9,4767,4544,0,0,0,0,0,0,665.9297078,29.79895845,616.7507483,0.0001197405536,0,0,14,6,0.001501659992,0.001501659988,2.320570604
5533,0.0107421875,0.6533203125,-97.88993293,-92.79312471,10,4549,5183,0,0,0,0,0,0,914.787449,1.200807641,0.2499316968,4,0,0,6,4,0.001093150109,0.001093150109,1.479499892
5534,0.0087890625,0.6533203125,-81.18870499,-75.43940745,10,5183,4767,0,0,0,0,0,0,240.6079327,1.472335138,0.2497405109,4,0,0,15,9,0.004156138947,0.004156138945,4.024284923
5535,0.0087890625,0.6552734375,-59.03601215,-51.83252518,10,5183,4545,0,0,0,0,0,0,257.6615073,2.812112336,0.2497576688,4,0,0,15,9,0.003881060894,0.003881060891,3.388545156
5536,0.0107421875,0.6552734375,-75.7372401,-62.35194052,10,5183,4766,0,0,0,0,0,0,1117.459359,9.374886766,0.2499440821,4,0,0,9,5,0.0008948871314,0.000894887131,1.114668084
5537,0.009765625,0.6552734375,-67.38662612,-98.03589097,10,5365,5183,0,0,0,0,0,0,686.7056916,-2.100875678,0.2499090189,4,0,0,8,4,0.001456227919,0.001456227917,1.2641242
5538,0.09375,0.8046875,-96.38680595,-113.3604434,7,4645,4867,0,0,0,0,0,0,91.14797692,-17.77683458,90.39814397,9.100347434e-05,0,0,45,28,0.01097117055,0.01097117054,10.27373162
5539,0.1015625,0.796875,-76.78786176,-94.82099263,7,4867,4770,0,0,0,0,0,0,201.2869527,-20.82565265,197.6661415,9.100347434e-05,0,0,12,8,0.004968031889,0.004968031888,3.541249328
5540,0.09375,0.7890625,-89.26649263,-107.613391,7,4867,4393,0,0,0,0,0,0,61.07180604,-19.89760234,60.73426041,9.100347434e-05,0,0,74,41,0.0163741678,0.01637416779,10.58462118
5541,0.0703125,0.8046875,-90.94869636,-90.5119207,7,3587,4769,0,0,0,0,0,0,26.27212134,-0.6630875738,26.20945834,9.100347434e-05,0,0,214,109,0.03806316159,0.03806316157,1.885299437
5542,0.0859375,0.8046875,-94.57410275,-87.95736593,7,4769,4645,0,0,0,0,0,0,46.96334966,5.714650992,46.76349054,9.100347434e-05,0,0,200,105,0.02129320007,0.02129320005,19.14881758
5543,0.0859375,0.7890625,-87.45378944,-82.81421253,7,4769,4393,0,0,0,0,0,0,20.79402097,2.989984217,20.75474618,9.100347434e-05,0,0,211,102,0.04809074692,0.04809074689,2.9302534
5544,0.0703125,0.7890625,-101.6798738,-99.76839016,7,4769,4397,0,0,0,0,0,0,9.335702237,1.778573438,9.327777531,9.100347434e-05,0,0,210,101,0.10711567,0.10711567,2.461595717
5545,0.0859375,0.796875,-91.01394609,-80.59804304,7,4867,4769,0,0,0,0,0,0,47.15177237,9.140063788,46.95030976,9.100347434e-05,0,0,89,47,0.02120811053,0.02120811051,14.82806444
5546,0.09765625,0.78515625,-79.46702054,-89.37022098,8,4393,5370,0,0,0,0,0,0,106.0713769,15.87787673,104.3381305,0.0001566098394,0,0,24,16,0.009427614023,0.00942761402,4.085685029
5547,0.09765625,0.79296875,-83.0271772,-100.5911544,8,5370,4867,0,0,0,0,0,0,93.16784639,8.590853352,91.82798413,0.0001566098394,0,0,26,16,0.01073331668,0.01073331668,6.028889921
5548,0.10546875,0.79296875,-66.98838966,-344.6960682,8,5370,4770,0,0,0,0,0,0,443.9846674,-253.1684191,415.1203656,0.0001566098394,0,0,15,7,0.002252330032,0.002252330031,0.0488953653
5549,0.1015625,0.7734375,-82.18473426,-82.18473426,7,4393,4771,1,0,0,0,0,1,221.1010658,0,0,0,0,0,33,17,0.004522818541,0.004522818539,1.06555152
5550,0.1171875,0.7734375,-140.1103546,-76.01691268,7,4771,4644,0,0,0,0,0,0,395.574313,65.41189541,381.8289899,9.100347434e-05,0,0,5,2,0.00252797001,0.00252797001,0.4350011645
5551,0.1171875,0.7578125,-80.4639756,-59.70318988,7,4771,3521,0,0,0,0,0,0,262.4793912,18.0117341,256.3559358,9.100347434e-05,0,0,14,8,0.003809822917,0.003809822915,3.542450171
5552,0.1015625,0.7578125,-94.69005993,-157.4762552,7,4771,4398,0,0,0,0,0,0,623.9930946,-64.01856441,590.4633166,9.100347434e-05,0,0,19,10,0.001602581837,0.001602581836,2.164504073
5553,0.1171875,0.78125,-169.9335442,-133.0437104,7,4644,4774,0,0,0,0,0,0,138.7097668,40.2420397,136.9806503,9.100347434e-05,0,0,5,2,0.007209297681,0.007209297681,1.494217771
5554,0.109375,0.7734375,-112.0346186,-75.78444333,7,4774,4771,0,0,0,0,0,0,118.5701524,35.8097409,117.3044031,9.100347434e-05,0,0,12,7,0.008433825715,0.008433825715,0.9000702288
5555,0.1015625,0.78125,-113.6427669,-113.6427669,7,4774,4393,1,0,0,0,0,1,889.8267091,0,0,0,0,0,11,5,0.001123814322,0.001123814322,0.8591850116
5556,0.109375,0.7890625,-100.130739,-100.130739,7,4774,4770,1,0,0,0,0,1,68.53498484,0,0,0,0,0,26,13,0.01459108807,0.01459108807,0.3309042778
5557,0.10546875,0.78515625,-29.31233971,-29.31233971,8,5370,4774,1,1,1,0,0,1,5758.261757,105.8380688,3247.310511,0.0001348273722,0,183.3131421,3,3,0.000173663519,0.000173663519,0.0942741816
5558,0.0126953125,0.6533203125,-114.5911609,-109.5966149,10,4549,5184,0,0,0,0,0,0,549.5444767,1.479507185,0.2498863212,4,0,0,20,10,0.001819688928,0.001819688928,1.269008693
5559,0.0126953125,0.6552734375,-92.43846805,-87.05465795,10,5184,4766,0,0,0,0,0,0,954.0007842,1.754359098,0.2499345036,4,0,0,9,5,0.001048217168,0.001048217167,0.7925048017
5560,0.0146484375,0.6552734375,-109.139696,-104.2409705,10,5184,4312,0,0,0,0,0,0,859.9277308,1.650236283,0.2499273406,4,0,0,11,5,0.00116288842,0.001162888419,0.7094909356
5561,0.0146484375,0.6533203125,-131.2923888,-128.2178893,10,5184,5014,0,0,0,0,0,0,174.8198332,-0.05957743143,0.2496429996,4,0,0,22,10,0.005720174774,0.005720174771,1.690500602
5562,0.01171875,0.6552734375,-84.08785407,-117.2211803,10,4766,5368,0,0,0,0,0,0,1061.863745,-2.181312619,0.2499411551,4,0,0,5,4,0.000941740411,0.00094174041,1.223487755
5563,0.0126953125,0.654296875,-103.5148145,-103.5148145,10,5368,5184,0,0,0,0,0,0,1e+300,0,1e+300,0,0,0,0,0,0,0,0
5564,0.01171875,0.6533203125,-106.2405469,-154.6983115,10,5368,4549,0,0,0,0,0,0,1592.140113,-17.39133876,0.2499607508,4,0,0,2,1,0.0006280854254,0.0006280854246,0.6454568801
5565,0.0107421875,0.654296875,-86.81358652,-121.711537,10,5368,5183,0,0,0,0,0,0,365.4267551,-4.079211615,0.249829084,4,0,0,7,5,0.002736526502,0.002736526502,3.195458236
5566,0.04296875,0.69921875,-138.9153284,-170.0670953,8,4389,4567,0,0,0,0,0,0,255.7042591,-32.28365347,245.8586519,0.0001566098394,0,0,22,10,0.003910767868,0.003910767864,4.247036561
5567,0.04296875,0.69140625,-151.9465016,-198.1451369,8,4567,4403,0,0,0,0,0,0,6502.628164,-59.44682975,3221.713698,0.0001566098394,0,0,2,1,0.0001537839739,0.0001537839733,0.2207041429
5568,0.03515625,0.69140625,-91.28286343,-104.7850804,8,4567,4258,0,0,0,0,0,0,1563.254072,-27.74855883,1255.806345,0.0001566098394,0,0,13,7,0.0006396912812,0.0006396912794,0.6299064078
5569,0.03515625,0.69921875,-117.5818989,-158.9127703,8,4567,4402,0,0,0,0,0,0,155.1472111,-48.7129687,151.4669313,0.0001566098394,0,0,27,15,0.006445491302,0.006445491297,6.922055499
5570,0.03515625,0.6875,-97.79845005,-209.8569956,8,4258,4578,0,0,0,0,0,0,317.902347,-78.96098454,302.8256755,0.0001566098394,0,0,21,11,0.00314562006,0.003145620056,3.225902795
5571,0.0390625,0.69140625,-121.6146825,-162.1488117,8,4578,4567,0,0,0,0,0,0,1487.457025,-0.8793404922,1206.420808,0.0001566098394,0,0,6,1,0.0006722883306,0.0006722883295,0.7588231946
5572,0.04296875,0.6875,-158.4620883,-177.3477067,8,4578,4403,0,0,0,0,0,0,449.9822903,15.21008996,420.3589031,0.0001566098394,0,0,10,6,0.002222309681,0.002222309679,2.298883356
5573,0.04296875,0.67578125,-164.1757088,-170.632186,8,4266,4527,0,0,0,0,0,0,32.84918279,-10.10871198,32.68105493,0.0001566098394,0,0,169,81,0.03044215762,0.03044215758,26.8083498
5574,0.03515625,0.67578125,-159.3625474,-166.3247983,8,4527,4404,0,0,0,0,0,0,36.83063254,-11.62739529,36.61941034,0.0001566098394,0,0,151,73,0.02715131213,0.0271513121,24.56132887
5575,0.03515625,0.68359375,-99.70299021,-185.2607978,8,4527,4258,0,0,0,0,0,0,586.2926415,-100.6442655,536.9869328,0.0001566098394,0,0,30,17,0.001705632869,0.001705632866,2.040660722
5576,0.04296875,0.68359375,-160.3666284,-152.3886975,8,4527,4403,0,0,0,0,0,0,208.8119421,-6.110379702,202.1996095,0.0001566098394,0,0,43,21,0.004788998129,0.004788998122,5.169561293
5577,0.0390625,0.68359375,-130.0348093,-187.3939672,8,4578,4527,0,0,0,0,0,0,353.0124348,-18.54448523,334.5185054,0.0001566098394,0,0,25,16,0.002832761403,0.002832761397,3.404416722
5578,0.05078125,0.73046875,-152.5294639,-116.7459219,8,4400,5407,0,0,0,0,0,0,170.7367254,-6.005756341,166.2902811,0.0001566098394,0,0,52,25,0.00585697071,0.005856970703,6.615659245
5579,0.05859375,0.73046875,-145.2225305,-147.1699321,8,5407,4573,0,0,0,0,0,0,112.3275065,-13.99452207,110.3856472,0.0001566098394,0,0,98,47,0.008902538932,0.008902538925,6.767299431
5580,0.05859375,0.72265625,-147.5074024,-141.4977627,8,5407,4399,0,0,0,0,0,0,15.74450109,-6.030609008,15.70577467,0.0001566098394,0,0,167,89,0.06351423867,0.06351423865,2.457983441
5581,0.05078125,0.72265625,-154.8143358,-171.9295935,8,5407,4576,0,0,0,0,0,0,25.74711794,-28.59105634,25.64371601,0.0001566098394,0,0,116,57,0.03883929854,0.03883929852,1.517737921
5582,0.05859375,0.734375,-144.0800945,-129.6826201,8,4573,5488,0,0,0,0,0,0,77.81020041,-8.079581133,76.87343283,0.0001566098394,0,0,77,39,0.01285178543,0.01285178542,10.52359166
5583,0.0546875,0.73046875,-148.8759972,-165.5350914,8,5488,5407,0,0,0,0,0,0,99.8605112,-54.00380292,98.32282688,0.0001566098394,0,0,57,28,0.01001396836,0.01001396836,8.175297853
5584,0.05078125,0.734375,-151.3870279,-119.7720969,8,5488,4400,0,0,0,0,0,0,180.411289,-20.60430255,175.4539802,0.0001566098394,0,0,23,12,0.005542890389,0.005542890388,4.934188757
5585,0.0546875,0.73828125,-132.2303613,-131.7403132,8,5488,5406,0,0,0,0,0,0,178.3773864,-20.29057653,173.5297202,0.0001566098394,0,0,47,25,0.005606091781,0.005606091774,6.414026975
5586,0.04296875,0.70703125,-166.691013,-142.2534382,8,4389,4568,0,0,0,0,0,0,9.788622851,28.69328371,9.773639913,0.0001566098394,0,0,55,26,0.1021594166,0.1021594166,1.071517124
5587,0.03515625,0.70703125,-141.9916121,-133.9416924,8,4568,4402,0,0,0,0,0,0,8.732331675,9.421389219,8.720405918,0.0001566098394,0,0,101,51,0.1145169512,0.1145169511,1.288670871
5588,0.03515625,0.71484375,-171.7130745,-127.8984433,8,4568,4175,0,0,0,0,0,0,54.14427936,48.62791837,53.68902185,0.0001566098394,0,0,95,51,0.01846917185,0.01846917184,6.414223704
5589,0.04296875,0.71484375,-164.4061411,-145.740888,8,4568,4576,0,0,0,0,0,0,419.7088012,22.91409027,393.8226317,0.0001566098394,0,0,23,14,0.002382604313,0.002382604311,1.169918832
5590,0.04296875,0.71875,-163.2637051,-138.2033784,8,4576,5510,0,0,0,0,0,0,36.60250566,-21.35998631,36.39388454,0.0001566098394,0,0,32,18,0.02732053399,0.02732053399,0.371731084
5591,0.0390625,0.71484375,-168.0596078,-119.5329981,8,5510,4568,0,0,0,0,0,0,130.2416014,2.39195748,127.6381512,0.0001566098394,0,0,52,29,0.007678038268,0.007678038261,7.572047543
5592,0.03515625,0.71875,-170.5706385,-83.58066397,8,5510,4175,0,0,0,0,0,0,62.77822231,41.13411154,62.16701565,0.0001566098394,0,0,74,38,0.01592909074,0.01592909073,15.11384667
5593,0.0390625,0.72265625,-165.7747359,-129.9767691,8,5510,5404,0,0,0,0,0,0,13.34396214,-25.49687115,13.31613414,0.0001566098394,0,0,54,27,0.0749402606,0.07494026059,0.8898552095
5594,0.05078125,0.70703125,-159.3840796,-151.8455326,8,4389,4577,0,0,0,0,0,0,67.31599471,11.22980589,66.61372965,0.0001566098394,0,0,65,33,0.01485531046,0.01485531044,8.136664819
5595,0.05078125,0.71484375,-157.0992077,-138.4157817,8,4577,4576,0,0,0,0,0,0,55.96269972,22.36781311,55.47648663,0.0001566098394,0,0,80,36,0.01786904501,0.01786904499,9.826783027
5596,0.05859375,0.71484375,-149.7922743,-149.6391971,8,4577,4399,0,0,0,0,0,0,3.69660149,3.273014297,3.694462676,0.0001566098394,0,0,137,70,0.2705187462,0.2705187461,1.266510332
5597,0.0703125,0.6953125,-144.5440539,-165.5796932,7,3582,4569,0,0,0,0,0,0,96.72921666,-18.7451978,95.88516879,9.100347434e-05,0,0,56,27,0.0103381381,0.01033813809,6.617192497
5598,0.0703125,0.7109375,-139.9743101,-102.7660822,7,4569,4399,0,0,0,0,0,0,44.69998061,39.48492583,44.51888431,9.100347434e-05,0,0,145,74,0.02237137436,0.02237137434,0.3177008507
5599,0.0859375,0.7109375,-125.3604433,-130.6083955,7,4569,4176,0,0,0,0,0,0,19.19335957,-4.100154255,19.15989371,9.100347434e-05,0,0,213,107,0.05210135288,0.05210135285,27.02804059
5600,0.109375,0.6875,-110.2942588,-109.3658708,6,3607,4521,0,0,0,0,0,0,8.541170778,0.403451106,8.53729247,5.318691117e-05,0,0,506,250,0.1170799678,0.1170799677,70.36029988
5601,0.09375,0.671875,-129.4778694,-153.6692229,6,4521,4173,0,0,0,0,0,0,3.284403174,-23.57364678,3.283829531,5.318691117e-05,0,0,786,390,0.3044693197,0.3044693195,2.59182083
5602,0.078125,0.6875,-139.5219924,-172.1646902,6,4521,3582,0,0,0,0,0,0,2.158728833,-30.90983455,2.158481005,5.318691117e-05,0,0,408,202,0.4632355785,0.4632355785,1.630876636
5603,0.09375,0.703125,-120.3383818,-124.6384258,6,4521,4176,0,0,0,0,0,0,25.79246662,-3.709824369,25.75713243,5.318691117e-05,0,0,223,111,0.03877101072,0.0387710107,20.43453081
5604,0.0859375,0.6953125,-129.9301871,-117.7134235,7,4569,4521,0,0,0,0,0,0,31.51550856,13.37830499,31.42537992,9.100347434e-05,0,0,139,73,0.03173040974,0.03173040973,17.97300646
5605,0.0625,0.7109375,-147.2812435,-177.7198298,7,4399,4575,0,0,0,0,0,0,19.2983935,-27.59743831,19.26456068,9.100347434e-05,0,0,152,83,0.05181778473,0.05181778471,0.3281713552
5606,0.0703125,0.703125,-142.259182,-151.2608001,7,4575,4569,0,0,0,0,0,0,42.97684491,-6.718048364,42.80941548,9.100347434e-05,0,0,116,58,0.02326834373,0.02326834371,20.99722721
5607,0.0625,0.6953125,-151.8509873,-151.2231265,7,4575,3582,0,0,0,0,0,0,93.43278848,3.482752274,92.64505459,9.100347434e-05,0,0,58,28,0.01070288082,0.01070288081,9.025105168
5608,0.0546875,0.703125,-156.8730488,-172.960959,7,4575,4389,0,0,0,0,0,0,134.6716731,-12.67544043,133.041175,9.100347434e-05,0,0,70,35,0.007425466523,0.007425466514,6.524745361
5609,0.05859375,0.70703125,-152.0771462,-179.3653782,8,4577,4575,0,0,0,0,0,0,3.115050879,-24.16142317,3.11353195,0.0001566098394,0,0,116,62,0.3210220439,0.3210220439,1.353003212
5610,0.046875,0.71484375,-160.7526744,-116.7755737,8,4576,5509,0,0,0,0,0,0,239.8707619,31.86662918,231.1860006,0.0001566098394,0,0,25,12,0.004168911592,0.004168911587,3.117476736
5611,0.05078125,0.7109375,-158.2416436,-146.2075342,8,5509,4577,0,0,0,0,0,0,72.63934168,-0.3551512611,71.82228877,0.0001566098394,0,0,32,17,0.01376664459,0.01376664458,5.257685363
5612,0.046875,0.70703125,-163.0375463,-138.216687,8,5509,4389,0,0,0,0,0,0,82.67400703,12.71725954,81.61726239,0.0001566098394,0,0,27,16,0.01209570016,0.01209570015,3.897302369
5613,0.04296875,0.7109375,-165.548577,-161.9214773,8,5509,4568,0,0,0,0,0,0,197.9668981,-8.19771093,192.0137864,0.0001566098394,0,0,20,11,0.005051349541,0.005051349539,2.941952237
5614,0.0703125,0.71875,-137.6894382,-119.0043032,7,4399,4574,0,0,0,0,0,0,15.63204193,20.95496121,15.60983585,9.100347434e-05,0,0,108,55,0.06397116924,0.06397116922,0.6400350369
5615,0.078125,0.7265625,-128.0976329,-124.6154973,7,4574,4570,0,0,0,0,0,0,3.887268753,5.180640013,3.885894099,9.100347434e-05,0,0,219,109,0.2572500291,0.2572500291,0.8637211001
5616,0.0859375,0.71875,-123.0755714,-131.0109421,7,4574,4176,0,0,0,0,0,0,12.34210358,-6.794444532,12.3282568,9.100347434e-05,0,0,224,111,0.08102346521,0.08102346516,1.000434022
5617,0.078125,0.7109375,-132.6673767,-116.2847302,7,4574,4569,0,0,0,0,0,0,4.780584694,18.09489449,4.778505806,9.100347434e-05,0,0,159,77,0.2091794339,0.2091794339,1.403340325
5618,0.07421875,0.73046875,-130.6086637,-136.5990813,8,4570,5478,0,0,0,0,0,0,5.563908569,-4.013124084,5.559064606,0.0001566098394,0,0,139,70,0.1797297687,0.1797297686,1.070545268
5619,0.07421875,0.72265625,-132.8935356,-127.461836,8,5478,4574,0,0,0,0,0,0,12.00810878,7.415864894,11.98556886,0.0001566098394,0,0,136,68,0.0832770604,0.08327706037,0.6397298589
5620,0.06640625,0.72265625,-140.200469,-134.1215752,8,5478,4399,0,0,0,0,0,0,65.93693014,8.627509138,65.26300012,0.0001566098394,0,0,67,33,0.01516600785,0.01516600783,11.52332497
5621,0.06640625,0.73046875,-137.9155971,-123.3852735,8,5478,4573,0,0,0,0,0,0,53.70359133,17.07206713,53.25568383,0.0001566098394,0,0,87,46,0.01862072862,0.0186207286,15.48856651
5622,0.0625,0.73046875,-141.5690638,-130.0184798,8,4573,5487,0,0,0,0,0,0,54.16603733,-2.423145249,53.7104154,0.0001566098394,0,0,100,50,0.01846175296,0.01846175294,14.93663662
5623,0.06640625,0.7265625,-139.058033,-104.2191169,8,5487,5478,0,0,0,0,0,0,118.0252465,20.58639772,115.88327,0.0001566098394,0,0,61,29,0.008472763498,0.008472763487,8.5994069
5624,0.0625,0.72265625,-143.8539357,-110.4516211,8,5487,4399,0,0,0,0,0,0,38.98351074,19.43545705,38.74695279,0.0001566098394,0,0,105,55,0.02565187129,0.02565187128,18.75285136
5625,0.05859375,0.7265625,-133.6978219,-100.1362878,8,5487,5407,0,0,0,0,0,0,37.3795488,17.38729627,37.16200224,0.0001566098394,0,0,144,76,0.02675259687,0.02675259685,17.69766474
5626,0.0029296875,0.5966796875,-298.4907505,-302.4012735,10,4423,4820,0,0,0,0,0,0,529.8389307,0.6740785272,0.2498820953,4,0,0,8,5,0.001887366032,0.00188736603,1.877361384
5627,0.0029296875,0.5947265625,-256.0261064,-275.0548176,10,4820,4600,0,0,0,0,0,0,408.2277769,-17.46580536,0.2498469929,4,0,0,12,6,0.00244961283,0.002449612827,1.908998249
5628,0.0009765625,0.5947265625,-288.945147,-296.2394515,10,4820,4061,0,0,0,0,0,0,648.8987972,0.00602778881,0.2499037201,4,0,0,19,9,0.001541072359,0.001541072358,1.719955247
5629,0.0009765625,0.5966796875,-75.89717527,-190.6858499,10,4820,4697,0,0,0,0,0,0,433.133829,-50.24598051,0.249855786,4,0,0,15,9,0.002308755246,0.002308755246,2.681885573
5630,0,0.5966796875,35.39961235,68.33835004,10,4697,4946,0,0,0,0,0,0,777.4146603,23.04262476,0.2499196312,4,0,0,10,5,0.001286314821,0.00128631482,1.6109086
5631,0.0009765625,0.595703125,-182.4211611,-163.3741579,10,4946,4820,0,0,0,0,0,0,486.7644796,-49.44933694,0.2498716671,4,0,0,20,9,0.002054381619,0.002054381615,2.024694489
5632,0,0.5947265625,-177.6483594,-131.772432,10,4946,4061,0,0,0,0,0,0,1465.174051,-21.26254735,0.2499573502,4,0,0,10,4,0.0006825127702,0.0006825127677,0.4306589779
5633,0.109375,0.78515625,-119.0720857,-98.59553731,8,4774,5556,0,0,0,0,0,0,726.4824798,23.07805271,652.2708208,0.0001566098394,0,0,9,4,0.001376495687,0.001376495685,0.8408012548
5634,0.10546875,0.7890625,-111.6538654,38.77851117,8,5556,5370,0,0,0,0,0,0,133.0981933,152.0836965,130.3804791,0.0001566098394,0,0,12,6,0.007513249994,0.007513249993,0.1913595228
5635,0.109375,0.79296875,-79.21837675,-148.1313831,8,5556,4770,0,0,0,0,0,0,29.64416594,-70.01286562,29.50717686,0.0001566098394,0,0,16,9,0.03373345035,0.03373345035,0.6789174408
5636,0.11328125,0.79296875,-92.7647844,-154.7462096,8,4770,5373,0,0,0,0,0,0,1544.91363,-61.71038018,1243.943216,0.0001566098394,0,0,5,3,0.0006472853761,0.0006472853758,0.7011432501
5637,0.12109375,0.79296875,-119.8575997,-119.8575997,8,5373,4775,0,0,0,0,0,0,1e+300,0,1e+300,0,0,0,0,0,0,0,0
5638,0.12109375,0.78515625,-159.7113086,-159.7113086,8,5373,4644,0,0,0,0,0,0,1e+300,0,1e+300,0,0,0,0,0,0,0,0
5639,0.11328125,0.78515625,-132.6184933,-89.15534358,8,5373,4774,0,0,0,0,0,0,2980.367657,47.43555837,2031.946617,0.0001566098394,0,0,3,1,0.0003355290739,0.0003355290734,0.2742374758
5640,0.11328125,0.7890625,-112.6916389,-102.1733304,8,5556,5373,0,0,0,0,0,0,799.6323468,12.64003526,710.6388368,0.0001566098394,0,0,8,4,0.001250574722,0.001250574721,1.040479758
5641,0.103515625,0.787109375,-127.8716097,-73.65516076,9,5370,5557,0,0,0,0,0,0,1.067647879e+12,4.398220926,8351.389416,0.0001197405536,0,0,2,0,9.366383989e-13,0,0.9366383989
5642,0.107421875,0.787109375,-115.3629755,-103.4154075,9,5557,5556,0,0,0,0,0,0,641.3497684,-38.77115732,595.6095869,0.0001197405536,0,0,7,3,0.001559211602,0.001559211601,0.779390227
5643,0.107421875,0.783203125,-135.28983,-107.7497699,9,5557,4774,0,0,0,0,0,0,293.6701073,-21.32798352,283.6942209,0.0001197405536,0,0,6,3,0.003405181444,0.003405181442,1.742467466
5644,0.09765625,0.77734375,-83.88682294,-35.91806328,8,4393,5549,0,0,0,0,0,0,85.3141809,46.85265617,84.18932396,0.0001566098394,0,0,16,6,0.01172138078,0.01172138077,0.4579365084
5645,0.10546875,0.77734375,-110.9796382,-85.44943871,8,5549,4774,0,0,0,0,0,0,134.6725182,27.15590461,131.8908038,0.0001566098394,0,0,10,7,0.007425419923,0.007425419921,0.9064274442
5646,0.10546875,0.76953125,-82.03384976,-93.67995367,8,5549,4771,0,0,0,0,0,0,87.81683383,-12.93155241,86.62547538,0.0001566098394,0,0,14,9,0.01138733835,0.01138733835,1.249407569
5647,0.0859375,0.7734375,-97.57420315,-80.64860549,7,4393,4772,0,0,0,0,0,0,26.67489293,16.85372172,26.61029623,9.100347434e-05,0,0,68,34,0.03748843538,0.03748843536,0.5159507388
5648,0.0859375,0.7578125,-108.4821236,-110.500306,7,4772,4398,0,0,0,0,0,0,48.75706687,-1.29984829,48.54168439,9.100347434e-05,0,0,96,46,0.02050984737,0.02050984735,17.9332128
5649,0.0703125,0.7578125,-123.0959904,-126.1173885,7,4772,3604,0,0,0,0,0,0,51.57457279,-1.174163958,51.33364013,9.100347434e-05,0,0,107,55,0.01938939958,0.01938939956,18.76710561
5650,0.0703125,0.7734375,-112.18807,-100.1370752,7,4772,4397,0,0,0,0,0,0,9.552256666,13.10801883,9.543960211,9.100347434e-05,0,0,76,37,0.1046873043,0.1046873042,1.196272756
5651,0.09375,0.7578125,-101.1751902,-101.8504587,7,4398,5481,0,0,0,0,0,0,274.2737189,-0.521384416,267.5945949,9.100347434e-05,0,0,21,9,0.003645992784,0.003645992782,2.499009608
5652,0.0859375,0.765625,-103.0281634,-71.64141942,7,5481,4772,0,0,0,0,0,0,56.30099037,31.70997303,56.01399785,9.100347434e-05,0,0,35,20,0.0177616769,0.01776167689,0.9344270886
5653,0.09375,0.7734375,-90.26726975,-96.11094171,7,5481,4393,0,0,0,0,0,0,27.4757367,-6.479997921,27.40720806,9.100347434e-05,0,0,30,17,0.0363957484,0.03639574839,1.116248252
5654,0.1015625,0.765625,-88.41429657,-111.1909865,7,5481,4771,0,0,0,0,0,0,1455.436314,-23.58236091,1285.210492,9.100347434e-05,0,0,12,6,0.0006870791873,0.0006870791865,0.6989944014
5655,0.09765625,0.76953125,-89.34078316,-57.06257627,8,5549,5481,0,0,0,0,0,0,47.6771439,31.55720843,47.32379088,0.0001566098394,0,0,18,8,0.02097441076,0.02097441075,0.8467957182
5656,0.10546875,0.78125,-125.4525325,-9.492290751,8,4774,5555,0,0,0,0,0,0,520.243554,119.0415236,481.0498895,0.0001566098394,0,0,3,2,0.001922176627,0.001922176627,0.6263180964
5657,0.1015625,0.77734375,-97.43323059,-93.90975664,8,5555,5549,0,0,0,0,0,0,789.9680431,3.778274752,702.9956884,0.0001566098394,0,0,8,4,0.001265873992,0.00126587399,1.041855264
5658,0.09765625,0.78125,-98.35971718,-120.7074109,8,5555,4393,0,0,0,0,0,0,858.6847573,-22.00822041,756.8982321,0.0001566098394,0,0,7,3,0.001164571738,0.001164571736,0.8850803781
5659,0.1015625,0.78515625,-118.0343122,-82.95246809,8,5555,5370,0,0,0,0,0,0,2783.657915,37.21294155,1938.550345,0.0001566098394,0,0,3,1,0.000359239544,0.0003592395437,0.2721052333
5660,0.103515625,0.783203125,-121.7434223,-68.95610395,9,5557,5555,0,0,0,0,0,0,6.974615456e+13,2.548370518,8351.38948,0.0001197405536,0,0,1,0,1.433770803e-14,0,0.01433770803
5661,0,0.568359375,-264.9996816,-277.6598797,9,4605,4949,0,0,0,0,0,0,310.6356827,-12.16149759,299.4957327,0.0001197405536,0,0,23,11,0.003219205183,0.003219205177,2.910838386
5662,0.001953125,0.56640625,-376.6467251,-481.1227235,9,4949,4707,0,0,0,0,0,0,536.5979252,-104.6341413,504.2016897,0.0001197405536,0,0,30,17,0.001863592744,0.00186359274,2.990912865
5663,0,0.564453125,-364.3470633,-305.5147621,9,4949,3585,0,0,0,0,0,0,347.3773267,59.23984609,333.5051297,0.0001197405536,0,0,28,15,0.002878714076,0.002878714071,4.058278524
5664,0.0029296875,0.5673828125,-382.7965559,-440.7866508,10,4707,5002,0,0,0,0,0,0,2754.447766,-7.707104253,0.2499773115,4,0,0,7,5,0.0003630491789,0.0003630491785,1.276383427
5665,0.0009765625,0.5673828125,-320.8232033,-379.1502378,10,5002,4949,0,0,0,0,0,0,360.4860752,-7.432778405,0.2498267431,4,0,0,25,13,0.002774032255,0.00277403225,2.826585678
5666,0.0009765625,0.5693359375,-271.1495125,-347.3241759,10,5002,4605,0,0,0,0,0,0,231.6591107,-25.23482953,0.2497304979,4,0,0,28,14,0.004316687555,0.00431668755,5.699598096
5667,0.0029296875,0.5693359375,-419.2647736,-464.555445,10,5002,4948,0,0,0,0,0,0,1698.921602,-9.591884848,0.2499632174,4,0,0,10,6,0.000588608679,0.0005886086773,1.891791029
5668,0.046875,0.74609375,-78.00391905,-40.39625705,8,4564,5473,0,0,0,0,0,0,659.8297889,40.86096774,598.0316841,0.0001566098394,0,0,9,4,0.001515542367,0.001515542366,2.232627738
5669,0.05078125,0.7421875,-101.7602064,-61.62157185,8,5473,5406,0,0,0,0,0,0,2588.992034,43.33055968,1842.093719,0.0001566098394,0,0,5,3,0.0003862507056,0.0003862507055,0.5411144172
5670,0.046875,0.73828125,-95.582584,-59.81278819,8,5473,4400,0,0,0,0,0,0,5854.520104,32.85740102,3054.199528,0.0001566098394,0,0,2,2,0.000170808193,0.000170808193,0.2509348495
5671,0.04296875,0.73828125,-78.92200964,-106.9813093,8,4400,5405,0,0,0,0,0,0,527.4016043,-30.08935279,487.163695,0.0001566098394,0,0,8,3,0.001896088279,0.001896088276,1.552041915
5672,0.03515625,0.73828125,-70.93514999,-104.7966172,8,5405,4565,0,0,0,0,0,0,431.6765765,-29.15449801,404.3411727,0.0001566098394,0,0,14,6,0.002316549135,0.002316549132,2.081382869
5673,0.03515625,0.74609375,-28.02219597,-6.519358931,8,5405,4396,0,0,0,0,0,0,1427.889704,27.40316789,1166.937336,0.0001566098394,0,0,8,4,0.0007003342044,0.0007003342032,1.233857257
5674,0.04296875,0.74609375,-61.34334469,-37.02306139,8,5405,4564,0,0,0,0,0,0,2009.652079,28.45593074,1528.564883,0.0001566098394,0,0,6,2,0.0004975985696,0.000497598569,0.7697579043
5675,0.04296875,0.7421875,-70.13267717,-78.97556629,8,5473,5405,0,0,0,0,0,0,1056.848943,-7.790091951,906.7672299,0.0001566098394,0,0,6,3,0.0009462090176,0.0009462090166,1.387030483
5676,0.048828125,0.736328125,-107.4607277,-42.37816755,9,4400,5474,0,0,0,0,0,0,2369.061529,72.13857222,1845.533879,0.0001197405536,0,0,4,2,0.0004221080743,0.0004221080737,0.6710525861
5677,0.048828125,0.740234375,-98.67139523,-60.43707815,9,5474,5473,0,0,0,0,0,0,702.7730259,48.37317941,648.2246427,0.0001197405536,0,0,2,2,0.001422934522,0.001422934522,1.870453127
5678,0.052734375,0.740234375,-113.6383501,-78.49416165,9,5474,5406,0,0,0,0,0,0,601.9722422,48.30452045,561.4991114,0.0001197405536,0,0,8,4,0.001661206165,0.001661206164,1.216390463
5679,0.052734375,0.736328125,-98.49792992,-117.2339377,9,5474,5488,0,0,0,0,0,0,359.6094048,-1.92607501,344.7639289,0.0001197405536,0,0,10,4,0.002780794903,0.002780794901,1.309148537
