id,x,y,height,new_height,depth,parent0,parent1,active,gate_admitted,free_coefficient,dormant_coefficient,retired_coefficient,conformity_origin,sigma_sq,delta_pooled,sigma_pooled,lambda_v,prior_mean,admit_a,current_n_points,current_fit_points,current_xTx,current_fit_xTx,current_keff
2647,0,0,-426.0283129,-426.0283129,0,-1,-1,1,0,1,0,0,0,1e+300,0,1e+300,0,0,0,0,0,0,0,0
2648,0,1,41.77351275,41.77351275,0,-1,-1,1,0,1,0,0,0,512809.732,0,1e+300,0,0,0,1,1,1.950040995e-06,1.950040995e-06,0.0007247654085
2649,1,0,98.92286912,98.92286912,0,-1,-1,1,0,1,0,0,0,1e+300,0,1e+300,0,0,0,0,0,0,0,0
2650,1,1,470.5582877,470.5582877,0,-1,-1,1,0,1,0,0,0,4409.949447,0,1e+300,0,0,0,7,5,0.000226759969,0.0002267599689,0.5234448687
2651,0.5,0.5,165.8061194,165.8061194,1,2647,2650,1,0,1,0,0,1,1.850995212,136.4716755,14.28105392,0.0003348888116,0,0,3095,3095,0.5402499119,0.5402499119,4.836328712
2652,0,0.5,-554.0374362,-554.0374362,1,2648,2647,1,0,1,0,0,0,17.91870702,419.7718682,325.4198988,9.144131583e-05,0,0,517,517,0.05580759812,0.05580759812,0.6716347387
2653,0.5,1,256.2186691,256.2186691,1,2650,2648,1,0,1,0,0,0,1498347.648,211.9580808,60.98731215,0.0001,0,0,2,2,6.67401855e-07,6.67401855e-07,0.002139729565
2654,0.5,0,-45.52559018,-45.52559018,1,2649,2647,1,0,1,0,0,0,251.5642326,134.000859,232.0176616,0.0003348888116,0,0,19,19,0.003975127902,0.003975127902,0.8882723594
2655,1,0.5,271.9904082,271.9904082,1,2650,2649,1,0,1,0,0,0,6343.644932,218.5266743,1372.049037,0.0001,0,0,8,8,0.0001576380789,0.0001576380789,0.728906272
2656,0.25,0.25,-8.120149042,-8.120149042,2,2647,2651,1,0,1,0,0,1,0.1034567057,117.3168963,0.2871164946,0.0003348888116,0,0,10594,10594,9.665879005,9.665879005,26.82127806
2657,0.25,0.75,49.00436881,49.00436881,2,2651,2648,1,0,1,0,0,1,11846.41909,0,0,0,0,0,13,13,8.441369432e-05,8.441369432e-05,0.03862137295
2658,0.75,0.75,268.2297929,268.2297929,2,2651,2650,1,0,1,0,0,1,49.40030641,-39.10582577,732.473099,9.144131583e-05,0,0,767,767,0.02024278942,0.02024278942,5.820941567
2659,0.75,0.25,91.78044922,91.78044922,2,2651,2649,1,0,1,0,0,1,8168.430761,0,0,0,0,0,5,5,0.0001224225349,0.0001224225349,0.3024613082
2660,0,0.75,-38.5708577,-38.5708577,2,2648,2652,1,0,1,0,0,0,4.982881739,430.0868087,123.8629891,9.144131583e-05,0,0,1115,1115,0.2006870828,0.2006870828,2.816030111
2661,0.25,0.5,34.6141544,34.6141544,2,2652,2651,1,0,1,0,0,0,0.3994084537,208.1939972,4.742816119,0.0003348888116,0,0,4257,4257,2.50370264,2.50370264,20.52685593
2662,0,0.25,-961.0738972,-961.0738972,2,2652,2647,1,0,1,0,0,0,484.8667683,-656.3552957,16.74054409,0.0001,0,0,40,40,0.002062422227,0.002062422227,0.6647915874
2663,0.5,0.25,48.45093515,48.45093515,2,2654,2651,1,0,1,0,0,0,0.1959841349,-7.951711418,0.310878954,0.0003348888116,0,0,5917,5917,5.10245383,5.10245383,19.92351318
2664,0.25,0,-235.7769515,-235.7769515,2,2654,2647,1,0,0,0,1,0,1e+300,0,0,0,0,0,0,0,0,0,0
2665,0.75,0,26.69863947,26.69863947,2,2649,2654,1,0,0,0,1,0,1e+300,0,0,0,0,0,0,0,0,0,0
2666,0.75,1,353.8525431,353.8525431,2,2650,2653,1,0,1,0,0,0,194228.6451,-484.4413898,173.6067963,0.0001,0,0,1,1,5.148571158e-06,5.148571158e-06,0.195401241
2667,0.5,0.75,237.951268,237.951268,2,2653,2651,1,0,1,0,0,0,302.3280276,-478.599338,745.4847992,4.724427623e-05,0,0,193,193,0.003307665544,0.003307665544,1.774891691
2668,0.25,1,148.9960909,148.9960909,2,2653,2648,1,0,0,0,1,0,1e+300,0,0,0,0,0,0,0,0,0,0
2669,0.75,0.5,160.7218219,160.7218219,2,2655,2651,1,0,1,0,0,0,1.433040923,-50.27371946,1.967917891,0.0003348888116,0,0,1421,1421,0.6978167782,0.6978167782,41.45116686
2670,1,0.25,185.4566387,185.4566387,2,2655,2649,1,0,0,0,1,0,6.412628122e+12,0,0,0,0,0,2,0,1.559423034e-13,0,0.1559423034
2671,1,0.75,335.4544488,335.4544488,2,2650,2655,1,0,1,0,0,0,417.7956243,-29.60774234,439.0176687,0.0003348888116,0,0,160,160,0.002393514776,0.002393514776,1.548922269
2672,0.125,0.125,-308.7773879,-308.7773879,3,2647,2656,1,0,1,0,0,1,0.706270857,-86.89533599,1.224408493,0.0003348888116,0,0,4096,4096,1.415887389,1.415887389,4.424118809
2673,0.125,0.375,-181.2924901,-181.2924901,3,2656,2652,1,0,1,0,0,1,0.3728547487,87.37805236,0.7267827749,0.0003348888116,0,0,5068,5068,2.682009559,2.682009559,10.11417655
2674,0.375,0.375,76.63101397,76.63101397,3,2656,2651,1,0,1,0,0,1,0.1547107008,-0.7131324078,0.3137870244,0.0003348888116,0,0,10736,10736,6.463677012,6.463677012,24.64672414
2675,0.375,0.125,58.87993893,58.87993893,3,2656,2654,1,0,1,0,0,1,0.7727900213,86.00538219,1.272556,0.0003348888116,0,0,1980,1980,1.294012568,1.294012568,4.273281174
2676,0,0.375,-1184.561442,-1184.561442,3,2652,2662,1,0,1,0,0,0,1689.790811,-284.3095871,254.6292424,6.055411474e-05,0,0,69,69,0.0005917892282,0.0005917892282,0.2529381913
2677,0.125,0.25,-202.2850142,-202.2850142,3,2662,2656,1,0,1,0,0,0,1.099935831,285.4425838,2.905410402,0.0003348888116,0,0,4660,4660,0.9091439444,0.9091439444,3.856683502
2678,0,0.125,-693.551105,-693.551105,3,2662,2647,1,0,0,0,1,0,7.715742256e+14,0,0,0,0,0,1,0,1.296051588e-15,0,0.001296051588
2679,0.375,0.625,66.12768964,66.12768964,3,2651,2657,1,0,1,0,0,1,45.69359962,178.2200798,25.44634023,0.0001,0,0,321,321,0.0218849031,0.0218849031,0.7485326328
2680,0.125,0.625,-96.09374526,-96.09374526,3,2657,2652,1,0,1,0,0,1,0.5806308383,132.1174769,19.8803177,0.0003348888116,0,0,3865,3865,1.722264706,1.722264706,9.242787529
2681,0.125,0.875,-125.6730117,-125.6730117,3,2657,2648,1,0,1,0,0,1,33.21972801,-139.5577747,304.2725961,0.0003348888116,0,0,293,293,0.03010259445,0.03010259445,2.47891393
2682,0.375,0.875,152.611519,152.611519,3,2657,2653,1,0,0,0,1,1,1e+300,0,0,0,0,0,0,0,0,0,0
2683,0,0.875,216.4030309,216.4030309,3,2648,2660,1,0,1,0,0,0,630.1474708,386.4697875,2432.418328,4.724427623e-05,0,0,75,75,0.001586930118,0.001586930118,1.674246255
2684,0.125,0.75,-87.29387173,-87.29387173,3,2660,2657,1,0,1,0,0,0,1.622523449,-89.03275492,11.22634878,0.0003348888116,0,0,1879,1879,0.6163239124,0.6163239124,6.139143015
2685,0,0.625,-316.4935971,-316.4935971,3,2660,2652,1,0,1,0,0,0,0.922050706,165.5722338,719.1922938,0.0003348888116,0,0,4373,4373,1.084539053,1.084539053,7.70893999
2686,0.25,0.125,-20.73296851,-20.73296851,3,2664,2656,1,0,1,0,0,0,1.583771796,15.86132921,50.95526391,0.0001353788401,0,0,2935,2935,0.6314040967,0.6314040967,2.221641492
2687,0.125,0,-393.0073706,-393.0073706,3,2664,2647,1,0,1,0,0,0,13.64280393,-411.1450227,8.252405449,4.724427623e-05,0,0,128,128,0.07329871524,0.07329871524,0.4030743709
2688,0.375,0,-155.2461158,-155.2461158,3,2654,2664,1,0,1,0,0,0,1747.363597,103.1454016,1810.811442,0.0001,0,0,7,7,0.0005722907366,0.0005722907366,0.4062011275
2689,0.125,0.5,-149.588937,-149.588937,3,2652,2661,1,0,1,0,0,0,0.5967479816,109.5643477,1.98687415,0.0003348888116,0,0,1544,1544,1.675749279,1.675749279,7.682198191
2690,0.25,0.625,207.826817,207.826817,3,2661,2657,1,0,1,0,0,0,114.3928043,-76.39254386,1851.04265,0.0003348888116,0,0,51,51,0.008741808596,0.008741808596,0.4397378723
2691,0.375,0.5,132.3373796,132.3373796,3,2661,2651,1,0,1,0,0,0,12.9000608,39.7197391,74.23077916,0.0003348888116,0,0,263,263,0.07751901449,0.07751901449,1.961853056
2692,0.25,0.375,9.985037589,9.985037589,3,2661,2656,1,0,1,0,0,0,0.1597563092,-3.490132637,0.2169456702,0.0003348888116,0,0,6868,6868,6.259533693,6.259533693,21.87170969
2693,0.375,1,202.60738,202.60738,3,2653,2668,1,0,0,0,1,0,1e+300,0,0,0,0,0,0,0,0,0,0
2694,0.25,0.875,99.00022988,99.00022988,3,2668,2657,1,0,0,0,1,0,1e+300,0,0,0,0,0,0,0,0,0,0
2695,0.125,1,121.9052782,121.9052782,3,2668,2648,1,0,1,0,0,0,120233.2471,-48.5830462,9389.27442,0.0001,0,0,7,7,8.317167038e-06,8.317167038e-06,0.004372258753
2696,0.5,0.125,-131.3389174,-131.3389174,3,2654,2663,1,0,1,0,0,0,9.139981868,-131.7789665,9.112090871,0.0003348888116,0,0,212,212,0.1094094074,0.1094094074,2.567613487
2697,0.375,0.25,30.22741219,30.22741219,3,2663,2656,1,0,1,0,0,0,0.1776762048,10.06216135,0.1776656334,0.0003348888116,0,0,5139,5139,5.628215669,5.628215669,16.65348663
2698,0.5,0.375,119.1082725,119.1082725,3,2663,2651,1,0,1,0,0,0,0.3703208781,12.23860872,0.4316650432,0.0003348888116,0,0,3029,3029,2.700360847,2.700360847,21.84363342
2699,0.625,0.375,137.775032,137.775032,3,2651,2659,1,0,1,0,0,1,39.86648365,-4.452296693,4.566803017,0.0001,0,0,1095,1095,0.0250837272,0.0250837272,0.230125853
2700,0.875,0.375,97.97994812,97.97994812,3,2659,2655,1,0,1,0,0,1,2430.032906,-85.71002229,774.9486435,0.0001,0,0,8,8,0.0004115170612,0.0004115170612,1.298640764
2701,0.875,0.125,95.35165917,95.35165917,3,2659,2649,1,0,0,0,1,1,2.067343355e+12,0,0,0,0,0,1,0,4.837125859e-13,0,0.4837125859
2702,0.625,0.125,23.12742952,23.12742952,3,2659,2654,1,0,0,0,1,1,1e+300,0,0,0,0,0,0,0,0,0,0
2703,0.625,0.25,35.57746749,35.57746749,3,2663,2659,1,0,1,0,0,0,21670.62728,0.7224709413,5485.27742,0.0001,0,0,5,5,4.614541088e-05,4.614541088e-05,0.07386116383
2704,0.625,0.625,198.8269073,198.8269073,3,2651,2658,1,0,1,0,0,1,1.524922358,-10.59265073,498.4004287,0.0003348888116,0,0,3444,3444,0.655771092,0.655771092,18.63714181
2705,0.625,0.875,295.0141561,295.0141561,3,2658,2653,1,0,1,0,0,1,137.2803421,-9.840913685,827.8996156,0.0003348888116,0,0,267,267,0.007284364131,0.007284364131,4.874062772
2706,0.875,0.875,375.6064852,375.6064852,3,2658,2650,1,0,1,0,0,1,17.56296621,149.9470213,149.3201463,0.0001248527583,0,0,706,706,0.05693799033,0.05693799033,4.790068336
2707,0.875,0.625,238.7970383,238.7970383,3,2658,2655,1,0,1,0,0,1,146.7484131,-33.95620385,1626.957986,0.0003348888116,0,0,621,621,0.006814383738,0.006814383738,15.2198623
2708,0.5,0.875,243.8231902,243.8231902,3,2653,2667,1,0,1,0,0,0,476222.2351,-168.4048944,11.21266951,0.0001,0,0,3,3,2.099859953e-06,2.099859953e-06,0.005428933985
2709,0.625,0.75,192.7639156,192.7639156,3,2667,2658,1,0,1,0,0,0,14.89228877,-163.5645917,59.88374565,6.055411474e-05,0,0,750,750,0.06714884563,0.06714884563,3.651483144
2710,0.5,0.625,222.6035155,222.6035155,3,2667,2651,1,0,1,0,0,0,678.9713566,9.612404592,612.5086598,0.0003348888116,0,0,25,25,0.00147281618,0.00147281618,1.522509142
2711,0.375,0.75,143.4778184,143.4778184,3,2667,2657,1,0,0,0,1,0,6.660200992e+13,0,0,0,0,0,1,0,1.501456189e-14,0,0.01501456189
2712,0.75,0.125,59.23954434,59.23954434,3,2665,2659,1,0,0,0,1,0,1e+300,0,0,0,0,0,0,0,0,0,0
2713,0.625,0,-9.413475358,-9.413475358,3,2665,2654,1,0,0,0,1,0,1e+300,0,0,0,0,0,0,0,0,0,0
2714,0.875,0,62.81075429,62.81075429,3,2649,2665,1,0,0,0,1,0,1e+300,0,0,0,0,0,0,0,0,0,0
2715,0.875,0.5,78.07855502,78.07855502,3,2655,2669,1,0,1,0,0,0,457.5177757,-28.54879969,2009.144165,0.0003348888116,0,0,260,260,0.002185707426,0.002185707426,0.8471374269
2716,0.75,0.375,61.77876778,61.77876778,3,2669,2659,1,0,1,0,0,0,144.8716512,-59.2670875,158.822007,0.0003348888116,0,0,23,23,0.006902661712,0.006902661712,3.886503035
2717,0.625,0.5,165.5253485,165.5253485,3,2669,2651,1,0,1,0,0,0,7.815425886,-13.73022857,28.80204336,0.0003348888116,0,0,1139,1139,0.1279520802,0.1279520802,8.678136033
2718,0.75,0.625,236.414209,236.414209,3,2669,2658,1,0,1,0,0,0,2.289022954,23.20060365,3.15071993,0.0003348888116,0,0,3830,3830,0.4368676156,0.4368676156,20.98494314
2719,0.875,1,415.0288825,415.0288825,3,2650,2666,1,0,1,0,0,0,162.7638365,-5.727979421,221.1504208,0.0003348888116,0,0,107,107,0.006143870908,0.006143870908,9.831297258
2720,0.75,0.875,281.9532686,281.9532686,3,2666,2658,1,0,1,0,0,0,791.4676164,224.770141,14.1086654,0.0001,0,0,85,85,0.001263475573,0.001263475573,0.2021226557
2721,0.625,1,302.9706512,302.9706512,3,2666,2653,1,0,1,0,0,0,624361.0887,-376.5694519,8365.87653,0.0001,0,0,1,1,1.601637287e-06,1.601637287e-06,0.01213046664
2722,0.875,0.25,138.6185439,138.6185439,3,2670,2659,1,0,0,0,1,0,1.478424784e+13,0,0,0,0,0,2,0,6.763955871e-14,0,0.06763955871
2723,1,0.125,142.1897539,142.1897539,3,2670,2649,1,0,0,0,1,0,1e+300,0,0,0,0,0,0,0,0,0,0
2724,1,0.375,228.7235235,228.7235235,3,2655,2670,1,0,0,0,1,0,2.556008018e+14,0,0,0,0,0,1,0,3.912350795e-15,0,0.003912350795
2725,0.875,0.75,345.5710002,345.5710002,3,2671,2658,1,0,1,0,0,0,37.09184369,23.13617497,1283.197326,0.0003348888116,0,0,1080,1080,0.02696010498,0.02696010498,3.347609201
2726,1,0.625,250.7652612,250.7652612,3,2671,2655,1,0,1,0,0,0,3146.658289,-961.9661718,1640.209641,4.724427623e-05,0,0,71,71,0.0003177974562,0.0003177974562,2.008553426
2727,1,0.875,434.4274657,434.4274657,3,2650,2671,1,0,1,0,0,0,198.8027027,-744.8975988,73.38126389,0.0002114393177,0,0,223,223,0.005030112701,0.005030112701,3.407203892
2728,0.0625,0.0625,0,0,4,2647,2672,0,0,0,0,0,0,1e+300,4.33635042,1.83203315,0,0,0,0,0,0,0,0
2729,0.0625,0.1875,-634.9256425,-634.9256425,4,2672,2662,1,0,0,0,0,1,29528.49305,0,0,0,0,0,4,3,3.386559546e-05,3.386559525e-05,0.1598348112
2730,0.1875,0.1875,-90.03931359,-90.03931359,4,2672,2656,1,1,1,0,0,1,0.4317688696,65.59160493,0.5466548121,0.0003348888116,0,69.06908081,3895,3895,2.31605396,2.31605396,7.467583837
2731,0.1875,0.0625,-192.9595806,-192.9595806,4,2672,2664,1,1,1,0,0,1,0.4086125866,80.89080192,0.412475331,0.0003348888116,0,115.7848327,468,468,2.447305914,2.447305914,4.510920531
2732,0,0.1875,-827.3125011,-827.3125011,4,2662,2678,1,0,0,0,0,1,1e+300,0,0,0,0,0,0,0,0,0,0
2733,0.0625,0.125,-32.23253053,-502.0628904,4,2678,2672,0,0,0,0,0,0,1.928935564e+14,4.701064427e-09,2986.065719,0.0003348888116,0,0,1,0,5.18420635e-15,0,0.00518420635
2734,0,0.0625,-32.23253053,-32.23253053,4,2678,2647,0,0,0,0,0,0,1e+300,0,1e+300,0,0,0,0,0,0,0,0
2735,0.1875,0.3125,-94.70631959,-94.70631959,4,2656,2673,1,0,0,0,0,1,0.5274175869,0,0,0,0,0,5961,2982,1.896030821,1.89603082,10.426191
2736,0.0625,0.3125,-571.1831936,-571.1831936,4,2673,2662,1,0,0,0,0,1,571.8363252,0,0,0,0,0,8,4,0.001748752145,0.001748752144,1.03750005
2737,0.0625,0.4375,-438.4553407,-438.4553407,4,2673,2652,1,1,1,0,0,1,4.275391774,-69.93658481,10.11515481,0.0003348888116,0,97.12317446,228,228,0.2338966936,0.2338966936,3.849989404
2738,0.1875,0.4375,-73.33916787,-73.33916787,4,2673,2661,1,0,0,0,0,1,21.46502382,0,0,0,0,0,1314,661,0.04658741627,0.04658741623,2.743226652
2739,0,0.4375,-869.2994392,-869.2994392,4,2652,2676,1,0,0,0,0,1,3282.66224,0,0,0,0,0,78,38,0.0003046307926,0.0003046307872,0.1733827374
2740,0.0625,0.375,-512.0215892,-512.0215892,4,2676,2673,1,1,1,0,0,1,97.36043925,-366.6797227,16.40585068,6.055411474e-05,0,281.2851976,19,19,0.01027111225,0.01027111225,0.2147974739
2741,0,0.3125,-1072.81767,-1072.81767,4,2676,2662,1,0,0,0,0,1,422464.6336,0,0,0,0,0,22,11,2.367062046e-06,2.36705977e-06,1.684965257
2742,0.1875,0.6875,-23.54468822,-23.54468822,4,2657,2680,1,0,0,0,0,1,63946.92465,0,0,0,0,0,3,1,1.56379686e-05,1.563796843e-05,0.009756396984
2743,0.1875,0.5625,2.81169174,2.81169174,4,2680,2661,1,1,1,0,0,1,685.6541545,159.986274,82.18204419,4.724427623e-05,0,161.6505543,16,16,0.001458461228,0.001458461228,0.7699411846
2744,0.0625,0.5625,-303.2526428,-303.2526428,4,2680,2652,1,1,1,0,0,1,0.733567679,70.30717831,280.9725403,0.0002049176997,0,76.3438341,2119,2119,1.363200736,1.363200736,6.72234052
2745,0.0625,0.6875,-175.5660023,-175.5660023,4,2680,2660,1,1,1,0,0,1,0.3927233655,-94.46015012,7.793100634,0.0003348888116,0,56.5407646,5063,5063,2.54632163,2.54632163,17.13850929
2746,0,0.6875,266.7211711,266.7211711,4,2660,2685,1,1,1,0,0,1,23.73592323,100.1955007,1655.715252,0.0002049176997,0,66.89454778,930,930,0.042130234,0.042130234,0.5936538694
2747,0.0625,0.625,-206.2936712,-206.2936712,4,2685,2680,1,0,0,0,0,1,125.5094419,0,0,0,0,0,114,54,0.007967528057,0.00796752805,6.619180034
2748,0,0.5625,-274.2700114,-274.2700114,4,2685,2652,1,1,1,0,0,1,6.849850054,135.3892694,38.2903759,0.0003348888116,0,62.24170869,263,263,0.1459885971,0.1459885971,0.9640997336
2749,0.1875,0.8125,-38.33432147,-38.33432147,4,2657,2681,1,0,0,0,0,1,1e+300,0,0,0,0,0,0,0,0,0,0
2750,0.0625,0.8125,-64.65530362,-64.65530362,4,2681,2660,1,1,1,0,0,1,2.051336657,16.4943743,8.060604996,0.0003348888116,0,94.28289729,771,771,0.4874870229,0.4874870229,6.524257057
2751,0.0625,0.9375,-41.9497495,-41.9497495,4,2681,2648,1,0,0,0,0,1,79.54647838,0,0,0,0,0,36,21,0.01257126677,0.01257126676,3.917168351
2752,0.1875,0.9375,151.5388733,151.5388733,4,2681,2668,0,0,0,0,0,0,1e+300,-111.9731913,579.1894859,0,0,0,0,0,0,0,0
2753,0,0.9375,129.0882718,129.0882718,4,2648,2683,1,0,0,0,0,1,230925.134,0,0,0,0,0,2,2,4.330407793e-06,4.330407793e-06,0.001778314362
2754,0.0625,0.875,-12.83226676,-12.83226676,4,2683,2681,1,1,1,0,0,1,16.57074724,-54.79505197,24.27092901,0.0003348888116,0,67.18695211,115,115,0.06034730877,0.06034730877,3.595524635
2755,0,0.8125,542.0858084,542.0858084,4,2683,2660,1,1,1,0,0,1,326.8863232,101.4946384,3407.040825,0.0002114393177,0,82.49412787,56,56,0.003059167451,0.003059167451,0.8012724442
2756,0.125,0.0625,-327.9332707,-637.2854863,4,2687,2672,0,0,0,0,0,0,5.80176923,-286.3849142,5.790518555,0.0003348888116,0,0,225,114,0.1723612161,0.1723612161,0.5127624237
2757,0.0625,0,-327.9332707,-327.9332707,4,2687,2647,0,0,0,0,0,0,1e+300,0,1e+300,0,0,0,0,0,0,0,0
2758,0.1875,0,-184.4719415,-184.4719415,4,2664,2687,1,1,1,0,0,1,26.61592481,131.2648083,26.38078299,0.0003348888116,0,475.1438071,15,15,0.03757149177,0.03757149177,0.5913196002
2759,0.0625,0.25,-581.6794557,-581.6794557,4,2662,2677,1,0,0,0,0,1,24620.42494,0,0,0,0,0,4,2,4.06166832e-05,4.061668313e-05,0.02139666191
2760,0.125,0.3125,-164.9843759,-164.9843759,4,2677,2673,1,1,1,0,0,1,2.807594179,26.80364068,2.804956869,0.0003348888116,0,66.16916719,492,492,0.3561768319,0.3561768319,1.694617587
2761,0.1875,0.25,-105.2025816,-105.2025816,4,2677,2656,1,0,0,0,0,1,0.5513626407,0,0,0,0,0,5682,2846,1.813688354,1.813688353,5.694663778
2762,0.125,0.1875,-255.531201,-255.531201,4,2677,2672,1,0,0,0,0,1,4.632420547,0,0,0,0,0,2300,1133,0.2158698654,0.2158698654,0.7577941794
2763,0.0625,0.5,-351.8131866,-351.8131866,4,2652,2689,1,0,0,0,0,1,1913.15209,0,0,0,0,0,22,12,0.0005226975968,0.0005226975965,0.01131482
2764,0.125,0.5625,-122.8413411,-122.8413411,4,2689,2680,1,0,0,0,0,1,34.03035622,0,0,0,0,0,234,121,0.02938552842,0.02938552841,6.364382852
2765,0.1875,0.5,-31.63375494,-31.63375494,4,2689,2661,1,1,1,0,0,1,92.21446789,-8.135536631,143.9980716,0.0001768884706,0,106.7012474,199,199,0.01084428532,0.01084428532,2.019519422
2766,0.125,0.4375,-165.4407136,-165.4407136,4,2689,2673,1,0,0,0,0,1,4.615797038,0,0,0,0,0,316,162,0.2166473074,0.2166473074,1.199690888
2767,0.0625,0.75,-110.1057836,-110.1057836,4,2660,2684,1,1,1,0,0,1,1.703020516,-51.32175661,4.242572349,0.0003348888116,0,49.97354077,1562,1562,0.5871919866,0.5871919866,7.23863294
2768,0.125,0.8125,-106.4834417,-106.4834417,4,2684,2681,1,0,0,0,0,1,39.90159048,0,0,0,0,0,427,213,0.02506165764,0.02506165763,1.090759354
2769,0.1875,0.75,-19.14475146,-19.14475146,4,2684,2657,1,0,0,0,0,1,1.082810881e+13,0,0,0,0,0,1,0,9.235223041e-14,0,0.09235223041
2770,0.125,0.6875,-91.69380849,-91.69380849,4,2684,2680,1,0,0,0,0,1,11.25221004,0,0,0,0,0,919,450,0.08887143028,0.08887143025,0.8755231238
2771,0.1875,1,203.0167869,203.0167869,4,2668,2695,0,0,0,0,0,0,1e+300,0,1e+300,0,0,0,0,0,0,0,0
2772,0.125,0.9375,51.47791356,42.55997384,4,2695,2681,0,0,0,0,0,0,38434.91548,35.96344328,2770.798281,0.0003348888116,0,0,12,7,2.60180096e-05,2.601800951e-05,0.01752411426
2773,0.0625,1,51.47791356,51.47791356,4,2695,2648,0,0,0,0,0,0,1e+300,-70.16765644,253.1464551,0,0,0,0,0,0,0,0
2774,0.25,0.0625,-128.25496,-128.25496,4,2664,2686,1,0,0,0,0,1,5.676564675e+13,0,0,0,0,0,1,0,1.761628832e-14,0,0.01761628832
2775,0.1875,0.125,-164.7551782,-164.7551782,4,2686,2672,1,0,0,0,0,1,0.6812218543,0,0,0,0,0,5698,2849,1.467950556,1.467950556,5.944624911
2776,0.25,0.1875,-14.42655877,-14.42655877,4,2686,2656,1,0,0,0,0,1,31.08498802,0,0,0,0,0,136,66,0.03216986924,0.03216986923,0.2893224835
2777,0.3125,0.1875,25.37989495,25.37989495,4,2656,2675,1,0,0,0,0,1,0.6037833922,0,0,0,0,0,1019,507,1.656223097,1.656223097,3.608677415
2778,0.4375,0.1875,66.76300009,46.17568804,4,2675,2663,0,0,0,0,0,0,0.4333746616,-7.493107007,0.4333117741,0.0003348888116,0,0,2828,1441,2.307472237,2.307472237,5.991331051
2779,0.4375,0.0625,48.49917261,9.105996321,4,2675,2654,0,0,0,0,0,0,89.72484914,3.418701979,87.10745749,0.0003348888116,0,0,45,19,0.01114518452,0.01114518452,2.237642246
2780,0.3125,0.0625,-0.1959542923,-0.1959542923,4,2675,2664,1,1,1,0,0,1,682.1040058,89.30390238,555.2653062,0.0003348888116,0,260.2000654,10,10,0.001466052085,0.001466052085,1.021601441
2781,0.3125,0.125,-30.0407396,-30.0407396,4,2686,2675,1,1,1,0,0,1,7.241695852,-49.12162063,7.224176048,0.0003348888116,0,96.46056156,50,50,0.1380892018,0.1380892018,1.792659515
2782,0.3125,0.3125,34.25543247,34.25543247,4,2656,2674,1,0,0,0,0,1,0.2750896117,0,0,0,0,0,10094,5064,3.635179074,3.635179073,10.49635796
2783,0.3125,0.4375,55.62258419,55.62258419,4,2674,2661,1,0,0,0,0,1,1.753169496,0,0,0,0,0,2752,1363,0.570395505,0.5703955047,5.759891481
2784,0.4375,0.4375,124.6137117,124.6137117,4,2674,2651,1,1,1,0,0,1,1.648070121,7.906645569,4.881244829,0.0003348888116,0,104.724715,753,753,0.6067702991,0.6067702991,4.908016868
2785,0.4375,0.3125,62.54097456,62.54097456,4,2674,2663,1,0,0,0,0,1,0.3448724598,0,0,0,0,0,7120,3526,2.899622662,2.899622661,11.82673034
2786,0.25,0.4375,22.299596,22.299596,4,2661,2692,1,0,0,0,0,1,0.3509974478,0,0,0,0,0,4302,2182,2.849023565,2.849023564,12.75935855
2787,0.3125,0.375,76.05538433,76.05538433,4,2692,2674,1,1,1,0,0,1,1.217161417,32.74574467,1.216665487,0.0003348888116,0,48.72433654,2717,2717,0.8215837158,0.8215837158,4.907058738
2788,0.25,0.3125,15.95221218,-0.2508616089,4,2692,2656,0,0,0,0,0,0,0.8083601792,-1.183007507,0.8081414066,0.0003348888116,0,0,3131,1582,1.237072317,1.237072317,4.269489325
2789,0.1875,0.375,-85.65372627,-85.65372627,4,2692,2673,1,0,0,0,0,1,3.966276566,0,0,0,0,0,2175,1074,0.2521256356,0.2521256354,2.168626109
2790,0.25,0.5625,-2.010866604,-2.010866604,4,2661,2690,1,1,1,0,0,1,21.17894965,-96.85840956,41.12492058,0.0003348888116,0,105.3010215,495,495,0.04721669471,0.04721669471,4.024121525
2791,0.1875,0.625,-5.937648945,-5.937648945,4,2690,2680,1,1,1,0,0,1,2060.293046,22.57555513,1593.431903,0.0001,0,24.56331684,4,4,0.0004853678471,0.0004853678471,0.3206244059
2792,0.25,0.6875,128.4155929,128.4155929,4,2690,2657,1,0,0,0,0,1,4220985.004,0,0,0,0,0,1,1,2.369115263e-07,2.369115263e-07,0.001374646314
2793,0.4375,0.5625,112.7440338,112.7440338,4,2651,2679,1,1,1,0,0,1,103.6209234,-8.112860657,122.7867938,0.0003348888116,0,186.2148619,73,73,0.009650560591,0.009650560591,1.538690589
2794,0.3125,0.5625,50.37092202,50.37092202,4,2679,2661,1,0,0,0,0,1,23.59995065,0,0,0,0,0,40,19,0.04237296995,0.04237296995,3.017989964
2795,0.3125,0.6875,57.56602923,57.56602923,4,2679,2657,1,0,0,0,0,1,2584231.711,0,0,0,0,0,4,2,3.869622045e-07,3.869622037e-07,0.002823804597
2796,0.4375,0.6875,152.0394788,152.0394788,4,2679,2667,1,0,0,0,0,1,9038.419753,0,0,0,0,0,19,8,0.0001106388094,0.0001106388087,0.1609057581
2797,0.3125,0.625,230.8004235,230.8004235,4,2690,2679,1,1,1,0,0,1,1976.037202,634.6563204,1837.559791,0.0001,0,122.0481365,6,6,0.0005060633468,0.0005060633468,0.04381392576
2798,0.3125,0.8125,164.4746562,164.4746562,4,2657,2682,0,0,0,0,0,0,1e+300,0,1e+300,0,0,0,0,0,0,0,0
2799,0.3125,0.9375,316.0135296,316.0135296,4,2682,2668,0,0,0,0,0,0,1e+300,0,1e+300,0,0,0,0,0,0,0,0
2800,0.4375,0.9375,493.4239687,493.4239687,4,2682,2653,0,0,0,0,0,0,1e+300,0,1e+300,0,0,0,0,0,0,0,0
2801,0.4375,0.8125,195.2813935,195.2813935,4,2682,2667,1,0,0,0,0,1,1e+300,0,0,0,0,0,0,0,0,0,0
2802,0.25,0.9375,227.30831,227.30831,4,2668,2694,0,0,0,0,0,0,1e+300,0,1e+300,0,0,0,0,0,0,0,0
2803,0.3125,0.875,240.2440929,240.2440929,4,2694,2682,0,0,0,0,0,0,1e+300,0,1e+300,0,0,0,0,0,0,0,0
2804,0.25,0.8125,75.76943666,75.76943666,4,2694,2657,0,0,0,0,0,0,1e+300,0,1e+300,0,0,0,0,0,0,0,0
2805,0.1875,0.875,75.76943666,75.76943666,4,2694,2681,0,0,0,0,0,0,1e+300,0,1e+300,0,0,0,0,0,0,0,0
2806,0.375,0.0625,-127.800676,-83.21856768,4,2688,2675,0,0,0,0,0,0,6126.415736,-35.68436873,2007.562934,0.0003348888116,0,0,15,7,0.0001632275776,0.000163227574,0.147292542
2807,0.3125,0,-567.3793839,-567.3793839,4,2688,2664,0,0,0,0,0,0,1e+300,83.47753823,569.2397353,0,0,0,0,0,0,0,0
2808,0.4375,0,-111.6342851,-79.76395435,4,2654,2688,0,0,0,0,0,0,350.3084104,20.9715012,313.5271689,0.0003348888116,0,0,9,4,0.002854627438,0.002854627434,2.265131286
2809,0.4375,0.25,68.36485435,36.23851584,4,2663,2697,0,0,0,0,0,0,0.2111440043,-3.099064505,0.2111290755,0.0003348888116,0,0,3965,1986,4.736104173,4.736104172,16.33594122
2810,0.375,0.1875,33.934636,48.32899056,4,2697,2675,0,0,0,0,0,0,0.2672597292,3.771654311,0.267235811,0.0003348888116,0,0,2737,1380,3.741678565,3.741678565,8.569020626
2811,0.3125,0.25,17.76824513,9.196366744,4,2697,2656,0,0,0,0,0,0,0.7798263044,-1.856069567,0.7796227019,0.0003348888116,0,0,2629,1305,1.282336841,1.282336841,2.898385592
2812,0.375,0.3125,17.76824513,42.30633528,4,2697,2674,0,0,0,0,0,0,0.7968084273,-11.1229137,0.7965958619,0.0003348888116,0,0,3444,1712,1.255006807,1.255006807,3.777535302
2813,0.3125,0.5,83.47576702,83.47576702,4,2661,2691,1,0,0,0,0,1,15.45730107,0,0,0,0,0,73,39,0.06469434706,0.06469434705,1.254347737
2814,0.375,0.5625,133.1906115,133.1906115,4,2691,2679,1,1,1,0,0,1,789.8154941,198.46409,1087.127729,0.0001,0,89.39998487,7,7,0.001266118489,0.001266118489,0.9043739752
2815,0.4375,0.5,80.15293207,80.15293207,4,2691,2651,1,1,1,0,0,1,43.5618796,-78.15779147,79.23977713,0.0003348888116,0,81.00782503,38,38,0.0229558506,0.0229558506,1.787180856
2816,0.375,0.4375,100.3722983,100.3722983,4,2691,2674,1,1,1,0,0,1,10.12435942,-9.876671608,21.03469943,0.0003348888116,0,67.36811952,455,455,0.09877168107,0.09877168107,3.000263644
2817,0.4375,0.75,155.7966983,195.3737338,4,2667,2711,0,0,0,0,0,0,1.665050248e+13,-5.702105454e-08,2986.065718,0.0003348888116,0,0,1,0,6.005824757e-14,0,0.06005824757
2818,0.375,0.6875,51.93223275,51.93223275,4,2711,2679,0,0,0,0,0,0,1e+300,-6.589079149e-07,9999.999912,0,0,0,0,0,0,0,0
2819,0.3125,0.75,51.93223275,51.93223275,4,2711,2657,0,0,0,0,0,0,1e+300,0,1e+300,0,0,0,0,0,0,0,0
2820,0.375,0.8125,216.406889,216.406889,4,2711,2682,0,0,0,0,0,0,1e+300,0,1e+300,0,0,0,0,0,0,0,0
2821,0.4375,1,569.1934053,569.1934053,4,2653,2693,0,0,0,0,0,0,1e+300,0,1e+300,0,0,0,0,0,0,0,0
2822,0.375,0.9375,404.7187491,404.7187491,4,2693,2682,0,0,0,0,0,0,1e+300,0,1e+300,0,0,0,0,0,0,0,0
2823,0.3125,1,391.7829662,391.7829662,4,2693,2668,0,0,0,0,0,0,1e+300,0,1e+300,0,0,0,0,0,0,0,0
2824,0.5,0.0625,-40.37045923,-64.4158264,4,2654,2696,0,0,0,0,0,0,46.25939153,24.99669216,45.5536851,0.0003348888116,0,0,36,15,0.02161723203,0.02161723202,3.950658715
2825,0.4375,0.125,-56.5368501,-0.03689601409,4,2696,2675,0,0,0,0,0,0,1.152362735,36.17436594,1.151918194,0.0003348888116,0,0,406,212,0.8677823137,0.8677823136,17.0735121
2826,0.5,0.1875,-22.10663175,5.771778562,4,2696,2663,0,0,0,0,0,0,1.831134394,47.20279642,1.830012182,0.0003348888116,0,0,370,197,0.546109561,0.5461095609,15.36301395
2827,0.6875,0.1875,16.16639087,16.16639087,4,2659,2702,0,0,0,0,0,0,1e+300,0,1e+300,0,0,0,0,0,0,0,0
2828,0.6875,0.0625,32.33278174,32.33278174,4,2702,2665,0,0,0,0,0,0,1e+300,0,1e+300,0,0,0,0,0,0,0,0
2829,0.5625,0.0625,48.49917261,48.49917261,4,2702,2654,0,0,0,0,0,0,1e+300,0,1e+300,0,0,0,0,0,0,0,0
2830,0.5625,0.1875,66.76300009,66.76300009,4,2702,2663,0,0,0,0,0,0,1e+300,0,1e+300,0,0,0,0,0,0,0,0
2831,0.5625,0.125,-56.5368501,-56.5368501,4,2696,2702,0,0,0,0,0,0,1e+300,0,1e+300,0,0,0,0,0,0,0,0
2832,0.5,0.3125,104.585313,40.91530033,4,2663,2698,0,0,0,0,0,0,1.295200108,-42.86418319,1.294638561,0.0003348888116,0,0,2482,1214,0.7720814676,0.7720814674,10.03504672
2833,0.4375,0.375,95.10816404,95.10816404,4,2698,2674,1,1,1,0,0,1,5.674975618,-2.764963978,5.664210862,0.0003348888116,0,54.8850143,1112,1112,0.1762122108,0.1762122108,1.345376662
2834,0.5,0.4375,103.2546297,103.2546297,4,2698,2651,1,1,1,0,0,1,0.8416504928,-49.69531086,3.597465456,0.0003348888116,0,39.66845901,1949,1949,1.188141644,1.188141644,9.128958749
2835,0.5625,0.4375,134.2616876,134.2616876,4,2651,2699,1,1,1,0,0,1,0.3322105458,-15.74230645,0.5895004955,0.0003348888116,0,28.96830368,2439,2439,3.01013924,3.01013924,41.92606905
2836,0.6875,0.4375,149.248427,149.248427,4,2699,2669,1,0,0,0,0,1,76.92432238,0,0,0,0,0,169,83,0.01299978952,0.01299978949,13.01992318
2837,0.6875,0.3125,114.7777406,114.7777406,4,2699,2659,1,0,0,0,0,1,4828.552549,0,0,0,0,0,14,4,0.0002071014015,0.0002071014011,0.546181027
2838,0.5625,0.3125,93.11298357,93.11298357,4,2699,2663,1,0,0,0,0,1,14.37522973,0,0,0,0,0,1889,950,0.06956410569,0.06956410568,0.4466338179
2839,0.5625,0.375,79.46454296,79.46454296,4,2698,2699,1,1,1,0,0,1,2.092557402,-48.96423742,2.091092018,0.0003348888116,0,37.15490732,778,778,0.4778841427,0.4778841427,22.71073589
2840,0.5625,0.5625,186.0345388,186.0345388,4,2651,2704,1,1,1,0,0,1,2.099588264,33.96075556,11.66213441,0.0003348888116,0,42.83030894,3353,3353,0.4762838587,0.4762838587,19.32681225
2841,0.5625,0.6875,212.6298293,212.6298293,4,2704,2667,1,1,1,0,0,1,4.227212841,-220.5328662,2.337290876,4.724427623e-05,0,83.34324047,1542,1542,0.2365624911,0.2365624911,3.95376835
2842,0.6875,0.6875,228.7703701,228.7703701,4,2704,2658,1,1,1,0,0,1,9.102571927,5.848076748,123.9361492,0.0003348888116,0,66.42780616,1560,1560,0.1098590605,0.1098590605,5.323360044
2843,0.6875,0.5625,190.758193,190.758193,4,2704,2669,1,1,1,0,0,1,2.254118584,14.10487869,5.359524666,0.0003348888116,0,48.91878851,2385,2385,0.4436323835,0.4436323835,19.44027151
2844,0.5,0.6875,214.4715694,214.4715694,4,2667,2710,1,1,1,0,0,1,6136.705279,81.54263486,3361.385338,0.0001,0,47.89449846,6,6,0.0001629538905,0.0001629538905,0.5490468839
2845,0.5625,0.625,223.4726902,223.4726902,4,2710,2704,1,1,1,0,0,1,3479.423618,-141.1039823,2293.45348,9.144131583e-05,0,54.40731764,30,30,0.0002874039237,0.0002874039237,0.6648411228
2846,0.5,0.5625,67.30828554,67.30828554,4,2710,2651,1,1,1,0,0,1,145.9596245,-106.0095061,326.9480808,0.0003348888116,0,65.08771207,161,161,0.006851209733,0.006851209733,0.7022741212
2847,0.4375,0.625,108.7292176,108.7292176,4,2710,2679,1,1,1,0,0,1,1386.011117,125.9630309,1307.90341,0.0001,0,111.2995889,6,6,0.0007214949347,0.0007214949347,0.8472492801
2848,0.6875,0.8125,295.9280548,295.9280548,4,2658,2705,1,1,1,0,0,1,319.6600228,5.198967676,1722.984389,0.0003348888116,0,94.01371049,127,127,0.003128323621,0.003128323621,2.891373771
2849,0.5625,0.8125,266.482712,266.482712,4,2705,2667,1,0,0,0,0,1,415.6717175,0,0,0,0,0,161,90,0.002405744625,0.002405744618,2.964821787
2850,0.5625,0.9375,493.4239687,63.03298042,4,2705,2653,0,0,0,0,0,0,31293.97269,-221.6821522,2725.955494,0.0003348888116,0,0,3,2,3.195503524e-05,3.195503513e-05,0.00879226935
2851,0.6875,0.9375,324.4333496,324.4333496,4,2705,2666,1,0,0,0,0,1,48557.16126,0,0,0,0,0,2,1,2.059428463e-05,2.059428463e-05,0.7816049642
2852,0.5,0.9375,461.1537543,435.0020593,4,2653,2708,0,0,0,0,0,0,204.7894799,171.0785788,191.6460658,0.0003348888116,0,0,2,1,0.004883063332,0.004883063332,0.7801410569
2853,0.5625,0.875,296.679098,-112.9742424,4,2708,2705,0,0,0,0,0,0,1669.070359,-387.1653455,1070.635465,0.0003348888116,0,0,5,3,0.0005991359171,0.0005991359169,0.1001259748
2854,0.5,0.8125,240.8872291,240.8872291,4,2708,2667,1,0,0,0,0,1,1e+300,0,0,0,0,0,0,0,0,0,0
2855,0.4375,0.875,296.679098,296.679098,4,2708,2682,0,0,0,0,0,0,1e+300,0,1e+300,0,0,0,0,0,0,0,0
2856,0.625,0.0625,40.41597717,40.41597717,4,2713,2702,0,0,0,0,0,0,1e+300,0,1e+300,0,0,0,0,0,0,0,0
2857,0.5625,0,56.58236804,56.58236804,4,2713,2654,0,0,0,0,0,0,1e+300,0,1e+300,0,0,0,0,0,0,0,0
2858,0.6875,0,40.41597717,40.41597717,4,2665,2713,0,0,0,0,0,0,1e+300,0,1e+300,0,0,0,0,0,0,0,0
2859,0.5625,0.25,76.2561493,-1.523855668,4,2663,2703,0,0,0,0,0,0,24032.97014,-40.62756519,2656.054369,0.0003348888116,0,0,10,3,4.160950536e-05,4.160950512e-05,0.04504446036
2860,0.625,0.3125,25.65954008,83.06352299,4,2703,2699,0,0,0,0,0,0,1576447.665,-0.6905475258,2980.420285,0.0003348888116,0,0,2,1,6.343375822e-07,6.343375817e-07,0.0004796543366
2861,0.6875,0.25,25.65954008,37.76473615,4,2703,2659,0,0,0,0,0,0,25824.47619,-15.56680085,2676.575237,0.0003348888116,0,0,1,1,3.872295387e-05,3.872295387e-05,0.07361445475
2862,0.625,0.1875,41.82593095,41.82593095,4,2703,2702,0,0,0,0,0,0,1e+300,0,1e+300,0,0,0,0,0,0,0,0
2863,0.6875,0.5,166.9096911,166.9096911,4,2669,2717,1,1,1,0,0,1,6.878290759,4.475510099,6.981233674,0.0003348888116,0,45.92817335,673,673,0.1453849561,0.1453849561,7.99162399
2864,0.625,0.4375,206.9928314,206.9928314,4,2717,2699,1,1,1,0,0,1,4968.798384,133.9787041,557.750438,6.055411474e-05,0,51.30768742,4,4,0.0002012559019,0.0002012559019,0.8389834527
2865,0.5625,0.5,103.6285052,103.6285052,4,2717,2651,1,1,1,0,0,1,0.6709120299,-70.57980387,1.333237895,0.0003348888116,0,23.69115871,2316,2316,1.490508376,1.490508376,9.090988044
2866,0.625,0.5625,151.6203377,151.6203377,4,2717,2704,1,1,1,0,0,1,17.77519013,-19.6418882,408.4089535,0.0003348888116,0,30.5213619,527,527,0.05625818868,0.05625818868,1.078815203
2867,0.5625,0.75,100.9878163,100.9878163,4,2667,2709,1,1,1,0,0,1,515.3950802,-395.0827546,29.95287364,4.724427623e-05,0,50.54369984,273,273,0.001940259111,0.001940259111,0.4566869472
2868,0.625,0.8125,243.8890359,243.8890359,4,2709,2705,1,0,0,0,0,1,342.5616718,0,0,0,0,0,417,203,0.002919182391,0.002919182377,6.273646015
2869,0.6875,0.75,122.1529991,122.1529991,4,2709,2658,1,1,1,0,0,1,3116.957282,-1027.360439,97.62151559,4.724427623e-05,0,62.65473521,177,177,0.0003208256994,0.0003208256994,0.1772840143
2870,0.625,0.6875,193.5841734,193.5841734,4,2709,2704,1,1,1,0,0,1,7.012957991,-8.648264983,20.81908598,0.0003348888116,0,68.09921702,878,878,0.1425931827,0.1425931827,2.844493589
2871,0.6875,1,285.6138751,285.6138751,4,2666,2721,0,0,0,0,0,0,1e+300,0,1e+300,0,0,0,0,0,0,0,0
2872,0.625,0.9375,243.8059015,102.4739786,4,2721,2705,0,0,0,0,0,0,3544.753275,-203.3314675,1620.756332,0.0003348888116,0,0,1,1,0.0002821070812,0.0002821070812,0.175193536
2873,0.5625,1,408.2805577,489.7951908,4,2721,2653,0,0,0,0,0,0,1126.357198,194.2573674,817.857668,0.0003348888116,0,0,1,1,0.0008878178268,0.0008878178268,0.5513507273
2874,0.75,0.0625,24.2495863,24.2495863,4,2665,2712,0,0,0,0,0,0,1e+300,0,1e+300,0,0,0,0,0,0,0,0
2875,0.6875,0.125,24.2495863,24.2495863,4,2712,2702,0,0,0,0,0,0,1e+300,0,1e+300,0,0,0,0,0,0,0,0
2876,0.75,0.1875,8.083195435,8.083195435,4,2712,2659,0,0,0,0,0,0,1e+300,0,1e+300,0,0,0,0,0,0,0,0
2877,0.8125,0.1875,0,0,4,2659,2701,0,0,0,0,0,0,1e+300,5.320890103e-07,9999.999994,0,0,0,0,0,0,0,0
2878,0.9375,0.1875,90.01331515,117.6232712,4,2701,2670,0,0,0,0,0,0,8.11797682e+12,-2.647611268e-07,2986.065717,0.0003348888116,0,0,1,0,1.231834017e-13,0,0.1231834017
2879,0.9375,0.0625,0,0,4,2701,2649,0,0,0,0,0,0,1e+300,0,1e+300,0,0,0,0,0,0,0,0
2880,0.8125,0.0625,16.16639087,16.16639087,4,2701,2665,0,0,0,0,0,0,1e+300,0,1e+300,0,0,0,0,0,0,0,0
2881,0.8125,0.125,8.083195435,8.083195435,4,2712,2701,0,0,0,0,0,0,1e+300,0,1e+300,0,0,0,0,0,0,0,0
2882,0.8125,0.3125,94.88019867,94.88019867,4,2659,2700,1,0,0,0,0,1,510338.6941,0,0,0,0,0,7,1,1.959483009e-06,1.959482899e-06,0.001869847878
2883,0.8125,0.4375,71.8278025,71.8278025,4,2700,2669,1,1,1,0,0,1,182.8547667,-284.7057678,73.34014212,6.055411474e-05,0,303.875145,150,150,0.005468821066,0.005468821066,0.639101
2884,0.9375,0.4375,184.9851782,184.9851782,4,2700,2655,1,0,0,0,0,1,1835.168804,0,0,0,0,0,13,7,0.0005449090012,0.0005449089993,2.317800602
2885,0.9375,0.3125,180.0266308,129.3463923,4,2700,2670,0,0,0,0,0,0,1.997659495e+12,-1.407386776e-07,2986.065714,0.0003348888116,0,0,1,0,5.005858117e-13,0,0.5005858117
2886,0.75,0.4375,132.142476,132.142476,4,2669,2716,1,1,1,0,0,1,6.850031461,20.08461334,7.790236116,0.0003348888116,0,48.02853464,189,189,0.145984731,0.145984731,19.44785661
2887,0.8125,0.375,58.53699045,58.53699045,4,2716,2700,1,1,1,0,0,1,11006.97149,552.545314,4331.981184,0.0001,0,93.01981575,3,3,9.085151181e-05,9.085151181e-05,0.04753442321
2888,0.75,0.3125,-58.69833515,39.85765295,4,2716,2659,0,0,0,0,0,0,13614.86941,-29.49826054,2448.952092,0.0003348888116,0,0,9,1,7.344910701e-05,7.344910425e-05,0.07732839892
2889,0.6875,0.375,76.68084288,76.68084288,4,2716,2699,1,1,1,0,0,1,10516.15742,430.5469289,4344.107217,0.0001,0,87.65707321,5,5,9.509176781e-05,9.509176781e-05,0.1285233605
2890,0.75,0.5625,177.3622805,177.3622805,4,2669,2718,1,1,1,0,0,1,1.722899565,-21.1880658,1.721906059,0.0003348888116,0,33.14546222,2412,2412,0.5804168856,0.5804168856,12.38082914
2891,0.6875,0.625,231.4739424,231.4739424,4,2718,2704,1,1,1,0,0,1,13.02339511,1.411215376,30.65724977,0.0003348888116,0,38.4322783,1322,1322,0.07678489303,0.07678489303,3.654901129
2892,0.75,0.6875,248.6310135,248.6310135,4,2718,2658,1,1,1,0,0,1,33.3362953,-5.95277959,35.73060134,0.0003348888116,0,49.92529249,927,927,0.02999733447,0.02999733447,3.596808654
2893,0.8125,0.6875,266.3103013,266.3103013,4,2658,2707,1,1,1,0,0,1,7.74162522,12.27828934,22.25856977,0.0003348888116,0,44.33041336,1792,1792,0.1291718433,0.1291718433,6.975979844
2894,0.9375,0.6875,318.9951479,318.9951479,4,2707,2671,1,1,1,0,0,1,41.84194495,27.49562033,121.7398359,0.0003348888116,0,38.95191774,306,306,0.02389946264,0.02389946264,2.67279229
2895,0.9375,0.5625,247.7832789,247.7832789,4,2707,2655,1,1,1,0,0,1,172.1623108,-13.95564133,417.9329059,0.0003348888116,0,57.50665117,158,158,0.005808472221,0.005808472221,21.09089824
2896,0.8125,0.5625,208.8229764,208.8229764,4,2707,2669,1,1,1,0,0,1,6.491403079,8.326167041,8.111019712,0.0003348888116,0,53.8580166,1880,1880,0.1540499008,0.1540499008,13.53705066
2897,0.8125,0.625,231.826314,231.826314,4,2718,2707,1,1,1,0,0,1,11.89589482,-11.52840609,21.4733085,0.0003348888116,0,35.18388162,1058,1058,0.08406261281,0.08406261281,9.072861063
2898,0.8125,0.8125,296.4398584,296.4398584,4,2658,2706,1,1,1,0,0,1,16.61291147,-39.120237,43.48461236,0.0003348888116,0,46.55671372,1032,1032,0.0601941449,0.0601941449,6.187867096
2899,0.8125,0.9375,376.7583113,376.7583113,4,2706,2666,1,1,1,0,0,1,76.89694075,-66.22589778,1655.583169,0.0003348888116,0,156.2405676,57,57,0.01300441851,0.01300441851,1.08009055
2900,0.9375,0.9375,482.5187147,482.5187147,4,2706,2650,1,1,1,0,0,1,317.9098591,-583.8275852,818.5583827,0.0001768884706,0,127.9073999,209,209,0.00314554573,0.00314554573,0.8460187126
2901,0.9375,0.8125,391.3556944,391.3556944,4,2706,2671,1,1,1,0,0,1,44.77342237,21.38630229,128.1499482,0.0003348888116,0,47.03240907,947,947,0.02233467863,0.02233467863,4.850470628
2902,0.75,0.9375,321.9095185,321.9095185,4,2666,2720,1,1,1,0,0,1,50725.53034,101.963547,7445.556253,0.0001,0,133.6159727,4,4,1.971393879e-05,1.971393879e-05,0.2755609588
2903,0.8125,0.875,336.4576129,336.4576129,4,2720,2706,1,1,1,0,0,1,148.8168272,-6.298657552,255.5334815,0.0003348888116,0,157.7291391,142,142,0.006719670208,0.006719670208,5.231334664
2904,0.75,0.8125,275.0915307,275.0915307,4,2720,2658,1,0,0,0,0,1,2346.800138,0,0,0,0,0,76,39,0.0004261121277,0.0004261121265,0.07485849689
2905,0.6875,0.875,291.0101751,291.0101751,4,2720,2705,1,1,1,0,0,1,192125.778,15.51979255,9425.33787,0.0001,0,80.91387675,5,5,5.204923621e-06,5.204923621e-06,0.07763104278
2906,0.875,0.0625,8.083195435,8.083195435,4,2714,2701,0,0,0,0,0,0,1e+300,0,1e+300,0,0,0,0,0,0,0,0
2907,0.8125,0,24.2495863,24.2495863,4,2714,2665,0,0,0,0,0,0,1e+300,0,1e+300,0,0,0,0,0,0,0,0
2908,0.9375,0,8.083195435,8.083195435,4,2649,2714,0,0,0,0,0,0,1e+300,0,1e+300,0,0,0,0,0,0,0,0
2909,0.9375,0.25,135.0199725,141.6745835,4,2670,2722,0,0,0,0,0,0,5.771007155e+11,-8.424066493e-07,2986.065703,0.0003348888116,0,0,2,0,1.732799792e-12,0,1.732799792
2910,0.875,0.1875,45.00665733,96.03330768,4,2722,2701,0,0,0,0,0,0,3.344360272e+12,-4.069521964e-07,2986.065716,0.0003348888116,0,0,1,0,2.990108477e-13,0,0.2990108477
2911,0.8125,0.25,45.00665733,45.00665733,4,2722,2659,0,0,0,0,0,0,1e+300,0,1e+300,0,0,0,0,0,0,0,0
2912,0.875,0.3125,135.019973,107.7564288,4,2722,2700,0,0,0,0,0,0,1.402775862e+12,-1.734987052e-07,2986.065712,0.0003348888116,0,0,1,0,7.128722609e-13,0,0.7128722609
2913,0.9375,0.5,191.4447381,191.4447381,4,2655,2715,1,1,1,0,0,1,2767.206867,20.62866021,1436.236751,0.0003348888116,0,51.4295454,25,25,0.0003613752235,0.0003613752235,1.7876378
2914,0.875,0.4375,88.02925157,88.02925157,4,2715,2700,1,0,0,0,0,1,9441.122635,0,0,0,0,0,8,5,0.0001059196071,0.0001059196068,0.3549853801
2915,0.8125,0.5,119.4001885,119.4001885,4,2715,2669,1,0,0,0,0,1,3500.403988,0,0,0,0,0,33,18,0.0002856813109,0.0002856813076,1.401669866
2916,0.875,0.5625,163.8182406,163.8182406,4,2715,2707,1,1,1,0,0,1,242.2855444,4.034688668,238.1217024,0.0003348888116,0,65.38447255,99,99,0.004127361385,0.004127361385,11.48806997
2917,0.9375,0.75,329.5963662,329.5963662,4,2671,2725,1,1,1,0,0,1,38.76276651,-1.571991229,109.1302637,0.0003348888116,0,28.37112338,925,925,0.02579795226,0.02579795226,1.880861924
2918,0.875,0.6875,285.2456683,285.2456683,4,2725,2707,1,1,1,0,0,1,115.8668402,6.444801239,684.0529824,0.0003348888116,0,34.3915648,480,480,0.00863059697,0.00863059697,1.04856848
2919,0.8125,0.75,303.9911626,303.9911626,4,2725,2658,1,1,1,0,0,1,8.932707789,-6.86561661,13.01682504,0.0003348888116,0,31.7354661,1060,1060,0.1119481375,0.1119481375,3.634263911
2920,0.875,0.8125,387.6208495,387.6208495,4,2725,2706,1,1,1,0,0,1,147.6021917,-420.352244,10.22988735,6.055411474e-05,0,26.43066048,249,249,0.006774967149,0.006774967149,1.128346186
2921,0.9375,1,496.6174794,496.6174794,4,2650,2719,1,1,1,0,0,1,2045.510441,55.88782792,1902.209008,0.0003348888116,0,395.1022941,54,54,0.0004888755296,0.0004888755296,2.852567549
2922,0.875,0.9375,385.5496305,385.5496305,4,2719,2706,1,1,1,0,0,1,61.50808156,-12.72055811,184.7984236,0.0003348888116,0,51.77979585,287,287,0.01625802618,0.01625802618,4.139783455
2923,0.8125,1,380.7239393,380.7239393,4,2719,2666,1,1,1,0,0,1,2162.27257,-392.7271596,52.33167616,6.055411474e-05,0,95.23585833,83,83,0.0004624763842,0.0004624763842,2.12262011
2924,0.9375,0.125,45.00665758,45.00665758,4,2723,2701,0,0,0,0,0,0,1e+300,0,1e+300,0,0,0,0,0,0,0,0
2925,1,0.0625,45.00665758,45.00665758,4,2723,2649,0,0,0,0,0,0,1e+300,0,1e+300,0,0,0,0,0,0,0,0
2926,1,0.1875,135.0199727,135.0199727,4,2670,2723,0,0,0,0,0,0,1e+300,0,1e+300,0,0,0,0,0,0,0,0
2927,0.9375,0.375,225.0332888,225.0332888,4,2724,2700,0,0,0,0,0,0,1e+300,-1.236148336e-06,9999.999947,0,0,0,0,0,0,0,0
2928,1,0.3125,225.0332883,225.0332883,4,2724,2670,0,0,0,0,0,0,1e+300,0,1e+300,0,0,0,0,0,0,0,0
2929,1,0.4375,315.0466045,235.4184863,4,2655,2724,0,0,0,0,0,0,6.390020045e+13,-2.352879847e-08,2986.065718,0.0003348888116,0,0,1,0,1.564940318e-14,0,0.01564940318
2930,0.9375,0.625,246.6872368,246.6872368,4,2726,2707,1,1,1,0,0,1,239.3233915,4.242487677,221.5656306,0.0003348888116,0,34.81215046,412,412,0.004178446552,0.004178446552,4.887319778
2931,1,0.5625,261.6176261,261.6176261,4,2726,2655,1,1,1,0,0,1,958607.7222,32.78824721,9619.351175,0.0001,0,62.51353722,4,4,1.043179579e-06,1.043179579e-06,0.01593963688
2932,1,0.6875,271.0466158,271.0466158,4,2671,2726,1,1,1,0,0,1,1193.389356,-20.24682547,852.6324526,0.0003348888116,0,25.58751202,56,56,0.0008379494884,0.0008379494884,4.029448213
2933,0.9375,0.875,457.8198086,457.8198086,4,2727,2706,1,1,1,0,0,1,636.4875337,-442.646956,13.33896009,6.055411474e-05,0,116.3160054,147,147,0.001571122681,0.001571122681,0.6451082501
2934,1,0.8125,421.9604641,421.9604641,4,2727,2671,1,1,1,0,0,1,2253.075818,-454.0466117,58.85848303,4.724427623e-05,0,69.00712407,35,35,0.0004438377049,0.0004438377049,0.3456242865
2935,1,0.9375,493.9441711,493.9441711,4,2650,2727,1,1,1,0,0,1,919.1969936,35.83744346,2555.416126,9.144131583e-05,0,110.0212153,99,99,0.001087906082,0.001087906082,0.9129777869
2936,0.15625,0.59375,-57.08159318,-57.08159318,5,2680,2743,1,1,1,0,0,1,5701.504951,-221.031034,2895.136083,4.724427623e-05,0,230.6350433,3,3,0.0001753922883,0.0001753922883,0.2180800263
2937,0.21875,0.59375,105.3192544,105.3192544,5,2743,2690,1,0,0,0,0,1,4126.913748,0,0,0,0,0,18,11,0.0002423118246,0.0002423118242,0.4525834314
2938,0.21875,0.53125,-0.1340408412,-0.1340408412,5,2743,2661,1,1,1,0,0,1,35.33133027,0.8897853979,77.53987884,0.0003979754421,0,78.48463772,389,389,0.02830349133,0.02830349133,30.8054291
2939,0.15625,0.53125,-111.8272301,-111.8272301,5,2743,2689,1,1,1,0,0,1,192.1979936,959.8414375,274.4795474,4.724427623e-05,0,487.1168862,126,126,0.005202967946,0.005202967946,0.06831205602
2940,0.21875,0.625,100.9445841,100.9445841,5,2690,2791,1,0,0,0,0,1,739699.2729,0,0,0,0,0,3,2,1.351900748e-06,1.351900744e-06,0.009026093958
2941,0.1875,0.59375,-52.55768948,-2.918952756,5,2791,2743,0,0,0,0,0,0,1.986268335e+14,-7.963247839e-10,2512.717857,0.0003979754421,0,0,1,0,5.034566491e-15,0,0.005034566491
2942,0.15625,0.625,-51.0156971,-51.0156971,5,2791,2680,1,0,0,0,0,1,4393.778532,0,0,0,0,0,2,1,0.0002275945391,0.0002275945386,0.2671042606
2943,0.21875,0.71875,-19.68819094,-19.68819094,5,2657,2742,0,0,0,0,0,0,1e+300,5.886611149,2190.654679,0,0,0,0,0,0,0,0
2944,0.21875,0.65625,92.14106441,92.14106441,5,2742,2690,1,0,0,0,0,1,11149.55203,0,0,0,0,0,3,2,8.96897021e-05,8.96897015e-05,0.5355894962
2945,0.15625,0.65625,-59.81921674,-59.81921674,5,2742,2680,1,0,0,0,0,1,1069.756733,0,0,0,0,0,12,9,0.000934791966,0.0009347919654,0.3576710459
2946,0.15625,0.71875,-52.55901391,-52.55901391,5,2742,2684,1,1,1,0,0,1,3154592.469,187.3596412,116734.249,8.242443043e-06,0,283.7663779,1,1,3.169981574e-07,3.169981574e-07,0.0001241455296
2947,0.1875,0.65625,-52.35180084,-34.45663271,5,2791,2742,0,0,0,0,0,0,14621.76578,-22.19542121,2144.235727,0.0003979754421,0,0,2,1,6.839119263e-05,6.839119259e-05,0.03902558713
2948,0.84375,0.90625,376.1823982,376.1823982,5,2706,2899,1,0,0,0,0,1,22.02508439,0,0,0,0,0,36,20,0.04540277723,0.04540277723,3.346288646
2949,0.78125,0.90625,329.3557899,329.3557899,5,2899,2720,1,0,0,0,0,1,37804.25976,0,0,0,0,0,9,7,2.645204552e-05,2.645204546e-05,0.05204483756
2950,0.78125,0.96875,365.3054272,365.3054272,5,2899,2666,1,0,0,0,0,1,1e+300,0,0,0,0,0,0,0,0,0,0
2951,0.84375,0.96875,406.0159211,406.0159211,5,2899,2719,1,1,1,0,0,1,147.3467778,9.440545049,160.9913104,0.0003979754421,0,371.3778839,10,10,0.006786711014,0.006786711014,0.9710725208
2952,0.75,0.96875,355.3519194,355.3519194,5,2666,2902,0,0,0,0,0,0,1e+300,0,1e+300,0,0,0,0,0,0,0,0
2953,0.78125,0.9375,252.2106045,-51.33417758,5,2902,2899,0,0,0,0,0,0,1445.417292,-403.2032067,917.585101,0.0003979754421,0,0,4,4,0.00069184173,0.00069184173,0.2324512853
2954,0.75,0.90625,240.9252389,305.0323512,5,2902,2720,0,0,0,0,0,0,8.842149706e+14,-1.680609785e-08,2512.717857,0.0003979754421,0,0,1,0,1.130946696e-15,0,0.001130946696
2955,0.65625,0.90625,349.8532993,349.8532993,5,2705,2851,0,0,0,0,0,0,1e+300,109.175554,9418.465582,0,0,0,0,0,0,0,0
2956,0.65625,0.96875,264.7098883,264.7098883,5,2851,2721,0,0,0,0,0,0,1e+300,0,1e+300,0,0,0,0,0,0,0,0
2957,0.71875,0.96875,391.6612729,391.6612729,5,2851,2666,0,0,0,0,0,0,1e+300,-1.177334923e-06,9999.999949,0,0,0,0,0,0,0,0
2958,0.71875,0.90625,277.2345923,302.2106344,5,2851,2720,0,0,0,0,0,0,8438367.563,-3.928108606,2511.96986,0.0003979754421,0,0,2,1,1.185063334e-07,1.18506321e-07,0.0002793275001
2959,0.71875,0.9375,334.4479326,327.9616614,5,2902,2851,0,0,0,0,0,0,3.954153753e+13,7.48039497e-08,2512.717857,0.0003979754421,0,0,1,0,2.528986131e-14,0,0.02528986131
2960,0.78125,0.78125,321.8606002,321.8606002,5,2658,2898,1,1,1,0,0,1,55.5474372,18.16838632,80.23274369,0.0003979754421,0,203.9970294,321,321,0.01800263073,0.01800263073,1.927984911
2961,0.78125,0.84375,289.1965635,289.1965635,5,2898,2720,1,0,0,0,0,1,290.3782559,0,0,0,0,0,86,41,0.003443784029,0.003443784023,0.4961832544
2962,0.84375,0.84375,336.0231718,336.0231718,5,2898,2706,1,0,0,0,0,1,82.21934229,0,0,0,0,0,372,172,0.01216258817,0.01216258815,0.7001392822
2963,0.84375,0.78125,309.0380453,309.0380453,5,2898,2725,1,1,1,0,0,1,13.83922823,-16.53512189,21.09713398,0.0003979754421,0,138.8963394,581,581,0.07225836463,0.07225836463,3.565341307
2964,0.75,0.84375,137.7839239,219.4543049,5,2720,2904,0,0,0,0,0,0,12098.98697,-60.00961461,2080.615573,0.0003979754421,0,0,1,1,8.265154778e-05,8.265154778e-05,0.1948153077
2965,0.78125,0.8125,45.92797465,-297.3156956,5,2904,2898,0,0,0,0,0,0,62.46644758,-583.3299681,60.95119407,0.0003979754421,0,0,51,26,0.01600859403,0.01600859403,0.2143786102
2966,0.75,0.78125,307.712621,307.712621,5,2904,2658,1,1,1,0,0,1,1443.488201,35.79383507,916.8072929,0.0003979754421,0,229.554948,26,26,0.0006927663138,0.0006927663138,3.268831094
2967,0.71875,0.78125,282.0789238,282.0789238,5,2658,2848,1,0,0,0,0,1,1433.057498,0,0,0,0,0,42,27,0.0006978087072,0.0006978087038,2.313484546
2968,0.65625,0.78125,244.3459852,244.3459852,5,2848,2709,1,0,0,0,0,1,153.3570823,0,0,0,0,0,186,91,0.00652072917,0.006520729137,5.184020862
2969,0.65625,0.84375,246.7119843,88.43510371,5,2848,2705,0,0,0,0,0,0,769.550867,-207.0667488,589.124282,0.0003979754421,0,0,11,6,0.00129945926,0.001299459259,1.928174614
2970,0.71875,0.84375,288.9406617,288.9406617,5,2848,2720,1,0,0,0,0,1,50307864.07,0,0,0,0,0,5,1,1.987760798e-08,1.987641477e-08,0.0004966417411
2971,0.71875,0.8125,315.6209127,315.6209127,5,2904,2848,1,1,1,0,0,1,9450.118482,291.4584319,11219.92976,4.724427623e-05,0,152.7116326,8,8,0.0001058187791,0.0001058187791,0.7764768484
2972,0.65625,0.65625,213.7986387,213.7986387,5,2704,2842,1,0,0,0,0,1,21.2547101,0,0,0,0,0,563,286,0.04704839518,0.04704839515,1.405065314
2973,0.65625,0.71875,258.9825272,258.9825272,5,2842,2709,1,1,1,0,0,1,11.1434614,49.85035237,13.67088024,0.0003979754421,0,117.4928601,362,362,0.08973872337,0.08973872337,7.759544397
2974,0.71875,0.71875,264.0104114,264.0104114,5,2842,2658,1,1,1,0,0,1,130.2432955,15.17695168,138.5817723,0.0003979754421,0,135.9047898,125,125,0.007677938402,0.007677938402,6.168021329
2975,0.71875,0.65625,232.5922896,232.5922896,5,2842,2718,1,0,0,0,0,1,9.981418163,0,0,0,0,0,1391,722,0.1001861643,0.1001861641,7.535443395
2976,0.75,0.65625,84.44792151,14.98963321,5,2718,2892,0,0,0,0,0,0,1.607194856,-227.5345538,1.606167513,0.0003979754421,0,0,1498,762,0.622202091,0.6222020908,12.41111456
2977,0.71875,0.6875,237.776087,237.776087,5,2892,2842,1,1,1,0,0,1,206.5646239,-0.9361352923,190.8733728,0.0003979754421,0,131.3309826,20,20,0.004841099995,0.004841099995,0.677194435
2978,0.75,0.71875,258.4304032,258.4304032,5,2892,2658,1,0,0,0,0,1,334.8645885,0,0,0,0,0,206,100,0.002986281722,0.002986281685,15.37681109
2979,0.78125,0.71875,267.2700471,267.2700471,5,2658,2893,1,0,0,0,0,1,554.4003617,0,0,0,0,0,155,66,0.001803750627,0.001803750612,5.46920386
2980,0.84375,0.71875,305.9406508,305.9406508,5,2893,2725,1,0,0,0,0,1,29.84562082,0,0,0,0,0,1087,537,0.03350575302,0.03350575291,15.6378621
2981,0.84375,0.65625,252.5536698,252.5536698,5,2893,2707,1,0,0,0,0,1,93.84181276,0,0,0,0,0,603,306,0.01065623064,0.0106562306,17.01218049
2982,0.78125,0.65625,252.3957312,252.3957312,5,2893,2718,1,1,1,0,0,1,4.340271977,1.02780882,4.332787851,0.0003979754421,0,39.21289695,1042,1042,0.2304003079,0.2304003079,102.8349019
2983,0.78125,0.6875,234.6733712,234.6733712,5,2892,2893,1,1,1,0,0,1,8.124149192,-23.03393092,8.176786818,0.0003979754421,0,109.0878032,37,37,0.1230898124,0.1230898124,3.119761644
2984,0.71875,0.875,220.0212521,403.1363439,5,2720,2905,0,0,0,0,0,0,2994.453514,115.7429337,1366.257977,0.0003979754421,0,0,5,1,0.0003339507511,0.0003339507508,0.7871445861
2985,0.6875,0.84375,210.4026309,130.7184944,5,2905,2848,0,0,0,0,0,0,503.9933638,-163.0806741,419.7926259,0.0003979754421,0,0,6,4,0.00198415311,0.00198415311,2.583740224
2986,0.65625,0.875,292.639959,104.9100253,5,2905,2705,0,0,0,0,0,0,789.6160787,-188.3700461,600.8121709,0.0003979754421,0,0,6,4,0.001266438244,0.001266438242,1.71338542
2987,0.6875,0.90625,313.5439458,231.6644845,5,2905,2851,0,0,0,0,0,0,16428.50706,-78.6582358,2179.384028,0.0003979754421,0,0,1,1,6.086980371e-05,6.086980371e-05,0.1434742586
2988,0.65625,0.75,114.4183699,114.4183699,5,2709,2869,1,1,1,0,0,1,663.1406766,-590.1271555,582.279188,4.724427623e-05,0,72.1322169,6,6,0.001507975661,0.001507975661,0.3648906471
2989,0.6875,0.78125,245.6779529,245.6779529,5,2869,2848,1,1,1,0,0,1,2418.268978,36.59941249,1232.294432,0.0003979754421,0,183.6073621,16,16,0.0004135189299,0.0004135189299,1.97819021
2990,0.71875,0.75,197.1119501,197.1119501,5,2869,2658,1,1,1,0,0,1,3370.750986,20.77510096,3311.289022,4.724427623e-05,0,125.8439304,8,8,0.0002966697938,0.0002966697938,0.3231158479
2991,0.6875,0.71875,219.5513409,219.5513409,5,2869,2842,1,1,1,0,0,1,239.8754877,44.09160145,218.971473,0.0003979754421,0,63.42675413,144,144,0.004168829461,0.004168829461,8.619613877
2992,0.65625,0.59375,194.7925502,194.7925502,5,2704,2843,1,0,0,0,0,1,14.46270559,0,0,0,0,0,963,487,0.0691433559,0.06914335582,5.656209843
2993,0.71875,0.59375,213.586201,213.586201,5,2843,2718,1,0,0,0,0,1,6.935600191,0,0,0,0,0,2328,1133,0.1441836283,0.1441836281,7.842220133
2994,0.71875,0.53125,124.9002743,40.02707072,5,2843,2669,0,0,0,0,0,0,1.999763173,-135.7127936,1.998172914,0.0003979754421,0,0,1136,561,0.5000592137,0.5000592136,6.436566468
2995,0.65625,0.53125,178.1417707,178.1417707,5,2843,2717,1,0,0,0,0,1,52.03838987,0,0,0,0,0,338,176,0.01921658227,0.01921658224,2.857769426
2996,0.71875,0.625,84.44792151,-34.66705185,5,2718,2891,0,0,0,0,0,0,4.097516729,-268.6096947,4.090845741,0.0003979754421,0,0,301,152,0.2440502544,0.2440502544,1.656894188
2997,0.6875,0.59375,211.1160677,211.1160677,5,2891,2843,1,0,0,0,0,1,13.4070222,0,0,0,0,0,1151,595,0.07458777835,0.07458777827,3.127134567
2998,0.65625,0.625,324.6068383,324.6068383,5,2891,2704,1,1,1,0,0,1,494.7308092,-91.38222352,267.7022983,0.0001877191948,0,84.61134977,170,170,0.002021301244,0.002021301244,0.1262574826
2999,0.6875,0.65625,227.4807116,227.4807116,5,2891,2842,1,1,1,0,0,1,32.47658965,3.096378891,40.74227199,0.0003979754421,0,87.36633538,495,495,0.03079141039,0.03079141039,6.850474161
3000,0.53125,0.53125,175.9203291,175.9203291,5,2651,2840,1,0,0,0,0,1,37.91175228,0,0,0,0,0,860,416,0.02637704511,0.02637704506,13.20967425
3001,0.53125,0.59375,165.0542047,165.0542047,5,2840,2710,1,1,1,0,0,1,96.84650507,-39.48456756,93.79270687,0.0003979754421,0,102.2087401,234,234,0.01032561783,0.01032561783,15.55681327
3002,0.59375,0.59375,192.4307231,192.4307231,5,2840,2704,1,0,0,0,0,1,6.626080435,0,0,0,0,0,1606,839,0.1509187837,0.1509187836,9.263843861
3003,0.59375,0.53125,175.7799437,175.7799437,5,2840,2717,1,0,0,0,0,1,13.73156545,0,0,0,0,0,629,284,0.07282490871,0.07282490867,3.958430116
3004,0.625,0.53125,151.4504558,151.4504558,5,2717,2866,1,1,1,0,0,1,221.4431851,-7.122726744,203.5082192,0.0003979754421,0,272.4241714,53,53,0.004515831001,0.004515831001,0.7373725257
3005,0.59375,0.5625,162.2229446,162.2229446,5,2866,2840,1,1,1,0,0,1,6.372180873,-6.605056594,6.356062079,0.0003979754421,0,75.86175689,631,631,0.156932143,0.156932143,1.721545369
3006,0.625,0.59375,153.2457171,153.2457171,5,2866,2704,1,1,1,0,0,1,18.8904429,-21.97033338,18.74948553,0.0003979754421,0,43.83454608,347,347,0.05293682131,0.05293682131,1.824632813
3007,0.65625,0.5625,181.2550453,181.2550453,5,2866,2843,1,1,1,0,0,1,138.9843666,10.06692328,131.6997421,0.0003979754421,0,106.3045852,144,144,0.007195053837,0.007195053837,5.11002771
3008,0.65625,0.40625,143.5117295,143.5117295,5,2699,2836,1,0,0,0,0,1,552481.0836,0,0,0,0,0,6,1,1.810016722e-06,1.810016151e-06,0.005245151936
3009,0.65625,0.46875,157.3868877,157.3868877,5,2836,2717,1,0,0,0,0,1,1418.365398,0,0,0,0,0,39,17,0.0007050369399,0.0007050369372,2.13448148
3010,0.71875,0.46875,154.9851244,154.9851244,5,2836,2669,1,0,0,0,0,1,179.483678,0,0,0,0,0,168,84,0.005571537263,0.005571537256,2.719191034
3011,0.71875,0.40625,-17.06491039,73.13832594,5,2836,2716,0,0,0,0,0,0,345.0127068,-32.38259363,303.359456,0.0003979754421,0,0,15,7,0.002898443971,0.002898443969,1.034225028
3012,0.625,0.46875,174.7647832,174.7647832,5,2717,2864,1,1,1,0,0,1,5385.056168,-414.769367,5067.259797,4.724427623e-05,0,51.04132227,8,8,0.0001856990844,0.0001856990844,0.7194430483
3013,0.65625,0.4375,102.8854284,102.8854284,5,2864,2836,1,1,1,0,0,1,2505.841445,-75.21949547,1254.637467,0.0003979754421,0,190.7222474,14,14,0.0003990675476,0.0003990675476,1.174828918
3014,0.625,0.40625,172.3839317,172.3839317,5,2864,2699,1,0,0,0,0,1,1e+300,0,0,0,0,0,0,0,0,0,0
3015,0.53125,0.46875,150.0339035,150.0339035,5,2651,2835,1,0,0,0,0,1,3.729115779,0,0,0,0,0,318,167,0.2681600838,0.2681600838,1.14536278
3016,0.59375,0.46875,119.5293655,119.5293655,5,2835,2717,1,1,1,0,0,1,38.04167782,-30.22714283,38.52281869,0.0003979754421,0,355.6730464,567,567,0.02628695834,0.02628695834,2.533082668
3017,0.59375,0.40625,136.0183598,136.0183598,5,2835,2699,1,0,0,0,0,1,1035.133688,0,0,0,0,0,19,11,0.0009660587922,0.0009660587918,0.06462447101
3018,0.53125,0.40625,126.68498,126.68498,5,2835,2698,1,0,0,0,0,1,2.838917434,0,0,0,0,0,537,275,0.3522469474,0.3522469473,1.799710552
3019,0.59375,0.4375,84.7199745,84.7199745,5,2864,2835,1,1,1,0,0,1,26.97164491,-85.90138388,26.68520452,0.0003979754421,0,139.051728,313,313,0.0370759738,0.0370759738,0.9262477788
3020,0.15625,0.5,-90.61134598,-90.61134598,5,2689,2765,1,0,0,0,0,1,608.9736568,0,0,0,0,0,39,22,0.001642107157,0.001642107156,0.1665475344
3021,0.1875,0.53125,-14.4110316,-14.4110316,5,2765,2743,1,0,0,0,0,1,1e+300,0,0,0,0,0,0,0,0,0,0
3022,0.21875,0.5,1.490199729,1.490199729,5,2765,2661,1,0,0,0,0,1,379.3158771,0,0,0,0,0,80,45,0.002636325185,0.002636325183,2.520020933
3023,0.15625,0.40625,-127.315829,-127.315829,5,2673,2738,1,0,0,0,0,1,1168.494394,0,0,0,0,0,20,11,0.0008558021376,0.0008558021367,0.766280051
3024,0.15625,0.46875,-65.62399891,-65.62399891,5,2738,2689,1,1,1,0,0,1,399.5200678,-174.7962977,531.3277725,0.0002617449772,0,121.3747424,161,161,0.00250300318,0.00250300318,1.239391968
3025,0.21875,0.46875,-19.36250673,-19.36250673,5,2738,2661,1,0,0,0,0,1,19.72801349,0,0,0,0,0,1010,501,0.05068934083,0.05068934078,7.021681502
3026,0.21875,0.40625,-31.67706514,-31.67706514,5,2738,2692,1,0,0,0,0,1,8.323019137,0,0,0,0,0,1717,885,0.1201487085,0.1201487084,5.753167145
3027,0.1875,0.46875,-52.48646141,-52.48646141,5,2765,2738,1,0,0,0,0,1,1012.062817,0,0,0,0,0,25,10,0.0009880809602,0.0009880809598,0.2071253078
3028,0.59375,0.84375,298.6442171,15.5431887,5,2705,2849,0,0,0,0,0,0,1621.001489,-265.4601688,985.3400889,0.0003979754421,0,0,6,4,0.0006169025795,0.0006169025788,0.746969935
3029,0.59375,0.78125,229.6233138,229.6233138,5,2849,2709,1,0,0,0,0,1,47.2111298,0,0,0,0,0,339,173,0.02118144608,0.02118144604,6.101226041
3030,0.53125,0.78125,252.21699,252.21699,5,2849,2667,1,0,0,0,0,1,1e+300,0,0,0,0,0,0,0,0,0,0
3031,0.53125,0.84375,266.3740027,441.2049759,5,2849,2708,0,0,0,0,0,0,1532.281677,180.9932705,951.839796,0.0003979754421,0,0,3,2,0.000652621522,0.0006526215219,0.782448776
3032,0.53125,0.75,169.4695421,169.4695421,5,2667,2867,1,0,0,0,0,1,1e+300,0,0,0,0,0,0,0,0,0,0
3033,0.5625,0.78125,227.6757994,-390.7051891,5,2867,2849,0,0,0,0,0,0,399.4157673,-574.5719446,344.6336125,0.0003979754421,0,0,72,43,0.002503656795,0.002503656794,0.4047872601
3034,0.59375,0.75,318.5135911,318.5135911,5,2867,2709,1,1,1,0,0,1,1361.856928,-187.2224532,1648.570401,4.724427623e-05,0,81.83794249,34,34,0.0007342915249,0.0007342915249,0.08189456258
3035,0.59375,0.65625,205.7283683,205.7283683,5,2704,2841,1,0,0,0,0,1,2.436256838,0,0,0,0,0,1710,827,0.410465754,0.4104657537,8.249599816
3036,0.53125,0.65625,138.2934443,138.2934443,5,2841,2710,1,1,1,0,0,1,356.0729461,-79.40622593,311.8773413,0.0003979754421,0,171.2356723,21,21,0.002808413306,0.002808413306,3.306976272
3037,0.53125,0.71875,225.2905486,225.2905486,5,2841,2667,1,0,0,0,0,1,6442.669492,0,0,0,0,0,13,8,0.0001552151637,0.0001552151626,0.4497623487
3038,0.59375,0.71875,202.6968725,202.6968725,5,2841,2709,1,0,0,0,0,1,8.727515807,0,0,0,0,0,869,453,0.1145801419,0.1145801418,2.955590804
3039,0.5625,0.71875,273.5562667,273.5562667,5,2867,2841,1,1,1,0,0,1,134.2597171,116.9625326,127.4498096,0.0003979754421,0,92.70518572,202,202,0.007448250462,0.007448250462,1.154211928
3040,0.84375,0.40625,176.6533982,176.6533982,5,2700,2883,0,0,0,0,0,0,1e+300,-154.9396895,215.4633471,0,0,0,0,0,0,0,0
3041,0.78125,0.40625,66.80328514,66.80328514,5,2883,2716,1,0,0,0,0,1,1456.950719,0,0,0,0,0,15,12,0.0006863650133,0.000686365013,0.5943353902
3042,0.78125,0.46875,116.2748122,116.2748122,5,2883,2669,1,0,0,0,0,1,111.2858847,0,0,0,0,0,264,136,0.008985865572,0.008985865563,0.7640631758
3043,0.84375,0.46875,74.95317876,74.95317876,5,2883,2715,1,0,0,0,0,1,3.027649878e+12,0,0,0,0,0,2,0,3.302891815e-13,0,0.3302891815
3044,0.78125,0.375,-43.0408449,41.97743359,5,2716,2887,0,0,0,0,0,0,1434.770928,-17.78535803,913.2830332,0.0003979754421,0,0,4,3,0.0006969753712,0.0006969753709,0.3654327459
3045,0.8125,0.40625,102.2975728,102.2975728,5,2887,2883,0,0,0,0,0,0,1e+300,14.37613371,247.8231494,0,0,0,0,0,0,0,0
3046,0.84375,0.375,105.6708059,105.6708059,5,2887,2700,0,0,0,0,0,0,1e+300,0,1e+300,0,0,0,0,0,0,0,0
3047,0.78125,0.28125,45.00665783,81.53557952,5,2659,2882,0,0,0,0,0,0,4.425291973e+11,-3.272660223e-07,2512.717842,0.0003979754421,0,0,5,0,2.259737902e-12,0,2.259737902
3048,0.78125,0.34375,-13.69167732,72.66142194,5,2882,2716,0,0,0,0,0,0,84813.24247,-1.325377299,2440.416894,0.0003979754421,0,0,7,1,1.179061159e-05,1.179060781e-05,0.007479395468
3049,0.84375,0.34375,135.0199735,135.0199735,5,2882,2700,0,0,0,0,0,0,1e+300,167.1195853,657.5203161,0,0,0,0,0,0,0,0
3050,0.84375,0.28125,90.01331516,90.01331516,5,2882,2722,0,0,0,0,0,0,1e+300,0,1e+300,0,0,0,0,0,0,0,0
3051,0.8125,0.34375,60.66414808,65.3737829,5,2887,2882,0,0,0,0,0,0,1327.746427,-6.568675078,868.7106321,0.0003979754421,0,0,2,1,0.0007531558587,0.0007531558582,0.4777656076
3052,0.53125,0.625,145.8541926,145.8541926,5,2710,2845,1,1,1,0,0,1,1064.291888,-74.78492043,792.2564391,0.0003979754421,0,62.74111697,18,18,0.0009395918648,0.0009395918648,1.064636865
3053,0.5625,0.65625,193.2481127,193.2481127,5,2845,2841,1,1,1,0,0,1,22.4825658,-23.7455417,23.06613086,0.0003979754421,0,74.08423543,432,432,0.04447890907,0.04447890907,1.258076069
3054,0.59375,0.625,169.6175989,169.6175989,5,2845,2704,1,1,1,0,0,1,13.24634485,-41.54276996,13.17688003,0.0003979754421,0,79.12335179,243,243,0.07549252351,0.07549252351,0.600562581
3055,0.5625,0.59375,147.65419,147.65419,5,2845,2840,1,1,1,0,0,1,32.99931255,-57.11386157,32.57155302,0.0003979754421,0,166.6295145,448,448,0.03030366159,0.03030366159,1.433686882
3056,0.15625,0.09375,-211.7061585,-379.0254164,5,2672,2731,0,0,0,0,0,0,0.555649687,-128.1578959,0.5555268406,0.0003979754421,0,0,901,444,1.799695066,1.799695066,4.038910042
3057,0.21875,0.09375,-106.8462745,-106.8462745,5,2731,2686,1,0,0,0,0,1,100.5642037,0,0,0,0,0,19,9,0.009943896166,0.009943896166,0.07736613966
3058,0.21875,0.03125,-215.097955,-215.097955,5,2731,2664,1,1,1,0,0,1,72948.53675,223.6682382,19463.73908,4.724427623e-05,0,281.2038262,1,1,1.370829416e-05,1.370829416e-05,0.02262552277
3059,0.15625,0.03125,-539.6394292,-43.06006086,5,2731,2687,0,0,0,0,0,0,2.090387607,249.9326925,2.088650011,0.0003979754421,0,0,250,128,0.4783801801,0.4783801801,1.316986482
3060,0.25,0.03125,-723.0985462,-723.0985462,5,2664,2774,0,0,0,0,0,0,1e+300,0,1e+300,0,0,0,0,0,0,0,0
3061,0.21875,0.0625,-511.3923877,-511.3923877,5,2774,2731,0,0,0,0,0,0,1e+300,0,1e+300,0,0,0,0,0,0,0,0
3062,0.25,0.09375,-475.6463704,-75.16251373,5,2774,2686,0,0,0,0,0,0,1.511158757e+12,4.374669516e-09,2512.717853,0.0003979754421,0,0,1,0,6.617438408e-13,0,0.6617438408
3063,0.34375,0.09375,-187.4565722,19.16985778,5,2675,2780,0,0,0,0,0,0,694.3993101,-10.14185438,544.0492054,0.0003979754421,0,0,18,7,0.001440093597,0.001440093594,1.442505204
3064,0.34375,0.03125,-347.59003,-133.6441107,5,2780,2688,0,0,0,0,0,0,602.8268874,-56.53307295,486.1858869,0.0003979754421,0,0,6,3,0.001658851025,0.001658851023,1.330100832
3065,0.28125,0.03125,-627.0352801,-627.0352801,5,2780,2664,0,0,0,0,0,0,1e+300,-9.276679975e-07,9999.999985,0,0,0,0,0,0,0,0
3066,0.28125,0.09375,-379.5831043,-8.874890115,5,2780,2686,0,0,0,0,0,0,49731.61717,1.625095048,2391.867414,0.0003979754421,0,0,9,3,2.010793248e-05,2.010793045e-05,0.01153873155
3067,0.28125,0.0625,-503.3091922,-64.92765519,5,2774,2780,0,0,0,0,0,0,2.011589511e+12,-3.055532716e-09,2512.717854,0.0003979754421,0,0,1,0,4.971193151e-13,0,0.4971193151
3068,0.59375,0.5,156.8271271,156.8271271,5,2717,2865,1,1,1,0,0,1,15.15020886,1.30225185,19.08146823,0.0003979754421,0,39.30991348,366,366,0.06600569071,0.06600569071,4.613298411
3069,0.5625,0.46875,118.9450964,118.9450964,5,2865,2835,1,0,0,0,0,1,82.06660044,0,0,0,0,0,797,394,0.01218522511,0.0121852251,0.3057158386
3070,0.53125,0.5,134.7173123,134.7173123,5,2865,2651,1,0,0,0,0,1,3.843853277,0,0,0,0,0,1471,736,0.2601556116,0.2601556115,1.968799131
3071,0.5625,0.53125,144.831522,144.831522,5,2865,2840,1,0,0,0,0,1,565.9538512,0,0,0,0,0,50,22,0.001766928519,0.001766928517,0.03885144511
3072,0.53125,0.375,80.98305572,44.56750579,5,2698,2839,0,0,0,0,0,0,0.9784650953,-54.72025815,0.9780842243,0.0003979754421,0,0,1322,658,1.022008863,1.022008863,14.96839733
3073,0.5625,0.40625,98.25936401,36.69189355,5,2839,2835,0,0,0,0,0,0,8.560068708,-70.17191841,8.531006153,0.0003979754421,0,0,26,17,0.1168214922,0.1168214922,0.2522855651
3074,0.59375,0.375,26.99435191,154.7362935,5,2839,2699,0,0,0,0,0,0,41.73156555,46.12861291,41.04980472,0.0003979754421,0,0,194,103,0.02396267637,0.02396267637,0.7971905638
3075,0.59375,0.34375,25.29830461,-99.4332731,5,2699,2838,0,0,0,0,0,0,475.5939943,-214.8578537,399.9025475,0.0003979754421,0,0,194,103,0.002102633784,0.002102633784,0.1303897945
3076,0.59375,0.28125,50.95784469,42.46581257,5,2838,2703,0,0,0,0,0,0,12028.82511,-18.96307745,2078.530711,0.0003979754421,0,0,12,4,8.313363866e-05,8.313363856e-05,0.06839443655
3077,0.53125,0.28125,75.89491383,91.69095534,5,2838,2663,0,0,0,0,0,0,1.429765542,20.91673569,1.428952451,0.0003979754421,0,0,395,199,0.6994153732,0.6994153731,4.40124963
3078,0.53125,0.34375,79.28700842,57.4459253,5,2838,2698,0,0,0,0,0,0,1.025781976,-48.65873871,1.025363386,0.0003979754421,0,0,1685,844,0.9748660274,0.9748660273,5.176606391
3079,0.5625,0.34375,52.29265652,112.594386,5,2839,2838,0,0,0,0,0,0,0.6574075531,26.3118859,0.6572355992,0.0003979754421,0,0,1492,750,1.521126424,1.521126423,12.9696033
3080,0.5,0.71875,189.2517178,112.042584,5,2667,2844,0,0,0,0,0,0,365.6030359,-114.7429282,319.1643014,0.0003979754421,0,0,4,3,0.002735207046,0.002735207046,1.265003652
3081,0.53125,0.6875,213.5506994,213.5506994,5,2844,2841,1,0,0,0,0,1,44331.92939,0,0,0,0,0,2,1,2.255710531e-05,2.255710531e-05,0.05845189916
3082,0.5,0.65625,152.2972913,108.7891173,5,2844,2710,0,0,0,0,0,0,827.5764537,-109.813799,622.5397943,0.0003979754421,0,0,7,2,0.001208347574,0.001208347573,0.8699220955
3083,0.40625,0.65625,51.93223277,117.8918668,5,2679,2796,0,0,0,0,0,0,28584.88229,8.431244585,2309.687687,0.0003979754421,0,0,4,1,3.498352696e-05,3.498352673e-05,0.05890895807
3084,0.40625,0.71875,103.8644655,152.1722199,5,2796,2711,0,0,0,0,0,0,1.214437544e+13,5.98428187e-08,2512.717856,0.0003979754421,0,0,1,0,8.234264536e-14,0,0.08234264536
3085,0.46875,0.71875,155.7966983,57.47082423,5,2796,2667,0,0,0,0,0,0,3277.962505,-138.392826,1422.388114,0.0003979754421,0,0,4,2,0.000305067553,0.0003050675514,0.1566031522
3086,0.46875,0.65625,118.8422718,55.2265431,5,2796,2710,0,0,0,0,0,0,811.1050996,-132.4545113,613.1729319,0.0003979754421,0,0,11,5,0.00123288585,0.001232885849,0.5062659749
3087,0.46875,0.6875,137.319485,331.0472074,5,2844,2796,0,0,0,0,0,0,4980.15256,147.4632093,1670.083369,0.0003979754421,0,0,6,3,0.0002007970615,0.0002007970605,0.1448858686
3088,0.5,0.59375,204.2062331,204.2062331,5,2710,2846,1,1,1,0,0,1,4146.81918,59.23416339,1564.641284,0.0003979754421,0,90.20731823,10,10,0.0002411486869,0.0002411486869,0.7169933103
3089,0.53125,0.5625,126.6714122,126.6714122,5,2846,2840,1,0,0,0,0,1,73.03281497,0,0,0,0,0,138,78,0.01369247509,0.01369247509,0.7480355173
3090,0.5,0.53125,33.45501949,-87.45362675,5,2846,2651,0,0,0,0,0,0,200.726222,-204.0092715,185.8775592,0.0003979754421,0,0,134,66,0.004981910137,0.00498191013,0.9967831503
3091,0.46875,0.53125,139.2750766,139.2750766,5,2651,2793,1,0,0,0,0,1,153.9000151,0,0,0,0,0,96,53,0.006497725157,0.006497725154,0.8720763643
3092,0.40625,0.53125,89.63927882,78.18253297,5,2793,2691,0,0,0,0,0,0,1635.436805,-44.34844206,990.6552669,0.0003979754421,0,0,15,8,0.0006114574387,0.0006114574379,0.8582586688
3093,0.40625,0.59375,0,0.7465640597,5,2793,2679,0,0,0,0,0,0,348.3804577,-88.74869196,305.9600548,0.0003979754421,0,0,10,5,0.002870425071,0.002870425071,0.2198671437
3094,0.46875,0.59375,167.6737747,167.6737747,5,2793,2710,1,0,0,0,0,1,1427.959315,0,0,0,0,0,15,7,0.0007003000641,0.0007003000635,0.6367168349
3095,0.46875,0.5625,176.8621438,176.8621438,5,2846,2793,1,1,1,0,0,1,1464.17954,-80.64899869,1654.312324,8.242443043e-06,0,217.6716265,8,8,0.0006829763513,0.0006829763513,0.714849784
3096,0.40625,0.40625,100.6223628,100.6223628,5,2674,2784,1,0,0,0,0,1,2.113999996,0,0,0,0,0,447,214,0.4730368977,0.4730368976,4.321827905
3097,0.40625,0.46875,128.4755457,128.4755457,5,2784,2691,1,0,0,0,0,1,1621.010836,0,0,0,0,0,36,16,0.0006168990222,0.0006168990206,0.1773727391
3098,0.46875,0.46875,145.2099156,145.2099156,5,2784,2651,1,0,0,0,0,1,268117.6889,0,0,0,0,0,5,1,3.72970543e-06,3.729705194e-06,0.0211260514
3099,0.46875,0.40625,121.8609921,121.8609921,5,2784,2698,1,0,0,0,0,1,40.52906744,0,0,0,0,0,268,130,0.02467364939,0.02467364937,0.3187946715
3100,0.5,0.40625,111.1814511,111.1814511,5,2698,2834,1,0,0,0,0,1,1.7262421,0,0,0,0,0,648,325,0.5792930204,0.5792930203,2.640889006
3101,0.46875,0.4375,113.9341707,113.9341707,5,2834,2784,1,0,0,0,0,1,1828.2146,0,0,0,0,0,47,18,0.0005469817382,0.0005469817333,1.773611304
3102,0.5,0.46875,123.3665974,123.3665974,5,2834,2651,1,1,1,0,0,1,17.6467463,-11.30041537,17.65971403,0.0003979754421,0,58.77184146,112,112,0.05666767023,0.05666767023,1.247737308
3103,0.53125,0.4375,118.7581586,118.7581586,5,2834,2835,1,0,0,0,0,1,1.277976217,0,0,0,0,0,2475,1253,0.7824871755,0.7824871751,14.17880362
3104,0.40625,0.5,134.4589182,67.99765832,5,2691,2815,0,0,0,0,0,0,164.8866639,-38.24523363,154.7329568,0.0003979754421,0,0,32,14,0.006064771865,0.006064771862,1.159372144
3105,0.4375,0.53125,44.81963941,84.13349326,5,2815,2793,0,0,0,0,0,0,2474.275886,-12.30982756,1246.674354,0.0003979754421,0,0,15,8,0.0004041586492,0.0004041586484,0.857890822
3106,0.46875,0.5,122.9795258,122.9795258,5,2815,2651,1,0,0,0,0,1,42.46723266,0,0,0,0,0,39,23,0.02354756685,0.02354756685,2.504526439
3107,0.4375,0.46875,102.3833219,102.3833219,5,2815,2784,1,0,0,0,0,1,1857.84216,0,0,0,0,0,1,1,0.0005382588582,0.0005382588582,0.03390556807
3108,0.34375,0.59375,-0.2058886426,70.1187066,5,2679,2794,0,0,0,0,0,0,277.9961555,11.77138238,250.3036503,0.0003979754421,0,0,15,6,0.003597172048,0.003597172047,0.1527258782
3109,0.34375,0.53125,91.35415083,91.35415083,5,2794,2691,1,0,0,0,0,1,1517.466544,0,0,0,0,0,16,9,0.0006589931118,0.0006589931111,0.444349297
3110,0.28125,0.53125,42.49253821,42.49253821,5,2794,2661,1,0,0,0,0,1,119.3172675,0,0,0,0,0,161,79,0.008381016602,0.008381016594,0.3045280377
3111,0.28125,0.59375,129.0988695,129.0988695,5,2794,2690,1,0,0,0,0,1,66.92722368,0,0,0,0,0,48,24,0.01494160291,0.01494160291,0.725065766
3112,0.375,0.53125,134.4589182,134.4589182,5,2691,2814,0,0,0,0,0,0,1e+300,0,1e+300,0,0,0,0,0,0,0,0
3113,0.34375,0.5625,44.61375077,32.71332615,5,2814,2794,0,0,0,0,0,0,694.114917,-59.08576963,543.874617,0.0003979754421,0,0,12,3,0.001440683633,0.001440683632,0.2001091737
3114,0.375,0.59375,44.81963941,45.88154758,5,2814,2679,0,0,0,0,0,0,42.23627807,-53.82933212,41.53806468,0.0003979754421,0,0,21,7,0.02367632864,0.02367632863,1.711176983
3115,0.40625,0.5625,44.81963941,48.61500338,5,2814,2793,0,0,0,0,0,0,214.5302838,-74.3320242,197.6549427,0.0003979754421,0,0,9,4,0.004661346559,0.004661346557,0.3153164992
3116,0.90625,0.59375,243.2901586,243.2901586,5,2707,2895,1,0,0,0,0,1,261.6070895,0,0,0,0,0,194,98,0.003822526377,0.003822526359,13.14917469
3117,0.96875,0.59375,249.2742701,249.2742701,5,2895,2726,1,0,0,0,0,1,6239.247462,0,0,0,0,0,26,12,0.0001602757394,0.0001602757382,1.394537357
3118,0.96875,0.53125,315.0466048,195.777933,5,2895,2655,0,0,0,0,0,0,11507.85667,-57.81465911,2062.397435,0.0003979754421,0,0,2,1,8.689715461e-05,8.689715436e-05,0.1422643934
3119,0.90625,0.53125,162.930917,162.930917,5,2895,2715,1,0,0,0,0,1,478.8532281,0,0,0,0,0,82,42,0.002088322562,0.002088322554,6.029958283
3120,0.96875,0.625,-139.8191295,48.20345212,5,2726,2930,0,0,0,0,0,0,1977.634145,-198.778435,1106.647458,0.0003979754421,0,0,16,8,0.0005056546999,0.0005056546995,0.7871183475
3121,0.9375,0.59375,205.0699248,205.0699248,5,2930,2895,1,1,1,0,0,1,4812.81452,-41.98213207,1650.83496,0.0003979754421,0,125.8864164,24,24,0.0002077786285,0.0002077786285,1.433247949
3122,0.90625,0.625,253.5877064,253.5877064,5,2930,2707,1,1,1,0,0,1,541.5166651,11.11469644,445.5056025,0.0003979754421,0,42.73094718,239,239,0.001846665236,0.001846665236,2.54997182
3123,0.90625,0.65625,266.4112677,266.4112677,5,2707,2894,1,1,1,0,0,1,11.52206356,-12.43726338,11.97635524,0.0003979754421,0,39.88477474,565,565,0.086790009,0.086790009,89.6830528
3124,0.90625,0.71875,309.3038891,309.3038891,5,2894,2725,1,1,1,0,0,1,8.571371138,-23.10621275,22.95813454,0.0003979754421,0,37.27909231,1105,1105,0.1166674484,0.1166674484,112.5314119
3125,0.96875,0.71875,327.2247984,327.2247984,5,2894,2671,1,0,0,0,0,1,935.0996672,0,0,0,0,0,200,105,0.001069404722,0.001069404712,6.266800114
3126,0.96875,0.65625,284.8802046,284.8802046,5,2894,2726,1,0,0,0,0,1,1202.931292,0,0,0,0,0,103,59,0.0008313026746,0.0008313026675,4.269403508
3127,0.9375,0.65625,315.662354,315.662354,5,2930,2894,1,1,1,0,0,1,196.3860751,33.3630275,182.1498206,0.0003979754421,0,40.4667349,280,280,0.005092010722,0.005092010722,6.712113619
3128,0.90625,0.90625,429.0626,429.0626,5,2706,2900,1,0,0,0,0,1,3109.951125,0,0,0,0,0,5,3,0.0003215484616,0.0003215484615,0.1861893321
3129,0.90625,0.96875,448.7737986,448.7737986,5,2900,2719,1,0,0,0,0,1,4478.405732,0,0,0,0,0,43,19,0.0002232937478,0.0002232937474,0.1259065894
3130,0.96875,0.96875,476.5385012,476.5385012,5,2900,2650,1,0,0,0,0,1,533.5412808,0,0,0,0,0,51,26,0.00187426922,0.001874269219,1.529355102
3131,0.96875,0.90625,455.7746754,455.7746754,5,2900,2727,1,1,1,0,0,1,154.6442986,-6.196466278,247.52914,0.0003979754421,0,211.4616349,73,73,0.006466452427,0.006466452427,2.195647897
3132,0.96875,0.9375,471.3872464,471.3872464,5,2935,2900,1,1,1,0,0,1,587.8080036,-13.28348554,476.3694021,0.0003979754421,0,110.2177371,117,117,0.001701235767,0.001701235767,5.830763526
3133,1,0.90625,439.5004542,439.5004542,5,2935,2727,1,1,1,0,0,1,332.440485,-69.08065111,184.7293396,0.0002617449772,0,170.3279234,29,29,0.003008057217,0.003008057217,1.380121292
3134,1,0.96875,482.2512294,482.2512294,5,2650,2935,1,0,0,0,0,1,1798.194651,0,0,0,0,0,7,2,0.0005561133215,0.0005561133204,0.2357419314
3135,0.90625,0.84375,383.4810898,383.4810898,5,2706,2901,1,0,0,0,0,1,2197.467677,0,0,0,0,0,16,5,0.0004550692648,0.0004550692635,0.07903165389
3136,0.96875,0.84375,412.89158,412.89158,5,2901,2727,1,0,0,0,0,1,482.5249559,0,0,0,0,0,38,19,0.002072431669,0.002072431667,1.073830119
3137,0.96875,0.78125,351.3174138,351.3174138,5,2901,2671,1,1,1,0,0,1,153.6545143,7.833865729,419.9874105,0.0003979754421,0,123.5133139,292,292,0.00650810687,0.00650810687,6.467749216
3138,0.90625,0.78125,365.3905104,365.3905104,5,2901,2725,1,1,1,0,0,1,42.16711887,6.172272157,96.21300871,0.0003979754421,0,76.95706918,828,828,0.0237151607,0.0237151607,5.020347751
3139,0.96875,0.8125,344.9929862,344.9929862,5,2934,2901,1,1,1,0,0,1,754.6205153,-61.54851332,580.3342738,0.0003979754421,0,119.9128019,12,12,0.001325169379,0.001325169379,0.8787050327
3140,1,0.78125,382.5373203,382.5373203,5,2934,2671,1,1,1,0,0,1,9411.050009,121.6961693,6621.427751,4.724427623e-05,0,120.5784337,13,13,0.0001062580689,0.0001062580689,0.05824581572
3141,1,0.84375,432.415703,432.415703,5,2727,2934,1,1,1,0,0,1,2681.738216,4.34571468,1297.239089,0.0003979754421,0,209.2607985,40,40,0.0003728924748,0.0003728924748,1.721530644
3142,0.96875,0.6875,100.3137851,19.58637779,5,2932,2894,0,0,0,0,0,0,63.73023484,-275.3498187,62.15382317,0.0003979754421,0,0,70,38,0.01569113942,0.01569113941,5.9447439
3143,1,0.65625,-126.3679258,154.189133,5,2932,2726,0,0,0,0,0,0,13723.1504,-104.9100651,2123.841147,0.0003979754421,0,0,6,2,7.286956499e-05,7.286956473e-05,0.09659084295
3144,1,0.71875,113.7649887,-65.24301697,5,2671,2932,0,0,0,0,0,0,376.6681826,-367.9955051,327.564699,0.0003979754421,0,0,31,16,0.002654856572,0.002654856569,1.911101315
3145,0.09375,0.84375,-95.16415768,-95.16415768,5,2681,2750,1,0,0,0,0,1,24.27762322,0,0,0,0,0,197,98,0.04119019358,0.04119019357,2.46797974
3146,0.09375,0.78125,-75.97458767,-75.97458767,5,2750,2684,1,0,0,0,0,1,2.845713475,0,0,0,0,0,786,396,0.3514057226,0.3514057225,4.516154845
3147,0.03125,0.78125,-51.61308066,-51.61308066,5,2750,2660,1,0,0,0,0,1,41.05608448,0,0,0,0,0,172,91,0.02435692572,0.0243569257,2.125267704
3148,0.03125,0.84375,75.87386363,75.87386363,5,2750,2683,1,0,0,0,0,1,233.7732021,0,0,0,0,0,102,53,0.004277650266,0.004277650256,3.624355339
3149,0,0.84375,-99.75463623,286.1323014,5,2683,2755,0,0,0,0,0,0,9860.160887,-92.70028763,2002.428282,0.0003979754421,0,0,16,6,0.0001014182234,0.000101418223,0.2115479429
3150,0.03125,0.8125,238.7152524,238.7152524,5,2755,2750,1,0,0,0,0,1,766.4058549,0,0,0,0,0,52,30,0.001304791702,0.0013047917,0.855355358
3151,0,0.78125,270.1657816,270.1657816,5,2755,2660,1,1,1,0,0,1,34343.77891,-66.22782592,1015.067287,0.0001865436551,0,75.65022857,5,5,2.911735492e-05,2.911735492e-05,0.5035046123
3152,0.96875,0.5625,163.4246934,195.8440922,5,2931,2895,0,0,0,0,0,0,31184.63231,-54.87828458,2325.351462,0.0003979754421,0,0,8,4,3.206707682e-05,3.206707603e-05,0.0637548395
3153,1,0.53125,208.4313512,256.5995838,5,2931,2655,0,0,0,0,0,0,3.735527708e+14,-2.582720526e-08,2512.717857,0.0003979754421,0,0,1,0,2.676997946e-15,0,0.002676997946
3154,1,0.59375,-94.81247168,250.5626591,5,2726,2931,0,0,0,0,0,0,2.88756916e+13,-5.86614135e-08,2512.717856,0.0003979754421,0,0,2,0,3.463120516e-14,0,0.03463120516
3155,0.96875,1,483.5878835,483.5878835,5,2650,2921,1,0,0,0,0,1,1968.535345,0,0,0,0,0,72,37,0.0005079918948,0.0005079918806,5.255035626
3156,0.9375,0.96875,422.7780073,422.7780073,5,2921,2900,1,1,1,0,0,1,6576.756762,-325.3597373,3845.567002,4.724427623e-05,0,92.14145622,3,3,0.0001520506286,0.0001520506286,0.4994448812
3157,0.90625,1,135.5852292,-390.9376165,5,2921,2719,0,0,0,0,0,0,125.7564163,-846.682257,119.7625446,0.0003979754421,0,0,37,17,0.007951880544,0.007951880542,0.3321586255
3158,0.96875,0.875,367.843142,367.843142,5,2727,2933,1,1,1,0,0,1,329.1565587,-725.4517321,22.33824606,0.0002368397728,0,127.861685,166,166,0.003038067975,0.003038067975,2.099822707
3159,0.9375,0.84375,441.8928136,441.8928136,5,2933,2901,1,1,1,0,0,1,21786.20367,-2836.551708,15.92174684,8.242443043e-06,0,109.3416577,7,7,4.590060825e-05,4.590060825e-05,0.008395583449
3160,0.90625,0.875,434.6753792,434.6753792,5,2933,2706,1,1,1,0,0,1,1833.027236,-965.3397814,48.5729641,8.242443043e-06,0,146.2132126,143,143,0.000545545631,0.000545545631,0.8353764532
3161,0.9375,0.90625,426.9985909,426.9985909,5,2933,2900,1,1,1,0,0,1,1600.445032,-848.3843103,1453.364287,4.724427623e-05,0,183.3325019,7,7,0.0006248262077,0.0006248262077,0.4076130989
3162,0.96875,0.75,334.009327,334.009327,5,2671,2917,1,1,1,0,0,1,2779.719757,1.741180879,1319.741856,0.0003979754421,0,75.58228666,19,19,0.0003597484953,0.0003597484953,0.539808703
3163,0.9375,0.71875,326.5510846,326.5510846,5,2917,2894,1,1,1,0,0,1,22.58519417,-2.34903551,35.00183108,0.0003979754421,0,29.55758017,750,750,0.04427679445,0.04427679445,53.21864934
3164,0.90625,0.75,337.5836832,337.5836832,5,2917,2725,1,0,0,0,0,1,37.09316411,0,0,0,0,0,21,14,0.02695914528,0.02695914528,1.756782425
3165,0.9375,0.78125,354.4337068,354.4337068,5,2917,2901,1,1,1,0,0,1,51.24316858,-5.306459173,50.21902544,0.0003979754421,0,70.61092804,628,628,0.01951479637,0.01951479637,9.206936212
3166,0.90625,0.40625,225.0332891,76.66473509,5,2700,2884,0,0,0,0,0,0,1730.450756,-59.77389254,1024.737622,0.0003979754421,0,0,2,1,0.000577884113,0.000577884112,0.558583701
3167,0.90625,0.46875,24.76056673,64.96516174,5,2884,2715,0,0,0,0,0,0,6165.662284,-62.78736183,1785.191415,0.0003979754421,0,0,9,5,0.0001621885783,0.0001621885781,0.2467056016
3168,0.96875,0.46875,315.0466048,214.7510303,5,2884,2655,0,0,0,0,0,0,993764.5074,-3.708378332,2506.380513,0.0003979754421,0,0,2,1,1.006274618e-06,1.006274612e-06,0.001520782754
3169,0.96875,0.40625,270.0399467,194.4080958,5,2884,2724,0,0,0,0,0,0,4.002669398e+13,2.792802434e-08,2512.717857,0.0003979754421,0,0,1,0,2.498332739e-14,0,0.02498332739
3170,0.96875,0.5,214.9102436,178.0961139,5,2655,2913,0,0,0,0,0,0,1445.936872,-46.33456853,917.7944646,0.0003979754421,0,0,2,2,0.0006915931253,0.0006915931253,1.106726936
3171,0.9375,0.46875,169.9035858,135.9193934,5,2913,2884,0,0,0,0,0,0,1124.43734,-47.50089849,776.814194,0.0003979754421,0,0,4,2,0.0008893336824,0.0008893336815,1.356016697
3172,0.90625,0.5,-75.37579447,88.42573528,5,2913,2715,0,0,0,0,0,0,2307.853696,-45.29806207,1202.966314,0.0003979754421,0,0,14,6,0.0004333030303,0.0004333030285,0.8125862971
3173,0.9375,0.53125,169.9035858,26.11633878,5,2913,2895,0,0,0,0,0,0,398.242874,-192.4371366,343.7600412,0.0003979754421,0,0,32,18,0.002511030493,0.00251103049,2.103103332
3174,0.875,0.96875,453.351273,453.351273,5,2719,2922,1,1,1,0,0,1,158.3317387,53.1281985,148.9463122,0.0003979754421,0,247.5882403,11,11,0.006315853082,0.006315853082,0.7378564662
3175,0.90625,0.9375,458.5725693,458.5725693,5,2922,2900,1,1,1,0,0,1,14772.33306,27.81601218,2157.177947,0.0003979754421,0,250.9385435,27,27,6.769411412e-05,6.769411412e-05,1.080175703
3176,0.875,0.90625,380.5780578,380.5780578,5,2922,2706,1,0,0,0,0,1,46.39259553,0,0,0,0,0,27,15,0.02155516389,0.02155516389,2.102992182
3177,0.84375,0.9375,374.4885259,374.4885259,5,2922,2899,1,1,1,0,0,1,333.9386778,-6.73790824,294.7646345,0.0003979754421,0,161.9404055,124,124,0.002994561776,0.002994561776,10.980374
3178,0.875,0.78125,343.5165502,343.5165502,5,2725,2920,1,1,1,0,0,1,833.351452,-17.59379701,625.8020591,0.0003979754421,0,29.29424874,151,151,0.00119997391,0.00119997391,2.652091171
3179,0.84375,0.8125,272.5154013,272.5154013,5,2920,2898,1,1,1,0,0,1,453.2483628,-905.2931072,332.7542813,4.724427623e-05,0,172.8148295,26,26,0.00220629589,0.00220629589,0.1537234624
3180,0.875,0.84375,381.6136674,381.6136674,5,2920,2706,1,0,0,0,0,1,694.7605484,0,0,0,0,0,35,16,0.001439344825,0.001439344822,0.7419482961
3181,0.90625,0.8125,402.8868675,402.8868675,5,2920,2901,1,1,1,0,0,1,382.5286896,-170.1276375,719.5414334,0.0002105042995,0,63.95816851,14,14,0.002614183007,0.002614183007,0.4894194582
3182,0.875,0.71875,315.4083343,315.4083343,5,2725,2918,1,0,0,0,0,1,1160.090991,0,0,0,0,0,84,43,0.0008620013494,0.0008620013432,5.948474071
3183,0.90625,0.6875,302.1204081,302.1204081,5,2918,2894,1,0,0,0,0,1,54.76975635,0,0,0,0,0,130,64,0.01825825175,0.01825825174,1.262976877
3184,0.875,0.65625,262.0213533,262.0213533,5,2918,2707,1,0,0,0,0,1,878.1450434,0,0,0,0,0,148,73,0.001138764043,0.001138764034,7.511577052
3185,0.84375,0.6875,275.7779848,275.7779848,5,2918,2893,1,0,0,0,0,1,1135.407052,0,0,0,0,0,71,28,0.0008807414032,0.0008807413955,0.167065146
3186,0.84375,1,397.8764109,397.8764109,5,2719,2923,1,0,0,0,0,1,590.441166,0,0,0,0,0,162,82,0.001693648847,0.001693648823,8.398771695
3187,0.8125,0.96875,389.6492962,389.6492962,5,2923,2899,1,1,1,0,0,1,15607.52418,-276.97022,20094.11815,4.724427623e-05,0,106.8725427,1,1,6.407166112e-05,6.407166112e-05,0.1237841663
3188,0.78125,1,354.6190212,354.6190212,5,2923,2666,0,0,0,0,0,0,1e+300,0,1e+300,0,0,0,0,0,0,0,0
3189,0.78125,0.875,137.7839239,-164.4031082,5,2720,2903,0,0,0,0,0,0,199.2493214,-474.1968874,184.6103935,0.0003979754421,0,0,26,14,0.00501883767,0.00501883767,0.2408681997
3190,0.8125,0.90625,356.6079621,356.6079621,5,2903,2899,1,0,0,0,0,1,2316.939822,0,0,0,0,0,11,6,0.0004316037863,0.0004316037863,0.1793419221
3191,0.84375,0.875,395.3289069,395.3289069,5,2903,2706,1,1,1,0,0,1,291.5229501,40.68560673,261.2168385,0.0003979754421,0,144.3955995,167,167,0.003430261664,0.003430261664,1.559355171
3192,0.8125,0.84375,367.3211064,367.3211064,5,2903,2898,1,1,1,0,0,1,465.3096872,-251.4706861,861.19607,0.0002105042995,0,138.2663214,63,63,0.002149106343,0.002149106343,0.2206001852
3193,0.84375,0.75,301.9320104,301.9320104,5,2725,2919,1,1,1,0,0,1,31.62825566,-22.81671785,31.23509116,0.0003979754421,0,71.85091183,38,38,0.03161729849,0.03161729849,0.9015126404
3194,0.8125,0.71875,287.7285882,287.7285882,5,2919,2893,1,1,1,0,0,1,7.386601024,2.904792829,10.46597343,0.0003979754421,0,27.5946078,1032,1032,0.1353802645,0.1353802645,73.75088151
3195,0.78125,0.75,286.1104777,286.1104777,5,2919,2658,1,0,0,0,0,1,222.7858612,0,0,0,0,0,25,13,0.004488615186,0.004488615184,0.975687341
3196,0.8125,0.78125,342.5891461,342.5891461,5,2919,2898,1,1,1,0,0,1,43.98616366,42.65487657,43.22941474,0.0003979754421,0,58.49168275,655,655,0.02273442185,0.02273442185,8.440035939
3197,0.78125,0.625,129.4545793,48.87108856,5,2718,2897,0,0,0,0,0,0,2.508542444,-185.2545895,2.506040568,0.0003979754421,0,0,832,461,0.3986378633,0.3986378633,2.209848546
3198,0.8125,0.65625,249.0683077,249.0683077,5,2897,2893,1,0,0,0,0,1,12.79369133,0,0,0,0,0,1077,538,0.07816352403,0.07816352386,56.84440866
3199,0.84375,0.625,163.1692807,-111.8800097,5,2897,2707,0,0,0,0,0,0,261.0399023,-347.0439915,236.4732903,0.0003979754421,0,0,42,21,0.003830831958,0.003830831957,0.7543530422
3200,0.84375,0.59375,223.8100074,223.8100074,5,2707,2896,1,0,0,0,0,1,633.5942201,0,0,0,0,0,119,59,0.001578297226,0.00157829722,2.850142083
3201,0.84375,0.53125,143.4507657,143.4507657,5,2896,2715,1,0,0,0,0,1,1746.275959,0,0,0,0,0,23,14,0.000572647178,0.0005726471762,1.683615079
3202,0.78125,0.53125,184.7723992,184.7723992,5,2896,2669,1,0,0,0,0,1,13.05529136,0,0,0,0,0,1193,570,0.0765972947,0.07659729464,3.709006843
3203,0.78125,0.59375,142.9386969,36.19068369,5,2896,2718,0,0,0,0,0,0,0.7509896709,-186.4283615,0.7507652855,0.0003979754421,0,0,2453,1223,1.331576237,1.331576237,61.83059596
3204,0.8125,0.59375,159.7960476,399.2421819,5,2897,2896,0,0,0,0,0,0,8.613927265,178.9076319,8.584498476,0.0003979754421,0,0,243,122,0.1160910662,0.1160910661,0.902668815
3205,0.09375,0.40625,-309.8739154,-309.8739154,5,2673,2737,1,0,0,0,0,1,74.36232742,0,0,0,0,0,19,11,0.01344766947,0.01344766947,0.04126636461
3206,0.03125,0.40625,-811.5083915,-811.5083915,5,2737,2676,1,0,0,0,0,1,51740.70673,0,0,0,0,0,50,22,1.932714227e-05,1.932714049e-05,0.04697178778
3207,0.03125,0.46875,-496.2463884,-496.2463884,5,2737,2652,1,0,0,0,0,1,42.97166887,0,0,0,0,0,56,33,0.02327114646,0.02327114646,0.4194247283
3208,0.09375,0.46875,-294.0221388,-294.0221388,5,2737,2689,1,0,0,0,0,1,72.95376842,0,0,0,0,0,116,64,0.01370731111,0.0137073111,0.301291487
3209,0,0.46875,-711.6684377,-711.6684377,5,2652,2739,1,0,0,0,0,1,10905.95718,0,0,0,0,0,20,7,9.169300625e-05,9.169300385e-05,0.05217995837
3210,0.03125,0.4375,-696.030722,-696.030722,5,2739,2737,1,1,1,0,0,1,117.9141157,-42.64664982,112.6287929,0.0003979754421,0,174.8275321,42,42,0.008480748839,0.008480748839,2.110834013
3211,0,0.40625,-1026.930441,-1026.930441,5,2739,2676,1,0,0,0,0,1,2079339.583,0,0,0,0,0,12,7,4.809219275e-07,4.809214929e-07,0.1961289556
3212,0.09375,0.34375,-376.2378419,-376.2378419,5,2673,2736,1,0,0,0,0,1,273.1286806,0,0,0,0,0,30,14,0.003661277893,0.003661277892,0.2400673931
3213,0.09375,0.28125,-386.7341039,-386.7341039,5,2736,2677,1,0,0,0,0,1,5001.237065,0,0,0,0,0,7,4,0.0001999505296,0.0001999505296,0.1231210257
3214,0.03125,0.28125,-766.1285454,-766.1285454,5,2736,2662,1,0,0,0,0,1,1538.196048,0,0,0,0,0,8,4,0.000650112189,0.0006501121883,0.4329493159
3215,0.03125,0.34375,-877.8723179,-877.8723179,5,2736,2676,1,0,0,0,0,1,24858.89514,0,0,0,0,0,8,3,4.022704929e-05,4.022704918e-05,0.02637489242
3216,0,0.34375,-235.3983787,-235.3983787,5,2676,2741,0,0,0,0,0,0,1e+300,0,1e+300,0,0,0,0,0,0,0,0
3217,0.03125,0.3125,-822.0004317,-822.0004317,5,2741,2736,1,0,0,0,0,1,49603.92559,0,0,0,0,0,9,4,2.015969478e-05,2.015969405e-05,0.04552520446
3218,0,0.28125,-1016.945783,-1016.945783,5,2741,2662,1,0,0,0,0,1,949752.3322,0,0,0,0,0,20,10,1.052906075e-06,1.052905599e-06,1.234202641
3219,0.03125,0.25,-771.3766764,-771.3766764,5,2662,2759,1,0,0,0,0,1,1e+300,0,0,0,0,0,0,0,0,0,0
3220,0.0625,0.28125,-179.4269974,57.42747944,5,2759,2736,0,0,0,0,0,0,280.2122713,633.9833555,252.0988157,0.0003979754421,0,0,3,2,0.003568723081,0.003568723081,0.08517233469
3221,0.09375,0.25,-366.0752165,-392.0443336,5,2759,2677,0,0,0,0,0,0,2.514558134e+13,-1.326969823e-08,2512.717856,0.0003979754421,0,0,1,0,3.976841841e-14,0,0.03976841841
3222,0.09375,0.15625,-22.62824055,-504.0015132,5,2672,2729,0,0,0,0,0,0,2101.798823,-32.08905929,1144.481167,0.0003979754421,0,0,4,3,0.0004757829289,0.000475782928,0.6779620367
3223,0.03125,0.15625,-54.86077108,-665.2000051,5,2729,2678,0,0,0,0,0,0,3.71248242e+12,3.057130016e-08,2512.717855,0.0003979754421,0,0,1,0,2.693615449e-13,0,0.2693615449
3224,0.03125,0.21875,-797.9997698,-797.9997698,5,2729,2662,1,0,0,0,0,1,1e+300,0,0,0,0,0,0,0,0,0,0
3225,0.09375,0.21875,-418.6053284,-418.6053284,5,2729,2677,1,0,0,0,0,1,1.622424219e+12,0,0,0,0,0,2,0,6.163616076e-13,0,0.6163616076
3226,0.0625,0.21875,-159.7388064,-159.7388064,5,2759,2729,0,0,0,0,0,0,1e+300,-1.333179492e-05,121323.2425,0,0,0,0,0,0,0,0
3227,0.03125,0.375,-848.2915157,-848.2915157,5,2676,2740,1,0,0,0,0,1,8234.597197,0,0,0,0,0,14,6,0.0001214388483,0.0001214388473,0.2371554404
3228,0.0625,0.40625,-475.2384649,-475.2384649,5,2740,2737,1,0,0,0,0,1,1.788098008e+12,0,0,0,0,0,3,0,5.592534613e-13,0,0.5592534613
3229,0.09375,0.375,-129.9879522,-406.3128305,5,2740,2673,0,0,0,0,0,0,58.25321928,-59.66626381,56.93331429,0.0003979754421,0,0,26,12,0.01716643324,0.01716643324,0.1300383895
3230,0.0625,0.34375,-541.6023914,-541.6023914,5,2740,2736,1,0,0,0,0,1,27123.44564,0,0,0,0,0,2,1,3.686847214e-05,3.686847206e-05,0.006921501227
3231,0.625,0.71875,212.2235542,212.2235542,5,2709,2870,1,1,1,0,0,1,12.10318087,18.80729748,12.78484678,0.0003979754421,0,117.7623693,412,412,0.08262290802,0.08262290802,2.645440047
3232,0.65625,0.6875,211.1772718,211.1772718,5,2870,2842,1,0,0,0,0,1,151.9858434,0,0,0,0,0,70,32,0.006579560161,0.006579560157,0.3414827427
3233,0.625,0.65625,196.2055404,196.2055404,5,2870,2704,1,0,0,0,0,1,9.930785824,0,0,0,0,0,674,313,0.1006969658,0.1006969657,2.287776152
3234,0.59375,0.6875,203.1070014,203.1070014,5,2870,2841,1,0,0,0,0,1,14.57750592,0,0,0,0,0,77,45,0.06859884027,0.06859884027,0.6741026944
3235,0.75,0.53125,153.0495814,54.59389905,5,2669,2890,0,0,0,0,0,0,3.823365084,-114.4471109,3.81755627,0.0003979754421,0,0,976,463,0.2615497024,0.2615497024,3.460044777
3236,0.71875,0.5625,178.148571,130.9552442,5,2890,2843,0,0,0,0,0,0,3.690741336,-53.10597864,3.685328236,0.0003979754421,0,0,974,468,0.2709482754,0.2709482753,4.045060398
3237,0.75,0.59375,126.0813463,78.44321094,5,2890,2718,0,0,0,0,0,0,0.6621623863,-128.44306,0.6619879363,0.0003979754421,0,0,3157,1547,1.51020357,1.51020357,77.25452477
3238,0.78125,0.5625,156.4228145,61.94445963,5,2890,2896,0,0,0,0,0,0,0.6787423419,-131.1506832,0.6785590477,0.0003979754421,0,0,2324,1162,1.473313124,1.473313123,49.51511757
3239,0.09375,0.65625,-135.8298738,-135.8298738,5,2680,2745,1,0,0,0,0,1,1.060916277,0,0,0,0,0,1263,619,0.9425814471,0.9425814469,4.261494018
3240,0.03125,0.65625,-246.0297997,-246.0297997,5,2745,2685,1,0,0,0,0,1,2.670997061,0,0,0,0,0,2252,1125,0.3743920256,0.3743920254,4.856070358
3241,0.03125,0.71875,-107.06843,-107.06843,5,2745,2660,1,0,0,0,0,1,3.209452374,0,0,0,0,0,1063,533,0.3115796352,0.3115796351,3.800851028
3242,0.09375,0.71875,-131.429937,-131.429937,5,2745,2684,1,0,0,0,0,1,1.339005942,0,0,0,0,0,1761,877,0.7468226756,0.7468226754,5.279138607
3243,0,0.71875,114.0751567,114.0751567,5,2660,2746,1,0,0,0,0,1,190.0843067,0,0,0,0,0,85,38,0.005260823565,0.005260823554,0.3080679383
3244,0.03125,0.6875,-128.0369256,-128.0369256,5,2746,2745,1,1,1,0,0,1,23.43472448,-207.2532724,283.1083927,0.0003979754421,0,101.5348735,279,279,0.04267171994,0.04267171994,0.7979615723
3245,0,0.65625,-24.88621302,-24.88621302,5,2746,2685,1,0,0,0,0,1,739.4190571,0,0,0,0,0,31,13,0.001352413074,0.00135241307,2.036398219
3246,0.65625,0.34375,0,122.5384944,5,2699,2837,0,0,0,0,0,0,1.330307323e+14,-7.167699323e-09,2512.717857,0.0003979754421,0,0,2,0,7.517060025e-15,0,0.007517060025
3247,0.71875,0.34375,-58.69833515,49.01877745,5,2837,2716,0,0,0,0,0,0,1456.61546,-35.5484028,922.0852433,0.0003979754421,0,0,11,3,0.0006865229893,0.0006865229877,0.6905931496
3248,0.71875,0.28125,0,121.4397952,5,2837,2659,0,0,0,0,0,0,11866.68259,29.32383434,2073.634805,0.0003979754421,0,0,5,2,8.426954983e-05,8.42695476e-05,0.08906197439
3249,0.65625,0.28125,25.65954008,67.89434669,5,2837,2703,0,0,0,0,0,0,17676000.51,-0.6484570705,2512.360714,0.0003979754421,0,0,1,1,5.657388388e-08,5.657388388e-08,0.0001075500497
3250,0.71875,0.375,-88.04750272,66.10048743,5,2716,2889,0,0,0,0,0,0,410.2487252,-3.260603431,352.6688618,0.0003979754421,0,0,10,4,0.002437545661,0.002437545658,0.8533532602
3251,0.6875,0.34375,-29.34916757,78.45949987,5,2889,2837,0,0,0,0,0,0,728.3633081,-13.66163835,564.6793145,0.0003979754421,0,0,9,2,0.001372941208,0.001372941206,0.7944583977
3252,0.65625,0.375,-29.34916757,107.3324048,5,2889,2699,0,0,0,0,0,0,1.967476527e+12,-1.877493929e-07,2512.717853,0.0003979754421,0,0,2,0,5.08265276e-13,0,0.508265276
3253,0.6875,0.40625,12.28425718,78.15268368,5,2889,2836,0,0,0,0,0,0,463.7830896,-34.92219387,391.5187907,0.0003979754421,0,0,7,3,0.002156180383,0.002156180383,0.868523506
3254,0.125,0.28125,-363.1351669,-267.8389621,5,2677,2760,0,0,0,0,0,0,4.071942802,-84.20431526,4.065354759,0.0003979754421,0,0,747,382,0.2455830174,0.2455830173,2.570069958
3255,0.09375,0.3125,-368.0837848,-368.0837848,5,2760,2736,1,0,0,0,0,1,1e+300,0,0,0,0,0,0,0,0,0,0
3256,0.125,0.34375,-173.5468982,-411.0264442,5,2760,2673,0,0,0,0,0,0,121.8450829,-237.8883553,116.2099075,0.0003979754421,0,0,177,84,0.008207142845,0.008207142836,0.4188454175
3257,0.21875,0.28125,-19.68819094,-46.55593901,5,2656,2735,0,0,0,0,0,0,0.4986020661,4.857846746,0.4985031474,0.0003979754421,0,0,3132,1578,2.005607413,2.005607413,7.69457212
3258,0.15625,0.28125,-248.6528416,-210.8580477,5,2735,2677,0,0,0,0,0,0,3.219391809,-62.36263038,3.215272277,0.0003979754421,0,0,1242,636,0.3106176754,0.3106176753,3.393799309
3259,0.15625,0.34375,-82.01692105,-82.01692105,5,2735,2673,1,1,1,0,0,1,12.09124204,-223.5932112,11.89030894,4.724427623e-05,0,148.9857837,179,179,0.08270448949,0.08270448949,0.4721992372
3260,0.21875,0.34375,-3.735978766,-25.42106416,5,2735,2692,0,0,0,0,0,0,1.37594013,16.93932676,1.375187091,0.0003979754421,0,0,3483,1716,0.7267758083,0.726775808,4.642553081
3261,0.15625,0.3125,-153.8587072,-176.1525843,5,2760,2735,0,0,0,0,0,0,5.489646633,-46.30703225,5.477679303,0.0003979754421,0,0,793,404,0.1821610874,0.1821610873,6.184498263
3262,0.875,0.53125,136.6672619,136.6672619,5,2715,2916,1,1,1,0,0,1,5097.979382,347.9948753,4005.747207,4.724427623e-05,0,145.4531634,9,9,0.0001961561484,0.0001961561484,0.8441965116
3263,0.84375,0.5625,186.3206085,186.3206085,5,2916,2896,1,0,0,0,0,1,3855.827968,0,0,0,0,0,28,17,0.0002593476701,0.0002593476697,0.7755079428
3264,0.875,0.59375,201.3076394,201.3076394,5,2916,2707,1,0,0,0,0,1,8274.24448,0,0,0,0,0,41,12,0.0001208569559,0.0001208569549,0.3876200938
3265,0.90625,0.5625,195.0454929,-41.05933436,5,2916,2895,0,0,0,0,0,0,93.90789852,-246.8745289,90.52471496,0.0003979754421,0,0,121,67,0.01064873153,0.01064873153,6.113261958
3266,0.09375,0.59375,-199.6731941,-199.6731941,5,2680,2744,1,0,0,0,0,1,1.808671052,0,0,0,0,0,829,414,0.5528921354,0.5528921353,2.337957536
3267,0.09375,0.53125,-189.9180641,-189.9180641,5,2744,2689,1,1,1,0,0,1,1.102083898,35.9673861,1.22273556,0.0003979754421,0,113.8185134,413,413,0.9073719355,0.9073719355,3.304865109
3268,0.03125,0.53125,-406.4535817,-406.4535817,5,2744,2652,1,1,1,0,0,1,12.06403895,-289.5786732,5.486214719,8.242443043e-06,0,142.4426806,309,309,0.08289097903,0.08289097903,0.9250040912
3269,0.03125,0.59375,-309.87312,-309.87312,5,2744,2685,1,0,0,0,0,1,6.322786018,0,0,0,0,0,401,213,0.1581581279,0.1581581279,1.017470623
3270,0,0.59375,61.56758704,61.56758704,5,2685,2748,1,1,1,0,0,1,10.47619278,299.7067482,92.79538208,0.0003979754421,0,209.0615579,320,320,0.09545452451,0.09545452451,0.6072914331
3271,0.03125,0.5625,-424.610294,-424.610294,5,2748,2744,1,1,1,0,0,1,47.07523191,-92.017589,895.6250065,0.0003979754421,0,123.5722573,234,234,0.02124259317,0.02124259317,0.1954596335
3272,0,0.53125,-535.8729406,-535.8729406,5,2748,2652,1,1,1,0,0,1,1225.495268,-111.5035873,1132.271028,0.0003979754421,0,201.2893762,134,134,0.000815996623,0.000815996623,9.496835672
3273,0.09375,0.90625,0,-39.72944803,5,2681,2751,0,0,0,0,0,0,247.6847839,44.83511768,225.4605796,0.0003979754421,0,0,33,18,0.004037389719,0.004037389717,1.14660311
3274,0.03125,0.90625,87.22664069,87.22664069,5,2751,2683,1,0,0,0,0,1,4206.658767,0,0,0,0,0,9,5,0.0002377183545,0.0002377183539,0.3957204594
3275,0.03125,0.96875,0,41.52259456,5,2751,2648,0,0,0,0,0,0,147573.23,29.58868365,2470.650287,0.0003979754421,0,0,1,1,6.776296756e-06,6.776296756e-06,0.002899061634
3276,0.09375,0.96875,51.47791356,-128.1818334,5,2751,2695,0,0,0,0,0,0,1309.781165,-183.0276023,860.9840063,0.0003979754421,0,0,12,7,0.0007634863187,0.0007634863184,0.5558073008
3277,0.03125,0.875,208.7045953,208.7045953,5,2683,2754,1,1,1,0,0,1,2709.366316,106.0934079,1303.66974,0.0003979754421,0,124.5638511,11,11,0.000369089995,0.000369089995,1.570025286
3278,0.0625,0.90625,-14.35875589,1.243143438,5,2754,2751,0,0,0,0,0,0,171.1844693,25.14098009,160.2659935,0.0003979754421,0,0,22,12,0.005841651431,0.005841651428,1.194129254
3279,0.09375,0.875,-14.35875589,-88.48420148,5,2754,2681,0,0,0,0,0,0,89.36431642,-16.33712652,86.29524307,0.0003979754421,0,0,62,29,0.01119014882,0.01119014882,2.492760849
3280,0.0625,0.84375,-38.74378519,-38.74378519,5,2754,2750,1,0,0,0,0,1,41.82809123,0,0,0,0,0,154,77,0.02390737828,0.02390737827,2.91134574
3281,0.46875,0.625,100.3650585,81.71018754,5,2710,2847,0,0,0,0,0,0,464.9287872,-83.93069186,392.3349562,0.0003979754421,0,0,8,4,0.002150867031,0.002150867029,0.6674496949
3282,0.4375,0.59375,33.45501949,16.90626767,5,2847,2793,0,0,0,0,0,0,825.8533855,-93.75032739,621.5642555,0.0003979754421,0,0,1,1,0.001210868682,0.001210868682,0.1220959871
3283,0.40625,0.625,33.45501949,35.64581408,5,2847,2679,0,0,0,0,0,0,105.7225996,-51.7746331,101.4539258,0.0003979754421,0,0,5,2,0.009458715583,0.009458715583,0.9765461438
3284,0.4375,0.65625,85.38725226,92.46486684,5,2847,2796,0,0,0,0,0,0,1166.606856,-38.15709438,796.7097518,0.0003979754421,0,0,12,5,0.000857186802,0.0008571868017,0.8637218831
3285,0.375,0.46875,116.4014207,116.4014207,5,2691,2816,1,1,1,0,0,1,9227.787346,-306.8155109,5866.388527,4.724427623e-05,0,138.2874886,9,9,0.0001083683404,0.0001083683404,0.03472103204
3286,0.40625,0.4375,112.493005,112.493005,5,2816,2784,1,0,0,0,0,1,33.77563771,0,0,0,0,0,261,118,0.02960713899,0.02960713897,0.725400987
3287,0.375,0.40625,88.50165615,88.50165615,5,2816,2674,1,0,0,0,0,1,52.14868251,0,0,0,0,0,326,167,0.01917593987,0.01917593984,0.9999890283
3288,0.34375,0.40625,66.12679908,66.12679908,5,2674,2783,1,0,0,0,0,1,25.07893239,0,0,0,0,0,331,166,0.03987410566,0.03987410564,0.6807758399
3289,0.28125,0.40625,15.74632354,18.67084923,5,2783,2692,0,0,0,0,0,0,6.929413418,-14.13300835,6.910356477,0.0003979754421,0,0,1990,982,0.1443123595,0.1443123593,1.890795417
3290,0.28125,0.46875,45.1183693,45.1183693,5,2783,2661,1,0,0,0,0,1,65.61988155,0,0,0,0,0,900,466,0.01523928383,0.01523928381,13.33803043
3291,0.34375,0.46875,-25.4820726,-25.4820726,5,2783,2691,1,1,1,0,0,1,258.6078615,-199.4420143,208.6599847,4.724427623e-05,0,124.0452798,38,38,0.003866858471,0.003866858471,0.1792022838
3292,0.34375,0.4375,77.99744126,77.99744126,5,2816,2783,1,0,0,0,0,1,50.06981313,0,0,0,0,0,295,139,0.01997211368,0.01997211365,1.097636248
3293,0.71875,0.5,177.9252049,97.0684653,5,2669,2863,0,0,0,0,0,0,1.930404443,-66.74612466,1.928922542,0.0003979754421,0,0,972,485,0.5180261595,0.5180261594,6.830469421
3294,0.6875,0.46875,158.079059,158.079059,5,2863,2836,1,0,0,0,0,1,536.3647243,0,0,0,0,0,92,44,0.001864402998,0.001864402991,1.769158136
3295,0.65625,0.5,166.2175198,166.2175198,5,2863,2717,1,0,0,0,0,1,550.7718677,0,0,0,0,0,142,78,0.001815633765,0.00181563376,3.023790076
3296,0.6875,0.53125,203.0241945,92.96163922,5,2863,2843,0,0,0,0,0,0,0.8954884934,-85.87316363,0.8951694707,0.0003979754421,0,0,1082,538,1.116708933,1.116708933,11.65808284
3297,0.75,0.46875,95.5511067,-43.21422443,5,2669,2886,0,0,0,0,0,0,98.47601145,-189.6631452,94.76218348,0.0003979754421,0,0,57,28,0.01015475734,0.01015475733,0.2804946401
3298,0.78125,0.4375,101.9851392,101.9851392,5,2886,2883,1,0,0,0,0,1,250.4189337,0,0,0,0,0,218,118,0.003993308275,0.003993308272,0.5731816331
3299,0.75,0.40625,-46.41407797,107.6188333,5,2886,2716,0,0,0,0,0,0,429.0468545,10.62617182,366.4717605,0.0003979754421,0,0,19,9,0.002330747771,0.002330747768,1.886336547
3300,0.71875,0.4375,53.91768194,105.6329244,5,2886,2836,0,0,0,0,0,0,203.6923048,-35.07352375,188.4182657,0.0003979754421,0,0,84,39,0.004909365629,0.004909365621,4.027606295
3301,0.34375,0.65625,0,0,5,2679,2795,0,0,0,0,0,0,1e+300,122.9302072,950.2710798,0,0,0,0,0,0,0,0
3302,0.28125,0.65625,-25.95083791,95.53942055,5,2795,2690,0,0,0,0,0,0,113642.1789,-41.16522059,2458.361551,0.0003979754421,0,0,4,2,8.799549692e-06,8.799549689e-06,0.01121433876
3303,0.28125,0.71875,0,0,5,2795,2657,0,0,0,0,0,0,1e+300,0,1e+300,0,0,0,0,0,0,0,0
3304,0.34375,0.71875,51.93223275,51.93223275,5,2795,2711,0,0,0,0,0,0,1e+300,0,1e+300,0,0,0,0,0,0,0,0
3305,0.28125,0.625,-38.92625686,88.50467423,5,2690,2797,0,0,0,0,0,0,1681.608607,-130.80836,1007.41037,0.0003979754421,0,0,4,2,0.0005946686977,0.000594668697,0.8324611118
3306,0.3125,0.65625,-12.97541895,318.7515077,5,2797,2795,0,0,0,0,0,0,4368.017998,170.8638393,1595.119629,0.0003979754421,0,0,4,2,0.0002289367856,0.0002289367849,0.3020783094
3307,0.34375,0.625,-12.97541895,177.0872184,5,2797,2679,0,0,0,0,0,0,20.28422585,28.70963359,20.12179021,0.0003979754421,0,0,3,3,0.04929939192,0.04929939192,2.120914995
3308,0.3125,0.59375,-13.1813076,95.96897117,5,2797,2794,0,0,0,0,0,0,82.65244006,-44.4968297,80.02028161,0.0003979754421,0,0,5,4,0.01209885636,0.01209885636,0.5089561879
3309,0.28125,0.21875,8.083195435,14.74122905,5,2656,2777,0,0,0,0,0,0,0.5336084836,6.110028012,0.5334951889,0.0003979754421,0,0,649,319,1.874033174,1.874033173,7.163495307
3310,0.34375,0.21875,25.85144056,26.42932837,5,2777,2697,0,0,0,0,0,0,0.2963325738,-1.375557911,0.2962976305,0.0003979754421,0,0,892,439,3.374586827,3.374586827,8.289645849
3311,0.34375,0.15625,24.2495863,37.10796482,5,2777,2675,0,0,0,0,0,0,0.7914699459,-5.028136156,0.7912207228,0.0003979754421,0,0,327,162,1.263471854,1.263471854,3.987264609
3312,0.28125,0.15625,2.32346322,2.32346322,5,2777,2686,1,0,0,0,0,1,13.47347567,0,0,0,0,0,51,32,0.07421989875,0.07421989875,4.977007457
3313,0.28125,0.125,-255.8570164,3.216361342,5,2686,2781,0,0,0,0,0,0,1505.954506,28.60625536,941.6141544,0.0003979754421,0,0,10,4,0.0006640306836,0.0006640306804,0.3184963302
3314,0.3125,0.15625,-71.81367975,-5.243744337,5,2781,2777,0,0,0,0,0,0,2.420022748,-2.913097678,2.417694244,0.0003979754421,0,0,73,42,0.4132192562,0.4132192562,5.165656593
3315,0.34375,0.125,-63.73048431,9.998112943,5,2781,2675,0,0,0,0,0,0,5.250773752,-4.423690365,5.239824202,0.0003979754421,0,0,60,30,0.190448122,0.190448122,3.402043286
3316,0.3125,0.09375,-10.20952325,0.04236082088,5,2781,2780,0,0,0,0,0,0,254.0840467,15.19739629,230.7507164,0.0003979754421,0,0,20,7,0.003935705578,0.003935705572,2.749877752
3317,0.03125,0.75,-74.33832063,-74.33832063,5,2660,2767,1,0,0,0,0,1,103.3660072,0,0,0,0,0,261,120,0.009674360333,0.009674360322,7.155183582
3318,0.0625,0.78125,-87.38054359,-87.38054359,5,2767,2750,1,0,0,0,0,1,5.246707103,0,0,0,0,0,484,244,0.1905957356,0.1905957356,4.071881894
3319,0.09375,0.75,-158.6394285,-116.7319142,5,2767,2684,0,0,0,0,0,0,15.78307434,-18.03134357,15.68455532,0.0003979754421,0,0,755,392,0.0633590122,0.06335901215,24.26944534
3320,0.0625,0.71875,-142.8358929,-142.8358929,5,2767,2745,1,0,0,0,0,1,1.612337708,0,0,0,0,0,1512,743,0.6202174613,0.6202174612,5.663849234
3321,0.15625,0.15625,-196.2610789,-196.2610789,5,2672,2730,1,1,1,0,0,1,0.2423223485,3.145516251,0.2422989816,0.0003979754421,0,83.26858817,3099,3099,4.126734517,4.126734517,9.776692544
3322,0.15625,0.21875,-190.2732183,-190.2732183,5,2730,2677,1,1,1,0,0,1,0.5103651427,-44.11180101,0.5102615019,0.0003979754421,0,114.3069592,2064,2064,1.959381463,1.959381463,10.39793895
3323,0.21875,0.21875,0,-104.833842,5,2730,2656,0,0,0,0,0,0,0.9066060577,-55.75393976,0.9062790659,0.0003979754421,0,0,1900,947,1.103014911,1.103014911,2.271854323
3324,0.21875,0.15625,-55.38614105,-55.38614105,5,2730,2686,1,0,0,0,0,1,1.745439707,0,0,0,0,0,562,276,0.5729215373,0.5729215373,1.465806291
3325,0.40625,0.34375,25.29830461,50.90571451,5,2674,2785,0,0,0,0,0,0,0.3081476232,-18.68082758,0.3081098381,0.0003979754421,0,0,2144,1075,3.245197836,3.245197835,8.036764562
3326,0.46875,0.34375,79.28700842,62.54706984,5,2785,2698,0,0,0,0,0,0,0.3708665474,-28.27824799,0.3708118171,0.0003979754421,0,0,3469,1709,2.696387709,2.696387709,10.49446428
3327,0.46875,0.28125,75.89491383,53.19523975,5,2785,2663,0,0,0,0,0,0,0.1845470061,-2.299633709,0.184533453,0.0003979754421,0,0,3604,1760,5.418673655,5.418673655,16.63414183
3328,0.40625,0.28125,43.06654974,39.40109652,5,2785,2697,0,0,0,0,0,0,0.2368231654,-6.982318142,0.236800847,0.0003979754421,0,0,2931,1442,4.222559893,4.222559892,11.84900026
3329,0.46875,0.375,80.98305572,58.52106677,5,2698,2833,0,0,0,0,0,0,1.080864317,-48.58700516,1.080399575,0.0003979754421,0,0,1400,710,0.925185506,0.9251855058,10.55409208
3330,0.4375,0.34375,52.29265652,70.67455179,5,2833,2785,0,0,0,0,0,0,0.3223112723,-8.148910087,0.3222699341,0.0003979754421,0,0,2092,1066,3.102590837,3.102590836,10.42478811
3331,0.40625,0.375,26.99435191,58.50862497,5,2833,2674,0,0,0,0,0,0,0.6713471382,-27.36067123,0.6711678158,0.0003979754421,0,0,734,383,1.489542359,1.489542359,3.332396449
3332,0.4375,0.40625,97.92981318,-9.097781658,5,2833,2784,0,0,0,0,0,0,19.02251816,-118.9575289,18.87959031,0.0003979754421,0,0,40,19,0.05256927562,0.05256927562,0.1891485989
3333,0.28125,0.375,23.92831827,32.37688683,5,2692,2787,0,0,0,0,0,0,0.4592761085,-10.64330772,0.4591921771,0.0003979754421,0,0,3421,1700,2.177339473,2.177339472,8.54918984
3334,0.3125,0.40625,7.770217446,60.39769157,5,2787,2783,0,0,0,0,0,0,8.231277182,-5.440819835,8.204400827,0.0003979754421,0,0,480,224,0.1214878296,0.1214878295,1.797265731
3335,0.34375,0.375,7.976106089,57.78504404,5,2787,2674,0,0,0,0,0,0,0.8187452638,-18.55856835,0.8184785703,0.0003979754421,0,0,1987,997,1.221381111,1.221381111,7.404953131
3336,0.28125,0.28125,0,15.44532384,5,2656,2782,0,0,0,0,0,0,0.2459048209,2.378166437,0.245880758,0.0003979754421,0,0,3170,1594,4.066614052,4.066614052,10.70519571
3337,0.28125,0.34375,15.95221218,21.37396596,5,2782,2692,0,0,0,0,0,0,0.6551465386,-0.7465862779,0.6549757653,0.0003979754421,0,0,4137,2088,1.526376072,1.526376071,6.4748213
3338,0.34375,0.34375,0,55.86147569,5,2782,2674,0,0,0,0,0,0,0.3154483705,0.4175056121,0.3154087738,0.0003979754421,0,0,3941,1974,3.170090873,3.170090872,9.97640594
3339,0.34375,0.28125,17.76824513,27.87977438,5,2782,2697,0,0,0,0,0,0,0.2256362488,-4.36106827,0.225615989,0.0003979754421,0,0,4036,2014,4.431912006,4.431912006,11.46428402
3340,0.3125,0.34375,7.976106089,39.42215136,5,2787,2782,0,0,0,0,0,0,0.2316569843,-15.73305469,0.2316356289,0.0003979754421,0,0,4904,2458,4.316727177,4.316727176,14.43800723
3341,0.25,0.53125,16.3016439,16.3016439,5,2661,2790,1,0,0,0,0,1,25.92138829,0,0,0,0,0,817,405,0.03857818065,0.03857818058,3.567847212
3342,0.21875,0.5625,18.5868763,18.5868763,5,2790,2743,1,1,1,0,0,1,630.0680958,18.29702832,503.7515681,0.0003979754421,0,51.14764741,44,44,0.001587130037,0.001587130037,2.671054571
3343,0.25,0.59375,102.9079752,102.9079752,5,2790,2690,1,0,0,0,0,1,97.29169183,0,0,0,0,0,73,41,0.01027836993,0.01027836993,0.5239548732
3344,0.28125,0.5625,-13.38719624,-37.50917126,5,2790,2794,0,0,0,0,0,0,119.7294657,-61.67148833,114.2839075,0.0003979754421,0,0,15,6,0.00835216289,0.008352162889,0.2682954757
3345,0.671875,0.453125,153.3176573,153.3176573,6,2836,3009,1,0,0,0,0,1,2297.422581,0,0,0,0,0,40,22,0.00043527038,0.0004352703788,1.244087664
3346,0.640625,0.453125,182.1898596,182.1898596,6,3009,2864,1,0,0,0,0,1,28404.32667,0,0,0,0,0,6,2,3.520590407e-05,3.520590381e-05,0.1670989483
3347,0.640625,0.484375,-0.9508543733,-0.9508543733,6,3009,2717,1,1,1,0,0,1,3311.995555,-261.1772199,2751.387638,8.242443043e-06,0,256.0453916,8,8,0.0003019327723,0.0003019327723,0.8532547103
3348,0.671875,0.484375,148.2865481,60.24658031,6,3009,2863,0,0,0,0,0,0,1049.003467,-101.8977471,952.9894669,9.604384497e-05,0,0,28,12,0.0009532856962,0.0009532856925,1.766874764
3349,0.625,0.484375,398.1977414,74.84725928,6,2717,3012,0,0,0,0,0,0,5666.190696,-95.29482806,3669.330811,9.604384497e-05,0,0,12,6,0.0001764854121,0.0001764854119,0.2507439682
3350,0.640625,0.46875,365.9895231,110.5699376,6,3012,3009,0,0,0,0,0,0,5687.146955,-55.49993981,3678.107677,9.604384497e-05,0,0,4,1,0.0001758350906,0.0001758350905,0.225327687
3351,0.625,0.453125,770.3937788,190.871244,6,3012,2864,0,0,0,0,0,0,1.995769161e+13,-2.315404117e-07,10411.91135,9.604384497e-05,0,0,1,0,5.010599521e-14,0,0.05010599521
3352,0.578125,0.453125,159.9224488,3.601468042,6,2835,3016,0,0,0,0,0,0,4.634705055,-123.2929981,4.632642904,9.604384497e-05,0,0,1107,547,0.2157634603,0.2157634602,7.741941337
3353,0.578125,0.484375,198.073013,198.073013,6,3016,2865,1,1,1,0,0,1,46.21462827,45.21633488,45.27106275,5.778099445e-05,0,34.05567409,12,12,0.02163817037,0.02163817037,0.1385363159
3354,0.609375,0.484375,142.527357,142.527357,6,3016,2717,1,0,0,0,0,1,6040.407542,0,0,0,0,0,21,11,0.0001655517435,0.0001655517423,0.6043500934
3355,0.609375,0.453125,160.1901629,160.1901629,6,3016,2864,1,1,1,0,0,1,954.0652792,-3.06620961,873.9806017,9.604384497e-05,0,408.3751267,23,23,0.001048146308,0.001048146308,1.104669603
3356,0.609375,0.46875,380.8053168,142.0395614,6,3012,3016,0,0,0,0,0,0,1292701.258,-5.104207047,10328.71989,9.604384497e-05,0,0,4,1,7.735739357e-07,7.735736245e-07,0.00626373979
3357,0.734375,0.765625,351.0698876,351.0698876,6,2658,2967,1,1,1,0,0,1,3377.582286,351.0666105,3647.745521,8.242443043e-06,0,229.1823186,5,5,0.0002960697668,0.0002960697668,0.4228232547
3358,0.703125,0.765625,577.7956196,-125.7878481,6,2967,2869,0,0,0,0,0,0,2397.556685,-327.9200125,1948.8044,9.604384497e-05,0,0,9,4,0.0004170912855,0.0004170912854,0.2054460108
3359,0.703125,0.796875,220.5902751,19.0012517,6,2967,2848,0,0,0,0,0,0,455.002512,-270.0713054,435.9513547,9.604384497e-05,0,0,14,9,0.002197790064,0.002197790064,2.00828924
3360,0.734375,0.796875,327.0204353,327.0204353,6,2967,2904,1,1,1,0,0,1,7225.379598,48.28675305,4265.394942,9.604384497e-05,0,173.056567,18,18,0.000138401033,0.000138401033,1.803792533
3361,0.703125,0.75,756.3982919,416.5064496,6,2869,2990,0,0,0,0,0,0,1756.964991,256.9257451,1503.291119,9.604384497e-05,0,0,2,1,0.0005691633045,0.0005691633042,0.3324967314
3362,0.71875,0.765625,325.6628557,-111.4110207,6,2990,2967,0,0,0,0,0,0,287.9093534,-350.9837253,280.1623268,9.604384497e-05,0,0,6,3,0.003473315431,0.00347331543,0.452564057
3363,0.734375,0.75,252.132764,252.132764,6,2990,2658,0,0,0,0,0,0,1e+300,1184.286754,1967.484527,0,0,0,0,0,0,0,0
3364,0.703125,0.703125,408.0694487,20.38224781,6,2842,2974,0,0,0,0,0,0,45.23781114,-226.0126553,45.04211158,9.604384497e-05,0,0,31,16,0.02210540198,0.02210540198,2.402183686
3365,0.703125,0.734375,193.0817052,193.0817052,6,2974,2869,1,0,0,0,0,1,6196.697058,0,0,0,0,0,50,31,0.000161376293,0.0001613762927,0.3291518674
3366,0.734375,0.734375,266.1201022,266.1201022,6,2974,2658,1,0,0,0,0,1,7049.215034,0,0,0,0,0,126,65,0.0001418597667,0.0001418597657,0.781498576
3367,0.734375,0.703125,422.0871963,-66.86144522,6,2974,2892,0,0,0,0,0,0,54.72047575,-323.184622,54.43439227,9.604384497e-05,0,0,27,13,0.01827469492,0.01827469491,0.292192063
3368,0.71875,0.734375,388.1559135,-121.2530594,6,2990,2974,0,0,0,0,0,0,19844.49098,-351.7677581,6828.937514,9.604384497e-05,0,0,12,5,5.039181913e-05,5.039181895e-05,0.09637124735
3369,0.109375,0.359375,-80.22278858,-384.111111,6,2673,3212,0,0,0,0,0,0,26.40905983,-105.3156645,26.34224463,9.604384497e-05,0,0,30,14,0.03786579327,0.03786579327,2.2024242
3370,0.109375,0.328125,-78.29792622,-282.5617172,6,3212,2760,0,0,0,0,0,0,72.48716497,-11.91957815,71.9860023,9.604384497e-05,0,0,12,6,0.01379554574,0.01379554574,0.9531433399
3371,0.078125,0.328125,-83.16283818,-83.16283818,6,3212,2736,0,0,0,0,0,0,1e+300,0,1e+300,0,0,0,0,0,0,0,0
3372,0.078125,0.359375,-131.457977,-497.4972707,6,3212,2740,0,0,0,0,0,0,17.54946612,-53.34665377,17.51993595,9.604384497e-05,0,0,18,8,0.0569817904,0.05698179039,3.074397404
3373,0.0625,0.359375,-157.0755712,-468.756073,6,2740,3230,0,0,0,0,0,0,153.5202743,58.07212916,151.2895585,9.604384497e-05,0,0,2,1,0.006513797638,0.006513797638,0.1327222625
3374,0.078125,0.34375,-107.3104076,-107.3104076,6,3230,3212,0,0,0,0,0,0,1e+300,0,1e+300,0,0,0,0,0,0,0,0
3375,0.0625,0.328125,-108.7804324,-108.7804324,6,3230,2736,0,0,0,0,0,0,1e+300,0,1e+300,0,0,0,0,0,0,0,0
3376,0.046875,0.328125,-134.3980266,-134.3980266,6,2736,3215,0,0,0,0,0,0,1e+300,-229.2480754,20.44084513,0,0,0,0,0,0,0,0
3377,0.015625,0.328125,-185.633215,-185.633215,6,3215,2741,0,0,0,0,0,0,1e+300,0,1e+300,0,0,0,0,0,0,0,0
3378,0.015625,0.359375,-233.9283539,810.3094045,6,3215,2676,0,0,0,0,0,0,819.9990677,1841.661068,760.134054,9.604384497e-05,0,0,1,1,0.001219513582,0.001219513582,0.04720633763
3379,0.046875,0.359375,-182.6931654,-63.53138078,6,3215,2740,0,0,0,0,0,0,157.9583501,631.4713084,155.5977874,9.604384497e-05,0,0,7,2,0.006330782763,0.006330782763,0.1695303916
3380,0.046875,0.34375,-158.545596,-620.2270005,6,3230,3215,0,0,0,0,0,0,31.15915588,89.60215368,31.06618581,9.604384497e-05,0,0,2,1,0.0320932956,0.03209329559,0.6539188103
3381,0.703125,0.671875,436.2187558,436.2187558,6,2842,2975,0,0,0,0,0,0,1e+300,-170.4454604,8.308903434,0,0,0,0,0,0,0,0
3382,0.734375,0.671875,450.2365035,193.5565739,6,2975,2892,0,0,0,0,0,0,1.885388352,-47.0604831,1.885047008,9.604384497e-05,0,0,728,394,0.5303947057,0.5303947056,4.311047065
3383,0.734375,0.640625,220.4710711,20.8876856,6,2975,2718,0,0,0,0,0,0,1.547048108,-213.6153577,1.546818275,9.604384497e-05,0,0,978,521,0.6463923098,0.6463923097,5.885302533
3384,0.703125,0.640625,326.686634,156.6086203,6,2975,2891,0,0,0,0,0,0,1.955481688,-75.42689256,1.955114494,9.604384497e-05,0,0,663,328,0.511382953,0.511382953,4.343495622
3385,0.734375,0.6875,565.1192197,-0.2931766366,6,2892,2977,0,0,0,0,0,0,46.69445774,-243.4991721,46.48598135,9.604384497e-05,0,0,30,15,0.02141581782,0.02141581781,0.8150768898
3386,0.71875,0.671875,443.2276297,53.34480009,6,2977,2975,0,0,0,0,0,0,368.6157392,-181.8400517,356.0117578,9.604384497e-05,0,0,12,7,0.002712852149,0.002712852148,1.208799865
3387,0.703125,0.6875,551.101472,21.13015209,6,2977,2842,0,0,0,0,0,0,278.6665905,-212.1475697,271.4027111,9.604384497e-05,0,0,12,5,0.003588517728,0.003588517725,0.5438435604
3388,0.71875,0.703125,415.0783225,121.2530863,6,2977,2974,0,0,0,0,0,0,85.95505826,-129.6378852,85.2512703,9.604384497e-05,0,0,30,13,0.01163398665,0.01163398664,1.060677952
3389,0.671875,0.796875,262.1642808,303.8676483,6,2848,2968,0,0,0,0,0,0,393.3666545,33.68437722,379.0461229,9.604384497e-05,0,0,102,43,0.002542157523,0.00254215752,1.286038025
3390,0.671875,0.765625,183.2494921,183.2494921,6,2968,2869,1,0,0,0,0,1,2721.242189,0,0,0,0,0,9,6,0.0003674792358,0.0003674792355,0.08107564823
3391,0.640625,0.765625,218.5549504,218.5549504,6,2968,2709,1,0,0,0,0,1,937.3329225,0,0,0,0,0,13,5,0.001066856798,0.001066856796,0.9084577395
3392,0.625,0.78125,218.3264757,218.3264757,5,2709,2868,1,0,0,0,0,1,85.38883806,0,0,0,0,0,248,122,0.01171113254,0.01171113251,3.096878768
3393,0.59375,0.8125,257.9808947,-132.4148081,5,2868,2849,0,0,0,0,0,0,384.0145349,-387.8400356,333.1064278,0.0003979754421,0,0,86,45,0.002604068099,0.002604068097,1.928413807
3394,0.625,0.84375,288.2859901,24.14255985,5,2868,2705,0,0,0,0,0,0,1469.921683,-245.2620654,927.3996365,0.0003979754421,0,0,8,4,0.0006803083533,0.0006803083527,0.8027447177
3395,0.65625,0.8125,270.8715172,-130.1420519,5,2868,2848,0,0,0,0,0,0,280.7905566,-400.0657744,252.5667874,0.0003979754421,0,0,100,42,0.003561373331,0.003561373328,2.06939714
3396,0.640625,0.796875,238.9154313,-19.49965955,6,2968,2868,0,0,0,0,0,0,89.14548429,-263.5857035,88.38871119,9.604384497e-05,0,0,162,79,0.01121761812,0.01121761811,6.281216168
3397,0.6875,0.765625,829.9283836,275.1554832,6,2869,2989,0,0,0,0,0,0,2690.365888,91.24551645,2137.937598,9.604384497e-05,0,0,8,4,0.0003716966545,0.0003716966533,0.2126962406
3398,0.671875,0.78125,440.7669531,18.83653656,6,2989,2968,0,0,0,0,0,0,2503.138046,-226.1761443,2017.990844,9.604384497e-05,0,0,9,5,0.0003994985421,0.0003994985418,0.541807808
3399,0.6875,0.796875,472.723039,89.98619441,6,2989,2848,0,0,0,0,0,0,372.2174996,-180.864165,359.370299,9.604384497e-05,0,0,17,10,0.002686601251,0.002686601248,2.480581643
3400,0.703125,0.78125,399.1929473,52.43609914,6,2989,2967,0,0,0,0,0,0,283.5217799,-211.4658677,276.0059927,9.604384497e-05,0,0,17,10,0.003527065894,0.003527065892,2.652359569
3401,0.6875,0.734375,148.0098989,148.0098989,6,2869,2991,1,1,1,0,0,1,103976.2391,351.5679383,42890.01897,8.242443043e-06,0,107.591495,4,4,9.617581947e-06,9.617581947e-06,0.02594855546
3402,0.703125,0.71875,524.1790631,106.4649979,6,2991,2974,0,0,0,0,0,0,23.49575347,-135.3153686,23.4428518,9.604384497e-05,0,0,52,34,0.04256088239,0.04256088239,4.897050503
3403,0.6875,0.703125,660.2022126,120.6420642,6,2991,2842,0,0,0,0,0,0,36.13063051,-103.5250526,36.00568629,9.604384497e-05,0,0,41,20,0.02767734706,0.02767734705,3.81947191
3404,0.671875,0.703125,449.6434544,41.12294131,6,2842,2973,0,0,0,0,0,0,146.4628764,-202.7577025,144.4311835,9.604384497e-05,0,0,43,20,0.006827668722,0.006827668718,1.498227019
3405,0.640625,0.703125,226.2833503,226.2833503,6,2973,2870,1,0,0,0,0,1,52.39757598,0,0,0,0,0,82,39,0.01908485233,0.01908485232,1.444571562
3406,0.640625,0.734375,200.4531172,200.4531172,6,2973,2709,1,1,1,0,0,1,1179.933234,-24.4244129,1396.21963,9.604384497e-05,0,332.1334197,182,182,0.0008475055801,0.0008475055801,1.688575092
3407,0.671875,0.734375,190.5677631,190.5677631,6,2973,2869,1,0,0,0,0,1,1567.552258,0,0,0,0,0,242,136,0.0006379372648,0.000637937263,0.751915361
3408,0.671875,0.71875,565.7530688,62.03499856,6,2991,2973,0,0,0,0,0,0,26.54863382,-177.2311088,26.48111141,9.604384497e-05,0,0,198,106,0.03766672164,0.03766672163,6.910086376
3409,0.640625,0.640625,206.312773,206.312773,6,2704,2972,1,0,0,0,0,1,16.80975382,0,0,0,0,0,513,253,0.05948927099,0.05948927097,1.316774365
3410,0.640625,0.671875,203.6914061,203.6914061,6,2972,2870,1,0,0,0,0,1,35202.92523,0,0,0,0,0,16,6,2.840673022e-05,2.840672942e-05,0.1122317397
3411,0.671875,0.671875,221.2845044,221.2845044,6,2972,2842,1,0,0,0,0,1,368.1345222,0,0,0,0,0,9,4,0.002716398326,0.002716398326,0.06481081905
3412,0.671875,0.640625,222.6362905,222.6362905,6,2972,2891,1,0,0,0,0,1,16.01801825,0,0,0,0,0,461,235,0.06242969539,0.06242969537,2.291769
3413,0.6875,0.640625,379.7944155,100.6563524,6,2891,2999,0,0,0,0,0,0,12.33348541,-128.8209862,12.318893,9.604384497e-05,0,0,454,217,0.08108008133,0.08108008129,4.089269986
3414,0.671875,0.65625,220.6396751,220.6396751,6,2999,2972,1,0,0,0,0,1,71.94876607,0,0,0,0,0,544,277,0.01389877902,0.01389877898,12.81376361
3415,0.6875,0.671875,489.3265373,195.1857079,6,2999,2842,0,0,0,0,0,0,132379.8521,-32.94490105,9652.708615,9.604384497e-05,0,0,1,1,7.55401962e-06,7.55401962e-06,0.08923944162
3416,0.703125,0.65625,381.4526949,97.119647,6,2999,2975,0,0,0,0,0,0,9.874543046,-132.9180919,9.86518701,9.604384497e-05,0,0,401,194,0.101270509,0.1012705089,5.550219112
3417,0.640625,0.75,153.5911428,153.5911428,6,2709,2988,1,0,0,0,0,1,1.554512057e+14,0,0,0,0,0,1,0,6.432886741e-15,0,0.006432886741
3418,0.65625,0.765625,408.8108671,71.12830532,6,2988,2968,0,0,0,0,0,0,40.95666304,-108.2575477,40.79618572,9.604384497e-05,0,0,11,5,0.02441605164,0.02441605164,1.432648849
3419,0.671875,0.75,148.1942944,148.1942944,6,2988,2869,1,1,1,0,0,1,89316.39644,-152.4492978,94229.1084,8.242443043e-06,0,143.6950789,1,1,1.119615255e-05,1.119615255e-05,0.05292889971
3420,0.65625,0.734375,82.63506609,82.63506609,6,2988,2973,1,1,1,0,0,1,12272.34634,504.712688,10866.85804,8.242443043e-06,0,278.0279585,73,73,8.148401067e-05,8.148401067e-05,0.1182617744
3421,0.640625,0.4375,738.1855605,145.5769882,6,2864,3013,0,0,0,0,0,0,392191.9861,-9.381667926,10142.64447,9.604384497e-05,0,0,5,2,2.549771631e-06,2.549771212e-06,0.1244091506
3422,0.65625,0.453125,114.9201085,114.9201085,6,3013,3009,1,1,1,0,0,1,709220.9367,-60.59352063,41423.91923,2.267583296e-05,0,119.2266678,2,2,1.409997856e-06,1.409997856e-06,0.009993653684
3423,0.671875,0.4375,301.5730865,40.2787501,6,3013,2836,0,0,0,0,0,0,1274.593917,-85.80632916,1135.579762,9.604384497e-05,0,0,20,12,0.0007845636063,0.0007845636045,1.724099214
3424,0.640625,0.390625,20.81671238,20.81671238,6,2699,3008,0,0,0,0,0,0,1e+300,0,1e+300,0,0,0,0,0,0,0,0
3425,0.640625,0.421875,499.0626111,175.2370467,6,3008,2864,0,0,0,0,0,0,8.925277008e+13,-5.049918173e-08,10411.91135,9.604384497e-05,0,0,1,0,1.120413405e-14,0,0.01120413405
3426,0.671875,0.421875,62.45013714,57.64950762,6,3008,2836,0,0,0,0,0,0,5154.277771,-88.71396236,3447.592909,9.604384497e-05,0,0,5,1,0.0001940136028,0.0001940136009,0.2042606298
3427,0.671875,0.390625,206.7410093,37.13996836,6,3008,2889,0,0,0,0,0,0,1238.849756,-73.0636729,1107.120275,9.604384497e-05,0,0,4,1,0.0008072003849,0.0008072003842,0.8498334919
3428,0.65625,0.421875,280.7563741,123.2138422,6,3013,3008,0,0,0,0,0,0,7.251193949e+11,-7.461033391e-07,10411.91121,9.604384497e-05,0,0,2,0,1.379083234e-12,0,1.379083234
3429,0.578125,0.578125,189.232631,189.232631,6,2840,3002,1,0,0,0,0,1,4.59767917,0,0,0,0,0,1063,562,0.2175010398,0.2175010396,13.26555307
3430,0.578125,0.609375,431.7181029,11.34593886,6,3002,2845,0,0,0,0,0,0,459.5506939,-196.6171986,440.1248945,9.604384497e-05,0,0,37,17,0.002176038494,0.002176038491,1.888863235
3431,0.609375,0.609375,195.6288152,195.6288152,6,3002,2704,1,0,0,0,0,1,179.161155,0,0,0,0,0,36,22,0.005581567052,0.005581567051,0.2328673152
3432,0.609375,0.578125,172.0255304,172.0255304,6,3002,2866,1,0,0,0,0,1,4.795682322,0,0,0,0,0,939,484,0.2085209013,0.2085209012,3.715700143
3433,0.625,0.578125,208.1184583,208.1184583,6,2866,3006,1,1,1,0,0,1,48.86358199,55.68051629,48.63533406,9.604384497e-05,0,99.59392554,156,156,0.02046513905,0.02046513905,2.085491303
3434,0.609375,0.59375,166.9470025,-193.3344992,6,3006,3002,0,0,0,0,0,0,45.90317753,-366.1724723,45.70169168,9.604384497e-05,0,0,192,99,0.02178498426,0.02178498426,0.2496362055
3435,0.625,0.609375,120.6695142,0.3512357598,6,3006,2704,0,0,0,0,0,0,577.554934,-175.6812612,547.2013488,9.604384497e-05,0,0,30,16,0.001731437031,0.001731437029,2.171580988
3436,0.640625,0.609375,196.8097287,196.8097287,6,2704,2992,1,0,0,0,0,1,842.4061333,0,0,0,0,0,68,39,0.001187075878,0.001187075875,0.1239528285
3437,0.671875,0.609375,213.1332463,213.1332463,6,2992,2891,1,0,0,0,0,1,699.0847942,0,0,0,0,0,57,30,0.001430441641,0.001430441639,0.4714595565
3438,0.671875,0.578125,162.5487586,117.386932,6,2992,2843,0,0,0,0,0,0,11.77276761,-75.38702599,11.75947116,9.604384497e-05,0,0,632,317,0.08494179387,0.08494179377,14.75723952
3439,0.640625,0.578125,196.4891861,196.4891861,6,2992,2866,1,1,1,0,0,1,20.65508659,23.28324364,20.61419224,9.604384497e-05,0,106.2409133,235,235,0.04841422454,0.04841422454,11.90108519
3440,0.640625,0.59375,174.8524337,56.51453013,6,3006,2992,0,0,0,0,0,0,6.41553419,-117.504086,6.411583549,9.604384497e-05,0,0,161,86,0.1558716656,0.1558716656,1.154539991
3441,0.078125,0.296875,-177.9569726,-479.0518255,6,2736,3213,0,0,0,0,0,0,4.711604975e+12,3.437355645e-07,10411.91133,9.604384497e-05,0,0,1,0,2.122419017e-13,0,0.2122419017
3442,0.109375,0.296875,-173.0920606,-403.4659938,6,3213,2760,0,0,0,0,0,0,512.1141333,-127.5755758,488.1064187,9.604384497e-05,0,0,6,4,0.001952689713,0.001952689713,1.305332174
3443,0.109375,0.265625,-364.6051917,-343.6021211,6,3213,2677,0,0,0,0,0,0,355.762766,-49.06183768,344.0084034,9.604384497e-05,0,0,6,4,0.002810861888,0.002810861887,1.263086174
3444,0.078125,0.265625,-272.751107,-484.3001045,6,3213,2759,0,0,0,0,0,0,1.353224115e+12,2.922682256e-07,10411.91127,9.604384497e-05,0,0,1,0,7.389758937e-13,0,0.7389758937
3445,0.109375,0.3125,-77.33549504,-77.33549504,6,2760,3255,0,0,0,0,0,0,1e+300,0,1e+300,0,0,0,0,0,0,0,0
3446,0.09375,0.296875,-175.5245166,-175.5245166,6,3255,3213,0,0,0,0,0,0,1e+300,0,1e+300,0,0,0,0,0,0,0,0
3447,0.078125,0.3125,-82.200407,-82.200407,6,3255,2736,0,0,0,0,0,0,1e+300,0,1e+300,0,0,0,0,0,0,0,0
3448,0.09375,0.328125,-80.7303822,-80.7303822,6,3255,3212,0,0,0,0,0,0,1e+300,0,1e+300,0,0,0,0,0,0,0,0
3449,0.765625,0.734375,267.74992,267.74992,6,2658,2979,1,0,0,0,0,1,58821.10669,0,0,0,0,0,8,4,1.700070019e-05,1.700070015e-05,0.03310337497
3450,0.796875,0.734375,285.6306048,285.6306048,6,2979,2919,1,0,0,0,0,1,21291.50058,0,0,0,0,0,8,2,4.696709826e-05,4.696709727e-05,0.8019928481
3451,0.796875,0.703125,266.7901742,266.7901742,6,2979,2893,1,0,0,0,0,1,93.35533679,0,0,0,0,0,52,27,0.0107117604,0.0107117604,0.2830715941
3452,0.765625,0.703125,257.9505303,257.9505303,6,2979,2892,1,0,0,0,0,1,504.8433636,0,0,0,0,0,17,8,0.00198081241,0.001980812409,0.3704471504
3453,0.765625,0.6875,505.3284163,-44.3586636,6,2892,2983,0,0,0,0,0,0,73.49128618,-286.012573,72.97619207,9.604384497e-05,0,0,15,11,0.01360705537,0.01360705536,0.3749382007
3454,0.78125,0.703125,250.9717092,250.9717092,6,2983,2979,1,0,0,0,0,1,5500.584488,0,0,0,0,0,15,7,0.000181798862,0.0001817988603,0.01933692979
3455,0.796875,0.6875,371.7290618,257.8086106,6,2983,2893,0,0,0,0,0,0,27.78015719,7.312816425,27.70623383,9.604384497e-05,0,0,37,19,0.03599691654,0.03599691654,0.6987549942
3456,0.796875,0.671875,256.8463456,-241.1989936,6,2893,2982,0,0,0,0,0,0,215.4651035,-500.5569186,211.096649,9.604384497e-05,0,0,43,26,0.004641122779,0.004641122775,0.09518762408
3457,0.796875,0.640625,247.0609796,391.8113854,6,2982,2897,0,0,0,0,0,0,11.38565528,149.6938542,11.37321842,9.604384497e-05,0,0,1191,632,0.08782981524,0.08782981521,3.035352651
3458,0.765625,0.640625,160.6802676,92.81298277,6,2982,2718,0,0,0,0,0,0,1.739328884,-151.5890437,1.739038375,9.604384497e-05,0,0,1448,752,0.5749343952,0.574934395,9.27480567
3459,0.765625,0.671875,390.4457001,115.1781264,6,2982,2892,0,0,0,0,0,0,1.675837253,-135.3379138,1.675567564,9.604384497e-05,0,0,795,384,0.5967166552,0.5967166551,5.38846841
3460,0.78125,0.671875,323.6460228,601.7826796,6,2983,2982,0,0,0,0,0,0,104.0625441,358.2509307,103.0327761,9.604384497e-05,0,0,31,19,0.00960960554,0.009609605535,0.2038988289
3461,0.609375,0.640625,202.2776378,202.2776378,6,2704,3035,1,0,0,0,0,1,14.23100548,0,0,0,0,0,745,352,0.07026910372,0.07026910369,1.686940292
3462,0.578125,0.640625,166.5699201,166.5699201,6,3035,2845,1,1,1,0,0,1,21.99097929,-48.05467916,21.94463005,9.604384497e-05,0,104.4291377,541,541,0.04547319094,0.04547319094,15.21341895
3463,0.578125,0.671875,167.3142508,-282.5316127,6,3035,2841,0,0,0,0,0,0,39.48703489,-491.7296092,39.33784663,9.604384497e-05,0,0,48,31,0.02532476806,0.02532476806,0.08965091731
3464,0.609375,0.671875,199.6562709,199.6562709,6,3035,2870,1,0,0,0,0,1,708.0289108,0,0,0,0,0,37,21,0.001412371705,0.001412371702,0.1074994619
3465,0.578125,0.625,578.1609219,82.87145231,6,2845,3054,0,0,0,0,0,0,814.3475069,-113.6858287,755.275124,9.604384497e-05,0,0,29,12,0.00122797699,0.001227976986,2.268572255
3466,0.59375,0.640625,248.4917242,-183.6509046,6,3054,3035,0,0,0,0,0,0,12.74191103,-371.3269236,12.72633677,9.604384497e-05,0,0,489,227,0.07848116326,0.07848116324,0.5592867048
3467,0.609375,0.625,141.1096569,141.1096569,6,3054,2704,1,1,1,0,0,1,3203.60547,121.1287358,3300.562698,8.242443043e-06,0,268.4532594,7,7,0.0003121482996,0.0003121482996,1.327614725
3468,0.59375,0.609375,238.9977956,25.20634228,6,3054,3002,0,0,0,0,0,0,649.194418,-155.8143542,611.0921341,9.604384497e-05,0,0,29,13,0.001540370607,0.001540370604,1.626639442
3469,0.609375,0.5,200.7802967,95.02618803,6,2717,3068,0,0,0,0,0,0,2.332802606,-66.1485355,2.332280056,9.604384497e-05,0,0,393,184,0.4286689312,0.4286689311,10.59033602
3470,0.59375,0.484375,138.1782463,138.1782463,6,3068,3016,1,0,0,0,0,1,2679.907014,0,0,0,0,0,18,8,0.0003731472752,0.0003731472745,1.118093454
3471,0.578125,0.5,130.2278161,130.2278161,6,3068,2865,1,0,0,0,0,1,28.99121086,0,0,0,0,0,176,97,0.03449321261,0.03449321261,0.4974431408
3472,0.578125,0.546875,175.3627724,175.3627724,6,2840,3003,1,1,1,0,0,1,3143.648471,-32.58472858,2959.227047,8.242443043e-06,0,56.2688608,7,7,0.0003181017246,0.0003181017246,1.906919024
3473,0.609375,0.546875,163.7001407,163.7001407,6,3003,2866,1,0,0,0,0,1,1399.000105,0,0,0,0,0,35,16,0.0007147962294,0.000714796228,2.011611822
3474,0.609375,0.515625,205.3522804,49.70849764,6,3003,2717,0,0,0,0,0,0,3.125775533,-120.9435383,3.124837421,9.604384497e-05,0,0,413,193,0.3199206051,0.3199206051,7.879970978
3475,0.578125,0.515625,139.7042244,139.7042244,6,3003,2865,1,0,0,0,0,1,2.253673302,0,0,0,0,0,1380,692,0.4437200365,0.4437200364,17.62521565
3476,0.59375,0.515625,194.0328543,83.01441783,6,3068,3003,0,0,0,0,0,0,1.631014722,-83.28879554,1.630759265,9.604384497e-05,0,0,565,259,0.6131152506,0.6131152504,21.19920531
3477,0.578125,0.421875,106.8975182,58.08892923,6,2835,3017,0,0,0,0,0,0,9.764512816,-77.045029,9.755364027,9.604384497e-05,0,0,16,10,0.1024116634,0.1024116634,0.2755213042
3478,0.609375,0.421875,171.5055956,171.5055956,6,3017,2864,1,0,0,0,0,1,4454.996699,0,0,0,0,0,6,1,0.0002244670575,0.0002244670563,0.6809875538
3479,0.609375,0.390625,35.63250605,153.0157946,6,3017,2699,0,0,0,0,0,0,109.191149,16.13796779,108.0579306,9.604384497e-05,0,0,2,1,0.009158251461,0.009158251461,0.4717968023
3480,0.578125,0.390625,80.97946282,42.29112004,6,3017,2839,0,0,0,0,0,0,3.033295406,-65.44462622,3.032411976,9.604384497e-05,0,0,11,8,0.3296744517,0.3296744517,0.7269189966
3481,0.609375,0.4375,204.9894688,204.9894688,6,2864,3019,1,1,1,0,0,1,686.93576,59.13732258,644.419565,9.604384497e-05,0,238.9354997,19,19,0.001455740199,0.001455740199,0.8942430889
3482,0.59375,0.421875,310.3879615,147.9510575,6,3019,3017,0,0,0,0,0,0,10.40382788,37.58736361,10.3934425,9.604384497e-05,0,0,8,3,0.0961184683,0.0961184683,0.4436414543
3483,0.578125,0.4375,346.0204675,47.48885672,6,3019,2835,0,0,0,0,0,0,1.367181916,-62.00290283,1.367002415,9.604384497e-05,0,0,583,291,0.7314315589,0.7314315589,12.75682375
3484,0.59375,0.453125,363.4128921,75.70755485,6,3019,3016,0,0,0,0,0,0,0.6861176089,-26.41664689,0.6860723985,9.604384497e-05,0,0,588,293,1.457476076,1.457476075,46.36733219
3485,0.546875,0.671875,175.4616368,175.4616368,6,2841,3036,1,0,0,0,0,1,1e+300,0,0,0,0,0,0,0,0,0,0
3486,0.546875,0.640625,152.5887279,152.5887279,6,3036,2845,1,1,1,0,0,1,302.4654437,-11.93561591,370.9040337,9.604384497e-05,0,248.8486192,52,52,0.003306162806,0.003306162806,2.399009283
3487,0.515625,0.640625,156.1364754,45.13027358,6,3036,2710,0,0,0,0,0,0,134.4988839,-135.35641,132.783613,9.604384497e-05,0,0,18,11,0.007435005937,0.007435005936,1.87061588
3488,0.515625,0.671875,215.3850061,73.55457259,6,3036,2844,0,0,0,0,0,0,1233.434838,-102.8350547,1102.793681,9.604384497e-05,0,0,4,1,0.0008107440855,0.0008107440854,0.51429679
3489,0.5625,0.640625,167.7415087,167.7415087,6,2845,3053,1,1,1,0,0,1,346.9771354,-40.61489694,335.7870263,9.604384497e-05,0,55.44150455,30,30,0.002882034284,0.002882034284,0.5448223376
3490,0.546875,0.65625,191.0835112,191.0835112,6,3053,3036,1,1,1,0,0,1,1832.237118,25.33005288,1558.057742,9.604384497e-05,0,215.4408409,33,33,0.0005457808873,0.0005457808873,2.68602193
3491,0.5625,0.671875,360.0345581,333.98442,6,3053,2841,0,0,0,0,0,0,1.977555724,131.0387319,1.977180194,9.604384497e-05,0,0,10,7,0.5056747519,0.5056747519,1.347017295
3492,0.578125,0.65625,304.2631412,36.09307461,6,3053,3035,0,0,0,0,0,0,1.375010629,-163.3918148,1.374829067,9.604384497e-05,0,0,784,376,0.7272671053,0.7272671052,3.657644423
3493,0.046875,0.296875,-86.10288779,-422.7875098,6,2736,3214,0,0,0,0,0,0,10.0006481,246.0241375,9.991051687,9.604384497e-05,0,0,7,4,0.09999351943,0.09999351943,2.239627468
3494,0.046875,0.265625,-180.8970222,-1121.040544,6,3214,2759,0,0,0,0,0,0,43.15322849,-446.9806174,42.97511375,9.604384497e-05,0,0,2,2,0.0231732372,0.0231732372,0.4585318044
3495,0.015625,0.265625,-863.6012213,-863.6012213,6,3214,2662,1,0,0,0,0,1,1e+300,0,0,0,0,0,1,1,0,0,0
3496,0.015625,0.296875,-919.4731075,-919.4731075,6,3214,2741,1,0,0,0,0,1,367358.1492,0,0,0,0,0,23,11,2.72213915e-06,2.722136778e-06,2.018517008
3497,0,0.296875,-162.9556704,8.811730778,6,2741,3218,0,0,0,0,0,0,390.1175446,1053.901486,376.0283674,9.604384497e-05,0,0,19,9,0.002563329986,0.002563329984,1.211499435
3498,0.015625,0.28125,-891.5371644,-891.5371644,6,3218,3214,1,0,0,0,0,1,1e+300,0,0,0,0,0,0,0,0,0,0
3499,0,0.265625,-114.6605316,-363.4966249,6,3218,2662,0,0,0,0,0,0,7530.509569,625.7491589,4369.923012,9.604384497e-05,0,0,1,1,0.0001327931385,0.0001327931385,0.2524470245
3500,0.515625,0.625,293.0853658,123.0898648,6,2710,3052,0,0,0,0,0,0,85.89457955,-61.18042326,85.19177757,9.604384497e-05,0,0,19,12,0.01164217818,0.01164217818,3.474321272
3501,0.53125,0.640625,315.4017632,60.8564533,6,3052,3036,0,0,0,0,0,0,59.23145851,-81.20054576,58.89640763,9.604384497e-05,0,0,23,15,0.01688292041,0.01688292041,3.909446189
3502,0.546875,0.625,184.6634414,184.6634414,6,3052,2845,1,0,0,0,0,1,41368.91678,0,0,0,0,0,3,1,2.417273832e-05,2.4172738e-05,0.0428226408
3503,0.546875,0.578125,172.2874845,51.20370364,6,2840,3001,0,0,0,0,0,0,13.43471663,-124.3415255,13.41740387,9.604384497e-05,0,0,412,198,0.07443402248,0.07443402242,21.9514858
3504,0.515625,0.578125,194.5408431,61.9034457,6,3001,2846,0,0,0,0,0,0,248.0362329,-54.27574162,242.2649125,9.604384497e-05,0,0,49,26,0.004031669036,0.00403166903,4.574972993
3505,0.515625,0.609375,146.6425468,59.24484482,6,3001,2710,0,0,0,0,0,0,8260.470921,-134.6316179,4606.123081,9.604384497e-05,0,0,5,2,0.0001210584735,0.0001210584732,0.1832083346
3506,0.546875,0.609375,194.2634474,194.2634474,6,3001,2845,1,0,0,0,0,1,16829.31658,0,0,0,0,0,14,8,5.942011937e-05,5.942011852e-05,0.4825809659
3507,0.53125,0.609375,305.9078346,18.41080544,6,3052,3001,0,0,0,0,0,0,6803.975563,-137.0359728,4114.942829,9.604384497e-05,0,0,5,2,0.000146972897,0.0001469728967,0.2224268895
3508,0.421875,0.453125,53.98533958,53.98533958,6,2784,3097,1,1,1,0,0,1,1300.570774,-72.55572597,1156.153533,9.604384497e-05,0,283.4879545,23,23,0.0007688931811,0.0007688931811,1.227454819
3509,0.390625,0.453125,66.87290742,66.87290742,6,3097,2816,1,1,1,0,0,1,2623.907773,-47.54712801,2095.755916,9.604384497e-05,0,108.306483,14,14,0.0003811109561,0.0003811109561,1.057403283
3510,0.390625,0.484375,169.9266489,74.58270297,6,3097,2691,0,0,0,0,0,0,110.5701122,-55.81852629,109.4082428,9.604384497e-05,0,0,22,9,0.00904403532,0.009044035315,0.9899681144
3511,0.421875,0.484375,236.0203553,57.70481192,6,3097,2815,0,0,0,0,0,0,114.9173366,-46.60876314,113.6628283,9.604384497e-05,0,0,18,7,0.008701907211,0.008701907206,1.630347136
3512,0.375,0.484375,196.7335035,38.0411214,6,2691,3285,0,0,0,0,0,0,213.7646457,-86.32735194,209.464183,9.604384497e-05,0,0,5,3,0.004678042044,0.004678042042,0.2263634885
3513,0.390625,0.46875,187.3815947,86.16811304,6,3285,3097,0,0,0,0,0,0,43.20950442,-36.2710434,43.03092578,9.604384497e-05,0,0,5,3,0.02314305645,0.02314305645,0.9483645643
3514,0.375,0.453125,231.6433951,-2.188972154,6,3285,2816,0,0,0,0,0,0,9647.266469,-110.5776126,5007.507495,9.604384497e-05,0,0,10,6,0.0001036563055,0.0001036563054,0.1494202738
3515,0.28125,0.5,59.04496071,59.04496071,5,2661,2813,1,0,0,0,0,1,6.64553099,0,0,0,0,0,119,58,0.1504770652,0.1504770652,1.333889732
3516,0.3125,0.53125,44.40786213,30.10905202,5,2813,2794,0,0,0,0,0,0,3069.87656,-36.84434779,1381.747101,0.0003979754421,0,0,8,6,0.0003257459967,0.0003257459967,0.04650379685
3517,0.34375,0.5,107.9065733,107.9065733,5,2813,2691,1,0,0,0,0,1,69.50945759,0,0,0,0,0,26,16,0.01438653148,0.01438653148,1.297482005
3518,0.3125,0.46875,55.39261598,55.39261598,5,2813,2783,1,1,1,0,0,1,20591.49583,357.5990577,16482.05342,8.242443043e-06,0,63.57189971,13,13,4.856373758e-05,4.856373758e-05,0.0878635519
3519,0.328125,0.453125,92.0233409,92.0233409,6,2783,3291,1,1,1,0,0,1,914.6775906,76.9402131,840.8128873,9.604384497e-05,0,40.70105075,42,42,0.001093281404,0.001093281404,2.565354213
3520,0.328125,0.484375,89.33044586,14.11273922,6,3291,2813,0,0,0,0,0,0,129.4122639,-14.89363422,127.8235133,9.604384497e-05,0,0,8,5,0.007727242922,0.007727242921,0.2613086176
3521,0.359375,0.484375,53.42765351,53.42765351,6,3291,2691,1,0,0,0,0,1,128.5629121,0,0,0,0,0,5,3,0.007778293005,0.007778293005,0.4606266629
3522,0.359375,0.453125,124.6588061,124.6588061,6,3291,2816,1,1,1,0,0,1,774.6939426,63.97684727,1853.388546,9.604384497e-05,0,42.46840056,50,50,0.001290832347,0.001290832347,3.282826013
3523,0.359375,0.46875,45.45967405,45.45967405,6,3285,3291,1,0,0,0,0,1,1.138158399e+13,0,0,0,0,0,1,0,8.786123272e-14,0,0.08786123272
3524,0.203125,0.546875,251.3224155,-43.01588336,6,2743,2938,0,0,0,0,0,0,211946.2208,-44.35996699,9924.373989,9.604384497e-05,0,0,2,1,4.718178018e-06,4.718177943e-06,0.008969514797
3525,0.234375,0.546875,118.8107238,16.12705838,6,2938,2790,0,0,0,0,0,0,92.5652102,17.22739523,91.74952766,9.604384497e-05,0,0,171,86,0.01080319483,0.01080319481,15.7341084
3526,0.234375,0.515625,17.24005678,17.24005678,6,2938,2661,1,0,0,0,0,1,20.95604421,0,0,0,0,0,613,302,0.04771892968,0.04771892962,41.21690083
3527,0.203125,0.515625,-15.88389789,-15.88389789,6,2938,2765,1,0,0,0,0,1,1.19777881e+13,0,0,0,0,0,2,0,8.348786865e-14,0,0.08348786865
3528,0.234375,0.5625,136.6035346,30.13103202,6,2790,3342,0,0,0,0,0,0,111.9826535,21.87124762,110.7910685,9.604384497e-05,0,0,94,43,0.008929954494,0.008929954478,13.39257303
3529,0.21875,0.546875,185.0665697,19.49420653,6,3342,2938,0,0,0,0,0,0,80.78539037,10.22385281,80.16340734,9.604384497e-05,0,0,67,35,0.0123784758,0.01237847579,17.36776877
3530,0.203125,0.5625,269.1152264,118.3189029,6,3342,2743,0,0,0,0,0,0,7857.520971,107.614698,4478.070821,9.604384497e-05,0,0,2,1,0.0001272666028,0.0001272666027,0.2419407777
3531,0.203125,0.578125,238.5528852,54.11595328,6,2743,2937,0,0,0,0,0,0,1.425886238e+12,4.404475717e-07,10411.91128,9.604384497e-05,0,0,1,0,7.01318221e-13,0,0.701318221
3532,0.203125,0.609375,49.49151676,48.41906525,6,2937,2791,0,0,0,0,0,0,9.384573048e+12,-4.817951549e-08,10411.91134,9.604384497e-05,0,0,1,0,1.065578578e-13,0,0.1065578578
3533,0.234375,0.609375,46.5723023,46.5723023,6,2937,2690,1,1,1,0,0,1,6989.502017,-106.271863,4657.254617,5.778099445e-05,0,71.27144352,4,4,0.0001430717092,0.0001430717092,0.4439795042
3534,0.234375,0.578125,-37.81125344,-37.81125344,6,2937,2790,1,1,1,0,0,1,402.3674063,-89.50584274,387.3965014,9.604384497e-05,0,72.53839032,28,28,0.002485290768,0.002485290768,3.510553808
3535,0.21875,0.578125,172.2970393,62.04222287,6,3342,2937,0,0,0,0,0,0,1.000381665e+14,-5.590707985e-08,10411.91135,9.604384497e-05,0,0,1,0,9.996184802e-15,0,0.009996184802
3536,0.921875,0.796875,378.3731024,378.3731024,6,2901,3138,1,0,0,0,0,1,67.64784687,0,0,0,0,0,974,476,0.01478243649,0.01478243638,42.83566915
3537,0.921875,0.765625,347.4934383,347.4934383,6,3138,2917,1,0,0,0,0,1,98.5973034,0,0,0,0,0,49,17,0.01014226521,0.0101422652,0.6407249321
3538,0.890625,0.765625,355.4807553,355.4807553,6,3138,2725,1,0,0,0,0,1,135.7029021,0,0,0,0,0,25,17,0.007369039163,0.007369039161,0.5485235185
3539,0.890625,0.796875,319.0762221,319.0762221,6,3138,2920,1,1,1,0,0,1,72.63384688,-57.32317072,72.13066049,9.604384497e-05,0,73.16450493,340,340,0.01376768604,0.01376768604,31.33076407
3540,0.953125,0.796875,371.3365541,371.3365541,6,2901,3137,1,0,0,0,0,1,110.8926627,0,0,0,0,0,492,244,0.009017729175,0.00901772912,15.48368509
3541,0.984375,0.796875,386.6389389,386.6389389,6,3137,2934,1,0,0,0,0,1,1942.292359,0,0,0,0,0,56,25,0.0005148555497,0.0005148555451,2.43949005
3542,0.984375,0.765625,359.5046161,-155.2123783,6,3137,2671,0,0,0,0,0,0,599.5833004,-498.2213196,566.9355858,9.604384497e-05,0,0,13,7,0.00166782497,0.001667824969,0.807571459
3543,0.953125,0.765625,460.3059834,-208.4530379,6,3137,2917,0,0,0,0,0,0,26.05788812,-548.9066867,25.99283585,9.604384497e-05,0,0,39,17,0.03837609539,0.03837609539,0.4521022729
3544,0.984375,0.78125,536.8054775,569.7795614,6,3140,3137,0,0,0,0,0,0,26.39183307,202.7418117,26.3251049,9.604384497e-05,0,0,17,12,0.03789050944,0.03789050944,1.048921175
3545,1,0.765625,411.1323074,-82.41679435,6,3140,2671,0,0,0,0,0,0,76.12300212,-441.1481326,75.57049521,9.604384497e-05,0,0,9,6,0.01313663377,0.01313663377,0.3610960997
3546,1,0.796875,765.7340301,79.03268885,6,2934,3140,0,0,0,0,0,0,9342.713899,-323.2409456,4924.189028,9.604384497e-05,0,0,4,1,0.0001070352802,0.0001070352797,0.1855352601
3547,0.984375,0.8125,891.4072002,578.9670992,6,2934,3139,0,0,0,0,0,0,15.0213987,195.5658242,14.99975835,9.604384497e-05,0,0,12,7,0.06657169683,0.06657169682,1.150900451
3548,0.96875,0.796875,351.6605156,351.6605156,6,3139,3137,1,1,1,0,0,1,3330.301312,3.517067093,2523.232799,9.604384497e-05,0,165.4047897,30,30,0.0003002731304,0.0003002731304,2.307215467
3549,0.953125,0.8125,432.6393131,432.6393131,6,3139,2901,1,1,1,0,0,1,33630.63741,229.4972582,39060.29861,8.242443043e-06,0,217.5381975,4,4,2.973479175e-05,2.973479175e-05,0.2252579146
3550,0.953125,0.828125,402.1236372,402.1236372,6,2901,3136,1,0,0,0,0,1,124.6756423,0,0,0,0,0,22,5,0.008020812902,0.008020812894,1.060296754
3551,0.953125,0.859375,455.1326955,455.1326955,6,3136,2933,1,1,1,0,0,1,190.1446094,23.12980292,253.6137549,9.604384497e-05,0,81.77714581,190,190,0.005259155141,0.005259155141,20.22322052
3552,0.984375,0.859375,423.6595228,423.6595228,6,3136,2727,1,0,0,0,0,1,294.5734364,0,0,0,0,0,229,116,0.003394739228,0.003394739199,14.32687931
3553,0.984375,0.828125,707.09701,-503.1575861,6,3136,2934,0,0,0,0,0,0,91.45319968,-920.4951828,90.65691314,9.604384497e-05,0,0,17,10,0.01093455454,0.01093455454,0.2107328426
3554,0.96875,0.828125,655.4693187,-12.81927582,6,3139,3136,0,0,0,0,0,0,15.79213596,-391.7710251,15.76821971,9.604384497e-05,0,0,12,6,0.06332265645,0.06332265645,1.116461312
3555,0.03125,0.5,-705.9240008,-705.9240008,5,2652,2763,1,1,1,0,0,1,858.3921616,-24.64585823,1843.162983,0.0003979754421,0,92.05309008,62,62,0.001164968699,0.001164968699,0.1882159895
3556,0.0625,0.53125,-327.5329147,-327.5329147,5,2763,2744,1,0,0,0,0,1,12.76551553,0,0,0,0,0,280,132,0.07833604509,0.07833604506,0.6327598957
3557,0.09375,0.5,-250.7010618,-250.7010618,5,2763,2689,1,0,0,0,0,1,21.15539928,0,0,0,0,0,169,79,0.04726925674,0.04726925673,0.3195886769
3558,0.0625,0.46875,-395.1342636,-395.1342636,5,2763,2737,1,0,0,0,0,1,703.8452269,0,0,0,0,0,28,18,0.001420766898,0.001420766897,0.1942080432
3559,0.046875,0.546875,-367.2358505,-367.2358505,6,2744,3268,1,1,1,0,0,1,83.04781074,-13.50292517,84.71380633,9.604384497e-05,0,252.3273982,81,81,0.01204125661,0.01204125661,13.73929613
3560,0.046875,0.515625,-379.1333842,-379.1333842,6,3268,2763,1,0,0,0,0,1,23.19157512,0,0,0,0,0,121,61,0.04311910662,0.0431191066,0.5138161348
3561,0.015625,0.515625,-480.245509,-480.245509,6,3268,2652,1,0,0,0,0,1,283.3673684,0,0,0,0,0,75,41,0.003528987849,0.003528987842,0.4655587794
3562,0.015625,0.546875,-579.2941782,-579.2941782,6,3268,2748,1,1,1,0,0,1,889.2691409,-238.4467918,991.5665492,9.604384497e-05,0,114.9171275,114,114,0.001124518949,0.001124518949,12.38210778
3563,0,0.546875,-572.0027445,-572.0027445,6,2748,3272,1,1,1,0,0,1,1884.268033,-149.8829852,1834.329715,9.604384497e-05,0,91.97482721,55,55,0.0005307100596,0.0005307100596,7.492371291
3564,0.015625,0.53125,-968.7564156,-968.7564156,6,3272,3268,1,1,1,0,0,1,651.2264871,-284.2087214,5463.333433,9.604384497e-05,0,253.3523007,148,148,0.001535564078,0.001535564078,0.1379855606
3565,0,0.515625,-619.998444,-619.998444,6,3272,2652,1,1,1,0,0,1,775.0687389,-97.94534622,1562.044009,9.604384497e-05,0,224.3813252,142,142,0.001290208145,0.001290208145,0.7545913544
3566,0.953125,0.703125,336.547411,31.38665471,6,2894,3125,0,0,0,0,0,0,65.80288315,-291.5914377,65.38962322,9.604384497e-05,0,0,45,24,0.01519690251,0.0151969025,3.304322699
3567,0.953125,0.734375,328.4105823,328.4105823,6,3125,2917,1,0,0,0,0,1,2940.429332,0,0,0,0,0,210,107,0.0003400863912,0.0003400863882,1.060579811
3568,0.984375,0.734375,268.070101,221.8455566,6,3125,2671,0,0,0,0,0,0,139.346989,-108.9488275,137.5066793,9.604384497e-05,0,0,43,22,0.007176330159,0.007176330153,3.804125018
3569,0.984375,0.703125,366.4006082,88.48213554,6,3125,2932,0,0,0,0,0,0,56.12887353,-210.3622067,55.82791458,9.604384497e-05,0,0,64,33,0.01781614234,0.01781614232,6.237953941
3570,0.984375,0.75,284.2321297,287.3001174,6,2671,3162,0,0,0,0,0,0,326.0952836,-46.99535433,316.1923158,9.604384497e-05,0,0,16,7,0.003066588357,0.003066588354,2.065406555
3571,0.96875,0.734375,318.4707847,-16.4473494,6,3162,3125,0,0,0,0,0,0,552.4990581,-346.8346753,524.6585087,9.604384497e-05,0,0,19,10,0.001809957837,0.001809957834,1.74712435
3572,0.953125,0.75,385.033497,58.9757221,6,3162,2917,0,0,0,0,0,0,45.51875702,-272.7644572,45.32062448,9.604384497e-05,0,0,22,8,0.02196896544,0.02196896544,0.7095847168
3573,0.96875,0.765625,225.2845501,161.5995826,6,3162,3137,0,0,0,0,0,0,555.6067939,-181.0023006,527.4601426,9.604384497e-05,0,0,18,6,0.001799834003,0.001799833998,0.9929868262
3574,0.9375,0.765625,510.7066671,66.53880158,6,2917,3165,0,0,0,0,0,0,4.42534219,-275.4782862,4.4234621,9.604384497e-05,0,0,51,19,0.225971226,0.2259712259,1.241651091
3575,0.921875,0.78125,371.8404026,-550.8413478,6,3165,3138,0,0,0,0,0,0,25.78716991,-910.7624788,25.72346064,9.604384497e-05,0,0,474,239,0.03877897433,0.03877897432,4.175712889
3576,0.9375,0.796875,661.2516399,-230.7404962,6,3165,2901,0,0,0,0,0,0,7.21747833,-603.6305999,7.212478681,9.604384497e-05,0,0,543,247,0.1385525462,0.1385525462,11.87438132
3577,0.953125,0.78125,350.9577202,438.3297226,6,3165,3137,0,0,0,0,0,0,9.272694696,85.45093083,9.264443919,9.604384497e-05,0,0,265,135,0.1078435161,0.1078435161,0.6247115442
3578,0.890625,0.640625,252.604153,252.604153,6,2707,3123,1,0,0,0,0,1,609.1615128,0,0,0,0,0,275,141,0.001641600756,0.001641600747,3.876361588
3579,0.890625,0.671875,342.7709558,38.61462302,6,3123,2918,0,0,0,0,0,0,152.4123135,-237.1964762,150.2134493,9.604384497e-05,0,0,62,28,0.006561149665,0.006561149659,2.200127259
3580,0.921875,0.671875,323.0962073,-146.4048429,6,3123,2894,0,0,0,0,0,0,646.9548892,-439.1521743,609.1073721,9.604384497e-05,0,0,78,34,0.001545702825,0.001545702819,0.8983846633
3581,0.921875,0.640625,388.2705281,-243.4445052,6,3123,2930,0,0,0,0,0,0,10.14002441,-499.9407755,10.13015878,9.604384497e-05,0,0,730,362,0.09861909196,0.09861909193,8.78515007
3582,0.9375,0.640625,468.5475471,193.1850203,6,2930,3127,0,0,0,0,0,0,2.938691297,-87.98816014,2.937862105,9.604384497e-05,0,0,512,261,0.340287529,0.3402875289,33.92716011
3583,0.921875,0.65625,355.6833677,20.4941947,6,3127,3123,0,0,0,0,0,0,3.901342534,-270.6074316,3.899881249,9.604384497e-05,0,0,509,250,0.2563220202,0.2563220202,19.99544468
3584,0.9375,0.671875,403.3732263,95.97481549,6,3127,2894,0,0,0,0,0,0,108.3502407,-221.449426,107.2343203,9.604384497e-05,0,0,46,19,0.00922932883,0.009229328823,3.615475198
3585,0.953125,0.671875,216.4809537,-10.56477164,6,2894,3126,0,0,0,0,0,0,138.2794543,-311.7162191,136.4670503,9.604384497e-05,0,0,53,29,0.00723173233,0.007231732324,5.000580001
3586,0.984375,0.671875,246.3341509,54.90629026,6,3126,2932,0,0,0,0,0,0,87.23664409,-222.111407,86.51180126,9.604384497e-05,0,0,43,23,0.01146307278,0.01146307277,7.234720948
3587,0.984375,0.640625,-92.12927084,464.566817,6,3126,2726,0,0,0,0,0,0,817.6812445,199.2523679,758.1418969,9.604384497e-05,0,0,17,8,0.00122297045,0.001222970449,0.8045071978
3588,0.953125,0.640625,281.6552745,-213.5546741,6,3126,2930,0,0,0,0,0,0,337.6445917,-478.4550604,327.0391425,9.604384497e-05,0,0,44,28,0.002961694114,0.002961694112,1.809066963
3589,0.953125,0.65625,249.0681141,224.8008376,6,3127,3126,0,0,0,0,0,0,104.7344264,-74.70490477,103.6913847,9.604384497e-05,0,0,49,30,0.009547958913,0.009547958907,3.761631243
3590,0.953125,0.578125,246.1442119,71.32784316,6,2895,3117,0,0,0,0,0,0,336.02261,-176.3076831,325.5172241,9.604384497e-05,0,0,16,9,0.002975990217,0.002975990214,3.876246562
3591,0.953125,0.609375,291.5430272,10.4483481,6,3117,2930,0,0,0,0,0,0,1199.446054,-236.6133978,1075.544017,9.604384497e-05,0,0,8,3,0.0008337181957,0.0008337181948,0.678960478
3592,0.984375,0.609375,-82.2415181,303.6280447,6,3117,2726,0,0,0,0,0,0,831.9159789,56.15223607,770.363611,9.604384497e-05,0,0,7,2,0.001202044468,0.001202044465,1.091451867
3593,0.984375,0.578125,85.77451693,447.530019,6,3117,2931,0,0,0,0,0,0,1227.803576,196.887501,1098.289956,9.604384497e-05,0,0,9,4,0.0008144625242,0.0008144625213,1.173036963
3594,0.9375,0.609375,478.4352999,61.12852956,6,2930,3121,0,0,0,0,0,0,286.2720759,-164.7352116,278.6117378,9.604384497e-05,0,0,16,8,0.003493180384,0.003493180382,2.794580344
3595,0.953125,0.59375,268.8436196,142.4365185,6,3121,3117,0,0,0,0,0,0,507.0572706,-83.92114427,483.5104426,9.604384497e-05,0,0,12,6,0.001972163813,0.001972163808,2.438286626
3596,0.9375,0.578125,433.0364846,76.30029237,6,3121,2895,0,0,0,0,0,0,136.3656439,-150.1372291,134.6027409,9.604384497e-05,0,0,33,16,0.007333225373,0.007333225364,7.362410137
3597,0.890625,0.609375,241.0435984,241.0435984,6,2707,3116,1,0,0,0,0,1,1507.547781,0,0,0,0,0,28,15,0.0006633288923,0.0006633288889,2.859990243
3598,0.921875,0.609375,398.1582808,-60.32662157,6,3116,2930,0,0,0,0,0,0,478.42028,-305.1610752,457.4029251,9.604384497e-05,0,0,38,19,0.002090212397,0.002090212394,1.724242191
3599,0.921875,0.578125,352.7594655,132.8090885,6,3116,2895,0,0,0,0,0,0,79.07025221,-112.5991454,78.4743018,9.604384497e-05,0,0,116,63,0.01264698129,0.01264698127,8.895920508
3600,0.890625,0.578125,215.2562353,71.09004367,6,3116,2916,0,0,0,0,0,0,52.37342369,-132.4179998,52.11129632,9.604384497e-05,0,0,111,58,0.01909365341,0.01909365339,15.74223086
3601,0.921875,0.59375,375.4588732,167.6584368,6,3121,3116,0,0,0,0,0,0,155.6220637,-56.4719336,153.330306,9.604384497e-05,0,0,37,18,0.006425824052,0.006425824043,5.560137582
3602,0.890625,0.859375,368.4909237,368.4909237,6,2706,3135,1,1,1,0,0,1,57.42260248,-14.80794383,91.79404259,9.604384497e-05,0,72.07377584,223,223,0.01741474536,0.01741474536,36.90327331
3603,0.921875,0.859375,417.7750141,417.7750141,6,3135,2933,1,1,1,0,0,1,340.7543582,-1.464421153,384.5746804,9.604384497e-05,0,94.13278243,122,122,0.002934665327,0.002934665327,18.99011023
3604,0.921875,0.828125,367.9541037,367.9541037,6,3135,2901,1,1,1,0,0,1,55.72196513,-19.44879313,55.42534245,9.604384497e-05,0,272.614618,13,13,0.01794624432,0.01794624432,2.139661244
3605,0.890625,0.828125,385.5509697,385.5509697,6,3135,2920,1,0,0,0,0,1,89.48741269,0,0,0,0,0,17,7,0.01117475598,0.01117475598,1.096988457
3606,0.890625,0.8125,976.6622858,-327.9379266,6,2920,3181,0,0,0,0,0,0,3657.012118,-723.1997867,2706.424985,9.604384497e-05,0,0,10,6,0.0002734472754,0.0002734472754,0.08018043399
3607,0.90625,0.828125,632.4391479,-101.3342808,6,3181,3135,0,0,0,0,0,0,49.01339822,-494.5179034,48.78375187,9.604384497e-05,0,0,14,5,0.02040258453,0.02040258452,0.3035501129
3608,0.921875,0.8125,816.5701795,-5.399014488,6,3181,2901,0,0,0,0,0,0,12.91770908,-402.518879,12.90170237,9.604384497e-05,0,0,4,2,0.07741310739,0.07741310739,0.4234542573
3609,0.90625,0.796875,348.2031833,348.2031833,6,3181,3138,1,1,1,0,0,1,274.2606978,-34.87686275,267.2217923,9.604384497e-05,0,62.42370771,307,307,0.003646165886,0.003646165886,14.43699223
3610,0.921875,0.625,420.8576885,200.4844604,6,2930,3122,0,0,0,0,0,0,4.59680026,-49.60184851,4.594771694,9.604384497e-05,0,0,276,135,0.217542626,0.2175426259,39.60121637
3611,0.90625,0.609375,317.8812618,79.96051173,6,3122,3116,0,0,0,0,0,0,323.9954646,-168.3924264,314.2177101,9.604384497e-05,0,0,34,18,0.003086462958,0.003086462955,2.692510176
3612,0.890625,0.625,296.219782,296.219782,6,3122,2707,1,1,1,0,0,1,4523.126668,50.24606154,3153.282482,9.604384497e-05,0,83.00507578,11,11,0.0002210860039,0.0002210860039,1.47366736
3613,0.90625,0.640625,307.993509,-160.6489756,6,3122,3123,0,0,0,0,0,0,17.68523047,-420.6637304,17.65524202,9.604384497e-05,0,0,423,216,0.05654435784,0.05654435782,10.46619188
3614,0.046875,0.578125,-306.5628814,-306.5628814,6,2744,3269,1,0,0,0,0,1,3.738619314,0,0,0,0,0,362,177,0.2674784234,0.2674784234,1.228547255
3615,0.015625,0.578125,-711.6129617,-711.6129617,6,3269,2748,1,1,1,0,0,1,27.29641285,-166.4061997,1083.98821,9.604384497e-05,0,124.5435919,458,458,0.03663485035,0.03663485035,0.5087255887
3616,0.015625,0.609375,-346.5090705,-346.5090705,6,3269,2685,1,1,1,0,0,1,53.84248895,-21.19178122,122.7930726,9.604384497e-05,0,23.88979802,330,330,0.01857269267,0.01857269267,29.61630492
3617,0.03125,0.625,-245.4742517,-245.4742517,5,2685,2747,1,1,1,0,0,1,20.99711649,4.463366558,63.97502236,0.0003979754421,0,32.10158298,495,495,0.04762558709,0.04762558709,46.21705517
3618,0.0625,0.65625,-190.9298367,-190.9298367,5,2747,2745,1,0,0,0,0,1,1.474366894,0,0,0,0,0,1157,578,0.6782572263,0.6782572262,2.323187665
3619,0.09375,0.625,-151.1937082,-151.1937082,5,2747,2680,1,0,0,0,0,1,42.34780792,0,0,0,0,0,380,180,0.02361397317,0.02361397315,16.17711496
3620,0.0625,0.59375,-254.773157,-254.773157,5,2747,2744,1,0,0,0,0,1,4.560505527,0,0,0,0,0,492,243,0.2192739367,0.2192739366,0.9193444539
3621,0.046875,0.609375,-258.0833956,-258.0833956,6,3269,2747,1,0,0,0,0,1,29.36067901,0,0,0,0,0,469,228,0.03405915781,0.03405915777,31.32831718
3622,0.015625,0.5625,-528.2535195,-528.2535195,6,2748,3271,1,1,1,0,0,1,5009.165443,-178.8113037,3382.058611,9.604384497e-05,0,155.8949759,23,23,0.0001996340531,0.0001996340531,2.345904393
3623,0.03125,0.578125,-367.241707,-367.241707,6,3271,3269,1,0,0,0,0,1,15.28450466,0,0,0,0,0,318,163,0.06542573818,0.06542573815,0.4640100858
3624,0.046875,0.5625,-363.9314684,-363.9314684,6,3271,2744,1,0,0,0,0,1,238.2671588,0,0,0,0,0,89,42,0.004196969507,0.0041969695,7.289198432
3625,0.03125,0.546875,-512.0308454,-512.0308454,6,3271,3268,1,1,1,0,0,1,878.9623253,-96.46034247,810.537609,9.604384497e-05,0,105.2381952,34,34,0.001137705191,0.001137705191,6.797943911
3626,0.828125,0.796875,302.7389518,302.7389518,6,2898,2963,1,0,0,0,0,1,25.84706064,0,0,0,0,0,913,477,0.03868911882,0.0386891187,39.29383704
3627,0.859375,0.796875,348.3294474,348.3294474,6,2963,2920,1,0,0,0,0,1,671.3210045,0,0,0,0,0,126,68,0.001489600345,0.001489600339,1.584317749
3628,0.859375,0.765625,273.948369,-144.794267,6,2963,2725,0,0,0,0,0,0,280.8313614,-472.1163854,273.4556809,9.604384497e-05,0,0,41,17,0.003560855864,0.003560855861,0.8242354727
3629,0.828125,0.765625,434.0496103,0.2937830403,6,2963,2919,0,0,0,0,0,0,1.295216557,-306.2312655,1.295055456,9.604384497e-05,0,0,32,19,0.7720716619,0.7720716619,2.058376077
3630,0.875,0.765625,382.1156038,16.0186805,6,2725,3178,0,0,0,0,0,0,756.213132,-328.5177757,705.0086256,9.604384497e-05,0,0,19,7,0.001322378517,0.001322378513,1.918525341
3631,0.859375,0.78125,498.8126141,-242.396817,6,3178,2963,0,0,0,0,0,0,175.5041309,-568.6909119,172.5948563,9.604384497e-05,0,0,34,17,0.005697871581,0.005697871577,0.3071421803
3632,0.875,0.796875,323.5032043,323.5032043,6,3178,2920,1,1,1,0,0,1,5934.897669,-18.8400612,3780.16455,9.604384497e-05,0,83.64204288,21,21,0.0001684949018,0.0001684949018,1.222502386
3633,0.890625,0.78125,382.3407503,-476.0035968,6,3178,3138,0,0,0,0,0,0,50.15022821,-830.4578288,49.90983148,9.604384497e-05,0,0,241,114,0.01994008872,0.01994008872,2.327913857
3634,0.859375,0.890625,196.2454956,-426.6009288,6,2706,2948,0,0,0,0,0,0,7.7553722,-802.5163828,7.749599866,9.604384497e-05,0,0,19,10,0.1289428765,0.1289428765,0.423056405
3635,0.828125,0.890625,242.1734703,-60.60557044,6,2948,2903,0,0,0,0,0,0,10.31473402,-416.9135826,10.30452567,9.604384497e-05,0,0,11,7,0.09694869477,0.09694869477,1.48148108
3636,0.828125,0.921875,376.4703547,376.4703547,6,2948,2899,1,0,0,0,0,1,1643.900559,0,0,0,0,0,50,31,0.0006083093012,0.0006083092984,0.725561508
3637,0.859375,0.921875,376.4957634,376.4957634,6,2948,2922,1,1,1,0,0,1,219.3828306,-2.699400119,214.8557391,9.604384497e-05,0,216.0360194,211,211,0.004558241852,0.004558241852,8.272484925
3638,0.859375,0.9375,422.6819912,422.6819912,6,2922,3177,1,1,1,0,0,1,635.7294489,43.94444554,599.1467995,9.604384497e-05,0,188.40091,116,116,0.001572996189,0.001572996189,3.788130416
3639,0.84375,0.921875,411.9279754,411.9279754,6,3177,2948,1,1,1,0,0,1,1821.917768,36.5652251,1550.589433,9.604384497e-05,0,83.33512989,59,59,0.0005488721926,0.0005488721926,1.948745048
3640,0.828125,0.9375,881.1227296,-465.4234422,6,3177,2899,0,0,0,0,0,0,384.5026073,-841.1071106,370.8089627,9.604384497e-05,0,0,20,10,0.002600762598,0.002600762596,0.5465008848
3641,0.828125,0.953125,633.9315633,391.4485451,6,2899,2951,0,0,0,0,0,0,3.831183115e+13,-4.72365798e-07,10411.91135,9.604384497e-05,0,0,1,0,2.61015976e-14,0,0.0261015976
3642,0.828125,0.984375,446.3330297,446.3330297,6,2951,2923,1,1,1,0,0,1,11367.48994,-596.2105748,18333.83433,8.242443043e-06,0,118.1730419,1,1,8.7970168e-05,8.7970168e-05,0.16995523
3643,0.859375,0.984375,331.8307249,-920.8645395,6,2951,2719,0,0,0,0,0,0,44.20470221,-1331.331988,44.01782061,9.604384497e-05,0,0,163,82,0.02262202775,0.02262202775,0.1028672271
3644,0.859375,0.953125,395.7827758,395.7827758,6,2951,2922,1,0,0,0,0,1,4091.160111,0,0,0,0,0,16,6,0.0002444294461,0.0002444294456,0.04718861501
3645,0.84375,0.953125,730.0723103,-198.8134576,6,3177,2951,0,0,0,0,0,0,105.7379559,-589.0628827,104.6749317,9.604384497e-05,0,0,5,2,0.009457341892,0.009457341892,0.4128079823
3646,0.859375,0.8125,948.5411043,487.6194916,6,2920,3179,0,0,0,0,0,0,10.69380289,157.4624441,10.68283084,9.604384497e-05,0,0,36,18,0.09351210321,0.0935121032,0.4784808158
3647,0.84375,0.796875,339.0209062,339.0209062,6,3179,2963,1,1,1,0,0,1,327.4543025,49.47578818,317.4698826,9.604384497e-05,0,111.8308501,150,150,0.003053861233,0.003053861233,6.906492567
3648,0.828125,0.8125,349.3453744,349.3453744,6,3179,2898,1,1,1,0,0,1,59073.74266,-89.22619695,38103.78335,8.242443043e-06,0,177.7736439,3,3,1.692799466e-05,1.692799466e-05,0.01435259798
3649,0.828125,0.828125,316.2315151,316.2315151,6,2898,2962,1,0,0,0,0,1,44.27994417,0,0,0,0,0,23,10,0.02258358764,0.02258358764,1.243118873
3650,0.828125,0.859375,336.2403923,336.2403923,6,2962,2903,1,0,0,0,0,1,144.4274066,0,0,0,0,0,200,95,0.006923893624,0.006923893583,14.10133633
3651,0.859375,0.859375,356.9271708,356.9271708,6,2962,2706,1,1,1,0,0,1,206.6159168,6.120420308,202.5955706,9.604384497e-05,0,114.3954844,138,138,0.004839898182,0.004839898182,11.52265686
3652,0.859375,0.828125,684.3640196,-314.1972981,6,2962,2920,0,0,0,0,0,0,34.5694448,-675.984069,34.45504776,9.604384497e-05,0,0,43,21,0.02892727973,0.02892727973,0.2423237033
3653,0.84375,0.828125,576.1967848,4.785001949,6,3179,2962,0,0,0,0,0,0,8.689067128,-299.5368485,8.681821875,9.604384497e-05,0,0,31,15,0.1150871532,0.1150871532,0.4471562786
3654,0.828125,0.703125,268.0098781,-46.71093431,6,2893,2980,0,0,0,0,0,0,14.57680723,-332.843532,14.55642804,9.604384497e-05,0,0,91,40,0.06860212833,0.06860212832,0.5217518345
3655,0.828125,0.734375,304.9659067,304.9659067,6,2980,2919,1,0,0,0,0,1,276.6255861,0,0,0,0,0,1037,515,0.0036149946,0.003614994587,2.594994095
3656,0.859375,0.734375,325.7558255,325.7558255,6,2980,2725,1,0,0,0,0,1,3493.799222,0,0,0,0,0,56,32,0.0002862213701,0.0002862213677,1.449260245
3657,0.859375,0.703125,320.6129673,305.8346573,6,2980,2918,0,0,0,0,0,0,8701.057834,10.26430368,4739.956517,9.604384497e-05,0,0,31,15,0.0001149285546,0.000114928553,0.7074212681
3658,0.859375,0.75,237.3019793,22.77310342,6,2725,3193,0,0,0,0,0,0,213.3252068,-300.9631185,209.0422297,9.604384497e-05,0,0,36,17,0.004687678569,0.004687678566,1.715446359
3659,0.84375,0.734375,274.2214858,78.69424293,6,3193,2980,0,0,0,0,0,0,17475.58909,-225.2313516,6524.582038,9.604384497e-05,0,0,16,8,5.722267757e-05,5.722267698e-05,0.1228603274
3660,0.828125,0.75,397.4032206,138.2556828,6,3193,2919,0,0,0,0,0,0,1.834107239,-164.6834693,1.833784209,9.604384497e-05,0,0,18,13,0.5452243898,0.5452243898,1.537100772
3661,0.84375,0.765625,258.643083,57.76907711,6,3193,2963,0,0,0,0,0,0,1.109961057,-247.7247834,1.109842743,9.604384497e-05,0,0,42,23,0.9009325087,0.9009325087,2.785123289
3662,0.8125,0.984375,916.9772449,-206.0404148,6,2923,3187,0,0,0,0,0,0,233.1713322,-592.6622142,228.0639158,9.604384497e-05,0,0,1,1,0.004288691883,0.004288691883,0.2226216467
3663,0.828125,0.96875,677.9299841,677.9299841,6,3187,2951,0,0,0,0,0,0,1e+300,9785.4241,13309.4793,0,0,0,0,0,0,0,0
3664,0.8125,0.953125,828.9804033,828.9804033,6,3187,2899,0,0,0,0,0,0,1e+300,0,1e+300,0,0,0,0,0,0,0,0
3665,0.796875,0.953125,691.8778018,691.8778018,6,2899,2950,0,0,0,0,0,0,1e+300,0,1e+300,0,0,0,0,0,0,0,0
3666,0.765625,0.953125,499.4378736,499.4378736,6,2950,2902,0,0,0,0,0,0,1e+300,0,1e+300,0,0,0,0,0,0,0,0
3667,0.765625,0.984375,505.6694404,505.6694404,6,2950,2666,0,0,0,0,0,0,1e+300,0,1e+300,0,0,0,0,0,0,0,0
3668,0.796875,0.984375,779.8746434,779.8746434,6,2950,2923,0,0,0,0,0,0,1e+300,0,1e+300,0,0,0,0,0,0,0,0
3669,0.796875,0.96875,735.8762226,735.8762226,6,3187,2950,0,0,0,0,0,0,1e+300,0,1e+300,0,0,0,0,0,0,0,0
3670,0.765625,0.765625,295.0451965,295.0451965,6,2658,2960,1,0,0,0,0,1,4325.838414,0,0,0,0,0,16,10,0.00023116906,0.0002311690592,1.003454586
3671,0.765625,0.796875,201.9378247,113.2121399,6,2960,2904,0,0,0,0,0,0,11.86286898,-185.5979681,11.84936833,9.604384497e-05,0,0,58,28,0.08429664038,0.08429664038,1.020637569
3672,0.796875,0.796875,468.0295501,-51.28730766,6,2960,2898,0,0,0,0,0,0,3.299396467,-360.393282,3.298351264,9.604384497e-05,0,0,568,289,0.303085734,0.3030857339,17.33476349
3673,0.796875,0.765625,312.9258814,312.9258814,6,2960,2919,1,0,0,0,0,1,43.26354143,0,0,0,0,0,32,17,0.02311415032,0.02311415032,0.8341984516
3674,0.8125,0.765625,514.100231,-17.57614771,6,2919,3196,0,0,0,0,0,0,3.884827724,-340.8877096,3.883378781,9.604384497e-05,0,0,26,13,0.2574116721,0.2574116721,0.8993446271
3675,0.796875,0.78125,431.3831604,96.31004357,6,3196,2960,0,0,0,0,0,0,2.906069219,-235.9672532,2.905258332,9.604384497e-05,0,0,525,267,0.3441074265,0.3441074264,28.3349399
3676,0.8125,0.796875,587.3930104,35.40805411,6,3196,2898,0,0,0,0,0,0,1.785200787,-284.0734071,1.784894753,9.604384497e-05,0,0,791,396,0.5601610797,0.5601610795,51.26683643
3677,0.828125,0.78125,375.3400933,202.2696964,6,3196,2963,0,0,0,0,0,0,2.486046496,-123.5965739,2.485453046,9.604384497e-05,0,0,479,252,0.4022450914,0.4022450913,1.45509423
3678,0.8125,0.734375,293.4851124,293.4851124,6,2919,3194,1,1,1,0,0,1,3860.410783,-431.3258104,3686.47636,8.242443043e-06,0,55.07321369,113,113,0.0002590397904,0.0002590397904,0.1075933342
3679,0.828125,0.71875,311.1409922,44.72209105,6,3194,2980,0,0,0,0,0,0,1.205237144,-252.1138306,1.205097647,9.604384497e-05,0,0,971,483,0.8297122314,0.8297122312,8.727257782
3680,0.8125,0.703125,348.0604987,-14.00660896,6,3194,2893,0,0,0,0,0,0,9.540581084,-291.0319032,9.531846919,9.604384497e-05,0,0,70,38,0.1048154186,0.1048154186,0.5914955258
3681,0.796875,0.71875,277.4993177,277.4993177,6,3194,2979,1,0,0,0,0,1,21.89756492,0,0,0,0,0,748,370,0.04566717824,0.04566717815,24.64194246
3682,0.734375,0.8125,142.4220537,142.4220537,6,2904,2971,0,0,0,0,0,0,1e+300,-209.1985901,174.6011527,0,0,0,0,0,0,0,0
3683,0.71875,0.796875,170.0241707,-309.0258797,6,2971,2967,0,0,0,0,0,0,2950.748043,-607.6713364,2299.162625,9.604384497e-05,0,0,12,8,0.0003388971154,0.0003388971145,0.3263311548
3684,0.703125,0.8125,243.5542624,370.6276266,6,2971,2848,0,0,0,0,0,0,1993.422897,65.03377738,1673.098207,9.604384497e-05,0,0,4,2,0.000501649701,0.0005016497004,0.5005526151
3685,0.703125,0.828125,266.5182497,266.5182497,6,2848,2970,0,0,0,0,0,0,1e+300,0,1e+300,0,0,0,0,0,0,0,0
3686,0.703125,0.859375,255.3832654,290.5962872,6,2970,2905,0,0,0,0,0,0,9.006840945e+11,-2.195379807e-06,10411.91123,9.604384497e-05,0,0,4,0,1.110267191e-12,0,1.110267191
3687,0.734375,0.859375,211.3140156,123.8344126,6,2970,2720,0,0,0,0,0,0,13872.13042,-162.5778995,5947.74929,9.604384497e-05,0,0,5,1,7.208698087e-05,7.208698049e-05,0.1699139073
3688,0.734375,0.828125,165.386041,139.2343451,6,2970,2904,0,0,0,0,0,0,3330.391943,-143.4324536,2523.284848,9.604384497e-05,0,0,1,1,0.0003002649589,0.0003002649589,0.707744887
3689,0.71875,0.828125,215.9521453,215.9521453,6,2971,2970,0,0,0,0,0,0,1e+300,0,1e+300,0,0,0,0,0,0,0,0
3690,0.9375,0.859375,375.5343469,375.5343469,6,2933,3159,1,1,1,0,0,1,408.8995708,-69.99454787,498.0126852,9.604384497e-05,0,67.00543771,157,157,0.002445588285,0.002445588285,22.1800832
3691,0.953125,0.84375,399.6182396,399.6182396,6,3159,3136,1,1,1,0,0,1,241927.838,-418.9147423,93486.83827,8.242443043e-06,0,253.4921681,4,4,4.133463962e-06,4.133463962e-06,0.109200673
3692,0.9375,0.828125,372.7304405,372.7304405,6,3159,2901,1,1,1,0,0,1,161.9605553,-628.6242706,166.6040209,8.242443043e-06,0,211.8413885,8,8,0.006174342869,0.006174342869,0.7593708753
3693,0.921875,0.84375,470.4175984,470.4175984,6,3159,3135,1,1,1,0,0,1,26545.51666,97.34188831,29172.80854,8.242443043e-06,0,203.0892375,5,5,3.767114473e-05,3.767114473e-05,0.5543249034
3694,0.921875,0.875,466.5124438,466.5124438,6,2933,3160,1,1,1,0,0,1,2370.298075,20.38776206,1930.75646,9.604384497e-05,0,229.4929218,22,22,0.0004218878674,0.0004218878674,0.740101917
3695,0.90625,0.859375,383.3557346,383.3557346,6,3160,3135,1,1,1,0,0,1,908.1932802,-42.56518592,1367.352302,9.604384497e-05,0,78.54832451,96,96,0.001101087204,0.001101087204,8.462338564
3696,0.890625,0.875,405.1409322,405.1409322,6,3160,2706,1,0,0,0,0,1,1e+300,0,0,0,0,0,0,0,0,0,0
3697,0.890625,0.890625,402.3345426,402.3345426,6,2706,3128,1,0,0,0,0,1,112.0908368,0,0,0,0,0,15,8,0.008921335846,0.008921335845,1.048980806
3698,0.890625,0.921875,407.3061152,407.3061152,6,3128,2922,1,0,0,0,0,1,358.5821144,0,0,0,0,0,275,146,0.002788761513,0.002788761491,8.686920932
3699,0.921875,0.921875,455.7906574,455.7906574,6,3128,2900,1,0,0,0,0,1,33488.25122,0,0,0,0,0,22,11,2.986121889e-05,2.986121751e-05,0.5017371112
3700,0.921875,0.890625,443.4412043,443.4412043,6,3128,2933,1,0,0,0,0,1,8974.196085,0,0,0,0,0,7,2,0.000111430594,0.0001114305923,0.1838236419
3701,0.90625,0.890625,431.8689896,431.8689896,6,3160,3128,1,0,0,0,0,1,4263.891438,0,0,0,0,0,4,3,0.0002345275471,0.0002345275471,0.3023498162
3702,0.953125,0.953125,479.528608,479.528608,6,2900,3130,1,0,0,0,0,1,1428.148137,0,0,0,0,0,10,5,0.0007002074742,0.0007002074729,0.7917059025
3703,0.953125,0.984375,299.8038139,299.8038139,6,3130,2921,0,0,0,0,0,0,1e+300,-84.90843972,4.853836016,0,0,0,34,19,0,0,0
3704,0.984375,0.984375,473.5483945,473.5483945,6,3130,2650,1,0,0,0,0,1,1e+300,0,0,0,0,0,39,18,0,0,0
3705,0.984375,0.953125,485.2413362,485.2413362,6,3130,2935,1,0,0,0,0,1,2740.796296,0,0,0,0,0,12,5,0.0003648574692,0.0003648574669,0.1840903054
3706,0.9375,0.984375,322.4013521,322.4013521,6,2921,3156,0,0,0,0,0,0,1e+300,0,1e+300,0,0,0,0,0,0,0,0
3707,0.953125,0.96875,531.8150132,-256.5282836,6,3156,3130,0,0,0,0,0,0,191.8149865,-706.2989291,188.3451696,9.604384497e-05,0,0,6,2,0.005213356987,0.005213356986,0.3882596032
3708,0.9375,0.953125,786.4237506,-1546.346176,6,3156,2900,0,0,0,0,0,0,72529.52776,-1998.870607,9104.869914,9.604384497e-05,0,0,1,1,1.378748809e-05,1.378748809e-05,0.0004898170556
3709,0.921875,0.953125,465.6462567,465.6462567,6,2900,3129,1,0,0,0,0,1,1e+300,0,0,0,0,0,0,0,0,0,0
3710,0.890625,0.953125,417.1617145,417.1617145,6,3129,2922,1,0,0,0,0,1,9113.396687,0,0,0,0,0,8,4,0.0001097285715,0.000109728571,0.0547414811
3711,0.890625,0.984375,390.1939667,-395.2830194,6,3129,2719,0,0,0,0,0,0,112.0283483,-827.0670628,110.8357958,9.604384497e-05,0,0,40,18,0.00892631209,0.008926312086,0.4345297903
3712,0.921875,0.984375,344.9988903,148.6852987,6,3129,2921,0,0,0,0,0,0,17.84057213,-323.92279,17.81005501,9.604384497e-05,0,0,37,17,0.05605201407,0.05605201406,2.621796722
3713,0.921875,0.96875,577.0100896,577.0100896,6,3156,3129,0,0,0,0,0,0,1e+300,0,1e+300,0,0,0,0,0,0,0,0
3714,0.203125,0.046875,-420.1844377,-273.7862005,6,2731,3058,0,0,0,0,0,0,6022.193371,-69.65447358,3815.391504,9.604384497e-05,0,0,1,1,0.000166052456,0.000166052456,0.3624168454
3715,0.234375,0.046875,-580.8851474,-580.8851474,6,3058,2774,0,0,0,0,0,0,1e+300,0,1e+300,0,0,0,0,0,0,0,0
3716,0.234375,0.015625,-704.6112353,-704.6112353,6,3058,2664,0,0,0,0,0,0,1e+300,0,1e+300,0,0,0,0,0,0,0,0
3717,0.1875,0.03125,-514.6583133,-285.5923043,5,2758,2731,0,0,0,0,0,0,32.7243122,-96.88190353,32.30360706,0.0003979754421,0,0,26,15,0.03055831987,0.03055831987,1.809009544
3718,0.15625,0,-703.6060645,-451.3202175,5,2758,2687,0,0,0,0,0,0,15.78575542,-162.5767651,15.68720303,0.0003979754421,0,0,25,14,0.06334825123,0.06334825122,2.417974299
3719,0.21875,0,-799.0851109,-799.0851109,5,2664,2758,0,0,0,0,0,0,1e+300,-134.3648086,4737.411612,0,0,0,0,0,0,0,0
3720,0.203125,0.015625,-656.8717121,-251.1183754,6,3058,2758,0,0,0,0,0,0,2373.192669,-51.23594933,1932.676625,9.604384497e-05,0,0,1,1,0.0004213732889,0.0004213732889,0.9196658799
3721,0.140625,0.609375,-237.9795155,-237.9795155,6,2680,2936,1,1,1,0,0,1,3067.293889,-177.5411884,2627.111572,5.778099445e-05,0,106.4992043,13,13,0.0003260202759,0.0003260202759,0.2457423996
3722,0.171875,0.609375,42.77874477,-32.85436934,6,2936,2791,0,0,0,0,0,0,1.910862619e+13,-3.26009939e-08,10411.91135,9.604384497e-05,0,0,1,0,5.233238591e-14,0,0.05233238591
3723,0.171875,0.578125,231.8401132,231.8401132,6,2936,2743,0,0,0,0,0,0,1e+300,-408.0920589,30332.92365,0,0,0,0,0,0,0,0
3724,0.125,0.53125,-136.2151391,-136.2151391,5,2689,2764,1,0,0,0,0,1,3.024694049,0,0,0,0,0,843,438,0.3306119507,0.3306119506,1.555476623
3725,0.09375,0.5625,-213.046992,-213.046992,5,2764,2744,1,0,0,0,0,1,218.36863,0,0,0,0,0,61,30,0.004579412346,0.004579412341,2.34504927
3726,0.125,0.59375,-109.4675432,-109.4675432,5,2764,2680,1,0,0,0,0,1,9.782350287,0,0,0,0,0,484,239,0.1022249225,0.1022249225,0.5536244642
3727,0.15625,0.5625,-60.0148247,-60.0148247,5,2764,2743,1,0,0,0,0,1,1090.866003,0,0,0,0,0,4,3,0.000916702874,0.000916702874,0.4868654308
3728,0.140625,0.578125,-89.96146716,-89.96146716,6,2936,2764,1,0,0,0,0,1,3579.753338,0,0,0,0,0,5,3,0.000279348856,0.0002793488558,0.3404453481
3729,0.953125,0.921875,418.8341095,418.8341095,6,2900,3131,1,1,1,0,0,1,1156.426155,-41.94518469,1040.824265,9.604384497e-05,0,179.2172995,105,105,0.0008647331222,0.0008647331222,3.840226335
3730,0.984375,0.921875,474.8594233,474.8594233,6,3131,2935,1,0,0,0,0,1,1762.151329,0,0,0,0,0,130,56,0.0005674881514,0.0005674881464,0.6934349114
3731,0.984375,0.890625,408.9543355,-165.2661473,6,3131,2727,0,0,0,0,0,0,8.776882472,-610.3675109,8.769490094,9.604384497e-05,0,0,12,8,0.1139356717,0.1139356717,1.056427139
3732,0.953125,0.890625,456.797242,456.797242,6,3131,2933,1,0,0,0,0,1,302.1136027,0,0,0,0,0,15,9,0.003310013158,0.003310013157,0.9652750394
3733,0.984375,0.9375,426.2187768,426.2187768,6,2935,3132,1,1,1,0,0,1,1233.949698,-55.69217416,1103.627707,9.604384497e-05,0,208.4354397,71,71,0.0008104058064,0.0008104058064,1.493605526
3734,0.96875,0.921875,442.1279123,442.1279123,6,3132,3131,1,1,1,0,0,1,2595.852758,-19.34019414,2077.8197,9.604384497e-05,0,100.3807086,74,74,0.0003852298621,0.0003852298621,2.703631386
3735,0.953125,0.9375,486.6509392,486.6509392,6,3132,2900,1,1,1,0,0,1,2963.909553,15.8469376,2307.145346,9.604384497e-05,0,241.6349243,64,64,0.0003373922119,0.0003373922119,2.368343237
3736,0.96875,0.953125,534.9417413,-747.2609856,6,3132,3130,0,0,0,0,0,0,89.59096388,-1221.305944,88.82664078,9.604384497e-05,0,0,7,4,0.01116183995,0.01116183995,0.1193646438
3737,0.984375,0.90625,479.9566137,70.81137568,6,3133,3131,0,0,0,0,0,0,4.148910773,-376.8256201,4.147258184,9.604384497e-05,0,0,7,5,0.2410271165,0.2410271165,2.311466612
3738,1,0.890625,276.7964089,395.4860464,6,3133,2727,0,0,0,0,0,0,7.0192117,-41.48775098,7.014482872,9.604384497e-05,0,0,6,5,0.1424661405,0.1424661405,1.287832286
3739,1,0.921875,466.7223126,466.7223126,6,2935,3133,1,0,0,0,0,1,144546.7332,0,0,0,0,0,2,1,6.918177797e-06,6.918177739e-06,0.004080053661
3740,0.984375,1,563.4749933,563.4749933,6,2650,3155,1,1,1,0,0,1,1469.980127,91.46390619,1288.120046,9.604384497e-05,0,139.6889036,36,36,0.0006802813054,0.0006802813054,5.562209907
3741,0.96875,0.984375,277.2062757,1171.838911,6,3155,3130,0,0,0,0,0,0,56.10707593,691.4235203,55.80635006,9.604384497e-05,0,0,34,19,0.01782306391,0.0178230639,1.491346046
3742,0.953125,1,67.79261461,6.058771111,6,3155,2921,0,0,0,0,0,0,33.77204506,-484.2075543,33.66285631,9.604384497e-05,0,0,34,19,0.02961028858,0.02961028857,2.018006715
3743,0.9375,0.734375,216.1012092,216.1012092,6,2917,3163,1,1,1,0,0,1,7737.874064,-329.4648907,5673.792815,8.242443043e-06,0,62.45202202,93,93,0.0001292344631,0.0001292344631,0.2339125551
3744,0.953125,0.71875,352.7094396,81.72329628,6,3163,3125,0,0,0,0,0,0,42.72647507,-245.0003336,42.55185863,9.604384497e-05,0,0,117,62,0.02340469225,0.02340469224,3.813375928
3745,0.9375,0.703125,386.9480946,44.10002834,6,3163,2894,0,0,0,0,0,0,87.81303807,-278.7154557,87.0786255,9.604384497e-05,0,0,26,15,0.01138783058,0.01138783057,0.6881891845
3746,0.921875,0.703125,314.1495185,314.1495185,6,2894,3124,1,0,0,0,0,1,151.0039327,0,0,0,0,0,62,36,0.00662234408,0.006622344076,0.4573212199
3747,0.890625,0.703125,297.2747787,297.2747787,6,3124,2918,1,0,0,0,0,1,962.0132016,0,0,0,0,0,43,23,0.001039486774,0.001039486771,0.3510310879
3748,0.890625,0.734375,327.4374446,327.4374446,6,3124,2725,1,0,0,0,0,1,937.7055941,0,0,0,0,0,35,22,0.001066432798,0.001066432795,2.712613308
3749,0.921875,0.734375,319.4501277,319.4501277,6,3124,2917,1,0,0,0,0,1,644.1326961,0,0,0,0,0,601,318,0.001552475144,0.001552475137,1.445638709
3750,0.921875,0.71875,317.9274868,317.9274868,6,3163,3124,1,0,0,0,0,1,26.18782323,0,0,0,0,0,1124,589,0.0381856862,0.03818568606,32.79589934
3751,0.5625,0.609375,624.4384102,181.628098,6,2845,3055,0,0,0,0,0,0,382.8252122,-3.949260155,369.2486749,9.604384497e-05,0,0,14,8,0.002612158155,0.002612158153,1.262556201
3752,0.578125,0.59375,285.275284,-59.77849664,6,3055,3002,0,0,0,0,0,0,12.70538997,-229.8192702,12.68990481,9.604384497e-05,0,0,246,123,0.07870675375,0.07870675375,0.2740215665
3753,0.5625,0.578125,331.5527723,72.85433567,6,3055,2840,0,0,0,0,0,0,4.590748047,-93.99191417,4.588724818,9.604384497e-05,0,0,649,317,0.2178294234,0.2178294232,51.12785739
3754,0.546875,0.59375,240.4728193,111.5455242,6,3055,3001,0,0,0,0,0,0,19.72131369,-44.8084493,19.68402995,9.604384497e-05,0,0,375,176,0.05070656123,0.05070656118,23.07148088
3755,0.609375,0.5625,408.2860308,-33.23798238,6,2866,3005,0,0,0,0,0,0,311.6229462,-190.1623207,302.5672694,9.604384497e-05,0,0,27,14,0.003209006307,0.003209006305,0.2757468453
3756,0.59375,0.546875,266.2494215,69.21542347,6,3005,3003,0,0,0,0,0,0,350.0491021,-99.78726333,338.6632236,9.604384497e-05,0,0,18,8,0.00285674208,0.002856742076,1.445175854
3757,0.578125,0.5625,137.5179456,137.5179456,6,3005,2840,1,1,1,0,0,1,976.9503144,-6.583267565,1051.905009,8.242443043e-06,0,89.13092657,11,11,0.001023593509,0.001023593509,0.3023325002
3758,0.59375,0.578125,213.2244908,33.06567042,6,3005,3002,0,0,0,0,0,0,1.376804218,-144.26003,1.376622182,9.604384497e-05,0,0,1139,604,0.7263196808,0.7263196807,13.75212884
3759,0.171875,0.546875,165.9667346,-13.04785708,6,2743,2939,0,0,0,0,0,0,2715.089568,41.47897338,2153.520981,9.604384497e-05,0,0,2,2,0.0003683119746,0.0003683119746,0.2707327177
3760,0.171875,0.515625,38.81476106,38.81476106,6,2939,2765,1,1,1,0,0,1,7154.996249,-390.9158448,9375.714568,8.242443043e-06,0,411.1142271,1,1,0.0001397624772,0.0001397624772,0.2684336714
3761,0.140625,0.515625,-172.8419405,-290.8655325,6,2939,2689,0,0,0,0,0,0,71.83301372,-160.1564934,71.3408249,9.604384497e-05,0,0,224,122,0.01392117563,0.01392117563,0.2400165274
3762,0.140625,0.546875,-156.0036676,-156.0036676,6,2939,2764,1,1,1,0,0,1,2600.86058,-214.4142557,2936.152894,8.242443043e-06,0,280.0117832,18,18,0.000384488122,0.000384488122,0.4693797837
3763,0.625,0.734375,300.3051117,300.3051117,6,2709,3231,1,1,1,0,0,1,12958.02068,790.4494402,12318.12067,8.242443043e-06,0,66.46215668,39,39,7.717228e-05,7.717228e-05,0.08656197859
3764,0.640625,0.71875,235.6030407,235.6030407,6,3231,2973,1,0,0,0,0,1,136.592557,0,0,0,0,0,310,144,0.007321043124,0.007321043088,18.92949805
3765,0.625,0.703125,340.5277059,58.21243125,6,3231,2870,0,0,0,0,0,0,2.597644104,-144.7017462,2.596996186,9.604384497e-05,0,0,66,34,0.384964206,0.384964206,1.779500045
3766,0.578125,0.703125,208.8882565,40.01949187,6,2841,3038,0,0,0,0,0,0,38.05949489,-167.6421634,37.92087965,9.604384497e-05,0,0,28,13,0.02627465243,0.02627465243,0.8091866709
3767,0.578125,0.734375,151.8423444,151.8423444,6,3038,2867,1,0,0,0,0,1,432.4859017,0,0,0,0,0,437,221,0.0023122141,0.002312214096,2.482023886
3768,0.609375,0.734375,197.730394,197.730394,6,3038,2709,1,0,0,0,0,1,601.5625304,0,0,0,0,0,400,219,0.001662337578,0.001662337575,2.275911411
3769,0.609375,0.703125,296.6478894,39.94217502,6,3038,2870,0,0,0,0,0,0,3.590257436,-158.1870346,3.589019862,9.604384497e-05,0,0,53,27,0.2785315588,0.2785315588,1.438905985
3770,0.609375,0.71875,238.5706618,98.96007312,6,3231,3038,0,0,0,0,0,0,2.686773952,-108.48941,2.686080814,9.604384497e-05,0,0,394,217,0.3721935741,0.3721935741,2.302276964
3771,0.984375,0.875,383.2603345,53.99251009,6,2727,3158,0,0,0,0,0,0,10.11304673,-347.1535306,10.1032335,9.604384497e-05,0,0,22,12,0.09888216937,0.09888216937,1.061411569
3772,0.96875,0.859375,390.367361,390.367361,6,3158,3136,1,0,0,0,0,1,184.684117,0,0,0,0,0,307,152,0.005414650789,0.005414650744,15.61535343
3773,0.953125,0.875,438.913435,438.913435,6,3158,2933,1,1,1,0,0,1,299657.2085,223.6949477,88629.20462,8.242443043e-06,0,227.9319573,26,26,3.337146485e-06,3.337146485e-06,0.01686529237
3774,0.96875,0.890625,586.4205393,-169.7864237,6,3158,3131,0,0,0,0,0,0,10.18617626,-581.5956628,10.17622067,9.604384497e-05,0,0,8,5,0.09817226546,0.09817226545,0.6579202139
3775,0.984375,0.84375,522.7868198,-333.2028961,6,3141,3136,0,0,0,0,0,0,689.9174453,-755.8327764,647.0428802,9.604384497e-05,0,0,12,6,0.001449448781,0.001449448779,0.2696080122
3776,1,0.828125,758.7247013,1107.627886,6,3141,2934,0,0,0,0,0,0,715.845857,680.5484801,669.7956708,9.604384497e-05,0,0,7,4,0.001396948785,0.001396948784,0.1379248235
3777,1,0.859375,390.1043208,438.4227508,6,2727,3141,0,0,0,0,0,0,1393.759056,5.017823296,1229.214033,9.604384497e-05,0,0,66,34,0.0007174841274,0.000717484117,4.869561998
3778,0.125,0.21875,-263.7224654,-263.7224654,5,2677,2762,1,1,1,0,0,1,3.31711404,-34.8153662,3.312740791,0.0003979754421,0,146.2506304,518,518,0.3014668739,0.3014668739,1.336347498
3779,0.15625,0.1875,-187.4991509,-187.4991509,5,2762,2730,1,1,1,0,0,1,12.49652806,-14.71530135,12.43468649,0.0003979754421,0,154.9389245,853,853,0.08002222656,0.08002222656,39.79512303
3780,0.125,0.15625,-114.4823253,-533.8038199,5,2762,2672,0,0,0,0,0,0,7.623555436,-251.6511874,7.600495624,0.0003979754421,0,0,929,473,0.1311723917,0.1311723917,0.4119644082
3781,0.09375,0.1875,-137.1105659,-401.5339025,5,2762,2729,0,0,0,0,0,0,1592.647831,43.75584466,974.791273,0.0003979754421,0,0,3,3,0.0006278851987,0.0006278851987,0.9614445628
3782,0.140625,0.140625,-26.36194511,-107.8791328,6,2672,3321,0,0,0,0,0,0,2.29210555,144.6391553,2.291601071,9.604384497e-05,0,0,2166,1085,0.4362800831,0.4362800829,1.529986
3783,0.140625,0.171875,-140.8442704,-334.0741388,6,3321,2762,0,0,0,0,0,0,1.795485616,-108.1785575,1.795176046,9.604384497e-05,0,0,1405,704,0.5569523873,0.5569523872,2.007671912
3784,0.171875,0.171875,-79.08583533,-133.4625257,6,3321,2730,0,0,0,0,0,0,0.6838972661,9.687370609,0.6838523478,9.604384497e-05,0,0,3508,1780,1.462207922,1.462207921,5.417857253
3785,0.21875,0.125,-150.2491983,-150.2491983,5,2686,2775,1,1,1,0,0,1,8802.639393,-48.17365338,10520.53064,8.242443043e-06,0,273.7373563,1,1,0.0001136022908,0.0001136022908,0.1639095931
3786,0.1875,0.09375,-226.9655901,-286.4062714,5,2775,2731,0,0,0,0,0,0,0.7139339926,-107.5488748,0.7137312015,0.0003979754421,0,0,694,339,1.400689714,1.400689714,3.378817915
3787,0.15625,0.125,-87.98007062,-213.0582317,5,2775,2672,0,0,0,0,0,0,0.7326020309,23.70698367,0.7323884974,0.0003979754421,0,0,1916,945,1.364997581,1.364997581,2.668457334
3788,0.1875,0.15625,-140.7039608,-183.7206281,5,2775,2730,0,0,0,0,0,0,1.140964801,-56.32380456,1.140446951,0.0003979754421,0,0,3760,1894,0.8764512273,0.8764512268,4.51817141
3789,0.171875,0.140625,-114.3420157,-264.6811702,6,3321,2775,0,0,0,0,0,0,0.5067719133,-84.17300597,0.5067472488,9.604384497e-05,0,0,4482,2251,1.973274315,1.973274314,6.83715512
3790,0.453125,0.453125,106.4031919,31.32594899,6,2784,3098,0,0,0,0,0,0,27892.90956,-103.5854769,7581.774169,9.604384497e-05,0,0,3,1,3.58514051e-05,3.585140504e-05,0.08450419517
3791,0.453125,0.484375,191.2007159,112.6824055,6,3098,2815,0,0,0,0,0,0,2.605983906e+12,4.810745224e-08,10411.91131,9.604384497e-05,0,0,2,0,3.837322241e-13,0,0.3837322241
3792,0.484375,0.484375,155.5080175,155.5080175,6,3098,2651,1,0,0,0,0,1,238.5663873,0,0,0,0,0,102,47,0.004191705341,0.004191705335,0.6849856452
3793,0.484375,0.453125,124.2322726,124.2322726,6,3098,2834,1,0,0,0,0,1,1960.108808,0,0,0,0,0,84,41,0.0005101757597,0.000510175758,1.011528197
3794,0.5,0.453125,140.721821,140.721821,6,2834,3102,1,1,1,0,0,1,131.2199201,27.41448792,129.5867555,9.604384497e-05,0,116.2556671,227,227,0.007620794156,0.007620794156,2.916531023
3795,0.484375,0.46875,134.2882565,134.2882565,6,3102,3098,1,0,0,0,0,1,24547.27483,0,0,0,0,0,10,5,4.073771964e-05,4.073771955e-05,0.08575701474
3796,0.5,0.484375,32.44152785,145.3128503,6,3102,2651,0,0,0,0,0,0,14.08692233,0.7268732375,14.06788901,9.604384497e-05,0,0,176,87,0.07098782663,0.07098782661,1.097576285
3797,0.515625,0.484375,157.9200115,157.9200115,6,2651,3015,1,0,0,0,0,1,15.12162257,0,0,0,0,0,257,132,0.06613046948,0.06613046946,0.7729117087
3798,0.546875,0.484375,119.0435154,64.50977624,6,3015,2865,0,0,0,0,0,0,4.608836668,-62.32184993,4.606797467,9.604384497e-05,0,0,181,98,0.2169744932,0.2169744931,0.8379015999
3799,0.546875,0.453125,142.1477955,142.1477955,6,3015,2835,1,0,0,0,0,1,9.196747551,0,0,0,0,0,1691,850,0.1087340926,0.1087340926,12.0262052
3800,0.515625,0.453125,126.6442666,126.6442666,6,3015,2834,1,0,0,0,0,1,23.12725184,0,0,0,0,0,1026,519,0.04323903275,0.04323903272,6.962929561
3801,0.515625,0.46875,136.7002504,136.7002504,6,3102,3015,1,0,0,0,0,1,7095.26938,0,0,0,0,0,27,11,0.0001409389759,0.0001409389753,0.5690250707
3802,0.046875,0.453125,-446.270004,-423.3566612,6,2737,3207,0,0,0,0,0,0,4.878598191,43.96791936,4.876313349,9.604384497e-05,0,0,37,20,0.2049769136,0.2049769136,1.620404575
3803,0.015625,0.453125,-682.7729138,-682.7729138,6,3207,2739,1,0,0,0,0,1,290.3322143,0,0,0,0,0,46,21,0.003444330153,0.003444330149,1.055566355
3804,0.015625,0.484375,-525.1419123,-525.1419123,6,3207,2652,1,0,0,0,0,1,161592.2088,0,0,0,0,0,11,4,6.188417172e-06,6.188416133e-06,0.2758406127
3805,0.046875,0.484375,-424.0297875,-424.0297875,6,3207,2763,1,0,0,0,0,1,2774.964723,0,0,0,0,0,15,11,0.0003603649415,0.0003603649412,2.013317914
3806,0,0.484375,-632.852937,-632.852937,6,2652,3209,1,0,0,0,0,1,42520.38632,0,0,0,0,0,7,3,2.351813063e-05,2.351813007e-05,0.7170859143
3807,0.015625,0.46875,-604.2473591,-604.2473591,6,3209,3207,1,1,1,0,0,1,294285822.8,-118.9450015,120051.0874,8.242443043e-06,0,352.8692312,1,1,3.398057e-09,3.398057e-09,0.0001510783255
3808,0,0.453125,-204.8260238,422.7147505,6,3209,2739,0,0,0,0,0,0,92.93502599,1213.162446,92.11284175,9.604384497e-05,0,0,13,6,0.01076020574,0.01076020574,0.07378147108
3809,0.578125,0.796875,242.8283471,58.64158474,6,2849,3029,0,0,0,0,0,0,21.54375388,-189.7939439,21.49926877,9.604384497e-05,0,0,155,86,0.046417166,0.04641716599,8.256979331
3810,0.609375,0.796875,232.47012,90.31696523,6,3029,2868,0,0,0,0,0,0,27.76678801,-146.5198312,27.69293569,9.604384497e-05,0,0,247,120,0.03601424837,0.03601424835,11.994901
3811,0.609375,0.765625,191.8067976,41.89013261,6,3029,2709,0,0,0,0,0,0,44.0195998,-169.3685338,43.83427673,9.604384497e-05,0,0,14,6,0.02271715337,0.02271715337,1.152616699
3812,0.578125,0.765625,342.066557,161.7893214,6,3029,2867,0,0,0,0,0,0,31.00507283,-3.489003034,30.91301861,9.604384497e-05,0,0,78,47,0.03225278668,0.03225278668,1.077612989
3813,0.578125,0.75,391.685662,160.6683975,6,2867,3034,0,0,0,0,0,0,40.53407352,-48.83107129,40.37688436,9.604384497e-05,0,0,7,5,0.02467060212,0.02467060212,0.8384948669
3814,0.59375,0.765625,266.9366773,75.68845446,6,3034,3029,0,0,0,0,0,0,20.02013315,-198.3797875,19.9817121,9.604384497e-05,0,0,10,6,0.04994971775,0.04994971775,1.014799244
3815,0.609375,0.75,241.4259026,64.54598548,6,3034,2709,0,0,0,0,0,0,73.33912471,-190.9338254,72.82615392,9.604384497e-05,0,0,4,2,0.01363528681,0.01363528681,0.880187309
3816,0.59375,0.734375,255.6233138,-246.23847,6,3034,3038,0,0,0,0,0,0,696.4020983,-506.7154208,652.743276,9.604384497e-05,0,0,54,27,0.00143595202,0.00143595202,0.3247189902
3817,0.015625,0.4375,-301.0808493,-275.0212475,6,2739,3210,0,0,0,0,0,0,141.3153694,507.7384707,139.423054,9.604384497e-05,0,0,56,27,0.007076371127,0.00707637112,7.738988205
3818,0.03125,0.453125,-365.7886772,-537.2272154,6,3210,3207,0,0,0,0,0,0,8.982092406,58.97439986,8.974350461,9.604384497e-05,0,0,28,15,0.1113326333,0.1113326333,0.6964870257
3819,0.046875,0.4375,-462.0435027,-420.6420323,6,3210,2737,0,0,0,0,0,0,5.692220054,146.7022761,5.689109802,9.604384497e-05,0,0,23,11,0.1756783804,0.1756783804,1.42896785
3820,0.046875,0.421875,-477.8170015,-625.0253763,6,2737,3206,0,0,0,0,0,0,3.220339725e+13,2.699676998e-07,10411.91135,9.604384497e-05,0,0,2,0,3.105262442e-14,0,0.03105262442
3821,0.046875,0.390625,-297.1661571,-402.2480442,6,3206,2740,0,0,0,0,0,0,1165.147152,259.5445641,1047.883524,9.604384497e-05,0,0,7,1,0.000858260691,0.0008582606892,0.3753250092
3822,0.015625,0.390625,-1000.331383,-1000.331383,6,3206,2676,1,1,1,0,0,1,747315.4276,-619.0092744,27646.92183,8.242443043e-06,0,213.6713897,4,4,1.338123051e-06,1.338123051e-06,1.322846971
3823,0.015625,0.421875,-316.854348,178.2604956,6,3206,2739,0,0,0,0,0,0,201.7683085,1018.701282,197.93265,9.604384497e-05,0,0,41,21,0.004956179726,0.004956179722,0.2238510411
3824,0.03125,0.421875,-397.3356747,-1218.100188,6,3210,3206,0,0,0,0,0,0,192.8645024,-464.1977762,189.3569586,9.604384497e-05,0,0,34,16,0.005184987323,0.005184987318,0.3136356496
3825,0.625,0.515625,279.7443062,183.7856937,6,2717,3004,0,0,0,0,0,0,14.82640411,25.29863367,14.80532155,9.604384497e-05,0,0,77,38,0.06744723757,0.06744723755,1.190220362
3826,0.609375,0.53125,272.9968638,37.03321462,6,3004,3003,0,0,0,0,0,0,25.83950143,-126.5823352,25.77553365,9.604384497e-05,0,0,35,15,0.0387004371,0.03870043709,0.4290545799
3827,0.625,0.546875,141.235242,141.235242,6,3004,2866,1,1,1,0,0,1,2545.642634,-273.2132297,2274.401558,8.242443043e-06,0,364.4682536,8,8,0.0003928281161,0.0003928281161,1.238136346
3828,0.671875,0.546875,215.5736892,101.7126746,6,2843,2995,0,0,0,0,0,0,5.669384663,-82.7382698,5.666299309,9.604384497e-05,0,0,147,74,0.1763859853,0.1763859853,2.878659996
3829,0.671875,0.515625,181.6527553,55.36177767,6,2995,2863,0,0,0,0,0,0,6.478538853,-117.1638924,6.474510258,9.604384497e-05,0,0,206,106,0.1543557927,0.1543557926,2.922196326
3830,0.640625,0.515625,213.2577115,45.8944061,6,2995,2717,0,0,0,0,0,0,37.2091797,-125.9382728,37.07667831,9.604384497e-05,0,0,105,55,0.02687508857,0.02687508855,4.514774553
3831,0.640625,0.546875,164.8810542,164.8810542,6,2995,2866,1,0,0,0,0,1,625.4806333,0,0,0,0,0,17,10,0.001598770524,0.001598770522,0.3377366197
3832,0.640625,0.53125,280.902295,103.5509234,6,3004,2995,0,0,0,0,0,0,30.39134379,-61.24526936,30.30289263,9.604384497e-05,0,0,62,30,0.03290410609,0.03290410607,3.353464932
3833,0.8125,0.859375,224.901812,-46.88530296,6,2903,3192,0,0,0,0,0,0,32.82444545,-398.8050021,32.72128878,9.604384497e-05,0,0,114,55,0.0304650996,0.03046509958,6.750305544
3834,0.828125,0.84375,380.1403849,380.1403849,6,3192,2962,1,1,1,0,0,1,55872.15094,182.8234929,56373.19227,8.242443043e-06,0,267.7954342,2,2,1.789800434e-05,1.789800434e-05,0.4643743937
3835,0.8125,0.828125,490.9935375,-26.71838804,6,3192,2898,0,0,0,0,0,0,7.799508756,-358.6040938,7.793670558,9.604384497e-05,0,0,16,7,0.1282132031,0.1282132031,1.002769863
3836,0.796875,0.828125,513.9575248,44.95862559,6,2898,2961,0,0,0,0,0,0,8.298854438,-248.0763367,8.292245072,9.604384497e-05,0,0,14,7,0.1204985589,0.1204985589,1.142296506
3837,0.765625,0.828125,247.8657993,497.4480749,6,2961,2904,0,0,0,0,0,0,16.52181086,214.7089789,16.49563528,9.604384497e-05,0,0,6,3,0.06052605302,0.06052605302,0.5279749553
3838,0.765625,0.859375,293.793774,603.8863813,6,2961,2720,0,0,0,0,0,0,348.8048327,317.4017719,337.4984466,9.604384497e-05,0,0,23,12,0.002866932755,0.002866932754,1.876013399
3839,0.796875,0.859375,247.8657993,35.51553425,6,2961,2903,0,0,0,0,0,0,46.04490169,-277.5534214,45.8421725,9.604384497e-05,0,0,72,34,0.02171793105,0.02171793103,7.98856219
3840,0.796875,0.84375,380.9116621,328.6340401,6,3192,2961,0,0,0,0,0,0,10.91871271,0.02351078374,10.90727452,9.604384497e-05,0,0,57,26,0.09158588808,0.09158588807,1.766086781
3841,0.125,0.46875,-157.5148253,-157.5148253,5,2689,2766,1,0,0,0,0,1,31.40740349,0,0,0,0,0,250,117,0.03183962661,0.03183962658,26.57690425
3842,0.15625,0.4375,-119.3899407,-119.3899407,5,2766,2738,1,0,0,0,0,1,5.726489371e+12,0,0,0,0,0,1,0,1.746270595e-13,0,0.1746270595
3843,0.125,0.40625,-173.3666019,-173.3666019,5,2766,2673,1,0,0,0,0,1,68.31007621,0,0,0,0,0,86,50,0.01463912874,0.01463912874,0.09964713292
3844,0.09375,0.4375,-301.9480271,-301.9480271,5,2766,2737,1,0,0,0,0,1,10.07258487,0,0,0,0,0,86,52,0.09927938193,0.09927938192,1.047063624
3845,0.171875,0.453125,-69.48158339,-69.48158339,6,2738,3024,1,0,0,0,0,1,1e+300,0,0,0,0,0,0,0,0,0,0
3846,0.140625,0.453125,-115.5323562,-115.5323562,6,3024,2766,1,0,0,0,0,1,777.3027944,0,0,0,0,0,112,50,0.001286499942,0.00128649994,1.061167359
3847,0.140625,0.484375,-266.6317484,-66.2083723,6,3024,2689,0,0,0,0,0,0,800.6045894,41.40031848,743.4392118,9.604384497e-05,0,0,68,33,0.001249056042,0.001249056041,0.9889673615
3848,0.171875,0.484375,-69.00836226,0.05871372309,6,3024,2765,0,0,0,0,0,0,1014.501294,48.6904095,924.4281529,9.604384497e-05,0,0,3,2,0.000985705988,0.0009857059878,0.2063376101
3849,0.9375,0.890625,941.3529469,-236.7800699,6,2933,3161,0,0,0,0,0,0,43.88815762,-679.1861484,43.70393733,9.604384497e-05,0,0,6,2,0.02278518977,0.02278518977,0.4374731119
3850,0.921875,0.90625,428.0305955,428.0305955,6,3161,3128,1,0,0,0,0,1,1.140190139e+13,0,0,0,0,0,2,0,8.77046701e-14,0,0.0877046701
3851,0.9375,0.921875,454.7586528,454.7586528,6,3161,2900,1,1,0,0,1,1,1e+300,0,0,0,0,297.8490521,0,0,0,0,0
3852,0.953125,0.90625,692.2650831,-378.273546,6,3161,3131,0,0,0,0,0,0,20.79718009,-819.6399591,20.75572176,9.604384497e-05,0,0,9,5,0.04808344188,0.04808344188,0.4290121031
3853,0.640625,0.5625,416.191462,29.66865197,6,2866,3007,0,0,0,0,0,0,345.8383222,-136.7726973,334.7203701,9.604384497e-05,0,0,31,15,0.002891524553,0.002891524552,2.721562545
3854,0.65625,0.578125,229.0353532,56.21745253,6,3007,2992,0,0,0,0,0,0,9.655929405,-131.8059017,9.646982865,9.604384497e-05,0,0,253,117,0.1035633089,0.1035633089,15.88405979
3855,0.671875,0.5625,283.2182727,119.4701117,6,3007,2843,0,0,0,0,0,0,10.72004838,-66.53936174,10.70902243,9.604384497e-05,0,0,160,74,0.09328316106,0.09328316102,15.05797803
3856,0.65625,0.546875,282.0602839,83.2306731,6,3007,2995,0,0,0,0,0,0,292.5050045,-96.46966755,284.5121187,9.604384497e-05,0,0,20,12,0.003418744927,0.003418744923,3.727113651
3857,0.84375,0.5,98.73937174,98.73937174,5,2715,2915,1,0,0,0,0,1,5005.657794,0,0,0,0,0,7,4,0.000199773944,0.0001997739436,0.5259874021
3858,0.8125,0.46875,95.61399549,95.61399549,5,2915,2883,1,0,0,0,0,1,1.922527796e+13,0,0,0,0,0,4,0,5.201485263e-14,0,0.05201485263
3859,0.78125,0.5,140.0610052,140.0610052,5,2915,2669,1,0,0,0,0,1,151.8307828,0,0,0,0,0,389,185,0.006586279683,0.006586279673,0.5290493144
3860,0.8125,0.53125,164.1115825,164.1115825,5,2915,2896,1,0,0,0,0,1,5203.900519,0,0,0,0,0,15,5,0.0001921635505,0.0001921635491,0.9470118661
3861,0.828125,0.453125,65.7390917,73.22984546,6,2883,3043,0,0,0,0,0,0,1.826544785e+13,-5.73382124e-08,10411.91135,9.604384497e-05,0,0,1,0,5.474817855e-14,0,0.05474817855
3862,0.828125,0.484375,-28.33638363,97.11320662,6,3043,2915,0,0,0,0,0,0,3.662533576e+12,-1.517244783e-07,10411.91133,9.604384497e-05,0,0,1,0,2.730350396e-13,0,0.2730350396
3863,0.859375,0.484375,-125.0995118,-125.0995118,6,3043,2715,0,0,0,0,0,0,1e+300,0,1e+300,0,0,0,0,0,0,0,0
3864,0.875,0.46875,-120.3824523,157.7772193,5,2715,2914,0,0,0,0,0,0,1231.195147,75.37813823,826.3135463,0.0003979754421,0,0,6,4,0.0008122189259,0.0008122189255,1.232562313
3865,0.90625,0.4375,124.8969279,65.49017086,5,2914,2884,0,0,0,0,0,0,464.3273139,-66.60540474,391.9065604,0.0003979754421,0,0,8,5,0.002153653188,0.002153653187,2.582710621
3866,0.875,0.40625,79.89027011,37.10551803,5,2914,2700,0,0,0,0,0,0,1232.297586,-53.97966706,826.8099818,0.0003979754421,0,0,2,1,0.0008114922978,0.0008114922974,0.7843897424
3867,0.84375,0.4375,70.45615117,70.45615117,5,2914,2883,0,0,0,0,0,0,1e+300,0,1e+300,0,0,0,0,0,0,0,0
3868,0.859375,0.453125,-24.96315056,-24.96315056,6,3043,2914,0,0,0,0,0,0,1e+300,0,1e+300,0,0,0,0,0,0,0,0
3869,0.875,0.984375,427.9714719,1379.181241,6,2719,3174,0,0,0,0,0,0,20.42100589,945.0363355,20.38103233,9.604384497e-05,0,0,10,4,0.04896918424,0.04896918424,0.1421610229
3870,0.890625,0.96875,637.385133,2.505817226,6,3174,3129,0,0,0,0,0,0,22.96949403,-448.502536,22.91893307,9.604384497e-05,0,0,6,2,0.0435360047,0.04353600469,0.5025008027
3871,0.875,0.953125,922.3538044,-159.1131826,6,3174,2922,0,0,0,0,0,0,36.86035001,-578.5788636,36.73031698,9.604384497e-05,0,0,7,4,0.02712942226,0.02712942226,0.2792285591
3872,0.859375,0.96875,579.0218911,-74.23555611,6,3174,2951,0,0,0,0,0,0,4.934053895,-503.9273147,4.931716826,9.604384497e-05,0,0,15,5,0.2026731003,0.2026731003,0.6523840665
3873,0.5625,0.734375,185.9462336,185.9462336,6,2867,3039,1,1,1,0,0,1,297620.4382,14.64170123,83885.55135,8.242443043e-06,0,73.31548552,2,2,3.359984301e-06,3.359984301e-06,0.03592299089
3874,0.578125,0.71875,269.820725,67.29987362,6,3039,3038,0,0,0,0,0,0,5.501945453,-170.8604047,5.499039606,9.604384497e-05,0,0,390,194,0.1817538921,0.181753892,3.790757892
3875,0.5625,0.703125,284.0181362,368.2640753,6,3039,2841,0,0,0,0,0,0,31.68985846,125.106657,31.59369938,9.604384497e-05,0,0,13,4,0.03155583674,0.03155583674,0.4327047508
3876,0.546875,0.703125,219.2464836,-41.78984103,6,2841,3037,0,0,0,0,0,0,2054.619678,-261.0502285,1715.996045,9.604384497e-05,0,0,5,2,0.0004867080807,0.0004867080798,0.2478028364
3877,0.515625,0.703125,233.8622194,104.6439433,6,3037,2844,0,0,0,0,0,0,709.2556623,-115.5399766,664.022676,9.604384497e-05,0,0,1,1,0.001409928821,0.001409928821,0.9784358096
3878,0.515625,0.734375,211.5681152,117.6989389,6,3037,2667,0,0,0,0,0,0,753.6437456,-114.7646331,702.7749003,9.604384497e-05,0,0,1,1,0.001326886882,0.001326886882,0.920807931
3879,0.546875,0.734375,163.1391825,163.1391825,6,3037,2867,1,0,0,0,0,1,2103.909543,0,0,0,0,0,7,5,0.0004753056058,0.0004753056057,0.8834034516
3880,0.546875,0.71875,280.1789521,28.13231413,6,3039,3037,0,0,0,0,0,0,4080.907184,-221.6266964,2931.799894,9.604384497e-05,0,0,10,6,0.000245043554,0.0002450435531,0.3470237828
3881,0.828125,0.875,68.89196197,441.5538102,6,2903,3191,0,0,0,0,0,0,6.272032181,75.69688465,6.268256245,9.604384497e-05,0,0,38,18,0.1594379575,0.1594379575,2.003687573
3882,0.84375,0.890625,219.209483,6.453043794,6,3191,2948,0,0,0,0,0,0,4.61408866,-379.3337685,4.61204481,9.604384497e-05,0,0,13,6,0.2167275217,0.2167275217,1.706780234
3883,0.859375,0.875,22.96398732,688.0828957,6,3191,2706,0,0,0,0,0,0,6.624587285,302.6185283,6.620375066,9.604384497e-05,0,0,12,5,0.1509528001,0.1509528001,0.729354677
3884,0.84375,0.859375,178.9738374,-4.340507676,6,3191,2962,0,0,0,0,0,0,7.392698612,-369.9841575,7.387453348,9.604384497e-05,0,0,312,144,0.1352686012,0.1352686011,23.89091
3885,0.5,0.609375,157.7692261,157.7692261,6,2710,3088,0,0,0,0,0,0,1e+300,0,1e+300,0,0,0,0,0,0,0,0
3886,0.515625,0.59375,92.33421084,136.5069037,6,3088,3001,0,0,0,0,0,0,305.3013544,-48.13833277,296.6042314,9.604384497e-05,0,0,17,9,0.003275452223,0.003275452219,3.076231948
3887,0.5,0.578125,205.6675225,66.56986615,6,3088,2846,0,0,0,0,0,0,201.7332693,-69.20160477,197.8989303,9.604384497e-05,0,0,22,10,0.004957040568,0.00495704056,4.858496254
3888,0.453125,0.578125,184.7569726,47.59141743,6,2793,3094,0,0,0,0,0,0,5093.646103,-92.63212864,3420.360206,9.604384497e-05,0,0,4,1,0.0001963230228,0.0001963230222,0.1653928829
3889,0.453125,0.609375,180.3255388,180.3255388,6,3094,2847,0,0,0,0,0,0,1e+300,0,1e+300,0,0,0,0,0,0,0,0
3890,0.484375,0.609375,150.7990429,150.7990429,6,3094,2710,0,0,0,0,0,0,1e+300,176.9026348,1735.330643,0,0,0,0,0,0,0,0
3891,0.484375,0.578125,198.6973392,49.86641274,6,3094,2846,0,0,0,0,0,0,244.7457139,-67.64414227,239.1247707,9.604384497e-05,0,0,11,6,0.004085873391,0.00408587339,1.25559988
3892,0.484375,0.59375,174.748191,159.5503132,6,3088,3094,0,0,0,0,0,0,1536.501572,-26.42629094,1338.915742,9.604384497e-05,0,0,5,1,0.0006508291423,0.0006508291413,0.8525384032
3893,0.671875,0.625,572.5634076,572.5634076,6,2891,2998,1,1,1,0,0,1,1674.045162,251.112989,1564.170687,6.647864041e-05,0,146.4973994,9,9,0.0005973554494,0.0005973554494,0.03510370231
3894,0.65625,0.609375,135.4400082,-60.75808591,6,2998,2992,0,0,0,0,0,0,221.7196984,-320.4646532,217.0966657,9.604384497e-05,0,0,31,19,0.00451019917,0.004510199168,0.224110254
3895,0.640625,0.625,211.1924323,211.1924323,6,2998,2704,1,1,1,0,0,1,7169.212725,-28.82616441,4245.758478,9.604384497e-05,0,120.7560084,17,17,0.0001394853296,0.0001394853296,1.355827665
3896,0.65625,0.640625,269.2027385,269.2027385,6,2998,2972,1,0,0,0,0,1,537.3858012,0,0,0,0,0,47,21,0.00186086048,0.001860860473,0.07171911989
3897,0.828125,0.546875,192.7352412,192.7352412,6,2896,3201,1,1,1,0,0,1,30762.19405,98.17356369,26785.13366,8.242443043e-06,0,208.2323441,2,2,3.250743423e-05,3.250743423e-05,0.2577119718
3898,0.859375,0.546875,71.92800624,33.97054198,6,3201,2916,0,0,0,0,0,0,41568.46938,-119.7079466,8326.357218,9.604384497e-05,0,0,8,4,2.405669525e-05,2.405669521e-05,0.0288190573
3899,0.859375,0.515625,-105.9967088,-0.5190785058,6,3201,2715,0,0,0,0,0,0,3501.586677,-111.2680796,2620.34824,9.604384497e-05,0,0,7,4,0.0002855848198,0.0002855848195,0.3371566526
3900,0.828125,0.515625,131.4254771,131.4254771,6,3201,2915,1,0,0,0,0,1,2265.683974,0,0,0,0,0,13,9,0.0004413678217,0.0004413678209,2.363529308
3901,0.875,0.515625,-131.556456,66.29508003,6,2715,3262,0,0,0,0,0,0,709.5450597,-41.08340385,664.2763312,9.604384497e-05,0,0,13,6,0.001409353763,0.001409353761,1.554030072
3902,0.859375,0.53125,-17.03435127,115.5283592,6,3262,3201,0,0,0,0,0,0,794.6358885,-24.54309674,738.2897025,9.604384497e-05,0,0,7,4,0.001258438002,0.001258438002,1.452751664
3903,0.875,0.546875,46.36825903,65.7084116,6,3262,2916,0,0,0,0,0,0,2169.032553,-84.59955978,1795.077924,9.604384497e-05,0,0,5,3,0.0004610350354,0.0004610350348,0.81517327
3904,0.921875,0.546875,252.6231043,116.3138461,6,2895,3119,0,0,0,0,0,0,51.69775665,-88.98669995,51.44233254,9.604384497e-05,0,0,60,32,0.0193431991,0.01934319909,11.12351029
3905,0.921875,0.515625,212.6481743,131.3598574,6,3119,2913,0,0,0,0,0,0,132.9039675,-44.77877896,131.2288822,9.604384497e-05,0,0,42,22,0.007524229855,0.007524229847,6.848048874
3906,0.890625,0.515625,-62.80484089,116.5090139,6,3119,2715,0,0,0,0,0,0,504.451421,-3.961854141,481.1404298,9.604384497e-05,0,0,19,8,0.001982351439,0.001982351436,3.251248704
3907,0.890625,0.546875,115.1198741,51.50609638,6,3119,2916,0,0,0,0,0,0,213.2817973,-111.8942591,209.0005457,9.604384497e-05,0,0,32,17,0.004688632658,0.004688632655,2.712000325
3908,0.890625,0.53125,26.15751662,101.8346465,6,3262,3119,0,0,0,0,0,0,980.0162725,-47.95867637,895.7081619,9.604384497e-05,0,0,11,5,0.00102039122,0.001020391219,1.820101786
3909,0.078125,0.546875,-246.5853535,-246.5853535,6,2744,3267,1,0,0,0,0,1,308.3949584,0,0,0,0,0,84,40,0.003242595162,0.003242595157,4.258758088
3910,0.109375,0.546875,-215.8834418,-215.8834418,6,3267,2764,1,1,1,0,0,1,77.54718973,-59.48229054,76.97389349,9.604384497e-05,0,257.4423406,116,116,0.01289537382,0.01289537382,3.656474522
3911,0.109375,0.515625,-328.0007204,-307.6573599,6,3267,2689,0,0,0,0,0,0,3.414726772,-137.9000845,3.413607234,9.604384497e-05,0,0,540,270,0.292849199,0.2928491989,1.48266053
3912,0.078125,0.515625,-270.8656254,-270.8656254,6,3267,2763,1,0,0,0,0,1,12.39040424,0,0,0,0,0,80,37,0.08070761699,0.08070761698,0.652091954
3913,0.171875,0.328125,-49.22047736,-119.4877165,6,2735,3259,0,0,0,0,0,0,27.81022958,-31.12484459,27.7361463,9.604384497e-05,0,0,81,42,0.03595799154,0.03595799152,2.236995095
3914,0.140625,0.328125,-66.98380594,-85.21109447,6,3259,2760,0,0,0,0,0,0,4.881136554,38.29100692,4.878849334,9.604384497e-05,0,0,217,104,0.2048703184,0.2048703184,0.7759386524
3915,0.140625,0.359375,-68.9086683,-172.562975,6,3259,2673,0,0,0,0,0,0,4.295327025,-40.90756629,4.293555763,9.604384497e-05,0,0,265,135,0.2328111443,0.2328111443,1.089918206
3916,0.21875,0.375,4.240127323,-34.04167073,5,2692,2789,0,0,0,0,0,0,1.077409895,3.792022781,1.076948119,0.0003979754421,0,0,2123,1049,0.9281518616,0.9281518611,6.072766374
3917,0.1875,0.34375,-31.4002758,-94.36689656,5,2789,2735,0,0,0,0,0,0,0.9925956302,-4.187271392,0.9922036813,0.0003979754421,0,0,1535,742,1.007459603,1.007459603,5.018195958
3918,0.15625,0.375,-133.4731082,-133.4731082,5,2789,2673,1,0,0,0,0,1,22.47073901,0,0,0,0,0,149,77,0.0445023192,0.04450231919,0.300810937
3919,0.1875,0.40625,-28.6448433,-28.6448433,5,2789,2738,1,1,1,0,0,1,323.7177803,50.8514631,286.7723969,0.0003979754421,0,218.2652489,20,20,0.003089110518,0.003089110518,3.251713458
3920,0.171875,0.359375,-41.24437127,-135.0308665,6,3259,2789,0,0,0,0,0,0,65.27843568,-51.19469201,64.87171649,9.604384497e-05,0,0,35,18,0.01531899454,0.01531899454,0.8371507573
3921,0.046875,0.921875,-14.35875589,163.1373135,6,2751,3274,0,0,0,0,0,0,3358.521756,136.385953,2539.399489,9.604384497e-05,0,0,2,2,0.0002977500438,0.0002977500438,0.353392206
3922,0.046875,0.890625,-18.53515166,24.97194308,6,3274,2754,0,0,0,0,0,0,1350.296412,-14.19690812,1195.282962,9.604384497e-05,0,0,6,4,0.0007405781363,0.0007405781358,1.001529582
3923,0.015625,0.890625,-43.07626768,152.8847358,6,3274,2683,0,0,0,0,0,0,1.631735541e+12,-3.815574985e-07,10411.91129,9.604384497e-05,0,0,2,0,6.128444069e-13,0,0.6128444069
3924,0,0.96875,-14.35875589,44.33898769,5,2648,2753,0,0,0,0,0,0,547.3030507,-54.78623022,449.414625,0.0003979754421,0,0,1,1,0.001827141286,0.001827141286,0.7816946916
3925,0.03125,0.9375,-14.35875589,165.7223085,5,2753,2751,0,0,0,0,0,0,5351.805333,114.8463289,1709.90364,0.0003979754421,0,0,2,2,0.0001868528352,0.0001868528352,0.08057983069
3926,0,0.90625,-43.07626768,-43.07626768,5,2753,2683,0,0,0,0,0,0,1e+300,96.00657206,1218.336668,0,0,0,0,0,0,0,0
3927,0.015625,0.921875,-28.71751178,-35.46356567,6,3274,2753,0,0,0,0,0,0,1916.886,-149.4062331,1618.847851,9.604384497e-05,0,0,1,1,0.0005216794323,0.0005216794323,0.6150777537
3928,0.015625,0.875,-45.16446556,248.6512707,6,2683,3277,0,0,0,0,0,0,15833.81881,36.70799799,6281.414798,9.604384497e-05,0,0,5,3,6.315595827e-05,6.315595744e-05,0.1412983087
3929,0.03125,0.890625,-30.80570967,82.24554767,6,3277,3274,0,0,0,0,0,0,1805.665615,-66.63103719,1538.801872,9.604384497e-05,0,0,7,3,0.0005538123957,0.0005538123941,1.085296654
3930,0.046875,0.875,-20.62334955,50.76152151,6,3277,2754,0,0,0,0,0,0,440.4219833,-47.46586625,422.5482673,9.604384497e-05,0,0,13,8,0.002270549695,0.002270549693,3.058179463
3931,0.046875,0.828125,5.609280004,5.609280004,6,2750,3148,1,0,0,0,0,1,309.5658509,0,0,0,0,0,45,27,0.003230330468,0.003230330463,5.554868315
3932,0.015625,0.828125,401.0213322,56.51577733,6,3148,2755,0,0,0,0,0,0,1835.493897,-252.2660395,1560.412132,9.604384497e-05,0,0,31,14,0.0005448124898,0.0005448124868,1.367882389
3933,0.015625,0.859375,-55.12871102,303.1925809,6,3148,2683,0,0,0,0,0,0,1410.600546,157.2919291,1242.295035,9.604384497e-05,0,0,19,9,0.0007089179166,0.0007089179145,1.524162083
3934,0.046875,0.859375,-30.587595,39.1616518,6,3148,2754,0,0,0,0,0,0,140.4315464,6.976884915,138.5626705,9.604384497e-05,0,0,51,25,0.00712090713,0.007120907127,2.595019513
3935,0.03125,0.859375,-42.85815301,105.8022357,6,3277,3148,0,0,0,0,0,0,387.6269024,-36.09026486,373.7138432,9.604384497e-05,0,0,11,8,0.002579800302,0.002579800301,3.860354797
3936,0.890625,0.9375,340.2208163,340.2208163,6,2922,3175,1,1,1,0,0,1,923.234762,-81.51520804,848.0383348,9.604384497e-05,0,113.057039,97,97,0.001083148123,0.001083148123,3.464193673
3937,0.90625,0.953125,846.798794,846.798794,6,3175,3129,0,0,0,0,0,0,1e+300,-464.9509692,2859.523548,0,0,0,0,0,0,0,0
3938,0.921875,0.9375,470.545642,470.545642,6,3175,2900,1,0,0,0,0,1,159161.2241,0,0,0,0,0,18,8,6.282937354e-06,6.282935922e-06,0.380880278
3939,0.90625,0.921875,464.5226115,464.5226115,6,3175,3128,1,1,1,0,0,1,202335.5472,681.5329686,45648.31309,8.242443043e-06,0,85.798709,5,5,4.942285296e-06,4.942285296e-06,0.2232891959
3940,0.1875,0.515625,123.5931387,123.5931387,6,2765,3021,0,0,0,0,0,0,1e+300,0,1e+300,0,0,0,0,0,0,0,0
3941,0.171875,0.53125,575.2948089,575.2948089,6,3021,2939,0,0,0,0,0,0,1e+300,0,1e+300,0,0,0,0,0,0,0,0
3942,0.1875,0.546875,264.7784277,264.7784277,6,3021,2743,0,0,0,0,0,0,1e+300,0,1e+300,0,0,0,0,0,0,0,0
3943,0.203125,0.53125,104.5371821,104.5371821,6,3021,2938,0,0,0,0,0,0,1e+300,0,1e+300,0,0,0,0,0,0,0,0
3944,0.9140625,0.9140625,636.5218437,636.5218437,7,3128,3699,0,0,0,0,0,0,1e+300,24.89752728,470.5223177,0,0,0,0,0,0,0,0
3945,0.9140625,0.9296875,345.5853882,-16.98312626,7,3699,3175,0,0,0,0,0,0,717.7997533,-474.080876,698.4988625,3.849535641e-05,0,0,9,6,0.001393146202,0.001393146201,0.6796504045
3946,0.9296875,0.9296875,469.154686,469.154686,7,3699,2900,1,0,0,0,0,1,10127.87449,0,0,0,0,0,32,16,9.873740054e-05,9.873739342e-05,3.804579374
3947,0.9296875,0.9140625,441.244425,441.244425,7,3699,3161,0,0,0,0,0,0,1e+300,-393.442707,136.9680567,0,0,0,0,0,0,0,0
3948,0.9375,0.9140625,343.6057157,343.6057157,7,3161,3851,0,0,0,0,0,0,1e+300,0,1e+300,0,0,0,0,0,0,0,0
3949,0.9296875,0.921875,666.1875031,666.1875031,7,3851,3699,0,0,0,0,0,0,1e+300,-177.7916382,217.1874579,0,0,0,0,0,0,0,0
3950,0.9375,0.9296875,345.0342055,345.0342055,7,3851,2900,1,1,1,0,0,1,4412.552731,-122.8706745,3771.854909,3.849535641e-05,0,198.9441305,26,26,0.0002266261869,0.0002266261869,3.942715937
3951,0.9453125,0.9296875,393.3920071,393.3920071,7,2900,3729,1,1,1,0,0,1,1526.66289,-53.79243555,1441.921931,3.849535641e-05,0,132.4605871,41,41,0.0006550234545,0.0006550234545,5.336307462
3952,0.9609375,0.9296875,616.6033986,-23.36318768,7,3729,3132,0,0,0,0,0,0,8.471574877,-468.4725946,8.468813059,3.849535641e-05,0,0,171,79,0.1180418062,0.1180418062,8.30725109
3953,0.9609375,0.9140625,567.7211512,567.7211512,7,3729,3131,0,0,0,0,0,0,1e+300,-57.14215165,11.50627825,0,0,0,0,0,0,0,0
3954,0.9453125,0.9140625,418.3108609,418.3108609,7,3729,3161,0,0,0,0,0,0,1e+300,964.0224916,101.7790367,0,0,0,0,0,0,0,0
3955,0.9453125,0.921875,643.2539389,643.2539389,7,3851,3729,0,0,0,0,0,0,1e+300,-438.8868197,89.23757571,0,0,0,0,0,0,0,0
3956,0.6015625,0.4609375,318.767229,117.5688883,7,3016,3355,0,0,0,0,0,0,602.3358024,-22.28861353,588.6858659,3.849535641e-05,0,0,14,5,0.001660203488,0.001660203484,2.763926138
3957,0.6171875,0.4609375,350.4342391,167.474359,7,3355,3012,0,0,0,0,0,0,4.879992493e+11,-2.884595062e-06,25977.15777,3.849535641e-05,0,0,3,0,2.04918348e-12,0,2.04918348
3958,0.6171875,0.4453125,743.9169413,31.74039789,7,3355,2864,0,0,0,0,0,0,148121.9376,-151.8445797,22101.13216,3.849535641e-05,0,0,3,1,6.751194429e-06,6.751194078e-06,0.006983186766
3959,0.6015625,0.4453125,273.7359216,40.07732667,7,3355,3019,0,0,0,0,0,0,94.8247589,-82.37746858,94.47987778,3.849535641e-05,0,0,39,22,0.01054576897,0.01054576896,3.518845867
3960,0.6015625,0.4140625,292.5717084,153.7498844,7,3017,3478,0,0,0,0,0,0,2.031265819e+18,-1.040433517e-09,25977.15915,3.849535641e-05,0,0,1,0,4.923038583e-19,0,4.923038583e-07
3961,0.6015625,0.4296875,265.0040814,128.1076844,7,3478,3019,0,0,0,0,0,0,6.264520487e+12,-1.266626612e-06,25977.15904,3.849535641e-05,0,0,3,0,1.596291372e-13,0,0.1596291372
3962,0.6171875,0.4296875,735.1851011,40.16777389,7,3478,2864,0,0,0,0,0,0,109685.9076,-149.0700942,21002.97705,3.849535641e-05,0,0,3,1,9.116941473e-06,9.116941451e-06,0.006983186073
3963,0.625,0.421875,717.3688481,717.3688481,6,2864,3014,0,0,0,0,0,0,1e+300,0,1e+300,0,0,0,0,0,0,0,0
3964,0.640625,0.40625,259.9396617,259.9396617,6,3014,3008,0,0,0,0,0,0,1e+300,0,1e+300,0,0,0,0,0,0,0,0
3965,0.625,0.390625,239.1229494,239.1229494,6,3014,2699,0,0,0,0,0,0,1e+300,0,1e+300,0,0,0,0,0,0,0,0
3966,0.609375,0.40625,274.7554554,274.7554554,6,3014,3017,0,0,0,0,0,0,1e+300,0,1e+300,0,0,0,0,0,0,0,0
3967,0.6171875,0.4140625,496.0621518,496.0621518,7,3478,3014,0,0,0,0,0,0,1e+300,0,1e+300,0,0,0,0,0,0,0,0
3968,0.6171875,0.4375,721.4012876,304.399025,7,2864,3481,0,0,0,0,0,0,1161.944685,98.41358463,1112.19671,3.849535641e-05,0,0,5,2,0.0008606261666,0.0008606261664,0.6811237867
3969,0.609375,0.4296875,500.0945912,64.95212258,7,3481,3478,0,0,0,0,0,0,3846.820284,-123.2893259,3350.641485,3.849535641e-05,0,0,5,1,0.0002599549566,0.0002599549548,0.1991143463
3970,0.6015625,0.4375,251.2202678,55.62623792,7,3481,3019,0,0,0,0,0,0,84.88925933,-89.22902004,84.61275818,3.849535641e-05,0,0,29,17,0.01178005331,0.0117800533,2.157752247
3971,0.609375,0.4453125,278.4603238,136.7224569,7,3481,3355,0,0,0,0,0,0,67.18931634,-45.86610114,67.01598107,3.849535641e-05,0,0,29,18,0.01488331858,0.01488331857,3.371404218
3972,0.9765625,0.9140625,435.5632246,465.2773934,7,3131,3730,0,0,0,0,0,0,1.080199127e+12,-8.241067462e-06,25977.15852,3.849535641e-05,0,0,1,0,9.257552382e-13,0,0.9257552382
3973,0.9765625,0.9296875,432.4890978,432.4890978,7,3730,3132,1,1,1,0,0,1,991.9902053,-35.01054766,955.5023986,3.849535641e-05,0,65.33480248,66,66,0.00100807447,0.00100807447,7.544147924
3974,0.9921875,0.9296875,474.5198529,474.5198529,7,3730,2935,1,1,1,0,0,1,451.7148669,-9.769702514,443.9942794,3.849535641e-05,0,67.91780552,56,56,0.002213785893,0.002213785893,10.28927632
3975,0.9921875,0.9140625,425.6242213,456.3846144,7,3730,3133,0,0,0,0,0,0,833.8597236,-0.7652210278,807.9255343,3.849535641e-05,0,0,3,1,0.001199242476,0.001199242476,0.5085000898
3976,0.96875,0.9296875,490.8065895,29.58540054,7,3132,3734,0,0,0,0,0,0,10.95186153,-427.1570673,10.94724622,3.849535641e-05,0,0,146,74,0.09130867819,0.09130867816,7.91695608
3977,0.9765625,0.921875,460.0043483,460.0043483,7,3734,3730,0,0,0,0,0,0,1e+300,371.9711384,39.46300717,0,0,0,0,0,0,0,0
3978,0.96875,0.9140625,441.924342,441.924342,7,3734,3131,0,0,0,0,0,0,1e+300,0,1e+300,0,0,0,0,0,0,0,0
3979,0.9609375,0.921875,592.1622749,156.9130226,7,3734,3729,0,0,0,0,0,0,12.80257259,-273.715752,12.79626608,3.849535641e-05,0,0,76,41,0.07810930132,0.0781093013,5.244795802
3980,0.5703125,0.5546875,188.4836745,96.97838479,7,2840,3472,0,0,0,0,0,0,2814.107991,-83.72814386,2539.052234,3.849535641e-05,0,0,5,3,0.0003553523898,0.0003553523897,0.4693514984
3981,0.5859375,0.5546875,196.5814256,-44.7916158,7,3472,3005,0,0,0,0,0,0,4814.153776,-213.5918156,4061.471465,3.849535641e-05,0,0,8,4,0.0002077208262,0.0002077208259,0.2422981058
3982,0.5859375,0.5390625,195.2311168,70.63828906,7,3472,3003,0,0,0,0,0,0,1169.278966,-104.9397498,1118.914594,3.849535641e-05,0,0,8,4,0.0008552279049,0.0008552279028,1.094041117
3983,0.515625,0.515625,46.27748834,69.89100697,6,2651,3000,0,0,0,0,0,0,40.65924794,-100.9727702,40.50108833,9.604384497e-05,0,0,390,170,0.02459465068,0.02459465065,14.71385768
3984,0.515625,0.546875,161.0858237,91.15452938,6,3000,2846,0,0,0,0,0,0,55.16054148,-30.4590248,54.86985031,9.604384497e-05,0,0,75,35,0.01812890108,0.01812890106,11.53255673
3985,0.546875,0.546875,180.977434,180.977434,6,3000,2840,1,0,0,0,0,1,97.05721049,0,0,0,0,0,89,48,0.01030320153,0.01030320152,0.6668376819
3986,0.546875,0.515625,139.7744172,139.7744172,6,3000,2865,1,0,0,0,0,1,2.683774181,0,0,0,0,0,1827,924,0.3726095911,0.3726095908,62.83650514
3987,0.5625,0.515625,176.2461758,176.2461758,6,2865,3071,1,1,1,0,0,1,4.849647217,52.01374484,4.847389402,9.604384497e-05,0,22.88439949,987,987,0.2062005658,0.2062005658,44.37368333
3988,0.546875,0.53125,222.9826732,222.9826732,6,3071,3000,1,1,1,0,0,1,10162.59186,69.75484926,6597.558476,5.778099445e-05,0,24.893123,8,8,9.84000946e-05,9.84000946e-05,0.3170439725
3989,0.5625,0.546875,180.5379697,181.5430736,6,3071,2840,0,0,0,0,0,0,1926.411335,16.10761788,1625.636203,9.604384497e-05,0,0,32,17,0.0005190999356,0.0005190999343,1.445404886
3990,0.578125,0.53125,187.285412,41.32905837,6,3071,3003,0,0,0,0,0,0,910.6997211,-118.9779075,837.450364,9.604384497e-05,0,0,11,2,0.001098056776,0.001098056775,0.08408678976
3991,0.5703125,0.5390625,183.9116908,268.1685992,7,3472,3071,0,0,0,0,0,0,149539.6885,108.0641203,22132.44107,3.849535641e-05,0,0,4,2,6.687187931e-06,6.687187099e-06,0.0117839891
3992,0.5859375,0.7265625,262.7220194,30.76230042,7,3038,3767,0,0,0,0,0,0,6.13041285,-146.4134738,6.12896646,3.849535641e-05,0,0,434,218,0.163121151,0.1631211509,29.17356554
3993,0.5703125,0.7265625,281.4628164,166.118162,7,3767,3039,0,0,0,0,0,0,3.707263615,-46.55337524,3.706734618,3.849535641e-05,0,0,382,193,0.2697407316,0.2697407315,45.16015803
3994,0.5703125,0.7421875,398.7843676,54.06565237,7,3767,2867,0,0,0,0,0,0,468509.3417,-72.13263988,24612.4853,3.849535641e-05,0,0,1,1,2.134429158e-06,2.134429158e-06,0.003400012781
3995,0.5859375,0.7421875,230.0432613,209.2813868,7,3767,3034,0,0,0,0,0,0,21.33708207,-25.70682299,21.31957063,3.849535641e-05,0,0,55,28,0.04686676448,0.04686676445,11.29848258
3996,0.5625,0.7421875,408.1547661,408.1547661,7,2867,3873,0,0,0,0,0,0,1e+300,0,1e+300,0,0,0,0,0,0,0,0
3997,0.5703125,0.734375,340.123592,352.3107374,7,3873,3767,0,0,0,0,0,0,844.9154299,183.5477438,818.2999613,3.849535641e-05,0,0,2,2,0.001183550406,0.001183550406,1.464780561
3998,0.5625,0.7265625,290.8332149,-95.22451298,7,3873,3039,0,0,0,0,0,0,3457.441096,-324.9720106,3051.323845,3.849535641e-05,0,0,2,2,0.0002892312471,0.0002892312471,0.3579571317
3999,0.546875,0.796875,253.1865741,253.1865741,6,2849,3030,0,0,0,0,0,0,1e+300,0,1e+300,0,0,0,0,0,0,0,0
4000,0.546875,0.765625,352.4247841,352.4247841,6,3030,2867,0,0,0,0,0,0,1e+300,0,1e+300,0,0,0,0,0,0,0,0
4001,0.515625,0.765625,222.8814788,222.8814788,6,3030,2667,0,0,0,0,0,0,1e+300,0,1e+300,0,0,0,0,0,0,0,0
4002,0.5,0.84375,250.2388955,250.2388955,5,2708,2854,0,0,0,0,0,0,1e+300,0,1e+300,0,0,0,0,0,0,0,0
4003,0.53125,0.8125,252.2040146,252.2040146,5,2854,2849,0,0,0,0,0,0,1e+300,0,1e+300,0,0,0,0,0,0,0,0
4004,0.5,0.78125,221.8989192,221.8989192,5,2854,2667,0,0,0,0,0,0,1e+300,0,1e+300,0,0,0,0,0,0,0,0
4005,0.40625,0.84375,298.6442171,298.6442171,5,2682,2801,0,0,0,0,0,0,1e+300,0,1e+300,0,0,0,0,0,0,0,0
4006,0.46875,0.84375,266.3740027,266.3740027,5,2801,2708,0,0,0,0,0,0,1e+300,0,1e+300,0,0,0,0,0,0,0,0
4007,0.46875,0.78125,238.0340264,238.0340264,5,2801,2667,0,0,0,0,0,0,1e+300,0,1e+300,0,0,0,0,0,0,0,0
4008,0.40625,0.78125,186.1017936,186.1017936,5,2801,2711,0,0,0,0,0,0,1e+300,0,1e+300,0,0,0,0,0,0,0,0
4009,0.46875,0.8125,252.2040146,252.2040146,5,2854,2801,0,0,0,0,0,0,1e+300,0,1e+300,0,0,0,0,0,0,0,0
4010,0.515625,0.796875,237.0514669,237.0514669,6,3030,2854,0,0,0,0,0,0,1e+300,0,1e+300,0,0,0,0,0,0,0,0
4011,0.515625,0.75,272.5005837,272.5005837,6,2667,3032,0,0,0,0,0,0,1e+300,0,1e+300,0,0,0,0,0,0,0,0
4012,0.53125,0.765625,287.6531314,287.6531314,6,3032,3030,0,0,0,0,0,0,1e+300,0,1e+300,0,0,0,0,0,0,0,0
4013,0.546875,0.75,402.0438891,402.0438891,6,3032,2867,0,0,0,0,0,0,1e+300,0,1e+300,0,0,0,0,0,0,0,0
4014,0.53125,0.734375,276.3397679,276.3397679,6,3032,3037,0,0,0,0,0,0,1e+300,0,1e+300,0,0,0,0,0,0,0,0
4015,0.5390625,0.7265625,278.25936,308.612853,7,3037,3879,0,0,0,0,0,0,487.9986122,114.0389804,479.0002662,3.849535641e-05,0,0,7,5,0.002049186156,0.002049186155,1.819528439
4016,0.5390625,0.7421875,339.1918285,339.1918285,7,3879,3032,0,0,0,0,0,0,1e+300,0,1e+300,0,0,0,0,0,0,0,0
4017,0.5546875,0.7421875,403.9634811,403.9634811,7,3879,2867,0,0,0,0,0,0,1e+300,0,1e+300,0,0,0,0,0,0,0,0
4018,0.5546875,0.7265625,286.64193,24.69033868,7,3879,3039,0,0,0,0,0,0,889.6696123,-193.7805647,860.2090449,3.849535641e-05,0,0,7,5,0.001124012764,0.001124012764,0.9953427436
4019,0.5546875,0.734375,345.3027055,345.3027055,7,3873,3879,0,0,0,0,0,0,1e+300,0,1e+300,0,0,0,0,0,0,0,0
4020,0.5390625,0.6484375,248.9536343,19.36031724,7,3036,3486,0,0,0,0,0,0,386.6093648,-126.0765892,380.9399628,3.849535641e-05,0,0,20,10,0.002586590215,0.002586590213,0.7224158762
4021,0.5546875,0.6484375,172.9184203,172.9184203,7,3486,3053,1,0,0,0,0,1,457.6212474,0,0,0,0,0,78,40,0.002185213221,0.00218521321,7.639257621
4022,0.5546875,0.6328125,188.030709,188.030709,7,3486,2845,1,0,0,0,0,1,42790.42857,0,0,0,0,0,2,1,2.336971218e-05,2.336971218e-05,0.1117309767
4023,0.5390625,0.6328125,254.8881708,137.4895562,7,3486,3052,0,0,0,0,0,0,467.6513618,-11.73095473,459.3813916,3.849535641e-05,0,0,10,6,0.002138345104,0.002138345103,1.315489234
4024,0.5625,0.6328125,633.4131535,294.8294693,7,2845,3489,0,0,0,0,0,0,195.7990155,99.20424164,194.3342496,3.849535641e-05,0,0,5,3,0.005107277979,0.005107277978,0.4260234403
4025,0.5546875,0.640625,19.11272401,19.11272401,7,3489,3486,1,1,1,0,0,1,17921.23181,-84.39871446,8756.61853,5.778099445e-05,0,88.82344663,2,2,5.57997358e-05,5.57997358e-05,0.03190717304
4026,0.5625,0.6484375,358.4770022,101.1155298,7,3489,3053,0,0,0,0,0,0,192.1860485,-79.37612729,190.7746461,3.849535641e-05,0,0,48,26,0.00520329133,0.005203291325,1.322126625
4027,0.5859375,0.6484375,276.3774327,77.87328468,7,3035,3462,0,0,0,0,0,0,0.8092409928,-108.277215,0.8092157841,3.849535641e-05,0,0,1110,522,1.235725833,1.235725833,93.53687283
4028,0.5859375,0.6328125,355.8582659,167.4729167,7,3462,3054,0,0,0,0,0,0,2.732065605,-0.6164040026,2.731778299,3.849535641e-05,0,0,339,154,0.3660234213,0.3660234212,40.09057093
4029,0.5703125,0.6328125,606.0466304,-276.3577705,7,3462,2845,0,0,0,0,0,0,3030.786312,-471.3895322,2714.125979,3.849535641e-05,0,0,7,3,0.000329947379,0.0003299473779,0.0265522214
4030,0.5703125,0.6484375,331.110479,202.7204541,7,3462,3053,0,0,0,0,0,0,2.394082153,22.82226296,2.393861533,3.849535641e-05,0,0,805,385,0.4176966102,0.4176966101,34.51395934
4031,0.5703125,0.640625,468.5785547,84.13669784,7,3489,3462,0,0,0,0,0,0,41.28296306,-83.02056947,41.21746018,3.849535641e-05,0,0,35,18,0.02422306748,0.02422306747,1.826367231
4032,0.9609375,0.9375,641.0445224,89.77422395,7,3132,3735,0,0,0,0,0,0,22.60384087,-389.0900295,22.5841894,3.849535641e-05,0,0,95,38,0.04424026897,0.04424026895,3.971977574
4033,0.953125,0.9296875,742.4002078,33.13692998,7,3735,3729,0,0,0,0,0,0,12.52946204,-419.6136302,12.52342167,3.849535641e-05,0,0,156,64,0.07981188633,0.07981188628,6.639372355
4034,0.9453125,0.9375,892.6381407,892.6381407,7,3735,2900,0,0,0,0,0,0,1e+300,218.0173712,73.48615485,0,0,0,0,0,0,0,0
4035,0.9453125,0.9453125,891.1305812,2484.918168,7,2900,3702,0,0,0,0,0,0,1355.808491,2003.920673,1288.555762,3.849535641e-05,0,0,1,1,0.000737567294,0.000737567294,0.026202963
4036,0.9453125,0.9609375,496.4395133,160.9953047,7,3702,3156,0,0,0,0,0,0,63.36586722,-290.1522337,63.21167551,3.849535641e-05,0,0,7,3,0.01578136691,0.01578136691,1.003740309
4037,0.9609375,0.9609375,636.5218437,51.42157381,7,3702,3130,0,0,0,0,0,0,7.5560707,-426.8221355,7.553873477,3.849535641e-05,0,0,9,4,0.1323439179,0.1323439179,1.411930462
4038,0.9609375,0.9453125,639.5369628,1141.748141,7,3702,3132,0,0,0,0,0,0,21.89773763,666.32629,21.87929423,3.849535641e-05,0,0,3,2,0.04566681805,0.04566681805,0.4361970972
4039,0.953125,0.9453125,765.333772,765.333772,7,3735,3702,0,0,0,0,0,0,1e+300,0,1e+300,0,0,0,0,0,0,0,0
4040,0.9609375,0.8515625,582.2840828,-256.4850669,7,3136,3551,0,0,0,0,0,0,1756.271481,-690.4849666,1645.052298,3.849535641e-05,0,0,8,5,0.0005693880534,0.0005693880532,0.4201737213
4041,0.9453125,0.8515625,448.5127545,448.5127545,7,3551,3159,1,0,0,0,0,1,1.790242002e+12,0,0,0,0,0,1,0,5.585836992e-13,0,0.5585836992
4042,0.9453125,0.8671875,456.476252,456.476252,7,3551,2933,1,0,0,0,0,1,22295.61026,0,0,0,0,0,70,39,4.485187838e-05,4.485187773e-05,0.4887315061
4043,0.9609375,0.8671875,411.4879187,411.4879187,7,3551,3158,1,0,0,0,0,1,5762.795068,0,0,0,0,0,161,79,0.0001735269063,0.0001735269046,0.5335946384
4044,0.9453125,0.84375,445.6753252,421.1964081,7,3159,3691,0,0,0,0,0,0,2.444763158e+12,4.360933815e-06,25977.15887,3.849535641e-05,0,0,1,0,4.090375777e-13,0,0.4090375777
4045,0.953125,0.8515625,573.7894818,-30.50159757,7,3691,3551,0,0,0,0,0,0,631.5031058,-458.3040994,616.5156491,3.849535641e-05,0,0,4,3,0.001583523487,0.001583523486,0.8110919398
4046,0.9609375,0.84375,462.6645274,406.2709366,7,3691,3136,0,0,0,0,0,0,838.9638652,-0.4197366058,812.7162094,3.849535641e-05,0,0,8,4,0.001191946449,0.001191946448,1.060602597
4047,0.9453125,0.8203125,670.1828768,-189.3524287,7,2901,3550,0,0,0,0,0,0,40.94048514,-586.0779291,40.87606371,3.849535641e-05,0,0,6,2,0.0244256998,0.0244256998,0.1965698896
4048,0.9453125,0.8359375,520.5111758,-2461.237731,7,3550,3159,0,0,0,0,0,0,313.8252533,-2883.244009,310.0792433,3.849535641e-05,0,0,6,2,0.003186486714,0.003186486714,0.01533905873
4049,0.9609375,0.8359375,537.5003779,-51.35844821,7,3550,3136,0,0,0,0,0,0,5322.811559,-458.8589957,4417.624677,3.849535641e-05,0,0,6,1,0.0001878706373,0.0001878706365,0.2839288798
4050,0.9609375,0.8203125,401.2729188,373.5642202,7,3550,3139,0,0,0,0,0,0,2.36197796e+12,-5.544995645e-06,25977.15886,3.849535641e-05,0,0,6,0,4.23373976e-13,0,0.423373976
4051,0.953125,0.8359375,529.0057768,115.8529985,7,3691,3550,0,0,0,0,0,0,1604.97829,-285.4501512,1511.586133,3.849535641e-05,0,0,5,1,0.0006230613872,0.0006230613857,0.9416326248
4052,0.8359375,0.9765625,551.5173383,425.9947565,7,2951,3642,0,0,0,0,0,0,1.351586109e+13,2.102008011e-06,25977.1591,3.849535641e-05,0,0,1,0,7.398714693e-14,0,0.07398714693
4053,0.8203125,0.9765625,642.0060257,-216.5417429,7,3642,3187,0,0,0,0,0,0,250.011729,-634.7578191,247.6284806,3.849535641e-05,0,0,1,1,0.003999812344,0.003999812344,0.2076262028
4054,0.8203125,0.9921875,824.4895565,-21.4887053,7,3642,2923,0,0,0,0,0,0,263.0399993,-435.869635,260.4032037,3.849535641e-05,0,0,6,4,0.003801703173,0.003801703172,1.761859451
4055,0.859375,1,375.8291456,20.01785472,6,2719,3186,0,0,0,0,0,0,7.886610392,-386.8692549,7.880641119,9.604384497e-05,0,0,156,79,0.1267971854,0.1267971854,11.72958164
4056,0.84375,0.984375,492.9546074,796.57387,6,3186,2951,0,0,0,0,0,0,7.846970503,394.1399068,7.841061062,9.604384497e-05,0,0,157,79,0.1274377162,0.1274377162,7.336505958
4057,0.828125,1,765.9268256,-514.0094278,6,3186,2923,0,0,0,0,0,0,9149.997221,-904.8295663,4870.12602,9.604384497e-05,0,0,5,3,0.0001092896507,0.0001092896504,0.07228349565
4058,0.8359375,0.9921875,629.4407165,-525.7179941,7,3642,3186,0,0,0,0,0,0,3410.59176,-948.1324094,3014.775959,3.849535641e-05,0,0,6,3,0.0002932042503,0.0002932042493,0.1939234688
4059,0.390625,0.4375,222.2914863,69.71310688,6,2816,3286,0,0,0,0,0,0,2.772207995,-36.71837309,2.771470081,9.604384497e-05,0,0,123,54,0.3607232941,0.3607232941,3.288725422
4060,0.40625,0.453125,178.0296859,-37.14629387,6,3286,3097,0,0,0,0,0,0,5682.373217,-157.6282898,3676.110358,9.604384497e-05,0,0,13,6,0.0001759828089,0.0001759828088,0.2612821694
4061,0.421875,0.4375,168.6777771,95.73956487,6,3286,2784,0,0,0,0,0,0,2.580579859,-22.81311417,2.579940424,9.604384497e-05,0,0,125,58,0.3875098058,0.3875098057,2.335749834
4062,0.390625,0.390625,35.46773064,50.46733249,6,2674,3096,0,0,0,0,0,0,521.7982322,-38.16026946,496.8960347,9.604384497e-05,0,0,19,12,0.001916449574,0.001916449572,3.33861239
4063,0.390625,0.421875,160.0169011,50.01502353,6,3096,2816,0,0,0,0,0,0,7.071091261,-50.48183043,7.066292296,9.604384497e-05,0,0,301,144,0.1414208873,0.1414208872,2.026933089
4064,0.421875,0.421875,106.4031919,69.3055727,6,3096,2784,0,0,0,0,0,0,0.9537243567,-43.31248034,0.9536370042,9.604384497e-05,0,0,127,58,1.048520983,1.048520983,3.86718166
4065,0.421875,0.390625,128.1972587,188.3389933,6,3096,2833,0,0,0,0,0,0,4.356915996,90.47447159,4.355093585,9.604384497e-05,0,0,48,25,0.229520147,0.229520147,0.833613958
4066,0.40625,0.421875,133.2100465,52.43849118,6,3286,3096,0,0,0,0,0,0,2.342112766,-54.11896232,2.341586037,9.604384497e-05,0,0,200,85,0.4269649244,0.4269649244,3.918370534
4067,0.3984375,0.4609375,182.7056403,97.70051872,7,3097,3509,0,0,0,0,0,0,1.855117633e+12,7.275158538e-07,25977.15878,3.849535641e-05,0,0,3,0,5.390493747e-13,0,0.5390493747
4068,0.3984375,0.4453125,200.1605861,79.41564101,7,3509,3286,0,0,0,0,0,0,323.8090531,-10.29496055,319.8224202,3.849535641e-05,0,0,19,10,0.003088239784,0.00308823978,3.994320035
4069,0.3828125,0.4453125,226.9674407,46.20666466,7,3509,2816,0,0,0,0,0,0,336.9787981,-37.44333737,332.6634483,3.849535641e-05,0,0,21,14,0.002967545749,0.002967545747,4.195864824
4070,0.3828125,0.4609375,56.10473944,98.94363502,7,3509,3285,0,0,0,0,0,0,454.4188695,7.275872941,446.6063769,3.849535641e-05,0,0,5,4,0.002200612842,0.002200612842,3.072076744
4071,0.8515625,0.9140625,586.7544861,1224.428367,7,2948,3637,0,0,0,0,0,0,107.5153315,848.0663941,107.0721768,3.849535641e-05,0,0,4,2,0.009300999085,0.009300999084,0.08682858899
4072,0.8515625,0.9296875,500.4148498,-13.50685522,7,3637,3177,0,0,0,0,0,0,8.681601748,-388.9921531,8.678701314,3.849535641e-05,0,0,205,94,0.1151861176,0.1151861176,17.09812511
4073,0.8671875,0.9296875,975.2814759,-10.75202598,7,3637,2922,0,0,0,0,0,0,10.59307459,-391.7761233,10.58875666,3.849535641e-05,0,0,229,115,0.09440129888,0.09440129885,9.034579745
4074,0.875,0.921875,383.0638441,383.0638441,6,2922,3176,1,0,0,0,0,1,1434.410035,0,0,0,0,0,201,101,0.000697150728,0.0006971507196,4.035098591
4075,0.890625,0.90625,404.8203289,404.8203289,6,3176,3128,1,0,0,0,0,1,602.8734331,0,0,0,0,0,7,5,0.001658722951,0.001658722951,0.1639907133
4076,0.875,0.890625,292.3862427,209.1567956,6,3176,2706,0,0,0,0,0,0,1.596410658,-168.9284979,1.596165925,9.604384497e-05,0,0,19,10,0.6264052393,0.6264052393,2.009939256
4077,0.859375,0.90625,488.6317383,-16.06621735,6,3176,2948,0,0,0,0,0,0,1.90641869,-394.4739558,1.906069689,9.604384497e-05,0,0,16,10,0.5245437455,0.5245437455,2.032833207
4078,0.8671875,0.9140625,682.8952332,12.82873203,7,3637,3176,0,0,0,0,0,0,19.06328247,-365.7030808,19.04930318,3.849535641e-05,0,0,2,1,0.05245686316,0.05245686316,0.4784009279
4079,0.8671875,0.9375,932.1116577,252.6716405,7,2922,3638,0,0,0,0,0,0,19.19392644,-151.4553511,19.17975496,3.849535641e-05,0,0,113,62,0.05209981412,0.05209981411,6.929728078
4080,0.859375,0.9296875,737.8481628,85.73653342,7,3638,3637,0,0,0,0,0,0,2.682483352,-313.8524086,2.682206379,3.849535641e-05,0,0,229,116,0.3727888932,0.3727888932,31.06197564
4081,0.8515625,0.9375,457.2450316,199.9231389,7,3638,3177,0,0,0,0,0,0,8.818474917,-198.6650533,8.815482322,3.849535641e-05,0,0,116,54,0.1133982927,0.1133982927,13.7179853
4082,0.8515625,0.9609375,603.6596646,-65.37402988,7,2951,3644,0,0,0,0,0,0,16.70971091,-466.2752933,16.69896936,3.849535641e-05,0,0,12,4,0.05984543989,0.05984543989,0.4367537453
4083,0.8671875,0.9609375,599.6877917,-54.5633512,7,3644,3174,0,0,0,0,0,0,384.2435275,-479.142071,378.6427979,3.849535641e-05,0,0,12,4,0.002602516187,0.002602516184,0.7926655966
4084,0.8671875,0.9453125,980.9165353,780.5571702,7,3644,2922,0,0,0,0,0,0,385.4401991,389.8819844,379.8047856,3.849535641e-05,0,0,4,2,0.002594436186,0.002594436185,0.9833847219
4085,0.8515625,0.9453125,506.0499093,697.607248,7,3644,3177,0,0,0,0,0,0,9.42213181,312.4708616,9.418715564,3.849535641e-05,0,0,4,2,0.1061330939,0.1061330939,0.6914074974
4086,0.859375,0.9453125,743.4832223,743.4832223,7,3638,3644,0,0,0,0,0,0,1e+300,0,1e+300,0,0,0,0,0,0,0,0
4087,0.8515625,0.7890625,414.1272592,-27.95925165,7,2963,3627,0,0,0,0,0,0,41.02392209,-356.6745614,40.95923801,3.849535641e-05,0,0,98,56,0.02437602133,0.02437602132,6.595379344
4088,0.8515625,0.8046875,281.7008575,24.40412435,7,3627,3179,0,0,0,0,0,0,35.56793959,-286.1173704,35.51930654,3.849535641e-05,0,0,19,9,0.02811520744,0.02811520744,1.424521713
4089,0.8671875,0.8046875,842.5146458,51.6629503,7,3627,2920,0,0,0,0,0,0,67.81109577,-316.3234649,67.63454173,3.849535641e-05,0,0,19,6,0.01474684915,0.01474684915,0.5407272906
4090,0.8671875,0.7890625,394.1299931,-44.91427601,7,3627,3178,0,0,0,0,0,0,200.5693938,-390.8439236,199.0326645,3.849535641e-05,0,0,23,14,0.004985805566,0.004985805564,0.3357755276
4091,0.875,0.7890625,384.13136,51.90898782,7,3178,3632,0,0,0,0,0,0,49.59519421,-281.5995883,49.50068826,3.849535641e-05,0,0,36,19,0.02016324396,0.02016324395,5.812335514
4092,0.8671875,0.796875,618.3223194,221.2034628,7,3632,3627,0,0,0,0,0,0,1490.274859,-114.7263282,1409.418411,3.849535641e-05,0,0,9,3,0.0006710171576,0.0006710171547,0.9682877393
4093,0.875,0.8046875,832.5160127,39.23774732,7,3632,2920,0,0,0,0,0,0,1133.066419,-316.3275965,1085.710136,3.849535641e-05,0,0,7,2,0.0008825607957,0.0008825607938,0.7436745277
4094,0.8984375,0.7890625,382.4533235,8.847940817,7,3138,3539,0,0,0,0,0,0,3.181051979,-333.3884246,3.180662489,3.849535641e-05,0,0,666,318,0.3143614146,0.3143614145,45.65353825
4095,0.8828125,0.7890625,383.5720145,364.0860212,7,3539,3178,0,0,0,0,0,0,25.9453861,32.79545501,25.9194983,3.849535641e-05,0,0,261,122,0.03854249832,0.0385424983,6.401182093
4096,0.8828125,0.8046875,831.9566672,-41.17980901,7,3539,2920,0,0,0,0,0,0,303.1528737,-394.5271428,299.6558961,3.849535641e-05,0,0,10,6,0.003298665745,0.003298665744,1.944197031
4097,0.8984375,0.8046875,510.560542,350.8580401,7,3539,3181,0,0,0,0,0,0,196.8744614,-10.12918588,195.3936215,3.849535641e-05,0,0,8,4,0.005079378975,0.005079378972,1.97917358
4098,0.8828125,0.796875,607.7643408,53.33540666,7,3632,3539,0,0,0,0,0,0,68.75842743,-267.955303,68.57691256,3.849535641e-05,0,0,34,18,0.01454367177,0.01454367176,4.231802513
4099,0.9375,0.8671875,416.6770778,416.6770778,7,2933,3690,1,0,0,0,0,1,4.493184124e+14,0,0,0,0,0,1,0,2.225593193e-15,0,0.002225593193
4100,0.9453125,0.859375,415.3335212,415.3335212,7,3690,3551,1,0,0,0,0,1,776.4377757,0,0,0,0,0,158,80,0.001287933214,0.001287933196,7.883899855
4101,0.9375,0.8515625,556.8002796,556.8002796,7,3690,3159,0,0,0,0,0,0,1e+300,-5.812055917e-06,28440.62881,0,0,0,0,0,0,0,0
4102,0.9140625,0.8515625,505.1112838,505.1112838,7,3135,3603,0,0,0,0,0,0,1e+300,-426.9997961,197.1214009,0,0,0,0,0,0,0,0
4103,0.9140625,0.8671875,831.3796228,-1053.918435,7,3603,3160,0,0,0,0,0,0,639.8075037,-1480.156632,624.4280787,3.849535641e-05,0,0,57,25,0.001562970103,0.001562970102,0.1737967681
4104,0.9296875,0.8671875,437.7974113,437.7974113,7,3603,2933,1,0,0,0,0,1,8087.814166,0,0,0,0,0,176,97,0.0001236428013,0.0001236427997,0.7613551428
4105,0.9296875,0.8515625,539.5706144,539.5706144,7,3603,3159,0,0,0,0,0,0,1e+300,-538.7403076,23.30892515,0,0,0,0,0,0,0,0
4106,0.9296875,0.859375,659.1901698,395.3154224,7,3690,3603,0,0,0,0,0,0,660.0500529,-1.329658285,643.6945079,3.849535641e-05,0,0,143,77,0.001515036618,0.001515036604,9.371469705
4107,0.9375,0.8359375,512.0165747,773.0681401,7,3159,3692,0,0,0,0,0,0,5.539409312,365.7443138,5.538228331,3.849535641e-05,0,0,5,2,0.1805246631,0.1805246631,0.8954876486
4108,0.9453125,0.828125,595.3470263,-32.61401647,7,3692,3550,0,0,0,0,0,0,5.404515839,-420.0445887,5.40339167,3.849535641e-05,0,0,7,3,0.1850304504,0.1850304504,0.9099469395
4109,0.9375,0.8203125,661.6882758,184.6105456,7,3692,2901,0,0,0,0,0,0,1.316934686,-197.4325031,1.316867926,3.849535641e-05,0,0,8,6,0.7593391006,0.7593391006,3.810686044
4110,0.9140625,0.8359375,460.3275789,73.93016178,7,3135,3604,0,0,0,0,0,0,19.19521475,-301.7791467,19.18104137,3.849535641e-05,0,0,7,2,0.05209631739,0.05209631739,0.7679686041
4111,0.9296875,0.8359375,494.7869094,-5399.610439,7,3604,3159,0,0,0,0,0,0,29972.66635,-5804.536767,13916.12426,3.849535641e-05,0,0,6,5,3.336373176e-05,3.336373175e-05,0.0004670202843
4112,0.9296875,0.8203125,644.4586105,-142.7020548,7,3604,2901,0,0,0,0,0,0,5.10302686,-522.3476051,5.102024604,3.849535641e-05,0,0,8,6,0.1959621275,0.1959621275,0.9367852289
4113,0.9140625,0.8203125,483.1545917,-212.6100661,7,3604,3181,0,0,0,0,0,0,23.30382711,-598.0375042,23.28294024,3.849535641e-05,0,0,8,3,0.04291140658,0.04291140658,0.3695715285
4114,0.9296875,0.828125,569.62276,87.43180593,7,3692,3604,0,0,0,0,0,0,2.99097167,-282.9188163,2.990627333,3.849535641e-05,0,0,6,5,0.3343395092,0.3343395092,1.566595971
4115,0.9296875,0.875,941.9438947,1204.019282,7,2933,3694,0,0,0,0,0,0,123.7903303,741.8361509,123.2032235,3.849535641e-05,0,0,3,1,0.008078175392,0.008078175391,0.1981014331
4116,0.921875,0.8671875,805.094674,1802.913857,7,3694,3603,0,0,0,0,0,0,59100.02075,1360.761545,18045.3871,3.849535641e-05,0,0,32,21,1.692046783e-05,1.69204672e-05,0.005322559565
4117,0.9140625,0.875,994.5137923,-2067.057826,7,3694,3160,0,0,0,0,0,0,7252.494118,-2517.666081,5669.610586,3.849535641e-05,0,0,1,1,0.0001378836003,0.0001378836003,0.01031529965
4118,0.9140625,0.8984375,610.8278427,353.1515097,7,3128,3700,0,0,0,0,0,0,67428.52178,-83.04723738,18752.62215,3.849535641e-05,0,0,2,1,1.483051939e-05,1.483051928e-05,0.3487247981
4119,0.9296875,0.8984375,415.550424,435.1910153,7,3700,3161,0,0,0,0,0,0,6.630542444e+11,-1.460618677e-05,25977.15813,3.849535641e-05,0,0,3,0,1.508172232e-12,0,1.508172232
4120,0.9296875,0.8828125,814.0485782,-4095.491724,7,3700,2933,0,0,0,0,0,0,87793.15993,-4546.120569,20045.79847,3.849535641e-05,0,0,4,1,1.139040901e-05,1.139040758e-05,0.0002793275117
4121,0.9140625,0.8828125,866.6184758,866.6184758,7,3700,3160,0,0,0,0,0,0,1e+300,1749.239447,1156.702974,0,0,0,0,0,0,0,0
4122,0.921875,0.8828125,840.333527,-109.1933427,7,3694,3700,0,0,0,0,0,0,70.75024967,-564.1614257,70.55808078,3.849535641e-05,0,0,2,1,0.01413422574,0.01413422574,0.3466142091
4123,0.9296875,0.84375,419.9510589,724.5467509,7,3159,3693,0,0,0,0,0,0,11.62604769,268.3761198,11.62084679,3.849535641e-05,0,0,6,5,0.08601375348,0.08601375348,0.9348951788
4124,0.921875,0.8359375,477.5572442,-449.0766666,7,3693,3604,0,0,0,0,0,0,189.3823813,-868.2740936,188.0117116,3.849535641e-05,0,0,7,5,0.00528032224,0.00528032224,0.06502883195
4125,0.9140625,0.84375,385.4917284,426.953604,7,3693,3135,0,0,0,0,0,0,1.173636906e+12,-7.440248339e-06,25977.15857,3.849535641e-05,0,0,1,0,8.520522784e-13,0,0.8520522784
4126,0.921875,0.8515625,406.8224732,406.8224732,7,3693,3603,0,0,0,0,0,0,1e+300,0,1e+300,0,0,0,0,0,0,0,0
4127,0.8984375,0.9609375,742.0919635,65.47188177,7,3129,3710,0,0,0,0,0,0,16.16554007,-367.4042737,16.15548654,3.849535641e-05,0,0,3,1,0.0618599809,0.0618599809,0.71379375
4128,0.8984375,0.9453125,405.9604316,182.9544548,7,3710,3175,0,0,0,0,0,0,262786.56,-254.8561829,23640.25616,3.849535641e-05,0,0,2,1,3.80536965e-06,3.805369641e-06,0.008969514556
4129,0.8828125,0.9453125,1027.060635,60.94619109,7,3710,2922,0,0,0,0,0,0,12.07680013,-340.387292,12.07118823,3.849535641e-05,0,0,3,2,0.08280339071,0.08280339071,0.8456351775
4130,0.8828125,0.9609375,645.8318914,-3.809458937,7,3710,3174,0,0,0,0,0,0,11.04649,-439.046476,11.0417946,3.849535641e-05,0,0,6,3,0.09052649305,0.09052649305,0.9867631615
4131,0.8828125,0.9375,858.994869,116.6968639,7,2922,3936,0,0,0,0,0,0,7.194717533,-246.2118668,7.192725413,3.849535641e-05,0,0,156,83,0.1389908631,0.1389908631,11.90449233
4132,0.890625,0.9453125,716.5105333,69.88554764,7,3936,3710,0,0,0,0,0,0,4565.6575,-308.7945192,3883.165488,3.849535641e-05,0,0,2,1,0.0002190265038,0.0002190265031,0.5162603365
4133,0.8984375,0.9375,237.8946656,894.5465279,7,3936,3175,0,0,0,0,0,0,160.3369884,495.1606426,159.3534225,3.849535641e-05,0,0,31,14,0.006236864057,0.006236864055,0.9501163248
4134,0.8984375,0.9140625,674.2993489,674.2993489,7,3128,3698,0,0,0,0,0,0,1e+300,401.4586813,3079.468537,0,0,0,0,0,0,0,0
4135,0.8828125,0.9140625,419.2064726,419.2064726,7,3698,3176,1,1,1,0,0,1,387832.7623,23.30114551,22693.74166,4.150078595e-05,0,73.01313039,1,1,2.578430956e-06,2.578430956e-06,0.07098221931
4136,0.8828125,0.9296875,1004.463097,31.67902265,7,3698,2922,0,0,0,0,0,0,7.670666684,-364.7385122,7.668402319,3.849535641e-05,0,0,240,130,0.1303667649,0.1303667648,13.26580217
4137,0.8984375,0.9296875,383.3628934,-382.739371,7,3698,3175,0,0,0,0,0,0,526.1065783,-815.6340605,515.6630301,3.849535641e-05,0,0,34,15,0.001900755553,0.00190075555,0.6431941643
4138,0.890625,0.9296875,693.9129951,73.24140685,7,3936,3698,0,0,0,0,0,0,4.368177881,-300.5227117,4.367443476,3.849535641e-05,0,0,185,96,0.2289284061,0.2289284061,24.22584227
4139,0.90625,0.9296875,72.8127917,26.84100997,7,3175,3939,0,0,0,0,0,0,321.7465659,-434.9244308,317.810248,3.849535641e-05,0,0,9,5,0.003108036281,0.003108036278,1.859849328
4140,0.9140625,0.921875,491.0536159,198.0628259,7,3939,3699,0,0,0,0,0,0,411.0274583,-262.2839084,404.6252158,3.849535641e-05,0,0,4,3,0.002432927484,0.002432927483,0.9260880407
4141,0.90625,0.9140625,363.7492472,363.7492472,7,3939,3128,0,0,0,0,0,0,1e+300,0,1e+300,0,0,0,0,0,0,0,0
4142,0.8984375,0.921875,528.8311211,68.33279613,7,3939,3698,0,0,0,0,0,0,1139.539334,-367.8108779,1091.651871,3.849535641e-05,0,0,5,2,0.0008775475931,0.0008775475914,1.471297938
4143,0.1640625,0.5234375,730.5529995,-60.18846598,7,2939,3760,0,0,0,0,0,0,10762.0403,-23.67962812,7609.508043,3.849535641e-05,0,0,1,1,9.291918371e-05,9.291918371e-05,0.202800237
4144,0.1796875,0.5234375,349.4439738,349.4439738,7,3760,3021,0,0,0,0,0,0,1e+300,0,1e+300,0,0,0,0,0,0,0,0
4145,0.1796875,0.5078125,278.8513292,3.590712854,7,3760,2765,0,0,0,0,0,0,1.087773772e+12,-9.421308689e-07,25977.15853,3.849535641e-05,0,0,1,0,9.19308799e-13,0,0.919308799
4146,0.140625,0.5,-243.4345851,-249.0954255,6,2689,3020,0,0,0,0,0,0,102.909488,-128.9974406,101.9023037,9.604384497e-05,0,0,35,20,0.009717276988,0.009717276985,0.5208676358
4147,0.15625,0.515625,405.8904713,-165.6962151,6,3020,2939,0,0,0,0,0,0,44.74158298,-64.47567353,44.55014417,9.604384497e-05,0,0,21,10,0.02235057263,0.02235057262,1.228501406
4148,0.171875,0.5,-45.81119893,-0.5564046378,6,3020,2765,0,0,0,0,0,0,1008.752341,60.56458526,919.6523278,9.604384497e-05,0,0,3,1,0.0009913235979,0.0009913235978,0.2073186803
4149,0.15625,0.484375,118.1495363,-47.90153149,6,3020,3024,0,0,0,0,0,0,95.55107291,30.21866179,94.68216592,9.604384497e-05,0,0,17,12,0.01046560724,0.01046560723,6.96662945
4150,0.1640625,0.5078125,180.0396362,19.20894977,7,3760,3020,0,0,0,0,0,0,3235.129154,45.10673348,2876.853194,3.849535641e-05,0,0,2,1,0.00030910667,0.0003091066697,0.6746390088
4151,0.140625,0.4375,-142.4153272,-142.4153272,6,2766,3842,1,0,0,0,0,1,60.34926919,0,0,0,0,0,4,3,0.01657020894,0.01657020894,0.451914012
4152,0.15625,0.453125,-92.50696981,-92.50696981,6,3842,3024,1,0,0,0,0,1,1e+300,0,0,0,0,0,0,0,0,0,0
4153,0.171875,0.4375,-82.46599962,-96.36451881,6,3842,2738,0,0,0,0,0,0,2.921338319e+12,-7.439608396e-08,10411.91132,9.604384497e-05,0,0,1,0,3.423088636e-13,0,0.3423088636
4154,0.140625,0.390625,-154.3041596,-154.3041596,6,2673,3023,1,0,0,0,0,1,42.47125466,0,0,0,0,0,98,48,0.02354533691,0.0235453369,0.4716950238
4155,0.140625,0.421875,-146.3782713,-146.3782713,6,3023,2766,1,0,0,0,0,1,2854.007358,0,0,0,0,0,28,12,0.0003503845207,0.0003503845197,0.4408286011
4156,0.171875,0.421875,-100.3274984,-100.3274984,6,3023,2738,1,0,0,0,0,1,1.192511189e+13,0,0,0,0,0,1,0,8.385665557e-14,0,0.08385665557
4157,0.171875,0.390625,-75.56501733,-75.56501733,6,3023,2789,1,1,1,0,0,1,4678.360644,32.31200613,3699.635705,5.778099445e-05,0,166.617036,3,3,0.0002137500882,0.0002137500882,0.3100198807
4158,0.15625,0.421875,-123.3528849,-123.3528849,6,3842,3023,1,0,0,0,0,1,1e+300,0,0,0,0,0,0,0,0,0,0
4159,0.1796875,0.4453125,65.38937178,65.38937178,7,2738,3845,0,0,0,0,0,0,1e+300,0,1e+300,0,0,0,0,0,0,0,0
4160,0.1640625,0.4453125,22.71153134,22.71153134,7,3845,3842,0,0,0,0,0,0,1e+300,0,1e+300,0,0,0,0,0,0,0,0
4161,0.1640625,0.4609375,275.7444337,275.7444337,7,3845,3024,0,0,0,0,0,0,1e+300,0,1e+300,0,0,0,0,0,0,0,0
4162,0.203125,0.453125,-30.04700802,-49.90979869,6,2738,3025,0,0,0,0,0,0,4.757843901,-3.558007903,4.755670742,9.604384497e-05,0,0,667,326,0.2101792368,0.2101792366,9.205434372
4163,0.203125,0.484375,16.34731863,-21.90441445,6,3025,2765,0,0,0,0,0,0,138.2647579,3.5937666,136.4527366,9.604384497e-05,0,0,6,4,0.007232501003,0.007232501002,1.321643941
4164,0.234375,0.484375,7.625823836,7.625823836,6,3025,2661,1,0,0,0,0,1,33.0425202,0,0,0,0,0,368,190,0.03026403537,0.03026403535,16.11078007
4165,0.25,0.46875,28.4568752,28.4568752,5,2661,2786,1,0,0,0,0,1,19.78216916,0,0,0,0,0,963,484,0.05055057369,0.05055057364,7.836645135
4166,0.28125,0.4375,7.564328804,58.61366226,5,2786,2783,0,0,0,0,0,0,2.005596543,19.65319673,2.003996996,0.0003979754421,0,0,2136,1080,0.4986047686,0.4986047684,3.30009788
4167,0.25,0.40625,23.72242962,5.30897702,5,2786,2692,0,0,0,0,0,0,2.829576891,-10.83317164,2.826394083,0.0003979754421,0,0,1993,999,0.3534097282,0.353409728,2.997126202
4168,0.21875,0.4375,-12.12386214,-12.51248869,5,2786,2738,0,0,0,0,0,0,9.003983642,13.00798895,8.97183429,0.0003979754421,0,0,1269,641,0.1110619521,0.111061952,3.818618019
4169,0.234375,0.453125,-2.382710989,2.961771205,6,3025,2786,0,0,0,0,0,0,6.865990245,1.494327755,6.861465547,9.604384497e-05,0,0,884,438,0.1456454152,0.145645415,10.67183996
4170,0.1875,0.484375,29.80333081,-33.79998259,6,2765,3027,0,0,0,0,0,0,308.2856221,8.259314673,299.420111,9.604384497e-05,0,0,2,1,0.003243745178,0.003243745177,0.7269638013
4171,0.203125,0.46875,-6.849844695,-20.9413481,6,3027,3025,0,0,0,0,0,0,428.0599418,14.98363782,411.1562703,9.604384497e-05,0,0,24,9,0.002336121422,0.002336121417,3.68001254
4172,0.1875,0.453125,-16.59099585,-60.36932598,6,3027,2738,0,0,0,0,0,0,241.234909,2.543581023,235.772271,9.604384497e-05,0,0,23,9,0.004145337025,0.004145337016,6.439171135
4173,0.171875,0.46875,193.7640661,-62.25621334,6,3027,3024,0,0,0,0,0,0,631.5657492,-3.197712693,595.4471162,9.604384497e-05,0,0,1,1,0.001583366421,0.001583366421,0.3548521875
4174,0.1796875,0.4609375,88.58653511,88.58653511,7,3845,3027,0,0,0,0,0,0,1e+300,0,1e+300,0,0,0,0,0,0,0,0
4175,0.0234375,0.2890625,-112.4554944,-842.9897012,7,3214,3496,0,0,0,0,0,0,1.906191901e+12,7.317260497e-06,25977.15879,3.849535641e-05,0,0,1,0,5.246061531e-13,0,0.5246061531
4176,0.0078125,0.2890625,-138.0730886,-541.9677664,7,3496,3218,0,0,0,0,0,0,211.8145765,426.4479783,210.1014351,3.849535641e-05,0,0,19,9,0.0047211104,0.004721110397,2.340330628
4177,0.0078125,0.3046875,-162.220658,-191.538664,7,3496,2741,0,0,0,0,0,0,186.8600523,804.7990666,185.5255219,3.849535641e-05,0,0,22,11,0.00535159863,0.005351598626,3.489804411
4178,0.015625,0.3125,-161.4856456,-190.773183,6,2741,3217,0,0,0,0,0,0,24708.11985,756.8125225,7325.128845,9.604384497e-05,0,0,3,2,4.047252507e-05,4.047252503e-05,0.06599874315
4179,0.03125,0.328125,-160.0156208,-160.0156208,6,3217,3215,0,0,0,0,0,0,1e+300,0,1e+300,0,0,0,0,0,0,0,0
4180,0.046875,0.3125,-110.2504572,-319.3725672,6,3217,2736,0,0,0,0,0,0,34.58854805,377.361066,34.47402475,9.604384497e-05,0,0,5,2,0.0289113032,0.0289113032,0.901200772
4181,0.03125,0.296875,-111.720482,-470.934659,6,3217,3214,0,0,0,0,0,0,29.41277012,323.3030244,29.32991559,9.604384497e-05,0,0,6,2,0.03399883778,0.03399883778,1.052409813
4182,0.0234375,0.3046875,-136.6030638,-2220.56345,7,3496,3217,0,0,0,0,0,0,45214.95328,-1349.651755,16498.40126,3.849535641e-05,0,0,4,2,2.21165771e-05,2.211657675e-05,0.03851525806
4183,0.0234375,0.5390625,-492.87388,-492.87388,7,3268,3562,1,0,0,0,0,1,43444.59857,0,0,0,0,0,40,20,2.301782115e-05,2.301782096e-05,0.3642564852
4184,0.0078125,0.5390625,-557.5835594,-557.5835594,7,3562,3272,1,0,0,0,0,1,2661.546855,0,0,0,0,0,168,76,0.0003757213585,0.0003757213496,4.299506938
4185,0.0078125,0.5546875,-668.8001474,-668.8001474,7,3562,2748,1,1,1,0,0,1,6933.835329,-242.0138179,5472.983826,3.849535641e-05,0,151.4929301,22,22,0.0001442203272,0.0001442203272,2.143633604
4186,0.0234375,0.5546875,-501.9522361,-501.9522361,7,3562,3271,1,0,0,0,0,1,34159.87151,0,0,0,0,0,18,9,2.92741148e-05,2.927411398e-05,0.4503120917
4187,0.0234375,0.4765625,-301.8877658,-273.4776106,7,3207,3804,0,0,0,0,0,0,976.7680052,237.1329303,941.3714662,3.849535641e-05,0,0,2,2,0.001023784557,0.001023784557,1.651557204
4188,0.0078125,0.4765625,-221.406439,-468.99312,7,3804,3209,0,0,0,0,0,0,2347.683454,149.3251257,2153.097462,3.849535641e-05,0,0,5,1,0.0004259518029,0.0004259518007,0.8655736778
4189,0.0078125,0.4921875,-539.5896743,-539.5896743,7,3804,2652,1,0,0,0,0,1,46967.5202,0,0,0,0,0,9,5,2.129130931e-05,2.129130867e-05,0.3632985054
4190,0.015625,0.5,-629.9807185,-629.9807185,6,2652,3555,1,0,0,0,0,1,49603.3378,0,0,0,0,0,11,5,2.015993367e-05,2.015993236e-05,1.038622866
4191,0.03125,0.515625,-556.1887913,-556.1887913,6,3555,3268,1,0,0,0,0,1,267.5432297,0,0,0,0,0,62,28,0.003737713719,0.003737713713,0.4859701888
4192,0.046875,0.5,-431.8813101,-431.8813101,6,3555,2763,1,1,1,0,0,1,667.4814068,96.87277343,627.2687846,9.604384497e-05,0,107.3586355,24,24,0.001498169072,0.001498169072,4.672006469
4193,0.03125,0.484375,-276.8529468,-119.9313505,6,3555,3207,0,0,0,0,0,0,10040.66006,481.1357046,5111.458132,9.604384497e-05,0,0,4,3,9.959504596e-05,9.959504591e-05,0.183029876
4194,0.0234375,0.4921875,-228.7255341,-87.59226183,7,3804,3555,0,0,0,0,0,0,6580.696798,527.9034467,5250.585551,3.849535641e-05,0,0,5,3,0.0001519595919,0.0001519595919,0.2555167444
4195,0.0078125,0.46875,-229.2931884,-479.976954,7,3209,3807,0,0,0,0,0,0,4997.199886,179.0933198,4190.984439,3.849535641e-05,0,0,5,1,0.0002001120673,0.0002001120656,0.4066463329
4196,0.015625,0.4765625,-261.6471024,-350.9271535,7,3807,3804,0,0,0,0,0,0,5801.995672,214.8640688,4742.71156,3.849535641e-05,0,0,3,1,0.0001723544891,0.0001723544884,0.3502403508
4197,0.0234375,0.46875,-309.7745151,-309.7745151,7,3807,3207,0,0,0,0,0,0,1e+300,0,1e+300,0,0,0,0,0,0,0,0
4198,0.0234375,0.4609375,-317.6612645,-908.5908157,7,3207,3803,0,0,0,0,0,0,13.95372275,-319.1298769,13.94623148,3.849535641e-05,0,0,7,4,0.07166546291,0.07166546291,1.01545445
4199,0.0234375,0.4453125,-510.9563428,-90.67222081,7,3803,3210,0,0,0,0,0,0,73.99517637,598.8084459,73.78500195,3.849535641e-05,0,0,31,15,0.01351439444,0.01351439443,0.4699126069
4200,0.0078125,0.4453125,-252.9534365,-460.7330609,7,3803,2739,0,0,0,0,0,0,19.25262237,315.2859809,19.23836412,3.849535641e-05,0,0,37,17,0.05194097618,0.05194097618,0.3942957792
4201,0.0078125,0.4609375,-237.1799378,-2263.58065,7,3803,3209,0,0,0,0,0,0,205.0826723,-1566.412007,203.4762819,3.849535641e-05,0,0,15,6,0.004876082357,0.004876082355,0.03811152604
4202,0.015625,0.4609375,-277.4206011,-644.6416162,7,3807,3803,0,0,0,0,0,0,1.172798005e+12,4.168874739e-06,25977.15857,3.849535641e-05,0,0,2,0,8.526617508e-13,0,0.8526617508
4203,0.6640625,0.7734375,424.7889101,115.1036954,7,2968,3390,0,0,0,0,0,0,55.65624345,-98.69054005,55.53725449,3.849535641e-05,0,0,7,4,0.01796743614,0.01796743614,0.9329560376
4204,0.6796875,0.7734375,463.4863434,131.6459078,7,3390,2989,0,0,0,0,0,0,1646.089432,-82.81541601,1547.997768,3.849535641e-05,0,0,3,3,0.0006075004072,0.0006075004072,1.15351734
4205,0.6796875,0.7578125,813.9503406,339.2379442,7,3390,2869,0,0,0,0,0,0,7874.361523,186.5464227,6042.669234,3.849535641e-05,0,0,1,1,0.0001269944232,0.0001269944232,0.2267993279
4206,0.6640625,0.7578125,308.3280046,33.977173,7,3390,2988,0,0,0,0,0,0,52.58152183,-114.857323,52.47530423,3.849535641e-05,0,0,6,3,0.01901808782,0.01901808782,1.03337628
4207,0.6640625,0.75,250.0975519,87.98975455,7,2988,3419,0,0,0,0,0,0,2049.941327,-43.31901977,1900.005751,3.849535641e-05,0,0,1,1,0.00048781884,0.00048781884,0.7566288025
4208,0.671875,0.7578125,561.1391726,133.503624,7,3419,3390,0,0,0,0,0,0,1992.439807,-32.21353282,1850.506546,3.849535641e-05,0,0,1,1,0.00050189722,0.00050189722,0.7784649984
4209,0.6796875,0.75,755.7198879,135.1657997,7,3419,2869,0,0,0,0,0,0,3.169997573e+12,-1.104288287e-07,25977.15894,3.849535641e-05,0,0,1,0,3.154576547e-13,0,0.3154576547
4210,0.6640625,0.7265625,396.0728829,-6.179018617,7,2973,3407,0,0,0,0,0,0,15.51501957,-230.9487855,15.50575866,3.849535641e-05,0,0,240,135,0.06445367313,0.0644536731,12.17413267
4211,0.6640625,0.7421875,298.7559955,298.7559955,7,3407,2988,0,0,0,0,0,0,1e+300,448.2764524,17.38989965,0,0,0,0,0,0,0,0
4212,0.6796875,0.7421875,804.3783316,156.3500318,7,3407,2869,0,0,0,0,0,0,6.630994976e+12,-1.12076151e-07,25977.15905,3.849535641e-05,0,0,1,0,1.508069307e-13,0,0.1508069307
4213,0.6796875,0.7265625,321.518819,280.5157957,7,3407,2991,0,0,0,0,0,0,10.56386098,75.45955586,10.55956683,3.849535641e-05,0,0,177,98,0.09466235895,0.09466235891,13.75371881
4214,0.671875,0.7421875,551.5671635,169.3756673,7,3419,3407,0,0,0,0,0,0,1.113124632e+12,6.434018474e-08,25977.15854,3.849535641e-05,0,0,1,0,8.983719982e-13,0,0.8983719982
4215,0.015625,0.375,-494.9701498,-1668.23733,6,2676,3227,0,0,0,0,0,0,1016.292074,-651.7121315,925.9148253,9.604384497e-05,0,0,5,4,0.0009839691029,0.0009839691029,0.06342748852
4216,0.03125,0.390625,-559.6779777,-599.997711,6,3227,3206,0,0,0,0,0,0,640.4528844,229.9693844,603.3404722,9.604384497e-05,0,0,4,1,0.001561395107,0.001561395105,0.6828119223
4217,0.046875,0.375,-917.5234143,-381.6754561,6,3227,2740,0,0,0,0,0,0,29.07507695,298.5007681,28.99411141,9.604384497e-05,0,0,9,2,0.03439371809,0.03439371809,0.9561713301
4218,0.03125,0.359375,-445.2049861,240.7864127,6,3227,3215,0,0,0,0,0,0,325.7495149,1103.963589,315.8672186,9.604384497e-05,0,0,6,2,0.003069843405,0.003069843404,0.1170468461
4219,0.0234375,0.3984375,-380.7552595,-380.7552595,7,3206,3822,0,0,0,0,0,0,1e+300,0,1e+300,0,0,0,0,0,0,0,0
4220,0.0234375,0.3828125,-527.3240637,-777.9413364,7,3822,3227,0,0,0,0,0,0,107569.2052,148.3315017,20924.13655,3.849535641e-05,0,0,4,3,9.296340879e-06,9.296340714e-06,0.01039122072
4221,0.0078125,0.3828125,-316.0474315,75.34596549,7,3822,2676,0,0,0,0,0,0,767.3580983,1169.793291,745.3409332,3.849535641e-05,0,0,7,5,0.001303172537,0.001303172536,0.8766561474
4222,0,0.421875,-236.3730213,-224.9541318,6,2739,3211,0,0,0,0,0,0,542.9840483,723.1943594,516.0708131,9.604384497e-05,0,0,9,5,0.001841674729,0.001841674727,1.347270039
4223,0.015625,0.40625,-332.6278467,-479.2427524,6,3211,3206,0,0,0,0,0,0,264.3025347,440.048432,257.7594071,9.604384497e-05,0,0,9,5,0.00378354298,0.003783542978,2.793388001
4224,0,0.390625,-267.9200188,754.6808943,6,3211,2676,0,0,0,0,0,0,10541.0956,1860.530182,5238.052619,9.604384497e-05,0,0,3,2,9.486679925e-05,9.486679922e-05,0.05288930598
4225,0.0078125,0.3984375,-300.2739327,-558.0828212,7,3822,3211,0,0,0,0,0,0,558.0139584,457.5141059,546.2793608,3.849535641e-05,0,0,3,2,0.001792069867,0.001792069866,0.9997127096
4226,0.0078125,0.28125,-125.9993039,-125.9993039,7,3218,3498,0,0,0,0,0,0,1e+300,0,1e+300,0,0,0,0,0,0,0,0
4227,0.015625,0.2890625,-125.2642915,-125.2642915,7,3498,3496,0,0,0,0,0,0,1e+300,0,1e+300,0,0,0,0,0,0,0,0
4228,0.0234375,0.28125,-100.3817097,-100.3817097,7,3498,3214,0,0,0,0,0,0,1e+300,0,1e+300,0,0,0,0,0,0,0,0
4229,0.015625,0.25,-136.4400046,-136.4400046,6,2662,3219,0,0,0,0,0,0,1e+300,0,1e+300,0,0,0,0,0,0,0,0
4230,0.03125,0.265625,-134.9699798,-134.9699798,6,3219,3214,0,0,0,0,0,0,1e+300,0,1e+300,0,0,0,0,0,0,0,0
4231,0.046875,0.25,-228.2940894,-228.2940894,6,3219,2759,0,0,0,0,0,0,1e+300,0,1e+300,0,0,0,0,0,0,0,0
4232,0,0.21875,-84.00098692,-84.00098692,5,2662,2732,0,0,0,0,0,0,1e+300,0,1e+300,0,0,0,0,0,0,0,0
4233,0.03125,0.1875,-61.37274637,-61.37274637,5,2732,2729,0,0,0,0,0,0,1e+300,0,1e+300,0,0,0,0,0,0,0,0
4234,0,0.15625,-70.97703635,-70.97703635,5,2732,2678,0,0,0,0,0,0,1e+300,0,1e+300,0,0,0,0,0,0,0,0
4235,0.046875,0.203125,-56.57060137,-56.57060137,6,2729,3224,0,0,0,0,0,0,1e+300,0,1e+300,0,0,0,0,0,0,0,0
4236,0.015625,0.203125,-72.68686664,-72.68686664,6,3224,2732,0,0,0,0,0,0,1e+300,0,1e+300,0,0,0,0,0,0,0,0
4237,0.015625,0.234375,-79.19884192,-79.19884192,6,3224,2662,0,0,0,0,0,0,1e+300,0,1e+300,0,0,0,0,0,0,0,0
4238,0.046875,0.234375,-171.0529267,-171.0529267,6,3224,2759,0,0,0,0,0,0,1e+300,0,1e+300,0,0,0,0,0,0,0,0
4239,0.03125,0.234375,-125.1258843,-125.1258843,6,3219,3224,0,0,0,0,0,0,1e+300,0,1e+300,0,0,0,0,0,0,0,0
4240,0.0234375,0.2734375,-88.30792499,-88.30792499,7,3214,3495,0,0,0,0,0,0,1e+300,0,1e+300,0,0,0,0,0,0,0,0
4241,0.0234375,0.2578125,-135.7049922,-135.7049922,7,3495,3219,0,0,0,0,0,0,1e+300,0,1e+300,0,0,0,0,0,0,0,0
4242,0.0078125,0.2578125,-89.7779498,-351.1195837,7,3495,2662,0,0,0,0,0,0,2977.662255,561.452189,2671.444773,3.849535641e-05,0,0,1,1,0.0003358339242,0.0003358339242,0.6384386714
4243,0.0078125,0.2734375,-113.9255192,-50.30051109,7,3495,3218,0,0,0,0,0,0,11823.7963,890.1932476,8125.419969,3.849535641e-05,0,0,1,1,8.457520533e-05,8.457520533e-05,0.1607820944
4244,0.015625,0.2734375,-101.1167221,-101.1167221,7,3498,3495,0,0,0,0,0,0,1e+300,0,1e+300,0,0,0,0,0,0,0,0
4245,0.6015625,0.5859375,190.0857467,100.7879808,7,3002,3432,0,0,0,0,0,0,1.245500243,-81.43789111,1.245440529,3.849535641e-05,0,0,793,411,0.8028902489,0.8028902487,11.95670257
4246,0.6171875,0.5859375,220.8298871,224.9424148,7,3432,3006,0,0,0,0,0,0,24.95872973,62.30512265,24.93477252,3.849535641e-05,0,0,293,149,0.04006614162,0.04006614161,1.074330849
4247,0.6171875,0.5703125,385.1472866,100.8509506,7,3432,2866,0,0,0,0,0,0,72.30926669,-60.97355923,72.10854743,3.849535641e-05,0,0,38,19,0.01382948612,0.01382948612,2.368462412
4248,0.6015625,0.5703125,244.4609861,98.05921275,7,3432,3005,0,0,0,0,0,0,1.399612713,-69.06580658,1.399537308,3.849535641e-05,0,0,635,330,0.7144833645,0.7144833645,3.223146408
4249,0.625,0.5703125,400.5193569,126.0791342,7,2866,3433,0,0,0,0,0,0,44.85801261,-53.79137197,44.7806842,3.849535641e-05,0,0,25,10,0.02229256139,0.02229256139,3.129798627
4250,0.6171875,0.578125,302.9885869,121.3798038,7,3433,3432,0,0,0,0,0,0,17.52106179,-68.69138342,17.50925216,3.849535641e-05,0,0,119,59,0.05707416661,0.05707416659,5.400425352
4251,0.625,0.5859375,236.2019574,91.79907473,7,3433,3006,0,0,0,0,0,0,9.414436472,-88.88421371,9.411025803,3.849535641e-05,0,0,294,146,0.1062198468,0.1062198468,12.16762281
4252,0.6484375,0.5859375,201.9438934,109.5137493,7,2992,3439,0,0,0,0,0,0,3.554766988,-86.12470634,3.554280613,3.849535641e-05,0,0,253,126,0.2813123908,0.2813123907,2.553827684
4253,0.6484375,0.5703125,258.323153,102.0641114,7,3439,3007,0,0,0,0,0,0,25.70898279,-86.80985965,25.68356438,3.849535641e-05,0,0,136,63,0.03889691039,0.03889691038,5.186717112
4254,0.6328125,0.5703125,389.1000022,80.08660924,7,3439,2866,0,0,0,0,0,0,118.1573514,-93.96984136,117.622345,3.849535641e-05,0,0,41,17,0.00846329059,0.008463290583,1.540718914
4255,0.6328125,0.5859375,224.7826027,46.15455838,7,3439,3006,0,0,0,0,0,0,5.2241498,-128.7146745,5.223099406,3.849535641e-05,0,0,330,167,0.191418707,0.191418707,1.736753257
4256,0.6328125,0.578125,306.9413025,67.41539394,7,3433,3439,0,0,0,0,0,0,8.923686923,-134.887734,8.920622506,3.849535641e-05,0,0,200,97,0.1120613048,0.1120613047,5.905468329
4257,0,0.5546875,-479.049465,-479.049465,7,2748,3563,1,1,1,0,0,1,1798.339955,-55.9120204,1681.905439,3.849535641e-05,0,87.50325324,13,13,0.000556068388,0.000556068388,2.25720559
4258,0.0078125,0.546875,-649.5655891,-691.942072,7,3563,3562,0,0,0,0,0,0,17188.74841,-116.2899651,10344.15533,3.849535641e-05,0,0,57,31,5.817759248e-05,5.817758569e-05,5.039453305
4259,0,0.5390625,-553.9378426,-553.9378426,7,3563,3272,1,0,0,0,0,1,4363.473366,0,0,0,0,0,38,22,0.0002291752272,0.0002291752253,3.166650382
4260,0.6484375,0.7734375,214.2301518,115.6523454,7,2968,3391,0,0,0,0,0,0,78.00731615,-115.7744078,77.77376779,3.849535641e-05,0,0,10,5,0.01281931041,0.01281931041,1.052403512
4261,0.6484375,0.7578125,97.76924637,46.24487384,7,3391,2988,0,0,0,0,0,0,123.770493,-120.2221399,123.1835739,3.849535641e-05,0,0,6,3,0.00807947012,0.008079470118,0.5470028828
4262,0.6328125,0.7578125,182.2740659,205.5890776,7,3391,2709,0,0,0,0,0,0,1.731891143e+12,3.028033376e-06,25977.15876,3.849535641e-05,0,0,3,0,5.774034957e-13,0,0.5774034957
4263,0.625,0.765625,186.6276841,89.32549049,6,2709,3392,0,0,0,0,0,0,17.66799007,-116.1338098,17.63806002,9.604384497e-05,0,0,13,4,0.05659953372,0.05659953372,1.76057878
4264,0.609375,0.78125,212.1384588,176.0480347,6,3392,3029,0,0,0,0,0,0,15.78429302,-47.99969676,15.7604005,9.604384497e-05,0,0,174,81,0.06335412038,0.06335412035,3.65665544
4265,0.625,0.796875,227.2910065,41.3720787,6,3392,2868,0,0,0,0,0,0,18.66620529,-189.6653516,18.63280089,9.604384497e-05,0,0,231,116,0.0535727527,0.05357275266,17.47689787
4266,0.640625,0.78125,218.5837701,88.6021134,6,3392,2968,0,0,0,0,0,0,95.78846281,-142.6948655,94.91525271,9.604384497e-05,0,0,71,41,0.01043967061,0.0104396706,4.116375549
4267,0.6328125,0.7734375,202.6057271,79.33095272,7,3391,3392,0,0,0,0,0,0,108.1923453,-139.0471869,107.7436036,3.849535641e-05,0,0,7,2,0.009242798071,0.009242798069,1.081074699
4268,0.6328125,0.75,124.0436132,124.0436132,7,2709,3417,0,0,0,0,0,0,1e+300,0,1e+300,0,0,0,0,0,0,0,0
4269,0.640625,0.7578125,140.0216561,140.0216561,7,3417,3391,0,0,0,0,0,0,1e+300,0,1e+300,0,0,0,0,0,0,0,0
4270,0.6484375,0.75,39.53879363,133.9871416,7,3417,2988,0,0,0,0,0,0,1.183229571e+12,-2.408421068e-06,25977.15858,3.849535641e-05,0,0,1,0,8.451445304e-13,0,0.8451445304
4271,0.6484375,0.7265625,185.5141246,-210.3613625,7,2973,3406,0,0,0,0,0,0,174.8950591,-440.0692607,173.725427,3.849535641e-05,0,0,274,132,0.005717714413,0.005717714404,1.133359398
4272,0.6328125,0.7265625,206.3383357,206.3383357,7,3406,3231,1,0,0,0,0,1,1099.724158,0,0,0,0,0,126,50,0.0009093189352,0.0009093189294,2.302806816
4273,0.6328125,0.7421875,196.6085164,196.6085164,7,3406,2709,1,0,0,0,0,1,1e+300,0,0,0,0,0,0,0,0,0,0
4274,0.6484375,0.7421875,88.19723729,157.4311364,7,3406,2988,0,0,0,0,0,0,3.81601065e+12,-1.362848877e-06,25977.15897,3.849535641e-05,0,0,2,0,2.62053776e-13,0,0.262053776
4275,0.640625,0.7421875,130.4496471,176.992167,7,3417,3406,0,0,0,0,0,0,4.466383114e+12,-1.127587666e-06,25977.159,3.849535641e-05,0,0,1,0,2.238948103e-13,0,0.2238948103
4276,0.8828125,0.8671875,372.0487044,372.0487044,7,2706,3602,1,0,0,0,0,1,2982.633286,0,0,0,0,0,237,109,0.0003352742037,0.0003352742009,0.9871482928
4277,0.8984375,0.8671875,401.5831514,401.5831514,7,3602,3160,1,0,0,0,0,1,5500.877089,0,0,0,0,0,42,23,0.0001817891918,0.0001817891914,0.3166092846
4278,0.8984375,0.8515625,375.9860067,375.9860067,7,3602,3135,1,0,0,0,0,1,1e+300,0,0,0,0,0,0,0,0,0,0
4279,0.875,0.828125,792.5312543,126.9499977,6,2920,3180,0,0,0,0,0,0,15.74929461,-257.6647305,15.72550785,9.604384497e-05,0,0,25,10,0.06349490723,0.06349490722,1.229352456
4280,0.859375,0.84375,420.1869348,124.2443875,6,3180,2962,0,0,0,0,0,0,25.50776447,-234.5351437,25.44542664,9.604384497e-05,0,0,28,12,0.03920374917,0.03920374916,0.815930272
4281,0.875,0.859375,378.6100763,378.6100763,6,3180,2706,1,0,0,0,0,1,283.0409119,0,0,0,0,0,305,144,0.003533058147,0.003533058115,15.6865008
4282,0.890625,0.84375,382.5473786,382.5473786,6,3180,3135,1,0,0,0,0,1,3989.201856,0,0,0,0,0,3,1,0.0002506767108,0.0002506767108,0.04037134816
4283,0.8828125,0.8515625,356.2426005,356.2426005,7,3602,3180,0,0,0,0,0,0,1e+300,-150.3572972,32.68094311,0,0,0,0,0,0,0,0
4284,0.8984375,0.875,433.9629438,433.9629438,7,3160,3696,1,1,1,0,0,1,406610.1598,11.12010741,16470.79578,5.778099445e-05,0,53.61200689,1,1,2.459358125e-06,2.459358125e-06,0.2101993927
4285,0.890625,0.8671875,386.8159279,386.8159279,7,3696,3602,1,0,0,0,0,1,47654.08969,0,0,0,0,0,79,42,2.098455781e-05,2.098455772e-05,0.03341093285
4286,0.8828125,0.875,255.1996853,255.1996853,7,3696,2706,0,0,0,0,0,0,1e+300,0,1e+300,0,0,0,0,0,0,0,0
4287,0.8828125,0.8828125,127.3043687,850.1765821,7,2706,3697,0,0,0,0,0,0,10.16122406,461.2359007,10.15725095,3.849535641e-05,0,0,5,1,0.09841334015,0.09841334015,0.3402957819
4288,0.8828125,0.8984375,419.6906114,-35.48621504,7,3697,3176,0,0,0,0,0,0,10.82428061,-426.9191809,10.81977218,3.849535641e-05,0,0,11,5,0.09238489246,0.09238489245,0.3716142612
4289,0.8984375,0.8984375,381.9131062,501.2721797,7,3697,3128,0,0,0,0,0,0,2576.17423,85.63615355,2343.743446,3.849535641e-05,0,0,3,2,0.0003881725033,0.000388172503,0.2047555145
4290,0.8984375,0.8828125,418.5049609,418.5049609,7,3697,3160,1,0,0,0,0,1,54740.92554,0,0,0,0,0,2,2,1.826786797e-05,1.826786797e-05,0.01830373631
4291,0.890625,0.8828125,382.504054,382.504054,7,3696,3697,0,0,0,0,0,0,1e+300,358.5449806,12243.84674,0,0,0,0,0,0,0,0
4292,0,0.609375,28.54135519,28.54135519,6,2685,3270,1,1,1,0,0,1,340.6332118,196.6551,866.7067428,9.604384497e-05,0,23.73181312,55,55,0.002935709042,0.002935709042,3.568652236
4293,0.015625,0.59375,-393.2510292,-393.2510292,6,3270,3269,1,1,1,0,0,1,31.87826438,-261.9775545,82.84308598,9.604384497e-05,0,73.49983172,525,525,0.03136933643,0.03136933643,6.35349906
4294,0,0.578125,-106.3512122,-106.3512122,6,3270,2748,1,0,0,0,0,1,3.353426039,0,0,0,0,0,364,174,0.2982024915,0.2982024915,1.536798888
4295,0.0625,0.515625,-339.6730507,-339.6730507,6,2763,3556,1,0,0,0,0,1,12.18603806,0,0,0,0,0,35,17,0.08206112564,0.08206112564,1.373886176
4296,0.046875,0.53125,-532.2274098,-199.7993765,6,3556,3268,0,0,0,0,0,0,30.39759745,167.2081992,30.30910993,9.604384497e-05,0,0,149,71,0.03289733676,0.03289733675,0.5945388972
4297,0.0625,0.546875,-315.3927788,-315.3927788,6,3556,2744,1,0,0,0,0,1,898.0953197,0,0,0,0,0,46,22,0.001113467555,0.001113467554,1.42221929
4298,0.078125,0.53125,-200.870719,-231.464663,6,3556,3267,0,0,0,0,0,0,402.085657,27.24604805,387.1353222,9.604384497e-05,0,0,64,28,0.002487032259,0.002487032256,3.027000267
4299,0.0546875,0.5546875,-335.2442467,-335.2442467,7,2744,3559,1,0,0,0,0,1,1416.470845,0,0,0,0,0,12,5,0.0007059799382,0.0007059799374,0.8341541054
4300,0.0546875,0.5390625,-404.3222104,-413.2113856,7,3559,3556,0,0,0,0,0,0,47.72119905,-65.84443069,47.63369383,3.849535641e-05,0,0,130,59,0.02095504765,0.02095504763,9.768256521
4301,0.0390625,0.5390625,-668.9796453,-386.2235139,7,3559,3268,0,0,0,0,0,0,89.20220783,0.6576628136,88.8969472,3.849535641e-05,0,0,129,58,0.01121048486,0.01121048484,7.132011535
4302,0.0390625,0.5546875,-508.3427682,-426.9640304,7,3559,3271,0,0,0,0,0,0,697.2754936,-31.03732064,679.0485613,3.849535641e-05,0,0,15,9,0.001434153372,0.00143415337,1.042528734
4303,0.03125,0.5546875,-555.929529,-458.0225936,7,3271,3625,0,0,0,0,0,0,517.6189267,10.29769936,507.5063924,3.849535641e-05,0,0,11,7,0.001931923174,0.001931923173,2.139524248
4304,0.0390625,0.546875,-588.6612067,-447.281779,7,3625,3559,0,0,0,0,0,0,185.9606639,-7.64763989,184.6389038,3.849535641e-05,0,0,27,13,0.005377481339,0.005377481334,4.047389753
4305,0.03125,0.5390625,-716.5664061,-475.181188,7,3625,3268,0,0,0,0,0,0,391.0799535,-15.90642805,385.2796599,3.849535641e-05,0,0,25,10,0.002557021885,0.002557021879,3.007287772
4306,0.0234375,0.546875,-787.5497406,-445.4257108,7,3625,3562,0,0,0,0,0,0,20345.75709,100.2383297,11409.57895,3.849535641e-05,0,0,30,17,4.915029681e-05,4.915029261e-05,0.7706247035
4307,0.8828125,0.6171875,208.815437,-18.2192805,7,2707,3597,0,0,0,0,0,0,1212.480635,-257.8596368,1158.411905,3.849535641e-05,0,0,4,3,0.0008247554406,0.0008247554399,0.4592100562
4308,0.8984375,0.6171875,210.9026247,318.190568,7,3597,3122,0,0,0,0,0,0,879.8450649,70.99120544,851.0210259,3.849535641e-05,0,0,12,8,0.001136563743,0.001136563743,1.159157111
4309,0.8984375,0.6015625,266.3930484,93.28693338,7,3597,3116,0,0,0,0,0,0,187.7293701,-148.660574,186.3824384,3.849535641e-05,0,0,21,10,0.005326817001,0.005326816997,3.003370064
4310,0.859375,0.609375,194.4123748,397.8962957,6,2707,3200,0,0,0,0,0,0,282.0205307,166.8242308,274.5830811,9.604384497e-05,0,0,15,8,0.00354584114,0.003545841138,1.211368857
4311,0.859375,0.578125,172.0643674,73.25293459,6,3200,2916,0,0,0,0,0,0,12379.6116,-120.5332419,5655.410516,9.604384497e-05,0,0,9,1,8.077797853e-05,8.077797692e-05,0.1058132244
4312,0.828125,0.578125,223.1838619,225.7237874,6,3200,2896,0,0,0,0,0,0,21.35816634,9.48115438,21.31444359,9.604384497e-05,0,0,95,50,0.04682049873,0.04682049871,2.559722386
4313,0.828125,0.609375,247.0783854,81.57879469,6,3200,2897,0,0,0,0,0,0,25.44447529,-146.1704712,25.38244604,9.604384497e-05,0,0,90,44,0.0393012624,0.03930126238,5.951003679
4314,0.875,0.578125,146.5046202,50.79760726,6,2916,3264,0,0,0,0,0,0,375.2350587,-131.7603409,362.1823621,9.604384497e-05,0,0,26,6,0.002664996185,0.002664996178,3.027381236
4315,0.859375,0.59375,183.2383711,38.80011877,6,3264,3200,0,0,0,0,0,0,961.8378494,-173.6290019,880.4986153,9.604384497e-05,0,0,9,2,0.001039676283,0.001039676279,0.5321961571
4316,0.875,0.609375,168.8526276,367.0747665,6,3264,2707,0,0,0,0,0,0,1039.262621,147.2309299,944.943314,9.604384497e-05,0,0,3,2,0.0009622206935,0.0009622206934,0.4227155382
4317,0.890625,0.59375,226.430239,68.746506,6,3264,3116,0,0,0,0,0,0,354.1719847,-153.4044816,342.5207843,9.604384497e-05,0,0,31,10,0.002823487015,0.002823487006,2.487838074
4318,0.8828125,0.6015625,197.6414333,321.7821547,7,3597,3264,0,0,0,0,0,0,636.3686803,100.7847426,621.1521671,3.849535641e-05,0,0,13,4,0.001571416116,0.001571416114,0.6856606329
4319,0.8984375,0.625,183.1574129,97.92230462,7,3122,3612,0,0,0,0,0,0,366.8532113,-177.0260935,361.7446016,3.849535641e-05,0,0,9,5,0.002725885911,0.002725885909,1.31999389
4320,0.890625,0.6171875,209.8590309,63.65669376,7,3612,3597,0,0,0,0,0,0,433.4436899,-204.8862736,426.330129,3.849535641e-05,0,0,6,5,0.00230710476,0.002307104759,2.098011157
4321,0.8828125,0.625,181.0702252,155.977517,7,3612,2707,0,0,0,0,0,0,508.0333822,-111.4118747,498.2883929,3.849535641e-05,0,0,8,6,0.001968374589,0.001968374589,1.232567468
4322,0.875,0.671875,352.60833,94.30939739,6,2918,3184,0,0,0,0,0,0,70.19032936,-179.2104095,69.72032034,9.604384497e-05,0,0,34,18,0.01424697689,0.01424697688,5.103551599
4323,0.890625,0.65625,270.3737427,-55.89851926,6,3184,3123,0,0,0,0,0,0,106.168705,-320.0319431,105.0970462,9.604384497e-05,0,0,103,48,0.009418971434,0.009418971425,4.573488496
4324,0.875,0.640625,237.5538642,163.0276913,6,3184,2707,0,0,0,0,0,0,839.9898069,-87.13676486,777.2819262,9.604384497e-05,0,0,34,19,0.001190490637,0.001190490634,0.9993439653
4325,0.828125,0.671875,277.6730867,277.6730867,6,2893,2981,1,1,1,0,0,1,4882.445066,18.31436379,3323.813278,9.604384497e-05,0,23.83330417,13,13,0.0002048154125,0.0002048154125,2.144985843
4326,0.859375,0.671875,326.3067854,-23.44881874,6,2981,2918,0,0,0,0,0,0,595.978562,-292.2497476,563.7116653,9.604384497e-05,0,0,22,12,0.001677912703,0.001677912703,0.8736866627
4327,0.859375,0.640625,211.2523196,131.5389265,6,2981,2707,0,0,0,0,0,0,16.8668364,-113.9066516,16.83955707,9.604384497e-05,0,0,51,28,0.0592879409,0.0592879409,1.317986246
4328,0.828125,0.640625,263.9183302,85.69729922,6,2981,2897,0,0,0,0,0,0,44.86096345,-156.4254799,44.66850387,9.604384497e-05,0,0,545,276,0.02229109504,0.02229109502,2.317448901
4329,0.859375,0.65625,268.7795525,99.80873879,6,3184,2981,0,0,0,0,0,0,134.0898407,-157.3145147,132.384921,9.604384497e-05,0,0,33,19,0.007457686539,0.007457686536,4.327399667
4330,0.8828125,0.6328125,196.4365705,368.1818982,7,2707,3578,0,0,0,0,0,0,530.3583397,122.7106336,519.7470114,3.849535641e-05,0,0,17,9,0.001885517631,0.001885517628,1.091932968
4331,0.8828125,0.6484375,253.9638035,349.1600368,7,3578,3184,0,0,0,0,0,0,52.3956318,92.01109681,52.29016314,3.849535641e-05,0,0,92,42,0.01908556049,0.01908556047,5.427936666
4332,0.8984375,0.6484375,229.256449,9.696110532,7,3578,3123,0,0,0,0,0,0,11.92659881,-249.7441218,11.92112559,3.849535641e-05,0,0,252,129,0.08384620094,0.0838462009,17.4233967
4333,0.8984375,0.6328125,198.5237583,161.3469976,7,3578,3122,0,0,0,0,0,0,5.592531339,-91.68327331,5.591327602,3.849535641e-05,0,0,178,96,0.1788099055,0.1788099054,27.69822941
4334,0.890625,0.6328125,197.4801644,129.6706957,7,3612,3578,0,0,0,0,0,0,536.9174103,-144.70318,526.0446837,3.849535641e-05,0,0,11,6,0.00186248384,0.001862483838,0.887154611
4335,0.3125,0.484375,66.81768183,66.81768183,6,2813,3518,0,0,0,0,0,0,1e+300,5.01976956e-07,17306.7286,0,0,0,0,0,0,0,0
4336,0.328125,0.46875,-32.80038099,-32.80038099,6,3518,3291,0,0,0,0,0,0,1e+300,76.15505898,1925.356375,0,0,0,0,0,0,0,0
4337,0.3125,0.453125,21.99804242,31.35285593,6,3518,2783,0,0,0,0,0,0,514.0318962,-24.28981004,489.8482826,9.604384497e-05,0,0,27,13,0.00194540457,0.001945404567,2.748560161
4338,0.296875,0.453125,-0.5147216065,43.52410463,6,2783,3290,0,0,0,0,0,0,6.037875251,-6.845519324,6.034375912,9.604384497e-05,0,0,607,314,0.1656211761,0.1656211759,91.09203624
4339,0.265625,0.453125,7.461384483,26.55630956,6,3290,2786,0,0,0,0,0,0,7.340220675,-7.151605467,7.33504959,9.604384497e-05,0,0,800,421,0.1362356861,0.136235686,96.312532
4340,0.265625,0.484375,39.86626185,39.86626185,6,3290,2661,1,0,0,0,0,1,25.77285033,0,0,0,0,0,475,230,0.03880052021,0.03880052016,30.9081259
4341,0.296875,0.484375,-11.55719945,-11.55719945,6,3290,2813,1,1,1,0,0,1,4570.54669,-78.98330989,3550.041956,5.778099445e-05,0,34.09354408,7,7,0.0002187922075,0.0002187922075,0.4502646969
4342,0.296875,0.46875,21.8950981,56.59222436,6,3518,3290,0,0,0,0,0,0,187.1786901,6.202108888,183.8731363,9.604384497e-05,0,0,24,12,0.005342488503,0.005342488497,7.511933528
4343,0.9296875,0.8046875,591.8185076,315.2303803,7,2901,3536,0,0,0,0,0,0,4.812214076,-69.62311016,4.811322789,3.849535641e-05,0,0,317,143,0.207804554,0.207804554,14.49862888
4344,0.9296875,0.7890625,342.9573834,51.01527196,7,3536,3165,0,0,0,0,0,0,1.88541702,-315.3903454,1.885280187,3.849535641e-05,0,0,788,380,0.5303866408,0.5303866407,50.8617654
4345,0.9140625,0.7890625,302.4072703,210.1378783,7,3536,3138,0,0,0,0,0,0,5.162228319,-161.7466393,5.161202676,3.849535641e-05,0,0,656,332,0.1937147949,0.1937147948,30.7231016
4346,0.9140625,0.8046875,430.5144888,-25.45339843,7,3536,3181,0,0,0,0,0,0,1247.049801,-416.0887766,1189.926628,3.849535641e-05,0,0,3,2,0.0008018925941,0.0008018925939,0.6859413103
4347,0.90625,0.8046875,349.8624794,103.9828672,7,3181,3609,0,0,0,0,0,0,823.2595473,-271.5660257,797.9705289,3.849535641e-05,0,0,2,1,0.001214683757,0.001214683757,0.8429433228
4348,0.9140625,0.796875,366.4608796,52.9663931,7,3609,3536,0,0,0,0,0,0,14.30921045,-310.3161258,14.30133273,3.849535641e-05,0,0,184,95,0.06988505783,0.06988505781,9.998330379
4349,0.90625,0.7890625,221.7552609,82.57164939,7,3609,3138,0,0,0,0,0,0,1.759499598,-274.2263831,1.75938043,3.849535641e-05,0,0,619,306,0.5683434093,0.5683434091,93.41732608
4350,0.8984375,0.796875,383.3178574,70.97714405,7,3609,3539,0,0,0,0,0,0,5.470847675,-262.6572226,5.469695745,3.849535641e-05,0,0,437,212,0.1827870304,0.1827870303,29.79142633
4351,0.171875,0.203125,-193.5681607,-119.2004822,6,2730,3322,0,0,0,0,0,0,2.541807787,20.95547033,2.541187419,9.604384497e-05,0,0,1773,892,0.3934207792,0.393420779,5.322183162
4352,0.140625,0.203125,-255.3265958,-388.3889704,6,3322,2762,0,0,0,0,0,0,24.80447107,-165.4873328,24.7455194,9.604384497e-05,0,0,892,426,0.0403153124,0.04031531234,32.24373523
4353,0.140625,0.234375,-369.8089211,-347.6666884,6,3322,2677,0,0,0,0,0,0,2.298862993,-151.3877575,2.298355536,9.604384497e-05,0,0,1518,746,0.4349976501,0.4349976499,2.094314646
4354,0.15625,0.25,-343.446976,-196.3507698,5,2677,2761,0,0,0,0,0,0,3.882725205,-42.60707349,3.876734761,0.0003979754421,0,0,1422,707,0.257551062,0.2575510619,5.805114582
4355,0.1875,0.28125,-134.1705163,-93.8204473,5,2761,2735,0,0,0,0,0,0,1.427748097,6.134154257,1.426937299,0.0003979754421,0,0,1656,846,0.7004036652,0.7004036648,14.58832267
4356,0.21875,0.25,-114.4823253,-74.99732586,5,2761,2656,0,0,0,0,0,0,0.4824109775,-18.33526113,0.4823183783,0.0003979754421,0,0,3020,1517,2.072921319,2.072921319,5.241014196
4357,0.1875,0.21875,-167.2062156,-112.1797731,5,2761,2730,0,0,0,0,0,0,0.3284672726,-14.55905501,0.3284243403,0.0003979754421,0,0,3105,1551,3.044443339,3.044443339,7.188909679
4358,0.171875,0.234375,-255.3265958,-113.0907277,6,3322,2761,0,0,0,0,0,0,2.525196099,34.64738735,2.524583813,9.604384497e-05,0,0,2161,1071,0.3960088487,0.3960088484,6.2145411
4359,0.125,0.234375,-400.6881387,-154.8551791,6,2677,3778,0,0,0,0,0,0,2.462188996,78.14830009,2.46160688,9.604384497e-05,0,0,598,297,0.4061426648,0.4061426646,1.944040923
4360,0.140625,0.21875,-312.5677584,-339.1610372,6,3778,3322,0,0,0,0,0,0,1.215644016,-112.1631393,1.2155021,9.604384497e-05,0,0,1061,518,0.8226092399,0.8226092397,3.510006734
4361,0.125,0.203125,-286.2058133,-249.8639047,6,3778,2762,0,0,0,0,0,0,9.429002086,9.762281334,9.42047093,9.604384497e-05,0,0,464,221,0.1060557619,0.1060557618,60.87589668
4362,0.078125,0.203125,-148.4246862,-148.4246862,6,2729,3225,0,0,0,0,0,0,1e+300,0,1e+300,0,0,0,0,0,0,0,0
4363,0.078125,0.234375,-262.9070115,-500.2355978,6,3225,2759,0,0,0,0,0,0,1.001478906e+14,-7.221410669e-08,10411.91135,9.604384497e-05,0,0,1,0,9.985232783e-15,0,0.009985232783
4364,0.109375,0.234375,-354.7610963,-310.4757768,6,3225,2677,0,0,0,0,0,0,3.69950635e+12,-5.70761415e-07,10411.91133,9.604384497e-05,0,0,2,0,2.703063342e-13,0,0.2703063342
4365,0.109375,0.203125,-240.2787709,-240.2787709,6,3225,2762,0,0,0,0,0,0,1e+300,2.05032876e-07,121323.2519,0,0,0,0,0,0,0,0
4366,0.109375,0.21875,-297.5199336,-341.1947435,6,3778,3225,0,0,0,0,0,0,9.691134324e+13,-1.434466412e-07,10411.91135,9.604384497e-05,0,0,1,0,1.031870952e-14,0,0.01031870952
4367,0.84375,0.8046875,1.293963305,105.7225244,7,3179,3647,0,0,0,0,0,0,587.2299537,-200.1251894,574.2487021,3.849535641e-05,0,0,7,4,0.001702910408,0.001702910407,1.550066492
4368,0.8515625,0.796875,347.9140584,306.0357698,7,3647,3627,0,0,0,0,0,0,34.98984796,-37.64131165,34.94278189,3.849535641e-05,0,0,84,48,0.02857971836,0.02857971835,8.149133559
4369,0.84375,0.7890625,133.7203651,70.25732232,7,3647,2963,0,0,0,0,0,0,3.217691009,-253.7842064,3.217292496,3.849535641e-05,0,0,256,146,0.310781861,0.3107818609,36.95579201
4370,0.8203125,0.8046875,518.0129416,503.0716797,7,2898,3626,0,0,0,0,0,0,10.40320811,203.5691363,10.39904355,3.849535641e-05,0,0,268,130,0.09612419453,0.0961241945,13.22927366
4371,0.8359375,0.8046875,173.5336227,51.31022375,7,3626,3179,0,0,0,0,0,0,154978.2497,-236.3833137,22247.99293,3.849535641e-05,0,0,5,1,6.45251835e-06,6.452517977e-06,0.01226659126
4372,0.8359375,0.7890625,305.9600245,55.68981752,7,3626,2963,0,0,0,0,0,0,2.981404402,-250.1975349,2.981062265,3.849535641e-05,0,0,640,346,0.335412398,0.3354123979,24.46668344
4373,0.8203125,0.7890625,270.8531459,114.6621415,7,3626,3196,0,0,0,0,0,0,2.581035611,-208.0117242,2.58077919,3.849535641e-05,0,0,732,375,0.3874413805,0.3874413804,39.02764411
4374,0.8359375,0.796875,239.7468236,89.59004663,7,3647,3626,0,0,0,0,0,0,4.444677636,-231.2590776,4.443917284,3.849535641e-05,0,0,179,102,0.2249881953,0.2249881953,23.87194737
4375,0.140625,0.1875,-198.0854331,-243.5203417,6,2762,3779,0,0,0,0,0,0,3.561948375,-22.00566234,3.560730238,9.604384497e-05,0,0,907,439,0.2807452255,0.2807452253,114.6825167
4376,0.15625,0.203125,-224.4473782,-257.2284312,6,3779,3322,0,0,0,0,0,0,5.477175571,-68.34203994,5.474295824,9.604384497e-05,0,0,961,475,0.1825758526,0.1825758525,132.3044806
4377,0.171875,0.1875,-136.326998,-160.2209383,6,3779,2730,0,0,0,0,0,0,4.878291425,-21.45194401,4.87600687,9.604384497e-05,0,0,799,414,0.2049898034,0.2049898032,72.68934741
4378,0.15625,0.171875,-195.0847662,-298.3723184,6,3779,3321,0,0,0,0,0,0,6.290881823,-106.4919834,6.287083164,9.604384497e-05,0,0,745,378,0.1589602266,0.1589602264,58.53762056
4379,0.8359375,0.7265625,292.681239,175.9819785,7,2980,3655,0,0,0,0,0,0,0.976648574,-129.4680254,0.9766118568,3.849535641e-05,0,0,922,457,1.023909753,1.023909753,62.18625758
4380,0.8203125,0.7265625,335.6337665,77.45778732,7,3655,3194,0,0,0,0,0,0,0.9646809335,-218.8849131,0.9646451107,3.849535641e-05,0,0,1033,512,1.036612174,1.036612174,72.16509404
4381,0.8203125,0.7421875,415.8629738,569.5943394,7,3655,2919,0,0,0,0,0,0,64242.95888,265.130778,18497.53252,3.849535641e-05,0,0,1,1,1.556590819e-05,1.556590819e-05,0.03668990206
4382,0.8359375,0.7421875,337.6809726,577.9215355,7,3655,3193,0,0,0,0,0,0,2306.236632,274.4891622,2118.1854,3.849535641e-05,0,0,4,3,0.0004336068495,0.0004336068495,0.6212748709
4383,0.8125,0.7421875,437.3392376,298.7290371,7,2919,3678,0,0,0,0,0,0,4.132929475e+12,2.028725021e-06,25977.15898,3.849535641e-05,0,0,1,0,2.419591251e-13,0,0.2419591251
4384,0.8203125,0.734375,375.7483702,510.9297446,7,3678,3655,0,0,0,0,0,0,5.235787851,211.7074884,5.234732773,3.849535641e-05,0,0,114,57,0.1909932236,0.1909932236,7.151721056
4385,0.8125,0.7265625,357.1100302,-142.9108085,7,3678,3194,0,0,0,0,0,0,19.80526581,-433.5189826,19.79017757,3.849535641e-05,0,0,220,112,0.05049162226,0.05049162225,1.872377692
4386,0.796875,0.75,295.0508201,295.0508201,6,2919,3195,1,0,0,0,0,1,126.8868229,0,0,0,0,0,12,6,0.007881039002,0.007881039001,0.2740522522
4387,0.78125,0.734375,276.6902624,276.6902624,6,3195,2979,1,0,0,0,0,1,9731.590187,0,0,0,0,0,4,4,0.000102758129,0.000102758129,0.07855822106
4388,0.765625,0.75,277.1701353,277.1701353,6,3195,2658,1,0,0,0,0,1,1.52189906e+14,0,0,0,0,0,1,0,6.570738009e-15,0,0.006570738009
4389,0.78125,0.765625,210.5646412,263.4393875,6,3195,2960,0,0,0,0,0,0,984.616449,-40.56094734,899.5493506,9.604384497e-05,0,0,16,8,0.001015623902,0.0010156239,0.6846631906
4390,0.7890625,0.7265625,276.450326,276.450326,7,2979,3450,1,0,0,0,0,1,191.3573315,0,0,0,0,0,416,191,0.005225825381,0.005225825368,2.820114919
4391,0.7890625,0.7421875,76.14671479,76.14671479,7,3450,3195,1,1,1,0,0,1,6293.466044,-185.1275594,4718.973836,5.778099445e-05,0,102.6389743,4,4,0.0001588949544,0.0001588949544,0.03650770596
4392,0.8046875,0.7421875,396.206554,294.796421,7,3450,2919,0,0,0,0,0,0,8.784398808e+12,-2.850744806e-06,25977.15907,3.849535641e-05,0,0,2,0,1.138381831e-13,0,0.1138381831
4393,0.8046875,0.7265625,286.6795965,286.6795965,7,3450,3194,1,0,0,0,0,1,118.9267222,0,0,0,0,0,506,262,0.008408539154,0.008408539134,6.192425974
4394,0.8046875,0.734375,356.0919503,245.7172143,7,3678,3450,0,0,0,0,0,0,38546.69476,-43.83790439,15518.81302,3.849535641e-05,0,0,3,1,2.594256151e-05,2.594256021e-05,0.4517517368
4395,0.90625,0.8671875,857.6645716,865.5192773,7,3160,3695,0,0,0,0,0,0,119.7310891,456.4950383,119.1817695,3.849535641e-05,0,0,65,30,0.008352049641,0.008352049633,2.682147138
4396,0.9140625,0.859375,552.7269775,-30.59333051,7,3695,3603,0,0,0,0,0,0,112.9212243,-431.1616251,112.4324868,3.849535641e-05,0,0,56,24,0.008855731115,0.0088557311,4.528924717
4397,0.90625,0.8515625,531.3962326,531.3962326,7,3695,3135,0,0,0,0,0,0,1e+300,0,1e+300,0,0,0,0,0,0,0,0
4398,0.8984375,0.859375,375.9233291,375.9233291,7,3695,3602,1,0,0,0,0,1,794.5862361,0,0,0,0,0,123,66,0.00125851664,0.001258516626,6.242377001
4399,0.8125,0.484375,20.04518043,107.4461593,6,2915,3858,0,0,0,0,0,0,1.053546599e+12,-2.629910512e-07,10411.91125,9.604384497e-05,0,0,3,0,9.491749119e-13,0,0.9491749119
4400,0.828125,0.46875,18.70135403,85.17152563,6,3858,3043,0,0,0,0,0,0,7.4610582e+11,-5.163755645e-07,10411.91121,9.604384497e-05,0,0,2,0,1.340292453e-12,0,1.340292453
4401,0.8125,0.453125,114.1206558,83.56279822,6,3858,2883,0,0,0,0,0,0,8.703502524e+12,-9.308286053e-08,10411.91134,9.604384497e-05,0,0,1,0,1.148962728e-13,0,0.1148962728
4402,0.796875,0.453125,180.1456185,180.1456185,6,2883,3042,1,1,1,0,0,1,32842.25405,110.5521473,10543.1479,6.647864041e-05,0,40.66778701,2,2,3.044858001e-05,3.044858001e-05,0.1243505448
4403,0.765625,0.453125,140.4954612,71.48560048,6,3042,2886,0,0,0,0,0,0,12.00083405,-52.68868684,11.98701774,9.604384497e-05,0,0,246,130,0.08332754174,0.08332754173,2.06285396
4404,0.765625,0.484375,165.1898726,202.5359021,6,3042,2669,0,0,0,0,0,0,46.71509103,64.09088417,46.50643077,9.604384497e-05,0,0,53,25,0.0214063588,0.02140635879,0.582818243
4405,0.796875,0.484375,182.3520608,182.3520608,6,3042,2915,1,1,1,0,0,1,36446.52921,155.2664713,21346.3563,2.267583296e-05,0,138.4815125,6,6,2.743745486e-05,2.743745486e-05,0.08370456989
4406,0.796875,0.46875,115.4644822,115.4644822,6,3858,3042,0,0,0,0,0,0,1e+300,-1.335202938e-06,44099.80961,0,0,0,0,0,0,0,0
4407,0.625,0.7421875,165.4613501,165.4613501,7,2709,3763,0,0,0,0,0,0,1e+300,0,1e+300,0,0,0,0,0,0,0,0
4408,0.6328125,0.734375,250.3791145,250.3791145,7,3763,3406,1,0,0,0,0,1,1e+300,0,0,0,0,0,0,0,0,0,0
4409,0.625,0.7265625,163.7920045,-56.27029053,7,3763,3231,0,0,0,0,0,0,104.1499994,-312.5115697,103.7340992,3.849535641e-05,0,0,78,39,0.009601536299,0.009601536296,1.830673584
4410,0.6015625,0.7265625,187.5921397,151.0326841,7,3038,3768,0,0,0,0,0,0,5.500745108,-49.13326121,5.499580555,3.849535641e-05,0,0,354,195,0.1817935535,0.1817935534,46.3960786
4411,0.6015625,0.7421875,154.9133816,154.9133816,7,3768,3034,0,0,0,0,0,0,1e+300,0,1e+300,0,0,0,0,0,0,0,0
4412,0.6171875,0.7421875,173.3947285,173.3947285,7,3768,2709,0,0,0,0,0,0,1e+300,73.11535688,22.25703356,0,0,0,0,0,0,0,0
4413,0.6171875,0.7265625,171.7253829,84.29718561,7,3768,3231,0,0,0,0,0,0,6.44382518,-120.6537275,6.442227138,3.849535641e-05,0,0,400,219,0.1551873262,0.1551873261,41.53083983
4414,0.6171875,0.734375,172.5600557,458.0575752,7,3763,3768,0,0,0,0,0,0,28.67781073,209.0998339,28.64618642,3.849535641e-05,0,0,46,24,0.03487016527,0.03487016526,6.634309963
4415,0.65625,0.7421875,45.94482753,98.54434052,7,2988,3420,0,0,0,0,0,0,1.366732722e+12,-8.997903507e-07,25977.15865,3.849535641e-05,0,0,1,0,7.316719532e-13,0,0.7316719532
4416,0.6640625,0.734375,347.4144392,253.2171652,7,3420,3407,0,0,0,0,0,0,23.51084291,116.6059308,23.48958347,3.849535641e-05,0,0,64,38,0.04253356648,0.04253356646,9.750727989
4417,0.65625,0.7265625,143.2617149,-157.7733637,7,3420,2973,0,0,0,0,0,0,44.00961849,-328.5944656,43.93518499,3.849535641e-05,0,0,145,73,0.02272230559,0.02272230558,4.047046903
4418,0.6484375,0.734375,136.855681,56.42121735,7,3420,3406,0,0,0,0,0,0,12.40725597,-85.12814827,12.40133282,3.849535641e-05,0,0,82,35,0.08059799866,0.08059799862,11.54990929
4419,0.7265625,0.7890625,133.2591249,134.5129896,7,2967,3360,0,0,0,0,0,0,183.7976302,-170.0897987,182.506333,3.849535641e-05,0,0,13,11,0.005440766559,0.005440766558,4.221166175
4420,0.7265625,0.8046875,301.9523281,654.8239639,7,3360,2971,0,0,0,0,0,0,584.8811471,333.6998835,572.0023941,3.849535641e-05,0,0,8,6,0.001709749075,0.001709749073,0.9861532382
4421,0.7421875,0.8046875,105.6570078,114.0976925,7,3360,2904,0,0,0,0,0,0,553.3553768,-187.3022166,541.8138677,3.849535641e-05,0,0,11,7,0.001807156923,0.001807156921,2.707393021
4422,0.75,0.796875,68.89196197,122.6721484,6,2904,2966,0,0,0,0,0,0,242.0598858,-168.9010643,236.5602475,9.604384497e-05,0,0,24,12,0.004131209087,0.004131209084,4.068805811
4423,0.765625,0.78125,114.1651682,86.92513178,6,2966,2960,0,0,0,0,0,0,473.8534329,-227.7397828,453.2267631,9.604384497e-05,0,0,16,6,0.002110357192,0.00211035719,1.819295965
4424,0.75,0.765625,22.96398732,155.151827,6,2966,2658,0,0,0,0,0,0,1288.694143,-132.6758724,1146.758532,9.604384497e-05,0,0,7,7,0.0007759793164,0.0007759793164,0.7138826701
4425,0.734375,0.78125,96.49407901,-197.6162712,6,2966,2967,0,0,0,0,0,0,1492.700433,-492.3923631,1305.533088,9.604384497e-05,0,0,7,6,0.0006699267837,0.0006699267836,0.4079563759
4426,0.7421875,0.7890625,82.69302049,11.09155601,7,3360,2966,0,0,0,0,0,0,384.0901221,-306.1631596,378.4938311,3.849535641e-05,0,0,16,12,0.002603555631,0.002603555629,3.326334506
4427,0.9765625,0.9765625,381.9131062,381.9131062,7,3130,3704,0,0,0,0,0,0,1e+300,0,1e+300,0,0,0,0,0,0,0,0
4428,0.9765625,0.9921875,149.9019069,149.9019069,7,3704,3155,0,0,0,0,0,0,1e+300,46.2585913,7.750972201,0,0,0,38,18,0,0,0
4429,0.9921875,0.9921875,472.0533411,472.0533411,7,3704,2650,1,0,0,0,0,1,1e+300,0,0,0,0,0,37,23,0,0,0
4430,0.984375,0.96875,377.0595484,403.0869581,6,3134,3130,0,0,0,0,0,0,1030.40917,-76.64024141,937.6182841,9.604384497e-05,0,0,4,1,0.0009704882577,0.0009704882576,0.1467348406
4431,1,0.953125,488.0977002,488.0977002,6,3134,2935,1,0,0,0,0,1,25242180.09,0,0,0,0,0,2,1,3.961622952e-08,3.961622879e-08,0.002868514766
4432,1,0.984375,476.4047585,476.4047585,6,2650,3134,1,0,0,0,0,1,1.279418691e+12,0,0,0,0,0,1,0,7.81604964e-13,0,0.781604964
4433,0.9921875,0.9765625,249.7551796,249.7551796,7,3704,3134,0,0,0,0,0,0,1e+300,-2.742873448e-07,17306.7287,0,0,0,1,0,0,0,0
4434,0.9921875,1,461.7217103,461.7217103,7,2650,3740,1,1,1,0,0,1,1298.859739,-55.40535151,1237.009183,3.849535641e-05,0,99.51982261,23,23,0.0007699060724,0.0007699060724,3.985241564
4435,0.984375,0.9921875,138.6031378,1300.039637,7,3740,3704,0,0,0,0,0,0,52.30307651,781.0830754,52.19797976,3.849535641e-05,0,0,38,18,0.01911933421,0.0191193342,2.940871221
4436,0.9765625,1,33.89630731,33.28637227,7,3740,3155,0,0,0,0,0,0,43.86378069,-490.5956563,43.78983927,3.849535641e-05,0,0,38,18,0.02279785245,0.02279785244,4.795963116
4437,0.9296875,0.90625,216.301347,427.4721288,7,3161,3850,0,0,0,0,0,0,1.844350055e+12,6.022119692e-06,25977.15878,3.849535641e-05,0,0,1,0,5.421964216e-13,0,0.5421964216
4438,0.921875,0.8984375,513.1891334,435.6948802,7,3850,3700,0,0,0,0,0,0,1.7340197e+12,-8.358170533e-06,25977.15876,3.849535641e-05,0,0,2,0,5.766947171e-13,0,0.5766947171
4439,0.9140625,0.90625,411.5787656,428.4798328,7,3850,3128,0,0,0,0,0,0,1.337701733e+12,-7.176705651e-06,25977.15864,3.849535641e-05,0,0,1,0,7.475507993e-13,0,0.7475507993
4440,0.921875,0.9140625,538.8831344,538.8831344,7,3850,3699,0,0,0,0,0,0,1e+300,0,1e+300,0,0,0,0,0,0,0,0
4441,0.125,0.515625,-309.3095888,-214.893354,6,2689,3724,0,0,0,0,0,0,0.9742948729,-71.99110595,0.9742037118,9.604384497e-05,0,0,632,333,1.026383314,1.026383313,5.343182367
4442,0.109375,0.53125,-205.2721813,-248.0212919,6,3724,3267,0,0,0,0,0,0,1.937577061,-84.94825083,1.93721656,9.604384497e-05,0,0,520,268,0.5161085049,0.5161085048,2.465421644
4443,0.125,0.546875,-243.4362102,-204.5761499,6,3724,2764,0,0,0,0,0,0,103.4510648,-75.04237044,102.433304,9.604384497e-05,0,0,116,56,0.009666406067,0.009666406052,13.78564145
4444,0.140625,0.53125,340.0154675,-93.23549382,6,3724,2939,0,0,0,0,0,0,7.251282753,30.7893109,7.246236177,9.604384497e-05,0,0,207,114,0.1379066345,0.1379066344,0.8577821847
4445,0.1484375,0.5390625,664.6779957,-196.4856888,7,2939,3762,0,0,0,0,0,0,1264.047861,-62.57359349,1205.393448,3.849535641e-05,0,0,3,1,0.0007911092854,0.0007911092845,0.9922310937
4446,0.1328125,0.5390625,48.28962863,-202.2668193,7,3762,3724,0,0,0,0,0,0,301.0883005,-56.16151496,297.6385208,3.849535641e-05,0,0,34,17,0.003321284813,0.003321284807,5.422669394
4447,0.1328125,0.5546875,81.22631793,-173.342526,7,3762,2764,0,0,0,0,0,0,163.665168,-33.92145599,162.6404763,3.849535641e-05,0,0,32,17,0.00611003558,0.006110035572,9.167900182
4448,0.140625,0.5625,-91.42808292,-91.42808292,6,2764,3727,1,0,0,0,0,1,154662.4496,0,0,0,0,0,3,1,6.46569353e-06,6.465692848e-06,0.006317110576
4449,0.15625,0.578125,-15.14305209,-47.18764396,6,3727,2936,0,0,0,0,0,0,9391.143935,11.37670777,4937.609714,9.604384497e-05,0,0,1,1,0.0001064833003,0.0001064833003,0.1317406312
4450,0.171875,0.5625,198.9034239,-21.8733557,6,3727,2743,0,0,0,0,0,0,829.5398823,6.755579491,768.3256848,9.604384497e-05,0,0,2,2,0.00120548755,0.00120548755,0.7075227743
4451,0.15625,0.546875,509.4198051,-45.93860478,6,3727,2939,0,0,0,0,0,0,1498.39525,39.99509565,1309.887229,9.604384497e-05,0,0,2,2,0.0006673806529,0.0006673806529,0.4236032878
4452,0.1484375,0.5546875,217.6939662,217.6939662,7,3762,3727,0,0,0,0,0,0,1e+300,-47.69928006,2206.72998,0,0,0,0,0,0,0,0
4453,0.4296875,0.4453125,146.5468769,66.67180524,7,2784,3508,0,0,0,0,0,0,163.2343216,-22.64341786,162.2150009,3.849535641e-05,0,0,32,17,0.006126162625,0.006126162619,4.956009143
4454,0.4140625,0.4453125,173.3537315,57.2752107,7,3508,3286,0,0,0,0,0,0,76.78895908,-25.97941286,76.56263852,3.849535641e-05,0,0,42,23,0.0130227055,0.01302270549,10.28215883
4455,0.4140625,0.4609375,155.8987857,75.10846531,7,3508,3097,0,0,0,0,0,0,382.5427631,-16.13607468,376.9911462,3.849535641e-05,0,0,10,6,0.002614086833,0.002614086831,3.974824381
4456,0.4375,0.484375,269.0672085,43.1286101,6,2815,3107,0,0,0,0,0,0,143.204735,-48.14113785,141.2618292,9.604384497e-05,0,0,1,1,0.006983009325,0.006983009325,0.2490731197
4457,0.453125,0.46875,148.8019539,148.8019539,6,3107,3098,0,0,0,0,0,0,1e+300,0,1e+300,0,0,0,0,0,0,0,0
4458,0.4375,0.453125,184.2696845,184.2696845,6,3107,2784,0,0,0,0,0,0,1e+300,0,1e+300,0,0,0,0,0,0,0,0
4459,0.421875,0.46875,193.6215933,135.8392354,6,3107,3097,0,0,0,0,0,0,51.17428051,20.41115011,50.92399039,9.604384497e-05,0,0,1,1,0.01954106614,0.01954106614,0.6969995427
4460,0.4296875,0.4609375,188.9456389,188.9456389,7,3508,3107,0,0,0,0,0,0,1e+300,0,1e+300,0,0,0,0,0,0,0,0
4461,0.6015625,0.5390625,269.6231427,102.860424,7,3003,3473,0,0,0,0,0,0,169.8050457,-66.88092759,168.7022885,3.849535641e-05,0,0,23,8,0.005889106509,0.0058891065,2.708572275
4462,0.6015625,0.5546875,270.9734514,106.307416,7,3473,3005,0,0,0,0,0,0,228.5781472,-56.65609653,226.5843865,3.849535641e-05,0,0,10,4,0.004374871406,0.004374871402,1.696745547
4463,0.6171875,0.5546875,411.659752,411.659752,7,3473,2866,0,0,0,0,0,0,1e+300,-226.7297699,908.1382342,0,0,0,0,0,0,0,0
4464,0.6171875,0.5390625,213.100511,73.77052792,7,3473,3004,0,0,0,0,0,0,461.2388689,-83.80584765,453.1921902,3.849535641e-05,0,0,25,12,0.002168074001,0.002168073998,1.725160986
4465,0.625,0.5390625,184.8391951,220.1176882,7,3004,3827,0,0,0,0,0,0,447.7670168,73.77532691,440.1796615,3.849535641e-05,0,0,14,8,0.002233304291,0.002233304289,2.493537845
4466,0.6171875,0.546875,312.3801315,85.84003055,7,3827,3473,0,0,0,0,0,0,328.6167659,-66.62813244,324.5116227,3.849535641e-05,0,0,12,8,0.00304305837,0.003043058368,3.221133662
4467,0.625,0.5546875,383.3984361,383.3984361,7,3827,2866,0,0,0,0,0,0,1e+300,0,1e+300,0,0,0,0,0,0,0,0
4468,0.6484375,0.5390625,281.4812895,76.55023526,7,2995,3831,0,0,0,0,0,0,77.11503792,-94.96208068,76.88679402,3.849535641e-05,0,0,11,7,0.01296763935,0.01296763935,0.8734202216
4469,0.6328125,0.5390625,217.0532266,298.0144251,7,3831,3004,0,0,0,0,0,0,243.7897813,139.847728,241.5231411,3.849535641e-05,0,0,9,3,0.004101894651,0.004101894648,0.2903827042
4470,0.6328125,0.5546875,415.6124676,25.76568612,7,3831,2866,0,0,0,0,0,0,1062.854988,-132.4876384,1021.077616,3.849535641e-05,0,0,4,3,0.0009408621228,0.0009408621224,1.076911024
4471,0.6484375,0.5546875,284.8356183,74.53712006,7,3831,3007,0,0,0,0,0,0,438.5471957,-98.53372488,431.2665408,3.849535641e-05,0,0,8,7,0.002280256286,0.002280256286,3.161414491
4472,0.6328125,0.546875,316.3328471,153.0584831,7,3827,3831,0,0,0,0,0,0,2.266047508e+12,-1.324816395e-06,25977.15885,3.849535641e-05,0,0,2,0,4.412970146e-13,0,0.4412970146
4473,0.203125,0.078125,-296.4583498,-285.5854062,6,2731,3057,0,0,0,0,0,0,3.891732769,-135.681919,3.890278672,9.604384497e-05,0,0,18,9,0.2569549503,0.2569549503,1.062089001
4474,0.203125,0.109375,-245.452901,-294.989978,6,3057,2775,0,0,0,0,0,0,4.442497293,-159.1887959,4.440602601,9.604384497e-05,0,0,19,9,0.2250986177,0.2250986177,0.8342110519
4475,0.234375,0.109375,-333.4329716,-333.4329716,6,3057,2686,0,0,0,0,0,0,1e+300,1.413314459e-05,121323.238,0,0,0,0,0,0,0,0
4476,0.234375,0.078125,-457.1590595,-457.1590595,6,3057,2774,0,0,0,0,0,0,1e+300,0,1e+300,0,0,0,0,0,0,0,0
4477,0.234375,0.125,-307.9302472,-307.9302472,6,2686,3785,0,0,0,0,0,0,1e+300,0,1e+300,0,0,0,0,0,0,0,0
4478,0.21875,0.109375,-289.4429363,-128.5402156,6,3785,3057,0,0,0,0,0,0,9.055922325e+12,-2.641984338e-07,10411.91134,9.604384497e-05,0,0,1,0,1.104249754e-13,0,0.1104249754
4479,0.203125,0.125,-219.9501765,-301.6349292,6,3785,2775,0,0,0,0,0,0,2436.225822,-144.1408045,1974.275878,9.604384497e-05,0,0,4,1,0.0004104709797,0.0004104709788,0.8638903717
4480,0.25,0.15625,-139.9704105,-139.9704105,5,2686,2776,1,1,1,0,0,1,1485.675266,-138.8137117,1052.673763,0.0002648201333,0,105.2809638,5,5,0.0006730946008,0.0006730946008,0.3752020755
4481,0.21875,0.1875,-140.7039608,-73.88881946,5,2776,2730,0,0,0,0,0,0,9.624064057,-21.65551849,9.587343179,0.0003979754421,0,0,76,35,0.1039062078,0.1039062078,0.9044526605
4482,0.25,0.21875,-87.98007062,-0.5676771739,5,2776,2656,0,0,0,0,0,0,24.90290043,10.70697045,24.65851622,0.0003979754421,0,0,71,34,0.04015596507,0.04015596505,0.700008776
4483,0.28125,0.1875,-79.89687518,6.151487354,5,2776,2777,0,0,0,0,0,0,43.30297928,0.6736850083,42.56935928,0.0003979754421,0,0,54,26,0.02309309929,0.02309309928,1.64098776
4484,0.203125,0.171875,-167.0659059,-87.77647657,6,2730,3324,0,0,0,0,0,0,1.4342972,-15.06384892,1.434099645,9.604384497e-05,0,0,559,275,0.6972055724,0.6972055723,2.477322317
4485,0.234375,0.171875,-202.3220863,-89.48279322,6,3324,2776,0,0,0,0,0,0,11.93066591,-54.57542023,11.9170106,9.604384497e-05,0,0,41,17,0.08381761817,0.08381761816,0.8030643578
4486,0.234375,0.140625,-290.302157,-290.302157,6,3324,2686,0,0,0,0,0,0,1e+300,-146.6905467,2437.968877,0,0,0,0,0,0,0,0
4487,0.203125,0.140625,-202.3220863,-111.1722779,6,3324,2775,0,0,0,0,0,0,4.551154075,-1.101382347,4.549165588,9.604384497e-05,0,0,521,259,0.2197244882,0.2197244881,1.726273439
4488,0.21875,0.140625,-246.3121217,47.25035825,6,3785,3324,0,0,0,0,0,0,17242.30478,150.060287,6491.789463,9.604384497e-05,0,0,3,1,5.799688689e-05,5.799688507e-05,0.1220621094
4489,0.84375,0.9296875,262.9815368,54.95348123,7,3177,3639,0,0,0,0,0,0,8.133769409,-338.2515575,8.131223423,3.849535641e-05,0,0,113,58,0.1229442279,0.1229442279,15.6718138
4490,0.8515625,0.921875,481.9307635,378.7708451,7,3639,3637,0,0,0,0,0,0,19.16900684,-15.43494342,19.15487212,3.849535641e-05,0,0,91,41,0.05216754359,0.05216754357,6.87324673
4491,0.84375,0.9140625,349.3211731,136.1913139,7,3639,2948,0,0,0,0,0,0,2718.46434,-257.8904002,2460.932094,3.849535641e-05,0,0,3,1,0.0003678547426,0.0003678547416,0.8670585969
4492,0.796875,0.921875,634.6644615,32.96478459,6,2899,2949,0,0,0,0,0,0,294.4901348,-320.4996652,286.3898932,9.604384497e-05,0,0,6,5,0.003395699488,0.003395699488,1.336199267
4493,0.796875,0.890625,401.8995401,-94.84118281,6,2949,2903,0,0,0,0,0,0,176.4384095,-428.053301,173.4983374,9.604384497e-05,0,0,3,2,0.005667700149,0.005667700148,0.2455688266
4494,0.765625,0.890625,334.0294196,62.68653912,6,2949,2720,0,0,0,0,0,0,54.16064888,-243.9412328,53.88037411,9.604384497e-05,0,0,3,2,0.01846358972,0.01846358972,0.7987377874
4495,0.765625,0.921875,442.2245333,654.1671057,6,2949,2902,0,0,0,0,0,0,501.773148,325.7164155,478.7033687,9.604384497e-05,0,0,4,4,0.001992932472,0.001992932472,1.033591871
4496,0.8125,0.890625,435.8346004,80.54190614,6,2903,3190,0,0,0,0,0,0,14.7648989,-265.9623852,14.74399078,9.604384497e-05,0,0,3,2,0.06772819824,0.06772819824,0.953257311
4497,0.796875,0.90625,518.2820008,601.9460483,6,3190,2949,0,0,0,0,0,0,4899.063976,258.6077643,3331.506892,9.604384497e-05,0,0,2,1,0.0002041206249,0.000204120624,0.4455023131
4498,0.8125,0.921875,668.5995218,-124.2662867,6,3190,2899,0,0,0,0,0,0,6236.871797,-491.0229097,3900.450603,9.604384497e-05,0,0,7,3,0.0001603367894,0.0001603367892,0.2834222069
4499,0.828125,0.90625,472.3540262,87.93695268,6,3190,2948,0,0,0,0,0,0,16.06887626,-278.4972254,16.04411511,9.604384497e-05,0,0,4,3,0.06223210535,0.06223210535,0.8431144412
4500,0.8359375,0.9140625,490.6137391,-48.05801881,7,2948,3636,0,0,0,0,0,0,39.47763972,-424.4571402,39.41773636,3.849535641e-05,0,0,2,1,0.02533079503,0.02533079503,0.3528888207
4501,0.8203125,0.9140625,570.476774,778.3131193,7,3636,3190,0,0,0,0,0,0,34.0723769,411.7177188,34.02774514,3.849535641e-05,0,0,6,3,0.02934928793,0.02934928793,0.4229291624
4502,0.8203125,0.9296875,686.8592347,222.6754564,7,3636,2899,0,0,0,0,0,0,101.5318872,-154.0461099,101.1365942,3.849535641e-05,0,0,24,12,0.009849122556,0.009849122551,2.304586397
4503,0.8359375,0.9296875,404.2741027,1.134165148,7,3636,3177,0,0,0,0,0,0,32.07885878,-374.3882808,32.03929387,3.849535641e-05,0,0,43,28,0.03117317878,0.03117317878,3.99490398
4504,0.8359375,0.921875,447.4439209,138.604041,7,3639,3636,0,0,0,0,0,0,36.74032842,-255.6388956,36.68843879,3.849535641e-05,0,0,25,18,0.02721804739,0.02721804739,3.152069614
4505,0.1875,0.390625,-27.51516708,-59.35650773,6,2789,3919,0,0,0,0,0,0,672.2609227,-2.208236892,631.4879415,9.604384497e-05,0,0,17,7,0.001487517668,0.001487517664,2.460652314
4506,0.171875,0.40625,-45.43831296,-36.24141658,6,3919,3023,0,0,0,0,0,0,5724.776243,41.73816741,3693.810295,9.604384497e-05,0,0,4,2,0.0001746793163,0.0001746793161,0.2817205731
4507,0.1875,0.421875,-35.69716181,-19.42719019,6,3919,2738,0,0,0,0,0,0,514.6771095,31.5644727,490.4341788,9.604384497e-05,0,0,21,11,0.001942965758,0.001942965754,3.153678087
4508,0.203125,0.421875,-21.86501329,-48.98111461,6,2738,3026,0,0,0,0,0,0,0.8881109557,3.527284118,0.8880352084,9.604384497e-05,0,0,646,335,1.125985434,1.125985434,4.21997068
4509,0.234375,0.421875,5.799283742,-6.167046624,6,3026,2786,0,0,0,0,0,0,2.656220848,-1.477882137,2.655543382,9.604384497e-05,0,0,1066,545,0.3764747201,0.3764747199,3.930988666
4510,0.234375,0.390625,13.98127847,-48.44059807,6,3026,2692,0,0,0,0,0,0,1.803689502,-37.59482564,1.803377097,9.604384497e-05,0,0,1058,544,0.5544191498,0.5544191496,3.129599374
4511,0.203125,0.390625,-13.68301856,-109.5292609,6,3026,2789,0,0,0,0,0,0,0.9224089938,-50.86425422,0.9223272833,9.604384497e-05,0,0,630,329,1.08411779,1.08411779,3.072394125
4512,0.203125,0.40625,-17.77401592,-5.706558126,6,3919,3026,0,0,0,0,0,0,277.0811087,24.45379162,269.8985851,9.604384497e-05,0,0,34,17,0.003609051532,0.003609051525,5.411697474
4513,0.5546875,0.65625,184.5011372,137.0669864,7,3053,3490,0,0,0,0,0,0,8784.005205,-55.09083956,6564.322726,3.849535641e-05,0,0,36,20,0.0001138432841,0.0001138432835,0.6863529134
4514,0.546875,0.6484375,164.161444,92.28365769,7,3490,3486,0,0,0,0,0,0,978.724082,-79.55808701,943.1882095,3.849535641e-05,0,0,33,13,0.001021738423,0.001021738419,1.776397396
4515,0.5390625,0.65625,111.4855587,87.46842128,7,3490,3036,0,0,0,0,0,0,1810.063973,-77.20981155,1692.156128,3.849535641e-05,0,0,11,5,0.0005524666614,0.0005524666595,0.8240395168
4516,0.5546875,0.6796875,186.0586931,186.0586931,7,2841,3485,0,0,0,0,0,0,1e+300,0,1e+300,0,0,0,0,0,0,0,0
4517,0.5546875,0.6640625,185.0203225,185.0203225,7,3485,3053,0,0,0,0,0,0,1e+300,0,1e+300,0,0,0,0,0,0,0,0
4518,0.5390625,0.6640625,112.004744,112.004744,7,3485,3036,0,0,0,0,0,0,1e+300,0,1e+300,0,0,0,0,0,0,0,0
4519,0.515625,0.6875,245.0092715,245.0092715,6,2844,3081,0,0,0,0,0,0,1e+300,0,1e+300,0,0,0,0,0,0,0,0
4520,0.53125,0.703125,226.5543515,78.64063485,6,3081,3037,0,0,0,0,0,0,784.2648565,-141.0815189,729.3290147,9.604384497e-05,0,0,2,1,0.001275079448,0.001275079447,0.5617552508
4521,0.546875,0.6875,230.3935356,481.9248071,6,3081,2841,0,0,0,0,0,0,18129.21273,268.8042456,6613.606224,9.604384497e-05,0,0,2,1,5.515959323e-05,5.51595927e-05,0.02430138097
4522,0.53125,0.671875,156.3395865,156.3395865,6,3081,3036,0,0,0,0,0,0,1e+300,0,1e+300,0,0,0,0,0,0,0,0
4523,0.5390625,0.6796875,193.3665611,193.3665611,7,3485,3081,0,0,0,0,0,0,1e+300,0,1e+300,0,0,0,0,0,0,0,0
4524,0.546875,0.6640625,148.5125332,148.5125332,7,3490,3485,0,0,0,0,0,0,1e+300,0,1e+300,0,0,0,0,0,0,0,0
4525,0.6328125,0.6171875,27.09145976,71.5889744,7,2704,3436,0,0,0,0,0,0,491.157454,-126.2196857,482.0433253,3.849535641e-05,0,0,26,12,0.002036006971,0.002036006966,3.079425379
4526,0.6484375,0.6171875,136.5242451,194.8578863,7,3436,2998,0,0,0,0,0,0,24.08380891,-65.85562134,24.06150114,3.849535641e-05,0,0,25,16,0.04152167142,0.04152167141,1.213151946
4527,0.6484375,0.6015625,81.27437928,40.49310372,7,3436,2992,0,0,0,0,0,0,23.80424833,-155.3016755,23.7824552,3.849535641e-05,0,0,30,20,0.04200930801,0.04200930801,0.6777966049
4528,0.6328125,0.6015625,104.1130886,330.3075446,7,3436,3006,0,0,0,0,0,0,56.00815971,155.2819881,55.88766289,3.849535641e-05,0,0,30,16,0.01785454129,0.01785454128,0.3078787989
4529,0.6484375,0.625,164.1491781,61.80144988,7,2998,3895,0,0,0,0,0,0,623.2005167,-206.1092625,608.6000042,3.849535641e-05,0,0,12,7,0.001604619979,0.001604619977,2.669934894
4530,0.640625,0.6171875,81.80785245,133.5684367,7,3895,3436,0,0,0,0,0,0,261.5778485,-70.43048764,258.9701403,3.849535641e-05,0,0,25,14,0.003822953685,0.003822953681,4.241670636
4531,0.6328125,0.625,54.71639269,63.83612311,7,3895,2704,0,0,0,0,0,0,403.2993698,-141.1697417,397.1338067,3.849535641e-05,0,0,20,10,0.002479547639,0.002479547635,2.872449012
4532,0.625,0.671875,298.9537001,127.8696792,6,2870,3233,0,0,0,0,0,0,171.3073442,-67.02964882,168.5344443,9.604384497e-05,0,0,25,12,0.005837461345,0.005837461343,0.1355487934
4533,0.640625,0.65625,205.0020895,205.0020895,6,3233,2972,1,0,0,0,0,1,43.21761983,0,0,0,0,0,489,249,0.02313871065,0.02313871061,3.497537954
4534,0.625,0.640625,197.5162239,197.5162239,6,3233,2704,1,0,0,0,0,1,31.03151404,0,0,0,0,0,308,137,0.03222530485,0.03222530484,0.4891650456
4535,0.609375,0.65625,200.9669544,200.9669544,6,3233,3035,1,0,0,0,0,1,16.71243851,0,0,0,0,0,746,354,0.05983567264,0.05983567258,2.124676198
4536,0.6328125,0.6328125,68.01157478,102.1506033,7,2704,3409,0,0,0,0,0,0,606.1559723,-100.4107538,592.3343303,3.849535641e-05,0,0,22,12,0.001649740406,0.001649740404,2.143325876
4537,0.6328125,0.6484375,167.6628082,203.6515482,7,3409,3233,0,0,0,0,0,0,13.22171944,2.395615272,13.21499334,3.849535641e-05,0,0,355,172,0.07563312809,0.07563312804,1.591570383
4538,0.6484375,0.6484375,210.0557059,210.0557059,7,3409,2972,1,0,0,0,0,1,17.97050223,0,0,0,0,0,417,220,0.0556467475,0.05564674745,2.647369911
4539,0.6484375,0.6328125,252.1850818,252.1850818,7,3409,2998,1,1,1,0,0,1,45916.11679,-33.7442397,13440.6876,5.778099445e-05,0,43.8341291,2,2,2.17788452e-05,2.17788452e-05,0.2875092831
4540,0.640625,0.6328125,122.7279675,111.9614642,7,3895,3409,0,0,0,0,0,0,349.0004193,-96.79015723,344.3737933,3.849535641e-05,0,0,10,3,0.002865326071,0.002865326067,1.872997826
4541,0.9453125,0.8046875,581.3771664,309.5696043,7,2901,3540,0,0,0,0,0,0,7.855452987,-71.76271657,7.853078228,3.849535641e-05,0,0,231,107,0.1273001063,0.1273001062,18.36038585
4542,0.9609375,0.8046875,312.4672084,-11.57471935,7,3540,3139,0,0,0,0,0,0,733.2439443,-369.7457655,713.1152072,3.849535641e-05,0,0,9,5,0.001363802603,0.001363802603,1.202975926
4543,0.9609375,0.7890625,271.0832467,429.5490362,7,3540,3137,0,0,0,0,0,0,16.20962245,68.22802739,16.19951403,3.849535641e-05,0,0,252,132,0.0616917515,0.06169175149,5.583940538
4544,0.9453125,0.7890625,332.5160422,55.2104501,7,3540,3165,0,0,0,0,0,0,3.06171319,-307.6739977,3.061352374,3.849535641e-05,0,0,468,228,0.3266145252,0.3266145251,34.30081943
4545,0.9609375,0.8125,333.1591893,118.4465557,7,3139,3549,0,0,0,0,0,0,276.6040533,-270.3801681,273.6898119,3.849535641e-05,0,0,8,1,0.003615276017,0.003615276012,0.9059283771
4546,0.953125,0.8046875,446.9221874,264.8588922,7,3549,3540,0,0,0,0,0,0,294.5429125,-137.1234503,291.2406701,3.849535641e-05,0,0,7,3,0.00339509103,0.003395091028,1.097341085
4547,0.9453125,0.8125,602.0691473,179.1094182,7,3549,2901,0,0,0,0,0,0,265.7074726,-232.8785803,263.0172002,3.849535641e-05,0,0,7,3,0.00376353736,0.003763537358,1.523158987
4548,0.953125,0.8203125,535.7278978,-120.8189837,7,3549,3550,0,0,0,0,0,0,5690.28411,-538.1945057,4667.803924,3.849535641e-05,0,0,8,1,0.0001757381496,0.0001757381486,0.1850199391
4549,0.859375,0.5625,160.8903638,115.2854122,6,2916,3263,0,0,0,0,0,0,740.4604632,-59.85782013,691.2976746,9.604384497e-05,0,0,8,4,0.001350510999,0.001350510998,1.574659285
4550,0.84375,0.546875,97.48775346,186.7137063,6,3263,3201,0,0,0,0,0,0,808.9212569,21.80698948,750.6052992,9.604384497e-05,0,0,7,4,0.001236214269,0.001236214267,1.576717782
4551,0.828125,0.5625,212.0098582,60.63053614,6,3263,2896,0,0,0,0,0,0,165.9831582,-136.9691527,163.3786315,9.604384497e-05,0,0,19,12,0.00602470763,0.006024707628,3.658121942
4552,0.84375,0.578125,197.6241147,129.9137783,6,3263,3200,0,0,0,0,0,0,118.5077568,-75.10062646,117.1740883,9.604384497e-05,0,0,20,13,0.008438266209,0.008438266205,5.336351543
4553,0.8203125,0.5546875,180.308553,36.62605217,7,2896,3897,0,0,0,0,0,0,2304.399179,-163.4589109,2116.635283,3.849535641e-05,0,0,5,1,0.0004339525934,0.0004339525913,0.2438677067
4554,0.8359375,0.5546875,154.7488058,106.518443,7,3897,3263,0,0,0,0,0,0,2550.517208,-82.33829179,2322.48819,3.849535641e-05,0,0,2,1,0.0003920773391,0.0003920773387,0.7701927623
4555,0.8359375,0.5390625,65.78644831,308.6900201,7,3897,3201,0,0,0,0,0,0,7654.892739,141.2980291,5912.585042,3.849535641e-05,0,0,1,1,0.0001306354033,0.0001306354033,0.2566188657
4556,0.796875,0.546875,219.8106288,155.4831021,6,2896,3202,0,0,0,0,0,0,2.381416495,-41.31774858,2.380871941,9.604384497e-05,0,0,44,24,0.4199181463,0.4199181463,1.992267242
4557,0.796875,0.515625,152.0862938,152.0862938,6,3202,2915,1,0,0,0,0,1,1962.349054,0,0,0,0,0,19,11,0.0005095933356,0.0005095933351,2.308677933
4558,0.765625,0.515625,184.2926756,83.84100309,6,3202,2669,0,0,0,0,0,0,1.041847105,-88.90571475,1.041742865,9.604384497e-05,0,0,1144,544,0.9598337372,0.9598337369,16.49917496
4559,0.765625,0.546875,217.3035795,177.8344868,6,3202,2890,0,0,0,0,0,0,0.8658447752,-3.233589619,0.8657727783,9.604384497e-05,0,0,828,397,1.154941427,1.154941427,13.36233341
4560,0.8125,0.515625,266.463512,266.463512,6,2915,3860,1,1,1,0,0,1,3694.311851,124.7201877,2726.799854,9.604384497e-05,0,112.0670965,10,10,0.0002706864067,0.0002706864067,1.452921624
4561,0.796875,0.53125,153.6700881,263.0200883,6,3860,3202,0,0,0,0,0,0,3828.050076,88.57925681,2798.976546,9.604384497e-05,0,0,7,1,0.0002612296026,0.0002612296005,0.2333955774
4562,0.8125,0.546875,171.4290647,91.18040192,6,3860,2896,0,0,0,0,0,0,738.6862369,-95.287496,689.7509801,9.604384497e-05,0,0,11,2,0.001353754747,0.001353754741,1.005379736
4563,0.828125,0.53125,56.90696001,153.3007303,6,3860,3201,0,0,0,0,0,0,10009.69144,-0.474195588,5103.420186,9.604384497e-05,0,0,4,3,9.990317947e-05,9.990317942e-05,0.2791840609
4564,0.8203125,0.5390625,114.1680124,69.48607941,7,3897,3860,0,0,0,0,0,0,796.6775645,-108.2388644,772.9717674,3.849535641e-05,0,0,4,1,0.001255212955,0.001255212953,0.7053901934
4565,0.4765625,0.4609375,85.64312381,85.64312381,7,3098,3793,0,0,0,0,0,0,1e+300,84.57019507,1240.577186,0,0,0,0,0,0,0,0
4566,0.4921875,0.4609375,123.799435,123.799435,7,3793,3102,1,0,0,0,0,1,2437.400816,0,0,0,0,0,16,7,0.0004102731047,0.0004102731032,1.001003808
4567,0.4921875,0.4453125,113.7434512,113.7434512,7,3793,2834,1,0,0,0,0,1,29.09794379,0,0,0,0,0,439,233,0.03436668952,0.03436668948,17.06078022
4568,0.453125,0.421875,133.3975438,92.56163394,6,2784,3099,0,0,0,0,0,0,8.258890637,-30.67580696,8.252344748,9.604384497e-05,0,0,18,5,0.1210816372,0.1210816372,0.8633684204
4569,0.484375,0.421875,112.5578109,112.5578109,6,3099,2834,1,0,0,0,0,1,5.128783867,0,0,0,0,0,334,169,0.1949779959,0.1949779959,1.029420361
4570,0.484375,0.390625,116.4507864,78.02380477,6,3099,2698,0,0,0,0,0,0,82.22537573,-42.46196078,81.58111002,9.604384497e-05,0,0,50,27,0.01216169572,0.01216169571,8.418098275
4571,0.453125,0.390625,155.1916106,169.9470783,6,3099,2833,0,0,0,0,0,0,20.354583,61.46316866,20.3148688,9.604384497e-05,0,0,34,21,0.04912898486,0.04912898486,0.3943447003
4572,0.484375,0.4375,108.5944002,108.5944002,6,2834,3101,1,0,0,0,0,1,92.66424948,0,0,0,0,0,231,125,0.0107916484,0.01079164839,3.460453257
4573,0.46875,0.421875,130.371341,71.38700663,6,3101,3099,0,0,0,0,0,0,981.6563017,-46.51056269,897.0779568,9.604384497e-05,0,0,25,9,0.001018686477,0.001018686473,1.449703738
4574,0.453125,0.4375,138.8447198,134.7033917,6,3101,2784,0,0,0,0,0,0,791.8206945,15.42998471,735.8589837,9.604384497e-05,0,0,15,4,0.001262912181,0.001262912177,1.866551718
4575,0.46875,0.453125,103.3769891,136.1129901,6,3101,3098,0,0,0,0,0,0,12307592.87,6.54143584,10403.11059,9.604384497e-05,0,0,3,1,8.125065642e-08,8.125063653e-08,0.0001915133585
4576,0.4765625,0.4453125,118.0846517,89.38501886,7,3793,3101,0,0,0,0,0,0,1765.419114,-29.69759019,1653.075387,3.849535641e-05,0,0,18,7,0.0005664377325,0.0005664377298,1.330558827
4577,0.5,0.4453125,166.1704332,71.46860459,7,2834,3794,0,0,0,0,0,0,14.51583426,-50.52050177,14.50772746,3.849535641e-05,0,0,435,217,0.06889028781,0.06889028777,17.51776919
4578,0.4921875,0.453125,178.9387765,178.9387765,7,3794,3793,1,1,1,0,0,1,5293.495817,43.75861079,4337.695698,4.150078595e-05,0,37.9025291,3,3,0.0001889110778,0.0001889110778,0.3580347922
4579,0.5,0.4609375,238.9790768,88.4193761,7,3794,3102,0,0,0,0,0,0,75.015241,-43.62587732,74.79924036,3.849535641e-05,0,0,20,7,0.01333062437,0.01333062437,1.281842981
4580,0.515625,0.4375,132.9570896,55.42161391,6,2834,3103,0,0,0,0,0,0,1.620702278,-55.58423625,1.620450041,9.604384497e-05,0,0,796,411,0.617016471,0.617016471,1.591695328
4581,0.53125,0.453125,134.3960311,134.3960311,6,3103,3015,1,0,0,0,0,1,58.66273972,0,0,0,0,0,520,274,0.01704659559,0.01704659558,2.274476517
4582,0.546875,0.4375,139.339046,93.18842877,6,3103,2835,0,0,0,0,0,0,0.7823808453,-33.32153724,0.7823220594,9.604384497e-05,0,0,1171,575,1.278149901,1.278149901,3.921789052
4583,0.546875,0.421875,133.8918701,67.0665834,6,2835,3018,0,0,0,0,0,0,2.03028017,-63.40741651,2.029884351,9.604384497e-05,0,0,60,31,0.4925428593,0.4925428593,1.223526843
4584,0.546875,0.390625,107.9738147,154.6672801,6,3018,2839,0,0,0,0,0,0,140.6999785,51.59149211,138.8239989,9.604384497e-05,0,0,39,20,0.007107321627,0.007107321622,0.8767846786
4585,0.515625,0.390625,116.6155618,79.67386239,6,3018,2698,0,0,0,0,0,0,38.45449991,-43.2240895,38.31299782,9.604384497e-05,0,0,35,15,0.02600475893,0.02600475892,2.655987251
4586,0.515625,0.421875,127.5099137,60.5809814,6,3018,2834,0,0,0,0,0,0,2.633956488,-54.38890267,2.63329033,9.604384497e-05,0,0,442,229,0.3796569931,0.3796569931,1.509045612
4587,0.53125,0.421875,130.7008919,80.05929879,6,3103,3018,0,0,0,0,0,0,0.8808974478,-42.6626432,0.880822926,9.604384497e-05,0,0,169,88,1.135205923,1.135205923,2.937248634
4588,0.5234375,0.4609375,52.30445267,52.30445267,7,3015,3800,1,1,1,0,0,1,357.8600178,-78.88077328,351.3274729,5.778099445e-05,0,58.65929891,3,3,0.002794388729,0.002794388729,0.4126255287
4589,0.5234375,0.4453125,118.3318148,71.21117706,7,3800,3103,0,0,0,0,0,0,1.895597231,-51.48971149,1.895458916,3.849535641e-05,0,0,825,425,0.5275382258,0.5275382257,37.90824034
4590,0.5078125,0.4453125,115.1408366,160.3385696,7,3800,2834,0,0,0,0,0,0,2.162684772,45.38973896,2.162504736,3.849535641e-05,0,0,856,434,0.4623882375,0.4623882373,27.16002194
4591,0.5078125,0.4609375,187.9494802,54.25869214,7,3800,3102,0,0,0,0,0,0,273.2032557,-70.74628555,270.3598656,3.849535641e-05,0,0,11,4,0.00366027849,0.003660278489,0.3052263493
4592,0.5078125,0.453125,151.5451584,145.4264126,7,3794,3800,0,0,0,0,0,0,13.47268399,11.7422678,13.4657002,3.849535641e-05,0,0,196,93,0.07422426005,0.07422426001,17.68661376
4593,0.8359375,0.8515625,313.87781,102.7604266,7,2962,3650,0,0,0,0,0,0,36.98353076,-233.2977852,36.93095238,3.849535641e-05,0,0,105,49,0.02703906251,0.0270390625,6.542962375
4594,0.8203125,0.8515625,248.4816572,669.0185737,7,3650,3192,0,0,0,0,0,0,293.0795618,317.2055125,289.8098682,3.849535641e-05,0,0,65,33,0.003412042771,0.003412042764,0.6378844598
4595,0.8203125,0.8671875,317.5940297,-338.5836543,7,3650,2903,0,0,0,0,0,0,176.8255478,-674.8551419,175.6300407,3.849535641e-05,0,0,95,46,0.005655291402,0.005655291395,1.237231459
4596,0.8359375,0.8671875,464.7445464,86.3850363,7,3650,3191,0,0,0,0,0,0,27.36182145,-279.3652514,27.33303149,3.849535641e-05,0,0,134,61,0.03654727452,0.03654727449,9.713334594
4597,0.8203125,0.84375,213.9254709,899.5905541,7,3192,3834,0,0,0,0,0,0,13587.66606,525.8215478,8921.282018,3.849535641e-05,0,0,1,1,7.359615667e-05,7.359615667e-05,0.08186488864
4598,0.828125,0.8515625,281.1797336,103.9038702,7,3834,3650,0,0,0,0,0,0,3424.186587,-254.2169245,3025.393488,3.849535641e-05,0,0,1,1,0.0002920401604,0.0002920401604,0.6146370745
4599,0.8359375,0.84375,279.3216237,26.63039419,7,3834,2962,0,0,0,0,0,0,8425.489224,-331.3837626,6362.018183,3.849535641e-05,0,0,1,1,0.0001186874701,0.0001186874701,0.2497934506
4600,0.8203125,0.8203125,546.0344751,-79.88153982,7,2898,3649,0,0,0,0,0,0,15.75572687,-386.1020374,15.74617647,3.849535641e-05,0,0,11,5,0.06346898547,0.06346898547,0.4330786143
4601,0.8203125,0.8359375,324.6284723,-158.8472087,7,3649,3192,0,0,0,0,0,0,235.678122,-500.6432732,233.5591535,3.849535641e-05,0,0,9,4,0.004243075222,0.004243075221,0.02250359974
4602,0.8359375,0.8359375,390.0246251,109.2902388,7,3649,2962,0,0,0,0,0,0,363.0927771,-216.7509763,358.0876479,3.849535641e-05,0,0,10,3,0.002754117028,0.002754117025,1.204714247
4603,0.8359375,0.8203125,201.5551563,-399.5549956,7,3649,3179,0,0,0,0,0,0,63.51898876,-693.9664874,63.36405186,3.849535641e-05,0,0,11,4,0.01574332368,0.01574332368,0.08102019182
4604,0.828125,0.8359375,357.3265487,-123.2469132,7,3834,3649,0,0,0,0,0,0,7054.833236,-471.3507112,5548.09179,3.849535641e-05,0,0,1,1,0.0001417467949,0.0001417467949,0.1576724398
4605,0.0078125,0.53125,-745.4900534,-745.4900534,7,3272,3564,1,1,1,0,0,1,5646.234518,-49.62102523,4638.120829,3.849535641e-05,0,198.3786769,91,91,0.0001771091861,0.0001771091861,12.41806269
4606,0.015625,0.5390625,-741.8190394,-831.7375491,7,3564,3562,0,0,0,0,0,0,251670.4888,-57.69199632,23546.69448,3.849535641e-05,0,0,49,20,3.973449588e-06,3.973443977e-06,1.863022768
4607,0.0234375,0.53125,-687.6049986,-687.6049986,7,3564,3268,1,0,0,0,0,1,50900.19345,0,0,0,0,0,13,8,1.964629076e-05,1.964629023e-05,0.3544649013
4608,0.0234375,0.5234375,-443.3495453,-443.3495453,7,3268,3561,1,0,0,0,0,1,137.8798291,0,0,0,0,0,34,18,0.007252692482,0.007252692481,0.5271539174
4609,0.0234375,0.5078125,-624.809501,-624.809501,7,3561,3555,1,1,1,0,0,1,38912.26249,-84.28815353,10478.08923,5.778099445e-05,0,123.2674906,11,11,2.56988398e-05,2.56988398e-05,0.1331325957
4610,0.0078125,0.5078125,-707.9473318,-707.9473318,7,3561,2652,1,1,1,0,0,1,9742.377917,-221.2798994,8893.853703,3.849535641e-05,0,108.7000028,34,34,0.000102644345,0.000102644345,4.485805672
4611,0.0078125,0.5234375,-923.9950265,-923.9950265,7,3561,3272,1,1,1,0,0,1,279.6732722,162.1258404,9.187703708,3.432334741e-05,0,141.7885592,143,143,0.003575600886,0.003575600886,0.64642694
4612,0.015625,0.5234375,-724.5009623,-724.5009623,7,3564,3561,1,0,0,0,0,1,178.7528423,0,0,0,0,0,57,28,0.005594316638,0.005594316634,0.4584509663
4613,0.9765625,0.7890625,322.710938,13.19069018,7,3137,3541,0,0,0,0,0,0,47.21275774,-355.742605,47.12710555,3.849535641e-05,0,0,50,23,0.02118071572,0.02118071571,3.683416582
4614,0.9765625,0.8046875,364.0948997,47.95396833,7,3541,3139,0,0,0,0,0,0,1606.17579,-317.8293642,1512.648279,3.849535641e-05,0,0,2,1,0.0006225968577,0.0006225968573,0.7196816425
4615,0.9921875,0.8046875,736.2602403,74.80042476,7,3541,2934,0,0,0,0,0,0,1352.559386,-329.3687552,1285.620647,3.849535641e-05,0,0,6,2,0.0007393390712,0.00073933907,1.131578863
4616,0.9921875,0.7890625,619.8074636,839.731188,7,3541,3140,0,0,0,0,0,0,1252.419794,455.0754959,1194.814961,3.849535641e-05,0,0,12,7,0.0007984543239,0.0007984543221,0.5965380709
4617,0.96875,0.8046875,178.0122294,434.1815718,7,3139,3548,0,0,0,0,0,0,739.8317837,85.83262485,719.3447809,3.849535641e-05,0,0,5,4,0.00135165861,0.001351658609,0.7663948851
4618,0.9765625,0.796875,343.4029189,34.69621408,7,3548,3541,0,0,0,0,0,0,85.2180987,-334.4206379,84.93945472,3.849535641e-05,0,0,42,17,0.01173459647,0.01173459646,2.136345831
4619,0.96875,0.7890625,136.6282677,45.91324671,7,3548,3137,0,0,0,0,0,0,28.18237306,-305.5856629,28.1518314,3.849535641e-05,0,0,54,26,0.03548317233,0.03548317232,6.450369416
4620,0.9609375,0.796875,291.7752276,120.2307589,7,3548,3540,0,0,0,0,0,0,52.32347491,-241.2738066,52.21829625,3.849535641e-05,0,0,17,13,0.0191118805,0.0191118805,3.507560368
4621,0.6484375,0.4765625,163.7873953,17.46991182,7,3009,3347,0,0,0,0,0,0,36868.46903,-60.74807697,15239.534,3.849535641e-05,0,0,3,1,2.712344793e-05,2.712344719e-05,0.03475793101
4622,0.6328125,0.4765625,174.7089487,98.92913061,7,3347,3012,0,0,0,0,0,0,550.4840067,12.02039065,539.0607288,3.849535641e-05,0,0,8,3,0.001816583203,0.001816583199,1.863782779
4623,0.6328125,0.4921875,195.9956135,51.93811604,7,3347,2717,0,0,0,0,0,0,375.6611882,-30.35208272,370.3061133,3.849535641e-05,0,0,11,7,0.002661973159,0.002661973158,3.999092259
4624,0.671875,0.5,164.6922883,68.0097438,6,2863,3295,0,0,0,0,0,0,28.10599789,-98.55328913,28.03033259,9.604384497e-05,0,0,86,45,0.03557959421,0.03557959419,9.4579909
4625,0.65625,0.484375,164.0890263,220.9445544,6,3295,3009,0,0,0,0,0,0,8258.736235,59.14672264,4605.583666,9.604384497e-05,0,0,12,5,0.0001210839009,0.0001210839003,0.1788727947
4626,0.640625,0.5,196.2972446,79.52845015,6,3295,2717,0,0,0,0,0,0,55.06175656,-86.34159159,54.7721029,9.604384497e-05,0,0,55,33,0.01816142569,0.01816142568,8.1075236
4627,0.65625,0.515625,197.4552334,86.84880019,6,3295,2995,0,0,0,0,0,0,15.24063998,-85.33037431,15.2183638,9.604384497e-05,0,0,125,68,0.06561404255,0.06561404251,18.13250761
4628,0.6484375,0.4921875,180.1931354,20.98006981,7,3347,3295,0,0,0,0,0,0,4353.740782,-61.65662454,3728.7986,3.849535641e-05,0,0,6,5,0.0002296875377,0.0002296875368,0.4824914704
4629,0.9609375,0.7265625,335.5901122,342.2179159,7,3125,3567,0,0,0,0,0,0,18.10951699,14.655251,18.09690106,3.849535641e-05,0,0,112,59,0.0552195843,0.05521958427,15.25728332
4630,0.9453125,0.7265625,351.8159224,-97.15632995,7,3567,3163,0,0,0,0,0,0,24.64009202,-424.5563865,24.61674232,3.849535641e-05,0,0,193,98,0.04058426402,0.040584264,8.697666924
4631,0.9453125,0.7421875,402.1528245,155.207245,7,3567,2917,0,0,0,0,0,0,1351.486347,-173.7082732,1284.651153,3.849535641e-05,0,0,10,5,0.0007399260836,0.0007399260824,0.4231477283
4632,0.9609375,0.7421875,373.0902177,15.53668754,7,3567,3162,0,0,0,0,0,0,345.1092912,-315.5270651,340.5845892,3.849535641e-05,0,0,15,7,0.002897632794,0.002897632791,1.772340327
4633,0.9375,0.7421875,410.2657296,518.7179022,7,2917,3743,0,0,0,0,0,0,1810.217079,245.849427,1692.289937,3.849535641e-05,0,0,3,2,0.0005524199343,0.0005524199337,0.6949761499
4634,0.9453125,0.734375,376.9843735,119.5127176,7,3743,3567,0,0,0,0,0,0,5.803992482,-152.6793309,5.802696004,3.849535641e-05,0,0,90,45,0.1722951922,0.1722951921,11.90499418
4635,0.9375,0.7265625,359.9288276,-239.8696571,7,3743,3163,0,0,0,0,0,0,23.04220884,-511.2226706,23.0217881,3.849535641e-05,0,0,183,91,0.04339861716,0.04339861715,3.559661736
4636,0.921875,0.75,333.5900247,333.5900247,6,2917,3164,1,0,0,0,0,1,871.1102911,0,0,0,0,0,20,8,0.001147960264,0.001147960263,0.06268806836
4637,0.90625,0.734375,323.4437862,323.4437862,6,3164,3124,1,0,0,0,0,1,6072.458426,0,0,0,0,0,311,147,0.0001646779492,0.0001646779484,0.3498852318
4638,0.890625,0.75,341.5773417,341.5773417,6,3164,2725,1,0,0,0,0,1,36797.62489,0,0,0,0,0,7,6,2.717566699e-05,2.717566675e-05,0.00617975791
4639,0.90625,0.765625,227.0222107,365.2401573,6,3164,3138,0,0,0,0,0,0,214.5572192,13.75103554,210.2251309,9.604384497e-05,0,0,11,7,0.004660761375,0.004660761375,0.2615613222
4640,0.9140625,0.7265625,314.3770084,314.3770084,7,3124,3749,1,0,0,0,0,1,152.0904426,0,0,0,0,0,747,372,0.00657503511,0.006575035079,9.438924042
4641,0.9140625,0.7421875,328.5169054,328.5169054,7,3749,3164,1,0,0,0,0,1,8.359510693e+12,0,0,0,0,0,2,0,1.196242264e-13,0,0.1196242264
4642,0.9296875,0.7421875,392.5803136,262.9528562,7,3749,2917,0,0,0,0,0,0,362475.5826,-61.56646588,24239.97795,3.849535641e-05,0,0,3,1,2.758806518e-06,2.758806512e-06,0.1393223212
4643,0.9296875,0.7265625,342.2434115,-336.4249213,7,3749,3163,0,0,0,0,0,0,103.4028315,-659.4287817,102.9928654,3.849535641e-05,0,0,597,317,0.009670915059,0.009670915042,1.528876973
4644,0.9296875,0.734375,367.4118625,106.4729231,7,3743,3749,0,0,0,0,0,0,6.922778316,-161.3229292,6.920933923,3.849535641e-05,0,0,96,48,0.1444506749,0.1444506749,15.59228394
4645,0.8359375,0.8125,107.3204219,66.05647927,7,3179,3648,0,0,0,0,0,0,5.534020495,-245.0169064,5.532841811,3.849535641e-05,0,0,3,1,0.1807004511,0.1807004511,0.8196464935
4646,0.828125,0.8046875,345.7732822,326.0747966,7,3648,3626,0,0,0,0,0,0,6.731121837e+12,5.488156489e-07,25977.15905,3.849535641e-05,0,0,2,0,1.485636457e-13,0,0.1485636457
4647,0.8203125,0.8125,451.7997407,293.5327867,7,3648,2898,0,0,0,0,0,0,2636.563274,-29.34960488,2393.62159,3.849535641e-05,0,0,3,2,0.0003792816239,0.0003792816239,0.4455166062
4648,0.828125,0.8203125,373.7948157,-298.1407861,7,3648,3649,0,0,0,0,0,0,44.95020079,-630.9335364,44.87255449,3.849535641e-05,0,0,4,3,0.02224684167,0.02224684167,0.1049119942
4649,0.5859375,0.5625,197.25658,52.26785744,7,3005,3757,0,0,0,0,0,0,60.58666412,-97.60270165,60.44568633,3.849535641e-05,0,0,8,5,0.01650528238,0.01650528238,1.070369748
4650,0.578125,0.5546875,176.2401858,76.81048259,7,3757,3472,0,0,0,0,0,0,2282.160825,-79.6354285,2097.858512,3.849535641e-05,0,0,1,1,0.0004381812137,0.0004381812137,0.5739852249
4651,0.5703125,0.5625,189.1588289,102.1183135,7,3757,2840,0,0,0,0,0,0,29.31354907,-59.6585744,29.28050791,3.849535641e-05,0,0,7,6,0.03411391768,0.03411391768,1.744947859
4652,0.5703125,0.5703125,161.9712092,141.3838056,7,2840,3429,0,0,0,0,0,0,15.76123613,-46.25096177,15.75167905,3.849535641e-05,0,0,289,152,0.06344680022,0.06344680019,5.291107631
4653,0.5703125,0.5859375,208.1103139,67.04279517,7,3429,3055,0,0,0,0,0,0,7.917310663,-101.4007165,7.914898362,3.849535641e-05,0,0,518,264,0.1263055149,0.1263055149,9.374288883
4654,0.5859375,0.5859375,115.6937208,70.69890713,7,3429,3002,0,0,0,0,0,0,1.344136434,-120.130384,1.344066888,3.849535641e-05,0,0,766,405,0.743972096,0.7439720959,6.073915973
4655,0.5859375,0.5703125,170.0689603,108.9408447,7,3429,3005,0,0,0,0,0,0,2.039199094,-66.78759377,2.03903903,3.849535641e-05,0,0,539,293,0.4903886054,0.4903886053,9.2049093
4656,0.578125,0.5703125,166.0200847,86.25923991,7,3757,3429,0,0,0,0,0,0,22.30281036,-77.11490989,22.2836786,3.849535641e-05,0,0,14,10,0.0448373987,0.0448373987,2.545546059
4657,0.7109375,0.7265625,435.2966405,116.7237903,7,2974,3365,0,0,0,0,0,0,96.07541809,-111.8173654,95.72139658,3.849535641e-05,0,0,45,28,0.0104084897,0.0104084897,6.940864545
4658,0.6953125,0.7265625,334.5934049,148.484615,7,3365,2991,0,0,0,0,0,0,84.31470961,-57.82875447,84.04193262,3.849535641e-05,0,0,38,26,0.01186032668,0.01186032668,5.687327524
4659,0.6953125,0.7421875,817.4529174,817.4529174,7,3365,2869,0,0,0,0,0,0,1e+300,156.3506171,281.4862426,0,0,0,0,0,0,0,0
4660,0.7109375,0.7421875,575.7077039,49.68481135,7,3365,2990,0,0,0,0,0,0,430.917914,-145.3628902,423.8863437,3.849535641e-05,0,0,12,5,0.00232062759,0.002320627584,4.438057189
4661,0.6875,0.7421875,767.1012996,767.1012996,7,2869,3401,0,0,0,0,0,0,1e+300,0,1e+300,0,0,0,0,0,0,0,0
4662,0.6953125,0.734375,576.0231612,279.6670236,7,3401,3365,0,0,0,0,0,0,424.4407976,109.1279479,417.6173478,3.849535641e-05,0,0,5,3,0.002356041186,0.002356041184,1.233250074
4663,0.6875,0.7265625,284.2417871,-63.37874914,7,3401,2991,0,0,0,0,0,0,1386.051257,-247.1570357,1315.84246,3.849535641e-05,0,0,6,4,0.0007214740398,0.0007214740395,0.3970095124
4664,0.6796875,0.734375,562.9485753,71.03310184,7,3401,3407,0,0,0,0,0,0,1537.708679,-98.24884429,1451.771577,3.849535641e-05,0,0,1,1,0.0006503182391,0.0006503182391,0.782381904
4665,0.7421875,0.7578125,36.76504584,332.65463,7,2658,3357,0,0,0,0,0,0,868.1747994,22.89745736,840.0981332,3.849535641e-05,0,0,2,2,0.001151841773,0.001151841773,0.6415387103
4666,0.7265625,0.7578125,299.2853603,75.51033985,7,3357,2990,0,0,0,0,0,0,148.3205586,-198.6437653,147.4785076,3.849535641e-05,0,0,4,2,0.006742153679,0.006742153678,0.7868568907
4667,0.7265625,0.7734375,110.2951375,158.3475244,7,3357,2967,0,0,0,0,0,0,101.2242406,-158.3580408,100.8313349,3.849535641e-05,0,0,6,3,0.009879056576,0.009879056576,1.251367297
4668,0.7421875,0.7734375,59.72903317,336.6783662,7,3357,2966,0,0,0,0,0,0,441.1830616,7.320873635,433.8153588,3.849535641e-05,0,0,4,3,0.002266632804,0.002266632804,1.155047946
4669,0.109375,0.5625,-167.9441666,-167.9441666,6,2764,3725,1,0,0,0,0,1,113.9341962,0,0,0,0,0,70,41,0.008776996135,0.008776996131,4.042254632
4670,0.09375,0.546875,-201.4825281,-201.4825281,6,3725,3267,1,0,0,0,0,1,151.1387504,0,0,0,0,0,52,26,0.006616436867,0.006616436863,3.882889768
4671,0.078125,0.5625,-258.1498174,-258.1498174,6,3725,2744,1,0,0,0,0,1,1007.566469,0,0,0,0,0,18,8,0.0009924903529,0.0009924903504,1.153480098
4672,0.109375,0.609375,-130.3805846,-137.1812975,6,2680,3266,0,0,0,0,0,0,26.61341122,10.71446234,26.54555933,9.604384497e-05,0,0,415,210,0.03757504033,0.03757504029,29.99039252
4673,0.109375,0.578125,-161.2572676,-161.2572676,6,3266,2764,1,0,0,0,0,1,3.646745627,0,0,0,0,0,443,220,0.2742170972,0.2742170971,0.9093056088
4674,0.078125,0.578125,-251.4629185,-251.4629185,6,3266,2744,1,0,0,0,0,1,11.23708147,0,0,0,0,0,116,58,0.08899107859,0.08899107859,0.6142968623
4675,0.078125,0.609375,-202.9834326,-202.9834326,6,3266,2747,1,0,0,0,0,1,43.61717697,0,0,0,0,0,333,157,0.02292674743,0.0229267474,1.358215535
4676,0.09375,0.578125,-206.360093,-206.360093,6,3725,3266,1,0,0,0,0,1,26.854552,0,0,0,0,0,195,95,0.0372376348,0.03723763478,2.137976285
4677,0.1015625,0.5390625,-153.2534776,-257.5088713,7,3267,3910,0,0,0,0,0,0,39.48346983,-54.60929608,39.42354879,3.849535641e-05,0,0,127,66,0.02532705469,0.02532705467,12.67750498
4678,0.1015625,0.5546875,-146.0805655,-146.0805655,7,3910,3725,1,1,1,0,0,1,1091.578488,76.56083702,1028.049873,5.778099445e-05,0,71.87489643,3,3,0.0009161045323,0.0009161045323,0.8057674978
4679,0.1171875,0.5546875,-191.4175065,-231.0454924,7,3910,2764,0,0,0,0,0,0,70.60600827,-61.68517885,70.41462109,3.849535641e-05,0,0,99,48,0.01416310063,0.01416310061,2.93859122
4680,0.1171875,0.5390625,-224.3541958,-176.075819,7,3910,3724,0,0,0,0,0,0,30.56110722,-0.03127109841,30.52519553,3.849535641e-05,0,0,177,88,0.03272132756,0.03272132752,14.57425057
4681,0.9609375,0.875,442.606318,442.606318,7,3158,3773,0,0,0,0,0,0,1e+300,0,1e+300,0,0,0,0,0,0,0,0
4682,0.953125,0.8671875,447.0230653,447.0230653,7,3773,3551,1,0,0,0,0,1,74914.30117,0,0,0,0,0,50,26,1.334858611e-05,1.334858594e-05,0.06746117118
4683,0.9453125,0.875,757.9747366,757.9747366,7,3773,2933,0,0,0,0,0,0,1e+300,355.5221438,14.34769662,0,0,0,0,0,0,0,0
4684,0.9609375,0.8984375,542.0271502,-15.13053191,7,3131,3732,0,0,0,0,0,0,5.84237909,-471.4149266,5.841065408,3.849535641e-05,0,0,11,7,0.1711631485,0.1711631485,1.217033023
4685,0.9609375,0.8828125,475.7465954,-1193.54535,7,3732,3158,0,0,0,0,0,0,135.1591504,-1605.874421,134.4595574,3.849535641e-05,0,0,2,2,0.007398685156,0.007398685156,0.03770286279
4686,0.9453125,0.8828125,791.115014,24.57113129,7,3732,2933,0,0,0,0,0,0,14.85452536,-432.7529288,14.84603595,3.849535641e-05,0,0,4,2,0.06731955249,0.06731955249,1.029491178
4687,0.9453125,0.8984375,392.6168599,538.603665,7,3732,3161,0,0,0,0,0,0,25.50193258,96.7174192,25.47692173,3.849535641e-05,0,0,13,7,0.03921271445,0.03921271444,0.4307219925
4688,0.953125,0.8828125,633.4308047,633.4308047,7,3773,3732,0,0,0,0,0,0,1e+300,0,1e+300,0,0,0,0,0,0,0,0
4689,0.8515625,0.8515625,234.0147751,69.28208006,7,2962,3651,0,0,0,0,0,0,11.38400828,-277.1615222,11.37902163,3.849535641e-05,0,0,214,99,0.08784252223,0.0878425222,12.77249843
4690,0.8515625,0.8671875,384.8815115,15.6206254,7,3651,3191,0,0,0,0,0,0,11.12969653,-360.5150528,11.12493015,3.849535641e-05,0,0,215,100,0.08984970947,0.08984970945,14.43846777
4691,0.8671875,0.8671875,78.00492502,18.5365019,7,3651,2706,0,0,0,0,0,0,229.188171,-347.7278179,227.1838009,3.849535641e-05,0,0,73,37,0.004363226932,0.004363226929,1.670387914
4692,0.8671875,0.8515625,342.1820098,-6.031015491,7,3651,3180,0,0,0,0,0,0,2768.709173,-375.3025751,2502.03605,3.849535641e-05,0,0,8,5,0.0003611791408,0.0003611791391,0.7583660658
4693,0.6171875,0.6328125,133.4228077,133.4228077,7,2704,3461,1,1,1,0,0,1,2219.120185,-57.60580672,1993.004962,5.778099445e-05,0,49.58214814,8,8,0.0004506290406,0.0004506290406,1.6054858
4694,0.6015625,0.6328125,163.1379586,206.9115646,7,3461,3054,0,0,0,0,0,0,4.80798407,20.96594498,4.807094348,3.849535641e-05,0,0,155,74,0.207987378,0.207987378,0.9138124219
4695,0.6015625,0.6484375,83.6571254,147.6174845,7,3461,3035,0,0,0,0,0,0,2.599103953,-56.38931402,2.598843929,3.849535641e-05,0,0,549,271,0.3847479817,0.3847479816,2.105583608
4696,0.6171875,0.6484375,199.2415891,199.2415891,7,3461,3233,1,0,0,0,0,1,19.76673104,0,0,0,0,0,486,207,0.05059005446,0.0505900544,2.23775404
4697,0.6015625,0.625,202.8783751,41.80343234,7,3054,3467,0,0,0,0,0,0,3614.407259,-113.5603354,3172.932155,3.849535641e-05,0,0,6,2,0.0002766705378,0.0002766705364,0.4531599279
4698,0.609375,0.6328125,95.51183351,239.8367996,7,3467,3461,0,0,0,0,0,0,7511.660078,68.14225231,5826.768271,3.849535641e-05,0,0,5,1,0.0001331263648,0.0001331263636,0.7030150635
4699,0.6171875,0.625,67.62612505,265.3447609,7,3467,2704,0,0,0,0,0,0,1956.801409,95.38061295,1819.725546,3.849535641e-05,0,0,6,4,0.0005110380622,0.0005110380608,0.538140159
4700,0.6015625,0.6015625,69.4162325,320.9735664,7,3002,3431,0,0,0,0,0,0,26.79718851,126.9497515,26.76957389,3.849535641e-05,0,0,10,6,0.03731734766,0.03731734766,0.482206975
4701,0.6015625,0.6171875,158.3909943,88.57546981,7,3431,3054,0,0,0,0,0,0,612.3860702,-94.04248857,598.2821547,3.849535641e-05,0,0,7,4,0.001632956804,0.001632956803,1.385684657
4702,0.6171875,0.6171875,23.13874417,96.77019006,7,3431,2704,0,0,0,0,0,0,243.6711519,-100.4481485,241.4067068,3.849535641e-05,0,0,22,14,0.004103891628,0.004103891624,4.206563528
4703,0.6171875,0.6015625,100.160373,84.43893305,7,3431,3006,0,0,0,0,0,0,8.645971971,-89.99630201,8.643095291,3.849535641e-05,0,0,24,15,0.115660796,0.115660796,1.2653411
4704,0.609375,0.6171875,90.76486922,59.9343618,7,3467,3431,0,0,0,0,0,0,1313.937563,-108.4325243,1250.677668,3.849535641e-05,0,0,9,5,0.000761071171,0.0007610711695,0.8207126491
4705,0.484375,0.515625,50.43398438,78.87542816,6,2651,3091,0,0,0,0,0,0,24.7464131,-73.66182361,24.68773675,9.604384497e-05,0,0,85,47,0.04040989682,0.04040989681,2.725834223
4706,0.453125,0.515625,206.1669696,131.6625768,6,3091,2815,0,0,0,0,0,0,494.6055147,21.95063999,472.1753825,9.604384497e-05,0,0,8,4,0.002021813284,0.002021813283,0.1790272169
4707,0.453125,0.546875,151.3019531,151.3019531,6,3091,2793,0,0,0,0,0,0,1e+300,-54.47580602,1753.364384,0,0,0,0,0,0,0,0
4708,0.484375,0.546875,165.2423197,185.0924753,6,3091,2846,0,0,0,0,0,0,38.75689283,81.80544653,38.6131607,9.604384497e-05,0,0,68,36,0.02580186199,0.02580186198,2.48657865
4709,0.484375,0.5625,222.6464874,59.96822137,6,2846,3095,0,0,0,0,0,0,166.4726386,-62.1057312,163.8528491,9.604384497e-05,0,0,9,7,0.00600699315,0.00600699315,1.92141261
4710,0.46875,0.546875,158.2721364,147.9001609,6,3095,3091,0,0,0,0,0,0,3716.866477,-10.1553987,2739.068074,9.604384497e-05,0,0,3,2,0.000269043832,0.0002690438314,0.5268042854
4711,0.453125,0.5625,208.7061208,261.734037,6,3095,2793,0,0,0,0,0,0,27765.08695,116.9470934,7572.298423,9.604384497e-05,0,0,4,1,3.601645484e-05,3.601645372e-05,0.03034216454
4712,0.46875,0.578125,191.7271559,118.6469992,6,3095,3094,0,0,0,0,0,0,128.3564172,-53.63208662,126.7933288,9.604384497e-05,0,0,10,6,0.007790806428,0.007790806426,2.428750942
4713,0.125,0.71875,-121.6492509,-77.50101795,5,2684,2770,0,0,0,0,0,0,12.57411529,11.91232133,12.51150535,0.0003979754421,0,0,221,107,0.079528458,0.07952845799,0.6713724712
4714,0.15625,0.6875,-57.61924836,-57.61924836,5,2770,2742,1,0,0,0,0,1,2.521356378e+12,0,0,0,0,0,2,0,3.966119224e-13,0,0.3966119224
4715,0.125,0.65625,-93.89377688,-93.89377688,5,2770,2680,1,0,0,0,0,1,15.01413164,0,0,0,0,0,357,170,0.06660391849,0.06660391847,0.5279278292
4716,0.09375,0.6875,-133.6299054,-133.6299054,5,2770,2745,1,0,0,0,0,1,9.892698951,0,0,0,0,0,1031,514,0.1010846489,0.1010846488,8.087658028
4717,0.171875,0.703125,-63.5193064,-34.41624152,6,2742,2946,0,0,0,0,0,0,1.193014851e+12,-2.78548562e-07,10411.91126,9.604384497e-05,0,0,1,0,8.38212533e-13,0,0.838212533
4718,0.140625,0.703125,-97.50632638,-2.196978069,6,2946,2770,0,0,0,0,0,0,11031.22868,70.08918622,5356.313253,9.604384497e-05,0,0,3,1,9.065173327e-05,9.065173287e-05,0.05046367933
4719,0.140625,0.734375,-111.8051554,-88.39818072,6,2946,2684,0,0,0,0,0,0,599.2407371,-18.34510594,566.6293029,9.604384497e-05,0,0,2,1,0.001668778403,0.001668778402,0.9289695277
4720,0.21875,0.78125,0,0,5,2657,2749,0,0,0,0,0,0,1e+300,0,1e+300,0,0,0,0,0,0,0,0
4721,0.15625,0.78125,-67.97403997,-67.97403997,5,2749,2684,0,0,0,0,0,0,1e+300,0,1e+300,0,0,0,0,0,0,0,0
4722,0.15625,0.84375,0,0,5,2749,2681,0,0,0,0,0,0,1e+300,0,1e+300,0,0,0,0,0,0,0,0
4723,0.21875,0.84375,75.76943666,75.76943666,5,2749,2694,0,0,0,0,0,0,1e+300,0,1e+300,0,0,0,0,0,0,0,0
4724,0.15625,0.75,-101.96106,-101.96106,5,2684,2769,0,0,0,0,0,0,1e+300,6.586053871e-07,121323.2515,0,0,0,0,0,0,0,0
4725,0.1875,0.78125,-33.98701998,-33.98701998,5,2769,2749,0,0,0,0,0,0,1e+300,0,1e+300,0,0,0,0,0,0,0,0
4726,0.21875,0.75,-33.98701998,-33.98701998,5,2769,2657,0,0,0,0,0,0,1e+300,0,1e+300,0,0,0,0,0,0,0,0
4727,0.1875,0.71875,-53.67521093,-13.67349324,5,2769,2742,0,0,0,0,0,0,2.707027203e+12,-5.395771652e-08,2512.717854,0.0003979754421,0,0,1,0,3.694089216e-13,0,0.3694089216
4728,0.171875,0.734375,-77.81813544,-32.18315201,6,2946,2769,0,0,0,0,0,0,1.013953097e+12,-2.790606359e-07,10411.91125,9.604384497e-05,0,0,1,0,9.862389125e-13,0,0.9862389125
4729,0.0234375,0.6015625,-328.1910952,-328.1910952,7,3269,3616,1,0,0,0,0,1,83.17720546,0,0,0,0,0,408,197,0.01202252462,0.01202252458,19.30746491
4730,0.0078125,0.6015625,-370.5372297,-370.5372297,7,3616,3270,1,1,1,0,0,1,113.1245168,-234.5091967,148.7859539,3.849535641e-05,0,44.07145832,164,164,0.008839816765,0.008839816765,17.17971701
4731,0.0078125,0.6171875,-256.0486157,-256.0486157,7,3616,2685,1,1,1,0,0,1,209.7079945,75.45350758,208.0286241,3.849535641e-05,0,73.99710477,22,22,0.004768535422,0.004768535422,5.649095414
4732,0.046875,0.671875,-210.797901,-210.797901,6,2745,3240,1,0,0,0,0,1,8.916739263,0,0,0,0,0,901,460,0.1121486196,0.1121486196,1.156605235
4733,0.046875,0.640625,-226.1617354,-226.1617354,6,3240,2747,1,0,0,0,0,1,18.84524459,0,0,0,0,0,585,298,0.05306378463,0.05306378458,1.588084119
4734,0.015625,0.640625,-281.2616984,-281.2616984,6,3240,2685,1,0,0,0,0,1,7.134844571,0,0,0,0,0,979,484,0.1401572228,0.1401572227,1.247909942
4735,0.015625,0.671875,-130.5354102,-130.5354102,6,3240,2746,1,1,1,0,0,1,11.71782068,-141.02214,11.85457488,9.604384497e-05,0,20.34359878,561,561,0.08534010097,0.08534010097,58.89131346
4736,0.015625,0.625,-280.9839244,-280.9839244,6,2685,3617,1,0,0,0,0,1,194.6857985,0,0,0,0,0,106,54,0.005136481487,0.005136481478,7.204287734
4737,0.03125,0.640625,-245.7520257,-245.7520257,6,3617,3240,1,0,0,0,0,1,15.02798851,0,0,0,0,0,730,361,0.06654250496,0.06654250489,56.80412732
4738,0.046875,0.625,-277.1236267,-277.1236267,6,3617,2747,1,1,1,0,0,1,194.2478792,-51.2317064,190.6903009,9.604384497e-05,0,21.09690705,56,56,0.005148061355,0.005148061355,5.432866769
4739,0.03125,0.609375,-345.7474323,-345.7474323,6,3617,3269,1,1,1,0,0,1,56.74973656,-65.88958499,97.39776539,9.604384497e-05,0,30.84984687,276,276,0.01762122717,0.01762122717,25.97938857
4740,0.0234375,0.6171875,-280.1591981,-291.9030658,7,3616,3617,0,0,0,0,0,0,289.2883788,4.089566788,286.1022697,3.849535641e-05,0,0,79,40,0.003456758285,0.003456758276,7.957179115
4741,0,0.6171875,-272.6793818,209.1302941,7,2685,4292,0,0,0,0,0,0,3412.384836,353.1075318,3016.17691,3.849535641e-05,0,0,10,5,0.0002930501828,0.0002930501815,0.6247207551
4742,0.0078125,0.609375,-302.0713649,-302.0713649,7,4292,3616,1,1,1,0,0,1,1177.311234,-143.0872034,1126.267637,3.849535641e-05,0,53.35954598,22,22,0.0008493930673,0.0008493930673,1.738490382
4743,0,0.6015625,45.05447111,45.05447111,7,4292,3270,1,0,0,0,0,1,156.8081352,0,0,0,0,0,97,47,0.006377220153,0.006377220141,8.155853107
4744,0.0078125,0.5,-592.0090774,-592.0090774,7,2652,4190,1,0,0,0,0,1,85904.64894,0,0,0,0,0,6,5,1.164081353e-05,1.164081341e-05,0.3864840717
4745,0.015625,0.5078125,-555.1131137,-555.1131137,7,4190,3561,1,0,0,0,0,1,14561.32131,0,0,0,0,0,28,17,6.867508648e-05,6.867508501e-05,1.468776288
4746,0.0234375,0.5,-563.8035622,-142.7729583,7,4190,3555,0,0,0,0,0,0,11353.28603,525.165334,7900.41792,3.849535641e-05,0,0,3,1,8.808022606e-05,8.80802258e-05,0.1476659555
4747,0.015625,0.4921875,-598.6476794,-1197.247326,7,4190,3804,0,0,0,0,0,0,12502.25179,-619.7655478,8440.175577,3.849535641e-05,0,0,4,1,7.998559115e-05,7.998559043e-05,0.1340953509
4748,0.01171875,0.51171875,-813.0294316,-813.0294316,8,3561,4610,1,1,1,0,0,1,7938.615526,-235.2042147,6185.955187,3.568997116e-05,0,77.72147231,29,29,0.0001259665488,0.0001259665488,2.818831771
4749,0.01171875,0.50390625,-593.8556258,-120.3479261,8,4610,4190,0,0,0,0,0,0,2527.220619,548.5638184,2318.133271,3.568997116e-05,0,0,4,3,0.0003956916118,0.0003956916116,0.322035796
4750,0.00390625,0.50390625,-707.0105125,-707.0105125,8,4610,2652,1,1,1,0,0,1,81193.14257,-79.04730514,21390.87642,3.432334741e-05,0,64.06192463,3,3,1.231631106e-05,1.231631106e-05,0.5052770945
4751,0,0.5234375,-903.3442649,-903.3442649,7,3272,3565,1,1,1,0,0,1,13290.62676,-344.3411867,8792.262832,3.849535641e-05,0,78.97071136,49,49,7.524099639e-05,7.524099639e-05,2.491769282
4752,0.0078125,0.515625,-550.1219765,-550.1219765,7,3565,3561,1,0,0,0,0,1,2228.811693,0,0,0,0,0,105,57,0.0004486695773,0.0004486695665,0.4309620607
4753,0,0.5078125,-587.0179401,-587.0179401,7,3565,2652,1,0,0,0,0,1,16440.64495,0,0,0,0,0,23,15,6.082486442e-05,6.082486345e-05,2.126274491
4754,0.00390625,0.51171875,-663.9728879,-663.9728879,8,4610,3565,1,0,0,0,0,1,16216.41705,0,0,0,0,0,71,38,6.166590295e-05,6.166589882e-05,2.886525576
4755,0.0078125,0.59375,-409.7809811,-409.7809811,7,3270,4293,1,1,1,0,0,1,97.48823476,-243.9388734,97.12374425,3.849535641e-05,0,45.33250897,149,149,0.01025764804,0.01025764804,17.01350618
4756,0.015625,0.6015625,-369.8800498,-369.8800498,7,4293,3616,1,0,0,0,0,1,101.0724205,0,0,0,0,0,300,147,0.00989389583,0.009893895799,16.8618414
4757,0.0234375,0.59375,-351.5620746,-351.5620746,7,4293,3269,1,0,0,0,0,1,51.62316963,0,0,0,0,0,317,161,0.01937114685,0.01937114683,0.6588251173
4758,0.0234375,0.5859375,-510.7430409,-510.7430409,7,3269,3615,1,0,0,0,0,1,19.76467429,0,0,0,0,0,280,145,0.05059531898,0.05059531896,0.5355446371
4759,0.0234375,0.5703125,-568.1116279,-568.1116279,7,3615,3271,1,0,0,0,0,1,14082.98092,0,0,0,0,0,23,10,7.100769402e-05,7.100769184e-05,0.9773090446
4760,0.0078125,0.5703125,-717.9785672,-717.9785672,7,3615,2748,1,1,1,0,0,1,283.3214333,-261.6631057,353.9023356,3.849535641e-05,0,118.0106409,141,141,0.003529560007,0.003529560007,0.3274993256
4761,0.0078125,0.5859375,-347.3942373,-347.3942373,7,3615,3270,1,1,1,0,0,1,40.69588668,-63.08321893,70.36062443,3.849535641e-05,0,105.6066791,234,234,0.02457250797,0.02457250797,1.259509534
4762,0.015625,0.5859375,-296.7115904,-296.7115904,7,4293,3615,1,1,1,0,0,1,18.96497078,255.6622696,18.95113525,3.849535641e-05,0,117.3375684,150,150,0.05272879201,0.05272879201,0.8462706201
4763,0.296875,0.546875,46.5563749,25.85537573,6,2794,3110,0,0,0,0,0,0,92.56095244,-20.62427262,91.74534461,9.604384497e-05,0,0,11,7,0.01080369177,0.01080369177,0.7018532011
4764,0.296875,0.515625,61.80681401,59.32546555,6,3110,2813,0,0,0,0,0,0,61.60703734,-3.672042305,61.24465415,9.604384497e-05,0,0,59,31,0.01623191186,0.01623191185,0.4107993048
4765,0.265625,0.515625,38.55334631,38.55334631,6,3110,2661,1,0,0,0,0,1,4.709129358,0,0,0,0,0,442,214,0.2123534785,0.2123534785,2.046078264
4766,0.265625,0.546875,19.8306188,62.07347995,6,3110,2790,0,0,0,0,0,0,322.8350418,41.86705484,313.1261525,9.604384497e-05,0,0,44,22,0.003097557175,0.00309755717,5.234518056
4767,0.265625,0.5,46.82955756,46.82955756,6,2661,3515,1,0,0,0,0,1,26.05299742,0,0,0,0,0,345,173,0.0383832994,0.03838329936,0.6455410848
4768,0.28125,0.515625,50.318202,22.33586181,6,3515,3110,0,0,0,0,0,0,25.78025767,-28.44682433,25.71658251,9.604384497e-05,0,0,82,40,0.0387893718,0.03878937178,0.6695955531
4769,0.296875,0.5,69.43203357,116.3153413,6,3515,2813,0,0,0,0,0,0,16.06239553,45.05890369,16.03765433,9.604384497e-05,0,0,55,27,0.06225721426,0.06225721425,0.9564098078
4770,0.28125,0.484375,62.1036505,62.1036505,6,3515,3290,1,1,1,0,0,1,1596.17896,10.00462156,1384.006392,9.604384497e-05,0,39.06734737,10,10,0.0006264961667,0.0006264961667,1.002568664
4771,0.2890625,0.4765625,54.29845033,70.5230556,7,3290,4341,0,0,0,0,0,0,1995.010782,53.69577862,1852.724072,3.849535641e-05,0,0,11,4,0.0005012504239,0.0005012504228,0.7700837539
4772,0.2890625,0.4921875,60.55796849,-67.14106773,7,4341,3515,0,0,0,0,0,0,2579.830157,-90.93061592,2346.769046,3.849535641e-05,0,0,5,3,0.0003876224167,0.0003876224158,1.16514961
4773,0.3046875,0.4921875,72.0465805,27.92352695,7,4341,2813,0,0,0,0,0,0,5957.487246,-8.080842948,4846.10327,3.849535641e-05,0,0,2,1,0.0001678560035,0.0001678560034,0.5038986297
4774,0.3046875,0.4765625,56.26712334,22.1003177,7,4341,3518,0,0,0,0,0,0,3.265312101e+12,-1.294510504e-06,25977.15894,3.849535641e-05,0,0,1,0,3.062494393e-13,0,0.3062494393
4775,0.1640625,0.4140625,-113.6169762,-113.6169762,7,3023,4156,0,0,0,0,0,0,1e+300,0,1e+300,0,0,0,0,0,0,0,0
4776,0.1640625,0.4296875,-109.741692,-109.8584796,7,4156,3842,0,0,0,0,0,0,1.241851306e+12,-3.27835366e-07,25977.1586,3.849535641e-05,0,0,1,0,8.052493849e-13,0,0.8052493849
4777,0.1796875,0.4296875,-86.60185369,-86.83367259,7,4156,2738,0,0,0,0,0,0,1.004745947e+12,-1.708624353e-07,25977.15848,3.849535641e-05,0,0,1,0,9.952764708e-13,0,0.9952764708
4778,0.1796875,0.4140625,-62.3747038,-62.3747038,7,4156,3919,0,0,0,0,0,0,1e+300,0,1e+300,0,0,0,0,0,0,0,0
4779,0.15625,0.4296875,-121.3116112,-121.3116112,7,3842,4158,0,0,0,0,0,0,1e+300,0,1e+300,0,0,0,0,0,0,0,0
4780,0.1640625,0.421875,-111.6793341,-111.6793341,7,4158,4156,0,0,0,0,0,0,1e+300,0,1e+300,0,0,0,0,0,0,0,0
4781,0.15625,0.4140625,-125.1868953,-125.1868953,7,4158,3023,0,0,0,0,0,0,1e+300,0,1e+300,0,0,0,0,0,0,0,0
4782,0.125,0.421875,-169.4036577,-169.4036577,6,2766,3843,1,0,0,0,0,1,302.5731486,0,0,0,0,0,68,33,0.003304985934,0.003304985929,2.721561943
4783,0.140625,0.40625,-150.2643757,-98.96366174,6,3843,3023,0,0,0,0,0,0,659.2577877,51.37669917,620.0007928,9.604384497e-05,0,0,15,9,0.001516857318,0.001516857317,0.8948894905
4784,0.125,0.390625,-177.2794982,-234.4323839,6,3843,2673,0,0,0,0,0,0,7.848463322,-57.10410185,7.842551634,9.604384497e-05,0,0,60,35,0.1274134769,0.1274134769,0.3817602722
4785,0.109375,0.390625,-243.0924486,-317.6066744,6,2673,3205,0,0,0,0,0,0,9.737979509,-72.02130885,9.72888035,9.604384497e-05,0,0,19,11,0.1026907069,0.1026907069,0.3035014283
4786,0.078125,0.390625,-406.4942473,-284.7466258,6,3205,2740,0,0,0,0,0,0,6.867548281,126.1939102,6.863021529,9.604384497e-05,0,0,8,4,0.1456123727,0.1456123727,0.4645791059
4787,0.078125,0.421875,-421.012755,-421.012755,6,3205,2737,1,1,1,0,0,1,203029.6008,-83.82411789,17806.82171,5.13722157e-05,0,261.2459411,2,2,4.92539017e-06,4.92539017e-06,0.001395553904
4788,0.109375,0.421875,-237.6573145,-237.6573145,6,3205,2766,1,0,0,0,0,1,41.14995681,0,0,0,0,0,33,20,0.02430136208,0.02430136208,0.09685872574
4789,0.109375,0.40625,-239.2171644,-307.0028021,6,3843,3205,0,0,0,0,0,0,2.698786006,-65.38055072,2.698086657,9.604384497e-05,0,0,11,7,0.3705369739,0.3705369739,1.016119204
4790,0.1484375,0.4140625,-136.7568145,-115.7274581,7,3023,4155,0,0,0,0,0,0,170.8789236,21.11894228,169.7622201,3.849535641e-05,0,0,10,7,0.005852096788,0.005852096786,4.198264792
4791,0.1328125,0.4140625,-159.8966528,-133.9507825,7,4155,3843,0,0,0,0,0,0,421.9167042,25.92042477,415.1735248,3.849535641e-05,0,0,19,12,0.002370136072,0.00237013607,1.803321638
4792,0.1328125,0.4296875,-155.9094924,-155.9094924,7,4155,2766,1,0,0,0,0,1,103.4721885,0,0,0,0,0,78,36,0.00966443268,0.009664432672,4.732687753
4793,0.1484375,0.4296875,-132.884106,-132.884106,7,4155,3842,1,0,0,0,0,1,805.2229615,0,0,0,0,0,1,1,0.001241892057,0.001241892057,0.03379862043
4794,0.1484375,0.421875,-134.8191724,-134.8191724,7,4158,4155,0,0,0,0,0,0,1e+300,0,1e+300,0,0,0,0,0,0,0,0
4795,0.55078125,0.63671875,163.8234479,170.3252446,8,3486,4022,0,0,0,0,0,0,5.916778836e+13,3.367954662e-07,28019.07558,3.568997116e-05,0,0,1,0,1.690108804e-14,0,0.01690108804
4796,0.55859375,0.63671875,174.2230926,266.0901535,8,4022,3489,0,0,0,0,0,0,6687.956674,88.18975184,5399.204466,3.568997116e-05,0,0,1,1,0.0001495224997,0.0001495224997,0.5602921854
4797,0.55859375,0.62890625,208.9744725,99.51718275,8,4022,2845,0,0,0,0,0,0,8157.492335,-106.2577133,6318.050812,3.568997116e-05,0,0,1,1,0.000122586692,0.000122586692,0.4593580609
4798,0.5390625,0.625,162.0766856,76.82803349,7,3052,3502,0,0,0,0,0,0,4485.372477,-88.42734969,3824.936027,3.849535641e-05,0,0,2,1,0.0002229469247,0.0002229469245,0.4773390024
4799,0.546875,0.6328125,163.2411938,292.1720329,7,3502,3486,0,0,0,0,0,0,56159.56732,123.5367424,17761.43366,3.849535641e-05,0,0,1,1,1.780640499e-05,1.780640499e-05,0.03812428271
4800,0.5546875,0.625,208.3922184,204.084942,7,3502,2845,0,0,0,0,0,0,1.096785298e+12,-3.680249563e-07,25977.15853,3.849535641e-05,0,0,1,0,9.117554744e-13,0,0.9117554744
4801,0.5390625,0.6015625,183.3751669,258.6610971,7,3001,3506,0,0,0,0,0,0,2893.951317,78.9964519,2603.870538,3.849535641e-05,0,0,9,6,0.0003455483145,0.0003455483128,2.320337141
4802,0.5390625,0.6171875,169.1761794,170.0584699,7,3506,3052,0,0,0,0,0,0,7.306179138e+13,-6.136082789e-07,25977.15914,3.849535641e-05,0,0,1,0,1.368704464e-14,0,0.01368704464
4803,0.5546875,0.6171875,215.4917122,229.8091223,7,3506,2845,0,0,0,0,0,0,331148.8671,20.92109259,24087.59427,3.849535641e-05,0,0,4,2,3.019789887e-06,3.019789843e-06,1.391150545
4804,0.5546875,0.6015625,168.3190032,189.8323864,7,3506,3055,0,0,0,0,0,0,2638.897618,18.86672053,2395.545409,3.849535641e-05,0,0,12,8,0.0003789461149,0.0003789461133,2.897931166
4805,0.546875,0.6171875,192.3339458,189.4732457,7,3502,3506,0,0,0,0,0,0,1.146408196e+12,-4.460478721e-06,25977.15856,3.849535641e-05,0,0,2,0,8.722896466e-13,0,0.8722896466
4806,0.55078125,0.62890625,185.8167061,185.8167061,8,4022,3502,0,0,0,0,0,0,1e+300,0,1e+300,0,0,0,0,0,0,0,0
4807,0.55859375,0.640625,156.8474027,-25.1181966,8,3489,4025,0,0,0,0,0,0,957.6162241,-118.5360677,925.9691045,3.568997116e-05,0,0,1,1,0.001044259668,0.001044259668,0.2805965266
4808,0.5546875,0.63671875,169.0232703,103.5675384,8,4025,4022,0,0,0,0,0,0,7.419870386e+12,-1.255040956e-06,28019.07549,3.568997116e-05,0,0,1,0,1.347732437e-13,0,0.1347732437
4809,0.55078125,0.640625,146.447758,174.8508188,8,4025,3486,0,0,0,0,0,0,2685.337114,89.00810512,2450.483724,3.568997116e-05,0,0,3,1,0.000372392723,0.0003723927218,0.2714606014
4810,0.55078125,0.64453125,154.4792501,149.4720178,8,3486,4021,0,0,0,0,0,0,4449.434426,-13.28644119,3839.69081,3.568997116e-05,0,0,24,9,0.0002247476655,0.0002247476626,0.5725691967
4811,0.55078125,0.65234375,184.1862038,224.0360341,8,4021,3490,0,0,0,0,0,0,854.6358065,42.03624879,829.3393577,3.568997116e-05,0,0,58,28,0.001170089051,0.001170089042,5.533741585
4812,0.55859375,0.65234375,180.9418791,127.1407635,8,4021,3053,0,0,0,0,0,0,476.2973429,-55.93377679,468.3360799,3.568997116e-05,0,0,53,30,0.002099528823,0.002099528815,9.425226347
4813,0.55859375,0.64453125,164.8788948,38.43716828,8,4021,3489,0,0,0,0,0,0,909.8444616,-131.8964481,881.2289121,3.568997116e-05,0,0,18,11,0.001099088957,0.001099088956,0.3291583484
4814,0.5546875,0.64453125,159.6790725,33.78796999,8,4025,4021,0,0,0,0,0,0,306.3218673,-62.21278435,303.0091834,3.568997116e-05,0,0,3,2,0.003264540037,0.003264540037,0.9773754574
4815,0.203125,0.5,-19.98972221,-23.60435825,6,2765,3022,0,0,0,0,0,0,166.298708,-8.532982071,163.6843469,9.604384497e-05,0,0,5,4,0.006013275823,0.006013275823,1.136927999
4816,0.21875,0.515625,37.15204006,37.15204006,6,3022,2938,1,1,1,0,0,1,1026.718121,36.43297713,934.5610915,9.604384497e-05,0,39.31376205,18,18,0.0009739771602,0.0009739771602,1.34256078
4817,0.234375,0.5,18.05217707,18.05217707,6,3022,2661,1,0,0,0,0,1,57.39297938,0,0,0,0,0,283,145,0.01742373389,0.01742373387,14.06450967
4818,0.21875,0.484375,-10.36756488,-15.28954927,6,3022,3025,0,0,0,0,0,0,122.3710001,-6.352484437,120.9494831,9.604384497e-05,0,0,34,21,0.008171870777,0.008171870774,1.993928151
4819,0.2109375,0.5234375,-12.0765635,-7.975448318,7,2938,3527,0,0,0,0,0,0,2.994447026e+12,4.313595099e-07,25977.15892,3.849535641e-05,0,0,2,0,3.339514746e-13,0,0.3339514746
4820,0.2109375,0.5078125,-11.24578934,-11.24578934,7,3527,3022,0,0,0,0,0,0,1e+300,9.358547057e-07,15680.85003,0,0,0,0,0,0,0,0
4821,0.1953125,0.5078125,-29.56442925,-29.56442925,7,3527,2765,0,0,0,0,0,0,1e+300,0,1e+300,0,0,0,0,0,0,0,0
4822,0.1953125,0.5234375,-27.09157375,-27.09157375,7,3527,3021,0,0,0,0,0,0,1e+300,0,1e+300,0,0,0,0,0,0,0,0
4823,0.234375,0.625,144.4335859,-43.27091268,6,2690,2940,0,0,0,0,0,0,6376.410389,-197.2144579,3954.571561,9.604384497e-05,0,0,3,2,0.0001568280489,0.0001568280488,0.2942003214
4824,0.21875,0.609375,87.7221177,87.7221177,6,2940,2937,0,0,0,0,0,0,1e+300,-124.9469684,2894.682436,0,0,0,0,0,0,0,0
4825,0.203125,0.625,36.44289239,36.44289239,6,2940,2791,0,0,0,0,0,0,1e+300,0,1e+300,0,0,0,0,0,0,0,0
4826,0.25,0.65625,146.9268155,167.2027563,5,2690,2792,0,0,0,0,0,0,329513.5876,-4.969609531,2493.702041,0.0003979754421,0,0,1,1,3.034776221e-06,3.034776221e-06,0.005498585256
4827,0.21875,0.6875,25.90113537,25.90113537,5,2792,2742,0,0,0,0,0,0,1e+300,-46.21657404,1739.223694,0,0,0,0,0,0,0,0
4828,0.25,0.71875,43.92258129,43.92258129,5,2792,2657,0,0,0,0,0,0,1e+300,0,1e+300,0,0,0,0,0,0,0,0
4829,0.28125,0.6875,62.28579955,62.28579955,5,2792,2795,0,0,0,0,0,0,1e+300,0,1e+300,0,0,0,0,0,0,0,0
4830,0.203125,0.671875,16.89041241,40.10256481,6,2742,2944,0,0,0,0,0,0,4.806845142e+14,8.567638332e-08,10411.91135,9.604384497e-05,0,0,1,0,2.080366583e-15,0,0.002080366583
4831,0.234375,0.671875,86.41397545,180.5632769,6,2944,2792,0,0,0,0,0,0,16768.67946,64.4000585,6423.480831,9.604384497e-05,0,0,1,1,5.963498811e-05,5.963498811e-05,0.1080501634
4832,0.234375,0.640625,137.9160926,-17.26041521,6,2944,2690,0,0,0,0,0,0,4167.43791,-169.3812748,2976.195529,9.604384497e-05,0,0,2,2,0.0002399555846,0.0002399555846,0.4415612011
4833,0.203125,0.640625,29.92539906,43.74793591,6,2944,2791,0,0,0,0,0,0,2.286099302e+16,-1.224680801e-08,10411.91135,9.604384497e-05,0,0,1,0,4.374263178e-17,0,4.374263178e-05
4834,0.21875,0.640625,83.92074582,-57.39555584,6,2940,2944,0,0,0,0,0,0,2529.499557,-155.3299536,2035.089167,9.604384497e-05,0,0,1,1,0.0003953351157,0.0003953351157,0.7355553027
4835,0.2265625,0.6015625,113.3617304,88.38040714,7,2937,3533,0,0,0,0,0,0,1548.845206,12.03566224,1461.694109,3.849535641e-05,0,0,3,2,0.0006456423122,0.0006456423112,1.561561256
4836,0.2265625,0.6171875,116.0778518,206.9375913,7,3533,2940,0,0,0,0,0,0,17333.26435,133.4412902,10396.31872,3.849535641e-05,0,0,2,1,5.769253728e-05,5.769253715e-05,0.1372549036
4837,0.2421875,0.6171875,170.0731986,95.94449284,7,3533,2690,0,0,0,0,0,0,951.4824107,-31.73827012,917.8632333,3.849535641e-05,0,0,7,2,0.001050991578,0.001050991576,1.267268011
4838,0.25,0.578125,47.33342453,41.23588057,6,2790,3343,0,0,0,0,0,0,61.1114821,-9.213441556,60.75488847,9.604384497e-05,0,0,40,23,0.01636353702,0.01636353702,0.5164242344
4839,0.234375,0.59375,91.35229508,19.74110407,6,3343,2937,0,0,0,0,0,0,2084.044666,-84.49065659,1736.472847,9.604384497e-05,0,0,16,11,0.0004798361648,0.0004798361636,0.9824998665
4840,0.25,0.609375,148.0637633,69.15210606,6,3343,2690,0,0,0,0,0,0,2081.949943,-86.41767265,1735.018321,9.604384497e-05,0,0,17,7,0.000480318945,0.000480318943,0.5541302281
4841,0.296875,0.578125,87.42205868,48.04861291,6,2794,3111,0,0,0,0,0,0,30.53520035,-41.81054407,30.44591108,9.604384497e-05,0,0,12,5,0.0327490892,0.03274908919,1.1184369
4842,0.265625,0.578125,60.69630258,94.81422562,6,3111,2790,0,0,0,0,0,0,42.9413429,31.22829187,42.7649694,9.604384497e-05,0,0,34,17,0.02328758098,0.02328758097,0.691791815
4843,0.265625,0.609375,161.4266413,27.07187796,6,3111,2690,0,0,0,0,0,0,7163.656973,-141.6345124,4243.80936,9.604384497e-05,0,0,12,6,0.000139593507,0.0001395935066,0.2610009125
4844,0.296875,0.609375,188.3080726,218.4461643,6,3111,2797,0,0,0,0,0,0,2189.832051,38.55674674,1809.300227,9.604384497e-05,0,0,2,1,0.000456656025,0.0004566560249,0.5248452799
4845,0.265625,0.59375,111.061472,83.15873345,6,3343,3111,0,0,0,0,0,0,543.0624695,-32.98742858,516.1416525,9.604384497e-05,0,0,36,19,0.001841408781,0.001841408776,1.192290875
4846,0.2421875,0.6015625,119.7080292,49.09811089,7,3533,3343,0,0,0,0,0,0,1021.88546,-26.02442377,983.2081694,3.849535641e-05,0,0,8,3,0.0009785832553,0.0009785832545,1.109220259
4847,0.171875,0.625,-33.08067065,-30.49003219,6,2791,2942,0,0,0,0,0,0,7.394056372e+13,-1.002741001e-08,10411.91135,9.604384497e-05,0,0,1,0,1.35243762e-14,0,0.0135243762
4848,0.15625,0.609375,-113.6407222,-54.72856117,6,2942,2936,0,0,0,0,0,0,2.651004399e+14,1.255592963e-08,10411.91135,9.604384497e-05,0,0,1,0,3.77215519e-15,0,0.00377215519
4849,0.140625,0.625,-64.13710322,-97.44524596,6,2942,2680,0,0,0,0,0,0,3673.577623,-23.20683003,2715.487167,9.604384497e-05,0,0,1,1,0.0002722142017,0.0002722142017,0.3133782909
4850,0.171875,0.671875,-52.63315063,4.460116902,6,2742,2945,0,0,0,0,0,0,4027.617447,40.41820588,2904.194202,9.604384497e-05,0,0,1,1,0.0002482857454,0.0002482857454,0.1416775554
4851,0.171875,0.640625,-39.59816397,-60.704572,6,2945,2791,0,0,0,0,0,0,713.8625756,-28.39185423,668.0590405,9.604384497e-05,0,0,1,1,0.001400829843,0.001400829843,0.7993457193
4852,0.140625,0.640625,-70.65459655,-126.5193845,6,2945,2680,0,0,0,0,0,0,505.5973262,-50.45828298,482.1827667,9.604384497e-05,0,0,10,8,0.001977858561,0.001977858561,0.5387356934
4853,0.140625,0.671875,-69.51839656,-69.51839656,6,2945,2770,1,1,1,0,0,1,8684.038106,-26.67883338,6026.582213,5.13722157e-05,0,164.2927496,4,4,0.0001151538015,0.0001151538015,0.06216340024
4854,0.15625,0.640625,-55.12638026,-25.50933035,6,2942,2945,0,0,0,0,0,0,1322.815225,28.6775793,1173.69883,9.604384497e-05,0,0,1,1,0.0007559634796,0.0007559634796,0.8702798815
4855,0.1328125,0.6171875,-104.417129,-121.5396734,7,2680,3721,0,0,0,0,0,0,137.8738797,45.48520571,137.1459768,3.849535641e-05,0,0,23,13,0.007253005446,0.007253005442,6.344725019
4856,0.1484375,0.6171875,-88.8889127,-88.8889127,7,3721,2942,0,0,0,0,0,0,1e+300,0,1e+300,0,0,0,0,0,0,0,0
4857,0.1484375,0.6015625,-153.9207479,-153.9207479,7,3721,2936,0,0,0,0,0,0,1e+300,-1.09780774e-06,15680.85021,0,0,0,0,0,0,0,0
4858,0.125,0.578125,-116.1544422,-116.1544422,6,2764,3726,1,0,0,0,0,1,6.778776786,0,0,0,0,0,182,73,0.1475192401,0.14751924,0.823137849
4859,0.109375,0.59375,-151.7397067,-91.1189643,6,3726,3266,0,0,0,0,0,0,4.698379286,63.46102982,4.696260096,9.604384497e-05,0,0,345,187,0.2128393514,0.2128393514,1.082982123
4860,0.125,0.609375,-88.47621818,-115.2985552,6,3726,2680,0,0,0,0,0,0,18.46254946,-12.50171304,18.42986935,9.604384497e-05,0,0,212,115,0.05416370053,0.05416370049,41.71456064
4861,0.140625,0.59375,-83.27456819,-83.27456819,6,3726,2936,1,0,0,0,0,1,1.031604917e+14,0,0,0,0,0,1,0,9.693633516e-15,0,0.009693633516
4862,0.1328125,0.6015625,-113.2280277,-132.9807582,7,3721,3726,0,0,0,0,0,0,188.8931867,40.72835528,187.5295635,3.849535641e-05,0,0,24,13,0.005293997191,0.005293997185,4.029814129
4863,0.01171875,0.54296875,-605.5933471,-633.6117771,8,3562,4184,0,0,0,0,0,0,7556.453783,-65.18706018,5951.418109,3.568997116e-05,0,0,85,39,0.0001323372085,0.0001323371916,6.240575834
4864,0.01171875,0.53515625,-767.4694513,-853.087204,8,4184,3564,0,0,0,0,0,0,35693.5828,-89.91729288,15697.05644,3.568997116e-05,0,0,109,47,2.80162405e-05,2.801622497e-05,2.448590816
4865,0.00390625,0.53515625,-802.0169089,-802.0169089,8,4184,3272,1,1,1,0,0,1,19562.02144,-255.3391409,11519.48502,3.568997116e-05,0,115.7904536,15,15,5.111946141e-05,5.111946141e-05,2.93618154
4866,0.00390625,0.54296875,-572.7916361,-670.5712932,8,4184,3563,0,0,0,0,0,0,9144.677655,-105.794828,6894.497786,3.568997116e-05,0,0,53,26,0.0001093532258,0.0001093532158,3.402937659
4867,0.00390625,0.53125,-626.3174408,-287.3051945,8,3272,4605,0,0,0,0,0,0,3724.615499,353.3206158,3287.591318,3.568997116e-05,0,0,28,16,0.0002684840892,0.0002684840877,0.8380752695
4868,0.0078125,0.53515625,-656.42442,-666.4722613,8,4605,4184,0,0,0,0,0,0,9587.335236,-14.97080938,7143.15099,3.568997116e-05,0,0,71,31,0.0001043042697,0.0001043042555,3.945311262
4869,0.01171875,0.53125,-848.4075035,-778.6828081,8,4605,3564,0,0,0,0,0,0,8016.925464,78.43947961,6233.400877,3.568997116e-05,0,0,117,55,0.000124736098,0.0001247360781,2.704591132
4870,0.01171875,0.51953125,-702.1202677,-702.1202677,8,3561,4611,1,0,0,0,0,1,239.939579,0,0,0,0,0,97,48,0.004167715906,0.004167715899,0.6403750654
4871,0.00390625,0.51953125,-771.9967353,-771.9967353,8,4611,3565,1,0,0,0,0,1,708.4733754,0,0,0,0,0,125,64,0.001411485646,0.001411485637,0.3847448587
4872,0.00390625,0.52734375,-729.9339835,-729.9339835,8,4611,3272,1,0,0,0,0,1,15560.12056,0,0,0,0,0,70,36,6.426685424e-05,6.426684989e-05,3.212498665
4873,0.01171875,0.52734375,-599.7179521,-599.7179521,8,4611,3564,1,1,1,0,0,1,6663.6912,271.7568496,5383.378428,3.568997116e-05,0,270.425572,67,67,0.0001500669779,0.0001500669779,2.795762863
4874,0.0078125,0.52734375,-698.2098423,-698.2098423,8,4605,4611,1,1,1,0,0,1,7368.323135,87.9669296,5834.099213,3.568997116e-05,0,107.770641,33,33,0.0001357160892,0.0001357160892,6.652098593
4875,0.65625,0.6328125,344.5709953,227.3075897,7,2998,3896,0,0,0,0,0,0,86.25225217,-69.61103874,85.96681559,3.849535641e-05,0,0,25,10,0.01159390016,0.01159390016,0.5007479461
4876,0.6484375,0.640625,303.5199195,303.5199195,7,3896,3409,1,1,1,0,0,1,27427.80446,23.30411503,9980.187022,6.377205195e-05,0,58.00701012,3,3,3.645935282e-05,3.645935282e-05,0.04376690904
4877,0.65625,0.6484375,241.5006886,241.5006886,7,3896,2972,1,0,0,0,0,1,178.7087127,0,0,0,0,0,231,121,0.005595698077,0.005595698067,2.781223061
4878,0.6640625,0.6484375,218.2174646,218.2174646,7,2972,3412,1,0,0,0,0,1,18.8086888,0,0,0,0,0,416,215,0.0531669172,0.05316691715,2.390757961
4879,0.6796875,0.6484375,225.0868257,231.9265362,7,3412,2999,0,0,0,0,0,0,41.35043368,6.868319039,41.28471668,3.849535641e-05,0,0,287,139,0.02418354322,0.02418354317,2.917198309
4880,0.6796875,0.6328125,231.5468767,151.2977665,7,3412,2891,0,0,0,0,0,0,277.9592808,-75.75822454,275.0165646,3.849535641e-05,0,0,57,26,0.003597649257,0.003597649245,0.7689809824
4881,0.6640625,0.6328125,306.8962891,365.6767574,7,3412,2998,0,0,0,0,0,0,1677.669363,92.04567476,1575.894207,3.849535641e-05,0,0,21,10,0.0005960650066,0.0005960650054,0.03072785718
4882,0.6640625,0.640625,263.0314447,340.6508787,7,3896,3412,0,0,0,0,0,0,133.8301364,94.72646323,133.144199,3.849535641e-05,0,0,25,15,0.007472158563,0.007472158561,0.2972231304
4883,0.64453125,0.63671875,250.6645499,229.2213634,8,3409,4539,0,0,0,0,0,0,9.531016106e+11,6.916801851e-07,28019.07477,3.568997116e-05,0,0,6,0,1.049206075e-12,0,1.049206075
4884,0.65234375,0.63671875,298.647232,183.4201313,8,4539,3896,0,0,0,0,0,0,11707.99665,-77.25365524,8257.523766,3.568997116e-05,0,0,11,2,8.541170875e-05,8.541170605e-05,0.3989745342
4885,0.65234375,0.62890625,342.5120765,358.6514294,8,4539,2998,0,0,0,0,0,0,18094.64521,70.27097564,10994.45508,3.568997116e-05,0,0,9,2,5.526496863e-05,5.526496721e-05,0.2622808555
4886,0.64453125,0.62890625,245.5452743,231.6658764,8,4539,3895,0,0,0,0,0,0,4.082469868e+11,5.951129879e-06,28019.07367,3.568997116e-05,0,0,3,0,2.449497565e-12,0,2.449497565
4887,0.98828125,0.98828125,132.7444884,132.7444884,8,3704,4429,0,0,0,0,0,0,1e+300,0,1e+300,0,0,0,0,0,0,0,0
4888,0.98828125,0.99609375,548.0261767,548.0261767,8,4429,3740,0,0,0,0,0,0,1e+300,550.459154,198.5366097,0,0,0,30,18,0,0,0
4889,0.99609375,0.99609375,44.24816281,44.24816281,8,4429,2650,0,0,0,0,0,0,1e+300,633.532408,986.5496273,0,0,0,7,5,0,0,0
4890,0.9921875,0.984375,155.6796748,475.543224,7,4432,3704,0,0,0,0,0,0,1.166964981e+13,1.826590847e-06,25977.15909,3.849535641e-05,0,0,1,0,8.569237434e-14,0,0.08569237434
4891,1,0.9765625,201.5500474,479.7804978,7,4432,3134,0,0,0,0,0,0,1.635350974e+14,-4.83302415e-07,25977.15914,3.849535641e-05,0,0,1,0,6.11489531e-15,0,0.00611489531
4892,1,0.9921875,67.18334914,67.18334914,7,2650,4432,0,0,0,0,0,0,1e+300,0,1e+300,0,0,0,0,0,0,0,0
4893,0.99609375,0.98828125,111.4315119,111.4315119,8,4429,4432,0,0,0,0,0,0,1e+300,0,1e+300,0,0,0,0,0,0,0,0
4894,0.99609375,1,251.889007,265.9204299,8,2650,4434,0,0,0,0,0,0,256.5673478,-200.5127385,254.2393087,3.568997116e-05,0,0,7,5,0.003897612103,0.003897612102,0.6744726866
4895,0.9921875,0.99609375,296.1371698,676.052768,8,4434,4429,0,0,0,0,0,0,295.5258374,208.9311532,292.441368,3.568997116e-05,0,0,37,23,0.003383798889,0.003383798885,0.5908165372
4896,0.98828125,1,755.6670209,568.5946965,8,4434,3740,0,0,0,0,0,0,31341.79044,55.94110453,14793.7194,3.568997116e-05,0,0,30,18,3.190628187e-05,3.190627788e-05,3.043806824
4897,0.3515625,0.4609375,89.43799232,89.43799232,7,3291,3522,1,1,1,0,0,1,295080.3499,56.98143914,14492.02404,6.377205195e-05,0,117.8639222,2,2,3.388907463e-06,3.388907463e-06,0.02019298096
4898,0.3671875,0.4609375,90.60134597,69.39914903,7,3522,3285,0,0,0,0,0,0,5246.939122,-51.14232808,4365.236473,3.849535641e-05,0,0,5,2,0.0001905873075,0.0001905873055,1.510831195
4899,0.3671875,0.4453125,80.01187831,-13.19078389,7,3522,2816,0,0,0,0,0,0,2047.691704,-125.714501,1898.073019,3.849535641e-05,0,0,25,12,0.0004883547646,0.0004883547616,3.282948344
4900,0.359375,0.390625,71.56985455,60.93773762,6,2674,3288,0,0,0,0,0,0,107.5303471,-10.4420883,106.4311657,9.604384497e-05,0,0,67,36,0.009299700285,0.009299700271,15.70626312
4901,0.328125,0.390625,71.19587619,70.55514654,6,3288,2787,0,0,0,0,0,0,6.448750115,-0.5359153588,6.444758472,9.604384497e-05,0,0,108,55,0.155068809,0.155068809,1.380007871
4902,0.328125,0.421875,61.11166683,68.84906492,6,3288,2783,0,0,0,0,0,0,5.46116289,7.974339982,5.458299951,9.604384497e-05,0,0,92,41,0.1831111835,0.1831111835,1.37250978
4903,0.359375,0.421875,83.2495487,83.2495487,6,3288,2816,1,0,0,0,0,1,82.46047247,0,0,0,0,0,233,116,0.01212702244,0.01212702242,4.951188971
4904,0.359375,0.4375,89.18486979,89.18486979,6,2816,3292,1,0,0,0,0,1,399.2730818,0,0,0,0,0,103,48,0.00250455151,0.0025045515,7.333938205
4905,0.34375,0.421875,72.88742275,111.1408124,6,3292,3288,0,0,0,0,0,0,24.7007478,39.07891093,24.64228755,9.604384497e-05,0,0,128,61,0.04048460427,0.04048460426,1.04490711
4906,0.328125,0.4375,67.65832889,39.30252016,6,3292,2783,0,0,0,0,0,0,185.8858347,-27.50683078,182.6253889,9.604384497e-05,0,0,109,46,0.005379646069,0.005379646055,10.01202595
4907,0.34375,0.453125,26.25768433,26.25768433,6,3292,3291,1,0,0,0,0,1,2520.697403,0,0,0,0,0,58,30,0.0003967156069,0.0003967156059,0.8199564684
4908,0.3515625,0.4453125,101.3281237,101.3281237,7,3522,3292,1,0,0,0,0,1,335.2052064,0,0,0,0,0,78,37,0.00298324722,0.002983247211,6.580252571
4909,0.78125,0.7421875,279.8032342,231.5161807,7,3195,4387,0,0,0,0,0,0,8300.453786,-49.87663284,6290.467467,3.849535641e-05,0,0,1,1,0.000120475341,0.000120475341,0.02663891905
4910,0.7890625,0.734375,281.1604336,281.1604336,7,4387,3450,1,0,0,0,0,1,14884.81181,0,0,0,0,0,5,3,6.718257596e-05,6.71825755e-05,0.7815540984
4911,0.78125,0.7265625,271.9801548,271.9801548,7,4387,2979,1,0,0,0,0,1,14643.48822,0,0,0,0,0,79,29,6.828973978e-05,6.828973915e-05,0.2107420372
4912,0.7578125,0.7421875,264.5291258,264.5291258,7,2658,3449,0,0,0,0,0,0,1e+300,-22.18153,461.2228943,0,0,0,0,0,0,0,0
4913,0.7734375,0.7421875,276.9301989,276.9301989,7,3449,3195,1,0,0,0,0,1,1e+300,0,0,0,0,0,0,0,0,0,0
4914,0.7734375,0.7265625,267.5099836,267.5099836,7,3449,2979,1,0,0,0,0,1,10746.1777,0,0,0,0,0,47,18,9.305634315e-05,9.305634167e-05,0.3381382473
4915,0.75,0.703125,255.6525847,171.4386369,6,2892,2978,0,0,0,0,0,0,6982.960127,-82.09685841,4179.735499,9.604384497e-05,0,0,15,7,0.000143205744,0.0001432057414,1.076507153
4916,0.734375,0.71875,261.2104031,250.7074128,6,2978,2974,0,0,0,0,0,0,646.3135399,-10.51305867,608.5388341,9.604384497e-05,0,0,111,60,0.001547236656,0.001547236647,7.280493359
4917,0.75,0.734375,263.330098,263.330098,6,2978,2658,1,0,0,0,0,1,85447.8244,0,0,0,0,0,63,25,1.170304811e-05,1.170304797e-05,0.08421386924
4918,0.765625,0.71875,262.8502251,262.8502251,6,2978,2979,1,0,0,0,0,1,1000.939301,0,0,0,0,0,55,24,0.0009990615805,0.0009990615735,2.291299746
4919,0.7578125,0.7265625,389.1512039,389.1512039,7,3449,2978,1,1,1,0,0,1,4028.581069,126.0541878,3487.702347,3.849535641e-05,0,67.42726883,28,28,0.0002482263564,0.0002482263564,1.429710115
4920,0.7734375,0.734375,272.2200912,272.2200912,7,4387,3449,1,0,0,0,0,1,1e+300,0,0,0,0,0,0,0,0,0,0
4921,0.79296875,0.73828125,285.0783432,206.0469453,8,3450,4391,0,0,0,0,0,0,716152.8507,25.16555932,26964.11965,3.568997116e-05,0,0,3,1,1.396349954e-06,1.396348975e-06,0.02320217642
4922,0.78515625,0.73828125,279.9869737,77.60765624,8,4391,4387,0,0,0,0,0,0,639.2871336,-98.80585966,625.0264432,3.568997116e-05,0,0,3,3,0.001564242337,0.001564242337,0.3467884319
4923,0.78515625,0.74609375,284.7108641,195.0971358,8,4391,3195,0,0,0,0,0,0,684.5213685,13.97757371,668.1969509,3.568997116e-05,0,0,1,1,0.001460874775,0.001460874775,0.323021496
4924,0.8046875,0.75,299.801233,316.8766774,7,2919,4386,0,0,0,0,0,0,99.97246668,17.37420729,99.58920006,3.849535641e-05,0,0,4,2,0.01000275409,0.01000275409,0.651118157
4925,0.796875,0.7421875,289.9859731,290.3285474,7,4386,3450,0,0,0,0,0,0,1.524587493e+12,-6.312818414e-06,25977.15871,3.849535641e-05,0,0,2,0,6.559151275e-13,0,0.6559151275
4926,0.7890625,0.75,289.618494,281.659608,7,4386,3195,0,0,0,0,0,0,105.5758203,-8.90712186,105.1484781,3.849535641e-05,0,0,7,4,0.009471865784,0.009471865783,0.6174555428
4927,0.7890625,0.7734375,316.1630032,324.1943667,7,2960,3673,0,0,0,0,0,0,2290.050999,6.775424188,2104.523897,3.849535641e-05,0,0,11,5,0.0004366714979,0.000436671496,2.409635399
4928,0.8046875,0.7734375,325.4470232,283.4981456,7,3673,3196,0,0,0,0,0,0,98.10567201,-44.29628376,97.73655887,3.849535641e-05,0,0,13,7,0.01019309057,0.01019309057,1.070896723
4929,0.8046875,0.7578125,308.6494027,299.2748433,7,3673,2919,0,0,0,0,0,0,60.02444747,-9.178364342,59.88607097,3.849535641e-05,0,0,14,8,0.01665987847,0.01665987847,1.282438598
4930,0.7890625,0.7578125,298.4666638,254.3679508,7,3673,3195,0,0,0,0,0,0,474.7923002,-45.14951667,466.2701415,3.849535641e-05,0,0,16,8,0.002106184114,0.002106184111,0.3940698518
4931,0.796875,0.7578125,303.5580332,304.0857487,7,4386,3673,0,0,0,0,0,0,33.36187045,0.1004111283,33.31907952,3.849535641e-05,0,0,10,6,0.02997433856,0.02997433856,1.807712456
4932,0.79296875,0.74609375,289.8022336,185.5874323,8,4391,4386,0,0,0,0,0,0,5.417102155e+14,5.554031191e-08,28019.0756,3.568997116e-05,0,0,1,0,1.846005431e-15,0,0.001846005431
4933,0.1484375,0.4609375,-86.08605611,-123.8792258,7,3024,3846,0,0,0,0,0,0,177.2534495,-33.2963166,176.052169,3.849535641e-05,0,0,23,9,0.005641639149,0.005641639141,4.83954135
4934,0.1484375,0.4453125,-117.4611485,-117.4611485,7,3846,3842,1,0,0,0,0,1,1e+300,0,0,0,0,0,0,0,0,0,0
4935,0.1328125,0.4453125,-140.4865349,-140.4865349,7,3846,2766,1,0,0,0,0,1,83.71285415,0,0,0,0,0,176,85,0.01194559677,0.01194559676,7.465179432
4936,0.125,0.484375,-154.0277931,-2.039394348,6,2689,3841,0,0,0,0,0,0,220.6075071,151.5102023,216.0302594,9.604384497e-05,0,0,90,40,0.004532937312,0.0045329373,7.574075921
4937,0.140625,0.46875,-108.7333018,-242.1756262,6,3841,3024,0,0,0,0,0,0,279.1469535,-130.6038212,271.8583372,9.604384497e-05,0,0,76,31,0.003582342517,0.003582342503,4.558337852
4938,0.125,0.453125,-161.4777694,-161.4777694,6,3841,2766,1,0,0,0,0,1,3.74098271,0,0,0,0,0,283,137,0.2673094418,0.2673094418,0.7306475861
4939,0.078125,0.453125,-359.2172126,512.6932554,6,2737,3208,0,0,0,0,0,0,611.8668983,878.9403313,577.9056654,9.604384497e-05,0,0,18,13,0.001634342375,0.001634342375,0.1299060689
4940,0.078125,0.484375,-347.1179906,-291.9214884,6,3208,2763,0,0,0,0,0,0,80481.78616,30.96269655,9219.222521,9.604384497e-05,0,0,4,3,1.242517155e-05,1.242517154e-05,0.02496115552
4941,0.109375,0.484375,-219.8407435,194.1941662,6,3208,2689,0,0,0,0,0,0,1570.638425,416.0008464,1364.763623,9.604384497e-05,0,0,47,23,0.0006366837741,0.0006366837722,1.663653487
4942,0.109375,0.453125,-229.7314262,-229.7314262,6,3208,2766,1,0,0,0,0,1,11.46252564,0,0,0,0,0,145,78,0.08724080813,0.08724080812,0.5160882032
4943,0.109375,0.46875,-223.7160277,-228.9926651,6,3841,3208,0,0,0,0,0,0,699.4201186,-3.222870627,655.3940265,9.604384497e-05,0,0,68,34,0.001429755841,0.001429755836,4.779658882
4944,0.1328125,0.4609375,-135.2558316,-182.1578501,7,3846,3841,0,0,0,0,0,0,178.6727418,-45.63403503,177.4522129,3.849535641e-05,0,0,93,41,0.005596824619,0.005596824609,5.085890188
4945,0.15625,0.4453125,-104.4213584,-104.4213584,7,3842,4152,0,0,0,0,0,0,1e+300,0,1e+300,0,0,0,0,0,0,0,0
4946,0.1484375,0.453125,-101.0386668,-101.0386668,7,4152,3846,0,0,0,0,0,0,1e+300,0,1e+300,0,0,0,0,0,0,0,0
4947,0.15625,0.4609375,-74.51613696,-74.51613696,7,4152,3024,0,0,0,0,0,0,1e+300,0,1e+300,0,0,0,0,0,0,0,0
4948,0.1640625,0.453125,-77.89882851,-77.89882851,7,4152,3845,0,0,0,0,0,0,1e+300,0,1e+300,0,0,0,0,0,0,0,0
4949,0.90625,0.7421875,330.5458093,315.3643102,7,3164,4637,0,0,0,0,0,0,15775498.85,-15.1447124,25934.45347,3.849535641e-05,0,0,2,1,6.33894376e-08,6.338938662e-08,0.001885205131
4950,0.9140625,0.734375,322.1096543,322.1096543,7,4637,3749,1,1,1,0,0,1,653357580.7,0.7439861802,29133.38689,3.432334741e-05,0,52.96020334,1,1,1.530555441e-09,1.530555441e-09,3.682517158e-05
4951,0.90625,0.7265625,316.2278285,354.7627314,7,4637,3124,0,0,0,0,0,0,1673.810411,38.39208805,1572.488781,3.849535641e-05,0,0,307,145,0.0005974392282,0.0005974392253,1.164481238
4952,0.875,0.734375,330.4896672,330.4896672,6,2725,3182,1,0,0,0,0,1,39356.62465,0,0,0,0,0,10,6,2.540868301e-05,2.540868277e-05,0.1489228061
4953,0.890625,0.71875,312.3561117,312.3561117,6,3182,3124,1,0,0,0,0,1,144.1887452,0,0,0,0,0,542,270,0.006935354063,0.006935354027,11.64098451
4954,0.875,0.703125,299.3048455,300.3765178,6,3182,2918,0,0,0,0,0,0,799.7447589,0.08728620546,742.6977292,9.604384497e-05,0,0,45,20,0.001250398942,0.001250398932,7.558830042
4955,0.859375,0.71875,310.3025705,279.7190318,6,3182,2980,0,0,0,0,0,0,1051.52849,-30.94307125,955.0729597,9.604384497e-05,0,0,55,31,0.0009509965825,0.0009509965735,6.659209508
4956,0.8984375,0.7265625,318.3706669,318.3706669,7,3124,3748,1,0,0,0,0,1,189.4522494,0,0,0,0,0,686,340,0.005278374911,0.005278374888,7.665397634
4957,0.8828125,0.7265625,327.5384262,327.5384262,7,3748,3182,1,1,1,0,0,1,45992.86485,5.976488628,15804.34913,4.150078595e-05,0,27.31925735,6,6,2.174250296e-05,2.174250296e-05,0.3930213601
4958,0.8828125,0.7421875,336.0332635,161.2696642,7,3748,2725,0,0,0,0,0,0,10757.8369,-175.229059,7607.406325,3.849535641e-05,0,0,11,8,9.295548995e-05,9.295548993e-05,0.3690230308
4959,0.8984375,0.7421875,332.5105639,332.5105639,7,3748,3164,1,0,0,0,0,1,119538.9864,0,0,0,0,0,3,2,8.365471637e-06,8.365471631e-06,0.2110625843
4960,0.8984375,0.734375,326.0457455,326.0457455,7,4637,3748,1,1,1,0,0,1,26099764.65,0.5606657508,24073.70741,4.150078595e-05,0,44.25293303,1,1,3.831452174e-08,3.831452174e-08,0.0003439641704
4961,0.91796875,0.73828125,324.222587,323.9795745,8,3749,4641,0,0,0,0,0,0,3.853502305e+12,-3.028573872e-06,28019.07539,3.568997116e-05,0,0,1,0,2.595041915e-13,0,0.2595041915
4962,0.91015625,0.73828125,326.0517384,325.9761497,8,4641,4637,0,0,0,0,0,0,4.903885032e+12,5.340926748e-06,28019.07544,3.568997116e-05,0,0,1,0,2.039199519e-13,0,0.2039199519
4963,0.91015625,0.74609375,333.2107288,333.0453262,8,4641,3164,0,0,0,0,0,0,2.263450706e+12,-7.830806567e-06,28019.07525,3.568997116e-05,0,0,1,0,4.418033039e-13,0,0.4418033039
4964,0.9296875,0.75,332.2173455,168.9292234,7,2917,4636,0,0,0,0,0,0,28556.6718,-162.6592883,13602.95426,3.849535641e-05,0,0,14,4,3.501808639e-05,3.501808301e-05,1.18062873
4965,0.921875,0.7421875,326.8875065,218.0782373,7,4636,3749,0,0,0,0,0,0,74052.14433,-108.4376516,19231.00803,3.849535641e-05,0,0,2,1,1.350399788e-05,1.350399757e-05,0.6819645946
4966,0.9140625,0.75,335.8756483,293.8922033,7,4636,3164,0,0,0,0,0,0,589.0451219,-41.68944217,575.9843868,3.849535641e-05,0,0,6,4,0.001697662815,0.001697662814,0.07273546893
4967,0.9140625,0.7734375,355.8665963,429.9636882,7,3138,3537,0,0,0,0,0,0,108.8271342,73.51567858,108.3731225,3.849535641e-05,0,0,5,3,0.009188884803,0.009188884803,0.4668738128
4968,0.9296875,0.7734375,350.2098998,371.969249,7,3537,3165,0,0,0,0,0,0,3843.931384,21.00013957,3348.449555,3.849535641e-05,0,0,27,8,0.0002601503253,0.0002601503186,2.129433673
4969,0.9296875,0.7578125,338.8809949,268.7460986,7,3537,2917,0,0,0,0,0,0,1988.925221,-69.79786781,1847.474473,3.849535641e-05,0,0,38,10,0.0005027841116,0.0005027841027,3.199098007
4970,0.9140625,0.7578125,342.5392976,303.8826752,7,3537,3164,0,0,0,0,0,0,29.6539345,-38.65442494,29.62012199,3.849535641e-05,0,0,10,6,0.03372233792,0.03372233792,1.65386664
4971,0.921875,0.7578125,340.7101463,354.9310742,7,4636,3537,0,0,0,0,0,0,75.68220737,14.39054085,75.46235432,3.849535641e-05,0,0,18,7,0.01321314527,0.01321314526,0.5482146035
4972,0.91796875,0.74609375,331.3815774,331.3815774,8,4641,4636,0,0,0,0,0,0,1e+300,0,1e+300,0,0,0,0,0,0,0,0
4973,0.89453125,0.86328125,385.0370376,385.0370376,8,3602,4277,1,0,0,0,0,1,1168.473019,0,0,0,0,0,169,91,0.000855817793,0.0008558177882,2.033990232
4974,0.89453125,0.87109375,403.3620418,403.3620418,8,4277,3696,1,0,0,0,0,1,1e+300,0,0,0,0,0,0,0,0,0,0
4975,0.90234375,0.87109375,399.9544611,472.2651723,8,4277,3160,0,0,0,0,0,0,17928.84053,54.12155433,10933.02114,3.568997116e-05,0,0,9,6,5.577605526e-05,5.577605301e-05,3.075255395
4976,0.90234375,0.86328125,385.6723277,300.0943833,8,4277,3695,0,0,0,0,0,0,29303.54733,-92.37933236,14323.4602,3.568997116e-05,0,0,42,23,3.412556128e-05,3.412555943e-05,1.677551474
4977,0.90234375,0.875,400.3425345,434.2939348,8,3160,4284,0,0,0,0,0,0,200891008.3,-0.5607134537,28015.16821,3.568997116e-05,0,0,1,1,4.977823589e-09,4.977823589e-09,0.01151643389
4978,0.8984375,0.87109375,391.7792186,391.7792186,8,4284,4277,0,0,0,0,0,0,1e+300,0,1e+300,0,0,0,0,0,0,0,0
4979,0.89453125,0.875,383.9920497,383.9920497,8,4284,3696,0,0,0,0,0,0,1e+300,0,1e+300,0,0,0,0,0,0,0,0
4980,0.90625,0.8828125,437.774138,437.774138,7,3160,3701,0,0,0,0,0,0,1e+300,405.6519398,4471.0588,0,0,0,0,0,0,0,0
4981,0.8984375,0.890625,450.6800143,147.879613,7,3701,3697,0,0,0,0,0,0,3389.107432,-269.1840239,2997.976705,3.849535641e-05,0,0,3,2,0.0002950629392,0.0002950629388,0.5253710322
4982,0.90625,0.8984375,496.2868602,265.710921,7,3701,3128,0,0,0,0,0,0,10238.03745,-164.7003882,7343.743873,3.849535641e-05,0,0,3,2,9.767496996e-05,9.767496926e-05,1.636104821
4983,0.9140625,0.890625,477.8570904,397.0847375,7,3701,3700,0,0,0,0,0,0,476341.4776,-40.5416203,24633.76325,3.849535641e-05,0,0,1,1,2.099334295e-06,2.099334295e-06,0.04936374128
4984,0.89453125,0.88671875,427.8765914,89.99175802,8,3697,4290,0,0,0,0,0,0,3753.109646,-320.3980426,3309.771175,3.568997116e-05,0,0,1,1,0.0002664457195,0.0002664457195,0.4499128478
4985,0.90234375,0.88671875,444.2270762,157.6505897,8,4290,3701,0,0,0,0,0,0,2483.828479,-267.514494,2281.572199,3.568997116e-05,0,0,1,1,0.0004026042894,0.0004026042894,0.6798264304
4986,0.90234375,0.87890625,414.9707151,428.3044957,8,4290,3160,0,0,0,0,0,0,21414276.21,1.71180129,27982.46251,3.568997116e-05,0,0,1,1,4.669781927e-08,4.669781927e-08,0.1080376471
4987,0.89453125,0.87890625,398.6202303,398.6202303,8,4290,3696,0,0,0,0,0,0,1e+300,0.1172977769,17306.56743,0,0,0,0,0,0,0,0
4988,0.8984375,0.87890625,406.7954727,429.7230167,8,4284,4290,0,0,0,0,0,0,7027911.105,2.969815316,27907.81194,3.568997116e-05,0,0,1,1,1.422897907e-07,1.422897907e-07,0.3291942629
4989,0.03125,0.5078125,-496.6304422,-461.8071476,7,3555,4191,0,0,0,0,0,0,1489.948972,169.2874688,1409.126923,3.849535641e-05,0,0,31,14,0.0006711639251,0.0006711639185,2.806133355
4990,0.0234375,0.515625,-493.0959458,-659.3595008,7,4191,3561,0,0,0,0,0,0,575.2098041,-141.1364211,562.7489077,3.849535641e-05,0,0,11,6,0.001738496098,0.001738496096,0.4777696876
4991,0.03125,0.5234375,-425.9228259,-522.1485447,7,4191,3268,0,0,0,0,0,0,13847.87622,-40.76914093,9032.722283,3.849535641e-05,0,0,20,8,7.221323936e-05,7.221323566e-05,0.3225629165
4992,0.0390625,0.5234375,-394.1035141,-243.2692194,7,3268,3560,0,0,0,0,0,0,13.10527795,149.5575016,13.09866977,3.849535641e-05,0,0,50,24,0.07630513474,0.07630513474,1.056770065
4993,0.0546875,0.5234375,-383.1755744,-250.9207271,7,3560,3556,0,0,0,0,0,0,10.12771171,102.3917721,10.12376476,3.849535641e-05,0,0,54,29,0.09873898751,0.0987389875,1.466465207
4994,0.0546875,0.5078125,-359.2641294,-359.2641294,7,3560,2763,1,1,1,0,0,1,3539.601756,6.157881798,3115.138491,3.849535641e-05,0,197.1365465,17,17,0.0002825176584,0.0002825176584,0.6405591071
4995,0.0390625,0.5078125,-464.8111304,-369.2781024,7,3560,3555,0,0,0,0,0,0,1338.453104,173.2638313,1272.869485,3.849535641e-05,0,0,33,14,0.0007471311451,0.000747131141,2.06946231
4996,0.0390625,0.515625,-429.4573223,-282.846978,7,4191,3560,0,0,0,0,0,0,2310.429717,184.8373494,2121.72203,3.849535641e-05,0,0,30,11,0.0004328199176,0.0004328199138,1.232364942
4997,0.01953125,0.51171875,-526.6825058,-579.7602649,8,3561,4609,0,0,0,0,0,0,2399.500591,-27.30244425,2210.221413,3.568997116e-05,0,0,9,5,0.0004167533877,0.0004167533871,0.5306809341
4998,0.02734375,0.51171875,-494.863194,-474.5153239,8,4609,4191,0,0,0,0,0,0,515.5511914,115.9564271,506.2364373,3.568997116e-05,0,0,13,8,0.001939671592,0.001939671589,2.657351661
4999,0.02734375,0.50390625,-530.2170022,-534.3865799,8,4609,3555,0,0,0,0,0,0,1550.873785,130.9427774,1469.53413,3.568997116e-05,0,0,10,6,0.000644797797,0.0006447977947,2.727646742
5000,0.01953125,0.50390625,-562.036314,-627.3154269,8,4609,4190,0,0,0,0,0,0,3.041098284e+15,6.241577921e-08,28019.0756,3.568997116e-05,0,0,1,0,3.2882857e-16,0,0.00032882857
5001,0.98046875,0.92578125,493.8717847,385.6317205,8,3730,3973,0,0,0,0,0,0,3042.988125,-68.03598346,2744.882474,3.568997116e-05,0,0,75,33,0.0003286243518,0.0003286243429,3.538657339
5002,0.97265625,0.92578125,454.2044876,456.7372802,8,3973,3734,0,0,0,0,0,0,1140.167549,19.33377922,1095.585389,3.568997116e-05,0,0,70,33,0.0008770640778,0.000877064071,4.674733607
5003,0.97265625,0.93359375,499.8966429,483.8386879,8,3973,3132,0,0,0,0,0,0,1265.448171,31.9545545,1210.765394,3.568997116e-05,0,0,70,33,0.0007902338656,0.0007902338579,4.388542974
5004,0.9921875,0.9375,460.0814739,460.0814739,7,2935,3733,1,0,0,0,0,1,66819526.11,0,0,0,0,0,28,15,1.49656853e-08,1.496568519e-08,7.789114818e-05
5005,0.984375,0.9296875,505.5236441,458.9271369,7,3733,3730,0,0,0,0,0,0,938.9368327,8.420281063,906.1831088,3.849535641e-05,0,0,127,55,0.001065034372,0.001065034352,4.77575296
5006,0.9765625,0.9375,511.5485023,331.7230768,7,3733,3132,0,0,0,0,0,0,43809.3543,-117.0002083,16307.48568,3.849535641e-05,0,0,2,1,2.282617528e-05,2.282617452e-05,0.03512841154
5007,0.9765625,0.9609375,399.8556751,585.4332798,7,3130,3705,0,0,0,0,0,0,2935.336095,104.3291873,2637.326604,3.849535641e-05,0,0,8,3,0.0003406764908,0.0003406764901,0.1497877709
5008,0.9921875,0.9609375,357.2297222,446.6620567,7,3705,3134,0,0,0,0,0,0,194.2606561,-37.30241898,192.8187319,3.849535641e-05,0,0,6,2,0.005147722757,0.005147722756,0.7799750841
5009,0.9921875,0.9453125,489.5927536,489.5927536,7,3705,2935,1,0,0,0,0,1,1e+300,0,0,0,0,0,0,0,0,0,0
5010,0.9765625,0.9453125,474.3175599,437.461383,7,3705,3132,0,0,0,0,0,0,1270.532098,-40.82085137,1211.28848,3.849535641e-05,0,0,6,3,0.0007870718117,0.0007870718113,1.561832563
5011,0.984375,0.9453125,482.9569902,340.4120694,7,3733,3705,0,0,0,0,0,0,30574.84798,-115.37035,14044.55354,3.849535641e-05,0,0,2,1,3.270662214e-05,3.270662186e-05,0.05033395393
5012,0.98046875,0.93359375,508.5360732,363.4066855,8,3973,3733,0,0,0,0,0,0,3297.507507,-65.97763295,2950.293518,3.568997116e-05,0,0,75,33,0.0003032593551,0.0003032593463,3.301611963
5013,0.94140625,0.93359375,615.2196166,438.0511919,8,2900,3951,0,0,0,0,0,0,308157.5,0.1470504518,25683.78916,3.568997116e-05,0,0,24,15,3.245093824e-06,3.245093634e-06,0.07200372477
5014,0.94921875,0.93359375,535.2414102,408.8160594,8,3951,3735,0,0,0,0,0,0,1214.769052,-31.15359134,1164.291126,3.568997116e-05,0,0,61,26,0.0008232017419,0.0008232017337,2.555088393
5015,0.94921875,0.92578125,429.71764,369.4794688,8,3951,3729,0,0,0,0,0,0,1057.652379,-36.73533544,1019.180768,3.568997116e-05,0,0,61,26,0.0009454902388,0.0009454902305,2.85059761
5016,0.94140625,0.92578125,408.439153,408.439153,8,3951,3851,0,0,0,0,0,0,1e+300,-142.1639313,6976.072379,0,0,0,0,0,0,0,0
5017,0.9296875,0.9453125,669.9191915,669.9191915,7,2900,3709,0,0,0,0,0,0,1e+300,0,1e+300,0,0,0,0,0,0,0,0
5018,0.9140625,0.9453125,590.6857347,590.6857347,7,3709,3175,0,0,0,0,0,0,1e+300,0,1e+300,0,0,0,0,0,0,0,0
5019,0.9140625,0.9609375,593.8163645,593.8163645,7,3709,3129,0,0,0,0,0,0,1e+300,0,1e+300,0,0,0,0,0,0,0,0
5020,0.9296875,0.9609375,579.3176533,579.3176533,7,3709,3156,0,0,0,0,0,0,1e+300,0,1e+300,0,0,0,0,0,0,0,0
5021,0.9140625,0.9375,589.1204198,412.3241194,7,3175,3938,0,0,0,0,0,0,7379.084419,-52.15681973,5746.679776,3.849535641e-05,0,0,5,3,0.0001355181677,0.0001355181669,0.501095672
5022,0.921875,0.9453125,630.3024631,630.3024631,7,3938,3709,0,0,0,0,0,0,1e+300,0,1e+300,0,0,0,0,0,0,0,0
5023,0.9296875,0.9375,668.3538766,668.3538766,7,3938,2900,0,0,0,0,0,0,1e+300,15.63535903,16600.07315,0,0,0,0,0,0,0,0
5024,0.921875,0.9296875,622.7470307,413.7732983,7,3938,3699,0,0,0,0,0,0,6183.949043,-49.28893444,4994.897175,3.849535641e-05,0,0,18,8,0.0001617089651,0.0001617089601,0.6053417125
5025,0.92578125,0.92578125,639.5603361,454.1598299,8,3699,3946,0,0,0,0,0,0,1258118.612,-8.193049586,27408.6677,3.568997116e-05,0,0,13,5,7.948376172e-07,7.948362302e-07,0.4785388256
5026,0.92578125,0.93359375,645.5504536,473.2294176,8,3946,3938,0,0,0,0,0,0,1097415.445,3.493348737,27321.50627,3.568997116e-05,0,0,13,5,9.112319353e-07,9.112303291e-07,0.5639397035
5027,0.93359375,0.93359375,685.167182,470.289357,8,3946,2900,0,0,0,0,0,0,255561.761,-5.41119479,25250.66357,3.568997116e-05,0,0,19,11,3.912948464e-06,3.912948295e-06,0.08641897028
5028,0.93359375,0.92578125,478.3867184,478.3867184,8,3946,3851,0,0,0,0,0,0,1e+300,-215.1571883,5228.513658,0,0,0,0,0,0,0,0
5029,0.9375,0.92578125,397.7999096,397.7999096,8,3851,3950,0,0,0,0,0,0,1e+300,0,1e+300,0,0,0,0,0,0,0,0
5030,0.93359375,0.9296875,581.7769502,430.4627685,8,3950,3946,0,0,0,0,0,0,69577.0705,23.59674372,19975.02234,3.568997116e-05,0,0,19,11,1.437255108e-05,1.437254917e-05,0.4767704841
5031,0.9375,0.93359375,604.5803731,470.0378974,8,3950,2900,0,0,0,0,0,0,35890.04408,56.49803639,15734.93522,3.568997116e-05,0,0,43,26,2.786288024e-05,2.786286887e-05,1.522701331
5032,0.94140625,0.9296875,439.5424266,442.5715042,8,3950,3951,0,0,0,0,0,0,72365.46415,73.50188983,20198.46299,3.568997116e-05,0,0,24,15,1.381874644e-05,1.381874326e-05,1.331301112
5033,0.5390625,0.5234375,159.4385751,148.9641243,7,3000,3986,0,0,0,0,0,0,7.660710648,-8.884467226,7.658452157,3.849535641e-05,0,0,427,224,0.1305361925,0.1305361924,31.63831684
5034,0.5546875,0.5234375,149.7531072,260.5409939,7,3986,3071,0,0,0,0,0,0,23373.91048,118.2365427,12303.43733,3.849535641e-05,0,0,4,1,4.278274278e-05,4.278274254e-05,0.06731451677
5035,0.5546875,0.5078125,130.4455915,126.2355803,7,3986,2865,0,0,0,0,0,0,5.282545374,4.53317878,5.281471368,3.849535641e-05,0,0,1396,699,0.1893026807,0.1893026806,28.50250069
5036,0.546875,0.5,125.6345675,96.50764936,6,2865,3070,0,0,0,0,0,0,2.202722602,-22.66579745,2.202256698,9.604384497e-05,0,0,588,306,0.4539836287,0.4539836286,1.53487503
5037,0.53125,0.484375,139.6355096,110.6521905,6,3070,3015,0,0,0,0,0,0,0.8053865757,-31.723576,0.8053242819,9.604384497e-05,0,0,234,126,1.241639767,1.241639767,4.139928352
5038,0.515625,0.5,145.0055032,111.7719556,6,3070,2651,0,0,0,0,0,0,31.7038917,-38.48977177,31.60764756,9.604384497e-05,0,0,356,156,0.03154186904,0.03154186901,4.414290418
5039,0.53125,0.515625,154.6275511,126.9196768,6,3070,3000,0,0,0,0,0,0,7.082325294,-28.39996004,7.077511074,9.604384497e-05,0,0,741,358,0.1411965645,0.1411965643,37.42929465
5040,0.5390625,0.5078125,140.1310593,127.1177745,7,3986,3070,0,0,0,0,0,0,6.595181636,-10.12876736,6.593507651,3.849535641e-05,0,0,881,454,0.1516258467,0.1516258466,35.68227904
5041,0.5546875,0.53125,159.4068651,239.9364703,7,3071,3988,0,0,0,0,0,0,3141.47732,55.98698161,2802.557613,3.849535641e-05,0,0,4,2,0.0003183215723,0.0003183215722,0.5478519231
5042,0.546875,0.5234375,154.5958412,155.7498813,7,3988,3986,0,0,0,0,0,0,2506.676295,-25.67065268,2286.080088,3.849535641e-05,0,0,10,5,0.0003989346379,0.0003989346376,1.1353307
5043,0.5390625,0.53125,169.092333,153.779753,7,3988,3000,0,0,0,0,0,0,1225.702197,-45.71387595,1170.474702,3.849535641e-05,0,0,13,6,0.0008158588625,0.0008158588594,2.448301158
5044,0.515625,0.5625,85.92980121,57.80527408,6,2846,3089,0,0,0,0,0,0,266.4590293,-39.18316861,259.8100359,9.604384497e-05,0,0,38,20,0.003752922175,0.00375292217,6.463597291
5045,0.53125,0.578125,144.4982413,118.2503548,6,3089,3001,0,0,0,0,0,0,97.3132249,-27.61185349,96.41212476,9.604384497e-05,0,0,78,45,0.01027609558,0.01027609556,15.18802862
5046,0.546875,0.5625,157.4293755,172.5345773,6,3089,2840,0,0,0,0,0,0,26.33849634,16.18009278,26.27203726,9.604384497e-05,0,0,69,41,0.03796723956,0.03796723955,2.136682531
5047,0.53125,0.546875,147.8073276,181.3753382,6,3089,3000,0,0,0,0,0,0,1163.938563,30.07876314,1046.905863,9.604384497e-05,0,0,37,20,0.0008591518757,0.000859151873,1.264802681
5048,0.5390625,0.5390625,178.7460908,162.2619644,7,3000,3985,0,0,0,0,0,0,3221.702847,-16.18867688,2866.231143,3.849535641e-05,0,0,37,19,0.0003103948587,0.0003103948565,0.6611579668
5049,0.5390625,0.5546875,152.6183516,153.6595238,7,3985,3089,0,0,0,0,0,0,7.113997533,-0.1660060199,7.112049856,3.849535641e-05,0,0,54,30,0.140567943,0.140567943,3.649615819
5050,0.5546875,0.5546875,188.3681388,214.089571,7,3985,2840,0,0,0,0,0,0,16.64079515,30.58102026,16.630142,3.849535641e-05,0,0,51,28,0.06009328225,0.06009328224,2.100467641
5051,0.5546875,0.5390625,169.060623,147.9989896,7,3985,3071,0,0,0,0,0,0,1381.885443,-14.90751136,1312.087414,3.849535641e-05,0,0,29,16,0.0007236489863,0.0007236489861,2.576501715
5052,0.546875,0.5390625,173.9033569,293.3219178,7,3988,3985,0,0,0,0,0,0,2498.102673,91.29933407,2278.946937,3.849535641e-05,0,0,7,3,0.0004003038029,0.0004003038018,0.9912726458
5053,0.3203125,0.4453125,44.68461055,73.94335512,7,2783,3519,0,0,0,0,0,0,148.9260802,0.120534412,148.0771594,3.849535641e-05,0,0,63,26,0.006714740619,0.006714740604,11.46738716
5054,0.3203125,0.4609375,41.4241897,167.1297165,7,3519,3518,0,0,0,0,0,0,2924.267411,93.28640425,2628.387902,3.849535641e-05,0,0,4,1,0.0003419659899,0.0003419659892,0.4234934645
5055,0.3359375,0.4609375,22.28868573,33.28247798,7,3519,3291,0,0,0,0,0,0,3.977808642e+12,7.089507008e-07,25977.15898,3.849535641e-05,0,0,1,0,2.513946974e-13,0,0.2513946974
5056,0.3359375,0.4453125,56.46036647,98.8201383,7,3519,3292,0,0,0,0,0,0,174.7946048,13.81014109,173.6263114,3.849535641e-05,0,0,91,41,0.005721000377,0.005721000361,11.59002461
5057,0.1640625,0.3984375,-116.8029904,26.89225309,7,3023,4157,0,0,0,0,0,0,9632.727008,128.3326728,7027.005967,3.849535641e-05,0,0,4,2,0.0001038127624,0.0001038127622,0.1677676186
5058,0.1796875,0.3984375,-65.56071798,7.96279044,7,4157,3919,0,0,0,0,0,0,1030.074559,60.06724004,990.7868039,3.849535641e-05,0,0,8,3,0.000970803512,0.0009708035094,1.45467249
5059,0.1796875,0.3828125,-96.15989623,-103.3240148,7,4157,2789,0,0,0,0,0,0,41124.32009,-22.7149083,15920.55823,3.849535641e-05,0,0,4,1,2.431651144e-05,2.431651051e-05,0.0329507317
5060,0.171875,0.375,-109.6674575,-80.84360897,6,2789,3918,0,0,0,0,0,0,872.7894532,28.7189359,805.2855431,9.604384497e-05,0,0,6,2,0.0011457517,0.001145751698,1.514526937
5061,0.15625,0.359375,-107.9680052,-128.9448044,6,3918,3259,0,0,0,0,0,0,2.626501391,-21.19901279,2.625838999,9.604384497e-05,0,0,106,59,0.3807346165,0.3807346165,1.26390024
5062,0.140625,0.375,-157.3256741,-182.9184197,6,3918,2673,0,0,0,0,0,0,4.242451158,-25.53664058,4.240723227,9.604384497e-05,0,0,143,75,0.2357127903,0.2357127902,1.073158646
5063,0.15625,0.390625,-130.3944686,-130.3944686,6,3918,3023,1,0,0,0,0,1,3.964157274e+14,0,0,0,0,0,1,0,2.522604253e-15,0,0.002522604253
5064,0.1640625,0.3828125,-119.9890045,-119.9890045,7,4157,3918,0,0,0,0,0,0,1e+300,0,1e+300,0,0,0,0,0,0,0,0
5065,0.98828125,0.92578125,502.511215,491.9178422,8,3730,3974,0,0,0,0,0,0,1056.302878,17.24559256,1017.927598,3.568997116e-05,0,0,52,22,0.0009466981688,0.0009466981585,3.091955266
5066,0.98828125,0.93359375,517.1755035,469.2003691,8,3974,3733,0,0,0,0,0,0,1106.893875,18.8115051,1064.82784,3.568997116e-05,0,0,80,37,0.0009034289756,0.0009034289652,3.037013014
5067,0.99609375,0.93359375,301.8425338,301.8425338,8,3974,2935,1,1,1,0,0,1,18608.64271,-295.7031633,12079.12483,3.432334741e-05,0,146.0882379,19,19,5.373847063e-05,5.373847063e-05,0.1388197398
5068,0.9921875,0.921875,489.6976325,470.6817819,7,3739,3730,0,0,0,0,0,0,722.9051556,-0.04467634763,703.3324737,3.849535641e-05,0,0,2,1,0.001383307329,0.001383307329,0.5865468531
5069,1,0.9140625,464.0704675,447.9411035,7,3739,3133,0,0,0,0,0,0,1228.743052,-5.144948863,1173.247392,3.849535641e-05,0,0,2,1,0.0008138398004,0.0008138397999,0.3450825165
5070,1,0.9296875,480.3332419,480.3332419,7,2935,3739,1,0,0,0,0,1,1188.001866,0,0,0,0,0,38,23,0.0008417495196,0.000841749517,2.217361845
5071,0.99609375,0.92578125,501.3494919,501.3494919,8,3974,3739,0,0,0,0,0,0,1e+300,-115.1354045,4428.087192,0,0,0,0,0,0,0,0
5072,0.5625,0.5078125,125.6028575,118.1211294,7,2865,3987,0,0,0,0,0,0,1.76516442,-21.8160891,1.765044484,3.849535641e-05,0,0,1959,986,0.5665194633,0.566519463,114.3667076
5073,0.5546875,0.515625,140.0993493,151.291508,7,3987,3986,0,0,0,0,0,0,5.097355092,-6.718805591,5.096355062,3.849535641e-05,0,0,936,465,0.1961801723,0.1961801721,33.21207978
5074,0.5625,0.5234375,144.9103733,128.7468222,7,3987,3071,0,0,0,0,0,0,17.862355,-31.79244606,17.85008097,3.849535641e-05,0,0,3,1,0.05598365948,0.05598365948,0.8616267789
5075,0.5859375,0.5234375,161.8764101,126.7109745,7,3003,3475,0,0,0,0,0,0,42.38861397,-31.03174644,42.31955841,3.849535641e-05,0,0,185,79,0.02359124081,0.02359124078,4.805042471
5076,0.5859375,0.5078125,148.3504647,165.416063,7,3475,3068,0,0,0,0,0,0,51.46868452,17.15065449,51.36691098,3.849535641e-05,0,0,196,90,0.01942929005,0.01942929002,7.163090966
5077,0.5703125,0.5078125,131.2582031,133.0050715,7,3475,2865,0,0,0,0,0,0,6.202303582,11.33796019,6.200823074,3.849535641e-05,0,0,1171,599,0.1612304181,0.161230418,7.606145444
5078,0.5703125,0.5234375,150.5657189,113.1273007,7,3475,3071,0,0,0,0,0,0,365.9147784,-29.14186042,360.8320904,3.849535641e-05,0,0,13,3,0.002732876776,0.002732876773,0.04875395912
5079,0.5703125,0.515625,140.911961,134.4244399,7,3987,3475,0,0,0,0,0,0,6.824080574,-23.5505835,6.82228839,3.849535641e-05,0,0,1026,522,0.1465398876,0.1465398874,24.68108713
5080,0.53125,0.4453125,125.1204233,116.8354949,7,3103,4581,0,0,0,0,0,0,6.314803134,-9.741422626,6.313268438,3.849535641e-05,0,0,508,267,0.1583580642,0.1583580641,18.27581125
5081,0.5234375,0.453125,127.8054201,157.1547187,7,4581,3800,0,0,0,0,0,0,28.05967129,26.63482074,28.02939486,3.849535641e-05,0,0,157,81,0.03563833623,0.03563833622,4.991602973
5082,0.53125,0.4609375,137.6741303,105.5595171,7,4581,3015,0,0,0,0,0,0,796.3429038,-36.65541925,772.6567227,3.849535641e-05,0,0,10,7,0.001255740454,0.001255740453,0.6583060438
5083,0.5625,0.484375,120.2645739,103.8745369,6,2865,3069,0,0,0,0,0,0,78.15611858,-7.412948933,77.57381738,9.604384497e-05,0,0,61,29,0.01279490356,0.01279490355,0.1259879724
5084,0.578125,0.46875,138.2657719,121.5796574,6,3069,3016,0,0,0,0,0,0,2.009698056,2.343370671,2.00931022,9.604384497e-05,0,0,531,259,0.4975871859,0.4975871857,61.32311972
5085,0.5625,0.453125,128.8955224,118.5203379,6,3069,2835,0,0,0,0,0,0,10.17723869,-8.083506659,10.16730055,9.604384497e-05,0,0,734,364,0.09825847959,0.09825847955,11.71087817
5086,0.546875,0.46875,134.265516,111.0543406,6,3069,3015,0,0,0,0,0,0,235.4655922,-23.43546492,230.258296,9.604384497e-05,0,0,56,27,0.004246904997,0.004246904985,9.673200058
5087,0.5390625,0.4609375,141.265987,73.61558303,7,3015,3799,0,0,0,0,0,0,4256.262683,-72.47538232,3657.065803,3.849535641e-05,0,0,7,5,0.0002349479049,0.0002349479047,0.7646788856
5088,0.5546875,0.4609375,131.5805192,147.880576,7,3799,3069,0,0,0,0,0,0,9.612468012,17.33375097,9.608912374,3.849535641e-05,0,0,205,106,0.1040315556,0.1040315555,16.65653482
5089,0.5546875,0.4453125,135.8959934,130.9046977,7,3799,2835,0,0,0,0,0,0,1.458713832,-7.300306715,1.458631925,3.849535641e-05,0,0,1331,659,0.6855354203,0.68553542,65.79526587
5090,0.5390625,0.4453125,128.71228,121.8560636,7,3799,3103,0,0,0,0,0,0,1.198653718,-8.596882897,1.198598411,3.849535641e-05,0,0,1481,740,0.8342693017,0.8342693013,41.19935638
5091,0.5390625,0.453125,134.9891335,144.8910088,7,4581,3799,0,0,0,0,0,0,5.244375968,6.619052932,5.243317426,3.849535641e-05,0,0,358,190,0.1906804558,0.1906804557,17.4172749
5092,0.52734375,0.46484375,139.0166287,95.58155261,8,3015,4588,0,0,0,0,0,0,1892.978233,-5.587905373,1773.181491,3.568997116e-05,0,0,5,3,0.0005282680922,0.0005282680922,0.1575676956
5093,0.52734375,0.45703125,132.7397752,96.35068906,8,4588,4581,0,0,0,0,0,0,717.5055143,3.000240515,699.5905731,3.568997116e-05,0,0,7,3,0.001393717512,0.001393717511,0.2438016432
5094,0.51953125,0.45703125,129.1479185,89.47441905,8,4588,3800,0,0,0,0,0,0,1.137724662e+12,-5.255724176e-07,28019.07491,3.568997116e-05,0,0,4,0,8.789472825e-13,0,0.8789472825
5095,0.5078125,0.4921875,152.0059743,169.1339042,7,2651,3797,0,0,0,0,0,0,11.71471494,7.271016957,11.70943443,3.849535641e-05,0,0,126,68,0.08536272588,0.08536272586,2.191987345
5096,0.5234375,0.4921875,142.3205064,132.1680466,7,3797,3070,0,0,0,0,0,0,2.908744687,-14.15070032,2.908419022,3.849535641e-05,0,0,142,72,0.3437909159,0.3437909158,1.119895338
5097,0.5234375,0.4765625,146.6359806,129.1146005,7,3797,3015,0,0,0,0,0,0,1.931164518,-24.86232579,1.931020965,3.849535641e-05,0,0,125,61,0.5178222728,0.5178222728,2.032176417
5098,0.5078125,0.4765625,142.0087532,122.0138324,7,3797,3102,0,0,0,0,0,0,13.39000509,-18.62916416,13.38310673,3.849535641e-05,0,0,97,53,0.07468257056,0.07468257054,1.077004961
5099,0.5078125,0.46875,137.0101427,124.0533572,7,3102,3801,0,0,0,0,0,0,890.020324,-5.979693985,860.5369099,3.849535641e-05,0,0,7,4,0.001123569848,0.001123569846,2.015031013
5100,0.515625,0.4765625,144.3223669,97.39192875,7,3801,3797,0,0,0,0,0,0,512.680413,-49.91803268,502.7580726,3.849535641e-05,0,0,24,10,0.001950532875,0.001950532868,4.301229079
5101,0.5234375,0.46875,141.6373701,83.82800612,7,3801,3015,0,0,0,0,0,0,542.3920531,-59.53897484,531.2987606,3.849535641e-05,0,0,18,7,0.001843684829,0.001843684823,3.347771622
5102,0.515625,0.4609375,131.7686599,115.6137128,7,3801,3800,0,0,0,0,0,0,17485.82107,-16.05822972,10451.00806,3.849535641e-05,0,0,3,1,5.718919325e-05,5.718919321e-05,0.5694265928
5103,0.51953125,0.46484375,136.703015,94.50249256,8,4588,3801,0,0,0,0,0,0,8.818313604e+12,-5.534583636e-07,28019.07551,3.568997116e-05,0,0,2,0,1.134003671e-13,0,0.1134003671
5104,0.0078125,0.5625,-610.8176114,-610.8176114,7,2748,3622,1,1,1,0,0,1,1701.921204,-212.6867204,1597.27408,3.849535641e-05,0,63.13422867,41,41,0.0005875712681,0.0005875712681,3.851341472
5105,0.015625,0.5703125,-469.5944023,-469.5944023,7,3622,3615,1,1,1,0,0,1,2375.280451,150.3374401,2176.286724,3.849535641e-05,0,136.7863576,18,18,0.0004210029176,0.0004210029176,2.677364853
5106,0.0234375,0.5625,-505.7476751,-505.7476751,7,3622,3271,1,1,1,0,0,1,98722.81778,29.85448402,14616.41019,6.377205195e-05,0,154.969578,4,4,1.012937052e-05,1.012937052e-05,0.08096872756
5107,0.015625,0.5546875,-544.0824171,-537.229781,7,3622,3562,0,0,0,0,0,0,118914.895,16.5470613,21319.8106,3.849535641e-05,0,0,9,5,8.409375464e-06,8.409374964e-06,0.6064784978
5108,0.5859375,0.4765625,142.9508967,148.3315551,7,3016,3353,0,0,0,0,0,0,14413.73822,-10.46768058,9270.107775,3.849535641e-05,0,0,6,4,6.937825459e-05,6.937825458e-05,0.1790443973
5109,0.5703125,0.4765625,129.2651729,222.8196563,7,3353,3069,0,0,0,0,0,0,76.47988154,64.31104214,76.25537653,3.849535641e-05,0,0,7,3,0.01307533406,0.01307533406,0.09263160021
5110,0.5703125,0.4921875,124.9496987,141.9365508,7,3353,2865,0,0,0,0,0,0,8.802682349,-8.913883997,8.799700462,3.849535641e-05,0,0,13,8,0.1136017364,0.1136017364,0.8030389329
5111,0.5859375,0.4921875,268.8684959,268.8684959,7,3353,3068,1,1,1,0,0,1,49667.25613,56.53304669,11930.46751,6.377205195e-05,0,222.9936541,1,1,2.013398923e-05,2.013398923e-05,0.001992428732
5112,0.046875,0.796875,-58.13419214,-58.13419214,6,2750,3147,1,0,0,0,0,1,57.28263088,0,0,0,0,0,104,61,0.01745729874,0.01745729874,1.117856521
5113,0.046875,0.765625,-80.85943211,-80.85943211,6,3147,2767,1,0,0,0,0,1,83.0797886,0,0,0,0,0,182,94,0.01203662186,0.01203662185,2.028254289
5114,0.015625,0.765625,281.0849516,281.0849516,6,3147,2660,1,1,1,0,0,1,726.2449006,325.9492914,678.891311,9.604384497e-05,0,46.78683142,40,40,0.001376945985,0.001376945985,3.494844722
5115,0.015625,0.796875,245.2363639,245.2363639,6,3147,2755,1,0,0,0,0,1,296.8182829,0,0,0,0,0,48,26,0.003369064703,0.003369064698,1.145516473
5116,0,0.796875,427.3543567,427.3543567,6,2755,3151,0,0,0,0,0,0,1e+300,69.3932175,583.5280802,0,0,0,0,0,0,0,0
5117,0.015625,0.78125,312.0016854,312.0016854,6,3151,3147,1,1,1,0,0,1,1930.747478,202.5932609,1628.722934,9.604384497e-05,0,108.1451223,18,18,0.0005179341222,0.0005179341222,2.15520351
5118,0,0.765625,257.3100004,257.3100004,6,3151,2660,1,1,1,0,0,1,17401.59139,214.2809895,11149.06752,5.13722157e-05,0,116.4002145,4,4,5.746600858e-05,5.746600858e-05,0.5349265468
5119,0.62109375,0.62890625,197.5732357,144.8927116,8,2704,4693,0,0,0,0,0,0,719.6729395,-21.22743228,701.6509599,3.568997116e-05,0,0,9,6,0.001389520079,0.001389520078,2.49080208
5120,0.61328125,0.62890625,166.2920481,219.283847,8,4693,3467,0,0,0,0,0,0,9781.286717,82.01515564,7250.264156,3.568997116e-05,0,0,4,2,0.000102236038,0.0001022360367,0.5355431138
5121,0.61328125,0.63671875,199.7094845,122.009943,8,4693,3461,0,0,0,0,0,0,4523.615653,-45.84060027,3894.807838,3.568997116e-05,0,0,4,2,0.0002210621053,0.0002210621042,0.3807228514
5122,0.625,0.6484375,196.0844916,182.2877974,7,3233,4534,0,0,0,0,0,0,7.993800102,-14.56966689,7.991340973,3.849535641e-05,0,0,276,120,0.1250969485,0.1250969485,1.364565513
5123,0.6328125,0.640625,200.4827424,194.3802248,7,4534,3409,0,0,0,0,0,0,5.347219729,-7.528420206,5.346119268,3.849535641e-05,0,0,168,82,0.1870130742,0.1870130742,1.453916446
5124,0.625,0.6328125,196.3649047,177.1516176,7,4534,2704,0,0,0,0,0,0,512.1826406,-21.01127084,502.2793724,3.849535641e-05,0,0,23,14,0.00195242853,0.001952428528,1.281821723
5125,0.6171875,0.640625,294.2908101,294.2908101,7,4534,3461,1,1,1,0,0,1,4176.55855,86.94676678,3249.732534,6.377205195e-05,0,62.63458658,7,7,0.000239431577,0.000239431577,0.17381908
5126,0.62109375,0.63671875,197.4330291,186.0030708,8,4693,4534,0,0,0,0,0,0,1288.592731,20.53563894,1231.936186,3.568997116e-05,0,0,9,5,0.0007760403856,0.0007760403841,1.428201229
5127,0.2265625,0.5859375,62.99656098,8.751612143,7,2937,3534,0,0,0,0,0,0,877.3802069,-25.0916057,848.71481,3.849535641e-05,0,0,14,9,0.001139756735,0.001139756734,2.70044701
5128,0.2421875,0.5859375,69.34285981,19.61659612,7,3534,3343,0,0,0,0,0,0,319.6233789,-13.00441148,315.7385271,3.849535641e-05,0,0,29,19,0.003128682274,0.00312868227,6.675531633
5129,0.2421875,0.5703125,18.97769043,-40.77625376,7,3534,2790,0,0,0,0,0,0,226.1558205,-20.83703307,224.2039127,3.849535641e-05,0,0,45,19,0.004421730106,0.004421730096,7.352775036
5130,0.2265625,0.5703125,24.73571573,-6.458482427,7,3534,3342,0,0,0,0,0,0,407.8220315,3.110047701,401.5184905,3.849535641e-05,0,0,30,9,0.00245204997,0.002452049962,3.886603473
5131,0.09375,0.5546875,-213.8640048,-207.2675509,7,3725,4670,0,0,0,0,0,0,1.384814937e+12,1.50599044e-06,25977.15866,3.849535641e-05,0,0,2,0,7.221181495e-13,0,0.7221181495
5132,0.1015625,0.546875,-213.225098,-214.2264353,7,4670,3910,0,0,0,0,0,0,92.64192769,-5.547032083,92.31271433,3.849535641e-05,0,0,36,18,0.01079424862,0.01079424861,3.621284965
5133,0.09375,0.5390625,-193.9638268,-228.2758368,7,4670,3267,0,0,0,0,0,0,86.66026163,-32.56794038,86.3721227,3.849535641e-05,0,0,49,26,0.01153931434,0.01153931434,4.603235712
5134,0.0703125,0.5546875,-295.5428896,-274.9159285,7,2744,3909,0,0,0,0,0,0,8.732721704e+11,3.853345447e-07,25977.15838,3.849535641e-05,0,0,2,0,1.145118365e-12,0,1.145118365
5135,0.0859375,0.5546875,-241.0902998,-270.1065078,7,3909,3725,0,0,0,0,0,0,11300.32244,-40.28949659,7874.734611,3.849535641e-05,0,0,4,1,8.849305011e-05,8.84930497e-05,0.1769886912
5136,0.0859375,0.5390625,-221.1901217,-275.5750082,7,3909,3267,0,0,0,0,0,0,183.3809051,-57.31765293,182.0954364,3.849535641e-05,0,0,57,27,0.005453130463,0.005453130452,5.597173283
5137,0.0703125,0.5390625,-313.539822,-263.7833531,7,3909,3556,0,0,0,0,0,0,92.02679232,23.25664486,91.70192868,3.849535641e-05,0,0,64,31,0.0108664007,0.01086640068,12.51321172
5138,0.0859375,0.546875,-231.1402107,-201.3101328,7,4670,3909,0,0,0,0,0,0,341.4615554,22.7270504,337.0313843,3.849535641e-05,0,0,16,8,0.002928587374,0.002928587373,2.103980999
5139,0.10546875,0.55078125,-222.8557336,-221.2429873,8,3910,4678,0,0,0,0,0,0,1912.56156,-40.26874011,1790.353353,3.568997116e-05,0,0,4,2,0.0005228589871,0.0005228589862,0.3817713698
5140,0.09765625,0.55078125,-213.5445514,-173.782569,8,4678,4670,0,0,0,0,0,0,2.661275952e+12,-6.55391915e-07,28019.0753,3.568997116e-05,0,0,1,0,3.757596048e-13,0,0.3757596048
5141,0.09765625,0.55859375,-223.4946404,29.49053526,8,4678,3725,0,0,0,0,0,0,8200.557048,209.0529317,6343.853073,3.568997116e-05,0,0,3,1,0.0001219429356,0.0001219429353,0.1963818878
5142,0.1171875,0.5625,-142.1352091,-118.3115386,7,2764,4669,0,0,0,0,0,0,47.93430503,27.0874653,47.84601726,3.849535641e-05,0,0,52,32,0.02086188585,0.02086188584,11.25950035
5143,0.109375,0.5546875,-195.9488921,-166.3212175,7,4669,3910,0,0,0,0,0,0,260.0832809,25.58855492,257.5051398,3.849535641e-05,0,0,17,10,0.003844922275,0.003844922271,2.583466064
5144,0.1015625,0.5625,-196.5877989,-368.5980516,7,4669,3725,0,0,0,0,0,0,14924.0803,-178.10013,9478.568726,3.849535641e-05,0,0,9,3,6.700580403e-05,6.700580327e-05,0.1192759509
5145,0.1015625,0.5859375,-183.3714509,-130.7971076,7,3266,4673,0,0,0,0,0,0,3.905244605,49.67446254,3.904657603,3.849535641e-05,0,0,244,127,0.2560659066,0.2560659065,1.11183912
5146,0.1171875,0.5859375,-128.9188611,-118.8090561,7,4673,3726,0,0,0,0,0,0,2.783286908,16.56359631,2.782988728,3.849535641e-05,0,0,253,117,0.35928743,0.3592874299,1.375060182
5147,0.1171875,0.5703125,-137.7297598,-119.6004555,7,4673,2764,0,0,0,0,0,0,77.92015758,22.45643126,77.68713004,3.849535641e-05,0,0,84,49,0.01283364961,0.0128336496,8.138526688
5148,0.1015625,0.5703125,-148.7188676,-148.7188676,7,4673,3725,1,1,1,0,0,1,244.742257,38.44147812,242.4579537,3.849535641e-05,0,47.87332349,28,28,0.004085931102,0.004085931102,2.38870756
5149,0.109375,0.5703125,-164.9560547,-170.3277521,7,4669,4673,0,0,0,0,0,0,105.3502986,-5.721406497,104.9247764,3.849535641e-05,0,0,44,28,0.00949214206,0.009492142056,6.550972599
5150,0.10546875,0.55859375,-196.2683455,-138.3544501,8,4678,4669,0,0,0,0,0,0,653.6451313,18.65848744,638.7441401,3.568997116e-05,0,0,6,3,0.001529882121,0.001529882119,1.180769726
5151,0.015625,0.75,92.05069126,92.05069126,6,2660,3317,1,1,1,0,0,1,1899.976178,148.5604488,1606.77097,9.604384497e-05,0,38.53056327,14,14,0.0005263223883,0.0005263223883,1.214616144
5152,0.03125,0.765625,-10.01940241,-10.01940241,6,3317,3147,1,1,1,0,0,1,207.0794811,52.81527111,203.0412524,9.604384497e-05,0,43.75278501,40,40,0.004829063676,0.004829063676,4.978715262
5153,0.046875,0.75,-92.22205209,-92.22205209,6,3317,2767,1,0,0,0,0,1,393.7566254,0,0,0,0,0,102,52,0.002539639807,0.002539639803,3.133478207
5154,0.046875,0.703125,-141.3172161,-141.3172161,6,2745,3241,1,0,0,0,0,1,11.55443641,0,0,0,0,0,455,223,0.08654684355,0.08654684352,1.12420888
5155,0.015625,0.703125,79.82637054,79.82637054,6,3241,2746,1,0,0,0,0,1,37.69642725,0,0,0,0,0,330,171,0.02652771291,0.0265277129,0.5063475016
5156,0.015625,0.734375,98.52432172,98.52432172,6,3241,2660,1,1,1,0,0,1,60.01035312,171.3277499,59.66645792,9.604384497e-05,0,71.63307429,179,179,0.0166637913,0.0166637913,16.72277953
5157,0.046875,0.734375,-108.5871068,-108.5871068,6,3241,2767,1,0,0,0,0,1,35.57991658,0,0,0,0,0,617,301,0.02810574324,0.02810574321,4.72136048
5158,0.03125,0.734375,-65.93079022,-81.83354846,6,3317,3241,0,0,0,0,0,0,71.49189297,8.88817034,71.00435179,9.604384497e-05,0,0,201,96,0.01398759997,0.01398759996,10.78063175
5159,0.0234375,0.7734375,-15.85511026,27.77520077,7,3147,5114,0,0,0,0,0,0,173.7669607,-87.00744354,172.6123188,3.849535641e-05,0,0,40,25,0.005754833921,0.005754833917,4.337970407
5160,0.0234375,0.7578125,-23.08084174,25.02299369,7,5114,3317,0,0,0,0,0,0,1028.223032,-78.26734388,989.0737029,3.849535641e-05,0,0,23,9,0.0009725516435,0.0009725516408,1.232810372
5161,0.0078125,0.7578125,6.670957566,-123.2782405,7,5114,2660,0,0,0,0,0,0,10035.44489,-244.4854336,7238.919707,3.849535641e-05,0,0,3,2,9.964680299e-05,9.964680298e-05,0.1516167663
5162,0.0078125,0.7734375,300.8087866,39.47048788,7,5114,3151,0,0,0,0,0,0,2727.286311,-236.0189903,2468.159527,3.849535641e-05,0,0,7,4,0.0003666648405,0.0003666648395,0.5178354258
5163,0,0.7734375,459.140735,274.3345023,7,3151,5118,0,0,0,0,0,0,1063.072979,10.67830907,1021.278805,3.849535641e-05,0,0,3,2,0.0009406691922,0.0009406691921,1.216922309
5164,0.0078125,0.765625,153.7398721,35.6870652,7,5118,5114,0,0,0,0,0,0,1096.754831,-233.4475056,1052.325674,3.849535641e-05,0,0,6,4,0.0009117808029,0.0009117808018,1.225483795
5165,0,0.7578125,165.002906,131.8035556,7,5118,2660,0,0,0,0,0,0,4106.207956,22.42964749,3545.734,3.849535641e-05,0,0,3,2,0.000243533696,0.0002435336956,0.3702125493
5166,0.0625,0.640625,-198.611754,-198.611754,6,2747,3618,1,0,0,0,0,1,72.21880299,0,0,0,0,0,136,72,0.0138468094,0.01384680939,9.533926824
5167,0.046875,0.65625,-218.4798182,-218.4798182,6,3618,3240,1,0,0,0,0,1,11.22029896,0,0,0,0,0,640,314,0.08912418499,0.08912418493,0.7686307573
5168,0.0625,0.671875,-194.8116315,-159.0897183,6,3618,2745,0,0,0,0,0,0,16.92488499,24.15544204,16.89741771,9.604384497e-05,0,0,711,363,0.05908459647,0.05908459641,5.291167755
5169,0.109375,0.640625,-115.9618095,-115.9618095,6,2680,3239,1,0,0,0,0,1,41.19231651,0,0,0,0,0,306,147,0.02427637202,0.024276372,2.685424368
5170,0.078125,0.640625,-171.0617725,-171.0617725,6,3239,2747,1,0,0,0,0,1,47.79060681,0,0,0,0,0,334,171,0.02092461399,0.02092461397,10.43427056
5171,0.078125,0.671875,-155.697938,-155.697938,6,3239,2745,1,0,0,0,0,1,4.699543394,0,0,0,0,0,860,432,0.2127866297,0.2127866297,1.028861892
5172,0.109375,0.671875,-111.1810864,-155.2816188,6,3239,2770,0,0,0,0,0,0,6.303092422,-41.54049127,6.299279007,9.604384497e-05,0,0,586,284,0.1586522826,0.1586522825,1.017692896
5173,0.078125,0.65625,-163.3798552,-163.3798552,6,3618,3239,1,0,0,0,0,1,7.232500535,0,0,0,0,0,315,168,0.1382647668,0.1382647668,0.5187779963
5174,0.0390625,0.6484375,-226.2773852,-236.5435648,7,3240,4733,0,0,0,0,0,0,13.26172014,-0.447643655,13.25495329,3.849535641e-05,0,0,356,185,0.07540499949,0.07540499946,0.7683695182
5175,0.0546875,0.6484375,-208.5457861,-208.5457861,7,4733,3618,1,0,0,0,0,1,52.31545801,0,0,0,0,0,192,93,0.01911480924,0.01911480922,13.05818575
5176,0.0546875,0.6328125,-238.7432393,-238.7432393,7,4733,2747,1,1,1,0,0,1,160.1500176,-22.50526147,159.1687371,3.849535641e-05,0,44.3919628,41,41,0.006244145426,0.006244145426,5.211985774
5177,0.0390625,0.6328125,-222.5710786,-215.3692352,7,4733,3617,0,0,0,0,0,0,221.3995118,20.45142996,219.5285026,3.849535641e-05,0,0,105,48,0.004516721793,0.004516721779,4.061267425
5178,0.0390625,0.625,-220.7179254,-277.5517783,7,3617,4738,0,0,0,0,0,0,182.5858142,-16.25260677,181.3114295,3.849535641e-05,0,0,47,21,0.005476876747,0.005476876735,6.102325785
5179,0.046875,0.6328125,-210.2293408,-202.5214323,7,4738,4733,0,0,0,0,0,0,147.3713275,49.12219061,146.5399898,3.849535641e-05,0,0,65,32,0.006785580459,0.006785580447,7.312314694
5180,0.0546875,0.625,-196.0344496,-297.0337712,7,4738,2747,0,0,0,0,0,0,2008.724862,-55.32095286,1864.545905,3.849535641e-05,0,0,21,4,0.0004978282585,0.0004978282548,0.4681335408
5181,0.0390625,0.6015625,-327.8585733,-327.8585733,7,3269,3621,1,1,1,0,0,1,34.68159792,-43.8793745,34.63535688,3.849535641e-05,0,31.62439187,204,204,0.02883373489,0.02883373489,36.66483724
5182,0.0390625,0.6171875,-238.1529832,-309.3464406,7,3621,3617,0,0,0,0,0,0,442.0200485,-57.56500399,434.6245983,3.849535641e-05,0,0,42,16,0.002262340822,0.002262340818,2.348962018
5183,0.0546875,0.6171875,-256.8997133,-256.8997133,7,3621,2747,1,1,1,0,0,1,213.1192214,-24.70010233,211.3849973,3.849535641e-05,0,49.01444344,58,58,0.004692209335,0.004692209335,3.625272401
5184,0.0625,0.609375,-230.5334141,-230.5334141,6,2747,3620,1,0,0,0,0,1,46.68041411,0,0,0,0,0,282,136,0.02142226069,0.02142226067,17.38033798
5185,0.078125,0.59375,-227.2231755,-227.2231755,6,3620,3266,1,0,0,0,0,1,9.532031428,0,0,0,0,0,159,84,0.1049094317,0.1049094317,0.4824314756
5186,0.0625,0.578125,-279.0128999,-279.0128999,6,3620,2744,1,0,0,0,0,1,43.06857296,0,0,0,0,0,122,63,0.02321878649,0.02321878648,0.1340008467
5187,0.046875,0.59375,-282.3231385,-282.3231385,6,3620,3269,1,0,0,0,0,1,8.364773702,0,0,0,0,0,281,138,0.1195489604,0.1195489604,0.5069314028
5188,0.0546875,0.6015625,-256.4282763,-256.4282763,7,3621,3620,1,0,0,0,0,1,29.50087868,0,0,0,0,0,274,128,0.03389729543,0.03389729541,0.1745230268
5189,0.046875,0.6171875,-225.8112454,-287.0297465,7,4738,3621,0,0,0,0,0,0,229.3000751,-19.42535226,227.2937558,3.849535641e-05,0,0,42,20,0.004361097568,0.004361097562,6.382506189
5190,0.03125,0.6171875,-250.4947211,-299.1093724,7,3617,4739,0,0,0,0,0,0,133.9405692,-3.497061187,133.2535022,3.849535641e-05,0,0,65,32,0.007465997836,0.00746599782,11.21793445
5191,0.0390625,0.609375,-255.5880411,-312.9008679,7,4739,3621,0,0,0,0,0,0,105.8420749,-10.9833339,105.4125789,3.849535641e-05,0,0,156,79,0.009448038513,0.009448038496,9.150619704
5192,0.03125,0.6015625,-327.8102761,-327.8102761,7,4739,3269,1,0,0,0,0,1,52.02328001,0,0,0,0,0,299,149,0.01922216361,0.01922216358,25.59051928
5193,0.0234375,0.609375,-359.6955323,-367.8476095,7,4739,3616,0,0,0,0,0,0,203.5947263,-21.71887953,202.0114712,3.849535641e-05,0,0,95,48,0.004911718581,0.004911718569,9.445667146
5194,0.01171875,0.60546875,-335.1921581,-335.1921581,8,3616,4730,1,1,1,0,0,1,409.9879794,23.33079572,404.0753622,3.568997116e-05,0,43.79410316,51,51,0.002439095901,0.002439095901,7.639274107
5195,0.01171875,0.59765625,-381.8941294,-381.8941294,8,4730,4293,1,0,0,0,0,1,194.150363,0,0,0,0,0,206,101,0.005150647078,0.005150647062,12.36502343
5196,0.00390625,0.59765625,-362.0681234,-362.0681234,8,4730,3270,1,1,1,0,0,1,285.7085161,-207.5851006,282.8245735,3.568997116e-05,0,40.55842343,36,36,0.003500070679,0.003500070679,5.062961063
5197,0.00390625,0.60546875,-263.1104707,-263.1104707,8,4730,4292,1,1,1,0,0,1,622.7957704,-92.11207982,609.2535477,3.568997116e-05,0,61.73307094,12,12,0.001605662799,0.001605662799,1.885184423
5198,0.01171875,0.61328125,-409.2026178,-329.7411876,8,3616,4731,0,0,0,0,0,0,2042.016146,-28.46255481,1903.304286,3.568997116e-05,0,0,21,9,0.0004897120927,0.000489712091,2.062248913
5199,0.00390625,0.61328125,-144.3674333,105.3269763,8,4731,4292,0,0,0,0,0,0,906.5377749,219.0811177,878.1265974,3.568997116e-05,0,0,12,7,0.001103097993,0.001103097991,2.453498228
5200,0.00390625,0.62109375,-324.6852824,185.3435112,8,4731,2685,0,0,0,0,0,0,7231.983564,471.6148218,5748.295201,3.568997116e-05,0,0,15,8,0.0001382746505,0.0001382746501,0.4836294856
5201,0.0234375,0.6484375,-250.960861,-283.1082038,7,3240,4734,0,0,0,0,0,0,4.631917316,-19.46455775,4.631091558,3.849535641e-05,0,0,694,339,0.2158933184,0.2158933184,1.090135657
5202,0.0234375,0.6328125,-263.367975,-263.367975,7,4734,3617,1,0,0,0,0,1,117.0406486,0,0,0,0,0,215,114,0.008544040146,0.008544040134,9.706134265
5203,0.0078125,0.6328125,-172.3120028,-172.3120028,7,4734,2685,1,1,1,0,0,1,112.9878479,126.5645785,112.4985346,3.849535641e-05,0,86.40348591,38,38,0.00885050931,0.00885050931,6.179459016
5204,0,0.671875,301.3902984,301.3902984,6,2746,3245,1,1,1,0,0,1,1005.577369,148.9865401,1093.468681,9.604384497e-05,0,125.2754967,35,35,0.0009944535654,0.0009944535654,2.514588014
5205,0.015625,0.65625,-135.4580064,-135.4580064,6,3245,3240,1,0,0,0,0,1,3.607331352,0,0,0,0,0,1134,572,0.2772132367,0.2772132366,2.252681861
5206,0,0.640625,-33.54077026,-33.54077026,6,3245,2685,1,1,1,0,0,1,79.39676992,260.379725,1611.367628,9.604384497e-05,0,112.7327047,55,55,0.01259497082,0.01259497082,0.1305620972
5207,0.0078125,0.6484375,-153.0739557,-153.0739557,7,4734,3245,1,0,0,0,0,1,24.14309784,0,0,0,0,0,223,120,0.0414197054,0.04141970538,0.7112152341
5208,0.0078125,0.625,-151.8330972,-151.8330972,7,2685,4736,1,1,1,0,0,1,402.2398243,146.907133,396.1063683,3.849535641e-05,0,88.71383957,11,11,0.002486079049,0.002486079049,1.507319576
5209,0.015625,0.6328125,-281.1228114,-281.1228114,7,4736,4734,1,0,0,0,0,1,122.7325796,0,0,0,0,0,67,39,0.008147795827,0.008147795823,8.399309215
5210,0.0234375,0.625,-245.4014011,-277.8022913,7,4736,3617,0,0,0,0,0,0,188.5060934,-14.57152919,187.1480332,3.849535641e-05,0,0,70,33,0.005304868305,0.00530486829,10.47787594
5211,0.015625,0.6171875,-354.6022122,-278.061921,7,4736,3616,0,0,0,0,0,0,326.7228028,35.68525983,322.6645505,3.849535641e-05,0,0,59,27,0.003060698523,0.003060698511,7.421944335
5212,0.01171875,0.62109375,-312.3435446,-336.0247656,8,4731,4736,0,0,0,0,0,0,3020.772489,-67.50800336,2726.793394,3.568997116e-05,0,0,17,8,0.0003310411505,0.0003310411483,1.398301941
5213,0.00390625,0.609375,-54.20850867,-29.47276089,8,4292,4742,0,0,0,0,0,0,1969.368645,107.2931605,1840.038399,3.568997116e-05,0,0,4,3,0.000507776948,0.000507776948,1.33198507
5214,0.0078125,0.61328125,-276.7850255,-175.8872708,8,4742,4731,0,0,0,0,0,0,3046.148765,103.1727234,2747.453922,3.568997116e-05,0,0,12,6,0.0003282833759,0.000328283375,1.018461814
5215,0.01171875,0.609375,-319.0436932,-269.5188017,8,4742,3616,0,0,0,0,0,0,764.8630685,54.77161112,744.5386952,3.568997116e-05,0,0,16,6,0.001307423565,0.00130742356,3.648026671
5216,0.0078125,0.60546875,-296.7135674,-306.8414823,8,4742,4730,0,0,0,0,0,0,649.5631929,29.4626535,634.8456354,3.568997116e-05,0,0,27,13,0.001539496097,0.001539496094,2.519567156
5217,0.01171875,0.57421875,-714.7957645,-714.7957645,8,3615,4760,1,0,0,0,0,1,615.8939155,0,0,0,0,0,96,51,0.001623656242,0.001623656236,0.03671026415
5218,0.01171875,0.56640625,-556.4406157,-556.4406157,8,4760,3622,1,1,1,0,0,1,5930.505299,39.88073175,4894.530961,3.568997116e-05,0,86.97584895,24,24,0.0001686196959,0.0001686196959,1.491239872
5219,0.00390625,0.56640625,-318.4064139,-128.9583343,8,4760,2748,0,0,0,0,0,0,6.172514677,367.165038,6.171155191,3.568997116e-05,0,0,218,108,0.1620085253,0.1620085252,1.19851137
5220,0,0.5859375,-100.2433418,-100.2433418,7,3270,4294,1,1,1,0,0,1,75.73070785,-83.23164524,75.51057326,3.849535641e-05,0,56.30670009,92,92,0.01320468313,0.01320468313,9.660216932
5221,0.0078125,0.578125,-408.982087,-408.982087,7,4294,3615,1,0,0,0,0,1,18.82580514,0,0,0,0,0,209,101,0.05311857808,0.05311857806,0.8943193751
5222,0,0.5703125,-185.0437645,106.7049827,7,4294,2748,0,0,0,0,0,0,55.44906445,297.0155676,55.33095877,3.849535641e-05,0,0,185,89,0.01803456938,0.01803456936,0.2906151406
5223,0.00390625,0.57421875,-298.3536936,-24.19417108,8,4760,4294,0,0,0,0,0,0,31.03878268,387.9692888,31.00443679,3.568997116e-05,0,0,234,114,0.03221775836,0.03221775832,0.4962177255
5224,0.00390625,0.5625,-373.7947537,-321.7844996,8,2748,5104,0,0,0,0,0,0,372.0809578,120.759816,367.2046423,3.568997116e-05,0,0,44,22,0.002687587147,0.002687587139,7.929085338
5225,0.0078125,0.56640625,-487.1046828,-505.1115333,8,5104,4760,0,0,0,0,0,0,346.8674996,159.2856573,342.6258968,3.568997116e-05,0,0,52,32,0.00288294522,0.002882945214,8.183516277
5226,0.01171875,0.5625,-711.1912916,-487.7714217,8,5104,3622,0,0,0,0,0,0,6825.796629,81.76430831,5488.684548,3.568997116e-05,0,0,12,6,0.0001465030464,0.0001465030447,0.425300195
5227,0.01171875,0.55078125,-517.6084168,-537.5021798,8,3562,4185,0,0,0,0,0,0,25245.11746,86.54768224,13279.93186,3.568997116e-05,0,0,18,11,3.961162001e-05,3.961161716e-05,1.264766141
5228,0.00390625,0.55078125,-544.703161,-619.2680168,8,4185,3563,0,0,0,0,0,0,26735.00109,1.133593436,13680.99075,3.568997116e-05,0,0,18,11,3.740415034e-05,3.740414796e-05,1.689349772
5229,0.00390625,0.55859375,-309.2671288,-565.992589,8,4185,2748,0,0,0,0,0,0,10234.13093,-94.45765766,7496.126843,3.568997116e-05,0,0,35,14,9.771225388e-05,9.771224965e-05,1.552289588
5230,0.01171875,0.55859375,-646.6636667,-601.2856662,8,4185,3622,0,0,0,0,0,0,30531.83716,-2.75932052,14610.76887,3.568997116e-05,0,0,11,5,3.275269663e-05,3.27526939e-05,0.3839726965
5231,0.0078125,0.55859375,-477.9653977,-561.9617557,8,5104,4185,0,0,0,0,0,0,5539.9838,77.8469939,4625.434315,3.568997116e-05,0,0,17,6,0.000180505943,0.0001805059384,0.8702926466
5232,0.015625,0.50390625,-591.2478908,-390.9778985,8,4190,4745,0,0,0,0,0,0,750.9419105,201.5176603,731.3411663,3.568997116e-05,0,0,4,2,0.001331660926,0.001331660926,1.000484429
5233,0.01171875,0.5078125,-704.3960095,-251.3592789,8,4745,4610,0,0,0,0,0,0,1007.802323,380.1236624,972.8118045,3.568997116e-05,0,0,11,6,0.0009922580815,0.0009922580803,0.9355357107
5234,0.015625,0.51171875,-512.1570544,-276.2471575,8,4745,3561,0,0,0,0,0,0,1800.984171,241.390795,1692.213631,3.568997116e-05,0,0,16,11,0.0005552519652,0.0005552519636,1.931787554
5235,0.01953125,0.5078125,-595.8174107,-652.2534557,8,4745,4609,0,0,0,0,0,0,8231.272235,-62.3668319,6362.218649,3.568997116e-05,0,0,7,3,0.0001214879027,0.0001214879016,0.9332143939
5236,0.013671875,0.513671875,-568.7311137,-646.6001009,9,3561,4748,0,0,0,0,0,0,1024.621979,-0.001045755716,0.2499390168,4,0,0,20,14,0.0009759696945,0.0009759696932,2.129078053
5237,0.013671875,0.509765625,-608.2765319,-683.9186778,9,4748,4745,0,0,0,0,0,0,571.8558724,0.1091804016,0.2498907545,4,0,0,18,12,0.001748692369,0.001748692368,2.356343917
5238,0.009765625,0.509765625,-760.9700689,-760.3292766,9,4748,4610,0,0,0,0,0,0,655.4943821,0.1147673576,0.2499046885,4,0,0,24,12,0.001525566088,0.00152556608,3.754979318
5239,0.00390625,0.515625,-845.5302972,-845.5302972,8,3565,4752,1,1,1,0,0,1,23665.80086,-260.5090668,12829.55249,3.568997116e-05,0,105.4001431,23,23,4.225506696e-05,4.225506696e-05,2.240321994
5240,0.0078125,0.51953125,-744.7432769,216.1952011,8,4752,4611,0,0,0,0,0,0,40.58865793,953.2444805,40.52994592,3.568997116e-05,0,0,50,26,0.02463742462,0.02463742462,0.1281843014
5241,0.01171875,0.515625,-739.5627463,-739.5627463,8,4752,3561,1,1,1,0,0,1,15464.72586,-224.4415658,9964.798513,3.568997116e-05,0,85.96742393,22,22,6.466328656e-05,6.466328656e-05,1.151412091
5242,0.0078125,0.51171875,-729.2657802,-335.96434,8,4752,4610,0,0,0,0,0,0,1403.045549,293.0288338,1336.138857,3.568997116e-05,0,0,20,10,0.0007127352355,0.000712735233,1.612895449
5243,0.009765625,0.513671875,-633.1463027,-681.413738,9,4748,4752,0,0,0,0,0,0,670.3851278,0.1243526456,0.2499068048,4,0,0,21,11,0.001491679869,0.001491679866,2.277784827
5244,0.0625,0.390625,-489.2600246,-493.6181231,6,2740,3228,0,0,0,0,0,0,6.241565037e+11,-1.760949431e-06,10411.91118,9.604384497e-05,0,0,3,0,1.602162269e-12,0,1.602162269
5245,0.046875,0.40625,-645.8553388,-643.4089957,6,3228,3206,0,0,0,0,0,0,5.287138316e+11,-3.272168442e-06,10411.91115,9.604384497e-05,0,0,3,0,1.891382333e-12,0,1.891382333
5246,0.0625,0.421875,-455.5165372,-455.5165372,6,3228,2737,0,0,0,0,0,0,1e+300,0,1e+300,0,0,0,0,0,0,0,0
5247,0.078125,0.40625,-390.9948693,-390.9948693,6,3228,3205,0,0,0,0,0,0,1e+300,0,1e+300,0,0,0,0,0,0,0,0
5248,0.0859375,0.4140625,-341.8622917,-341.8622917,7,3205,4787,0,0,0,0,0,0,1e+300,0,1e+300,0,0,0,0,0,0,0,0
5249,0.0703125,0.4140625,-423.2557033,-423.2557033,7,4787,3228,0,0,0,0,0,0,1e+300,0,1e+300,0,0,0,0,0,0,0,0
5250,0.0703125,0.4296875,-406.3839596,-287.3529414,7,4787,2737,0,0,0,0,0,0,482.4857005,142.3766511,473.6876818,3.849535641e-05,0,0,5,2,0.002072600284,0.002072600283,0.1629388538
5251,0.109375,0.4375,-233.8726245,-214.5347481,6,2766,3844,0,0,0,0,0,0,10.63736084,19.16127475,10.62650424,9.604384497e-05,0,0,50,30,0.09400828033,0.09400828032,0.8047898029
5252,0.09375,0.421875,-305.9109713,-305.9109713,6,3844,3205,1,0,0,0,0,1,1e+300,0,0,0,0,0,0,0,0,0,0
5253,0.078125,0.4375,-370.3874039,-235.3153475,6,3844,2737,0,0,0,0,0,0,37.38575564,134.8948426,37.25199595,9.604384497e-05,0,0,20,13,0.02674815536,0.02674815536,2.152057421
5254,0.09375,0.453125,-298.3942924,-273.2683021,6,3844,3208,0,0,0,0,0,0,38.67693379,24.72169015,38.53379302,9.604384497e-05,0,0,31,20,0.02585520366,0.02585520366,1.225816985
5255,0.0859375,0.4296875,-338.1265699,-259.9275566,7,4787,3844,0,0,0,0,0,0,110.1506286,101.5449523,109.6855304,3.849535641e-05,0,0,5,2,0.009078477466,0.009078477464,0.6948032225
5256,0.5859375,0.5,144.5816745,95.21857787,7,3068,3471,0,0,0,0,0,0,53.78911066,-48.30817445,53.6779634,3.849535641e-05,0,0,23,14,0.01859112351,0.01859112351,1.371652103
5257,0.578125,0.4921875,164.7993411,71.59525455,7,3471,3353,0,0,0,0,0,0,20.48141725,-92.55432887,20.46528162,3.849535641e-05,0,0,6,5,0.04882474624,0.04882474624,0.5363852271
5258,0.5703125,0.5,117.1014217,166.7424395,7,3471,2865,0,0,0,0,0,0,7.288867207,49.81398441,7.286822615,3.849535641e-05,0,0,153,83,0.1371955301,0.13719553,2.379715432
5259,0.578125,0.5078125,135.2540401,168.1923834,7,3471,3475,0,0,0,0,0,0,9.801938516,33.22612346,9.798241354,3.849535641e-05,0,0,169,91,0.1020206359,0.1020206358,2.343466085
5260,0.58203125,0.48828125,188.6483008,188.6483008,8,3353,5111,0,0,0,0,0,0,1e+300,0,1e+300,0,0,0,0,0,0,0,0
5261,0.58203125,0.49609375,154.6905078,129.8846433,8,5111,3471,0,0,0,0,0,0,76.71938668,-69.66675616,76.50989396,3.568997116e-05,0,0,1,1,0.01303451505,0.01303451505,0.7897191709
5262,0.58984375,0.49609375,168.4306342,142.7114462,8,5111,3068,0,0,0,0,0,0,345.9843756,-70.13910189,341.7642122,3.568997116e-05,0,0,2,1,0.002890303929,0.002890303928,0.1751141807
5263,0.6015625,0.4765625,130.775297,142.9331535,7,3016,3354,0,0,0,0,0,0,3124.679585,11.90708574,2789.18111,3.849535641e-05,0,0,9,4,0.0003200328138,0.0003200328108,0.6921226565
5264,0.6015625,0.4921875,150.2344137,173.8328941,7,3354,3068,0,0,0,0,0,0,2610.336511,24.15733003,2371.985563,3.849535641e-05,0,0,6,3,0.0003830923697,0.0003830923695,1.807066527
5265,0.6171875,0.4921875,153.518756,111.514977,7,3354,2717,0,0,0,0,0,0,3154.00653,-42.50940972,2812.524926,3.849535641e-05,0,0,8,6,0.000317057048,0.0003170570474,1.574744931
5266,0.6171875,0.4765625,162.3851969,110.97007,7,3354,3012,0,0,0,0,0,0,2070.170988,-47.67285785,1917.371848,3.849535641e-05,0,0,8,5,0.000483051886,0.0004830518842,3.549842426
5267,0.59375,0.4921875,148.5922426,80.97478943,7,3068,3470,0,0,0,0,0,0,16187.42804,-66.52636334,9972.904336,3.849535641e-05,0,0,5,1,6.17763364e-05,6.1776335e-05,0.2657795216
5268,0.6015625,0.484375,140.5048553,127.9378571,7,3470,3354,0,0,0,0,0,0,1699.053317,-12.41295882,1594.747781,3.849535641e-05,0,0,11,4,0.0005885630486,0.0005885630459,1.314605635
5269,0.59375,0.4765625,129.1331258,120.0040502,7,3470,3016,0,0,0,0,0,0,439.1146766,-8.847606299,431.8153239,3.849535641e-05,0,0,13,7,0.002277309444,0.00227730944,5.445797578
5270,0.5859375,0.484375,168.8099091,162.613621,7,3470,3353,0,0,0,0,0,0,3070.01628,-5.510362817,2745.544113,3.849535641e-05,0,0,6,4,0.0003257311717,0.0003257311712,0.7883942643
5271,0.58984375,0.48828125,158.7010758,203.5258,8,5111,3470,0,0,0,0,0,0,3.348066503e+13,7.025380455e-08,28019.07557,3.568997116e-05,0,0,1,0,2.986798497e-14,0,0.02986798497
5272,0.14453125,0.44921875,-113.4602013,-113.4602013,8,3846,4934,0,0,0,0,0,0,1e+300,0,1e+300,0,0,0,0,0,0,0,0
5273,0.15234375,0.44921875,-101.8608469,-101.8608469,8,4934,4152,0,0,0,0,0,0,1e+300,0,1e+300,0,0,0,0,0,0,0,0
5274,0.15234375,0.44140625,-117.298612,-117.298612,8,4934,3842,0,0,0,0,0,0,1e+300,0,1e+300,0,0,0,0,0,0,0,0
5275,0.1328125,0.4375,-153.9280204,-153.9280204,7,2766,4151,1,0,0,0,0,1,71.24526856,0,0,0,0,0,63,31,0.0140360198,0.01403601979,1.374296187
5276,0.140625,0.4453125,-128.9738417,-128.9738417,7,4151,3846,1,0,0,0,0,1,1e+300,0,0,0,0,0,0,0,0,0,0
5277,0.1484375,0.4375,-130.8171717,-130.8171717,7,4151,3842,0,0,0,0,0,0,1e+300,-564.6531966,1986.998288,0,0,0,0,0,0,0,0
5278,0.140625,0.4296875,269.181422,269.181422,7,4151,4155,1,1,1,0,0,1,1288.185101,414.4657849,1235.568352,3.505010254e-05,0,141.8016634,1,1,0.0007762859537,0.0007762859537,0.02112695234
5279,0.14453125,0.44140625,-128.8979664,-128.8979664,8,4934,4151,0,0,0,0,0,0,1e+300,0,1e+300,0,0,0,0,0,0,0,0
5280,0.03125,0.5703125,-395.9260005,-395.9260005,7,3271,3623,1,0,0,0,0,1,1388.894284,0,0,0,0,0,36,19,0.0007199972033,0.0007199972001,2.101293925
5281,0.0234375,0.578125,-312.0183982,-312.0183982,7,3623,3615,1,1,1,0,0,1,924.4846917,225.2937548,892.7144403,3.849535641e-05,0,163.984987,42,42,0.001081683676,0.001081683676,2.447043958
5282,0.03125,0.5859375,-340.007017,-331.110587,7,3623,3269,0,0,0,0,0,0,5.879988388,7.444987374,5.87865774,3.849535641e-05,0,0,164,89,0.1700683631,0.1700683631,1.037623777
5283,0.0546875,0.5703125,-304.9077621,-304.9077621,7,2744,3614,1,0,0,0,0,1,572.8062951,0,0,0,0,0,61,30,0.00174579087,0.001745790866,2.857321111
5284,0.0390625,0.5703125,-365.5865877,-365.5865877,7,3614,3271,1,0,0,0,0,1,270.6580738,0,0,0,0,0,86,43,0.003694698577,0.003694698571,6.261623692
5285,0.0390625,0.5859375,-308.2180007,-308.2180007,7,3614,3269,1,0,0,0,0,1,9.558388005,0,0,0,0,0,188,91,0.1046201514,0.1046201514,0.5185217111
5286,0.0546875,0.5859375,-283.2097391,-380.8983282,7,3614,3620,0,0,0,0,0,0,86.07084262,-100.2323907,85.78660348,3.849535641e-05,0,0,151,76,0.01161833636,0.01161833635,0.6350112138
5287,0.0390625,0.578125,-345.1003371,-384.4093854,7,3623,3614,0,0,0,0,0,0,268.6157308,-47.50995992,265.8665488,3.849535641e-05,0,0,96,40,0.003722790162,0.003722790155,6.460132487
5288,0.01953125,0.57421875,-544.6976359,-544.6976359,8,3615,4759,1,1,1,0,0,1,11316.12008,571.3992163,12065.58076,3.432334741e-05,0,105.1365839,9,9,8.836951115e-05,8.836951115e-05,0.3250821518
5289,0.02734375,0.57421875,-403.250585,-403.250585,8,4759,3623,1,1,1,0,0,1,6254.226537,64.42764597,5112.948932,3.568997116e-05,0,112.3502504,12,12,0.0001598918738,0.0001598918738,0.545068696
5290,0.02734375,0.56640625,-393.1532335,-393.1532335,8,4759,3271,1,1,1,0,0,1,3817.426101,117.7439776,3393.14544,3.432334741e-05,0,99.03885613,4,4,0.0002619566099,0.0002619566099,0.9645703895
5291,0.01953125,0.56640625,-717.4359265,-554.2735459,8,4759,3622,0,0,0,0,0,0,14068.08705,-6.089817101,9365.677554,3.568997116e-05,0,0,13,8,7.10828698e-05,7.108286953e-05,0.4575514004
5292,0.01953125,0.5625,-772.8242663,-520.6131364,8,3622,5106,0,0,0,0,0,0,5443.153633,-3.617310484,4557.739776,3.568997116e-05,0,0,6,3,0.0001837170264,0.0001837170256,1.16357918
5293,0.0234375,0.56640625,-610.3706323,-561.6910826,8,5106,4759,0,0,0,0,0,0,4345.843393,-24.76485394,3762.299377,3.568997116e-05,0,0,4,3,0.0002301049324,0.0002301049317,1.605885356
5294,0.02734375,0.5625,-558.693678,-434.7651975,8,5106,3271,0,0,0,0,0,0,48114.69519,30.41039712,17707.37569,3.568997116e-05,0,0,3,1,2.07836711e-05,2.078367022e-05,0.1805793836
5295,0.01953125,0.55078125,-579.2413916,-696.7044828,8,3562,4186,0,0,0,0,0,0,33396.48926,-156.075998,15236.18255,3.568997116e-05,0,0,10,7,2.994326716e-05,2.994326649e-05,0.6734814785
5296,0.01953125,0.55859375,-708.2966414,-477.0302518,8,4186,3622,0,0,0,0,0,0,114043.6935,38.0747167,22492.86629,3.568997116e-05,0,0,6,3,8.768569036e-06,8.76856832e-06,0.9938696565
5297,0.02734375,0.55859375,-494.166053,-467.7383763,8,4186,3271,0,0,0,0,0,0,14939.96599,-4.453638997,9744.259208,3.568997116e-05,0,0,6,2,6.693455664e-05,6.693455534e-05,0.7510725349
5298,0.02734375,0.55078125,-523.286192,-446.7002537,8,4186,3625,0,0,0,0,0,0,13332.97622,60.291913,9034.078171,3.568997116e-05,0,0,11,6,7.500200882e-05,7.500200677e-05,1.0078523
5299,0.0234375,0.55859375,-601.2313472,-503.8474604,8,5106,4186,0,0,0,0,0,0,5.305497107e+11,7.932884046e-06,28019.07412,3.568997116e-05,0,0,3,0,1.884837518e-12,0,1.884837518
5300,0.1328125,0.59375,-103.6821652,-96.38403151,7,3726,4861,0,0,0,0,0,0,2.953991017e+12,4.095830235e-07,25977.15892,3.849535641e-05,0,0,1,0,3.385250647e-13,0,0.3385250647
5301,0.140625,0.6015625,-198.2466801,-160.612069,7,4861,3721,0,0,0,0,0,0,1.369652808e+12,-1.336610467e-08,25977.15866,3.849535641e-05,0,0,1,0,7.301120358e-13,0,0.7301120358
5302,0.1484375,0.59375,-108.2721085,-108.2721085,7,4861,2936,0,0,0,0,0,0,1e+300,0,1e+300,0,0,0,0,0,0,0,0
5303,0.1484375,0.5859375,-112.3792047,-68.39884105,7,2936,3728,0,0,0,0,0,0,2564784.376,5.133218967,25716.69025,3.849535641e-05,0,0,1,1,3.898963239e-07,3.898963239e-07,0.0004823778719
5304,0.1484375,0.5703125,-84.5836294,-54.09127641,7,3728,3727,0,0,0,0,0,0,14160.27089,20.91223702,9164.602968,3.849535641e-05,0,0,2,1,7.062011792e-05,7.062011789e-05,0.08737087303
5305,0.1328125,0.5703125,-275.4886151,-275.4886151,7,3728,2764,1,1,1,0,0,1,8673.406535,-183.437776,6753.391301,3.432334741e-05,0,84.24936697,8,8,0.0001152949531,0.0001152949531,0.1709748723
5306,0.1328125,0.5859375,-165.8775655,-165.8775655,7,3728,3726,1,1,1,0,0,1,1916.150873,-74.79485489,1798.759107,3.432334741e-05,0,88.91497897,8,8,0.0005218795732,0.0005218795732,0.2600086386
5307,0.140625,0.5859375,-110.084233,-110.084233,7,4861,3728,0,0,0,0,0,0,1e+300,0,1e+300,0,0,0,0,0,0,0,0
5308,0,0.52734375,-634.5434788,-337.7765468,8,3272,4751,0,0,0,0,0,0,262.0163746,381.8280789,259.5888665,3.568997116e-05,0,0,24,7,0.003816555364,0.003816555359,1.480584714
5309,0.00390625,0.5234375,-690.4665273,-690.4665273,8,4751,4611,1,1,1,0,0,1,36980.82254,52.47644695,15941.07779,3.568997116e-05,0,59.78792883,22,22,2.704104266e-05,2.704104266e-05,2.421814175
5310,0,0.51953125,-698.3627542,-124.1058847,8,4751,3565,0,0,0,0,0,0,142.6604117,637.5824907,141.9377292,3.568997116e-05,0,0,64,32,0.007009653122,0.007009653112,5.101585442
5311,0.0234375,0.7890625,113.9288367,18.85675007,7,3147,5115,0,0,0,0,0,0,4292.921202,-78.01976313,3684.096506,3.849535641e-05,0,0,21,11,0.0002329416155,0.0002329416144,0.4644697274
5312,0.0078125,0.7890625,430.5927335,188.9283451,7,5115,3151,0,0,0,0,0,0,134989.6391,-68.65500198,21784.91078,3.849535641e-05,0,0,3,1,7.40797595e-06,7.407975612e-06,0.0215334868
5313,0.0078125,0.8046875,396.0227983,408.4540047,7,5115,2755,0,0,0,0,0,0,64192.64075,15.01933095,18493.35861,3.849535641e-05,0,0,13,7,1.557810971e-05,1.557810807e-05,1.825864428
5314,0.015625,0.8125,384.7597644,354.4955259,6,2755,3150,0,0,0,0,0,0,4045.602102,-35.7268735,2913.533547,9.604384497e-05,0,0,28,15,0.0002471819954,0.0002471819911,2.796995069
5315,0.03125,0.828125,160.6945357,98.42066019,6,3150,3148,0,0,0,0,0,0,1495.15542,-58.869802,1307.410632,9.604384497e-05,0,0,23,14,0.0006688267899,0.0006688267866,2.72691444
5316,0.046875,0.8125,106.7725252,106.7725252,6,3150,2750,1,1,1,0,0,1,12544.13385,-405.9639573,10786.34753,2.267583296e-05,0,82.97017187,4,4,7.97185371e-05,7.97185371e-05,0.09410343417
5317,0.03125,0.796875,93.55108587,93.55108587,6,3150,3147,1,0,0,0,0,1,153.4693233,0,0,0,0,0,38,20,0.006515960184,0.006515960182,0.8822626735
5318,0.0234375,0.8046875,243.7127836,259.7702344,7,5115,3150,0,0,0,0,0,0,351.8782023,17.8269153,347.1754755,3.849535641e-05,0,0,24,14,0.002841892432,0.00284189243,1.231622198
5319,0.0078125,0.78125,447.8777011,375.5529221,7,3151,5117,0,0,0,0,0,0,19762.21892,84.60287708,11223.72729,3.849535641e-05,0,0,7,3,5.060160522e-05,5.060160457e-05,0.2718860393
5320,0.015625,0.7890625,272.2607851,341.457888,7,5117,5115,0,0,0,0,0,0,1766.517084,62.93559647,1654.038025,3.849535641e-05,0,0,15,8,0.0005660856659,0.0005660856637,0.7241271742
5321,0.0234375,0.78125,131.2138042,-17.87720942,7,5117,3147,0,0,0,0,0,0,140.1904322,-148.1204206,139.4379302,3.849535641e-05,0,0,29,15,0.007133154414,0.007133154408,5.227430543
5322,0.015625,0.7734375,284.1681095,146.542267,7,5117,5114,0,0,0,0,0,0,300.8610983,-149.8861555,297.4164933,3.849535641e-05,0,0,21,10,0.003323792959,0.003323792954,2.044026516
5323,0.3671875,0.46875,78.54273885,78.54273885,7,3285,3523,0,0,0,0,0,0,1e+300,0,1e+300,0,0,0,0,0,0,0,0
5324,0.359375,0.4609375,90.31022361,90.31022361,7,3523,3522,0,0,0,0,0,0,1e+300,0,1e+300,0,0,0,0,0,0,0,0
5325,0.3515625,0.46875,5.120012534,10.00771557,7,3523,3291,0,0,0,0,0,0,2.970398583e+13,-2.377324861e-07,25977.15913,3.849535641e-05,0,0,1,0,3.366551565e-14,0,0.03366551565
5326,0.328125,0.546875,68.23156869,22.85722286,6,2794,3109,0,0,0,0,0,0,5621.408446,-48.05206891,3650.498285,9.604384497e-05,0,0,2,1,0.0001778913611,0.0001778913603,0.44673057
5327,0.359375,0.546875,115.0810034,115.0810034,6,3109,2814,0,0,0,0,0,0,1e+300,0,1e+300,0,0,0,0,0,0,0,0
5328,0.359375,0.515625,111.4593277,141.1164366,6,3109,2691,0,0,0,0,0,0,1298.042059,29.25964192,1154.154793,9.604384497e-05,0,0,12,7,0.0007703910615,0.000770391061,1.004839217
5329,0.328125,0.515625,86.92035651,-104.557768,6,3109,2813,0,0,0,0,0,0,2529.406489,-191.9849192,2035.028925,9.604384497e-05,0,0,4,2,0.0003953496619,0.0003953496617,0.101957036
5330,0.328125,0.5,96.26475042,62.83749337,6,2813,3517,0,0,0,0,0,0,31.6121701,-32.84858765,31.5164812,9.604384497e-05,0,0,10,6,0.03163338666,0.03163338666,1.18853435
5331,0.34375,0.515625,99.18984212,199.228106,6,3517,3109,0,0,0,0,0,0,214.4404499,99.58613305,210.1130281,9.604384497e-05,0,0,14,8,0.004663299301,0.004663299299,0.8234536026
5332,0.359375,0.5,120.8037216,91.186157,6,3517,2691,0,0,0,0,0,0,148.3858961,-28.92956744,146.3008814,9.604384497e-05,0,0,16,10,0.006739184966,0.006739184966,0.5013909708
5333,0.34375,0.484375,38.4714427,52.56770894,6,3517,3291,0,0,0,0,0,0,191.7830155,11.34651379,188.3143447,9.604384497e-05,0,0,8,5,0.005214226075,0.005214226074,1.045917181
5334,0.3515625,0.4765625,9.574788847,13.98875286,7,3291,3521,0,0,0,0,0,0,7.626094675e+12,6.529377767e-07,25977.15906,3.849535641e-05,0,0,1,0,1.311287156e-13,0,0.1311287156
5335,0.3515625,0.4921875,79.63758217,17.22559019,7,3521,3517,0,0,0,0,0,0,248.1079845,-63.4428696,245.7607225,3.849535641e-05,0,0,4,3,0.004030503098,0.004030503098,0.3102923742
5336,0.3671875,0.4921875,91.90706779,107.7096782,7,3521,2691,0,0,0,0,0,0,107.2367998,14.8263967,106.7959335,3.849535641e-05,0,0,4,3,0.00932515705,0.009325157049,0.6350333161
5337,0.3671875,0.4765625,82.99751516,82.99751516,7,3521,3285,0,0,0,0,0,0,1e+300,-1.557484097e-07,15680.8503,0,0,0,0,0,0,0,0
5338,0.359375,0.4765625,46.286152,49.45498187,7,3523,3521,0,0,0,0,0,0,1.490446777e+12,1.420197528e-06,25977.1587,3.849535641e-05,0,0,1,0,6.709397581e-13,0,0.6709397581
5339,0.34765625,0.46484375,11.00375491,11.00375491,8,3291,4897,0,0,0,0,0,0,1e+300,0,1e+300,0,0,0,0,0,0,0,0
5340,0.35546875,0.46484375,47.71511807,47.71511807,8,4897,3523,0,0,0,0,0,0,1e+300,0,1e+300,0,0,0,0,0,0,0,0
5341,0.35546875,0.45703125,96.19396599,95.4892735,8,4897,3522,0,0,0,0,0,0,112907.2025,-11.69948743,22448.30052,3.568997116e-05,0,0,1,1,8.856830902e-06,8.856830902e-06,0.02636263398
5342,0.34375,0.4453125,50.52027032,106.4767066,7,3292,4907,0,0,0,0,0,0,441.9664346,54.34393913,434.5727634,3.849535641e-05,0,0,56,29,0.002262615261,0.002262615255,4.107514737
5343,0.3359375,0.453125,59.36316348,74.30048436,7,4907,3519,0,0,0,0,0,0,258.8506972,15.15424712,256.2968148,3.849535641e-05,0,0,33,16,0.003863230854,0.003863230846,7.114375224
5344,0.34375,0.4609375,-4.220810308,0.4052487434,7,4907,3291,0,0,0,0,0,0,1.110687914e+12,1.21070666e-06,25977.15854,3.849535641e-05,0,0,1,0,9.003429202e-13,0,0.9003429202
5345,0.3515625,0.453125,223.9792644,223.9792644,7,4907,3522,1,1,1,0,0,1,21031.36749,140.6824414,12653.15175,3.432334741e-05,0,109.1730649,2,2,4.754802562e-05,4.754802562e-05,0.2818654008
5346,0.34765625,0.45703125,38.37429523,45.94979264,8,4897,4907,0,0,0,0,0,0,48020.53104,-12.03519519,17694.60613,3.568997116e-05,0,0,1,1,2.08244261e-05,2.08244261e-05,0.05465512197
5347,0.009765625,0.525390625,-761.854674,-761.854674,9,4611,4873,1,1,1,0,0,1,34623.67231,0.002152357156,0.2499972066,4,0,208.8580362,26,26,2.88819739e-05,2.88819739e-05,0.4043517937
5348,0.009765625,0.529296875,-804.1012544,-672.565641,9,4873,4605,0,0,0,0,0,0,24075.85533,-0.001162083551,0.2499974041,4,0,0,76,40,4.153538831e-05,4.15353787e-05,1.910067117
5349,0.013671875,0.529296875,-959.1586234,-784.2337368,9,4873,3564,0,0,0,0,0,0,27608.35675,-0.0007986215494,0.2499977362,4,0,0,67,34,3.622091706e-05,3.622090335e-05,7.992018952
5350,0.02734375,0.52734375,-419.3240859,-437.3871759,8,3268,4608,0,0,0,0,0,0,45749.44274,-12.44354043,17376.74991,3.568997116e-05,0,0,13,7,2.185818974e-05,2.18581876e-05,1.004374751
5351,0.02734375,0.51953125,-498.4149224,-620.8686515,8,4608,4191,0,0,0,0,0,0,281.8466949,-121.0674097,279.0398055,3.568997116e-05,0,0,19,9,0.003548028124,0.003548028117,0.7248314364
5352,0.01953125,0.51953125,-454.8491194,-483.9985554,8,4608,3561,0,0,0,0,0,0,315.0114844,-22.21124397,311.5092634,3.568997116e-05,0,0,16,8,0.003174487437,0.003174487435,1.023232122
5353,0.01953125,0.52734375,-706.0529805,-706.0529805,8,4608,3564,1,0,0,0,0,1,67280.10473,0,0,0,0,0,23,12,1.486323489e-05,1.48632339e-05,0.9020915787
5354,0.015625,0.52734375,-846.6286889,-846.6286889,8,3564,4612,1,0,0,0,0,1,35407.05091,0,0,0,0,0,43,23,2.824296219e-05,2.824295958e-05,1.541326428
5355,0.01953125,0.5234375,-582.4120398,-581.8994254,8,4612,4608,0,0,0,0,0,0,268.3133788,2.033285405,265.7683553,3.568997116e-05,0,0,10,5,0.00372698523,0.003726985229,0.8997143439
5356,0.015625,0.51953125,-600.1745566,-545.440205,8,4612,3561,0,0,0,0,0,0,1644.531738,56.91434375,1553.359932,3.568997116e-05,0,0,33,16,0.0006080758291,0.0006080758253,0.1523324848
5357,0.01171875,0.5234375,-824.2479944,-824.2479944,8,4612,4611,1,0,0,0,0,1,13777.44991,0,0,0,0,0,55,25,7.258237241e-05,7.258236759e-05,0.01631336554
5358,0.013671875,0.525390625,-662.1084158,-662.1084158,9,4873,4612,1,1,1,0,0,1,16665.83327,0.0005908948445,0.2499962499,4,0,152.2475183,12,12,6.000300039e-05,6.000300039e-05,2.581718481
5359,0.0078125,0.529296875,-726.5725699,-721.8165419,9,4605,4874,0,0,0,0,0,0,3420.403328,-0.009034264237,0.2499817286,4,0,0,32,19,0.0002923631818,0.0002923631774,1.979922684
5360,0.009765625,0.52734375,-857.9252443,-648.91838,9,4874,4873,0,0,0,0,0,0,25362.21426,-0.0002219929512,0.2499975357,4,0,0,38,20,3.942873402e-05,3.942873101e-05,1.40448855
5361,0.0078125,0.525390625,-811.1003353,-811.1003353,9,4874,4611,1,1,1,0,0,1,65230.92745,102.9839396,13001.87117,3.432334741e-05,0,130.7702173,9,9,1.53301515e-05,1.53301515e-05,1.920354989
5362,0.005859375,0.525390625,-826.9625927,-826.9625927,9,4611,4872,1,1,1,0,0,1,36733.19318,-0.0001704755373,0.2499982986,4,0,94.38659063,13,13,2.722333436e-05,2.722333436e-05,2.419008575
5363,0.001953125,0.525390625,-766.9177861,-816.182627,9,4872,4751,0,0,0,0,0,0,230.605321,0.4753851882,0.2497292677,4,0,0,37,15,0.004336413382,0.004336413375,2.461981592
5364,0.001953125,0.529296875,-673.9865157,-632.4522915,9,4872,3272,0,0,0,0,0,0,290.9459454,0.3988870878,0.2497853679,4,0,0,41,17,0.003437064568,0.003437064559,2.449153855
5365,0.005859375,0.529296875,-709.0438852,-737.6790835,9,4872,4605,0,0,0,0,0,0,3555.485524,0.0001133388629,0.2499824228,4,0,0,22,14,0.0002812555397,0.0002812555377,1.282025079
5366,0.005859375,0.52734375,-762.8678751,-713.9652886,9,4874,4872,0,0,0,0,0,0,1086.601512,0.06758732687,0.2499424944,4,0,0,14,10,0.0009203005785,0.0009203005771,3.523082846
5367,0,0.55859375,-322.8145009,-330.3454185,8,2748,4257,0,0,0,0,0,0,2013.500342,46.31445722,1878.507472,3.568997116e-05,0,0,24,11,0.0004966475442,0.0004966475384,3.557245936
5368,0.00390625,0.5546875,-534.1101571,-542.0058782,8,4257,4185,0,0,0,0,0,0,1861.590407,31.91843159,1745.611773,3.568997116e-05,0,0,29,13,0.0005371750929,0.0005371750834,3.43269735
5369,0,0.55078125,-558.2505331,-422.4030082,8,4257,3563,0,0,0,0,0,0,37530.82878,103.1235465,16042.42048,3.568997116e-05,0,0,5,2,2.664476199e-05,2.664476057e-05,0.9918839206
5370,0.01171875,0.58203125,-529.5035995,-529.5035995,8,3615,4761,1,0,0,0,0,1,50.75470917,0,0,0,0,0,171,82,0.01970260526,0.01970260525,0.2299343887
5371,0.00390625,0.58203125,-812.9250903,-812.9250903,8,4761,4294,1,1,1,0,0,1,151.1555035,-362.4583655,147.0801869,3.432334741e-05,0,142.9147057,73,73,0.006615703542,0.006615703542,0.08125773794
5372,0.00390625,0.58984375,-368.2244802,-368.2244802,8,4761,3270,1,1,1,0,0,1,172.7160691,-225.312157,171.6579295,3.568997116e-05,0,27.74095758,52,52,0.005789849231,0.005789849231,10.09340844
5373,0.01171875,0.58984375,-370.3226333,-370.3226333,8,4761,4293,1,0,0,0,0,1,196.5864171,0,0,0,0,0,224,110,0.005086821433,0.005086821416,8.029430592
5374,0.62109375,0.640625,198.418319,180.6545619,8,4534,5125,0,0,0,0,0,0,269.3002211,-65.24685067,266.7365317,3.568997116e-05,0,0,9,3,0.003713327809,0.003713327808,0.5157699165
5375,0.6171875,0.63671875,170.3641713,75.08779815,8,5125,4693,0,0,0,0,0,0,4264.365319,-138.7708699,3701.079279,3.568997116e-05,0,0,2,1,0.000234501485,0.0002345014846,0.2845817568
5376,0.61328125,0.640625,200.7208798,139.2882691,8,5125,3461,0,0,0,0,0,0,191.8042006,-108.9962548,190.5001346,3.568997116e-05,0,0,10,4,0.005213650153,0.005213650152,1.345742259
5377,0.6171875,0.65625,198.5193138,152.169223,7,3233,4535,0,0,0,0,0,0,296.6945496,-46.41864064,293.3441596,3.849535641e-05,0,0,168,80,0.003370469735,0.003370469731,0.9906588371
5378,0.609375,0.6484375,201.3470174,161.030013,7,4535,3461,0,0,0,0,0,0,4.460525528,-40.59367413,4.459759744,3.849535641e-05,0,0,577,273,0.2241888302,0.2241888301,5.771516779
5379,0.6015625,0.65625,203.1244355,162.4714923,7,4535,3035,0,0,0,0,0,0,12.98239757,-40.88259416,12.9759127,3.849535641e-05,0,0,397,198,0.07702737455,0.0770273745,4.137336853
5380,0.609375,0.6875,198.7213034,116.7203972,6,2870,3234,0,0,0,0,0,0,88.85583877,-81.6397295,88.10395465,9.604384497e-05,0,0,19,9,0.01125418446,0.01125418446,1.040508884
5381,0.59375,0.671875,204.3767107,194.3165089,6,3234,3035,0,0,0,0,0,0,488.9075856,-10.11526482,466.9798177,9.604384497e-05,0,0,40,26,0.002045376324,0.00204537632,6.769529297
5382,0.578125,0.6875,207.9315467,268.969275,6,3234,2841,0,0,0,0,0,0,52.54420903,61.0767026,52.28037362,9.604384497e-05,0,0,56,34,0.01903159299,0.01903159298,0.3631171035
5383,0.59375,0.703125,202.615321,152.039694,6,3234,3038,0,0,0,0,0,0,15.87409568,-50.85573839,15.84993073,9.604384497e-05,0,0,31,15,0.06299571452,0.06299571451,1.042266868
5384,0.6015625,0.6640625,202.5992926,235.8711716,7,3035,3464,0,0,0,0,0,0,4009.678646,33.16979722,3473.525986,3.849535641e-05,0,0,3,3,0.0002493965448,0.0002493965448,1.211020202
5385,0.6015625,0.6796875,201.549007,243.014426,7,3464,3234,0,0,0,0,0,0,3450.436704,41.61847581,3045.86701,3.849535641e-05,0,0,8,6,0.000289818387,0.0002898183863,1.403676069
5386,0.6171875,0.6796875,196.9438854,168.0326253,7,3464,2870,0,0,0,0,0,0,27.57559254,-28.59710213,27.5463512,3.849535641e-05,0,0,31,16,0.03626395329,0.03626395329,0.8447916053
5387,0.6171875,0.6640625,197.994171,142.5231207,7,3464,3233,0,0,0,0,0,0,108.0090908,-55.41203087,107.5618649,3.849535641e-05,0,0,28,14,0.009258479936,0.009258479932,0.2211581206
5388,0.609375,0.6640625,200.2967318,176.5918545,7,4535,3464,0,0,0,0,0,0,19950.80138,-23.72640846,11284.30561,3.849535641e-05,0,0,4,3,5.012329986e-05,5.012329912e-05,0.3811527962
5389,0.61328125,0.64453125,200.4583084,178.4269972,8,3461,4696,0,0,0,0,0,0,13.31244375,-22.3314902,13.30612173,3.568997116e-05,0,0,190,79,0.07511768831,0.07511768826,1.562753019
5390,0.61328125,0.65234375,199.9331656,200.8127331,8,4696,4535,0,0,0,0,0,0,5.17900487,0.7069577119,5.178047767,3.568997116e-05,0,0,346,154,0.1930872871,0.193087287,2.672676683
5391,0.62109375,0.65234375,197.6306048,204.2823058,8,4696,3233,0,0,0,0,0,0,28.78729296,6.559641864,28.75774674,3.568997116e-05,0,0,288,125,0.03473754901,0.03473754896,11.81640493
5392,0.62109375,0.64453125,198.1557476,189.6312857,8,4696,4534,0,0,0,0,0,0,36.60382296,-8.744090273,36.55606651,3.568997116e-05,0,0,131,50,0.02731955077,0.02731955074,8.620120028
5393,0.6171875,0.64453125,199.307028,163.1275179,8,5125,4696,0,0,0,0,0,0,73.16501995,-83.63909436,72.97446484,3.568997116e-05,0,0,17,6,0.01366773358,0.01366773357,2.500181996
5394,0.10546875,0.57421875,-175.8291829,-151.0338831,8,4673,5148,0,0,0,0,0,0,123.6863275,3.955276635,123.1427309,3.568997116e-05,0,0,18,12,0.008084968003,0.008084968,3.602393546
5395,0.10546875,0.56640625,-179.9362791,-167.382258,8,5148,4669,0,0,0,0,0,0,575.1445695,-9.050981083,563.5761031,3.568997116e-05,0,0,12,6,0.001738693283,0.001738693282,2.439712195
5396,0.09765625,0.56640625,-205.6059787,-157.9985636,8,5148,3725,0,0,0,0,0,0,102.8374964,22.88217209,102.4614356,3.568997116e-05,0,0,30,16,0.009724079589,0.009724079581,4.140610692
5397,0.0859375,0.5859375,-233.8427876,-146.7746605,7,3266,4674,0,0,0,0,0,0,32.57858897,78.79582724,32.53778254,3.849535641e-05,0,0,85,38,0.0306950065,0.03069500649,0.3032652901
5398,0.0859375,0.5703125,-232.2549552,-232.2549552,7,4674,3725,1,0,0,0,0,1,706.8261208,0,0,0,0,0,37,18,0.001414775106,0.001414775104,0.7267625956
5399,0.0703125,0.5703125,-277.3577807,-277.3577807,7,4674,2744,1,0,0,0,0,1,228.0740216,0,0,0,0,0,34,16,0.004384541443,0.00438454144,3.003208211
5400,0.0703125,0.5859375,-253.1180377,-253.1180377,7,4674,3620,1,0,0,0,0,1,4.825943445,0,0,0,0,0,109,63,0.2072133691,0.207213369,0.904468814
5401,0.09375,0.5703125,-216.3872804,-189.7465787,7,3725,4676,0,0,0,0,0,0,132.928165,19.95868456,132.251419,3.849535641e-05,0,0,37,21,0.007522860187,0.007522860182,2.823106295
5402,0.0859375,0.578125,-237.9498837,-183.3202055,7,4676,4674,0,0,0,0,0,0,13.80590309,45.59239948,13.79856965,3.849535641e-05,0,0,58,24,0.07243278428,0.07243278427,0.6025245289
5403,0.09375,0.5859375,-208.173088,-168.6106323,7,4676,3266,0,0,0,0,0,0,5.751377795,34.41039663,5.750104714,3.849535641e-05,0,0,135,62,0.173871381,0.173871381,1.336680047
5404,0.1015625,0.578125,-186.6104846,-183.9576993,7,4676,4673,0,0,0,0,0,0,41.92699932,-0.1440120039,41.8594384,3.849535641e-05,0,0,100,50,0.02385097947,0.02385097946,11.41334426
5405,0.09765625,0.57421875,-201.4988825,-175.372795,8,5148,4676,0,0,0,0,0,0,61.25526183,2.165823572,61.12163779,3.568997116e-05,0,0,36,22,0.01632512816,0.01632512816,7.273882013
5406,0.65234375,0.640625,279.2204923,286.8727113,8,3896,4876,0,0,0,0,0,0,1.041858587e+12,-3.242049786e-06,28019.07484,3.568997116e-05,0,0,7,0,9.598231584e-13,0,0.9598231584
5407,0.6484375,0.63671875,260.6290657,278.3345327,8,4876,4539,0,0,0,0,0,0,2.631953936e+11,-7.095400065e-06,28019.07261,3.568997116e-05,0,0,5,0,3.799458594e-12,0,3.799458594
5408,0.64453125,0.640625,230.1213153,223.9558693,8,4876,3409,0,0,0,0,0,0,947.6076461,-31.4644214,916.6078853,3.568997116e-05,0,0,5,1,0.001055289079,0.001055289078,0.8394515124
5409,0.6484375,0.6640625,208.1486424,102.22377,7,2972,3410,0,0,0,0,0,0,19468.33082,-106.5236762,11128.31941,3.849535641e-05,0,0,12,4,5.136547193e-05,5.136546797e-05,2.42460112
5410,0.6328125,0.6640625,199.8439542,262.3259197,7,3410,3233,0,0,0,0,0,0,211739.5533,62.37541088,23138.43237,3.849535641e-05,0,0,3,2,4.722783176e-06,4.722783148e-06,0.05019150652
5411,0.6328125,0.6796875,198.7936686,198.6450879,7,3410,2870,0,0,0,0,0,0,2.643685233e+12,3.214889318e-06,25977.15889,3.849535641e-05,0,0,1,0,3.782598576e-13,0,0.3782598576
5412,0.640625,0.6875,202.4208699,218.6612043,6,2870,3232,0,0,0,0,0,0,443379.9609,16.27036302,10173.01792,9.604384497e-05,0,0,8,2,2.255401886e-06,2.255401207e-06,0.005363886656
5413,0.65625,0.703125,235.9562304,225.1763533,6,3232,2973,0,0,0,0,0,0,47.64372557,-9.907353238,47.42670634,9.604384497e-05,0,0,47,24,0.02098912266,0.02098912266,1.168198321
5414,0.671875,0.6875,219.0302462,192.9995438,6,3232,2842,0,0,0,0,0,0,52.59432713,-26.98517216,52.32998944,9.604384497e-05,0,0,23,12,0.01901345743,0.01901345743,0.6194669854
5415,0.65625,0.671875,211.7758437,239.5969469,6,3232,2972,0,0,0,0,0,0,3282.612958,27.10374415,2495.762127,9.604384497e-05,0,0,13,5,0.000304635366,0.0003046353642,0.007347007975
5416,0.6484375,0.6796875,207.0983568,151.9160998,7,3410,3232,0,0,0,0,0,0,29383.73634,-55.52592218,13787.81879,3.849535641e-05,0,0,11,4,3.40324317e-05,3.403242759e-05,1.17641276
5417,0.6328125,0.65625,200.3690971,219.201744,7,3233,4533,0,0,0,0,0,0,15.33087563,18.59852313,15.32183318,3.849535641e-05,0,0,205,101,0.06522784637,0.06522784632,1.772589967
5418,0.640625,0.6640625,203.9962983,138.2364439,7,4533,3410,0,0,0,0,0,0,3301.046939,-66.11253354,2928.861879,3.849535641e-05,0,0,5,2,0.0003029341959,0.0003029341945,0.256687594
5419,0.6484375,0.65625,208.6737852,262.8170905,7,4533,2972,0,0,0,0,0,0,186.1204798,53.41693229,184.7964549,3.849535641e-05,0,0,156,80,0.005372863864,0.00537286386,0.273059471
5420,0.640625,0.6484375,205.046584,215.3426049,7,4533,3409,0,0,0,0,0,0,16.58349155,9.688203275,16.57291161,3.849535641e-05,0,0,330,167,0.06030093222,0.06030093216,2.125159652
5421,0.64453125,0.64453125,207.3853274,200.916735,8,3409,4538,0,0,0,0,0,0,19.37391334,-7.263256971,19.36052642,3.568997116e-05,0,0,130,69,0.05161579813,0.05161579811,1.617086387
5422,0.64453125,0.65234375,206.8601846,214.97163,8,4538,4533,0,0,0,0,0,0,33.86507655,7.444350051,33.82419515,3.568997116e-05,0,0,282,148,0.0295289455,0.02952894546,5.86518871
5423,0.65234375,0.65234375,211.0125287,228.2397724,8,4538,2972,0,0,0,0,0,0,36.66189194,16.31402378,36.61398394,3.568997116e-05,0,0,281,149,0.02727627919,0.02727627916,1.694222189
5424,0.65234375,0.64453125,218.1408749,218.1408749,8,4538,3896,1,1,1,0,0,1,1183.461117,-44.69212131,1109.631541,4.009955145e-05,0,39.50421005,6,6,0.0008449791767,0.0008449791767,1.300976451
5425,0.6484375,0.64453125,231.9349159,235.3309123,8,4876,4538,0,0,0,0,0,0,1520.92483,-21.96225679,1442.617034,3.568997116e-05,0,0,8,3,0.00065749469,0.0006574946884,0.5320091659
5426,0.21875,0.5078125,-2.324260908,131.9335848,7,3022,4816,0,0,0,0,0,0,94322.97369,112.6220609,20367.7489,3.849535641e-05,0,0,2,1,1.060187101e-05,1.060187098e-05,0.02689803365
5427,0.2109375,0.515625,-12.09122102,10.63608841,7,4816,3527,0,0,0,0,0,0,9.401635217e+11,-4.841398962e-07,25977.15843,3.849535641e-05,0,0,2,0,1.063644756e-12,0,1.063644756
5428,0.21875,0.5234375,-3.541765686,47.63142802,7,4816,2938,0,0,0,0,0,0,346.6734486,29.10965791,342.1079098,3.849535641e-05,0,0,22,7,0.002884558953,0.002884558945,3.385440119
5429,0.25,0.515625,25.52990682,-41.79370132,6,2661,3341,0,0,0,0,0,0,25.02513567,-67.22495414,24.96513172,9.604384497e-05,0,0,493,246,0.03995982333,0.03995982329,1.00703531
5430,0.234375,0.53125,5.995986607,11.00471636,6,3341,2938,0,0,0,0,0,0,70.02316976,2.924333556,69.55538929,9.604384497e-05,0,0,256,127,0.01428098733,0.0142809873,21.11961174
5431,0.25,0.546875,6.755075758,1.601499116,6,3341,2790,0,0,0,0,0,0,66.44686819,-5.468314376,66.02550578,9.604384497e-05,0,0,145,72,0.01504961825,0.01504961821,21.18673588
5432,0.265625,0.53125,28.45499853,49.71011255,6,3341,3110,0,0,0,0,0,0,211.6066918,20.32296778,207.3917611,9.604384497e-05,0,0,68,32,0.00472574847,0.004725748459,7.582842571
5433,0.2265625,0.5234375,5.616442032,4.949852071,7,2938,3526,0,0,0,0,0,0,67.3139947,-3.635815396,67.14001637,3.849535641e-05,0,0,170,82,0.01485575183,0.0148557518,17.56409987
5434,0.2421875,0.5234375,15.76294671,16.80670337,7,3526,3341,0,0,0,0,0,0,17.74334679,0.05088555611,17.73123571,3.849535641e-05,0,0,430,215,0.05635915319,0.05635915311,51.66889939
5435,0.2421875,0.5078125,25.15036225,16.72780311,7,3526,2661,0,0,0,0,0,0,16.63639028,-9.20873436,16.62574276,3.849535641e-05,0,0,381,192,0.06010919336,0.06010919331,41.59534488
5436,0.2265625,0.5078125,-66.02892464,-66.02892464,7,3526,3022,1,1,1,0,0,1,341.393293,-75.41695997,336.9648809,3.849535641e-05,0,45.85707739,35,35,0.002929172952,0.002929172952,2.635538791
5437,0.2265625,0.515625,6.225194421,28.41333056,7,4816,3526,0,0,0,0,0,0,287.6497729,1.216125452,284.499459,3.849535641e-05,0,0,42,17,0.003476449816,0.003476449809,4.276320162
5438,0.02734375,0.58984375,-391.6839714,-328.4379069,8,3269,4758,0,0,0,0,0,0,8.70651584,81.86830158,8.703811259,3.568997116e-05,0,0,182,94,0.1148565073,0.1148565073,0.7338457114
5439,0.02734375,0.58203125,-428.8910936,-367.3723313,8,4758,3623,0,0,0,0,0,0,6.938093362,71.61964021,6.936375774,3.568997116e-05,0,0,149,82,0.1441318166,0.1441318166,0.9603901391
5440,0.01953125,0.58203125,-427.8168337,-427.8168337,8,4758,3615,1,1,1,0,0,1,392.0829161,178.9401322,386.6720478,3.568997116e-05,0,72.00219669,57,57,0.002550480929,0.002550480929,6.095599012
5441,0.01953125,0.58984375,-451.997035,-451.997035,8,4758,4293,1,0,0,0,0,1,198.1798008,0,0,0,0,0,221,107,0.005045922923,0.005045922903,13.5635113
5442,0.015625,0.58984375,-432.704079,-432.704079,8,4293,4762,1,1,1,0,0,1,903.9123131,-87.72182712,875.6628924,3.568997116e-05,0,44.67177346,32,32,0.001106302,0.001106302,2.789244403
5443,0.01953125,0.5859375,-425.8753253,-425.8753253,8,4762,4758,1,1,1,0,0,1,442.3372354,-22.14906692,435.4625854,3.568997116e-05,0,52.74075964,49,49,0.002260718565,0.002260718565,5.9604942
5444,0.015625,0.58203125,-582.6052714,-411.02214,8,4762,3615,0,0,0,0,0,0,414.141638,93.14086996,408.1094928,3.568997116e-05,0,0,77,39,0.002414632841,0.002414632835,3.815766257
5445,0.01171875,0.5859375,-483.6843444,-364.8609159,8,4762,4761,0,0,0,0,0,0,169.8599148,-42.80862072,168.8363788,3.568997116e-05,0,0,106,48,0.005887204178,0.005887204169,3.238709193
5446,0.125,0.671875,-81.70755179,-134.8381104,6,2770,4715,0,0,0,0,0,0,4.397885484,-42.07513683,4.396028647,9.604384497e-05,0,0,191,89,0.2273820006,0.2273820006,1.235822026
5447,0.140625,0.65625,-75.907558,-66.59307141,6,4715,2945,0,0,0,0,0,0,62.80528887,8.351485369,62.42871503,9.604384497e-05,0,0,9,7,0.01592222595,0.01592222594,0.9366682916
5448,0.125,0.640625,-83.87505641,-121.426455,6,4715,2680,0,0,0,0,0,0,30.22920088,-26.43039197,30.14168965,9.604384497e-05,0,0,43,25,0.0330805966,0.0330805966,1.542615924
5449,0.109375,0.65625,-112.2648387,-140.8327775,6,4715,3239,0,0,0,0,0,0,2.520042462,-25.97510521,2.519432673,9.604384497e-05,0,0,309,141,0.3968187104,0.3968187103,2.058859595
5450,0.1484375,0.6640625,-71.9238088,-62.83068628,7,2945,4853,0,0,0,0,0,0,3.491185381e+12,-1.418164558e-06,25977.15895,3.849535641e-05,0,0,1,0,2.864356632e-13,0,0.2864356632
5451,0.1328125,0.6640625,-78.8075549,-107.5277337,7,4853,4715,0,0,0,0,0,0,571.374223,-25.76208728,559.0771782,3.849535641e-05,0,0,5,4,0.001750166458,0.001750166458,1.02014558
5452,0.1328125,0.6796875,-77.72380259,-127.2316433,7,4853,2770,0,0,0,0,0,0,505.3515097,-46.58254171,495.7081586,3.849535641e-05,0,0,5,4,0.001978820644,0.001978820644,1.305792233
5453,0.140625,0.6875,-73.74005339,-72.7114674,6,2770,4714,0,0,0,0,0,0,6.720884646e+12,-1.323434446e-07,10411.91134,9.604384497e-05,0,0,1,0,1.487899365e-13,0,0.1487899365
5454,0.15625,0.703125,-61.17820988,-53.35120272,6,4714,2946,0,0,0,0,0,0,2.704316144e+13,5.114704749e-08,10411.91135,9.604384497e-05,0,0,1,0,3.697792517e-14,0,0.03697792517
5455,0.171875,0.6875,-59.9725612,-59.9725612,6,4714,2742,0,0,0,0,0,0,1e+300,0,1e+300,0,0,0,0,0,0,0,0
5456,0.15625,0.671875,-67.9400596,-54.89305056,6,4714,2945,0,0,0,0,0,0,2.967755501e+14,-6.24062082e-08,10411.91135,9.604384497e-05,0,0,1,0,3.369549815e-15,0,0.003369549815
5457,0.1484375,0.6796875,-70.8400565,-61.71413821,7,4853,4714,0,0,0,0,0,0,1.772410999e+12,1.898256258e-06,25977.15877,3.849535641e-05,0,0,1,0,5.64203224e-13,0,0.564203224
5458,0.7578125,0.71875,262.2220457,263.0914875,7,2978,4918,0,0,0,0,0,0,1926.603111,2.448226325,1793.581638,3.849535641e-05,0,0,27,14,0.000519048264,0.0005190482611,2.007941032
5459,0.765625,0.7265625,266.1569719,206.9604095,7,4918,3449,0,0,0,0,0,0,7976.366137,-58.34197027,6102.55727,3.849535641e-05,0,0,7,3,0.0001253703733,0.0001253703731,0.1273840798
5460,0.7734375,0.71875,265.0601361,265.0601361,7,4918,2979,1,0,0,0,0,1,1395.13339,0,0,0,0,0,67,31,0.0007167773396,0.0007167773338,1.665151039
5461,0.7734375,0.7109375,262.6102887,262.6102887,7,2979,3452,1,0,0,0,0,1,59676.00149,0,0,0,0,0,3,1,1.675715489e-05,1.675715458e-05,0.2742374847
5462,0.7734375,0.6953125,247.1339553,325.8366132,7,3452,2983,0,0,0,0,0,0,324.061407,79.52358533,320.0685963,3.849535641e-05,0,0,7,5,0.003085834902,0.003085834901,0.3868357205
5463,0.7578125,0.6953125,255.8442054,145.0888924,7,3452,2892,0,0,0,0,0,0,2522.975825,-108.2084268,2299.629268,3.849535641e-05,0,0,8,4,0.0003963573452,0.0003963573434,0.1783955168
5464,0.7578125,0.7109375,260.0960989,393.738602,7,3452,2978,0,0,0,0,0,0,10428.16957,135.5439881,7441.059596,3.849535641e-05,0,0,8,3,9.589410616e-05,9.589410318e-05,0.6060670905
5465,0.765625,0.7109375,261.9050783,312.7414849,7,4918,3452,0,0,0,0,0,0,18427.61965,52.33639977,10780.30837,3.849535641e-05,0,0,2,1,5.426636858e-05,5.426636833e-05,0.3221052537
5466,0.76171875,0.73046875,266.3154556,347.1441466,8,3449,4919,0,0,0,0,0,0,3169081.674,18.71921101,27773.51918,3.568997116e-05,0,0,1,1,3.155488254e-07,3.155488254e-07,0.001730866684
5467,0.76171875,0.72265625,264.1895088,312.3017246,8,4919,4918,0,0,0,0,0,0,1372.584705,-13.67456358,1308.485271,3.568997116e-05,0,0,25,13,0.0007285524868,0.0007285524825,3.194741392
5468,0.75390625,0.72265625,262.3805294,297.1926414,8,4919,2978,0,0,0,0,0,0,416.7827702,-26.57317556,410.6740087,3.568997116e-05,0,0,63,27,0.00239933143,0.002399331412,8.194397124
5469,0.7265625,0.7265625,265.2403169,256.4115925,7,2974,3366,0,0,0,0,0,0,324.2304829,-8.651366973,320.2335304,3.849535641e-05,0,0,102,55,0.003084225737,0.003084225718,13.49694539
5470,0.7265625,0.7421875,219.1232899,219.1232899,7,3366,2990,0,0,0,0,0,0,1e+300,0,1e+300,0,0,0,0,0,0,0,0
5471,0.7421875,0.7421875,267.6913412,267.6913412,7,3366,2658,0,0,0,0,0,0,1e+300,36.23623505,922.6757528,0,0,0,0,0,0,0,0
5472,0.7421875,0.7265625,263.4394477,251.8572571,7,3366,2978,0,0,0,0,0,0,177.1787846,-10.418021,175.9785126,3.849535641e-05,0,0,126,65,0.00564401659,0.005644016564,22.30459072
5473,0.75,0.7265625,262.539013,337.3698946,7,2978,4917,0,0,0,0,0,0,6110.008548,76.48845725,4946.546419,3.849535641e-05,0,0,62,24,0.0001636658921,0.0001636658899,1.195083497
5474,0.7421875,0.734375,265.5653944,215.837291,7,4917,3366,0,0,0,0,0,0,1609.756159,-48.88663442,1515.823406,3.849535641e-05,0,0,24,10,0.0006212120975,0.000621212089,4.575623728
5475,0.75,0.7421875,266.7909066,266.7909066,7,4917,2658,0,0,0,0,0,0,1e+300,0,1e+300,0,0,0,0,0,0,0,0
5476,0.7578125,0.734375,266.4739392,190.1425146,7,4917,3449,0,0,0,0,0,0,115958.4737,-75.3980413,21222.80125,3.849535641e-05,0,0,1,1,8.623776843e-06,8.623776843e-06,0.04730363996
5477,0.75390625,0.73046875,264.5064761,396.7049639,8,4919,4917,0,0,0,0,0,0,657.1660476,70.49049959,642.1059425,3.568997116e-05,0,0,39,15,0.00152168543,0.001521685417,5.690158751
5478,0.0390625,0.5,-625.2354427,-530.9675102,7,3555,4192,0,0,0,0,0,0,590.5179874,37.95545503,577.3925835,3.849535641e-05,0,0,14,8,0.001693428518,0.001693428515,2.873013259
5479,0.046875,0.5078125,-453.4551338,-386.503282,7,4192,3560,0,0,0,0,0,0,376.5939325,19.00939415,371.2124223,3.849535641e-05,0,0,32,19,0.002655380009,0.002655380006,5.152570297
5480,0.0546875,0.5,-439.8564978,-301.6462538,7,4192,2763,0,0,0,0,0,0,3568.058862,90.17134592,3137.158537,3.849535641e-05,0,0,4,3,0.0002802644348,0.0002802644345,0.5805582607
5481,0.0390625,0.4765625,-455.1566925,-544.7076049,7,3207,3805,0,0,0,0,0,0,1291.460391,-84.63581644,1230.295948,3.849535641e-05,0,0,10,7,0.0007743172047,0.0007743172032,1.764227155
5482,0.0390625,0.4921875,-568.542526,-172.1223817,7,3805,3555,0,0,0,0,0,0,5174.931666,392.8345745,4315.280931,3.849535641e-05,0,0,4,3,0.0001932392666,0.0001932392664,0.3490321212
5483,0.0546875,0.4921875,-383.1635811,-326.4461678,7,3805,2763,0,0,0,0,0,0,44678.05942,61.40542287,16426.37421,3.849535641e-05,0,0,3,2,2.238235082e-05,2.238235082e-05,0.05404340354
5484,0.0625,0.484375,-370.0364674,-378.146443,6,2763,3558,0,0,0,0,0,0,319973.624,-4.723505767,10083.78592,9.604384497e-05,0,0,1,1,3.125257599e-06,3.125257599e-06,0.00783831124
5485,0.078125,0.46875,-343.78224,-419.3255398,6,3558,3208,0,0,0,0,0,0,8441.108072,-74.75990939,4661.750301,9.604384497e-05,0,0,3,2,0.0001184678589,0.000118467858,0.9343810962
5486,0.0625,0.453125,-415.7753515,-516.5354278,6,3558,2737,0,0,0,0,0,0,27.18178592,-99.74959961,27.11100875,9.604384497e-05,0,0,19,11,0.03678934132,0.03678934132,0.556733279
5487,0.046875,0.46875,-442.0295789,-537.5091281,6,3558,3207,0,0,0,0,0,0,20.02383632,-91.865993,19.98540107,9.604384497e-05,0,0,24,15,0.04994048014,0.04994048013,0.9124083389
5488,0.0546875,0.4765625,-406.0330231,-442.1610696,7,3805,3558,0,0,0,0,0,0,2295.763925,-32.62803349,2109.347685,3.849535641e-05,0,0,9,7,0.0004355848567,0.0004355848561,1.430210062
5489,0.046875,0.4921875,-475.8530535,-552.3989126,7,4192,3805,0,0,0,0,0,0,3741.088247,-124.471214,3270.140513,3.849535641e-05,0,0,4,3,0.0002673019009,0.0002673019,0.4241834918
5490,0.28125,0.4921875,55.94174285,-56.79817304,7,3515,4770,0,0,0,0,0,0,5503.031692,-117.3734526,4541.0503,3.849535641e-05,0,0,4,3,0.0001817180158,0.0001817180149,0.5511211154
5491,0.2890625,0.484375,16.76073838,-7.411088607,7,4770,4341,0,0,0,0,0,0,959.0594015,-32.73430051,924.9122574,3.849535641e-05,0,0,13,6,0.001042688282,0.001042688281,1.421591052
5492,0.28125,0.4765625,48.9126414,77.05629595,7,4770,3290,0,0,0,0,0,0,315.4887505,23.44328757,311.7031617,3.849535641e-05,0,0,17,6,0.003169685127,0.003169685123,3.095188684
5493,0.25,0.484375,31.73098569,26.17755694,6,2661,4165,0,0,0,0,0,0,30.06499095,-5.356111564,29.97842653,9.604384497e-05,0,0,380,184,0.03326127726,0.03326127723,16.68591697
5494,0.265625,0.46875,36.97136985,31.50609125,6,4165,3290,0,0,0,0,0,0,15.21744956,-5.280127747,15.19524107,9.604384497e-05,0,0,275,146,0.06571403415,0.0657140341,32.49668177
5495,0.25,0.453125,25.35831235,42.25816783,6,4165,2786,0,0,0,0,0,0,9.565447142,16.88110726,9.556667409,9.604384497e-05,0,0,456,240,0.1045429435,0.1045429434,1.243350589
5496,0.234375,0.46875,4.796555136,7.569536253,6,4165,3025,0,0,0,0,0,0,3.215634055,3.023788834,3.214641239,9.604384497e-05,0,0,308,154,0.3109806598,0.3109806597,1.379458368
5497,0.2734375,0.4765625,42.77789859,61.81127493,7,3290,4340,0,0,0,0,0,0,306.505526,19.32047672,302.9312285,3.849535641e-05,0,0,66,29,0.003262583918,0.003262583913,2.55867302
5498,0.2578125,0.4765625,34.35117777,37.27766783,7,4340,4165,0,0,0,0,0,0,19.49416878,3.117724074,19.47955064,3.849535641e-05,0,0,298,140,0.05129739111,0.05129739105,38.55660433
5499,0.2578125,0.4921875,37.53751443,24.83176219,7,4340,2661,0,0,0,0,0,0,14.64220538,-12.40648553,14.63395685,3.849535641e-05,0,0,388,188,0.0682957228,0.06829572274,38.84434483
5500,0.2734375,0.4921875,-26.55718725,-26.55718725,7,4340,3515,1,1,1,0,0,1,800.8990341,-76.00581983,776.9451208,3.849535641e-05,0,41.84457693,18,18,0.001248596836,0.001248596836,1.304771665
5501,0.2734375,0.484375,46.29244932,39.32943532,7,4770,4340,0,0,0,0,0,0,2414.514224,-11.65729781,2209.176593,3.849535641e-05,0,0,11,3,0.0004141619834,0.0004141619819,0.4037062157
5502,0.890625,0.87109375,374.5587929,374.5587929,8,3696,4285,0,0,0,0,0,0,1e+300,0,1e+300,0,0,0,0,0,0,0,0
5503,0.89453125,0.8671875,394.1995397,394.1995397,8,4285,4277,1,0,0,0,0,1,1e+300,0,0,0,0,0,0,0,0,0,0
5504,0.890625,0.86328125,374.5095841,185.7155112,8,4285,3602,0,0,0,0,0,0,18297.53105,-191.9394185,11069.02994,3.568997116e-05,0,0,79,42,5.465218217e-05,5.465218179e-05,0.13359228
5505,0.87890625,0.87109375,349.9833787,349.9833787,8,2706,4276,0,0,0,0,0,0,1e+300,0,1e+300,0,0,0,0,0,0,0,0
5506,0.88671875,0.87109375,366.3669882,366.3669882,8,4276,3696,0,0,0,0,0,0,1e+300,0,1e+300,0,0,0,0,0,0,0,0
5507,0.88671875,0.86328125,366.3177794,352.3975818,8,4276,3602,0,0,0,0,0,0,68.68639285,-17.86970643,68.51842572,3.568997116e-05,0,0,237,109,0.01455892439,0.01455892433,26.50514428
5508,0.875,0.8515625,366.920135,466.5479437,7,3180,4281,0,0,0,0,0,0,56944.52518,86.44407506,17839.20581,3.849535641e-05,0,0,2,2,1.756095071e-05,1.756095071e-05,0.6809502811
5509,0.8671875,0.859375,359.8362469,359.7475999,7,4281,3651,0,0,0,0,0,0,400.4454379,-8.020339802,394.3661691,3.849535641e-05,0,0,68,35,0.00249721911,0.002497219102,4.993050178
5510,0.875,0.8671875,350.1841639,379.9545844,7,4281,2706,0,0,0,0,0,0,571.7550202,2.857955522,559.4417557,3.849535641e-05,0,0,66,33,0.001749000821,0.00174900081,5.517726492
5511,0.8828125,0.859375,366.5185646,338.8090716,7,4281,3602,0,0,0,0,0,0,115.5411809,-34.7370768,115.0295526,3.849535641e-05,0,0,237,109,0.008654922791,0.008654922759,15.73325912
5512,0.87890625,0.86328125,358.3513642,344.5803268,8,4276,4281,0,0,0,0,0,0,62.85566425,-30.74106179,62.71497469,3.568997116e-05,0,0,237,109,0.01590946515,0.01590946508,26.74549853
5513,0.88671875,0.8671875,366.3423838,366.3423838,8,4285,4276,0,0,0,0,0,0,1e+300,0,1e+300,0,0,0,0,0,0,0,0
5514,0.896484375,0.869140625,386.8341978,386.8341978,9,4277,4974,0,0,0,0,0,0,1e+300,0,1e+300,0,0,0,0,0,0,0,0
5515,0.892578125,0.869140625,378.6423931,378.6423931,9,4974,4285,0,0,0,0,0,0,1e+300,0,1e+300,0,0,0,0,0,0,0,0
5516,0.892578125,0.873046875,378.6669975,378.6669975,9,4974,3696,0,0,0,0,0,0,1e+300,0,1e+300,0,0,0,0,0,0,0,0
5517,0.896484375,0.873046875,392.2485795,392.2485795,9,4974,4284,0,0,0,0,0,0,1e+300,0,1e+300,0,0,0,0,0,0,0,0
5518,0.0078125,0.75,2.345864397,-5.13807953,7,2660,5151,0,0,0,0,0,0,570.2284166,-31.90369102,557.9801136,3.849535641e-05,0,0,2,2,0.00175368321,0.00175368321,0.9566029341
5519,0.015625,0.7578125,137.1475856,176.3844943,7,5151,5114,0,0,0,0,0,0,1363.283012,-10.14177976,1295.305304,3.849535641e-05,0,0,7,2,0.0007335234075,0.0007335234043,0.7321893497
5520,0.0234375,0.75,-26.94231163,-22.11421551,7,5151,3317,0,0,0,0,0,0,196.9244184,-30.96297148,195.4428297,3.849535641e-05,0,0,28,12,0.005078090408,0.005078090402,5.800761712
5521,0,0.734375,37.75214949,37.75214949,6,2660,3243,1,0,0,0,0,1,7265.526566,0,0,0,0,0,11,6,0.0001376362733,0.000137636273,0.4671681329
5522,0.015625,0.71875,3.50336335,3.50336335,6,3243,3241,1,0,0,0,0,1,22.03982717,0,0,0,0,0,345,172,0.0453724066,0.04537240658,1.976778193
5523,0,0.703125,689.6073502,689.6073502,6,3243,2746,1,1,1,0,0,1,2015.17493,608.7652699,1879.045281,6.421269894e-05,0,95.40772111,17,17,0.0004962348355,0.0004962348355,0.1263196107
5524,0.0234375,0.7265625,-64.4236067,-25.62661606,7,3241,5156,0,0,0,0,0,0,22.92412369,-21.35984173,22.90391162,3.849535641e-05,0,0,319,160,0.0436221691,0.04362216906,33.31762041
5525,0.0078125,0.7265625,284.6534765,284.6534765,7,5156,3243,1,1,1,0,0,1,3192.127561,178.352104,2842.798512,3.849535641e-05,0,36.55919506,10,10,0.0003132706889,0.0003132706889,1.424719419
5526,0.0078125,0.7421875,-10.14790063,159.1839093,7,5156,2660,0,0,0,0,0,0,4238.150082,129.1992898,3643.685998,3.849535641e-05,0,0,3,3,0.0002359520028,0.0002359520028,0.2616553533
5527,0.0234375,0.7421875,-39.43607665,-7.259594897,7,5156,3317,0,0,0,0,0,0,38.80494185,-19.32735882,38.7470611,3.849535641e-05,0,0,168,81,0.02576991364,0.02576991361,23.69261363
5528,0.015625,0.7421875,-24.79198864,71.59681066,7,5151,5156,0,0,0,0,0,0,285.5711583,-23.70688978,282.4659637,3.849535641e-05,0,0,23,12,0.00350175419,0.003501754186,4.260451246
5529,0.02734375,0.578125,-457.605757,-340.3157602,8,3623,5281,0,0,0,0,0,0,521.565193,-0.6843944318,512.0338636,3.568997116e-05,0,0,33,20,0.001917305858,0.001917305854,3.590022465
5530,0.0234375,0.57421875,-561.9465908,-377.7298476,8,5281,4759,0,0,0,0,0,0,44707.30262,62.33791522,17224.24961,3.568997116e-05,0,0,7,1,2.236771045e-05,2.236770949e-05,0.1631001612
5531,0.01953125,0.578125,-630.8497103,-331.5938511,8,5281,3615,0,0,0,0,0,0,2882.979471,180.2245458,2614.014491,3.568997116e-05,0,0,24,13,0.0003468633787,0.0003468633765,1.095037882
5532,0.0234375,0.58203125,-526.5088764,-412.397258,8,5281,4758,0,0,0,0,0,0,211.9481741,-1.015258145,210.356945,3.568997116e-05,0,0,41,25,0.004718134535,0.004718134529,5.671224447
5533,0.021484375,0.583984375,-560.9604361,-469.2330892,9,4758,5440,0,0,0,0,0,0,310.3172279,0.04684792912,0.2497987553,4,0,0,17,10,0.003222508808,0.003222508804,1.989202319
5534,0.021484375,0.580078125,-578.6792933,-369.9746509,9,5440,5281,0,0,0,0,0,0,388.4559411,-0.05531937048,0.2498392101,4,0,0,33,17,0.002574294519,0.002574294515,6.013653238
5535,0.017578125,0.580078125,-665.30127,-569.5591265,9,5440,3615,0,0,0,0,0,0,148.3787324,0.157207784,0.2495794891,4,0,0,59,31,0.006739510332,0.006739510322,9.832685566
5536,0.017578125,0.583984375,-422.5987879,-362.2704502,9,5440,4762,0,0,0,0,0,0,142.0021202,-0.006505629289,0.2495606392,4,0,0,69,38,0.007042148374,0.007042148361,9.40460811
5537,0.017578125,0.576171875,-683.0201272,-628.188378,9,3615,5288,0,0,0,0,0,0,2785.483681,0.02327974227,0.2499775643,4,0,0,14,7,0.0003590040777,0.0003590040764,1.895028707
5538,0.021484375,0.576171875,-596.3981506,-428.3989136,9,5288,5281,0,0,0,0,0,0,1517.909889,0.01574136355,0.2499588317,4,0,0,11,5,0.0006588006357,0.0006588006331,3.521996458
5539,0.021484375,0.572265625,-614.1170078,-556.4612452,9,5288,4759,0,0,0,0,0,0,527092.0726,-0.0002214817057,0.2499998814,4,0,0,5,1,1.897201745e-06,1.897199131e-06,0.01383397394
5540,0.015625,0.56640625,-478.6198815,-500.5099189,8,3622,5105,0,0,0,0,0,0,2683.829079,-1.584777372,2449.227871,3.568997116e-05,0,0,15,9,0.0003726019693,0.0003726019677,1.037800938
5541,0.01171875,0.5703125,-459.0251871,-459.0251871,8,5105,4760,1,1,1,0,0,1,17440.71315,31.71553179,10699.06241,3.21372265e-05,0,104.3780709,12,12,5.733710494e-05,5.733710494e-05,0.41623755
5542,0.015625,0.57421875,-154.7734585,-154.7734585,8,5105,3615,1,1,1,0,0,1,3119.276624,384.2246104,2806.803836,3.568997116e-05,0,107.2214844,17,17,0.0003205871491,0.0003205871491,1.151467667
5543,0.01953125,0.5703125,-568.951299,-530.8849326,8,5105,4759,0,0,0,0,0,0,7361.378099,-12.02938829,5829.744616,3.568997116e-05,0,0,9,5,0.0001358441295,0.0001358441267,0.9771071297
5544,0.017578125,0.572265625,-603.4028587,-507.2060935,9,5288,5105,0,0,0,0,0,0,29704.79201,-0.003657176766,0.249997896,4,0,0,9,1,3.366460198e-05,3.366460056e-05,0.1584859668
5545,0.0234375,0.6640625,-147.4706687,-184.9455243,7,3240,4735,0,0,0,0,0,0,9.142421381,3.336024242,9.139204922,3.849535641e-05,0,0,942,475,0.1093802132,0.1093802131,62.08426065
5546,0.0078125,0.6640625,-39.97387196,-39.97387196,7,4735,3245,1,1,1,0,0,1,107.5391106,37.74465917,107.0957601,3.849535641e-05,0,20.06265373,72,72,0.009298942445,0.009298942445,7.67091213
5547,0.0078125,0.6796875,68.09288042,68.09288042,7,4735,2746,1,0,0,0,0,1,2587.22846,0,0,0,0,0,29,14,0.0003865139919,0.0003865139907,0.6601595748
5548,0.015625,0.6875,-65.44387078,-65.44387078,6,2746,3244,1,1,1,0,0,1,360.8747065,-138.1827811,352.085831,9.604384497e-05,0,114.0851806,19,19,0.002771044858,0.002771044858,2.889031696
5549,0.03125,0.703125,-117.5526778,-117.5526778,6,3244,3241,1,0,0,0,0,1,8.79092673,0,0,0,0,0,283,148,0.1137536497,0.1137536497,1.427094601
5550,0.046875,0.6875,-172.9852099,-172.9852099,6,3244,2745,1,1,1,0,0,1,71.43694878,-11.20038132,78.53970438,9.604384497e-05,0,73.64909985,111,111,0.01399835823,0.01399835823,8.588707417
5551,0.03125,0.671875,-175.0530134,-175.0530134,6,3244,3240,1,1,1,0,0,1,11.58781839,7.286935674,15.57388585,9.604384497e-05,0,15.56443788,477,477,0.08629752091,0.08629752091,71.61665478
5552,0.0234375,0.6796875,-124.0837834,-124.0837834,7,4735,3244,1,1,1,0,0,1,418.349785,5.218364262,411.7192421,3.849535641e-05,0,22.9362571,35,35,0.002390344243,0.002390344243,2.675847066
5553,0.01171875,0.63671875,-261.6102504,-194.829602,8,4734,5203,0,0,0,0,0,0,259.0186853,31.95724105,256.6461535,3.568997116e-05,0,0,56,25,0.003860725332,0.003860725328,3.373592037
5554,0.01171875,0.62890625,-241.1205528,-241.1205528,8,5203,4736,1,1,1,0,0,1,948.6716531,-144.1319578,976.9598988,3.21372265e-05,0,101.145367,7,7,0.001054105492,0.001054105492,1.393466034
5555,0.00390625,0.62890625,110.7685588,110.7685588,8,5203,2685,1,1,1,0,0,1,1431.620815,275.7827379,1421.757812,3.21372265e-05,0,115.6847145,6,6,0.0006985089832,0.0006985089832,0.7625368684
5556,0,0.6484375,314.0915343,314.0915343,7,3245,5206,1,1,1,0,0,1,1226.619646,343.3082593,1171.311304,3.849535641e-05,0,108.8093791,24,24,0.0008152486416,0.0008152486416,2.884344826
5557,0.0078125,0.640625,-157.4012343,-157.4012343,7,5206,4734,1,0,0,0,0,1,20.7117831,0,0,0,0,0,95,44,0.04828169527,0.04828169526,0.4797398585
5558,0,0.6328125,292.454397,292.454397,7,5206,2685,1,1,1,0,0,1,1043.42,467.4689428,1003.127549,3.849535641e-05,0,117.7381283,15,15,0.0009583868429,0.0009583868429,1.715421815
5559,0.00390625,0.63671875,52.3139312,52.3139312,8,5203,5206,1,1,1,0,0,1,411.9041968,155.2364259,405.9365837,3.568997116e-05,0,64.64775332,11,11,0.002427748995,0.002427748995,1.572908644
5560,0.001953125,0.5234375,-839.6520439,-796.4147765,9,4751,5309,0,0,0,0,0,0,369.5112985,0.3016835471,0.249830972,4,0,0,18,10,0.002706277194,0.002706277191,2.842124754
5561,0.00390625,0.525390625,-801.1382299,-709.7471013,9,5309,4872,0,0,0,0,0,0,349.0267257,0.21591178,0.2498210588,4,0,0,15,9,0.002865110108,0.002865110107,2.636765987
5562,0.005859375,0.5234375,-878.2539162,-806.7816605,9,5309,4611,0,0,0,0,0,0,508.9446004,0.2347391206,0.2498772571,4,0,0,17,11,0.001964850397,0.001964850394,3.770987478
5563,0.005859375,0.521484375,-850.8252369,-843.6015614,9,4611,4871,0,0,0,0,0,0,57.17141121,4.398265227,0.2489115558,4,0,0,27,16,0.01749125969,0.01749125968,0.09217420281
5564,0.005859375,0.517578125,-697.6297505,-660.9889216,9,4871,4752,0,0,0,0,0,0,1576.712285,0.04884613505,0.2499603668,4,0,0,31,16,0.0006342311209,0.000634231115,0.9678843171
5565,0.001953125,0.517578125,-757.3660062,-694.5840324,9,4871,3565,0,0,0,0,0,0,119.350997,1.392770953,0.2494774291,4,0,0,81,41,0.008378648067,0.008378648057,6.684089785
5566,0.001953125,0.521484375,-812.2233647,-836.3028417,9,4871,4751,0,0,0,0,0,0,73.7893187,1.39704537,0.2491558539,4,0,0,69,34,0.01355209694,0.01355209692,7.198591563
5567,0.00390625,0.521484375,-831.5243008,-730.8558927,9,5309,4871,0,0,0,0,0,0,973.4126752,0.1489952566,0.2499358094,4,0,0,13,7,0.001027313518,0.001027313516,0.9916844555
5568,0.021484375,0.525390625,-575.3797487,-574.7220717,9,4608,5353,0,0,0,0,0,0,281616.9192,-0.0002799089949,0.2499997781,4,0,0,5,3,3.550923016e-06,3.550921616e-06,0.7938964449
5569,0.017578125,0.525390625,-724.2464396,-715.2890893,9,5353,4612,0,0,0,0,0,0,2562889.511,-6.013340396e-05,0.2499999756,4,0,0,12,4,3.901845928e-07,3.901825336e-07,0.3300967833
5570,0.017578125,0.529296875,-855.0418063,-837.4343557,9,5353,3564,0,0,0,0,0,0,686662.6927,7.288718984e-05,0.249999909,4,0,0,8,6,1.456319108e-06,1.456318778e-06,0.7962040055
5571,0.02734375,0.53515625,-448.7718211,-424.3176611,8,3268,4183,0,0,0,0,0,0,57889.64782,25.39877666,18880.67188,3.568997116e-05,0,0,4,2,1.72742457e-05,1.727424465e-05,0.5327988114
5572,0.01953125,0.53515625,-746.5052028,-769.6004642,8,4183,3564,0,0,0,0,0,0,360647.9779,-38.74955165,25999.17556,3.568997116e-05,0,0,12,5,2.772786932e-06,2.772784059e-06,2.077078955
5573,0.01953125,0.54296875,-547.5033199,-496.4185951,8,4183,3562,0,0,0,0,0,0,995.8778858,39.68712324,961.6964502,3.568997116e-05,0,0,32,16,0.001004139176,0.001004139169,4.180587307
5574,0.02734375,0.54296875,-507.0779643,-481.5609216,8,4183,3625,0,0,0,0,0,0,7250.773769,20.90847857,5760.160081,3.568997116e-05,0,0,28,15,0.0001379163151,0.0001379163088,0.8418359117
5575,0.01953125,0.53125,-846.0061442,-835.53971,8,3564,4607,0,0,0,0,0,0,2014730.015,-7.31620034,27634.75596,3.568997116e-05,0,0,8,4,4.963444197e-07,4.963440905e-07,1.134679246
5576,0.0234375,0.53515625,-597.6385119,-592.0877062,8,4607,4183,0,0,0,0,0,0,2618630.234,-1.80403102,27722.44824,3.568997116e-05,0,0,4,2,3.818790401e-07,3.818779812e-07,0.9802250211
5577,0.02734375,0.53125,-548.2727625,-569.9568631,8,4607,3268,0,0,0,0,0,0,595090.7606,-22.86782823,26759.15551,3.568997116e-05,0,0,2,2,1.68041594e-06,1.68041594e-06,0.473843544
5578,0.0234375,0.52734375,-566.3440866,-652.6312438,8,4607,4608,0,0,0,0,0,0,101625.1764,-87.12037093,21963.5152,3.568997116e-05,0,0,5,4,9.840081325e-06,9.840080854e-06,2.203327012
5579,0.021484375,0.529296875,-706.1751154,-696.8674306,9,5353,4607,0,0,0,0,0,0,408776.3594,-0.0002393904805,0.2499998471,4,0,0,7,4,2.446325422e-06,2.446323969e-06,1.432092442
5580,0.015625,0.529296875,-929.4751517,-907.7184732,9,3564,5354,0,0,0,0,0,0,106807.1859,-0.0004259373378,0.2499994148,4,0,0,22,13,9.362665922e-06,9.362661973e-06,5.525339701
5581,0.017578125,0.52734375,-789.6441229,-776.3617639,9,5354,5353,0,0,0,0,0,0,833453.6818,-3.503799724e-05,0.249999925,4,0,0,14,7,1.199826723e-06,1.199824599e-06,1.210613772
5582,0.015625,0.525390625,-798.679785,-785.5726346,9,5354,4612,0,0,0,0,0,0,8427968.266,1.328217786e-05,0.2499999926,4,0,0,11,3,1.186525588e-07,1.186495626e-07,0.1050205815
5583,0.013671875,0.52734375,-905.145656,-723.1605417,9,5354,4873,0,0,0,0,0,0,55952.2543,-0.0003033016708,0.249998883,4,0,0,28,16,1.787238088e-05,1.787237408e-05,3.934860455
5584,0.0126953125,0.5263671875,-892.9809082,-631.750578,10,4873,5358,0,0,0,0,0,0,136865.7757,0.000261095689,0.2499995433,4,0,0,10,7,7.306428467e-06,7.306428439e-06,1.24843882
5585,0.0146484375,0.5263671875,-851.9127205,-755.2362809,10,5358,5354,0,0,0,0,0,0,107513.0119,-0.0003326258362,0.2499994187,4,0,0,11,7,9.301199758e-06,9.301198322e-06,1.699262255
5586,0.0146484375,0.5244140625,-786.5150371,-694.1629171,10,5358,4612,0,0,0,0,0,0,188471.9672,0.0003315151066,0.2499996684,4,0,0,7,5,5.305828845e-06,5.305828384e-06,0.3612363817
5587,0.013671875,0.517578125,-578.1572392,-591.1538767,9,3561,4870,0,0,0,0,0,0,1787.198919,0.005819910152,0.249965034,4,0,0,30,14,0.0005595348057,0.0005595348006,3.984660933
5588,0.009765625,0.517578125,-637.8934949,-626.0078859,9,4870,4752,0,0,0,0,0,0,334.5959698,0.09084621871,0.249813347,4,0,0,44,26,0.002988679154,0.002988679148,3.630482087
5589,0.009765625,0.521484375,-791.0889812,-811.0247026,9,4870,4611,0,0,0,0,0,0,69.09442278,2.036088391,0.2490987018,4,0,0,49,20,0.01447294817,0.01447294817,0.1682674061
5590,0.013671875,0.521484375,-708.9526059,-713.305412,9,4870,4612,0,0,0,0,0,0,4163.131814,-0.0003159936281,0.2499849882,4,0,0,30,15,0.0002402037804,0.0002402037772,3.223707159
5591,0.013671875,0.5234375,-774.3502893,-774.376122,9,4612,5357,0,0,0,0,0,0,34126.29839,0.001673710323,0.2499981686,4,0,0,11,8,2.930291438e-05,2.930291289e-05,1.399573395
5592,0.01171875,0.521484375,-750.0207936,-760.5121532,9,5357,4870,0,0,0,0,0,0,39.77165498,2.670790298,0.2484383454,4,0,0,23,8,0.02514353503,0.02514353502,0.217398786
5593,0.009765625,0.5234375,-856.4866646,-869.4005394,9,5357,4611,0,0,0,0,0,0,9.289523821,4.732951369,0.2434483103,4,0,0,30,11,0.1076481442,0.1076481442,0.9048486456
5594,0.01171875,0.525390625,-880.8161603,-711.9658704,9,5357,4873,0,0,0,0,0,0,45506.32343,-0.0004841420574,0.2499986266,4,0,0,14,6,2.197496798e-05,2.197496631e-05,0.1866359808
5595,0.0126953125,0.5244140625,-827.5832248,-744.0412293,10,5358,5357,0,0,0,0,0,0,1424456.283,-0.0001332352653,0.2499999561,4,0,0,6,5,7.020222464e-07,7.020216397e-07,0.06010874721
5596,0.0546875,0.8203125,-32.52151574,-21.01810647,7,2750,3931,0,0,0,0,0,0,404.4408281,8.2081721,398.2405831,3.849535641e-05,0,0,28,16,0.002472549581,0.002472549576,3.398953593
5597,0.0390625,0.8203125,121.7422555,17.17451738,7,3931,3150,0,0,0,0,0,0,1998.967636,-105.0905587,1856.136156,3.849535641e-05,0,0,8,6,0.0005002582242,0.0005002582242,1.081109883
5598,0.0390625,0.8359375,50.08776153,30.06133537,7,3931,3148,0,0,0,0,0,0,470.7270992,-10.76315823,462.3489627,3.849535641e-05,0,0,17,11,0.002124373127,0.002124373126,3.497361848
5599,0.125,0.78125,-90.09262918,-171.6808775,5,2684,2768,0,0,0,0,0,0,204.2957516,-73.09223918,188.934491,0.0003979754421,0,0,51,24,0.004894864391,0.004894864389,0.2828248641
5600,0.09375,0.8125,-89.35222208,-105.4128228,5,2768,2750,0,0,0,0,0,0,41.50632563,-18.28847699,40.83184487,0.0003979754421,0,0,372,187,0.02409271321,0.0240927132,15.43834621
5601,0.125,0.84375,-119.6639504,-190.6347727,5,2768,2681,0,0,0,0,0,0,2271.33546,-69.22935729,1192.968554,0.0003979754421,0,0,4,2,0.00044026962,0.0004402696198,0.1092592274
5602,0.15625,0.8125,-98.56971784,-98.56971784,5,2768,2749,0,0,0,0,0,0,1e+300,0,1e+300,0,0,0,0,0,0,0,0
5603,0.109375,0.859375,-119.2937468,-83.69505323,6,2681,3145,0,0,0,0,0,0,40.84912176,31.97821594,40.68948443,9.604384497e-05,0,0,45,20,0.02448033047,0.02448033046,0.9513125652
5604,0.109375,0.828125,-104.5080862,-126.2971278,6,3145,2768,0,0,0,0,0,0,59.05787635,-22.03224721,58.72478085,9.604384497e-05,0,0,79,42,0.01693254248,0.01693254246,11.13429405
5605,0.078125,0.828125,-88.98201853,-94.81387007,6,3145,2750,0,0,0,0,0,0,49.3274652,-13.42167058,49.09487335,9.604384497e-05,0,0,111,56,0.02027268168,0.02027268166,16.48190961
5606,0.078125,0.859375,-56.07030143,-65.46569452,6,3145,2754,0,0,0,0,0,0,19.99424834,-10.45915441,19.95592648,9.604384497e-05,0,0,82,40,0.0500143833,0.05001438328,2.094546271
5607,0.0625,0.859375,-24.45857873,-32.45257612,6,2754,3280,0,0,0,0,0,0,34.78723258,-7.779400525,34.67139201,9.604384497e-05,0,0,84,42,0.02874617858,0.02874617856,4.256716786
5608,0.078125,0.84375,-72.52615998,-61.79807439,6,3280,3145,0,0,0,0,0,0,20.38184807,6.401295411,20.34202752,9.604384497e-05,0,0,77,38,0.04906326435,0.04906326434,4.202302021
5609,0.0625,0.828125,-57.37029583,-58.68020596,6,3280,2750,0,0,0,0,0,0,100.2772824,-7.621370996,99.32072293,9.604384497e-05,0,0,61,30,0.009972348435,0.009972348425,8.637079008
5610,0.046875,0.84375,25.23898144,15.19227112,6,3280,3148,0,0,0,0,0,0,104.9460035,-3.799666086,103.8987645,9.604384497e-05,0,0,52,25,0.009528709682,0.009528709675,6.988358446
5611,0.0546875,0.8359375,-16.06565719,-17.1004454,7,3931,3280,0,0,0,0,0,0,254.7542623,-1.066996513,252.2801868,3.849535641e-05,0,0,34,19,0.003925351399,0.003925351394,5.516112492
5612,0.0390625,0.8125,157.5695024,108.9284317,7,3150,5316,0,0,0,0,0,0,833604.6533,-65.09772359,25192.11136,3.849535641e-05,0,0,3,1,1.199609426e-06,1.19960936e-06,0.007216678145
5613,0.046875,0.8203125,44.61036986,-16.34705968,7,5316,3931,0,0,0,0,0,0,1217.29471,-73.90724637,1162.805422,3.849535641e-05,0,0,3,2,0.0008214937534,0.0008214937532,1.141994313
5614,0.0546875,0.8125,3.305731224,76.72105598,7,5316,2750,0,0,0,0,0,0,2652.562831,54.18625536,2406.801116,3.849535641e-05,0,0,3,2,0.0003769938975,0.0003769938968,0.7044797745
5615,0.0625,0.765625,-93.57860236,-71.55406047,6,2767,3318,0,0,0,0,0,0,7.376347419,27.17452439,7.371125324,9.604384497e-05,0,0,150,76,0.1355684519,0.1355684518,1.462954254
5616,0.046875,0.78125,-57.70627701,-31.27688275,6,3318,3147,0,0,0,0,0,0,70.52209575,38.04253985,70.04764809,9.604384497e-05,0,0,79,37,0.01417995296,0.01417995295,0.882512648
5617,0.0625,0.796875,-80.41030371,-62.96245728,6,3318,2750,0,0,0,0,0,0,6.962094474,12.78151411,6.957442266,9.604384497e-05,0,0,255,131,0.1436349368,0.1436349368,1.147471182
5618,0.078125,0.796875,-74.19635793,-75.74063774,6,2750,3146,0,0,0,0,0,0,3.263546567,-5.756826814,3.26252395,9.604384497e-05,0,0,507,249,0.306415116,0.3064151159,2.077529353
5619,0.109375,0.796875,-89.72242563,-113.6148826,6,3146,2768,0,0,0,0,0,0,12.13836094,-20.75839056,12.12422634,9.604384497e-05,0,0,348,171,0.08238344572,0.08238344567,3.845699212
5620,0.109375,0.765625,-74.93676504,-67.10689357,6,3146,2684,0,0,0,0,0,0,17.96596662,14.34120991,17.93501938,9.604384497e-05,0,0,203,115,0.05566079583,0.0556607958,5.205548938
5621,0.078125,0.765625,-87.36465658,-123.303244,6,3146,2767,0,0,0,0,0,0,27.98026921,-30.33481961,27.90527844,9.604384497e-05,0,0,228,123,0.03573947029,0.03573947026,7.652418227
5622,0.078125,0.78125,-80.78050726,-102.6022185,6,3318,3146,0,0,0,0,0,0,4.112418833,-21.12610088,4.110795182,9.604384497e-05,0,0,286,134,0.2431658935,0.2431658934,2.084192256
5623,0.0546875,0.8046875,-62.47414103,-64.27581209,7,2750,5112,0,0,0,0,0,0,69.38557554,-3.236421835,69.20073881,3.849535641e-05,0,0,45,29,0.01441221741,0.0144122174,7.922056164
5624,0.0546875,0.7890625,-69.05829036,-56.07362093,7,5112,3318,0,0,0,0,0,0,23.82558203,16.45807606,23.80374984,3.849535641e-05,0,0,86,52,0.04197169239,0.04197169238,3.657538123
5625,0.0390625,0.7890625,-39.77011433,-51.30538188,7,5112,3147,0,0,0,0,0,0,19.45060479,3.30945959,19.43605189,3.849535641e-05,0,0,52,30,0.05141228311,0.0514122831,2.091016369
5626,0.0390625,0.8046875,-181.7127518,-181.7127518,7,5112,3150,1,1,1,0,0,1,1795.702981,-184.6319355,1733.008887,4.150078595e-05,0,98.57612805,4,4,0.0005568849696,0.0005568849696,0.7392814999
5627,0.046875,0.8046875,14.65774457,43.27428883,7,5316,5112,0,0,0,0,0,0,78295.69953,17.52721382,19505.55373,3.849535641e-05,0,0,2,1,1.277209356e-05,1.277209346e-05,0.01701625171
5628,0.021484375,0.587890625,-490.1223358,-481.3319187,9,4758,5441,0,0,0,0,0,0,221.8608272,0.03824544131,0.2497186089,4,0,0,55,24,0.004507330171,0.004507330159,8.166237853
5629,0.017578125,0.587890625,-351.7606876,-374.4059496,9,5441,4762,0,0,0,0,0,0,236.5332803,-0.05177812529,0.2497360456,4,0,0,73,40,0.004227734882,0.004227734878,3.778970755
5630,0.017578125,0.591796875,-452.7869691,-422.4790948,9,5441,4293,0,0,0,0,0,0,142.829407,0.146186535,0.2495631796,4,0,0,93,43,0.007001359323,0.007001359309,7.867610784
5631,0.02734375,0.59765625,-404.3494609,-404.3494609,8,3269,4729,1,1,1,0,0,1,169.4616939,-85.32172454,168.4429366,3.568997116e-05,0,35.44309419,91,91,0.005901038616,0.005901038616,11.86494891
5632,0.01953125,0.59765625,-375.1925581,-332.3631116,8,4729,4293,0,0,0,0,0,0,166.6969508,28.35802407,165.7110678,3.568997116e-05,0,0,150,80,0.005998909969,0.005998909962,7.97548861
5633,0.01953125,0.60546875,-324.3445702,-331.9875581,8,4729,3616,0,0,0,0,0,0,145.5632868,5.361683274,144.8109722,3.568997116e-05,0,0,122,56,0.006869864112,0.006869864093,12.35977371
5634,0.02734375,0.60546875,-351.5518518,-359.5641043,8,4729,4739,0,0,0,0,0,0,183.0471258,-22.59518431,181.8590503,3.568997116e-05,0,0,134,64,0.005463074034,0.005463074018,11.18857657
5635,0.01953125,0.59375,-400.6165521,-314.3673913,8,4293,4757,0,0,0,0,0,0,77.56989065,58.03969153,77.35573384,3.568997116e-05,0,0,139,73,0.01289159997,0.01289159995,11.90971777
5636,0.0234375,0.59765625,-341.6898246,-364.9385072,8,4757,4729,0,0,0,0,0,0,74.04573057,-25.06312868,73.85056641,3.568997116e-05,0,0,105,54,0.01350516758,0.01350516757,13.22688498
5637,0.02734375,0.59375,-333.611085,-416.6763921,8,4757,3269,0,0,0,0,0,0,127.6706518,-85.96082364,127.0915513,3.568997116e-05,0,0,98,51,0.007832653672,0.007832653659,0.1382514669
5638,0.0234375,0.58984375,-437.9519189,-414.4739187,8,4757,4758,0,0,0,0,0,0,8.837203979,16.67804688,8.834417608,3.568997116e-05,0,0,111,53,0.1131579629,0.1131579629,0.691291506
5639,0.021484375,0.591796875,-419.2842355,-401.6217418,9,5441,4757,0,0,0,0,0,0,92.24277518,0.1577823826,0.2493242715,4,0,0,114,56,0.01084095744,0.01084095742,16.13986753
5640,0.017578125,0.5859375,-301.2475469,-361.6456791,9,4762,5443,0,0,0,0,0,0,89.052847,-0.352045061,0.2493001343,4,0,0,79,47,0.01122928726,0.01122928724,11.88142185
5641,0.01953125,0.587890625,-420.9415117,-438.8545296,9,5443,5441,0,0,0,0,0,0,89.94901732,0.08265572743,0.2493070878,4,0,0,54,31,0.01111740884,0.01111740883,11.00793046
5642,0.021484375,0.5859375,-439.6091951,-468.3042309,9,5443,4758,0,0,0,0,0,0,7339.402953,0.005395821087,0.2499914846,4,0,0,5,2,0.0001362508649,0.0001362508641,0.4997913149
5643,0.01953125,0.583984375,-407.7739461,-426.8220802,9,5443,5440,0,0,0,0,0,0,252.3164978,0.0248781377,0.2497525404,4,0,0,30,18,0.003963276316,0.00396327631,6.783956857
5644,0.009765625,0.568359375,-601.5843004,-637.1295218,9,4760,5218,0,0,0,0,0,0,593.9438655,0.07862076233,0.2498948155,4,0,0,26,17,0.001683660794,0.001683660791,3.370070226
5645,0.013671875,0.568359375,-546.1471106,-513.0176237,9,5218,5105,0,0,0,0,0,0,3840.88303,0.0008736504042,0.2499837288,4,0,0,12,4,0.0002603567961,0.0002603567944,1.281965226
5646,0.013671875,0.564453125,-466.5298421,-542.341864,9,5218,3622,0,0,0,0,0,0,2951.387915,0.004817944156,0.2499788253,4,0,0,12,7,0.0003388236412,0.0003388236393,2.021005284
5647,0.009765625,0.564453125,-601.15616,-583.6250026,9,5218,5104,0,0,0,0,0,0,453.7513977,0.004083254082,0.2498623352,4,0,0,25,16,0.002203849961,0.002203849956,5.218059046
5648,0.025390625,0.572265625,-527.4950311,-485.7234752,9,4759,5289,0,0,0,0,0,0,7.193017763e+11,3.694822226e-12,0.25,4,0,0,4,0,1.390237078e-12,0,1.390237078
5649,0.025390625,0.576171875,-396.5233337,-357.6677513,9,5289,5281,0,0,0,0,0,0,3598.099828,0.009355087337,0.2499826309,4,0,0,9,3,0.0002779244734,0.0002779244694,1.428742429
5650,0.029296875,0.576171875,-423.1541972,-385.2814898,9,5289,3623,0,0,0,0,0,0,923.9500548,0.005588262979,0.2499323739,4,0,0,25,12,0.001082309585,0.00108230958,4.57632613
5651,0.03125,0.56640625,-424.1403519,-403.8356529,8,3271,5280,0,0,0,0,0,0,57677.39812,6.434329071,18858.03824,3.568997116e-05,0,0,8,4,1.733781399e-05,1.73378138e-05,0.1354730692
5652,0.02734375,0.5703125,-493.0434714,-372.0481222,8,5280,4759,0,0,0,0,0,0,15253.39611,109.9724938,9876.626914,3.568997116e-05,0,0,3,1,6.555917075e-05,6.555917039e-05,0.4491262226
5653,0.03125,0.57421875,-388.7026375,-387.0576943,8,5280,3623,0,0,0,0,0,0,791.1697601,-5.473475397,769.4431284,3.568997116e-05,0,0,25,14,0.001263951241,0.001263951238,4.102462959
5654,0.0390625,0.5625,-412.4980943,-445.2311405,7,3271,3624,0,0,0,0,0,0,4087.530942,-50.96018893,3531.798981,3.849535641e-05,0,0,17,6,0.0002446464661,0.0002446464641,0.8771807343
5655,0.046875,0.5703125,-347.699265,-363.28767,7,3624,3614,0,0,0,0,0,0,324.5423102,-28.04439338,320.5377134,3.849535641e-05,0,0,59,31,0.003081262345,0.003081262339,4.401605779
5656,0.0546875,0.5625,-235.336724,-235.336724,7,3624,2744,1,1,1,0,0,1,5799.683675,138.0130402,4873.59588,3.505010254e-05,0,80.87948423,3,3,0.0001724231969,0.0001724231969,0.2772620159
5657,0.046875,0.5546875,-373.3337616,-303.4614668,7,3624,3559,0,0,0,0,0,0,3261.694245,62.12333095,2897.84108,3.849535641e-05,0,0,17,8,0.0003065891297,0.0003065891272,1.105004231
5658,0.04296875,0.57421875,-344.6609652,-366.179559,8,3614,5284,0,0,0,0,0,0,217.6087725,-30.10820793,215.9317491,3.568997116e-05,0,0,69,34,0.004595402973,0.004595402957,9.051708779
5659,0.04296875,0.56640625,-380.0986796,-400.3716836,8,5284,3624,0,0,0,0,0,0,414.4402502,-35.61456953,408.3994664,3.568997116e-05,0,0,30,14,0.002412893052,0.002412893045,3.727487553
5660,0.03515625,0.56640625,-409.4597945,-426.6197415,8,5284,3271,0,0,0,0,0,0,2806.17756,-31.52071546,2550.717128,3.568997116e-05,0,0,10,4,0.0003563566376,0.0003563566346,1.566545819
5661,0.03515625,0.57421875,-374.0220801,-394.8873044,8,5284,3623,0,0,0,0,0,0,345.2382953,-28.47404148,341.0362025,3.568997116e-05,0,0,54,27,0.002896550046,0.002896550035,7.421775977
5662,0.03515625,0.5703125,-391.7409373,-403.8959547,8,5280,5284,0,0,0,0,0,0,1108.149198,-23.13981017,1065.989512,3.568997116e-05,0,0,9,7,0.000902405562,0.0009024055618,2.436824125
5663,0.029296875,0.572265625,-440.8730545,-399.6386329,9,5289,5280,0,0,0,0,0,0,726.3297494,-0.008673261901,0.2499139805,4,0,0,20,9,0.001376785132,0.001376785127,5.877735041
5664,0.1328125,0.5625,-101.7786561,-83.62019454,7,2764,4448,0,0,0,0,0,0,5527.46479,23.52591558,4557.674861,3.849535641e-05,0,0,2,1,0.0001809147662,0.000180914766,0.1798013376
5665,0.140625,0.5703125,-99.12596157,-90.70694842,7,4448,3728,0,0,0,0,0,0,1.232660846e+15,2.520039288e-09,25977.15915,3.849535641e-05,0,0,1,0,8.112531547e-16,0,0.0008112531547
5666,0.1484375,0.5625,-70.23496098,-75.73924015,7,4448,3727,0,0,0,0,0,0,2.681097417e+14,-7.107445299e-09,25977.15915,3.849535641e-05,0,0,1,0,3.729815984e-15,0,0.003729815984
5667,0.140625,0.5546875,-128.9479562,-128.4494118,7,4448,3762,0,0,0,0,0,0,1063.44507,-4.731776763,1021.622209,3.849535641e-05,0,0,1,1,0.0009403400595,0.0009403400595,0.9345527952
5668,0.13671875,0.57421875,-113.5714619,-184.0217958,8,3728,5305,0,0,0,0,0,0,1447.12415,-1.201630405,1376.053964,3.568997116e-05,0,0,1,1,0.0006910257146,0.0006910257146,0.7258034374
5669,0.13671875,0.56640625,-100.4523088,-183.5558916,8,5305,4448,0,0,0,0,0,0,1.25743443e+12,4.876399657e-07,28019.07497,3.568997116e-05,0,0,1,0,7.952700962e-13,0,0.7952700962
5670,0.12890625,0.56640625,-116.2241564,-172.3599499,8,5305,2764,0,0,0,0,0,0,300.3857634,26.89937711,297.1995585,3.568997116e-05,0,0,19,7,0.003329052578,0.003329052572,3.903021746
5671,0.125,0.5703125,-113.3790899,-129.918378,7,2764,4858,0,0,0,0,0,0,93.61702664,-10.41095005,93.28085914,3.849535641e-05,0,0,64,32,0.01068181757,0.01068181756,6.160245524
5672,0.1171875,0.578125,-135.065707,-134.3919201,7,4858,4673,0,0,0,0,0,0,5.041768159,4.322849495,5.040789819,3.849535641e-05,0,0,143,57,0.1983431146,0.1983431146,0.6317577917
5673,0.125,0.5859375,-105.0362625,-123.689901,7,4858,3726,0,0,0,0,0,0,4.551733488,-10.86670741,4.55093607,3.849535641e-05,0,0,115,39,0.2196965184,0.2196965184,0.665937028
5674,0.1328125,0.578125,-110.7263954,-252.164247,7,4858,3728,0,0,0,0,0,0,6864.025582,-149.0959808,5429.398677,3.849535641e-05,0,0,3,2,0.0001456871027,0.0001456871027,0.1530740765
5675,0.12890625,0.57421875,-112.0527427,-177.4107527,8,5305,4858,0,0,0,0,0,0,609.5534653,18.50645723,596.5750084,3.568997116e-05,0,0,19,8,0.001640545181,0.001640545177,2.092703899
5676,0.0087890625,0.5244140625,-823.1028956,-842.8584306,10,4611,5347,0,0,0,0,0,0,1800.533026,0.06794808401,0.2499652929,4,0,0,27,12,0.0005553910901,0.000555391085,1.296809237
5677,0.0087890625,0.5263671875,-683.385598,-729.9889557,10,5347,4874,0,0,0,0,0,0,5596.285728,0.01234718457,0.2499888324,4,0,0,23,8,0.000178689947,0.0001786899426,1.515760486
5678,0.0107421875,0.5263671875,-674.1989824,-680.7667101,10,5347,4873,0,0,0,0,0,0,2470.333857,-0.008435904089,0.2499747023,4,0,0,25,11,0.0004048035844,0.0004048035762,3.996381227
5679,0.0107421875,0.5244140625,-782.034708,-793.0558126,10,5347,5357,0,0,0,0,0,0,1318.153115,-0.007281487203,0.2499525942,4,0,0,26,12,0.0007586372089,0.0007586372047,2.032901847
5680,0.0078125,0.5263671875,-687.9789058,-754.6159485,10,4874,5361,0,0,0,0,0,0,8235.339424,0.006726650797,0.249992411,4,0,0,12,3,0.0001214279034,0.0001214279016,0.9320031274
5681,0.0087890625,0.525390625,-753.2442468,-786.4009247,10,5361,5347,0,0,0,0,0,0,1336.083763,0.06186660945,0.2499532302,4,0,0,27,9,0.0007484560682,0.0007484560629,2.251357142
5682,0.0078125,0.5244140625,-827.6962034,-867.5236969,10,5361,4611,0,0,0,0,0,0,2794.30817,0.02405393965,0.2499776351,4,0,0,15,6,0.0003578703347,0.0003578703329,0.8220159594
5683,0.0068359375,0.5244140625,-858.9970091,-877.59078,10,4611,5362,0,0,0,0,0,0,716.2352661,0.09999879688,0.2499127686,4,0,0,9,6,0.001396189279,0.001396189279,1.810440656
5684,0.0048828125,0.5244140625,-746.879037,-760.5351772,10,5362,5309,0,0,0,0,0,0,906.2857212,0.1606630033,0.2499310562,4,0,0,11,7,0.001103404784,0.001103404782,1.456728058
5685,0.0048828125,0.5263671875,-781.8813228,-780.5988483,10,5362,4872,0,0,0,0,0,0,1910.631042,0.03854392348,0.2499672926,4,0,0,11,7,0.0005233872883,0.0005233872862,2.24400184
5686,0.0068359375,0.5263671875,-719.2797115,-764.7481735,10,5362,4874,0,0,0,0,0,0,2756.299461,0.01752952149,0.2499773267,4,0,0,9,6,0.0003628052809,0.0003628052792,2.13007244
5687,0.0068359375,0.525390625,-789.1383603,-789.1383603,10,5361,5362,0,0,0,0,0,0,1e+300,0,1e+300,0,0,0,0,0,0,0,0
5688,0.00390625,0.59375,-147.0997758,-228.8120661,8,3270,4755,0,0,0,0,0,0,341.1231089,-54.70629705,337.0200003,3.568997116e-05,0,0,47,20,0.002931492983,0.002931492979,2.234643614
5689,0.0078125,0.59765625,-261.8181417,-261.8181417,8,4755,4730,1,1,1,0,0,1,508.6878633,128.3403784,499.6172818,3.568997116e-05,0,56.65360469,38,38,0.001965842066,0.001965842066,3.643662446
5690,0.01171875,0.59375,-338.4461157,-288.9768719,8,4755,4293,0,0,0,0,0,0,127.5709872,112.5398934,126.9927884,3.568997116e-05,0,0,96,50,0.007838772923,0.007838772918,5.625000838
5691,0.0078125,0.58984375,-407.6970058,-295.3547734,8,4755,4761,0,0,0,0,0,0,58.94353465,83.23255691,58.81979586,3.568997116e-05,0,0,110,56,0.0169653891,0.01696538908,8.123961004
5692,0.005859375,0.599609375,-324.9364673,-366.2520898,9,4730,5196,0,0,0,0,0,0,181.9586927,0.05051745526,0.2496569867,4,0,0,30,17,0.005495752827,0.005495752824,4.365812224
5693,0.005859375,0.595703125,-238.2697296,-385.8538175,9,5196,4755,0,0,0,0,0,0,141.9346792,0.07088640259,0.2495604308,4,0,0,33,18,0.007045494489,0.00704549448,7.785590648
5694,0.001953125,0.595703125,-142.5965597,-150.0859222,9,5196,3270,0,0,0,0,0,0,84.33593956,0.1638601255,0.2492611065,4,0,0,67,33,0.01185734107,0.01185734106,9.117760371
5695,0,0.60546875,48.19604114,107.573885,8,4292,4743,0,0,0,0,0,0,2181.872631,70.7766483,2024.242872,3.568997116e-05,0,0,12,6,0.0004583218955,0.0004583218947,0.7324274899
5696,0.00390625,0.6015625,-200.5589645,-195.9047048,8,4743,4730,0,0,0,0,0,0,383.9712645,-33.16372706,378.7804857,3.568997116e-05,0,0,43,21,0.002604361556,0.002604361554,2.485795995
5697,0,0.59765625,-18.21905684,-7.635050145,8,4743,3270,0,0,0,0,0,0,147.3479663,-60.94689739,146.5771399,3.568997116e-05,0,0,42,20,0.006786656275,0.006786656269,6.925548675
5698,0.001953125,0.599609375,-109.3890107,-158.1880905,9,5196,4743,0,0,0,0,0,0,76.61098751,0.3189970309,0.2491868437,4,0,0,66,33,0.01305295797,0.01305295796,9.399627758
5699,0.892578125,0.8671875,378.2719911,378.2719911,9,4285,5503,0,0,0,0,0,0,1e+300,0,1e+300,0,0,0,0,0,0,0,0
5700,0.89453125,0.869140625,382.239171,382.239171,9,5503,4974,0,0,0,0,0,0,1e+300,0,1e+300,0,0,0,0,0,0,0,0
5701,0.896484375,0.8671875,386.4735165,386.4735165,9,5503,4277,0,0,0,0,0,0,1e+300,0,1e+300,0,0,0,0,0,0,0,0
5702,0.892578125,0.861328125,378.6727397,376.7556962,9,3602,4973,0,0,0,0,0,0,261.7408576,-0.011613374,0.2497614421,4,0,0,169,91,0.003820572796,0.003820572755,14.97401551
5703,0.892578125,0.865234375,378.405574,385.9584947,9,4973,4285,0,0,0,0,0,0,398.355462,0.02830325784,0.2498432034,4,0,0,79,42,0.002510320795,0.002510320778,6.13625047
5704,0.896484375,0.865234375,386.6070994,386.6070994,9,4973,4277,0,0,0,0,0,0,1e+300,0,1e+300,0,0,0,0,0,0,0,0
5705,0.89453125,0.85546875,373.0015127,373.0015127,8,3602,4278,0,0,0,0,0,0,1e+300,0,1e+300,0,0,0,0,0,0,0,0
5706,0.90234375,0.85546875,375.4508671,375.4508671,8,4278,3695,0,0,0,0,0,0,1e+300,0,1e+300,0,0,0,0,0,0,0,0
5707,0.90234375,0.84765625,369.5934185,369.5934185,8,4278,3135,0,0,0,0,0,0,1e+300,0,1e+300,0,0,0,0,0,0,0,0
5708,0.8828125,0.84375,373.4275985,631.7912477,7,3180,4282,0,0,0,0,0,0,11019.09832,249.7192581,7737.130466,3.849535641e-05,0,0,2,1,9.075152709e-05,9.07515263e-05,0.1766668168
5709,0.890625,0.8515625,373.1435413,373.1435413,7,4282,3602,0,0,0,0,0,0,1e+300,0,1e+300,0,0,0,0,0,0,0,0
5710,0.8984375,0.84375,369.7354471,383.0009944,7,4282,3135,0,0,0,0,0,0,2.221909201e+12,2.561622694e-06,25977.15884,3.849535641e-05,0,0,1,0,4.500633957e-13,0,0.4500633957
5711,0.8984375,0.8359375,378.3461668,861.5047601,7,3135,3605,0,0,0,0,0,0,98878.73904,477.0001484,20572.42611,3.849535641e-05,0,0,9,3,1.011339758e-05,1.011339637e-05,0.009309318431
5712,0.8984375,0.8203125,397.7015041,131.7221337,7,3605,3181,0,0,0,0,0,0,2342.464198,-262.5006076,2148.70673,3.849535641e-05,0,0,11,5,0.0004269008682,0.0004269008663,0.3516263188
5713,0.8828125,0.8203125,399.2597577,337.6701774,7,3605,2920,0,0,0,0,0,0,15838.53376,-48.91267178,9839.370905,3.849535641e-05,0,0,6,3,6.313715746e-05,6.313715737e-05,0.7976396056
5714,0.8828125,0.8359375,382.0383183,168.5535256,7,3605,3180,0,0,0,0,0,0,13744.90795,-215.0220839,8988.798605,3.849535641e-05,0,0,5,2,7.275421585e-05,7.275421446e-05,0.2510998257
5715,0.890625,0.8359375,380.1922426,184.0690497,7,4282,3605,0,0,0,0,0,0,4964.2182,-199.9710608,4167.76166,3.849535641e-05,0,0,3,1,0.0002014415885,0.0002014415877,0.3921481566
5716,0.89453125,0.84765625,371.4394942,371.4394942,8,4278,4282,0,0,0,0,0,0,1e+300,0,1e+300,0,0,0,0,0,0,0,0
5717,0.90234375,0.859375,378.3795914,385.352094,8,3695,4398,0,0,0,0,0,0,17188.36926,5.713329461,10653.16165,3.568997116e-05,0,0,33,17,5.817887579e-05,5.817887354e-05,3.717881277
5718,0.8984375,0.85546875,374.2261899,374.2261899,8,4398,4278,0,0,0,0,0,0,1e+300,0,1e+300,0,0,0,0,0,0,0,0
5719,0.89453125,0.859375,375.930237,405.0175859,8,4398,3602,0,0,0,0,0,0,1028.176637,32.80996569,991.782585,3.568997116e-05,0,0,90,49,0.0009725955293,0.0009725955172,6.37136688
5720,0.8984375,0.86328125,383.8645967,366.1947998,8,4398,4277,0,0,0,0,0,0,174603.7521,-22.56334368,24144.54376,3.568997116e-05,0,0,33,17,5.727253786e-06,5.727253567e-06,0.3679268795
5721,0.896484375,0.861328125,379.8974169,380.4949039,9,4973,4398,0,0,0,0,0,0,375.9973463,0.01202203749,0.2498338859,4,0,0,90,49,0.002659593239,0.002659593203,18.12635275
5722,0.89453125,0.865234375,382.5063367,382.5063367,9,5503,4973,0,0,0,0,0,0,1e+300,0,1e+300,0,0,0,0,0,0,0,0
5723,0.009765625,0.515625,-561.2957517,-644.9427284,9,4752,5241,0,0,0,0,0,0,704.5162142,-0.04522326613,0.2499113181,4,0,0,18,14,0.001419413748,0.001419413747,1.668365732
5724,0.01171875,0.517578125,-608.025367,-720.8299787,9,5241,4870,0,0,0,0,0,0,504.861329,0.07903806797,0.2498762649,4,0,0,18,13,0.001980741924,0.001980741922,4.848545452
5725,0.013671875,0.515625,-501.559496,-609.9288111,9,5241,3561,0,0,0,0,0,0,966.9088751,0.02965846432,0.2499353777,4,0,0,15,8,0.001034223623,0.00103422362,3.15606378
5726,0.01171875,0.513671875,-690.3494604,-776.1795414,9,5241,4748,0,0,0,0,0,0,422.9491765,0.1688339067,0.2498523154,4,0,0,15,9,0.002364350271,0.002364350267,2.027163501
5727,0.015625,0.591796875,-383.606145,-412.9357537,9,4293,5442,0,0,0,0,0,0,372.3869169,0.04244555973,0.2498322764,4,0,0,44,16,0.002685378982,0.002685378973,3.142790783
5728,0.017578125,0.58984375,-402.2738283,-442.3230232,9,5442,5441,0,0,0,0,0,0,232.6769275,0.0276175085,0.2497316755,4,0,0,53,20,0.004297804732,0.004297804719,4.760645815
5729,0.015625,0.587890625,-282.5798635,-364.6414387,9,5442,4762,0,0,0,0,0,0,118.0417547,0.0656507303,0.2494716453,4,0,0,35,16,0.008471578578,0.008471578572,6.966436903
5730,0.009765625,0.587890625,-537.9956208,-358.5015225,9,4761,5373,0,0,0,0,0,0,24.46414927,0.3571650397,0.2474710843,4,0,0,151,75,0.04087614039,0.04087614036,22.72485707
5731,0.009765625,0.591796875,-373.0715608,-389.4594698,9,5373,4755,0,0,0,0,0,0,21.82863958,0.5925779952,0.2471692096,4,0,0,133,69,0.0458113753,0.04581137527,25.5552783
5732,0.013671875,0.591796875,-468.7447307,-381.6228943,9,5373,4293,0,0,0,0,0,0,92.12414285,0.1652281765,0.2493234037,4,0,0,60,28,0.01085491782,0.01085491781,9.615894685
5733,0.013671875,0.587890625,-367.7184493,-333.5938453,9,5373,4762,0,0,0,0,0,0,69.0801708,-0.07683271714,0.2490985166,4,0,0,78,36,0.0144759341,0.01447593409,14.11902186
5734,0.013671875,0.58984375,-418.23159,-401.4362155,9,5442,5373,0,0,0,0,0,0,183.113168,0.07726634386,0.2496591464,4,0,0,26,12,0.005461103705,0.005461103696,6.174884888
5735,0.00390625,0.5,-571.1458522,-134.6891547,8,2652,4744,0,0,0,0,0,0,2956.705409,438.2143117,2674.481472,3.568997116e-05,0,0,2,2,0.000338214283,0.000338214283,0.4962833021
5736,0.0078125,0.50390625,-649.6245074,-387.1204899,8,4744,4610,0,0,0,0,0,0,2165.813079,262.7842894,2010.412595,3.568997116e-05,0,0,2,2,0.0004617203626,0.0004617203626,0.8144258938
5737,0.01171875,0.5,-625.4842275,-598.5070667,8,4744,4190,0,0,0,0,0,0,4386.075087,12.41033001,3792.414688,3.568997116e-05,0,0,3,2,0.0002279942728,0.0002279942726,0.3747057413
5738,0,0.4921875,-584.9781231,-196.421951,7,2652,3806,0,0,0,0,0,0,1060.730961,396.8997491,1019.117131,3.849535641e-05,0,0,5,3,0.0009427461218,0.0009427461216,1.041710922
5739,0.0078125,0.484375,-571.7850336,-578.8930457,7,3806,3804,0,0,0,0,0,0,9.460408484e+11,9.834055845e-07,25977.15843,3.849535641e-05,0,0,2,0,1.057036809e-12,0,1.057036809
5740,0,0.4765625,-666.98104,-672.1720848,7,3806,3209,0,0,0,0,0,0,6.8563474e+11,1.341176483e-05,25977.15816,3.849535641e-05,0,0,2,0,1.458502526e-12,0,1.458502526
5741,0.01171875,0.48828125,-524.1870303,-532.253524,8,3804,4189,0,0,0,0,0,0,5.756897886e+12,-2.997885417e-06,28019.07546,3.568997116e-05,0,0,1,0,1.737046617e-13,0,0.1737046617
5742,0.00390625,0.48828125,-578.3815783,-269.7497127,8,4189,3806,0,0,0,0,0,0,2338.306869,316.3576607,2158.196512,3.568997116e-05,0,0,5,3,0.000427659865,0.0004276598641,0.5510133156
5743,0.00390625,0.49609375,-537.3801199,-253.9636349,8,4189,2652,0,0,0,0,0,0,466.0947493,292.7185395,458.4681733,3.568997116e-05,0,0,6,4,0.002145486516,0.002145486516,1.73220074
5744,0.01171875,0.49609375,-591.7184951,-171.4458435,8,4189,4190,0,0,0,0,0,0,80682.45947,413.2502614,20796.83539,3.568997116e-05,0,0,3,1,1.239426768e-05,1.239426724e-05,0.01939774038
5745,0.0078125,0.49609375,-564.5493075,-328.0539288,8,4744,4189,0,0,0,0,0,0,870.5829053,237.6352108,844.348099,3.568997116e-05,0,0,3,2,0.001148655681,0.00114865568,1.783474119
5746,0.005859375,0.505859375,-661.6946473,-707.4382364,9,4610,4750,0,0,0,0,0,0,1241.28096,-0.002350631406,0.2499496589,4,0,0,4,2,0.0008056193823,0.0008056193821,1.075749844
5747,0.005859375,0.501953125,-610.3851798,-649.385428,9,4750,4744,0,0,0,0,0,0,1432.98408,0.05611002722,0.2499563923,4,0,0,2,2,0.0006978444591,0.0006978444591,0.6606115653
5748,0.001953125,0.501953125,-583.2159922,-630.296315,9,4750,2652,0,0,0,0,0,0,636.9308867,0.1382577597,0.2499019117,4,0,0,3,3,0.001570029058,0.001570029058,2.071698734
5749,0,0.51171875,-815.5512302,-815.5512302,8,3565,4753,1,1,1,0,0,1,12661.96581,-218.5129197,8720.930909,3.568997116e-05,0,91.43310981,22,22,7.897667825e-05,7.897667825e-05,3.71959756
5750,0.00390625,0.5078125,-664.1202513,-248.6748179,8,4753,4610,0,0,0,0,0,0,6165.287039,398.7401939,5053.35277,3.568997116e-05,0,0,10,6,0.0001621984498,0.0001621984493,0.295620715
5751,0,0.50390625,-585.6415962,-168.957454,8,4753,2652,0,0,0,0,0,0,2184.283564,401.4562448,2026.317867,3.568997116e-05,0,0,2,2,0.0004578160164,0.0004578160164,0.5757163366
5752,0.001953125,0.505859375,-624.8809237,-646.8797615,9,4750,4753,0,0,0,0,0,0,1780.457902,0.07200892213,0.2499649016,4,0,0,5,3,0.0005616532685,0.0005616532671,0.8377751018
5753,0.76953125,0.73046875,265.6162195,248.5834078,8,3449,4914,0,0,0,0,0,0,518.0822221,-19.04853125,508.6766187,3.568997116e-05,0,0,7,3,0.001930195551,0.001930195548,1.961198469
5754,0.77734375,0.73046875,312.2043682,312.2043682,8,4914,4387,1,1,1,0,0,1,212090.2614,44.17675129,27165.93035,3.21372265e-05,0,117.6681093,1,1,4.714973678e-06,4.714973678e-06,0.1117309766
5755,0.77734375,0.72265625,267.3900153,267.3900153,8,4914,2979,1,0,0,0,0,1,694.4187665,0,0,0,0,0,81,35,0.001440053248,0.00144005324,3.507157777
5756,0.76953125,0.72265625,263.7062883,249.2021355,8,4914,4918,0,0,0,0,0,0,2103.661593,-15.98115624,1956.749576,3.568997116e-05,0,0,28,10,0.0004753616281,0.0004753616237,0.7092158884
5757,0.77734375,0.734375,273.1437032,273.1437032,8,4387,4920,0,0,0,0,0,0,1e+300,0,1e+300,0,0,0,0,0,0,0,0
5758,0.7734375,0.73046875,268.1645943,268.1645943,8,4920,4914,0,0,0,0,0,0,1e+300,0,1e+300,0,0,0,0,0,0,0,0
5759,0.76953125,0.734375,268.0469536,268.0469536,8,4920,3449,0,0,0,0,0,0,1e+300,0,1e+300,0,0,0,0,0,0,0,0
5760,0.7734375,0.75,280.3182645,281.630989,7,3195,4388,0,0,0,0,0,0,4.444872218e+12,-7.281647072e-07,25977.159,3.849535641e-05,0,0,1,0,2.24978346e-13,0,0.224978346
5761,0.765625,0.7421875,270.3600468,270.3600468,7,4388,3449,0,0,0,0,0,0,1e+300,0,1e+300,0,0,0,0,0,0,0,0
5762,0.7578125,0.75,270.1247653,270.1247653,7,4388,2658,0,0,0,0,0,0,1e+300,0,1e+300,0,0,0,0,0,0,0,0
5763,0.7578125,0.7578125,278.5276508,231.4209566,7,2658,3670,0,0,0,0,0,0,1393.283234,-50.22503041,1322.358616,3.849535641e-05,0,0,5,5,0.0007177291563,0.0007177291563,0.6677165014
5764,0.7578125,0.7734375,302.2403034,294.2069196,7,3670,2966,0,0,0,0,0,0,645.7123541,-7.039387354,630.0512168,3.849535641e-05,0,0,8,6,0.001548677199,0.001548677199,1.63165258
5765,0.7734375,0.7734375,305.526921,289.1881284,7,3670,2960,0,0,0,0,0,0,704.3024264,-19.29507389,685.7111694,3.849535641e-05,0,0,10,5,0.001419844604,0.001419844602,0.7969402244
5766,0.7734375,0.7578125,288.72115,230.1952495,7,3670,3195,0,0,0,0,0,0,1171.739017,-60.38647775,1121.167081,3.849535641e-05,0,0,8,4,0.0008534323648,0.0008534323637,0.5493004301
5767,0.765625,0.7578125,283.6244004,286.1138558,7,4388,3670,0,0,0,0,0,0,1.180895796e+12,-1.316287694e-06,25977.15858,3.849535641e-05,0,0,1,0,8.468147686e-13,0,0.8468147686
5768,0.76953125,0.73828125,270.4776876,270.4776876,8,3449,4913,0,0,0,0,0,0,1e+300,0,1e+300,0,0,0,0,0,0,0,0
5769,0.76953125,0.74609375,275.3391557,275.3391557,8,4913,4388,0,0,0,0,0,0,1e+300,0,1e+300,0,0,0,0,0,0,0,0
5770,0.77734375,0.74609375,280.4359053,280.4359053,8,4913,3195,0,0,0,0,0,0,1e+300,0,1e+300,0,0,0,0,0,0,0,0
5771,0.77734375,0.73828125,275.5744372,275.5744372,8,4913,4387,0,0,0,0,0,0,1e+300,0,1e+300,0,0,0,0,0,0,0,0
5772,0.7734375,0.73828125,273.0260624,273.0260624,8,4920,4913,0,0,0,0,0,0,1e+300,0,1e+300,0,0,0,0,0,0,0,0
5773,0.34765625,0.453125,51.68859407,102.835808,8,4907,5345,0,0,0,0,0,0,4758.097805,-21.87527776,4067.38862,3.568997116e-05,0,0,1,1,0.0002101680211,0.0002101680211,0.551600259
5774,0.3515625,0.45703125,116.7684112,232.935163,8,5345,4897,0,0,0,0,0,0,8620.963721,76.50809686,6592.553903,3.568997116e-05,0,0,2,2,0.0001159963123,0.0001159963123,0.3349172165
5775,0.35546875,0.453125,109.2449309,151.2490461,8,5345,3522,0,0,0,0,0,0,5831.467252,-22.66581282,4826.874491,3.568997116e-05,0,0,1,1,0.0001714834289,0.0001714834289,0.5104257854
5776,0.3515625,0.4140625,74.75882454,105.357295,7,3288,4903,0,0,0,0,0,0,26.62217981,30.66911836,26.59492453,3.849535641e-05,0,0,172,89,0.03756266418,0.03756266415,1.304914104
5777,0.3515625,0.4296875,80.53112349,118.8611951,7,4903,3292,0,0,0,0,0,0,33.90322779,38.23839242,33.85903779,3.849535641e-05,0,0,100,50,0.02949571664,0.02949571663,0.7570151905
5778,0.3671875,0.4296875,91.53769062,63.10530595,7,4903,2816,0,0,0,0,0,0,396.9668196,-28.70467323,390.9919237,3.849535641e-05,0,0,39,17,0.002519102229,0.002519102223,4.772579339
5779,0.375,0.421875,94.1548247,58.75003804,6,2816,3287,0,0,0,0,0,0,22.21124467,-35.68621639,22.16396332,9.604384497e-05,0,0,226,113,0.04502224053,0.04502224049,2.495724443
5780,0.390625,0.40625,94.59810727,107.95758,6,3287,3096,0,0,0,0,0,0,53.52945159,13.39535208,53.25565498,9.604384497e-05,0,0,199,104,0.01868130478,0.01868130475,16.50940704
5781,0.375,0.390625,82.6102268,36.35809935,6,3287,2674,0,0,0,0,0,0,1756.141053,-46.20890307,1502.687888,9.604384497e-05,0,0,6,5,0.0005694303417,0.0005694303415,1.180903594
5782,0.359375,0.40625,77.37595862,70.5145569,6,3287,3288,0,0,0,0,0,0,180.2899169,-6.799895023,177.2212012,9.604384497e-05,0,0,95,50,0.005546621892,0.005546621885,7.038265454
5783,0.3671875,0.4140625,85.76539166,94.25853715,7,4903,3287,0,0,0,0,0,0,71.14159962,8.383183967,70.94730183,3.849535641e-05,0,0,126,62,0.01405647336,0.01405647334,15.22333725
5784,0.3671875,0.4375,94.42384009,46.14615866,7,2816,4904,0,0,0,0,0,0,1496.291261,-48.63113353,1414.798493,3.849535641e-05,0,0,27,14,0.0006683190805,0.0006683190778,4.171873819
5785,0.359375,0.4296875,86.03440705,65.15131735,7,4904,4903,0,0,0,0,0,0,790.5641285,-21.06507358,767.2154247,3.849535641e-05,0,0,29,14,0.001264919523,0.001264919516,6.256964869
5786,0.3515625,0.4375,83.41727297,60.35723719,7,4904,3292,0,0,0,0,0,0,1212.840137,-23.2328785,1158.740055,3.849535641e-05,0,0,52,24,0.000824510972,0.0008245109674,3.047694386
5787,0.359375,0.4453125,113.4718279,99.67166598,7,4904,3522,0,0,0,0,0,0,1333.77646,-7.258462843,1268.639195,3.849535641e-05,0,0,44,20,0.0007497508243,0.0007497508182,4.021613437
5788,0.35546875,0.44921875,122.9958219,96.56449248,8,3522,4908,0,0,0,0,0,0,1631.557381,-16.44205466,1541.779214,3.568997116e-05,0,0,24,10,0.0006129113272,0.0006129113233,2.535332508
5789,0.35546875,0.44140625,98.44455046,105.3591253,8,4908,4904,0,0,0,0,0,0,551.0819674,10.09900305,540.4522978,3.568997116e-05,0,0,54,24,0.001814612089,0.001814612077,6.898806271
5790,0.34765625,0.44140625,92.94126689,115.1303579,8,4908,3292,0,0,0,0,0,0,369.5712399,25.4638239,364.7600595,3.568997116e-05,0,0,54,27,0.002705838258,0.002705838251,6.551575825
5791,0.34765625,0.44921875,65.43948501,40.05074282,8,4908,4907,0,0,0,0,0,0,990.9868147,-23.75203122,957.1345998,3.568997116e-05,0,0,24,13,0.001009095162,0.00100909516,2.156163127
5792,0.3515625,0.44921875,94.21765344,94.21765344,8,5345,4908,0,0,0,0,0,0,1e+300,0,1e+300,0,0,0,0,0,0,0,0
5793,0.0625,0.6328125,-182.5058609,-228.6289379,7,2747,5166,0,0,0,0,0,0,92.39893409,-26.16848841,92.07144242,3.849535641e-05,0,0,61,33,0.01082263567,0.01082263566,9.010581518
5794,0.0546875,0.640625,-250.5014251,-250.5014251,7,5166,4733,1,1,1,0,0,1,257.4630077,-38.10822092,254.9363006,3.849535641e-05,0,51.10492247,31,31,0.003884053127,0.003884053127,3.530300078
5795,0.0625,0.6484375,-231.6479752,-231.6479752,7,5166,3618,1,1,1,0,0,1,154.1899093,-36.87002875,153.2801005,3.849535641e-05,0,39.26592685,43,43,0.00648550871,0.00648550871,4.959390467
5796,0.078125,0.625,-178.7436897,-178.7436897,6,2747,3619,1,0,0,0,0,1,291.725095,0,0,0,0,0,46,24,0.003427884735,0.003427884733,1.486559696
5797,0.09375,0.640625,-143.511791,-143.511791,6,3619,3239,1,0,0,0,0,1,37.36445436,0,0,0,0,0,240,110,0.02676340434,0.02676340432,16.30294303
5798,0.109375,0.625,-108.132039,-111.2549423,6,3619,2680,0,0,0,0,0,0,17.20087746,12.40539037,17.17250782,9.604384497e-05,0,0,261,127,0.05813656905,0.05813656899,46.87686326
5799,0.09375,0.609375,-168.1909279,-171.073406,6,3619,3266,0,0,0,0,0,0,16.2456648,4.370078646,16.22035625,9.604384497e-05,0,0,292,137,0.06155488323,0.06155488317,39.86384112
5800,0.0859375,0.6484375,-151.6071681,-166.4177469,7,3239,5170,0,0,0,0,0,0,30.383014,-12.96500044,30.34751939,3.849535641e-05,0,0,174,86,0.03291312705,0.03291312703,12.48112414
5801,0.0859375,0.6328125,-190.1211494,-190.1211494,7,5170,3619,1,1,1,0,0,1,264.0921546,-28.97276806,261.4343289,3.849535641e-05,0,35.45026434,20,20,0.003786557013,0.003786557013,3.370285905
5802,0.0703125,0.6328125,-170.5294385,-189.6645887,7,5170,2747,0,0,0,0,0,0,110.8933274,-0.9780016335,110.4219496,3.849535641e-05,0,0,72,36,0.009017675124,0.009017675117,7.741572759
5803,0.0703125,0.6484375,-180.9958046,-180.9958046,7,5170,3618,1,0,0,0,0,1,60.47239736,0,0,0,0,0,152,84,0.01653647025,0.01653647024,12.84162413
5804,0.0703125,0.640625,-173.0447257,-187.9336979,7,5166,5170,0,0,0,0,0,0,78.55705059,-3.090168633,78.3202039,3.849535641e-05,0,0,78,41,0.01272960215,0.01272960214,10.5513874
5805,0.05078125,0.63671875,-201.7281382,-248.097042,8,4733,5176,0,0,0,0,0,0,195.2557547,-15.64450447,193.9044978,3.568997116e-05,0,0,47,23,0.005121487977,0.005121487969,4.723566115
5806,0.05859375,0.63671875,-189.7517158,-235.0422502,8,5176,5166,0,0,0,0,0,0,168.8919963,-16.36357511,167.8800572,3.568997116e-05,0,0,25,16,0.005920943693,0.005920943691,3.589674202
5807,0.05859375,0.62890625,-187.2364285,-247.4149771,8,5176,2747,0,0,0,0,0,0,191.4865071,-24.89324416,190.1867428,3.568997116e-05,0,0,31,14,0.005222300072,0.005222300066,5.473440903
5808,0.05078125,0.62890625,-251.0508878,-283.205289,8,5176,4738,0,0,0,0,0,0,193.1078485,-25.27424518,191.7860564,3.568997116e-05,0,0,39,15,0.005178453428,0.005178453419,5.580957317
5809,0.00390625,0.625,-274.1057342,145.4774337,8,2685,5208,0,0,0,0,0,0,3422.029115,379.6409628,3049.577721,3.568997116e-05,0,0,7,5,0.0002922242817,0.0002922242812,0.48128232
5810,0.0078125,0.62890625,-156.5005994,-243.687657,8,5208,5203,0,0,0,0,0,0,1049.581176,-81.61477145,1011.683978,3.568997116e-05,0,0,4,2,0.0009527609894,0.0009527609893,0.6397490329
5811,0.01171875,0.625,-270.7132962,-408.0895175,8,5208,4736,0,0,0,0,0,0,5902.407792,-191.6805367,4875.376711,3.568997116e-05,0,0,7,4,0.0001694223841,0.0001694223832,0.4972529144
5812,0.0078125,0.62109375,-267.6331238,-73.46582553,8,5208,4731,0,0,0,0,0,0,2511.461867,130.4746072,2304.867381,3.568997116e-05,0,0,11,6,0.0003981744708,0.0003981744692,1.698380961
5813,0.13671875,0.58203125,-109.4000482,-251.73635,8,3728,5306,0,0,0,0,0,0,1426.37426,-123.7950712,1357.278914,3.568997116e-05,0,0,2,1,0.0007010782711,0.0007010782702,0.9006019028
5814,0.12890625,0.58203125,-107.881329,-142.5679462,8,5306,4858,0,0,0,0,0,0,400.9560548,-1.529622789,395.2992786,3.568997116e-05,0,0,20,8,0.002494038906,0.002494038901,1.983790086
5815,0.12890625,0.58984375,-103.7099153,-105.7548659,8,5306,3726,0,0,0,0,0,0,217.7512512,31.94134032,216.0720396,3.568997116e-05,0,0,18,7,0.004592396115,0.00459239611,3.261564178
5816,0.13671875,0.58984375,-105.2286345,-105.2286345,8,5306,4861,0,0,0,0,0,0,1e+300,0,1e+300,0,0,0,0,0,0,0,0
5817,0.13671875,0.44921875,-125.0467199,-158.5337179,8,3846,4935,0,0,0,0,0,0,424.8336346,-30.52279361,418.4883881,3.568997116e-05,0,0,19,9,0.002353862591,0.002353862587,2.098593239
5818,0.13671875,0.44140625,-141.450931,-141.450931,8,4935,4151,1,0,0,0,0,1,1e+300,0,0,0,0,0,0,0,0,0,0
5819,0.12890625,0.44140625,-152.164277,-154.9536136,8,4935,2766,0,0,0,0,0,0,33.42161566,-1.99067927,33.3817973,3.568997116e-05,0,0,157,76,0.02992075578,0.02992075575,23.14405449
5820,0.125,0.4609375,-160.1725896,-148.2780799,7,3841,4938,0,0,0,0,0,0,90.03622761,11.21618808,89.72524201,3.849535641e-05,0,0,106,52,0.01110664037,0.01110664035,11.0884642
5821,0.1328125,0.453125,-136.7553432,-148.6473289,7,4938,3846,0,0,0,0,0,0,125.7038569,-10.1419567,125.0985034,3.849535641e-05,0,0,89,41,0.00795520539,0.007955205375,7.223917485
5822,0.125,0.4453125,-163.8729003,-145.0920741,7,4938,2766,0,0,0,0,0,0,67.80658916,18.36530806,67.63005856,3.849535641e-05,0,0,158,76,0.01474782927,0.01474782925,0.4970969721
5823,0.1015625,0.4609375,-262.4384245,-453.6664939,7,3208,4942,0,0,0,0,0,0,95.37567749,-191.7866005,95.02678469,3.849535641e-05,0,0,47,25,0.01048485344,0.01048485343,0.1952963638
5824,0.1171875,0.4609375,-194.2612013,-139.9050165,7,4942,3841,0,0,0,0,0,0,233.2645419,53.7177933,231.1885607,3.849535641e-05,0,0,67,36,0.004286978175,0.004286978166,5.982769728
5825,0.1171875,0.4453125,-197.9615119,-121.3041993,7,4942,2766,0,0,0,0,0,0,18.7363732,76.28172467,18.72286908,3.849535641e-05,0,0,62,33,0.05337212219,0.05337212219,0.3115648278
5826,0.1015625,0.4453125,-266.1387351,-185.4803001,7,4942,3844,0,0,0,0,0,0,9.794331861,80.36270746,9.790640434,3.849535641e-05,0,0,44,26,0.102099869,0.102099869,1.173274752
5827,0.1171875,0.453125,-196.1113566,-200.6236323,7,4938,4942,0,0,0,0,0,0,97.03882883,-5.019265383,96.67768505,3.849535641e-05,0,0,70,36,0.01030515323,0.01030515321,0.1164961692
5828,0.12890625,0.44921875,-150.3141217,-153.4210649,8,4935,4938,0,0,0,0,0,0,29.82683803,-2.439687692,29.79512056,3.568997116e-05,0,0,143,69,0.03352685252,0.03352685249,16.79421527
5829,0.140625,0.44140625,-134.7375024,-134.7375024,8,4151,5276,0,0,0,0,0,0,1e+300,0,1e+300,0,0,0,0,0,0,0,0
5830,0.13671875,0.4453125,-132.7965736,-132.7965736,8,5276,4935,0,0,0,0,0,0,1e+300,0,1e+300,0,0,0,0,0,0,0,0
5831,0.140625,0.44921875,-119.2377951,-119.2377951,8,5276,3846,0,0,0,0,0,0,1e+300,0,1e+300,0,0,0,0,0,0,0,0
5832,0.14453125,0.4453125,-121.1787239,-121.1787239,8,5276,4934,0,0,0,0,0,0,1e+300,0,1e+300,0,0,0,0,0,0,0,0
5833,0.0625,0.5078125,-344.5699277,-244.8771324,7,2763,4295,0,0,0,0,0,0,643.3372117,100.8023249,627.7896891,3.849535641e-05,0,0,6,3,0.001554394774,0.001554394774,0.02527910435
5834,0.0546875,0.515625,-357.5591359,-378.4324039,7,4295,3560,0,0,0,0,0,0,34.55677426,-19.05787014,34.5108653,3.849535641e-05,0,0,18,10,0.02893788618,0.02893788617,0.4880275195
5835,0.0625,0.5234375,-338.8113054,-326.5363473,7,4295,3556,0,0,0,0,0,0,36.16732586,7.019040986,36.11704104,3.849535641e-05,0,0,24,12,0.02764926563,0.02764926563,0.5851710411
5836,0.078125,0.5,-298.3173824,-237.6128638,6,2763,3557,0,0,0,0,0,0,2016.528905,63.58987562,1689.344742,9.604384497e-05,0,0,11,5,0.0004959016445,0.0004959016445,0.01345859543
5837,0.09375,0.515625,-219.9127729,-181.3447313,6,3557,3267,0,0,0,0,0,0,6.509001284,38.95129649,6.504934728,9.604384497e-05,0,0,148,69,0.1536334003,0.1536334003,0.5581100515
5838,0.109375,0.5,-200.0536696,-282.5101866,6,3557,2689,0,0,0,0,0,0,3.931135715,-82.38495181,3.92965203,9.604384497e-05,0,0,122,55,0.2543794141,0.2543794141,0.715884433
5839,0.09375,0.484375,-271.9312034,-163.5109784,6,3557,3208,0,0,0,0,0,0,639.6463073,108.8344541,602.6246122,9.604384497e-05,0,0,14,8,0.001563363985,0.001563363984,3.412246523
5840,0.0859375,0.5234375,-229.8423246,-244.3721701,7,3267,3912,0,0,0,0,0,0,5.614747225,-13.99074589,5.613533906,3.849535641e-05,0,0,57,28,0.1781024078,0.1781024078,0.7279539745
5841,0.0859375,0.5078125,-259.1150777,-264.2358309,7,3912,3557,0,0,0,0,0,0,2.526279202,-3.48644727,2.526033545,3.849535641e-05,0,0,43,21,0.3958390662,0.3958390662,1.403305126
5842,0.0703125,0.5078125,-308.2469341,-291.4047602,7,3912,2763,0,0,0,0,0,0,90.37359413,19.88337576,90.06027769,3.849535641e-05,0,0,12,5,0.01106517905,0.01106517904,0.1878180986
5843,0.0703125,0.5234375,-302.4883118,-268.3566624,7,3912,3556,0,0,0,0,0,0,165.8260513,30.80740449,164.7742097,3.849535641e-05,0,0,32,13,0.006030415561,0.006030415554,2.91062912
5844,0.0703125,0.515625,-305.367623,-257.0102691,7,4295,3912,0,0,0,0,0,0,182.4476989,48.21583231,181.1752348,3.849535641e-05,0,0,16,7,0.005481022813,0.005481022808,1.856943852
5845,0.05078125,0.51171875,-366.9330512,-358.502274,8,3560,4994,0,0,0,0,0,0,314.7850335,10.69744261,311.287818,3.568997116e-05,0,0,25,15,0.003176771109,0.003176771107,5.810411347
5846,0.05859375,0.51171875,-351.0645318,-352.8131557,8,4994,4295,0,0,0,0,0,0,1446.851807,-3.370549974,1375.807712,3.568997116e-05,0,0,6,2,0.0006911557876,0.0006911557865,1.43444826
5847,0.05859375,0.50390625,-353.943843,-414.9713453,8,4994,2763,0,0,0,0,0,0,539.2580356,-59.46670516,529.0753957,3.568997116e-05,0,0,3,2,0.001854399812,0.001854399811,1.101952931
5848,0.05078125,0.50390625,-394.4100854,-365.375434,8,4994,4192,0,0,0,0,0,0,488.160609,30.20531412,479.8013006,3.568997116e-05,0,0,22,15,0.00204850613,0.002048506125,3.638994908
5849,0.025390625,0.568359375,-545.2138883,-480.6461953,9,4759,5290,0,0,0,0,0,0,8628.177024,0.002450753051,0.2499927565,4,0,0,1,1,0.0001158993374,0.0001158993374,0.7939916065
5850,0.029296875,0.568359375,-458.5919117,-394.5519406,9,5290,5280,0,0,0,0,0,0,8041.75858,0.003189859168,0.2499922283,4,0,0,7,3,0.0001243509103,0.0001243509094,0.899724133
5851,0.029296875,0.564453125,-476.3107689,-408.8977097,9,5290,3271,0,0,0,0,0,0,16368.69181,0.0003022315644,0.2499961818,4,0,0,8,3,6.109223705e-05,6.109223525e-05,0.5023639929
5852,0.025390625,0.564453125,-478.1073457,-449.4607282,9,5290,5106,0,0,0,0,0,0,7003656.118,1.483434028e-05,0.2499999911,4,0,0,2,1,1.427825672e-07,1.42782207e-07,0.001240572552
5853,0.00390625,0.578125,-283.9390631,-291.1745486,8,4294,5221,0,0,0,0,0,0,23.68040681,-33.50769438,23.66041014,3.568997116e-05,0,0,93,45,0.04222900425,0.04222900424,0.3728237105
5854,0.0078125,0.58203125,-383.346937,-383.346937,8,5221,4761,1,1,1,0,0,1,475.4384347,-16.94349226,467.5056184,3.568997116e-05,0,54.59646613,36,36,0.002103321749,0.002103321749,3.930659247
5855,0.01171875,0.578125,-390.0346198,-390.0346198,8,5221,3615,1,1,1,0,0,1,925.4989011,164.054357,895.9061952,3.568997116e-05,0,172.0149392,28,28,0.001080498312,0.001080498312,3.770367456
5856,0.0078125,0.57421875,-548.7807336,-501.2909691,8,5221,4760,0,0,0,0,0,0,203.9195842,62.18867257,202.4462042,3.568997116e-05,0,0,93,48,0.004903893876,0.00490389386,1.722008938
5857,0.005859375,0.583984375,-464.3228465,-580.1275402,9,4761,5371,0,0,0,0,0,0,2972.06436,0.02843651314,0.2499789726,4,0,0,44,23,0.0003364664687,0.0003364664611,5.746561022
5858,0.005859375,0.580078125,-392.2372824,-607.8988256,9,5371,5221,0,0,0,0,0,0,6.734138723,3.051684086,0.2410511514,4,0,0,55,24,0.1484970894,0.1484970894,1.102300257
5859,0.001953125,0.580078125,-247.7264078,-457.1192133,9,5371,4294,0,0,0,0,0,0,10.12289284,2.515114588,0.2439746799,4,0,0,130,60,0.09878599087,0.09878599085,0.8258716304
5860,0,0.58984375,-73.42700147,-43.69363043,8,3270,5220,0,0,0,0,0,0,167.1425262,-24.35653195,166.1513814,3.568997116e-05,0,0,44,23,0.00598291783,0.005982917826,4.004010886
5861,0.00390625,0.5859375,-323.5436839,-323.5436839,8,5220,4761,1,1,1,0,0,1,292.7123772,-106.548263,289.6860564,3.568997116e-05,0,77.55097854,54,54,0.00341632291,0.00341632291,6.163396956
5862,0,0.58203125,-117.4277928,-64.85344042,8,5220,4294,0,0,0,0,0,0,91.64468864,38.44357052,91.34591476,3.568997116e-05,0,0,86,40,0.0109117071,0.01091170709,9.697060577
5863,0.001953125,0.583984375,-225.7260121,-455.6036813,9,5371,5220,0,0,0,0,0,0,69.12749444,0.9769850925,0.2490991315,4,0,0,110,51,0.01446602409,0.01446602407,12.25339944
5864,0.1015625,0.4140625,-273.5393563,-273.5393563,7,3205,4788,0,0,0,0,0,0,1e+300,0,1e+300,0,0,0,0,0,0,0,0
5865,0.1015625,0.4296875,-269.8390457,-93.62763062,7,4788,3844,0,0,0,0,0,0,21.40240577,176.1784912,21.38478699,3.849535641e-05,0,0,22,13,0.04672371931,0.04672371931,0.2265463261
5866,0.1171875,0.4296875,-201.6618225,-279.316675,7,4788,2766,0,0,0,0,0,0,7.034540848,-77.76763676,7.03263643,3.849535641e-05,0,0,31,19,0.1421556889,0.1421556889,0.623955212
5867,0.1171875,0.4140625,-205.3621331,-201.4996054,7,4788,3843,0,0,0,0,0,0,4007.407958,4.012547075,3471.821819,3.849535641e-05,0,0,2,1,0.0002495378585,0.0002495378585,0.2575183783
5868,0.09375,0.4296875,-303.9276573,-303.9276573,7,3844,5252,0,0,0,0,0,0,1e+300,0,1e+300,0,0,0,0,0,0,0,0
5869,0.1015625,0.421875,-271.689201,-271.689201,7,5252,4788,0,0,0,0,0,0,1e+300,0,1e+300,0,0,0,0,0,0,0,0
5870,0.09375,0.4140625,-307.627968,-307.627968,7,5252,3205,0,0,0,0,0,0,1e+300,0,1e+300,0,0,0,0,0,0,0,0
5871,0.0859375,0.421875,-426.3826646,-426.3826646,7,5252,4787,0,0,0,0,0,0,1e+300,0,1e+300,0,0,0,0,0,0,0,0
5872,0.05078125,0.61328125,-225.0347403,-277.747809,8,3621,5183,0,0,0,0,0,0,104.8864064,-20.25665587,104.4952396,3.568997116e-05,0,0,98,49,0.00953412396,0.009534123947,8.704882307
5873,0.05078125,0.62109375,-258.8197552,-294.7821532,8,5183,4738,0,0,0,0,0,0,199.6023756,-27.77326521,198.1905054,3.568997116e-05,0,0,42,20,0.005009960414,0.005009960407,5.595013276
5874,0.05859375,0.62109375,-195.0052958,-223.4717408,8,5183,2747,0,0,0,0,0,0,952.1627057,8.127836296,920.8691238,3.568997116e-05,0,0,10,3,0.001050240672,0.001050240669,1.070008954
5875,0.0859375,0.6015625,-198.2203723,-220.2631817,7,3266,4675,0,0,0,0,0,0,49.06648734,-18.92812103,48.97398371,3.849535641e-05,0,0,85,39,0.02038050927,0.02038050925,0.2881549617
5876,0.0703125,0.6015625,-222.1732172,-230.0381311,7,4675,3620,0,0,0,0,0,0,40.73489043,-1.155345519,40.67111389,3.849535641e-05,0,0,206,100,0.02454897974,0.02454897972,20.04468436
5877,0.0703125,0.6171875,-204.6385519,-204.6385519,7,4675,2747,1,0,0,0,0,1,538.0612523,0,0,0,0,0,50,24,0.001858524463,0.00185852446,1.977261845
5878,0.0859375,0.6171875,-162.1143283,-182.7658554,7,4675,3619,0,0,0,0,0,0,76.48873127,-5.666221808,76.26417438,3.849535641e-05,0,0,67,29,0.01307382125,0.01307382123,6.410447829
5879,0.0625,0.6171875,-218.4135426,-218.4135426,7,2747,5184,1,0,0,0,0,1,554.5509888,0,0,0,0,0,16,10,0.001803260692,0.001803260691,1.62104016
5880,0.0703125,0.609375,-204.1201952,-220.0767454,7,5184,4675,0,0,0,0,0,0,26.46082684,-3.311673339,26.43390077,3.849535641e-05,0,0,195,92,0.03779171399,0.03779171395,29.66755407
5881,0.0625,0.6015625,-234.1496396,-242.1674097,7,5184,3620,0,0,0,0,0,0,34.57847366,0.4892382956,34.53250707,3.849535641e-05,0,0,193,94,0.02891972647,0.02891972644,24.45779147
5882,0.0546875,0.609375,-244.3084048,-244.3084048,7,5184,3621,1,0,0,0,0,1,63.97090278,0,0,0,0,0,180,85,0.01563210705,0.01563210703,12.75243341
5883,0.05859375,0.61328125,-318.4238994,-318.4238994,8,5183,5184,1,1,1,0,0,1,3233.466801,-89.45755156,2932.305705,3.21372265e-05,0,56.13513335,9,9,0.0003092655844,0.0003092655844,0.3545153482
5884,0.2265625,0.5,7.510282335,54.47365803,7,3022,4817,0,0,0,0,0,0,283.4161941,44.70335988,280.3574364,3.849535641e-05,0,0,44,23,0.00352837989,0.003528379885,4.810020334
5885,0.234375,0.5078125,16.1967608,17.06052837,7,4817,3526,0,0,0,0,0,0,39.34190863,-0.5954509971,39.28241617,3.849535641e-05,0,0,141,70,0.02541818724,0.02541818721,16.04417781
5886,0.2421875,0.5,25.81261574,22.96573098,7,4817,2661,0,0,0,0,0,0,18.65008623,-3.365683382,18.63670616,3.849535641e-05,0,0,199,104,0.05361905504,0.05361905499,26.28989858
5887,0.2265625,0.4765625,-5.440232641,-3.786520902,7,3025,4164,0,0,0,0,0,0,76.14138223,2.083388254,75.91885725,3.849535641e-05,0,0,97,50,0.01313346265,0.01313346264,8.894447123
5888,0.2265625,0.4921875,3.19344401,-5.99512577,7,4164,3022,0,0,0,0,0,0,141.2108734,-10.55202148,140.4474066,3.849535641e-05,0,0,61,34,0.007081607638,0.007081607632,9.131322741
5889,0.2421875,0.4921875,21.49577742,36.44626887,7,4164,2661,0,0,0,0,0,0,15.01197494,15.32825693,15.00330466,3.849535641e-05,0,0,239,123,0.06661348718,0.06661348714,22.01997959
5890,0.2421875,0.4765625,18.30217564,9.238912884,7,4164,4165,0,0,0,0,0,0,17.6567626,-8.800795078,17.64476939,3.849535641e-05,0,0,209,104,0.05663552388,0.05663552384,24.18293333
5891,0.234375,0.4921875,12.34461071,12.5848552,7,4817,4164,0,0,0,0,0,0,31.79414487,-0.2525986196,31.75527873,3.849535641e-05,0,0,130,69,0.031452332,0.03145233197,13.25053648
5892,0.23046875,0.51171875,11.38883333,-31.26130906,8,3526,5436,0,0,0,0,0,0,108.3106038,-6.871521171,107.8935303,3.568997116e-05,0,0,62,28,0.009232706354,0.009232706344,8.029016512
5893,0.23046875,0.50390625,11.85352157,-16.38632984,8,5436,4817,0,0,0,0,0,0,104.1043971,7.608581147,103.7190308,3.568997116e-05,0,0,52,24,0.009605742195,0.009605742183,7.305045289
5894,0.22265625,0.50390625,2.702354862,-39.26036272,8,5436,3022,0,0,0,0,0,0,660.3024049,-6.984893621,645.0998693,3.568997116e-05,0,0,14,7,0.001514457607,0.001514457606,3.246875574
5895,0.22265625,0.51171875,-2.019684635,23.41516247,8,5436,4816,0,0,0,0,0,0,450.1103788,37.86884771,442.9939353,3.568997116e-05,0,0,24,11,0.002221677276,0.002221677271,3.477321306
5896,0.005859375,0.537109375,-592.0084679,-680.7670337,9,4184,4865,0,0,0,0,0,0,11872.1696,7.172186542e-07,0.2499947357,4,0,0,6,3,8.423060262e-05,8.423060203e-05,1.579088594
5897,0.005859375,0.533203125,-657.025925,-774.7170186,9,4865,4605,0,0,0,0,0,0,2860.830155,0.002392419741,0.2499781551,4,0,0,14,7,0.0003495488882,0.0003495488864,1.613015022
5898,0.001953125,0.533203125,-590.0642274,-669.7800022,9,4865,3272,0,0,0,0,0,0,636.8700913,0.1113905624,0.2499019023,4,0,0,37,22,0.001570178932,0.001570178929,3.912203715
5899,0,0.54296875,-577.9999125,-556.0472338,8,3563,4259,0,0,0,0,0,0,16418.66182,6.905105611,10352.36611,3.568997116e-05,0,0,9,4,6.090630352e-05,6.090630216e-05,0.8205366259
5900,0.00390625,0.5390625,-587.3389495,-585.6446709,8,4259,4184,0,0,0,0,0,0,7514.121414,-29.9197214,5925.127871,3.568997116e-05,0,0,12,6,0.0001330827578,0.0001330827551,1.883140621
5901,0,0.53515625,-585.3947089,-391.4707337,8,4259,3272,0,0,0,0,0,0,765.5921336,153.3785742,745.2295113,3.568997116e-05,0,0,26,16,0.00130617852,0.001306178516,2.609715533
5902,0.001953125,0.537109375,-586.3668292,-678.8029148,9,4865,4259,0,0,0,0,0,0,378.5251584,0.1399937123,0.2498349945,4,0,0,29,18,0.002641832327,0.002641832322,3.66218317
5903,0.015625,0.59765625,-408.6952917,-345.1114439,8,4293,4756,0,0,0,0,0,0,107.6796057,36.45544888,107.2673684,3.568997116e-05,0,0,127,65,0.009286809636,0.009286809622,12.06417883
5904,0.01171875,0.6015625,-399.6888594,-347.2855045,8,4756,4730,0,0,0,0,0,0,359.6711941,22.92321701,355.1127346,3.568997116e-05,0,0,92,44,0.00278031718,0.002780317172,4.843470638
5905,0.015625,0.60546875,-357.8473038,-337.51835,8,4756,3616,0,0,0,0,0,0,214.5647175,20.67664855,212.9341089,3.568997116e-05,0,0,81,38,0.004660598497,0.004660598484,5.196446002
5906,0.01953125,0.6015625,-349.7685642,-359.980245,8,4756,4729,0,0,0,0,0,0,101.3179704,-10.94505655,100.9529211,3.568997116e-05,0,0,131,65,0.009869917407,0.00986991739,14.99316111
5907,0.013671875,0.607421875,-353.3440876,-340.837525,9,3616,5194,0,0,0,0,0,0,1038.352657,0.01298998586,0.249939823,4,0,0,29,14,0.0009630639395,0.000963063934,2.763728838
5908,0.013671875,0.603515625,-378.7680816,-352.5355362,9,5194,4756,0,0,0,0,0,0,164.0142478,0.0009259513225,0.2496195155,4,0,0,71,37,0.006097031286,0.006097031272,11.74265927
5909,0.009765625,0.603515625,-395.1856433,-352.8288196,9,5194,4730,0,0,0,0,0,0,155.1905755,0.03541847745,0.2495979171,4,0,0,72,37,0.006443690261,0.00644369025,11.06035999
5910,0.009765625,0.607421875,-332.3096771,-318.6141627,9,5194,4742,0,0,0,0,0,0,229.9882879,0.01771384062,0.2497285421,4,0,0,30,14,0.004348047498,0.004348047491,7.048336199
5911,0.796875,0.5,131.9797667,92.26195872,6,2915,3859,0,0,0,0,0,0,1311.452474,-37.45883429,1164.744787,9.604384497e-05,0,0,13,7,0.0007625133353,0.000762513333,1.542091072
5912,0.78125,0.484375,128.8965904,163.7170312,6,3859,3042,0,0,0,0,0,0,1905.937617,35.60496606,1611.032378,9.604384497e-05,0,0,18,6,0.0005246761442,0.0005246761405,3.112521567
5913,0.765625,0.5,151.1576365,145.8789747,6,3859,2669,0,0,0,0,0,0,11.51248823,-4.507723853,11.49977289,9.604384497e-05,0,0,368,175,0.08686219518,0.08686219509,6.242035636
5914,0.78125,0.515625,163.3003028,179.8865445,6,3859,3202,0,0,0,0,0,0,6.0169841,17.47277949,6.013508928,9.604384497e-05,0,0,358,172,0.1661962178,0.1661962177,7.118071248
5915,0.7890625,0.4765625,117.7660673,172.4016091,7,3042,4405,0,0,0,0,0,0,15800.67472,24.39977567,9824.746852,3.849535641e-05,0,0,3,1,6.32884366e-05,6.328843615e-05,0.2731735263
5916,0.7890625,0.4921875,130.4381785,126.2604834,7,4405,3859,0,0,0,0,0,0,651.5205398,-33.68303068,635.5798691,3.849535641e-05,0,0,13,6,0.001534871027,0.001534871023,2.89143952
5917,0.8046875,0.4921875,120.8492436,101.6737703,7,4405,2915,0,0,0,0,0,0,649.3938605,-47.93679099,633.5558214,3.849535641e-05,0,0,12,5,0.001539897527,0.001539897523,2.45001309
5918,0.8046875,0.4765625,108.1771324,137.668883,7,4405,3858,0,0,0,0,0,0,1.160636452e+12,2.286535278e-06,25977.15857,3.849535641e-05,0,0,2,0,8.615962374e-13,0,0.8615962374
5919,0.005859375,0.587890625,-442.3224508,-357.7635243,9,4761,5372,0,0,0,0,0,0,498.8492414,0.04573810951,0.2498747744,4,0,0,47,19,0.002004613653,0.002004613645,3.173575181
5920,0.001953125,0.587890625,-203.7256165,-233.9894001,9,5372,5220,0,0,0,0,0,0,78.60749802,0.2445520494,0.2492074311,4,0,0,72,41,0.01272143275,0.01272143274,9.229602592
5921,0.001953125,0.591796875,-181.7252208,-152.9513006,9,5372,3270,0,0,0,0,0,0,97.26723417,0.3764005469,0.2493590876,4,0,0,66,30,0.01028095441,0.0102809544,6.902361695
5922,0.005859375,0.591796875,-311.0357101,-388.9362398,9,5372,4755,0,0,0,0,0,0,356.6385683,0.06638284746,0.2498248753,4,0,0,46,17,0.002803959215,0.002803959208,3.192738473
5923,0.91015625,0.734375,322.4461969,375.6454759,8,4637,4950,0,0,0,0,0,0,55826.88572,52.87895763,18655.85064,3.568997116e-05,0,0,2,1,1.791251629e-05,1.791251576e-05,0.4587056492
5924,0.9140625,0.73828125,325.1230788,325.3028287,8,4950,4641,0,0,0,0,0,0,3.526200482e+13,-9.955493852e-07,28019.07558,3.568997116e-05,0,0,1,0,2.835913627e-14,0,0.02835913627
5925,0.91796875,0.734375,320.5421367,320.7699495,8,4950,3749,0,0,0,0,0,0,9.471850508e+12,-1.936754188e-06,28019.07551,3.568997116e-05,0,0,1,0,1.055759906e-13,0,0.1055759906
5926,0.91015625,0.72265625,311.5594608,301.3143082,8,3124,4640,0,0,0,0,0,0,26.61704063,-10.52345685,26.59177946,3.568997116e-05,0,0,745,371,0.03756991673,0.03756991655,59.22601685
5927,0.91015625,0.73046875,318.8172849,330.8594587,8,4640,4637,0,0,0,0,0,0,128.8597771,11.95250403,128.2698637,3.568997116e-05,0,0,147,65,0.007760373507,0.007760373465,10.46555892
5928,0.91796875,0.73046875,316.9132246,316.9132246,8,4640,3749,0,0,0,0,0,0,1e+300,-48.95432863,22225.51402,0,0,0,0,0,0,0,0
5929,0.890625,0.6875,293.2007328,289.211592,6,2918,3183,0,0,0,0,0,0,1835.080869,-4.454006338,1560.113617,9.604384497e-05,0,0,47,19,0.0005449351126,0.0005449351008,6.053149463
5930,0.90625,0.703125,305.6457555,296.5062237,6,3183,3124,0,0,0,0,0,0,1184.319312,-9.211360295,1063.365161,9.604384497e-05,0,0,22,15,0.0008443668777,0.0008443668766,0.13065323
5931,0.921875,0.6875,311.6171314,265.1203269,6,3183,2894,0,0,0,0,0,0,338.910817,-45.4815036,328.2269325,9.604384497e-05,0,0,61,30,0.002950628749,0.002950628738,0.7964756928
5932,0.90625,0.671875,284.1683444,302.7084407,6,3183,3123,0,0,0,0,0,0,807.3506589,18.42922544,749.2528014,9.604384497e-05,0,0,87,39,0.001238619166,0.001238619151,1.982476321
5933,0.9296875,0.6953125,317.8396427,305.1591228,7,2894,3746,0,0,0,0,0,0,246.365686,-11.46870058,244.051121,3.849535641e-05,0,0,27,15,0.004059006821,0.004059006817,0.8701364839
5934,0.9140625,0.6953125,308.6314434,292.3376499,7,3746,3183,0,0,0,0,0,0,95.29291501,-15.82205735,94.94462634,3.849535641e-05,0,0,26,15,0.0104939596,0.01049395959,1.038512771
5935,0.9140625,0.7109375,311.8682668,306.4382748,7,3746,3124,0,0,0,0,0,0,111.9831984,-5.305302103,111.5025296,3.849535641e-05,0,0,25,16,0.008929911045,0.008929911041,1.021055993
5936,0.9296875,0.7109375,321.6062798,356.2947556,7,3746,3163,0,0,0,0,0,0,572.2111585,35.92139479,559.8784513,3.849535641e-05,0,0,24,13,0.001747606605,0.001747606603,1.060985517
5937,0.9296875,0.71875,323.4895984,306.2447238,7,3163,3750,0,0,0,0,0,0,72.51803803,-16.00140575,72.31615968,3.849535641e-05,0,0,512,274,0.01378967257,0.01378967251,15.95760963
5938,0.921875,0.7109375,316.7372733,321.7841126,7,3750,3746,0,0,0,0,0,0,5386.769405,5.725643702,4461.589239,3.849535641e-05,0,0,22,13,0.0001856400237,0.0001856400216,1.43818329
5939,0.9140625,0.71875,313.7515854,308.9270275,7,3750,3124,0,0,0,0,0,0,95.53179482,-4.689318092,95.18176099,3.849535641e-05,0,0,612,315,0.01046771917,0.01046771912,19.38398132
5940,0.921875,0.7265625,319.1053492,323.7025501,7,3750,3749,0,0,0,0,0,0,130.3794224,5.01358164,129.7283157,3.849535641e-05,0,0,502,269,0.007669921998,0.007669921952,17.15827032
5941,0.91796875,0.72265625,316.4284673,316.8242714,8,4640,3750,0,0,0,0,0,0,34.57395539,0.6716143511,34.53134566,3.568997116e-05,0,0,600,307,0.02892350582,0.02892350567,57.79123054
5942,0.9140625,0.73046875,317.8652548,365.803128,8,4950,4640,0,0,0,0,0,0,88708.74171,47.56948793,21293.44142,3.568997116e-05,0,0,2,1,1.127284618e-05,1.127284598e-05,0.2886762575
5943,0.6484375,0.4609375,182.8086685,169.7798039,7,3009,3346,0,0,0,0,0,0,5.704811493e+11,-5.765126474e-06,25977.15797,3.849535641e-05,0,0,2,0,1.752906299e-12,0,1.752906299
5944,0.6484375,0.4453125,146.4472675,98.68862455,7,3346,3013,0,0,0,0,0,0,73869.92088,-43.86934811,19218.69613,3.849535641e-05,0,0,4,2,1.353730975e-05,1.35373083e-05,0.6625764005
5945,0.6328125,0.4453125,234.5009087,209.7580614,7,3346,2864,0,0,0,0,0,0,808719.7448,15.17688489,25168.70665,3.849535641e-05,0,0,4,2,1.236522301e-06,1.236521964e-06,0.08226398154
5946,0.6328125,0.4609375,199.4727326,178.4705592,7,3346,3012,0,0,0,0,0,0,5.626705497e+12,-1.619590051e-06,25977.15903,3.849535641e-05,0,0,2,0,1.77723892e-13,0,0.177723892
5947,0.65625,0.4453125,102.4204469,102.4204469,7,3013,3422,0,0,0,0,0,0,1e+300,0,1e+300,0,0,0,0,0,0,0,0
5948,0.6484375,0.453125,164.627968,164.627968,7,3422,3346,0,0,0,0,0,0,1e+300,0,1e+300,0,0,0,0,0,0,0,0
5949,0.65625,0.4609375,138.7818479,64.11764053,7,3422,3009,0,0,0,0,0,0,8749.400651,-72.05357667,6544.978094,3.849535641e-05,0,0,2,2,0.0001142935431,0.0001142935431,0.6961898158
5950,0.6796875,0.4453125,150.7648315,99.20254347,7,2836,3345,0,0,0,0,0,0,303.9182,-52.06826778,300.4036458,3.849535641e-05,0,0,34,18,0.00329035905,0.003290359045,5.330254928
5951,0.6640625,0.4453125,118.5352418,129.3062281,7,3345,3013,0,0,0,0,0,0,326.6350661,1.185043804,322.5789795,3.849535641e-05,0,0,19,12,0.003061520651,0.003061520648,4.286218348
5952,0.6640625,0.4609375,154.8966428,62.58722677,7,3345,3009,0,0,0,0,0,0,2722.987322,-92.75579445,2464.638119,3.849535641e-05,0,0,6,4,0.0003672437224,0.0003672437218,1.71426291
5953,0.703125,0.453125,151.7108373,131.0616718,6,2836,3010,0,0,0,0,0,0,63.33930209,-21.04427078,62.95631678,9.604384497e-05,0,0,115,57,0.01578798577,0.01578798575,6.652837364
5954,0.703125,0.484375,161.0921796,143.1099483,6,3010,2863,0,0,0,0,0,0,809.1814682,-17.83340535,750.8293398,9.604384497e-05,0,0,34,19,0.001235816735,0.001235816731,4.239606928
5955,0.734375,0.484375,157.73466,149.8716336,6,3010,2669,0,0,0,0,0,0,423.6805414,-7.976781545,407.1142843,9.604384497e-05,0,0,40,21,0.002360268887,0.002360268877,7.440017716
5956,0.734375,0.453125,143.4668054,138.5292246,6,3010,2886,0,0,0,0,0,0,48.56630135,-5.048459819,48.34081589,9.604384497e-05,0,0,91,42,0.02059040883,0.0205904088,9.516019889
5957,0.6875,0.484375,162.7709395,177.3621491,6,2863,3294,0,0,0,0,0,0,642.6667963,14.87132617,605.304845,9.604384497e-05,0,0,30,13,0.001556016284,0.001556016277,4.450891789
5958,0.703125,0.46875,156.4015085,133.535317,6,3294,3010,0,0,0,0,0,0,72.36865923,-22.98933111,71.86912823,9.604384497e-05,0,0,56,29,0.01381813634,0.01381813633,6.208833649
5959,0.6875,0.453125,153.3895971,119.1028741,6,3294,2836,0,0,0,0,0,0,121.1747616,-34.55053776,119.7807426,9.604384497e-05,0,0,58,29,0.00825254357,0.008252543564,3.688126133
5960,0.671875,0.46875,157.5214083,132.9588798,6,3294,3009,0,0,0,0,0,0,714.9196648,-24.76674204,668.9847417,9.604384497e-05,0,0,21,9,0.001398758559,0.001398758555,2.474406574
5961,0.6796875,0.4609375,155.4555027,197.7648024,7,3345,3294,0,0,0,0,0,0,847.7374696,42.07528555,820.9467301,3.849535641e-05,0,0,19,8,0.001179610476,0.001179610469,2.8764648
5962,0.6640625,0.453125,136.7159423,84.18860885,7,3422,3345,0,0,0,0,0,0,4925.19027,-49.94650335,4140.217617,3.849535641e-05,0,0,2,2,0.0002030378412,0.0002030378412,1.240197609
5963,0.99609375,0.9375,614.2557765,614.2557765,8,2935,5004,0,0,0,0,0,0,1e+300,0,1e+300,0,0,0,0,0,0,0,0
5964,0.9921875,0.93359375,511.7064715,415.3929152,8,5004,3974,0,0,0,0,0,0,9328.05843,-51.89406146,6998.223053,3.568997116e-05,0,0,28,15,0.0001072034451,0.0001072034442,0.5737051391
5965,0.98828125,0.9375,585.3822044,416.1379523,8,5004,3733,0,0,0,0,0,0,706.6298536,-26.98363056,689.2473127,3.568997116e-05,0,0,28,15,0.001415168061,0.00141516805,7.573349797
5966,0.9921875,0.953125,552.6541821,424.7353461,7,4431,3705,0,0,0,0,0,0,14170.22128,-62.03621403,9168.769903,3.849535641e-05,0,0,2,1,7.057052817e-05,7.057052763e-05,0.8104112361
5967,1,0.9453125,584.8921915,584.8921915,7,4431,2935,0,0,0,0,0,0,1e+300,0,1e+300,0,0,0,0,0,0,0,0
5968,1,0.9609375,497.2914493,426.7712285,7,3134,4431,0,0,0,0,0,0,62598.16026,-58.62343874,18358.63966,3.849535641e-05,0,0,2,1,1.597491038e-05,1.59749101e-05,0.1834511846
5969,0.98828125,0.94921875,580.3355485,580.3355485,8,3705,5009,0,0,0,0,0,0,1e+300,0,1e+300,0,0,0,0,0,0,0,0
5970,0.99609375,0.94921875,568.7731868,568.7731868,8,5009,4431,0,0,0,0,0,0,1e+300,0,1e+300,0,0,0,0,0,0,0,0
5971,0.99609375,0.94140625,612.5735579,612.5735579,8,5009,2935,0,0,0,0,0,0,1e+300,0,1e+300,0,0,0,0,0,0,0,0
5972,0.98828125,0.94140625,583.6999857,583.6999857,8,5009,3733,0,0,0,0,0,0,1e+300,0,1e+300,0,0,0,0,0,0,0,0
5973,0.9921875,0.94140625,598.1367718,598.1367718,8,5004,5009,0,0,0,0,0,0,1e+300,0,1e+300,0,0,0,0,0,0,0,0
5974,0.994140625,0.931640625,474.8686051,388.2579383,9,3974,5067,0,0,0,0,0,0,725.105076,0.009699150817,0.2499138353,4,0,0,33,19,0.001379110467,0.00137911046,3.69348487
5975,0.994140625,0.935546875,562.981124,562.981124,9,5067,5004,0,0,0,0,0,0,1e+300,0,1e+300,0,0,0,0,0,0,0,0
5976,0.998046875,0.935546875,577.4179101,397.8881054,9,5067,2935,0,0,0,0,0,0,3430.202999,0.009034746801,0.2499817808,4,0,0,5,4,0.0002915279359,0.000291527935,2.176167996
5977,0.99609375,0.9296875,501.0981461,436.7556836,8,5070,3974,0,0,0,0,0,0,1706.425301,-40.64109424,1608.466067,3.568997116e-05,0,0,33,19,0.0005860203779,0.0005860203748,1.616598854
5978,1,0.92578125,553.5572281,553.5572281,8,5070,3739,0,0,0,0,0,0,1e+300,0,1e+300,0,0,0,0,0,0,0,0
5979,1,0.93359375,603.6474511,516.834309,8,2935,5070,0,0,0,0,0,0,144037.3025,29.80669969,23456.2189,3.568997116e-05,0,0,5,4,6.942645984e-06,6.942645963e-06,0.05182475548
5980,0.998046875,0.931640625,552.3727986,391.0996267,9,5067,5070,0,0,0,0,0,0,798.2948773,0.008867493822,0.2499217326,4,0,0,38,23,0.001252669945,0.001252669934,4.671582916
5981,0.005859375,0.603515625,-291.7289183,-316.8432725,9,4730,5197,0,0,0,0,0,0,375.5725572,-0.01983995698,0.2498336981,4,0,0,22,9,0.002662601356,0.002662601352,3.817538021
5982,0.001953125,0.603515625,-76.18146168,-108.9805785,9,5197,4743,0,0,0,0,0,0,319.8092381,0.04733427713,0.2498047236,4,0,0,31,14,0.00312686402,0.003126864014,4.636103786
5983,0.001953125,0.607421875,-42.97391269,-117.2192249,9,5197,4292,0,0,0,0,0,0,496.7861932,0.06599319944,0.2498742546,4,0,0,14,7,0.00201293839,0.002012938385,2.719043016
5984,0.005859375,0.607421875,-228.8529522,-282.5910898,9,5197,4742,0,0,0,0,0,0,19900.57047,-1.890170421e-05,0.2499968594,4,0,0,5,2,5.024981578e-05,5.024981475e-05,0.05601741382
5985,0.1328125,0.3828125,-167.056293,-203.7558228,7,2673,4154,0,0,0,0,0,0,6.423121107,-35.95838711,6.421533317,3.849535641e-05,0,0,92,46,0.1556875518,0.1556875518,1.060513323
5986,0.1328125,0.3984375,-163.3559824,-132.5734302,7,4154,3843,0,0,0,0,0,0,27.51006265,31.26089123,27.48096004,3.849535641e-05,0,0,54,30,0.03635033525,0.03635033524,1.20635724
5987,0.1484375,0.3984375,-140.1202829,-274.404669,7,4154,3023,0,0,0,0,0,0,1971.223502,-133.5951544,1832.191411,3.849535641e-05,0,0,6,2,0.0005072991464,0.0005072991454,0.5105918297
5988,0.1484375,0.3828125,-143.3138847,-174.4238073,7,4154,3918,0,0,0,0,0,0,2.287488537,-30.53598873,2.287287123,3.849535641e-05,0,0,43,18,0.4371606607,0.4371606607,1.245010437
5989,0.15625,0.3828125,-131.4426806,-131.4426806,7,3918,5063,0,0,0,0,0,0,1e+300,0,1e+300,0,0,0,0,0,0,0,0
5990,0.1484375,0.390625,-141.7170838,-142.3486667,7,5063,4154,0,0,0,0,0,0,2.787480899e+12,-1.498393374e-07,25977.15891,3.849535641e-05,0,0,1,0,3.587468529e-13,0,0.3587468529
5991,0.15625,0.3984375,-128.2490788,-128.8547062,7,5063,3023,0,0,0,0,0,0,1.920539412e+12,-1.368192386e-07,25977.1588,3.849535641e-05,0,0,1,0,5.206870495e-13,0,0.5206870495
5992,0.1640625,0.390625,-99.0183189,-99.0183189,7,5063,4157,0,0,0,0,0,0,1e+300,0,1e+300,0,0,0,0,0,0,0,0
5993,0.7890625,0.5234375,169.3716359,111.7631381,7,3202,4557,0,0,0,0,0,0,1454.27417,-56.66416017,1377.175998,3.849535641e-05,0,0,5,2,0.0006876282484,0.0006876282465,1.155294628
5994,0.8046875,0.5234375,159.782701,159.782701,7,4557,3860,0,0,0,0,0,0,1e+300,-3.029474611,732.1192138,0,0,0,0,0,0,0,0
5995,0.8046875,0.5078125,138.0510998,21.87784336,7,4557,2915,0,0,0,0,0,0,1388.009691,-113.8564829,1317.607388,3.849535641e-05,0,0,14,9,0.0007204560649,0.0007204560636,1.278788202
5996,0.7890625,0.5078125,147.6400347,70.18514375,7,4557,3859,0,0,0,0,0,0,2171.761049,-75.88213527,2004.20414,3.849535641e-05,0,0,8,4,0.0004604558133,0.000460455812,0.7957036651
5997,0.8125,0.5078125,133.2566324,77.73679003,7,2915,4560,0,0,0,0,0,0,495.9562827,-114.8312958,486.6648703,3.849535641e-05,0,0,15,10,0.002016306749,0.002016306748,3.307863644
5998,0.8046875,0.515625,148.9169004,133.2113095,7,4560,4557,0,0,0,0,0,0,1028.196471,-75.70326233,989.0491254,3.849535641e-05,0,0,11,7,0.0009725767676,0.0009725767663,1.962445817
5999,0.8125,0.5234375,154.9882336,154.9882336,7,4560,3860,0,0,0,0,0,0,1e+300,0,1e+300,0,0,0,0,0,0,0,0
6000,0.859375,0.5,93.62402709,179.0500445,6,2715,3857,0,0,0,0,0,0,3196.942494,90.66106274,2445.928381,9.604384497e-05,0,0,2,1,0.0003127988701,0.0003127988699,0.2320232411
6001,0.84375,0.484375,90.54085077,90.54085077,6,3857,3043,0,0,0,0,0,0,1e+300,0,1e+300,0,0,0,0,0,0,0,0
6002,0.828125,0.5,112.8018969,62.65914976,6,3857,2915,0,0,0,0,0,0,48505.09929,-46.39573765,8571.901197,9.604384497e-05,0,0,2,1,2.06163891e-05,2.061638908e-05,0.03713951954
6003,0.84375,0.515625,124.9445632,54.97651109,6,3857,3201,0,0,0,0,0,0,1450.425003,-66.10544276,1273.079442,9.604384497e-05,0,0,5,3,0.0006894530901,0.0006894530895,0.5259713279
6004,0.8359375,0.5234375,140.6048312,178.5484899,7,3201,3900,0,0,0,0,0,0,1480.417022,41.12005001,1400.598085,3.849535641e-05,0,0,7,5,0.0006754853429,0.0006754853425,1.846399797
6005,0.8359375,0.5078125,118.87323,2.5449631,7,3900,3857,0,0,0,0,0,0,3549.722406,-112.5234575,3122.974693,3.849535641e-05,0,0,5,3,0.0002817121695,0.0002817121691,0.5323519119
6006,0.8203125,0.5078125,128.4621649,16.93255204,7,3900,2915,0,0,0,0,0,0,3044.462453,-108.4688214,2725.088444,3.849535641e-05,0,0,6,4,0.0003284652104,0.0003284652103,0.4973634562
6007,0.8203125,0.5234375,150.1937661,124.1714287,7,3900,3860,0,0,0,0,0,0,2472.831021,-23.58996396,2257.89621,3.849535641e-05,0,0,4,3,0.0004043947975,0.0004043947967,1.256277958
6008,0.8203125,0.515625,139.3279655,123.6369044,7,4560,3900,0,0,0,0,0,0,1630.497303,-74.94471469,1534.200775,3.849535641e-05,0,0,4,3,0.0006133098154,0.0006133098154,0.9290581935
6009,0,0.63671875,-196.037121,35.54434957,8,5206,5558,0,0,0,0,0,0,1313.109957,-93.91575857,1254.326143,3.568997116e-05,0,0,10,6,0.0007615508469,0.0007615508462,0.890955116
6010,0.00390625,0.6328125,-135.1691689,-133.5710462,8,5558,5203,0,0,0,0,0,0,704.4371109,-193.6417627,687.1609634,3.568997116e-05,0,0,13,7,0.001419573138,0.001419573137,0.9791178953
6011,0,0.62890625,-259.0029674,202.5538218,8,5558,2685,0,0,0,0,0,0,1957.194272,214.5737489,1829.40621,3.568997116e-05,0,0,3,2,0.0005109354827,0.0005109354826,0.7123881157
6012,0.005859375,0.634765625,-73.25226962,-60.02607883,9,5203,5559,0,0,0,0,0,0,730.9521461,-0.02586892838,0.2499145243,4,0,0,11,4,0.001368078615,0.001368078614,0.9804231948
6013,0.001953125,0.634765625,-165.6031449,172.2901164,9,5559,5558,0,0,0,0,0,0,284.7524026,-0.0935098496,0.2497807036,4,0,0,17,9,0.003511822871,0.003511822868,1.933100445
6014,0.001953125,0.638671875,-134.1202218,9.31054241,9,5559,5206,0,0,0,0,0,0,263.6954133,-0.0786393438,0.2497632086,4,0,0,15,7,0.003792254054,0.003792254052,2.40049689
6015,0.01171875,0.64453125,-209.3741368,-231.3108704,8,4734,5207,0,0,0,0,0,0,10.06602163,-14.14118354,10.06240665,3.568997116e-05,0,0,121,60,0.09934411393,0.09934411392,1.032435485
6016,0.00390625,0.64453125,15.03457441,15.03457441,8,5207,5206,1,1,1,0,0,1,475.6408196,108.3405528,467.7013052,3.568997116e-05,0,79.77453865,18,18,0.002102426787,0.002102426787,1.958260452
6017,0.00390625,0.65234375,157.615614,157.615614,8,5207,3245,1,1,1,0,0,1,409.0541224,246.6058151,403.1682165,3.568997116e-05,0,45.63390797,20,20,0.002444664276,0.002444664276,4.498794049
6018,0.0078125,0.65625,-80.17210969,-80.17210969,7,3245,5205,1,0,0,0,0,1,93.90838669,0,0,0,0,0,129,70,0.01064867617,0.01064867616,9.755117754
6019,0.015625,0.6640625,-138.2515231,-136.1599285,7,5205,4735,0,0,0,0,0,0,8.25772601,-3.160799355,8.255101844,3.849535641e-05,0,0,572,287,0.121098714,0.1210987139,73.57550419
6020,0.0234375,0.65625,-191.2282294,-241.8411727,7,5205,3240,0,0,0,0,0,0,2.17871345,-51.09686633,2.178530735,3.849535641e-05,0,0,887,452,0.4589864721,0.458986472,3.074144781
6021,0.015625,0.6484375,-203.325501,-208.4237194,7,5205,4734,0,0,0,0,0,0,6.251410035,-0.06249272697,6.249905994,3.849535641e-05,0,0,462,233,0.1599639112,0.1599639112,1.93863345
6022,0.01171875,0.65234375,-146.4082904,-149.043208,8,5207,5205,0,0,0,0,0,0,7.881373305,-4.772860895,7.879157009,3.568997116e-05,0,0,139,74,0.1268814407,0.1268814407,1.294593908
6023,0.00390625,0.640625,50.07714789,50.07714789,8,5206,5557,1,1,1,0,0,1,1364.537028,145.5394036,1301.169688,3.568997116e-05,0,116.780273,10,10,0.0007328492957,0.0007328492957,1.339829562
6024,0.0078125,0.64453125,-183.9398494,-147.1143456,8,5557,5207,0,0,0,0,0,0,23.09502391,8.123783684,23.07600327,3.568997116e-05,0,0,41,20,0.04329937063,0.04329937062,0.4776970765
6025,0.01171875,0.640625,-240.85706,-171.2794211,8,5557,4734,0,0,0,0,0,0,43.38085427,48.04958778,43.3137932,3.568997116e-05,0,0,75,34,0.02305164379,0.02305164377,0.460359557
6026,0.0078125,0.63671875,-129.1205331,-139.7949698,8,5557,5203,0,0,0,0,0,0,159.0037921,25.06031576,158.1065625,3.568997116e-05,0,0,43,17,0.006289158184,0.006289158177,3.419448424
6027,0.005859375,0.638671875,-159.5545091,-52.5543263,9,5559,5557,0,0,0,0,0,0,584.4649212,-0.0119505591,0.2498931103,4,0,0,12,5,0.00171096667,0.001710966669,1.284134034
6028,0.005859375,0.630859375,-104.7351928,-30.83304406,9,5203,5555,0,0,0,0,0,0,319.7699451,-0.06127324775,0.2498046997,4,0,0,6,4,0.003127248246,0.003127248245,2.191373886
6029,0.005859375,0.626953125,-172.1967659,-20.51431895,9,5555,5208,0,0,0,0,0,0,1165.275555,0.01721765592,0.2499463761,4,0,0,2,2,0.0008581661182,0.0008581661182,1.122324617
6030,0.001953125,0.626953125,-228.5689913,-102.8595799,9,5555,2685,0,0,0,0,0,0,740.3595075,0.002834512387,0.24991561,4,0,0,5,4,0.001350695155,0.001350695154,1.979037857
6031,0.001953125,0.630859375,-197.0860681,201.6140082,9,5555,5558,0,0,0,0,0,0,970.3849632,0.001942776646,0.2499356092,4,0,0,9,6,0.001030518854,0.001030518853,0.9896478171
6032,0.013671875,0.5703125,-451.2257376,-464.3114874,9,5105,5541,0,0,0,0,0,0,3824.246155,-0.0008478747374,0.249983658,4,0,0,9,2,0.0002614894438,0.0002614894396,0.7443921123
6033,0.01171875,0.568359375,-557.5860878,-507.7316615,9,5541,5218,0,0,0,0,0,0,11305.3528,0.0005184626055,0.2499944718,4,0,0,13,4,8.845367481e-05,8.845367242e-05,2.853477642
6034,0.009765625,0.5703125,-629.6363658,-588.4913515,9,5541,4760,0,0,0,0,0,0,7647.54879,0.008933225413,0.2499918277,4,0,0,16,10,0.0001307608526,0.0001307608517,3.035407521
6035,0.013671875,0.576171875,-706.5391746,-713.1964628,9,3615,5217,0,0,0,0,0,0,11217.52685,0.009148783146,0.2499944285,4,0,0,19,9,8.91462096e-05,8.91462069e-05,3.039444784
6036,0.013671875,0.572265625,-536.3302166,-592.1903816,9,5217,5105,0,0,0,0,0,0,3210.867109,0.006008645904,0.2499805364,4,0,0,13,8,0.0003114423506,0.0003114423498,1.999900172
6037,0.009765625,0.572265625,-714.7408448,-716.0634564,9,5217,4760,0,0,0,0,0,0,27.76920722,0.322579069,0.2477693873,4,0,0,53,29,0.03601111087,0.03601111087,0.6854996396
6038,0.009765625,0.576171875,-559.2133845,-562.1087435,9,5217,5221,0,0,0,0,0,0,84.55217104,-0.2193137498,0.2492629906,4,0,0,55,28,0.01182701742,0.01182701741,0.232729296
6039,0.01171875,0.572265625,-625.5355307,-586.9088249,9,5541,5217,0,0,0,0,0,0,7550.266536,0.001247949642,0.2499917224,4,0,0,12,8,0.0001324456554,0.000132445655,1.279902669
6040,0.015625,0.572265625,-447.1249025,-312.1676928,9,5105,5542,0,0,0,0,0,0,4882.217055,-0.002454088923,0.2499871991,4,0,0,19,7,0.0002048249778,0.0002048249755,2.219859778
6041,0.013671875,0.57421875,-621.4346956,-434.7590968,9,5542,5217,0,0,0,0,0,0,2695.553229,0.005575229476,0.2499768158,4,0,0,24,13,0.0003709813589,0.000370981352,5.513213499
6042,0.015625,0.576171875,-617.3338605,-433.1656043,9,5542,3615,0,0,0,0,0,0,2737.101779,0.008855758534,0.2499771677,4,0,0,22,10,0.0003653499506,0.0003653499481,3.153327369
6043,0.017578125,0.57421875,-382.0341375,-349.7692401,9,5542,5288,0,0,0,0,0,0,7256.934805,0.001478063685,0.2499913878,4,0,0,17,4,0.0001377992261,0.0001377992235,1.087808669
6044,0.01171875,0.66796875,-111.76317,-95.19267199,8,4735,5546,0,0,0,0,0,0,68.05360167,-9.939094065,67.88871146,3.568997116e-05,0,0,90,45,0.01469429943,0.01469429941,15.22846311
6045,0.01171875,0.66015625,-113.8713015,-105.2913435,8,5546,5205,0,0,0,0,0,0,52.44529316,-17.57500778,52.34731098,3.568997116e-05,0,0,108,46,0.01906748804,0.01906748802,14.06981573
6046,0.00390625,0.66015625,165.008726,165.008726,8,5546,3245,1,1,1,0,0,1,805.0373445,197.4471438,782.5532123,3.568997116e-05,0,102.317133,9,9,0.001242178399,0.001242178399,1.671008705
6047,0,0.6796875,150.275034,78.39817321,7,2746,5204,0,0,0,0,0,0,73421.21673,-205.661026,19188.18708,3.849535641e-05,0,0,1,1,1.362004124e-05,1.362004124e-05,0.03400523258
6048,0.0078125,0.671875,-24.41710202,12.76188129,7,5204,4735,0,0,0,0,0,0,379.1680511,-72.67897691,373.7132542,3.849535641e-05,0,0,46,26,0.002637353008,0.002637353002,3.434518462
6049,0,0.6640625,138.2520427,138.2520427,7,5204,3245,1,0,0,0,0,1,3471.390382,0,0,0,0,0,20,8,0.0002880690127,0.0002880690108,1.040956436
6050,0.00390625,0.66796875,-0.03688038018,57.80940353,8,5546,5204,0,0,0,0,0,0,156.1038624,-72.91424814,155.2389729,3.568997116e-05,0,0,35,23,0.0064059914,0.006405991398,6.535801957
6051,0.05859375,0.56640625,-316.158253,-252.6154389,8,2744,5283,0,0,0,0,0,0,8773.837018,51.45785127,6681.58037,3.568997116e-05,0,0,7,2,0.0001139752195,0.0001139752192,0.3329551439
6052,0.05078125,0.56640625,-347.1962014,-312.4019568,8,5283,3624,0,0,0,0,0,0,215.1134831,22.01324535,213.4745548,3.568997116e-05,0,0,39,20,0.00464870907,0.004648709062,8.02436522
6053,0.05078125,0.57421875,-312.7352714,-327.3888166,8,5283,3614,0,0,0,0,0,0,146.9679822,-21.65937751,146.201116,3.568997116e-05,0,0,51,26,0.006804203099,0.006804203086,8.802645735
6054,0.0625,0.5859375,-269.3944163,-253.6319777,7,3620,5186,0,0,0,0,0,0,15.64879564,13.26009739,15.63937439,3.849535641e-05,0,0,57,31,0.06390268127,0.06390268126,0.2580733596
6055,0.0703125,0.578125,-265.2379092,-265.2379092,7,5186,4674,1,0,0,0,0,1,236.5545937,0,0,0,0,0,67,36,0.004227353967,0.004227353958,4.403834586
6056,0.0625,0.5703125,-304.5785338,-304.5785338,7,5186,2744,1,1,1,0,0,1,2705.89686,21.7781297,2418.710819,3.51609661e-05,0,90.46905176,9,9,0.0003695632361,0.0003695632361,0.6589503163
6057,0.0546875,0.578125,-298.2883197,-306.8479429,7,5186,3614,0,0,0,0,0,0,178.864867,-14.06429178,177.6417208,3.849535641e-05,0,0,54,28,0.005590812867,0.005590812862,5.791859439
6058,0.05859375,0.57421875,-299.9998105,-323.1252783,8,5283,5186,0,0,0,0,0,0,503.3175534,-31.16970162,494.4358107,3.568997116e-05,0,0,15,8,0.001986817255,0.001986817253,2.519604469
6059,0.05078125,0.5625,-364.4266664,-292.8923965,8,3624,5656,0,0,0,0,0,0,3058.471523,6.761249058,2757.474535,3.568997116e-05,0,0,5,1,0.0003269607033,0.0003269607012,0.6254531272
6060,0.0546875,0.56640625,-331.6772272,-269.8570618,8,5656,5283,0,0,0,0,0,0,9550.625239,0.2827462958,7122.752767,3.568997116e-05,0,0,7,3,0.0001047051868,0.0001047051857,0.2048962481
6061,0.05859375,0.5625,-333.388718,-248.1785737,8,5656,2744,0,0,0,0,0,0,1994.213115,21.13315995,1861.708943,3.568997116e-05,0,0,5,2,0.0005014509195,0.0005014509187,1.464885645
6062,0.0625,0.5390625,-329.6795904,-342.9470442,7,3556,4297,0,0,0,0,0,0,206.844447,-21.51572496,205.2104484,3.849535641e-05,0,0,43,21,0.004834550864,0.004834550852,9.367443409
6063,0.0546875,0.546875,-345.0062201,-304.6283298,7,4297,3559,0,0,0,0,0,0,756.8654837,36.67659056,735.4379071,3.849535641e-05,0,0,23,10,0.001321238743,0.001321238738,1.606815452
6064,0.0625,0.5546875,-321.8063594,-309.3072496,7,4297,2744,0,0,0,0,0,0,1.336159903e+12,6.78869128e-07,25977.15864,3.849535641e-05,0,0,2,0,7.484134179e-13,0,0.7484134179
6065,0.0703125,0.546875,-289.8594422,-288.9047238,7,4297,3909,0,0,0,0,0,0,289.6905551,-7.926760416,286.49563,3.849535641e-05,0,0,23,12,0.00345195928,0.003451959274,5.810747819
6066,0.05859375,0.55859375,-329.4696742,-329.4696742,8,2744,4299,0,0,0,0,0,0,1e+300,1.016777389e-06,31116.56025,0,0,0,0,0,0,0,0
6067,0.05859375,0.55078125,-333.4062897,-210.5491596,8,4299,4297,0,0,0,0,0,0,62845.08382,114.7569257,19379.05073,3.568997116e-05,0,0,1,1,1.591214363e-05,1.591214363e-05,0.06771289789
6068,0.05078125,0.55078125,-352.669535,-277.5608078,8,4299,3559,0,0,0,0,0,0,1329.650988,73.68091313,1269.410836,3.568997116e-05,0,0,9,5,0.0007520770553,0.0007520770532,1.931774817
6069,0.05078125,0.55859375,-360.5076226,-277.2785153,8,4299,3624,0,0,0,0,0,0,1967.458067,72.30744741,1838.370414,3.568997116e-05,0,0,11,4,0.0005082700448,0.0005082700428,1.133845133
6070,0.0546875,0.55859375,-344.9886484,-285.3105678,8,5656,4299,0,0,0,0,0,0,1.277207504e+12,8.863315202e-07,28019.07498,3.568997116e-05,0,0,3,0,7.829581308e-13,0,0.7829581308
6071,0.0546875,0.6796875,-205.8049894,-228.0474105,7,2745,4732,0,0,0,0,0,0,2.826102929,-34.8714456,2.825795505,3.849535641e-05,0,0,524,268,0.353844154,0.3538441539,1.437163997
6072,0.0546875,0.6640625,-204.5286109,-157.4416318,7,4732,3618,0,0,0,0,0,0,3.505791204,43.42044874,3.505318138,3.849535641e-05,0,0,589,299,0.2852423153,0.2852423152,1.460705614
6073,0.0390625,0.6640625,-228.4138503,-228.4138503,7,4732,3240,1,0,0,0,0,1,25.27719006,0,0,0,0,0,497,247,0.03956135937,0.03956135933,31.10690605
6074,0.0390625,0.6796875,-169.4174133,-169.4174133,7,4732,3244,1,0,0,0,0,1,78.94507495,0,0,0,0,0,154,83,0.01266703465,0.01266703464,12.11085776
6075,0.03125,0.6796875,-151.5449695,-151.5449695,7,3244,5551,1,0,0,0,0,1,1465.369688,0,0,0,0,0,24,11,0.00068242165,0.0006824216491,0.8031655369
6076,0.0390625,0.671875,-192.9254572,-192.9254572,7,5551,4732,1,0,0,0,0,1,31.33783055,0,0,0,0,0,319,164,0.03191031359,0.03191031356,26.40877139
6077,0.03125,0.6640625,-179.1309578,-200.8388716,7,5551,3240,0,0,0,0,0,0,10.30139728,9.701763634,10.29731382,3.849535641e-05,0,0,569,277,0.09707420974,0.09707420964,56.52295342
6078,0.0234375,0.671875,-126.1542515,-158.058143,7,5551,4735,0,0,0,0,0,0,9.953179727,-5.262684945,9.949367615,3.849535641e-05,0,0,480,238,0.1004704052,0.1004704051,67.57858845
6079,0.0234375,0.7109375,-33.63214255,8.402464574,7,3241,5155,0,0,0,0,0,0,17.58083742,22.01957973,17.5689471,3.849535641e-05,0,0,235,123,0.0568801119,0.05688011189,0.6235853944
6080,0.0234375,0.6953125,-160.9268013,-160.9268013,7,5155,3244,1,1,1,0,0,1,398.8758021,-136.7976765,392.8437382,3.849535641e-05,0,116.4109722,18,18,0.00250704604,0.00250704604,2.485773509
6081,0.0078125,0.6953125,15.11268795,15.11268795,7,5155,2746,1,1,1,0,0,1,1198.413579,-158.154124,1145.564822,3.849535641e-05,0,158.9367749,16,16,0.0008344364729,0.0008344364729,1.589031223
6082,0.0078125,0.7109375,68.10500697,12.29842204,7,5155,3243,0,0,0,0,0,0,41.34665393,-84.64930158,41.28094894,3.849535641e-05,0,0,63,32,0.02418575398,0.02418575398,0.80800906
6083,0.0078125,0.6875,138.2322117,138.2322117,7,2746,5548,1,1,1,0,0,1,4973.25537,-260.8400731,4287.827649,3.51609661e-05,0,108.8993978,5,5,0.0002010755382,0.0002010755382,0.2902927555
6084,0.015625,0.6953125,-7.719977459,-7.719977459,7,5548,5155,1,1,1,0,0,1,976.8267574,-201.4656522,911.0347801,3.51609661e-05,0,103.6848113,8,8,0.001023722981,0.001023722981,1.396969037
6085,0.0234375,0.6875,-125.0861841,-125.0861841,7,5548,3244,1,1,1,0,0,1,314.8666968,-28.33260345,311.0959319,3.849535641e-05,0,98.42185266,10,10,0.003175947188,0.003175947188,2.886428525
6086,0.015625,0.6796875,-97.98964051,-97.98964051,7,5548,4735,1,0,0,0,0,1,9303.305978,0,0,0,0,0,13,8,0.0001074886715,0.0001074886702,0.1496898678
6087,0.01953125,0.67578125,-99.66589843,-135.582807,8,4735,5552,0,0,0,0,0,0,64.30114475,-8.274100869,64.15391754,3.568997116e-05,0,0,53,28,0.01555182266,0.01555182265,15.7337821
6088,0.01953125,0.68359375,-50.90523421,-50.90523421,8,5552,5548,1,1,1,0,0,1,2689.973915,10.1877484,2436.916005,3.80194378e-05,0,107.4307816,5,5,0.0003717508168,0.0003717508168,0.2787702238
6089,0.02734375,0.68359375,-301.9516257,-301.9516257,8,5552,3244,1,1,1,0,0,1,3112.131874,-251.6892778,2730.66707,3.80194378e-05,0,88.25565053,4,4,0.0003213231446,0.0003213231446,0.2797721748
6090,0.02734375,0.67578125,-121.8643397,-146.4913843,8,5552,5551,0,0,0,0,0,0,91.79758092,3.076408552,91.49781095,3.568997116e-05,0,0,60,28,0.01089353325,0.01089353324,11.16844092
6091,0.029296875,0.595703125,-309.9706201,-357.0227817,9,3269,5631,0,0,0,0,0,0,56.12126332,0.08788256457,0.2488912791,4,0,0,115,64,0.01781855826,0.01781855823,20.37031999
6092,0.025390625,0.595703125,-334.6513326,-377.9257439,9,5631,4757,0,0,0,0,0,0,134.196774,0.0306774822,0.249535132,4,0,0,67,35,0.007451743959,0.007451743949,10.56561908
6093,0.025390625,0.599609375,-321.5562261,-366.2872682,9,5631,4729,0,0,0,0,0,0,202.980733,-0.01679393713,0.2496924678,4,0,0,66,27,0.004926575961,0.004926575947,6.900080792
6094,0.03515625,0.59765625,-338.7638244,-338.7638244,8,3269,5181,1,1,1,0,0,1,228.2597034,-19.90149458,226.415193,3.568997116e-05,0,56.64321752,60,60,0.004380974764,0.004380974764,7.563065225
6095,0.03515625,0.60546875,-326.181098,-330.89621,8,5181,4739,0,0,0,0,0,0,50.27264701,5.906827927,50.18260791,3.568997116e-05,0,0,187,96,0.01989153266,0.01989153263,14.90031735
6096,0.04296875,0.60546875,-260.8369622,-287.6317785,8,5181,3621,0,0,0,0,0,0,41.0124353,5.340384788,40.9524918,3.568997116e-05,0,0,199,104,0.02438284858,0.02438284856,21.24100014
6097,0.0546875,0.59375,-265.9714347,-232.4488889,7,3620,5187,0,0,0,0,0,0,4.082819971,36.09933516,4.082178377,3.849535641e-05,0,0,150,69,0.2449287519,0.2449287519,1.026561912
6098,0.046875,0.5859375,-294.865338,-345.1728748,7,5187,3614,0,0,0,0,0,0,12.59550465,-50.73307482,12.58940045,3.849535641e-05,0,0,153,78,0.07939340487,0.07939340485,0.4495712844
6099,0.0390625,0.59375,-296.0981292,-296.0981292,7,5187,3269,1,0,0,0,0,1,24.95616415,0,0,0,0,0,145,72,0.04007026055,0.04007026055,0.2776424257
6100,0.046875,0.6015625,-270.203267,-270.203267,7,5187,3621,1,0,0,0,0,1,89.80947031,0,0,0,0,0,222,111,0.0111346832,0.01113468318,13.66910781
6101,0.04296875,0.59765625,-302.1278975,-302.1278975,8,5181,5187,1,1,1,0,0,1,145.0541076,2.961524528,144.3070332,3.568997116e-05,0,39.01626256,41,41,0.006893979196,0.006893979196,7.94057924
6102,0.03125,0.60546875,-358.8531659,-332.380427,8,4739,5192,0,0,0,0,0,0,98.38219582,4.398332326,98.03795928,3.568997116e-05,0,0,135,65,0.01016444075,0.01016444073,17.82653501
6103,0.03515625,0.6015625,-307.9559818,-313.8839017,8,5192,5181,0,0,0,0,0,0,157.9407991,13.94948693,157.0554926,3.568997116e-05,0,0,100,50,0.006331486262,0.00633148625,10.42475517
6104,0.03125,0.59765625,-322.4029334,-300.3118643,8,5192,3269,0,0,0,0,0,0,227.9717803,18.5275964,226.1319019,3.568997116e-05,0,0,91,51,0.004386507833,0.004386507827,5.258896544
6105,0.02734375,0.6015625,-333.9885393,-342.2547441,8,5192,4729,0,0,0,0,0,0,186.3238618,-14.25547343,185.093013,3.568997116e-05,0,0,108,48,0.005366999109,0.005366999094,7.274220446
6106,0.029296875,0.599609375,-328.1957364,-366.0151231,9,5631,5192,0,0,0,0,0,0,86.77463508,0.06519045984,0.2492818126,4,0,0,114,56,0.01152410493,0.01152410491,14.8981617
6107,0.001953125,0.515625,-654.5612449,-732.8683159,9,3565,5239,0,0,0,0,0,0,9306.396891,0.0002631864962,0.2499932844,4,0,0,29,16,0.0001074529715,0.0001074529689,6.370721365
6108,0.00390625,0.517578125,-712.8101553,-808.8812538,9,5239,4871,0,0,0,0,0,0,13865.47756,-0.001163053611,0.2499954925,4,0,0,29,14,7.212156927e-05,7.212156295e-05,2.170561948
6109,0.005859375,0.515625,-603.3469883,-697.9304965,9,5239,4752,0,0,0,0,0,0,6989.210073,-0.0009529752928,0.249991058,4,0,0,17,7,0.0001430776854,0.0001430776788,2.91970463
6110,0.005859375,0.509765625,-694.1138536,-685.9160503,9,4610,4754,0,0,0,0,0,0,61402.63064,-0.0003821222838,0.2499989821,4,0,0,11,7,1.628594719e-05,1.62859461e-05,1.371744454
6111,0.001953125,0.509765625,-651.8462598,-625.4328131,9,4754,4753,0,0,0,0,0,0,25749.09577,-0.001260231993,0.2499975728,4,0,0,18,12,3.883631522e-05,3.883631435e-05,2.627408456
6112,0.001953125,0.513671875,-684.8168667,-641.9481205,9,4754,3565,0,0,0,0,0,0,42082.81268,0.000629977518,0.2499985148,4,0,0,44,22,2.376267023e-05,2.376266863e-05,1.918804277
6113,0.005859375,0.513671875,-633.6026101,-607.0101946,9,4754,4752,0,0,0,0,0,0,68013.09756,-0.0004796803559,0.2499990811,4,0,0,9,4,1.470305038e-05,1.470304945e-05,0.7670398316
6114,0.00390625,0.513671875,-659.2097384,-754.8518347,9,5239,4754,0,0,0,0,0,0,29135.75763,0.0002032278121,0.2499978549,4,0,0,17,9,3.432208672e-05,3.432208463e-05,2.169861866
6115,0,0.7109375,118.9735817,177.8703492,7,3243,5523,0,0,0,0,0,0,32.82116169,-224.0045037,32.77974571,3.849535641e-05,0,0,26,10,0.03046814764,0.03046814763,1.067177677
6116,0.0078125,0.703125,99.52743984,166.0259043,7,5523,5155,0,0,0,0,0,0,33.87599782,-218.7232517,33.83187872,3.849535641e-05,0,0,35,15,0.02951942568,0.02951942568,1.026630071
6117,0,0.6953125,546.9767444,546.9767444,7,5523,2746,1,1,1,0,0,1,67281.34823,57.09518067,20688.14067,3.51609661e-05,0,153.5047976,5,5,1.486296019e-05,1.486296019e-05,0.2184056393
6118,0.001953125,0.5859375,-124.3373375,-211.7467861,9,5220,5861,0,0,0,0,0,0,226.4754044,0.1471194948,0.2497243361,4,0,0,52,29,0.004415490516,0.004415490507,6.413701244
6119,0.00390625,0.587890625,-306.6778935,-345.8558958,9,5861,5372,0,0,0,0,0,0,265.4004208,0.0286124788,0.2497647284,4,0,0,51,27,0.00376789154,0.003767891531,6.138734269
6120,0.005859375,0.5859375,-287.992136,-335.4416226,9,5861,4761,0,0,0,0,0,0,555.9946869,0.0275932679,0.2498876394,4,0,0,53,25,0.001798578338,0.001798578321,10.09105104
6121,0.00390625,0.583984375,-508.9503149,-568.1555519,9,5861,5371,0,0,0,0,0,0,626.2406459,0.07567064588,0.2499002379,4,0,0,54,27,0.001596830239,0.00159683023,5.691884749
6122,0,0.513671875,-663.6830697,-717.8882342,9,3565,5749,0,0,0,0,0,0,7041.818583,-5.620460581e-05,0.2499911248,4,0,0,32,15,0.0001420087706,0.0001420087661,4.093420672
6123,0.001953125,0.51171875,-668.3315632,-739.8738158,9,5749,4754,0,0,0,0,0,0,4082.608413,-0.00217897051,0.2499846921,4,0,0,43,22,0.000244941444,0.0002449414375,6.363288516
6124,0,0.509765625,-630.7124628,-701.3714492,9,5749,4753,0,0,0,0,0,0,20970.92882,-0.0004688455315,0.2499970197,4,0,0,11,7,4.768506004e-05,4.768505886e-05,1.453843749
6125,0.015625,0.62890625,-272.2301465,-287.917587,8,4736,5209,0,0,0,0,0,0,459.8462971,-6.863462658,452.4212051,3.568997116e-05,0,0,18,12,0.00217463967,0.002174639667,3.161618138
6126,0.01171875,0.6328125,-156.5344202,-176.9559924,8,5209,5203,0,0,0,0,0,0,281.1741614,49.76203669,278.380585,3.568997116e-05,0,0,21,12,0.003556514564,0.00355651456,3.314079461
6127,0.015625,0.63671875,-268.2709471,-229.5144552,8,5209,4734,0,0,0,0,0,0,176.7123525,51.67729717,175.6048376,3.568997116e-05,0,0,45,24,0.00565891397,0.005658913964,5.368361658
6128,0.03125,0.6328125,-253.9744025,-246.3778046,7,3617,4737,0,0,0,0,0,0,73.35300189,-0.7639627993,73.14645459,3.849535641e-05,0,0,135,61,0.01363270724,0.01363270722,15.31747053
6129,0.0234375,0.640625,-258.1532752,-255.1488908,7,4737,4734,0,0,0,0,0,0,13.77709231,8.357127239,13.76978944,3.849535641e-05,0,0,397,193,0.07258425637,0.07258425631,41.09177557
6130,0.03125,0.6484375,-246.0560036,-234.5639567,7,4737,3240,0,0,0,0,0,0,9.91804832,11.32514105,9.914263066,3.849535641e-05,0,0,515,255,0.1008262884,0.1008262883,69.84592274
6131,0.0390625,0.640625,-232.6823535,-232.9468448,7,4737,4733,0,0,0,0,0,0,22.45722551,3.011448429,22.43782804,3.849535641e-05,0,0,264,136,0.04452909819,0.04452909814,35.11559893
6132,0.01953125,0.63671875,-264.201911,-256.0053503,8,4734,5202,0,0,0,0,0,0,55.90970771,16.30912793,55.79836677,3.568997116e-05,0,0,108,60,0.01788598154,0.01788598152,14.54981017
6133,0.02734375,0.63671875,-256.0638388,-257.0356264,8,5202,4737,0,0,0,0,0,0,42.01103562,-2.47569644,41.94813972,3.568997116e-05,0,0,149,77,0.02380326943,0.02380326941,21.02676915
6134,0.02734375,0.62890625,-260.0230383,-253.3431118,8,5202,3617,0,0,0,0,0,0,56.11475783,1.079190158,56.00259952,3.568997116e-05,0,0,91,43,0.017820624,0.01782062398,17.25589552
6135,0.01953125,0.62890625,-268.1611104,-289.1285118,8,5202,4736,0,0,0,0,0,0,259.0929344,-16.95166153,256.7190484,3.568997116e-05,0,0,38,22,0.003859618953,0.003859618948,4.171875344
6136,0.01953125,0.6328125,-266.1815107,-249.2886366,8,5209,5202,0,0,0,0,0,0,435.3862859,22.95702761,428.7243705,3.568997116e-05,0,0,44,26,0.002296810975,0.00229681097,3.072209031
6137,0.009765625,0.630859375,-100.6661567,-206.7255079,9,5203,5554,0,0,0,0,0,0,684.0430764,-0.009063947703,0.2499086649,4,0,0,8,5,0.001461896238,0.001461896237,1.106247978
6138,0.013671875,0.630859375,-214.3822833,-261.1073904,9,5554,5209,0,0,0,0,0,0,4315.236045,0.01396284787,0.2499855173,4,0,0,6,4,0.0002317370335,0.0002317370332,0.2344084911
6139,0.013671875,0.626953125,-216.3618831,-261.0546502,9,5554,4736,0,0,0,0,0,0,5600.822281,-0.002110936221,0.2499888414,4,0,0,3,2,0.0001785452117,0.0001785452113,0.3184902807
6140,0.009765625,0.626953125,-168.1277298,-196.4875431,9,5554,5208,0,0,0,0,0,0,465.5799328,-0.01133337671,0.2498658309,4,0,0,5,3,0.002147858895,0.002147858894,1.56067468
6141,0.0546875,0.65625,-203.8904216,-168.3892041,7,3618,5167,0,0,0,0,0,0,2.428133904,36.31593431,2.427906963,3.849535641e-05,0,0,248,115,0.4118389016,0.4118389016,1.756717551
6142,0.046875,0.6484375,-215.9876932,-218.0289399,7,5167,4733,0,0,0,0,0,0,23.52024294,4.293118838,23.4989665,3.849535641e-05,0,0,215,108,0.04251656764,0.0425165676,10.65810225
6143,0.0390625,0.65625,-229.3613433,-234.0863871,7,5167,3240,0,0,0,0,0,0,5.87419208,-1.833523751,5.872864054,3.849535641e-05,0,0,281,141,0.1702361766,0.1702361765,1.257926836
6144,0.046875,0.6640625,-217.2640717,-216.378401,7,5167,4732,0,0,0,0,0,0,2.525269921,-1.742458,2.52502446,3.849535641e-05,0,0,244,120,0.3959972721,0.3959972721,1.425633257
6145,0.05078125,0.64453125,-209.3008682,-232.3596919,8,4733,5175,0,0,0,0,0,0,56.6578258,-15.0030355,56.54348829,3.568997116e-05,0,0,77,42,0.01764981247,0.01764981246,10.29928911
6146,0.05078125,0.65234375,-209.9390574,-212.315077,8,5175,5167,0,0,0,0,0,0,41.10896393,1.19852155,41.04873813,3.568997116e-05,0,0,115,53,0.02432559482,0.0243255948,13.61105163
6147,0.05859375,0.65234375,-197.2035966,-210.639908,8,5175,3618,0,0,0,0,0,0,66.8213351,-10.90017186,66.66235528,3.568997116e-05,0,0,92,39,0.01496528015,0.01496528014,10.48602474
6148,0.05859375,0.64453125,-196.5654073,-230.8246094,8,5175,5166,0,0,0,0,0,0,644.7259358,-27.24181545,630.2243167,3.568997116e-05,0,0,23,12,0.001551046645,0.001551046644,1.378888513
6149,0.0625,0.64453125,-190.1976769,-251.7668987,8,5166,5795,0,0,0,0,0,0,359.0737232,-36.63591835,354.5303001,3.568997116e-05,0,0,23,10,0.002784943412,0.002784943408,2.752256062
6150,0.05859375,0.6484375,-196.8845019,-227.2261162,8,5795,5175,0,0,0,0,0,0,97.88558193,-7.129733571,97.54480587,3.568997116e-05,0,0,47,23,0.01021600914,0.01021600914,6.653799345
6151,0.0625,0.65234375,-190.8358661,-212.2763361,8,5795,3618,0,0,0,0,0,0,44.70009558,-0.9884136203,44.62889708,3.568997116e-05,0,0,64,33,0.02237131682,0.02237131681,12.34940333
6152,0.07421875,0.64453125,-171.0944856,-156.4700605,8,5170,5803,0,0,0,0,0,0,61.73291705,19.56500856,61.59720326,3.568997116e-05,0,0,62,36,0.01619881334,0.01619881333,9.451891372
6153,0.06640625,0.64453125,-183.8299465,-194.1984365,8,5803,5166,0,0,0,0,0,0,110.7897884,-4.389504993,110.3534415,3.568997116e-05,0,0,45,23,0.00902610263,0.009026102622,8.057480129
6154,0.06640625,0.65234375,-184.4681357,-209.1417407,8,5803,3618,0,0,0,0,0,0,75.6710744,-23.17586699,75.46726008,3.568997116e-05,0,0,80,45,0.01321508923,0.01321508922,9.944862043
6155,0.0859375,0.6640625,-153.5867675,-166.6848904,7,3239,5171,0,0,0,0,0,0,1.881606959,-20.91825963,1.881470678,3.849535641e-05,0,0,301,156,0.5314606195,0.5314606194,1.746169484
6156,0.0703125,0.6640625,-179.0576892,-178.1226741,7,5171,3618,0,0,0,0,0,0,18.53280624,-4.80831837,18.51959386,3.849535641e-05,0,0,396,195,0.05395836913,0.05395836907,45.76638323
6157,0.0703125,0.6796875,-180.3340677,-169.9101284,7,5171,2745,0,0,0,0,0,0,9.14460097,-4.281888435,9.141382978,3.849535641e-05,0,0,475,237,0.1093541428,0.1093541427,84.21467024
6158,0.109375,0.6875,-111.0034106,-98.97742638,6,2770,4716,0,0,0,0,0,0,3.518508926,13.64715636,3.517320314,9.604384497e-05,0,0,506,254,0.2842113012,0.2842113011,1.991677991
6159,0.09375,0.671875,-139.3923152,-148.8848635,6,4716,3239,0,0,0,0,0,0,6.282281841,-14.16558208,6.278493558,9.604384497e-05,0,0,623,312,0.1591778315,0.1591778313,2.485559311
6160,0.078125,0.6875,-166.1396154,-160.0473881,6,4716,2745,0,0,0,0,0,0,21.71192519,-5.466497429,21.6667436,9.604384497e-05,0,0,302,147,0.04605763844,0.04605763839,30.77197814
6161,0.078125,0.703125,-165.3188132,-138.0155141,6,2745,3242,0,0,0,0,0,0,32.74423162,15.44883175,32.64157771,9.604384497e-05,0,0,414,197,0.03053973022,0.03053973019,2.191235468
6162,0.078125,0.734375,-118.0869968,-121.6152549,6,3242,2767,0,0,0,0,0,0,2.516145728,-0.8199855595,2.515537822,9.604384497e-05,0,0,1022,519,0.3974332603,0.3974332602,2.447931769
6163,0.109375,0.734375,-108.541004,-110.7772881,6,3242,2684,0,0,0,0,0,0,3.633496227,-1.502339596,3.63222867,9.604384497e-05,0,0,822,407,0.275217019,0.2752170188,3.862839036
6164,0.109375,0.703125,-110.1826084,-138.0853973,6,3242,2770,0,0,0,0,0,0,11.47656454,-26.5773593,11.46392839,9.604384497e-05,0,0,325,161,0.08713408934,0.08713408932,2.027145155
6165,0.09375,0.703125,-137.7507108,-133.2818864,6,4716,3242,0,0,0,0,0,0,18.66568513,-0.7956944718,18.63228259,9.604384497e-05,0,0,245,121,0.05357424563,0.05357424559,33.37684196
6166,0.0859375,0.6796875,-152.7659653,-139.6738293,7,5171,4716,0,0,0,0,0,0,3.507860321,4.976256795,3.507386696,3.849535641e-05,0,0,386,194,0.2850740647,0.2850740646,1.186367397
6167,0.0703125,0.65625,-178.4194999,-189.7318666,7,3618,5173,0,0,0,0,0,0,64.61549618,-12.57445301,64.45517061,3.849535641e-05,0,0,134,67,0.01547616375,0.01547616373,16.70382135
6168,0.078125,0.6640625,-166.3222283,-115.2562907,7,5173,5171,0,0,0,0,0,0,4.163233989,44.28420256,4.162566875,3.849535641e-05,0,0,162,82,0.2401978853,0.2401978852,1.265542317
6169,0.0859375,0.65625,-152.9485782,-214.1558281,7,5173,3239,0,0,0,0,0,0,7.690689222,-64.54613949,7.688413023,3.849535641e-05,0,0,154,85,0.1300273579,0.1300273579,0.5204385507
6170,0.078125,0.6484375,-165.0458498,-183.3861739,7,5173,5170,0,0,0,0,0,0,35.51785578,-16.15956493,35.4693595,3.849535641e-05,0,0,103,58,0.02815485276,0.02815485275,12.86450213
6171,0.07421875,0.65234375,-171.7326749,-165.6427795,8,5803,5173,0,0,0,0,0,0,61.988165,6.549231744,61.85132786,3.568997116e-05,0,0,77,44,0.01613211167,0.01613211166,14.28365812
6172,0.06640625,0.6484375,-184.1490411,-196.8918528,8,5795,5803,0,0,0,0,0,0,78.75273462,9.430667369,78.53200606,3.568997116e-05,0,0,40,20,0.01269797176,0.01269797175,7.408538426
6173,0.09375,0.6328125,-138.2985496,-145.5171007,7,3619,5797,0,0,0,0,0,0,107.8606103,1.847899053,107.4146106,3.849535641e-05,0,0,51,23,0.009271225122,0.009271225112,5.17228034
6174,0.0859375,0.640625,-151.6721997,-169.15397,7,5797,5170,0,0,0,0,0,0,57.69156375,-11.85816561,57.56372293,3.849535641e-05,0,0,110,50,0.01733355685,0.01733355683,10.1915137
6175,0.09375,0.6484375,-139.5749281,-155.3712438,7,5797,3239,0,0,0,0,0,0,24.22733751,-15.69235972,24.20476318,3.849535641e-05,0,0,177,81,0.041275687,0.04127568697,24.92666233
6176,0.1171875,0.6328125,-100.0921671,-110.8898785,7,2680,5169,0,0,0,0,0,0,21.56744046,-4.846466057,21.54954903,3.849535641e-05,0,0,69,37,0.04636618804,0.04636618803,1.771477181
6177,0.1015625,0.6328125,-125.5630888,-144.152952,7,5169,3619,0,0,0,0,0,0,125.087289,-10.56181465,124.4878452,3.849535641e-05,0,0,70,36,0.007994417404,0.007994417397,5.955509973
6178,0.1015625,0.6484375,-126.8394673,-133.1234732,7,5169,3239,0,0,0,0,0,0,30.07527329,-7.218451594,30.04049366,3.849535641e-05,0,0,202,93,0.03324990567,0.03324990564,21.52705969
6179,0.1171875,0.6484375,-99.2713649,-111.9269651,7,5169,4715,0,0,0,0,0,0,21.91549295,-7.00009745,21.89701964,3.849535641e-05,0,0,157,74,0.04562982007,0.04562982003,9.994004445
6180,0.1015625,0.640625,-126.201278,-159.2305117,7,5797,5169,0,0,0,0,0,0,48.39648085,-29.48243223,48.30648395,3.849535641e-05,0,0,114,54,0.0206626594,0.02066265938,14.22507182
6181,0.08203125,0.63671875,-157.7208355,-194.5299093,8,5170,5801,0,0,0,0,0,0,182.1776694,-13.93913451,181.0008173,3.568997116e-05,0,0,26,13,0.00548914696,0.005489146953,4.091879442
6182,0.08984375,0.63671875,-144.9853747,-169.6908472,8,5801,5797,0,0,0,0,0,0,243.4248337,-2.873934842,241.3282163,3.568997116e-05,0,0,28,12,0.004108044298,0.004108044291,4.202239465
6183,0.08984375,0.62890625,-144.3471854,-181.2214896,8,5801,3619,0,0,0,0,0,0,331.6577777,-10.56151941,327.7779175,3.568997116e-05,0,0,17,7,0.003015156186,0.003015156181,2.228139517
6184,0.0703125,0.625,-175.8667429,-178.8119654,7,2747,5796,0,0,0,0,0,0,112.0917923,13.71767956,111.6101928,3.849535641e-05,0,0,30,16,0.008921259793,0.008921259787,5.580173968
6185,0.078125,0.6328125,-163.7694713,-178.4384389,7,5796,5170,0,0,0,0,0,0,93.41436994,-3.525714229,93.0796537,3.849535641e-05,0,0,43,22,0.01070499111,0.01070499111,5.175854841
6186,0.0859375,0.625,-150.3958212,-203.6995563,7,5796,3619,0,0,0,0,0,0,711.7294266,-38.71763624,692.749289,3.849535641e-05,0,0,2,1,0.001405028319,0.001405028319,0.7864421902
6187,0.078125,0.6171875,-179.2897246,-190.8734965,7,5796,4675,0,0,0,0,0,0,2.432169499e+12,-5.04060182e-07,25977.15887,3.849535641e-05,0,0,1,0,4.111555549e-13,0,0.4111555549
6188,0.08203125,0.62890625,-157.0826463,-224.9780191,8,5801,5796,0,0,0,0,0,0,500.2267125,-40.54418647,491.4527684,3.568997116e-05,0,0,15,8,0.001999093561,0.001999093561,1.326533902
6189,0.0546875,0.6953125,-174.2615759,-169.518505,7,2745,5154,0,0,0,0,0,0,31.11014373,-11.08515732,31.07293091,3.849535641e-05,0,0,161,76,0.03214385664,0.03214385661,23.77103823
6190,0.0390625,0.6953125,-134.6770709,-134.6770709,7,5154,3244,1,0,0,0,0,1,227.0443884,0,0,0,0,0,35,21,0.004404425087,0.004404425085,4.355860776
6191,0.0390625,0.7109375,-135.3692921,-143.8519456,7,5154,3241,0,0,0,0,0,0,3.795496606,-19.66999166,3.794942131,3.849535641e-05,0,0,272,134,0.2634701342,0.2634701341,2.516952807
6192,0.0625,0.734375,-122.8599932,-119.6741376,6,2767,3320,0,0,0,0,0,0,1.744546971,6.881292258,1.744254716,9.604384497e-05,0,0,743,375,0.5732147181,0.573214718,2.497927995
6193,0.078125,0.71875,-141.702905,-134.1016439,6,3320,3242,0,0,0,0,0,0,1.70903449,3.028163746,1.708754011,9.604384497e-05,0,0,694,349,0.5851256988,0.5851256987,3.377080613
6194,0.0625,0.703125,-170.0918096,-164.7040973,6,3320,2745,0,0,0,0,0,0,11.18807879,-5.479590993,11.17606959,9.604384497e-05,0,0,415,196,0.08938085068,0.0893808506,4.575998708
6195,0.046875,0.71875,-131.1995258,-146.6365567,6,3320,3241,0,0,0,0,0,0,6.516418375,-21.66344417,6.512342548,9.604384497e-05,0,0,354,172,0.1534585324,0.1534585323,2.151844115
6196,0.0546875,0.7109375,-150.6456677,-146.806696,7,5154,3320,0,0,0,0,0,0,7.69257926,-4.707886487,7.690301942,3.849535641e-05,0,0,311,146,0.1299954107,0.1299954106,1.499157613
6197,0.0390625,0.6875,-150.5110678,-150.5110678,7,3244,5550,1,0,0,0,0,1,266.6264942,0,0,0,0,0,31,17,0.003750565011,0.003750565009,3.097627689
6198,0.046875,0.6953125,-156.4571225,-157.7212114,7,5550,5154,0,0,0,0,0,0,152.6104873,-0.5737267516,151.7191682,3.849535641e-05,0,0,23,13,0.006552629625,0.006552629622,3.912787192
6199,0.0546875,0.6875,-175.9032644,-168.9962786,7,5550,2745,0,0,0,0,0,0,25.49617655,5.276903002,25.47117698,3.849535641e-05,0,0,146,72,0.03922156713,0.03922156709,25.43165166
6200,0.046875,0.6796875,-188.0005359,-175.9319605,7,5550,4732,0,0,0,0,0,0,37.3502101,15.95814141,37.29658472,3.849535641e-05,0,0,158,81,0.0267736111,0.02677361108,19.52095974
6201,0.775390625,0.728515625,269.1482634,269.1482634,9,4914,5754,0,0,0,0,0,0,1e+300,0,1e+300,0,0,0,0,0,0,0,0
6202,0.775390625,0.732421875,271.505156,271.505156,9,5754,4920,0,0,0,0,0,0,1e+300,0,1e+300,0,0,0,0,0,0,0,0
6203,0.779296875,0.732421875,273.8427916,294.3251415,9,5754,4387,0,0,0,0,0,0,30207.77879,0.0008452586269,0.249997931,4,0,0,1,1,3.310405598e-05,3.310405598e-05,0.6820441414
6204,0.78515625,0.72265625,271.8601865,271.8601865,8,2979,4390,1,0,0,0,0,1,379.8169137,0,0,0,0,0,164,71,0.002632847469,0.002632847455,5.026022111
6205,0.78515625,0.73046875,276.5702942,276.5702942,8,4390,4387,1,0,0,0,0,1,110105.4577,0,0,0,0,0,1,1,9.082201926e-06,9.082201926e-06,0.1345842802
6206,0.79296875,0.73046875,310.4317387,310.4317387,8,4390,3450,1,1,1,0,0,1,828670.4644,26.3160759,24205.34797,4.009955145e-05,0,51.29678186,1,1,1.206752313e-06,1.206752313e-06,0.01366378049
6207,0.7890625,0.7109375,267.0301107,267.0301107,7,2979,3451,1,0,0,0,0,1,10347.8402,0,0,0,0,0,14,11,9.663852366e-05,9.663852314e-05,0.6533147396
6208,0.8046875,0.7109375,277.2229048,309.4556631,7,3451,3194,0,0,0,0,0,0,142.9281756,32.19219269,142.1460778,3.849535641e-05,0,0,23,13,0.006996521126,0.006996521123,0.3820356336
6209,0.8046875,0.6953125,266.6469436,237.6213803,7,3451,2893,0,0,0,0,0,0,7.373642735,-28.93876611,7.371550313,3.849535641e-05,0,0,37,19,0.135618179,0.135618179,2.583956729
6210,0.7890625,0.6953125,250.6370392,216.8844496,7,3451,2983,0,0,0,0,0,0,14.10460128,-33.84952073,14.09694718,3.849535641e-05,0,0,22,9,0.07089884923,0.07089884923,1.282846163
6211,0.8046875,0.71875,282.5108855,274.2476933,7,3194,3681,0,0,0,0,0,0,60.59292853,-8.367439033,60.45192162,3.849535641e-05,0,0,401,207,0.01650357598,0.01650357595,9.378082935
6212,0.796875,0.7109375,271.9734381,326.6485171,7,3681,3451,0,0,0,0,0,0,10636.16335,54.49853254,7546.359882,3.849535641e-05,0,0,9,6,9.401886444e-05,9.401886404e-05,0.5246868905
6213,0.7890625,0.71875,272.3846824,272.3846824,7,3681,2979,1,0,0,0,0,1,93.69056178,0,0,0,0,0,350,162,0.01067343371,0.01067343367,9.222986996
6214,0.796875,0.7265625,281.5649612,281.5649612,7,3681,3450,1,0,0,0,0,1,515.324719,0,0,0,0,0,117,54,0.001940524029,0.001940524024,0.8726863673
6215,0.79296875,0.72265625,276.7064802,290.5638859,8,4390,3681,0,0,0,0,0,0,58.06576163,13.5887671,57.94567702,3.568997116e-05,0,0,337,154,0.01722185281,0.01722185277,8.496104168
6216,0.78125,0.73046875,273.8331631,299.5853221,8,4387,4911,0,0,0,0,0,0,397722.4592,25.25157794,26175.07276,3.568997116e-05,0,0,1,1,2.514316144e-06,2.514316144e-06,0.05180255244
6217,0.78515625,0.7265625,227.172207,227.172207,8,4911,4390,1,1,1,0,0,1,50588.80236,-43.33398982,16792.66249,4.009955145e-05,0,68.73433239,1,1,1.976722028e-05,1.976722028e-05,0.2929198376
6218,0.78125,0.72265625,269.119378,286.5237378,8,4911,2979,0,0,0,0,0,0,3646.074774,16.89603983,3226.248527,3.568997116e-05,0,0,78,28,0.0002742675512,0.0002742675487,0.8301762421
6219,0.77734375,0.7265625,269.7450692,269.7450692,8,4911,4914,1,0,0,0,0,1,9.003766118e+13,0,0,0,0,0,1,0,1.110646353e-14,0,0.01110646353
6220,0.779296875,0.728515625,271.485899,291.970929,9,5754,4911,0,0,0,0,0,0,151784.2196,-0.0003440931014,0.2499995882,4,0,0,1,1,6.588300173e-06,6.588300173e-06,0.1357390025
6221,0.0078125,0.71875,36.6825741,142.1056999,7,3243,5522,0,0,0,0,0,0,109.5656915,83.31469879,109.1055095,3.849535641e-05,0,0,52,24,0.009126944633,0.009126944626,0.495296811
6222,0.015625,0.7265625,51.24063143,64.86528079,7,5522,5156,0,0,0,0,0,0,29.86852497,13.84963573,29.8342216,3.849535641e-05,0,0,183,94,0.03348005973,0.0334800597,24.67579192
6223,0.0234375,0.71875,-65.05457542,-75.29422377,7,5522,3241,0,0,0,0,0,0,19.19495688,-23.52038611,19.18078387,3.849535641e-05,0,0,282,143,0.05209701728,0.05209701722,11.08531425
6224,0.015625,0.7109375,17.23643221,8.822868045,7,5522,5155,0,0,0,0,0,0,35.51577216,-32.84243619,35.46728157,3.849535641e-05,0,0,147,76,0.02815650454,0.02815650451,13.8683123
6225,0.01171875,0.73046875,109.3882349,128.0184096,8,5156,5525,0,0,0,0,0,0,547.1545876,-63.58481224,536.6744458,3.568997116e-05,0,0,14,6,0.001827637057,0.001827637054,2.703980939
6226,0.01171875,0.72265625,43.96160277,127.6994598,8,5525,5522,0,0,0,0,0,0,731.1066399,-16.3966987,712.5148649,3.568997116e-05,0,0,26,7,0.00136778952,0.001367789513,2.113189723
6227,0.00390625,0.72265625,94.83017753,251.7670766,8,5525,3243,0,0,0,0,0,0,1090.13187,52.38849865,1049.306729,3.568997116e-05,0,0,22,6,0.0009173202141,0.0009173202081,2.4885939
6228,0,0.7421875,-6.71614974,171.8726029,7,2660,5521,0,0,0,0,0,0,39956.40871,172.2693499,15742.42107,3.849535641e-05,0,0,1,1,2.502727428e-05,2.502727428e-05,0.07308900593
6229,0.0078125,0.734375,70.68677333,167.6588426,7,5521,5156,0,0,0,0,0,0,2134.837141,99.51750063,1972.716687,3.849535641e-05,0,0,4,2,0.0004684198062,0.0004684198061,1.24991947
6230,0,0.7265625,56.128716,179.5553223,7,5521,3243,0,0,0,0,0,0,3191.615775,103.6386243,2842.392632,3.849535641e-05,0,0,7,4,0.0003133209229,0.0003133209225,1.031604452
6231,0.00390625,0.73046875,63.40774466,187.0184542,8,5525,5521,0,0,0,0,0,0,1876.899277,25.79659884,1759.065659,3.568997116e-05,0,0,10,5,0.0005327936411,0.0005327936399,1.803219498
6232,0.0078125,0.595703125,-373.3608588,-335.7783871,9,4755,5689,0,0,0,0,0,0,250.5982728,0.02105257542,0.2497508454,4,0,0,42,23,0.003990450488,0.003990450482,7.785306617
6233,0.005859375,0.59765625,-361.5435559,-311.9436934,9,5689,5196,0,0,0,0,0,0,774.1937962,-0.0002403992426,0.2499192969,4,0,0,14,9,0.001291666253,0.001291666251,3.525228539
6234,0.0078125,0.599609375,-357.4046151,-316.1603816,9,5689,4730,0,0,0,0,0,0,555.633087,0.01696150639,0.2498875663,4,0,0,31,15,0.001799748833,0.001799748829,7.511951689
6235,0.009765625,0.599609375,-362.7950367,-376.1962323,9,4730,5195,0,0,0,0,0,0,399.5263358,0.01935076641,0.2498436626,4,0,0,69,30,0.002502963911,0.0025029639,7.019917011
6236,0.013671875,0.599609375,-376.437017,-375.8913271,9,5195,4756,0,0,0,0,0,0,281.248036,-0.003519959153,0.2497779736,4,0,0,98,45,0.003555580384,0.003555580363,11.14264998
6237,0.013671875,0.595703125,-389.5321235,-387.5299326,9,5195,4293,0,0,0,0,0,0,176.4322266,0.04382170789,0.2496462576,4,0,0,103,53,0.005667898768,0.005667898753,4.950082798
6238,0.009765625,0.595703125,-378.7512804,-395.7903429,9,5195,4755,0,0,0,0,0,0,183.275283,0.04733674535,0.2496594475,4,0,0,83,45,0.005456273119,0.005456273111,5.212983289
6239,0.009765625,0.59765625,-370.7731585,-321.8596289,9,5689,5195,0,0,0,0,0,0,338.5146734,-0.003200165258,0.2498155061,4,0,0,59,29,0.002954081695,0.002954081691,4.584216348
6240,0.07421875,0.61328125,-193.7366763,-198.5036716,8,4675,5877,0,0,0,0,0,0,109.7270528,5.31561239,109.2990209,3.568997116e-05,0,0,41,18,0.00911352282,0.009113522808,6.853921134
6241,0.06640625,0.61328125,-206.4721371,-217.7190417,8,5877,5184,0,0,0,0,0,0,111.1015668,-0.1258952358,110.6627655,3.568997116e-05,0,0,49,23,0.009000773153,0.009000773142,7.410715422
6242,0.06640625,0.62109375,-190.3136946,-161.1014666,8,5877,2747,0,0,0,0,0,0,1052.835343,44.37396635,1014.707053,3.568997116e-05,0,0,1,1,0.0009498161385,0.0009498161385,0.5954913193
6243,0.07421875,0.62109375,-177.5782338,-145.989688,8,5877,5796,0,0,0,0,0,0,886.9316106,45.71188247,859.7176244,3.568997116e-05,0,0,1,1,0.001127482647,0.001127482647,0.7068801021
6244,0.0625,0.62109375,-196.681425,-164.9630385,8,2747,5879,0,0,0,0,0,0,4000.332796,47.39932563,3500.552716,3.568997116e-05,0,0,2,1,0.000249979202,0.000249979202,0.4808278775
6245,0.06640625,0.6171875,-198.3929159,-210.4386423,8,5879,5877,0,0,0,0,0,0,658.0343749,1.095647449,642.9349022,3.568997116e-05,0,0,8,5,0.001519677449,0.001519677447,1.61075438
6246,0.0625,0.61328125,-212.8398675,-214.4403243,8,5879,5184,0,0,0,0,0,0,1048.719861,10.03975339,1010.883715,3.568997116e-05,0,0,9,6,0.0009535434938,0.0009535434927,1.221443891
6247,0.05859375,0.6171875,-241.2032683,-180.8453561,8,5879,5183,0,0,0,0,0,0,4308.710384,56.81307773,3734.437058,3.568997116e-05,0,0,7,4,0.0002320880057,0.0002320880038,0.3670595875
6248,0.056640625,0.615234375,-263.4641899,-287.6501888,9,5183,5883,0,0,0,0,0,0,447.6788522,0.00456867275,0.2498604689,4,0,0,11,6,0.002233744112,0.00223374411,1.939201249
6249,0.060546875,0.615234375,-227.0215679,-268.4333409,9,5883,5879,0,0,0,0,0,0,598.3520088,-0.01579632482,0.2498955901,4,0,0,6,4,0.001671257028,0.001671257027,1.699495326
6250,0.060546875,0.611328125,-235.1007892,-274.4726274,9,5883,5184,0,0,0,0,0,0,513.104252,0.00377387466,0.2498782517,4,0,0,8,3,0.001948921678,0.001948921675,2.715339553
6251,0.05078125,0.60546875,-248.1015013,-268.7798909,8,3621,5188,0,0,0,0,0,0,119.2768393,-11.521306,118.7712317,3.568997116e-05,0,0,130,59,0.008383857303,0.008383857289,9.677894793
6252,0.05859375,0.60546875,-235.3660405,-251.2252276,8,5188,5184,0,0,0,0,0,0,76.2176712,-7.740505142,76.01090584,3.568997116e-05,0,0,71,36,0.01312031691,0.0131203169,10.00398064
6253,0.05859375,0.59765625,-251.524483,-269.1927381,8,5188,3620,0,0,0,0,0,0,69.747913,-13.59030213,69.57472057,3.568997116e-05,0,0,78,34,0.01433734655,0.01433734654,4.350729748
6254,0.05078125,0.59765625,-264.2599438,-276.6029601,8,5188,5187,0,0,0,0,0,0,4.590462065,-7.226661622,4.589710117,3.568997116e-05,0,0,73,33,0.217842994,0.217842994,0.7342432361
6255,0.05859375,0.609375,-227.2868192,-255.2009563,8,5184,5882,0,0,0,0,0,0,191.7481474,-17.77509056,190.4448408,3.568997116e-05,0,0,39,18,0.005215174245,0.005215174239,3.803697486
6256,0.0546875,0.60546875,-241.7337709,-265.2206884,8,5882,5188,0,0,0,0,0,0,67.90375621,-14.84903474,67.73959046,3.568997116e-05,0,0,103,49,0.01472672582,0.01472672581,11.03524641
6257,0.05078125,0.609375,-240.0222801,-268.478386,8,5882,3621,0,0,0,0,0,0,60.92039186,-17.2786579,60.78822325,3.568997116e-05,0,0,135,64,0.01641486487,0.01641486484,16.84652526
6258,0.0546875,0.61328125,-255.65022,-255.3727566,8,5882,5183,0,0,0,0,0,0,100.915109,-4.76853469,100.5529517,3.568997116e-05,0,0,70,34,0.009909318934,0.009909318921,7.407491751
6259,0.056640625,0.611328125,-241.4685196,-281.3733398,9,5883,5882,0,0,0,0,0,0,796.8768834,-0.01000728036,0.2499215934,4,0,0,13,5,0.001254898995,0.001254898992,1.377775666
6260,0.0078125,0.580078125,-398.2949532,-396.1508779,9,5221,5854,0,0,0,0,0,0,2316.515889,0.01366492196,0.2499730227,4,0,0,35,14,0.0004316827719,0.0004316827637,4.691002767
6261,0.005859375,0.58203125,-600.2695201,-598.1110176,9,5854,5371,0,0,0,0,0,0,5557.99771,0.02099889681,0.2499887554,4,0,0,25,11,0.000179920909,0.0001799209009,4.553031161
6262,0.0078125,0.583984375,-379.3113412,-365.355394,9,5854,4761,0,0,0,0,0,0,1889.246437,0.01461584717,0.2499669224,4,0,0,46,22,0.0005293115711,0.0005293115628,5.590065687
6263,0.013671875,0.580078125,-619.2836384,-620.5224584,9,3615,5370,0,0,0,0,0,0,1309.760064,0.03758392139,0.2499522904,4,0,0,48,24,0.0007634986188,0.0007634986098,2.102388357
6264,0.009765625,0.580078125,-471.9578483,-469.2368775,9,5370,5221,0,0,0,0,0,0,8373.880855,0.006982934425,0.2499925365,4,0,0,50,24,0.0001194189429,0.0001194189411,1.26229306
6265,0.009765625,0.583984375,-452.9742363,-439.4085297,9,5370,4761,0,0,0,0,0,0,24.41518126,-0.9592022103,0.2474660636,4,0,0,73,34,0.04095812312,0.04095812311,0.5162552441
6266,0.013671875,0.583984375,-413.6779063,-412.4982463,9,5370,4762,0,0,0,0,0,0,13.66223237,0.6094062984,0.2455075506,4,0,0,77,36,0.07319448042,0.07319448041,0.8804255192
6267,0.009765625,0.58203125,-462.4660423,-456.421478,9,5854,5370,0,0,0,0,0,0,3409.167496,0.00388920263,0.2499816684,4,0,0,56,25,0.0002933267436,0.000293326734,2.762107928
6268,0.134765625,0.443359375,-140.2961684,-140.2961684,9,4935,5818,0,0,0,0,0,0,1e+300,0,1e+300,0,0,0,0,0,0,0,0
6269,0.138671875,0.443359375,-134.5058423,-134.5058423,9,5818,5276,0,0,0,0,0,0,1e+300,0,1e+300,0,0,0,0,0,0,0,0
6270,0.138671875,0.439453125,-141.6546574,-141.6546574,9,5818,4151,0,0,0,0,0,0,1e+300,0,1e+300,0,0,0,0,0,0,0,0
6271,0.12890625,0.4375,-159.7048801,-156.5727773,8,2766,5275,0,0,0,0,0,0,77.18415543,3.109960263,76.97212031,3.568997116e-05,0,0,60,29,0.01295602698,0.01295602697,3.572724188
6272,0.1328125,0.44140625,-146.765739,-117.8486869,8,5275,4935,0,0,0,0,0,0,166.6743363,29.35804569,165.68872,3.568997116e-05,0,0,33,16,0.005999723908,0.005999723898,4.745659475
6273,0.13671875,0.4375,-148.1242279,-93.91438569,8,5275,4151,0,0,0,0,0,0,6247.699436,54.25594848,5108.585872,3.568997116e-05,0,0,3,2,0.0001600589161,0.0001600589151,0.09344706161
6274,0.125,0.4296875,-167.3771832,-155.3543049,7,2766,4782,0,0,0,0,0,0,188.3332662,12.06619158,186.9776862,3.849535641e-05,0,0,48,27,0.005309736406,0.005309736401,3.278102658
6275,0.1328125,0.421875,-157.6785079,-185.0403231,7,4782,4155,0,0,0,0,0,0,857.9253861,-27.15067303,830.4972643,3.849535641e-05,0,0,18,5,0.001165602529,0.001165602526,1.68035215
6276,0.125,0.4140625,-171.1411371,-76.48498959,7,4782,3843,0,0,0,0,0,0,3702.352291,94.89862107,3240.504645,3.849535641e-05,0,0,11,6,0.0002700985539,0.0002700985528,0.4040719479
6277,0.1171875,0.421875,-203.4464315,-196.4766468,7,4782,4788,0,0,0,0,0,0,275.9066137,7.053948541,273.0069729,3.849535641e-05,0,0,11,7,0.003624414749,0.003624414748,3.972997043
6278,0.13671875,0.42578125,-150.9471934,-151.1426663,8,4155,4792,0,0,0,0,0,0,4.505821532e+11,3.590774611e-06,28019.07386,3.568997116e-05,0,0,9,0,2.219351106e-12,0,2.219351106
6279,0.12890625,0.42578125,-162.5278456,-189.037576,8,4792,4782,0,0,0,0,0,0,121.9964107,-26.38250273,121.4675352,3.568997116e-05,0,0,48,21,0.008196962469,0.008196962458,5.444394238
6280,0.12890625,0.43359375,-160.6458686,-146.9688128,8,4792,2766,0,0,0,0,0,0,111.5529272,13.70470338,111.1105604,3.568997116e-05,0,0,66,34,0.008964354637,0.008964354631,5.897969993
6281,0.13671875,0.43359375,-149.0652164,-191.1080868,8,4792,4151,0,0,0,0,0,0,10232.27457,-41.94697405,7495.13085,3.568997116e-05,0,0,3,2,9.772998107e-05,9.772998102e-05,0.0586855314
6282,0.1328125,0.43359375,-154.8555425,-182.3452179,8,5275,4792,0,0,0,0,0,0,122.3586584,-27.42790346,121.8266442,3.568997116e-05,0,0,30,15,0.008172695038,0.008172695033,1.54933937
6283,0.134765625,0.439453125,-147.4449835,-147.4449835,9,5818,5275,0,0,0,0,0,0,1e+300,0,1e+300,0,0,0,0,0,0,0,0
6284,0.94921875,0.86328125,321.8112763,321.8112763,8,3551,4042,1,1,1,0,0,1,3115.215052,-129.8409379,2803.514812,3.568997116e-05,0,66.20790292,67,67,0.0003210051259,0.0003210051259,1.480956668
6285,0.94140625,0.86328125,408.9561506,385.6127576,8,4042,3690,0,0,0,0,0,0,5336.832398,-30.38010217,4482.957275,3.568997116e-05,0,0,70,39,0.0001873770667,0.0001873770642,1.862043762
6286,0.94140625,0.87109375,455.7293787,455.7293787,8,4042,2933,0,0,0,0,0,0,1e+300,0,1e+300,0,0,0,0,0,0,0,0
6287,0.94921875,0.87109375,451.377036,451.377036,8,4042,3773,0,0,0,0,0,0,1e+300,-41.44344335,793.5601508,0,0,0,0,0,0,0,0
6288,0.9375,0.87109375,438.2995805,437.2598954,8,2933,4099,0,0,0,0,0,0,5.262247667e+12,-1.429891995e-06,28019.07545,3.568997116e-05,0,0,1,0,1.900328649e-13,0,0.1900328649
6289,0.94140625,0.8671875,432.3427646,432.3427646,8,4099,4042,0,0,0,0,0,0,1e+300,0,1e+300,0,0,0,0,0,0,0,0
6290,0.9375,0.86328125,391.5263524,391.5263524,8,4099,3690,0,0,0,0,0,0,1e+300,0,1e+300,0,0,0,0,0,0,0,0
6291,0.92578125,0.86328125,430.3295687,417.8264188,8,3603,4104,0,0,0,0,0,0,300.5610584,-9.971243622,297.3711535,3.568997116e-05,0,0,174,97,0.003327110988,0.003327110953,23.78826622
6292,0.92578125,0.87109375,452.8242646,455.2135226,8,4104,3694,0,0,0,0,0,0,1380.583815,3.045801075,1315.752735,3.568997116e-05,0,0,32,20,0.0007243312498,0.00072433124,12.32016181
6293,0.93359375,0.87109375,451.2339859,447.8284807,8,4104,2933,0,0,0,0,0,0,3.369991586e+12,-2.003947088e-06,28019.07536,3.568997116e-05,0,0,2,0,2.967366459e-13,0,0.2967366459
6294,0.93359375,0.86328125,404.4607578,400.1905855,8,4104,3690,0,0,0,0,0,0,333.1132811,-6.469905258,329.199493,3.568997116e-05,0,0,143,77,0.003001981778,0.003001981752,17.11149418
6295,0.93359375,0.8671875,427.8473719,427.244484,8,4099,4104,0,0,0,0,0,0,1.29929696e+12,-2.762520239e-06,28019.07499,3.568997116e-05,0,0,1,0,7.696469943e-13,0,0.7696469943
6296,0.05859375,0.640625,-196.2463127,-212.2578809,8,5166,5794,0,0,0,0,0,0,240.5375335,12.30081169,238.4901486,3.568997116e-05,0,0,17,9,0.004157355343,0.00415735534,2.441260332
6297,0.0546875,0.63671875,-227.9881087,-240.2825242,8,5794,5176,0,0,0,0,0,0,158.3086852,4.337451811,157.4192612,3.568997116e-05,0,0,28,14,0.006316772823,0.006316772817,4.267254457
6298,0.05078125,0.640625,-208.9817735,-274.2034867,8,5794,4733,0,0,0,0,0,0,131.1728531,-35.8709316,130.5616217,3.568997116e-05,0,0,41,22,0.007623528621,0.007623528613,6.179979546
6299,0.0546875,0.64453125,-202.9331377,-202.845002,8,5794,5175,0,0,0,0,0,0,162.1231454,26.67909288,161.1904699,3.568997116e-05,0,0,30,17,0.006168150745,0.006168150738,4.164349538
6300,0.03125,0.7578125,-64.93365563,-61.83089325,7,3317,5152,0,0,0,0,0,0,1193.846341,-19.59662111,1141.390826,3.849535641e-05,0,0,24,10,0.0008376287347,0.0008376287317,1.992127894
6301,0.0234375,0.765625,126.5321632,112.1401998,7,5152,5114,0,0,0,0,0,0,285.3879977,-23.30304616,282.2867635,3.849535641e-05,0,0,39,24,0.003504001598,0.003504001594,6.302886086
6302,0.03125,0.7734375,-57.41829927,17.29750763,7,5152,3147,0,0,0,0,0,0,169.0751737,48.03947303,167.9818456,3.849535641e-05,0,0,44,28,0.005914528892,0.005914528885,8.393131928
6303,0.0390625,0.7734375,-65.05648707,-61.78121972,7,3147,5113,0,0,0,0,0,0,25.50158334,4.325928487,25.47657318,3.849535641e-05,0,0,59,25,0.03921325146,0.03921325145,1.1592557
6304,0.0546875,0.7734375,-80.33286267,-65.44470021,7,5113,3318,0,0,0,0,0,0,21.33090457,18.57930352,21.31340327,3.849535641e-05,0,0,112,58,0.04688033724,0.04688033721,1.873428534
6305,0.0546875,0.7578125,-87.84821903,-110.603284,7,5113,2767,0,0,0,0,0,0,17.66750793,-15.08697352,17.65550012,3.849535641e-05,0,0,115,66,0.05660107832,0.05660107831,1.35183912
6306,0.0390625,0.7578125,34.15003137,34.15003137,7,5113,3317,1,1,1,0,0,1,2610.908499,108.271203,2391.098283,3.51609661e-05,0,65.80191207,7,7,0.0003830084434,0.0003830084434,0.6881220746
6307,0.0390625,0.765625,-68.81416525,-62.11847943,7,5152,5113,0,0,0,0,0,0,212.307618,-16.6719329,210.5865244,3.849535641e-05,0,0,25,13,0.004710146575,0.00471014657,3.932401914
6308,0.2734375,0.5234375,39.3072205,42.08925037,7,3110,4765,0,0,0,0,0,0,17.58282204,1.543439954,17.57092904,3.849535641e-05,0,0,58,26,0.05687369169,0.05687369169,0.425083444
6309,0.2734375,0.5078125,48.61111967,58.38712344,7,4765,3515,0,0,0,0,0,0,7.668898518,9.582383278,7.666635197,3.849535641e-05,0,0,52,24,0.1303968226,0.1303968226,1.172185375
6310,0.2578125,0.5078125,36.33643647,12.95396479,7,4765,2661,0,0,0,0,0,0,4.413213897,-23.63595366,4.412464271,3.849535641e-05,0,0,361,178,0.2265922349,0.2265922349,1.487021819
6311,0.2578125,0.5234375,26.53032758,62.32925322,7,4765,3341,0,0,0,0,0,0,13.06736563,34.92005443,13.06079562,3.849535641e-05,0,0,242,118,0.07652651865,0.07652651861,0.6023336689
6312,0.2578125,0.5,40.98838606,32.61435198,7,2661,4767,0,0,0,0,0,0,13.43405615,-8.105031351,13.42711234,3.849535641e-05,0,0,297,147,0.07443768201,0.07443768195,1.507789753
6313,0.265625,0.5078125,42.47377807,59.31683491,7,4767,4765,0,0,0,0,0,0,7.502918579,16.6195056,7.500752155,3.849535641e-05,0,0,171,82,0.1332814677,0.1332814676,1.40389552
6314,0.2734375,0.5,53.26306925,-12.36096282,7,4767,3515,0,0,0,0,0,0,47.97381755,-65.29516786,47.88538429,3.849535641e-05,0,0,31,14,0.02084470345,0.02084470344,0.2954216308
6315,0.265625,0.4921875,43.60101844,44.1023695,7,4767,4340,0,0,0,0,0,0,35.91019322,0.7567109262,35.86062037,3.849535641e-05,0,0,166,87,0.02784724644,0.02784724641,20.34307898
6316,0.26953125,0.48828125,44.90733463,-13.29427619,8,4340,5500,0,0,0,0,0,0,221.4901165,-19.95301866,219.7529746,3.568997116e-05,0,0,21,13,0.004514874142,0.004514874139,5.410907829
6317,0.26953125,0.49609375,48.43204384,-15.45922145,8,5500,4767,0,0,0,0,0,0,219.1189276,-25.59909954,217.4186382,3.568997116e-05,0,0,25,16,0.004563731718,0.004563731715,5.502593169
6318,0.27734375,0.49609375,54.56938544,-17.15949995,8,5500,3515,0,0,0,0,0,0,761.1003468,-33.40678889,740.9728209,3.568997116e-05,0,0,9,5,0.001313887195,0.001313887194,3.078937703
6319,0.27734375,0.48828125,57.0333732,-63.33059126,8,5500,4770,0,0,0,0,0,0,2949.157586,-81.1115439,2668.304286,3.568997116e-05,0,0,5,2,0.0003390798799,0.0003390798783,0.6001472056
6320,0.25,0.140625,-19.7856354,-19.7856354,6,2686,4480,0,0,0,0,0,0,1e+300,0,1e+300,0,0,0,0,0,0,0,0
6321,0.234375,0.15625,-36.87609662,-36.87609662,6,4480,3324,0,0,0,0,0,0,1e+300,0,1e+300,0,0,0,0,0,0,0,0
6322,0.25,0.171875,-16.48052982,-36.8934302,6,4480,2776,0,0,0,0,0,0,86.72712716,40.30228353,86.01069192,9.604384497e-05,0,0,6,5,0.01153041768,0.01153041768,2.045268865
6323,0.296875,0.171875,13.68273155,20.379514,6,2777,3312,0,0,0,0,0,0,9.2435036,6.525486675,9.235304666,9.604384497e-05,0,0,43,26,0.1081840873,0.1081840872,2.052005509
6324,0.296875,0.140625,-14.11944276,-29.20675989,6,3312,2781,0,0,0,0,0,0,14.80093503,-15.34648956,14.7799248,9.604384497e-05,0,0,27,17,0.06756329906,0.06756329905,1.490597449
6325,0.265625,0.140625,-9.731214943,-81.76053939,6,3312,2686,0,0,0,0,0,0,3593.218495,-72.55531937,2671.326353,9.604384497e-05,0,0,2,1,0.0002783020296,0.0002783020288,0.02260058552
6326,0.265625,0.171875,-6.42610936,-70.72086615,6,3312,2776,0,0,0,0,0,0,103.4881707,-64.66904482,102.4696833,9.604384497e-05,0,0,24,15,0.009662940157,0.009662940154,1.583078784
6327,0.265625,0.15625,-8.078662151,-86.08132063,6,4480,3312,0,0,0,0,0,0,304.8795314,-17.26183189,296.2060834,9.604384497e-05,0,0,6,5,0.003279984049,0.003279984049,0.8779269848
6328,0.14453125,0.42578125,-139.3665412,-139.3665412,8,4155,4793,0,0,0,0,0,0,1e+300,-92.02576146,67.10193669,0,0,0,0,0,0,0,0
6329,0.14453125,0.43359375,-137.4845642,-131.8034655,8,4793,4151,0,0,0,0,0,0,191.4279661,5.845243791,190.1289936,3.568997116e-05,0,0,1,1,0.005223897117,0.005223897117,0.1351944817
6330,0.15234375,0.43359375,-125.903912,-125.903912,8,4793,3842,0,0,0,0,0,0,1e+300,0,1e+300,0,0,0,0,0,0,0,0
6331,0.15234375,0.42578125,-127.785889,-127.785889,8,4793,4158,0,0,0,0,0,0,1e+300,0,1e+300,0,0,0,0,0,0,0,0
6332,0.140625,0.43359375,-143.2748903,-33.47550762,8,4151,5278,0,0,0,0,0,0,77.02861935,-96.85614205,76.81743676,3.568997116e-05,0,0,1,1,0.01298218777,0.01298218777,0.33597908
6333,0.14453125,0.4296875,-138.4255527,-70.29372858,8,5278,4793,0,0,0,0,0,0,27.55068695,-138.4397862,27.52362344,3.568997116e-05,0,0,1,1,0.0362967356,0.0362967356,0.9393596866
6334,0.140625,0.42578125,-145.1568673,-145.1568673,8,5278,4155,0,0,0,0,0,0,1e+300,0,1e+300,0,0,0,0,0,0,0,0
6335,0.13671875,0.4296875,-150.0062049,-150.0062049,8,5278,4792,0,0,0,0,0,0,1e+300,0,1e+300,0,0,0,0,0,0,0,0
6336,0.005859375,0.646484375,-145.4572353,-69.05269864,9,5207,6016,0,0,0,0,0,0,166.2522463,-0.03137805127,0.2496246297,4,0,0,24,13,0.006014956324,0.006014956321,5.803629424
6337,0.005859375,0.642578125,-184.0445598,-71.18914527,9,6016,5557,0,0,0,0,0,0,878.9515536,-0.008502635621,0.2499289128,4,0,0,8,5,0.001137719134,0.001137719133,1.533897595
6338,0.001953125,0.642578125,-153.8812398,-9.31257512,9,6016,5206,0,0,0,0,0,0,706.0594664,-0.06348997162,0.2499115119,4,0,0,9,4,0.001416311299,0.001416311297,1.260232412
6339,0,0.65234375,-42.33126843,114.8576311,8,3245,5556,0,0,0,0,0,0,1466.426819,-29.74712525,1393.495804,3.568997116e-05,0,0,13,5,0.0006819296994,0.0006819296975,0.9087063221
6340,0.00390625,0.6484375,-111.081913,-84.75684,8,5556,5207,0,0,0,0,0,0,484.3611241,-165.2707168,476.1303378,3.568997116e-05,0,0,29,17,0.002064575273,0.002064575271,2.231850049
6341,0,0.64453125,-119.5059175,-76.45224923,8,5556,5206,0,0,0,0,0,0,1274.726347,-216.7383615,1219.256344,3.568997116e-05,0,0,5,2,0.0007844820989,0.0007844820989,0.663391347
6342,0.001953125,0.646484375,-115.2939152,164.4009889,9,6016,5556,0,0,0,0,0,0,269.7749503,-0.1703745691,0.2497685399,4,0,0,24,13,0.00370679338,0.003706793377,3.292036154
6343,0.005859375,0.650390625,-106.8699107,2.297216956,9,5207,6017,0,0,0,0,0,0,259.5757283,0.02450962948,0.2497594542,4,0,0,24,15,0.003852440314,0.003852440311,3.533850612
6344,0.001953125,0.650390625,-76.70659071,235.7590759,9,6017,5556,0,0,0,0,0,0,214.2910655,-0.1063155102,0.2497086805,4,0,0,23,11,0.004666550131,0.004666550127,4.913458485
6345,0.001953125,0.654296875,-38.11926618,66.40754733,9,6017,3245,0,0,0,0,0,0,636.8499476,0.04396046515,0.2499018992,4,0,0,18,7,0.001570228597,0.001570228595,1.759517022
6346,0.00390625,0.65625,-33.90726393,29.89067165,8,3245,6018,0,0,0,0,0,0,1662.152741,82.42892955,1569.071966,3.568997116e-05,0,0,10,5,0.0006016294264,0.0006016294257,0.3636155285
6347,0.0078125,0.66015625,-43.74813472,-89.39753453,8,6018,5546,0,0,0,0,0,0,100.8951164,-29.3224085,100.5331023,3.568997116e-05,0,0,51,24,0.009911282489,0.009911282481,10.13630025
6348,0.01171875,0.65625,-94.233904,-146.1302215,8,6018,5205,0,0,0,0,0,0,49.75472384,-38.30954421,49.66652876,3.568997116e-05,0,0,100,52,0.02009859412,0.02009859411,14.68300007
6349,0.0078125,0.65234375,-102.6579085,-107.9055161,8,6018,5207,0,0,0,0,0,0,65.760324,8.723621384,65.60634695,3.568997116e-05,0,0,68,41,0.01520673773,0.01520673772,8.026527615
6350,0.005859375,0.654296875,-68.28258621,38.74232823,9,6017,6018,0,0,0,0,0,0,615.3456737,0.01995105627,0.2498984723,4,0,0,19,11,0.001625102837,0.001625102834,1.682672416
6351,0.01171875,0.69921875,150.4407994,-21.05036433,8,5155,6081,0,0,0,0,0,0,766.3915817,-68.52201312,745.9869778,3.568997116e-05,0,0,11,7,0.001304816002,0.001304816001,1.739599041
6352,0.01171875,0.69140625,138.6165373,-97.55914136,8,6081,5548,0,0,0,0,0,0,1454.056328,-72.39700776,1382.32049,3.568997116e-05,0,0,10,5,0.0006877312666,0.0006877312659,1.162973433
6353,0.00390625,0.69140625,253.4500347,87.89122717,8,6081,2746,0,0,0,0,0,0,2913.091942,-53.01956352,2638.746323,3.568997116e-05,0,0,10,3,0.000343277871,0.000343277869,0.9895342539
6354,0.00390625,0.69921875,431.3073499,195.7591679,8,6081,5523,0,0,0,0,0,0,1574.586448,-156.6396102,1490.807614,3.568997116e-05,0,0,14,7,0.0006350873917,0.0006350873903,1.335935433
6355,0.00390625,0.6875,247.5379037,202.4652485,8,2746,6083,0,0,0,0,0,0,4.002372424e+11,9.009940385e-06,28019.07364,3.568997116e-05,0,0,4,0,2.498518114e-12,0,2.498518114
6356,0.0078125,0.69140625,196.033286,-102.9098196,8,6083,6081,0,0,0,0,0,0,1122.874604,-179.5855392,1079.608887,3.568997116e-05,0,0,10,3,0.0008905713925,0.00089057139,1.891005215
6357,0.01171875,0.6875,132.7044062,-18.36915669,8,6083,5548,0,0,0,0,0,0,778.5082412,-54.76147186,757.4622019,3.568997116e-05,0,0,9,5,0.001284507918,0.001284507917,1.978194991
6358,0.01171875,0.67578125,-25.06974562,-6.181072935,8,4735,5547,0,0,0,0,0,0,541.5952532,25.04612797,531.3249966,3.568997116e-05,0,0,25,11,0.001846397276,0.001846397271,2.313356016
6359,0.00390625,0.67578125,193.8470315,210.8387339,8,5547,5204,0,0,0,0,0,0,293.5472475,26.08870519,290.5037292,3.568997116e-05,0,0,19,8,0.003406606632,0.003406606628,4.178665233
6360,0.00390625,0.68359375,194.9465197,116.0523302,8,5547,2746,0,0,0,0,0,0,2910.195514,-51.33880982,2636.369536,3.568997116e-05,0,0,1,1,0.0003436195249,0.0003436195249,0.8579167753
6361,0.01171875,0.68359375,80.11302228,-44.90062013,8,5547,5548,0,0,0,0,0,0,6892.560077,-46.21883591,5531.770658,3.568997116e-05,0,0,3,2,0.000145083973,0.000145083973,0.2299563217
6362,0.0078125,0.68359375,137.529771,-56.26394337,8,6083,5547,0,0,0,0,0,0,2494.967899,-159.4200123,2290.967901,3.568997116e-05,0,0,3,2,0.00040080676,0.00040080676,0.816680135
6363,0.015625,0.69140625,81.19978857,47.08313978,8,5548,6084,0,0,0,0,0,0,3185.079301,83.66308958,2859.970988,3.568997116e-05,0,0,8,3,0.0003139639253,0.0003139639233,0.4821458512
6364,0.01171875,0.6953125,144.5286684,97.63596013,8,6084,6081,0,0,0,0,0,0,1493.754398,93.9325055,1418.149917,3.568997116e-05,0,0,6,4,0.000669454096,0.0006694540955,1.39822037
6365,0.015625,0.69921875,93.02405071,-50.73921074,8,6084,5155,0,0,0,0,0,0,645.8421639,-86.79304332,631.290854,3.568997116e-05,0,0,9,5,0.001548365926,0.001548365923,2.016122105
6366,0.03125,0.6953125,-142.5550753,-112.2681865,7,3244,5549,0,0,0,0,0,0,880.5649427,10.54270653,851.6944913,3.849535641e-05,0,0,23,9,0.001135634581,0.001135634578,1.25668792
6367,0.0234375,0.703125,-15.89731567,26.97665957,7,5549,5155,0,0,0,0,0,0,4.810730449,45.84532005,4.809839711,3.849535641e-05,0,0,139,75,0.2078686409,0.2078686409,1.584389537
6368,0.03125,0.7109375,-118.906551,-103.1033897,7,5549,3241,0,0,0,0,0,0,2.498383604,9.204412687,2.498143342,3.849535641e-05,0,0,226,122,0.4002587906,0.4002587906,3.541283688
6369,0.0390625,0.703125,-136.5505958,-147.6152145,7,5549,5154,0,0,0,0,0,0,5.165554604,-18.18171519,5.164527638,3.849535641e-05,0,0,121,64,0.193590055,0.193590055,1.79410016
6370,0.01953125,0.69921875,35.60730198,5.608240075,8,5155,6080,0,0,0,0,0,0,366.302727,46.15371245,361.5757268,3.568997116e-05,0,0,21,9,0.002729982406,0.0027299824,2.072250078
6371,0.02734375,0.69921875,-79.22619547,-130.5835975,8,6080,5549,0,0,0,0,0,0,302.5377332,8.652562065,299.3059582,3.568997116e-05,0,0,30,11,0.003305372819,0.003305372811,4.753545667
6372,0.02734375,0.69140625,-91.0504576,-210.3561121,8,6080,3244,0,0,0,0,0,0,486.1685024,-65.8684072,477.8767014,3.568997116e-05,0,0,22,8,0.002056900015,0.002056900009,2.108151024
6373,0.01953125,0.69140625,23.78303985,-132.9337715,8,6080,5548,0,0,0,0,0,0,2352320.485,-19.75451672,27689.2619,3.568997116e-05,0,0,9,1,4.25112142e-07,4.25110959e-07,0.0006164888992
6374,0.01953125,0.6953125,29.69517092,-49.58273089,8,6084,6080,0,0,0,0,0,0,1064.778341,34.73093564,1025.79613,3.568997116e-05,0,0,11,4,0.0009391626048,0.000939162603,1.268379794
6375,0.01953125,0.6875,17.87090878,-35.57327144,8,5548,6085,0,0,0,0,0,0,1853.822325,59.69279796,1738.779679,3.568997116e-05,0,0,9,3,0.0005394260208,0.0005394260176,0.5080526145
6376,0.0234375,0.69140625,-33.63370888,-183.5040846,8,6085,6080,0,0,0,0,0,0,897.021953,-40.50429843,869.1949482,3.568997116e-05,0,0,11,3,0.001114799918,0.001114799917,0.8411513144
6377,0.02734375,0.6875,-96.96258867,-183.4523249,8,6085,3244,0,0,0,0,0,0,1759.438786,-56.87780535,1655.483806,3.568997116e-05,0,0,13,5,0.0005683630532,0.0005683630512,0.4100768419
6378,0.0234375,0.68359375,-103.2225515,-281.6129889,8,6085,5552,0,0,0,0,0,0,277542.0434,-157.029168,25449.80697,3.568997116e-05,0,0,5,2,3.603057713e-06,3.603057541e-06,0.005134747908
6379,0.025390625,0.681640625,-163.7692816,-213.002072,9,5552,6089,0,0,0,0,0,0,2412.62958,0.00892655056,0.2499740973,4,0,0,1,1,0.0004144855092,0.0004144855092,0.7014030854
6380,0.025390625,0.685546875,-100.0925701,-213.5263631,9,6089,6085,0,0,0,0,0,0,831.1947433,-0.01258458565,0.2499248296,4,0,0,7,2,0.001203087493,0.001203087491,1.222030874
6381,0.029296875,0.685546875,-157.5093188,-215.0103906,9,6089,3244,0,0,0,0,0,0,1072.79129,-0.008693322385,0.2499417543,4,0,0,9,3,0.0009321477618,0.0009321477585,1.001114193
6382,0.04296875,0.67578125,-197.110699,-184.8752535,8,4732,6074,0,0,0,0,0,0,80.93877301,5.235019972,80.70563843,3.568997116e-05,0,0,81,43,0.01235501803,0.01235501802,8.8068795
6383,0.03515625,0.67578125,-172.2352134,-172.2352134,8,6074,5551,1,0,0,0,0,1,154.9376225,0,0,0,0,0,98,54,0.006454210308,0.006454210302,5.780603232
6384,0.03515625,0.68359375,-148.7271695,-148.7271695,8,6074,3244,1,0,0,0,0,1,1416.455136,0,0,0,0,0,20,12,0.0007059877681,0.0007059877673,0.810519074
6385,0.04296875,0.68359375,-174.4702096,-190.5402084,8,6074,5550,0,0,0,0,0,0,224.6919406,-19.3327182,222.9044146,3.568997116e-05,0,0,43,25,0.004450537912,0.004450537904,3.816239997
6386,0.03125,0.68359375,-158.8478226,-324.1584376,8,3244,6075,0,0,0,0,0,0,37378.19109,-184.3479727,16014.46689,3.568997116e-05,0,0,2,1,2.675356862e-05,2.675356858e-05,0.03607911226
6387,0.03515625,0.6796875,-118.278959,-118.278959,8,6075,6074,1,1,1,0,0,1,1288.582883,50.62173435,1225.477599,4.009955145e-05,0,78.8205202,5,5,0.0007760463166,0.0007760463166,0.8386235258
6388,0.03125,0.67578125,-167.7847931,-169.4902018,8,6075,5551,0,0,0,0,0,0,479.4580501,-6.183683634,471.3916694,3.568997116e-05,0,0,20,9,0.002085688205,0.002085688202,2.178262343
6389,0.02734375,0.6796875,-165.1077854,-91.51063115,8,6075,5552,0,0,0,0,0,0,606.0136039,46.30913508,593.1838627,3.568997116e-05,0,0,13,5,0.001650127973,0.001650127969,1.719927649
6390,0.029296875,0.681640625,-161.977804,-226.7404155,9,6089,6075,0,0,0,0,0,0,1787.892121,0.009308437358,0.2499650475,4,0,0,3,2,0.0005593178629,0.0005593178626,0.8524920301
6391,0.001953125,0.640625,-173.1749021,8.266448881,9,5206,6023,0,0,0,0,0,0,929.3835521,-0.002808634349,0.2499327692,4,0,0,9,3,0.001075982029,0.001075982026,1.185600532
6392,0.00390625,0.642578125,-29.24697041,32.54339853,9,6023,6016,0,0,0,0,0,0,1116.563616,-0.01111023842,0.2499440372,4,0,0,7,5,0.0008956050384,0.000895605038,1.246180862
6393,0.005859375,0.640625,-203.3382221,-53.70104556,9,6023,5557,0,0,0,0,0,0,310.5632696,-0.03874558243,0.2497989146,4,0,0,11,7,0.003219955796,0.003219955793,4.572925134
6394,0.00390625,0.638671875,-41.12980242,51.1901266,9,6023,5559,0,0,0,0,0,0,459.7984894,-0.002649066478,0.2498641448,4,0,0,13,5,0.002174865779,0.002174865777,2.712371987
6395,0.015625,0.68359375,-69.18732669,-81.71824674,8,5548,6086,0,0,0,0,0,0,2.202458298e+14,-3.745004307e-07,28019.07559,3.568997116e-05,0,0,1,0,4.540381086e-15,0,0.004540381086
6396,0.01953125,0.6796875,-129.0250534,-82.32639889,8,6086,5552,0,0,0,0,0,0,579.2851906,28.70959893,567.5512547,3.568997116e-05,0,0,5,4,0.001726265432,0.001726265432,2.186254653
6397,0.015625,0.67578125,-113.1143611,-73.73243564,8,6086,4735,0,0,0,0,0,0,538.8000449,40.53122741,528.6345308,3.568997116e-05,0,0,12,8,0.001855976089,0.001855976088,2.228790189
6398,0.01171875,0.6796875,-3.106228419,66.12380786,8,6086,5547,0,0,0,0,0,0,417.1863794,81.07830042,411.0658677,3.568997116e-05,0,0,7,4,0.002397010184,0.002397010183,2.871614734
6399,0.021484375,0.681640625,-136.9803996,-87.46618041,9,5552,6088,0,0,0,0,0,0,1528.747768,0.02624807669,0.2499591236,4,0,0,5,2,0.0006541301454,0.0006541301445,0.9322063395
6400,0.017578125,0.681640625,-99.10619007,-74.44738538,9,6088,6086,0,0,0,0,0,0,2.232016182e+12,3.596767328e-11,0.25,4,0,0,1,0,4.480254257e-13,0,0.4480254257
6401,0.017578125,0.685546875,-77.14267287,-58.17115969,9,6088,5548,0,0,0,0,0,0,1604.521471,0.003517347467,0.2499610536,4,0,0,5,3,0.0006232387774,0.0006232387768,1.001466952
6402,0.021484375,0.685546875,-103.9315548,-88.01844428,9,6088,6085,0,0,0,0,0,0,708.9198911,-0.02323586683,0.2499118688,4,0,0,9,5,0.001410596617,0.001410596615,1.994398724
6403,0,0.69921875,571.7406252,505.7318576,8,5523,6117,0,0,0,0,0,0,2878.477409,-112.6047452,2610.312736,3.568997116e-05,0,0,5,2,0.0003474058879,0.0003474058871,1.298115839
6404,0.00390625,0.6953125,251.2285446,140.9228532,8,6117,6081,0,0,0,0,0,0,1150.160568,-140.1362424,1104.809043,3.568997116e-05,0,0,11,5,0.0008694438221,0.0008694438196,2.725780985
6405,0,0.69140625,393.88331,256.2287461,8,6117,2746,0,0,0,0,0,0,1536.069745,-150.6198693,1456.235583,3.568997116e-05,0,0,6,3,0.0006510121061,0.0006510121047,1.936765998
6406,0.0390625,0.75,-81.85939225,-78.72463722,7,3317,5153,0,0,0,0,0,0,1033.630492,4.620971097,994.0762243,3.849535641e-05,0,0,8,2,0.0009674637195,0.0009674637178,1.434069041
6407,0.046875,0.7578125,-85.4209865,-112.2172608,7,5153,5113,0,0,0,0,0,0,107.9992165,-25.65937812,107.5520721,3.849535641e-05,0,0,45,23,0.009259326435,0.009259326428,9.512372631
6408,0.0546875,0.75,-100.0007053,-106.6857148,7,5153,2767,0,0,0,0,0,0,53.6130994,-5.423251006,53.50267761,3.849535641e-05,0,0,90,49,0.01865215798,0.01865215796,14.16843305
6409,0.0390625,0.7265625,-107.5795571,-132.6786024,7,3241,5157,0,0,0,0,0,0,6.643001907,-24.83118669,6.641303561,3.849535641e-05,0,0,237,116,0.1505343539,0.1505343538,2.966948689
6410,0.0390625,0.7421875,-90.43278054,-89.73261447,7,5157,3317,0,0,0,0,0,0,206.4528856,1.780262974,204.8250432,3.849535641e-05,0,0,61,26,0.00484372014,0.004843720129,5.892433668
6411,0.0546875,0.7421875,-108.5740936,-115.4179478,7,5157,2767,0,0,0,0,0,0,13.37815939,-5.988214834,13.37127323,3.849535641e-05,0,0,373,184,0.07474869828,0.0747486982,61.32024415
6412,0.0546875,0.7265625,-125.7208702,-148.594826,7,5157,3320,0,0,0,0,0,0,4.918531185,-22.83055475,4.917600083,3.849535641e-05,0,0,507,248,0.2033127294,0.2033127293,5.080498653
6413,0.046875,0.7421875,-99.50343708,-104.8004693,7,5153,5157,0,0,0,0,0,0,56.08447104,-4.32916407,55.96364599,3.849535641e-05,0,0,56,28,0.01783024751,0.0178302475,8.109334876
6414,0.04296875,0.76171875,-78.13112708,-84.86569581,8,5113,6306,0,0,0,0,0,0,426.3488849,-61.56049749,419.958635,3.568997116e-05,0,0,8,3,0.002345496929,0.002345496926,1.985833151
6415,0.04296875,0.75390625,-83.64018938,-142.9058145,8,6306,5153,0,0,0,0,0,0,1596.755444,-113.8544628,1510.665408,3.568997116e-05,0,0,5,2,0.00062626998,0.0006262699794,1.047073821
6416,0.03515625,0.75390625,-74.56953283,-60.21930875,8,6306,3317,0,0,0,0,0,0,706.661478,-40.12638481,689.2774003,3.568997116e-05,0,0,9,4,0.00141510473,0.001415104728,2.268164385
6417,0.03515625,0.76171875,-41.36010409,-31.54264642,8,6306,5152,0,0,0,0,0,0,704.1762136,-43.60263091,686.9127037,3.568997116e-05,0,0,12,5,0.00142009909,0.001420099088,1.766748716
6418,0.0859375,0.5625,-236.9938811,-165.7469353,7,3725,4671,0,0,0,0,0,0,1088.767788,69.84990401,1044.970459,3.849535641e-05,0,0,13,6,0.0009184694949,0.000918469492,1.270392567
6419,0.078125,0.5546875,-253.8849464,-271.9187156,7,4671,3909,0,0,0,0,0,0,2471.085231,-19.55224555,2256.440625,3.849535641e-05,0,0,2,1,0.0004046804972,0.0004046804969,0.8093728397
6420,0.0703125,0.5625,-282.8571789,-322.0833927,7,4671,2744,0,0,0,0,0,0,5002.779459,-41.38763579,4194.90819,3.849535641e-05,0,0,2,1,0.0001998888834,0.0001998888833,0.07891874093
6421,0.078125,0.5703125,-254.8063679,-254.8063679,7,4671,4674,1,0,0,0,0,1,5245.764376,0,0,0,0,0,9,4,0.000190629988,0.0001906299878,0.1843273441
6422,0.07421875,0.57421875,-224.4400977,-224.4400977,8,4674,5399,1,1,1,0,0,1,5455.658164,38.81550081,4483.626852,4.009955145e-05,0,110.5656915,4,4,0.0001832959416,0.0001832959416,0.3346766413
6423,0.07421875,0.56640625,-269.6803384,-235.6523979,8,5399,4671,0,0,0,0,0,0,136574.1085,32.09757101,23249.32403,3.568997116e-05,0,0,5,2,7.322032055e-06,7.322031695e-06,0.003733995592
6424,0.06640625,0.56640625,-292.6119872,-268.4705411,8,5399,2744,0,0,0,0,0,0,2598.944451,21.82888663,2378.338669,3.568997116e-05,0,0,9,6,0.0003847715943,0.0003847715932,0.333310146
6425,0.06640625,0.57421875,-185.6320578,-185.6320578,8,5399,5186,1,1,1,0,0,1,709.1075904,92.54548969,691.6044435,3.568997116e-05,0,90.00273831,13,13,0.001410223235,0.001410223235,1.117908166
6426,0.0625,0.57421875,-286.6473525,-264.6822274,8,5186,6056,0,0,0,0,0,0,2923.565755,27.11411707,2647.337342,3.568997116e-05,0,0,6,3,0.0003420480617,0.0003420480614,0.3938689511
6427,0.06640625,0.5703125,-286.2314955,-236.3736625,8,6056,5399,0,0,0,0,0,0,1628.698108,54.5946075,1539.225706,3.568997116e-05,0,0,11,6,0.0006139873285,0.0006139873276,1.027374867
6428,0.0625,0.56640625,-299.408336,-221.5196314,8,6056,2744,0,0,0,0,0,0,877.4709723,82.39442662,850.8257361,3.568997116e-05,0,0,9,5,0.001139638839,0.001139638838,1.53213001
6429,0.05859375,0.5703125,-299.824193,-247.5585942,8,6056,5283,0,0,0,0,0,0,1032.980267,57.18353833,996.2514298,3.568997116e-05,0,0,3,1,0.0009680727037,0.0009680727027,0.8918233368
6430,0.033203125,0.595703125,-313.5267695,-324.3313649,9,3269,6094,0,0,0,0,0,0,533.0769858,-0.01376291006,0.2498828111,4,0,0,27,14,0.001875901655,0.001875901652,2.610168658
6431,0.033203125,0.599609375,-327.5754636,-333.2839821,9,6094,5192,0,0,0,0,0,0,145.702542,0.00326913515,0.2495717786,4,0,0,50,28,0.006863298239,0.006863298229,8.986757302
6432,0.037109375,0.599609375,-322.3489405,-333.3037393,9,6094,5181,0,0,0,0,0,0,121.7002386,0.007790557295,0.2494874959,4,0,0,84,46,0.008216910761,0.008216910751,9.00846566
6433,0.04296875,0.58203125,-307.8681129,-281.425822,8,3614,5285,0,0,0,0,0,0,6.284741451,25.95976602,6.283332086,3.568997116e-05,0,0,91,41,0.1591155353,0.1591155352,0.7162022186
6434,0.03515625,0.58203125,-338.5884384,-255.8974902,8,5285,3623,0,0,0,0,0,0,37.4829872,81.83000971,37.4329107,3.568997116e-05,0,0,90,42,0.02667877015,0.02667877013,0.2833454102
6435,0.03515625,0.58984375,-308.6998269,-336.9813909,8,5285,3269,0,0,0,0,0,0,6.944594733,-27.93965397,6.942873926,3.568997116e-05,0,0,77,41,0.1439968837,0.1439968837,0.8551270045
6436,0.04296875,0.58984375,-295.1071294,-323.1151526,8,5285,5187,0,0,0,0,0,0,7.338726481,-27.84727814,7.336804833,3.568997116e-05,0,0,62,32,0.1362634243,0.1362634242,0.6047623254
6437,0.04296875,0.59375,-288.7266376,-300.5709305,8,5187,6099,0,0,0,0,0,0,5.784786419,-11.36191277,5.783592345,3.568997116e-05,0,0,36,15,0.1728672293,0.1728672292,0.7404124142
6438,0.0390625,0.58984375,-301.9034782,-321.965338,8,6099,5285,0,0,0,0,0,0,7.4244678,-19.81053235,7.422500993,3.568997116e-05,0,0,56,26,0.1346897888,0.1346897888,0.5993681458
6439,0.03515625,0.59375,-302.3193352,-258.6513877,8,6099,3269,0,0,0,0,0,0,20.64639015,44.33149241,20.63118767,3.568997116e-05,0,0,48,22,0.04843461702,0.04843461702,0.3587941813
6440,0.0390625,0.59765625,-311.1415062,-319.8481465,8,6099,5181,0,0,0,0,0,0,199.552058,-7.871338419,198.1408971,3.568997116e-05,0,0,61,35,0.005011223689,0.005011223685,3.775130771
6441,0.037109375,0.595703125,-306.7304207,-317.4013557,9,6094,6099,0,0,0,0,0,0,68.39081265,0.0293149787,0.249089463,4,0,0,61,32,0.01462184702,0.01462184701,11.3106553
6442,0.94140625,0.859375,385.6979642,365.474281,8,3690,4100,0,0,0,0,0,0,1218.28174,-29.93458287,1167.517562,3.568997116e-05,0,0,70,39,0.0008208281939,0.0008208281876,10.42832574
6443,0.9453125,0.86328125,426.3199651,455.7803537,8,4100,4042,0,0,0,0,0,0,1555.40611,19.8865391,1473.602879,3.568997116e-05,0,0,70,39,0.0006429189094,0.0006429188987,5.497628024
6444,0.94921875,0.859375,420.6076552,324.5949423,8,4100,3551,0,0,0,0,0,0,2389.028324,-110.6158312,2201.333085,3.568997116e-05,0,0,88,41,0.0004185802194,0.0004185802118,2.156134022
6445,0.94921875,0.85546875,441.8015843,451.8086805,8,3551,4041,0,0,0,0,0,0,4.910874867e+12,1.178103901e-06,28019.07544,3.568997116e-05,0,0,1,0,2.036297049e-13,0,0.2036297049
6446,0.94921875,0.84765625,420.4514579,420.4514579,8,4041,3691,0,0,0,0,0,0,1e+300,0,1e+300,0,0,0,0,0,0,0,0
6447,0.94140625,0.84765625,449.2797514,449.2797514,8,4041,3159,0,0,0,0,0,0,1e+300,0,1e+300,0,0,0,0,0,0,0,0
6448,0.94140625,0.85546875,406.8918933,406.8918933,8,4041,3690,0,0,0,0,0,0,1e+300,-8.095055364e-07,26302.33518,0,0,0,0,0,0,0,0
6449,0.9453125,0.85546875,424.3467388,431.9077256,8,4100,4041,0,0,0,0,0,0,5.570796905e+12,1.190270268e-06,28019.07546,3.568997116e-05,0,0,1,0,1.795075313e-13,0,0.1795075313
6450,0.951171875,0.861328125,440.9186557,388.5836547,9,3551,6284,0,0,0,0,0,0,564.9820063,-0.02705485807,0.2498894259,4,0,0,137,67,0.001769967873,0.001769967845,9.488451831
6451,0.947265625,0.861328125,423.4638102,368.7240731,9,6284,4100,0,0,0,0,0,0,1285.181856,0.01431833597,0.2499513782,4,0,0,87,41,0.0007780999983,0.0007780999847,5.205296399
6452,0.947265625,0.865234375,446.6309655,446.6309655,9,6284,4042,0,0,0,0,0,0,1e+300,0,1e+300,0,0,0,0,0,0,0,0
6453,0.95703125,0.86328125,420.4916294,443.537318,8,3551,4043,0,0,0,0,0,0,239.3613311,10.24004274,237.3338358,3.568997116e-05,0,0,161,79,0.004177784254,0.004177784214,11.87681608
6454,0.95703125,0.87109375,427.0649317,427.0649317,8,4043,3773,0,0,0,0,0,0,1e+300,0,1e+300,0,0,0,0,0,0,0,0
6455,0.96484375,0.87109375,385.3498867,385.3498867,8,4043,3158,0,0,0,0,0,0,1e+300,0,1e+300,0,0,0,0,0,0,0,0
6456,0.9765625,0.8515625,419.3654079,467.0034603,7,3136,3552,0,0,0,0,0,0,24146.48288,48.72786569,12514.19496,3.849535641e-05,0,0,7,3,4.141389886e-05,4.141389795e-05,0.5952912143
6457,0.9765625,0.8671875,396.2271682,491.2962096,7,3552,3158,0,0,0,0,0,0,8085.636693,95.53769242,6166.313305,3.849535641e-05,0,0,156,79,0.0001236760985,0.0001236760973,0.4789187287
6458,0.9921875,0.8671875,429.9852342,416.6665529,7,3552,2727,0,0,0,0,0,0,1125.441056,-12.38408877,1078.706884,3.849535641e-05,0,0,82,43,0.0008885405369,0.0008885405234,5.956139893
6459,0.9921875,0.8515625,430.0243434,459.8412122,7,3552,3141,0,0,0,0,0,0,1552.366767,31.8238083,1464.830113,3.849535641e-05,0,0,71,36,0.0006441776655,0.0006441776585,4.376212934
6460,0.96875,0.8671875,379.3481352,347.3488656,7,3158,3772,0,0,0,0,0,0,995.2788039,-31.76358935,958.5531694,3.849535641e-05,0,0,140,70,0.001004743592,0.001004743582,4.35683541
6461,0.9765625,0.859375,407.796288,449.6737248,7,3772,3552,0,0,0,0,0,0,405.7419668,42.65666887,399.5020714,3.849535641e-05,0,0,142,71,0.002464620576,0.002464620557,9.36526577
6462,0.96875,0.8515625,402.4863749,448.3466188,7,3772,3136,0,0,0,0,0,0,11713.44863,46.71708642,8073.155014,3.849535641e-05,0,0,6,3,8.537195423e-05,8.53719531e-05,1.383504483
6463,0.9609375,0.859375,414.4898779,415.6187494,7,3772,3551,0,0,0,0,0,0,367.0413789,-7.122611568,361.9275637,3.849535641e-05,0,0,165,81,0.002724488457,0.002724488435,6.862890189
6464,0.96484375,0.86328125,396.9190065,386.3076294,8,4043,3772,0,0,0,0,0,0,206.5446755,-14.61927857,205.0332578,3.568997116e-05,0,0,161,79,0.004841567557,0.004841567513,13.11060726
6465,0.953125,0.87109375,447.9224543,447.9224543,8,3773,4682,0,0,0,0,0,0,1e+300,0,1e+300,0,0,0,0,0,0,0,0
6466,0.95703125,0.8671875,423.7782806,423.7782806,8,4682,4043,0,0,0,0,0,0,1e+300,0,1e+300,0,0,0,0,0,0,0,0
6467,0.953125,0.86328125,441.3491519,575.2385411,8,4682,3551,0,0,0,0,0,0,19295.46525,124.1759676,11426.53167,3.568997116e-05,0,0,50,26,5.182564851e-05,5.182564783e-05,0.2698430339
6468,0.94921875,0.8671875,447.0614618,447.0614618,8,4682,4042,0,0,0,0,0,0,1e+300,-47.31269937,968.1822309,0,0,0,0,0,0,0,0
6469,0.951171875,0.865234375,444.2053068,384.5371159,9,6284,4682,0,0,0,0,0,0,1361.579213,-0.02443880287,0.2499541058,4,0,0,50,26,0.0007344412945,0.0007344412849,3.824049922
6470,0.775390625,0.724609375,266.9175123,267.4525107,9,4914,5755,0,0,0,0,0,0,11144.09208,-0.0007962394732,0.2499943918,4,0,0,19,8,8.973364479e-05,8.97336441e-05,0.177328467
6471,0.779296875,0.724609375,269.2251852,269.681021,9,5755,4911,0,0,0,0,0,0,3834.632117,-0.0062209399,0.2499837022,4,0,0,34,11,0.0002607812091,0.0002607812065,0.7035819193
6472,0.779296875,0.720703125,266.8796728,267.3501656,9,5755,2979,0,0,0,0,0,0,622.7258237,0.01594677779,0.2498996751,4,0,0,62,27,0.001605843153,0.001605843137,4.328291918
6473,0.76953125,0.71875,263.6203224,292.8395831,8,4918,5460,0,0,0,0,0,0,9998.353185,28.88061509,7368.84694,3.568997116e-05,0,0,21,7,0.0001000164709,0.0001000164681,1.181292927
6474,0.7734375,0.72265625,265.818449,292.9827366,8,5460,4914,0,0,0,0,0,0,2703.157052,26.69420932,2465.314376,3.568997116e-05,0,0,39,15,0.00036993781,0.000369937803,1.416673243
6475,0.77734375,0.71875,265.7806096,322.7773386,8,5460,2979,0,0,0,0,0,0,2173.829647,56.60789941,2017.318199,3.568997116e-05,0,0,28,16,0.0004600176473,0.0004600176457,1.093723986
6476,0.78125,0.6953125,242.6559391,345.8936885,7,2983,3454,0,0,0,0,0,0,328.0949493,103.0728063,324.0027517,3.849535641e-05,0,0,8,3,0.003047898184,0.003047898182,0.1245685285
6477,0.7734375,0.703125,254.3962286,293.6942693,7,3454,3452,0,0,0,0,0,0,42.77482933,39.22997718,42.70451071,3.849535641e-05,0,0,7,3,0.02337823471,0.02337823471,0.9532351572
6478,0.78125,0.7109375,258.7924818,275.0658544,7,3454,2979,0,0,0,0,0,0,50626.16012,15.94244378,17167.97433,3.849535641e-05,0,0,2,2,1.975263377e-05,1.975263377e-05,0.3101327268
6479,0.7890625,0.703125,258.7168028,258.232094,7,3454,3451,0,0,0,0,0,0,53840.97492,-0.6531404749,17522.77964,3.849535641e-05,0,0,6,2,1.857321494e-05,1.857321344e-05,0.1326254043
6480,0.77734375,0.71484375,264.6626265,268.1227304,8,2979,5461,0,0,0,0,0,0,50616039.91,3.177614871,28003.57391,3.568997116e-05,0,0,1,1,1.975658313e-08,1.975658313e-08,0.000320825895
6481,0.77734375,0.70703125,256.5943552,305.94597,8,5461,3454,0,0,0,0,0,0,137063.6375,49.15211865,23263.46804,3.568997116e-05,0,0,3,1,7.295881082e-06,7.295880726e-06,0.118477354
6482,0.76953125,0.70703125,260.2663733,260.2859946,8,5461,3452,0,0,0,0,0,0,1.335126696e+12,-2.440646028e-06,28019.07501,3.568997116e-05,0,0,2,0,7.489925883e-13,0,0.7489925883
6483,0.76953125,0.71484375,262.5023394,262.5023394,8,5461,4918,0,0,0,0,0,0,1e+300,0,1e+300,0,0,0,0,0,0,0,0
6484,0.7734375,0.71484375,263.582483,263.582483,8,5460,5461,0,0,0,0,0,0,1e+300,0,1e+300,0,0,0,0,0,0,0,0
6485,0.775390625,0.720703125,265.7995293,266.235063,9,5755,5460,0,0,0,0,0,0,1206.498581,0.006079708278,0.2499482079,4,0,0,46,24,0.0008288447381,0.0008288447323,1.688883308
6486,0.779296875,0.7265625,270.3979413,270.3979413,9,4911,6219,0,0,0,0,0,0,1e+300,0,1e+300,0,0,0,0,0,0,0,0
6487,0.77734375,0.724609375,268.0713487,268.5702745,9,6219,5755,0,0,0,0,0,0,6.051645391e+12,1.017497198e-11,0.25,4,0,0,1,0,1.652443155e-13,0,0.1652443155
6488,0.775390625,0.7265625,268.0902685,268.6298185,9,6219,4914,0,0,0,0,0,0,1.712511292e+12,-1.892885848e-11,0.25,4,0,0,1,0,5.839377554e-13,0,0.5839377554
6489,0.77734375,0.728515625,289.4118904,289.4118904,9,6219,5754,0,0,0,0,0,0,1e+300,0,1e+300,0,0,0,0,0,0,0,0
6490,0.046875,0.59765625,-275.5497971,-282.8984554,8,5187,6100,0,0,0,0,0,0,208.8462006,-6.635225682,207.3010377,3.568997116e-05,0,0,53,31,0.004788212557,0.004788212553,6.355096743
6491,0.04296875,0.6015625,-297.9646656,-281.0582472,8,6100,5181,0,0,0,0,0,0,73.77066701,17.97277284,73.57694825,3.568997116e-05,0,0,110,54,0.01355552336,0.01355552334,14.3182984
6492,0.046875,0.60546875,-262.7888136,-270.9762568,8,6100,3621,0,0,0,0,0,0,46.80690722,-6.830740634,46.72884495,3.568997116e-05,0,0,136,65,0.0213643682,0.02136436817,24.4925822
6493,0.05078125,0.6015625,-262.3729565,-261.4552522,8,6100,5188,0,0,0,0,0,0,80.43886996,1.862189535,80.20860221,3.568997116e-05,0,0,93,45,0.0124318007,0.01243180068,15.93801817
6494,0.041015625,0.599609375,-315.5525917,-314.9682741,9,5181,6101,0,0,0,0,0,0,146.3941549,0.02476193969,0.2495737982,4,0,0,45,23,0.00683087382,0.006830873809,8.318589659
6495,0.044921875,0.599609375,-286.7572314,-286.179118,9,6101,6100,0,0,0,0,0,0,148.8461364,-0.01272904117,0.2495808074,4,0,0,52,27,0.006718347042,0.006718347035,6.962531258
6496,0.044921875,0.595703125,-293.1377231,-292.2003267,9,6101,5187,0,0,0,0,0,0,220.0649819,0.02491897275,0.2497163153,4,0,0,35,18,0.004544112341,0.004544112337,4.208740259
6497,0.041015625,0.595703125,-299.9340719,-299.1168329,9,6101,6099,0,0,0,0,0,0,419.7453798,-0.004655940977,0.2498511888,4,0,0,28,14,0.002382396682,0.002382396676,3.311543941
6498,0.009765625,0.578125,-481.5100181,-399.5090783,9,5221,5855,0,0,0,0,0,0,7992.782363,-0.00127169936,0.2499921807,4,0,0,37,19,0.0001251128774,0.0001251128742,2.174004808
6499,0.01171875,0.580078125,-541.6301864,-459.7494734,9,5855,5370,0,0,0,0,0,0,2981.779085,0.01915758376,0.2499790411,4,0,0,38,21,0.000335370251,0.0003353702431,5.170479231
6500,0.013671875,0.578125,-631.7892595,-550.8158824,9,5855,3615,0,0,0,0,0,0,7705.984044,0.008106014104,0.2499918897,4,0,0,17,9,0.0001297692799,0.0001297692754,4.021834165
6501,0.01171875,0.576171875,-635.6329798,-552.4035686,9,5855,5217,0,0,0,0,0,0,7091.363172,0.01063178607,0.2499911868,4,0,0,16,7,0.0001410166107,0.0001410166071,1.60223664
6502,0.078125,0.56640625,-256.3130399,-270.1304035,8,4671,6421,0,0,0,0,0,0,2614.692385,-13.65516403,2391.51983,3.568997116e-05,0,0,3,1,0.0003824541678,0.0003824541667,0.5134500556
6503,0.07421875,0.5703125,-265.9023427,-193.9973972,8,6421,5399,0,0,0,0,0,0,1659.243483,72.0815131,1566.479168,3.568997116e-05,0,0,7,2,0.0006026843017,0.0006026843006,0.6145985683
6504,0.078125,0.57421875,-252.9750613,-243.5175164,8,6421,4674,0,0,0,0,0,0,1335.909425,9.615605992,1275.113822,3.568997116e-05,0,0,2,2,0.000748553743,0.000748553743,1.129164519
6505,0.08203125,0.57421875,-241.7167692,-290.5385391,8,4674,5398,0,0,0,0,0,0,310.8366932,-48.68014613,307.4261831,3.568997116e-05,0,0,13,6,0.003217123403,0.0032171234,2.836613177
6506,0.08984375,0.57421875,-219.200185,-231.8660233,8,5398,4676,0,0,0,0,0,0,128.5021816,-12.55708923,127.9155304,3.568997116e-05,0,0,24,11,0.007781969048,0.007781969041,3.117011015
6507,0.08984375,0.56640625,-222.5381636,-214.0025799,8,5398,3725,0,0,0,0,0,0,137.9828824,8.648471355,137.3067012,3.568997116e-05,0,0,24,12,0.007247275766,0.007247275759,4.327140759
6508,0.08203125,0.56640625,-245.0547478,-179.5062835,8,5398,4671,0,0,0,0,0,0,535.3122275,65.69422664,525.2766707,3.568997116e-05,0,0,11,5,0.001868068669,0.001868068666,2.678183
6509,0.08203125,0.5703125,-243.3857585,-228.773268,8,6421,5398,0,0,0,0,0,0,1060.887225,14.75618354,1022.184228,3.568997116e-05,0,0,2,2,0.0009426072598,0.0009426072598,1.447037069
6510,0.076171875,0.576171875,-257.7697127,-237.9483963,9,4674,6422,0,0,0,0,0,0,1390.287104,7.959438588e-05,0.2499550533,4,0,0,2,2,0.0007192758943,0.0007192758943,1.38546044
6511,0.076171875,0.572265625,-259.438702,-239.6069915,9,6422,6421,0,0,0,0,0,0,1315.378466,0.01254306065,0.2499524942,4,0,0,4,1,0.0007602374723,0.0007602374712,0.6436156879
6512,0.072265625,0.572265625,-270.6969941,-250.8868196,9,6422,5399,0,0,0,0,0,0,4418.386857,0.007444311556,0.2499858554,4,0,0,8,2,0.0002263269452,0.0002263269438,0.1933587911
6513,0.07421875,0.58203125,-252.1565158,-125.062011,8,4674,5400,0,0,0,0,0,0,165.6928045,127.2281272,164.7187286,3.568997116e-05,0,0,16,12,0.006035265097,0.006035265097,0.07672627844
6514,0.06640625,0.58203125,-265.9342409,-266.959384,8,5400,5186,0,0,0,0,0,0,3.865127147,-0.8953833376,3.86459404,3.568997116e-05,0,0,53,28,0.2587237009,0.2587237009,0.9917102068
6515,0.06640625,0.58984375,-253.8574032,-246.5107796,8,5400,3620,0,0,0,0,0,0,2.926603828,7.435507523,2.926298175,3.568997116e-05,0,0,57,33,0.3416929857,0.3416929857,1.333774541
6516,0.0703125,0.59375,-240.9301218,-298.4219177,7,3620,5185,0,0,0,0,0,0,22.37728467,-57.42141855,22.35802498,3.849535641e-05,0,0,92,49,0.04468817441,0.0446881744,0.2381628735
6517,0.078125,0.6015625,-215.075559,-199.0175394,7,5185,4675,0,0,0,0,0,0,7.015314498,16.0913837,7.013420474,3.849535641e-05,0,0,71,36,0.1425452844,0.1425452844,0.4785398733
6518,0.0859375,0.59375,-213.3746716,-233.0632526,7,5185,3266,0,0,0,0,0,0,7.039731578,-19.61047837,7.037824349,3.849535641e-05,0,0,57,28,0.1420508707,0.1420508707,0.4749764332
6519,0.078125,0.5859375,-239.2292344,-244.3362702,7,5185,4674,0,0,0,0,0,0,12.8659612,-4.991920021,12.8595921,3.849535641e-05,0,0,48,25,0.07772446883,0.07772446882,0.3923150755
6520,0.07421875,0.58984375,-240.0796781,-248.6120186,8,5400,5185,0,0,0,0,0,0,2.416943094,-8.439593899,2.416734625,3.568997116e-05,0,0,50,30,0.4137457777,0.4137457777,1.963326777
6521,0.06640625,0.578125,-271.9726597,-248.9801473,8,5186,6055,0,0,0,0,0,0,146.4495441,23.14271015,145.6880646,3.568997116e-05,0,0,45,22,0.006828290292,0.006828290288,6.90285668
6522,0.0703125,0.58203125,-259.0453783,-244.5429021,8,6055,5400,0,0,0,0,0,0,123.9099733,14.63416731,123.3644135,3.568997116e-05,0,0,42,23,0.008070375395,0.008070375389,5.546589813
6523,0.07421875,0.578125,-258.1949346,-279.6850059,8,6055,4674,0,0,0,0,0,0,688.087802,-21.33601093,671.5948864,3.568997116e-05,0,0,8,7,0.001453302903,0.001453302903,0.6861785991
6524,0.0703125,0.57421875,-271.122216,-178.8239749,8,6055,5399,0,0,0,0,0,0,616.8262199,92.47080806,603.5395915,3.568997116e-05,0,0,14,7,0.00162120216,0.001621202159,2.346413215
6525,0.072265625,0.576171875,-264.6585753,-244.8374954,9,6422,6055,0,0,0,0,0,0,1664.401587,-0.002088270748,0.2499624546,4,0,0,6,3,0.0006008165383,0.0006008165376,1.166130124
6526,0.765625,0.4375,117.3951456,135.342517,6,2886,3298,0,0,0,0,0,0,18.8915789,18.30359504,18.85736373,9.604384497e-05,0,0,214,116,0.05293363806,0.05293363803,7.356196042
6527,0.78125,0.453125,110.3661836,122.2217325,6,3298,3042,0,0,0,0,0,0,7.791212977,13.18671331,7.785387187,9.604384497e-05,0,0,208,110,0.1283497195,0.1283497194,21.8908508
6528,0.796875,0.4375,88.7609384,150.6337265,6,3298,2883,0,0,0,0,0,0,7573.345539,63.8733407,4384.313378,9.604384497e-05,0,0,4,2,0.0001320420407,0.0001320420404,0.4278419434
6529,0.796875,0.421875,71.35683967,71.35683967,6,2883,3041,0,0,0,0,0,0,1e+300,-35.08635769,893.1961928,0,0,0,0,0,0,0,0
6530,0.796875,0.390625,56.07112473,101.2511726,6,3041,2887,0,0,0,0,0,0,572.0889704,39.03488476,542.2923771,9.604384497e-05,0,0,2,2,0.001747979863,0.001747979863,0.7090173697
6531,0.765625,0.390625,65.18284944,47.95147103,6,3041,2716,0,0,0,0,0,0,471.7984888,-16.30915806,451.3464722,9.604384497e-05,0,0,9,6,0.002119548968,0.002119548967,1.289780928
6532,0.765625,0.421875,99.99104688,120.8176582,6,3041,2886,0,0,0,0,0,0,526.4504133,21.37150048,501.1129776,9.604384497e-05,0,0,13,10,0.001899514132,0.001899514131,2.818607113
6533,0.78125,0.421875,85.67394328,136.5818428,6,3298,3041,0,0,0,0,0,0,549.8685785,52.27495325,522.2858816,9.604384497e-05,0,0,6,6,0.001818616373,0.001818616373,1.765331681
6534,0.8046875,0.4453125,85.2464574,152.288111,7,2883,4402,0,0,0,0,0,0,3838.657137,26.93849643,3344.446666,3.849535641e-05,0,0,4,2,0.0002605077673,0.0002605077664,0.8613289901
6535,0.7890625,0.4453125,99.563561,187.0658229,7,4402,3298,0,0,0,0,0,0,2463.51482,46.57694022,2250.126584,3.849535641e-05,0,0,4,2,0.0004059240853,0.0004059240852,1.352750449
6536,0.7890625,0.4609375,106.8517026,106.8517026,7,4402,3042,0,0,0,0,0,0,1e+300,0,1e+300,0,0,0,0,0,0,0,0
6537,0.8046875,0.4609375,95.25527693,95.25527693,7,4402,3858,0,0,0,0,0,0,1e+300,0,1e+300,0,0,0,0,0,0,0,0
6538,0.48828125,0.44921875,118.9711102,108.0641016,8,3793,4567,0,0,0,0,0,0,255.1157991,-10.92310849,252.8139094,3.568997116e-05,0,0,66,34,0.003919788596,0.003919788587,6.028964918
6539,0.49609375,0.44921875,128.203867,138.7981038,8,4567,3794,0,0,0,0,0,0,10.44306715,11.56452482,10.43917634,3.568997116e-05,0,0,250,128,0.09575730821,0.09575730814,30.07091951
6540,0.49609375,0.44140625,108.4581841,115.1602369,8,4567,2834,0,0,0,0,0,0,12.81581916,6.661972102,12.80995993,3.568997116e-05,0,0,372,198,0.07802856668,0.07802856661,26.72457982
6541,0.4765625,0.4140625,117.1996726,86.01774321,7,3099,4569,0,0,0,0,0,0,10.00669934,-31.19190727,10.00284613,3.849535641e-05,0,0,200,98,0.0999330514,0.09993305134,1.631435286
6542,0.4765625,0.4296875,113.2248375,193.3877115,7,4569,3101,0,0,0,0,0,0,1526.557655,80.14209492,1441.828079,3.849535641e-05,0,0,14,7,0.0006550686091,0.0006550686079,1.930773468
6543,0.4921875,0.4296875,107.8677049,124.8157485,7,4569,2834,0,0,0,0,0,0,5.430652993,16.91000353,5.429517925,3.849535641e-05,0,0,133,70,0.1841399186,0.1841399186,0.8010472601
6544,0.5,0.390625,115.1262265,92.71137392,6,2698,3100,0,0,0,0,0,0,131.1509956,-22.43452005,129.5195357,9.604384497e-05,0,0,35,13,0.007624799152,0.007624799139,5.970499583
6545,0.484375,0.40625,116.5085239,189.225705,6,3100,3099,0,0,0,0,0,0,26.61686059,72.70397332,26.54899113,9.604384497e-05,0,0,209,100,0.03757017086,0.03757017083,0.3083110754
6546,0.5,0.421875,107.1765562,83.72268752,6,3100,2834,0,0,0,0,0,0,2.689471616,-23.49513862,2.688777085,9.604384497e-05,0,0,426,220,0.3718202468,0.3718202468,2.137805505
6547,0.515625,0.40625,118.9227352,92.01779515,6,3100,3018,0,0,0,0,0,0,3.07713766,-26.91612283,3.076228511,9.604384497e-05,0,0,329,167,0.3249773362,0.3249773362,3.076229958
6548,0.4921875,0.4140625,111.8425401,118.8449976,7,4569,3100,0,0,0,0,0,0,1.390659399,6.975218692,1.390584956,3.849535641e-05,0,0,297,150,0.7190833361,0.719083336,2.677796157
6549,0.4921875,0.4375,105.8802874,155.913755,7,2834,4572,0,0,0,0,0,0,57.25103108,49.99002698,57.12513307,3.849535641e-05,0,0,146,83,0.01746693433,0.01746693432,1.77553942
6550,0.484375,0.4296875,110.5462712,90.1830003,7,4572,4569,0,0,0,0,0,0,81.30839931,-20.39268047,81.05469844,3.849535641e-05,0,0,24,13,0.01229885238,0.01229885237,1.119875796
6551,0.4765625,0.4375,111.2374199,83.69726485,7,4572,3101,0,0,0,0,0,0,1939.682785,-27.56633476,1804.912193,3.849535641e-05,0,0,19,8,0.0005155482164,0.0005155482137,1.363886651
6552,0.484375,0.4453125,116.3932134,136.6282003,7,4572,3793,0,0,0,0,0,0,581.2904373,20.21552708,568.5676098,3.849535641e-05,0,0,84,41,0.001720310426,0.001720310418,3.475848921
6553,0.48828125,0.44140625,111.1367504,127.1864332,8,4567,4572,0,0,0,0,0,0,62.87109897,16.01823251,62.73034038,3.568997116e-05,0,0,189,105,0.01590555941,0.01590555939,18.20700528
6554,0.49609375,0.453125,138.0767085,138.7048323,8,3794,4578,0,0,0,0,0,0,1156.087172,-21.12683487,1110.276372,3.568997116e-05,0,0,5,3,0.0008649866762,0.0008649866746,1.410355091
6555,0.4921875,0.44921875,123.5874886,182.3566164,8,4578,4567,0,0,0,0,0,0,7180.699068,36.01579071,5715.847671,3.568997116e-05,0,0,1,1,0.000139262207,0.000139262207,0.1799239374
6556,0.48828125,0.453125,128.8439516,128.8439516,8,4578,3793,0,0,0,0,0,0,1e+300,0,1e+300,0,0,0,0,0,0,0,0
6557,0.4921875,0.46875,128.7518083,164.3189676,7,3102,3795,0,0,0,0,0,0,2268.494357,35.49200951,2086.304674,3.849535641e-05,0,0,10,5,0.0004408210216,0.0004408210197,1.49736126
6558,0.484375,0.4609375,129.2399603,129.2399603,7,3795,3793,0,0,0,0,0,0,1e+300,134.2358484,3261.919408,0,0,0,0,0,0,0,0
6559,0.4765625,0.46875,139.7528863,139.7528863,7,3795,3098,0,0,0,0,0,0,1e+300,0,1e+300,0,0,0,0,0,0,0,0
6560,0.453125,0.5,101.2328674,85.15950514,6,2815,3106,0,0,0,0,0,0,428.6269409,-16.4083901,411.6793457,9.604384497e-05,0,0,10,4,0.002333031139,0.002333031137,0.2372334005
6561,0.46875,0.515625,130.9934295,147.4642746,6,3106,3091,0,0,0,0,0,0,48.80344884,16.33968036,48.57576109,9.604384497e-05,0,0,28,17,0.02049035517,0.02049035516,2.725187764
6562,0.484375,0.5,144.3286887,151.8165085,6,3106,2651,0,0,0,0,0,0,33.20539531,7.423298308,33.09983419,9.604384497e-05,0,0,29,19,0.03011558786,0.03011558786,3.799656802
6563,0.46875,0.484375,134.0171017,134.0950631,6,3106,3098,0,0,0,0,0,0,8.448316712e+11,1.548425246e-07,10411.91123,9.604384497e-05,0,0,2,0,1.183667746e-12,0,1.183667746
6564,0.4765625,0.4765625,150.4092188,150.4092188,7,3098,3792,0,0,0,0,0,0,1e+300,-18.07885639,2359.204455,0,0,0,0,0,0,0,0
6565,0.4765625,0.4921875,139.1728952,124.6439578,7,3792,3106,0,0,0,0,0,0,78.35436126,-14.60017875,78.11873336,3.849535641e-05,0,0,9,6,0.01276253145,0.01276253145,2.07032508
6566,0.4921875,0.4921875,160.7208058,139.6123392,7,3792,2651,0,0,0,0,0,0,30.29477933,-21.04445486,30.25949046,3.849535641e-05,0,0,94,43,0.03300898775,0.03300898774,4.598016443
6567,0.4921875,0.4765625,139.4081408,135.2977348,7,3792,3102,0,0,0,0,0,0,64.64491767,-4.139168562,64.48444625,3.849535641e-05,0,0,93,41,0.01546912017,0.01546912015,7.313797957
6568,0.484375,0.4765625,144.9086798,187.9215261,7,3795,3792,0,0,0,0,0,0,1634.908002,43.02375102,1538.105247,3.849535641e-05,0,0,8,4,0.0006116552116,0.00061165521,1.435479671
6569,0.48828125,0.45703125,123.9834972,123.9834972,8,3793,4566,0,0,0,0,0,0,1e+300,62.24857788,17261.84866,0,0,0,0,0,0,0,0
6570,0.48828125,0.46484375,128.9958843,262.8849808,8,4566,3795,0,0,0,0,0,0,4317.727874,133.8416237,3741.209109,3.568997116e-05,0,0,2,1,0.0002316032944,0.0002316032941,0.6062080141
6571,0.49609375,0.46484375,123.4953453,149.1440178,8,4566,3102,0,0,0,0,0,0,1212.826807,25.56153233,1162.506823,3.568997116e-05,0,0,12,5,0.0008245200336,0.0008245200295,2.184922449
6572,0.49609375,0.45703125,133.2162541,203.4252827,8,4566,3794,0,0,0,0,0,0,1392.743167,71.16363024,1326.792348,3.568997116e-05,0,0,14,6,0.0007180074716,0.0007180074679,1.790231602
6573,0.4921875,0.45703125,128.5998756,143.7015159,8,4578,4566,0,0,0,0,0,0,8554.170141,-7.667383318,6553.422728,3.568997116e-05,0,0,4,2,0.000116902047,0.0001169020461,0.5031958904
6574,0.859375,0.6875,280.2418877,275.9283128,6,2918,3185,0,0,0,0,0,0,2305.304939,-4.550291471,1887.412317,9.604384497e-05,0,0,17,9,0.0004337820923,0.0004337820902,3.214704066
6575,0.84375,0.671875,263.9118471,188.0814869,6,3185,2981,0,0,0,0,0,0,4829.388858,-76.00056396,3299.139049,9.604384497e-05,0,0,18,8,0.0002070655376,0.0002070655363,2.09428828
6576,0.828125,0.6875,271.1221188,263.7627858,6,3185,2893,0,0,0,0,0,0,135.3471391,-7.278062494,133.6103041,9.604384497e-05,0,0,47,17,0.007388408846,0.007388408834,0.8043775064
6577,0.84375,0.703125,290.9225506,285.106078,6,3185,2980,0,0,0,0,0,0,118.831767,-5.745397597,117.4908371,9.604384497e-05,0,0,45,15,0.008415258185,0.008415258173,0.8858564221
6578,0.8203125,0.6796875,262.9570985,242.9362423,7,2893,4325,0,0,0,0,0,0,3663.429798,-29.04166834,3210.648043,3.849535641e-05,0,0,12,8,0.0002729682442,0.0002729682421,2.581977802
6579,0.8359375,0.6796875,267.5169829,259.511769,7,4325,3185,0,0,0,0,0,0,2294.196149,-17.18501965,2108.024107,3.849535641e-05,0,0,15,7,0.0004358825204,0.0004358825167,2.920412271
6580,0.8359375,0.6640625,255.7468268,185.5603548,7,4325,2981,0,0,0,0,0,0,7035.651105,-79.45875842,5536.221456,3.849535641e-05,0,0,14,5,0.0001421332561,0.0001421332515,1.623599475
6581,0.8125,0.640625,240.5290249,229.6771728,6,2897,3198,0,0,0,0,0,0,18.11029599,-10.78420682,18.07884996,9.604384497e-05,0,0,1041,516,0.05521720906,0.05521720893,60.90136317
6582,0.796875,0.65625,250.8033432,249.4187349,6,3198,2982,0,0,0,0,0,0,44.32770179,-1.318993269,44.13978096,9.604384497e-05,0,0,550,271,0.02255925662,0.02255925656,22.09568532
6583,0.8125,0.671875,257.8844978,315.7714332,6,3198,2893,0,0,0,0,0,0,1043.357251,58.06965979,948.3272354,9.604384497e-05,0,0,29,19,0.0009584444822,0.0009584444773,6.189459354
6584,0.828125,0.65625,250.6742261,254.8870593,6,3198,2981,0,0,0,0,0,0,63.21556902,4.144083315,62.83407406,9.604384497e-05,0,0,523,264,0.0158188879,0.01581888786,18.22114886
6585,0.8203125,0.6640625,254.279362,268.8926023,7,4325,3198,0,0,0,0,0,0,6251.369367,5.534888566,5038.790923,3.849535641e-05,0,0,11,6,0.0001599649519,0.000159964951,1.593230409
6586,0.037109375,0.681640625,-163.9384029,-159.1163585,9,6074,6384,0,0,0,0,0,0,279.8196612,-0.03000256943,0.2497768412,4,0,0,12,8,0.003573730294,0.003573730294,2.943641051
6587,0.033203125,0.681640625,-154.8259428,-154.8259428,9,6384,6075,0,0,0,0,0,0,1e+300,0.01972064586,0.2499486299,0,0,0,0,0,0,0,0
6588,0.033203125,0.685546875,-145.1994082,-138.4043569,9,6384,3244,0,0,0,0,0,0,1119.853523,-0.0006126553611,0.2499442016,4,0,0,8,4,0.0008929739287,0.0008929739268,1.410712165
6589,0.04296875,0.69921875,-139.7195532,-164.280807,8,5154,6190,0,0,0,0,0,0,168.1422187,-26.28445931,167.1392177,3.568997116e-05,0,0,22,13,0.005947346288,0.005947346284,4.045724365
6590,0.04296875,0.69140625,-154.9620969,-109.8541428,8,6190,5550,0,0,0,0,0,0,1802.216895,43.98203879,1693.301906,3.568997116e-05,0,0,2,2,0.0005548721705,0.0005548721705,0.7968126601
6591,0.03515625,0.69140625,-137.1264583,-128.3742376,8,6190,3244,0,0,0,0,0,0,479.2291509,2.999503863,471.1704056,3.568997116e-05,0,0,13,8,0.002086684414,0.002086684414,2.147603173
6592,0.03515625,0.69921875,-129.8002592,-107.3391035,8,6190,5549,0,0,0,0,0,0,169.5780843,18.78309263,168.5579318,3.568997116e-05,0,0,27,15,0.005896988423,0.005896988416,4.196408116
6593,0.03515625,0.6875,-144.7477301,-200.2514515,8,3244,6197,0,0,0,0,0,0,474.3007344,-60.95779313,466.4055245,3.568997116e-05,0,0,14,8,0.002108366965,0.002108366964,2.326379732
6594,0.0390625,0.69140625,-146.0442776,-133.2116874,8,6197,6190,0,0,0,0,0,0,1637.646573,9.393274166,1547.215598,3.568997116e-05,0,0,6,4,0.0006106323652,0.0006106323642,0.7665035797
6595,0.04296875,0.6875,-162.5833687,-195.8791308,8,6197,5550,0,0,0,0,0,0,542.3778673,-34.12303226,532.0781901,3.568997116e-05,0,0,10,5,0.001843733051,0.001843733049,2.527657552
6596,0.0390625,0.68359375,-163.4867248,-196.9975726,8,6197,6074,0,0,0,0,0,0,351.8103883,-37.02130253,347.4477981,3.568997116e-05,0,0,17,9,0.002842440227,0.002842440225,3.538600426
6597,0.037109375,0.685546875,-154.1172275,-149.6845777,9,6384,6197,0,0,0,0,0,0,404.6636058,-0.04961347537,0.2498456461,4,0,0,15,8,0.002471188379,0.002471188376,2.40704062
6598,0.033203125,0.6796875,-159.6392101,-134.9178917,9,6075,6387,0,0,0,0,0,0,1.090337128e+12,-3.382183422e-12,0.25,4,0,0,1,0,9.171475268e-13,0,0.9171475268
6599,0.03515625,0.681640625,-159.3821729,-133.5198186,9,6387,6384,0,0,0,0,0,0,1955.829665,-0.008647685869,0.2499680483,4,0,0,5,4,0.0005112919688,0.0005112919688,0.757739898
6600,0.037109375,0.6796875,-168.7516702,-143.8622303,9,6387,6074,0,0,0,0,0,0,550.3011334,-0.009753453675,0.2498864774,4,0,0,6,5,0.001817186881,0.001817186881,1.80967521
6601,0.03515625,0.671875,-183.4485093,-184.3317259,8,5551,6076,0,0,0,0,0,0,27.24488868,-0.3425960707,27.21842232,3.568997116e-05,0,0,169,86,0.03670413235,0.03670413231,25.33857616
6602,0.0390625,0.67578125,-182.9344349,-199.1821475,8,6076,6074,0,0,0,0,0,0,80.39274745,-18.00645911,80.16274332,3.568997116e-05,0,0,98,49,0.01243893301,0.01243893299,10.12320564
6603,0.04296875,0.671875,-201.6734296,-195.1268426,8,6076,4732,0,0,0,0,0,0,45.83726655,6.731457489,45.76240243,3.568997116e-05,0,0,100,52,0.02181630964,0.02181630962,18.21289859
6604,0.04296875,0.66796875,-219.6055903,-204.7474961,8,4732,6073,0,0,0,0,0,0,61.19712582,14.8538492,61.06375503,3.568997116e-05,0,0,106,57,0.0163406367,0.01634063668,13.23947068
6605,0.04296875,0.66015625,-223.4672664,-220.4868231,8,6073,5167,0,0,0,0,0,0,29.6660212,2.957580125,29.63464465,3.568997116e-05,0,0,177,91,0.03370859857,0.03370859854,27.7402922
6606,0.03515625,0.66015625,-237.2449915,-217.5892035,8,6073,3240,0,0,0,0,0,0,23.55679524,19.62906215,23.53700671,3.568997116e-05,0,0,260,126,0.04245059609,0.04245059604,41.2778686
6607,0.03515625,0.66796875,-201.3806701,-198.0654736,8,6073,5551,0,0,0,0,0,0,29.66785767,3.666701534,29.63647724,3.568997116e-05,0,0,268,127,0.03370651198,0.03370651193,25.24737096
6608,0.0390625,0.66796875,-210.4931302,-199.7315439,8,6076,6073,0,0,0,0,0,0,29.24733752,10.93521636,29.21683991,3.568997116e-05,0,0,183,93,0.03419114644,0.03419114641,26.54759692
6609,0.037109375,0.677734375,-173.5649375,-170.8192862,9,6074,6383,0,0,0,0,0,0,103.1274523,0.01509632933,0.2493954194,4,0,0,51,27,0.009696739112,0.009696739103,10.26930701
6610,0.037109375,0.673828125,-183.1914721,-182.5267181,9,6383,6076,0,0,0,0,0,0,55.60783378,0.05569105165,0.248881088,4,0,0,88,48,0.01798307778,0.01798307776,15.59046611
6611,0.033203125,0.673828125,-174.079012,-173.6188463,9,6383,5551,0,0,0,0,0,0,79.3891863,0.02897768028,0.2492152105,4,0,0,46,27,0.01259617394,0.01259617394,11.05723963
6612,0.033203125,0.677734375,-164.4524774,-161.8928682,9,6383,6075,0,0,0,0,0,0,1827.487486,0.006929240897,0.2499658047,4,0,0,9,5,0.0005471993693,0.0005471993692,0.8154251208
6613,0.03515625,0.677734375,-169.0087075,-145.2603289,9,6387,6383,0,0,0,0,0,0,2012.694966,-0.001131340069,0.249968951,4,0,0,2,1,0.0004968462767,0.0004968462767,0.397974198
6614,0.63671875,0.73828125,194.5353111,194.5353111,8,3406,4273,0,0,0,0,0,0,1e+300,0,1e+300,0,0,0,0,0,0,0,0
6615,0.62890625,0.73828125,257.7532088,257.7532088,8,4273,3763,0,0,0,0,0,0,1e+300,0,1e+300,0,0,0,0,0,0,0,0
6616,0.62890625,0.74609375,192.5246852,192.5246852,8,4273,2709,0,0,0,0,0,0,1e+300,0,1e+300,0,0,0,0,0,0,0,0
6617,0.63671875,0.74609375,172.4398823,172.4398823,8,4273,3417,0,0,0,0,0,0,1e+300,0,1e+300,0,0,0,0,0,0,0,0
6618,0.62890625,0.734375,290.3674706,290.3674706,8,3763,4408,0,0,0,0,0,0,1e+300,0,1e+300,0,0,0,0,0,0,0,0
6619,0.6328125,0.73828125,226.14426,226.14426,8,4408,4273,0,0,0,0,0,0,1e+300,0,1e+300,0,0,0,0,0,0,0,0
6620,0.63671875,0.734375,227.1495729,227.1495729,8,4408,3406,0,0,0,0,0,0,1e+300,0,1e+300,0,0,0,0,0,0,0,0
6621,0.6328125,0.71875,224.1644839,179.4167142,7,3231,3764,0,0,0,0,0,0,453.0356574,-44.50403259,445.2702471,3.849535641e-05,0,0,100,37,0.002207331771,0.002207331758,5.663280713
6622,0.640625,0.7265625,215.8829798,201.2567651,7,3764,3406,0,0,0,0,0,0,117.9609394,-16.76483715,117.4277063,3.849535641e-05,0,0,194,97,0.008477382471,0.008477382441,12.85533068
6623,0.6484375,0.71875,248.2861873,221.0712373,7,3764,2973,0,0,0,0,0,0,78.03525798,-26.22210127,77.80154253,3.849535641e-05,0,0,209,107,0.01281472024,0.01281472021,3.432361577
6624,0.6484375,0.7109375,243.7329704,224.4011549,7,2973,3405,0,0,0,0,0,0,109.6146672,-18.23204685,109.1540746,3.849535641e-05,0,0,42,23,0.009122866728,0.009122866721,0.5483488251
6625,0.6484375,0.6953125,218.7074481,201.6464532,7,3405,3232,0,0,0,0,0,0,55.05615974,-17.09082071,54.93972014,3.849535641e-05,0,0,33,15,0.01816327192,0.01816327191,0.9186756712
6626,0.6328125,0.6953125,210.5048333,201.7288125,7,3405,2870,0,0,0,0,0,0,35.5395057,-8.211524033,35.49095032,3.849535641e-05,0,0,33,14,0.02813770142,0.02813770141,0.8044884559
6627,0.6328125,0.7109375,219.611267,192.0689733,7,3405,3231,0,0,0,0,0,0,631.3508467,-27.1916367,616.3705305,3.849535641e-05,0,0,33,14,0.001583905376,0.001583905369,0.8724960972
6628,0.640625,0.7109375,231.6721187,305.0337765,7,3764,3405,0,0,0,0,0,0,530.4674246,74.0868706,519.8517745,3.849535641e-05,0,0,23,12,0.001885129894,0.00188512989,0.4882187055
6629,0.63671875,0.73046875,199.6813761,203.3857343,8,3406,4272,0,0,0,0,0,0,1.113186693e+12,1.308048638e-07,28019.07489,3.568997116e-05,0,0,1,0,8.983219132e-13,0,0.8983219132
6630,0.63671875,0.72265625,220.0237319,197.6801219,8,4272,3764,0,0,0,0,0,0,214.3322303,-23.29105263,212.7051399,3.568997116e-05,0,0,94,35,0.004665653872,0.004665653838,14.32953148
6631,0.62890625,0.72265625,207.9628801,205.0886071,8,4272,3231,0,0,0,0,0,0,201.9270306,-4.196271603,200.4822015,3.568997116e-05,0,0,125,50,0.004952283986,0.004952283953,12.70864893
6632,0.62890625,0.73046875,262.8992738,155.425095,8,4272,3763,0,0,0,0,0,0,392.4907084,-97.8666119,387.0686576,3.568997116e-05,0,0,32,15,0.002547831015,0.002547831007,4.365660225
6633,0.6328125,0.73046875,231.2903249,231.2903249,8,4408,4272,0,0,0,0,0,0,1e+300,0,1e+300,0,0,0,0,0,0,0,0
6634,0.8828125,0.71875,313.7440443,316.5638645,7,3182,4953,0,0,0,0,0,0,55031.01369,2.702765324,17646.97747,3.849535641e-05,0,0,9,4,1.81715715e-05,1.817156985e-05,0.3620295728
6635,0.890625,0.7265625,319.8254953,376.3934577,7,4953,3748,0,0,0,0,0,0,7380.584183,56.50636564,5747.589338,3.849535641e-05,0,0,22,13,0.0001354906299,0.0001354906288,0.8567540071
6636,0.8984375,0.71875,310.6663989,292.103925,7,4953,3124,0,0,0,0,0,0,94.09972944,-18.7174105,93.76009263,3.849535641e-05,0,0,511,253,0.01062702312,0.01062702307,14.36727699
6637,0.8984375,0.7109375,303.0461252,300.2738537,7,3124,3747,0,0,0,0,0,0,890.3113136,-3.001607075,860.8089368,3.849535641e-05,0,0,12,10,0.00112320262,0.001123202619,0.8819649082
6638,0.8984375,0.6953125,299.6012559,305.8202992,7,3747,3183,0,0,0,0,0,0,249.1103421,6.128707972,246.7441664,3.849535641e-05,0,0,17,10,0.004014285362,0.004014285359,1.162033388
6639,0.8828125,0.6953125,290.8832232,297.186696,7,3747,2918,0,0,0,0,0,0,433.7321114,5.963220865,426.6091581,3.849535641e-05,0,0,28,11,0.00230557059,0.002305570583,0.6860249831
6640,0.8828125,0.7109375,306.1237706,325.2024763,7,3747,3182,0,0,0,0,0,0,2016.864908,18.8872518,1871.557322,3.849535641e-05,0,0,23,10,0.0004958190288,0.000495819026,3.695026804
6641,0.890625,0.7109375,304.5849479,149.8588057,7,4953,3747,0,0,0,0,0,0,10289.7079,-154.9365369,7370.29144,3.849535641e-05,0,0,6,5,9.718448857e-05,9.718448771e-05,2.088332667
6642,0.90234375,0.72265625,313.7071244,315.5225993,8,3124,4956,0,0,0,0,0,0,31.91814847,1.688267417,31.88183004,3.568997116e-05,0,0,670,331,0.03133013812,0.03133013798,45.97713149
6643,0.89453125,0.72265625,315.2459471,299.4028583,8,4956,4953,0,0,0,0,0,0,57.99187164,-15.95135545,57.87209213,3.568997116e-05,0,0,524,259,0.01724379593,0.01724379584,23.5772171
6644,0.89453125,0.73046875,322.8662208,303.9552537,8,4956,3748,0,0,0,0,0,0,1282.374835,-18.94483473,1226.251838,3.568997116e-05,0,0,16,9,0.0007798032,0.0007798031936,2.949540239
6645,0.90234375,0.73046875,320.8598673,301.116274,8,4956,4637,0,0,0,0,0,0,141.9371661,-19.78724756,141.2217742,3.568997116e-05,0,0,162,81,0.007045371045,0.007045371013,13.31694317
6646,0.90234375,0.734375,324.4362387,324.4362387,8,4637,4960,0,0,0,0,0,0,1e+300,0,1e+300,0,0,0,0,0,0,0,0
6647,0.8984375,0.73046875,321.863044,321.863044,8,4960,4956,0,0,0,0,0,0,1e+300,0,1e+300,0,0,0,0,0,0,0,0
6648,0.89453125,0.734375,326.4425922,335.6201865,8,4960,3748,0,0,0,0,0,0,106079.9271,8.862761007,22164.6801,3.568997116e-05,0,0,2,1,9.426854138e-06,9.426854054e-06,0.08445012463
6649,0.8984375,0.75,339.7449012,327.8221433,7,3164,4638,0,0,0,0,0,0,135.3576507,-11.75263591,134.6560066,3.849535641e-05,0,0,2,2,0.007387835079,0.007387835079,0.4833158098
6650,0.890625,0.7421875,334.5985118,118.8959169,7,4638,3748,0,0,0,0,0,0,8201.277501,-215.6062394,6233.342181,3.849535641e-05,0,0,3,3,0.0001219322233,0.0001219322233,0.7723760631
6651,0.8828125,0.75,343.7576082,240.6949143,7,4638,2725,0,0,0,0,0,0,2927.350836,-102.8729986,2630.878662,3.849535641e-05,0,0,5,4,0.0003416057917,0.0003416057916,2.476101751
6652,0.8984375,0.7734375,360.191608,379.5645551,7,3138,3538,0,0,0,0,0,0,61.73439943,19.12341173,61.58803622,3.849535641e-05,0,0,18,13,0.01619842437,0.01619842437,1.014265034
6653,0.8984375,0.7578125,346.5604702,364.1991966,7,3538,3164,0,0,0,0,0,0,41.90826453,17.66896267,41.84076393,3.849535641e-05,0,0,9,7,0.02386164188,0.02386164188,1.485434014
6654,0.8828125,0.7578125,350.5731771,354.5653688,7,3538,2725,0,0,0,0,0,0,16982.57471,4.042001122,10269.12893,3.849535641e-05,0,0,5,2,5.888388641e-05,5.888388519e-05,0.4079485218
6655,0.8828125,0.7734375,347.4236705,302.9476009,7,3538,3178,0,0,0,0,0,0,1735.902433,-46.54774316,1627.168245,3.849535641e-05,0,0,14,9,0.0005760692428,0.0005760692407,1.067404388
6656,0.890625,0.7578125,348.5668237,336.7302892,7,4638,3538,0,0,0,0,0,0,206.9830097,-11.79651153,205.3468298,3.849535641e-05,0,0,4,3,0.004831314423,0.004831314423,0.3192065958
6657,0.89453125,0.73828125,330.0189637,334.9688162,8,3748,4959,0,0,0,0,0,0,386104.9627,4.999538108,26123.34262,3.568997116e-05,0,0,2,1,2.5899693e-06,2.589969277e-06,0.02320214432
6658,0.89453125,0.74609375,337.1717065,337.1717065,8,4959,4638,0,0,0,0,0,0,1e+300,0,1e+300,0,0,0,0,0,0,0,0
6659,0.90234375,0.74609375,335.165353,494.9487799,8,4959,3164,0,0,0,0,0,0,99307.30724,159.906879,21853.27885,3.568997116e-05,0,0,1,1,1.006975245e-05,1.006975245e-05,0.2994747143
6660,0.90234375,0.73828125,328.0126102,134.0278496,8,4959,4637,0,0,0,0,0,0,30718.70568,-193.9448617,14653.42609,3.568997116e-05,0,0,1,1,3.25534549e-05,3.25534549e-05,0.9681406428
6661,0.8984375,0.73828125,329.0157869,340.264218,8,4960,4959,0,0,0,0,0,0,9845.108398,10.97048116,7285.270864,3.568997116e-05,0,0,2,1,0.0001015732849,0.000101573284,0.9099405212
6662,0.8828125,0.90625,393.1004836,352.2163893,7,3176,4075,0,0,0,0,0,0,70.70969366,-40.46271885,70.51774472,3.849535641e-05,0,0,6,4,0.01414233252,0.01414233252,1.445198096
6663,0.890625,0.9140625,407.7446701,407.7446701,7,4075,3698,0,0,0,0,0,0,1e+300,0,1e+300,0,0,0,0,0,0,0,0
6664,0.8984375,0.90625,419.5945718,474.8867265,7,4075,3128,0,0,0,0,0,0,664.5188178,58.00455806,647.9438386,3.849535641e-05,0,0,1,1,0.00150484828,0.00150484828,0.7916434658
6665,0.890625,0.8984375,404.9503853,388.2823754,7,4075,3697,0,0,0,0,0,0,63.9010035,-15.25212058,63.74419966,3.849535641e-05,0,0,7,5,0.01564920651,0.01564920651,1.791462186
6666,0.88671875,0.91796875,401.8197192,464.0246113,8,3698,4135,0,0,0,0,0,0,58638.48411,50.72053824,18959.63981,3.568997116e-05,0,0,1,1,1.705364685e-05,1.705364685e-05,0.5883866007
6667,0.88671875,0.91015625,400.4225768,400.4225768,8,4135,4075,0,0,0,0,0,0,1e+300,0,1e+300,0,0,0,0,0,0,0,0
6668,0.87890625,0.91015625,387.1755327,387.1755327,8,4135,3176,0,0,0,0,0,0,1e+300,0,1e+300,0,0,0,0,0,0,0,0
6669,0.875,0.9296875,384.0448666,397.3247737,7,2922,4074,0,0,0,0,0,0,168.6445325,13.00876893,167.5567488,3.849535641e-05,0,0,200,100,0.005929631902,0.00592963184,29.90563459
6670,0.8828125,0.921875,395.8947683,415.9613895,7,4074,3698,0,0,0,0,0,0,777.4654166,20.78999691,754.8729683,3.849535641e-05,0,0,85,48,0.001286230845,0.001286230831,7.342981457
6671,0.875,0.9140625,381.2505819,381.2505819,7,4074,3176,0,0,0,0,0,0,1e+300,-34.11418255,21306.82314,0,0,0,0,0,0,0,0
6672,0.8671875,0.921875,379.6577926,319.3879556,7,4074,3637,0,0,0,0,0,0,493.8516499,-60.38999953,484.6381954,3.849535641e-05,0,0,116,53,0.002024899583,0.002024899562,8.801786704
6673,0.87890625,0.91796875,388.5726751,381.486147,8,4135,4074,0,0,0,0,0,0,689313.8344,-19.71639597,26924.64847,3.568997116e-05,0,0,1,1,1.450718018e-06,1.450718018e-06,0.05005281574
6674,0.6640625,0.6015625,205.0345367,190.8446213,7,2992,3437,0,0,0,0,0,0,194.6077384,-13.11503591,193.1606763,3.849535641e-05,0,0,48,24,0.005138541808,0.005138541798,1.427663048
6675,0.6640625,0.6171875,304.4770967,171.3493501,7,3437,2998,0,0,0,0,0,0,515.3637675,-97.52903557,505.3383043,3.849535641e-05,0,0,24,14,0.001940376998,0.001940376994,0.6601564048
6676,0.6796875,0.6171875,226.6712739,232.0432298,7,3437,2891,0,0,0,0,0,0,5658.941504,9.739935721,4646.692261,3.849535641e-05,0,0,3,2,0.0001767114927,0.000176711492,0.7819001961
6677,0.703125,0.578125,201.3742099,171.6013701,6,2843,2993,0,0,0,0,0,0,3.783974263,-30.57123108,3.782599562,9.604384497e-05,0,0,1401,697,0.2642724106,0.2642724104,4.470300521
6678,0.703125,0.609375,225.2324885,274.417472,6,2993,2891,0,0,0,0,0,0,982.6795477,51.88735313,897.9323986,9.604384497e-05,0,0,57,28,0.001017625738,0.001017625731,6.465239849
6679,0.734375,0.609375,224.576459,215.5599253,6,2993,2718,0,0,0,0,0,0,7.634222437,-9.437723977,7.628628973,9.604384497e-05,0,0,909,426,0.1309891097,0.1309891094,13.83644858
6680,0.734375,0.578125,195.2693326,186.4961249,6,2993,2890,0,0,0,0,0,0,4.033830081,-8.977621971,4.032267881,9.604384497e-05,0,0,1659,787,0.2479033524,0.2479033521,7.865715438
6681,0.6875,0.609375,225.5605032,259.9398605,6,2891,2997,0,0,0,0,0,0,2206.13232,38.64350692,1820.413271,9.604384497e-05,0,0,21,12,0.0004532819681,0.0004532819655,2.974492613
6682,0.703125,0.59375,213.3033492,186.7096298,6,2997,2993,0,0,0,0,0,0,9.133207745,-25.64173025,9.125203223,9.604384497e-05,0,0,630,328,0.1094905566,0.1094905566,3.609182686
6683,0.6875,0.578125,201.7022247,192.5282799,6,2997,2843,0,0,0,0,0,0,4.762787294,-8.410556127,4.760609618,9.604384497e-05,0,0,1100,569,0.2099610875,0.2099610872,15.94697672
6684,0.671875,0.59375,203.923766,184.8113735,6,2997,2992,0,0,0,0,0,0,21.03603772,-18.14134333,20.99362258,9.604384497e-05,0,0,518,265,0.04753746943,0.04753746936,10.19642193
6685,0.6796875,0.6015625,214.7421346,206.9078734,7,3437,2997,0,0,0,0,0,0,828.9947414,-5.216661832,803.3576327,3.849535641e-05,0,0,33,16,0.001206280269,0.001206280261,6.007522644
6686,0.6796875,0.625,276.3925539,278.1586789,7,2891,3893,0,0,0,0,0,0,4471.399688,-123.8662892,3814.770411,3.849535641e-05,0,0,4,3,0.0002236436171,0.0002236436167,1.024476386
6687,0.671875,0.6171875,265.5741853,374.3021452,7,3893,3437,0,0,0,0,0,0,10634.68409,-18.55100445,7545.615207,3.849535641e-05,0,0,6,4,9.403194222e-05,9.403194182e-05,1.22858581
6688,0.6640625,0.625,354.1983767,566.8164067,7,3893,2998,0,0,0,0,0,0,69.73035612,118.216347,69.54368037,3.849535641e-05,0,0,11,6,0.01434095645,0.01434095644,0.5619628909
6689,0.671875,0.6328125,270.1902026,364.7653257,7,3893,3412,0,0,0,0,0,0,135.7697987,-32.84052096,135.0638863,3.849535641e-05,0,0,9,5,0.007365408286,0.007365408284,0.2944165816
6690,0.005859375,0.662109375,-16.0065215,62.50942256,9,5546,6046,0,0,0,0,0,0,1877.90986,-0.01620126382,0.2499667227,4,0,0,10,5,0.0005325069223,0.0005325069209,0.5387759904
6691,0.005859375,0.658203125,-49.04059956,42.40302229,9,6046,6018,0,0,0,0,0,0,1139.797477,-0.01825995908,0.2499451777,4,0,0,10,7,0.0008773488447,0.0008773488439,0.9276329958
6692,0.001953125,0.658203125,-21.27028363,70.08573211,9,6046,3245,0,0,0,0,0,0,330.3957999,0.02324016265,0.249810976,4,0,0,13,6,0.003026672858,0.003026672856,1.722984943
6693,0,0.66796875,218.5032656,186.0696282,8,5204,6049,0,0,0,0,0,0,367.5515761,-33.76967559,362.7924985,3.568997116e-05,0,0,7,4,0.002720706603,0.002720706602,1.797876241
6694,0.00390625,0.6640625,62.16340753,0.490013715,8,6049,5546,0,0,0,0,0,0,365.2309542,-48.65485395,360.5313978,3.568997116e-05,0,0,12,5,0.002737993558,0.002737993557,1.766187052
6695,0,0.66015625,56.8996454,209.5513773,8,6049,3245,0,0,0,0,0,0,5042.548274,152.8696415,4273.460428,3.568997116e-05,0,0,8,3,0.0001983124297,0.0001983124296,0.3072972069
6696,0.001953125,0.662109375,59.53152647,151.6575193,9,6046,6049,0,0,0,0,0,0,953.0462644,0.01624331349,0.249934438,4,0,0,13,4,0.001049267006,0.001049267001,1.618409618
6697,0.78515625,0.734375,278.5017105,333.0346358,8,4387,4910,0,0,0,0,0,0,55455.78438,54.11393348,18614.22487,3.568997116e-05,0,0,2,2,1.803238402e-05,1.803238402e-05,0.196208637
6698,0.7890625,0.73828125,180.9671622,159.4126999,8,4910,4391,0,0,0,0,0,0,17491.82356,-19.23475104,10768.95284,3.568997116e-05,0,0,4,3,5.716956821e-05,5.716956816e-05,0.687194437
6699,0.79296875,0.734375,283.1005284,341.3174401,8,4910,3450,0,0,0,0,0,0,29218.74368,57.92886767,14303.16875,3.568997116e-05,0,0,2,1,3.422460633e-05,3.42246062e-05,0.5686860936
6700,0.7890625,0.73046875,278.4648412,278.8016149,8,4910,4390,0,0,0,0,0,0,1.713847858e+13,5.837371759e-07,28019.07555,3.568997116e-05,0,0,1,0,5.834823642e-14,0,0.05834823642
6701,0.791015625,0.728515625,278.4464066,293.36507,9,4390,6206,0,0,0,0,0,0,15754.4076,0.001678352614,0.2499960329,4,0,0,3,1,6.347430034e-05,6.34742993e-05,0.693472116
6702,0.791015625,0.732421875,280.7826848,295.7164148,9,6206,4910,0,0,0,0,0,0,2.52444668e+13,-4.149569577e-12,0.25,4,0,0,1,0,3.961264098e-14,0,0.03961264098
6703,0.794921875,0.732421875,283.0820938,297.9503498,9,6206,3450,0,0,0,0,0,0,1.222277692e+13,-1.080024958e-12,0.25,4,0,0,1,0,8.181446874e-14,0,0.08181446874
6704,0.796875,0.72265625,279.3480414,282.5491731,8,3681,6214,0,0,0,0,0,0,87.44027125,3.017311338,87.16824177,3.568997116e-05,0,0,114,53,0.01143637806,0.01143637804,5.02582783
6705,0.79296875,0.7265625,278.7469515,279.4379123,8,6214,4390,0,0,0,0,0,0,73.72480229,0.4325782471,73.53132402,3.568997116e-05,0,0,114,52,0.01356395635,0.01356395632,5.951636677
6706,0.796875,0.73046875,283.3826387,283.5922922,8,6214,3450,0,0,0,0,0,0,5.401674297e+14,-2.074727945e-08,28019.0756,3.568997116e-05,0,0,1,0,1.851277854e-15,0,0.001851277854
6707,0.80078125,0.73046875,286.0010272,244.9649371,8,3450,4393,0,0,0,0,0,0,72576.78498,-41.18409806,20214.89168,3.568997116e-05,0,0,2,1,1.377851058e-05,1.377850967e-05,0.2399325981
6708,0.80859375,0.73046875,289.6249942,295.541288,8,4393,3678,0,0,0,0,0,0,78.87413395,5.459641667,78.6527253,3.568997116e-05,0,0,108,56,0.01267842764,0.01267842761,9.143881211
6709,0.80859375,0.72265625,287.203207,283.775997,8,4393,3194,0,0,0,0,0,0,21.3971488,-3.426093471,21.38082104,3.568997116e-05,0,0,502,259,0.04673519867,0.04673519856,32.74117479
6710,0.80078125,0.72265625,281.9664299,275.6849981,8,4393,3681,0,0,0,0,0,0,20.61292941,-6.403606616,20.59777615,3.568997116e-05,0,0,398,206,0.0485132404,0.0485132403,29.86473293
6711,0.80078125,0.7265625,283.9837286,369.5658676,8,6214,4393,0,0,0,0,0,0,18171.92064,85.44704766,11022.9365,3.568997116e-05,0,0,2,2,5.502995636e-05,5.502995636e-05,1.033814396
6712,0.794921875,0.728515625,281.0647951,295.9214924,9,6206,6214,0,0,0,0,0,0,26035.17963,0.001357811168,0.2499975994,4,0,0,3,1,3.840956791e-05,3.84095676e-05,0.4196338356
6713,0.65625,0.64453125,280.3381314,221.7923659,8,3896,4877,0,0,0,0,0,0,5407.739708,-33.56626179,4532.883744,3.568997116e-05,0,0,6,4,0.000184920143,0.0001849201427,0.5379694389
6714,0.65234375,0.6484375,233.4802454,210.2244949,8,4877,4538,0,0,0,0,0,0,182.5942498,-15.55458725,181.4120269,3.568997116e-05,0,0,127,69,0.005476623722,0.005476623711,7.453776579
6715,0.65625,0.65234375,235.2328688,217.2834956,8,4877,2972,0,0,0,0,0,0,41.12625165,-10.36846487,41.06597522,3.568997116e-05,0,0,225,117,0.02431536938,0.02431536933,16.08404091
6716,0.6796875,0.65625,222.0807598,210.9120862,7,2999,3414,0,0,0,0,0,0,40.73954797,-13.14724399,40.67575686,3.849535641e-05,0,0,235,117,0.02454617318,0.02454617316,1.75764816
6717,0.671875,0.6484375,222.0160962,203.8498023,7,3414,3412,0,0,0,0,0,0,52.96668961,-17.7881804,52.85891179,3.849535641e-05,0,0,374,192,0.01887979044,0.01887979038,4.252203787
6718,0.6640625,0.65625,215.8137449,178.4331453,7,3414,2972,0,0,0,0,0,0,427.2686909,-38.78571607,420.3547545,3.849535641e-05,0,0,169,84,0.002340447642,0.002340447638,1.536142563
6719,0.6640625,0.6640625,216.1854841,222.9485999,7,2972,3411,0,0,0,0,0,0,57.84442747,5.404216367,57.71590904,3.849535641e-05,0,0,5,1,0.01728774998,0.01728774998,0.4021938949
6720,0.6640625,0.6796875,214.9933626,215.1986868,7,3411,3232,0,0,0,0,0,0,52.20971485,-1.040272548,52.10499259,3.849535641e-05,0,0,5,2,0.01915352349,0.01915352349,0.4461121574
6721,0.6796875,0.6796875,223.1959774,184.4612412,7,3411,2842,0,0,0,0,0,0,9058.865675,-40.57465548,6716.61801,3.849535641e-05,0,0,3,2,0.0001103890968,0.0001103890962,1.168717406
6722,0.6796875,0.6640625,222.452499,152.1364805,7,3411,2999,0,0,0,0,0,0,4108.369912,-72.24837186,3547.345929,3.849535641e-05,0,0,2,2,0.0002434055408,0.0002434055408,0.9222174094
6723,0.671875,0.6640625,219.3189916,182.6600871,7,3414,3411,0,0,0,0,0,0,3705.043321,-38.3045308,3242.565982,3.849535641e-05,0,0,3,1,0.0002699023772,0.0002699023762,0.7529145382
6724,0.66015625,0.65234375,215.7814131,206.7314234,8,2972,4878,0,0,0,0,0,0,74.08402031,-9.276764153,73.88865453,3.568997116e-05,0,0,265,132,0.01349818754,0.01349818751,7.132972388
6725,0.66796875,0.65234375,218.9149205,224.005932,8,4878,3414,0,0,0,0,0,0,38.31930753,4.577509997,38.26697304,3.568997116e-05,0,0,307,160,0.02609650499,0.02609650494,25.85805898
6726,0.66796875,0.64453125,221.9837643,262.0948049,8,4878,3412,0,0,0,0,0,0,49.11727581,41.66749596,49.03132418,3.568997116e-05,0,0,149,83,0.02035943532,0.02035943529,0.8860297672
6727,0.66015625,0.64453125,260.8866757,39.91716996,8,4878,3896,0,0,0,0,0,0,240.9245875,-203.7976848,238.8706364,3.568997116e-05,0,0,11,7,0.004150676402,0.004150676401,0.09866059314
6728,0.66015625,0.6484375,238.3340444,238.4566617,8,4877,4878,0,0,0,0,0,0,137.3142288,8.59514055,136.6445692,3.568997116e-05,0,0,100,48,0.007282566479,0.00728256646,3.649644951
6729,0.650390625,0.646484375,232.6039338,214.1015558,9,4538,5424,0,0,0,0,0,0,4565.650997,0.002262033427,0.2499863116,4,0,0,6,2,0.0002190268158,0.0002190268138,0.268744958
6730,0.654296875,0.646484375,256.9091884,229.8294492,9,5424,4877,0,0,0,0,0,0,3686.103703,0.003943500833,0.2499830456,4,0,0,4,4,0.0002712891661,0.0002712891661,1.13243292
6731,0.654296875,0.642578125,279.4618198,243.6712048,9,5424,3896,0,0,0,0,0,0,3914.81152,-0.007634477516,0.249984036,4,0,0,9,4,0.0002554401393,0.0002554401365,1.180467545
6732,0.650390625,0.642578125,270.1155832,261.3337644,9,5424,4876,0,0,0,0,0,0,3071.778693,-0.005828119475,0.2499796551,4,0,0,11,2,0.0003255442856,0.0003255442814,0.3947562541
6733,0.787109375,0.728515625,276.1469976,276.507985,9,4390,6205,0,0,0,0,0,0,556094.6699,-0.0001501719311,0.2499998876,4,0,0,1,1,1.798254963e-06,1.798254963e-06,0.03379862043
6734,0.783203125,0.728515625,273.8475886,273.8475886,9,6205,4911,0,0,0,0,0,0,1e+300,-0.000185439694,0.2499999155,0,0,0,0,0,0,0,0
6735,0.783203125,0.732421875,276.1838669,276.1838669,9,6205,4387,0,0,0,0,0,0,1e+300,0,1e+300,0,0,0,0,0,0,0,0
6736,0.787109375,0.732421875,278.4832758,278.4832758,9,6205,4910,0,0,0,0,0,0,1e+300,0,1e+300,0,0,0,0,0,0,0,0
6737,0.783203125,0.7265625,272.6794495,272.6794495,9,4911,6217,0,0,0,0,0,0,1e+300,0,1e+300,0,0,0,0,0,0,0,0
6738,0.78515625,0.728515625,274.9972931,251.8037368,9,6217,6205,0,0,0,0,0,0,51025.22414,-0.0004843186539,0.2499987751,4,0,0,1,1,1.959815007e-05,1.959815007e-05,0.3683517905
6739,0.787109375,0.7265625,274.9788585,251.7448752,9,6217,4390,0,0,0,0,0,0,252421.578,0.0001980967693,0.2499997524,4,0,0,2,1,3.96162645e-06,3.961626384e-06,0.07445969214
6740,0.783203125,0.720703125,269.1750322,269.5547307,9,2979,6204,0,0,0,0,0,0,388.4301427,-0.013423195,0.2498391994,4,0,0,89,36,0.002574465496,0.002574465475,8.927841867
6741,0.783203125,0.724609375,271.5113104,271.9267204,9,6204,4911,0,0,0,0,0,0,2199.837122,0.005543405717,0.249971592,4,0,0,44,17,0.0004545791096,0.0004545791059,1.576624495
6742,0.787109375,0.724609375,273.8107194,274.1605748,9,6204,4390,0,0,0,0,0,0,1246.290429,0.005462710562,0.2499498612,4,0,0,75,35,0.0008023811922,0.0008023811901,0.8281259183
6743,0.78515625,0.71484375,266.8203193,250.0409726,8,2979,6207,0,0,0,0,0,0,31797.78265,-17.11461417,14894.53813,3.568997116e-05,0,0,3,2,3.144873374e-05,3.14487337e-05,0.4841733397
6744,0.79296875,0.71484375,272.0570964,287.6289677,8,6207,3681,0,0,0,0,0,0,4300.592342,15.35989506,3728.337252,3.568997116e-05,0,0,8,7,0.0002325261082,0.0002325261073,1.568186167
6745,0.79296875,0.70703125,266.7465807,258.425421,8,6207,3451,0,0,0,0,0,0,3278.95666,-8.491989577,2935.434847,3.568997116e-05,0,0,7,5,0.0003049750588,0.0003049750584,1.324261356
6746,0.78515625,0.70703125,258.7506063,290.9702657,8,6207,3454,0,0,0,0,0,0,7320.734122,31.9659431,5804.224879,3.568997116e-05,0,0,4,3,0.0001365983224,0.0001365983215,1.738505283
6747,0.79296875,0.71875,274.7123542,288.3479408,8,3681,6213,0,0,0,0,0,0,78.6331921,13.40303723,78.41313221,3.568997116e-05,0,0,229,107,0.01271727591,0.01271727589,5.760944551
6748,0.7890625,0.71484375,269.4387078,299.142977,8,6213,6207,0,0,0,0,0,0,3932.942706,29.43064735,3448.840632,3.568997116e-05,0,0,6,5,0.0002542625394,0.0002542625389,1.700006585
6749,0.78515625,0.71875,269.4755771,250.606012,8,6213,2979,0,0,0,0,0,0,1958.597319,-19.22540574,1830.631967,3.568997116e-05,0,0,47,20,0.0005105694725,0.0005105694695,1.194803048
6750,0.7890625,0.72265625,274.1112643,282.0953355,8,6213,4390,0,0,0,0,0,0,34.6893884,7.676959546,34.64649385,3.568997116e-05,0,0,299,138,0.02882725946,0.02882725941,13.58020597
6751,0.787109375,0.720703125,271.7934207,272.10454,9,6204,6213,0,0,0,0,0,0,135.719733,-0.02035679417,0.2495403389,4,0,0,119,54,0.007368125309,0.00736812529,7.823965417
6752,0.78515625,0.724609375,272.6610149,249.451198,9,6217,6204,0,0,0,0,0,0,3.188189544e+12,1.796252036e-11,0.25,4,0,0,1,0,3.136576374e-13,0,0.3136576374
6753,0.068359375,0.572265625,-277.5858567,-231.4735811,9,5399,6425,0,0,0,0,0,0,330.6923603,0.02086693016,0.2498111454,4,0,0,14,7,0.00302395858,0.003023958578,4.267413338
6754,0.064453125,0.572265625,-276.6058409,-245.1067735,9,6425,6056,0,0,0,0,0,0,1195.802932,0.002304809609,0.2499477448,4,0,0,9,3,0.0008362581935,0.0008362581913,1.211875914
6755,0.064453125,0.576171875,-278.4363004,-232.3516935,9,6425,5186,0,0,0,0,0,0,673.7549945,-0.02917109282,0.2499072707,4,0,0,14,6,0.001484219053,0.00148421905,1.231750151
6756,0.068359375,0.576171875,-271.5474379,-225.3580022,9,6425,6055,0,0,0,0,0,0,191.0887021,0.07758905461,0.2496733541,4,0,0,19,10,0.005233171764,0.005233171761,4.625767991
6757,0.03125,0.8046875,168.4710367,198.7051324,7,3150,5317,0,0,0,0,0,0,191.8332356,32.50749061,190.4269915,3.849535641e-05,0,0,13,8,0.00521286104,0.00521286104,1.666205073
6758,0.0390625,0.796875,18.81178577,18.96254854,7,5317,5112,0,0,0,0,0,0,636.4120909,1.043987065,621.1935264,3.849535641e-05,0,0,16,8,0.001571308928,0.001571308927,2.518136674
6759,0.03125,0.7890625,22.17082183,67.43161532,7,5317,3147,0,0,0,0,0,0,421.7105637,46.30077946,414.9739192,3.849535641e-05,0,0,20,11,0.002371294642,0.002371294638,3.882876467
6760,0.0234375,0.796875,171.8300727,194.0740848,7,5317,5115,0,0,0,0,0,0,249.4286875,24.66416867,247.0564891,3.849535641e-05,0,0,20,11,0.004009161937,0.004009161933,1.384479485
6761,0.04296875,0.80078125,17.13226774,-104.5433131,8,5112,5626,0,0,0,0,0,0,4523.905535,15.51967219,3895.022729,3.568997116e-05,0,0,7,2,0.0002210479402,0.0002210479389,0.3761518647
6762,0.03515625,0.80078125,93.64141122,-131.1424252,8,5626,5317,0,0,0,0,0,0,3839.560457,-86.82511727,3376.821736,3.568997116e-05,0,0,7,2,0.0002604464785,0.0002604464772,0.4993556412
6763,0.03515625,0.80859375,166.7915186,-212.3260823,8,5626,3150,0,0,0,0,0,0,6096.007511,-240.5421772,5006.714911,3.568997116e-05,0,0,5,2,0.0001640417926,0.0001640417914,1.124924414
6764,0.04296875,0.80859375,-47.44321309,48.36165996,8,5626,5316,0,0,0,0,0,0,5999.055004,84.85045441,4941.129118,3.568997116e-05,0,0,5,2,0.0001666929207,0.0001666929201,0.2581018224
6765,0.88671875,0.73046875,324.4050435,375.8595761,8,3748,4957,0,0,0,0,0,0,8856.223092,48.37560649,6729.252186,3.568997116e-05,0,0,6,4,0.0001129149514,0.0001129149503,1.9363883
6766,0.88671875,0.72265625,316.7847698,274.1423577,8,4957,4953,0,0,0,0,0,0,7316.652537,-45.79573723,5801.65887,3.568997116e-05,0,0,12,6,0.0001366745236,0.0001366745199,2.446562092
6767,0.87890625,0.72265625,318.3235925,372.9934294,8,4957,3182,0,0,0,0,0,0,32280.20818,51.53545268,14999.54123,3.568997116e-05,0,0,6,2,3.097873454e-05,3.097873218e-05,0.5000638365
6768,0.875,0.7421875,338.143688,346.4975538,7,2725,4952,0,0,0,0,0,0,1071.796923,8.478948712,1029.327682,3.849535641e-05,0,0,10,6,0.0009330125686,0.0009330125668,1.791734546
6769,0.8828125,0.734375,328.9845916,428.7038063,7,4952,3748,0,0,0,0,0,0,4562.769398,99.75095778,3881.076101,3.849535641e-05,0,0,8,5,0.0002191651413,0.00021916514,0.631745211
6770,0.875,0.7265625,322.9031406,322.9031406,7,4952,3182,0,0,0,0,0,0,1e+300,0,1e+300,0,0,0,0,0,0,0,0
6771,0.8515625,0.7265625,316.0633139,265.8481343,7,2980,3656,0,0,0,0,0,0,842.253665,-50.00040441,815.8030025,3.849535641e-05,0,0,43,25,0.001187290767,0.00118729076,8.012467135
6772,0.8515625,0.7421875,313.8848492,336.7005412,7,3656,3193,0,0,0,0,0,0,1051.287457,22.86963301,1010.397008,3.849535641e-05,0,0,24,12,0.0009512146215,0.0009512146161,2.362474473
6773,0.8671875,0.7421875,335.8637458,361.9129369,7,3656,2725,0,0,0,0,0,0,1713.512307,26.25377087,1607.479326,3.849535641e-05,0,0,13,7,0.0005835966255,0.0005835966236,1.099877775
6774,0.8671875,0.7265625,320.6231984,289.5578424,7,3656,3182,0,0,0,0,0,0,1439.385869,-31.00957434,1363.817205,3.849535641e-05,0,0,30,19,0.0006947407375,0.0006947407332,5.451845679
6775,0.8671875,0.734375,328.2434721,377.3283009,7,4952,3656,0,0,0,0,0,0,27812.26644,49.21500951,13431.70453,3.849535641e-05,0,0,2,1,3.595535813e-05,3.595535747e-05,0.9699509223
6776,0.87890625,0.73046875,325.9438661,325.9438661,8,4957,4952,0,0,0,0,0,0,1e+300,0,1e+300,0,0,0,0,0,0,0,0
