x0,y0,h0,x1,y1,h1,x2,y2,h2,n_pts
0.078125,0.5703125,-254.8063679,0.078125,0.578125,-251.4629185,0.0859375,0.5703125,-232.2549552,2
0.0703125,0.5703125,-277.3577807,0.0625,0.5625,-303.2526428,0.078125,0.5625,-258.1498174,2
0.0859375,0.5703125,-232.2549552,0.09375,0.5625,-213.046992,0.078125,0.5625,-258.1498174,11
0.03515625,0.68359375,-148.7271695,0.03125,0.6875,-128.0369256,0.03125,0.6796875,-151.5449695,0
0.03515625,0.67578125,-172.2352134,0.03125,0.671875,-175.0530134,0.03125,0.6796875,-151.5449695,8
0.953125,0.8671875,447.0230653,0.9609375,0.8671875,411.4879187,0.953125,0.875,438.913435,0
0.953125,0.8671875,447.0230653,0.953125,0.859375,455.1326955,0.9609375,0.8671875,411.4879187,0
0.96875,0.859375,390.367361,0.984375,0.859375,423.6595228,0.96875,0.875,367.843142,140
0.96875,0.859375,390.367361,0.96875,0.84375,412.89158,0.984375,0.859375,423.6595228,2
0.0390625,0.671875,-192.9254572,0.046875,0.671875,-210.797901,0.0390625,0.6796875,-169.4174133,48
0.0546875,0.6015625,-256.4282763,0.0625,0.59375,-254.773157,0.046875,0.59375,-282.3231385,39
0.0625,0.5703125,-304.5785338,0.0546875,0.5703125,-304.9077621,0.0625,0.578125,-279.0128999,1
0.0625,0.5703125,-304.5785338,0.0625,0.5625,-303.2526428,0.0546875,0.5703125,-304.9077621,2
0.0625,0.6484375,-231.6479752,0.0546875,0.6484375,-208.5457861,0.0625,0.640625,-198.611754,13
0.0625,0.6484375,-231.6479752,0.0625,0.65625,-190.9298367,0.0546875,0.6484375,-208.5457861,34
0.0546875,0.640625,-250.5014251,0.0546875,0.6484375,-208.5457861,0.0625,0.640625,-198.611754,10
0.0546875,0.640625,-250.5014251,0.046875,0.640625,-226.1617354,0.0546875,0.6484375,-208.5457861,20
0.03515625,0.6796875,-118.278959,0.03515625,0.67578125,-172.2352134,0.03125,0.6796875,-151.5449695,1
0.03515625,0.6796875,-118.278959,0.0390625,0.6796875,-169.4174133,0.03515625,0.67578125,-172.2352134,1
0.07421875,0.57421875,-224.4400977,0.0703125,0.578125,-265.2379092,0.078125,0.578125,-251.4629185,2
0.07421875,0.57421875,-224.4400977,0.0703125,0.5703125,-277.3577807,0.0703125,0.578125,-265.2379092,4
0.484375,0.421875,112.5578109,0.5,0.40625,111.1814511,0.46875,0.40625,121.8609921,187
0.484375,0.421875,112.5578109,0.5,0.4375,103.2546297,0.5,0.40625,111.1814511,110
0.0703125,0.578125,-265.2379092,0.0703125,0.5859375,-253.1180377,0.0625,0.578125,-279.0128999,36
0.0703125,0.578125,-265.2379092,0.078125,0.578125,-251.4629185,0.0703125,0.5859375,-253.1180377,6
0.0390625,0.7578125,34.15003137,0.046875,0.75,-92.22205209,0.046875,0.765625,-80.85943211,4
0.0390625,0.6875,-150.5110678,0.046875,0.6875,-172.9852099,0.0390625,0.6796875,-169.4174133,10
0.05859375,0.61328125,-318.4238994,0.0546875,0.609375,-244.3084048,0.0546875,0.6171875,-256.8997133,6
0.05859375,0.61328125,-318.4238994,0.0625,0.609375,-230.5334141,0.0546875,0.609375,-244.3084048,7
0.01171875,0.578125,-390.0346198,0.01171875,0.58203125,-529.5035995,0.0078125,0.578125,-408.982087,26
0.01171875,0.578125,-390.0346198,0.015625,0.578125,-711.6129617,0.01171875,0.58203125,-529.5035995,12
0.0078125,0.58203125,-383.346937,0.01171875,0.58203125,-529.5035995,0.0078125,0.578125,-408.982087,24
0.0078125,0.58203125,-383.346937,0.0078125,0.5859375,-347.3942373,0.01171875,0.58203125,-529.5035995,32
0.0859375,0.6328125,-190.1211494,0.09375,0.640625,-143.511791,0.078125,0.640625,-171.0617725,12
0.0859375,0.6328125,-190.1211494,0.09375,0.625,-151.1937082,0.09375,0.640625,-143.511791,16
0.09375,0.640625,-143.511791,0.109375,0.640625,-115.9618095,0.09375,0.625,-151.1937082,35
0.09375,0.640625,-143.511791,0.09375,0.65625,-135.8298738,0.109375,0.640625,-115.9618095,79
0.890625,0.84375,382.5473786,0.890625,0.828125,385.5509697,0.875,0.84375,381.6136674,2
0.890625,0.84375,382.5473786,0.90625,0.84375,383.4810898,0.890625,0.828125,385.5509697,1
0.89453125,0.8671875,394.1995397,0.89453125,0.86328125,385.0370376,0.890625,0.8671875,386.8159279,0
0.89453125,0.8671875,394.1995397,0.8984375,0.8671875,401.5831514,0.89453125,0.86328125,385.0370376,0
0.8984375,0.859375,375.9233291,0.8984375,0.8515625,375.9860067,0.90625,0.859375,383.3557346,0
0.8984375,0.859375,375.9233291,0.890625,0.859375,368.4909237,0.8984375,0.8515625,375.9860067,0
0.0078125,0.525390625,-811.1003353,0.005859375,0.525390625,-826.9625927,0.0078125,0.52734375,-698.2098423,0
0.0078125,0.525390625,-811.1003353,0.0078125,0.5234375,-923.9950265,0.005859375,0.525390625,-826.9625927,0
0.00390625,0.59765625,-362.0681234,0,0.6015625,45.05447111,0.0078125,0.6015625,-370.5372297,24
0.00390625,0.59765625,-362.0681234,0,0.59375,61.56758704,0,0.6015625,45.05447111,42
0.8984375,0.8515625,375.9860067,0.890625,0.84375,382.5473786,0.890625,0.859375,368.4909237,0
0.8984375,0.8515625,375.9860067,0.90625,0.84375,383.4810898,0.890625,0.84375,382.5473786,0
0.0078125,0.59765625,-261.8181417,0.00390625,0.59765625,-362.0681234,0.0078125,0.59375,-409.7809811,8
0.0078125,0.59765625,-261.8181417,0.0078125,0.6015625,-370.5372297,0.00390625,0.59765625,-362.0681234,6
0.00390625,0.60546875,-263.1104707,0,0.6015625,45.05447111,0.0078125,0.6015625,-370.5372297,19
0.00390625,0.60546875,-263.1104707,0,0.609375,28.54135519,0,0.6015625,45.05447111,12
0.65234375,0.64453125,218.1408749,0.65625,0.6484375,241.5006886,0.6484375,0.6484375,210.0557059,0
0.65234375,0.64453125,218.1408749,0.65625,0.640625,269.2027385,0.65625,0.6484375,241.5006886,4
0.671875,0.65625,220.6396751,0.671875,0.671875,221.2845044,0.6875,0.65625,227.4807116,1
0.671875,0.65625,220.6396751,0.65625,0.65625,213.7986387,0.671875,0.671875,221.2845044,2
0.6640625,0.6484375,218.2174646,0.671875,0.65625,220.6396751,0.65625,0.65625,213.7986387,167
0.6640625,0.6484375,218.2174646,0.671875,0.640625,222.6362905,0.671875,0.65625,220.6396751,140
0.796875,0.7265625,281.5649612,0.8046875,0.7265625,286.6795965,0.796875,0.71875,277.4993177,2
0.79296875,0.73046875,310.4317387,0.7890625,0.734375,281.1604336,0.7890625,0.7265625,276.450326,1
0.79296875,0.73046875,310.4317387,0.796875,0.734375,285.6306048,0.7890625,0.734375,281.1604336,0
0.77734375,0.72265625,267.3900153,0.78125,0.71875,267.2700471,0.78125,0.7265625,271.9801548,34
0.77734375,0.73046875,312.2043682,0.78125,0.734375,276.6902624,0.78125,0.7265625,271.9801548,1
0.77734375,0.7265625,269.7450692,0.77734375,0.73046875,312.2043682,0.78125,0.7265625,271.9801548,0
0.77734375,0.7265625,269.7450692,0.7734375,0.7265625,267.5099836,0.77734375,0.73046875,312.2043682,0
0.0078125,0.7265625,284.6534765,0.015625,0.71875,3.50336335,0.015625,0.734375,98.52432172,11
0.0078125,0.7265625,284.6534765,0,0.71875,114.0751567,0.015625,0.71875,3.50336335,15
0.0078125,0.6953125,15.11268795,0,0.703125,689.6073502,0.015625,0.703125,79.82637054,9
0.0234375,0.6328125,-263.367975,0.03125,0.625,-245.4742517,0.03125,0.640625,-245.7520257,69
0.01171875,0.62890625,-241.1205528,0.015625,0.6328125,-281.1228114,0.0078125,0.6328125,-172.3120028,4
0.01171875,0.62890625,-241.1205528,0.015625,0.625,-280.9839244,0.015625,0.6328125,-281.1228114,2
0.0234375,0.6328125,-263.367975,0.03125,0.640625,-245.7520257,0.015625,0.640625,-281.2616984,80
0.1328125,0.5859375,-165.8775655,0.125,0.578125,-116.1544422,0.140625,0.578125,-89.96146716,2
0.1328125,0.5859375,-165.8775655,0.125,0.59375,-109.4675432,0.125,0.578125,-116.1544422,18
0.1328125,0.5703125,-275.4886151,0.125,0.578125,-116.1544422,0.140625,0.578125,-89.96146716,1
0.1328125,0.5703125,-275.4886151,0.125,0.5625,-122.8413411,0.125,0.578125,-116.1544422,18
0.1328125,0.5703125,-275.4886151,0.140625,0.5625,-91.42808292,0.140625,0.578125,-89.96146716,0
0.1328125,0.5703125,-275.4886151,0.125,0.5625,-122.8413411,0.140625,0.5625,-91.42808292,1
0.6171875,0.6484375,199.2415891,0.609375,0.65625,200.9669544,0.609375,0.640625,202.2776378,181
0.6171875,0.6484375,199.2415891,0.625,0.65625,196.2055404,0.609375,0.65625,200.9669544,165
0.609375,0.671875,199.6562709,0.59375,0.6875,203.1070014,0.59375,0.65625,205.7283683,2
0.609375,0.671875,199.6562709,0.625,0.6875,193.5841734,0.59375,0.6875,203.1070014,6
0.609375,0.65625,200.9669544,0.59375,0.65625,205.7283683,0.609375,0.671875,199.6562709,1
0.6171875,0.640625,294.2908101,0.6171875,0.6484375,199.2415891,0.625,0.640625,197.5162239,8
0.6171875,0.640625,294.2908101,0.609375,0.640625,202.2776378,0.6171875,0.6484375,199.2415891,9
0.0078125,0.7265625,284.6534765,0,0.734375,37.75214949,0.015625,0.734375,98.52432172,3
0.0078125,0.7265625,284.6534765,0,0.71875,114.0751567,0,0.734375,37.75214949,7
0.0078125,0.59765625,-261.8181417,0.01171875,0.59765625,-381.8941294,0.0078125,0.59375,-409.7809811,34
0.0078125,0.59765625,-261.8181417,0.0078125,0.6015625,-370.5372297,0.01171875,0.59765625,-381.8941294,25
0.6875,0.59375,211.1160677,0.71875,0.59375,213.586201,0.6875,0.625,231.4739424,18
0.671875,0.625,572.5634076,0.671875,0.609375,213.1332463,0.6875,0.625,231.4739424,0
0.671875,0.625,572.5634076,0.65625,0.625,324.6068383,0.671875,0.609375,213.1332463,6
0.6875,0.59375,211.1160677,0.6875,0.5625,190.758193,0.71875,0.59375,213.586201,612
0.8828125,0.9140625,419.2064726,0.890625,0.90625,404.8203289,0.890625,0.921875,407.3061152,0
0.8828125,0.9140625,419.2064726,0.875,0.90625,380.5780578,0.890625,0.90625,404.8203289,0
0.0390625,0.6875,-150.5110678,0.046875,0.6875,-172.9852099,0.0390625,0.6953125,-134.6770709,0
0.4921875,0.4453125,113.7434512,0.484375,0.4375,108.5944002,0.484375,0.453125,124.2322726,66
0.4921875,0.4453125,113.7434512,0.5,0.4375,103.2546297,0.484375,0.4375,108.5944002,123
0.0703125,0.5859375,-253.1180377,0.078125,0.59375,-227.2231755,0.078125,0.578125,-251.4629185,10
0.0703125,0.5859375,-253.1180377,0.0625,0.59375,-254.773157,0.078125,0.59375,-227.2231755,40
0.03515625,0.67578125,-172.2352134,0.0390625,0.671875,-192.9254572,0.0390625,0.6796875,-169.4174133,50
0.03515625,0.67578125,-172.2352134,0.03125,0.671875,-175.0530134,0.0390625,0.671875,-192.9254572,38
0.8984375,0.7265625,318.3706669,0.890625,0.734375,327.4374446,0.890625,0.71875,312.3561117,16
0.890625,0.71875,312.3561117,0.890625,0.703125,297.2747787,0.875,0.71875,315.4083343,3
0.04296875,0.59765625,-302.1278975,0.046875,0.6015625,-270.203267,0.0390625,0.6015625,-327.8585733,33
0.04296875,0.59765625,-302.1278975,0.046875,0.59375,-282.3231385,0.046875,0.6015625,-270.203267,19
0.078125,0.5703125,-254.8063679,0.0703125,0.5703125,-277.3577807,0.078125,0.5625,-258.1498174,3
0.0625,0.5703125,-304.5785338,0.0625,0.5625,-303.2526428,0.0703125,0.5703125,-277.3577807,7
0.00390625,0.63671875,52.3139312,0.0078125,0.640625,-157.4012343,0.0078125,0.6328125,-172.3120028,4
0.00390625,0.62890625,110.7685588,0,0.625,-316.4935971,0,0.6328125,292.454397,3
0.7890625,0.7109375,267.0301107,0.796875,0.703125,266.7901742,0.796875,0.71875,277.4993177,4
0.8046875,0.7265625,286.6795965,0.8125,0.71875,287.7285882,0.796875,0.71875,277.4993177,396
0.796875,0.7265625,281.5649612,0.7890625,0.7265625,276.450326,0.796875,0.71875,277.4993177,112
0.78515625,0.73046875,276.5702942,0.78125,0.734375,276.6902624,0.78125,0.7265625,271.9801548,0
0.7890625,0.71875,272.3846824,0.7890625,0.7265625,276.450326,0.796875,0.71875,277.4993177,225
0.78515625,0.72265625,271.8601865,0.78125,0.7265625,271.9801548,0.78125,0.71875,267.2700471,44
0.796875,0.71875,277.4993177,0.796875,0.703125,266.7901742,0.8125,0.71875,287.7285882,5
0.671875,0.609375,213.1332463,0.6875,0.59375,211.1160677,0.65625,0.59375,194.7925502,30
0.671875,0.609375,213.1332463,0.6875,0.625,231.4739424,0.6875,0.59375,211.1160677,3
0.8828125,0.7265625,327.5384262,0.875,0.734375,330.4896672,0.890625,0.734375,327.4374446,0
0.8828125,0.7265625,327.5384262,0.875,0.71875,315.4083343,0.875,0.734375,330.4896672,0
0.875,0.734375,330.4896672,0.859375,0.734375,325.7558255,0.875,0.75,345.5710002,2
0.875,0.734375,330.4896672,0.875,0.71875,315.4083343,0.859375,0.734375,325.7558255,0
0.828125,0.671875,277.6730867,0.84375,0.6875,275.7779848,0.8125,0.6875,266.3103013,8
0.828125,0.671875,277.6730867,0.84375,0.65625,252.5536698,0.84375,0.6875,275.7779848,7
0.8828125,0.9140625,419.2064726,0.875,0.921875,383.0638441,0.890625,0.921875,407.3061152,1
0.8828125,0.9140625,419.2064726,0.875,0.90625,380.5780578,0.875,0.921875,383.0638441,0
0.078125,0.5703125,-254.8063679,0.0859375,0.5703125,-232.2549552,0.078125,0.5625,-258.1498174,0
0.4921875,0.453125,178.9387765,0.4921875,0.4609375,123.799435,0.5,0.453125,140.721821,4
0.4921875,0.453125,178.9387765,0.484375,0.453125,124.2322726,0.4921875,0.4609375,123.799435,0
0.0390625,0.6796875,-169.4174133,0.046875,0.6875,-172.9852099,0.046875,0.671875,-210.797901,33
0.78125,0.703125,250.9717092,0.796875,0.703125,266.7901742,0.78125,0.6875,234.6733712,3
0.046875,0.6875,-172.9852099,0.0625,0.6875,-175.5660023,0.046875,0.703125,-141.3172161,21
0.03125,0.703125,-117.5526778,0.03125,0.71875,-107.06843,0.046875,0.703125,-141.3172161,101
0.99609375,0.93359375,301.8425338,1,0.9296875,480.3332419,0.9921875,0.9296875,474.5198529,33
0.99609375,0.93359375,301.8425338,1,0.9375,493.9441711,1,0.9296875,480.3332419,5
0.8125,0.515625,266.463512,0.796875,0.515625,152.0862938,0.8125,0.5,119.4001885,11
0.8125,0.515625,266.463512,0.8125,0.53125,164.1115825,0.796875,0.515625,152.0862938,0
0.00390625,0.64453125,15.03457441,0.0078125,0.640625,-157.4012343,0.0078125,0.6484375,-153.0739557,5
0.015625,0.6328125,-281.1228114,0.0234375,0.6328125,-263.367975,0.015625,0.625,-280.9839244,16
0.015625,0.6328125,-281.1228114,0.015625,0.640625,-281.2616984,0.0234375,0.6328125,-263.367975,28
0.9453125,0.859375,415.3335212,0.9453125,0.8671875,456.476252,0.9375,0.859375,375.5343469,70
0.9375,0.8671875,416.6770778,0.9453125,0.8671875,456.476252,0.9375,0.875,457.8198086,0
0.9375,0.8671875,416.6770778,0.9375,0.859375,375.5343469,0.9453125,0.8671875,456.476252,0
0.953125,0.8671875,447.0230653,0.9453125,0.8671875,456.476252,0.953125,0.875,438.913435,0
0.046875,0.75,-92.22205209,0.0625,0.75,-110.1057836,0.046875,0.765625,-80.85943211,41
0.796875,0.7265625,281.5649612,0.796875,0.734375,285.6306048,0.8046875,0.7265625,286.6795965,0
0.00390625,0.66015625,165.008726,0,0.6640625,138.2520427,0.0078125,0.6640625,-39.97387196,5
0.00390625,0.66015625,165.008726,0,0.65625,-24.88621302,0,0.6640625,138.2520427,8
0.4921875,0.453125,178.9387765,0.4921875,0.4453125,113.7434512,0.5,0.453125,140.721821,1
0.4921875,0.453125,178.9387765,0.484375,0.453125,124.2322726,0.4921875,0.4453125,113.7434512,0
0.8984375,0.734375,326.0457455,0.8984375,0.7421875,332.5105639,0.90625,0.734375,323.4437862,0
0.8984375,0.734375,326.0457455,0.890625,0.734375,327.4374446,0.8984375,0.7421875,332.5105639,2
0.484375,0.4375,108.5944002,0.484375,0.421875,112.5578109,0.5,0.4375,103.2546297,23
0.484375,0.4375,108.5944002,0.46875,0.4375,113.9341707,0.484375,0.421875,112.5578109,1
0.78515625,0.7265625,227.172207,0.78515625,0.73046875,276.5702942,0.78125,0.7265625,271.9801548,0
0.78515625,0.7265625,227.172207,0.7890625,0.7265625,276.450326,0.78515625,0.73046875,276.5702942,1
0.78515625,0.7265625,227.172207,0.78515625,0.72265625,271.8601865,0.78125,0.7265625,271.9801548,0
0.78515625,0.7265625,227.172207,0.7890625,0.7265625,276.450326,0.78515625,0.72265625,271.8601865,1
0.9453125,0.859375,415.3335212,0.9453125,0.8515625,448.5127545,0.9375,0.859375,375.5343469,0
0.9453125,0.859375,415.3335212,0.953125,0.859375,455.1326955,0.9453125,0.8515625,448.5127545,1
0.06640625,0.57421875,-185.6320578,0.0625,0.5703125,-304.5785338,0.0703125,0.5703125,-277.3577807,4
0.06640625,0.57421875,-185.6320578,0.0625,0.578125,-279.0128999,0.0625,0.5703125,-304.5785338,5
0.00390625,0.66015625,165.008726,0.0078125,0.65625,-80.17210969,0.0078125,0.6640625,-39.97387196,5
0.6328125,0.734375,250.3791145,0.6328125,0.7421875,196.6085164,0.625,0.734375,300.3051117,0
0.6328125,0.734375,250.3791145,0.640625,0.734375,200.4531172,0.6328125,0.7421875,196.6085164,0
0.8984375,0.7265625,318.3706669,0.890625,0.71875,312.3561117,0.90625,0.71875,309.3038891,508
0.03515625,0.6796875,-118.278959,0.03515625,0.68359375,-148.7271695,0.03125,0.6796875,-151.5449695,0
0.03515625,0.6796875,-118.278959,0.0390625,0.6796875,-169.4174133,0.03515625,0.68359375,-148.7271695,5
0.03515625,0.68359375,-148.7271695,0.0390625,0.6875,-150.5110678,0.0390625,0.6796875,-169.4174133,7
0.03515625,0.68359375,-148.7271695,0.03125,0.6875,-128.0369256,0.0390625,0.6875,-150.5110678,8
0.0390625,0.6875,-150.5110678,0.0390625,0.6953125,-134.6770709,0.03125,0.6875,-128.0369256,6
0.78125,0.4375,101.9851392,0.78125,0.40625,66.80328514,0.75,0.4375,132.142476,6
0.78125,0.4375,101.9851392,0.8125,0.4375,71.8278025,0.78125,0.40625,66.80328514,0
0.375,1,202.60738,0.375,0.875,152.611519,0.5,1,256.2186691,0
0.375,1,202.60738,0.25,1,148.9960909,0.375,0.875,152.611519,0
0.5,0.875,243.8231902,0.375,0.875,152.611519,0.5,1,256.2186691,0
0.375,0.75,143.4778184,0.25,0.75,49.00436881,0.375,0.875,152.611519,0
0.5,0.8125,240.8872291,0.5625,0.8125,266.482712,0.5,0.875,243.8231902,0
0.71875,0.65625,232.5922896,0.75,0.625,236.414209,0.75,0.6875,248.6310135,716
0.25,0.46875,28.4568752,0.25,0.4375,22.299596,0.21875,0.46875,-19.36250673,240
0.34375,0.53125,91.35415083,0.375,0.5625,133.1906115,0.3125,0.5625,50.37092202,0
0.34375,0.53125,91.35415083,0.375,0.5,132.3373796,0.375,0.5625,133.1906115,0
0.25,0.875,99.00022988,0.375,0.875,152.611519,0.25,1,148.9960909,0
0.25,0.875,99.00022988,0.25,0.75,49.00436881,0.375,0.875,152.611519,0
0.5,0.875,243.8231902,0.625,0.875,295.0141561,0.5,1,256.2186691,2
0.625,1,302.9706512,0.5,1,256.2186691,0.625,0.875,295.0141561,1
0.3125,0.625,230.8004235,0.375,0.625,66.12768964,0.3125,0.5625,50.37092202,3
1,0.5625,261.6176261,1,0.5,271.9904082,0.9375,0.5625,247.7832789,1
0.9375,0.5,191.4447381,0.9375,0.5625,247.7832789,1,0.5,271.9904082,1
0.96875,0.59375,249.2742701,1,0.625,250.7652612,0.9375,0.625,246.6872368,5
0.96875,0.65625,284.8802046,1,0.625,250.7652612,0.9375,0.625,246.6872368,11
0.921875,0.703125,314.1495185,0.9375,0.71875,326.5510846,0.9375,0.6875,318.9951479,14
0.96875,0.875,367.843142,0.96875,0.90625,455.7746754,1,0.875,434.4274657,6
0.578125,0.515625,139.7042244,0.5625,0.53125,144.831522,0.59375,0.53125,175.7799437,11
0.8125,0.375,58.53699045,0.875,0.375,97.97994812,0.8125,0.4375,71.8278025,0
0.5625,0.375,79.46454296,0.5625,0.3125,93.11298357,0.5,0.375,119.1082725,1300
0.5625,0.375,79.46454296,0.625,0.375,137.775032,0.5625,0.3125,93.11298357,192
0.28125,0.59375,129.0988695,0.25,0.5625,-2.010866604,0.3125,0.5625,50.37092202,10
0.5546875,0.6484375,172.9184203,0.546875,0.65625,191.0835112,0.546875,0.640625,152.5887279,22
0.5546875,0.6484375,172.9184203,0.5625,0.65625,193.2481127,0.546875,0.65625,191.0835112,36
0.546875,0.65625,191.0835112,0.546875,0.671875,175.4616368,0.5625,0.65625,193.2481127,0
0.546875,0.65625,191.0835112,0.53125,0.65625,138.2934443,0.546875,0.671875,175.4616368,0
0.546875,0.671875,175.4616368,0.53125,0.6875,213.5506994,0.5625,0.6875,212.6298293,0
0.546875,0.671875,175.4616368,0.53125,0.65625,138.2934443,0.53125,0.6875,213.5506994,0
0.609375,0.671875,199.6562709,0.625,0.6875,193.5841734,0.625,0.65625,196.2055404,25
0.625,0.640625,197.5162239,0.625,0.625,198.8269073,0.640625,0.640625,206.312773,15
0.625,0.640625,197.5162239,0.640625,0.640625,206.312773,0.625,0.65625,196.2055404,153
0.640625,0.625,211.1924323,0.640625,0.609375,196.8097287,0.65625,0.625,324.6068383,12
0.640625,0.625,211.1924323,0.625,0.625,198.8269073,0.640625,0.609375,196.8097287,13
0.640625,0.671875,203.6914061,0.625,0.6875,193.5841734,0.625,0.65625,196.2055404,0
0.640625,0.625,211.1924323,0.625,0.625,198.8269073,0.640625,0.640625,206.312773,7
0.6484375,0.6328125,252.1850818,0.640625,0.625,211.1924323,0.640625,0.640625,206.312773,3
0.6484375,0.6328125,252.1850818,0.65625,0.625,324.6068383,0.640625,0.625,211.1924323,0
0.953125,0.8125,432.6393131,0.953125,0.796875,371.3365541,0.96875,0.8125,344.9929862,4
0.953125,0.8125,432.6393131,0.9375,0.8125,391.3556944,0.953125,0.796875,371.3365541,3
0.96875,0.796875,351.6605156,0.953125,0.796875,371.3365541,0.96875,0.8125,344.9929862,5
0.96875,0.796875,351.6605156,0.96875,0.78125,351.3174138,0.953125,0.796875,371.3365541,12
0.78125,0.5,140.0610052,0.75,0.5,160.7218219,0.78125,0.53125,184.7723992,353
0.796875,0.515625,152.0862938,0.8125,0.53125,164.1115825,0.78125,0.53125,184.7723992,0
0.828125,0.546875,192.7352412,0.84375,0.5625,186.3206085,0.8125,0.5625,208.8229764,1
0.828125,0.546875,192.7352412,0.84375,0.53125,143.4507657,0.84375,0.5625,186.3206085,1
0.8125,0.53125,164.1115825,0.8125,0.5625,208.8229764,0.78125,0.53125,184.7723992,7
0.828125,0.546875,192.7352412,0.8125,0.53125,164.1115825,0.8125,0.5625,208.8229764,4
0.828125,0.546875,192.7352412,0.84375,0.53125,143.4507657,0.8125,0.53125,164.1115825,0
0.828125,0.515625,131.4254771,0.8125,0.53125,164.1115825,0.84375,0.53125,143.4507657,4
0.484375,0.46875,134.2882565,0.46875,0.46875,145.2099156,0.484375,0.453125,124.2322726,0
0.5,0.40625,111.1814511,0.46875,0.40625,121.8609921,0.5,0.375,119.1082725,22
0.484375,0.421875,112.5578109,0.46875,0.4375,113.9341707,0.46875,0.40625,121.8609921,13
0.484375,0.453125,124.2322726,0.46875,0.4375,113.9341707,0.46875,0.46875,145.2099156,0
0.484375,0.4375,108.5944002,0.46875,0.4375,113.9341707,0.484375,0.453125,124.2322726,18
0.4921875,0.4453125,113.7434512,0.5,0.4375,103.2546297,0.5,0.453125,140.721821,249
0.4921875,0.4609375,123.799435,0.5,0.46875,123.3665974,0.5,0.453125,140.721821,10
0.546875,0.453125,142.1477955,0.5625,0.4375,134.2616876,0.53125,0.4375,118.7581586,1128
0.515625,0.453125,126.6442666,0.5,0.4375,103.2546297,0.53125,0.4375,118.7581586,670
0.5,0.40625,111.1814511,0.53125,0.40625,126.68498,0.5,0.375,119.1082725,13
0.5,0.40625,111.1814511,0.5,0.4375,103.2546297,0.53125,0.40625,126.68498,316
0.53125,0.4375,118.7581586,0.53125,0.40625,126.68498,0.5,0.4375,103.2546297,126
0.53125,0.4375,118.7581586,0.5625,0.4375,134.2616876,0.53125,0.40625,126.68498,43
0.53125,0.453125,134.3960311,0.515625,0.453125,126.6442666,0.53125,0.4375,118.7581586,155
0.5,0.453125,140.721821,0.515625,0.453125,126.6442666,0.5,0.4375,103.2546297,186
0.5,0.453125,140.721821,0.5,0.46875,123.3665974,0.515625,0.453125,126.6442666,10
0.828125,0.84375,380.1403849,0.828125,0.828125,316.2315151,0.8125,0.84375,367.3211064,1
0.828125,0.84375,380.1403849,0.84375,0.84375,336.0231718,0.828125,0.828125,316.2315151,0
0.828125,0.8125,349.3453744,0.828125,0.828125,316.2315151,0.84375,0.8125,272.5154013,1
0.828125,0.8125,349.3453744,0.8125,0.8125,296.4398584,0.828125,0.828125,316.2315151,3
0.828125,0.84375,380.1403849,0.828125,0.859375,336.2403923,0.8125,0.84375,367.3211064,0
0.828125,0.84375,380.1403849,0.84375,0.84375,336.0231718,0.828125,0.859375,336.2403923,1
0.84375,0.59375,223.8100074,0.8125,0.625,231.826314,0.875,0.625,238.7970383,13
0.84375,0.59375,223.8100074,0.8125,0.5625,208.8229764,0.8125,0.625,231.826314,77
0.03125,0.28125,-766.1285454,0.0625,0.25,-581.6794557,0.0625,0.3125,-571.1831936,2
0.09375,0.28125,-386.7341039,0.0625,0.25,-581.6794557,0.0625,0.3125,-571.1831936,1
0.09375,0.28125,-386.7341039,0.125,0.25,-202.2850142,0.0625,0.25,-581.6794557,0
0.03125,0.34375,-877.8723179,0,0.375,-1184.561442,0,0.3125,-1072.81767,0
0,0.1875,-827.3125011,0,0.125,-693.551105,0.0625,0.1875,-634.9256425,0
0.125,0.1875,-255.531201,0.125,0.125,-308.7773879,0.0625,0.1875,-634.9256425,3
0.09375,0.21875,-418.6053284,0.0625,0.25,-581.6794557,0.0625,0.1875,-634.9256425,0
0.09375,0.21875,-418.6053284,0.125,0.25,-202.2850142,0.0625,0.25,-581.6794557,1
0.03125,0.21875,-797.9997698,0.0625,0.25,-581.6794557,0.0625,0.1875,-634.9256425,0
0.09375,0.40625,-309.8739154,0.0625,0.375,-512.0215892,0.125,0.375,-181.2924901,8
0.09375,0.34375,-376.2378419,0.0625,0.375,-512.0215892,0.125,0.375,-181.2924901,18
0.640625,0.65625,205.0020895,0.640625,0.640625,206.312773,0.625,0.65625,196.2055404,202
0.15625,0.21875,-190.2732183,0.1875,0.25,-105.2025816,0.1875,0.1875,-90.03931359,1240
0.15625,0.21875,-190.2732183,0.125,0.25,-202.2850142,0.1875,0.25,-105.2025816,921
0.125,0.21875,-263.7224654,0.09375,0.21875,-418.6053284,0.125,0.25,-202.2850142,1
0.125,0.21875,-263.7224654,0.125,0.1875,-255.531201,0.09375,0.21875,-418.6053284,0
0.828125,0.8125,349.3453744,0.828125,0.796875,302.7389518,0.84375,0.8125,272.5154013,2
0.828125,0.8125,349.3453744,0.8125,0.8125,296.4398584,0.828125,0.796875,302.7389518,0
0.84375,0.796875,339.0209062,0.828125,0.796875,302.7389518,0.84375,0.8125,272.5154013,3
0.84375,0.796875,339.0209062,0.84375,0.78125,309.0380453,0.828125,0.796875,302.7389518,176
0.8125,0.734375,293.4851124,0.828125,0.734375,304.9659067,0.8125,0.75,303.9911626,0
0.8125,0.734375,293.4851124,0.8125,0.71875,287.7285882,0.828125,0.734375,304.9659067,114
0.765625,0.765625,295.0451965,0.78125,0.78125,321.8606002,0.78125,0.75,286.1104777,7
0.796875,0.765625,312.9258814,0.78125,0.75,286.1104777,0.78125,0.78125,321.8606002,9
0.796875,0.75,295.0508201,0.796875,0.734375,285.6306048,0.8125,0.75,303.9911626,1
0.8125,0.734375,293.4851124,0.796875,0.734375,285.6306048,0.8125,0.75,303.9911626,1
0.8046875,0.7265625,286.6795965,0.8125,0.71875,287.7285882,0.8125,0.734375,293.4851124,106
0.8046875,0.7265625,286.6795965,0.8125,0.734375,293.4851124,0.796875,0.734375,285.6306048,2
0.6328125,0.7421875,196.6085164,0.625,0.75,192.7639156,0.625,0.734375,300.3051117,0
0.6328125,0.7265625,206.3383357,0.625,0.71875,212.2235542,0.625,0.734375,300.3051117,32
0.8984375,0.8515625,375.9860067,0.90625,0.84375,383.4810898,0.90625,0.859375,383.3557346,0
0.8984375,0.8671875,401.5831514,0.90625,0.875,434.6753792,0.90625,0.859375,383.3557346,9
0.78125,0.4375,101.9851392,0.78125,0.46875,116.2748122,0.75,0.4375,132.142476,208
0.78125,0.5,140.0610052,0.75,0.5,160.7218219,0.78125,0.46875,116.2748122,15
0.796875,0.453125,180.1456185,0.8125,0.46875,95.61399549,0.8125,0.4375,71.8278025,0
0.796875,0.453125,180.1456185,0.78125,0.46875,116.2748122,0.8125,0.46875,95.61399549,0
0.796875,0.484375,182.3520608,0.8125,0.46875,95.61399549,0.78125,0.46875,116.2748122,0
0.796875,0.484375,182.3520608,0.8125,0.5,119.4001885,0.8125,0.46875,95.61399549,2
0.625,0.734375,300.3051117,0.609375,0.734375,197.730394,0.625,0.75,192.7639156,0
0.625,0.734375,300.3051117,0.625,0.71875,212.2235542,0.609375,0.734375,197.730394,46
0.78125,0.90625,329.3557899,0.75,0.9375,321.9095185,0.8125,0.9375,376.7583113,4
0.0625,0.78125,-87.38054359,0.09375,0.78125,-75.97458767,0.0625,0.75,-110.1057836,76
0.078125,0.59375,-227.2231755,0.078125,0.609375,-202.9834326,0.0625,0.59375,-254.773157,52
0.078125,0.59375,-227.2231755,0.09375,0.59375,-199.6731941,0.078125,0.609375,-202.9834326,19
0.0625,0.609375,-230.5334141,0.0625,0.59375,-254.773157,0.078125,0.609375,-202.9834326,154
0.078125,0.625,-178.7436897,0.09375,0.625,-151.1937082,0.078125,0.609375,-202.9834326,1
0.0703125,0.6171875,-204.6385519,0.0625,0.609375,-230.5334141,0.078125,0.609375,-202.9834326,41
0.234375,0.5,18.05217707,0.234375,0.484375,7.625823836,0.21875,0.5,1.490199729,32
0.234375,0.5,18.05217707,0.25,0.5,34.6141544,0.234375,0.484375,7.625823836,98
0.0546875,0.6015625,-256.4282763,0.0625,0.59375,-254.773157,0.0625,0.609375,-230.5334141,39
0.0625,0.6171875,-218.4135426,0.0546875,0.6171875,-256.8997133,0.0625,0.625,-206.2936712,2
0.0546875,0.609375,-244.3084048,0.046875,0.609375,-258.0833956,0.0546875,0.6171875,-256.8997133,64
0.2265625,0.5078125,-66.02892464,0.234375,0.5,18.05217707,0.234375,0.515625,17.24005678,40
0.2265625,0.5078125,-66.02892464,0.21875,0.5,1.490199729,0.234375,0.5,18.05217707,12
0.01953125,0.57421875,-544.6976359,0.0234375,0.578125,-312.0183982,0.015625,0.578125,-711.6129617,6
0.01953125,0.57421875,-544.6976359,0.0234375,0.5703125,-568.1116279,0.0234375,0.578125,-312.0183982,5
0.009765625,0.525390625,-761.854674,0.01171875,0.5234375,-824.2479944,0.0078125,0.5234375,-923.9950265,12
0.02734375,0.57421875,-403.250585,0.0234375,0.578125,-312.0183982,0.0234375,0.5703125,-568.1116279,2
0.02734375,0.57421875,-403.250585,0.03125,0.578125,-367.241707,0.0234375,0.578125,-312.0183982,7
0.03125,0.640625,-245.7520257,0.046875,0.640625,-226.1617354,0.03125,0.625,-245.4742517,66
0.03125,0.640625,-245.7520257,0.03125,0.65625,-246.0297997,0.046875,0.640625,-226.1617354,198
0.7890625,0.7109375,267.0301107,0.78125,0.703125,250.9717092,0.78125,0.71875,267.2700471,1
0.7890625,0.7109375,267.0301107,0.796875,0.703125,266.7901742,0.78125,0.703125,250.9717092,3
0.7734375,0.71875,265.0601361,0.7734375,0.7109375,262.6102887,0.765625,0.71875,262.8502251,0
0.7734375,0.71875,265.0601361,0.78125,0.71875,267.2700471,0.7734375,0.7109375,262.6102887,0
0.4921875,0.4609375,123.799435,0.484375,0.46875,134.2882565,0.484375,0.453125,124.2322726,0
0.4921875,0.4609375,123.799435,0.5,0.46875,123.3665974,0.484375,0.46875,134.2882565,2
0.00390625,0.65234375,157.615614,0,0.6484375,314.0915343,0.0078125,0.6484375,-153.0739557,10
0.484375,0.484375,155.5080175,0.46875,0.5,122.9795258,0.46875,0.46875,145.2099156,0
0.484375,0.484375,155.5080175,0.5,0.5,165.8061194,0.46875,0.5,122.9795258,9
0.796875,0.453125,180.1456185,0.78125,0.4375,101.9851392,0.8125,0.4375,71.8278025,4
0.796875,0.453125,180.1456185,0.78125,0.46875,116.2748122,0.78125,0.4375,101.9851392,0
0.015625,0.52734375,-846.6286889,0.015625,0.5234375,-724.5009623,0.01953125,0.52734375,-706.0529805,10
0.01171875,0.51171875,-813.0294316,0.015625,0.5078125,-555.1131137,0.015625,0.515625,-480.245509,10
0.01171875,0.51171875,-813.0294316,0.0078125,0.5078125,-707.9473318,0.015625,0.5078125,-555.1131137,8
0.0078125,0.52734375,-698.2098423,0.00390625,0.52734375,-729.9339835,0.0078125,0.53125,-745.4900534,5
0.005859375,0.525390625,-826.9625927,0.00390625,0.52734375,-729.9339835,0.0078125,0.52734375,-698.2098423,9
0.609375,0.65625,200.9669544,0.609375,0.671875,199.6562709,0.625,0.65625,196.2055404,3
0.21875,0.59375,105.3192544,0.1875,0.625,-5.937648945,0.1875,0.5625,2.81169174,1
0.7578125,0.7265625,389.1512039,0.765625,0.71875,262.8502251,0.765625,0.734375,267.74992,0
0.7578125,0.7265625,389.1512039,0.75,0.71875,258.4304032,0.765625,0.71875,262.8502251,25
0.0546875,0.5078125,-359.2641294,0.0625,0.5,-351.8131866,0.046875,0.5,-431.8813101,2
0.046875,0.5,-431.8813101,0.046875,0.484375,-424.0297875,0.03125,0.5,-705.9240008,2
0.046875,0.5,-431.8813101,0.0625,0.5,-351.8131866,0.046875,0.484375,-424.0297875,2
0.0546875,0.5078125,-359.2641294,0.046875,0.5,-431.8813101,0.046875,0.515625,-379.1333842,20
0.7734375,0.7109375,262.6102887,0.765625,0.703125,257.9505303,0.765625,0.71875,262.8502251,0
0.75,0.734375,263.330098,0.734375,0.734375,266.1201022,0.75,0.71875,258.4304032,24
0.75,0.734375,263.330098,0.75,0.75,268.2297929,0.734375,0.734375,266.1201022,0
0.7578125,0.7265625,389.1512039,0.75,0.734375,263.330098,0.765625,0.734375,267.74992,1
0.7578125,0.7265625,389.1512039,0.75,0.71875,258.4304032,0.75,0.734375,263.330098,38
0.046875,0.484375,-424.0297875,0.0625,0.46875,-395.1342636,0.03125,0.46875,-496.2463884,8
0.046875,0.484375,-424.0297875,0.0625,0.5,-351.8131866,0.0625,0.46875,-395.1342636,1
0.0078125,0.625,-151.8330972,0.0078125,0.6171875,-256.0486157,0,0.625,-316.4935971,5
0.0078125,0.625,-151.8330972,0.015625,0.625,-280.9839244,0.0078125,0.6171875,-256.0486157,6
0.01171875,0.59765625,-381.8941294,0.015625,0.6015625,-369.8800498,0.0078125,0.6015625,-370.5372297,44
0.01171875,0.59765625,-381.8941294,0.015625,0.59375,-393.2510292,0.015625,0.6015625,-369.8800498,54
0.01171875,0.60546875,-335.1921581,0.015625,0.6015625,-369.8800498,0.015625,0.609375,-346.5090705,23
0.01171875,0.60546875,-335.1921581,0.0078125,0.6015625,-370.5372297,0.015625,0.6015625,-369.8800498,48
0.796875,0.515625,152.0862938,0.78125,0.5,140.0610052,0.78125,0.53125,184.7723992,5
0.796875,0.515625,152.0862938,0.8125,0.5,119.4001885,0.78125,0.5,140.0610052,3
0.00390625,0.53515625,-802.0169089,0,0.5390625,-553.9378426,0.0078125,0.5390625,-557.5835594,3
0.00390625,0.53515625,-802.0169089,0,0.53125,-535.8729406,0,0.5390625,-553.9378426,26
0.921875,0.703125,314.1495185,0.90625,0.6875,302.1204081,0.9375,0.6875,318.9951479,13
0.921875,0.703125,314.1495185,0.90625,0.71875,309.3038891,0.90625,0.6875,302.1204081,13
0.13671875,0.44140625,-141.450931,0.140625,0.4453125,-128.9738417,0.1328125,0.4453125,-140.4865349,0
0.13671875,0.44140625,-141.450931,0.140625,0.4375,-142.4153272,0.140625,0.4453125,-128.9738417,0
0.078125,0.515625,-270.8656254,0.09375,0.5,-250.7010618,0.09375,0.53125,-189.9180641,36
0.078125,0.515625,-270.8656254,0.0625,0.5,-351.8131866,0.09375,0.5,-250.7010618,7
0.0546875,0.5078125,-359.2641294,0.0625,0.515625,-339.6730507,0.046875,0.515625,-379.1333842,5
0.0546875,0.5078125,-359.2641294,0.0625,0.5,-351.8131866,0.0625,0.515625,-339.6730507,1
0.046875,0.828125,5.609280004,0.0625,0.84375,-38.74378519,0.0625,0.8125,-64.65530362,25
0.046875,0.828125,5.609280004,0.03125,0.84375,75.87386363,0.0625,0.84375,-38.74378519,9
0.28125,0.484375,62.1036505,0.28125,0.46875,45.1183693,0.265625,0.484375,39.86626185,7
0.2734375,0.4921875,-26.55718725,0.28125,0.484375,62.1036505,0.265625,0.484375,39.86626185,4
0.2734375,0.4921875,-26.55718725,0.28125,0.5,59.04496071,0.28125,0.484375,62.1036505,1
0.890625,0.8671875,386.8159279,0.890625,0.859375,368.4909237,0.8828125,0.8671875,372.0487044,0
0.8828125,0.8671875,372.0487044,0.875,0.859375,378.6100763,0.875,0.875,375.6064852,0
0.8828125,0.8671875,372.0487044,0.890625,0.859375,368.4909237,0.875,0.859375,378.6100763,237
0.265625,0.484375,39.86626185,0.25,0.46875,28.4568752,0.28125,0.46875,45.1183693,59
0.265625,0.484375,39.86626185,0.25,0.5,34.6141544,0.25,0.46875,28.4568752,239
0.234375,0.484375,7.625823836,0.25,0.46875,28.4568752,0.21875,0.46875,-19.36250673,68
0.234375,0.484375,7.625823836,0.25,0.5,34.6141544,0.25,0.46875,28.4568752,141
0.0078125,0.6796875,68.09288042,0,0.671875,301.3902984,0.015625,0.671875,-130.5354102,18
0.0078125,0.6796875,68.09288042,0,0.6875,266.7211711,0,0.671875,301.3902984,1
0.0390625,0.5703125,-365.5865877,0.03125,0.578125,-367.241707,0.046875,0.578125,-306.5628814,47
0.0234375,0.5625,-505.7476751,0.0234375,0.5703125,-568.1116279,0.015625,0.5625,-528.2535195,4
0.015625,0.5703125,-469.5944023,0.0234375,0.5703125,-568.1116279,0.015625,0.5625,-528.2535195,9
0.02734375,0.56640625,-393.1532335,0.0234375,0.5625,-505.7476751,0.0234375,0.5703125,-568.1116279,0
0.02734375,0.56640625,-393.1532335,0.03125,0.5625,-424.610294,0.0234375,0.5625,-505.7476751,2
0.0234375,0.5625,-505.7476751,0.0234375,0.5546875,-501.9522361,0.015625,0.5625,-528.2535195,2
0.0234375,0.5625,-505.7476751,0.03125,0.5625,-424.610294,0.0234375,0.5546875,-501.9522361,1
0.046875,0.671875,-210.797901,0.0625,0.65625,-190.9298367,0.0625,0.6875,-175.5660023,399
0.65625,0.453125,114.9201085,0.640625,0.453125,182.1898596,0.65625,0.4375,102.8854284,0
0.65625,0.453125,114.9201085,0.65625,0.46875,157.3868877,0.640625,0.453125,182.1898596,0
0.99609375,0.93359375,301.8425338,0.9921875,0.9375,460.0814739,0.9921875,0.9296875,474.5198529,0
0.99609375,0.93359375,301.8425338,1,0.9375,493.9441711,0.9921875,0.9375,460.0814739,0
0.9921875,0.9453125,489.5927536,1,0.953125,488.0977002,0.984375,0.953125,485.2413362,0
0.9921875,0.9453125,489.5927536,1,0.9375,493.9441711,1,0.953125,488.0977002,0
0.65625,0.453125,114.9201085,0.671875,0.453125,153.3176573,0.65625,0.4375,102.8854284,0
0.65625,0.453125,114.9201085,0.65625,0.46875,157.3868877,0.671875,0.453125,153.3176573,2
0.6875,0.46875,158.079059,0.71875,0.46875,154.9851244,0.6875,0.5,166.9096911,13
0.6875,0.46875,158.079059,0.6875,0.4375,149.248427,0.71875,0.46875,154.9851244,43
0.671875,0.453125,153.3176573,0.6875,0.46875,158.079059,0.6875,0.4375,149.248427,15
0.671875,0.453125,153.3176573,0.65625,0.46875,157.3868877,0.6875,0.46875,158.079059,4
0.9921875,0.9375,460.0814739,0.9921875,0.9453125,489.5927536,1,0.9375,493.9441711,0
0.9921875,0.9375,460.0814739,0.984375,0.9375,426.2187768,0.9921875,0.9453125,489.5927536,0
0.01953125,0.52734375,-706.0529805,0.0234375,0.53125,-687.6049986,0.0234375,0.5234375,-443.3495453,3
0.01953125,0.52734375,-706.0529805,0.015625,0.53125,-968.7564156,0.0234375,0.53125,-687.6049986,4
0.015625,0.52734375,-846.6286889,0.01953125,0.52734375,-706.0529805,0.015625,0.53125,-968.7564156,4
0.0078125,0.640625,-157.4012343,0.015625,0.640625,-281.2616984,0.0078125,0.6328125,-172.3120028,39
0.5859375,0.4921875,268.8684959,0.59375,0.484375,138.1782463,0.578125,0.484375,198.073013,0
0.5859375,0.4921875,268.8684959,0.59375,0.5,156.8271271,0.59375,0.484375,138.1782463,1
0.1484375,0.4453125,-117.4611485,0.15625,0.4375,-119.3899407,0.140625,0.4375,-142.4153272,0
0.1484375,0.4296875,-132.884106,0.15625,0.4375,-119.3899407,0.140625,0.4375,-142.4153272,0
0.0078125,0.5,-592.0090774,0.015625,0.5,-629.9807185,0.0078125,0.5078125,-707.9473318,1
0.921875,0.765625,347.4934383,0.9375,0.78125,354.4337068,0.90625,0.78125,365.3905104,1
0.921875,0.765625,347.4934383,0.9375,0.75,329.5963662,0.9375,0.78125,354.4337068,26
0.953125,0.796875,371.3365541,0.9375,0.78125,354.4337068,0.9375,0.8125,391.3556944,228
0.9375,0.71875,326.5510846,0.9375,0.6875,318.9951479,0.96875,0.71875,327.2247984,12
0.96875,0.75,334.009327,0.96875,0.71875,327.2247984,1,0.75,335.4544488,12
0.953125,0.734375,328.4105823,0.96875,0.75,334.009327,0.96875,0.71875,327.2247984,7
0.953125,0.734375,328.4105823,0.9375,0.75,329.5963662,0.96875,0.75,334.009327,8
0.953125,0.796875,371.3365541,0.96875,0.78125,351.3174138,0.9375,0.78125,354.4337068,240
0.90625,0.625,253.5877064,0.90625,0.65625,266.4112677,0.9375,0.625,246.6872368,251
0.875,0.65625,262.0213533,0.90625,0.65625,266.4112677,0.875,0.6875,285.2456683,23
0.90625,0.6875,302.1204081,0.90625,0.65625,266.4112677,0.875,0.6875,285.2456683,39
0.90625,0.6875,302.1204081,0.9375,0.6875,318.9951479,0.90625,0.65625,266.4112677,48
0.9375,0.65625,315.662354,0.96875,0.65625,284.8802046,0.9375,0.625,246.6872368,33
0.9375,0.65625,315.662354,0.9375,0.6875,318.9951479,0.96875,0.65625,284.8802046,16
0.90625,0.625,253.5877064,0.90625,0.59375,243.2901586,0.9375,0.625,246.6872368,25
0.9375,0.59375,205.0699248,0.90625,0.59375,243.2901586,0.9375,0.625,246.6872368,13
0.9375,0.59375,205.0699248,0.9375,0.5625,247.7832789,0.90625,0.59375,243.2901586,24
0.9375,0.59375,205.0699248,0.96875,0.59375,249.2742701,0.9375,0.625,246.6872368,3
0.9375,0.59375,205.0699248,0.9375,0.5625,247.7832789,0.96875,0.59375,249.2742701,9
0.0078125,0.5390625,-557.5835594,0.015625,0.53125,-968.7564156,0.015625,0.546875,-579.2941782,41
0.0234375,0.5390625,-492.87388,0.015625,0.546875,-579.2941782,0.015625,0.53125,-968.7564156,8
0.640625,0.484375,-0.9508543733,0.65625,0.5,166.2175198,0.65625,0.46875,157.3868877,1
0.640625,0.484375,-0.9508543733,0.625,0.5,165.5253485,0.65625,0.5,166.2175198,5
0.96875,0.796875,351.6605156,0.984375,0.796875,386.6389389,0.96875,0.8125,344.9929862,0
0.96875,0.796875,351.6605156,0.96875,0.78125,351.3174138,0.984375,0.796875,386.6389389,42
0.9375,0.734375,216.1012092,0.953125,0.734375,328.4105823,0.9375,0.75,329.5963662,2
0.9375,0.734375,216.1012092,0.9375,0.71875,326.5510846,0.953125,0.734375,328.4105823,88
0.921875,0.71875,317.9274868,0.921875,0.734375,319.4501277,0.9375,0.71875,326.5510846,502
0.921875,0.765625,347.4934383,0.90625,0.75,337.5836832,0.90625,0.78125,365.3905104,4
0.921875,0.75,333.5900247,0.921875,0.734375,319.4501277,0.9375,0.75,329.5963662,2
0.9375,0.734375,216.1012092,0.921875,0.734375,319.4501277,0.9375,0.75,329.5963662,1
0.9375,0.734375,216.1012092,0.9375,0.71875,326.5510846,0.921875,0.734375,319.4501277,95
0.578125,0.5625,137.5179456,0.578125,0.578125,189.232631,0.59375,0.5625,162.2229446,8
0.578125,0.5625,137.5179456,0.5625,0.5625,186.0345388,0.578125,0.578125,189.232631,6
0.6875,0.734375,148.0098989,0.703125,0.734375,193.0817052,0.6875,0.75,122.1529991,0
0.6875,0.734375,148.0098989,0.6875,0.71875,219.5513409,0.703125,0.734375,193.0817052,5
0.109375,0.5625,-167.9441666,0.109375,0.578125,-161.2572676,0.125,0.5625,-122.8413411,38
0.125,0.59375,-109.4675432,0.125,0.625,-96.09374526,0.09375,0.59375,-199.6731941,189
0.09375,0.625,-151.1937082,0.125,0.625,-96.09374526,0.09375,0.59375,-199.6731941,226
0.09375,0.546875,-201.4825281,0.09375,0.53125,-189.9180641,0.109375,0.546875,-215.8834418,35
0.109375,0.5625,-167.9441666,0.109375,0.546875,-215.8834418,0.125,0.5625,-122.8413411,14
0.875,0.859375,378.6100763,0.859375,0.859375,356.9271708,0.875,0.84375,381.6136674,2
0.875,0.859375,378.6100763,0.875,0.875,375.6064852,0.859375,0.859375,356.9271708,66
0.609375,0.65625,200.9669544,0.59375,0.65625,205.7283683,0.609375,0.640625,202.2776378,396
0.9609375,0.8671875,411.4879187,0.96875,0.875,367.843142,0.953125,0.875,438.913435,0
0.9453125,0.8671875,456.476252,0.9375,0.875,457.8198086,0.953125,0.875,438.913435,0
0.953125,0.875,438.913435,0.953125,0.890625,456.797242,0.96875,0.875,367.843142,0
0.953125,0.875,438.913435,0.9375,0.875,457.8198086,0.953125,0.890625,456.797242,0
0.15625,0.6875,-57.61924836,0.15625,0.71875,-52.55901391,0.125,0.6875,-91.69380849,1
0.15625,0.6875,-57.61924836,0.1875,0.6875,-23.54468822,0.15625,0.71875,-52.55901391,0
0.09375,0.71875,-131.429937,0.125,0.75,-87.29387173,0.125,0.6875,-91.69380849,219
0.609375,0.625,141.1096569,0.609375,0.640625,202.2776378,0.59375,0.625,169.6175989,2
0.609375,0.625,141.1096569,0.609375,0.609375,195.6288152,0.59375,0.625,169.6175989,4
0.609375,0.625,141.1096569,0.625,0.625,198.8269073,0.609375,0.609375,195.6288152,5
0.0625,0.1875,-634.9256425,0,0.125,-693.551105,0.125,0.125,-308.7773879,1
0.828125,0.984375,446.3330297,0.84375,1,397.8764109,0.84375,0.96875,406.0159211,1
0.828125,0.984375,446.3330297,0.8125,1,380.7239393,0.84375,1,397.8764109,5
0.9453125,0.9296875,393.3920071,0.953125,0.9375,486.6509392,0.9375,0.9375,482.5187147,0
0.9453125,0.9296875,393.3920071,0.953125,0.921875,418.8341095,0.953125,0.9375,486.6509392,61
0.953125,0.9375,486.6509392,0.953125,0.953125,479.528608,0.96875,0.9375,471.3872464,0
0.953125,0.9375,486.6509392,0.9375,0.9375,482.5187147,0.953125,0.953125,479.528608,0
0.953125,0.84375,399.6182396,0.96875,0.84375,412.89158,0.953125,0.859375,455.1326955,4
0.96875,0.859375,390.367361,0.96875,0.84375,412.89158,0.953125,0.859375,455.1326955,4
0.9453125,0.8515625,448.5127545,0.953125,0.84375,399.6182396,0.953125,0.859375,455.1326955,0
0.9453125,0.8515625,448.5127545,0.9375,0.84375,441.8928136,0.953125,0.84375,399.6182396,0
0.9375,0.828125,372.7304405,0.953125,0.828125,402.1236372,0.9375,0.84375,441.8928136,5
0.9375,0.828125,372.7304405,0.9375,0.8125,391.3556944,0.953125,0.828125,402.1236372,2
0.953125,0.84375,399.6182396,0.953125,0.828125,402.1236372,0.9375,0.84375,441.8928136,1
0.953125,0.84375,399.6182396,0.96875,0.84375,412.89158,0.953125,0.828125,402.1236372,4
0.953125,0.8125,432.6393131,0.953125,0.828125,402.1236372,0.96875,0.8125,344.9929862,4
0.953125,0.8125,432.6393131,0.9375,0.8125,391.3556944,0.953125,0.828125,402.1236372,4
0.390625,0.453125,66.87290742,0.40625,0.4375,112.493005,0.40625,0.46875,128.4755457,3
0.390625,0.453125,66.87290742,0.375,0.4375,100.3722983,0.40625,0.4375,112.493005,16
0.421875,0.453125,53.98533958,0.40625,0.4375,112.493005,0.4375,0.4375,124.6137117,32
0.421875,0.453125,53.98533958,0.40625,0.46875,128.4755457,0.40625,0.4375,112.493005,10
0.375,0.40625,88.50165615,0.40625,0.40625,100.6223628,0.375,0.4375,100.3722983,194
0.375,0.40625,88.50165615,0.375,0.375,76.63101397,0.40625,0.40625,100.6223628,5
0.40625,0.4375,112.493005,0.40625,0.40625,100.6223628,0.375,0.4375,100.3722983,107
0.40625,0.4375,112.493005,0.4375,0.4375,124.6137117,0.40625,0.40625,100.6223628,93
0.859375,0.9375,422.6819912,0.859375,0.953125,395.7827758,0.875,0.9375,385.5496305,0
0.859375,0.9375,422.6819912,0.84375,0.9375,374.4885259,0.859375,0.953125,395.7827758,0
0.9453125,0.8515625,448.5127545,0.9375,0.84375,441.8928136,0.9375,0.859375,375.5343469,0
0.90625,0.859375,383.3557346,0.921875,0.859375,417.7750141,0.90625,0.875,434.6753792,56
0.90625,0.859375,383.3557346,0.90625,0.84375,383.4810898,0.921875,0.859375,417.7750141,0
0.921875,0.875,466.5124438,0.90625,0.875,434.6753792,0.921875,0.859375,417.7750141,1
0.84375,0.796875,339.0209062,0.859375,0.796875,348.3294474,0.84375,0.8125,272.5154013,4
0.84375,0.796875,339.0209062,0.84375,0.78125,309.0380453,0.859375,0.796875,348.3294474,80
0.875,0.796875,323.5032043,0.859375,0.796875,348.3294474,0.875,0.78125,343.5165502,5
0.875,0.796875,323.5032043,0.875,0.8125,387.6208495,0.859375,0.796875,348.3294474,4
0.875,0.796875,323.5032043,0.890625,0.796875,319.0762221,0.875,0.78125,343.5165502,31
0.875,0.796875,323.5032043,0.875,0.8125,387.6208495,0.890625,0.796875,319.0762221,3
0.90625,0.796875,348.2031833,0.890625,0.796875,319.0762221,0.90625,0.8125,402.8868675,1
0.90625,0.796875,348.2031833,0.90625,0.78125,365.3905104,0.890625,0.796875,319.0762221,436
0.125,0,-393.0073706,0,0,-426.0283129,0.125,0.125,-308.7773879,0
0.21875,0.40625,-31.67706514,0.25,0.375,9.985037589,0.1875,0.375,-85.65372627,617
0.1875,0.3125,-94.70631959,0.25,0.375,9.985037589,0.25,0.25,-8.120149042,1977
0.65625,0.40625,143.5117295,0.6875,0.375,76.68084288,0.625,0.375,137.775032,0
0.65625,0.40625,143.5117295,0.6875,0.4375,149.248427,0.6875,0.375,76.68084288,4
0.125,0.3125,-164.9843759,0.1875,0.3125,-94.70631959,0.125,0.25,-202.2850142,741
0.1875,0.25,-105.2025816,0.25,0.25,-8.120149042,0.1875,0.3125,-94.70631959,1155
0.1875,0.25,-105.2025816,0.1875,0.3125,-94.70631959,0.125,0.25,-202.2850142,501
0.09375,0.28125,-386.7341039,0.125,0.25,-202.2850142,0.125,0.3125,-164.9843759,6
0.09375,0.34375,-376.2378419,0.125,0.3125,-164.9843759,0.125,0.375,-181.2924901,12
0.1875,0.375,-85.65372627,0.1875,0.3125,-94.70631959,0.25,0.375,9.985037589,1506
0.15625,0.34375,-82.01692105,0.125,0.3125,-164.9843759,0.1875,0.3125,-94.70631959,52
0.15625,0.34375,-82.01692105,0.125,0.375,-181.2924901,0.125,0.3125,-164.9843759,165
0.90625,0.53125,162.930917,0.875,0.5625,163.8182406,0.9375,0.5625,247.7832789,29
0.15625,0.375,-133.4731082,0.15625,0.34375,-82.01692105,0.1875,0.375,-85.65372627,6
0.15625,0.375,-133.4731082,0.125,0.375,-181.2924901,0.15625,0.34375,-82.01692105,100
0.953125,0.953125,479.528608,0.96875,0.96875,476.5385012,0.96875,0.9375,471.3872464,3
0.96875,0.65625,284.8802046,1,0.6875,271.0466158,0.9375,0.6875,318.9951479,37
0.96875,0.65625,284.8802046,1,0.625,250.7652612,1,0.6875,271.0466158,6
0.96875,0.71875,327.2247984,1,0.6875,271.0466158,0.9375,0.6875,318.9951479,33
0.96875,0.71875,327.2247984,1,0.75,335.4544488,1,0.6875,271.0466158,31
0.03125,0.84375,75.87386363,0,0.875,216.4030309,0,0.8125,542.0858084,16
0.96875,0.59375,249.2742701,1,0.5625,261.6176261,0.9375,0.5625,247.7832789,7
0.96875,0.59375,249.2742701,1,0.625,250.7652612,1,0.5625,261.6176261,2
0.90625,0.96875,448.7737986,0.875,1,415.0288825,0.9375,1,496.6174794,37
0.953125,0.890625,456.797242,0.96875,0.875,367.843142,0.96875,0.90625,455.7746754,2
0.65625,0.5625,181.2550453,0.6875,0.5625,190.758193,0.65625,0.53125,178.1417707,16
0.609375,0.546875,163.7001407,0.625,0.53125,151.4504558,0.59375,0.53125,175.7799437,13
0.65625,0.5,166.2175198,0.65625,0.53125,178.1417707,0.6875,0.5,166.9096911,75
0.65625,0.5,166.2175198,0.625,0.5,165.5253485,0.65625,0.53125,178.1417707,50
0.0625,0.46875,-395.1342636,0.09375,0.46875,-294.0221388,0.0625,0.5,-351.8131866,0
0.0625,0.46875,-395.1342636,0.0625,0.4375,-438.4553407,0.09375,0.46875,-294.0221388,3
0.828125,0.859375,336.2403923,0.8125,0.875,336.4576129,0.8125,0.84375,367.3211064,65
0.828125,0.828125,316.2315151,0.8125,0.84375,367.3211064,0.8125,0.8125,296.4398584,8
0.8125,0.84375,367.3211064,0.78125,0.84375,289.1965635,0.8125,0.875,336.4576129,49
0.8125,0.84375,367.3211064,0.8125,0.8125,296.4398584,0.78125,0.84375,289.1965635,8
0.125,0.46875,-157.5148253,0.15625,0.46875,-65.62399891,0.125,0.5,-149.588937,53
0.15625,0.5,-90.61134598,0.1875,0.5,-31.63375494,0.15625,0.46875,-65.62399891,2
0.1875,0.46875,-52.48646141,0.15625,0.46875,-65.62399891,0.1875,0.5,-31.63375494,1
0.640625,0.546875,164.8810542,0.65625,0.5625,181.2550453,0.65625,0.53125,178.1417707,4
0.640625,0.546875,164.8810542,0.625,0.5625,151.6203377,0.65625,0.5625,181.2550453,4
0.84375,0.5,98.73937174,0.84375,0.46875,74.95317876,0.875,0.5,78.07855502,0
0.84375,0.5,98.73937174,0.8125,0.5,119.4001885,0.84375,0.46875,74.95317876,0
0.921875,0.890625,443.4412043,0.9375,0.875,457.8198086,0.9375,0.90625,426.9985909,2
0.953125,0.921875,418.8341095,0.96875,0.90625,455.7746754,0.9375,0.90625,426.9985909,0
0.953125,0.890625,456.797242,0.9375,0.90625,426.9985909,0.96875,0.90625,455.7746754,9
0.953125,0.890625,456.797242,0.9375,0.875,457.8198086,0.9375,0.90625,426.9985909,4
0.640625,0.578125,196.4891861,0.65625,0.5625,181.2550453,0.65625,0.59375,194.7925502,109
0.640625,0.578125,196.4891861,0.625,0.5625,151.6203377,0.65625,0.5625,181.2550453,27
0.84375,0.46875,74.95317876,0.875,0.4375,88.02925157,0.8125,0.4375,71.8278025,0
0.84375,0.46875,74.95317876,0.875,0.5,78.07855502,0.875,0.4375,88.02925157,0
0.890625,0.953125,417.1617145,0.875,0.96875,453.351273,0.90625,0.96875,448.7737986,3
0.890625,0.953125,417.1617145,0.875,0.9375,385.5496305,0.875,0.96875,453.351273,3
0.859375,0.953125,395.7827758,0.875,0.96875,453.351273,0.84375,0.96875,406.0159211,8
0.859375,0.953125,395.7827758,0.875,0.9375,385.5496305,0.875,0.96875,453.351273,4
0.578125,0.734375,151.8423444,0.5625,0.71875,273.5562667,0.59375,0.71875,202.6968725,380
0,0.125,-693.551105,0,0,-426.0283129,0.125,0.125,-308.7773879,0
0.578125,0.578125,189.232631,0.5625,0.59375,147.65419,0.5625,0.5625,186.0345388,283
0.890625,0.765625,355.4807553,0.90625,0.75,337.5836832,0.90625,0.78125,365.3905104,7
0.875,0.4375,88.02925157,0.9375,0.4375,184.9851782,0.875,0.5,78.07855502,6
0.875,0.4375,88.02925157,0.875,0.375,97.97994812,0.9375,0.4375,184.9851782,2
0.9375,0.65625,315.662354,0.90625,0.65625,266.4112677,0.9375,0.625,246.6872368,479
0.9375,0.65625,315.662354,0.9375,0.6875,318.9951479,0.90625,0.65625,266.4112677,30
0.90625,0.53125,162.930917,0.9375,0.5,191.4447381,0.9375,0.5625,247.7832789,31
0.90625,0.53125,162.930917,0.875,0.5,78.07855502,0.9375,0.5,191.4447381,11
0.8125,0.96875,389.6492962,0.8125,0.9375,376.7583113,0.84375,0.96875,406.0159211,0
0.546875,0.609375,194.2634474,0.53125,0.625,145.8541926,0.53125,0.59375,165.0542047,0
0.046875,0.703125,-141.3172161,0.03125,0.71875,-107.06843,0.0625,0.71875,-142.8358929,171
0.8125,0.3125,94.88019867,0.875,0.25,138.6185439,0.75,0.25,91.78044922,0
0.8125,0.3125,94.88019867,0.875,0.375,97.97994812,0.875,0.25,138.6185439,0
0.8125,0.46875,95.61399549,0.84375,0.46875,74.95317876,0.8125,0.5,119.4001885,1
0.8125,0.46875,95.61399549,0.8125,0.4375,71.8278025,0.84375,0.46875,74.95317876,1
0.78125,0.84375,289.1965635,0.75,0.875,281.9532686,0.75,0.8125,275.0915307,0
0.78125,0.78125,321.8606002,0.8125,0.8125,296.4398584,0.75,0.8125,275.0915307,45
0.765625,0.703125,257.9505303,0.75,0.6875,248.6310135,0.78125,0.6875,234.6733712,2
0.796875,0.703125,266.7901742,0.8125,0.6875,266.3103013,0.78125,0.6875,234.6733712,19
0.8125,0.65625,249.0683077,0.78125,0.65625,252.3957312,0.8125,0.625,231.826314,525
0.8125,0.65625,249.0683077,0.8125,0.6875,266.3103013,0.78125,0.65625,252.3957312,25
0.5625,0.640625,167.7415087,0.578125,0.640625,166.5699201,0.5625,0.625,223.4726902,4
0.5625,0.640625,167.7415087,0.5625,0.65625,193.2481127,0.578125,0.640625,166.5699201,31
0.5625,0.65625,193.2481127,0.5625,0.6875,212.6298293,0.59375,0.65625,205.7283683,10
0.578125,0.640625,166.5699201,0.59375,0.625,169.6175989,0.59375,0.65625,205.7283683,336
0.578125,0.640625,166.5699201,0.5625,0.625,223.4726902,0.59375,0.625,169.6175989,3
0.578125,0.515625,139.7042244,0.59375,0.5,156.8271271,0.59375,0.53125,175.7799437,174
0.59375,0.5,156.8271271,0.59375,0.53125,175.7799437,0.625,0.5,165.5253485,391
0.5625,0.515625,176.2461758,0.578125,0.515625,139.7042244,0.5625,0.5,103.6285052,1024
0.5625,0.515625,176.2461758,0.5625,0.53125,144.831522,0.578125,0.515625,139.7042244,2
0.609375,0.484375,142.527357,0.625,0.5,165.5253485,0.59375,0.5,156.8271271,2
0.625,0.53125,151.4504558,0.59375,0.53125,175.7799437,0.625,0.5,165.5253485,22
0.609375,0.453125,160.1901629,0.59375,0.4375,84.7199745,0.59375,0.46875,119.5293655,12
0.53125,0.75,169.4695421,0.53125,0.71875,225.2905486,0.5,0.75,237.951268,0
0.5625,0.71875,273.5562667,0.5625,0.6875,212.6298293,0.53125,0.71875,225.2905486,3
0.546875,0.734375,163.1391825,0.5625,0.71875,273.5562667,0.53125,0.71875,225.2905486,7
0.5,0.59375,204.2062331,0.46875,0.59375,167.6737747,0.5,0.625,222.6035155,0
0.5,0.59375,204.2062331,0.5,0.5625,67.30828554,0.46875,0.59375,167.6737747,5
0.859375,0.859375,356.9271708,0.84375,0.875,395.3289069,0.84375,0.84375,336.0231718,208
0.859375,0.859375,356.9271708,0.875,0.875,375.6064852,0.84375,0.875,395.3289069,7
0.828125,0.859375,336.2403923,0.84375,0.875,395.3289069,0.84375,0.84375,336.0231718,104
0.828125,0.859375,336.2403923,0.8125,0.875,336.4576129,0.84375,0.875,395.3289069,30
0.46875,0.5625,176.8621438,0.46875,0.59375,167.6737747,0.5,0.5625,67.30828554,6
0.46875,0.5625,176.8621438,0.4375,0.5625,112.7440338,0.46875,0.59375,167.6737747,4
0.875,0.53125,136.6672619,0.84375,0.53125,143.4507657,0.875,0.5,78.07855502,5
0.875,0.53125,136.6672619,0.875,0.5625,163.8182406,0.84375,0.53125,143.4507657,2
0.84375,0.5,98.73937174,0.84375,0.53125,143.4507657,0.875,0.5,78.07855502,2
0.671875,0.609375,213.1332463,0.65625,0.625,324.6068383,0.65625,0.59375,194.7925502,18
0.640625,0.609375,196.8097287,0.65625,0.59375,194.7925502,0.65625,0.625,324.6068383,13
0.875,0.53125,136.6672619,0.90625,0.53125,162.930917,0.875,0.5,78.07855502,8
0.875,0.53125,136.6672619,0.875,0.5625,163.8182406,0.90625,0.53125,162.930917,3
0.125,0.53125,-136.2151391,0.09375,0.53125,-189.9180641,0.125,0.5,-149.588937,428
0.09375,0.5,-250.7010618,0.125,0.5,-149.588937,0.09375,0.53125,-189.9180641,112
0.15625,0.34375,-82.01692105,0.1875,0.375,-85.65372627,0.1875,0.3125,-94.70631959,29
0.890625,0.953125,417.1617145,0.90625,0.9375,458.5725693,0.90625,0.96875,448.7737986,0
0.921875,0.953125,465.6462567,0.90625,0.96875,448.7737986,0.90625,0.9375,458.5725693,0
0.53125,0.53125,175.9203291,0.5,0.5625,67.30828554,0.5,0.5,165.8061194,69
0.4375,0.5,80.15293207,0.4375,0.5625,112.7440338,0.375,0.5,132.3373796,15
0.375,0.5625,133.1906115,0.4375,0.5625,112.7440338,0.375,0.5,132.3373796,0
0.375,0.5625,133.1906115,0.375,0.625,66.12768964,0.4375,0.5625,112.7440338,9
0.4375,0.625,108.7292176,0.375,0.625,66.12768964,0.4375,0.5625,112.7440338,1
0.46875,0.53125,139.2750766,0.5,0.5625,67.30828554,0.5,0.5,165.8061194,65
0.484375,0.484375,155.5080175,0.5,0.5,165.8061194,0.5,0.46875,123.3665974,85
0.25,0.53125,16.3016439,0.25,0.5625,-2.010866604,0.28125,0.53125,42.49253821,39
0.375,0.5625,133.1906115,0.375,0.625,66.12768964,0.3125,0.5625,50.37092202,12
0.75,0.5625,177.3622805,0.75,0.625,236.414209,0.8125,0.5625,208.8229764,2287
0.25,0.875,99.00022988,0.125,0.875,-125.6730117,0.25,1,148.9960909,0
0.0234375,0.5078125,-624.809501,0.03125,0.5,-705.9240008,0.015625,0.5,-629.9807185,0
0.609375,0.4375,204.9894688,0.609375,0.421875,171.5055956,0.625,0.4375,206.9928314,3
0.609375,0.4375,204.9894688,0.59375,0.4375,84.7199745,0.609375,0.421875,171.5055956,2
0.359375,0.46875,45.45967405,0.359375,0.484375,53.42765351,0.375,0.46875,116.4014207,0
0.359375,0.46875,45.45967405,0.34375,0.46875,-25.4820726,0.359375,0.484375,53.42765351,1
0.0234375,0.6015625,-328.1910952,0.015625,0.609375,-346.5090705,0.03125,0.609375,-345.7474323,64
0.015625,0.734375,98.52432172,0.03125,0.75,-74.33832063,0.03125,0.71875,-107.06843,147
0.046875,0.625,-277.1236267,0.046875,0.609375,-258.0833956,0.03125,0.625,-245.4742517,8
0.015625,0.65625,-135.4580064,0.03125,0.65625,-246.0297997,0.015625,0.640625,-281.2616984,377
0.0390625,0.6015625,-327.8585733,0.046875,0.609375,-258.0833956,0.03125,0.609375,-345.7474323,122
0.015625,0.78125,312.0016854,0.015625,0.765625,281.0849516,0,0.78125,270.1657816,4
0.015625,0.78125,312.0016854,0.03125,0.78125,-51.61308066,0.015625,0.765625,281.0849516,17
0.0390625,0.6640625,-228.4138503,0.046875,0.65625,-218.4798182,0.046875,0.671875,-210.797901,54
0.00390625,0.51953125,-771.9967353,0.0078125,0.515625,-550.1219765,0.0078125,0.5234375,-923.9950265,19
0.01171875,0.51953125,-702.1202677,0.0078125,0.5234375,-923.9950265,0.0078125,0.515625,-550.1219765,31
0.01171875,0.51171875,-813.0294316,0.0078125,0.5078125,-707.9473318,0.0078125,0.515625,-550.1219765,16
0.0546875,0.6328125,-238.7432393,0.046875,0.625,-277.1236267,0.046875,0.640625,-226.1617354,26
0.0546875,0.6328125,-238.7432393,0.0625,0.625,-206.2936712,0.046875,0.625,-277.1236267,13
0.015625,0.71875,3.50336335,0.03125,0.71875,-107.06843,0.015625,0.734375,98.52432172,172
0.125,0.65625,-93.89377688,0.09375,0.65625,-135.8298738,0.125,0.6875,-91.69380849,186
0.53125,0.5,134.7173123,0.5,0.5,165.8061194,0.53125,0.53125,175.9203291,321
0.578125,0.5625,137.5179456,0.578125,0.546875,175.3627724,0.59375,0.5625,162.2229446,0
0.578125,0.5625,137.5179456,0.5625,0.5625,186.0345388,0.578125,0.546875,175.3627724,1
0.53125,0.5625,126.6714122,0.53125,0.53125,175.9203291,0.5,0.5625,67.30828554,6
0.5,0.125,-131.3389174,0.375,0.125,58.87993893,0.5,0,-45.52559018,36
0.5,0.125,-131.3389174,0.5,0.25,48.45093515,0.375,0.125,58.87993893,370
0.375,0,-155.2461158,0.375,0.125,58.87993893,0.5,0,-45.52559018,9
0.625,0.71875,212.2235542,0.625,0.6875,193.5841734,0.59375,0.71875,202.6968725,40
0.46875,0.53125,139.2750766,0.4375,0.5625,112.7440338,0.4375,0.5,80.15293207,0
0.40625,0.46875,128.4755457,0.375,0.5,132.3373796,0.4375,0.5,80.15293207,17
0.1875,0.125,-164.7551782,0.125,0.125,-308.7773879,0.1875,0.0625,-192.9595806,676
0.3125,0.6875,57.56602923,0.375,0.75,143.4778184,0.375,0.625,66.12768964,0
0.3125,0.6875,57.56602923,0.25,0.75,49.00436881,0.375,0.75,143.4778184,0
0.78125,0.46875,116.2748122,0.75,0.5,160.7218219,0.75,0.4375,132.142476,38
0.6875,0.9375,324.4333496,0.625,1,302.9706512,0.625,0.875,295.0141561,0
0.6875,0.9375,324.4333496,0.75,1,353.8525431,0.625,1,302.9706512,0
0.875,0,62.81075429,0.875,0.125,95.35165917,1,0,98.92286912,0
0.875,0,62.81075429,0.75,0,26.69863947,0.875,0.125,95.35165917,0
0.75,0.125,59.23954434,0.875,0.125,95.35165917,0.75,0,26.69863947,0
0.75,0.125,59.23954434,0.75,0.25,91.78044922,0.875,0.125,95.35165917,0
0.71875,0.46875,154.9851244,0.75,0.5,160.7218219,0.6875,0.5,166.9096911,21
0.4375,0.6875,152.0394788,0.375,0.75,143.4778184,0.375,0.625,66.12768964,0
0.4375,0.6875,152.0394788,0.5,0.75,237.951268,0.375,0.75,143.4778184,1
0.4375,0.3125,62.54097456,0.375,0.25,30.22741219,0.375,0.375,76.63101397,1424
0.4375,0.3125,62.54097456,0.5,0.25,48.45093515,0.375,0.25,30.22741219,1507
0.71875,0.84375,288.9406617,0.6875,0.875,291.0101751,0.6875,0.8125,295.9280548,0
0.71875,0.84375,288.9406617,0.75,0.875,281.9532686,0.6875,0.875,291.0101751,4
0.75,0.5625,177.3622805,0.6875,0.5625,190.758193,0.75,0.5,160.7218219,185
0.65625,0.5625,181.2550453,0.6875,0.5625,190.758193,0.65625,0.59375,194.7925502,144
0.84375,0.5625,186.3206085,0.84375,0.53125,143.4507657,0.875,0.5625,163.8182406,6
0.6875,0.5,166.9096911,0.6875,0.5625,190.758193,0.75,0.5,160.7218219,951
0.109375,0.546875,-215.8834418,0.125,0.53125,-136.2151391,0.09375,0.53125,-189.9180641,92
0.109375,0.546875,-215.8834418,0.125,0.5625,-122.8413411,0.125,0.53125,-136.2151391,85
0.765625,0.765625,295.0451965,0.75,0.78125,307.712621,0.75,0.75,268.2297929,5
0.765625,0.765625,295.0451965,0.78125,0.78125,321.8606002,0.75,0.78125,307.712621,3
0.734375,0.765625,351.0698876,0.75,0.78125,307.712621,0.75,0.75,268.2297929,2
0.734375,0.765625,351.0698876,0.71875,0.78125,282.0789238,0.75,0.78125,307.712621,2
0.734375,0.796875,327.0204353,0.75,0.78125,307.712621,0.71875,0.78125,282.0789238,5
0.734375,0.796875,327.0204353,0.75,0.8125,275.0915307,0.75,0.78125,307.712621,11
0.984375,1,563.4749933,0.96875,1,483.5878835,0.984375,0.984375,473.5483945,38
0.984375,0.953125,485.2413362,1,0.96875,482.2512294,0.96875,0.96875,476.5385012,4
0.984375,0.984375,473.5483945,1,0.96875,482.2512294,0.96875,0.96875,476.5385012,0
1,0.984375,476.4047585,1,0.96875,482.2512294,0.984375,0.984375,473.5483945,1
0.9921875,0.9921875,472.0533411,0.984375,1,563.4749933,0.984375,0.984375,473.5483945,0
0.140625,0.578125,-89.96146716,0.15625,0.5625,-60.0148247,0.15625,0.59375,-57.08159318,1
0.140625,0.546875,-156.0036676,0.15625,0.5625,-60.0148247,0.15625,0.53125,-111.8272301,0
0.140625,0.5625,-91.42808292,0.140625,0.546875,-156.0036676,0.125,0.5625,-122.8413411,1
0.140625,0.5625,-91.42808292,0.15625,0.5625,-60.0148247,0.140625,0.546875,-156.0036676,0
0.421875,0.453125,53.98533958,0.4375,0.46875,102.3833219,0.4375,0.4375,124.6137117,0
0.421875,0.453125,53.98533958,0.40625,0.46875,128.4755457,0.4375,0.46875,102.3833219,0
0.625,0.546875,141.235242,0.609375,0.546875,163.7001407,0.625,0.53125,151.4504558,12
0.625,0.546875,141.235242,0.625,0.5625,151.6203377,0.609375,0.546875,163.7001407,0
0.625,0.546875,141.235242,0.640625,0.546875,164.8810542,0.625,0.53125,151.4504558,2
0.625,0.546875,141.235242,0.625,0.5625,151.6203377,0.640625,0.546875,164.8810542,0
0.21875,0.125,-150.2491983,0.21875,0.09375,-106.8462745,0.25,0.125,-20.73296851,0
0.21875,0.125,-150.2491983,0.1875,0.125,-164.7551782,0.21875,0.09375,-106.8462745,1
0.21875,0.15625,-55.38614105,0.25,0.1875,-14.42655877,0.1875,0.1875,-90.03931359,41
0.28125,0.15625,2.32346322,0.25,0.1875,-14.42655877,0.3125,0.1875,25.37989495,18
0.25,0.15625,-139.9704105,0.21875,0.15625,-55.38614105,0.25,0.125,-20.73296851,0
0.25,0.15625,-139.9704105,0.25,0.1875,-14.42655877,0.21875,0.15625,-55.38614105,0
0.21875,0.125,-150.2491983,0.21875,0.15625,-55.38614105,0.25,0.125,-20.73296851,0
0.21875,0.125,-150.2491983,0.1875,0.125,-164.7551782,0.21875,0.15625,-55.38614105,3
0.8125,0.90625,356.6079621,0.78125,0.90625,329.3557899,0.8125,0.875,336.4576129,0
0.8125,0.90625,356.6079621,0.8125,0.9375,376.7583113,0.78125,0.90625,329.3557899,2
0.828125,0.921875,376.4703547,0.8125,0.90625,356.6079621,0.84375,0.90625,376.1823982,1
0.828125,0.921875,376.4703547,0.8125,0.9375,376.7583113,0.8125,0.90625,356.6079621,5
0.84375,0.921875,411.9279754,0.828125,0.921875,376.4703547,0.84375,0.9375,374.4885259,24
0.84375,0.921875,411.9279754,0.84375,0.90625,376.1823982,0.828125,0.921875,376.4703547,1
0.1875,0.40625,-28.6448433,0.21875,0.40625,-31.67706514,0.1875,0.375,-85.65372627,13
0.1875,0.40625,-28.6448433,0.1875,0.4375,-73.33916787,0.21875,0.40625,-31.67706514,21
0.171875,0.390625,-75.56501733,0.1875,0.40625,-28.6448433,0.15625,0.40625,-127.315829,4
0.171875,0.390625,-75.56501733,0.1875,0.375,-85.65372627,0.1875,0.40625,-28.6448433,4
0.171875,0.421875,-100.3274984,0.1875,0.40625,-28.6448433,0.15625,0.40625,-127.315829,0
0.171875,0.421875,-100.3274984,0.1875,0.4375,-73.33916787,0.1875,0.40625,-28.6448433,0
0.875,0.59375,201.3076394,0.90625,0.59375,243.2901586,0.875,0.5625,163.8182406,19
0.890625,0.828125,385.5509697,0.90625,0.8125,402.8868675,0.90625,0.84375,383.4810898,8
0.890625,0.828125,385.5509697,0.875,0.8125,387.6208495,0.90625,0.8125,402.8868675,3
0.921875,0.828125,367.9541037,0.90625,0.8125,402.8868675,0.90625,0.84375,383.4810898,6
0.921875,0.828125,367.9541037,0.9375,0.8125,391.3556944,0.90625,0.8125,402.8868675,2
0.921875,0.796875,378.3731024,0.90625,0.8125,402.8868675,0.9375,0.8125,391.3556944,2
0.890625,0.796875,319.0762221,0.875,0.8125,387.6208495,0.90625,0.8125,402.8868675,7
0.890625,0.609375,241.0435984,0.90625,0.59375,243.2901586,0.90625,0.625,253.5877064,9
0.890625,0.640625,252.604153,0.90625,0.65625,266.4112677,0.90625,0.625,253.5877064,172
0.046875,0.65625,-218.4798182,0.03125,0.65625,-246.0297997,0.046875,0.640625,-226.1617354,158
0.09375,0.640625,-143.511791,0.09375,0.65625,-135.8298738,0.078125,0.640625,-171.0617725,98
0.5625,0.8125,266.482712,0.5,0.875,243.8231902,0.625,0.875,295.0141561,3
0.4375,0.8125,195.2813935,0.5,0.875,243.8231902,0.375,0.875,152.611519,0
0.5625,0.3125,93.11298357,0.625,0.25,35.57746749,0.625,0.375,137.775032,2
0.5625,0.3125,93.11298357,0.5,0.25,48.45093515,0.625,0.25,35.57746749,10
0.6875,0.3125,114.7777406,0.625,0.25,35.57746749,0.625,0.375,137.775032,0
0.6875,0.3125,114.7777406,0.75,0.25,91.78044922,0.625,0.25,35.57746749,1
0.53125,0.6875,213.5506994,0.53125,0.71875,225.2905486,0.5,0.6875,214.4715694,0
0.53125,0.6875,213.5506994,0.5625,0.6875,212.6298293,0.53125,0.71875,225.2905486,2
0.03125,0.875,208.7045953,0.03125,0.90625,87.22664069,0,0.875,216.4030309,2
0.03125,0.875,208.7045953,0.0625,0.875,-12.83226676,0.03125,0.90625,87.22664069,5
0.03125,0.90625,87.22664069,0,0.9375,129.0882718,0.0625,0.9375,-41.9497495,1
0.03125,0.90625,87.22664069,0,0.875,216.4030309,0,0.9375,129.0882718,0
0.03125,0.8125,238.7152524,0.03125,0.84375,75.87386363,0,0.8125,542.0858084,15
0.03125,0.875,208.7045953,0.03125,0.84375,75.87386363,0,0.875,216.4030309,3
0.03125,0.875,208.7045953,0.0625,0.875,-12.83226676,0.03125,0.84375,75.87386363,8
0.0625,0.84375,-38.74378519,0.03125,0.84375,75.87386363,0.0625,0.875,-12.83226676,43
0.96875,0.921875,442.1279123,0.953125,0.921875,418.8341095,0.96875,0.9375,471.3872464,76
0.96875,0.921875,442.1279123,0.96875,0.90625,455.7746754,0.953125,0.921875,418.8341095,0
0.9375,0.921875,454.7586528,0.953125,0.921875,418.8341095,0.9375,0.90625,426.9985909,0
0.9453125,0.9296875,393.3920071,0.953125,0.921875,418.8341095,0.9375,0.921875,454.7586528,0
0.171875,0.515625,38.81476106,0.1875,0.53125,-14.4110316,0.15625,0.53125,-111.8272301,0
0.171875,0.515625,38.81476106,0.1875,0.5,-31.63375494,0.1875,0.53125,-14.4110316,0
0.203125,0.515625,-15.88389789,0.1875,0.53125,-14.4110316,0.21875,0.53125,-0.1340408412,0
0.203125,0.515625,-15.88389789,0.1875,0.5,-31.63375494,0.1875,0.53125,-14.4110316,0
0.953125,0.9375,486.6509392,0.953125,0.921875,418.8341095,0.96875,0.9375,471.3872464,95
0.609375,0.421875,171.5055956,0.625,0.40625,172.3839317,0.59375,0.40625,136.0183598,0
0.609375,0.421875,171.5055956,0.625,0.4375,206.9928314,0.625,0.40625,172.3839317,0
0.578125,0.546875,175.3627724,0.5625,0.53125,144.831522,0.5625,0.5625,186.0345388,4
0.578125,0.546875,175.3627724,0.59375,0.53125,175.7799437,0.5625,0.53125,144.831522,0
0.5625,0.734375,185.9462336,0.578125,0.734375,151.8423444,0.5625,0.75,100.9878163,0
0.5625,0.734375,185.9462336,0.5625,0.71875,273.5562667,0.578125,0.734375,151.8423444,2
0.53125,0.75,169.4695421,0.53125,0.78125,252.21699,0.5,0.75,237.951268,0
0.53125,0.75,169.4695421,0.5625,0.75,100.9878163,0.53125,0.78125,252.21699,0
0.53125,0.78125,252.21699,0.5,0.8125,240.8872291,0.5625,0.8125,266.482712,0
0.53125,0.78125,252.21699,0.5,0.75,237.951268,0.5,0.8125,240.8872291,0
0.15625,0.5,-90.61134598,0.15625,0.46875,-65.62399891,0.125,0.5,-149.588937,15
0.53125,0.40625,126.68498,0.5625,0.375,79.46454296,0.5625,0.4375,134.2616876,17
0.53125,0.40625,126.68498,0.5,0.375,119.1082725,0.5625,0.375,79.46454296,22
0.59375,0.40625,136.0183598,0.5625,0.375,79.46454296,0.5625,0.4375,134.2616876,9
0.59375,0.40625,136.0183598,0.625,0.375,137.775032,0.5625,0.375,79.46454296,2
0.03125,0.3125,-822.0004317,0.0625,0.3125,-571.1831936,0.03125,0.28125,-766.1285454,5
0.015625,0.296875,-919.4731075,0,0.3125,-1072.81767,0,0.28125,-1016.945783,19
0.015625,0.265625,-863.6012213,0,0.25,-961.0738972,0,0.28125,-1016.945783,1
0.546875,0.640625,152.5887279,0.53125,0.625,145.8541926,0.53125,0.65625,138.2934443,9
0.5,0.6875,214.4715694,0.4375,0.6875,152.0394788,0.5,0.75,237.951268,3
0.5,0.6875,214.4715694,0.5,0.625,222.6035155,0.4375,0.6875,152.0394788,3
0.4375,0.625,108.7292176,0.4375,0.6875,152.0394788,0.5,0.625,222.6035155,8
0.4375,0.625,108.7292176,0.375,0.625,66.12768964,0.4375,0.6875,152.0394788,4
0.09375,0.78125,-75.97458767,0.125,0.75,-87.29387173,0.0625,0.75,-110.1057836,152
0.09375,0.71875,-131.429937,0.125,0.75,-87.29387173,0.0625,0.75,-110.1057836,603
0.03125,0.765625,-10.01940241,0.015625,0.765625,281.0849516,0.03125,0.75,-74.33832063,16
0.03125,0.765625,-10.01940241,0.03125,0.78125,-51.61308066,0.015625,0.765625,281.0849516,23
0.1875,0.25,-105.2025816,0.25,0.25,-8.120149042,0.1875,0.1875,-90.03931359,1865
0.25,0.1875,-14.42655877,0.25,0.25,-8.120149042,0.1875,0.1875,-90.03931359,35
0.4375,0.375,95.10816404,0.375,0.375,76.63101397,0.4375,0.3125,62.54097456,720
0.4375,0.375,95.10816404,0.4375,0.3125,62.54097456,0.5,0.375,119.1082725,1372
0.3125,0.3125,34.25543247,0.25,0.375,9.985037589,0.25,0.25,-8.120149042,1154
0.28125,0.53125,42.49253821,0.3125,0.5,83.47576702,0.3125,0.5625,50.37092202,6
0.34375,0.53125,91.35415083,0.3125,0.5,83.47576702,0.3125,0.5625,50.37092202,2
0.3125,0.46875,55.39261598,0.34375,0.46875,-25.4820726,0.3125,0.5,83.47576702,0
0.34375,0.5,107.9065733,0.34375,0.46875,-25.4820726,0.3125,0.5,83.47576702,8
0.359375,0.453125,124.6588061,0.375,0.4375,100.3722983,0.375,0.46875,116.4014207,5
0.359375,0.484375,53.42765351,0.375,0.5,132.3373796,0.375,0.46875,116.4014207,0
0.21875,0.5625,18.5868763,0.21875,0.53125,-0.1340408412,0.25,0.5625,-2.010866604,65
0.21875,0.5625,18.5868763,0.1875,0.5625,2.81169174,0.21875,0.53125,-0.1340408412,2
0.234375,0.5,18.05217707,0.25,0.5,34.6141544,0.234375,0.515625,17.24005678,101
0.25,0.53125,16.3016439,0.25,0.5625,-2.010866604,0.21875,0.53125,-0.1340408412,106
0.1875,0.53125,-14.4110316,0.1875,0.5625,2.81169174,0.21875,0.53125,-0.1340408412,0
0.21875,0.625,100.9445841,0.1875,0.625,-5.937648945,0.21875,0.59375,105.3192544,0
0.21875,0.5625,18.5868763,0.1875,0.5625,2.81169174,0.21875,0.59375,105.3192544,0
0.234375,0.578125,-37.81125344,0.21875,0.5625,18.5868763,0.21875,0.59375,105.3192544,1
0.234375,0.578125,-37.81125344,0.25,0.5625,-2.010866604,0.21875,0.5625,18.5868763,29
1,0.78125,382.5373203,1,0.75,335.4544488,0.96875,0.78125,351.3174138,9
0.96875,0.75,334.009327,0.96875,0.78125,351.3174138,1,0.75,335.4544488,4
0.96875,0.75,334.009327,0.9375,0.75,329.5963662,0.96875,0.78125,351.3174138,14
0.9375,0.78125,354.4337068,0.96875,0.78125,351.3174138,0.9375,0.75,329.5963662,25
0.984375,0.796875,386.6389389,1,0.78125,382.5373203,0.96875,0.78125,351.3174138,8
0.984375,0.796875,386.6389389,1,0.8125,421.9604641,1,0.78125,382.5373203,4
0.984375,0.796875,386.6389389,1,0.8125,421.9604641,0.96875,0.8125,344.9929862,2
1,0.84375,432.415703,1,0.8125,421.9604641,0.96875,0.84375,412.89158,7
0.96875,0.8125,344.9929862,0.96875,0.84375,412.89158,1,0.8125,421.9604641,10
0.953125,0.828125,402.1236372,0.96875,0.84375,412.89158,0.96875,0.8125,344.9929862,2
0.015625,0.28125,-891.5371644,0.015625,0.296875,-919.4731075,0,0.28125,-1016.945783,0
0.015625,0.28125,-891.5371644,0.03125,0.28125,-766.1285454,0.015625,0.296875,-919.4731075,0
0.015625,0.46875,-604.2473591,0.015625,0.484375,-525.1419123,0,0.46875,-711.6684377,3
0,0.484375,-632.852937,0,0.46875,-711.6684377,0.015625,0.484375,-525.1419123,2
0.015625,0.296875,-919.4731075,0.03125,0.3125,-822.0004317,0.03125,0.28125,-766.1285454,1
0.015625,0.296875,-919.4731075,0,0.3125,-1072.81767,0.03125,0.3125,-822.0004317,3
0.046875,0.484375,-424.0297875,0.03125,0.5,-705.9240008,0.03125,0.46875,-496.2463884,2
0.015625,0.484375,-525.1419123,0.03125,0.5,-705.9240008,0.03125,0.46875,-496.2463884,2
0.015625,0.5,-629.9807185,0.03125,0.5,-705.9240008,0.015625,0.484375,-525.1419123,3
0.015625,0.46875,-604.2473591,0.015625,0.453125,-682.7729138,0,0.46875,-711.6684377,2
0.015625,0.46875,-604.2473591,0.03125,0.46875,-496.2463884,0.015625,0.453125,-682.7729138,0
0.671875,0.75,148.1942944,0.671875,0.765625,183.2494921,0.65625,0.75,114.4183699,1
0.671875,0.75,148.1942944,0.6875,0.75,122.1529991,0.671875,0.765625,183.2494921,0
0.65625,0.734375,82.63506609,0.671875,0.734375,190.5677631,0.65625,0.75,114.4183699,0
0.65625,0.734375,82.63506609,0.65625,0.71875,258.9825272,0.671875,0.734375,190.5677631,64
0.671875,0.75,148.1942944,0.671875,0.734375,190.5677631,0.65625,0.75,114.4183699,0
0.671875,0.75,148.1942944,0.6875,0.75,122.1529991,0.671875,0.734375,190.5677631,1
0.6875,0.734375,148.0098989,0.671875,0.734375,190.5677631,0.6875,0.75,122.1529991,0
0.6875,0.734375,148.0098989,0.6875,0.71875,219.5513409,0.671875,0.734375,190.5677631,1
0.015625,0.390625,-1000.331383,0.03125,0.375,-848.2915157,0.03125,0.40625,-811.5083915,0
0.015625,0.390625,-1000.331383,0,0.375,-1184.561442,0.03125,0.375,-848.2915157,4
0.015625,0.390625,-1000.331383,0,0.40625,-1026.930441,0.03125,0.40625,-811.5083915,0
0.015625,0.390625,-1000.331383,0,0.375,-1184.561442,0,0.40625,-1026.930441,3
0.015625,0.265625,-863.6012213,0.03125,0.25,-771.3766764,0.03125,0.28125,-766.1285454,0
0.015625,0.265625,-863.6012213,0,0.25,-961.0738972,0.03125,0.25,-771.3766764,0
0.03125,0.21875,-797.9997698,0,0.1875,-827.3125011,0.0625,0.1875,-634.9256425,0
0.03125,0.21875,-797.9997698,0,0.25,-961.0738972,0,0.1875,-827.3125011,0
0.578125,0.640625,166.5699201,0.5625,0.65625,193.2481127,0.59375,0.65625,205.7283683,774
0.59375,0.4375,84.7199745,0.5625,0.4375,134.2616876,0.59375,0.40625,136.0183598,7
0.625,0.40625,172.3839317,0.625,0.375,137.775032,0.59375,0.40625,136.0183598,0
0.609375,0.421875,171.5055956,0.59375,0.4375,84.7199745,0.59375,0.40625,136.0183598,1
0.53125,0.625,145.8541926,0.53125,0.65625,138.2934443,0.5,0.625,222.6035155,14
0.53125,0.6875,213.5506994,0.53125,0.65625,138.2934443,0.5,0.6875,214.4715694,0
0.546875,0.671875,175.4616368,0.5625,0.65625,193.2481127,0.5625,0.6875,212.6298293,0
0.890625,0.625,296.219782,0.890625,0.640625,252.604153,0.90625,0.625,253.5877064,6
0.890625,0.625,296.219782,0.875,0.625,238.7970383,0.890625,0.640625,252.604153,5
0.328125,0.453125,92.0233409,0.3125,0.46875,55.39261598,0.3125,0.4375,55.62258419,4
0.328125,0.453125,92.0233409,0.34375,0.46875,-25.4820726,0.3125,0.46875,55.39261598,0
0.265625,0.5,46.82955756,0.265625,0.484375,39.86626185,0.25,0.5,34.6141544,149
0.25,0.46875,28.4568752,0.25,0.4375,22.299596,0.28125,0.46875,45.1183693,216
0.5625,0.59375,147.65419,0.5625,0.5625,186.0345388,0.53125,0.59375,165.0542047,366
0.53125,0.5625,126.6714122,0.53125,0.59375,165.0542047,0.5,0.5625,67.30828554,32
0.53125,0.5625,126.6714122,0.5625,0.5625,186.0345388,0.53125,0.59375,165.0542047,46
0.5,0.59375,204.2062331,0.53125,0.59375,165.0542047,0.5,0.625,222.6035155,0
0.5,0.59375,204.2062331,0.5,0.5625,67.30828554,0.53125,0.59375,165.0542047,17
0.53125,0.625,145.8541926,0.53125,0.59375,165.0542047,0.5,0.625,222.6035155,5
0.375,0.46875,116.4014207,0.40625,0.46875,128.4755457,0.375,0.5,132.3373796,5
0.4375,0.46875,102.3833219,0.40625,0.46875,128.4755457,0.4375,0.5,80.15293207,1
0.390625,0.453125,66.87290742,0.375,0.46875,116.4014207,0.40625,0.46875,128.4755457,0
0.390625,0.453125,66.87290742,0.375,0.4375,100.3722983,0.375,0.46875,116.4014207,5
0.875,0.78125,343.5165502,0.84375,0.78125,309.0380453,0.875,0.75,345.5710002,16
0.84375,0.75,301.9320104,0.8125,0.75,303.9911626,0.84375,0.78125,309.0380453,17
0.8125,0.78125,342.5891461,0.84375,0.78125,309.0380453,0.8125,0.75,303.9911626,15
0.890625,0.796875,319.0762221,0.875,0.78125,343.5165502,0.90625,0.78125,365.3905104,230
0.890625,0.765625,355.4807553,0.875,0.78125,343.5165502,0.90625,0.78125,365.3905104,11
0.890625,0.765625,355.4807553,0.875,0.75,345.5710002,0.875,0.78125,343.5165502,3
0.875,0.90625,380.5780578,0.875,0.875,375.6064852,0.84375,0.90625,376.1823982,14
0.84375,0.875,395.3289069,0.84375,0.90625,376.1823982,0.8125,0.875,336.4576129,8
0.84375,0.875,395.3289069,0.875,0.875,375.6064852,0.84375,0.90625,376.1823982,5
0.8125,0.90625,356.6079621,0.84375,0.90625,376.1823982,0.8125,0.875,336.4576129,3
0.828125,0.921875,376.4703547,0.8125,0.9375,376.7583113,0.84375,0.9375,374.4885259,19
0.84375,1,397.8764109,0.84375,0.96875,406.0159211,0.875,1,415.0288825,156
0.875,0.96875,453.351273,0.84375,0.96875,406.0159211,0.875,1,415.0288825,7
0.84375,0.9375,374.4885259,0.8125,0.9375,376.7583113,0.84375,0.96875,406.0159211,1
0.859375,0.953125,395.7827758,0.84375,0.9375,374.4885259,0.84375,0.96875,406.0159211,4
0.875,0.84375,381.6136674,0.84375,0.84375,336.0231718,0.875,0.8125,387.6208495,22
0.859375,0.796875,348.3294474,0.875,0.8125,387.6208495,0.84375,0.8125,272.5154013,15
0.84375,0.8125,272.5154013,0.84375,0.84375,336.0231718,0.875,0.8125,387.6208495,21
0.828125,0.828125,316.2315151,0.84375,0.84375,336.0231718,0.84375,0.8125,272.5154013,10
0.8125,0.71875,287.7285882,0.8125,0.6875,266.3103013,0.84375,0.71875,305.9406508,52
0.875,0.71875,315.4083343,0.875,0.6875,285.2456683,0.84375,0.71875,305.9406508,25
0.859375,0.734375,325.7558255,0.84375,0.75,301.9320104,0.84375,0.71875,305.9406508,13
0.859375,0.734375,325.7558255,0.875,0.75,345.5710002,0.84375,0.75,301.9320104,11
0.828125,0.734375,304.9659067,0.84375,0.75,301.9320104,0.84375,0.71875,305.9406508,3
0.828125,0.734375,304.9659067,0.8125,0.75,303.9911626,0.84375,0.75,301.9320104,1
0.796875,0.765625,312.9258814,0.8125,0.78125,342.5891461,0.78125,0.78125,321.8606002,2
0.796875,0.765625,312.9258814,0.8125,0.75,303.9911626,0.8125,0.78125,342.5891461,11
0.8125,0.78125,342.5891461,0.8125,0.8125,296.4398584,0.78125,0.78125,321.8606002,523
0.828125,0.984375,446.3330297,0.8125,0.96875,389.6492962,0.84375,0.96875,406.0159211,0
0.828125,0.984375,446.3330297,0.8125,1,380.7239393,0.8125,0.96875,389.6492962,1
0.8125,0.96875,389.6492962,0.78125,0.96875,365.3054272,0.8125,1,380.7239393,0
0.8125,0.96875,389.6492962,0.8125,0.9375,376.7583113,0.78125,0.96875,365.3054272,0
0.3515625,0.4609375,89.43799232,0.359375,0.46875,45.45967405,0.34375,0.46875,-25.4820726,0
0.3515625,0.4609375,89.43799232,0.359375,0.453125,124.6588061,0.359375,0.46875,45.45967405,0
0.34375,0.5,107.9065733,0.34375,0.53125,91.35415083,0.3125,0.5,83.47576702,2
0.34375,0.5,107.9065733,0.375,0.5,132.3373796,0.34375,0.53125,91.35415083,12
0.359375,0.484375,53.42765351,0.34375,0.5,107.9065733,0.34375,0.46875,-25.4820726,0
0.359375,0.484375,53.42765351,0.375,0.5,132.3373796,0.34375,0.5,107.9065733,4
0.109375,0.421875,-237.6573145,0.125,0.4375,-165.4407136,0.09375,0.4375,-301.9480271,22
0.078125,0.421875,-421.012755,0.0625,0.4375,-438.4553407,0.09375,0.4375,-301.9480271,5
0.265625,0.515625,38.55334631,0.25,0.53125,16.3016439,0.28125,0.53125,42.49253821,29
0.265625,0.515625,38.55334631,0.25,0.5,34.6141544,0.25,0.53125,16.3016439,213
0.234375,0.515625,17.24005678,0.25,0.5,34.6141544,0.25,0.53125,16.3016439,280
0.234375,0.515625,17.24005678,0.25,0.53125,16.3016439,0.21875,0.53125,-0.1340408412,150
0.21875,0.515625,37.15204006,0.21875,0.53125,-0.1340408412,0.234375,0.515625,17.24005678,20
0.2265625,0.5078125,-66.02892464,0.21875,0.515625,37.15204006,0.234375,0.515625,17.24005678,22
0.2265625,0.5078125,-66.02892464,0.21875,0.5,1.490199729,0.21875,0.515625,37.15204006,2
0.0234375,0.59375,-351.5620746,0.03125,0.59375,-309.87312,0.0234375,0.5859375,-510.7430409,59
0.01953125,0.58203125,-427.8168337,0.015625,0.578125,-711.6129617,0.015625,0.5859375,-296.7115904,41
0.01171875,0.58203125,-529.5035995,0.015625,0.5859375,-296.7115904,0.015625,0.578125,-711.6129617,36
0.01171875,0.58203125,-529.5035995,0.0078125,0.5859375,-347.3942373,0.015625,0.5859375,-296.7115904,41
0.01171875,0.58984375,-370.3226333,0.015625,0.5859375,-296.7115904,0.0078125,0.5859375,-347.3942373,65
0.03125,0.640625,-245.7520257,0.03125,0.65625,-246.0297997,0.015625,0.640625,-281.2616984,317
0.9609375,0.8671875,411.4879187,0.96875,0.859375,390.367361,0.953125,0.859375,455.1326955,161
0.9609375,0.8671875,411.4879187,0.96875,0.875,367.843142,0.96875,0.859375,390.367361,0
0.0234375,0.6875,-125.0861841,0.0234375,0.6953125,-160.9268013,0.015625,0.6875,-65.44387078,5
0.0234375,0.6875,-125.0861841,0.03125,0.6875,-128.0369256,0.0234375,0.6953125,-160.9268013,6
0.01953125,0.68359375,-50.90523421,0.0234375,0.6875,-125.0861841,0.0234375,0.6796875,-124.0837834,5
0.01953125,0.68359375,-50.90523421,0.015625,0.6875,-65.44387078,0.0234375,0.6875,-125.0861841,4
0.0234375,0.578125,-312.0183982,0.0234375,0.5859375,-510.7430409,0.03125,0.578125,-367.241707,26
0.140625,0.671875,-69.51839656,0.15625,0.6875,-57.61924836,0.15625,0.65625,-59.81921674,1
0.140625,0.671875,-69.51839656,0.125,0.6875,-91.69380849,0.15625,0.6875,-57.61924836,0
0.7734375,0.7265625,267.5099836,0.765625,0.71875,262.8502251,0.765625,0.734375,267.74992,7
0.78125,0.703125,250.9717092,0.765625,0.703125,257.9505303,0.78125,0.6875,234.6733712,5
0.765625,0.71875,262.8502251,0.765625,0.703125,257.9505303,0.75,0.71875,258.4304032,2
0.140625,0.671875,-69.51839656,0.125,0.65625,-93.89377688,0.15625,0.65625,-59.81921674,0
0.140625,0.671875,-69.51839656,0.125,0.6875,-91.69380849,0.125,0.65625,-93.89377688,5
0.109375,0.640625,-115.9618095,0.125,0.65625,-93.89377688,0.125,0.625,-96.09374526,34
0.109375,0.640625,-115.9618095,0.09375,0.65625,-135.8298738,0.125,0.65625,-93.89377688,123
0.796875,0.484375,182.3520608,0.78125,0.5,140.0610052,0.78125,0.46875,116.2748122,3
0.796875,0.484375,182.3520608,0.8125,0.5,119.4001885,0.78125,0.5,140.0610052,10
0.00390625,0.5859375,-323.5436839,0.00390625,0.58984375,-368.2244802,0,0.5859375,-100.2433418,28
0.00390625,0.5859375,-323.5436839,0.0078125,0.5859375,-347.3942373,0.00390625,0.58984375,-368.2244802,23
0.9140625,0.734375,322.1096543,0.9140625,0.7265625,314.3770084,0.90625,0.734375,323.4437862,2
0.9140625,0.734375,322.1096543,0.921875,0.734375,319.4501277,0.9140625,0.7265625,314.3770084,0
0.890625,0.703125,297.2747787,0.90625,0.6875,302.1204081,0.90625,0.71875,309.3038891,9
0.890625,0.703125,297.2747787,0.875,0.6875,285.2456683,0.90625,0.6875,302.1204081,8
0.921875,0.71875,317.9274868,0.921875,0.703125,314.1495185,0.9375,0.71875,326.5510846,10
0.921875,0.71875,317.9274868,0.90625,0.71875,309.3038891,0.921875,0.703125,314.1495185,12
0.9140625,0.7265625,314.3770084,0.921875,0.71875,317.9274868,0.90625,0.71875,309.3038891,600
0.9140625,0.7265625,314.3770084,0.921875,0.734375,319.4501277,0.921875,0.71875,317.9274868,0
0.015625,0.57421875,-154.7734585,0.01953125,0.57421875,-544.6976359,0.015625,0.5703125,-469.5944023,9
0.015625,0.57421875,-154.7734585,0.015625,0.578125,-711.6129617,0.01953125,0.57421875,-544.6976359,8
0.140625,0.4453125,-128.9738417,0.1484375,0.4453125,-117.4611485,0.140625,0.4375,-142.4153272,0
0.140625,0.4453125,-128.9738417,0.140625,0.453125,-115.5323562,0.1484375,0.4453125,-117.4611485,0
0.046875,0.59375,-282.3231385,0.046875,0.578125,-306.5628814,0.0625,0.59375,-254.773157,111
0.0625,0.578125,-279.0128999,0.046875,0.578125,-306.5628814,0.0625,0.59375,-254.773157,40
0.0390625,0.5859375,-308.2180007,0.03125,0.578125,-367.241707,0.046875,0.578125,-306.5628814,49
0.0390625,0.5859375,-308.2180007,0.03125,0.59375,-309.87312,0.03125,0.578125,-367.241707,41
0.5546875,0.6328125,188.030709,0.546875,0.625,184.6634414,0.546875,0.640625,152.5887279,0
0.5546875,0.6328125,188.030709,0.5625,0.625,223.4726902,0.546875,0.625,184.6634414,0
0.546875,0.625,184.6634414,0.546875,0.609375,194.2634474,0.53125,0.625,145.8541926,1
0.546875,0.625,184.6634414,0.5625,0.625,223.4726902,0.546875,0.609375,194.2634474,1
0.5546875,0.640625,19.11272401,0.5546875,0.6328125,188.030709,0.5625,0.640625,167.7415087,0
0.921875,0.796875,378.3731024,0.9375,0.78125,354.4337068,0.9375,0.8125,391.3556944,315
0.921875,0.796875,378.3731024,0.90625,0.78125,365.3905104,0.9375,0.78125,354.4337068,473
0.09375,0.84375,-95.16415768,0.0625,0.875,-12.83226676,0.125,0.875,-125.6730117,41
0.3125,0.375,76.05538433,0.3125,0.4375,55.62258419,0.25,0.375,9.985037589,438
0.46875,0.59375,167.6737747,0.4375,0.625,108.7292176,0.4375,0.5625,112.7440338,0
0.46875,0.59375,167.6737747,0.5,0.625,222.6035155,0.4375,0.625,108.7292176,0
0.78125,0.65625,252.3957312,0.75,0.625,236.414209,0.75,0.6875,248.6310135,782
0.84375,0.75,301.9320104,0.84375,0.78125,309.0380453,0.875,0.75,345.5710002,25
0.078125,0.671875,-155.697938,0.0625,0.6875,-175.5660023,0.0625,0.65625,-190.9298367,312
0.09375,0.6875,-133.6299054,0.09375,0.65625,-135.8298738,0.125,0.6875,-91.69380849,400
0,0.765625,257.3100004,0.015625,0.765625,281.0849516,0,0.78125,270.1657816,3
0,0.765625,257.3100004,0,0.75,-38.5708577,0.015625,0.765625,281.0849516,3
0.140625,0.5625,-91.42808292,0.15625,0.5625,-60.0148247,0.140625,0.578125,-89.96146716,1
0.046875,0.828125,5.609280004,0.03125,0.84375,75.87386363,0.03125,0.8125,238.7152524,8
0.0546875,0.640625,-250.5014251,0.0546875,0.6328125,-238.7432393,0.0625,0.640625,-198.611754,7
0.0546875,0.640625,-250.5014251,0.046875,0.640625,-226.1617354,0.0546875,0.6328125,-238.7432393,21
0.140625,0.4453125,-128.9738417,0.140625,0.453125,-115.5323562,0.1328125,0.4453125,-140.4865349,0
0.1328125,0.4375,-153.9280204,0.1328125,0.4453125,-140.4865349,0.125,0.4375,-165.4407136,33
0.1328125,0.4453125,-140.4865349,0.125,0.453125,-161.4777694,0.140625,0.453125,-115.5323562,19
0.1328125,0.4453125,-140.4865349,0.125,0.4375,-165.4407136,0.125,0.453125,-161.4777694,124
0.125,0.453125,-161.4777694,0.109375,0.453125,-229.7314262,0.125,0.46875,-157.5148253,36
0.125,0.453125,-161.4777694,0.125,0.4375,-165.4407136,0.109375,0.453125,-229.7314262,34
0.00390625,0.62890625,110.7685588,0.0078125,0.625,-151.8330972,0.0078125,0.6328125,-172.3120028,0
0.00390625,0.62890625,110.7685588,0,0.625,-316.4935971,0.0078125,0.625,-151.8330972,2
0.01171875,0.62890625,-241.1205528,0.0078125,0.625,-151.8330972,0.0078125,0.6328125,-172.3120028,4
0.01171875,0.62890625,-241.1205528,0.015625,0.625,-280.9839244,0.0078125,0.625,-151.8330972,1
0.02734375,0.57421875,-403.250585,0.03125,0.5703125,-395.9260005,0.0234375,0.5703125,-568.1116279,2
0.02734375,0.57421875,-403.250585,0.03125,0.578125,-367.241707,0.03125,0.5703125,-395.9260005,18
0.02734375,0.56640625,-393.1532335,0.03125,0.5625,-424.610294,0.03125,0.5703125,-395.9260005,6
0.02734375,0.56640625,-393.1532335,0.03125,0.5703125,-395.9260005,0.0234375,0.5703125,-568.1116279,1
0.01953125,0.5859375,-425.8753253,0.01953125,0.58984375,-451.997035,0.015625,0.5859375,-296.7115904,51
0.01953125,0.5859375,-425.8753253,0.0234375,0.5859375,-510.7430409,0.01953125,0.58984375,-451.997035,3
0.015625,0.58984375,-432.704079,0.01953125,0.58984375,-451.997035,0.015625,0.59375,-393.2510292,31
0.015625,0.58984375,-432.704079,0.015625,0.5859375,-296.7115904,0.01953125,0.58984375,-451.997035,22
0.0234375,0.59375,-351.5620746,0.0234375,0.6015625,-328.1910952,0.015625,0.59375,-393.2510292,77
0.015625,0.6015625,-369.8800498,0.0234375,0.6015625,-328.1910952,0.015625,0.59375,-393.2510292,73
0.015625,0.6015625,-369.8800498,0.015625,0.609375,-346.5090705,0.0234375,0.6015625,-328.1910952,58
0.09375,0.84375,-95.16415768,0.125,0.8125,-106.4834417,0.125,0.875,-125.6730117,4
0.09375,0.78125,-75.97458767,0.125,0.75,-87.29387173,0.125,0.8125,-106.4834417,51
0.09375,0.78125,-75.97458767,0.125,0.8125,-106.4834417,0.0625,0.8125,-64.65530362,297
0.01171875,0.515625,-739.5627463,0.01171875,0.51953125,-702.1202677,0.0078125,0.515625,-550.1219765,13
0.01171875,0.515625,-739.5627463,0.015625,0.515625,-480.245509,0.01171875,0.51953125,-702.1202677,5
0.078125,0.5625,-258.1498174,0.078125,0.546875,-246.5853535,0.09375,0.5625,-213.046992,2
0.078125,0.5625,-258.1498174,0.0625,0.5625,-303.2526428,0.078125,0.546875,-246.5853535,0
0.09375,0.546875,-201.4825281,0.078125,0.546875,-246.5853535,0.09375,0.5625,-213.046992,2
0.09375,0.546875,-201.4825281,0.09375,0.53125,-189.9180641,0.078125,0.546875,-246.5853535,14
0.0625,0.546875,-315.3927788,0.078125,0.546875,-246.5853535,0.0625,0.53125,-327.5329147,21
0.0625,0.546875,-315.3927788,0.0625,0.5625,-303.2526428,0.078125,0.546875,-246.5853535,2
0.1015625,0.5546875,-146.0805655,0.109375,0.5625,-167.9441666,0.109375,0.546875,-215.8834418,3
0.1015625,0.5546875,-146.0805655,0.09375,0.5625,-213.046992,0.109375,0.5625,-167.9441666,3
0.125,0.578125,-116.1544422,0.109375,0.578125,-161.2572676,0.125,0.5625,-122.8413411,46
0.125,0.578125,-116.1544422,0.125,0.59375,-109.4675432,0.109375,0.578125,-161.2572676,97
0.09375,0.578125,-206.360093,0.09375,0.59375,-199.6731941,0.109375,0.578125,-161.2572676,88
0.1015625,0.5703125,-148.7188676,0.109375,0.5625,-167.9441666,0.109375,0.578125,-161.2572676,6
0.1015625,0.5703125,-148.7188676,0.09375,0.5625,-213.046992,0.109375,0.5625,-167.9441666,6
0.59375,0.484375,138.1782463,0.609375,0.484375,142.527357,0.59375,0.5,156.8271271,4
0.59375,0.484375,138.1782463,0.59375,0.46875,119.5293655,0.609375,0.484375,142.527357,7
0.5625,0.515625,176.2461758,0.5625,0.53125,144.831522,0.546875,0.515625,139.7744172,1
0.9375,0.9296875,345.0342055,0.9453125,0.9296875,393.3920071,0.9375,0.921875,454.7586528,0
0.9375,0.9296875,345.0342055,0.9375,0.9375,482.5187147,0.9453125,0.9296875,393.3920071,24
0.921875,0.9375,470.545642,0.921875,0.953125,465.6462567,0.90625,0.9375,458.5725693,0
0.921875,0.9375,470.545642,0.9375,0.9375,482.5187147,0.921875,0.953125,465.6462567,0
0.9296875,0.9296875,469.154686,0.921875,0.9375,470.545642,0.921875,0.921875,455.7906574,13
0.9296875,0.9296875,469.154686,0.9375,0.9375,482.5187147,0.921875,0.9375,470.545642,0
0.9375,0.9296875,345.0342055,0.9296875,0.9296875,469.154686,0.9375,0.921875,454.7586528,0
0.9375,0.9296875,345.0342055,0.9375,0.9375,482.5187147,0.9296875,0.9296875,469.154686,19
0.90625,0.59375,243.2901586,0.9375,0.5625,247.7832789,0.875,0.5625,163.8182406,92
0.1875,0,-184.4719415,0.125,0,-393.0073706,0.1875,0.0625,-192.9595806,25
0.78125,0.90625,329.3557899,0.75,0.875,281.9532686,0.8125,0.875,336.4576129,3
0.78125,0.96875,365.3054272,0.75,1,353.8525431,0.8125,1,380.7239393,0
0.578125,0.546875,175.3627724,0.59375,0.53125,175.7799437,0.59375,0.5625,162.2229446,8
0.578125,0.578125,189.232631,0.59375,0.59375,192.4307231,0.59375,0.5625,162.2229446,531
0.78125,0.84375,289.1965635,0.75,0.875,281.9532686,0.8125,0.875,336.4576129,23
0.78125,0.65625,252.3957312,0.75,0.625,236.414209,0.8125,0.625,231.826314,666
0.828125,0.671875,277.6730867,0.8125,0.65625,249.0683077,0.8125,0.6875,266.3103013,4
0.828125,0.671875,277.6730867,0.84375,0.65625,252.5536698,0.8125,0.65625,249.0683077,7
0.84375,0.65625,252.5536698,0.875,0.625,238.7970383,0.8125,0.625,231.826314,29
0.15625,0.625,-51.0156971,0.15625,0.59375,-57.08159318,0.1875,0.625,-5.937648945,1
0.8125,0.625,231.826314,0.8125,0.5625,208.8229764,0.75,0.625,236.414209,166
0.03125,0.25,-771.3766764,0.03125,0.21875,-797.9997698,0,0.25,-961.0738972,0
0.03125,0.25,-771.3766764,0.0625,0.25,-581.6794557,0.03125,0.21875,-797.9997698,0
0.015625,0.28125,-891.5371644,0.015625,0.265625,-863.6012213,0,0.28125,-1016.945783,0
0.015625,0.28125,-891.5371644,0.03125,0.28125,-766.1285454,0.015625,0.265625,-863.6012213,0
0.625,0.578125,208.1184583,0.609375,0.578125,172.0255304,0.625,0.5625,151.6203377,11
0.625,0.578125,208.1184583,0.625,0.59375,153.2457171,0.609375,0.578125,172.0255304,108
0.625,0.578125,208.1184583,0.640625,0.578125,196.4891861,0.625,0.5625,151.6203377,14
0.625,0.578125,208.1184583,0.625,0.59375,153.2457171,0.640625,0.578125,196.4891861,186
0.640625,0.75,153.5911428,0.640625,0.765625,218.5549504,0.625,0.75,192.7639156,0
0.640625,0.75,153.5911428,0.65625,0.75,114.4183699,0.640625,0.765625,218.5549504,0
0.0078125,0.5546875,-668.8001474,0,0.546875,-572.0027445,0.015625,0.546875,-579.2941782,13
0.0078125,0.5390625,-557.5835594,0,0.546875,-572.0027445,0.015625,0.546875,-579.2941782,44
0.640625,0.765625,218.5549504,0.625,0.78125,218.3264757,0.65625,0.78125,244.3459852,4
0.640625,0.765625,218.5549504,0.625,0.75,192.7639156,0.625,0.78125,218.3264757,3
0.640625,0.71875,235.6030407,0.65625,0.71875,258.9825272,0.640625,0.734375,200.4531172,193
0.65625,0.734375,82.63506609,0.640625,0.734375,200.4531172,0.65625,0.75,114.4183699,1
0.65625,0.734375,82.63506609,0.65625,0.71875,258.9825272,0.640625,0.734375,200.4531172,81
0.6328125,0.7421875,196.6085164,0.640625,0.75,153.5911428,0.640625,0.734375,200.4531172,0
0.6328125,0.7421875,196.6085164,0.625,0.75,192.7639156,0.640625,0.75,153.5911428,0
0.859375,0.859375,356.9271708,0.875,0.84375,381.6136674,0.84375,0.84375,336.0231718,6
0.890625,0.828125,385.5509697,0.875,0.8125,387.6208495,0.875,0.84375,381.6136674,3
0.890625,0.84375,382.5473786,0.890625,0.859375,368.4909237,0.875,0.84375,381.6136674,0
0.875,0.859375,378.6100763,0.890625,0.859375,368.4909237,0.875,0.84375,381.6136674,0
0.8828125,0.8671875,372.0487044,0.890625,0.875,405.1409322,0.875,0.875,375.6064852,0
0.890625,0.90625,404.8203289,0.890625,0.890625,402.3345426,0.875,0.90625,380.5780578,6
0.890625,0.90625,404.8203289,0.90625,0.90625,429.0626,0.890625,0.890625,402.3345426,1
0.90625,0.890625,431.8689896,0.90625,0.90625,429.0626,0.890625,0.890625,402.3345426,2
0.890625,0.875,405.1409322,0.875,0.875,375.6064852,0.890625,0.890625,402.3345426,0
0.8984375,0.8828125,418.5049609,0.890625,0.875,405.1409322,0.890625,0.890625,402.3345426,0
0.25,0.4375,22.299596,0.25,0.375,9.985037589,0.3125,0.4375,55.62258419,1552
0.3125,0.46875,55.39261598,0.3125,0.4375,55.62258419,0.28125,0.46875,45.1183693,23
0.65625,0.53125,178.1417707,0.6875,0.5,166.9096911,0.6875,0.5625,190.758193,131
0.78125,0.40625,66.80328514,0.75,0.375,61.77876778,0.75,0.4375,132.142476,7
0.71875,0.46875,154.9851244,0.75,0.4375,132.142476,0.6875,0.4375,149.248427,72
0.71875,0.46875,154.9851244,0.75,0.5,160.7218219,0.75,0.4375,132.142476,19
0.3125,0.625,230.8004235,0.3125,0.6875,57.56602923,0.25,0.625,207.826817,4
0.3125,0.625,230.8004235,0.375,0.625,66.12768964,0.3125,0.6875,57.56602923,0
0.25,0.6875,128.4155929,0.3125,0.6875,57.56602923,0.25,0.625,207.826817,0
0.25,0.6875,128.4155929,0.25,0.75,49.00436881,0.3125,0.6875,57.56602923,0
0.28125,0.59375,129.0988695,0.3125,0.625,230.8004235,0.3125,0.5625,50.37092202,2
0.28125,0.59375,129.0988695,0.25,0.625,207.826817,0.3125,0.625,230.8004235,0
0.3125,0.125,-30.0407396,0.375,0.125,58.87993893,0.3125,0.1875,25.37989495,48
0.25,0.1875,-14.42655877,0.25,0.25,-8.120149042,0.3125,0.1875,25.37989495,36
0.28125,0.15625,2.32346322,0.3125,0.125,-30.0407396,0.3125,0.1875,25.37989495,25
0.28125,0.15625,2.32346322,0.25,0.125,-20.73296851,0.3125,0.125,-30.0407396,2
0.0390625,0.6953125,-134.6770709,0.046875,0.6875,-172.9852099,0.046875,0.703125,-141.3172161,2
0.046875,0.734375,-108.5871068,0.03125,0.75,-74.33832063,0.03125,0.71875,-107.06843,54
0.140625,0.421875,-146.3782713,0.125,0.40625,-173.3666019,0.15625,0.40625,-127.315829,10
0.140625,0.390625,-154.3041596,0.125,0.40625,-173.3666019,0.125,0.375,-181.2924901,49
0.140625,0.390625,-154.3041596,0.15625,0.40625,-127.315829,0.125,0.40625,-173.3666019,5
0.00390625,0.62890625,110.7685588,0,0.6328125,292.454397,0.0078125,0.6328125,-172.3120028,6
0.03125,0.609375,-345.7474323,0.015625,0.609375,-346.5090705,0.03125,0.625,-245.4742517,31
0.5546875,0.640625,19.11272401,0.5546875,0.6484375,172.9184203,0.5625,0.640625,167.7415087,1
0.5546875,0.640625,19.11272401,0.546875,0.640625,152.5887279,0.5546875,0.6484375,172.9184203,2
0.15625,0.625,-51.0156971,0.15625,0.65625,-59.81921674,0.1875,0.625,-5.937648945,0
0.15625,0.625,-51.0156971,0.125,0.625,-96.09374526,0.15625,0.65625,-59.81921674,1
0.125,0.65625,-93.89377688,0.125,0.625,-96.09374526,0.15625,0.65625,-59.81921674,9
0.15625,0.6875,-57.61924836,0.1875,0.6875,-23.54468822,0.15625,0.65625,-59.81921674,0
0.140625,0.59375,-83.27456819,0.140625,0.609375,-237.9795155,0.125,0.59375,-109.4675432,1
0.140625,0.59375,-83.27456819,0.15625,0.59375,-57.08159318,0.140625,0.609375,-237.9795155,0
0.0546875,0.6171875,-256.8997133,0.046875,0.625,-277.1236267,0.046875,0.609375,-258.0833956,34
0.0546875,0.6171875,-256.8997133,0.0625,0.625,-206.2936712,0.046875,0.625,-277.1236267,8
0.046875,0.6015625,-270.203267,0.046875,0.609375,-258.0833956,0.0390625,0.6015625,-327.8585733,77
0.140625,0.390625,-154.3041596,0.15625,0.375,-133.4731082,0.125,0.375,-181.2924901,43
0.171875,0.390625,-75.56501733,0.1875,0.375,-85.65372627,0.15625,0.375,-133.4731082,0
0.15625,0.390625,-130.3944686,0.171875,0.390625,-75.56501733,0.15625,0.375,-133.4731082,0
0.15625,0.390625,-130.3944686,0.15625,0.40625,-127.315829,0.171875,0.390625,-75.56501733,0
0.9921875,0.9375,460.0814739,0.984375,0.9375,426.2187768,0.9921875,0.9296875,474.5198529,28
0.9921875,0.9296875,474.5198529,1,0.921875,466.7223126,0.984375,0.921875,474.8594233,0
1,0.9296875,480.3332419,1,0.921875,466.7223126,0.9921875,0.9296875,474.5198529,0
0.5234375,0.4609375,52.30445267,0.53125,0.453125,134.3960311,0.53125,0.46875,150.0339035,5
0.5234375,0.4609375,52.30445267,0.515625,0.453125,126.6442666,0.53125,0.453125,134.3960311,2
0.578125,0.484375,198.073013,0.5625,0.46875,118.9450964,0.59375,0.46875,119.5293655,0
0.53125,0.453125,134.3960311,0.546875,0.453125,142.1477955,0.53125,0.4375,118.7581586,353
0.53125,0.453125,134.3960311,0.53125,0.46875,150.0339035,0.546875,0.453125,142.1477955,5
0.578125,0.484375,198.073013,0.5625,0.5,103.6285052,0.5625,0.46875,118.9450964,7
0.546875,0.453125,142.1477955,0.5625,0.46875,118.9450964,0.53125,0.46875,150.0339035,2
0.546875,0.453125,142.1477955,0.5625,0.4375,134.2616876,0.5625,0.46875,118.9450964,203
0.34375,0.4375,77.99744126,0.3125,0.4375,55.62258419,0.34375,0.40625,66.12679908,50
0.375,0.40625,88.50165615,0.375,0.375,76.63101397,0.34375,0.40625,66.12679908,1
0.328125,0.453125,92.0233409,0.34375,0.4375,77.99744126,0.3125,0.4375,55.62258419,59
0.359375,0.4375,89.18486979,0.359375,0.453125,124.6588061,0.375,0.4375,100.3722983,20
0.75,0.734375,263.330098,0.75,0.75,268.2297929,0.765625,0.734375,267.74992,0
0.890625,0.90625,404.8203289,0.90625,0.90625,429.0626,0.890625,0.921875,407.3061152,0
0.875,0.921875,383.0638441,0.890625,0.921875,407.3061152,0.875,0.9375,385.5496305,84
0.890625,0.9375,340.2208163,0.890625,0.921875,407.3061152,0.875,0.9375,385.5496305,156
0.890625,0.9375,340.2208163,0.90625,0.9375,458.5725693,0.890625,0.921875,407.3061152,29
0.90625,0.921875,464.5226115,0.890625,0.921875,407.3061152,0.90625,0.9375,458.5725693,5
0.90625,0.921875,464.5226115,0.90625,0.90625,429.0626,0.890625,0.921875,407.3061152,0
0.171875,0.515625,38.81476106,0.15625,0.5,-90.61134598,0.15625,0.53125,-111.8272301,1
0.171875,0.515625,38.81476106,0.1875,0.5,-31.63375494,0.15625,0.5,-90.61134598,1
0.171875,0.453125,-69.48158339,0.15625,0.4375,-119.3899407,0.1875,0.4375,-73.33916787,0
0.171875,0.421875,-100.3274984,0.1875,0.4375,-73.33916787,0.15625,0.4375,-119.3899407,1
0.15625,0.453125,-92.50696981,0.171875,0.453125,-69.48158339,0.15625,0.4375,-119.3899407,0
0.15625,0.453125,-92.50696981,0.15625,0.46875,-65.62399891,0.171875,0.453125,-69.48158339,0
0.1875,0.46875,-52.48646141,0.21875,0.46875,-19.36250673,0.1875,0.5,-31.63375494,1
0.1875,0.46875,-52.48646141,0.1875,0.4375,-73.33916787,0.21875,0.46875,-19.36250673,23
0.21875,0.5,1.490199729,0.21875,0.46875,-19.36250673,0.1875,0.5,-31.63375494,5
0.21875,0.46875,-19.36250673,0.25,0.4375,22.299596,0.1875,0.4375,-73.33916787,644
0.21875,0.40625,-31.67706514,0.25,0.4375,22.299596,0.1875,0.4375,-73.33916787,625
0.21875,0.40625,-31.67706514,0.25,0.375,9.985037589,0.25,0.4375,22.299596,441
0.171875,0.453125,-69.48158339,0.1875,0.46875,-52.48646141,0.1875,0.4375,-73.33916787,0
0.171875,0.453125,-69.48158339,0.15625,0.46875,-65.62399891,0.1875,0.46875,-52.48646141,0
0.015625,0.46875,-604.2473591,0.03125,0.46875,-496.2463884,0.015625,0.484375,-525.1419123,0
0.15625,0.5625,-60.0148247,0.1875,0.5625,2.81169174,0.15625,0.59375,-57.08159318,0
0.515625,0.46875,136.7002504,0.515625,0.484375,157.9200115,0.5,0.46875,123.3665974,6
0.515625,0.46875,136.7002504,0.53125,0.46875,150.0339035,0.515625,0.484375,157.9200115,18
0.5234375,0.4609375,52.30445267,0.515625,0.46875,136.7002504,0.53125,0.46875,150.0339035,0
0.5234375,0.4609375,52.30445267,0.515625,0.453125,126.6442666,0.515625,0.46875,136.7002504,2
0.0234375,0.5546875,-501.9522361,0.015625,0.5625,-528.2535195,0.015625,0.546875,-579.2941782,4
0.0078125,0.5546875,-668.8001474,0.015625,0.5625,-528.2535195,0.015625,0.546875,-579.2941782,5
0.015625,0.796875,245.2363639,0,0.8125,542.0858084,0,0.78125,270.1657816,0
0.6171875,0.6328125,133.4228077,0.625,0.640625,197.5162239,0.625,0.625,198.8269073,8
0.6171875,0.6484375,199.2415891,0.625,0.65625,196.2055404,0.625,0.640625,197.5162239,123
0.6171875,0.640625,294.2908101,0.6171875,0.6328125,133.4228077,0.625,0.640625,197.5162239,1
0.6171875,0.640625,294.2908101,0.609375,0.640625,202.2776378,0.6171875,0.6328125,133.4228077,1
0.1015625,0.5546875,-146.0805655,0.09375,0.546875,-201.4825281,0.109375,0.546875,-215.8834418,1
0.1015625,0.5546875,-146.0805655,0.09375,0.5625,-213.046992,0.09375,0.546875,-201.4825281,0
0.578125,0.5,130.2278161,0.5625,0.5,103.6285052,0.578125,0.484375,198.073013,6
0.59375,0.484375,138.1782463,0.59375,0.46875,119.5293655,0.578125,0.484375,198.073013,6
0.796875,0.75,295.0508201,0.796875,0.765625,312.9258814,0.8125,0.75,303.9911626,3
0.796875,0.75,295.0508201,0.78125,0.75,286.1104777,0.796875,0.765625,312.9258814,7
0.140625,0.453125,-115.5323562,0.125,0.46875,-157.5148253,0.15625,0.46875,-65.62399891,23
0.9140625,0.7421875,328.5169054,0.90625,0.75,337.5836832,0.90625,0.734375,323.4437862,1
0.890625,0.703125,297.2747787,0.875,0.6875,285.2456683,0.875,0.71875,315.4083343,20
0.15625,0.453125,-92.50696981,0.15625,0.46875,-65.62399891,0.140625,0.453125,-115.5323562,0
0.265625,0.515625,38.55334631,0.28125,0.5,59.04496071,0.28125,0.53125,42.49253821,29
0.515625,0.484375,157.9200115,0.53125,0.5,134.7173123,0.5,0.5,165.8061194,35
0.515625,0.484375,157.9200115,0.53125,0.46875,150.0339035,0.53125,0.5,134.7173123,107
0.546875,0.515625,139.7744172,0.53125,0.5,134.7173123,0.53125,0.53125,175.9203291,420
0.546875,0.515625,139.7744172,0.5625,0.5,103.6285052,0.53125,0.5,134.7173123,461
0.5625,0.515625,176.2461758,0.546875,0.515625,139.7744172,0.5625,0.5,103.6285052,935
0.546875,0.53125,222.9826732,0.546875,0.515625,139.7744172,0.5625,0.53125,144.831522,3
0.546875,0.53125,222.9826732,0.53125,0.53125,175.9203291,0.546875,0.515625,139.7744172,7
0.546875,0.546875,180.977434,0.53125,0.5625,126.6714122,0.53125,0.53125,175.9203291,31
0.546875,0.546875,180.977434,0.5625,0.5625,186.0345388,0.53125,0.5625,126.6714122,23
0.546875,0.53125,222.9826732,0.546875,0.546875,180.977434,0.5625,0.53125,144.831522,1
0.546875,0.53125,222.9826732,0.53125,0.53125,175.9203291,0.546875,0.546875,180.977434,6
0.578125,0.5,130.2278161,0.578125,0.515625,139.7042244,0.59375,0.5,156.8271271,22
0.578125,0.5,130.2278161,0.5625,0.5,103.6285052,0.578125,0.515625,139.7042244,147
0.34375,0.453125,26.25768433,0.328125,0.453125,92.0233409,0.34375,0.4375,77.99744126,32
0.34375,0.453125,26.25768433,0.34375,0.46875,-25.4820726,0.328125,0.453125,92.0233409,1
0.89453125,0.87109375,403.3620418,0.8984375,0.875,433.9629438,0.8984375,0.8671875,401.5831514,0
0.89453125,0.87109375,403.3620418,0.890625,0.875,405.1409322,0.8984375,0.875,433.9629438,0
0.8984375,0.8828125,418.5049609,0.90625,0.890625,431.8689896,0.890625,0.890625,402.3345426,1
0.8984375,0.8828125,418.5049609,0.90625,0.875,434.6753792,0.90625,0.890625,431.8689896,0
0.8984375,0.875,433.9629438,0.8984375,0.8828125,418.5049609,0.90625,0.875,434.6753792,1
0.8984375,0.875,433.9629438,0.890625,0.875,405.1409322,0.8984375,0.8828125,418.5049609,0
0.0234375,0.5078125,-624.809501,0.03125,0.515625,-556.1887913,0.015625,0.515625,-480.245509,3
0.0234375,0.5078125,-624.809501,0.03125,0.5,-705.9240008,0.03125,0.515625,-556.1887913,10
0.0234375,0.5234375,-443.3495453,0.03125,0.515625,-556.1887913,0.03125,0.53125,-406.4535817,11
0.0234375,0.5234375,-443.3495453,0.015625,0.515625,-480.245509,0.03125,0.515625,-556.1887913,8
0.0625,0.515625,-339.6730507,0.0625,0.53125,-327.5329147,0.046875,0.515625,-379.1333842,13
0.046875,0.5,-431.8813101,0.046875,0.515625,-379.1333842,0.03125,0.5,-705.9240008,12
0.9765625,0.9296875,432.4890978,0.96875,0.9375,471.3872464,0.984375,0.9375,426.2187768,0
0.03125,0.515625,-556.1887913,0.046875,0.515625,-379.1333842,0.03125,0.5,-705.9240008,21
0.03125,0.515625,-556.1887913,0.03125,0.53125,-406.4535817,0.046875,0.515625,-379.1333842,9
0.015625,0.5078125,-555.1131137,0.0234375,0.5078125,-624.809501,0.015625,0.5,-629.9807185,1
0.015625,0.5078125,-555.1131137,0.015625,0.515625,-480.245509,0.0234375,0.5078125,-624.809501,6
0.9921875,0.9296875,474.5198529,0.984375,0.9375,426.2187768,0.984375,0.921875,474.8594233,52
0.984375,0.9375,426.2187768,0.96875,0.9375,471.3872464,0.984375,0.953125,485.2413362,2
0.234375,0.484375,7.625823836,0.21875,0.5,1.490199729,0.21875,0.46875,-19.36250673,29
0.21875,0.515625,37.15204006,0.203125,0.515625,-15.88389789,0.21875,0.5,1.490199729,0
0.21875,0.515625,37.15204006,0.21875,0.53125,-0.1340408412,0.203125,0.515625,-15.88389789,2
0.203125,0.515625,-15.88389789,0.1875,0.5,-31.63375494,0.21875,0.5,1.490199729,0
0.07421875,0.57421875,-224.4400977,0.0703125,0.5703125,-277.3577807,0.078125,0.5703125,-254.8063679,4
0.71875,0.59375,213.586201,0.75,0.5625,177.3622805,0.6875,0.5625,190.758193,789
0.71875,0.59375,213.586201,0.75,0.625,236.414209,0.75,0.5625,177.3622805,870
0.78125,0.53125,184.7723992,0.75,0.5625,177.3622805,0.8125,0.5625,208.8229764,37
0.78125,0.53125,184.7723992,0.75,0.5,160.7218219,0.75,0.5625,177.3622805,791
0.28125,0.484375,62.1036505,0.296875,0.484375,-11.55719945,0.28125,0.5,59.04496071,3
0.28125,0.484375,62.1036505,0.28125,0.46875,45.1183693,0.296875,0.484375,-11.55719945,10
0.296875,0.484375,-11.55719945,0.3125,0.5,83.47576702,0.28125,0.5,59.04496071,2
0,0.734375,37.75214949,0.015625,0.734375,98.52432172,0,0.75,-38.5708577,1
0.625,0.8125,243.8890359,0.625,0.875,295.0141561,0.6875,0.8125,295.9280548,5
0.859375,0.796875,348.3294474,0.875,0.78125,343.5165502,0.84375,0.78125,309.0380453,18
0.6875,0.875,291.0101751,0.625,0.875,295.0141561,0.6875,0.8125,295.9280548,6
0.71875,0.84375,288.9406617,0.75,0.875,281.9532686,0.75,0.8125,275.0915307,1
0.625,0.53125,151.4504558,0.65625,0.53125,178.1417707,0.625,0.5,165.5253485,55
0.6875,0.65625,227.4807116,0.6875,0.6875,228.7703701,0.71875,0.65625,232.5922896,0
0.671875,0.671875,221.2845044,0.6875,0.6875,228.7703701,0.6875,0.65625,227.4807116,1
0.78125,0.6875,234.6733712,0.78125,0.65625,252.3957312,0.75,0.6875,248.6310135,13
0.78125,0.6875,234.6733712,0.8125,0.6875,266.3103013,0.78125,0.65625,252.3957312,18
0.84375,0.6875,275.7779848,0.84375,0.71875,305.9406508,0.875,0.6875,285.2456683,6
0.84375,0.6875,275.7779848,0.8125,0.6875,266.3103013,0.84375,0.71875,305.9406508,39
0.0234375,0.53125,-687.6049986,0.03125,0.53125,-406.4535817,0.0234375,0.5234375,-443.3495453,2
0.01953125,0.52734375,-706.0529805,0.015625,0.5234375,-724.5009623,0.0234375,0.5234375,-443.3495453,2
0.01171875,0.51953125,-702.1202677,0.015625,0.5234375,-724.5009623,0.015625,0.515625,-480.245509,25
0.015625,0.52734375,-846.6286889,0.01171875,0.52734375,-599.7179521,0.015625,0.53125,-968.7564156,18
0.009765625,0.525390625,-761.854674,0.01171875,0.52734375,-599.7179521,0.0078125,0.52734375,-698.2098423,11
0.00390625,0.5234375,-690.4665273,0.00390625,0.52734375,-729.9339835,0,0.5234375,-903.3442649,13
0.015625,0.78125,312.0016854,0.015625,0.796875,245.2363639,0,0.78125,270.1657816,3
0.015625,0.78125,312.0016854,0.03125,0.78125,-51.61308066,0.015625,0.796875,245.2363639,12
0.140625,0.59375,-83.27456819,0.15625,0.59375,-57.08159318,0.140625,0.578125,-89.96146716,0
0.1328125,0.5859375,-165.8775655,0.140625,0.59375,-83.27456819,0.140625,0.578125,-89.96146716,0
0.1328125,0.5859375,-165.8775655,0.125,0.59375,-109.4675432,0.140625,0.59375,-83.27456819,0
0.015625,0.796875,245.2363639,0,0.8125,542.0858084,0.03125,0.8125,238.7152524,13
0.03125,0.796875,93.55108587,0.015625,0.796875,245.2363639,0.03125,0.8125,238.7152524,11
0.03125,0.796875,93.55108587,0.03125,0.78125,-51.61308066,0.015625,0.796875,245.2363639,9
0.00390625,0.52734375,-729.9339835,0,0.53125,-535.8729406,0,0.5234375,-903.3442649,24
0.00390625,0.51953125,-771.9967353,0,0.515625,-619.998444,0,0.5234375,-903.3442649,64
0.7890625,0.71875,272.3846824,0.7890625,0.7109375,267.0301107,0.796875,0.71875,277.4993177,4
0.7890625,0.71875,272.3846824,0.78125,0.71875,267.2700471,0.7890625,0.7109375,267.0301107,2
0.0390625,0.8046875,-181.7127518,0.03125,0.8125,238.7152524,0.03125,0.796875,93.55108587,2
0.0390625,0.8046875,-181.7127518,0.03125,0.796875,93.55108587,0.046875,0.796875,-58.13419214,5
0.78515625,0.73046875,276.5702942,0.7890625,0.734375,281.1604336,0.7890625,0.7265625,276.450326,0
0.78515625,0.73046875,276.5702942,0.78125,0.734375,276.6902624,0.7890625,0.734375,281.1604336,0
0.79296875,0.73046875,310.4317387,0.796875,0.7265625,281.5649612,0.7890625,0.7265625,276.450326,2
0.79296875,0.73046875,310.4317387,0.796875,0.734375,285.6306048,0.796875,0.7265625,281.5649612,1
0.94921875,0.86328125,321.8112763,0.9453125,0.859375,415.3335212,0.953125,0.859375,455.1326955,87
0.01953125,0.68359375,-50.90523421,0.015625,0.6875,-65.44387078,0.015625,0.6796875,-97.98964051,1
0.0390625,0.59375,-296.0981292,0.0390625,0.5859375,-308.2180007,0.046875,0.59375,-282.3231385,20
0.0390625,0.59375,-296.0981292,0.03125,0.59375,-309.87312,0.0390625,0.5859375,-308.2180007,36
0.6328125,0.7265625,206.3383357,0.640625,0.71875,235.6030407,0.640625,0.734375,200.4531172,1
0.6328125,0.7265625,206.3383357,0.625,0.71875,212.2235542,0.640625,0.71875,235.6030407,93
0.640625,0.71875,235.6030407,0.640625,0.703125,226.2833503,0.625,0.71875,212.2235542,7
0.640625,0.71875,235.6030407,0.65625,0.71875,258.9825272,0.640625,0.703125,226.2833503,16
0.25,0.15625,-139.9704105,0.28125,0.15625,2.32346322,0.25,0.125,-20.73296851,0
0.25,0.15625,-139.9704105,0.25,0.1875,-14.42655877,0.28125,0.15625,2.32346322,6
0.015625,0.6796875,-97.98964051,0.015625,0.671875,-130.5354102,0.0078125,0.6796875,68.09288042,7
0.00390625,0.640625,50.07714789,0.00390625,0.64453125,15.03457441,0,0.640625,-33.54077026,4
0.00390625,0.640625,50.07714789,0.0078125,0.640625,-157.4012343,0.00390625,0.64453125,15.03457441,3
0.0546875,0.5625,-235.336724,0.0546875,0.5546875,-335.2442467,0.046875,0.5625,-363.9314684,3
0.0546875,0.5625,-235.336724,0.0625,0.5625,-303.2526428,0.0546875,0.5546875,-335.2442467,0
0.0703125,0.5859375,-253.1180377,0.0625,0.59375,-254.773157,0.0625,0.578125,-279.0128999,17
0.01953125,0.5859375,-425.8753253,0.01953125,0.58203125,-427.8168337,0.015625,0.5859375,-296.7115904,28
0.01953125,0.5859375,-425.8753253,0.0234375,0.5859375,-510.7430409,0.01953125,0.58203125,-427.8168337,2
0.07421875,0.57421875,-224.4400977,0.078125,0.5703125,-254.8063679,0.078125,0.578125,-251.4629185,0
0.01171875,0.5703125,-459.0251871,0.01171875,0.57421875,-714.7957645,0.015625,0.5703125,-469.5944023,3
0.01171875,0.5703125,-459.0251871,0.0078125,0.5703125,-717.9785672,0.01171875,0.57421875,-714.7957645,9
0.0078125,0.6640625,-39.97387196,0,0.671875,301.3902984,0.015625,0.671875,-130.5354102,28
0.0625,0.78125,-87.38054359,0.0625,0.8125,-64.65530362,0.09375,0.78125,-75.97458767,210
0.0625,0.84375,-38.74378519,0.09375,0.84375,-95.16415768,0.0625,0.875,-12.83226676,41
0.0625,0.84375,-38.74378519,0.0625,0.8125,-64.65530362,0.09375,0.84375,-95.16415768,36
0.89453125,0.86328125,385.0370376,0.8984375,0.859375,375.9233291,0.890625,0.859375,368.4909237,90
0.89453125,0.86328125,385.0370376,0.8984375,0.8671875,401.5831514,0.8984375,0.859375,375.9233291,0
0.01171875,0.56640625,-556.4406157,0.015625,0.5625,-528.2535195,0.015625,0.5703125,-469.5944023,6
0.01171875,0.56640625,-556.4406157,0.0078125,0.5625,-610.8176114,0.0078125,0.5703125,-717.9785672,19
0.01171875,0.56640625,-556.4406157,0.015625,0.5625,-528.2535195,0.0078125,0.5625,-610.8176114,6
0.0078125,0.5703125,-717.9785672,0,0.5625,-274.2700114,0,0.578125,-106.3512122,185
0.0078125,0.578125,-408.982087,0.0078125,0.5703125,-717.9785672,0,0.578125,-106.3512122,49
0.109375,0.453125,-229.7314262,0.09375,0.4375,-301.9480271,0.09375,0.46875,-294.0221388,16
0.109375,0.453125,-229.7314262,0.125,0.4375,-165.4407136,0.09375,0.4375,-301.9480271,28
0.09375,0.421875,-305.9109713,0.078125,0.421875,-421.012755,0.09375,0.4375,-301.9480271,0
0.09375,0.421875,-305.9109713,0.09375,0.40625,-309.8739154,0.078125,0.421875,-421.012755,0
0.00390625,0.52734375,-729.9339835,0,0.53125,-535.8729406,0.0078125,0.53125,-745.4900534,17
0.01171875,0.52734375,-599.7179521,0.015625,0.53125,-968.7564156,0.0078125,0.53125,-745.4900534,49
0.65625,0.640625,269.2027385,0.671875,0.640625,222.6362905,0.65625,0.625,324.6068383,16
0.6640625,0.6484375,218.2174646,0.671875,0.640625,222.6362905,0.65625,0.640625,269.2027385,9
0.6484375,0.640625,303.5199195,0.6484375,0.6328125,252.1850818,0.65625,0.640625,269.2027385,2
0.6484375,0.640625,303.5199195,0.640625,0.640625,206.312773,0.6484375,0.6328125,252.1850818,3
0.6484375,0.6328125,252.1850818,0.65625,0.625,324.6068383,0.65625,0.640625,269.2027385,9
0.671875,0.65625,220.6396751,0.671875,0.640625,222.6362905,0.6875,0.65625,227.4807116,234
0.0859375,0.6328125,-190.1211494,0.078125,0.625,-178.7436897,0.078125,0.640625,-171.0617725,14
0.0859375,0.6328125,-190.1211494,0.09375,0.625,-151.1937082,0.078125,0.625,-178.7436897,1
0.0703125,0.6171875,-204.6385519,0.078125,0.625,-178.7436897,0.078125,0.609375,-202.9834326,0
0.0703125,0.6171875,-204.6385519,0.0625,0.625,-206.2936712,0.078125,0.625,-178.7436897,1
0.046875,0.734375,-108.5871068,0.0625,0.71875,-142.8358929,0.03125,0.71875,-107.06843,183
0.046875,0.734375,-108.5871068,0.0625,0.75,-110.1057836,0.0625,0.71875,-142.8358929,324
0.046875,0.703125,-141.3172161,0.0625,0.71875,-142.8358929,0.0625,0.6875,-175.5660023,140
0.0078125,0.6640625,-39.97387196,0.015625,0.65625,-135.4580064,0.015625,0.671875,-130.5354102,62
0.015625,0.57421875,-154.7734585,0.01171875,0.57421875,-714.7957645,0.015625,0.5703125,-469.5944023,10
0.015625,0.57421875,-154.7734585,0.015625,0.578125,-711.6129617,0.01171875,0.57421875,-714.7957645,14
0,0.703125,689.6073502,0.015625,0.703125,79.82637054,0,0.71875,114.0751567,26
0.0546875,0.5703125,-304.9077621,0.046875,0.578125,-306.5628814,0.0625,0.578125,-279.0128999,14
0.0078125,0.6484375,-153.0739557,0.015625,0.65625,-135.4580064,0.015625,0.640625,-281.2616984,85
0,0.6640625,138.2520427,0.0078125,0.6640625,-39.97387196,0,0.671875,301.3902984,7
0.0546875,0.5625,-235.336724,0.0546875,0.5703125,-304.9077621,0.046875,0.5625,-363.9314684,2
0.0546875,0.5625,-235.336724,0.0625,0.5625,-303.2526428,0.0546875,0.5703125,-304.9077621,5
0.03515625,0.59765625,-338.7638244,0.0390625,0.59375,-296.0981292,0.03125,0.59375,-309.87312,12
0.03515625,0.59765625,-338.7638244,0.0390625,0.6015625,-327.8585733,0.0390625,0.59375,-296.0981292,49
0.04296875,0.59765625,-302.1278975,0.0390625,0.59375,-296.0981292,0.0390625,0.6015625,-327.8585733,12
0.04296875,0.59765625,-302.1278975,0.046875,0.59375,-282.3231385,0.0390625,0.59375,-296.0981292,16
0.0390625,0.6640625,-228.4138503,0.03125,0.65625,-246.0297997,0.03125,0.671875,-175.0530134,137
0.0546875,0.5546875,-335.2442467,0.0625,0.546875,-315.3927788,0.0625,0.5625,-303.2526428,0
0.0546875,0.5546875,-335.2442467,0.046875,0.546875,-367.2358505,0.0625,0.546875,-315.3927788,1
0.0546875,0.6484375,-208.5457861,0.046875,0.65625,-218.4798182,0.046875,0.640625,-226.1617354,57
0.0546875,0.6484375,-208.5457861,0.0625,0.65625,-190.9298367,0.046875,0.65625,-218.4798182,58
0.0625,0.71875,-142.8358929,0.09375,0.71875,-131.429937,0.0625,0.75,-110.1057836,419
0.0625,0.71875,-142.8358929,0.0625,0.6875,-175.5660023,0.09375,0.71875,-131.429937,275
0.078125,0.671875,-155.697938,0.09375,0.6875,-133.6299054,0.09375,0.65625,-135.8298738,223
0.078125,0.671875,-155.697938,0.0625,0.6875,-175.5660023,0.09375,0.6875,-133.6299054,163
0.0390625,0.6640625,-228.4138503,0.03125,0.65625,-246.0297997,0.046875,0.65625,-218.4798182,123
0.0234375,0.6796875,-124.0837834,0.03125,0.671875,-175.0530134,0.015625,0.671875,-130.5354102,48
0.0703125,0.6484375,-180.9958046,0.078125,0.65625,-163.3798552,0.078125,0.640625,-171.0617725,27
0.0703125,0.6484375,-180.9958046,0.0625,0.65625,-190.9298367,0.078125,0.65625,-163.3798552,50
0,0.51171875,-815.5512302,0.00390625,0.51171875,-663.9728879,0,0.515625,-619.998444,32
0,0.51171875,-815.5512302,0,0.5078125,-587.0179401,0.00390625,0.51171875,-663.9728879,11
0.00390625,0.515625,-845.5302972,0.00390625,0.51171875,-663.9728879,0,0.515625,-619.998444,12
0.00390625,0.515625,-845.5302972,0.0078125,0.515625,-550.1219765,0.00390625,0.51171875,-663.9728879,5
0.02734375,0.68359375,-301.9516257,0.03125,0.6796875,-151.5449695,0.0234375,0.6796875,-124.0837834,1
0.02734375,0.68359375,-301.9516257,0.03125,0.6875,-128.0369256,0.03125,0.6796875,-151.5449695,2
0.0390625,0.5703125,-365.5865877,0.046875,0.5625,-363.9314684,0.046875,0.578125,-306.5628814,22
0.0390625,0.5703125,-365.5865877,0.03125,0.5625,-424.610294,0.046875,0.5625,-363.9314684,8
0.01171875,0.5703125,-459.0251871,0.01171875,0.56640625,-556.4406157,0.015625,0.5703125,-469.5944023,6
0.01171875,0.5703125,-459.0251871,0.0078125,0.5703125,-717.9785672,0.01171875,0.56640625,-556.4406157,7
0.03125,0.5703125,-395.9260005,0.0390625,0.5703125,-365.5865877,0.03125,0.5625,-424.610294,2
0.03125,0.5703125,-395.9260005,0.03125,0.578125,-367.241707,0.0390625,0.5703125,-365.5865877,7
0.005859375,0.525390625,-826.9625927,0.00390625,0.5234375,-690.4665273,0.0078125,0.5234375,-923.9950265,9
0.005859375,0.525390625,-826.9625927,0.00390625,0.52734375,-729.9339835,0.00390625,0.5234375,-690.4665273,2
0.1015625,0.5703125,-148.7188676,0.09375,0.578125,-206.360093,0.109375,0.578125,-161.2572676,12
0.1015625,0.5703125,-148.7188676,0.09375,0.5625,-213.046992,0.09375,0.578125,-206.360093,24
0.640625,0.703125,226.2833503,0.65625,0.6875,211.1772718,0.65625,0.71875,258.9825272,26
0.640625,0.703125,226.2833503,0.625,0.6875,193.5841734,0.65625,0.6875,211.1772718,7
0.671875,0.671875,221.2845044,0.65625,0.6875,211.1772718,0.65625,0.65625,213.7986387,3
0.671875,0.671875,221.2845044,0.6875,0.6875,228.7703701,0.65625,0.6875,211.1772718,2
0.640625,0.671875,203.6914061,0.65625,0.6875,211.1772718,0.65625,0.65625,213.7986387,10
0.640625,0.671875,203.6914061,0.625,0.6875,193.5841734,0.65625,0.6875,211.1772718,1
0.6484375,0.6484375,210.0557059,0.640625,0.65625,205.0020895,0.640625,0.640625,206.312773,128
0.6484375,0.6484375,210.0557059,0.65625,0.65625,213.7986387,0.640625,0.65625,205.0020895,154
0.65625,0.6484375,241.5006886,0.65625,0.65625,213.7986387,0.6484375,0.6484375,210.0557059,127
0.6484375,0.640625,303.5199195,0.640625,0.640625,206.312773,0.6484375,0.6484375,210.0557059,2
0.65234375,0.64453125,218.1408749,0.6484375,0.640625,303.5199195,0.6484375,0.6484375,210.0557059,6
0.65234375,0.64453125,218.1408749,0.65625,0.640625,269.2027385,0.6484375,0.640625,303.5199195,5
0.3515625,0.4609375,89.43799232,0.34375,0.453125,26.25768433,0.34375,0.46875,-25.4820726,0
0.3515625,0.4453125,101.3281237,0.34375,0.4375,77.99744126,0.34375,0.453125,26.25768433,24
0.3515625,0.453125,223.9792644,0.3515625,0.4609375,89.43799232,0.34375,0.453125,26.25768433,1
0.3515625,0.453125,223.9792644,0.359375,0.453125,124.6588061,0.3515625,0.4609375,89.43799232,1
0.0078125,0.52734375,-698.2098423,0.01171875,0.52734375,-599.7179521,0.0078125,0.53125,-745.4900534,27
0.015625,0.5234375,-724.5009623,0.015625,0.515625,-480.245509,0.0234375,0.5234375,-443.3495453,8
0.9921875,0.9921875,472.0533411,1,0.984375,476.4047585,0.984375,0.984375,473.5483945,0
0.9921875,0.9921875,472.0533411,1,1,470.5582877,1,0.984375,476.4047585,0
0.359375,0.46875,45.45967405,0.359375,0.453125,124.6588061,0.375,0.46875,116.4014207,0
0.9921875,1,461.7217103,0.9921875,0.9921875,472.0533411,1,1,470.5582877,7
0.9921875,1,461.7217103,0.984375,1,563.4749933,0.9921875,0.9921875,472.0533411,30
0.71875,0.75,197.1119501,0.71875,0.78125,282.0789238,0.6875,0.75,122.1529991,2
0.6875,0.78125,245.6779529,0.71875,0.78125,282.0789238,0.6875,0.75,122.1529991,7
0.6875,0.78125,245.6779529,0.6875,0.8125,295.9280548,0.71875,0.78125,282.0789238,10
0.71875,0.8125,315.6209127,0.6875,0.8125,295.9280548,0.71875,0.78125,282.0789238,4
0.734375,0.765625,351.0698876,0.71875,0.75,197.1119501,0.75,0.75,268.2297929,0
0.734375,0.765625,351.0698876,0.71875,0.78125,282.0789238,0.71875,0.75,197.1119501,4
0.0625,0.34375,-541.6023914,0.09375,0.34375,-376.2378419,0.0625,0.375,-512.0215892,0
0.0625,0.34375,-541.6023914,0.0625,0.3125,-571.1831936,0.09375,0.34375,-376.2378419,0
0.03125,0.3125,-822.0004317,0.03125,0.34375,-877.8723179,0,0.3125,-1072.81767,0
0.03125,0.3125,-822.0004317,0.0625,0.3125,-571.1831936,0.03125,0.34375,-877.8723179,0
0.6875,0.65625,227.4807116,0.71875,0.65625,232.5922896,0.6875,0.625,231.4739424,401
0.59375,0.78125,229.6233138,0.625,0.8125,243.8890359,0.5625,0.8125,266.482712,83
0.6875,0.78125,245.6779529,0.6875,0.8125,295.9280548,0.65625,0.78125,244.3459852,7
1,0.921875,466.7223126,1,0.90625,439.5004542,0.984375,0.921875,474.8594233,2
0.9765625,0.9296875,432.4890978,0.96875,0.921875,442.1279123,0.984375,0.921875,474.8594233,0
0.9765625,0.9296875,432.4890978,0.96875,0.9375,471.3872464,0.96875,0.921875,442.1279123,70
0.96875,0.921875,442.1279123,0.96875,0.90625,455.7746754,0.984375,0.921875,474.8594233,0
0.90625,0.921875,464.5226115,0.90625,0.90625,429.0626,0.921875,0.921875,455.7906574,0
0.921875,0.9375,470.545642,0.921875,0.921875,455.7906574,0.90625,0.9375,458.5725693,5
0.9375,0.921875,454.7586528,0.921875,0.921875,455.7906574,0.9375,0.90625,426.9985909,0
0.90625,0.921875,464.5226115,0.921875,0.921875,455.7906574,0.90625,0.9375,458.5725693,4
0.9296875,0.9296875,469.154686,0.9375,0.921875,454.7586528,0.921875,0.921875,455.7906574,0
0.5625,0.46875,118.9450964,0.5625,0.4375,134.2616876,0.59375,0.46875,119.5293655,531
0.1875,0.75,-19.14475146,0.25,0.75,49.00436881,0.1875,0.6875,-23.54468822,0
0.15625,0.65625,-59.81921674,0.1875,0.625,-5.937648945,0.1875,0.6875,-23.54468822,1
0.21875,0.65625,92.14106441,0.1875,0.625,-5.937648945,0.1875,0.6875,-23.54468822,1
0.59375,0.4375,84.7199745,0.5625,0.4375,134.2616876,0.59375,0.46875,119.5293655,576
0.609375,0.484375,142.527357,0.625,0.46875,174.7647832,0.59375,0.46875,119.5293655,2
0.609375,0.484375,142.527357,0.625,0.5,165.5253485,0.625,0.46875,174.7647832,6
0.609375,0.453125,160.1901629,0.625,0.46875,174.7647832,0.59375,0.46875,119.5293655,2
0.609375,0.453125,160.1901629,0.625,0.4375,206.9928314,0.625,0.46875,174.7647832,1
0.78125,0.96875,365.3054272,0.75,0.9375,321.9095185,0.8125,0.9375,376.7583113,0
0.78125,0.96875,365.3054272,0.75,1,353.8525431,0.75,0.9375,321.9095185,0
0.78125,0.90625,329.3557899,0.75,0.875,281.9532686,0.75,0.9375,321.9095185,0
0.75,0.9375,321.9095185,0.6875,0.9375,324.4333496,0.75,1,353.8525431,0
0.75,0.9375,321.9095185,0.75,0.875,281.9532686,0.6875,0.9375,324.4333496,1
0.6875,0.875,291.0101751,0.6875,0.9375,324.4333496,0.75,0.875,281.9532686,1
0.6875,0.875,291.0101751,0.625,0.875,295.0141561,0.6875,0.9375,324.4333496,0
0.78125,0.84375,289.1965635,0.75,0.8125,275.0915307,0.8125,0.8125,296.4398584,6
0.8125,0.375,58.53699045,0.8125,0.3125,94.88019867,0.75,0.375,61.77876778,2
0.8125,0.375,58.53699045,0.875,0.375,97.97994812,0.8125,0.3125,94.88019867,0
0.609375,0.609375,195.6288152,0.59375,0.625,169.6175989,0.59375,0.59375,192.4307231,3
0.03125,0.25,-771.3766764,0.0625,0.25,-581.6794557,0.03125,0.28125,-766.1285454,0
0.21875,0.03125,-215.097955,0.25,0.0625,-128.25496,0.1875,0.0625,-192.9595806,0
0.21875,0.03125,-215.097955,0.25,0,-235.7769515,0.25,0.0625,-128.25496,0
0.21875,0.09375,-106.8462745,0.25,0.0625,-128.25496,0.1875,0.0625,-192.9595806,0
0.21875,0.09375,-106.8462745,0.25,0.125,-20.73296851,0.25,0.0625,-128.25496,0
0.25,0.0625,-128.25496,0.3125,0.0625,-0.1959542923,0.25,0,-235.7769515,0
0.25,0.0625,-128.25496,0.25,0.125,-20.73296851,0.3125,0.0625,-0.1959542923,1
0.3125,0.125,-30.0407396,0.3125,0.0625,-0.1959542923,0.25,0.125,-20.73296851,8
0.3125,0.125,-30.0407396,0.375,0.125,58.87993893,0.3125,0.0625,-0.1959542923,12
0.40625,0.40625,100.6223628,0.4375,0.375,95.10816404,0.375,0.375,76.63101397,14
0.40625,0.40625,100.6223628,0.4375,0.4375,124.6137117,0.4375,0.375,95.10816404,34
0.6875,0.71875,219.5513409,0.6875,0.6875,228.7703701,0.65625,0.71875,258.9825272,22
0.671875,0.734375,190.5677631,0.6875,0.71875,219.5513409,0.65625,0.71875,258.9825272,176
0.671875,0.625,572.5634076,0.671875,0.640625,222.6362905,0.6875,0.625,231.4739424,4
0.671875,0.625,572.5634076,0.65625,0.625,324.6068383,0.671875,0.640625,222.6362905,5
0.671875,0.640625,222.6362905,0.6875,0.625,231.4739424,0.6875,0.65625,227.4807116,53
0.640625,0.453125,182.1898596,0.625,0.4375,206.9928314,0.65625,0.4375,102.8854284,4
0.671875,0.453125,153.3176573,0.65625,0.4375,102.8854284,0.6875,0.4375,149.248427,19
0.625,0.40625,172.3839317,0.65625,0.40625,143.5117295,0.625,0.4375,206.9928314,0
0.625,0.40625,172.3839317,0.625,0.375,137.775032,0.65625,0.40625,143.5117295,0
0.640625,0.765625,218.5549504,0.65625,0.75,114.4183699,0.65625,0.78125,244.3459852,6
0.671875,0.765625,183.2494921,0.65625,0.75,114.4183699,0.65625,0.78125,244.3459852,5
0.65625,0.4375,102.8854284,0.65625,0.40625,143.5117295,0.625,0.4375,206.9928314,1
0.65625,0.4375,102.8854284,0.6875,0.4375,149.248427,0.65625,0.40625,143.5117295,1
0.59375,0.625,169.6175989,0.59375,0.59375,192.4307231,0.5625,0.625,223.4726902,26
0.5625,0.59375,147.65419,0.59375,0.59375,192.4307231,0.5625,0.625,223.4726902,11
0.609375,0.609375,195.6288152,0.625,0.59375,153.2457171,0.59375,0.59375,192.4307231,7
0.609375,0.609375,195.6288152,0.625,0.625,198.8269073,0.625,0.59375,153.2457171,17
0.6875,0.59375,211.1160677,0.6875,0.5625,190.758193,0.65625,0.59375,194.7925502,488
0.640625,0.609375,196.8097287,0.625,0.59375,153.2457171,0.625,0.625,198.8269073,13
0.640625,0.609375,196.8097287,0.65625,0.59375,194.7925502,0.625,0.59375,153.2457171,17
0.640625,0.578125,196.4891861,0.625,0.59375,153.2457171,0.65625,0.59375,194.7925502,144
0.09375,0.3125,-368.0837848,0.0625,0.3125,-571.1831936,0.09375,0.28125,-386.7341039,0
0.09375,0.3125,-368.0837848,0.09375,0.28125,-386.7341039,0.125,0.3125,-164.9843759,0
0.03125,0.90625,87.22664069,0.0625,0.875,-12.83226676,0.0625,0.9375,-41.9497495,1
0.765625,0.75,277.1701353,0.765625,0.765625,295.0451965,0.78125,0.75,286.1104777,1
0.765625,0.75,277.1701353,0.75,0.75,268.2297929,0.765625,0.765625,295.0451965,0
0.7734375,0.734375,272.2200912,0.765625,0.734375,267.74992,0.7734375,0.7265625,267.5099836,0
0.7734375,0.71875,265.0601361,0.7734375,0.7265625,267.5099836,0.765625,0.71875,262.8502251,21
0.77734375,0.73046875,312.2043682,0.7734375,0.734375,272.2200912,0.7734375,0.7265625,267.5099836,0
0.77734375,0.73046875,312.2043682,0.78125,0.734375,276.6902624,0.7734375,0.734375,272.2200912,0
0.015625,0.75,92.05069126,0.015625,0.734375,98.52432172,0,0.75,-38.5708577,2
0.015625,0.75,92.05069126,0.03125,0.75,-74.33832063,0.015625,0.734375,98.52432172,21
0.03125,0.703125,-117.5526778,0.03125,0.71875,-107.06843,0.015625,0.703125,79.82637054,125
0.015625,0.65625,-135.4580064,0.03125,0.65625,-246.0297997,0.015625,0.671875,-130.5354102,510
0.046875,0.796875,-58.13419214,0.0625,0.78125,-87.38054359,0.0625,0.8125,-64.65530362,45
0.046875,0.796875,-58.13419214,0.03125,0.78125,-51.61308066,0.0625,0.78125,-87.38054359,41
0.046875,0.765625,-80.85943211,0.0625,0.78125,-87.38054359,0.03125,0.78125,-51.61308066,38
0.046875,0.765625,-80.85943211,0.0625,0.75,-110.1057836,0.0625,0.78125,-87.38054359,74
0.01953125,0.57421875,-544.6976359,0.0234375,0.5703125,-568.1116279,0.015625,0.5703125,-469.5944023,0
0.00390625,0.515625,-845.5302972,0.00390625,0.51953125,-771.9967353,0,0.515625,-619.998444,17
0.00390625,0.515625,-845.5302972,0.0078125,0.515625,-550.1219765,0.00390625,0.51953125,-771.9967353,12
0.015625,0.6328125,-281.1228114,0.015625,0.640625,-281.2616984,0.0078125,0.6328125,-172.3120028,17
0.0390625,0.5859375,-308.2180007,0.046875,0.59375,-282.3231385,0.046875,0.578125,-306.5628814,42
0.046875,0.8125,106.7725252,0.046875,0.828125,5.609280004,0.03125,0.8125,238.7152524,0
0.046875,0.8125,106.7725252,0.0625,0.8125,-64.65530362,0.046875,0.828125,5.609280004,3
0.009765625,0.525390625,-761.854674,0.01171875,0.52734375,-599.7179521,0.01171875,0.5234375,-824.2479944,14
0.013671875,0.525390625,-662.1084158,0.01171875,0.5234375,-824.2479944,0.01171875,0.52734375,-599.7179521,0
0.013671875,0.525390625,-662.1084158,0.015625,0.5234375,-724.5009623,0.01171875,0.5234375,-824.2479944,6
0.013671875,0.525390625,-662.1084158,0.015625,0.52734375,-846.6286889,0.01171875,0.52734375,-599.7179521,10
0.013671875,0.525390625,-662.1084158,0.015625,0.5234375,-724.5009623,0.015625,0.52734375,-846.6286889,1
0.03125,0.6796875,-151.5449695,0.03125,0.671875,-175.0530134,0.0234375,0.6796875,-124.0837834,12
0.03125,0.796875,93.55108587,0.03125,0.78125,-51.61308066,0.046875,0.796875,-58.13419214,11
0.046875,0.8125,106.7725252,0.0625,0.8125,-64.65530362,0.046875,0.796875,-58.13419214,0
0.7734375,0.734375,272.2200912,0.7734375,0.7421875,276.9301989,0.78125,0.734375,276.6902624,0
0.7734375,0.734375,272.2200912,0.765625,0.734375,267.74992,0.7734375,0.7421875,276.9301989,0
0.359375,0.4375,89.18486979,0.359375,0.421875,83.2495487,0.375,0.4375,100.3722983,7
0.359375,0.4375,89.18486979,0.34375,0.4375,77.99744126,0.359375,0.421875,83.2495487,22
0.359375,0.421875,83.2495487,0.375,0.40625,88.50165615,0.34375,0.40625,66.12679908,94
0.359375,0.421875,83.2495487,0.375,0.4375,100.3722983,0.375,0.40625,88.50165615,32
0.109375,0.640625,-115.9618095,0.09375,0.625,-151.1937082,0.125,0.625,-96.09374526,35
0.078125,0.609375,-202.9834326,0.09375,0.625,-151.1937082,0.09375,0.59375,-199.6731941,66
0.078125,0.59375,-227.2231755,0.09375,0.59375,-199.6731941,0.078125,0.578125,-251.4629185,38
0.0859375,0.5703125,-232.2549552,0.09375,0.578125,-206.360093,0.078125,0.578125,-251.4629185,11
0.0859375,0.5703125,-232.2549552,0.09375,0.5625,-213.046992,0.09375,0.578125,-206.360093,13
0.640625,0.65625,205.0020895,0.640625,0.671875,203.6914061,0.625,0.65625,196.2055404,3
0.640625,0.65625,205.0020895,0.65625,0.65625,213.7986387,0.640625,0.671875,203.6914061,2
0.09375,0.578125,-206.360093,0.09375,0.59375,-199.6731941,0.078125,0.578125,-251.4629185,47
0.01171875,0.60546875,-335.1921581,0.0078125,0.609375,-302.0713649,0.015625,0.609375,-346.5090705,6
0.01171875,0.60546875,-335.1921581,0.0078125,0.6015625,-370.5372297,0.0078125,0.609375,-302.0713649,24
0.00390625,0.60546875,-263.1104707,0.0078125,0.609375,-302.0713649,0.0078125,0.6015625,-370.5372297,3
0.00390625,0.60546875,-263.1104707,0,0.609375,28.54135519,0.0078125,0.609375,-302.0713649,2
0.0234375,0.6328125,-263.367975,0.03125,0.625,-245.4742517,0.015625,0.625,-280.9839244,22
0.0078125,0.6171875,-256.0486157,0.015625,0.625,-280.9839244,0.015625,0.609375,-346.5090705,11
0.00390625,0.53515625,-802.0169089,0.0078125,0.53125,-745.4900534,0.0078125,0.5390625,-557.5835594,3
0.00390625,0.53515625,-802.0169089,0,0.53125,-535.8729406,0.0078125,0.53125,-745.4900534,11
0.0078125,0.53125,-745.4900534,0.015625,0.53125,-968.7564156,0.0078125,0.5390625,-557.5835594,68
0,0.5390625,-553.9378426,0.0078125,0.5390625,-557.5835594,0,0.546875,-572.0027445,9
0.921875,0.90625,428.0305955,0.921875,0.921875,455.7906574,0.9375,0.90625,426.9985909,0
0.921875,0.90625,428.0305955,0.90625,0.90625,429.0626,0.921875,0.921875,455.7906574,0
0.65625,0.5,166.2175198,0.65625,0.46875,157.3868877,0.6875,0.5,166.9096911,11
0.03125,0.609375,-345.7474323,0.046875,0.609375,-258.0833956,0.03125,0.625,-245.4742517,34
0.640625,0.453125,182.1898596,0.625,0.46875,174.7647832,0.65625,0.46875,157.3868877,2
0.640625,0.453125,182.1898596,0.625,0.4375,206.9928314,0.625,0.46875,174.7647832,0
0.6875,0.46875,158.079059,0.65625,0.46875,157.3868877,0.6875,0.5,166.9096911,17
0.6875,0.71875,219.5513409,0.6875,0.6875,228.7703701,0.71875,0.71875,264.0104114,19
0.75,0.71875,258.4304032,0.71875,0.71875,264.0104114,0.75,0.6875,248.6310135,9
0.71875,0.6875,237.776087,0.71875,0.71875,264.0104114,0.75,0.6875,248.6310135,18
0.71875,0.6875,237.776087,0.6875,0.6875,228.7703701,0.71875,0.71875,264.0104114,12
0.734375,0.734375,266.1201022,0.71875,0.75,197.1119501,0.71875,0.71875,264.0104114,0
0.734375,0.734375,266.1201022,0.75,0.75,268.2297929,0.71875,0.75,197.1119501,0
0.703125,0.734375,193.0817052,0.71875,0.75,197.1119501,0.71875,0.71875,264.0104114,12
0.703125,0.734375,193.0817052,0.6875,0.75,122.1529991,0.71875,0.75,197.1119501,0
0.09375,0.3125,-368.0837848,0.09375,0.34375,-376.2378419,0.125,0.3125,-164.9843759,0
0.09375,0.3125,-368.0837848,0.0625,0.3125,-571.1831936,0.09375,0.34375,-376.2378419,0
0.9375,0.4375,184.9851782,1,0.375,228.7235235,0.875,0.375,97.97994812,0
0.9375,0.4375,184.9851782,1,0.5,271.9904082,1,0.375,228.7235235,1
0.4375,0.8125,195.2813935,0.375,0.75,143.4778184,0.375,0.875,152.611519,0
0.4375,0.8125,195.2813935,0.5,0.75,237.951268,0.375,0.75,143.4778184,0
0.609375,0.578125,172.0255304,0.625,0.59375,153.2457171,0.59375,0.59375,192.4307231,185
0.640625,0.703125,226.2833503,0.625,0.6875,193.5841734,0.625,0.71875,212.2235542,26
0.75,0.4375,132.142476,0.75,0.375,61.77876778,0.6875,0.4375,149.248427,12
0.6875,0.375,76.68084288,0.6875,0.4375,149.248427,0.75,0.375,61.77876778,3
0.546875,0.546875,180.977434,0.5625,0.5625,186.0345388,0.5625,0.53125,144.831522,28
0.15625,0.1875,-187.4991509,0.15625,0.15625,-196.2610789,0.125,0.1875,-255.531201,479
0.21875,0.09375,-106.8462745,0.1875,0.125,-164.7551782,0.1875,0.0625,-192.9595806,18
0.609375,0.546875,163.7001407,0.59375,0.5625,162.2229446,0.59375,0.53125,175.7799437,10
0.609375,0.546875,163.7001407,0.625,0.5625,151.6203377,0.59375,0.5625,162.2229446,0
0.9921875,0.9453125,489.5927536,0.984375,0.9375,426.2187768,0.984375,0.953125,485.2413362,0
0.5625,0.71875,273.5562667,0.5625,0.6875,212.6298293,0.59375,0.71875,202.6968725,10
0.1875,0.53125,-14.4110316,0.1875,0.5625,2.81169174,0.15625,0.53125,-111.8272301,0
0.15625,0.5,-90.61134598,0.15625,0.53125,-111.8272301,0.125,0.5,-149.588937,20
0.125,0.53125,-136.2151391,0.15625,0.53125,-111.8272301,0.125,0.5,-149.588937,204
0.15625,0.5625,-60.0148247,0.1875,0.5625,2.81169174,0.15625,0.53125,-111.8272301,2
0.59375,0.6875,203.1070014,0.59375,0.71875,202.6968725,0.625,0.6875,193.5841734,13
0.59375,0.6875,203.1070014,0.5625,0.6875,212.6298293,0.59375,0.71875,202.6968725,18
0.609375,0.734375,197.730394,0.625,0.71875,212.2235542,0.59375,0.71875,202.6968725,354
0.984375,0.859375,423.6595228,1,0.875,434.4274657,0.96875,0.875,367.843142,16
0.984375,0.859375,423.6595228,1,0.84375,432.415703,0.96875,0.84375,412.89158,5
0.984375,0.859375,423.6595228,1,0.875,434.4274657,1,0.84375,432.415703,66
0.09375,0.21875,-418.6053284,0.125,0.1875,-255.531201,0.0625,0.1875,-634.9256425,0
0.15625,0.15625,-196.2610789,0.125,0.1875,-255.531201,0.125,0.125,-308.7773879,926
0.15625,0.1875,-187.4991509,0.1875,0.1875,-90.03931359,0.15625,0.15625,-196.2610789,266
0.21875,0.15625,-55.38614105,0.1875,0.125,-164.7551782,0.1875,0.1875,-90.03931359,518
0.46875,0.5,122.9795258,0.46875,0.46875,145.2099156,0.4375,0.5,80.15293207,2
0.4375,0.46875,102.3833219,0.4375,0.4375,124.6137117,0.46875,0.46875,145.2099156,0
0.15625,0.15625,-196.2610789,0.1875,0.125,-164.7551782,0.125,0.125,-308.7773879,1240
0.15625,0.15625,-196.2610789,0.1875,0.1875,-90.03931359,0.1875,0.125,-164.7551782,3242
0.53125,0.65625,138.2934443,0.5,0.625,222.6035155,0.5,0.6875,214.4715694,4
0.53125,0.71875,225.2905486,0.5,0.75,237.951268,0.5,0.6875,214.4715694,1
0.1875,0.0625,-192.9595806,0.125,0,-393.0073706,0.125,0.125,-308.7773879,225
0.6875,0.375,76.68084288,0.6875,0.3125,114.7777406,0.75,0.375,61.77876778,7
0.6875,0.375,76.68084288,0.625,0.375,137.775032,0.6875,0.3125,114.7777406,2
0.9375,0.5,191.4447381,0.9375,0.4375,184.9851782,1,0.5,271.9904082,1
0.9375,0.5,191.4447381,0.875,0.5,78.07855502,0.9375,0.4375,184.9851782,3
1,0.375,228.7235235,1,0.25,185.4566387,0.875,0.375,97.97994812,0
0.875,0.25,138.6185439,0.875,0.375,97.97994812,1,0.25,185.4566387,1
0.8125,0.3125,94.88019867,0.75,0.375,61.77876778,0.75,0.25,91.78044922,5
0.6875,0.3125,114.7777406,0.75,0.25,91.78044922,0.75,0.375,61.77876778,4
0.71875,0.65625,232.5922896,0.75,0.625,236.414209,0.6875,0.625,231.4739424,262
0.71875,0.59375,213.586201,0.75,0.625,236.414209,0.6875,0.625,231.4739424,39
0.0078125,0.6171875,-256.0486157,0,0.625,-316.4935971,0,0.609375,28.54135519,10
0.875,0.25,138.6185439,0.875,0.125,95.35165917,1,0.25,185.4566387,1
0.875,0.25,138.6185439,0.75,0.25,91.78044922,0.875,0.125,95.35165917,0
1,0.125,142.1897539,0.875,0.125,95.35165917,1,0.25,185.4566387,0
1,0.125,142.1897539,1,0,98.92286912,0.875,0.125,95.35165917,0
0.0625,0.875,-12.83226676,0.125,0.875,-125.6730117,0.0625,0.9375,-41.9497495,21
0.078125,0.546875,-246.5853535,0.09375,0.53125,-189.9180641,0.0625,0.53125,-327.5329147,43
0.078125,0.515625,-270.8656254,0.0625,0.53125,-327.5329147,0.09375,0.53125,-189.9180641,21
0,0.9375,129.0882718,0.0625,0.9375,-41.9497495,0,1,41.77351275,1
0.1875,0.8125,-38.33432147,0.25,0.875,99.00022988,0.25,0.75,49.00436881,0
0.1875,0.8125,-38.33432147,0.125,0.875,-125.6730117,0.25,0.875,99.00022988,0
0.3125,0.0625,-0.1959542923,0.375,0,-155.2461158,0.375,0.125,58.87993893,6
0.3125,0.0625,-0.1959542923,0.25,0,-235.7769515,0.375,0,-155.2461158,0
0.3125,0.3125,34.25543247,0.375,0.375,76.63101397,0.375,0.25,30.22741219,2020
0.3125,0.1875,25.37989495,0.375,0.25,30.22741219,0.25,0.25,-8.120149042,613
0.3125,0.1875,25.37989495,0.375,0.125,58.87993893,0.375,0.25,30.22741219,279
0.3125,0.3125,34.25543247,0.375,0.25,30.22741219,0.25,0.25,-8.120149042,2016
0.5625,0.3125,93.11298357,0.5,0.25,48.45093515,0.5,0.375,119.1082725,385
0.09375,0.6875,-133.6299054,0.0625,0.6875,-175.5660023,0.09375,0.71875,-131.429937,139
0.15625,0.59375,-57.08159318,0.1875,0.5625,2.81169174,0.1875,0.625,-5.937648945,0
0.25,0.6875,128.4155929,0.25,0.75,49.00436881,0.1875,0.6875,-23.54468822,0
0.375,0.25,30.22741219,0.375,0.125,58.87993893,0.5,0.25,48.45093515,2458
0.0625,0.9375,-41.9497495,0.125,1,121.9052782,0.125,0.875,-125.6730117,12
0.0625,0.9375,-41.9497495,0,1,41.77351275,0.125,1,121.9052782,0
0.03125,0.375,-848.2915157,0.03125,0.34375,-877.8723179,0,0.375,-1184.561442,1
0.03125,0.375,-848.2915157,0.0625,0.375,-512.0215892,0.03125,0.34375,-877.8723179,5
0.0625,0.34375,-541.6023914,0.03125,0.34375,-877.8723179,0.0625,0.375,-512.0215892,2
0.0625,0.34375,-541.6023914,0.0625,0.3125,-571.1831936,0.03125,0.34375,-877.8723179,0
0.71875,0.6875,237.776087,0.71875,0.65625,232.5922896,0.75,0.6875,248.6310135,12
0.71875,0.6875,237.776087,0.6875,0.6875,228.7703701,0.71875,0.65625,232.5922896,0
0.53125,0.78125,252.21699,0.5625,0.75,100.9878163,0.5625,0.8125,266.482712,0
0.59375,0.78125,229.6233138,0.5625,0.75,100.9878163,0.5625,0.8125,266.482712,72
0.59375,0.6875,203.1070014,0.5625,0.6875,212.6298293,0.59375,0.65625,205.7283683,38
0.609375,0.640625,202.2776378,0.59375,0.65625,205.7283683,0.59375,0.625,169.6175989,153
0.875,0.4375,88.02925157,0.875,0.375,97.97994812,0.8125,0.4375,71.8278025,0
0.78125,0.40625,66.80328514,0.8125,0.375,58.53699045,0.8125,0.4375,71.8278025,0
0.78125,0.40625,66.80328514,0.75,0.375,61.77876778,0.8125,0.375,58.53699045,2
0.75,0.125,59.23954434,0.625,0.125,23.12742952,0.75,0,26.69863947,0
0.75,0.125,59.23954434,0.75,0.25,91.78044922,0.625,0.125,23.12742952,0
0.625,0,-9.413475358,0.625,0.125,23.12742952,0.75,0,26.69863947,0
0.625,0,-9.413475358,0.5,0,-45.52559018,0.625,0.125,23.12742952,0
0.5,0.125,-131.3389174,0.625,0.125,23.12742952,0.5,0,-45.52559018,0
0.5,0.125,-131.3389174,0.5,0.25,48.45093515,0.625,0.125,23.12742952,0
0.625,0.25,35.57746749,0.625,0.125,23.12742952,0.5,0.25,48.45093515,0
0.625,0.25,35.57746749,0.75,0.25,91.78044922,0.625,0.125,23.12742952,0
0.46875,0.40625,121.8609921,0.4375,0.375,95.10816404,0.4375,0.4375,124.6137117,6
0.46875,0.40625,121.8609921,0.5,0.375,119.1082725,0.4375,0.375,95.10816404,28
0.34375,0.40625,66.12679908,0.3125,0.375,76.05538433,0.375,0.375,76.63101397,66
0.4375,0.3125,62.54097456,0.5,0.25,48.45093515,0.5,0.375,119.1082725,2097
0.4375,0.46875,102.3833219,0.46875,0.46875,145.2099156,0.4375,0.5,80.15293207,0
0.46875,0.4375,113.9341707,0.4375,0.4375,124.6137117,0.46875,0.40625,121.8609921,12
0.46875,0.4375,113.9341707,0.4375,0.4375,124.6137117,0.46875,0.46875,145.2099156,3
0.34375,0.40625,66.12679908,0.3125,0.4375,55.62258419,0.3125,0.375,76.05538433,42
0.3125,0.375,76.05538433,0.3125,0.3125,34.25543247,0.25,0.375,9.985037589,2983
0.3125,0.375,76.05538433,0.375,0.375,76.63101397,0.3125,0.3125,34.25543247,1921
0.625,0.8125,243.8890359,0.625,0.875,295.0141561,0.5625,0.8125,266.482712,3
0.125,1,121.9052782,0.125,0.875,-125.6730117,0.25,1,148.9960909,0
0.28125,0.53125,42.49253821,0.25,0.5625,-2.010866604,0.3125,0.5625,50.37092202,5
0.640625,0.484375,-0.9508543733,0.625,0.46875,174.7647832,0.65625,0.46875,157.3868877,2
0.640625,0.484375,-0.9508543733,0.625,0.5,165.5253485,0.625,0.46875,174.7647832,6
0.84375,0.921875,411.9279754,0.859375,0.921875,376.4957634,0.84375,0.9375,374.4885259,89
0.84375,0.921875,411.9279754,0.84375,0.90625,376.1823982,0.859375,0.921875,376.4957634,2
0.859375,0.9375,422.6819912,0.859375,0.921875,376.4957634,0.875,0.9375,385.5496305,113
0.859375,0.9375,422.6819912,0.84375,0.9375,374.4885259,0.859375,0.921875,376.4957634,116
0.890625,0.890625,402.3345426,0.875,0.90625,380.5780578,0.875,0.875,375.6064852,5
0.859375,0.921875,376.4957634,0.875,0.90625,380.5780578,0.84375,0.90625,376.1823982,2
0.875,0.921875,383.0638441,0.859375,0.921875,376.4957634,0.875,0.9375,385.5496305,116
0.875,0.921875,383.0638441,0.875,0.90625,380.5780578,0.859375,0.921875,376.4957634,0
0.65625,0.78125,244.3459852,0.625,0.8125,243.8890359,0.6875,0.8125,295.9280548,95
0.625,0.78125,218.3264757,0.625,0.8125,243.8890359,0.65625,0.78125,244.3459852,67
0.671875,0.765625,183.2494921,0.6875,0.78125,245.6779529,0.65625,0.78125,244.3459852,2
0.671875,0.765625,183.2494921,0.6875,0.75,122.1529991,0.6875,0.78125,245.6779529,1
0.65625,0.6875,211.1772718,0.6875,0.6875,228.7703701,0.65625,0.71875,258.9825272,21
0.640625,0.75,153.5911428,0.65625,0.75,114.4183699,0.640625,0.734375,200.4531172,1
0.703125,0.734375,193.0817052,0.6875,0.71875,219.5513409,0.71875,0.71875,264.0104114,33
0.5,0.8125,240.8872291,0.4375,0.8125,195.2813935,0.5,0.875,243.8231902,0
0.5,0.8125,240.8872291,0.5,0.75,237.951268,0.4375,0.8125,195.2813935,0
0.546875,0.734375,163.1391825,0.53125,0.75,169.4695421,0.53125,0.71875,225.2905486,0
0.546875,0.734375,163.1391825,0.5625,0.75,100.9878163,0.53125,0.75,169.4695421,0
0.5625,0.734375,185.9462336,0.546875,0.734375,163.1391825,0.5625,0.75,100.9878163,0
0.5625,0.734375,185.9462336,0.5625,0.71875,273.5562667,0.546875,0.734375,163.1391825,0
0.546875,0.65625,191.0835112,0.53125,0.65625,138.2934443,0.546875,0.640625,152.5887279,11
0.546875,0.625,184.6634414,0.546875,0.640625,152.5887279,0.53125,0.625,145.8541926,1
0.5546875,0.6328125,188.030709,0.5625,0.625,223.4726902,0.5625,0.640625,167.7415087,1
0.5546875,0.6484375,172.9184203,0.5625,0.65625,193.2481127,0.5625,0.640625,167.7415087,17
0.1875,0.75,-19.14475146,0.1875,0.8125,-38.33432147,0.125,0.75,-87.29387173,0
0.1875,0.75,-19.14475146,0.25,0.75,49.00436881,0.1875,0.8125,-38.33432147,0
0.125,0.8125,-106.4834417,0.1875,0.8125,-38.33432147,0.125,0.75,-87.29387173,0
0.46875,0.5,122.9795258,0.46875,0.53125,139.2750766,0.4375,0.5,80.15293207,8
0.46875,0.5,122.9795258,0.5,0.5,165.8061194,0.46875,0.53125,139.2750766,20
0.46875,0.5625,176.8621438,0.46875,0.53125,139.2750766,0.5,0.5625,67.30828554,3
0.46875,0.5625,176.8621438,0.4375,0.5625,112.7440338,0.46875,0.53125,139.2750766,0
0.15625,0.71875,-52.55901391,0.125,0.75,-87.29387173,0.125,0.6875,-91.69380849,2
0.125,0.8125,-106.4834417,0.125,0.875,-125.6730117,0.1875,0.8125,-38.33432147,0
0.15625,0.71875,-52.55901391,0.1875,0.75,-19.14475146,0.1875,0.6875,-23.54468822,1
0.15625,0.71875,-52.55901391,0.125,0.75,-87.29387173,0.1875,0.75,-19.14475146,0
0.109375,0.421875,-237.6573145,0.125,0.40625,-173.3666019,0.09375,0.40625,-309.8739154,0
0.125,0.421875,-169.4036577,0.125,0.40625,-173.3666019,0.140625,0.421875,-146.3782713,9
0.875,0.734375,330.4896672,0.890625,0.734375,327.4374446,0.875,0.75,345.5710002,8
0.8984375,0.7265625,318.3706669,0.90625,0.734375,323.4437862,0.90625,0.71875,309.3038891,162
0.8984375,0.7421875,332.5105639,0.90625,0.75,337.5836832,0.90625,0.734375,323.4437862,1
0.9140625,0.734375,322.1096543,0.9140625,0.7421875,328.5169054,0.90625,0.734375,323.4437862,0
0.9140625,0.734375,322.1096543,0.921875,0.734375,319.4501277,0.9140625,0.7421875,328.5169054,1
0.9140625,0.7421875,328.5169054,0.921875,0.75,333.5900247,0.921875,0.734375,319.4501277,0
0.9140625,0.7421875,328.5169054,0.90625,0.75,337.5836832,0.921875,0.75,333.5900247,0
0.921875,0.75,333.5900247,0.921875,0.765625,347.4934383,0.9375,0.75,329.5963662,12
0.921875,0.75,333.5900247,0.90625,0.75,337.5836832,0.921875,0.765625,347.4934383,6
0.8984375,0.875,433.9629438,0.8984375,0.8671875,401.5831514,0.90625,0.875,434.6753792,0
0.8984375,0.859375,375.9233291,0.8984375,0.8671875,401.5831514,0.90625,0.859375,383.3557346,33
0.9765625,0.9296875,432.4890978,0.984375,0.9375,426.2187768,0.984375,0.921875,474.8594233,75
1,0.953125,488.0977002,0.984375,0.953125,485.2413362,1,0.96875,482.2512294,2
0.015625,0.5078125,-555.1131137,0.0078125,0.5078125,-707.9473318,0.015625,0.5,-629.9807185,3
0.015625,0.625,-280.9839244,0.03125,0.625,-245.4742517,0.015625,0.609375,-346.5090705,48
0.046875,0.625,-277.1236267,0.046875,0.640625,-226.1617354,0.03125,0.625,-245.4742517,39
0.046875,0.6875,-172.9852099,0.0625,0.6875,-175.5660023,0.046875,0.671875,-210.797901,125
0.7734375,0.7421875,276.9301989,0.78125,0.75,286.1104777,0.78125,0.734375,276.6902624,0
0.7890625,0.734375,281.1604336,0.7890625,0.7421875,76.14671479,0.78125,0.734375,276.6902624,2
0.7890625,0.734375,281.1604336,0.796875,0.734375,285.6306048,0.7890625,0.7421875,76.14671479,2
0.7890625,0.7421875,76.14671479,0.796875,0.75,295.0508201,0.796875,0.734375,285.6306048,1
0.7890625,0.7421875,76.14671479,0.78125,0.75,286.1104777,0.796875,0.75,295.0508201,0
0.7890625,0.7421875,76.14671479,0.78125,0.75,286.1104777,0.78125,0.734375,276.6902624,1
0.765625,0.75,277.1701353,0.75,0.75,268.2297929,0.765625,0.734375,267.74992,0
0.734375,0.734375,266.1201022,0.75,0.71875,258.4304032,0.71875,0.71875,264.0104114,102
0.765625,0.703125,257.9505303,0.75,0.6875,248.6310135,0.75,0.71875,258.4304032,6
0.0625,0.40625,-475.2384649,0.09375,0.40625,-309.8739154,0.0625,0.375,-512.0215892,0
0.125,0.40625,-173.3666019,0.125,0.375,-181.2924901,0.09375,0.40625,-309.8739154,11
0.0546875,0.5703125,-304.9077621,0.046875,0.578125,-306.5628814,0.046875,0.5625,-363.9314684,37
0.0546875,0.5546875,-335.2442467,0.046875,0.546875,-367.2358505,0.046875,0.5625,-363.9314684,8
0.046875,0.65625,-218.4798182,0.046875,0.671875,-210.797901,0.0625,0.65625,-190.9298367,190
0.3515625,0.4453125,101.3281237,0.359375,0.4375,89.18486979,0.359375,0.453125,124.6588061,24
0.3515625,0.4453125,101.3281237,0.34375,0.4375,77.99744126,0.359375,0.4375,89.18486979,30
0.3515625,0.453125,223.9792644,0.3515625,0.4453125,101.3281237,0.34375,0.453125,26.25768433,0
0.3515625,0.453125,223.9792644,0.359375,0.453125,124.6588061,0.3515625,0.4453125,101.3281237,0
0.078125,0.625,-178.7436897,0.078125,0.640625,-171.0617725,0.0625,0.625,-206.2936712,29
0.0625,0.640625,-198.611754,0.078125,0.640625,-171.0617725,0.0625,0.625,-206.2936712,43
0.078125,0.65625,-163.3798552,0.09375,0.65625,-135.8298738,0.078125,0.640625,-171.0617725,76
0.0703125,0.6484375,-180.9958046,0.0625,0.640625,-198.611754,0.078125,0.640625,-171.0617725,35
0.0546875,0.6328125,-238.7432393,0.0625,0.625,-206.2936712,0.0625,0.640625,-198.611754,18
0.5859375,0.4921875,268.8684959,0.578125,0.5,130.2278161,0.578125,0.484375,198.073013,0
0.5859375,0.4921875,268.8684959,0.59375,0.5,156.8271271,0.578125,0.5,130.2278161,1
0.0234375,0.5859375,-510.7430409,0.03125,0.578125,-367.241707,0.03125,0.59375,-309.87312,123
0.01171875,0.578125,-390.0346198,0.01171875,0.57421875,-714.7957645,0.0078125,0.578125,-408.982087,11
0.01171875,0.578125,-390.0346198,0.015625,0.578125,-711.6129617,0.01171875,0.57421875,-714.7957645,5
0.00390625,0.63671875,52.3139312,0,0.6328125,292.454397,0.0078125,0.6328125,-172.3120028,7
0.03125,0.6015625,-327.8102761,0.0390625,0.6015625,-327.8585733,0.03125,0.609375,-345.7474323,65
0.015625,0.6796875,-97.98964051,0.015625,0.671875,-130.5354102,0.0234375,0.6796875,-124.0837834,5
0.015625,0.71875,3.50336335,0.015625,0.703125,79.82637054,0,0.71875,114.0751567,37
0.015625,0.71875,3.50336335,0.03125,0.71875,-107.06843,0.015625,0.703125,79.82637054,110
0.00390625,0.640625,50.07714789,0.00390625,0.63671875,52.3139312,0,0.640625,-33.54077026,5
0.00390625,0.640625,50.07714789,0.0078125,0.640625,-157.4012343,0.00390625,0.63671875,52.3139312,8
0.0078125,0.65625,-80.17210969,0.015625,0.65625,-135.4580064,0.0078125,0.6640625,-39.97387196,46
0.03125,0.671875,-175.0530134,0.03125,0.65625,-246.0297997,0.015625,0.671875,-130.5354102,432
0.25,0.59375,102.9079752,0.28125,0.59375,129.0988695,0.25,0.5625,-2.010866604,24
0.25,0.59375,102.9079752,0.25,0.625,207.826817,0.28125,0.59375,129.0988695,12
0.140625,0.609375,-237.9795155,0.15625,0.625,-51.0156971,0.125,0.625,-96.09374526,0
0.140625,0.609375,-237.9795155,0.15625,0.59375,-57.08159318,0.15625,0.625,-51.0156971,0
0.15625,0.421875,-123.3528849,0.15625,0.40625,-127.315829,0.140625,0.421875,-146.3782713,0
0.1484375,0.4296875,-132.884106,0.15625,0.421875,-123.3528849,0.140625,0.421875,-146.3782713,0
0.1484375,0.4296875,-132.884106,0.15625,0.4375,-119.3899407,0.15625,0.421875,-123.3528849,0
0.5546875,0.640625,19.11272401,0.546875,0.640625,152.5887279,0.5546875,0.6328125,188.030709,1
0.0078125,0.609375,-302.0713649,0.0078125,0.6171875,-256.0486157,0,0.609375,28.54135519,2
0.0078125,0.609375,-302.0713649,0.015625,0.609375,-346.5090705,0.0078125,0.6171875,-256.0486157,10
0.015625,0.75,92.05069126,0.015625,0.765625,281.0849516,0,0.75,-38.5708577,0
0.015625,0.75,92.05069126,0.03125,0.75,-74.33832063,0.015625,0.765625,281.0849516,7
0.0078125,0.5625,-610.8176114,0.0078125,0.5703125,-717.9785672,0,0.5625,-274.2700114,33
0.00390625,0.51171875,-663.9728879,0.0078125,0.515625,-550.1219765,0.0078125,0.5078125,-707.9473318,4
0.01171875,0.515625,-739.5627463,0.01171875,0.51171875,-813.0294316,0.0078125,0.515625,-550.1219765,5
0.01171875,0.515625,-739.5627463,0.015625,0.515625,-480.245509,0.01171875,0.51171875,-813.0294316,10
0.078125,0.421875,-421.012755,0.0625,0.40625,-475.2384649,0.09375,0.40625,-309.8739154,0
0.078125,0.421875,-421.012755,0.0625,0.4375,-438.4553407,0.0625,0.40625,-475.2384649,0
0,0.5546875,-479.049465,0.0078125,0.5546875,-668.8001474,0,0.5625,-274.2700114,24
0,0.5546875,-479.049465,0,0.546875,-572.0027445,0.0078125,0.5546875,-668.8001474,5
0.0078125,0.5625,-610.8176114,0.0078125,0.5546875,-668.8001474,0,0.5625,-274.2700114,11
0.0078125,0.5625,-610.8176114,0.015625,0.5625,-528.2535195,0.0078125,0.5546875,-668.8001474,6
0.89453125,0.87109375,403.3620418,0.890625,0.875,405.1409322,0.890625,0.8671875,386.8159279,0
0.89453125,0.86328125,385.0370376,0.890625,0.8671875,386.8159279,0.890625,0.859375,368.4909237,79
0.890625,0.8671875,386.8159279,0.8828125,0.8671875,372.0487044,0.890625,0.875,405.1409322,0
0.89453125,0.8671875,394.1995397,0.89453125,0.87109375,403.3620418,0.890625,0.8671875,386.8159279,0
0.89453125,0.8671875,394.1995397,0.8984375,0.8671875,401.5831514,0.89453125,0.87109375,403.3620418,0
0.00390625,0.58984375,-368.2244802,0.0078125,0.59375,-409.7809811,0.0078125,0.5859375,-347.3942373,24
0.00390625,0.58984375,-368.2244802,0,0.59375,61.56758704,0.0078125,0.59375,-409.7809811,22
0.00390625,0.59765625,-362.0681234,0,0.59375,61.56758704,0.0078125,0.59375,-409.7809811,25
0.01171875,0.58984375,-370.3226333,0.0078125,0.59375,-409.7809811,0.0078125,0.5859375,-347.3942373,86
0.01171875,0.58984375,-370.3226333,0.015625,0.59375,-393.2510292,0.0078125,0.59375,-409.7809811,47
0.01171875,0.59765625,-381.8941294,0.015625,0.59375,-393.2510292,0.0078125,0.59375,-409.7809811,49
0.0078125,0.525390625,-811.1003353,0.009765625,0.525390625,-761.854674,0.0078125,0.52734375,-698.2098423,12
0.0078125,0.525390625,-811.1003353,0.0078125,0.5234375,-923.9950265,0.009765625,0.525390625,-761.854674,15
0.09375,0.5,-250.7010618,0.09375,0.46875,-294.0221388,0.0625,0.5,-351.8131866,4
0.09375,0.5,-250.7010618,0.125,0.5,-149.588937,0.09375,0.46875,-294.0221388,10
0.125,0.46875,-157.5148253,0.09375,0.46875,-294.0221388,0.125,0.5,-149.588937,37
0.09375,0.4375,-301.9480271,0.0625,0.4375,-438.4553407,0.09375,0.46875,-294.0221388,15
0.109375,0.453125,-229.7314262,0.125,0.46875,-157.5148253,0.09375,0.46875,-294.0221388,31
0.125,0.453125,-161.4777694,0.140625,0.453125,-115.5323562,0.125,0.46875,-157.5148253,70
0.1484375,0.4453125,-117.4611485,0.15625,0.453125,-92.50696981,0.140625,0.453125,-115.5323562,0
0.1484375,0.4453125,-117.4611485,0.15625,0.4375,-119.3899407,0.15625,0.453125,-92.50696981,0
0.9140625,0.7265625,314.3770084,0.90625,0.734375,323.4437862,0.90625,0.71875,309.3038891,145
0.859375,0.734375,325.7558255,0.875,0.71875,315.4083343,0.84375,0.71875,305.9406508,30
0.8984375,0.734375,326.0457455,0.8984375,0.7265625,318.3706669,0.90625,0.734375,323.4437862,0
0.8984375,0.734375,326.0457455,0.890625,0.734375,327.4374446,0.8984375,0.7265625,318.3706669,0
0.046875,0.546875,-367.2358505,0.03125,0.53125,-406.4535817,0.0625,0.53125,-327.5329147,108
0.046875,0.515625,-379.1333842,0.0625,0.53125,-327.5329147,0.03125,0.53125,-406.4535817,41
0.0625,0.546875,-315.3927788,0.046875,0.546875,-367.2358505,0.0625,0.53125,-327.5329147,22
0.03125,0.546875,-512.0308454,0.046875,0.546875,-367.2358505,0.03125,0.5625,-424.610294,6
0.03125,0.546875,-512.0308454,0.03125,0.53125,-406.4535817,0.046875,0.546875,-367.2358505,21
0.046875,0.5625,-363.9314684,0.046875,0.546875,-367.2358505,0.03125,0.5625,-424.610294,9
0.0234375,0.5390625,-492.87388,0.03125,0.546875,-512.0308454,0.03125,0.53125,-406.4535817,4
0.0234375,0.5390625,-492.87388,0.015625,0.546875,-579.2941782,0.03125,0.546875,-512.0308454,24
0.0234375,0.5546875,-501.9522361,0.03125,0.546875,-512.0308454,0.015625,0.546875,-579.2941782,6
0.0234375,0.5546875,-501.9522361,0.03125,0.5625,-424.610294,0.03125,0.546875,-512.0308454,5
0.890625,0.640625,252.604153,0.875,0.65625,262.0213533,0.875,0.625,238.7970383,12
0.890625,0.640625,252.604153,0.90625,0.65625,266.4112677,0.875,0.65625,262.0213533,80
0.84375,0.6875,275.7779848,0.84375,0.65625,252.5536698,0.875,0.6875,285.2456683,11
0.875,0.65625,262.0213533,0.84375,0.65625,252.5536698,0.875,0.6875,285.2456683,11
0.875,0.65625,262.0213533,0.875,0.625,238.7970383,0.84375,0.65625,252.5536698,22
0.8125,0.65625,249.0683077,0.84375,0.65625,252.5536698,0.8125,0.625,231.826314,516
0.890625,0.625,296.219782,0.890625,0.609375,241.0435984,0.90625,0.625,253.5877064,3
0.890625,0.625,296.219782,0.875,0.625,238.7970383,0.890625,0.609375,241.0435984,3
0.875,0.59375,201.3076394,0.84375,0.59375,223.8100074,0.875,0.5625,163.8182406,7
0.875,0.59375,201.3076394,0.875,0.625,238.7970383,0.84375,0.59375,223.8100074,2
0.84375,0.5625,186.3206085,0.84375,0.59375,223.8100074,0.875,0.5625,163.8182406,2
0.84375,0.5625,186.3206085,0.8125,0.5625,208.8229764,0.84375,0.59375,223.8100074,18
0.890625,0.609375,241.0435984,0.875,0.59375,201.3076394,0.875,0.625,238.7970383,1
0.890625,0.609375,241.0435984,0.90625,0.59375,243.2901586,0.875,0.59375,201.3076394,12
0.15625,0.390625,-130.3944686,0.140625,0.390625,-154.3041596,0.15625,0.375,-133.4731082,0
0.15625,0.390625,-130.3944686,0.15625,0.40625,-127.315829,0.140625,0.390625,-154.3041596,1
0.0078125,0.640625,-157.4012343,0.015625,0.640625,-281.2616984,0.0078125,0.6484375,-153.0739557,36
0.828125,0.515625,131.4254771,0.84375,0.5,98.73937174,0.84375,0.53125,143.4507657,3
0.828125,0.515625,131.4254771,0.8125,0.5,119.4001885,0.84375,0.5,98.73937174,2
0.8125,0.515625,266.463512,0.828125,0.515625,131.4254771,0.8125,0.5,119.4001885,4
0.8125,0.515625,266.463512,0.8125,0.53125,164.1115825,0.828125,0.515625,131.4254771,0
0.296875,0.484375,-11.55719945,0.3125,0.46875,55.39261598,0.28125,0.46875,45.1183693,1
0.296875,0.484375,-11.55719945,0.3125,0.5,83.47576702,0.3125,0.46875,55.39261598,0
0.90625,0.796875,348.2031833,0.921875,0.796875,378.3731024,0.90625,0.8125,402.8868675,1
0.90625,0.796875,348.2031833,0.90625,0.78125,365.3905104,0.921875,0.796875,378.3731024,183
0.15625,0.1875,-187.4991509,0.15625,0.21875,-190.2732183,0.125,0.1875,-255.531201,428
0.125,0.21875,-263.7224654,0.125,0.1875,-255.531201,0.15625,0.21875,-190.2732183,464
0.125,0.21875,-263.7224654,0.15625,0.21875,-190.2732183,0.125,0.25,-202.2850142,597
0.15625,0.1875,-187.4991509,0.1875,0.1875,-90.03931359,0.15625,0.21875,-190.2732183,533
0.21875,0.03125,-215.097955,0.1875,0,-184.4719415,0.1875,0.0625,-192.9595806,1
0.21875,0.03125,-215.097955,0.25,0,-235.7769515,0.1875,0,-184.4719415,0
0.140625,0.546875,-156.0036676,0.125,0.53125,-136.2151391,0.15625,0.53125,-111.8272301,3
0.140625,0.546875,-156.0036676,0.125,0.5625,-122.8413411,0.125,0.53125,-136.2151391,31
0.140625,0.609375,-237.9795155,0.125,0.59375,-109.4675432,0.125,0.625,-96.09374526,23
1,0.90625,439.5004542,1,0.875,434.4274657,0.96875,0.90625,455.7746754,6
0.984375,0.953125,485.2413362,0.96875,0.9375,471.3872464,0.96875,0.96875,476.5385012,4
0.984375,0.984375,473.5483945,0.96875,1,483.5878835,0.96875,0.96875,476.5385012,0
0.984375,0.921875,474.8594233,1,0.90625,439.5004542,0.96875,0.90625,455.7746754,1
0.890625,0.75,341.5773417,0.875,0.75,345.5710002,0.890625,0.734375,327.4374446,3
0.953125,0.734375,328.4105823,0.9375,0.71875,326.5510846,0.96875,0.71875,327.2247984,105
0.546875,0.609375,194.2634474,0.5625,0.59375,147.65419,0.53125,0.59375,165.0542047,9
0.546875,0.609375,194.2634474,0.5625,0.625,223.4726902,0.5625,0.59375,147.65419,3
0.578125,0.578125,189.232631,0.59375,0.59375,192.4307231,0.5625,0.59375,147.65419,235
0.609375,0.578125,172.0255304,0.59375,0.5625,162.2229446,0.59375,0.59375,192.4307231,608
0.609375,0.578125,172.0255304,0.625,0.5625,151.6203377,0.59375,0.5625,162.2229446,27
0.75,0.78125,307.712621,0.78125,0.78125,321.8606002,0.75,0.8125,275.0915307,13
0.6171875,0.6328125,133.4228077,0.609375,0.625,141.1096569,0.625,0.625,198.8269073,1
0.6171875,0.6328125,133.4228077,0.609375,0.640625,202.2776378,0.609375,0.625,141.1096569,3
0.828125,0.796875,302.7389518,0.8125,0.78125,342.5891461,0.8125,0.8125,296.4398584,268
0.828125,0.796875,302.7389518,0.84375,0.78125,309.0380453,0.8125,0.78125,342.5891461,464
0.828125,0.734375,304.9659067,0.8125,0.71875,287.7285882,0.84375,0.71875,305.9406508,919
0.796875,0.703125,266.7901742,0.8125,0.6875,266.3103013,0.8125,0.71875,287.7285882,18
0.734375,0.796875,327.0204353,0.71875,0.8125,315.6209127,0.71875,0.78125,282.0789238,8
0.734375,0.796875,327.0204353,0.75,0.8125,275.0915307,0.71875,0.8125,315.6209127,0
0.71875,0.8125,315.6209127,0.71875,0.84375,288.9406617,0.75,0.8125,275.0915307,0
0.71875,0.8125,315.6209127,0.6875,0.8125,295.9280548,0.71875,0.84375,288.9406617,0
0.9375,0.96875,422.7780073,0.96875,0.96875,476.5385012,0.9375,1,496.6174794,0
0.96875,1,483.5878835,0.9375,1,496.6174794,0.96875,0.96875,476.5385012,34
0.953125,0.953125,479.528608,0.9375,0.96875,422.7780073,0.9375,0.9375,482.5187147,1
0.953125,0.953125,479.528608,0.96875,0.96875,476.5385012,0.9375,0.96875,422.7780073,6
0.875,0.96875,453.351273,0.90625,0.96875,448.7737986,0.875,1,415.0288825,3
0.9375,0.96875,422.7780073,0.90625,0.96875,448.7737986,0.9375,1,496.6174794,0
0.921875,0.953125,465.6462567,0.9375,0.96875,422.7780073,0.9375,0.9375,482.5187147,0
0.921875,0.953125,465.6462567,0.90625,0.96875,448.7737986,0.9375,0.96875,422.7780073,0
0.0390625,0.671875,-192.9254572,0.0390625,0.6640625,-228.4138503,0.03125,0.671875,-175.0530134,131
0.0390625,0.671875,-192.9254572,0.046875,0.671875,-210.797901,0.0390625,0.6640625,-228.4138503,52
0,0.6953125,546.9767444,0.0078125,0.6953125,15.11268795,0,0.703125,689.6073502,5
0.00390625,0.65234375,157.615614,0,0.65625,-24.88621302,0,0.6484375,314.0915343,13
0.484375,0.46875,134.2882565,0.484375,0.484375,155.5080175,0.5,0.46875,123.3665974,8
0.484375,0.46875,134.2882565,0.46875,0.46875,145.2099156,0.484375,0.484375,155.5080175,0
0.94921875,0.86328125,321.8112763,0.953125,0.8671875,447.0230653,0.953125,0.859375,455.1326955,50
0.94921875,0.86328125,321.8112763,0.9453125,0.8671875,456.476252,0.953125,0.8671875,447.0230653,0
0.7734375,0.7109375,262.6102887,0.78125,0.703125,250.9717092,0.78125,0.71875,267.2700471,1
0.7734375,0.7109375,262.6102887,0.765625,0.703125,257.9505303,0.78125,0.703125,250.9717092,2
0.05859375,0.61328125,-318.4238994,0.0625,0.6171875,-218.4135426,0.0546875,0.6171875,-256.8997133,5
0.05859375,0.61328125,-318.4238994,0.0625,0.609375,-230.5334141,0.0625,0.6171875,-218.4135426,1
0.0546875,0.609375,-244.3084048,0.0546875,0.6015625,-256.4282763,0.0625,0.609375,-230.5334141,32
0.0546875,0.609375,-244.3084048,0.046875,0.609375,-258.0833956,0.0546875,0.6015625,-256.4282763,71
0.046875,0.6015625,-270.203267,0.0546875,0.6015625,-256.4282763,0.046875,0.59375,-282.3231385,34
0.046875,0.6015625,-270.203267,0.046875,0.609375,-258.0833956,0.0546875,0.6015625,-256.4282763,59
0.0625,0.6171875,-218.4135426,0.0703125,0.6171875,-204.6385519,0.0625,0.625,-206.2936712,0
0.0625,0.6171875,-218.4135426,0.0625,0.609375,-230.5334141,0.0703125,0.6171875,-204.6385519,8
0.0625,0.6484375,-231.6479752,0.0703125,0.6484375,-180.9958046,0.0625,0.640625,-198.611754,10
0.0625,0.6484375,-231.6479752,0.0625,0.65625,-190.9298367,0.0703125,0.6484375,-180.9958046,30
0.078125,0.65625,-163.3798552,0.078125,0.671875,-155.697938,0.0625,0.65625,-190.9298367,84
0.078125,0.65625,-163.3798552,0.09375,0.65625,-135.8298738,0.078125,0.671875,-155.697938,78
0.09375,0.6875,-133.6299054,0.09375,0.71875,-131.429937,0.125,0.6875,-91.69380849,106
0.00390625,0.63671875,52.3139312,0,0.640625,-33.54077026,0,0.6328125,292.454397,10
0.890625,0.71875,312.3561117,0.90625,0.71875,309.3038891,0.890625,0.703125,297.2747787,3
0.8828125,0.7265625,327.5384262,0.890625,0.71875,312.3561117,0.890625,0.734375,327.4374446,6
0.8828125,0.7265625,327.5384262,0.875,0.71875,315.4083343,0.890625,0.71875,312.3561117,6
0.00390625,0.65234375,157.615614,0.0078125,0.65625,-80.17210969,0.0078125,0.6484375,-153.0739557,14
0.00390625,0.65234375,157.615614,0,0.65625,-24.88621302,0.0078125,0.65625,-80.17210969,5
0.0390625,0.6953125,-134.6770709,0.03125,0.703125,-117.5526778,0.046875,0.703125,-141.3172161,20
0.0390625,0.6953125,-134.6770709,0.03125,0.6875,-128.0369256,0.03125,0.703125,-117.5526778,7
0.9375,0.8671875,416.6770778,0.9296875,0.8671875,437.7974113,0.9375,0.875,457.8198086,1
0.9375,0.8671875,416.6770778,0.9375,0.859375,375.5343469,0.9296875,0.8671875,437.7974113,0
0.03125,0.765625,-10.01940241,0.03125,0.78125,-51.61308066,0.046875,0.765625,-80.85943211,21
0.0390625,0.7578125,34.15003137,0.03125,0.765625,-10.01940241,0.046875,0.765625,-80.85943211,4
0.0390625,0.7578125,34.15003137,0.03125,0.75,-74.33832063,0.03125,0.765625,-10.01940241,8
0.1328125,0.4296875,-155.9094924,0.125,0.421875,-169.4036577,0.140625,0.421875,-146.3782713,9
0.1328125,0.4296875,-155.9094924,0.125,0.4375,-165.4407136,0.125,0.421875,-169.4036577,39
0.13671875,0.44140625,-141.450931,0.1328125,0.4375,-153.9280204,0.1328125,0.4453125,-140.4865349,0
0.13671875,0.44140625,-141.450931,0.140625,0.4375,-142.4153272,0.1328125,0.4375,-153.9280204,0
0.1328125,0.4375,-153.9280204,0.1328125,0.4296875,-155.9094924,0.125,0.4375,-165.4407136,27
0.1328125,0.4375,-153.9280204,0.140625,0.4375,-142.4153272,0.1328125,0.4296875,-155.9094924,3
0.140625,0.4296875,269.181422,0.1328125,0.4296875,-155.9094924,0.140625,0.4375,-142.4153272,0
0.140625,0.4296875,269.181422,0.140625,0.421875,-146.3782713,0.1328125,0.4296875,-155.9094924,0
0.140625,0.4296875,269.181422,0.1484375,0.4296875,-132.884106,0.140625,0.4375,-142.4153272,1
0.140625,0.4296875,269.181422,0.140625,0.421875,-146.3782713,0.1484375,0.4296875,-132.884106,0
0,0.6953125,546.9767444,0,0.6875,266.7211711,0.0078125,0.6953125,15.11268795,6
0.00390625,0.66015625,165.008726,0,0.65625,-24.88621302,0.0078125,0.65625,-80.17210969,5
0.265625,0.5,46.82955756,0.265625,0.515625,38.55334631,0.25,0.5,34.6141544,148
0.265625,0.5,46.82955756,0.28125,0.5,59.04496071,0.265625,0.515625,38.55334631,23
0.2734375,0.4921875,-26.55718725,0.265625,0.5,46.82955756,0.265625,0.484375,39.86626185,17
0.2734375,0.4921875,-26.55718725,0.28125,0.5,59.04496071,0.265625,0.5,46.82955756,8
0.6328125,0.734375,250.3791145,0.6328125,0.7265625,206.3383357,0.625,0.734375,300.3051117,0
0.6328125,0.734375,250.3791145,0.640625,0.734375,200.4531172,0.6328125,0.7265625,206.3383357,0
0.78515625,0.72265625,271.8601865,0.7890625,0.71875,272.3846824,0.78125,0.71875,267.2700471,45
0.78515625,0.72265625,271.8601865,0.7890625,0.7265625,276.450326,0.7890625,0.71875,272.3846824,74
0.8984375,0.7421875,332.5105639,0.890625,0.75,341.5773417,0.890625,0.734375,327.4374446,0
0.8984375,0.7421875,332.5105639,0.90625,0.75,337.5836832,0.890625,0.75,341.5773417,0
0.890625,0.75,341.5773417,0.890625,0.765625,355.4807553,0.90625,0.75,337.5836832,2
0.890625,0.75,341.5773417,0.875,0.75,345.5710002,0.890625,0.765625,355.4807553,2
0.00390625,0.5234375,-690.4665273,0.00390625,0.51953125,-771.9967353,0,0.5234375,-903.3442649,5
0.00390625,0.5234375,-690.4665273,0.0078125,0.5234375,-923.9950265,0.00390625,0.51953125,-771.9967353,8
0.00390625,0.50390625,-707.0105125,0,0.5078125,-587.0179401,0.0078125,0.5078125,-707.9473318,3
0.00390625,0.50390625,-707.0105125,0,0.5,-554.0374362,0,0.5078125,-587.0179401,2
0.7734375,0.7421875,276.9301989,0.765625,0.75,277.1701353,0.765625,0.734375,267.74992,0
0.7734375,0.7421875,276.9301989,0.78125,0.75,286.1104777,0.765625,0.75,277.1701353,0
0.015625,0.58984375,-432.704079,0.01171875,0.58984375,-370.3226333,0.015625,0.59375,-393.2510292,13
0.015625,0.58984375,-432.704079,0.015625,0.5859375,-296.7115904,0.01171875,0.58984375,-370.3226333,13
0.0390625,0.8046875,-181.7127518,0.046875,0.8125,106.7725252,0.046875,0.796875,-58.13419214,2
0.0390625,0.8046875,-181.7127518,0.03125,0.8125,238.7152524,0.046875,0.8125,106.7725252,3
0.03125,0.6015625,-327.8102761,0.0234375,0.6015625,-328.1910952,0.03125,0.609375,-345.7474323,70
0.02734375,0.59765625,-404.3494609,0.0234375,0.59375,-351.5620746,0.03125,0.59375,-309.87312,39
0.02734375,0.59765625,-404.3494609,0.0234375,0.6015625,-328.1910952,0.0234375,0.59375,-351.5620746,28
0.01953125,0.58984375,-451.997035,0.0234375,0.59375,-351.5620746,0.0234375,0.5859375,-510.7430409,52
0.01953125,0.58984375,-451.997035,0.015625,0.59375,-393.2510292,0.0234375,0.59375,-351.5620746,62
0.01171875,0.5234375,-824.2479944,0.01171875,0.51953125,-702.1202677,0.015625,0.5234375,-724.5009623,5
0.01171875,0.5234375,-824.2479944,0.0078125,0.5234375,-923.9950265,0.01171875,0.51953125,-702.1202677,18
0.0234375,0.53125,-687.6049986,0.0234375,0.5390625,-492.87388,0.015625,0.53125,-968.7564156,4
0.0234375,0.53125,-687.6049986,0.03125,0.53125,-406.4535817,0.0234375,0.5390625,-492.87388,0
0.09375,0.84375,-95.16415768,0.0625,0.8125,-64.65530362,0.125,0.8125,-106.4834417,75
0.0078125,0.4921875,-539.5896743,0.015625,0.5,-629.9807185,0.015625,0.484375,-525.1419123,1
0.28125,0.5,59.04496071,0.3125,0.5,83.47576702,0.28125,0.53125,42.49253821,53
0.359375,0.421875,83.2495487,0.34375,0.4375,77.99744126,0.34375,0.40625,66.12679908,78
0.53125,0.5,134.7173123,0.53125,0.46875,150.0339035,0.5625,0.5,103.6285052,127
0.5625,0.46875,118.9450964,0.53125,0.46875,150.0339035,0.5625,0.5,103.6285052,54
0.515625,0.484375,157.9200115,0.5,0.46875,123.3665974,0.5,0.5,165.8061194,91
0.625,0.78125,218.3264757,0.59375,0.78125,229.6233138,0.625,0.75,192.7639156,10
0.625,0.78125,218.3264757,0.625,0.8125,243.8890359,0.59375,0.78125,229.6233138,164
0.59375,0.75,318.5135911,0.59375,0.78125,229.6233138,0.5625,0.75,100.9878163,6
0.59375,0.75,318.5135911,0.625,0.75,192.7639156,0.59375,0.78125,229.6233138,4
0.515625,0.46875,136.7002504,0.515625,0.453125,126.6442666,0.5,0.46875,123.3665974,1
0.03125,0.4375,-696.030722,0.0625,0.4375,-438.4553407,0.03125,0.46875,-496.2463884,21
0.0625,0.46875,-395.1342636,0.0625,0.4375,-438.4553407,0.03125,0.46875,-496.2463884,16
0.015625,0.453125,-682.7729138,0,0.4375,-869.2994392,0,0.46875,-711.6684377,13
0.609375,0.734375,197.730394,0.59375,0.75,318.5135911,0.59375,0.71875,202.6968725,0
0.609375,0.734375,197.730394,0.625,0.75,192.7639156,0.59375,0.75,318.5135911,0
0.578125,0.734375,151.8423444,0.59375,0.75,318.5135911,0.59375,0.71875,202.6968725,54
0.578125,0.734375,151.8423444,0.5625,0.75,100.9878163,0.59375,0.75,318.5135911,1
0.640625,0.546875,164.8810542,0.625,0.53125,151.4504558,0.65625,0.53125,178.1417707,7
0.015625,0.453125,-682.7729138,0.03125,0.4375,-696.030722,0.03125,0.46875,-496.2463884,7
0.015625,0.453125,-682.7729138,0,0.4375,-869.2994392,0.03125,0.4375,-696.030722,24
0.0625,0.40625,-475.2384649,0.03125,0.40625,-811.5083915,0.0625,0.375,-512.0215892,3
0.0625,0.40625,-475.2384649,0.0625,0.4375,-438.4553407,0.03125,0.40625,-811.5083915,0
0.03125,0.375,-848.2915157,0.0625,0.375,-512.0215892,0.03125,0.40625,-811.5083915,4
0,0.40625,-1026.930441,0.03125,0.40625,-811.5083915,0,0.4375,-869.2994392,9
0.03125,0.4375,-696.030722,0.03125,0.40625,-811.5083915,0,0.4375,-869.2994392,32
0.03125,0.4375,-696.030722,0.0625,0.4375,-438.4553407,0.03125,0.40625,-811.5083915,2
0.109375,0.578125,-161.2572676,0.125,0.59375,-109.4675432,0.09375,0.59375,-199.6731941,156
0.15625,0.421875,-123.3528849,0.171875,0.421875,-100.3274984,0.15625,0.4375,-119.3899407,0
0.15625,0.421875,-123.3528849,0.15625,0.40625,-127.315829,0.171875,0.421875,-100.3274984,0
0.609375,0.4375,204.9894688,0.609375,0.453125,160.1901629,0.625,0.4375,206.9928314,2
0.609375,0.4375,204.9894688,0.59375,0.4375,84.7199745,0.609375,0.453125,160.1901629,27
0.0625,0.515625,-339.6730507,0.078125,0.515625,-270.8656254,0.0625,0.5,-351.8131866,5
0.0625,0.515625,-339.6730507,0.0625,0.53125,-327.5329147,0.078125,0.515625,-270.8656254,11
0.00390625,0.58984375,-368.2244802,0,0.59375,61.56758704,0,0.5859375,-100.2433418,44
0.00390625,0.58203125,-812.9250903,0,0.578125,-106.3512122,0,0.5859375,-100.2433418,86
0.00390625,0.5859375,-323.5436839,0.00390625,0.58203125,-812.9250903,0,0.5859375,-100.2433418,24
0.00390625,0.5859375,-323.5436839,0.0078125,0.5859375,-347.3942373,0.00390625,0.58203125,-812.9250903,30
0.125,0.421875,-169.4036577,0.109375,0.421875,-237.6573145,0.125,0.4375,-165.4407136,9
0.125,0.421875,-169.4036577,0.125,0.40625,-173.3666019,0.109375,0.421875,-237.6573145,2
0.09375,0.421875,-305.9109713,0.109375,0.421875,-237.6573145,0.09375,0.4375,-301.9480271,0
0.09375,0.421875,-305.9109713,0.09375,0.40625,-309.8739154,0.109375,0.421875,-237.6573145,0
0.00390625,0.58203125,-812.9250903,0,0.578125,-106.3512122,0.0078125,0.578125,-408.982087,44
0.01171875,0.57421875,-714.7957645,0.0078125,0.5703125,-717.9785672,0.0078125,0.578125,-408.982087,44
0.0078125,0.58203125,-383.346937,0.00390625,0.58203125,-812.9250903,0.0078125,0.578125,-408.982087,11
0.0078125,0.58203125,-383.346937,0.0078125,0.5859375,-347.3942373,0.00390625,0.58203125,-812.9250903,14
0.01953125,0.58203125,-427.8168337,0.0234375,0.578125,-312.0183982,0.0234375,0.5859375,-510.7430409,15
0.01953125,0.58203125,-427.8168337,0.015625,0.578125,-711.6129617,0.0234375,0.578125,-312.0183982,18
0.9375,0.859375,375.5343469,0.9375,0.84375,441.8928136,0.921875,0.859375,417.7750141,0
0.921875,0.84375,470.4175984,0.921875,0.859375,417.7750141,0.9375,0.84375,441.8928136,0
0.921875,0.84375,470.4175984,0.90625,0.84375,383.4810898,0.921875,0.859375,417.7750141,0
0.9296875,0.8671875,437.7974113,0.9375,0.859375,375.5343469,0.921875,0.859375,417.7750141,143
0.890625,0.9375,340.2208163,0.890625,0.953125,417.1617145,0.875,0.9375,385.5496305,0
0.890625,0.9375,340.2208163,0.90625,0.9375,458.5725693,0.890625,0.953125,417.1617145,2
0.921875,0.84375,470.4175984,0.921875,0.828125,367.9541037,0.9375,0.84375,441.8928136,6
0.921875,0.84375,470.4175984,0.90625,0.84375,383.4810898,0.921875,0.828125,367.9541037,1
0.9375,0.828125,372.7304405,0.921875,0.828125,367.9541037,0.9375,0.84375,441.8928136,0
0.9375,0.828125,372.7304405,0.9375,0.8125,391.3556944,0.921875,0.828125,367.9541037,6
0.9296875,0.8671875,437.7974113,0.921875,0.875,466.5124438,0.921875,0.859375,417.7750141,31
0.9296875,0.8671875,437.7974113,0.9375,0.875,457.8198086,0.921875,0.875,466.5124438,1
0.921875,0.90625,428.0305955,0.921875,0.890625,443.4412043,0.9375,0.90625,426.9985909,1
0.921875,0.90625,428.0305955,0.90625,0.90625,429.0626,0.921875,0.890625,443.4412043,1
0.921875,0.875,466.5124438,0.921875,0.890625,443.4412043,0.9375,0.875,457.8198086,2
0.921875,0.875,466.5124438,0.90625,0.875,434.6753792,0.921875,0.890625,443.4412043,0
0.90625,0.890625,431.8689896,0.921875,0.890625,443.4412043,0.90625,0.875,434.6753792,0
0.90625,0.890625,431.8689896,0.90625,0.90625,429.0626,0.921875,0.890625,443.4412043,1
0.28125,0.46875,45.1183693,0.25,0.4375,22.299596,0.3125,0.4375,55.62258419,584
0.00390625,0.64453125,15.03457441,0,0.640625,-33.54077026,0,0.6484375,314.0915343,5
0.00390625,0.51171875,-663.9728879,0,0.5078125,-587.0179401,0.0078125,0.5078125,-707.9473318,7
0.00390625,0.50390625,-707.0105125,0.0078125,0.5,-592.0090774,0.0078125,0.5078125,-707.9473318,1
0.00390625,0.50390625,-707.0105125,0,0.5,-554.0374362,0.0078125,0.5,-592.0090774,1
0.0078125,0.4921875,-539.5896743,0,0.484375,-632.852937,0.015625,0.484375,-525.1419123,0
0.0078125,0.4921875,-539.5896743,0,0.5,-554.0374362,0,0.484375,-632.852937,5
0.0078125,0.5,-592.0090774,0.0078125,0.4921875,-539.5896743,0,0.5,-554.0374362,1
0.0078125,0.5,-592.0090774,0.015625,0.5,-629.9807185,0.0078125,0.4921875,-539.5896743,2
0.65625,0.6484375,241.5006886,0.6640625,0.6484375,218.2174646,0.65625,0.640625,269.2027385,2
0.65625,0.6484375,241.5006886,0.65625,0.65625,213.7986387,0.6640625,0.6484375,218.2174646,98
0.77734375,0.7265625,269.7450692,0.77734375,0.72265625,267.3900153,0.78125,0.7265625,271.9801548,0
0.77734375,0.7265625,269.7450692,0.7734375,0.7265625,267.5099836,0.77734375,0.72265625,267.3900153,1
0.77734375,0.72265625,267.3900153,0.7734375,0.71875,265.0601361,0.7734375,0.7265625,267.5099836,18
0.77734375,0.72265625,267.3900153,0.78125,0.71875,267.2700471,0.7734375,0.71875,265.0601361,28
0.015625,0.6953125,-7.719977459,0.0234375,0.6953125,-160.9268013,0.015625,0.6875,-65.44387078,4
0.015625,0.6953125,-7.719977459,0.015625,0.703125,79.82637054,0.0234375,0.6953125,-160.9268013,7
0.06640625,0.57421875,-185.6320578,0.0703125,0.578125,-265.2379092,0.0703125,0.5703125,-277.3577807,10
0.06640625,0.57421875,-185.6320578,0.0625,0.578125,-279.0128999,0.0703125,0.578125,-265.2379092,9
0.015625,0.6953125,-7.719977459,0.0078125,0.6953125,15.11268795,0.015625,0.6875,-65.44387078,4
0.015625,0.6953125,-7.719977459,0.015625,0.703125,79.82637054,0.0078125,0.6953125,15.11268795,2
0.94921875,0.86328125,321.8112763,0.9453125,0.8671875,456.476252,0.9453125,0.859375,415.3335212,0
0.00390625,0.64453125,15.03457441,0,0.6484375,314.0915343,0.0078125,0.6484375,-153.0739557,19
0.015625,0.6796875,-97.98964051,0.0078125,0.6796875,68.09288042,0.015625,0.6875,-65.44387078,0
0.0234375,0.6953125,-160.9268013,0.03125,0.703125,-117.5526778,0.015625,0.703125,79.82637054,14
0.0234375,0.6953125,-160.9268013,0.03125,0.6875,-128.0369256,0.03125,0.703125,-117.5526778,16
0.02734375,0.68359375,-301.9516257,0.0234375,0.6875,-125.0861841,0.0234375,0.6796875,-124.0837834,0
0.02734375,0.68359375,-301.9516257,0.03125,0.6875,-128.0369256,0.0234375,0.6875,-125.0861841,7
0.0078125,0.6875,138.2322117,0.0078125,0.6953125,15.11268795,0,0.6875,266.7211711,4
0.0078125,0.6875,138.2322117,0.015625,0.6875,-65.44387078,0.0078125,0.6953125,15.11268795,6
0.0390625,0.7578125,34.15003137,0.03125,0.75,-74.33832063,0.046875,0.75,-92.22205209,1
0.046875,0.75,-92.22205209,0.046875,0.734375,-108.5871068,0.03125,0.75,-74.33832063,7
0.046875,0.75,-92.22205209,0.0625,0.75,-110.1057836,0.046875,0.734375,-108.5871068,49
0.01953125,0.68359375,-50.90523421,0.015625,0.6796875,-97.98964051,0.0234375,0.6796875,-124.0837834,0
0.0078125,0.6875,138.2322117,0.0078125,0.6796875,68.09288042,0,0.6875,266.7211711,0
0.0078125,0.6875,138.2322117,0.015625,0.6875,-65.44387078,0.0078125,0.6796875,68.09288042,3
0.03515625,0.59765625,-338.7638244,0.03125,0.6015625,-327.8102761,0.03125,0.59375,-309.87312,15
0.03515625,0.59765625,-338.7638244,0.0390625,0.6015625,-327.8585733,0.03125,0.6015625,-327.8102761,35
0.02734375,0.59765625,-404.3494609,0.03125,0.6015625,-327.8102761,0.03125,0.59375,-309.87312,76
0.02734375,0.59765625,-404.3494609,0.0234375,0.6015625,-328.1910952,0.03125,0.6015625,-327.8102761,38
0.0078125,0.65625,-80.17210969,0.015625,0.65625,-135.4580064,0.0078125,0.6484375,-153.0739557,54
0.21875,0.625,100.9445841,0.21875,0.65625,92.14106441,0.25,0.625,207.826817,1
0.21875,0.625,100.9445841,0.1875,0.625,-5.937648945,0.21875,0.65625,92.14106441,0
0.234375,0.578125,-37.81125344,0.25,0.59375,102.9079752,0.21875,0.59375,105.3192544,13
0.234375,0.578125,-37.81125344,0.25,0.5625,-2.010866604,0.25,0.59375,102.9079752,16
0.234375,0.609375,46.5723023,0.25,0.59375,102.9079752,0.21875,0.59375,105.3192544,3
0.234375,0.609375,46.5723023,0.25,0.625,207.826817,0.25,0.59375,102.9079752,5
0.21875,0.65625,92.14106441,0.25,0.6875,128.4155929,0.1875,0.6875,-23.54468822,0
0.21875,0.65625,92.14106441,0.25,0.625,207.826817,0.25,0.6875,128.4155929,1
0.234375,0.609375,46.5723023,0.21875,0.625,100.9445841,0.21875,0.59375,105.3192544,0
0.234375,0.609375,46.5723023,0.25,0.625,207.826817,0.21875,0.625,100.9445841,2
