id,x,y,height,new_height,depth,parent0,parent1,active,gate_admitted,free_coefficient,dormant_coefficient,retired_coefficient,conformity_origin,sigma_sq,delta_pooled,sigma_pooled,lambda_v,prior_mean,admit_a,current_n_points,current_fit_points,current_xTx,current_fit_xTx,current_keff
3659,0,0,-386.4251092,-386.4251092,0,-1,-1,1,0,1,0,0,0,1e+300,0,1e+300,0,0,0,0,0,0,0,0
3660,0,1,76.38084615,76.38084615,0,-1,-1,1,0,1,0,0,0,4.461722315e+14,0,1e+300,0,0,0,2,0,2.24128695e-15,0,0.00224128695
3661,1,0,44.5278211,44.5278211,0,-1,-1,1,0,1,0,0,0,1e+300,0,1e+300,0,0,0,0,0,0,0,0
3662,1,1,0,128.6012224,0,-1,-1,1,0,1,0,0,0,578.8956063,0,1e+300,0,0,0,38,21,0.001727427172,0.001727427169,1.613396827
3663,0.5,0.5,138.0201374,138.0201374,1,3659,3662,1,0,1,0,0,1,0.2704031476,331.5471428,0.2829602409,4.357348349e-05,0,0,6640,6640,3.698181803,3.698181803,45.28863258
3664,0,0.5,-502.0077882,-502.0077882,1,3660,3659,1,0,1,0,0,0,1.727835221,-465.4078483,1008.046433,4.357348349e-05,0,0,3200,3200,0.578758893,0.578758893,3.9044152
3665,0.5,1,159.6288677,159.6288677,1,3662,3660,1,0,1,0,0,0,133703.8896,202.0142674,69.99660943,0.0001,0,0,1,1,7.479213977e-06,7.479213977e-06,0.02658960352
3666,0.5,0,-16.4536908,-16.4536908,1,3661,3659,1,0,1,0,0,0,210.3561901,159.9909918,208.4455877,4.357348349e-05,0,0,23,23,0.004753841566,0.004753841566,0.9654224487
3667,1,0.5,374.1063099,374.1063099,1,3662,3661,1,0,1,0,0,0,591.9833065,262.6156505,4920.603195,8.727846404e-06,0,0,149,149,0.001689236823,0.001689236823,6.338910639
3668,0.25,0.25,5.910684397,5.910684397,2,3659,3663,1,0,1,0,0,1,0.08850705935,130.4847906,0.102587375,4.357348349e-05,0,0,15075,15075,11.29853378,11.29853378,32.40597769
3669,0.25,0.75,-158.3660417,-158.3660417,2,3663,3660,1,0,1,0,0,1,5089.313726,0,0,0,0,0,12,12,0.0001964901466,0.0001964901466,0.1029783989
3670,0.75,0.75,283.2534594,283.2534594,2,3663,3662,1,0,1,0,0,1,2.275494598,216.3034894,2.730433743,4.357348349e-05,0,0,5875,5875,0.4394648974,0.4394648974,33.42590546
3671,0.75,0.25,-22.62140594,-22.62140594,2,3663,3661,1,0,1,0,0,1,1192.278613,-101.4848037,1133.396689,4.357348349e-05,0,0,12,12,0.0008387301335,0.0008387301335,1.500318262
3672,0,0.75,-192.1126236,-192.1126236,2,3660,3664,1,0,1,0,0,0,0.6878112825,295.0714237,908.4912386,7.821802095e-06,0,0,5731,5731,1.453887172,1.453887172,12.17343029
3673,0.25,0.5,28.03701035,28.03701035,2,3664,3663,1,0,1,0,0,0,0.3621241212,209.9570938,1.565512917,4.357348349e-05,0,0,4479,4479,2.761484092,2.761484092,25.65363542
3674,0,0.25,-875.0557673,-875.0557673,2,3664,3659,1,0,1,0,0,0,379.2712924,333.0890997,52.6553241,0.0001,0,0,34,34,0.002636635095,0.002636635095,0.1809601754
3675,0.5,0.25,78.71885337,78.71885337,2,3666,3663,1,0,1,0,0,0,0.1849462017,18.00946242,0.1849447113,4.357348349e-05,0,0,5907,5907,5.406977762,5.406977762,19.08404964
3676,0.25,0,-100.9017013,-100.9017013,2,3666,3659,1,0,1,0,0,0,1.499289857,101.860067,1.499191916,4.357348349e-05,0,0,486,486,0.6669824351,0.6669824351,1.180814126
3677,0.75,0,14.03706515,14.03706515,2,3661,3666,1,0,0,0,1,0,1e+300,0,0,0,0,0,0,0,0,0,0
3678,0.75,1,450.6049947,450.6049947,2,3662,3665,1,0,1,0,0,0,251.1475088,308.8442026,4889.697406,4.357348349e-05,0,0,356,356,0.003981723747,0.003981723747,0.5342717697
3679,0.5,0.75,197.2665616,197.2665616,2,3665,3663,1,0,1,0,0,0,10.40599556,50.63288408,10.4218246,4.357348349e-05,0,0,1834,1834,0.09609844579,0.09609844579,2.015722664
3680,0.25,1,118.0048569,118.0048569,2,3665,3660,1,0,0,0,1,0,1e+300,0,0,0,0,0,0,0,0,0,0
3681,0.75,0.5,164.5138781,164.5138781,2,3667,3663,1,0,1,0,0,0,0.6247882667,-93.10252522,1.316195876,4.357348349e-05,0,0,4697,4697,1.600542221,1.600542221,56.43411117
3682,1,0.25,209.3170655,209.3170655,2,3667,3661,1,0,0,0,1,0,6.412628122e+12,0,0,0,0,0,2,0,1.559423034e-13,0,0.1559423034
3683,1,0.75,374.72266,374.72266,2,3662,3667,1,0,1,0,0,0,8.861940733,181.7423163,39.28881293,4.357348349e-05,0,0,3731,3731,0.1128420997,0.1128420997,19.59008891
3684,0.125,0.125,-271.0381345,-271.0381345,3,3659,3668,1,0,1,0,0,1,0.1272706133,-79.53157461,0.127271528,4.357348349e-05,0,0,6852,6852,7.857273368,7.857273368,21.65519003
3685,0.125,0.375,-174.3358375,-174.3358375,3,3668,3664,1,0,1,0,0,1,0.3336210706,75.50172005,0.6711674338,4.357348349e-05,0,0,5120,5120,2.997412598,2.997412598,14.43185887
3686,0.375,0.375,83.84435893,83.84435893,3,3668,3663,1,0,1,0,0,1,0.1325419582,11.25565702,0.1458369402,4.357348349e-05,0,0,11315,11315,7.544780641,7.544780641,29.87016262
3687,0.375,0.125,4.797378768,4.797378768,3,3668,3666,1,0,1,0,0,1,0.7130865411,10.14335415,0.7130643849,4.357348349e-05,0,0,1974,1974,1.402354332,1.402354332,4.971531996
3688,0,0.375,-811.1731974,-811.1731974,3,3664,3674,1,0,1,0,0,0,308.0101841,299.8746949,304.5900909,8.9000306e-06,0,0,45,45,0.003246645896,0.003246645896,0.06588147157
3689,0.125,0.25,-221.790837,-221.790837,3,3674,3668,1,0,1,0,0,0,0.3835141461,211.6526838,0.4381573628,4.357348349e-05,0,0,5182,5182,2.607465749,2.607465749,11.35498193
3690,0,0.125,-644.0282045,-644.0282045,3,3674,3659,1,0,1,0,0,0,3126042.665,-22.51161528,0.1862373983,0.0001,0,0,1,1,3.198932668e-07,3.198932668e-07,0.001296051588
3691,0.375,0.625,67.82649514,67.82649514,3,3663,3669,1,0,1,0,0,1,35.83636428,162.0225989,177.8970518,4.357348349e-05,0,0,391,391,0.02790461645,0.02790461645,1.041704023
3692,0.125,0.625,-113.6358277,-113.6358277,3,3669,3664,1,0,1,0,0,1,0.2422373004,234.6541622,6.789772512,4.357348349e-05,0,0,8057,8057,4.12818339,4.12818339,22.52952437
3693,0.125,0.875,5.477003546,5.477003546,3,3669,3660,1,0,1,0,0,1,9.722446235,-54.18447792,636.4822683,4.357348349e-05,0,0,709,709,0.1028547729,0.1028547729,2.09783986
3694,0.375,0.875,0.6314129998,0.6314129998,3,3669,3665,1,0,0,0,1,1,1e+300,0,0,0,0,0,0,0,0,0,0
3695,0,0.875,344.0469355,344.0469355,3,3660,3672,1,0,1,0,0,0,575.1848503,399.7544729,561.1215668,4.357348349e-05,0,0,69,69,0.001738571521,0.001738571521,1.741419454
3696,0.125,0.75,-78.60227041,-78.60227041,3,3672,3669,1,0,1,0,0,0,1.10636349,90.41711511,11.10571959,4.357348349e-05,0,0,2456,2456,0.9038620751,0.9038620751,8.587807452
3697,0,0.625,-325.8984852,-325.8984852,3,3672,3664,1,0,1,0,0,0,0.8450222757,447.4689843,1839.539261,3.842710202e-05,0,0,4548,4548,1.183400756,1.183400756,9.226344512
3698,0.25,0.125,15.02685967,15.02685967,3,3676,3668,1,0,1,0,0,0,1.427708396,62.5224743,1.427619583,4.357348349e-05,0,0,2937,2937,0.7004231418,0.7004231418,2.234423281
3699,0.125,0,-359.5959634,-359.5959634,3,3676,3659,1,0,1,0,0,0,9.849276177,-114.6860692,9.845051003,4.357348349e-05,0,0,123,123,0.1015303035,0.1015303035,0.6429010899
3700,0.375,0,-69.00285737,-69.00285737,3,3666,3676,1,0,1,0,0,0,3038.407329,114.7007957,2567.029608,0.0001,0,0,8,8,0.0003291197959,0.0003291197959,0.306186235
3701,0.125,0.5,-133.6750026,-133.6750026,3,3664,3673,1,0,1,0,0,0,0.4716929992,99.01967775,2.224157925,4.357348349e-05,0,0,1692,1692,2.120022985,2.120022985,9.8606976
3702,0.25,0.625,47.48188868,47.48188868,3,3673,3669,1,0,1,0,0,0,23.32141373,112.3268482,81.61120398,4.357348349e-05,0,0,507,507,0.0428790472,0.0428790472,1.343046101
3703,0.375,0.5,139.4159934,139.4159934,3,3673,3663,1,0,1,0,0,0,8.052109568,34.19552187,22.94707025,4.357348349e-05,0,0,782,782,0.1241910572,0.1241910572,3.926097428
3704,0.25,0.375,11.69117248,11.69117248,3,3673,3668,1,0,1,0,0,0,0.1452602623,-4.578211669,0.168288893,4.357348349e-05,0,0,7858,7858,6.884195195,6.884195195,24.94915873
3705,0.375,1,138.8168623,138.8168623,3,3665,3680,1,0,0,0,1,0,1e+300,0,0,0,0,0,0,0,0,0,0
3706,0.25,0.875,-20.18059239,-20.18059239,3,3680,3669,1,0,0,0,1,0,1e+300,0,0,0,0,0,0,0,0,0,0
3707,0.125,1,-120.3814004,-120.3814004,3,3680,3660,1,0,1,0,0,0,147982.9836,-52.68831774,9257.532385,0.0001,0,0,7,7,6.75753371e-06,6.75753371e-06,0.005723599638
3708,0.5,0.125,-58.0031994,-58.0031994,3,3666,3675,1,0,1,0,0,0,11.59968023,-89.0587056,11.59382027,4.357348349e-05,0,0,202,202,0.08620927299,0.08620927299,2.285731391
3709,0.375,0.25,30.55496534,30.55496534,3,3675,3668,1,0,1,0,0,0,0.1780013494,-11.75933273,0.1779999688,4.357348349e-05,0,0,5183,5183,5.617934938,5.617934938,16.30898503
3710,0.5,0.375,109.3801454,109.3801454,3,3675,3663,1,0,1,0,0,0,0.242585837,1.010564048,0.2425832728,4.357348349e-05,0,0,5101,5101,4.122252199,4.122252199,27.57877063
3711,0.625,0.375,114.7819399,114.7819399,3,3663,3671,1,0,1,0,0,1,0.9284716951,57.29937572,0.9284341334,4.357348349e-05,0,0,3541,3541,1.077038757,1.077038757,14.44944079
3712,0.875,0.375,-20.0888379,-20.0888379,3,3671,3667,1,0,1,0,0,1,558.0382321,-141.902679,1632.677003,8.727846404e-06,0,0,159,159,0.001791991915,0.001791991915,0.2729596604
3713,0.875,0.125,10.95320758,10.95320758,3,3671,3661,1,0,0,0,1,1,2.067343355e+12,0,0,0,0,0,1,0,4.837125859e-13,0,0.4837125859
3714,0.625,0.125,-19.53754837,-19.53754837,3,3671,3666,1,0,0,0,1,1,1e+300,0,0,0,0,0,0,0,0,0,0
3715,0.625,0.25,-189.4300149,-189.4300149,3,3675,3671,1,0,1,0,0,0,11811.45263,-88.80026702,4611.432065,0.0001,0,0,8,8,8.466359144e-05,8.466359144e-05,0.1222060645
3716,0.625,0.625,207.3549507,207.3549507,3,3663,3670,1,0,1,0,0,1,0.390389333,-4.684865251,0.4298162024,4.357348349e-05,0,0,9518,9518,2.5615454,2.5615454,64.29445002
3717,0.625,0.875,264.0105173,264.0105173,3,3670,3665,1,0,1,0,0,1,115.5500678,44.87743164,114.9714492,4.357348349e-05,0,0,304,304,0.008654257143,0.008654257143,5.795379776
3718,0.875,0.875,364.115265,364.115265,3,3670,3662,1,0,1,0,0,1,3.827130499,221.814165,16.35304283,4.357348349e-05,0,0,3498,3498,0.2612923704,0.2612923704,36.70985919
3719,0.875,0.625,228.6656617,228.6656617,3,3670,3667,1,0,1,0,0,1,3.029262811,-92.80996808,5.002219402,4.357348349e-05,0,0,6467,6467,0.3301133188,0.3301133188,34.34783864
3720,0.5,0.875,153.5996714,153.5996714,3,3665,3679,1,0,1,0,0,0,843781.1296,-152.9430292,11.08613642,0.0001,0,0,2,2,1.18514146e-06,1.18514146e-06,0.005935342832
3721,0.625,0.75,202.7925589,202.7925589,3,3679,3670,1,0,1,0,0,0,2.983598714,-37.44296687,2.983210876,4.357348349e-05,0,0,1984,1984,0.3351657163,0.3351657163,10.56959263
3722,0.5,0.625,75.48347004,75.48347004,3,3679,3663,1,0,1,0,0,0,25.43109653,-92.23650928,25.40294695,4.357348349e-05,0,0,1350,1350,0.03932193795,0.03932193795,1.005492061
3723,0.375,0.75,109.6896077,109.6896077,3,3679,3669,1,0,1,0,0,0,134845.6838,-70.28913302,7987.626951,0.0001,0,0,1,1,7.41588438e-06,7.41588438e-06,0.01501456189
3724,0.75,0.125,-4.292170396,-4.292170396,3,3677,3671,1,0,0,0,1,0,1e+300,0,0,0,0,0,0,0,0,0,0
3725,0.625,0,-1.208312825,-1.208312825,3,3677,3666,1,0,0,0,1,0,1e+300,0,0,0,0,0,0,0,0,0,0
3726,0.875,0,29.28244313,29.28244313,3,3661,3677,1,0,0,0,1,0,1e+300,0,0,0,0,0,0,0,0,0,0
3727,0.875,0.5,-40.03679789,-40.03679789,3,3667,3681,1,0,1,0,0,0,287.6879441,-116.0155236,2921.140515,4.357348349e-05,0,0,263,263,0.003475988551,0.003475988551,0.1285767811
3728,0.75,0.375,95.92338172,95.92338172,3,3681,3671,1,0,1,0,0,0,27.11258826,25.19052101,27.0805955,4.357348349e-05,0,0,198,198,0.03688323632,0.03688323632,6.015385961
3729,0.625,0.5,140.8702469,140.8702469,3,3681,3663,1,0,1,0,0,0,1.099667908,-10.39697094,1.099615218,4.357348349e-05,0,0,4692,4692,0.9093654478,0.9093654478,16.42016048
3730,0.75,0.625,231.9926203,231.9926203,3,3681,3670,1,0,1,0,0,0,0.9345928817,9.250814405,1.368517571,4.357348349e-05,0,0,5825,5825,1.06998461,1.06998461,47.96077011
3731,0.875,1,413.1670972,413.1670972,3,3662,3678,1,0,1,0,0,0,32.59847796,184.2328469,56.86183125,4.357348349e-05,0,0,516,516,0.03067627885,0.03067627885,5.767372953
3732,0.75,0.875,301.889732,301.889732,3,3678,3670,1,0,1,0,0,0,225.8602694,-975.3644892,19.20389054,3.936850441e-05,0,0,331,331,0.004427516192,0.004427516192,1.800634526
3733,0.625,1,305.1169312,305.1169312,3,3678,3665,1,0,0,0,1,0,8.243705952e+13,0,0,0,0,0,1,0,1.213046664e-14,0,0.01213046664
3734,0.875,0.25,93.34782978,93.34782978,3,3682,3671,1,0,0,0,1,0,1.478424784e+13,0,0,0,0,0,2,0,6.763955871e-14,0,0.06763955871
3735,1,0.125,126.9224433,126.9224433,3,3682,3661,1,0,0,0,1,0,1e+300,0,0,0,0,0,0,0,0,0,0
3736,1,0.375,303.7578133,303.7578133,3,3667,3682,1,0,1,0,0,0,3133423.228,-41.1139836,9830.308988,0.0001,0,0,1,1,3.191397801e-07,3.191397801e-07,0.003912350795
3737,0.875,0.75,329.6647764,329.6647764,3,3683,3670,1,0,1,0,0,0,3.67660644,0.8996646725,3.676017524,4.357348349e-05,0,0,4655,4655,0.2719899495,0.2719899495,20.22043814
3738,1,0.625,279.6609429,279.6609429,3,3683,3667,1,0,1,0,0,0,324.3802529,-97.66815737,1357.843583,4.357348349e-05,0,0,595,595,0.003082801715,0.003082801715,5.836416195
3739,1,0.875,423.2035958,423.2035958,3,3662,3683,1,0,1,0,0,0,50.06043893,228.7353539,2825.480813,4.357348349e-05,0,0,574,574,0.01997585362,0.01997585362,10.79489889
3740,0.0625,0.0625,0,0,4,3659,3684,0,0,0,0,0,0,1e+300,-104.7173685,1.423288199,0,0,0,0,0,0,0,0
3741,0.0625,0.1875,-573.0469509,-573.0469509,4,3684,3674,1,0,0,0,0,1,18153.83215,0,0,0,0,0,6,2,5.508478825e-05,5.508478793e-05,0.2096698149
3742,0.1875,0.1875,0,-218.0350862,4,3684,3668,0,0,0,0,0,0,0.2997829966,-85.47129341,0.2997790807,4.357348349e-05,0,0,12798,6379,3.335746227,3.335746226,12.40134002
3743,0.1875,0.0625,-408.0663614,-295.6725266,4,3684,3676,0,0,0,0,0,0,0.4253943523,-109.7025963,0.4253864674,4.357348349e-05,0,0,946,472,2.350759935,2.350759935,4.32107007
3744,0,0.1875,-74.27397445,-74.27397445,4,3674,3690,0,0,0,0,0,0,1e+300,-85.89554283,1563.681755,0,0,0,0,0,0,0,0
3745,0.0625,0.125,-32.26186324,-498.2055231,4,3690,3684,0,0,0,0,0,0,218688.2351,-35.68472255,20770.06978,4.357348349e-05,0,0,1,1,4.572719695e-06,4.572719695e-06,0.00518420635
3746,0,0.0625,-32.26186324,-32.26186324,4,3690,3659,0,0,0,0,0,0,1e+300,0,1e+300,0,0,0,0,0,0,0,0
3747,0.1875,0.3125,-84.21257657,-84.21257657,4,3668,3685,1,0,0,0,0,1,0.5116606594,0,0,0,0,0,6232,3125,1.95442034,1.95442034,11.416834
3748,0.0625,0.3125,-524.6958024,-524.6958024,4,3685,3674,1,0,0,0,0,1,292.6993762,0,0,0,0,0,18,6,0.003416474654,0.003416474653,0.2393172958
3749,0.0625,0.4375,-338.1718129,-338.1718129,4,3685,3664,1,0,0,0,0,1,5.926717689,0,0,0,0,0,145,72,0.1687274563,0.1687274563,2.817313921
3750,0.1875,0.4375,-73.14941359,-73.14941359,4,3685,3673,1,0,0,0,0,1,9.137974754,0,0,0,0,0,2624,1304,0.1094334387,0.1094334386,7.857107143
3751,0,0.4375,-1195.650707,-1195.650707,4,3664,3688,1,1,1,0,0,1,847.1732249,290.7890676,24.14462989,3.936850441e-05,0,163.2654943,62,62,0.001180396135,0.001180396135,0.1404571284
3752,0.0625,0.375,-492.7545175,-492.7545175,4,3688,3685,1,0,0,0,0,1,97.85988887,0,0,0,0,0,45,22,0.01021869135,0.01021869135,0.1640005855
3753,0,0.3125,-1200,-1200,4,3688,3674,1,1,1,0,0,1,21092.83026,677.7816323,60.78362128,9.212639108e-06,0,191.7452881,14,14,4.740947459e-05,4.740947459e-05,0.144203733
3754,0.1875,0.6875,-136.0009347,-136.0009347,4,3669,3692,1,0,0,0,0,1,1274.91226,0,0,0,0,0,24,10,0.0007843677025,0.0007843677017,0.4104926795
3755,0.1875,0.5625,-42.79940869,-42.79940869,4,3692,3673,1,0,0,0,0,1,1142.215646,0,0,0,0,0,139,65,0.0008754914222,0.00087549142,1.396895414
3756,0.0625,0.5625,-307.821808,-307.821808,4,3692,3664,1,0,0,0,0,1,18.0354588,0,0,0,0,0,539,264,0.05544632998,0.05544632995,0.4475761966
3757,0.0625,0.6875,-152.8742257,-152.8742257,4,3692,3672,1,0,0,0,0,1,3.946699216,0,0,0,0,0,2465,1229,0.2533762887,0.2533762885,5.197904727
3758,0,0.6875,371.4787515,371.4787515,4,3672,3697,1,1,1,0,0,1,33.02639071,503.7273519,5866.182518,4.357348349e-05,0,100.2232243,650,650,0.03027881578,0.03027881578,0.3679921979
3759,0.0625,0.625,-219.7671565,-219.7671565,4,3697,3692,1,0,0,0,0,1,23.25386128,0,0,0,0,0,828,412,0.04300361079,0.04300361075,5.671007398
3760,0,0.5625,-413.9531367,-413.9531367,4,3697,3664,1,0,0,0,0,1,220.9031395,0,0,0,0,0,116,58,0.004526870928,0.004526870912,7.262084577
3761,0.1875,0.8125,-76.44451909,-76.44451909,4,3669,3693,1,0,0,0,0,1,1e+300,0,0,0,0,0,0,0,0,0,0
3762,0.0625,0.8125,-93.31781004,-93.31781004,4,3693,3672,1,0,0,0,0,1,8.625671257,0,0,0,0,0,879,436,0.1159330063,0.1159330062,2.633482527
3763,0.0625,0.9375,40.92892485,40.92892485,4,3693,3660,1,0,0,0,0,1,157.2739708,0,0,0,0,0,43,23,0.00635833123,0.006358331224,2.518885746
3764,0.1875,0.9375,61.74093024,61.74093024,4,3693,3680,1,0,0,0,0,1,1e+300,0,0,0,0,0,0,0,0,0,0
3765,0,0.9375,-39.65428326,206.7722492,4,3660,3695,0,0,0,0,0,0,4.840146694e+14,2.243848485e-08,22949.73731,4.357348349e-05,0,0,2,0,2.066053083e-15,0,0.002066053083
3766,0.0625,0.875,-43.8720764,-43.8720764,4,3695,3693,1,1,1,0,0,1,15.60119975,-218.6980014,15.59060128,4.357348349e-05,0,101.1750581,119,119,0.06409763453,0.06409763453,3.451177352
3767,0,0.8125,469.6051863,469.6051863,4,3695,3672,1,1,1,0,0,1,409.0478054,393.946851,401.884756,4.357348349e-05,0,165.9915711,51,51,0.002444702029,0.002444702029,0.8886910079
3768,0.125,0.0625,-290.7456229,-388.2949112,4,3699,3684,0,0,0,0,0,0,0.8150389292,-72.975282,0.8150099849,4.357348349e-05,0,0,251,123,1.226935259,1.226935259,2.567725524
3769,0.0625,0,-290.7456229,-290.7456229,4,3699,3659,0,0,0,0,0,0,1e+300,0,1e+300,0,0,0,0,0,0,0,0
3770,0.1875,0,-698.8119842,-233.9375109,4,3676,3699,0,0,0,0,0,0,0.4145695231,-3.685422778,0.4145620343,4.357348349e-05,0,0,251,123,2.412140653,2.412140653,4.878080277
3771,0.0625,0.25,-548.4233021,-548.4233021,4,3674,3689,1,0,0,0,0,1,6297.446872,0,0,0,0,0,4,2,0.0001587945115,0.0001587945115,0.05211959241
3772,0.125,0.3125,-198.0633373,-198.0633373,4,3689,3685,1,0,0,0,0,1,2.241436846,0,0,0,0,0,976,492,0.4461423938,0.4461423937,1.456457783
3773,0.1875,0.25,-232.2744003,-95.31240755,4,3689,3668,0,0,0,0,0,0,0.2399363436,12.62834052,0.2399338351,4.357348349e-05,0,0,9375,4687,4.167772106,4.167772104,15.73399597
3774,0.125,0.1875,-232.2744003,-278.9908777,4,3689,3684,0,0,0,0,0,0,0.3487355324,-32.57645113,0.3487302333,4.357348349e-05,0,0,7723,3866,2.867502468,2.867502467,10.13271047
3775,0.0625,0.5,-317.8413954,-317.8413954,4,3664,3701,1,0,0,0,0,1,7.977658665,0,0,0,0,0,335,175,0.125350061,0.1253500609,1.289753099
3776,0.125,0.5625,-123.6554152,-123.6554152,4,3701,3692,1,0,0,0,0,1,2.323828915,0,0,0,0,0,996,515,0.430324278,0.4303242779,2.829845792
3777,0.1875,0.5,-52.81899614,-52.81899614,4,3701,3673,1,0,0,0,0,1,121.8732808,0,0,0,0,0,33,20,0.008205243951,0.008205243951,1.34198682
3778,0.125,0.4375,-154.0054201,-154.0054201,4,3701,3685,1,0,0,0,0,1,1.134621064,0,0,0,0,0,631,310,0.8813515209,0.8813515208,3.988724595
3779,0.0625,0.75,-135.357447,-135.357447,4,3672,3696,1,0,0,0,0,1,3.994685007,0,0,0,0,0,1987,994,0.250332629,0.2503326288,3.807988794
3780,0.125,0.8125,-36.56263343,-36.56263343,4,3696,3693,1,0,0,0,0,1,1052.529844,0,0,0,0,0,24,9,0.0009500918251,0.0009500918241,0.3887948463
3781,0.1875,0.75,-118.4841561,-118.4841561,4,3696,3669,1,0,0,0,0,1,1.082810881e+13,0,0,0,0,0,1,0,9.235223041e-14,0,0.09235223041
3782,0.125,0.6875,-96.11904907,-96.11904907,4,3696,3692,1,0,0,0,0,1,6.876191968,0,0,0,0,0,1611,796,0.1454293313,0.1454293313,2.519015086
3783,0.1875,1,195.1627741,195.1627741,4,3680,3707,0,0,0,0,0,0,1e+300,0,1e+300,0,0,0,0,0,0,0,0
3784,0.125,0.9375,47.49148546,-321.1419947,4,3707,3693,0,0,0,0,0,0,27095.35849,-282.284817,12425.42051,4.357348349e-05,0,0,12,7,3.690669013e-05,3.690669004e-05,0.02313190755
3785,0.0625,1,47.49148546,47.49148546,4,3707,3660,0,0,0,0,0,0,1e+300,-83.30860637,289.4984833,0,0,0,0,0,0,0,0
3786,0.25,0.0625,-593.7808882,-172.1001362,4,3676,3698,0,0,0,0,0,0,0.677766056,-129.1620675,0.6777460403,4.357348349e-05,0,0,716,359,1.475435353,1.475435353,3.107924585
3787,0.1875,0.125,-185.7145269,-228.9806467,4,3698,3684,0,0,0,0,0,0,0.2045450905,-100.975037,0.2045432675,4.357348349e-05,0,0,5774,2863,4.88889759,4.888897588,13.70424168
3788,0.25,0.1875,-185.7145269,-51.07697192,4,3698,3668,0,0,0,0,0,0,0.2291148012,-61.54504071,0.2291125139,4.357348349e-05,0,0,5214,2578,4.364624175,4.364624173,14.49455962
3789,0.3125,0.1875,20.745421,-9.944150926,4,3668,3687,0,0,0,0,0,0,0.6354841435,-15.2983125,0.6354665473,4.357348349e-05,0,0,1027,516,1.573603386,1.573603386,3.806361094
3790,0.4375,0.1875,73.74591959,38.41626673,4,3687,3675,0,0,0,0,0,0,0.3950070578,-3.342282036,0.3950002591,4.357348349e-05,0,0,2828,1421,2.531600335,2.531600335,6.073238267
3791,0.4375,0.0625,62.236263,-6.885927065,4,3687,3666,0,0,0,0,0,0,63.10732791,-0.9852851893,62.93427086,4.357348349e-05,0,0,45,23,0.01584602031,0.01584602031,3.206813954
3792,0.3125,0.0625,-387.3209404,-27.14315013,4,3687,3676,0,0,0,0,0,0,293.1106855,20.90882577,289.414328,4.357348349e-05,0,0,27,14,0.003411680466,0.003411680464,1.727965982
3793,0.3125,0.125,-164.9691059,-7.110273335,4,3698,3687,0,0,0,0,0,0,2.235515944,-17.02261795,2.235298206,4.357348349e-05,0,0,156,74,0.4473240294,0.4473240294,5.458035283
3794,0.3125,0.3125,0,36.50350981,4,3668,3686,0,0,0,0,0,0,0.2328588587,-8.373791988,0.2328564961,4.357348349e-05,0,0,10094,5055,4.294446883,4.294446882,11.04311623
3795,0.3125,0.4375,55.94068464,55.94068464,4,3686,3673,1,0,0,0,0,1,1.626202457,0,0,0,0,0,3185,1592,0.6149295839,0.6149295836,8.170626731
3796,0.4375,0.4375,110.9322482,110.9322482,4,3686,3663,1,0,0,0,0,1,2.154770455,0,0,0,0,0,1518,756,0.4640865564,0.4640865563,4.528288563
3797,0.4375,0.3125,53.00049859,30.26814508,4,3686,3675,0,0,0,0,0,0,0.2524458871,-51.01354391,0.2524431103,4.357348349e-05,0,0,7120,3543,3.961244968,3.961244967,12.98868983
3798,0.25,0.4375,19.86409142,19.86409142,4,3673,3704,1,0,0,0,0,1,0.3545568759,0,0,0,0,0,4809,2394,2.820421963,2.820421963,13.99636272
3799,0.3125,0.375,16.48948604,57.91650486,4,3704,3686,0,0,0,0,0,0,0.1843498929,10.14883657,0.184348412,4.357348349e-05,0,0,6604,3299,5.424467486,5.424467485,16.61530244
3800,0.25,0.3125,16.48948604,7.080346557,4,3704,3668,0,0,0,0,0,0,0.236309323,-1.719905685,0.2363068898,4.357348349e-05,0,0,8035,4010,4.231741631,4.23174163,15.12858962
3801,0.1875,0.375,-22.88689585,-60.917496,4,3704,3685,0,0,0,0,0,0,3.945097798,20.40172435,3.944419746,4.357348349e-05,0,0,2344,1182,0.2534791407,0.2534791406,2.734271041
3802,0.25,0.5625,37.75944951,37.75944951,4,3673,3702,1,0,0,0,0,1,23.75663615,0,0,0,0,0,330,160,0.04209350153,0.04209350149,2.220074794
3803,0.1875,0.625,-193.5632414,-193.5632414,4,3702,3692,1,1,1,0,0,1,51966.56059,-288.0243223,34788.71725,8.366611017e-06,0,25.84027058,3,3,1.924314384e-05,1.924314384e-05,0.01551862321
3804,0.25,0.6875,-37.01851506,-14.12885391,4,3702,3669,0,0,0,0,0,0,3472.216017,42.45142117,3015.918032,4.357348349e-05,0,0,5,2,0.0002880005147,0.0002880005144,0.3477309443
3805,0.4375,0.5625,102.9233163,102.9233163,4,3663,3691,1,0,0,0,0,1,281.3573657,0,0,0,0,0,136,68,0.003554198759,0.003554198755,0.9740310881
3806,0.3125,0.5625,47.93175274,47.93175274,4,3691,3673,1,0,0,0,0,1,26.02903804,0,0,0,0,0,90,47,0.0384186307,0.03841863069,2.068381654
3807,0.3125,0.6875,0,-15.95516466,4,3691,3669,0,0,0,0,0,0,454568.7154,30.45547694,21846.7633,4.357348349e-05,0,0,4,2,2.199887423e-06,2.199887422e-06,0.002803584689
3808,0.4375,0.6875,132.5465284,132.5465284,4,3691,3679,1,0,0,0,0,1,3691.377702,0,0,0,0,0,19,9,0.0002709015659,0.0002709015654,0.2563926935
3809,0.3125,0.625,-37.01851506,56.78587176,4,3702,3691,0,0,0,0,0,0,1188.635156,-0.8695918654,1130.103723,4.357348349e-05,0,0,9,4,0.0008413010457,0.0008413010453,0.1401911875
3810,0.3125,0.8125,161.8997881,161.8997881,4,3669,3694,0,0,0,0,0,0,1e+300,0,1e+300,0,0,0,0,0,0,0,0
3811,0.3125,0.9375,309.5710768,309.5710768,4,3694,3680,0,0,0,0,0,0,1e+300,0,1e+300,0,0,0,0,0,0,0,0
3812,0.4375,0.9375,485.6993643,485.6993643,4,3694,3665,0,0,0,0,0,0,1e+300,0,1e+300,0,0,0,0,0,0,0,0
3813,0.4375,0.8125,269.3136558,269.3136558,4,3694,3679,0,0,0,0,0,0,1e+300,0,1e+300,0,0,0,0,0,0,0,0
3814,0.25,0.9375,221.506933,221.506933,4,3680,3706,0,0,0,0,0,0,1e+300,0,1e+300,0,0,0,0,0,0,0,0
3815,0.3125,0.875,235.7354324,235.7354324,4,3706,3694,0,0,0,0,0,0,1e+300,0,1e+300,0,0,0,0,0,0,0,0
3816,0.25,0.8125,73.83564433,73.83564433,4,3706,3669,0,0,0,0,0,0,1e+300,0,1e+300,0,0,0,0,0,0,0,0
3817,0.1875,0.875,-7.351794423,-7.351794423,4,3706,3693,1,0,0,0,0,1,1e+300,0,0,0,0,0,0,0,0,0,0
3818,0.375,0.0625,-105.1919408,-25.2243523,4,3700,3687,0,0,0,0,0,0,533.3984527,6.793408221,521.2827833,4.357348349e-05,0,0,15,8,0.001874771093,0.00187477109,1.998866009
3819,0.3125,0,-534.0037232,-57.83946381,4,3700,3676,0,0,0,0,0,0,382.0121426,27.02870999,375.7574347,4.357348349e-05,0,0,6,4,0.002617717838,0.002617717837,2.272427172
3820,0.4375,0,-84.44651982,-45.48126702,4,3666,3700,0,0,0,0,0,0,405.8622155,-2.764427242,398.8093399,4.357348349e-05,0,0,9,4,0.002463890359,0.002463890357,2.738226775
3821,0.4375,0.25,71.13860066,49.98067885,4,3675,3709,0,0,0,0,0,0,0.09654115151,-4.656111313,0.0965407454,4.357348349e-05,0,0,5389,2703,10.35827711,10.35827711,29.19674843
3822,0.375,0.1875,38.88352306,11.53927147,4,3709,3687,0,0,0,0,0,0,0.1516718774,-6.13740732,0.151670875,4.357348349e-05,0,0,3350,1690,6.593180074,6.593180074,15.00808637
3823,0.3125,0.25,18.13810206,9.979397729,4,3709,3668,0,0,0,0,0,0,0.1338298741,-8.253005241,0.1338290937,4.357348349e-05,0,0,4928,2480,7.472173211,7.47217321,18.97105921
3824,0.375,0.3125,18.13810206,57.94788346,4,3709,3686,0,0,0,0,0,0,0.1106859678,0.7480644443,0.110685434,4.357348349e-05,0,0,6967,3493,9.034568879,9.034568877,21.72342263
3825,0.3125,0.5,83.72650187,83.72650187,4,3673,3703,1,0,0,0,0,1,7.136596834,0,0,0,0,0,489,245,0.1401228097,0.1401228097,2.186853682
3826,0.375,0.5625,97.31752228,170.9603294,4,3703,3691,0,0,0,0,0,0,90.11209648,67.33971621,89.75965538,4.357348349e-05,0,0,21,11,0.01109728925,0.01109728925,0.9949885403
3827,0.4375,0.5,97.31752228,94.76640088,4,3703,3663,0,0,0,0,0,0,46.51287322,-43.9518563,46.41879495,4.357348349e-05,0,0,72,38,0.02149942437,0.02149942437,1.840289886
3828,0.375,0.4375,111.6301762,111.6301762,4,3703,3686,1,0,0,0,0,1,7.729726291,0,0,0,0,0,952,484,0.1293706869,0.1293706868,4.051473479
3829,0.4375,0.75,125.9762351,265.7850375,4,3679,3723,0,0,0,0,0,0,42205.67525,112.7901781,14866.13501,4.357348349e-05,0,0,1,1,2.369349606e-05,2.369349606e-05,0.06005824757
3830,0.375,0.6875,18.56236735,18.56236735,4,3723,3691,0,0,0,0,0,0,1e+300,-76.59891435,660.3668162,0,0,0,0,0,0,0,0
3831,0.3125,0.75,18.56236735,18.56236735,4,3723,3669,0,0,0,0,0,0,1e+300,0,1e+300,0,0,0,0,0,0,0,0
3832,0.375,0.8125,180.4621555,180.4621555,4,3723,3694,0,0,0,0,0,0,1e+300,0,1e+300,0,0,0,0,0,0,0,0
3833,0.4375,1,559.5350087,559.5350087,4,3665,3705,0,0,0,0,0,0,1e+300,0,1e+300,0,0,0,0,0,0,0,0
3834,0.375,0.9375,397.6352205,397.6352205,4,3705,3694,0,0,0,0,0,0,1e+300,0,1e+300,0,0,0,0,0,0,0,0
3835,0.3125,1,383.4067211,383.4067211,4,3705,3680,0,0,0,0,0,0,1e+300,0,1e+300,0,0,0,0,0,0,0,0
3836,0.5,0.0625,-28.93207096,-27.22116026,4,3666,3708,0,0,0,0,0,0,35.73472386,10.07830802,35.67916831,4.357348349e-05,0,0,36,19,0.02798398566,0.02798398565,4.888803978
3837,0.4375,0.125,-49.67749196,-11.52227919,4,3708,3687,0,0,0,0,0,0,1.318669464,15.07810982,1.318593699,4.357348349e-05,0,0,406,202,0.7583401505,0.7583401504,14.34492888
3838,0.5,0.1875,-17.42241436,36.26041115,4,3708,3675,0,0,0,0,0,0,1.870749315,25.90068879,1.870596834,4.357348349e-05,0,0,370,183,0.5345451642,0.5345451641,13.61698616
3839,0.6875,0.1875,20.745421,20.745421,4,3671,3714,0,0,0,0,0,0,1e+300,0,1e+300,0,0,0,0,0,0,0,0
3840,0.6875,0.0625,41.490842,41.490842,4,3714,3677,0,0,0,0,0,0,1e+300,0,1e+300,0,0,0,0,0,0,0,0
3841,0.5625,0.0625,62.236263,62.236263,4,3714,3666,0,0,0,0,0,0,1e+300,0,1e+300,0,0,0,0,0,0,0,0
3842,0.5625,0.1875,73.74591959,73.74591959,4,3714,3675,0,0,0,0,0,0,1e+300,0,1e+300,0,0,0,0,0,0,0,0
3843,0.5625,0.125,-49.67749196,-49.67749196,4,3708,3714,0,0,0,0,0,0,1e+300,0,1e+300,0,0,0,0,0,0,0,0
3844,0.5,0.3125,106.5668344,69.55518612,4,3675,3710,0,0,0,0,0,0,0.2290485743,-24.49420267,0.2290462884,4.357348349e-05,0,0,6066,3013,4.365886157,4.365886156,16.63899966
3845,0.4375,0.375,53.56633576,62.61812048,4,3710,3686,0,0,0,0,0,0,0.2429410259,-33.99429716,0.2429384542,4.357348349e-05,0,0,4271,2119,4.116225311,4.11622531,13.72373132
3846,0.5,0.4375,53.56633576,75.73895956,4,3710,3663,0,0,0,0,0,0,0.170164608,-47.96129173,0.1701633463,4.357348349e-05,0,0,4117,2047,5.876662673,5.876662672,30.58669584
3847,0.5625,0.4375,0,69.12027113,4,3663,3711,0,0,0,0,0,0,0.1269116494,-57.2808642,0.1269109476,4.357348349e-05,0,0,4914,2452,7.879497309,7.879497308,66.10933349
3848,0.6875,0.4375,82.29117376,57.58203133,4,3711,3681,0,0,0,0,0,0,16.08805558,-82.06588774,16.07678555,4.357348349e-05,0,0,277,137,0.06215791554,0.06215791549,16.89243693
3849,0.6875,0.3125,0,15.89111996,4,3711,3671,0,0,0,0,0,0,3575.685933,-29.97494905,3093.675532,4.357348349e-05,0,0,14,9,0.0002796666203,0.0002796666196,0.3283092935
3850,0.5625,0.3125,53.00049859,-33.95709762,4,3711,3675,0,0,0,0,0,0,8.271954103,-130.7073705,8.268973652,4.357348349e-05,0,0,1889,943,0.1208904193,0.1208904193,0.4892476836
3851,0.5625,0.375,53.56633576,79.56195157,4,3710,3711,0,0,0,0,0,0,0.1626991038,-32.51904991,0.1626979504,4.357348349e-05,0,0,5057,2524,6.146315355,6.146315354,43.94858856
3852,0.5625,0.5625,0,30.32727688,4,3663,3716,0,0,0,0,0,0,0.3768451321,-142.3605135,0.3768389442,4.357348349e-05,0,0,6708,3364,2.653609971,2.65360997,28.79524497
3853,0.5625,0.6875,107.4138677,-17.48011891,4,3716,3679,0,0,0,0,0,0,0.7258466361,-219.7903033,0.72582368,4.357348349e-05,0,0,3334,1657,1.377701501,1.377701501,8.575607043
3854,0.6875,0.6875,0,-56.16108585,4,3716,3670,0,0,0,0,0,0,1.048139491,-301.4649068,1.048091623,4.357348349e-05,0,0,3967,1986,0.9540714846,0.9540714843,15.49514906
3855,0.6875,0.5625,185.9344144,185.9344144,4,3716,3681,1,0,0,0,0,1,1.971407968,0,0,0,0,0,5045,2511,0.507251678,0.5072516775,20.37699716
3856,0.5,0.6875,174.9082384,98.5085854,4,3679,3722,0,0,0,0,0,0,0.3079238083,-37.86654826,0.3079196769,4.357348349e-05,0,0,1445,718,3.247556613,3.247556612,23.70892177
3857,0.5625,0.625,67.4943707,42.52083247,4,3722,3716,0,0,0,0,0,0,0.4419472105,-98.89931251,0.4419387,4.357348349e-05,0,0,2615,1302,2.262713682,2.262713682,17.01870873
3858,0.5,0.5625,67.4943707,45.3420925,4,3722,3663,0,0,0,0,0,0,0.7795087199,-61.41064719,0.7794822441,4.357348349e-05,0,0,1259,628,1.282859286,1.282859286,12.75364269
3859,0.4375,0.625,211.0406947,211.0406947,4,3722,3691,1,1,1,0,0,1,1090.740556,130.2407181,1047.962987,3.936850441e-05,0,91.61548641,5,5,0.000916808305,0.000916808305,0.669622443
3860,0.6875,0.8125,161.8997881,-40.99426879,4,3670,3717,0,0,0,0,0,0,32.15781216,-314.6322346,32.11281479,4.357348349e-05,0,0,262,134,0.03109664286,0.03109664284,4.164088439
3861,0.5625,0.8125,269.3136558,-11.71574061,4,3717,3679,0,0,0,0,0,0,15.29921619,-242.3600699,15.28902391,4.357348349e-05,0,0,345,168,0.06536282564,0.06536282561,5.12276397
3862,0.5625,0.9375,485.6993643,-129.9774809,4,3717,3665,0,0,0,0,0,0,4663.215842,-339.5011216,3875.702031,4.357348349e-05,0,0,3,1,0.0002144442878,0.0002144442877,0.1063584141
3863,0.6875,0.9375,357.307756,357.307756,4,3717,3678,1,0,0,0,0,1,13087486.73,0,0,0,0,0,2,1,7.64088645e-08,7.640808289e-08,0.003103701737
3864,0.5,0.9375,462.9347836,14.32338633,4,3665,3720,0,0,0,0,0,0,603.9217565,-138.9723723,588.4370504,4.357348349e-05,0,0,2,1,0.001655843641,0.00165584364,0.8212524825
3865,0.5625,0.875,301.0349955,-110.305274,4,3720,3717,0,0,0,0,0,0,2238.230738,-318.1008774,2039.339076,4.357348349e-05,0,0,5,2,0.0004467814613,0.0004467814608,0.2575736665
3866,0.5,0.8125,246.5490751,324.0431536,4,3720,3679,0,0,0,0,0,0,1701.23659,149.6267064,1583.829223,4.357348349e-05,0,0,3,1,0.0005878077194,0.0005878077177,0.6188533814
3867,0.4375,0.875,301.0349955,301.0349955,4,3720,3694,0,0,0,0,0,0,1e+300,0,1e+300,0,0,0,0,0,0,0,0
3868,0.625,0.0625,51.8635525,51.8635525,4,3725,3714,0,0,0,0,0,0,1e+300,0,1e+300,0,0,0,0,0,0,0,0
3869,0.5625,0,72.6089735,72.6089735,4,3725,3666,0,0,0,0,0,0,1e+300,0,1e+300,0,0,0,0,0,0,0,0
3870,0.6875,0,51.8635525,51.8635525,4,3677,3725,0,0,0,0,0,0,1e+300,0,1e+300,0,0,0,0,0,0,0,0
3871,0.5625,0.25,35.10061438,1.284355467,4,3675,3715,0,0,0,0,0,0,286.930588,56.67574963,283.3875171,4.357348349e-05,0,0,12,8,0.003485163457,0.003485163455,3.59044285
3872,0.625,0.3125,-17.89988422,33.90668141,4,3715,3711,0,0,0,0,0,0,240.7062169,71.26646287,238.2077962,4.357348349e-05,0,0,13,8,0.004154441929,0.004154441926,4.195572028
3873,0.6875,0.25,-17.89988422,-106.2755965,4,3715,3671,0,0,0,0,0,0,2.010913908e+12,1.520126503e-06,22949.73705,4.357348349e-05,0,0,1,0,4.972863313e-13,0,0.4972863313
3874,0.625,0.1875,2.845536784,2.845536784,4,3715,3714,0,0,0,0,0,0,1e+300,0,1e+300,0,0,0,0,0,0,0,0
3875,0.6875,0.5,190.6833782,144.3475177,4,3681,3729,0,0,0,0,0,0,5.336073264,-8.344498783,5.334832855,4.357348349e-05,0,0,1374,677,0.1874037238,0.1874037236,15.3681288
3876,0.625,0.4375,108.3922044,96.91391615,4,3729,3711,0,0,0,0,0,0,0.2721026708,-30.91206674,0.2720994447,4.357348349e-05,0,0,1901,945,3.675083368,3.675083368,29.54508596
3877,0.5625,0.5,108.3922044,73.01699829,4,3729,3663,0,0,0,0,0,0,0.08748668091,-66.4282344,0.0874863474,4.357348349e-05,0,0,7266,3640,11.43031133,11.43031133,105.6418564
3878,0.625,0.5625,108.3922044,135.8325212,4,3729,3716,0,0,0,0,0,0,0.3116500151,-38.28011675,0.311645783,4.357348349e-05,0,0,6274,3152,3.208727584,3.208727583,42.02996724
3879,0.5625,0.75,189.5597666,211.0010022,4,3679,3721,0,0,0,0,0,0,0.5970177174,10.97226476,0.5970021869,4.357348349e-05,0,0,2237,1109,1.674992167,1.674992166,20.29955409
3880,0.625,0.8125,244.0456869,45.98097607,4,3721,3717,0,0,0,0,0,0,8.261741608,-187.4269175,8.25876851,4.357348349e-05,0,0,561,282,0.1210398542,0.1210398542,25.87219864
3881,0.6875,0.75,82.14589884,231.3486679,4,3721,3670,0,0,0,0,0,0,0.5565177529,-11.67370614,0.556504258,4.357348349e-05,0,0,1730,875,1.796887871,1.79688787,14.78551537
3882,0.625,0.6875,82.14589884,34.08383765,4,3721,3716,0,0,0,0,0,0,0.3832695847,-170.9899111,0.3832631841,4.357348349e-05,0,0,3406,1702,2.609129552,2.609129552,13.78621114
3883,0.6875,1,451.2261013,451.2261013,4,3678,3733,0,0,0,0,0,0,1e+300,0,1e+300,0,0,0,0,0,0,0,0
3884,0.625,0.9375,420.2416805,283.4085545,4,3733,3717,0,0,0,0,0,0,5.707973153e+12,-1.60358951e-06,22949.73722,4.357348349e-05,0,0,1,0,1.75193536e-13,0,0.175193536
3885,0.5625,1,582.1414686,228.9087149,4,3733,3665,0,0,0,0,0,0,1.813727543e+12,3.569880477e-06,22949.73702,4.357348349e-05,0,0,1,0,5.513507273e-13,0,0.5513507273
3886,0.75,0.0625,31.1181315,31.1181315,4,3677,3724,0,0,0,0,0,0,1e+300,0,1e+300,0,0,0,0,0,0,0,0
3887,0.6875,0.125,31.1181315,31.1181315,4,3724,3714,0,0,0,0,0,0,1e+300,0,1e+300,0,0,0,0,0,0,0,0
3888,0.75,0.1875,10.3727105,10.3727105,4,3724,3671,0,0,0,0,0,0,1e+300,0,1e+300,0,0,0,0,0,0,0,0
3889,0.8125,0.1875,0,0,4,3671,3713,0,0,0,0,0,0,1e+300,5.126327013e-07,9999.999994,0,0,0,0,0,0,0,0
3890,0.9375,0.1875,78.81249457,105.483478,4,3713,3682,0,0,0,0,0,0,8.11797682e+12,-1.694945297e-06,22949.73725,4.357348349e-05,0,0,1,0,1.231834017e-13,0,0.1231834017
3891,0.9375,0.0625,0,0,4,3713,3661,0,0,0,0,0,0,1e+300,0,1e+300,0,0,0,0,0,0,0,0
3892,0.8125,0.0625,20.745421,20.745421,4,3713,3677,0,0,0,0,0,0,1e+300,0,1e+300,0,0,0,0,0,0,0,0
3893,0.8125,0.125,10.3727105,10.3727105,4,3724,3713,0,0,0,0,0,0,1e+300,0,1e+300,0,0,0,0,0,0,0,0
3894,0.8125,0.3125,89.26841854,-40.1553634,4,3671,3712,0,0,0,0,0,0,72848.31303,-18.60964039,17451.81287,4.357348349e-05,0,0,7,3,1.372715384e-05,1.372715375e-05,0.01494090189
3895,0.8125,0.4375,72.2125201,72.2125201,4,3712,3681,1,0,0,0,0,1,204.7695009,0,0,0,0,0,297,149,0.004883539763,0.004883539758,0.517460581
3896,0.9375,0.4375,177.008736,177.008736,4,3712,3667,1,0,0,0,0,1,1554.338464,0,0,0,0,0,13,7,0.0006433605185,0.0006433605166,2.004123702
3897,0.9375,0.3125,168.0809131,92.31945881,4,3712,3682,0,0,0,0,0,0,1.997659495e+12,-4.239795715e-07,22949.73705,4.357348349e-05,0,0,1,0,5.005858117e-13,0,0.5005858117
3898,0.75,0.4375,144.4189933,114.8871188,4,3681,3728,0,0,0,0,0,0,6.374722241,-15.33122606,6.372952033,4.357348349e-05,0,0,373,185,0.1568695799,0.1568695798,22.81605313
3899,0.8125,0.375,151.3962381,63.31409661,4,3728,3712,0,0,0,0,0,0,2620.160485,25.37357728,2351.671302,4.357348349e-05,0,0,9,4,0.0003816560115,0.0003816560107,0.6266123063
3900,0.75,0.3125,62.12781954,84.88769167,4,3728,3671,0,0,0,0,0,0,313.769319,48.45119684,309.5373179,4.357348349e-05,0,0,20,12,0.003187054754,0.003187054752,3.387783914
3901,0.6875,0.375,62.12781954,81.96106272,4,3728,3711,0,0,0,0,0,0,23.31334183,-23.39124863,23.28968316,4.357348349e-05,0,0,123,64,0.04289389343,0.0428938934,12.32444812
3902,0.75,0.5625,198.2532492,198.2532492,4,3681,3730,1,0,0,0,0,1,1.782964364,0,0,0,0,0,4959,2476,0.5608637056,0.5608637052,13.97044404
3903,0.6875,0.625,54.44994511,87.94888782,4,3730,3716,0,0,0,0,0,0,0.7605921997,-131.7248878,0.7605669933,4.357348349e-05,0,0,3708,1845,1.314764995,1.314764995,20.39390945
3904,0.75,0.6875,54.44994511,126.156124,4,3730,3670,0,0,0,0,0,0,0.4188660639,-131.4662769,0.4188584191,4.357348349e-05,0,0,5223,2606,2.387397992,2.387397992,27.08559573
3905,0.8125,0.6875,89.26841854,-17.68082011,4,3670,3719,0,0,0,0,0,0,0.3228472379,-273.6408946,0.3228426963,4.357348349e-05,0,0,5130,2565,3.097440159,3.097440159,29.28970945
3906,0.9375,0.6875,301.6941609,301.6941609,4,3719,3683,1,0,0,0,0,1,8.319293658,0,0,0,0,0,3712,1867,0.1202025125,0.1202025121,20.40037045
3907,0.9375,0.5625,301.3859858,301.3859858,4,3719,3667,1,0,0,0,0,1,653.1551633,0,0,0,0,0,194,96,0.001531029771,0.001531029757,6.659515663
3908,0.8125,0.5625,196.5897699,196.5897699,4,3719,3681,1,0,0,0,0,1,7.571090529,0,0,0,0,0,2628,1310,0.1320813687,0.1320813686,16.64404741
3909,0.8125,0.625,143.7183637,75.3661864,4,3730,3719,0,0,0,0,0,0,0.480536741,-154.9638427,0.4805266794,4.357348349e-05,0,0,3023,1504,2.081006331,2.08100633,21.4997112
3910,0.8125,0.8125,323.6843622,323.6843622,4,3670,3718,1,0,0,0,0,1,6.622680228,0,0,0,0,0,2382,1190,0.1509962682,0.1509962679,21.55838621
3911,0.8125,0.9375,407.3601299,407.3601299,4,3718,3678,1,0,0,0,0,1,196.81289,0,0,0,0,0,569,280,0.005080968021,0.005080968002,1.154976322
3912,0.9375,0.9375,612.9358779,612.9358779,4,3718,3662,1,1,1,0,0,1,195.2179656,447.6766665,1292.466262,4.357348349e-05,0,121.0632,227,227,0.005122479363,0.005122479363,2.021287909
3913,0.9375,0.8125,369.4189625,369.4189625,4,3718,3683,1,0,0,0,0,1,10.32655261,0,0,0,0,0,3269,1641,0.09683773838,0.096837738,23.16164471
3914,0.75,0.9375,382.1425255,382.1425255,4,3678,3732,1,1,1,0,0,1,58157.03158,39.77546335,7129.247743,0.0001,0,197.9025311,3,3,1.719482533e-05,1.719482533e-05,0.6788565604
3915,0.8125,0.875,333.0024985,333.0024985,4,3732,3718,1,0,0,0,0,1,103.8008433,0,0,0,0,0,531,270,0.009633833097,0.009633833054,5.938272941
3916,0.75,0.8125,91.71874672,80.8700375,4,3732,3670,0,0,0,0,0,0,145.917986,-211.7014121,144.9960785,4.357348349e-05,0,0,115,58,0.006853164762,0.00685316475,4.615318206
3917,0.6875,0.875,253.6185348,262.6938103,4,3732,3717,0,0,0,0,0,0,94.82014043,-20.2631588,94.42998935,4.357348349e-05,0,0,44,19,0.01054628263,0.01054628262,6.220421578
3918,0.875,0.0625,10.3727105,10.3727105,4,3726,3713,0,0,0,0,0,0,1e+300,0,1e+300,0,0,0,0,0,0,0,0
3919,0.8125,0,31.1181315,31.1181315,4,3726,3677,0,0,0,0,0,0,1e+300,0,1e+300,0,0,0,0,0,0,0,0
3920,0.9375,0,10.3727105,10.3727105,4,3661,3726,0,0,0,0,0,0,1e+300,0,1e+300,0,0,0,0,0,0,0,0
3921,0.9375,0.25,118.2187416,147.7480219,4,3682,3734,0,0,0,0,0,0,5.771007155e+11,-3.93709513e-06,22949.7364,4.357348349e-05,0,0,2,0,1.732799792e-12,0,1.732799792
3922,0.875,0.1875,39.40624706,48.55088609,4,3734,3713,0,0,0,0,0,0,3.344360272e+12,-2.511819119e-06,22949.73716,4.357348349e-05,0,0,1,0,2.990108477e-13,0,0.2990108477
3923,0.8125,0.25,39.40624706,39.40624706,4,3734,3671,0,0,0,0,0,0,1e+300,0,1e+300,0,0,0,0,0,0,0,0
3924,0.875,0.3125,128.6746656,35.38686735,4,3734,3712,0,0,0,0,0,0,1.402775862e+12,-7.58230172e-07,22949.73694,4.357348349e-05,0,0,1,0,7.128722609e-13,0,0.7128722609
3925,0.9375,0.5,167.034756,167.034756,4,3667,3727,1,0,0,0,0,1,1697.051604,0,0,0,0,0,47,20,0.000589257273,0.0005892572703,2.485274479
3926,0.875,0.4375,-43.22370911,35.75999561,4,3727,3712,0,0,0,0,0,0,5862.041779,65.70185713,4669.351328,4.357348349e-05,0,0,8,5,0.0001705890264,0.0001705890262,0.4707666963
3927,0.8125,0.5,62.2385401,62.2385401,4,3727,3681,1,0,0,0,0,1,134.0172403,0,0,0,0,0,419,214,0.007461726548,0.007461726538,0.1489835874
3928,0.875,0.5625,156.8140956,156.8140956,4,3727,3719,1,1,1,0,0,1,257.7372928,61.07332619,254.8749159,4.357348349e-05,0,35.82461129,95,95,0.003879919702,0.003879919702,12.34580945
3929,0.9375,0.75,189.6299842,-134.5473515,4,3683,3737,0,0,0,0,0,0,0.8192344684,-486.740117,0.8192052253,4.357348349e-05,0,0,3146,1589,1.220651765,1.220651765,7.514969839
3930,0.875,0.6875,165.1074043,48.06334859,4,3737,3719,0,0,0,0,0,0,0.3750257752,-231.1029173,0.3750196469,4.357348349e-05,0,0,3178,1584,2.666483389,2.666483389,38.37280747
3931,0.8125,0.75,75.83898575,83.15525231,4,3737,3670,0,0,0,0,0,0,0.3244920481,-223.3033854,0.3244874601,4.357348349e-05,0,0,3715,1863,3.081739617,3.081739616,50.9561423
3932,0.875,0.8125,75.83898575,-322.7829164,4,3737,3718,0,0,0,0,0,0,4.03911245,-669.674251,4.038401699,4.357348349e-05,0,0,1624,804,0.2475791433,0.2475791432,2.581617412
3933,0.9375,1,611.4380499,611.4380499,4,3662,3731,1,1,1,0,0,1,4880.836605,86.73571264,2461.529654,7.01743683e-06,0,179.0770481,43,43,0.0002048829086,0.0002048829086,0.5446337067
3934,0.875,0.9375,388.6411811,388.6411811,4,3731,3718,1,0,0,0,0,1,46.76802203,0,0,0,0,0,787,385,0.02138213156,0.02138213144,9.838018741
3935,0.8125,1,278.9765018,-416.0110348,4,3731,3678,0,0,0,0,0,0,37.82217911,-847.8794894,37.75994905,4.357348349e-05,0,0,163,84,0.0264395131,0.02643951309,2.458408464
3936,0.9375,0.125,39.40624728,39.40624728,4,3735,3713,0,0,0,0,0,0,1e+300,0,1e+300,0,0,0,0,0,0,0,0
3937,1,0.0625,39.40624728,39.40624728,4,3735,3661,0,0,0,0,0,0,1e+300,0,1e+300,0,0,0,0,0,0,0,0
3938,1,0.1875,118.2187419,118.2187419,4,3682,3735,0,0,0,0,0,0,1e+300,0,1e+300,0,0,0,0,0,0,0,0
3939,0.9375,0.375,197.3860926,197.3860926,4,3736,3712,0,0,0,0,0,0,1e+300,-206.3644323,4110.075385,0,0,0,0,0,0,0,0
3940,1,0.3125,186.9301686,186.9301686,4,3736,3682,0,0,0,0,0,0,1e+300,0,1e+300,0,0,0,0,0,0,0,0
3941,1,0.4375,286.6545111,358.7261484,4,3667,3736,0,0,0,0,0,0,606443.5773,22.37498178,22112.91488,4.357348349e-05,0,0,1,1,1.648958019e-06,1.648958019e-06,0.01564940318
3942,0.9375,0.625,254.1633023,254.1633023,4,3738,3719,1,0,0,0,0,1,112.9214984,0,0,0,0,0,1064,536,0.008855709622,0.008855709582,13.10099074
3943,1,0.5625,321.9552433,321.9552433,4,3738,3667,1,1,1,0,0,1,1107501.361,-2.811646805,9912.530004,0.0001,0,96.88641208,6,6,9.029334276e-07,9.029334276e-07,0.01335123312
3944,1,0.6875,9.091838282,-166.344578,4,3683,3738,0,0,0,0,0,0,110.3081257,-493.5327453,109.7804649,4.357348349e-05,0,0,107,57,0.009065515288,0.009065515283,3.296513998
3945,0.9375,0.875,393.6594304,393.6594304,4,3739,3718,1,0,0,0,0,1,74.01725282,0,0,0,0,0,861,429,0.01351036362,0.01351036353,9.61011735
3946,1,0.8125,395.4805955,395.4805955,4,3739,3683,1,1,1,0,0,1,619.6056304,-9.412868631,717.3250463,4.357348349e-05,0,103.0767506,93,93,0.001613929814,0.001613929814,0.8274297779
3947,1,0.9375,833.8712823,833.8712823,4,3662,3739,1,1,1,0,0,1,423.9210918,366.2673952,4510.271093,4.357348349e-05,0,65.90699804,103,103,0.002358929573,0.002358929573,1.708304554
3948,0.09375,0.34375,-349.51582,-349.51582,5,3685,3748,1,0,0,0,0,1,139.6122606,0,0,0,0,0,30,17,0.007162694707,0.007162694706,0.1418064664
3949,0.09375,0.28125,-361.6636437,-174.6913172,5,3748,3689,0,0,0,0,0,0,455.5505785,198.6000619,442.3291937,6.561373191e-05,0,0,7,3,0.002195145934,0.002195145934,0.02951127673
3950,0.03125,0.28125,-699.8757848,-699.8757848,5,3748,3674,1,0,0,0,0,1,1660.567816,0,0,0,0,0,31,15,0.0006022036501,0.0006022036486,0.2364462912
3951,0.03125,0.34375,-891.6308901,-891.6308901,5,3748,3688,1,1,1,0,0,1,10308.4968,-218.0692443,7610.848651,4.15372708e-05,0,158.1511805,3,3,9.700735421e-05,9.700735421e-05,0.05766062227
3952,0,0.34375,-1028.645528,-1028.645528,5,3688,3753,0,0,0,0,0,0,1e+300,0,1e+300,0,0,0,0,0,0,0,0
3953,0.03125,0.3125,-731.6493331,-256.6861407,5,3753,3748,0,0,0,0,0,0,57.08772977,605.7095475,56.87469202,6.561373191e-05,0,0,9,2,0.01751689906,0.01751689906,0.3629702377
3954,0,0.28125,-1040.699209,-1040.699209,5,3753,3674,1,1,1,0,0,1,904173.2133,-5.86717441,14988.07334,6.561373191e-05,0,253.9059804,12,12,1.105982776e-06,1.105982776e-06,0.5557870121
3955,0.90625,0.90625,470.7246638,470.7246638,5,3718,3912,1,1,1,0,0,1,349.4701616,-16.14692618,341.636424,6.561373191e-05,0,81.19730621,10,10,0.002861474626,0.002861474626,0.5331588649
3956,0.90625,0.96875,329.9642408,329.9642408,5,3912,3731,1,1,1,0,0,1,814.9805439,-332.9427683,893.8772489,8.366611017e-06,0,103.5343943,5,5,0.001227023157,0.001227023157,0.2436283553
3957,0.96875,0.96875,306.4679389,306.4679389,5,3912,3662,1,0,0,0,0,1,190.3340821,0,0,0,0,0,18,9,0.005253919786,0.005253919783,1.504173148
3958,0.96875,0.90625,518.0697368,518.0697368,5,3912,3739,1,0,0,0,0,1,537.0808718,0,0,0,0,0,13,8,0.00186191699,0.001861916989,0.867182037
3959,0.96875,0.9375,631.9518325,631.9518325,5,3947,3912,1,1,1,0,0,1,390.5464466,-71.70815061,417.2796175,6.561373191e-05,0,77.67592477,231,231,0.002560514911,0.002560514911,11.97511654
3960,1,0.90625,421.1203461,421.1203461,5,3947,3739,1,1,1,0,0,1,421.8165071,-663.2284791,9.743813617,4.15372708e-05,0,115.0511864,4,4,0.002370699068,0.002370699068,1.00245289
3961,1,0.96875,416.9356412,416.9356412,5,3662,3947,1,0,0,0,0,1,434.5692165,0,0,0,0,0,7,5,0.002301129399,0.002301129398,1.055053711
3962,0.96875,1,305.7190249,305.7190249,5,3662,3933,1,0,0,0,0,1,1476.340366,0,0,0,0,0,32,18,0.0006773505779,0.0006773505752,1.563987046
3963,0.9375,0.96875,814.1358628,814.1358628,5,3933,3912,1,1,1,0,0,1,8270.210568,609.7956113,10437.72306,8.366611017e-06,0,72.20890344,3,3,0.0001209159056,0.0001209159056,0.1464354066
3964,0.90625,1,404.9861929,-453.8843547,5,3933,3731,0,0,0,0,0,0,170.9933906,-966.1930164,169.0962132,6.561373191e-05,0,0,37,22,0.005848179258,0.005848179257,0.8544516629
3965,0.90625,0.84375,379.3956089,116.2446432,5,3718,3913,0,0,0,0,0,0,1.04253197,-250.5239123,1.042460661,6.561373191e-05,0,0,1627,813,0.9592031984,0.9592031983,8.950648204
3966,0.96875,0.84375,396.3112792,396.3112792,5,3913,3739,1,0,0,0,0,1,80.60023285,0,0,0,0,0,563,286,0.01240691205,0.012406912,2.384232142
3967,0.96875,0.78125,351.8530975,134.2580161,5,3913,3683,0,0,0,0,0,0,0.429692121,-237.8119703,0.4296800068,6.561373191e-05,0,0,1448,728,2.327247699,2.327247699,10.69947483
3968,0.90625,0.78125,351.3670924,108.8536898,5,3913,3737,0,0,0,0,0,0,0.3506861371,-240.6883603,0.350678068,6.561373191e-05,0,0,2529,1271,2.851552697,2.851552697,25.40750654
3969,0.96875,0.8125,454.6213544,311.9019092,5,3946,3913,0,0,0,0,0,0,10.83123202,-70.54826425,10.82353998,6.561373191e-05,0,0,109,52,0.09232560043,0.0923256004,4.533897823
3970,1,0.78125,440.8500987,92.88155577,5,3946,3683,0,0,0,0,0,0,14.29800842,-292.2193331,14.28460737,6.561373191e-05,0,0,89,43,0.06993981055,0.06993981052,8.984866128
3971,1,0.84375,409.3420957,409.3420957,5,3739,3946,1,0,0,0,0,1,1029.684964,0,0,0,0,0,78,41,0.0009711708285,0.000971170825,1.994998577
3972,0.09375,0.40625,-264.9622461,-952.8244715,5,3685,3749,0,0,0,0,0,0,253.2582707,-696.5530467,249.1186119,6.561373191e-05,0,0,57,31,0.003948538372,0.003948538372,0.0203895083
3973,0.03125,0.40625,-574.6725051,-574.6725051,5,3749,3688,1,0,0,0,0,1,17197.57902,0,0,0,0,0,57,27,5.814771943e-05,5.814771787e-05,0.3151134037
3974,0.03125,0.46875,-420.0898005,-420.0898005,5,3749,3664,1,0,0,0,0,1,44534.08717,0,0,0,0,0,7,2,2.245470972e-05,2.245470966e-05,0.0435388822
3975,0.09375,0.46875,-235.9234077,-235.9234077,5,3749,3701,1,0,0,0,0,1,11.76981607,0,0,0,0,0,214,100,0.08496309491,0.0849630949,0.5531507829
3976,0,0.46875,-848.8292476,-848.8292476,5,3664,3751,1,0,0,0,0,1,29681.52992,0,0,0,0,0,25,14,3.369098569e-05,3.36909832e-05,0.4038193198
3977,0.03125,0.4375,-766.9112599,-766.9112599,5,3751,3749,1,0,0,0,0,1,249.3827905,0,0,0,0,0,85,41,0.004009899792,0.004009899781,0.406775152
3978,0,0.40625,-956.2224308,-1007.457905,5,3751,3688,0,0,0,0,0,0,2404313.869,-4.139371111,15144.71128,6.561373191e-05,0,0,12,7,4.159190748e-07,4.159186007e-07,0.09491507687
3979,0.90625,0.59375,265.0258238,265.0258238,5,3719,3907,1,0,0,0,0,1,291.20289,0,0,0,0,0,201,94,0.003434031854,0.003434031833,14.15834322
3980,0.96875,0.59375,175.1968599,175.1968599,5,3907,3738,1,1,1,0,0,1,8981.18692,-115.182537,5651.071487,6.561373191e-05,0,80.21223809,13,13,0.0001113438579,0.0001113438579,0.7894937109
3981,0.96875,0.53125,269.8940862,314.2725527,5,3907,3667,0,0,0,0,0,0,112829.4385,-23.19847409,13427.02405,6.561373191e-05,0,0,2,1,8.862935184e-06,8.862934927e-06,0.1422644008
3982,0.90625,0.53125,130.674594,130.674594,5,3907,3727,1,0,0,0,0,1,399.1701249,0,0,0,0,0,82,40,0.002505197503,0.002505197495,6.496114865
3983,0.96875,0.5625,268.5117972,95.1222863,5,3943,3907,0,0,0,0,0,0,112027.843,-216.3716484,13415.60061,6.561373191e-05,0,0,8,4,8.92635235e-06,8.926351514e-06,0.01964984448
3984,1,0.53125,278.0856831,347.7617092,5,3943,3667,0,0,0,0,0,0,3.735527708e+14,-2.060322686e-07,15240.71213,6.561373191e-05,0,0,1,0,2.676997946e-15,0,0.002676997946
3985,1,0.59375,275.3211052,70.21349625,5,3738,3943,0,0,0,0,0,0,40459.50268,-230.5066288,11070.54318,6.561373191e-05,0,0,2,2,2.471607246e-05,2.471607246e-05,0.03457842174
3986,0.84375,0.90625,385.7376974,385.7376974,5,3718,3911,1,0,0,0,0,1,28.97937345,0,0,0,0,0,518,257,0.0345073023,0.03450730228,3.138025317
3987,0.78125,0.90625,291.9156562,-571.8069324,5,3911,3732,0,0,0,0,0,0,4419.711334,-926.4224833,3426.149404,6.561373191e-05,0,0,9,3,0.0002262591207,0.0002262591205,0.1104663039
3988,0.78125,0.96875,263.5010505,131.8975264,5,3911,3678,0,0,0,0,0,0,3.654463732,-297.0545268,3.653587664,6.561373191e-05,0,0,163,84,0.2736379599,0.2736379598,19.00320408
3989,0.84375,0.96875,423.3522895,-80.69041485,5,3911,3731,0,0,0,0,0,0,2.559345185,-490.9474651,2.558915471,6.561373191e-05,0,0,187,95,0.3907249424,0.3907249424,2.282096293
3990,0.75,0.96875,234.4864153,234.4864153,5,3678,3914,0,0,0,0,0,0,1e+300,0,1e+300,0,0,0,0,0,0,0,0
3991,0.78125,0.9375,277.7083533,-310.2524162,5,3914,3911,0,0,0,0,0,0,1786.863076,-704.9876449,1599.350784,6.561373191e-05,0,0,4,2,0.000559639971,0.0005596399706,0.2702286471
3992,0.75,0.90625,262.901021,17.6215936,5,3914,3732,0,0,0,0,0,0,273.6114567,-324.3885371,268.7860301,6.561373191e-05,0,0,5,3,0.003654817719,0.003654817719,1.765010033
3993,0.65625,0.90625,251.9294467,310.6584789,5,3717,3863,0,0,0,0,0,0,6.871200856e+13,4.525964528e-07,15240.71213,6.561373191e-05,0,0,1,0,1.455349685e-14,0,0.01455349685
3994,0.65625,0.96875,244.144937,244.144937,5,3863,3733,0,0,0,0,0,0,1e+300,0,1e+300,0,0,0,0,0,0,0,0
3995,0.71875,0.96875,230.8292239,230.8292239,5,3863,3678,0,0,0,0,0,0,1e+300,-134.7265639,2384.727877,0,0,0,0,0,0,0,0
3996,0.71875,0.90625,259.2438296,97.31335768,5,3863,3732,0,0,0,0,0,0,128312.1312,-232.2786045,13622.63686,6.561373191e-05,0,0,2,1,7.793495368e-06,7.793495359e-06,0.01241455299
3997,0.71875,0.9375,245.0365267,657.2778354,5,3914,3863,0,0,0,0,0,0,62987.20781,287.5661955,12271.44865,6.561373191e-05,0,0,1,1,1.587623955e-05,1.587623955e-05,0.02528986131
3998,0.953125,0.953125,408.8994164,-79.24823807,6,3912,3957,0,0,0,0,0,0,16.95659644,-538.9478496,16.94615026,3.635362421e-05,0,0,10,4,0.05897409917,0.05897409917,0.9687306673
3999,0.953125,0.984375,458.9529944,458.9529944,6,3957,3933,1,0,0,0,0,1,1e+300,0,0,0,0,0,9,3,0,0,0
4000,0.984375,0.984375,153.2339695,153.2339695,6,3957,3662,1,0,0,0,0,1,1e+300,0,0,0,0,0,38,21,0,0,0
4001,0.984375,0.953125,570.1696106,570.1696106,6,3957,3947,1,0,0,0,0,1,1054.890996,0,0,0,0,0,12,6,0.0009479652432,0.0009479652414,0.4551405942
4002,0.9375,0.984375,326.648383,326.648383,6,3933,3963,0,0,0,0,0,0,1e+300,0,1e+300,0,0,0,0,0,0,0,0
4003,0.953125,0.96875,336.0491367,-3.64980795,6,3963,3957,0,0,0,0,0,0,12.5879674,-563.956469,12.58220955,3.635362421e-05,0,0,7,3,0.07944094295,0.07944094294,1.488549973
4004,0.9375,0.953125,472.3489422,850.8310868,6,3963,3912,0,0,0,0,0,0,21.68594658,137.291222,21.66886365,3.635362421e-05,0,0,7,3,0.04611281303,0.04611281303,0.8667707097
4005,0.875,0.96875,471.0576609,50.51857939,5,3731,3934,0,0,0,0,0,0,1.264010494,-350.3909694,1.26390567,6.561373191e-05,0,0,33,15,0.7911326725,0.7911326725,3.761013785
4006,0.90625,0.9375,500.7885295,500.7885295,5,3934,3912,1,0,0,0,0,1,1969.382855,0,0,0,0,0,214,101,0.0005077732842,0.000507773279,0.5202397722
4007,0.875,0.90625,376.3782231,376.3782231,5,3934,3718,1,0,0,0,0,1,41.75196016,0,0,0,0,0,229,116,0.02395097131,0.02395097131,2.20526726
4008,0.84375,0.9375,393.7406098,148.8368372,5,3934,3911,0,0,0,0,0,0,2.519433231,-249.1563102,2.519016814,6.561373191e-05,0,0,388,189,0.3969146663,0.3969146662,2.215497093
4009,0.921875,0.953125,535.798468,535.798468,6,3912,3956,0,0,0,0,0,0,1e+300,371.2354582,83.18865145,0,0,0,0,0,0,0,0
4010,0.890625,0.953125,480.4584147,64.8362786,6,3956,3934,0,0,0,0,0,0,4.173331683,-294.4639788,4.172698619,3.635362421e-05,0,0,11,5,0.2396167082,0.2396167082,1.904475757
4011,0.890625,0.984375,516.9969605,80.44792176,6,3956,3731,0,0,0,0,0,0,7.216557514,-291.1162386,7.214664761,3.635362421e-05,0,0,46,26,0.1385702252,0.1385702252,1.061463442
4012,0.921875,0.984375,390.0979088,247.2137249,6,3956,3933,0,0,0,0,0,0,20.28993187,-223.4856454,20.2749768,3.635362421e-05,0,0,37,22,0.04928552773,0.04928552772,6.239260149
4013,0.921875,0.96875,462.9481884,462.9481884,6,3963,3956,0,0,0,0,0,0,1e+300,0,1e+300,0,0,0,0,0,0,0,0
4014,0.984375,1,840.4081669,840.4081669,6,3662,3962,1,1,1,0,0,1,1722.758451,729.772816,1621.223595,3.635362421e-05,0,118.1363658,29,29,0.0005804644286,0.0005804644286,0.8543091493
4015,0.96875,0.984375,306.0934819,306.0934819,6,3962,3957,1,0,0,0,0,1,1e+300,0,0,0,0,0,0,0,0,0,0
4016,0.953125,1,535.1107515,535.1107515,6,3962,3933,1,1,1,0,0,1,32127.58733,-10.69654607,104.2039137,4.37549015e-06,0,204.6085977,8,8,3.11258978e-05,3.11258978e-05,1.239818527
4017,0.953125,0.921875,195.9579516,195.9579516,6,3912,3958,1,1,1,0,0,1,689.3448588,-356.6974115,672.4920742,3.635362421e-05,0,61.29363579,126,126,0.001450652728,0.001450652728,6.940826325
4018,0.984375,0.921875,168.3359423,168.3359423,6,3958,3947,1,1,1,0,0,1,696.6762014,-439.5155801,1254.477242,3.635362421e-05,0,49.73692347,133,133,0.001435387054,0.001435387054,5.006578016
4019,0.984375,0.890625,470.6366663,470.6366663,6,3958,3739,1,0,0,0,0,1,2640.00887,0,0,0,0,0,12,6,0.0003787866061,0.0003787866045,0.2358252544
4020,0.96875,0.875,408.4315131,408.4315131,5,3739,3945,1,0,0,0,0,1,503.328235,0,0,0,0,0,381,192,0.001986775091,0.001986775073,2.26508941
4021,0.9375,0.84375,379.5150558,32.65709367,5,3945,3913,0,0,0,0,0,0,2.690272882,-348.8827461,2.689798082,6.561373191e-05,0,0,631,318,0.3717095045,0.3717095045,8.504062285
4022,0.90625,0.875,376.2482523,55.23906844,5,3945,3718,0,0,0,0,0,0,2.127374818,-323.650056,2.12707791,6.561373191e-05,0,0,464,229,0.4700629111,0.470062911,3.031803263
4023,0.9375,0.90625,503.2976541,503.2976541,5,3945,3912,1,0,0,0,0,1,2472.946378,0,0,0,0,0,12,6,0.0004043759334,0.0004043759322,0.2865340807
4024,0.953125,0.890625,455.8645836,455.8645836,6,3958,3945,1,0,0,0,0,1,400.7216226,0,0,0,0,0,15,7,0.002495497981,0.002495497979,0.9104776423
4025,0.984375,0.90625,469.5950415,469.5950415,6,3960,3958,1,0,0,0,0,1,583.2732317,0,0,0,0,0,7,3,0.001714462358,0.001714462357,0.9031345299
4026,1,0.890625,468.2720813,468.2720813,6,3960,3739,0,0,0,0,0,0,1e+300,935.0836565,38.70879948,0,0,0,0,0,0,0,0
4027,1,0.921875,26.29317435,26.29317435,6,3947,3960,1,1,1,0,0,1,8583.827504,-441.0091284,3253.499189,0.0001190040323,0,264.9793422,20,20,0.0001164981472,0.0001164981472,0.4411993531
4028,0.046875,0.453125,-379.1308067,-379.1308067,6,3749,3974,1,0,0,0,0,1,6.160853042,0,0,0,0,0,37,18,0.1623151848,0.1623151848,1.413198535
4029,0.015625,0.453125,-935.3146293,-935.3146293,6,3974,3751,1,1,1,0,0,1,3027.219724,-133.741124,2727.101111,3.635362421e-05,0,112.6813503,21,21,0.000330336114,0.000330336114,1.212393478
4030,0.015625,0.484375,-556.4550289,-556.4550289,6,3974,3664,1,1,1,0,0,1,89510.06833,-337.7775017,118521.7191,4.37549015e-06,0,182.9768969,5,5,1.117192757e-05,1.117192757e-05,0.3690579329
4031,0.09375,0.59375,-210.7288178,-210.7288178,5,3692,3756,1,0,0,0,0,1,0.9129219918,0,0,0,0,0,1306,656,1.095383843,1.095383843,4.466962446
4032,0.09375,0.53125,-220.7484053,-220.7484053,5,3756,3701,1,0,0,0,0,1,1.909536213,0,0,0,0,0,937,470,0.5236873713,0.5236873712,2.182760569
4033,0.03125,0.53125,-442.9030281,-442.9030281,5,3756,3664,1,1,1,0,0,1,6.117199672,-37.5667657,6.331738191,6.561373191e-05,0,55.44261262,396,396,0.1634734934,0.1634734934,1.816944357
4034,0.03125,0.59375,-316.8601466,-316.8601466,5,3756,3697,1,0,0,0,0,1,25.28442727,0,0,0,0,0,339,162,0.03955003565,0.03955003562,0.3144960496
4035,0.03125,0.5,-409.9245918,-409.9245918,5,3664,3775,1,0,0,0,0,1,165.3956922,0,0,0,0,0,114,57,0.006046106685,0.006046106676,0.199979814
4036,0.0625,0.53125,-312.8316017,-312.8316017,5,3775,3756,1,0,0,0,0,1,5.476716927,0,0,0,0,0,294,147,0.1825911423,0.1825911423,1.55975353
4037,0.09375,0.5,-223.5915328,-134.9826847,5,3775,3701,0,0,0,0,0,0,24.29201662,90.80153077,24.25335944,6.561373191e-05,0,0,169,90,0.04116578774,0.04116578773,0.3295829639
4038,0.0625,0.46875,-1200,-1200,5,3775,3749,1,1,1,0,0,1,20993.24264,-378.036311,7096.430242,1.353118096e-05,0,124.4286908,11,11,4.763437536e-05,4.763437536e-05,0.001660253029
4039,0.046875,0.484375,-368.965598,-368.965598,6,3974,3775,1,0,0,0,0,1,1575.391976,0,0,0,0,0,15,8,0.0006347626594,0.0006347626592,1.722803123
4040,0,0.484375,-695.8966547,-738.2515686,6,3664,3976,0,0,0,0,0,0,70826.78875,-62.80725242,19812.73958,3.635362421e-05,0,0,7,3,1.411895157e-05,1.411895107e-05,0.7671119307
4041,0.015625,0.46875,-638.2942325,-638.2942325,6,3976,3974,1,1,1,0,0,1,2186218.444,-41.10838347,197415.4145,4.37549015e-06,0,174.6824806,3,3,4.574108331e-07,4.574108331e-07,0.155501076
4042,0,0.453125,-1015.029614,-1037.507406,6,3976,3751,0,0,0,0,0,0,10032.89949,-15.37149937,7351.551509,3.635362421e-05,0,0,13,8,9.967208393e-05,9.967208351e-05,0.3863580519
4043,0.96875,0.625,255.5404632,264.1057209,5,3738,3942,0,0,0,0,0,0,61.47635208,-2.802929418,61.2293716,6.561373191e-05,0,0,65,32,0.01626641735,0.01626641734,5.8476121
4044,0.9375,0.59375,145.7577286,145.7577286,5,3942,3907,1,1,1,0,0,1,4923.638832,-131.7653995,3721.407236,6.561373191e-05,0,70.46865199,27,27,0.0002031018184,0.0002031018184,1.426184722
4045,0.90625,0.625,239.283966,63.97986799,5,3942,3719,0,0,0,0,0,0,1.24682351,-177.4348172,1.246721517,6.561373191e-05,0,0,983,493,0.802038133,0.8020381327,101.4666997
4046,0.90625,0.65625,266.9940974,230.3470065,5,3719,3906,0,0,0,0,0,0,0.9347583118,-34.83394591,0.9347009838,6.561373191e-05,0,0,1758,876,1.069795248,1.069795248,120.4759626
4047,0.90625,0.71875,316.1276323,62.77222702,5,3906,3737,0,0,0,0,0,0,0.4412105488,-252.9072887,0.4411977763,6.561373191e-05,0,0,2602,1303,2.266491594,2.266491593,130.4869256
4048,0.96875,0.71875,338.6708574,594.7384123,5,3906,3683,0,0,0,0,0,0,2.592023093,256.5309603,2.591582336,6.561373191e-05,0,0,1894,961,0.385799032,0.3857990319,39.02434577
4049,0.96875,0.65625,283.2505946,137.2820843,5,3906,3738,0,0,0,0,0,0,39.60310137,-153.3928332,39.50045914,6.561373191e-05,0,0,167,87,0.0252505477,0.02525054768,11.36900374
4050,0.9375,0.65625,275.122346,103.808255,5,3942,3906,0,0,0,0,0,0,1.197462872,-174.11968,1.197368795,6.561373191e-05,0,0,1003,507,0.8350989605,0.8350989602,113.9347185
4051,0.953125,0.578125,274.1178599,77.38777884,6,3907,3980,0,0,0,0,0,0,590.8459163,-160.837298,578.4217693,3.635362421e-05,0,0,16,7,0.001692488638,0.001692488635,2.794304247
4052,0.953125,0.609375,259.0235125,45.63898485,6,3980,3942,0,0,0,0,0,0,1341.183074,-169.0652999,1278.83127,3.635362421e-05,0,0,8,4,0.0007456103638,0.0007456103633,0.6501947738
4053,0.984375,0.609375,267.1517611,182.6077111,6,3980,3738,0,0,0,0,0,0,523.7937852,-44.84355621,514.006181,3.635362421e-05,0,0,7,4,0.001909148272,0.00190914827,1.714963741
4054,0.984375,0.578125,266.0663723,320.1881536,6,3980,3943,0,0,0,0,0,0,406.0733275,71.67239414,400.1659824,3.635362421e-05,0,0,9,6,0.002462609416,0.002462609415,2.674900851
4055,0.03125,0.25,-705.9347996,-705.9347996,5,3674,3771,0,0,0,0,0,0,1e+300,14.34553647,24.64001721,0,0,0,0,0,0,0,0
4056,0.0625,0.28125,-532.940509,-320.7081559,5,3771,3748,0,0,0,0,0,0,106.6662274,215.948801,105.9248836,6.561373191e-05,0,0,3,2,0.009375038606,0.009375038606,0.3379535402
4057,0.09375,0.25,-383.2002372,-644.3396534,5,3771,3689,0,0,0,0,0,0,67.78206262,-259.1826937,67.48194114,6.561373191e-05,0,0,2,1,0.01475316568,0.01475316568,0.5465686436
4058,0.09375,0.15625,-420.3707298,-466.4260375,5,3684,3741,0,0,0,0,0,0,1034.208936,-44.33451074,968.4889169,6.561373191e-05,0,0,5,2,0.0009669226064,0.0009669226051,1.156135929
4059,0.03125,0.15625,-628.8942672,-498.2261859,5,3741,3690,0,0,0,0,0,0,4208.933899,115.3486702,3298.114003,6.561373191e-05,0,0,1,1,0.0002375898562,0.0002375898562,0.2693615449
4060,0.03125,0.21875,-718.3249638,-718.3249638,5,3741,3674,0,0,0,0,0,0,1e+300,8.523153042e-06,119522.7044,0,0,0,0,0,0,0,0
4061,0.09375,0.21875,-395.5904014,-413.2681568,5,3741,3689,0,0,0,0,0,0,2114.534292,-15.79967477,1856.902959,6.561373191e-05,0,0,5,1,0.0004729173718,0.0004729173699,0.796348224
4062,0.0625,0.21875,-556.9576826,-560.8340603,5,3771,3741,0,0,0,0,0,0,1.452530331e+12,-4.665865845e-07,15240.71197,6.561373191e-05,0,0,1,0,6.884537822e-13,0,0.6884537822
4063,0.046875,0.296875,-607.8106448,-360.4759962,6,3748,3950,0,0,0,0,0,0,18.03149318,251.9309593,18.01968109,3.635362421e-05,0,0,11,3,0.05545852416,0.05545852416,1.22733668
4064,0.046875,0.265625,-619.4376543,-922.2135391,6,3950,3771,0,0,0,0,0,0,57.09865754,-297.941003,56.9803809,3.635362421e-05,0,0,2,1,0.01751354661,0.01751354661,0.3265541731
4065,0.015625,0.265625,-780.8049355,-780.8049355,6,3950,3674,0,0,0,0,0,0,1e+300,226.7213534,58.08386114,0,0,0,1,0,0,0,0
4066,0.015625,0.296875,-947.1538951,-167.9197855,6,3950,3753,0,0,0,0,0,0,98.00727795,782.0914818,97.65932561,3.635362421e-05,0,0,28,14,0.01020332389,0.01020332388,0.3664331246
4067,0,0.296875,-1116.82552,-150.8173987,6,3753,3954,0,0,0,0,0,0,76.95327203,969.5810454,76.73859349,3.635362421e-05,0,0,19,12,0.01299489903,0.01299489903,4.243468825
4068,0.015625,0.28125,-863.9794153,-1143.523093,6,3954,3950,0,0,0,0,0,0,76.62424682,-273.1133819,76.41139759,3.635362421e-05,0,0,20,12,0.01305069924,0.01305069924,5.147648461
4069,0,0.265625,-950.4765606,-958.025285,6,3954,3674,0,0,0,0,0,0,6.159455855e+12,5.676938486e-06,27507.57365,3.635362421e-05,0,0,1,0,1.623520037e-13,0,0.1623520037
4070,0.890625,0.890625,407.3813231,87.7864514,6,3718,3955,0,0,0,0,0,0,38.80692418,-329.6312285,38.75225357,3.635362421e-05,0,0,19,7,0.02576859726,0.02576859725,0.7516811595
4071,0.890625,0.921875,330.6245756,330.6245756,6,3955,3934,1,1,1,0,0,1,351.126145,-97.06134709,346.70061,3.635362421e-05,0,88.5842828,136,136,0.002847979321,0.002847979321,6.721224834
4072,0.921875,0.921875,448.1613437,448.1613437,6,3955,3912,1,1,1,0,0,1,19933.82209,-65.37299222,11558.07175,3.635362421e-05,0,105.8399041,18,18,5.016599403e-05,5.016599403e-05,1.43152587
4073,0.921875,0.890625,422.1875518,44.85818144,6,3955,3945,0,0,0,0,0,0,16.23873165,-387.3307828,16.22915098,3.635362421e-05,0,0,11,5,0.06158116421,0.06158116421,0.8705469089
4074,0.15625,0.59375,-3.017339919,-3.017339919,5,3692,3755,1,1,1,0,0,1,960.2852062,158.4556723,934.8989269,4.15372708e-05,0,79.6676971,36,36,0.00104135729,0.00104135729,0.08265048582
4075,0.21875,0.59375,-5.293348361,-67.70136342,5,3755,3702,0,0,0,0,0,0,750.2169995,-70.06338773,715.0204489,6.561373191e-05,0,0,70,34,0.001332947668,0.001332947665,1.962493612
4076,0.21875,0.53125,-7.381199168,-7.381199168,5,3755,3673,1,0,0,0,0,1,76.86724675,0,0,0,0,0,345,167,0.01300944215,0.01300944213,17.80329995
4077,0.15625,0.53125,-125.5650619,-125.5650619,5,3755,3701,1,1,1,0,0,1,657.4402983,-53.30546272,1730.510966,6.561373191e-05,0,34.95850068,134,134,0.001521050661,0.001521050661,1.00954904
4078,0.21875,0.625,-0.2904666541,-99.01878443,5,3702,3803,0,0,0,0,0,0,1448.119753,-26.65677741,1322.463816,6.561373191e-05,0,0,5,3,0.0006905506244,0.0006905506242,0.8097938221
4079,0.1875,0.59375,-53.54040325,-133.3074818,5,3803,3755,0,0,0,0,0,0,1357.564114,-15.82166892,1246.529673,6.561373191e-05,0,0,3,2,0.0007366134604,0.0007366134604,1.667034719
4080,0.15625,0.625,-96.78457643,-152.8849856,5,3803,3692,0,0,0,0,0,0,8.632068548e+11,2.396102815e-06,15240.71186,6.561373191e-05,0,0,3,0,1.158470875e-12,0,1.158470875
4081,0.21875,0.71875,-164.8211747,-148.8748193,5,3669,3754,0,0,0,0,0,0,2.265685808e+12,-1.061391771e-06,15240.71203,6.561373191e-05,0,0,1,0,4.413674642e-13,0,0.4413674642
4082,0.21875,0.65625,-55.13403599,-110.7492119,5,3754,3702,0,0,0,0,0,0,1787.59758,-65.94049889,1599.939194,6.561373191e-05,0,0,3,1,0.0005594100213,0.0005594100206,0.5996539457
4083,0.15625,0.65625,-151.6281458,-158.9999243,5,3754,3692,0,0,0,0,0,0,558.7145157,-33.66823029,538.9567158,6.561373191e-05,0,0,17,9,0.001789822838,0.001789822837,0.7698058158
4084,0.15625,0.71875,-144.4628786,-107.9033519,5,3754,3696,0,0,0,0,0,0,1.036489059e+13,3.292770572e-07,15240.71211,6.561373191e-05,0,0,4,0,9.647955193e-14,0,0.09647955193
4085,0.1875,0.65625,-103.3810909,-202.8088362,5,3803,3754,0,0,0,0,0,0,2167.108635,-38.15228606,1897.324157,6.561373191e-05,0,0,4,1,0.0004614443336,0.0004614443326,0.4946406127
4086,0.984375,0.9375,732.9115574,732.9115574,6,3947,3959,1,0,0,0,0,1,1973.759824,0,0,0,0,0,157,77,0.0005066472567,0.0005066472492,2.319600096
4087,0.96875,0.921875,353.2072384,353.2072384,6,3959,3958,1,1,1,0,0,1,4120.903283,-191.2623472,3583.986941,3.635362421e-05,0,138.4194382,73,73,0.0002426652438,0.0002426652438,2.112230929
4088,0.953125,0.9375,561.1204671,240.9865307,6,3959,3912,0,0,0,0,0,0,9.628244298,-381.4554954,9.624875384,3.635362421e-05,0,0,159,79,0.1038610954,0.1038610954,1.16820295
4089,0.96875,0.953125,427.1388461,-162.6477818,6,3959,3957,0,0,0,0,0,0,63.01971306,-631.8566041,62.87566523,3.635362421e-05,0,0,7,3,0.01586805067,0.01586805067,0.1501996222
4090,0.9453125,0.9296875,522.7236973,516.4054542,7,3912,4017,0,0,0,0,0,0,19.04250334,111.9593989,19.02176943,5.724087423e-05,0,0,180,91,0.05251410397,0.05251410395,5.515738386
4091,0.9609375,0.9296875,547.9176804,83.57187432,7,4017,3959,0,0,0,0,0,0,8.424388353,-330.3833917,8.420327908,5.724087423e-05,0,0,232,113,0.1187029797,0.1187029797,10.05647647
4092,0.9609375,0.9140625,357.0138442,357.0138442,7,4017,3958,1,0,0,0,0,1,1e+300,0,0,0,0,0,0,0,0,0,0
4093,0.9375,0.890625,431.8925565,30.08132883,6,3945,4023,0,0,0,0,0,0,9.732487064,-418.3971815,9.729044819,3.635362421e-05,0,0,8,4,0.1027486596,0.1027486596,1.444889609
4094,0.921875,0.90625,423.4868011,228.4068871,6,4023,3955,0,0,0,0,0,0,14.60413487,-258.6001787,14.59638546,3.635362421e-05,0,0,4,3,0.06847375819,0.06847375819,0.9220881507
4095,0.9375,0.921875,349.763551,349.763551,6,4023,3912,1,1,1,0,0,1,77334.17023,-75.90099092,20290.34697,3.635362421e-05,0,273.2345339,21,21,1.293089455e-05,1.293089455e-05,0.6534576346
4096,0.953125,0.90625,510.6836955,510.6836955,6,4023,3958,1,0,0,0,0,1,2816.066515,0,0,0,0,0,9,5,0.0003551052487,0.0003551052483,0.2543679066
4097,0.9453125,0.9140625,349.6278028,349.6278028,7,4017,4023,1,0,0,0,0,1,1e+300,0,0,0,0,0,0,0,0,0,0
4098,0.9765625,0.9140625,343.2028396,343.2028396,7,3958,4018,1,0,0,0,0,1,1e+300,0,0,0,0,0,0,0,0,0,0
4099,0.9765625,0.9296875,573.1116636,456.4653522,7,4018,3959,0,0,0,0,0,0,931.303213,56.32100255,884.1693727,5.724087423e-05,0,0,145,76,0.001073764147,0.001073764129,11.70738139
4100,0.9921875,0.9296875,501.1036123,501.1036123,7,4018,3947,1,0,0,0,0,1,669.8453821,0,0,0,0,0,118,58,0.00149288183,0.001492881806,7.742662916
4101,0.9921875,0.9140625,294.7281442,294.7281442,7,4018,3960,1,0,0,0,0,1,2905.324346,0,0,0,0,0,3,2,0.0003441956494,0.0003441956489,0.1760024871
4102,0.9765625,0.9765625,200.9724315,200.9724315,7,3957,4000,0,0,0,0,0,0,1e+300,0,1e+300,0,0,0,0,0,0,0,0
4103,0.9765625,0.9921875,229.4764972,229.4764972,7,4000,3962,1,0,0,0,0,1,1e+300,0,0,0,0,0,38,17,0,0,0
4104,0.9921875,0.9921875,66.9908105,-105.8522117,7,4000,3662,0,0,0,0,0,0,213.7641415,-182.4688136,211.1801316,5.724087423e-05,0,0,38,21,0.004678053077,0.004678053077,0.4177893929
4105,0.984375,0.96875,293.1572251,499.4283692,6,3961,3957,0,0,0,0,0,0,2017.974727,137.7284549,1880.052751,3.635362421e-05,0,0,4,3,0.0004955463449,0.0004955463449,0.1969767527
4106,1,0.953125,477.5268123,628.0297306,6,3961,3947,0,0,0,0,0,0,24111268.87,2.629599091,27476.22726,3.635362421e-05,0,0,2,1,4.147438302e-08,4.147438229e-08,0.002868514761
4107,1,0.984375,159.1756041,88.25035051,6,3662,3961,0,0,0,0,0,0,114.2628246,-120.21636,113.7901554,3.635362421e-05,0,0,1,1,0.008751752842,0.008751752842,0.781604964
4108,0.9921875,0.9765625,226.1664146,142.5053941,7,4000,3961,0,0,0,0,0,0,291.3716059,-142.5779183,286.5917244,5.724087423e-05,0,0,1,1,0.00343204341,0.00343204341,0.3065102745
4109,0.9921875,1,33.72278026,2.109924697,7,3662,4014,0,0,0,0,0,0,20.2539963,-418.0880563,20.23054189,5.724087423e-05,0,0,37,20,0.04937297239,0.04937297238,4.564265096
4110,0.984375,0.9921875,100.7135908,1346.529205,7,4014,4000,0,0,0,0,0,0,28.02671688,849.7146216,27.98182637,5.724087423e-05,0,0,37,20,0.03568024054,0.03568024054,2.937058177
4111,0.9765625,1,640.0847144,640.0847144,7,4014,3962,1,1,1,0,0,1,10988.14375,75.86174593,6745.450619,5.724087423e-05,0,131.8477801,17,17,9.100718217e-05,9.100718217e-05,1.064673375
4112,0.890625,0.9375,472.8651664,85.22810446,6,3934,4006,0,0,0,0,0,0,18.77153352,-359.4893338,18.75873231,3.635362421e-05,0,0,187,88,0.0532721527,0.05327215269,0.6737541049
4113,0.90625,0.953125,326.0269609,90.73722381,6,4006,3956,0,0,0,0,0,0,13.34845126,-324.634826,13.34197687,3.635362421e-05,0,0,2,1,0.07491505797,0.07491505797,0.9381044214
4114,0.921875,0.9375,514.9060448,-683.6601747,6,4006,3912,0,0,0,0,0,0,1518.227626,-1240.521198,1438.815,3.635362421e-05,0,0,18,7,0.0006586627609,0.0006586627597,0.4701109782
4115,0.90625,0.921875,411.3581807,411.3581807,6,4006,3955,1,1,1,0,0,1,56165.98316,-148.214483,34115.1603,4.37549015e-06,0,53.20952872,6,6,1.780437097e-05,1.780437097e-05,0.2616631813
4116,0.9140625,0.9140625,419.2839234,419.2839234,7,3955,4072,0,0,0,0,0,0,1e+300,176.7150691,496.3766215,0,0,0,0,0,0,0,0
4117,0.9140625,0.9296875,476.0251913,336.5694858,7,4072,4006,0,0,0,0,0,0,186.4783162,-137.9052798,184.5088353,5.724087423e-05,0,0,22,10,0.005362553784,0.005362553781,1.171915983
4118,0.9296875,0.9296875,497.0456305,302.5073262,7,4072,3912,0,0,0,0,0,0,148.6592105,-228.0392318,147.4048858,5.724087423e-05,0,0,37,15,0.006726794773,0.006726794764,2.014094521
4119,0.9296875,0.9140625,462.3676546,462.3676546,7,4072,4023,0,0,0,0,0,0,1e+300,15.88957843,134.4445653,0,0,0,0,0,0,0,0
4120,0.9609375,0.9765625,268.417992,268.417992,7,3957,3999,0,0,0,0,0,0,1e+300,0,1e+300,0,0,0,0,0,0,0,0
4121,0.9453125,0.9765625,577.3496501,577.3496501,7,3999,3963,0,0,0,0,0,0,1e+300,0,1e+300,0,0,0,0,0,0,0,0
4122,0.9453125,0.9921875,269.3274921,269.3274921,7,3999,3933,0,0,0,0,0,0,1e+300,-43.21846422,28.63211593,0,0,0,9,3,0,0,0
4123,0.9609375,0.9921875,382.3360097,382.3360097,7,3999,3962,1,0,0,0,0,1,1e+300,0,0,0,0,0,25,15,0,0,0
4124,0.9609375,1,569.0009485,569.0009485,7,3962,4016,1,1,1,0,0,1,6205.654428,156.0700582,4579.085054,5.724087423e-05,0,191.6665723,15,15,0.0001611433591,0.0001611433591,0.5965010456
4125,0.953125,0.9921875,235.6047118,1298.828175,7,4016,3999,0,0,0,0,0,0,2230.162182,801.7940235,1977.696501,5.724087423e-05,0,0,9,3,0.0004483978825,0.0004483978817,0.7822218631
4126,0.9453125,1,236.0594618,2.241856988,7,4016,3933,0,0,0,0,0,0,1276.433546,-571.0366606,1189.522098,5.724087423e-05,0,0,9,3,0.0007834328731,0.0007834328722,1.350368654
4127,0.140625,0.609375,-123.41859,-179.4445305,6,3692,4074,0,0,0,0,0,0,18.26562722,-121.0528316,18.2535065,3.635362421e-05,0,0,64,35,0.0547476409,0.05474764089,1.875389374
4128,0.171875,0.609375,-260.4936581,-97.71655441,6,4074,3803,0,0,0,0,0,0,2.23238938e+12,7.117450025e-07,27507.57344,3.635362421e-05,0,0,1,0,4.479505273e-13,0,0.4479505273
4129,0.171875,0.578125,-80.17589582,-80.17589582,6,4074,3755,0,0,0,0,0,0,1e+300,236.1136868,34363.64081,0,0,0,0,0,0,0,0
4130,0.125,0.53125,-128.6652089,-128.6652089,5,3701,3776,1,0,0,0,0,1,3.697632419,0,0,0,0,0,843,419,0.2704433234,0.2704433233,1.368208795
4131,0.09375,0.5625,-158.0239498,-158.0239498,5,3776,3756,1,1,1,0,0,1,33.32813329,57.66808172,33.25541089,6.561373191e-05,0,57.80738551,171,171,0.03000468077,0.03000468077,13.84416172
4132,0.125,0.59375,-138.615906,-87.77131031,5,3776,3692,0,0,0,0,0,0,5.956210559,30.81865033,5.953883727,6.561373191e-05,0,0,551,281,0.1678919827,0.1678919826,0.9397801147
4133,0.15625,0.5625,-100.5396101,-100.5396101,5,3776,3755,1,1,1,0,0,1,18387.92687,-92.71019589,14747.05191,1.353118096e-05,0,32.73842614,1,1,5.438350974e-05,5.438350974e-05,0.07128232804
4134,0.140625,0.578125,-116.9945589,-209.6354887,6,4074,3776,0,0,0,0,0,0,58.99279433,-146.2139609,58.86654902,3.635362421e-05,0,0,66,36,0.0169512228,0.01695122279,1.3176344
4135,0.9921875,0.921875,97.31455832,97.31455832,7,4027,4018,1,0,0,0,0,1,1e+300,0,0,0,0,0,0,0,0,0,0
4136,1,0.9140625,458.2015014,251.8227302,7,4027,3960,0,0,0,0,0,0,61009.99355,28.11609015,13581.11967,5.724087423e-05,0,0,2,1,1.639075735e-05,1.639075733e-05,0.234543154
4137,1,0.9296875,577.2021114,356.7744343,7,3947,4027,0,0,0,0,0,0,1567.373818,-73.30254541,1438.329951,5.724087423e-05,0,0,38,19,0.0006380098918,0.0006380098877,1.793967122
4138,0.046875,0.328125,-595.2659653,-595.2659653,6,3748,3951,0,0,0,0,0,0,1e+300,322.2231132,36.748361,0,0,0,0,0,0,0,0
4139,0.015625,0.328125,-934.6272585,-934.6272585,6,3951,3753,0,0,0,0,0,0,1e+300,0,1e+300,0,0,0,0,0,0,0,0
4140,0.015625,0.359375,-743.2430686,-667.4958641,6,3951,3688,0,0,0,0,0,0,29.32637722,183.9261897,29.29514508,3.635362421e-05,0,0,6,2,0.03409899534,0.03409899533,0.8295631729
4141,0.03125,0.375,-656.7549787,-301.2462379,5,3688,3752,0,0,0,0,0,0,49.65306847,350.7025507,49.4918279,6.561373191e-05,0,0,14,5,0.02013974223,0.02013974223,0.5008655487
4142,0.0625,0.40625,-426.0518943,-381.6323597,5,3752,3749,0,0,0,0,0,0,6.773064198,33.84564151,6.770055544,6.561373191e-05,0,0,11,6,0.1476436618,0.1476436618,0.59165041
4143,0.09375,0.375,-335.8016956,-492.0598911,5,3752,3685,0,0,0,0,0,0,23.60756976,-158.5242553,23.57105864,6.561373191e-05,0,0,26,15,0.04235929451,0.04235929451,0.2055598433
4144,0.0625,0.34375,-436.8717729,-436.8717729,5,3752,3748,1,1,1,0,0,1,2539.331842,52.59384388,2389.453819,1.353118096e-05,0,159.43669,1,1,0.0003938043793,0.0003938043793,0.08069030782
4145,0.046875,0.359375,-582.7664271,-365.0069655,6,3951,3752,0,0,0,0,0,0,27.95188492,327.208512,27.92351038,3.635362421e-05,0,0,8,3,0.03577576263,0.03577576263,0.912170941
4146,0.96875,0.9296875,560.203671,523.0464879,7,3959,4087,0,0,0,0,0,0,531.3654803,30.46721334,515.6806288,5.724087423e-05,0,0,146,73,0.001881943854,0.001881943809,12.2789193
4147,0.9765625,0.921875,355.9603561,301.8809586,7,4087,4018,0,0,0,0,0,0,2358.363707,41.10857133,2077.863005,5.724087423e-05,0,0,70,38,0.0004240228075,0.0004240228009,4.038540537
4148,0.96875,0.9140625,529.7923422,529.7923422,7,4087,3958,0,0,0,0,0,0,1e+300,0,1e+300,0,0,0,0,0,0,0,0
4149,0.9609375,0.921875,386.5355427,258.1537063,7,4087,4017,0,0,0,0,0,0,708.3556045,-16.42959734,680.7531775,5.724087423e-05,0,0,76,35,0.001411720319,0.001411720302,5.722116992
4150,0.95703125,0.91796875,299.7014785,299.7014785,8,4017,4092,0,0,0,0,0,0,1e+300,0,1e+300,0,0,0,0,0,0,0,0
4151,0.96484375,0.91796875,458.1639425,458.1639425,8,4092,4087,0,0,0,0,0,0,1e+300,0,1e+300,0,0,0,0,0,0,0,0
4152,0.96484375,0.91015625,442.9582781,442.9582781,8,4092,3958,0,0,0,0,0,0,1e+300,0,1e+300,0,0,0,0,0,0,0,0
4153,0.9453125,0.90625,503.0093294,499.6768241,7,4023,4096,0,0,0,0,0,0,33493.23105,-7.312609039,11481.36559,5.724087423e-05,0,0,4,2,2.985677907e-05,2.985677863e-05,0.2094968765
4154,0.953125,0.9140625,367.4707621,367.4707621,7,4096,4017,0,0,0,0,0,0,1e+300,0,1e+300,0,0,0,0,0,0,0,0
4155,0.9609375,0.90625,510.7275617,445.3084605,7,4096,3958,0,0,0,0,0,0,278.4352707,-69.06661471,274.0672207,5.724087423e-05,0,0,5,3,0.003591499013,0.003591499013,1.325968494
4156,0.953125,0.828125,383.2249472,396.0887597,6,3913,3966,0,0,0,0,0,0,38.96934466,13.22356221,38.91421579,3.635362421e-05,0,0,194,100,0.02566119622,0.02566119619,3.934678299
4157,0.953125,0.859375,396.131821,396.8752933,6,3966,3945,0,0,0,0,0,0,42.40404436,1.88952685,42.33877741,3.635362421e-05,0,0,389,196,0.02358265621,0.02358265612,5.573525556
4158,0.984375,0.859375,409.7574375,409.7574375,6,3966,3739,1,0,0,0,0,1,281.8235131,0,0,0,0,0,229,119,0.003548319972,0.003548319942,16.51440071
4159,0.984375,0.828125,395.8410404,412.756395,6,3966,3946,0,0,0,0,0,0,305.2377786,16.86029494,301.8878799,3.635362421e-05,0,0,27,13,0.003276134444,0.003276134439,0.7948037442
4160,0.984375,0.875,432.1488681,432.1488681,6,3739,4020,1,1,1,0,0,1,1134559.683,254.4041532,449585.5969,1.680948853e-06,0,74.00990386,10,10,8.813992024e-07,8.813992024e-07,0.03863337503
4161,0.96875,0.859375,403.8500533,416.4284656,6,4020,3966,0,0,0,0,0,0,111.7783155,14.05705706,111.3259373,3.635362421e-05,0,0,357,178,0.008946279033,0.008946278936,25.80562529
4162,0.953125,0.875,402.5852579,426.8191587,6,4020,3945,0,0,0,0,0,0,235.378897,25.77310785,233.3818773,3.635362421e-05,0,0,215,105,0.004248469224,0.004248469183,9.644158162
4163,0.96875,0.890625,462.445084,458.4210413,6,4020,3958,0,0,0,0,0,0,600.7057986,-4.828753378,587.8680347,3.635362421e-05,0,0,6,4,0.001664708419,0.001664708418,0.4232950409
4164,0.9609375,0.8984375,484.6567648,436.9082546,7,3958,4024,0,0,0,0,0,0,322.9596387,-50.05776984,317.0976162,5.724087423e-05,0,0,7,4,0.003096362146,0.003096362145,1.06375738
4165,0.9609375,0.8828125,432.5151709,457.2291302,7,4024,4020,0,0,0,0,0,0,5908.058815,25.08120743,4414.987514,5.724087423e-05,0,0,2,1,0.0001692603326,0.0001692603325,0.03515498058
4166,0.9453125,0.8828125,424.7969386,605.3374156,7,4024,3945,0,0,0,0,0,0,3390.413269,180.575135,2839.375117,5.724087423e-05,0,0,4,1,0.000294949294,0.0002949492927,0.1424756845
4167,0.9453125,0.8984375,476.9385324,365.5081596,7,4024,4023,0,0,0,0,0,0,1028.251609,-114.0722227,971.0948856,5.724087423e-05,0,0,8,3,0.0009725246151,0.0009725246142,0.5133490843
4168,0.953125,0.8984375,480.7976486,397.2532391,7,4096,4024,0,0,0,0,0,0,261.9958504,-86.01996425,258.1247862,5.724087423e-05,0,0,9,5,0.003816854345,0.003816854342,1.455684123
4169,0.95703125,0.91015625,439.0991619,439.0991619,8,4092,4096,0,0,0,0,0,0,1e+300,0,1e+300,0,0,0,0,0,0,0,0
4170,0.90625,0.9296875,481.9758595,443.4002442,7,4006,4115,0,0,0,0,0,0,8985.247115,-12.67210476,5933.506089,5.724087423e-05,0,0,9,6,0.0001112935445,0.0001112935429,2.180402399
4171,0.9140625,0.921875,430.2838179,481.9846816,7,4115,4072,0,0,0,0,0,0,18761.00999,52.22679758,9046.260971,5.724087423e-05,0,0,4,3,5.33020344e-05,5.330203428e-05,1.574371174
4172,0.90625,0.9140625,452.4632529,452.4632529,7,4115,3955,0,0,0,0,0,0,1e+300,0,1e+300,0,0,0,0,0,0,0,0
4173,0.875,0.921875,383.5217175,397.5130372,6,3934,4007,0,0,0,0,0,0,535.3032072,14.99934274,525.0849431,3.635362421e-05,0,0,203,104,0.001868100147,0.00186810013,1.177127722
4174,0.890625,0.90625,407.35973,462.6483021,6,4007,3955,0,0,0,0,0,0,145.8698352,39.09867072,145.1003828,3.635362421e-05,0,0,12,5,0.006855426956,0.006855426953,0.8275377764
4175,0.875,0.890625,370.5033034,354.0800099,6,4007,3718,0,0,0,0,0,0,33.60940333,-16.16978168,33.56838868,3.635362421e-05,0,0,26,12,0.0297535779,0.02975357789,1.830764075
4176,0.78125,0.875,318.0910566,327.4626001,5,3732,3915,0,0,0,0,0,0,138.6354294,10.01530041,137.3857157,6.561373191e-05,0,0,85,41,0.007213163361,0.007213163353,1.400523131
4177,0.8125,0.90625,369.7203641,471.0801571,5,3915,3911,0,0,0,0,0,0,6716.514024,100.9077595,4661.994008,6.561373191e-05,0,0,14,5,0.0001488867583,0.0001488867576,0.09425666961
4178,0.84375,0.875,348.6930831,353.3754837,5,3915,3718,0,0,0,0,0,0,27.4426973,4.814490426,27.3933723,6.561373191e-05,0,0,437,225,0.03643956675,0.03643956667,3.996771387
4179,0.78125,0.78125,303.0426524,298.1798175,5,3670,3910,0,0,0,0,0,0,4.511890017,-5.288977197,4.510554704,6.561373191e-05,0,0,1424,717,0.2216366082,0.2216366081,7.563301453
4180,0.78125,0.84375,313.0749219,286.9561827,5,3910,3732,0,0,0,0,0,0,279.750299,-25.83161531,274.7079087,6.561373191e-05,0,0,152,79,0.003574616375,0.003574616361,1.448274932
4181,0.84375,0.84375,343.6769484,340.6594053,5,3910,3718,0,0,0,0,0,0,20.76444934,-3.242086368,20.73619766,6.561373191e-05,0,0,878,433,0.04815923522,0.04815923512,4.395091606
4182,0.84375,0.78125,326.6478578,325.7455637,5,3910,3737,0,0,0,0,0,0,4.272368333,-0.929422468,4.271171012,6.561373191e-05,0,0,1806,896,0.2340622161,0.2340622159,10.11553905
4183,0.8125,0.84375,328.3759351,320.1059733,5,3915,3910,0,0,0,0,0,0,46.5016652,-8.238671563,46.36021334,6.561373191e-05,0,0,504,255,0.02150460625,0.02150460617,5.120759122
4184,0.859375,0.890625,374.5077368,371.397656,6,3718,3986,0,0,0,0,0,0,149.3203369,-3.525886273,148.5141523,3.635362421e-05,0,0,27,17,0.006697011409,0.006697011408,0.5829982895
4185,0.828125,0.890625,359.2067236,393.644625,6,3986,3915,0,0,0,0,0,0,170.0733064,34.27792949,169.0282418,3.635362421e-05,0,0,22,14,0.005879817481,0.005879817477,1.498909304
4186,0.828125,0.921875,395.5350178,382.1069319,6,3986,3911,0,0,0,0,0,0,96.30913449,-14.42801478,95.97311476,3.635362421e-05,0,0,373,182,0.0103832311,0.01038323099,29.64675358
4187,0.859375,0.921875,387.5261509,378.3154276,6,3986,3934,0,0,0,0,0,0,87.80535281,-8.87201755,87.52596618,3.635362421e-05,0,0,482,236,0.01138882731,0.0113888272,31.01219972
4188,0.859375,0.90625,381.0169439,392.1989922,6,4007,3986,0,0,0,0,0,0,33.357306,11.14349851,33.31690396,3.635362421e-05,0,0,132,65,0.0299784401,0.02997844006,2.406255837
4189,0.8984375,0.9140625,425.7879434,425.7879434,7,3955,4071,0,0,0,0,0,0,1e+300,-183.3614398,14796.63809,0,0,0,0,0,0,0,0
4190,0.8828125,0.9140625,395.4407238,345.8361943,7,4071,4007,0,0,0,0,0,0,1781.404196,-7.664488474,1616.564513,5.724087423e-05,0,0,85,46,0.0005613549144,0.0005613549063,2.357658547
4191,0.8828125,0.9296875,401.9499309,343.0724037,7,4071,3934,0,0,0,0,0,0,233.413714,-16.56023058,230.3362365,5.724087423e-05,0,0,270,133,0.004284238414,0.00428423835,19.81205267
4192,0.8984375,0.9296875,455.3005499,374.8079561,7,4071,4006,0,0,0,0,0,0,1305.55021,-40.89647054,1214.769472,5.724087423e-05,0,0,190,90,0.0007659605832,0.0007659605692,4.401363594
4193,0.8984375,0.921875,440.5442466,468.2804017,7,4115,4071,0,0,0,0,0,0,31901.95154,97.29285676,11288.34834,5.724087423e-05,0,0,5,3,3.134604473e-05,3.134604327e-05,0.7040260248
4194,0.9375,0.9140625,525.2210101,525.2210101,7,4023,4095,0,0,0,0,0,0,1e+300,0,1e+300,0,0,0,0,0,0,0,0
4195,0.9296875,0.921875,472.3199433,357.6841809,7,4095,4072,0,0,0,0,0,0,16536.87024,-41.27771106,8495.32438,5.724087423e-05,0,0,19,8,6.047093467e-05,6.047092935e-05,2.858692558
4196,0.9375,0.9296875,577.3626039,484.0706238,7,4095,3912,0,0,0,0,0,0,3549.834133,2.722474511,2950.338337,5.724087423e-05,0,0,43,21,0.0002817033029,0.0002817032928,2.961085869
4197,0.9453125,0.921875,389.6824429,253.8989992,7,4095,4017,0,0,0,0,0,0,3880.179782,-18.96239,3174.997364,5.724087423e-05,0,0,24,13,0.0002577200172,0.0002577200105,2.036644337
4198,0.140625,0.5625,-112.3116174,-124.098133,6,3776,4133,0,0,0,0,0,0,1467.851164,-12.10003096,1393.492046,3.635362421e-05,0,0,4,1,0.0006812679816,0.0006812679807,0.9860037045
4199,0.15625,0.578125,-20.66206656,-48.3600666,6,4133,4074,0,0,0,0,0,0,2013.6366,3.439773758,1876.286799,3.635362421e-05,0,0,3,1,0.0004966139372,0.0004966139362,0.7187526719
4200,0.171875,0.5625,-75.88006187,-71.56909686,6,4133,3755,0,0,0,0,0,0,1.411697933e+12,1.226635476e-06,27507.57324,3.635362421e-05,0,0,2,0,7.083668374e-13,0,0.7083668374
4201,0.15625,0.5,-93.24699938,-93.24699938,5,3701,3777,1,0,0,0,0,1,257.8274172,0,0,0,0,0,4,3,0.003878563463,0.003878563463,0.51771373
4202,0.1875,0.53125,-47.80920241,-47.80920241,5,3777,3755,1,0,0,0,0,1,1e+300,0,0,0,0,0,0,0,0,0,0
4203,0.21875,0.5,-12.39099289,-12.39099289,5,3777,3673,1,0,0,0,0,1,99.75431815,0,0,0,0,0,341,171,0.01002462869,0.01002462868,7.947608508
4204,0.15625,0.40625,-124.4592956,-174.6584648,5,3685,3750,0,0,0,0,0,0,1.785731818,-50.92081247,1.785522611,6.561373191e-05,0,0,856,419,0.5599945019,0.5599945017,3.322135334
4205,0.15625,0.46875,-103.4122081,-103.4122081,5,3750,3701,1,0,0,0,0,1,171.0656457,0,0,0,0,0,280,145,0.005845709091,0.005845709089,0.02246904717
4206,0.21875,0.46875,-22.55620162,-22.55620162,5,3750,3673,1,0,0,0,0,1,15.99216024,0,0,0,0,0,1281,639,0.06253063908,0.06253063902,9.756398689
4207,0.21875,0.40625,-30.93835929,-46.66007638,5,3750,3704,0,0,0,0,0,0,3.790923471,-15.93226309,3.789980764,6.561373191e-05,0,0,1769,876,0.2637879682,0.263787968,4.521986835
4208,0.1875,0.46875,-59.30915559,-6.554929435,5,3777,3750,0,0,0,0,0,0,615.7167062,56.42891278,591.8079771,6.561373191e-05,0,0,25,15,0.001624123546,0.001624123545,0.3077353435
4209,0.171875,0.546875,-72.70145668,-84.17255626,6,3755,4077,0,0,0,0,0,0,3.69140431e+12,8.941876928e-07,27507.57357,3.635362421e-05,0,0,2,0,2.708996132e-13,0,0.2708996132
4210,0.171875,0.515625,68.8960579,68.8960579,6,4077,3777,1,1,1,0,0,1,3549.292528,147.7368583,3510.825841,1.680948853e-06,0,111.6607922,2,2,0.0002817462894,0.0002817462894,0.06175277598
4211,0.140625,0.515625,-129.6200323,-129.6200323,6,4077,3701,1,0,0,0,0,1,294.1638007,0,0,0,0,0,224,111,0.003399466548,0.003399466545,1.680486452
4212,0.140625,0.546875,-109.1330122,-135.8456838,6,4077,3776,0,0,0,0,0,0,1297.308634,-11.24412271,1238.880703,3.635362421e-05,0,0,35,23,0.0007708265972,0.0007708265969,0.6939254682
4213,0.15625,0.546875,-90.91723444,-112.9798732,6,4133,4077,0,0,0,0,0,0,7.163056131e+11,4.898560206e-07,27507.57272,3.635362421e-05,0,0,3,0,1.396052162e-12,0,1.396052162
4214,0.0234375,0.4765625,-474.9223984,-488.3248881,7,3974,4030,0,0,0,0,0,0,5.789205044e+11,-1.187330042e-06,17470.03314,5.724087423e-05,0,0,2,0,1.727352879e-12,0,1.727352879
4215,0.0078125,0.4765625,-675.1674473,-688.9733601,7,4030,3976,0,0,0,0,0,0,20934.58932,13.66850481,9523.019673,5.724087423e-05,0,0,10,5,4.77678346e-05,4.776783114e-05,1.978567333
4216,0.0078125,0.4921875,-521.0258222,-611.5980383,7,4030,3664,0,0,0,0,0,0,20808.09182,-82.3019687,9496.757222,5.724087423e-05,0,0,11,4,4.805822699e-05,4.805822552e-05,0.9879081306
4217,0.046875,0.546875,-375.362418,-375.362418,6,3756,4033,1,0,0,0,0,1,92.49812901,0,0,0,0,0,178,85,0.01081102948,0.01081102946,15.80967171
4218,0.046875,0.515625,-387.4069294,-362.3744068,6,4033,3775,0,0,0,0,0,0,7.697944715,18.00523511,7.695791062,3.635362421e-05,0,0,124,63,0.1299048041,0.1299048041,1.22061192
4219,0.015625,0.515625,-804.3063932,-804.3063932,6,4033,3664,1,1,1,0,0,1,192.8224014,-346.3830458,191.4801632,3.635362421e-05,0,136.688669,281,281,0.005186119417,0.005186119417,0.8997976401
4220,0,0.59375,-295.3868085,-295.3868085,5,3697,3760,1,1,1,0,0,1,20.67642934,295.3966677,576.4190595,6.561373191e-05,0,109.9143614,405,405,0.04836425012,0.04836425012,1.006285245
4221,0.03125,0.5625,-435.8168658,-435.8168658,5,3760,3756,1,1,1,0,0,1,53.0070158,-82.18474719,311.3383743,6.561373191e-05,0,92.1277927,311,311,0.01886542725,0.01886542725,0.1862986457
4222,0,0.53125,-785.5944486,-785.5944486,5,3760,3664,1,1,1,0,0,1,299.7553284,-361.2264847,293.9734301,6.561373191e-05,0,206.4740682,421,421,0.003336054126,0.003336054126,1.384709938
4223,0.015625,0.546875,-622.718021,-622.718021,6,4033,3760,1,1,1,0,0,1,963.4937264,-197.849237,1054.35298,3.635362421e-05,0,135.0675487,148,148,0.001037889477,0.001037889477,15.31620165
4224,0.015625,0.5,-615.2526447,-615.2526447,6,3664,4035,1,1,1,0,0,1,31181.09813,-181.9557857,14614.6828,3.635362421e-05,0,175.7667803,16,16,3.207071142e-05,3.207071142e-05,0.8481807856
4225,0.03125,0.515625,-440.6899994,-449.5917241,6,4035,4033,0,0,0,0,0,0,28.69320017,-23.15969797,28.66330143,3.635362421e-05,0,0,96,51,0.03485146286,0.03485146284,1.050181821
4226,0.046875,0.5,-384.2283242,-358.968723,6,4035,3775,0,0,0,0,0,0,43.68376099,4.972645108,43.61449841,3.635362421e-05,0,0,68,37,0.02289180184,0.02289180182,1.108159699
4227,0.03125,0.484375,-444.6910403,-415.0749567,6,4035,3974,0,0,0,0,0,0,4.193735067e+12,-2.752906596e-06,27507.57359,3.635362421e-05,0,0,4,0,2.384509236e-13,0,0.2384509236
4228,0.0234375,0.4921875,-467.7427522,-483.6515778,7,4030,4035,0,0,0,0,0,0,17632738.47,-0.4078924323,17452.74197,5.724087423e-05,0,0,5,1,5.671268825e-08,5.67123821e-08,0.0007172820876
4229,0.0078125,0.46875,-752.2382598,-768.4237611,7,3976,4041,0,0,0,0,0,0,86409.05926,-24.87511896,14531.98263,5.724087423e-05,0,0,5,3,1.157286063e-05,1.157285943e-05,0.8824795745
4230,0.015625,0.4765625,-743.9336737,-615.6824109,7,4041,4030,0,0,0,0,0,0,105534.997,-18.28201532,14988.81745,5.724087423e-05,0,0,3,2,9.475529714e-06,9.475529364e-06,0.7002652209
4231,0.0234375,0.46875,-551.9932109,-551.9932109,7,4041,3974,0,0,0,0,0,0,1e+300,0,1e+300,0,0,0,0,0,0,0,0
4232,0.015625,0.4375,-960.3989854,-967.833375,6,3751,3977,0,0,0,0,0,0,10384.9443,13.3313491,7538.813359,3.635362421e-05,0,0,56,27,9.629324637e-05,9.629323961e-05,0.3594617452
4233,0.03125,0.453125,-428.3990099,-428.3990099,6,3977,3974,1,1,1,0,0,1,106236.8397,44.03421175,7756.477592,0.0001190040323,0,280.3424294,6,6,9.412930609e-06,9.412930609e-06,0.008776014829
4234,0.046875,0.4375,-559.9088876,-725.6116102,6,3977,3749,0,0,0,0,0,0,267.9407534,-173.0808421,265.3560219,3.635362421e-05,0,0,17,8,0.003732168352,0.003732168349,0.1081474943
4235,0.046875,0.421875,-462.4503633,-406.8928885,6,3749,3973,0,0,0,0,0,0,57322.68598,49.55629536,18587.80131,3.635362421e-05,0,0,5,1,1.744510019e-05,1.744509932e-05,0.08456127532
4236,0.046875,0.390625,-519.133464,-620.9756407,6,3973,3752,0,0,0,0,0,0,3533.298081,-87.2622458,3131.112363,3.635362421e-05,0,0,11,4,0.0002830216917,0.0002830216885,1.456645348
4237,0.015625,0.390625,-668.0234124,-644.9475628,6,3973,3688,0,0,0,0,0,0,5411.980492,47.9724085,4522.24995,3.635362421e-05,0,0,20,10,0.0001847752411,0.0001847752358,1.361795087
4238,0.015625,0.421875,-862.9404611,-858.4747471,6,3973,3751,0,0,0,0,0,0,24454.86968,26.60839274,12945.77559,3.635362421e-05,0,0,44,23,4.089165115e-05,4.08916464e-05,0.4657544498
4239,0.03125,0.421875,-662.6954122,-789.6948521,6,3977,3973,0,0,0,0,0,0,23221.88996,-118.9286902,12591.85105,3.635362421e-05,0,0,34,16,4.30628171e-05,4.306281272e-05,0.4317605822
4240,0.0234375,0.4609375,-629.0640234,-629.0640234,7,3974,4029,0,0,0,0,0,0,1e+300,-372.5153446,1156.266363,0,0,0,0,0,0,0,0
4241,0.0234375,0.4453125,-783.2056484,-797.2060489,7,4029,3977,0,0,0,0,0,0,3796.465977,53.89516237,3118.726144,5.724087423e-05,0,0,31,14,0.000263402861,0.0002634028555,0.8277756379
4242,0.0078125,0.4453125,-983.4506973,-1055.216207,7,4029,3751,0,0,0,0,0,0,5488.030979,10.20198223,4176.139733,5.724087423e-05,0,0,37,19,0.0001822147149,0.000182214708,0.4569522784
4243,0.0078125,0.4609375,-829.3090723,-983.4731073,7,4029,3976,0,0,0,0,0,0,47020.8878,-91.40071334,12737.55242,5.724087423e-05,0,0,15,9,2.126714417e-05,2.126714233e-05,0.08254432832
4244,0.015625,0.4609375,-729.1865478,-791.4804597,7,4041,4029,0,0,0,0,0,0,232275.9688,-4.649535102,16247.98377,5.724087423e-05,0,0,2,1,4.305223675e-06,4.30522367e-06,0.8478574316
4245,0.078125,0.453125,-299.2011226,-307.2039212,6,3749,3975,0,0,0,0,0,0,3.548949657,-20.12371687,3.54849184,3.635362421e-05,0,0,62,30,0.2817735095,0.2817735095,2.864077119
4246,0.078125,0.484375,-284.8418304,-232.6582615,6,3975,3775,0,0,0,0,0,0,191.8629128,44.25953972,190.5339552,3.635362421e-05,0,0,14,7,0.005212054718,0.005212054713,2.727175058
4247,0.109375,0.484375,-178.2756905,-213.6808381,6,3975,3701,0,0,0,0,0,0,264.3104667,-28.86780533,261.7949722,3.635362421e-05,0,0,51,25,0.003783429436,0.003783429431,2.352071566
4248,0.125,0.46875,-143.8402114,-143.8402114,5,3701,3778,1,0,0,0,0,1,9.898508959,0,0,0,0,0,427,211,0.1010253165,0.1010253164,0.5578412708
4249,0.15625,0.4375,-110.1000033,-86.9825917,5,3778,3750,0,0,0,0,0,0,2.857375066,26.59265757,2.856839457,6.561373191e-05,0,0,186,90,0.3499715567,0.3499715567,1.185680413
4250,0.125,0.40625,-160.8908511,-149.0162746,5,3778,3685,0,0,0,0,0,0,4.891358207,15.15038168,4.889788876,6.561373191e-05,0,0,202,100,0.2044421933,0.2044421933,1.229870164
4251,0.09375,0.4375,-253.0976988,-245.3234326,5,3778,3749,0,0,0,0,0,0,5.543344175,0.7855890587,5.541328685,6.561373191e-05,0,0,108,55,0.1803965203,0.1803965203,2.131600467
4252,0.109375,0.453125,-192.6349827,-184.4672551,6,3975,3778,0,0,0,0,0,0,2.388410257,10.50818081,2.388202896,3.635362421e-05,0,0,160,74,0.4186885385,0.4186885385,3.062583928
4253,0.0625,0.484375,-338.1249004,-769.5115037,6,3775,4038,0,0,0,0,0,0,823406.5793,-10.56701174,26618.33411,3.635362421e-05,0,0,1,1,1.214466857e-06,1.214466857e-06,0.00783831124
4254,0.078125,0.46875,-292.0214765,-341.3029364,6,4038,3975,0,0,0,0,0,0,1672.380317,376.6703729,1576.531779,3.635362421e-05,0,0,3,1,0.0005979501133,0.0005979501123,0.8566901365
4255,0.0625,0.453125,-352.4841926,-1637.220034,6,4038,3749,0,0,0,0,0,0,6057.415413,-868.113139,4964.244154,3.635362421e-05,0,0,9,3,0.0001650869111,0.0001650869101,0.004855614983
4256,0.046875,0.46875,-287.8301226,-287.8301226,6,4038,3974,1,1,1,0,0,1,2220.018309,354.7088148,1974.59041,5.818751716e-05,0,199.4143185,9,9,0.0004504467355,0.0004504467355,1.460090568
4257,0.96875,0.9921875,153.4418788,153.4418788,7,3962,4015,0,0,0,0,0,0,1e+300,0,1e+300,0,0,0,0,0,0,0,0
4258,0.9765625,0.984375,176.8625848,176.8625848,7,4015,4000,0,0,0,0,0,0,1e+300,0,1e+300,0,0,0,0,0,0,0,0
4259,0.96875,0.9765625,252.2917599,252.2917599,7,4015,3957,0,0,0,0,0,0,1e+300,0,1e+300,0,0,0,0,0,0,0,0
4260,0.9609375,0.984375,228.8710539,228.8710539,7,4015,3999,0,0,0,0,0,0,1e+300,0,1e+300,0,0,0,0,0,0,0,0
4261,0.98046875,0.98828125,139.1479972,139.1479972,8,4000,4103,0,0,0,0,0,0,1e+300,0,1e+300,0,0,0,0,0,0,0,0
4262,0.97265625,0.98828125,165.1522318,165.1522318,8,4103,4015,0,0,0,0,0,0,1e+300,0,1e+300,0,0,0,0,0,0,0,0
4263,0.97265625,0.99609375,115.7272912,115.7272912,8,4103,3962,0,0,0,0,0,0,1e+300,602.6192268,3262.545877,0,0,0,15,8,0,0,0
4264,0.98046875,0.99609375,546.389212,546.389212,8,4103,4014,0,0,0,0,0,0,1e+300,499.8078495,549.6685694,0,0,0,23,9,0,0,0
4265,0.98046875,1,750.0098194,746.7634812,8,4014,4111,0,0,0,0,0,0,80253.86358,6.524732125,6489.812468,0.0001416271981,0,0,23,9,1.246045929e-05,1.246045706e-05,1.813201494
4266,0.9765625,0.99609375,331.0582516,683.7141885,8,4111,4103,0,0,0,0,0,0,736.0733745,248.9346355,666.5833835,0.0001416271981,0,0,38,17,0.001358560212,0.001358560204,3.233264065
4267,0.97265625,1,319.3478986,377.6864301,8,4111,3962,0,0,0,0,0,0,793.8426887,-95.21530591,713.6115455,0.0001416271981,0,0,15,8,0.001259695421,0.001259695419,2.355117471
4268,0.94921875,0.91796875,295.8423624,295.8423624,8,4017,4097,0,0,0,0,0,0,1e+300,0,1e+300,0,0,0,0,0,0,0,0
4269,0.94921875,0.91015625,435.2400458,435.2400458,8,4097,4096,0,0,0,0,0,0,1e+300,0,1e+300,0,0,0,0,0,0,0,0
4270,0.94140625,0.91015625,431.3809296,431.3809296,8,4097,4023,0,0,0,0,0,0,1e+300,0,1e+300,0,0,0,0,0,0,0,0
4271,0.94140625,0.91796875,233.3437259,233.3437259,8,4097,4095,0,0,0,0,0,0,1e+300,0,1e+300,0,0,0,0,0,0,0,0
4272,0.97265625,0.91015625,427.6706848,427.6706848,8,3958,4098,0,0,0,0,0,0,1e+300,0,1e+300,0,0,0,0,0,0,0,0
4273,0.97265625,0.91796875,442.8763492,442.8763492,8,4098,4087,0,0,0,0,0,0,1e+300,0,1e+300,0,0,0,0,0,0,0,0
4274,0.98046875,0.91796875,253.8386987,253.8386987,8,4098,4018,0,0,0,0,0,0,1e+300,0,1e+300,0,0,0,0,0,0,0,0
4275,0.9765625,0.8984375,492.3749971,454.402813,7,3958,4019,0,0,0,0,0,0,384.6301293,-39.94885359,376.3443201,5.724087423e-05,0,0,6,4,0.00259990033,0.002599900329,1.454690183
4276,0.9921875,0.8984375,446.4086725,343.7791742,7,4019,3960,0,0,0,0,0,0,4270.5885,-102.1016255,3431.701462,5.724087423e-05,0,0,4,1,0.0002341597651,0.0002341597644,0.0708336437
4277,0.9921875,0.8828125,447.9516355,447.9516355,7,4019,3739,0,0,0,0,0,0,1e+300,-126.4888683,138434.233,0,0,0,0,0,0,0,0
4278,0.9765625,0.8828125,440.2334032,604.0941972,7,4019,4020,0,0,0,0,0,0,6200.719456,164.5606323,4576.397595,5.724087423e-05,0,0,6,4,0.0001612716084,0.0001612716071,0.08469747155
4279,0.9921875,0.90625,445.637191,409.8840394,7,3960,4025,0,0,0,0,0,0,661.1478401,-35.47755665,637.0392917,5.724087423e-05,0,0,5,2,0.001512521012,0.001512521011,0.4636466785
4280,0.984375,0.8984375,469.3918348,538.5664881,7,4025,4019,0,0,0,0,0,0,1841.870108,68.45025495,1666.202006,5.724087423e-05,0,0,6,2,0.0005429264504,0.0005429264493,0.1666690626
4281,0.9765625,0.90625,491.6035155,472.5025282,7,4025,3958,0,0,0,0,0,0,18401.50312,-21.32993472,8961.837373,5.724087423e-05,0,0,2,1,5.434338671e-05,5.434338572e-05,0.0235963908
4282,0.984375,0.9140625,317.7715294,317.7715294,7,4025,4018,0,0,0,0,0,0,1e+300,20.86638131,7873.663993,0,0,0,0,0,0,0,0
4283,0.98046875,0.91015625,404.6875225,404.6875225,8,4098,4025,0,0,0,0,0,0,1e+300,0,1e+300,0,0,0,0,0,0,0,0
4284,0.84375,0.59375,212.9579338,214.5483598,5,3719,3908,0,0,0,0,0,0,6.163189425,1.919094647,6.160698101,6.561373191e-05,0,0,285,140,0.1622536533,0.1622536532,3.221589888
4285,0.84375,0.53125,295.3527196,295.3527196,5,3908,3727,1,1,1,0,0,1,3846.959051,216.9357467,3071.636897,6.561373191e-05,0,50.64866008,19,19,0.0002599455795,0.0002599455795,2.348377164
4286,0.78125,0.53125,180.551824,180.551824,5,3908,3681,1,0,0,0,0,1,14.26403061,0,0,0,0,0,1207,604,0.07010641151,0.07010641146,4.766923876
4287,0.78125,0.59375,214.40765,202.1943137,5,3908,3730,0,0,0,0,0,0,3.232171067,-12.09727787,3.231485751,6.561373191e-05,0,0,2543,1265,0.3093895648,0.3093895645,26.30315842
4288,0.875,0.53125,225.134816,225.134816,5,3727,3928,1,1,1,0,0,1,1684.255961,108.059103,1458.767154,7.915826238e-05,0,93.7121932,9,9,0.0005937339828,0.0005937339828,1.888826027
4289,0.84375,0.5625,168.5355746,171.6148567,5,3928,3908,0,0,0,0,0,0,1056.708865,-5.119846121,988.1928942,6.561373191e-05,0,0,37,20,0.0009463344473,0.0009463344451,2.686127249
4290,0.875,0.59375,185.0965464,189.1628479,5,3928,3719,0,0,0,0,0,0,417.6301316,-3.610292418,406.4913454,6.561373191e-05,0,0,61,28,0.002394463245,0.002394463238,7.175361661
4291,0.90625,0.5625,210.8779223,169.8686145,5,3928,3907,0,0,0,0,0,0,667.7082356,-59.17230052,639.6831848,6.561373191e-05,0,0,121,61,0.001497660126,0.001497660118,3.923751701
4292,0.95703125,0.98828125,217.1607009,217.1607009,8,3999,4123,0,0,0,0,0,0,1e+300,0,1e+300,0,0,0,0,0,0,0,0
4293,0.95703125,0.99609375,689.7230567,689.7230567,8,4123,4016,0,0,0,0,0,0,1e+300,552.4967559,414.1743621,0,0,0,8,5,0,0,0
4294,0.96484375,0.99609375,141.7315258,141.7315258,8,4123,3962,0,0,0,0,0,0,1e+300,673.4268457,2823.576087,0,0,0,17,10,0,0,0
4295,0.96484375,0.98828125,191.1564663,191.1564663,8,4123,4015,0,0,0,0,0,0,1e+300,0,1e+300,0,0,0,0,0,0,0,0
4296,0.96484375,1,378.0127037,374.2089154,8,3962,4124,0,0,0,0,0,0,774.4186158,-63.15586386,697.8764113,0.0001416271981,0,0,17,10,0.001291291273,0.00129129127,0.6018759198
4297,0.9609375,0.99609375,415.7272912,593.1641228,8,4124,4123,0,0,0,0,0,0,557.4269656,117.4910425,516.6398896,0.0001416271981,0,0,25,15,0.001793956988,0.001793956985,0.8040139884
4298,0.95703125,1,926.0042346,562.8584157,8,4124,4016,0,0,0,0,0,0,307178.524,10.79802269,6902.138458,0.0001416271981,0,0,8,5,3.255435918e-06,3.255434657e-06,1.49148542
4299,0.9375,0.609375,259.9433332,184.4572581,6,3942,4044,0,0,0,0,0,0,1661.215712,-15.58210195,1566.60645,3.635362421e-05,0,0,16,11,0.0006019687827,0.0006019687815,4.016766279
4300,0.953125,0.59375,197.5923701,219.2252314,6,4044,3980,0,0,0,0,0,0,2377.238752,58.64325441,2188.137212,3.635362421e-05,0,0,12,5,0.0004206561075,0.0004206561035,3.02100474
4301,0.9375,0.578125,274.0355494,224.6866133,6,4044,3907,0,0,0,0,0,0,1283.050601,1.126461132,1225.87161,3.635362421e-05,0,0,33,16,0.0007793924877,0.0007793924781,7.7098712
4302,0.890625,0.609375,242.4095937,258.3208886,6,3719,3979,0,0,0,0,0,0,690.0447537,11.51929861,673.1581588,3.635362421e-05,0,0,72,28,0.001449181368,0.001449181351,6.311613088
4303,0.921875,0.609375,254.0987533,270.3938711,6,3979,3942,0,0,0,0,0,0,1634.424672,10.84529849,1542.758206,3.635362421e-05,0,0,53,25,0.0006118360897,0.0006118360808,3.68294849
4304,0.921875,0.578125,268.1909696,260.8857673,6,3979,3907,0,0,0,0,0,0,569.6299647,-22.18359744,558.073319,3.635362421e-05,0,0,116,57,0.001755525625,0.001755525613,7.963096118
4305,0.890625,0.578125,214.8267368,181.0945681,6,3979,3928,0,0,0,0,0,0,274.216644,-29.81245962,271.5100233,3.635362421e-05,0,0,124,56,0.003646751654,0.00364675163,16.07324738
4306,0.921875,0.59375,261.1448615,247.1424888,6,4044,3979,0,0,0,0,0,0,1109.999619,41.71622392,1066.945684,3.635362421e-05,0,0,37,22,0.0009009012101,0.0009009012046,8.013781973
4307,0.46875,0.53125,121.7711843,129.129195,5,3663,3805,0,0,0,0,0,0,44.20672346,8.657631831,44.0788697,6.561373191e-05,0,0,126,64,0.02262099341,0.02262099339,3.405740118
4308,0.40625,0.53125,122.3512445,134.4006069,5,3805,3703,0,0,0,0,0,0,18.33154182,13.23117174,18.30951911,6.561373191e-05,0,0,52,27,0.05455078519,0.05455078518,6.154865445
4309,0.40625,0.59375,89.54570149,101.9744365,5,3805,3691,0,0,0,0,0,0,247.5973643,16.60051736,243.6392529,6.561373191e-05,0,0,10,4,0.004038815206,0.004038815204,1.176253057
4310,0.46875,0.59375,92.97557978,118.4943873,5,3805,3722,0,0,0,0,0,0,66.98207933,29.29046964,66.68898496,6.561373191e-05,0,0,83,41,0.01492936633,0.01492936631,5.380251682
4311,0.46875,0.625,78.57777751,159.2692529,5,3722,3859,0,0,0,0,0,0,684.6348169,16.00655382,655.2021876,6.561373191e-05,0,0,8,4,0.001460632698,0.001460632697,0.9508896503
4312,0.4375,0.59375,91.26064064,156.9815223,5,3859,3805,0,0,0,0,0,0,8.190277368e+12,-1.45438861e-07,15240.7121,6.561373191e-05,0,0,1,0,1.220959871e-13,0,0.1220959871
4313,0.40625,0.625,75.14789922,57.13201506,5,3859,3691,0,0,0,0,0,0,1897.010058,-82.30068539,1687.026075,6.561373191e-05,0,0,5,1,0.0005271453337,0.0005271453323,0.2233798803
4314,0.40625,0.65625,104.1634144,-7.326113606,5,3691,3808,0,0,0,0,0,0,9889.242897,-107.5112297,5997.587502,6.561373191e-05,0,0,4,1,0.0001011199756,0.0001011199753,0.04284998194
4315,0.40625,0.71875,141.2711183,41.54933061,5,3808,3723,0,0,0,0,0,0,30783.54942,-79.08550972,10193.82385,6.561373191e-05,0,0,1,1,3.248488296e-05,3.248488296e-05,0.08234264536
4316,0.46875,0.71875,165.6243229,159.2483121,5,3808,3679,0,0,0,0,0,0,918.9088851,-5.656841958,866.6555842,6.561373191e-05,0,0,7,4,0.001088247177,0.001088247175,1.868878258
4317,0.46875,0.65625,107.5932926,156.7181837,5,3808,3722,0,0,0,0,0,0,837.6217013,52.70306906,793.9847099,6.561373191e-05,0,0,14,7,0.001193856366,0.001193856364,0.7543129048
4318,0.4375,0.65625,105.8783535,176.4480717,5,3859,3808,0,0,0,0,0,0,1459.394607,4.655352278,1331.860535,6.561373191e-05,0,0,12,5,0.0006852156334,0.0006852156331,0.595507599
4319,0.125,0.28125,-210.0638672,-209.9131983,5,3689,3772,0,0,0,0,0,0,1.903751888,0.01260296297,1.903514116,6.561373191e-05,0,0,747,378,0.5252785335,0.5252785334,2.920019924
4320,0.09375,0.3125,-362.2189935,-220.04073,5,3772,3748,0,0,0,0,0,0,1620.022735,141.3850684,1464.366787,6.561373191e-05,0,0,6,2,0.0006172752878,0.0006172752877,0.01065442238
4321,0.125,0.34375,-186.8547179,-97.28652885,5,3772,3685,0,0,0,0,0,0,11.70317918,88.9081112,11.69419933,6.561373191e-05,0,0,229,114,0.08544686747,0.08544686743,0.3833087016
4322,0.21875,0.28125,-39.31758897,-28.85294329,5,3668,3747,0,0,0,0,0,0,0.3500439556,10.29690725,0.3500359161,6.561373191e-05,0,0,3633,1805,2.856784081,2.85678408,10.00014717
4323,0.15625,0.28125,-153.1484411,-126.0537207,5,3747,3689,0,0,0,0,0,0,1.32354153,26.94676363,1.3234266,6.561373191e-05,0,0,2397,1198,0.755548638,0.7555486376,9.914399353
4324,0.15625,0.34375,-129.9392919,-135.8406714,5,3747,3685,0,0,0,0,0,0,0.4214948013,-6.571348311,0.4214831448,6.561373191e-05,0,0,1858,944,2.372508503,2.372508502,9.152907368
4325,0.21875,0.34375,-36.41835558,-33.01775182,5,3747,3704,0,0,0,0,0,0,0.5117612782,3.241732236,0.5117440946,6.561373191e-05,0,0,3618,1820,1.954036076,1.954036076,8.901286941
4326,0.15625,0.3125,-141.5438665,-90.03935864,5,3772,3747,0,0,0,0,0,0,1.299513546,51.09554511,1.299402752,6.561373191e-05,0,0,958,483,0.7695187193,0.7695187192,3.368387286
4327,0.109375,0.359375,-262.9322811,-256.1028483,6,3685,3948,0,0,0,0,0,0,13.62035661,5.841790315,13.61361584,3.635362421e-05,0,0,30,17,0.07341951671,0.0734195167,1.095275096
4328,0.109375,0.328125,-274.5368557,-363.0263619,6,3948,3772,0,0,0,0,0,0,28.31251488,-89.21614263,28.28340383,3.635362421e-05,0,0,12,7,0.03532006974,0.03532006974,1.716925762
4329,0.078125,0.328125,-438.2965567,-438.2965567,6,3948,3748,0,0,0,0,0,0,1e+300,0,1e+300,0,0,0,0,0,0,0,0
4330,0.078125,0.359375,-411.8222295,-437.8277312,6,3948,3752,0,0,0,0,0,0,5.986704907,-16.67651618,5.985402254,3.635362421e-05,0,0,18,10,0.1670367949,0.1670367949,2.047659407
4331,0.0625,0.359375,-486.2672037,-504.5414977,6,3752,4144,0,0,0,0,0,0,540.3637212,-39.72206106,529.9532248,3.635362421e-05,0,0,2,1,0.001850605362,0.001850605362,0.4701768144
4332,0.078125,0.34375,-425.0593931,-425.0593931,6,4144,3948,0,0,0,0,0,0,1e+300,0,1e+300,0,0,0,0,0,0,0,0
4333,0.0625,0.328125,-512.7415309,-512.7415309,6,4144,3748,0,0,0,0,0,0,1e+300,0,1e+300,0,0,0,0,0,0,0,0
4334,0.046875,0.34375,-793.6734323,-429.499373,6,4144,3951,0,0,0,0,0,0,605.1321091,234.7933289,592.1065088,3.635362421e-05,0,0,2,1,0.001652531712,0.001652531711,0.4198529368
4335,0,0.546875,-476.5609008,-476.5609008,6,3760,4222,1,1,1,0,0,1,768.9596067,119.7955056,748.0483085,3.635362421e-05,0,105.3295264,62,62,0.001300458426,0.001300458426,9.173322439
4336,0.015625,0.53125,-475.5426066,-342.1737532,6,4222,4033,0,0,0,0,0,0,134.8326464,272.0475829,134.1749669,3.635362421e-05,0,0,422,209,0.007416601445,0.007416601399,11.67775092
4337,0,0.515625,-501.7378476,-361.4268187,6,4222,3664,0,0,0,0,0,0,64.9633297,282.4086278,64.81027037,3.635362421e-05,0,0,329,168,0.01539329964,0.0153932996,0.4730646021
4338,0.0234375,0.5390625,-462.4449861,-405.9093429,7,4033,4223,0,0,0,0,0,0,177.2634979,126.887871,175.4829222,5.724087423e-05,0,0,163,86,0.005641319347,0.005641319319,18.73491238
4339,0.0078125,0.5390625,-459.1116143,-541.2499338,7,4223,4222,0,0,0,0,0,0,178.6774745,162.8983163,176.8685243,5.724087423e-05,0,0,217,114,0.005596676374,0.005596676343,19.31483653
4340,0.0078125,0.5546875,-518.3355789,-518.3355789,7,4223,3760,1,0,0,0,0,1,3169.505353,0,0,0,0,0,64,31,0.000315506645,0.0003155066416,2.680348167
4341,0.046875,0.578125,-312.3409773,-312.3409773,6,3756,4034,1,0,0,0,0,1,37.93408916,0,0,0,0,0,389,194,0.02636151341,0.02636151336,12.5132742
4342,0.015625,0.578125,-507.4498893,-507.4498893,6,4034,3760,1,1,1,0,0,1,6.927127428,-206.5214912,25.8807097,5.977827772e-05,0,91.3691531,675,675,0.1443599833,0.1443599833,2.230510966
4343,0.015625,0.609375,-344.8751154,-344.8751154,6,4034,3697,1,1,1,0,0,1,229.8450418,-29.74034115,330.0552212,3.635362421e-05,0,77.46075825,122,122,0.004350757328,0.004350757328,8.674890866
4344,0.09375,0.65625,-133.2550267,-133.2550267,5,3692,3757,1,0,0,0,0,1,0.7978253025,0,0,0,0,0,2193,1085,1.253407227,1.253407227,5.343919418
4345,0.03125,0.65625,-239.3863554,-239.3863554,5,3757,3697,1,0,0,0,0,1,18.29189973,0,0,0,0,0,585,292,0.05466900732,0.05466900727,3.837047972
4346,0.03125,0.71875,-172.4934247,-172.4934247,5,3757,3672,1,0,0,0,0,1,5.348097004,0,0,0,0,0,1366,682,0.1869823975,0.1869823974,5.09721183
4347,0.09375,0.71875,-115.738248,-115.738248,5,3757,3696,1,0,0,0,0,1,1.317006275,0,0,0,0,0,1761,875,0.7592978248,0.7592978246,5.343339145
4348,0.03125,0.625,-272.8328208,-272.8328208,5,3697,3759,1,0,0,0,0,1,59.39832465,0,0,0,0,0,363,183,0.01683549167,0.01683549165,16.57878603
4349,0.0625,0.65625,-186.3206911,-186.3206911,5,3759,3757,1,0,0,0,0,1,1.346335126,0,0,0,0,0,1572,779,0.7427571195,0.7427571193,3.28385988
4350,0.09375,0.625,-166.7014921,-166.7014921,5,3759,3692,1,0,0,0,0,1,25.51764281,0,0,0,0,0,613,304,0.03918857269,0.03918857266,24.70191001
4351,0.0625,0.59375,-263.7944822,-263.7944822,5,3759,3756,1,0,0,0,0,1,2.19716016,0,0,0,0,0,659,332,0.4551329567,0.4551329567,2.023261847
4352,0.046875,0.609375,-268.3136515,-268.3136515,6,4034,3759,1,0,0,0,0,1,19.13109126,0,0,0,0,0,530,267,0.05227093356,0.05227093349,49.28806165
4353,0.015625,0.5625,-424.8850013,-424.8850013,6,3760,4221,1,0,0,0,0,1,1399.019081,0,0,0,0,0,69,33,0.0007147865343,0.0007147865294,3.586689806
4354,0.03125,0.578125,-376.3385062,-376.3385062,6,4221,4034,1,0,0,0,0,1,84.92285866,0,0,0,0,0,246,126,0.01177539258,0.01177539255,13.8872758
4355,0.046875,0.5625,-356.7955541,-366.1331753,6,4221,3756,0,0,0,0,0,0,282.7160632,5.686544553,279.8399373,3.635362421e-05,0,0,94,44,0.003537117731,0.003537117723,7.401008042
4356,0.03125,0.546875,-439.359947,-439.359947,6,4221,4033,1,0,0,0,0,1,500.6629964,0,0,0,0,0,66,33,0.001997351526,0.001997351519,6.657086752
4357,0.0234375,0.5546875,-529.2674434,-529.2674434,7,4223,4221,1,0,0,0,0,1,95019.86611,0,0,0,0,0,18,8,1.052411502e-05,1.052411378e-05,0.0771460637
4358,0.1875,0.515625,-48.60408086,-48.60408086,6,3777,4202,0,0,0,0,0,0,1e+300,0,1e+300,0,0,0,0,0,0,0,0
4359,0.171875,0.53125,-98.64436736,-98.64436736,6,4202,4077,0,0,0,0,0,0,1e+300,0,1e+300,0,0,0,0,0,0,0,0
4360,0.1875,0.546875,-55.09339682,-55.09339682,6,4202,3755,0,0,0,0,0,0,1e+300,0,1e+300,0,0,0,0,0,0,0,0
4361,0.25,0.53125,32.89822993,32.89822993,5,3673,3802,1,0,0,0,0,1,12.519233,0,0,0,0,0,817,411,0.07987709793,0.07987709787,0.8020585699
4362,0.21875,0.5625,-9.664135746,-15.87979092,5,3802,3755,0,0,0,0,0,0,305.1277129,-13.37949989,299.1387845,6.561373191e-05,0,0,134,63,0.003277316212,0.003277316203,5.33642465
4363,0.25,0.59375,44.4758909,85.64077228,5,3802,3702,0,0,0,0,0,0,61.12175303,43.01725748,60.87760787,6.561373191e-05,0,0,113,55,0.01636078729,0.01636078727,0.7320629777
4364,0.34375,0.59375,57.11363482,138.3561278,5,3691,3806,0,0,0,0,0,0,64.00396153,80.47816276,63.73629847,6.561373191e-05,0,0,17,9,0.01562403289,0.01562403289,1.153742914
4365,0.34375,0.53125,93.48430888,162.4741116,5,3806,3703,0,0,0,0,0,0,72.0200233,68.8006305,71.68129317,6.561373191e-05,0,0,28,16,0.01388502744,0.01388502744,1.120461429
4366,0.28125,0.53125,37.98438155,37.98438155,5,3806,3673,1,0,0,0,0,1,12.61622392,0,0,0,0,0,545,271,0.0792630193,0.07926301929,0.9296309376
4367,0.28125,0.59375,48.68847221,17.59117803,5,3806,3702,0,0,0,0,0,0,73.47318257,-30.11715352,73.12067877,6.561373191e-05,0,0,51,25,0.01361040811,0.01361040811,0.4690284734
4368,0.28125,0.5625,43.22236461,1.802671029,5,3802,3806,0,0,0,0,0,0,74.03430882,-41.04334518,73.67641332,6.561373191e-05,0,0,51,26,0.01350725111,0.0135072511,0.4112713196
4369,0.203125,0.546875,-36.73414907,1.426996516,6,3755,4076,0,0,0,0,0,0,211.0957272,26.48919046,209.4880957,3.635362421e-05,0,0,67,31,0.004737187309,0.004737187299,6.171480382
4370,0.234375,0.546875,11.93976998,11.7848504,6,4076,3802,0,0,0,0,0,0,78.18242715,-3.414446147,77.9608457,3.635362421e-05,0,0,173,85,0.01279059805,0.01279059802,18.29539888
4371,0.234375,0.515625,10.32790559,10.32790559,6,4076,3673,1,0,0,0,0,1,18.92713321,0,0,0,0,0,627,311,0.05283420309,0.05283420302,45.93669986
4372,0.203125,0.515625,24.93824515,24.93824515,6,4076,3777,1,1,1,0,0,1,30041.93105,97.49715972,24404.0289,9.391635724e-06,0,47.47482001,1,1,3.32868083e-05,3.32868083e-05,0.07451835414
4373,0.203125,0.53125,-33.48949109,-33.48949109,6,4202,4076,0,0,0,0,0,0,1e+300,0,1e+300,0,0,0,0,0,0,0,0
4374,0.828125,0.546875,152.8310805,213.8844255,6,3908,4285,0,0,0,0,0,0,2127.023589,-32.06623643,1974.356445,3.635362421e-05,0,0,12,7,0.0004701405312,0.0004701405278,2.068763493
4375,0.859375,0.546875,143.1394799,194.1345078,6,4285,3928,0,0,0,0,0,0,10766.67512,-31.96002936,7737.973145,3.635362421e-05,0,0,10,6,9.287918408e-05,9.287918357e-05,0.3544934127
4376,0.859375,0.515625,65.98923873,186.3333037,6,4285,3727,0,0,0,0,0,0,9604.776078,58.59906781,7119.034165,3.635362421e-05,0,0,12,5,0.0001041148687,0.0001041148677,0.4542523761
4377,0.84375,0.40625,12.5276821,143.9541467,5,3712,3895,0,0,0,0,0,0,1126.630168,117.8569324,1049.079671,6.561373191e-05,0,0,2,1,0.0008876027184,0.0008876027178,0.7188781148
4378,0.78125,0.40625,81.11520801,95.83371192,5,3895,3728,0,0,0,0,0,0,8.369176025,11.75427981,8.364582758,6.561373191e-05,0,0,265,131,0.1194860757,0.1194860756,14.05732047
4379,0.78125,0.46875,113.3191054,139.3372458,5,3895,3681,0,0,0,0,0,0,9.829207615,20.96220593,9.82287254,6.561373191e-05,0,0,293,147,0.1017376008,0.1017376007,12.0699288
4380,0.84375,0.46875,42.7458558,12.34897325,5,3895,3727,0,0,0,0,0,0,220485.7157,-3.848078004,14255.33553,6.561373191e-05,0,0,2,1,4.535441205e-06,4.535440889e-06,0.01368704655
4381,0.84375,0.5,57.85494265,-32.49459667,5,3727,3927,0,0,0,0,0,0,2911.938905,-43.74156643,2444.823211,6.561373191e-05,0,0,9,4,0.0003434137983,0.0003434137975,1.079855267
4382,0.8125,0.46875,78.03248059,93.10046851,5,3927,3895,0,0,0,0,0,0,7.037351407,25.81442297,7.034103431,6.561373191e-05,0,0,32,18,0.1420989151,0.1420989151,1.398091862
4383,0.78125,0.5,128.4281922,65.53894639,5,3927,3681,0,0,0,0,0,0,22.26462372,-47.88601194,22.23214556,6.561373191e-05,0,0,391,201,0.04491430048,0.04491430047,0.5405449228
4384,0.8125,0.53125,270.0968523,270.0968523,5,3927,3908,1,1,1,0,0,1,4044.413281,140.5804893,3196.232174,6.561373191e-05,0,44.42662579,15,15,0.0002472546524,0.0002472546524,1.356331825
4385,0.828125,0.515625,101.2758635,160.4114947,6,4285,3927,0,0,0,0,0,0,1945.540169,-18.41173542,1817.02654,3.635362421e-05,0,0,15,8,0.0005139960696,0.0005139960674,2.328311281
4386,0.0234375,0.5234375,-491.9735989,-701.2960556,7,4033,4219,0,0,0,0,0,0,14.57962506,-77.70688685,14.56746777,5.724087423e-05,0,0,319,156,0.06858886947,0.06858886941,1.826342556
4387,0.0234375,0.5078125,-466.6100841,-483.5289451,7,4219,4035,0,0,0,0,0,0,14.76983849,123.6219499,14.75736205,5.724087423e-05,0,0,39,19,0.06770554738,0.06770554737,1.370145181
4388,0.0078125,0.5078125,-518.1688399,-738.9737781,7,4219,3664,0,0,0,0,0,0,100.8199609,-85.77049888,100.2414651,5.724087423e-05,0,0,353,180,0.009918670781,0.009918670721,1.79450407
4389,0.0078125,0.5234375,-488.6402271,-566.2677674,7,4219,4222,0,0,0,0,0,0,11.13384095,228.6724374,11.12674976,5.724087423e-05,0,0,616,307,0.08981626414,0.08981626401,1.694495401
4390,0.9765625,0.8515625,402.857353,402.9371371,7,3966,4158,0,0,0,0,0,0,565.1265911,-0.09695025973,547.418511,5.724087423e-05,0,0,147,77,0.001769515036,0.001769515015,5.517549783
4391,0.9765625,0.8671875,408.8692322,441.2656148,7,4158,4020,0,0,0,0,0,0,573.654105,32.17124301,555.4162017,5.724087423e-05,0,0,158,82,0.001743210745,0.001743210726,5.662319161
4392,0.9921875,0.8671875,416.2769529,454.9543866,7,4158,3739,0,0,0,0,0,0,950.7435414,38.47437264,901.6732296,5.724087423e-05,0,0,66,33,0.001051808355,0.001051808342,6.378352841
4393,0.984375,0.84375,402.721028,410.8624208,6,3971,3966,0,0,0,0,0,0,20016.91314,8.035845397,11585.95812,3.635362421e-05,0,0,12,8,4.995775288e-05,4.995775098e-05,0.3966285466
4394,1,0.828125,402.4483779,383.2829209,6,3971,3946,0,0,0,0,0,0,14203.5327,-19.12863043,9366.923024,3.635362421e-05,0,0,7,4,7.040501974e-05,7.040501912e-05,0.1570382882
4395,1,0.859375,416.1406279,439.4567062,6,3739,3971,0,0,0,0,0,0,1334.050434,23.18420425,1272.344805,3.635362421e-05,0,0,66,33,0.0007495968476,0.0007495968372,5.140416838
4396,0.9921875,0.8515625,409.4308279,466.6800189,7,4158,3971,0,0,0,0,0,0,2112.392914,57.13048025,1884.525146,5.724087423e-05,0,0,71,37,0.0004733967784,0.0004733967691,3.440107748
4397,0.9921875,0.875,419.2828925,419.2828925,7,3739,4160,0,0,0,0,0,0,1e+300,0,1e+300,0,0,0,0,0,0,0,0
4398,0.984375,0.8671875,412.5730926,535.06929,7,4160,4158,0,0,0,0,0,0,14629.37361,114.116417,7962.005257,5.724087423e-05,0,0,16,9,6.835562661e-05,6.835562613e-05,0.2955779239
4399,0.9765625,0.875,411.8751717,467.5736671,7,4160,4020,0,0,0,0,0,0,1096.5457,47.28347292,1031.783503,5.724087423e-05,0,0,18,10,0.0009119546952,0.0009119546885,3.981602204
4400,0.984375,0.8828125,443.9372878,442.341016,7,4160,4019,0,0,0,0,0,0,907625.6016,-9.051050074,17140.11959,5.724087423e-05,0,0,2,1,1.101775885e-06,1.10177559e-06,0.05333794587
4401,0.0078125,0.5,-505.4870824,-497.9695355,7,3664,4224,0,0,0,0,0,0,1329.910663,60.70596228,1235.832599,5.724087423e-05,0,0,28,13,0.0007519302068,0.0007519302003,3.669201316
4402,0.015625,0.5078125,-715.5049224,-574.00083,7,4224,4219,0,0,0,0,0,0,1405.566001,135.7794261,1300.900941,5.724087423e-05,0,0,31,14,0.0007114571632,0.0007114571569,3.91695161
4403,0.0234375,0.5,-453.9283266,-326.7703051,7,4224,4035,0,0,0,0,0,0,6586.276693,185.8528084,4783.047519,5.724087423e-05,0,0,10,3,0.0001518308517,0.0001518308497,2.057194002
4404,0.015625,0.4921875,-763.4968953,-605.5514579,7,4224,4030,0,0,0,0,0,0,13702.05949,-19.6784113,7679.158388,5.724087423e-05,0,0,7,2,7.298172953e-05,7.29817278e-05,1.059185508
4405,0.1640625,0.5234375,-120.4198526,-120.4198526,7,4077,4210,0,0,0,0,0,0,1e+300,18.89043809,5605.333127,0,0,0,0,0,0,0,0
4406,0.1796875,0.5234375,-73.62422411,-73.62422411,7,4210,4202,0,0,0,0,0,0,1e+300,0,1e+300,0,0,0,0,0,0,0,0
4407,0.1796875,0.5078125,-70.37956613,-36.10691768,7,4210,3777,0,0,0,0,0,0,132.0641077,-44.14934413,131.073264,5.724087423e-05,0,0,1,1,0.007572080084,0.007572080084,0.919308799
4408,0.140625,0.5,-113.461001,-113.461001,6,3701,4201,1,0,0,0,0,1,1412.152451,0,0,0,0,0,34,18,0.0007081388409,0.0007081388405,0.3358888072
4409,0.15625,0.515625,-80.69240021,-80.69240021,6,4201,4077,1,1,1,0,0,1,292254.132,20.84915884,15785.98462,5.983459089e-05,0,93.93892152,1,1,3.421679595e-06,3.421679595e-06,0.007138332745
4410,0.171875,0.5,-63.71867063,-78.54963989,6,4201,3777,0,0,0,0,0,0,837.1873923,-5.513698807,812.4603281,3.635362421e-05,0,0,3,2,0.001194475704,0.001194475704,0.1457545252
4411,0.171875,0.453125,-84.98820632,-84.98496591,6,3750,4205,0,0,0,0,0,0,48.71520794,3.29457983,48.62908708,3.635362421e-05,0,0,34,17,0.02052747062,0.02052747061,8.52942049
4412,0.140625,0.453125,-121.7067018,-194.6686303,6,4205,3778,0,0,0,0,0,0,44.62344899,-65.96008065,44.551177,3.635362421e-05,0,0,269,136,0.02240974247,0.02240974246,0.08259119921
4413,0.140625,0.484375,-118.5436054,-118.5436054,6,4205,3701,1,0,0,0,0,1,696.1495878,0,0,0,0,0,68,36,0.001436472875,0.001436472874,1.169896061
4414,0.171875,0.484375,-70.80851586,6.365541721,6,4205,3777,0,0,0,0,0,0,974.638985,84.48268436,941.2876032,3.635362421e-05,0,0,3,2,0.001026020932,0.001026020932,0.1966801629
4415,0.15625,0.484375,-89.16776361,-22.50317184,6,4201,4205,0,0,0,0,0,0,3707.810832,75.82847278,3267.391425,3.635362421e-05,0,0,2,1,0.000269700922,0.000269700922,0.3001638654
4416,0.1640625,0.5078125,-88.73881388,-40.39491174,7,4210,4201,0,0,0,0,0,0,331.3974583,-28.22283621,325.2280512,5.724087423e-05,0,0,2,2,0.003017524652,0.003017524652,0.40558641
4417,0.875,0.515625,61.14343846,-3.608008153,6,3727,4288,0,0,0,0,0,0,2329.916067,-96.24116349,2147.980224,3.635362421e-05,0,0,13,7,0.0004292000103,0.0004292000079,1.810739556
4418,0.859375,0.53125,199.5406808,176.3369524,6,4288,4285,0,0,0,0,0,0,2371.216291,-83.87246329,2183.033748,3.635362421e-05,0,0,7,4,0.0004217244981,0.0004217244974,1.261509575
4419,0.875,0.546875,138.2936797,413.9719758,6,4288,3928,0,0,0,0,0,0,29702.1846,222.9785192,14281.39285,3.635362421e-05,0,0,5,2,3.366755723e-05,3.36675558e-05,0.07949981718
4420,0.90625,0.40625,58.63435655,66.11328043,5,3712,3896,0,0,0,0,0,0,1940.354981,-12.29014607,1721.21973,6.561373191e-05,0,0,8,5,0.0005153696151,0.0005153696143,1.019632252
4421,0.90625,0.46875,88.85253025,125.6781037,5,3896,3727,0,0,0,0,0,0,3911.635097,57.17484018,3112.730976,6.561373191e-05,0,0,11,6,0.0002556475682,0.0002556475677,0.5584914359
4422,0.96875,0.46875,251.6391287,284.7517023,5,3896,3667,0,0,0,0,0,0,1710117.186,9.458025782,15106.08539,6.561373191e-05,0,0,2,1,5.847552485e-07,5.84755247e-07,0.005549608032
4423,0.96875,0.40625,251.6240188,222.061705,5,3896,3736,0,0,0,0,0,0,379872.5406,-15.84433668,14652.83181,6.561373191e-05,0,0,1,1,2.632461927e-06,2.632461927e-06,0.02498332739
4424,0.96875,0.5,266.7482156,244.5828318,5,3667,3925,0,0,0,0,0,0,19605.43628,-25.76076326,8574.859035,6.561373191e-05,0,0,2,1,5.100626101e-05,5.100626072e-05,0.8187327154
4425,0.9375,0.46875,170.2458295,182.7392415,5,3925,3896,0,0,0,0,0,0,12462.68462,10.84077145,6856.20577,6.561373191e-05,0,0,4,1,8.023953351e-05,8.023953163e-05,0.4441259804
4426,0.90625,0.5,103.9616171,210.3406577,5,3925,3727,0,0,0,0,0,0,6162.191353,146.7874757,4388.011402,6.561373191e-05,0,0,14,5,0.000162279933,0.0001622799312,0.7911842047
4427,0.9375,0.53125,236.9101333,277.7459953,5,3925,3907,0,0,0,0,0,0,4382.579633,43.67017501,3403.793583,6.561373191e-05,0,0,32,15,0.0002281761163,0.0002281761124,1.074937319
4428,0.921875,0.546875,221.9910921,197.9114661,6,3907,3982,0,0,0,0,0,0,286.0180596,-18.03046689,283.0747074,3.635362421e-05,0,0,60,31,0.003496282722,0.003496282708,9.242055651
4429,0.921875,0.515625,170.4358752,178.6041739,6,3982,3925,0,0,0,0,0,0,1001.966641,29.78967276,966.7525639,3.635362421e-05,0,0,42,18,0.0009980372193,0.000998037208,4.800630999
4430,0.890625,0.515625,89.04257595,115.8525475,6,3982,3727,0,0,0,0,0,0,1612.821971,70.4332529,1523.496443,3.635362421e-05,0,0,19,9,0.000620031236,0.0006200312331,2.225499754
4431,0.890625,0.546875,166.1928172,151.3582471,6,3982,3928,0,0,0,0,0,0,1157.335089,7.578651182,1110.608113,3.635362421e-05,0,0,32,17,0.000864053989,0.0008640539849,1.841934337
4432,0.890625,0.53125,127.6176966,237.65999,6,4288,3982,0,0,0,0,0,0,2820.819125,59.76551555,2558.457035,3.635362421e-05,0,0,11,5,0.0003545069555,0.0003545069537,0.7863306599
4433,0,0.71875,284.1364745,284.1364745,5,3672,3758,1,1,1,0,0,1,45.53828555,195.7086619,45.99127417,4.330043361e-05,0,162.8215718,203,203,0.02195954433,0.02195954433,0.9103921341
4434,0.03125,0.6875,-66.71574584,-66.71574584,5,3758,3757,1,1,1,0,0,1,32.4362462,-248.714592,72.00469877,6.561373191e-05,0,80.35174315,259,259,0.03082970803,0.03082970803,1.222075318
4435,0,0.65625,22.79013313,22.79013313,5,3758,3697,1,0,0,0,0,1,830.5827615,0,0,0,0,0,27,15,0.00120397394,0.001203973938,2.385873113
4436,0,0.609375,308.0239446,308.0239446,6,3697,4220,1,1,1,0,0,1,460.2927468,536.7420968,1543.952326,3.635362421e-05,0,113.6791149,41,41,0.002172530432,0.002172530432,2.711341374
4437,0.015625,0.59375,-345.930834,-345.930834,6,4220,4034,1,1,1,0,0,1,14.11284151,-62.17860203,375.5706733,3.635362421e-05,0,48.15050444,283,283,0.07085745274,0.07085745274,0.7505092698
4438,0,0.578125,-354.6699726,-354.6699726,6,4220,3760,1,0,0,0,0,1,141.3304522,0,0,0,0,0,72,36,0.007075615936,0.007075615928,1.800315506
4439,0.0234375,0.6015625,-350.3419115,-350.3419115,7,4034,4343,1,1,1,0,0,1,124.5482293,-22.55302059,135.9379822,5.724087423e-05,0,26.46471194,143,143,0.008029018205,0.008029018205,13.88329634
4440,0.0078125,0.6015625,-319.6064655,-319.6064655,7,4343,4220,1,1,1,0,0,1,78.2260853,-12.45301381,104.8048657,5.724087423e-05,0,44.50577717,145,145,0.01278345959,0.01278345959,22.28879126
4441,0.0078125,0.6171875,-272.5365802,-272.5365802,7,4343,3697,1,1,1,0,0,1,206.5702007,63.51738671,204.1562046,5.724087423e-05,0,43.60041212,20,20,0.0048409693,0.0048409693,5.861642433
4442,0.046875,0.671875,-196.1302906,-196.1302906,6,3757,4345,1,0,0,0,0,1,7.604638797,0,0,0,0,0,1160,581,0.1314986848,0.1314986847,2.075863039
4443,0.046875,0.640625,-229.576756,-229.576756,6,4345,3759,1,0,0,0,0,1,22.60661148,0,0,0,0,0,512,260,0.044234847,0.04423484696,33.86689656
4444,0.015625,0.640625,-282.6424203,-282.6424203,6,4345,3697,1,0,0,0,0,1,220.8393041,0,0,0,0,0,49,26,0.004528179456,0.004528179453,2.592805677
4445,0.015625,0.671875,-140.8392742,-140.8392742,6,4345,3758,1,1,1,0,0,1,12.86494356,-206.8332518,82.6626696,3.635362421e-05,0,18.76093388,521,521,0.07773061694,0.07773061694,55.66254493
4446,0.015625,0.625,-299.365653,-299.365653,6,3697,4348,1,0,0,0,0,1,268.605587,0,0,0,0,0,78,38,0.003722930752,0.003722930745,5.678285037
4447,0.03125,0.640625,-256.1095881,-256.1095881,6,4348,4345,1,0,0,0,0,1,26.59186553,0,0,0,0,0,408,204,0.03760548499,0.03760548494,35.20623617
4448,0.046875,0.625,-241.3819191,-242.1515948,6,4348,3759,0,0,0,0,0,0,141.7905597,4.11671732,141.063434,3.635362421e-05,0,0,128,65,0.007052655707,0.0070526557,6.130996095
4449,0.03125,0.609375,-362.2134534,-362.2134534,6,4348,4034,1,1,1,0,0,1,56.47850161,-62.16878594,112.8444751,3.635362421e-05,0,31.78637593,275,275,0.01770585217,0.01770585217,25.84741252
4450,0.0234375,0.6171875,-310.6372207,-310.6372207,7,4343,4348,1,1,1,0,0,1,198.1135356,-1.804573253,195.8920815,5.724087423e-05,0,33.32853344,39,39,0.005047610689,0.005047610689,8.651500699
4451,0.203125,0.5,-28.58202229,-31.60810135,6,3777,4203,0,0,0,0,0,0,135.3164247,0.9988357827,134.6540289,3.635362421e-05,0,0,5,3,0.007390085883,0.007390085882,1.14417366
4452,0.21875,0.515625,-25.13497385,-25.13497385,6,4203,4076,1,1,1,0,0,1,1278.898211,-15.27303957,1222.080525,3.635362421e-05,0,35.65767495,18,18,0.000781923058,0.000781923058,1.132932662
4453,0.234375,0.5,9.229344037,16.66326195,6,4203,3673,0,0,0,0,0,0,26.4799495,8.841195134,26.4544833,3.635362421e-05,0,0,312,157,0.03776442247,0.03776442243,27.56694989
4454,0.203125,0.453125,-48.46568435,-47.39435503,6,3750,4206,0,0,0,0,0,0,4.559804895,0.4561867589,4.559049162,3.635362421e-05,0,0,668,337,0.219307629,0.2193076288,10.88918721
4455,0.203125,0.484375,-35.20990964,-43.54315817,6,4206,3777,0,0,0,0,0,0,77.85532361,-5.855019485,77.6355898,3.635362421e-05,0,0,29,17,0.01284433682,0.01284433682,2.259311342
4456,0.234375,0.484375,2.601456684,-34.44830516,6,4206,3673,0,0,0,0,0,0,3.610366361,-37.18917042,3.609892563,3.635362421e-05,0,0,608,299,0.2769802009,0.2769802008,1.561329251
4457,0.34375,0.40625,69.85101446,39.67865074,5,3686,3795,0,0,0,0,0,0,7.913581098,-30.21402983,7.909474186,6.561373191e-05,0,0,830,418,0.126365041,0.1263650409,4.042127676
4458,0.28125,0.40625,33.89180143,33.21295702,5,3795,3704,0,0,0,0,0,0,6.623321963,-0.6026740077,6.620444844,6.561373191e-05,0,0,2098,1040,0.1509816382,0.150981638,3.494367779
4459,0.28125,0.46875,41.98884749,41.98884749,5,3795,3673,1,0,0,0,0,1,37.40240958,0,0,0,0,0,1323,670,0.02673624537,0.02673624534,24.55496891
4460,0.34375,0.46875,97.67833902,97.67833902,5,3795,3703,1,0,0,0,0,1,227.2205588,0,0,0,0,0,214,105,0.004401010214,0.004401010211,0.2818156901
4461,0.25,0.46875,24.06074978,35.27643591,5,3673,3798,0,0,0,0,0,0,21.26048499,11.32635463,21.23086836,6.561373191e-05,0,0,963,475,0.04703561563,0.04703561558,7.161384233
4462,0.28125,0.4375,37.96607886,56.33434329,5,3798,3795,0,0,0,0,0,0,3.78959882,18.43222475,3.788656771,6.561373191e-05,0,0,2136,1065,0.2638801751,0.2638801748,2.622206064
4463,0.25,0.40625,15.91219492,27.40494652,5,3798,3704,0,0,0,0,0,0,2.019769345,11.62784028,2.019501711,6.561373191e-05,0,0,2618,1299,0.4951060391,0.4951060388,6.766110045
4464,0.21875,0.4375,-27.00639126,-24.10363501,5,3798,3750,0,0,0,0,0,0,4.712506404,2.537690771,4.711049723,6.561373191e-05,0,0,1710,854,0.2122013032,0.212201303,18.8618611
4465,0.234375,0.453125,-1.472820742,13.82857088,6,4206,3798,0,0,0,0,0,0,3.911063345,15.17419313,3.910507344,3.635362421e-05,0,0,1093,541,0.2556849408,0.2556849406,7.90970543
4466,0.21875,0.484375,-16.30422648,-0.9338813898,6,4203,4206,0,0,0,0,0,0,20.64608602,16.53975532,20.63060152,3.635362421e-05,0,0,164,84,0.0484353305,0.04843533046,19.59148225
4467,0.2109375,0.5234375,-23.90076562,30.26581703,7,4076,4372,0,0,0,0,0,0,7914.592608,21.4817262,5446.926728,5.724087423e-05,0,0,2,1,0.0001263488912,0.0001263488911,0.2980734167
4468,0.2109375,0.5078125,-20.71970901,-20.71970901,7,4372,4203,0,0,0,0,0,0,1e+300,-6.476401615,2508.206549,0,0,0,0,0,0,0,0
4469,0.1953125,0.5078125,-39.62539218,-39.62539218,7,4372,3777,0,0,0,0,0,0,1e+300,0,1e+300,0,0,0,0,0,0,0,0
4470,0.1953125,0.5234375,-42.80644879,-42.80644879,7,4372,4202,0,0,0,0,0,0,1e+300,0,1e+300,0,0,0,0,0,0,0,0
4471,0.796875,0.546875,188.5745341,167.4232958,6,3908,4286,0,0,0,0,0,0,10.75547718,-21.14831311,10.75127343,3.635362421e-05,0,0,44,22,0.09297588412,0.09297588412,1.557210141
4472,0.796875,0.515625,122.075963,173.990996,6,4286,3927,0,0,0,0,0,0,18.3736482,52.54681886,18.36138374,3.635362421e-05,0,0,372,188,0.05442577266,0.05442577261,8.811815395
4473,0.765625,0.515625,172.5534765,175.7547164,6,4286,3681,0,0,0,0,0,0,2.663542779,3.22154502,2.663284895,3.635362421e-05,0,0,1152,578,0.3754398119,0.3754398116,27.25255731
4474,0.65625,0.59375,196.655097,203.9948445,5,3716,3855,0,0,0,0,0,0,4.404722734,7.349959538,4.403450092,6.561373191e-05,0,0,1994,994,0.227029046,0.2270290457,17.79658297
4475,0.71875,0.59375,208.9614822,219.4693562,5,3855,3730,0,0,0,0,0,0,4.965784088,10.5058914,4.964166645,6.561373191e-05,0,0,2911,1443,0.2013780668,0.2013780666,9.372024339
4476,0.71875,0.53125,175.2469974,176.5123604,5,3855,3681,0,0,0,0,0,0,2.78725982,1.288096991,2.786750172,6.561373191e-05,0,0,1392,693,0.3587753079,0.3587753076,17.28438067
4477,0.65625,0.53125,163.397968,162.2380398,5,3855,3729,0,0,0,0,0,0,2.457430114,-1.164287391,2.457033939,6.561373191e-05,0,0,1949,970,0.4069291714,0.4069291709,51.57518189
4478,0.75,0.53125,181.40019,164.1910135,5,3681,3902,0,0,0,0,0,0,12.54279415,-17.19253979,12.53248017,6.561373191e-05,0,0,976,492,0.0797270519,0.07972705186,2.219792749
4479,0.71875,0.5625,192.1042398,212.557614,5,3902,3855,0,0,0,0,0,0,3.973132832,20.46374993,3.972097338,6.561373191e-05,0,0,1844,922,0.2516905531,0.2516905528,9.233651123
4480,0.75,0.59375,215.1146749,231.1798555,5,3902,3730,0,0,0,0,0,0,1.614376058,16.05710075,1.614205073,6.561373191e-05,0,0,3946,1965,0.6194343598,0.6194343592,41.18801203
4481,0.78125,0.5625,197.4212477,185.4488452,5,3902,3908,0,0,0,0,0,0,3.281691103,-11.97314561,3.280984628,6.561373191e-05,0,0,2324,1160,0.3047209407,0.3047209404,41.89973899
4482,0.765625,0.546875,189.4107189,169.7019634,6,4286,3902,0,0,0,0,0,0,4.138118883,-19.70080866,4.137496456,3.635362421e-05,0,0,828,413,0.2416556963,0.2416556961,17.09753728
4483,0.8125,0.515625,96.83720633,210.9103298,6,3927,4384,0,0,0,0,0,0,1435.898834,44.72048156,1364.66324,3.635362421e-05,0,0,19,9,0.0006964278931,0.0006964278895,2.697885923
4484,0.796875,0.53125,155.3252486,180.2266288,6,4384,4286,0,0,0,0,0,0,2602.814638,-45.07143246,2377.821059,3.635362421e-05,0,0,18,7,0.0003841994683,0.0003841994618,1.543936398
4485,0.8125,0.546875,163.3357774,226.0531546,6,4384,3908,0,0,0,0,0,0,1080.940624,-7.264125398,1040.069923,3.635362421e-05,0,0,11,6,0.0009251201943,0.0009251201907,3.404257804
4486,0.828125,0.53125,218.3690803,265.8327737,6,4384,4285,0,0,0,0,0,0,1512.18855,-16.84434057,1433.390034,3.635362421e-05,0,0,12,8,0.0006612931963,0.000661293195,2.291276785
4487,0,0.5546875,-491.3490409,-330.2900139,7,3760,4335,0,0,0,0,0,0,2300.966905,114.9842006,2033.178299,5.724087423e-05,0,0,29,14,0.0004345999056,0.0004345999023,3.024965006
4488,0.0078125,0.546875,-595.3856002,-542.6963739,7,4335,4223,0,0,0,0,0,0,300.3747084,6.941969381,295.2974495,5.724087423e-05,0,0,95,48,0.0033291751,0.00332917508,18.4750591
4489,0,0.5390625,-671.2466524,-518.2413857,7,4335,4222,0,0,0,0,0,0,386.7047386,112.8210796,378.3302778,5.724087423e-05,0,0,82,44,0.002585952279,0.002585952266,12.04553701
4490,0.0234375,0.5859375,-412.155018,-412.155018,7,4034,4342,1,0,0,0,0,1,230.5679466,0,0,0,0,0,218,111,0.004337116302,0.004337116289,0.4891412829
4491,0.0234375,0.5703125,-471.6333776,-471.6333776,7,4342,4221,1,0,0,0,0,1,4425.785026,0,0,0,0,0,48,22,0.0002259486157,0.0002259486133,1.375938927
4492,0.0078125,0.5703125,-460.701513,-460.701513,7,4342,3760,1,0,0,0,0,1,233.4809836,0,0,0,0,0,182,88,0.004283004058,0.004283004041,0.3377951589
4493,0.0078125,0.5859375,-401.4183489,-401.4183489,7,4342,4220,1,0,0,0,0,1,41.60711843,0,0,0,0,0,364,184,0.02403434888,0.02403434884,0.707992157
4494,0,0.6171875,-323.8162966,227.2110064,7,3697,4436,0,0,0,0,0,0,2100.322588,236.1603361,1874.912538,5.724087423e-05,0,0,10,5,0.0004761173382,0.0004761173372,0.8825129796
4495,0.0078125,0.609375,-277.327008,-277.327008,7,4436,4343,1,1,1,0,0,1,886.9641825,-258.8839106,844.1082919,5.724087423e-05,0,53.79063447,26,26,0.001127441243,0.001127441243,2.286350798
4496,0,0.6015625,6.318568046,6.318568046,7,4436,4220,1,0,0,0,0,1,199.4159687,0,0,0,0,0,72,35,0.005014643545,0.005014643536,5.964041456
4497,0.01171875,0.61328125,-343.3244261,-290.8953283,8,4343,4441,0,0,0,0,0,0,5313.455508,17.80812578,3031.877381,0.0001416271981,0,0,16,10,0.0001882014441,0.000188201444,0.4507559724
4498,0.00390625,0.61328125,-333.4398733,232.4903024,8,4441,4436,0,0,0,0,0,0,658.3047669,214.7602402,602.1628045,0.0001416271981,0,0,12,5,0.001519053257,0.001519053255,2.781146017
4499,0.00390625,0.62109375,-324.0772727,-36.02396706,8,4441,3697,0,0,0,0,0,0,11806.55855,263.1898615,4418.407565,0.0001416271981,0,0,15,8,8.469868637e-05,8.469868554e-05,0.1275817825
4500,0.0234375,0.6484375,-261.0143879,-261.0143879,7,4345,4444,1,0,0,0,0,1,13.38328797,0,0,0,0,0,130,71,0.074720054,0.074720054,0.3247501442
4501,0.0234375,0.6328125,-277.7376206,-277.7376206,7,4444,4348,1,0,0,0,0,1,155.272647,0,0,0,0,0,171,84,0.006440284358,0.006440284348,6.62900623
4502,0.0078125,0.6328125,-162.7163906,-162.7163906,7,4444,3697,1,1,1,0,0,1,118.4455597,126.9651223,146.7996965,5.724087423e-05,0,71.25946411,38,38,0.008442697242,0.008442697242,6.17375386
4503,0,0.671875,268.7378478,268.7378478,6,3758,4435,1,1,1,0,0,1,1091.524677,63.59511684,1049.865104,3.635362421e-05,0,19.23446645,30,30,0.0009161496951,0.0009161496951,2.115967148
4504,0.015625,0.65625,-108.2981112,-108.2981112,6,4435,4345,1,0,0,0,0,1,215.4822286,0,0,0,0,0,55,28,0.004640753933,0.00464075393,2.410440859
4505,0,0.640625,-151.554176,-151.554176,6,4435,3697,1,0,0,0,0,1,15377.84747,0,0,0,0,0,13,5,6.502860701e-05,6.502860627e-05,0.2650679204
4506,0.0078125,0.6484375,-129.9261436,-129.9261436,7,4444,4435,1,0,0,0,0,1,47.35128427,0,0,0,0,0,119,59,0.02111875138,0.02111875137,0.4269483179
4507,0.0078125,0.625,-94.26586474,-94.26586474,7,3697,4446,1,1,1,0,0,1,344.2464739,194.2087035,320.2941778,0.0002982660862,0,85.50948037,9,9,0.002904895404,0.002904895404,1.78329083
4508,0.015625,0.6328125,-291.0040367,-291.0040367,7,4446,4444,1,0,0,0,0,1,233.8642865,0,0,0,0,0,53,23,0.004275984226,0.004275984219,4.73056877
4509,0.0234375,0.625,-281.6578175,-304.1070826,7,4446,4348,0,0,0,0,0,0,255.3318432,-18.02631639,251.6538175,5.724087423e-05,0,0,44,23,0.003916471943,0.003916471939,4.099775886
4510,0.015625,0.6171875,-322.1203842,-322.1203842,7,4446,4343,1,0,0,0,0,1,782.0775069,0,0,0,0,0,37,19,0.001278645647,0.001278645644,2.491693012
4511,0.01171875,0.62109375,-332.2055242,-332.2055242,8,4441,4446,1,1,1,0,0,1,3314.608008,-2.873636822,1688.336388,0.0002982660862,0,116.0953268,6,6,0.0003016947999,0.0003016947999,0.3521604064
4512,0.0390625,0.6015625,-292.5868991,-292.5868991,7,4034,4352,1,0,0,0,0,1,28.84148517,0,0,0,0,0,420,207,0.03467227829,0.03467227823,37.79786567
4513,0.0390625,0.6171875,-269.1564991,-273.0428965,7,4352,4348,0,0,0,0,0,0,153.6345212,-2.490935048,152.2952106,5.724087423e-05,0,0,84,45,0.006508953795,0.006508953789,5.545322146
4514,0.0546875,0.6171875,-247.29258,-247.9450511,7,4352,3759,0,0,0,0,0,0,123.056262,-3.934725652,122.1955352,5.724087423e-05,0,0,135,63,0.008126364185,0.008126364174,5.849229097
4515,0.109375,0.609375,-180.131464,-157.1592253,6,3692,4031,0,0,0,0,0,0,2.81345191,4.968205161,2.813164181,3.635362421e-05,0,0,714,361,0.3554352561,0.355435256,2.538200364
4516,0.109375,0.578125,-178.4916689,-136.0810779,6,4031,3776,0,0,0,0,0,0,2.854121364,31.0761814,2.853825257,3.635362421e-05,0,0,662,338,0.3503705248,0.3503705247,1.952598758
4517,0.078125,0.578125,-261.3097044,-260.4926275,6,4031,3756,0,0,0,0,0,0,8.519074348,-1.230599771,8.516436814,3.635362421e-05,0,0,281,140,0.1173836451,0.1173836451,0.8024611862
4518,0.078125,0.609375,-215.2479872,-215.2479872,6,4031,3759,1,0,0,0,0,1,36.64277987,0,0,0,0,0,342,168,0.02729050589,0.02729050587,2.055003086
4519,0.0625,0.609375,-241.7808193,-241.7808193,6,3759,4351,1,0,0,0,0,1,36.43816303,0,0,0,0,0,430,218,0.02744375448,0.02744375445,19.09244848
4520,0.078125,0.59375,-242.5845032,-223.4650537,6,4351,4031,0,0,0,0,0,0,3.49480355,13.77131142,3.494359596,3.635362421e-05,0,0,259,131,0.2861391165,0.2861391164,1.46376249
4521,0.0625,0.578125,-283.1736234,-291.8628562,6,4351,3756,0,0,0,0,0,0,10.98697636,-6.059192443,10.98258973,3.635362421e-05,0,0,245,122,0.09101685189,0.09101685185,1.50180583
4522,0.046875,0.59375,-290.3273144,-290.3273144,6,4351,4034,1,0,0,0,0,1,17.48175446,0,0,0,0,0,281,140,0.05720249658,0.05720249656,0.3662774107
4523,0.0546875,0.6015625,-266.0540669,-266.0540669,7,4352,4351,1,0,0,0,0,1,77.03286505,0,0,0,0,0,274,143,0.01298147225,0.01298147223,14.9294742
4524,0.03125,0.6171875,-280.0884586,-314.8296585,7,4348,4449,0,0,0,0,0,0,116.3818429,2.68687536,115.6116613,5.724087423e-05,0,0,56,32,0.008592405613,0.008592405604,9.312347587
4525,0.0390625,0.609375,-278.5190996,-310.8884149,7,4449,4352,0,0,0,0,0,0,76.1784634,4.370132197,75.84772773,5.724087423e-05,0,0,156,81,0.01312706972,0.0131270697,12.53632366
4526,0.03125,0.6015625,-339.5368,-339.5368,7,4449,4034,1,0,0,0,0,1,53.23023457,0,0,0,0,0,299,150,0.01878631586,0.01878631583,26.44946173
4527,0.0234375,0.609375,-353.5442844,-353.5442844,7,4449,4343,1,0,0,0,0,1,405.3515391,0,0,0,0,0,73,33,0.002466994457,0.00246699445,4.017809229
4528,0.0078125,0.59375,-399.5683685,-399.5683685,7,4220,4437,1,1,1,0,0,1,209.8376992,-92.31824664,257.1099711,5.724087423e-05,0,50.71009189,87,87,0.004765587898,0.004765587898,10.98852994
4529,0.015625,0.6015625,-373.3656974,-373.3656974,7,4437,4343,1,1,1,0,0,1,98.92146348,-24.40356505,110.6575677,5.724087423e-05,0,34.84023413,144,144,0.01010902958,0.01010902958,18.51089765
4530,0.0234375,0.59375,-515.8345187,-515.8345187,7,4437,4034,1,1,1,0,0,1,98.34185039,-63.46352224,503.7359488,5.724087423e-05,0,81.96216766,112,112,0.01016861078,0.01016861078,0.163200408
4531,0.015625,0.5859375,-426.6903616,-426.6903616,7,4437,4342,1,0,0,0,0,1,11.15878332,0,0,0,0,0,302,147,0.08961550478,0.08961550474,1.087145279
4532,0.02734375,0.59765625,-350.320116,-350.320116,8,4034,4439,1,1,1,0,0,1,136.0556123,-17.98807309,133.4834952,0.0001416271981,0,31.14839036,77,77,0.007349935685,0.007349935685,11.16016217
4533,0.01953125,0.59765625,-409.4676601,-409.4676601,8,4439,4437,1,1,1,0,0,1,444.8735449,-67.02034591,483.3893168,0.0001416271981,0,38.48234168,65,65,0.002247829774,0.002247829774,5.338640397
4534,0.01953125,0.60546875,-316.2367894,-316.2367894,8,4439,4343,1,1,1,0,0,1,226.5106164,31.36803031,219.4700041,0.0001416271981,0,44.43097297,43,43,0.00441480411,0.00441480411,7.249015419
4535,0.02734375,0.60546875,-351.4087287,-339.3922131,8,4439,4449,0,0,0,0,0,0,253.5224056,16.88861724,244.7350308,0.0001416271981,0,0,97,51,0.003944424548,0.003944424543,6.231290301
4536,0.01953125,0.61328125,-332.3924666,-341.0319423,8,4343,4450,0,0,0,0,0,0,4996.265044,-13.27281523,2925.886921,0.0001416271981,0,0,25,10,0.0002001495099,0.0002001495094,0.3862337009
4537,0.01953125,0.62109375,-302.2133537,-297.8497187,8,4450,4446,0,0,0,0,0,0,317.217375,7.148964789,303.5786174,0.0001416271981,0,0,29,16,0.003152412443,0.003152412438,4.585381701
4538,0.02734375,0.62109375,-291.2813942,-294.663642,8,4450,4348,0,0,0,0,0,0,158.9505196,-2.935776481,155.4510496,0.0001416271981,0,0,44,24,0.006291266004,0.006291265996,8.206438433
4539,0.02734375,0.61328125,-342.0461281,-294.1224717,8,4450,4449,0,0,0,0,0,0,758.350291,42.31197948,684.8006305,0.0001416271981,0,0,25,13,0.001318651831,0.001318651827,1.795684807
4540,0.03125,0.4453125,-668.2822238,-367.5464237,7,3977,4233,0,0,0,0,0,0,1890.916144,230.0952616,1706.236988,5.724087423e-05,0,0,12,6,0.0005288441813,0.0005288441797,0.5586756948
4541,0.0234375,0.453125,-744.4861323,-739.9684154,7,4233,4029,0,0,0,0,0,0,1431.377327,-58.07326494,1322.981131,5.724087423e-05,0,0,7,3,0.0006986278051,0.0006986278044,0.9648231462
4542,0.03125,0.4609375,-484.3460501,-424.2958883,7,4233,3974,0,0,0,0,0,0,5.111203244e+12,1.704922227e-06,17470.03361,5.724087423e-05,0,0,1,0,1.956486472e-13,0,0.1956486472
4543,0.0546875,0.4453125,-338.4699568,-586.6933531,7,3749,4028,0,0,0,0,0,0,145.5233554,-227.9939717,144.3211767,5.724087423e-05,0,0,21,10,0.006871749195,0.006871749191,0.1080429074
4544,0.0390625,0.4453125,-558.3448015,-453.3119085,7,4028,3977,0,0,0,0,0,0,388.0710018,119.7044509,379.6379063,5.724087423e-05,0,0,20,11,0.002576848039,0.002576848038,0.2607706098
4545,0.0390625,0.4609375,-374.4086278,-399.6705642,7,4028,3974,0,0,0,0,0,0,1.048868592e+16,-3.682515626e-08,17470.03367,5.724087423e-05,0,0,1,0,9.534082799e-17,0,9.534082799e-05
4546,0.0546875,0.4609375,-570.2946726,116.8956112,7,4028,4038,0,0,0,0,0,0,190.8951253,906.4880976,188.8317599,5.724087423e-05,0,0,16,7,0.005238478451,0.00523847845,0.04019961104
4547,0.0390625,0.453125,-466.3767146,-315.0450898,7,4233,4028,0,0,0,0,0,0,719.6079882,88.76520886,691.1392769,5.724087423e-05,0,0,6,3,0.001389645496,0.001389645495,0.9472633553
4548,0.98828125,0.91796875,301.9884793,301.9884793,8,4018,4101,0,0,0,0,0,0,1e+300,0,1e+300,0,0,0,0,0,0,0,0
4549,0.99609375,0.91796875,308.0179717,160.5492008,8,4101,4027,0,0,0,0,0,0,3960153.564,0.03973583687,7048.223985,0.0001416271981,0,0,2,1,2.525154603e-07,2.525154096e-07,0.003613364719
4550,0.99609375,0.91015625,376.9264365,234.038252,8,4101,3960,0,0,0,0,0,0,2368.245432,-123.8907355,1773.424672,0.0001416271981,0,0,3,2,0.0004222535327,0.0004222535327,0.235392158
4551,0.98828125,0.91015625,402.3897652,451.7554793,8,4101,4025,0,0,0,0,0,0,555.4221168,69.59105833,514.9172443,0.0001416271981,0,0,1,1,0.001800432446,0.001800432446,0.8543739423
4552,0.99609375,0.921875,273.5637393,273.5637393,8,4027,4135,0,0,0,0,0,0,1e+300,0,1e+300,0,0,0,0,0,0,0,0
4553,0.9921875,0.91796875,305.0032255,305.0032255,8,4135,4101,0,0,0,0,0,0,1e+300,0,1e+300,0,0,0,0,0,0,0,0
4554,0.98828125,0.921875,267.5342469,267.5342469,8,4135,4018,0,0,0,0,0,0,1e+300,0,1e+300,0,0,0,0,0,0,0,0
4555,0.9921875,0.9375,704.7945803,779.1300199,7,3947,4086,0,0,0,0,0,0,117046941.7,-4.257920875,17467.42654,5.724087423e-05,0,0,28,14,8.543580767e-09,8.543580638e-09,4.30963231e-05
4556,0.984375,0.9296875,460.5674249,420.6640659,7,4086,4018,0,0,0,0,0,0,467.8641203,-29.95918507,455.661083,5.724087423e-05,0,0,127,63,0.002137372704,0.002137372672,12.3068242
4557,0.9765625,0.9375,608.4361179,683.3416376,7,4086,3959,0,0,0,0,0,0,2569.834435,0.9114994169,2240.288901,5.724087423e-05,0,0,77,38,0.000389130127,0.0003891301165,5.912943836
4558,0.9765625,0.9609375,416.859259,554.7050434,7,3957,4001,0,0,0,0,0,0,922.8721437,116.3885272,876.5666278,5.724087423e-05,0,0,8,5,0.001083573718,0.001083573718,0.7202044433
4559,0.9921875,0.9609375,452.6921745,534.5018815,7,4001,3961,0,0,0,0,0,0,317.6982414,40.95185859,312.0239838,5.724087423e-05,0,0,6,4,0.003147640968,0.003147640967,1.374508849
4560,0.9921875,0.9453125,640.9356274,661.8537423,7,4001,3947,0,0,0,0,0,0,116143.1612,-40.16299116,15185.81259,5.724087423e-05,0,0,2,1,8.610063562e-06,8.610063111e-06,0.5955024157
4561,0.9765625,0.9453125,544.5771649,438.4063629,7,4001,3959,0,0,0,0,0,0,880.6466156,-162.652568,838.384506,5.724087423e-05,0,0,6,2,0.00113552926,0.001135529259,0.6860911268
4562,0.984375,0.9453125,592.7563961,651.537828,7,4086,4001,0,0,0,0,0,0,3.023855536e+12,-4.194501912e-06,17470.03357,5.724087423e-05,0,0,2,0,3.307036293e-13,0,0.3307036293
4563,0.98828125,0.92578125,386.6330784,278.0616529,8,4018,4100,0,0,0,0,0,0,734.9645164,-56.65815447,665.6738798,0.0001416271981,0,0,52,25,0.001360609904,0.001360609895,4.755883091
4564,0.98828125,0.93359375,582.6810026,657.579391,8,4100,4086,0,0,0,0,0,0,803.2085551,40.57379514,721.1709094,0.0001416271981,0,0,80,39,0.001245006659,0.001245006651,4.427135717
4565,0.99609375,0.93359375,630.8602338,676.1517483,8,4100,3947,0,0,0,0,0,0,730.583424,8.667251217,662.0779034,0.0001416271981,0,0,66,33,0.001368769078,0.001368769071,2.984546389
4566,0.99609375,0.92578125,392.6625708,120.8543068,8,4100,4027,0,0,0,0,0,0,6617.244112,-142.8403281,3415.912904,0.0001416271981,0,0,38,19,0.0001511203128,0.0001511203117,0.6258881579
4567,0.9921875,0.92578125,389.6478246,389.6478246,8,4135,4100,0,0,0,0,0,0,1e+300,0,1e+300,0,0,0,0,0,0,0,0
4568,0.01171875,0.63671875,-222.6794055,-222.6794055,8,4444,4502,1,0,0,0,0,1,276.9656124,0,0,0,0,0,45,24,0.003610556529,0.003610556527,3.757157583
4569,0.01171875,0.62890625,-349.6387256,-349.6387256,8,4502,4446,1,1,1,0,0,1,1747.274592,-222.0353621,1598.991157,0.0001031362847,0,115.1676906,4,4,0.0005723198886,0.0005723198886,1.307682258
4570,0.00390625,0.62890625,-34.08641334,-34.08641334,8,4502,3697,1,1,1,0,0,1,6027.644065,99.9345275,4039.317621,0.0001031362847,0,185.709072,5,5,0.0001659022977,0.0001659022977,0.09423891747
4571,0,0.6484375,346.7425789,346.7425789,7,4435,4505,1,1,1,0,0,1,1441.140804,398.686383,1331.317539,5.724087423e-05,0,189.0924243,18,18,0.0006938947237,0.0006938947237,1.772332539
4572,0.0078125,0.640625,-217.0982982,-217.0982982,7,4505,4444,1,0,0,0,0,1,23.20471776,0,0,0,0,0,62,30,0.04309468489,0.04309468488,0.4293957199
4573,0,0.6328125,185.4072036,185.4072036,7,4505,3697,1,1,1,0,0,1,821.4366988,418.0368102,848.5737667,5.724087423e-05,0,174.3026908,12,12,0.001217379259,0.001217379259,1.439101152
4574,0.00390625,0.63671875,-23.54568854,-23.54568854,8,4502,4505,1,1,1,0,0,1,414.3540765,128.6568904,391.3860526,0.0001416271981,0,66.655839,17,17,0.002413394864,0.002413394864,1.90779867
4575,0.0234375,0.6640625,-190.1128148,-190.1128148,7,4345,4445,1,0,0,0,0,1,21.123171,0,0,0,0,0,422,212,0.04734137692,0.04734137688,26.58613969
4576,0.0078125,0.6640625,-55.25120504,-55.25120504,7,4445,4435,1,1,1,0,0,1,102.4605168,38.92060428,184.5339348,5.724087423e-05,0,23.31106165,73,73,0.009759857079,0.009759857079,7.459386781
4577,0.0078125,0.6796875,26.61005945,26.61005945,7,4445,3758,1,1,1,0,0,1,1703.442383,-88.54060143,1552.102272,5.724087423e-05,0,83.32425101,12,12,0.0005870465653,0.0005870465653,1.143115271
4578,0.046875,0.703125,-162.6838252,-162.6838252,6,3757,4346,1,0,0,0,0,1,9.492430878,0,0,0,0,0,468,240,0.1053470932,0.1053470931,1.223525639
4579,0.015625,0.703125,99.49266341,99.49266341,6,4346,3758,1,0,0,0,0,1,159.883915,0,0,0,0,0,134,69,0.006254537861,0.006254537853,1.17682938
4580,0.015625,0.734375,107.3021372,107.3021372,6,4346,3672,1,1,1,0,0,1,58.67843189,289.465482,58.55352695,3.635362421e-05,0,90.40497635,187,187,0.01704203687,0.01704203687,18.18740582
4581,0.09375,0.84375,-106.0248688,-106.0248688,5,3693,3762,1,1,1,0,0,1,20.82639042,-64.36858194,20.79797004,6.561373191e-05,0,63.2694292,92,92,0.04801600181,0.04801600181,1.897551353
4582,0.09375,0.78125,-85.96004023,-85.96004023,5,3762,3696,1,0,0,0,0,1,3.782431525,0,0,0,0,0,773,394,0.2643801992,0.2643801991,4.874707387
4583,0.03125,0.78125,45.71116263,45.71116263,5,3762,3672,1,1,1,0,0,1,13.26807588,188.6062011,14.4128853,6.561373191e-05,0,69.34693151,199,199,0.07536887858,0.07536887858,4.093290367
4584,0.03125,0.84375,30.77676132,69.54967984,5,3762,3695,0,0,0,0,0,0,138.8122377,-55.48022586,137.5593486,6.561373191e-05,0,0,130,64,0.007203975794,0.007203975781,7.664000466
4585,0.03125,0.75,4.271736403,4.271736403,5,3672,3779,1,1,1,0,0,1,113.6040671,168.2438351,112.763529,6.561373191e-05,0,80.87802412,177,177,0.008802501758,0.008802501758,10.52343292
4586,0.0625,0.78125,-114.3376285,-114.3376285,5,3779,3762,1,0,0,0,0,1,6.563297509,0,0,0,0,0,484,241,0.1523624365,0.1523624365,3.499292119
4587,0.09375,0.75,-111.6078907,-127.0452456,5,3779,3696,0,0,0,0,0,0,17.45841322,-19.94609656,17.43843728,6.561373191e-05,0,0,755,379,0.05727897419,0.05727897413,27.55360458
4588,0.0625,0.71875,-144.1158364,-144.1158364,5,3779,3757,1,0,0,0,0,1,1.378842139,0,0,0,0,0,1512,761,0.7252461842,0.725246184,4.659221971
4589,0.046875,0.734375,-125.2327606,-94.04102952,6,4346,3779,0,0,0,0,0,0,36.87579988,60.00875622,36.82643151,3.635362421e-05,0,0,617,307,0.02711805583,0.0271180558,4.674177521
4590,0.015625,0.6875,-90.14775265,-90.14775265,6,3758,4434,1,1,1,0,0,1,175.6868383,-242.0440687,174.5718732,3.635362421e-05,0,42.14268667,25,25,0.00569194602,0.00569194602,4.71305407
4591,0.03125,0.703125,-119.6045852,-119.6045852,6,4434,4346,1,0,0,0,0,1,16.13620241,0,0,0,0,0,265,133,0.0619724502,0.06197245017,1.259938861
4592,0.046875,0.6875,-189.0342651,-189.0342651,6,4434,3757,1,1,1,0,0,1,68.6926092,-79.29118229,68.52149552,3.635362421e-05,0,74.3540833,105,105,0.01455760688,0.01455760688,9.455192722
4593,0.03125,0.671875,-187.0430299,-187.0430299,6,4434,4345,1,1,1,0,0,1,12.16866575,-36.92871282,17.68261807,3.635362421e-05,0,17.38929714,487,487,0.08217827823,0.08217827823,69.00701673
4594,0.0234375,0.6796875,-193.8998293,-193.8998293,7,4445,4434,1,1,1,0,0,1,467.9905178,-90.30486979,455.7809715,5.724087423e-05,0,25.17730123,44,44,0.00213679543,0.00213679543,2.464523918
4595,0.00390625,0.625,-322.571641,60.60674668,8,3697,4507,0,0,0,0,0,0,2049.531579,270.6866963,1588.452424,0.0001416271981,0,0,7,4,0.0004879163659,0.0004879163657,0.7835727963
4596,0.0078125,0.62890625,-171.8276422,-96.53255293,8,4507,4502,0,0,0,0,0,0,14677.68421,31.95873513,4767.40233,0.0001416271981,0,0,4,2,6.813063873e-05,6.813063805e-05,0.10097361
4597,0.01171875,0.625,-310.4244977,-222.6602456,8,4507,4446,0,0,0,0,0,0,22421.54229,-25.85111409,5369.785931,0.0001416271981,0,0,5,2,4.459996494e-05,4.459996414e-05,0.08719325464
4598,0.0078125,0.62109375,-282.4548346,-375.1496315,8,4507,4441,0,0,0,0,0,0,5090.317823,-191.7490737,2957.892165,0.0001416271981,0,0,7,4,0.0001964513877,0.0001964513865,0.3260812165
4599,0.0546875,0.46875,-848.6655681,-395.5478276,7,4038,4256,0,0,0,0,0,0,4960.378227,348.3466001,3863.414325,5.724087423e-05,0,0,16,7,0.0002015975303,0.0002015975277,1.508272781
4600,0.046875,0.4609375,-531.594529,-383.7958258,7,4256,4028,0,0,0,0,0,0,6221.853063,-50.30891171,4587.89896,5.724087423e-05,0,0,10,5,0.0001607238213,0.0001607238201,1.128817464
4601,0.0390625,0.46875,-550.3460421,-131.8387261,7,4256,3974,0,0,0,0,0,0,32513.87774,222.1337793,11364.0274,5.724087423e-05,0,0,2,2,3.075609769e-05,3.075609769e-05,0.1389150113
4602,0.0390625,0.4765625,-376.9453703,-576.6572896,7,3974,4039,0,0,0,0,0,0,25934.68511,-182.0679271,10438.49228,5.724087423e-05,0,0,4,2,3.855840145e-05,3.855840088e-05,0.1741554116
4603,0.0390625,0.4921875,-371.4559746,-557.2095787,7,4039,4035,0,0,0,0,0,0,13003.63916,-167.7014177,7454.763172,5.724087423e-05,0,0,6,3,7.690154946e-05,7.690154832e-05,0.3086070307
4604,0.0546875,0.4921875,-328.4635527,-443.9724182,7,4039,3775,0,0,0,0,0,0,5825.877987,-100.5166414,4368.933317,5.724087423e-05,0,0,5,4,0.0001716479477,0.0001716479471,0.7133780047
4605,0.0546875,0.4765625,-675.2648963,-800.5140954,7,4039,4038,0,0,0,0,0,0,161331.3015,-16.00281055,15763.09968,5.724087423e-05,0,0,7,3,6.19842517e-06,6.198424797e-06,0.0528339712
4606,0.046875,0.4765625,-526.1051333,-493.9438728,7,4256,4039,0,0,0,0,0,0,2549.900498,-165.5381603,2225.124577,5.724087423e-05,0,0,8,4,0.0003921721655,0.0003921721652,2.011058065
4607,0,0.6796875,103.1604848,319.8435632,7,3758,4503,0,0,0,0,0,0,2.940723895e+13,-5.102967293e-07,17470.03366,5.724087423e-05,0,0,1,0,3.400523258e-14,0,0.03400523258
4608,0.0078125,0.671875,-49.94072547,31.0172372,7,4503,4445,0,0,0,0,0,0,253.4973894,-32.9008172,249.8716488,5.724087423e-05,0,0,46,26,0.0039448138,0.003944813796,5.547872501
4609,0,0.6640625,419.8247555,419.8247555,7,4503,4435,1,1,1,0,0,1,12227.69043,367.3550643,8716.404409,5.095213785e-05,0,83.8357172,9,9,8.178159286e-05,8.178159286e-05,0.4530690934
4610,0.00390625,0.609375,43.17540221,12.65874932,8,4436,4495,0,0,0,0,0,0,63620.3194,-2.677096754,6355.442885,0.0001416271981,0,0,4,1,1.571824866e-05,1.571824709e-05,0.05320961142
4611,0.0078125,0.61328125,-189.0828011,-223.305964,8,4495,4441,0,0,0,0,0,0,4096.85605,51.62268888,2592.575631,0.0001416271981,0,0,12,6,0.0002440896111,0.0002440896096,0.4043813956
4612,0.01171875,0.609375,-302.6834069,-325.7386352,8,4495,4343,0,0,0,0,0,0,201.8569167,-14.64096505,196.2465364,0.0001416271981,0,0,40,23,0.004954004136,0.004954004129,10.42813459
4613,0.01171875,0.60546875,-408.538063,-365.7278693,8,4343,4440,0,0,0,0,0,0,514.3756168,-33.48490605,479.4480304,0.0001416271981,0,0,101,50,0.001944104595,0.001944104586,5.311978363
4614,0.01171875,0.59765625,-380.9614332,-380.9614332,8,4440,4437,1,1,1,0,0,1,225.8552766,-48.4915979,218.8547155,0.0001416271981,0,47.79431725,77,77,0.004427614068,0.004427614068,10.25726728
4615,0.00390625,0.59765625,-307.496637,-307.496637,8,4440,4220,1,0,0,0,0,1,216.5189928,0,0,0,0,0,76,36,0.004618532476,0.004618532469,6.446798924
4616,0.00390625,0.60546875,-266.614406,-266.614406,8,4440,4436,1,1,1,0,0,1,551.9795545,-260.8038413,511.9571416,0.0001416271981,0,75.63291763,11,11,0.001811661305,0.001811661305,2.552717014
4617,0.0078125,0.60546875,-235.6086584,-305.3316259,8,4495,4440,0,0,0,0,0,0,413.5473803,-6.863463828,390.6662322,0.0001416271981,0,0,33,19,0.002418102611,0.002418102607,6.576484267
4618,0.015625,0.59765625,-359.6482657,-359.6482657,8,4437,4529,1,0,0,0,0,1,485.6666358,0,0,0,0,0,91,45,0.002059025525,0.002059025518,4.95741377
4619,0.01171875,0.6015625,-355.1670147,-348.0099813,8,4529,4440,0,0,0,0,0,0,247.2369894,-1.520761331,238.8727451,0.0001416271981,0,0,115,54,0.00404470222,0.004044702206,8.909891789
4620,0.015625,0.60546875,-422.2417631,-385.0588425,8,4529,4343,0,0,0,0,0,0,169.0992386,-25.94011452,165.1441919,0.0001416271981,0,0,98,47,0.005913687182,0.005913687167,12.72057926
4621,0.01953125,0.6015625,-375.7642269,-350.471924,8,4529,4439,0,0,0,0,0,0,262.4792144,11.37983896,253.0714855,0.0001416271981,0,0,67,31,0.003809825484,0.003809825476,4.133819636
4622,0.021484375,0.603515625,-405.896507,-335.6687635,9,4439,4534,0,0,0,0,0,0,268.3500236,-2.380752067,258.9692952,0.0001349853545,0,0,51,21,0.003726476288,0.003726476277,6.365657526
4623,0.017578125,0.603515625,-399.002995,-347.4574625,9,4534,4529,0,0,0,0,0,0,143.5975071,-2.656229317,140.867003,0.0001349853545,0,0,58,29,0.006963909197,0.006963909185,9.957138771
4624,0.017578125,0.607421875,-452.3740433,-321.9266218,9,4534,4343,0,0,0,0,0,0,272.9815276,8.628354633,263.2800505,0.0001349853545,0,0,44,22,0.003663251535,0.003663251529,5.087519327
4625,0.02734375,0.609375,-379.0009459,-362.1150359,8,4449,4527,0,0,0,0,0,0,397.1716054,-4.229578398,376.0203475,0.0001416271981,0,0,30,18,0.002517803353,0.002517803351,5.433935741
4626,0.0234375,0.60546875,-396.93132,-343.2055449,8,4527,4439,0,0,0,0,0,0,368.8097915,8.737623406,350.5018539,0.0001416271981,0,0,47,22,0.002711424759,0.002711424752,5.470948426
4627,0.01953125,0.609375,-443.4088562,-355.6677748,8,4527,4343,0,0,0,0,0,0,1172.835997,-6.457641449,1005.771795,0.0001416271981,0,0,23,9,0.0008526341297,0.0008526341256,1.827701968
4628,0.0234375,0.61328125,-354.5636857,-388.9833475,8,4527,4450,0,0,0,0,0,0,8811.536778,-56.88655841,3919.804258,0.0001416271981,0,0,9,3,0.0001134875817,0.0001134875799,0.2346602875
4629,0.021484375,0.607421875,-420.1700881,-267.057757,9,4534,4527,0,0,0,0,0,0,440.301559,67.83488152,415.6006416,0.0001349853545,0,0,37,14,0.0022711707,0.002271170692,3.493169523
4630,0.01953125,0.59375,-350.423,-350.423,8,4437,4530,1,1,1,0,0,1,259.3021144,81.95509099,250.1167674,0.0001416271981,0,62.58694165,44,44,0.003856505382,0.003856505382,8.675696766
4631,0.0234375,0.59765625,-433.0882151,-433.0882151,8,4530,4439,1,0,0,0,0,1,801.9796886,0,0,0,0,0,60,33,0.001246914372,0.001246914369,3.148608718
4632,0.02734375,0.59375,-416.3473326,-416.3473326,8,4530,4034,1,0,0,0,0,1,663.4635231,0,0,0,0,0,74,32,0.001507241868,0.001507241861,3.505342962
4633,0.03125,0.5703125,-398.3525618,-381.7471146,7,4221,4354,0,0,0,0,0,0,193.345825,24.32578877,191.2294346,5.724087423e-05,0,0,83,45,0.005172079613,0.005172079603,5.651944791
4634,0.0234375,0.578125,-404.1585693,-404.1585693,7,4354,4342,1,1,1,0,0,1,1174.235137,37.73529172,1100.280603,5.724087423e-05,0,142.6271208,36,36,0.0008516181881,0.0008516181881,2.11217928
4635,0.03125,0.5859375,-346.5993264,-346.5993264,7,4354,4034,1,0,0,0,0,1,6.268427132,0,0,0,0,0,164,83,0.1595296522,0.1595296521,0.8347392654
4636,0.0546875,0.5703125,-308.1670741,-284.8187489,7,3756,4341,0,0,0,0,0,0,100.7824846,25.26856421,100.2044176,5.724087423e-05,0,0,131,57,0.009922359064,0.00992235904,8.460295068
4637,0.0390625,0.5703125,-368.2907326,-396.017573,7,4341,4221,0,0,0,0,0,0,195.6873905,-21.93986632,193.5197148,5.724087423e-05,0,0,130,61,0.005110191297,0.005110191282,11.45109814
4638,0.0390625,0.5859375,-314.6005619,-314.6005619,7,4341,4034,1,0,0,0,0,1,4.451271515,0,0,0,0,0,188,99,0.2246549096,0.2246549096,1.299035416
4639,0.0546875,0.5859375,-289.7236843,-270.5498822,7,4341,4351,0,0,0,0,0,0,79.18837294,17.51176837,78.83104665,5.724087423e-05,0,0,168,82,0.01262811651,0.01262811649,1.343946498
4640,0.0390625,0.578125,-341.1543517,-381.6156433,7,4354,4341,0,0,0,0,0,0,156.0277844,-37.27514672,154.6466097,5.724087423e-05,0,0,105,55,0.006409114915,0.006409114903,6.985579455
4641,0.02734375,0.58984375,-364.5075823,-364.5075823,8,4034,4490,1,0,0,0,0,1,39.88604158,0,0,0,0,0,124,59,0.02507142751,0.0250714275,0.243934929
4642,0.02734375,0.58203125,-412.0208794,-382.6238676,8,4490,4354,0,0,0,0,0,0,419.8951305,11.62231306,396.326179,0.0001416271981,0,0,84,44,0.002381547028,0.002381547019,5.569474151
4643,0.01953125,0.58203125,-387.8981337,-387.8981337,8,4490,4342,1,1,1,0,0,1,401.2059316,71.90699197,379.6344655,0.0001416271981,0,114.9425969,53,53,0.002492485582,0.002492485582,6.862434842
4644,0.01953125,0.58984375,-379.042926,-379.042926,8,4490,4437,1,0,0,0,0,1,7.671289642,0,0,0,0,0,158,77,0.1303561783,0.1303561782,1.10653597
4645,0.0234375,0.58984375,-463.9947683,-463.9947683,8,4530,4490,1,0,0,0,0,1,36.18054521,0,0,0,0,0,76,35,0.02763916337,0.02763916337,0.3020400972
4646,0.021484375,0.599609375,-352.5254588,-374.0710424,9,4439,4533,0,0,0,0,0,0,270.868704,5.833172617,261.3141927,0.0001349853545,0,0,54,24,0.003691825542,0.003691825534,4.399795797
4647,0.021484375,0.595703125,-239.0440336,-239.0440336,9,4533,4530,1,1,1,0,0,1,1174.78937,223.6048189,1013.99128,0.0001349853545,0,107.0665063,13,13,0.0008512164183,0.0008512164183,2.069409233
4648,0.017578125,0.595703125,-377.699247,-377.699247,9,4533,4437,1,0,0,0,0,1,940.7680456,0,0,0,0,0,53,27,0.001062961274,0.001062961272,2.381358249
4649,0.017578125,0.599609375,-345.6319468,-380.1684834,9,4533,4529,0,0,0,0,0,0,262.7194591,11.24895333,253.7216571,0.0001349853545,0,0,56,26,0.003806341576,0.003806341568,4.663356807
4650,0.21875,0.5078125,-12.0679335,-31.58073134,7,4203,4452,0,0,0,0,0,0,224.4875033,-12.80921078,221.639467,5.724087423e-05,0,0,24,11,0.004454590947,0.004454590941,3.239988096
4651,0.2109375,0.515625,-0.8540473336,27.46988426,7,4452,4372,0,0,0,0,0,0,2638.690088,27.57979323,2292.43811,5.724087423e-05,0,0,2,1,0.0003789759186,0.0003789759184,0.8940533303
4652,0.21875,0.5234375,-12.32267898,-24.29000224,7,4452,4076,0,0,0,0,0,0,314.1839367,-8.033396077,308.6334229,5.724087423e-05,0,0,22,7,0.003182848908,0.003182848901,4.156244793
4653,0.25,0.515625,30.67252403,23.19205016,6,3673,4361,0,0,0,0,0,0,3.100934522,-7.275676305,3.100584992,3.635362421e-05,0,0,522,265,0.3224834298,0.3224834297,2.254528576
4654,0.234375,0.53125,10.36571262,4.985012334,6,4361,4076,0,0,0,0,0,0,60.20090222,-7.783126548,60.06943899,3.635362421e-05,0,0,256,129,0.01661104673,0.01661104671,23.89364654
4655,0.25,0.546875,35.6904299,23.2276367,6,4361,3802,0,0,0,0,0,0,67.92610251,-12.1024051,67.75878169,3.635362421e-05,0,0,145,71,0.01472188103,0.01472188099,19.7964135
4656,0.28125,0.5,55.96817838,63.08356648,5,3673,3825,0,0,0,0,0,0,10.22281093,7.202107575,10.21595851,6.561373191e-05,0,0,454,227,0.09782045335,0.09782045333,0.9669568898
4657,0.3125,0.53125,65.78651223,97.47081921,5,3825,3806,0,0,0,0,0,0,402.6376045,31.64222823,392.2742844,6.561373191e-05,0,0,22,12,0.002483622963,0.002483622962,0.1707185207
4658,0.34375,0.5,111.577393,-1.640064984,5,3825,3703,0,0,0,0,0,0,205.604059,-113.2113041,202.8672881,6.561373191e-05,0,0,28,14,0.004863717209,0.004863717203,0.3488665675
4659,0.3125,0.46875,32.63392918,32.63392918,5,3825,3795,1,1,1,0,0,1,4404.390959,-37.19936916,3416.935729,6.561373191e-05,0,40.93518271,19,19,0.0002270461477,0.0002270461477,0.5193962965
4660,0.296875,0.546875,42.89107187,16.82395354,6,3806,4366,0,0,0,0,0,0,1631.35422,-26.13331337,1540.022219,3.635362421e-05,0,0,11,6,0.0006129876564,0.0006129876541,1.37563721
4661,0.296875,0.515625,60.87734531,65.75837971,6,4366,3825,0,0,0,0,0,0,3.733707418,4.903354766,3.733200696,3.635362421e-05,0,0,259,129,0.2678303059,0.2678303058,2.596268486
4662,0.265625,0.515625,33.07273802,35.3677692,6,4366,3673,0,0,0,0,0,0,2.05927675,2.357634369,2.059122599,3.635362421e-05,0,0,495,248,0.4856073863,0.4856073862,4.759673271
4663,0.265625,0.546875,38.09064389,42.23204906,6,4366,3802,0,0,0,0,0,0,431.8105078,4.359598885,425.1367632,3.635362421e-05,0,0,44,20,0.002315830629,0.002315830623,4.007314527
4664,0.265625,0.53125,35.58169095,3.682910053,6,4361,4366,0,0,0,0,0,0,3.574544797,-31.75838245,3.574080354,3.635362421e-05,0,0,281,139,0.2797559009,0.2797559008,2.242974536
4665,0.2265625,0.5234375,-2.296646021,0.6655263395,7,4076,4371,0,0,0,0,0,0,51.40647577,-0.8216610839,51.25565337,5.724087423e-05,0,0,170,81,0.0194528021,0.01945280207,17.27774293
4666,0.2421875,0.5234375,20.51911832,11.37646133,7,4371,4361,0,0,0,0,0,0,16.92902666,-10.24147135,16.91263777,5.724087423e-05,0,0,430,218,0.05907014149,0.05907014141,50.87777898
4667,0.2421875,0.5078125,18.01016539,6.008378902,7,4371,3673,0,0,0,0,0,0,15.15187557,-13.1783961,15.13874563,5.724087423e-05,0,0,433,219,0.06599843007,0.06599842999,46.13022021
4668,0.2265625,0.5078125,-2.041900539,2.006907751,7,4371,4203,0,0,0,0,0,0,37.43755928,3.034634722,37.35750369,5.724087423e-05,0,0,177,87,0.02671114302,0.02671114298,16.95852578
4669,0.2265625,0.515625,-2.16927328,-15.47764185,7,4452,4371,0,0,0,0,0,0,194.2318489,-8.070829482,192.096124,5.724087423e-05,0,0,44,17,0.005148486233,0.00514848622,5.748218651
4670,0.009765625,0.619140625,-262.3964314,-282.633706,9,4441,4511,0,0,0,0,0,0,1520.927317,19.74007429,1261.863139,0.0001349853545,0,0,3,2,0.0006574936153,0.0006574936144,0.5755908598
4671,0.009765625,0.623046875,-199.3353144,-275.5407048,9,4511,4507,0,0,0,0,0,0,2154.337006,-62.30080347,1668.988552,0.0001349853545,0,0,6,3,0.0004641799297,0.000464179928,0.5526239747
4672,0.013671875,0.623046875,-290.3660945,-327.3926138,9,4511,4446,0,0,0,0,0,0,2044.097918,-11.61025977,1602.053938,0.0001349853545,0,0,8,4,0.0004892133548,0.0004892133527,1.162363833
4673,0.015625,0.62109375,-347.1663974,-238.5668581,8,4446,4510,0,0,0,0,0,0,1244.242465,72.16494799,1057.832696,0.0001416271981,0,0,11,5,0.0008037018735,0.0008037018723,1.610978046
4674,0.01953125,0.6171875,-343.9521695,-314.8282263,8,4510,4450,0,0,0,0,0,0,405.2648379,1.550678973,383.2666638,0.0001416271981,0,0,26,12,0.002467522239,0.002467522235,5.815516532
4675,0.015625,0.61328125,-432.79734,-319.9130088,8,4510,4343,0,0,0,0,0,0,495.1867662,13.57924075,462.7343224,0.0001416271981,0,0,25,13,0.002019440074,0.002019440069,4.086025865
4676,0.01171875,0.6171875,-319.1967343,-267.3465264,8,4510,4441,0,0,0,0,0,0,1246.432123,29.97670585,1059.414984,0.0001416271981,0,0,7,5,0.0008022899778,0.000802289977,1.832650237
4677,0.013671875,0.619140625,-333.1815658,-275.3809199,9,4511,4510,0,0,0,0,0,0,1101.118712,51.78165586,958.6324706,0.0001349853545,0,0,5,3,0.0009081672934,0.0009081672932,1.623835112
4678,0.029296875,0.595703125,-333.3719991,-328.435922,9,4034,4532,0,0,0,0,0,0,109.9012988,5.154199932,108.2947392,0.0001349853545,0,0,95,41,0.009099073544,0.009099073525,11.80874704
4679,0.025390625,0.595703125,-292.2161857,-292.2161857,9,4532,4530,1,1,1,0,0,1,340.3025708,140.8582131,325.3570149,0.0001349853545,0,95.4116614,17,17,0.002938561403,0.002938561403,3.998300125
4680,0.025390625,0.599609375,-366.229159,-359.6014599,9,4532,4439,0,0,0,0,0,0,179.1488283,-9.272704122,174.9188586,0.0001349853545,0,0,52,31,0.005581951104,0.005581951097,7.041604451
4681,0.03515625,0.59765625,-306.2590001,-336.4271347,8,4034,4512,0,0,0,0,0,0,186.3144525,-31.70768598,181.5245295,0.0001416271981,0,0,111,53,0.005367270154,0.005367270145,7.130839404
4682,0.03515625,0.60546875,-321.1857859,-324.4070842,8,4512,4449,0,0,0,0,0,0,48.11449718,2.993287573,47.78884861,0.0001416271981,0,0,187,94,0.02078375663,0.0207837566,18.5418135
4683,0.04296875,0.60546875,-284.8901619,-284.1605739,8,4512,4352,0,0,0,0,0,0,45.71705484,-3.724774519,45.4229513,0.0001416271981,0,0,199,96,0.02187367501,0.02187367498,21.30706309
4684,0.0546875,0.59375,-280.5019894,-253.4657864,7,4351,4522,0,0,0,0,0,0,10.62048565,23.58303289,10.6140331,5.724087423e-05,0,0,150,76,0.0941576528,0.09415765278,0.5174995019
4685,0.046875,0.5859375,-301.8708276,-314.1952588,7,4522,4341,0,0,0,0,0,0,7.163587691,-12.86279028,7.160651466,5.724087423e-05,0,0,153,82,0.1395948571,0.1395948571,0.7278813808
4686,0.0390625,0.59375,-303.5937305,-303.5937305,7,4522,4034,1,0,0,0,0,1,98.89815237,0,0,0,0,0,145,72,0.01011141236,0.01011141235,0.07926385204
4687,0.046875,0.6015625,-279.320483,-279.320483,7,4522,4352,1,0,0,0,0,1,96.88266486,0,0,0,0,0,222,109,0.01032176398,0.01032176396,12.84403932
4688,0.04296875,0.59765625,-333.6721137,-333.6721137,8,4512,4522,1,1,1,0,0,1,192.1437021,-42.23083955,187.0534583,0.0001416271981,0,38.42106777,40,40,0.005204438081,0.005204438081,7.782158415
4689,0.03125,0.60546875,-339.3335979,-330.5488451,8,4449,4526,0,0,0,0,0,0,73.84546435,20.33381287,73.0811433,0.0001416271981,0,0,135,69,0.01354179311,0.01354179308,16.87119883
4690,0.03515625,0.6015625,-313.722393,-320.6971918,8,4526,4512,0,0,0,0,0,0,92.51506669,-4.637281601,91.3185517,0.0001416271981,0,0,115,60,0.0108090502,0.01080905018,13.5000929
4691,0.03125,0.59765625,-324.4068121,-329.8644266,8,4526,4034,0,0,0,0,0,0,113.1612748,-1.662691673,111.376279,0.0001416271981,0,0,126,59,0.008836945337,0.008836945322,10.94034046
4692,0.02734375,0.6015625,-357.2639719,-361.8878674,8,4526,4439,0,0,0,0,0,0,111.808024,-16.94749856,110.0651363,0.0001416271981,0,0,108,57,0.008943901914,0.008943901904,11.0921155
4693,0.029296875,0.599609375,-340.835392,-355.6344382,9,4532,4526,0,0,0,0,0,0,93.61848004,-10.70385476,92.45017573,0.0001349853545,0,0,114,55,0.01068165174,0.01068165171,13.23383838
4694,0.0234375,0.7109375,-36.50038062,-36.50038062,7,4346,4579,1,0,0,0,0,1,11.09588562,0,0,0,0,0,235,114,0.09012349567,0.09012349566,0.8307674232
4695,0.0234375,0.6953125,-158.971189,-158.971189,7,4579,4434,1,1,1,0,0,1,226.7522118,-175.338205,223.8467933,5.724087423e-05,0,49.40311682,26,26,0.004410100313,0.004410100313,3.603888686
4696,0.0078125,0.6953125,235.4857074,235.4857074,7,4579,3758,1,0,0,0,0,1,2548.898141,0,0,0,0,0,36,19,0.0003923263876,0.0003923263838,0.933000079
4697,0,0.734375,46.01192541,46.01192541,6,3672,4433,1,0,0,0,0,1,22399.35755,0,0,0,0,0,11,3,4.464413757e-05,4.464413711e-05,0.3505257638
4698,0.015625,0.71875,55.8215249,55.8215249,6,4433,4346,1,0,0,0,0,1,20.09946436,0,0,0,0,0,345,173,0.04975256964,0.04975256961,1.462954618
4699,0,0.703125,327.807613,327.807613,6,4433,3758,1,0,0,0,0,1,4118.791437,0,0,0,0,0,46,27,0.0002427896666,0.0002427896631,2.402857357
4700,0.0078125,0.7109375,58.43752417,191.0126417,7,4579,4433,0,0,0,0,0,0,101.8050499,-0.778711945,101.2152273,5.724087423e-05,0,0,63,35,0.009822695443,0.009822695436,0.7899101162
4701,0.0078125,0.6875,205.1296881,60.33236935,7,3758,4590,0,0,0,0,0,0,4073.369749,-80.10581726,3303.187769,5.724087423e-05,0,0,13,4,0.0002454969869,0.0002454969857,0.7594035734
4702,0.015625,0.6953125,-71.6385788,-71.6385788,7,4590,4579,1,1,1,0,0,1,959.9065371,-44.88362798,906.3828797,6.332145458e-05,0,123.855603,8,8,0.00104176809,0.00104176809,0.9920948239
4703,0.0234375,0.6875,108.0691973,-141.7652776,7,4590,4434,0,0,0,0,0,0,316.7854768,-63.41414628,311.1434878,5.724087423e-05,0,0,27,13,0.003156710371,0.003156710368,2.850389031
4704,0.015625,0.6796875,-1.402919621,13.74980465,7,4590,4445,0,0,0,0,0,0,2991.410016,129.2371273,2554.073628,5.724087423e-05,0,0,13,4,0.0003342905167,0.0003342905158,0.5274922984
4705,0.01953125,0.67578125,-104.6692235,-104.264269,8,4445,4594,0,0,0,0,0,0,462.7837191,63.12612168,434.31736,0.0001416271981,0,0,27,14,0.002160836604,0.002160836602,3.046326075
4706,0.01953125,0.68359375,-105.7483833,-162.3264401,8,4594,4590,0,0,0,0,0,0,243.8103397,-20.25478443,235.6725261,0.0001416271981,0,0,22,11,0.004101548774,0.00410154877,5.71227499
4707,0.02734375,0.68359375,4.802893403,-153.987151,8,4594,4434,0,0,0,0,0,0,143.2934422,-23.73295172,140.443252,0.0001416271981,0,0,31,16,0.006978686424,0.006978686418,7.501503661
4708,0.0625,0.640625,-208.3908555,-215.4704037,6,3759,4349,0,0,0,0,0,0,12.84346502,-12.44459871,12.83747112,3.635362421e-05,0,0,394,197,0.07786060838,0.07786060832,2.243786452
4709,0.046875,0.65625,-212.8535233,-212.8535233,6,4349,4345,1,0,0,0,0,1,4.330069307,0,0,0,0,0,640,316,0.2309431857,0.2309431856,1.677885099
4710,0.0625,0.671875,-159.1849717,-144.4704471,6,4349,3757,0,0,0,0,0,0,2.747255978,25.15361566,2.74698163,3.635362421e-05,0,0,873,434,0.3639995719,0.3639995718,1.742768222
4711,0.109375,0.640625,-132.3791745,-119.2519416,6,3692,4344,0,0,0,0,0,0,10.60929995,4.148955246,10.60520966,3.635362421e-05,0,0,492,244,0.09425692596,0.09425692592,1.346844413
4712,0.078125,0.640625,-183.0536285,-183.6378519,6,4344,3759,0,0,0,0,0,0,27.41119427,-7.153682976,27.38390631,3.635362421e-05,0,0,441,219,0.03648144587,0.03648144585,1.144555959
4713,0.078125,0.671875,-133.8477447,-206.6580608,6,4344,3757,0,0,0,0,0,0,3.927569735,-63.57563408,3.927009031,3.635362421e-05,0,0,1260,622,0.2546103742,0.2546103741,2.142094867
4714,0.125,0.71875,-109.7977533,-97.22350985,5,3696,3782,0,0,0,0,0,0,11.23737089,-9.805890671,11.22909139,6.561373191e-05,0,0,222,106,0.08898878656,0.08898878655,0.7643212519
4715,0.15625,0.6875,-119.4804454,-90.8416926,5,3782,3754,0,0,0,0,0,0,47.07834652,25.77583048,46.93337,6.561373191e-05,0,0,18,9,0.02124118781,0.0212411878,0.9436443915
4716,0.125,0.65625,-124.3625107,-136.5208721,5,3782,3692,0,0,0,0,0,0,18.4614567,-31.67491117,18.43912093,6.561373191e-05,0,0,358,177,0.05416690656,0.05416690654,0.9252609014
4717,0.09375,0.6875,-125.8310809,-140.7749211,5,3782,3757,0,0,0,0,0,0,10.90530613,-16.24743027,10.89750855,6.561373191e-05,0,0,1031,513,0.09169848035,0.09169848027,9.421718101
4718,0.109375,0.671875,-125.0967958,-113.6779982,6,4344,3782,0,0,0,0,0,0,2.809374394,1.008727749,2.8090875,3.635362421e-05,0,0,1129,558,0.3559511334,0.3559511332,4.096143896
4719,0.078125,0.65625,-158.4506866,-183.1983724,6,4349,4344,0,0,0,0,0,0,1.427146582,-23.41507456,1.427072542,3.635362421e-05,0,0,745,367,0.700698872,0.7006988719,2.71574555
4720,0.0546875,0.6796875,-159.5521143,-173.7248667,7,3757,4442,0,0,0,0,0,0,8.487957751,0.8195786003,8.483835811,5.724087423e-05,0,0,524,264,0.11781397,0.1178139699,76.52530559
4721,0.0546875,0.6640625,-184.1550561,-137.5899061,7,4442,4349,0,0,0,0,0,0,3.995236025,53.65541026,3.99432256,5.724087423e-05,0,0,589,292,0.2502981035,0.2502981034,1.874229356
4722,0.0390625,0.6640625,-217.758323,-217.758323,7,4442,4345,1,0,0,0,0,1,23.10943749,0,0,0,0,0,497,252,0.0432723644,0.04327236435,36.20680374
4723,0.0390625,0.6796875,-62.49162343,-163.9277678,7,4442,4434,0,0,0,0,0,0,69.56932373,-32.57808088,69.29338301,5.724087423e-05,0,0,209,104,0.01437415151,0.0143741515,13.85493558
4724,0.03125,0.6796875,-13.961378,-134.0854579,7,4434,4593,0,0,0,0,0,0,45.05165222,-7.30020495,44.93577203,5.724087423e-05,0,0,166,80,0.0221967442,0.02219674417,18.72911785
4725,0.0390625,0.671875,-135.9919533,-190.6173202,7,4593,4442,0,0,0,0,0,0,22.23383981,0.9839446262,22.20557912,5.724087423e-05,0,0,334,168,0.04497648667,0.04497648663,34.69016659
4726,0.03125,0.6640625,-213.2146927,-213.2146927,7,4593,4345,1,0,0,0,0,1,28.75619898,0,0,0,0,0,409,209,0.0347751106,0.03477511057,25.25853256
4727,0.0234375,0.671875,-163.941152,-163.941152,7,4593,4445,1,0,0,0,0,1,62.90929821,0,0,0,0,0,208,103,0.01589590138,0.01589590136,13.42440215
4728,0.02734375,0.67578125,-68.69743645,-182.0232048,8,4594,4593,0,0,0,0,0,0,305.510278,8.48257246,292.8395318,0.0001416271981,0,0,42,21,0.0032732123,0.003273212296,3.407493274
4729,0.01171875,0.67578125,-56.13897807,-65.31703418,8,4445,4577,0,0,0,0,0,0,392.1515864,-8.203431998,371.5177399,0.0001416271981,0,0,25,12,0.00255003431,0.002550034305,3.858330196
4730,0.00390625,0.67578125,199.2359962,169.5170403,8,4577,4503,0,0,0,0,0,0,372.1606066,21.90653036,353.5268887,0.0001416271981,0,0,19,10,0.002687011958,0.002687011953,3.891080248
4731,0.00390625,0.68359375,150.3936297,198.8119083,8,4577,3758,0,0,0,0,0,0,3.471439818e+11,1.248182826e-06,7060.790535,0.0001416271981,0,0,4,0,2.880649103e-12,0,2.880649103
4732,0.01171875,0.68359375,-57.21813792,-20.79591756,8,4577,4590,0,0,0,0,0,0,1080.289156,10.99894957,936.9390494,0.0001416271981,0,0,10,2,0.0009256780879,0.0009256780837,1.125857872
4733,0,0.63671875,16.92651376,16.92651376,8,4505,4573,1,0,0,0,0,1,28054.73446,0,0,0,0,0,10,3,3.564460756e-05,3.564460589e-05,0.07461232282
4734,0.00390625,0.6328125,-144.5241372,130.9761714,8,4573,4502,0,0,0,0,0,0,728.9851659,119.6345,660.765055,0.0001416271981,0,0,13,9,0.001371770026,0.001371770025,1.455842744
4735,0,0.62890625,-297.5925404,-70.24698874,8,4573,3697,0,0,0,0,0,0,1.384274598e+12,1.368177593e-06,7060.790642,0.0001416271981,0,0,3,0,7.224000221e-13,0,0.7224000221
4736,0.005859375,0.634765625,-67.98993561,-53.85646871,9,4502,4574,0,0,0,0,0,0,519.8451717,39.26349748,485.7587584,0.0001349853545,0,0,9,6,0.001923649683,0.001923649683,1.314314038
4737,0.001953125,0.634765625,-184.3081738,149.9922917,9,4574,4573,0,0,0,0,0,0,490.8453925,69.05468918,460.3443827,0.0001349853545,0,0,13,6,0.002037301389,0.002037301388,1.545929569
4738,0.001953125,0.638671875,101.9562197,101.9562197,9,4574,4505,1,1,1,0,0,1,1843.320252,81.667385,1853.022313,6.70537931e-05,0,120.940153,5,5,0.0005424993292,0.0005424993292,1.009126664
4739,0.01171875,0.64453125,-206.284282,-206.284282,8,4444,4506,1,0,0,0,0,1,62.79616847,0,0,0,0,0,62,30,0.01592453846,0.01592453846,0.1464210931
4740,0.00390625,0.64453125,0.7809950796,0.7809950796,8,4506,4505,1,1,1,0,0,1,294.9244715,141.6793286,283.099592,0.0001416271981,0,123.4973902,15,15,0.003390698625,0.003390698625,2.777045282
4741,0.00390625,0.65234375,164.3184578,164.3184578,8,4506,4435,1,1,1,0,0,1,560.8480691,218.1168411,519.5773426,0.0001416271981,0,59.7298042,16,16,0.001783014073,0.001783014073,3.439435792
4742,0.0078125,0.65625,-42.75398901,-42.75398901,7,4435,4504,1,0,0,0,0,1,191.0452561,0,0,0,0,0,49,27,0.00523436185,0.005234361845,5.006324914
4743,0.015625,0.6640625,-124.5686927,-124.5686927,7,4504,4445,1,0,0,0,0,1,78.24799733,0,0,0,0,0,207,104,0.01277987979,0.01277987978,13.62356552
4744,0.0234375,0.65625,-417.2175075,-417.2175075,7,4504,4345,1,1,1,0,0,1,28.84389426,-192.9987261,200.5478823,5.724087423e-05,0,43.58246,156,156,0.0346693824,0.0346693824,0.2469672885
4745,0.015625,0.6484375,-195.4702657,-195.4702657,7,4504,4444,1,0,0,0,0,1,16.8350134,0,0,0,0,0,87,43,0.05940001214,0.05940001213,0.5338385379
4746,0.01171875,0.65234375,-119.1121274,-119.1121274,8,4506,4504,1,0,0,0,0,1,146.3831643,0,0,0,0,0,78,41,0.006831386687,0.006831386683,4.324054615
4747,0.00390625,0.640625,172.7164686,172.7164686,8,4505,4572,1,1,1,0,0,1,1596.370065,357.1497591,1302.001335,0.0001416271981,0,106.641116,10,10,0.0006264211677,0.0006264211677,1.078691154
4748,0.0078125,0.64453125,-199.1221261,-129.0605189,8,4572,4506,0,0,0,0,0,0,28.10868322,44.53553887,27.99722755,0.0001416271981,0,0,33,16,0.03557619516,0.03557619515,0.3780492075
4749,0.01171875,0.640625,-249.8703593,-249.8703593,8,4572,4444,1,0,0,0,0,1,1051.095539,0,0,0,0,0,26,12,0.000951388302,0.0009513883003,1.387861908
4750,0.0078125,0.63671875,-102.7394978,-102.7394978,8,4572,4502,1,1,1,0,0,1,369.2876622,87.192064,350.9334306,0.0001416271981,0,88.54292119,15,15,0.002707916084,0.002707916084,1.119757432
4751,0.005859375,0.638671875,-171.8231316,-112.9636069,9,4574,4572,0,0,0,0,0,0,411.3723598,7.375757721,389.7308977,0.0001349853545,0,0,10,7,0.002430887677,0.002430887676,2.422198456
4752,0.046875,0.796875,-97.48878205,12.70150979,6,3762,4583,0,0,0,0,0,0,28.68030067,36.22445448,28.65042879,3.635362421e-05,0,0,142,68,0.03486713796,0.03486713795,2.159937569
4753,0.046875,0.765625,-44.8231422,-44.8231422,6,4583,3779,1,0,0,0,0,1,81.4227694,0,0,0,0,0,191,101,0.01228157685,0.01228157684,3.302091018
4754,0.015625,0.765625,199.8221187,199.8221187,6,4583,3672,1,1,1,0,0,1,550.9859177,273.427878,540.1662064,3.635362421e-05,0,98.18386908,38,38,0.001814928418,0.001814928418,4.667222976
4755,0,0.84375,74.05211562,272.9275651,5,3695,3767,0,0,0,0,0,0,228.6489291,-133.0731007,225.2693239,6.561373191e-05,0,0,42,19,0.004373517094,0.004373517085,7.850112377
4756,0.03125,0.8125,-40.30848283,-76.83339892,5,3767,3762,0,0,0,0,0,0,64.11504813,-265.4030752,63.84645709,6.561373191e-05,0,0,98,46,0.01559696248,0.01559696247,1.508525493
4757,0,0.78125,268.3387054,268.3387054,5,3767,3672,1,1,1,0,0,1,5872.158925,130.0253008,4238.925285,6.561373191e-05,0,240.762042,20,20,0.0001702951185,0.0001702951185,0.8152745772
4758,0.015625,0.796875,-53.65194558,119.8144749,6,4583,3767,0,0,0,0,0,0,24.56211398,-137.6333405,24.54020149,3.635362421e-05,0,0,71,32,0.04071310804,0.04071310803,2.725149761
4759,0.015625,0.75,32.58684352,32.58684352,6,3672,4585,1,1,1,0,0,1,1889.626038,126.3959537,1768.162538,3.635362421e-05,0,89.20835947,14,14,0.0005292052396,0.0005292052396,1.289987897
4760,0.03125,0.765625,-63.97010002,-63.97010002,6,4585,4583,1,1,1,0,0,1,215.0984604,-88.76889227,213.4295248,3.635362421e-05,0,49.08155247,38,38,0.00464903374,0.00464903374,4.360864823
4761,0.046875,0.75,-124.3927469,-87.51970456,6,4585,3779,0,0,0,0,0,0,65.33826367,-21.98749706,65.18343459,3.635362421e-05,0,0,156,74,0.01530496747,0.01530496745,15.65107489
4762,0.03125,0.734375,-132.4094107,-87.98681783,6,4585,4346,0,0,0,0,0,0,25.54836072,-3.899674483,25.52465405,3.635362421e-05,0,0,257,126,0.03914145455,0.03914145451,30.05802848
4763,0.0546875,0.6953125,-134.9491724,-182.2015455,7,3757,4578,0,0,0,0,0,0,2.45424949,-24.35797138,2.453904757,5.724087423e-05,0,0,161,85,0.4074565378,0.4074565378,1.786036588
4764,0.0390625,0.6953125,-141.7290391,-158.2552924,7,4578,4434,0,0,0,0,0,0,404.7466921,-43.60647655,395.5818307,5.724087423e-05,0,0,35,17,0.002470681094,0.00247068109,2.471024552
4765,0.0390625,0.7109375,-135.6834575,-125.2032167,7,4578,4346,0,0,0,0,0,0,11.8348643,42.48112239,11.82685234,5.724087423e-05,0,0,272,138,0.08449611039,0.08449611035,2.433638529
4766,0.078125,0.703125,-126.565366,-141.5445703,6,3757,4347,0,0,0,0,0,0,16.1432383,-7.176314489,16.13376995,3.635362421e-05,0,0,520,258,0.06194544004,0.06194543999,7.87974086
4767,0.078125,0.734375,-119.2829873,-129.7954057,6,4347,3779,0,0,0,0,0,0,2.63691778,-4.141320716,2.636665025,3.635362421e-05,0,0,1022,511,0.3792306334,0.3792306333,2.346714353
4768,0.109375,0.734375,-110.5320384,-107.3591802,6,4347,3696,0,0,0,0,0,0,3.382007544,-10.1007961,3.381591784,3.635362421e-05,0,0,822,408,0.2956823682,0.2956823681,3.970345423
4769,0.109375,0.703125,-117.8144171,-117.4960108,6,4347,3782,0,0,0,0,0,0,8.390218329,-11.5234558,8.387659969,3.635362421e-05,0,0,464,229,0.1191864098,0.1191864097,2.52003221
4770,0.0625,0.734375,-123.6584618,-136.4973809,6,3779,4588,0,0,0,0,0,0,1.590092637,3.354554419,1.590000726,3.635362421e-05,0,0,926,464,0.6288941768,0.6288941766,3.003042817
4771,0.078125,0.71875,-122.9241767,-130.3929804,6,4588,4347,0,0,0,0,0,0,2.233635408,-0.3818099975,2.23345405,3.635362421e-05,0,0,694,344,0.4477006393,0.4477006391,2.39098557
4772,0.0625,0.703125,-130.9408405,-169.492406,6,4588,3757,0,0,0,0,0,0,8.851179587,-20.92629978,8.848332438,3.635362421e-05,0,0,415,210,0.1129792916,0.1129792916,3.339943576
4773,0.046875,0.71875,-131.6751256,-147.360528,6,4588,4346,0,0,0,0,0,0,6.673084559,11.04634324,6.671466122,3.635362421e-05,0,0,678,342,0.1498557363,0.1498557362,3.34373549
4774,0.0546875,0.7109375,-131.3079831,-151.0600871,7,4578,4588,0,0,0,0,0,0,5.040206062,2.426401567,5.038752353,5.724087423e-05,0,0,311,162,0.1984045866,0.1984045865,1.294906168
4775,0.0390625,0.6875,-144.7518298,-153.8259322,7,4434,4592,0,0,0,0,0,0,77.72216219,-26.04928271,77.37791677,5.724087423e-05,0,0,66,33,0.01286634303,0.01286634302,14.27937435
4776,0.046875,0.6953125,-138.3391057,-191.1469531,7,4592,4578,0,0,0,0,0,0,183.5451629,-15.25516278,181.6368345,5.724087423e-05,0,0,29,12,0.005448250359,0.005448250352,3.125907224
4777,0.0546875,0.6875,-137.9719632,-166.4798599,7,4592,3757,0,0,0,0,0,0,25.66124048,4.491547927,25.62360269,5.724087423e-05,0,0,146,72,0.03896927745,0.03896927741,25.69105857
4778,0.046875,0.6796875,-162.9420476,-191.7943636,7,4592,4442,0,0,0,0,0,0,29.5591795,0.7982977894,29.50925005,5.724087423e-05,0,0,183,93,0.03383043835,0.03383043832,28.29129254
4779,0.0234375,0.7265625,-136.4177426,-41.34063022,7,4346,4580,0,0,0,0,0,0,22.93366089,-8.712528882,22.90359436,5.724087423e-05,0,0,319,158,0.04360402837,0.04360402833,33.16150576
4780,0.0078125,0.7265625,-39.35725179,229.384714,7,4580,4433,0,0,0,0,0,0,1834.489046,33.52916073,1660.159428,5.724087423e-05,0,0,36,18,0.0005451109138,0.0005451109114,2.138802644
4781,0.0078125,0.7421875,153.634763,153.634763,7,4580,3672,1,1,1,0,0,1,32262.3156,179.9402636,10567.76299,6.332145458e-05,0,128.7349846,1,1,3.099591524e-05,3.099591524e-05,0.04720633763
4782,0.0234375,0.7421875,-5.113727567,35.7273333,7,4580,4585,0,0,0,0,0,0,32.60880236,-20.1621436,32.54804959,5.724087423e-05,0,0,168,85,0.03066656632,0.03066656629,23.09760998
4783,0.01171875,0.66796875,-129.6393079,-98.42903583,8,4445,4576,0,0,0,0,0,0,142.299897,-0.4430749286,139.4887064,0.0001416271981,0,0,60,32,0.007027411975,0.007027411966,8.702101566
4784,0.01171875,0.66015625,-81.7746581,-81.7746581,8,4576,4504,1,0,0,0,0,1,124.2155859,0,0,0,0,0,53,24,0.008050519531,0.008050519526,4.405819454
4785,0.00390625,0.66015625,222.4580528,222.4580528,8,4576,4435,1,1,1,0,0,1,1524.087538,238.8665022,1253.513769,0.0001416271981,0,173.0248107,10,10,0.0006561302912,0.0006561302912,1.720889627
4786,0.00390625,0.66796875,125.7356663,55.78363499,8,4576,4503,0,0,0,0,0,0,296.4685938,-50.95451623,284.5220762,0.0001416271981,0,0,35,20,0.003373038565,0.003373038559,4.201881037
4787,0,0.66796875,253.4231535,331.3310176,8,4503,4609,0,0,0,0,0,0,723.4978385,-12.85715266,656.2535269,0.0001416271981,0,0,7,4,0.001382174136,0.001382174134,1.713469672
4788,0.00390625,0.6640625,27.81415323,88.71302945,8,4609,4576,0,0,0,0,0,0,747.2697753,-93.57112553,675.7523837,0.0001416271981,0,0,12,6,0.0013382048,0.001338204798,1.705645325
4789,0,0.66015625,57.58012725,242.1989426,8,4609,4435,0,0,0,0,0,0,135855.1628,21.0439205,6711.950932,0.0001416271981,0,0,8,3,7.360780256e-06,7.360779905e-06,0.01160563041
4790,0.009765625,0.599609375,-388.3520118,-341.7957339,9,4440,4614,0,0,0,0,0,0,213.2936954,8.49094316,207.3245067,0.0001349853545,0,0,69,36,0.004688371113,0.004688371102,7.610671695
4791,0.013671875,0.599609375,-352.6856757,-371.0978266,9,4614,4529,0,0,0,0,0,0,190.0680058,6.064615237,185.3135283,0.0001349853545,0,0,72,35,0.005261274752,0.005261274739,9.403604393
4792,0.013671875,0.595703125,-409.6291066,-409.6291066,9,4614,4437,1,1,1,0,0,1,667.2125944,-46.18528766,612.0857445,0.0001349853545,0,79.31108101,21,21,0.001498772668,0.001498772668,3.654909783
4793,0.00390625,0.59375,-212.3178732,-212.3178732,8,4220,4528,1,1,1,0,0,1,318.1047493,135.1211056,304.3912289,0.0001416271981,0,67.80499614,24,24,0.003143618579,0.003143618579,2.991777891
4794,0.0078125,0.59765625,-359.587417,-359.587417,8,4528,4440,1,0,0,0,0,1,411.5781686,0,0,0,0,0,73,36,0.002429672117,0.002429672111,4.980472439
4795,0.01171875,0.59375,-411.9806551,-411.9806551,8,4528,4437,1,1,1,0,0,1,458.8806122,-39.23245926,430.8778689,0.0001416271981,0,51.60678695,47,47,0.002179216061,0.002179216061,5.791332626
4796,0,0.5859375,-101.1417424,-101.1417424,7,4220,4438,1,1,1,0,0,1,173.1907074,222.7797569,171.49062,5.724087423e-05,0,67.27192552,35,35,0.005773981843,0.005773981843,4.711734396
4797,0.0078125,0.578125,-431.059931,-431.059931,7,4438,4342,1,0,0,0,0,1,14.76529941,0,0,0,0,0,223,119,0.06772636113,0.06772636111,1.010988861
4798,0,0.5703125,-219.4148095,-219.4148095,7,4438,3760,1,1,1,0,0,1,82.72327875,167.2656494,84.60315849,5.724087423e-05,0,66.30293493,64,64,0.01208849571,0.01208849571,8.647953803
4799,0.01171875,0.58203125,-495.3470323,-397.9692493,8,4342,4493,0,0,0,0,0,0,23.23928608,56.45683049,23.16304919,0.0001416271981,0,0,171,86,0.04303058178,0.04303058176,0.9492949515
4800,0.00390625,0.58203125,-378.0441608,-378.0441608,8,4493,4438,1,0,0,0,0,1,35.74079542,0,0,0,0,0,155,75,0.02797923181,0.02797923179,0.5360545856
4801,0.00390625,0.58984375,-346.8029238,-346.8029238,8,4493,4220,1,1,1,0,0,1,314.521632,-2.954431723,384.3027914,0.0001416271981,0,83.74073213,43,43,0.00317943155,0.00317943155,5.876681321
4802,0.01171875,0.58984375,-401.6901911,-401.6901911,8,4493,4437,1,1,1,0,0,1,204.5814608,-28.0305687,198.8207679,0.0001416271981,0,76.848383,115,115,0.004888028446,0.004888028446,10.28137761
4803,0.0078125,0.58984375,-380.8169383,-380.8169383,8,4528,4493,1,1,1,0,0,1,208.4112305,19.66175893,202.435988,0.0001416271981,0,47.62819132,59,59,0.004798205921,0.004798205921,8.284421596
4804,0.009765625,0.595703125,-323.5565807,-323.5565807,9,4614,4528,1,1,1,0,0,1,1637.265931,66.70390319,1340.914532,0.0001349853545,0,61.76517746,30,30,0.0006107743288,0.0006107743288,1.477672457
4805,0.005859375,0.630859375,-104.7401005,-17.71246531,9,4502,4570,0,0,0,0,0,0,723.8225463,80.68687522,659.3959709,0.0001349853545,0,0,6,4,0.001381554091,0.001381554089,1.430973762
4806,0.005859375,0.626953125,-139.5033029,170.9520647,9,4570,4507,0,0,0,0,0,0,1978.711585,235.1267959,1561.610084,0.0001349853545,0,0,2,1,0.0005053793627,0.0005053793626,0.9760242713
4807,0.001953125,0.626953125,-257.8085037,74.80970357,9,4570,3697,0,0,0,0,0,0,3357.620729,254.7977056,2310.454365,0.0001349853545,0,0,5,1,0.0002978299459,0.0002978299435,0.5751902029
4808,0.001953125,0.630859375,-64.41834875,109.0795912,9,4570,4573,0,0,0,0,0,0,1439.069244,33.42136301,1204.995019,0.0001349853545,0,0,9,4,0.0006948935948,0.0006948935939,1.145371385
4809,0.017578125,0.59375,-436.8659354,-436.8659354,9,4437,4630,1,1,1,0,0,1,2269.423722,-88.69094743,1737.23955,0.0001349853545,0,76.05905313,10,10,0.0004406404984,0.0004406404984,1.430825477
4810,0.01953125,0.595703125,-389.2502756,-434.4732508,9,4630,4533,0,0,0,0,0,0,1299.928843,-54.52694641,1105.878792,0.0001349853545,0,0,21,9,0.000769272876,0.0007692728727,1.968430329
4811,0.021484375,0.59375,-279.6321275,-237.3535308,9,4630,4530,0,0,0,0,0,0,2131.726848,195.7737965,1655.386291,0.0001349853545,0,0,19,12,0.0004691032535,0.000469103253,1.050900896
4812,0.015625,0.58984375,-386.8501506,-386.8501506,8,4437,4531,1,1,1,0,0,1,490.2020415,-0.5393053291,458.3786693,0.0001416271981,0,65.80041096,38,38,0.002039975185,0.002039975185,3.396310373
4813,0.01953125,0.5859375,-441.9619838,-443.8143866,8,4531,4490,0,0,0,0,0,0,475.5156881,-24.39071395,445.512241,0.0001416271981,0,0,84,44,0.002102980038,0.002102980033,0.1370244534
4814,0.015625,0.58203125,-511.2212493,-248.4327928,8,4531,4342,0,0,0,0,0,0,261.0690852,218.6385772,251.7603755,0.0001416271981,0,0,118,55,0.003830403739,0.003830403721,0.2070133251
4815,0.01171875,0.5859375,-410.2135499,-251.3049568,8,4531,4493,0,0,0,0,0,0,138.8263588,162.7404305,136.1494445,0.0001416271981,0,0,142,69,0.007203243018,0.007203243,0.4463866258
4816,0.021484375,0.587890625,-407.3323511,-357.0015919,9,4490,4644,0,0,0,0,0,0,14.91769632,38.59823209,14.88771736,0.0001349853545,0,0,67,31,0.06703447895,0.06703447894,0.6349553802
4817,0.017578125,0.587890625,-391.4581341,-423.9347469,9,4644,4531,0,0,0,0,0,0,22.43116233,-21.06791811,22.36344853,0.0001349853545,0,0,76,37,0.04458083737,0.04458083736,0.4367439431
4818,0.017578125,0.591796875,-362.48688,-362.48688,9,4644,4437,1,0,0,0,0,1,904.9859025,0,0,0,0,0,83,40,0.001104989588,0.001104989585,2.18082577
4819,0.021484375,0.591796875,-307.5215274,-307.5215274,9,4644,4530,1,1,1,0,0,1,488.4417506,139.9148794,458.2295379,0.0001349853545,0,72.77102436,26,26,0.002047327033,0.002047327033,5.031979928
4820,0.01953125,0.591796875,-314.2617602,-328.9020622,9,4630,4644,0,0,0,0,0,0,464.6497186,35.8307878,437.2264774,0.0001349853545,0,0,46,23,0.002152158841,0.002152158834,4.948424008
4821,0.328125,0.453125,76.82369896,57.08403942,6,3795,4460,0,0,0,0,0,0,47.95840237,-19.72547538,47.87493426,3.635362421e-05,0,0,196,95,0.02085140352,0.02085140346,39.43117665
4822,0.328125,0.484375,90.738777,128.6604906,6,4460,3825,0,0,0,0,0,0,47.55665068,37.95812296,47.47457395,3.635362421e-05,0,0,12,5,0.02102755315,0.02102755315,1.186845385
4823,0.359375,0.484375,118.5547127,73.32494843,6,4460,3703,0,0,0,0,0,0,48.33922595,-45.22230932,48.25442816,3.635362421e-05,0,0,18,10,0.02068713307,0.02068713307,1.192982304
4824,0.40625,0.40625,97.33102081,95.28767646,5,3686,3796,0,0,0,0,0,0,2.363068055,-2.100958204,2.362701719,6.561373191e-05,0,0,481,240,0.4231786714,0.4231786713,4.684408891
4825,0.40625,0.46875,125.1611769,103.3957781,5,3796,3703,0,0,0,0,0,0,15.98255683,-21.77856223,15.96581388,6.561373191e-05,0,0,100,58,0.06256821173,0.06256821172,4.111607016
4826,0.46875,0.46875,124.4732476,142.7064931,5,3796,3663,0,0,0,0,0,0,1.27702655,18.23002475,1.276919556,6.561373191e-05,0,0,966,473,0.7830690759,0.7830690756,4.941139597
4827,0.46875,0.40625,110.1411309,121.8429103,5,3796,3710,0,0,0,0,0,0,1.921877494,11.68657587,1.921635173,6.561373191e-05,0,0,1019,499,0.520324528,0.5203245277,4.191761012
4828,0.375,0.46875,125.5051415,124.2259208,5,3703,3828,0,0,0,0,0,0,240.363024,-1.297355556,236.6310879,6.561373191e-05,0,0,77,48,0.004160373685,0.004160373678,1.930726197
4829,0.40625,0.4375,111.2460989,100.6868959,5,3828,3796,0,0,0,0,0,0,2.975471643,-10.59459159,2.974890849,6.561373191e-05,0,0,470,242,0.336081173,0.3360811729,6.571749587
4830,0.375,0.40625,97.67498546,77.23242606,5,3828,3686,0,0,0,0,0,0,1.644431596,-20.50514462,1.644254186,6.561373191e-05,0,0,683,345,0.6081128593,0.6081128592,9.591365168
4831,0.34375,0.4375,83.77412779,49.63618854,5,3828,3795,0,0,0,0,0,0,11.09424757,-34.14934488,11.08617756,6.561373191e-05,0,0,476,237,0.09013680228,0.0901368022,2.46660107
4832,0.359375,0.453125,104.6396347,83.04452615,6,4460,3828,0,0,0,0,0,0,54.01405663,-21.60987875,53.90820212,3.635362421e-05,0,0,198,96,0.01851369925,0.0185136992,35.39039807
4833,0.3125,0.484375,76.83080915,129.7484101,6,3825,4659,0,0,0,0,0,0,5222.252365,71.56822122,4389.008716,3.635362421e-05,0,0,1,1,0.0001914882564,0.0001914882564,0.6370178014
4834,0.328125,0.46875,83.78123798,38.57362055,6,4659,4460,0,0,0,0,0,0,1403.723567,-26.58258696,1335.5689,3.635362421e-05,0,0,4,4,0.0007123909746,0.0007123909746,1.545617769
4835,0.3125,0.453125,62.91573111,28.6107949,6,4659,3795,0,0,0,0,0,0,471.0590621,-15.67654113,463.1281299,3.635362421e-05,0,0,27,18,0.002122876048,0.002122876046,4.531733473
4836,0.296875,0.453125,49.00776326,51.46303712,6,3795,4459,0,0,0,0,0,0,7.357076428,2.498412431,7.355109257,3.635362421e-05,0,0,607,311,0.1359235574,0.1359235572,93.30683418
4837,0.265625,0.453125,31.02429154,31.92803221,6,4459,3798,0,0,0,0,0,0,5.552425442,1.001932299,5.551304907,3.635362421e-05,0,0,1098,554,0.1801014729,0.1801014726,161.2864682
4838,0.265625,0.484375,35.10690559,29.2040577,6,4459,3673,0,0,0,0,0,0,7.282425,-5.80852973,7.280497543,3.635362421e-05,0,0,715,358,0.1373168965,0.1373168963,103.9596482
4839,0.296875,0.484375,62.9228413,48.21605601,6,4459,3825,0,0,0,0,0,0,21.91934301,-14.64142152,21.90189055,3.635362421e-05,0,0,202,102,0.04562180533,0.04562180529,33.20503299
4840,0.296875,0.46875,55.96530228,48.13345779,6,4659,4459,0,0,0,0,0,0,234.9163469,10.82214039,232.927135,3.635362421e-05,0,0,24,15,0.004256834457,0.004256834451,8.090619878
4841,0.125,0.78125,-196.5962239,-196.5962239,5,3696,3780,1,1,1,0,0,1,194.9944976,-121.1881483,193.6054357,2.973264303e-05,0,39.99864776,25,25,0.005128349838,0.005128349838,0.4276341811
4842,0.09375,0.8125,-99.12146179,-99.12146179,5,3780,3762,1,1,1,0,0,1,48.27875811,-35.99211482,48.12630598,6.561373191e-05,0,42.02815352,193,193,0.02071304315,0.02071304315,12.60793611
4843,0.125,0.84375,-48.70744485,-35.82154534,5,3780,3693,0,0,0,0,0,0,186129.2836,-21.75874614,14087.21702,6.561373191e-05,0,0,4,1,5.372609728e-06,5.372609404e-06,0.001588431818
4844,0.21875,0.78125,-91.78033814,-91.78033814,5,3669,3761,0,0,0,0,0,0,1e+300,0,1e+300,0,0,0,0,0,0,0,0
4845,0.15625,0.78125,-77.52339475,-77.52339475,5,3761,3696,1,0,0,0,0,1,1e+300,0,0,0,0,0,0,0,0,0,0
4846,0.15625,0.84375,-35.48375777,-35.48375777,5,3761,3693,1,0,0,0,0,1,1e+300,0,0,0,0,0,0,0,0,0,0
4847,0.21875,0.84375,38.11362024,38.11362024,5,3761,3706,0,0,0,0,0,0,1e+300,0,1e+300,0,0,0,0,0,0,0,0
4848,0.15625,0.8125,-56.50357626,-56.50357626,5,3780,3761,1,0,0,0,0,1,1e+300,0,0,0,0,0,0,0,0,0,0
4849,0.109375,0.859375,-44.11493103,-39.44560718,6,3693,4581,0,0,0,0,0,0,166.034947,10.2255801,165.0387775,3.635362421e-05,0,0,45,18,0.006022828436,0.006022828426,4.175144804
4850,0.109375,0.828125,-62.0509076,-100.735037,6,4581,3780,0,0,0,0,0,0,916.048131,-29.51696666,886.5253566,3.635362421e-05,0,0,11,3,0.001091645696,0.001091645695,0.2362096444
4851,0.078125,0.828125,-70.80185654,-38.27462064,6,4581,3762,0,0,0,0,0,0,22.39151001,61.33915047,22.37329786,3.635362421e-05,0,0,145,72,0.04465978398,0.04465978396,2.798600468
4852,0.09375,0.90625,-23.07860121,-49.24460492,5,3693,3763,0,0,0,0,0,0,265.5337321,-72.62856856,260.9866506,6.561373191e-05,0,0,33,18,0.003765999868,0.003765999866,0.8032483274
4853,0.03125,0.90625,64.59507173,169.790671,5,3763,3695,0,0,0,0,0,0,2191.555293,-21.08169833,1916.036654,6.561373191e-05,0,0,10,5,0.0004562969518,0.0004562969515,0.6715597571
4854,0.03125,0.96875,-7.692867068,55.18372342,5,3763,3660,0,0,0,0,0,0,1.404726049e+13,1.582798532e-07,15240.71212,6.561373191e-05,0,0,2,0,7.11882577e-14,0,0.0711882577
4855,0.09375,0.96875,42.70289873,243.7828228,5,3763,3707,0,0,0,0,0,0,1429.723598,266.7401207,1307.104753,6.561373191e-05,0,0,12,7,0.000699435892,0.0006994358917,0.5006091278
4856,0.03125,0.875,100.7390411,89.22718564,5,3695,3766,0,0,0,0,0,0,94.99090327,-60.51408931,94.40251996,6.561373191e-05,0,0,96,50,0.01052732383,0.01052732382,12.77040367
4857,0.0625,0.90625,20.75823526,-23.5122811,5,3766,3763,0,0,0,0,0,0,150.7825296,-21.66503015,149.305391,6.561373191e-05,0,0,29,16,0.006632068069,0.006632068065,1.146973054
4858,0.09375,0.875,13.06536819,-40.15283668,5,3766,3693,0,0,0,0,0,0,84.91921459,-22.40570592,84.44867782,6.561373191e-05,0,0,62,28,0.01177589789,0.01177589789,2.076119851
4859,0.0625,0.84375,-13.62155732,-51.63785305,5,3766,3762,0,0,0,0,0,0,38.58317709,16.05186154,38.4857471,6.561373191e-05,0,0,165,86,0.02591803152,0.0259180315,5.55110238
4860,0.078125,0.859375,-0.2780945623,-93.64989164,6,4581,3766,0,0,0,0,0,0,11.18681482,-18.74748978,11.18226721,3.635362421e-05,0,0,118,58,0.08939094959,0.08939094957,3.464886156
4861,0.01953125,0.57421875,-356.8752184,-356.8752184,8,4342,4491,1,1,1,0,0,1,5835.297256,131.1403573,3194.907825,0.0001416271981,0,148.0622381,14,14,0.0001713708756,0.0001713708756,0.6553963095
4862,0.02734375,0.57421875,-437.9708586,-445.0365788,8,4491,4354,0,0,0,0,0,0,1012.294214,-21.05318815,885.3613759,0.0001416271981,0,0,36,17,0.0009878550983,0.0009878550941,4.989900544
4863,0.02734375,0.56640625,-462.6678202,-477.7403232,8,4491,4221,0,0,0,0,0,0,531.2154739,-24.01972253,494.046131,0.0001416271981,0,0,29,18,0.001882475284,0.001882475277,8.485878681
4864,0.0078125,0.5625,-620.3148455,-620.3148455,7,3760,4353,1,1,1,0,0,1,1667.063598,-200.8334348,1521.84297,5.724087423e-05,0,62.64005685,36,36,0.0005998571387,0.0005998571387,5.084862136
4865,0.015625,0.5703125,-466.1674453,-466.1674453,7,4353,4342,1,0,0,0,0,1,849.3471903,0,0,0,0,0,81,39,0.001177374826,0.00117737482,4.590280061
4866,0.0234375,0.5625,-430.3509335,-430.3509335,7,4353,4221,1,0,0,0,0,1,11845.38444,0,0,0,0,0,9,5,8.442106754e-05,8.442106748e-05,0.5820654355
4867,0.015625,0.5546875,-518.2495254,-486.1238518,7,4353,4223,0,0,0,0,0,0,48854.55489,37.68970826,12868.3907,5.724087423e-05,0,0,9,5,2.04689205e-05,2.04689195e-05,0.2462239175
4868,0.01953125,0.56640625,-516.7019982,-516.7019982,8,4491,4353,1,1,1,0,0,1,26350.00381,-95.48914793,10312.81788,6.70537931e-05,0,122.7252154,7,7,3.795065864e-05,3.795065864e-05,0.3389145649
4869,0.02734375,0.578125,-425.6223778,-439.2464793,8,4354,4634,0,0,0,0,0,0,715.0036649,-48.99933856,649.2572963,0.0001416271981,0,0,35,15,0.00139859423,0.001398594225,3.321402064
4870,0.0234375,0.57421875,-494.8816432,-435.3704971,8,4634,4491,0,0,0,0,0,0,15111.71607,2.52434092,4812.295929,0.0001416271981,0,0,14,1,6.61738214e-05,6.61738156e-05,0.3419246625
4871,0.01953125,0.578125,-539.4439471,-419.9970622,8,4634,4342,0,0,0,0,0,0,3717.474154,35.80826303,2435.299861,0.0001416271981,0,0,24,14,0.0002689998527,0.0002689998517,2.002259532
4872,0.0234375,0.58203125,-470.1846816,-409.4689624,8,4634,4490,0,0,0,0,0,0,329.1740514,-1.31133445,314.5115245,0.0001416271981,0,0,41,21,0.00303790653,0.003037906521,4.473070103
4873,0,0.60546875,161.4685265,137.0091119,8,4436,4496,0,0,0,0,0,0,3032.139088,-20.1497759,2121.217516,0.0001416271981,0,0,12,8,0.0003298001744,0.0003298001739,1.016047196
4874,0.00390625,0.6015625,-194.4956877,-199.0343146,8,4496,4440,0,0,0,0,0,0,636.9804711,-42.38919427,584.2711721,0.0001416271981,0,0,43,18,0.001569906842,0.001569906839,1.197841059
4875,0,0.59765625,21.69708365,21.69708365,8,4496,4220,1,1,1,0,0,1,355.7493594,161.4485295,338.6851204,0.0001416271981,0,69.91062503,18,18,0.002810967817,0.002810967817,4.913716189
4876,0.005859375,0.603515625,-254.5469746,-275.3434425,9,4440,4616,0,0,0,0,0,0,890.2376,17.76993527,794.7350532,0.0001349853545,0,0,22,8,0.001123295623,0.001123295619,3.326607863
4877,0.001953125,0.603515625,-16.51358058,-79.55948521,9,4616,4496,0,0,0,0,0,0,1024.813423,50.58555764,900.2741725,0.0001349853545,0,0,31,14,0.0009757873752,0.0009757873675,3.045423106
4878,0.001953125,0.607421875,101.4172396,219.7250663,9,4616,4436,0,0,0,0,0,0,769.1578853,199.0344359,696.8114064,0.0001349853545,0,0,14,9,0.001300123185,0.001300123182,3.875629057
4879,0.005859375,0.607421875,-160.4208298,-291.0032691,9,4616,4495,0,0,0,0,0,0,3964.630115,-19.03518443,2582.539952,0.0001349853545,0,0,5,3,0.0002522303395,0.0002522303393,0.8405144423
4880,0.015625,0.62890625,-302.8547428,-264.2578733,8,4446,4508,0,0,0,0,0,0,434.8357641,30.91849326,409.6101017,0.0001416271981,0,0,18,8,0.002299718842,0.002299718839,3.320684827
4881,0.01171875,0.6328125,-162.4549532,-231.6473556,8,4508,4502,0,0,0,0,0,0,1654.376465,-4.788832605,1340.330682,0.0001416271981,0,0,14,6,0.0006044573416,0.0006044573403,0.9248500978
4882,0.015625,0.63671875,-286.8232285,-286.8232285,8,4508,4444,1,0,0,0,0,1,567.7782019,0,0,0,0,0,23,12,0.00176125113,0.001761251129,2.037505548
4883,0.03125,0.6328125,-271.3667804,-266.3992333,7,4348,4447,0,0,0,0,0,0,69.91296893,-1.939720614,69.63430085,5.724087423e-05,0,0,135,63,0.01430349784,0.01430349782,14.83284126
4884,0.0234375,0.640625,-269.3760042,-269.3760042,7,4447,4444,1,0,0,0,0,1,77.01096078,0,0,0,0,0,132,70,0.01298516458,0.01298516456,8.07733556
4885,0.03125,0.6484375,-247.7479718,-247.7479718,7,4447,4345,1,0,0,0,0,1,3.980770834,0,0,0,0,0,307,150,0.2512076283,0.2512076283,1.295440859
4886,0.0390625,0.6484375,-234.4815557,-234.4815557,7,4345,4443,1,0,0,0,0,1,18.00379643,0,0,0,0,0,356,179,0.05554384064,0.05554384061,0.6521331819
4887,0.0546875,0.6484375,-208.757998,-214.9099014,7,4443,4349,0,0,0,0,0,0,28.91313157,-6.963713916,28.86535903,5.724087423e-05,0,0,238,120,0.03458636079,0.03458636076,23.00432665
4888,0.0546875,0.6328125,-233.3609399,-226.9013358,7,4443,3759,0,0,0,0,0,0,23.64471412,-2.254277249,23.61275557,5.724087423e-05,0,0,201,103,0.04229275072,0.04229275069,27.44131068
4889,0.0390625,0.6328125,-258.6981669,-236.6431519,7,4443,4348,0,0,0,0,0,0,62.27635241,14.54554274,62.05514117,5.724087423e-05,0,0,144,70,0.01605745939,0.01605745937,13.23817578
4890,0.0390625,0.640625,-246.3966959,-234.7396896,7,4447,4443,0,0,0,0,0,0,59.60781882,8.098569471,59.4051283,5.724087423e-05,0,0,156,78,0.01677632263,0.01677632261,14.87264763
4891,0.01953125,0.63671875,-190.981247,-190.981247,8,4444,4501,1,1,1,0,0,1,224.8176371,83.87868419,233.1991183,0.0001416271981,0,60.73597624,32,32,0.004448049596,0.004448049596,3.719853233
4892,0.02734375,0.63671875,-271.5503516,-266.1082013,8,4501,4447,0,0,0,0,0,0,83.28417197,0.8115025768,82.31326203,0.0001416271981,0,0,111,55,0.01200708342,0.0120070834,12.7061584
4893,0.02734375,0.62890625,-283.8518226,-276.807844,8,4501,4348,0,0,0,0,0,0,56.42116813,-1.537704545,55.97389352,0.0001416271981,0,0,91,44,0.01772384431,0.01772384429,16.64339594
4894,0.01953125,0.62890625,-296.5204361,-278.9657429,8,4501,4446,0,0,0,0,0,0,250.7933248,9.575214585,242.1909082,0.0001416271981,0,0,38,18,0.003987346955,0.003987346951,4.601826636
4895,0.01953125,0.6328125,-290.3697006,-325.1167371,8,4508,4501,0,0,0,0,0,0,966.864535,-40.7509974,850.4137154,0.0001416271981,0,0,28,13,0.001034271052,0.001034271051,1.605460313
4896,0.009765625,0.630859375,-98.40579379,-171.292012,9,4502,4569,0,0,0,0,0,0,1543.057264,84.88460521,1277.058567,0.0001349853545,0,0,8,4,0.0006480640889,0.0006480640877,1.257199655
4897,0.013671875,0.630859375,-232.654848,-229.5869354,9,4569,4508,0,0,0,0,0,0,6324.679615,90.7323075,3411.849892,0.0001349853545,0,0,6,2,0.0001581107757,0.0001581107755,0.3396482539
4898,0.013671875,0.626953125,-238.8055835,-324.4944601,9,4569,4446,0,0,0,0,0,0,1.375496482e+12,6.293741421e-07,7408.21105,0.0001349853545,0,0,3,0,7.270102199e-13,0,0.7270102199
4899,0.009765625,0.626953125,-133.1689962,-127.8413736,9,4569,4507,0,0,0,0,0,0,1457.72971,94.11063438,1218.051152,0.0001349853545,0,0,5,2,0.0006859982296,0.0006859982279,1.018063948
4900,0.1484375,0.5234375,-116.2235703,-145.2129225,7,4077,4211,0,0,0,0,0,0,2438.50536,-17.60556115,2139.824056,5.724087423e-05,0,0,2,1,0.0004100872676,0.0004100872676,0.5485702352
4901,0.1484375,0.5078125,52.00908071,52.00908071,7,4211,4201,1,1,1,0,0,1,16599.02546,130.1755948,7119.73263,7.987147425e-05,0,91.42350198,1,1,6.024450065e-05,6.024450065e-05,0.03379862043
4902,0.1328125,0.5078125,-127.2959016,-133.5895451,7,4211,3701,0,0,0,0,0,0,16.8724632,-1.934126611,16.85618359,5.724087423e-05,0,0,221,109,0.05926816898,0.05926816893,30.14154382
4903,0.078125,0.546875,-261.4274926,-269.5673736,6,3756,4032,0,0,0,0,0,0,323.7928167,-5.275517145,320.0257797,3.635362421e-05,0,0,84,46,0.003088394641,0.003088394637,4.657473242
4904,0.109375,0.546875,-175.4004146,-200.2181228,6,4032,3776,0,0,0,0,0,0,83.86838955,-28.03103474,83.61345881,3.635362421e-05,0,0,233,118,0.01192344345,0.01192344344,3.167577777
4905,0.109375,0.515625,-175.697209,-200.9325392,6,4032,3701,0,0,0,0,0,0,2.002059309,-23.71562233,2.001913605,3.635362421e-05,0,0,583,288,0.4994857023,0.4994857023,1.974231362
4906,0.078125,0.515625,-261.7242871,-241.1328231,6,4032,3775,0,0,0,0,0,0,2.406348379,28.18886224,2.406137891,3.635362421e-05,0,0,192,101,0.4155674253,0.4155674252,1.905197254
4907,0.125,0.515625,-132.68367,-146.9743138,6,3701,4130,0,0,0,0,0,0,1.329823953,-15.80978123,1.329759667,3.635362421e-05,0,0,631,305,0.7519792358,0.7519792357,3.856352714
4908,0.109375,0.53125,-175.5488118,-205.2838577,6,4130,4032,0,0,0,0,0,0,1.774859854,-30.58185527,1.774745343,3.635362421e-05,0,0,605,295,0.5634247672,0.5634247671,3.013178602
4909,0.125,0.546875,-132.3868755,-142.2469832,6,4130,3776,0,0,0,0,0,0,21.79662503,-16.11227938,21.77936735,3.635362421e-05,0,0,211,113,0.04587866235,0.04587866231,24.07970074
4910,0.140625,0.53125,-121.6113387,-147.7531947,6,4130,4077,0,0,0,0,0,0,297.0821165,-20.63671919,293.9079077,3.635362421e-05,0,0,35,24,0.003366072693,0.003366072692,3.340728974
4911,0.1328125,0.5234375,-127.1475043,-125.5890543,7,4211,4130,0,0,0,0,0,0,17.55485097,3.55144979,17.5372286,5.724087423e-05,0,0,204,101,0.05696431156,0.05696431151,28.45945211
4912,0.15625,0.5078125,-97.11054957,-52.07675885,7,4201,4409,0,0,0,0,0,0,3620.993077,34.90184658,2999.326288,5.724087423e-05,0,0,1,1,0.0002761673328,0.0002761673328,0.5619999016
4913,0.1484375,0.515625,-111.6979519,-105.1690783,7,4409,4211,0,0,0,0,0,0,3.137294886e+12,5.058360983e-07,17470.03357,5.724087423e-05,0,0,1,0,3.187459376e-13,0,0.3187459376
4914,0.15625,0.5234375,-106.1617863,-103.1450507,7,4409,4077,0,0,0,0,0,0,2.9661455e+12,-4.030865739e-07,17470.03356,5.724087423e-05,0,0,1,0,3.371378781e-13,0,0.3371378781
4915,0.1640625,0.515625,-21.40571976,50.90908071,7,4409,4210,0,0,0,0,0,0,4770.855495,56.80931861,3747.467356,5.724087423e-05,0,0,1,1,0.0002096060132,0.0002096060132,0.4265477659
4916,0,0.65234375,318.5791918,318.5791918,8,4435,4571,1,1,1,0,0,1,8024.175161,144.366931,7510.769371,6.70537931e-05,0,133.5059169,8,8,0.0001246234011,0.0001246234011,1.434301813
4917,0.00390625,0.6484375,-138.1068384,89.20266141,8,4571,4506,0,0,0,0,0,0,2206.455193,-19.16256754,1681.116318,0.0001416271981,0,0,29,13,0.000453215639,0.0004532156366,0.7884529403
4918,0,0.64453125,-150.5918806,152.6306375,8,4571,4505,0,0,0,0,0,0,34774.0233,55.07603535,5869.085487,0.0001416271981,0,0,5,3,2.875709812e-05,2.87570981e-05,0.2325241422
4919,0.009765625,0.59375,-227.5632149,-394.1406167,9,4528,4795,0,0,0,0,0,0,1047.589581,11.63194239,917.8036541,0.0001349853545,0,0,38,19,0.0009545723037,0.0009545722999,0.8515073629
4920,0.01171875,0.595703125,-352.1144278,-395.3983913,9,4795,4614,0,0,0,0,0,0,1653.634788,1.071446457,1351.874192,0.0001349853545,0,0,22,10,0.0006047284487,0.0006047284461,1.111956832
4921,0.013671875,0.59375,-244.1893159,-330.1160781,9,4795,4437,0,0,0,0,0,0,166.232581,48.83845631,162.5843565,0.0001349853545,0,0,36,18,0.00601566789,0.006015667883,4.783477567
4922,0.009765625,0.587890625,-357.4130937,-394.6563929,9,4493,4802,0,0,0,0,0,0,142.9578623,6.891282085,140.2514005,0.0001349853545,0,0,121,62,0.006995068223,0.006995068209,10.44012411
4923,0.009765625,0.591796875,-270.8465079,-267.598511,9,4802,4528,0,0,0,0,0,0,512.1442412,133.0317863,479.0280851,0.0001349853545,0,0,61,33,0.001952574918,0.001952574916,1.680734031
4924,0.013671875,0.591796875,-287.4726088,-342.4805278,9,4802,4437,0,0,0,0,0,0,462.7400529,31.33174472,435.5351633,0.0001349853545,0,0,29,15,0.00216104051,0.002161040506,2.597249483
4925,0.013671875,0.587890625,-374.0391947,-383.0738435,9,4802,4531,0,0,0,0,0,0,153.2279843,31.11912155,150.122912,0.0001349853545,0,0,78,37,0.006526223028,0.006526223015,11.63158958
4926,0.01171875,0.591796875,-279.1595583,-384.9713285,9,4795,4802,0,0,0,0,0,0,144.0380916,21.86618609,141.2909667,0.0001349853545,0,0,47,24,0.00694260795,0.006942607939,6.57228267
4927,0.0078125,0.591796875,-262.5334574,-361.1714803,9,4528,4803,0,0,0,0,0,0,111.8162518,29.02166884,110.1536416,0.0001349853545,0,0,38,21,0.008943243793,0.008943243788,6.666672921
4928,0.009765625,0.58984375,-314.1298008,-380.3407634,9,4803,4802,0,0,0,0,0,0,283.7565331,10.91734128,273.2887602,0.0001349853545,0,0,86,47,0.003524147934,0.003524147927,4.576431746
4929,0.0078125,0.587890625,-349.1000432,-392.4989711,9,4803,4493,0,0,0,0,0,0,167.9439078,-1.388444205,164.2210225,0.0001349853545,0,0,56,30,0.005954369009,0.005954369002,7.287952993
4930,0,0.58984375,-62.55950439,-62.55950439,8,4220,4796,1,1,1,0,0,1,253.6100402,131.0716107,244.8166946,0.0001416271981,0,111.4186155,18,18,0.003943061557,0.003943061557,3.597322982
4931,0.00390625,0.5859375,-376.9352952,-376.9352952,8,4796,4493,1,1,1,0,0,1,266.8599897,-125.7015589,257.1414236,0.0001416271981,0,50.28293868,51,51,0.003747283364,0.003747283364,5.972980907
4932,0,0.58203125,-136.5698114,-136.5698114,8,4796,4438,1,1,1,0,0,1,90.23953017,90.39693072,89.1007889,0.0001416271981,0,58.2507643,30,30,0.01108161798,0.01108161798,7.955480358
4933,0.005859375,0.587890625,-375.8266223,-375.8266223,9,4493,4801,1,1,1,0,0,1,569.9356058,-1.722327049,529.2210615,0.0001349853545,0,83.55079009,19,19,0.001754584184,0.001754584184,4.955875943
4934,0.001953125,0.587890625,-236.3573165,-236.3573165,9,4801,4796,1,1,1,0,0,1,424.588287,-12.37942536,401.5728605,0.0001349853545,0,70.19415008,16,16,0.002355222767,0.002355222767,3.095771511
4935,0.001953125,0.591796875,-321.0948661,-321.0948661,9,4801,4220,1,0,0,0,0,1,901.3522937,0,0,0,0,0,34,21,0.001109444117,0.001109444116,1.897086401
4936,0.005859375,0.591796875,-254.2204069,-348.7098719,9,4801,4528,0,0,0,0,0,0,1469.373296,24.47566025,1226.169989,0.0001349853545,0,0,20,9,0.0006805622524,0.0006805622498,1.163827659
4937,0.005859375,0.58984375,-297.5036998,-340.5785944,9,4803,4801,0,0,0,0,0,0,412.9104584,23.23474518,391.1111492,0.0001349853545,0,0,24,12,0.002421832578,0.002421832574,3.310542806
4938,0.005859375,0.646484375,-149.8318527,-26.83210119,9,4506,4740,0,0,0,0,0,0,273.2914382,37.77096658,263.5683131,0.0001349853545,0,0,24,13,0.003659097432,0.003659097427,3.394523844
4939,0.005859375,0.642578125,-191.2866444,-115.5904214,9,4740,4572,0,0,0,0,0,0,4257.947112,-7.42871733,2703.869643,0.0001349853545,0,0,8,4,0.0002348549603,0.0002348549584,0.1477687414
4940,0.001953125,0.642578125,-161.1357978,77.98779896,9,4740,4505,0,0,0,0,0,0,7047.367778,153.4014935,3611.642854,0.0001349853545,0,0,9,4,0.000141896951,0.0001418969495,0.2349372132
4941,0.001953125,0.646484375,200.3406523,77.66937048,9,4740,4571,0,0,0,0,0,0,511.4577686,-96.13021218,478.4274672,0.0001349853545,0,0,24,12,0.001955195642,0.001955195639,2.275101897
4942,0.001953125,0.640625,-181.8631937,8.460043814,9,4505,4747,0,0,0,0,0,0,4977.873431,-2.081783986,2977.303852,0.0001349853545,0,0,6,2,0.0002008889968,0.0002008889956,0.3251693035
4943,0.00390625,0.642578125,-176.2112211,52.44350625,9,4747,4740,0,0,0,0,0,0,32689.87531,-34.34330205,6039.527532,0.0001349853545,0,0,7,1,3.05905113e-05,3.059050969e-05,0.05167553755
4944,0.005859375,0.640625,-212.0140403,-63.09200521,9,4747,4572,0,0,0,0,0,0,273.3468173,-40.88582348,263.6198214,0.0001349853545,0,0,11,6,0.003658356112,0.003658356109,3.93779993
4945,0.00390625,0.638671875,-50.01894961,62.71537426,9,4747,4574,0,0,0,0,0,0,582.5977971,-11.89377354,540.1214723,0.0001349853545,0,0,11,8,0.001716450019,0.001716450018,2.351260508
4946,0.017578125,0.576171875,-576.6114915,-361.8513412,9,4342,4861,0,0,0,0,0,0,1440.610757,70.30793716,1206.075653,0.0001349853545,0,0,23,14,0.0006941500297,0.0006941500275,6.162287461
4947,0.021484375,0.576171875,-435.9373553,-275.3302767,9,4861,4634,0,0,0,0,0,0,3029.175982,105.1822646,2150.037643,0.0001349853545,0,0,11,4,0.0003301227812,0.0003301227785,2.065129931
4948,0.021484375,0.572265625,-532.297055,-414.2487901,9,4861,4491,0,0,0,0,0,0,3.805304803e+11,1.07754397e-06,7408.210945,0.0001349853545,0,0,5,0,2.627910382e-12,0,2.627910382
4949,0.01171875,0.57421875,-552.7439949,-622.8572424,8,4342,4492,0,0,0,0,0,0,598.4108244,-138.7692279,551.657189,0.0001416271981,0,0,96,49,0.001671092766,0.001671092758,0.04060805329
4950,0.01171875,0.56640625,-462.4048435,-475.0941548,8,4492,4353,0,0,0,0,0,0,3175.696584,-32.28067552,2190.490572,0.0001416271981,0,0,44,21,0.0003148915438,0.0003148915413,1.466933305
4951,0.00390625,0.56640625,-437.3273249,-437.3273249,8,4492,3760,1,0,0,0,0,1,525.2185883,0,0,0,0,0,104,51,0.001903969171,0.001903969164,5.015312729
4952,0.00390625,0.57421875,-407.6857428,-407.6857428,8,4492,4438,1,0,0,0,0,1,531.324723,0,0,0,0,0,66,36,0.001882088216,0.001882088211,4.181635404
4953,0.015625,0.56640625,-463.2599827,-498.5479991,8,4353,4865,0,0,0,0,0,0,3682.289827,-53.00773949,2420.151061,0.0001416271981,0,0,25,10,0.0002715701499,0.0002715701439,1.028769327
4954,0.01171875,0.5703125,-507.5744192,-390.612934,8,4865,4492,0,0,0,0,0,0,1050.118182,72.8378129,914.1595347,0.0001416271981,0,0,55,24,0.0009522737701,0.00095227376,4.603152006
4955,0.015625,0.57421875,-553.5991341,-342.5439029,8,4865,4342,0,0,0,0,0,0,1274.66634,144.2708919,1079.743101,0.0001416271981,0,0,53,27,0.0007845190297,0.0007845190216,6.33071342
4956,0.01953125,0.5703125,-509.2846975,-443.5728604,8,4865,4491,0,0,0,0,0,0,235520.7094,25.33144715,6855.273089,0.0001416271981,0,0,3,2,4.245911123e-06,4.24591111e-06,0.05875544769
4957,0.017578125,0.572265625,-531.4419158,-401.0732309,9,4861,4865,0,0,0,0,0,0,2545.934255,10.4487799,1894.770242,0.0001349853545,0,0,17,10,0.00039278312,0.0003927831169,3.229360438
4958,0.0185546875,0.5966796875,-429.8523091,-393.6210845,10,4533,4648,0,0,0,0,0,0,570.0963989,-0.03634482417,0.2498904175,4,0,0,28,11,0.001754089312,0.001754089302,4.172519885
4959,0.0185546875,0.5947265625,-375.3635246,-364.0734674,10,4648,4630,0,0,0,0,0,0,1676.753371,-0.01231211694,0.2499627311,4,0,0,21,9,0.0005963906305,0.0005963906272,1.835148157
4960,0.0166015625,0.5947265625,-311.6190139,-361.8083646,10,4648,4437,0,0,0,0,0,0,522.3368029,0.006076860536,0.2498804026,4,0,0,25,16,0.001914473563,0.001914473561,2.460186144
4961,0.015625,0.595703125,-276.7982968,-336.8276494,9,4437,4618,0,0,0,0,0,0,5116.777193,15.96056607,3026.443194,0.0001349853545,0,0,15,9,0.0001954355178,0.0001954355177,0.3455035295
4962,0.013671875,0.59765625,-384.7234087,-394.7468099,9,4618,4614,0,0,0,0,0,0,251.772273,-24.44329116,243.4968924,0.0001349853545,0,0,49,24,0.003971843238,0.003971843224,11.51046501
4963,0.015625,0.599609375,-325.3901576,-365.3090553,9,4618,4529,0,0,0,0,0,0,458.0507039,1.197006303,431.3785116,0.0001349853545,0,0,48,24,0.002183164421,0.002183164412,5.239019426
4964,0.017578125,0.59765625,-395.0315919,-396.590065,9,4618,4533,0,0,0,0,0,0,639.7547428,-12.03155128,588.8988943,0.0001349853545,0,0,27,12,0.001563099002,0.001563099001,2.184246074
4965,0.0166015625,0.5966796875,-335.9149444,-368.6801483,10,4648,4618,0,0,0,0,0,0,965.15999,-0.006783706509,0.2499352607,4,0,0,17,10,0.001036097653,0.001036097649,2.059984584
4966,0.0166015625,0.59375,-284.3746217,-391.3714601,10,4437,4809,0,0,0,0,0,0,229.6119541,0.02665352245,0.2497280977,4,0,0,21,10,0.004355173945,0.004355173937,6.182637434
4967,0.017578125,0.5947265625,-343.4912693,-407.2905212,10,4809,4648,0,0,0,0,0,0,885.1276697,-0.007258430033,0.2499294087,4,0,0,15,8,0.001129780521,0.001129780519,1.46010233
4968,0.0185546875,0.59375,-348.1191323,-348.1191323,10,4809,4630,0,0,0,0,0,0,1e+300,0,1e+300,0,0,0,0,0,0,0,0
4969,0.015625,0.591796875,-295.7856593,-363.6261341,9,4437,4812,0,0,0,0,0,0,591.5418548,2.763153249,547.8002832,0.0001349853545,0,0,28,14,0.001690497455,0.001690497453,1.999031928
4970,0.017578125,0.58984375,-347.3820027,-351.0948491,9,4812,4644,0,0,0,0,0,0,281.1562682,31.85128209,270.8759885,0.0001349853545,0,0,38,19,0.003556740906,0.003556740901,3.694856818
4971,0.015625,0.587890625,-382.3522451,-381.4595622,9,4812,4531,0,0,0,0,0,0,260.8143423,25.31041767,251.9443598,0.0001349853545,0,0,35,16,0.003834144975,0.003834144968,4.52338059
4972,0.013671875,0.58984375,-330.7559017,-388.5116575,9,4812,4802,0,0,0,0,0,0,276.407729,5.760610008,266.4656311,0.0001349853545,0,0,26,12,0.003617843841,0.003617843831,6.290301227
4973,0.0185546875,0.5908203125,-329.8968815,-370.7428551,10,4644,4818,0,0,0,0,0,0,247.7857283,0.02170309785,0.2497480202,4,0,0,62,31,0.004035744943,0.004035744929,7.737125437
4974,0.0166015625,0.5908203125,-321.583831,-374.6574673,10,4818,4812,0,0,0,0,0,0,281.1434299,0.01024192442,0.249777891,4,0,0,31,15,0.003556903323,0.003556903316,3.453106098
4975,0.0166015625,0.5927734375,-278.3005381,-354.2186844,10,4818,4437,0,0,0,0,0,0,1285.133304,-0.01097011562,0.2499513764,4,0,0,21,9,0.0007781293949,0.000778129392,1.410557802
4976,0.0185546875,0.5927734375,-342.0450487,-356.4548594,10,4818,4630,0,0,0,0,0,0,205.9911181,-0.000431326885,0.2496969566,4,0,0,46,23,0.004854578242,0.004854578233,6.863340231
4977,0.017578125,0.5927734375,-310.1727934,-399.6817394,10,4809,4818,0,0,0,0,0,0,6721.101912,-0.005203820511,0.2499907013,4,0,0,6,2,0.0001487851268,0.0001487851254,0.2740050695
4978,0.005859375,0.650390625,-108.3770609,0.2001239001,9,4506,4741,0,0,0,0,0,0,678.0338384,-16.97414803,621.1805165,0.0001349853545,0,0,21,10,0.001474852645,0.001474852642,2.439325899
4979,0.001953125,0.650390625,241.795444,270.3122063,9,4741,4571,0,0,0,0,0,0,961.156743,14.73528393,850.7753733,0.0001349853545,0,0,14,6,0.001040413031,0.001040413027,2.625107189
4980,0.001953125,0.654296875,-36.77142259,36.28197592,9,4741,4435,0,0,0,0,0,0,830.2124936,-57.19894186,746.5493052,0.0001349853545,0,0,14,8,0.001204510903,0.001204510902,1.452435866
4981,0.00390625,0.65625,-31.11945001,-0.2054971935,8,4435,4742,0,0,0,0,0,0,1587.395544,9.966642107,1296.025244,0.0001416271981,0,0,10,6,0.0006299627108,0.0006299627103,0.4770451345
4982,0.0078125,0.66015625,-49.00259703,-49.00259703,8,4742,4576,1,0,0,0,0,1,935.4470855,0,0,0,0,0,31,14,0.001069007553,0.001069007549,1.681775116
4983,0.01171875,0.65625,-75.52605008,-75.52605008,8,4742,4504,1,0,0,0,0,1,362.3779941,0,0,0,0,0,36,19,0.002759549466,0.002759549463,2.093966481
4984,0.0078125,0.65234375,-86.34006631,-86.34006631,8,4742,4506,1,0,0,0,0,1,221.6560231,0,0,0,0,0,44,22,0.004511494819,0.004511494815,2.791059324
4985,0.005859375,0.654296875,-66.92226919,9.469334456,9,4741,4742,0,0,0,0,0,0,1427.238109,-51.26357379,1196.688584,0.0001349853545,0,0,8,2,0.0007006539369,0.0007006539349,0.9921513913
4986,0.078125,0.796875,-94.59394348,-98.73528746,6,3762,4582,0,0,0,0,0,0,4.153920339,-9.758612509,4.15329315,3.635362421e-05,0,0,462,232,0.2407364414,0.2407364413,3.050124504
4987,0.109375,0.796875,-61.26133683,-61.26133683,6,4582,3780,1,0,0,0,0,1,28.5427218,0,0,0,0,0,76,43,0.03503520117,0.03503520116,0.8403835624
4988,0.109375,0.765625,-85.49392073,-77.81187349,6,4582,3696,0,0,0,0,0,0,24.86818861,4.315983684,24.84572686,3.635362421e-05,0,0,172,88,0.04021201606,0.04021201603,13.60198627
4989,0.078125,0.765625,-112.6097401,-120.9080371,6,4582,3779,0,0,0,0,0,0,32.32032675,-10.38447915,32.28239619,3.635362421e-05,0,0,228,114,0.03094028126,0.03094028123,8.156832496
4990,0.125,0.765625,-71.93601101,-165.3585373,6,3696,4841,0,0,0,0,0,0,165.5441228,-27.06948303,164.5538168,3.635362421e-05,0,0,20,11,0.006040685606,0.006040685601,1.990311428
4991,0.109375,0.78125,-76.48602239,-124.3214126,6,4841,4582,0,0,0,0,0,0,41.29936568,17.39205056,41.23745253,3.635362421e-05,0,0,49,25,0.02421344695,0.02421344695,2.086503485
4992,0.125,0.796875,-116.5794287,-116.5794287,6,4841,3780,1,0,0,0,0,1,5.691667188e+14,0,0,0,0,0,2,0,1.756954451e-15,0,0.001756954451
4993,0.15625,0.75,-115.6406202,-99.18918163,5,3696,3781,0,0,0,0,0,0,1.235822193e+13,-3.444143033e-07,15240.71211,6.561373191e-05,0,0,1,0,8.091778944e-14,0,0.08091778944
4994,0.1875,0.78125,-132.3215344,-132.3215344,5,3781,3761,0,0,0,0,0,0,1e+300,0,1e+300,0,0,0,0,0,0,0,0
4995,0.21875,0.75,-185.0340419,-185.0340419,5,3781,3669,0,0,0,0,0,0,1e+300,0,1e+300,0,0,0,0,0,0,0,0
4996,0.1875,0.71875,-158.6214644,-128.3890843,5,3781,3754,0,0,0,0,0,0,1.545691504e+12,8.356231831e-07,15240.71198,6.561373191e-05,0,0,1,0,6.469596277e-13,0,0.6469596277
4997,0.171875,0.796875,-105.9652806,-105.9652806,6,3761,4845,0,0,0,0,0,0,1e+300,0,1e+300,0,0,0,0,0,0,0,0
4998,0.171875,0.765625,-123.9810773,-123.9810773,6,4845,3781,0,0,0,0,0,0,1e+300,0,1e+300,0,0,0,0,0,0,0,0
4999,0.140625,0.765625,-89.28436644,-89.28436644,6,4845,3696,0,0,0,0,0,0,1e+300,0,1e+300,0,0,0,0,0,0,0,0
5000,0.140625,0.796875,-57.04301409,-57.04301409,6,4845,3780,1,0,0,0,0,1,1e+300,0,0,0,0,0,0,0,0,0,0
5001,0.140625,0.78125,-80.2764681,-80.2764681,6,4841,4845,0,0,0,0,0,0,1e+300,0,1e+300,0,0,0,0,0,0,0,0
5002,0.021484375,0.583984375,-493.8579824,-405.7856764,9,4490,4643,0,0,0,0,0,0,412.1851783,-5.758645788,390.4603685,0.0001349853545,0,0,45,25,0.002426094029,0.002426094019,8.662115293
5003,0.021484375,0.580078125,-423.1243311,-403.8426255,9,4643,4634,0,0,0,0,0,0,759.607273,-7.814634781,688.9637812,0.0001349853545,0,0,33,17,0.001316469754,0.001316469749,5.478179415
5004,0.017578125,0.580078125,-563.7984673,-454.5829159,9,4643,4342,0,0,0,0,0,0,650.4988673,-6.908187999,597.9906149,0.0001349853545,0,0,59,28,0.001537281693,0.001537281681,8.554456121
5005,0.017578125,0.583984375,-477.2318815,-363.0600234,9,4643,4531,0,0,0,0,0,0,364.1388913,44.23401203,347.078783,0.0001349853545,0,0,71,36,0.002746204879,0.002746204863,12.29059366
5006,0.0234375,0.7734375,-5.216120787,94.31211199,7,4583,4754,0,0,0,0,0,0,163.2961574,-28.34664188,161.7839283,5.724087423e-05,0,0,44,25,0.006123842813,0.006123842807,8.605379204
5007,0.0234375,0.7578125,-28.31513709,55.21494441,7,4754,4585,0,0,0,0,0,0,1180.693292,-46.98142969,1105.948932,5.724087423e-05,0,0,23,11,0.0008469600081,0.0008469600059,2.108158204
5008,0.0078125,0.7578125,-128.010165,-119.3156297,7,4754,3672,0,0,0,0,0,0,104922.5486,-123.1536606,14976.40153,5.724087423e-05,0,0,6,2,9.530839783e-06,9.53083823e-06,0.0134326933
5009,0,0.796875,323.9320813,327.0036474,6,3767,4757,0,0,0,0,0,0,6229.063102,-42.09285988,5078.941729,3.635362421e-05,0,0,15,5,0.0001605377861,0.000160537782,1.165242149
5010,0.015625,0.78125,104.4999466,107.9165924,6,4757,4583,0,0,0,0,0,0,1044.666265,-49.08729393,1006.444129,3.635362421e-05,0,0,36,18,0.0009572435078,0.0009572435018,2.202555781
5011,0,0.765625,-18.29409761,-128.3206087,6,4757,3672,0,0,0,0,0,0,13380.59668,-166.5037721,9001.815104,3.635362421e-05,0,0,6,2,7.473508273e-05,7.473508208e-05,0.1157576643
5012,0.0078125,0.7734375,43.10292447,221.9513849,7,4754,4757,0,0,0,0,0,0,522.4566657,-12.35606087,507.2858382,5.724087423e-05,0,0,27,15,0.001914034341,0.001914034337,3.046178696
5013,0.0078125,0.75,-139.5596731,-79.90913961,7,3672,4759,0,0,0,0,0,0,2.683753539e+14,3.24467635e-08,17470.03367,5.724087423e-05,0,0,1,0,3.726124569e-15,0,0.003726124569
5014,0.015625,0.7578125,-78.16265102,141.8902079,7,4759,4754,0,0,0,0,0,0,1563.404948,25.67506516,1434.987005,5.724087423e-05,0,0,7,2,0.0006396295477,0.0006396295452,1.410841973
5015,0.0234375,0.75,-39.86464525,-11.94665706,7,4759,4585,0,0,0,0,0,0,424.0076448,-30.39586062,413.9605861,5.724087423e-05,0,0,28,13,0.002358448043,0.002358448037,6.295337298
5016,0.015625,0.7421875,9.089789432,46.64293428,7,4759,4580,0,0,0,0,0,0,957.9659232,-23.26531128,908.1667735,5.724087423e-05,0,0,22,12,0.001043878468,0.001043878463,3.573348289
5017,0.03125,0.6953125,-113.4098692,-120.2001587,7,4434,4591,0,0,0,0,0,0,180.6767448,-27.14872205,178.8272959,5.724087423e-05,0,0,43,23,0.005534746606,0.005534746601,5.510828174
5018,0.0234375,0.703125,-132.8684656,-132.8684656,7,4591,4579,1,1,1,0,0,1,155.2253393,-122.5854746,153.8582723,5.724087423e-05,0,44.28306311,27,27,0.006442247154,0.006442247154,3.165909723
5019,0.03125,0.7109375,-151.5202904,-131.9840567,7,4591,4346,0,0,0,0,0,0,5.670086303,14.10290323,5.668246613,5.724087423e-05,0,0,184,93,0.1763641586,0.1763641586,2.001373785
5020,0.0390625,0.703125,-146.8123689,-121.2519968,7,4591,4578,0,0,0,0,0,0,14.87489081,19.91458069,14.86223633,5.724087423e-05,0,0,128,66,0.06722738425,0.06722738423,1.098413782
5021,0.01953125,0.69921875,36.44667144,-56.10950931,8,4579,4695,0,0,0,0,0,0,595.2400402,-26.22204237,548.9613981,0.0001416271981,0,0,13,7,0.001679994511,0.00167999451,1.156313939
5022,0.02734375,0.69921875,-69.80942585,-147.9513209,8,4695,4591,0,0,0,0,0,0,322.9611207,-8.669195041,308.8349842,0.0001416271981,0,0,24,12,0.003096347938,0.003096347933,3.523985307
5023,0.02734375,0.69140625,-50.75421525,-136.8342408,8,4695,4434,0,0,0,0,0,0,174.0487337,-24.06987655,169.8616384,0.0001416271981,0,0,27,12,0.005745517241,0.005745517234,5.172891765
5024,0.01953125,0.69140625,-56.69920321,-122.9214015,8,4695,4590,0,0,0,0,0,0,525.8270233,1.660419033,489.3820528,0.0001416271981,0,0,15,7,0.001901766086,0.001901766083,1.263644865
5025,0,0.638671875,-97.03649143,-67.39419521,9,4505,4733,0,0,0,0,0,0,1.574299451e+12,1.051184924e-06,7408.211055,0.0001349853545,0,0,2,0,6.352031687e-13,0,0.6352031687
5026,0.001953125,0.63671875,34.80775267,24.05937571,9,4733,4574,0,0,0,0,0,0,1382.283061,27.38625196,1164.922532,0.0001349853545,0,0,8,3,0.0007234408266,0.0007234408249,0.64315694
5027,0,0.634765625,42.46606654,89.40797769,9,4733,4573,0,0,0,0,0,0,2281.58501,-11.72678364,1744.356971,0.0001349853545,0,0,6,1,0.0004382917996,0.0004382917977,0.3855458971
5028,0.0029296875,0.6376953125,30.97859574,39.20917338,10,4574,4738,0,0,0,0,0,0,767.2064625,0.003527695444,0.2499185622,4,0,0,5,4,0.001303430105,0.001303430105,2.435453732
5029,0.0009765625,0.6376953125,-31.11436938,59.40136426,10,4738,4733,0,0,0,0,0,0,4855.055043,-0.001440212259,0.2499871275,4,0,0,4,2,0.0002059708883,0.0002059708878,0.3740147109
5030,0.0009765625,0.6396484375,-100.8656484,-24.87923776,10,4738,4505,0,0,0,0,0,0,1557.800116,-0.01756343556,0.2499598858,4,0,0,4,1,0.0006419308803,0.0006419308783,0.9935728695
5031,0.0029296875,0.6396484375,75.72901642,137.3327785,10,4738,4747,0,0,0,0,0,0,2512.327002,-0.006050024458,0.2499751251,4,0,0,5,3,0.000398037357,0.0003980373566,0.6719778794
5032,0.0107421875,0.5966796875,-440.7201677,-352.2655006,10,4614,4804,0,0,0,0,0,0,350.405195,-0.006183549192,0.2498217622,4,0,0,31,17,0.002853838968,0.00285383896,6.473089808
5033,0.0107421875,0.5947265625,-460.2412997,-367.7507816,10,4804,4795,0,0,0,0,0,0,281.7606798,0.01847419743,0.2497783772,4,0,0,29,13,0.003549111256,0.003549111247,5.325802351
5034,0.0087890625,0.5947265625,-385.4553226,-361.5239827,10,4804,4528,0,0,0,0,0,0,235.0829453,0.03805571017,0.2497344188,4,0,0,32,13,0.004253817728,0.004253817719,4.785681065
5035,0.005859375,0.599609375,-323.9091265,-321.1529068,9,4440,4615,0,0,0,0,0,0,292.7872308,-7.605782354,281.65564,0.0001349853545,0,0,30,14,0.003415449496,0.00341544949,2.441325327
5036,0.005859375,0.595703125,-317.8808193,-316.8740206,9,4615,4528,0,0,0,0,0,0,479.9679122,36.64904711,450.7635551,0.0001349853545,0,0,21,8,0.002083472612,0.002083472606,2.624203079
5037,0.001953125,0.595703125,-301.4417228,-301.4417228,9,4615,4220,1,0,0,0,0,1,1082.830755,0,0,0,0,0,37,19,0.0009235053545,0.0009235053532,0.964599873
5038,0.001953125,0.599609375,-99.70001,-113.9135251,9,4615,4496,0,0,0,0,0,0,230.5054697,36.66526442,223.54975,0.0001349853545,0,0,41,21,0.004338291847,0.004338291841,4.30069992
5039,0.0078125,0.595703125,-360.8370537,-320.6748205,9,4528,4794,0,0,0,0,0,0,772.9816189,58.90254959,699.9481867,0.0001349853545,0,0,33,12,0.001293691823,0.001293691818,2.081362688
5040,0.005859375,0.59765625,-320.8949729,-346.4158687,9,4794,4615,0,0,0,0,0,0,1267.037196,-12.88077266,1081.983904,0.0001349853545,0,0,14,4,0.0007892428123,0.0007892428079,2.006861858
5041,0.0078125,0.599609375,-366.8653609,-274.047235,9,4794,4440,0,0,0,0,0,0,597.479459,65.55419188,552.8884644,0.0001349853545,0,0,31,17,0.001673697706,0.0016736977,4.599711405
5042,0.009765625,0.59765625,-416.1018987,-407.4234126,9,4794,4614,0,0,0,0,0,0,1437.776873,-37.1487639,1204.088749,0.0001349853545,0,0,34,22,0.000695518212,0.0006955182112,2.369054877
5043,0.0087890625,0.5966796875,-388.4694762,-341.6058942,10,4804,4794,0,0,0,0,0,0,424.8129234,-0.03182740134,0.2498529629,4,0,0,34,17,0.002353977351,0.002353977345,2.853670381
5044,0.00390625,0.5625,-415.5249895,-483.608413,8,3760,4864,0,0,0,0,0,0,1161.534975,33.53096298,997.4495865,0.0001416271981,0,0,34,16,0.0008609297366,0.0008609297337,3.031057628
5045,0.0078125,0.56640625,-461.5497043,-532.3168332,8,4864,4492,0,0,0,0,0,0,923.424079,8.186590785,816.6243429,0.0001416271981,0,0,35,18,0.00108292606,0.001082926056,3.889398563
5046,0.01171875,0.5625,-417.2352678,-505.1722142,8,4864,4353,0,0,0,0,0,0,1033.273511,17.42072251,901.3676943,0.0001416271981,0,0,31,16,0.0009677979637,0.0009677979582,4.273578104
5047,0.01171875,0.55078125,-572.7806952,-568.171012,8,4223,4340,0,0,0,0,0,0,7299.364312,2.371051706,3589.047857,0.0001416271981,0,0,18,8,0.0001369982312,0.0001369982273,1.651911144
5048,0.00390625,0.55078125,-498.6839574,-377.3365508,8,4340,4335,0,0,0,0,0,0,1102.319736,120.119728,953.4660835,0.0001416271981,0,0,42,18,0.0009071778064,0.0009071777958,5.06152482
5049,0.00390625,0.55859375,-467.3734653,-403.6609754,8,4340,3760,0,0,0,0,0,0,998.3968913,62.51695953,874.7124201,0.0001416271981,0,0,40,21,0.001001605683,0.001001605676,5.890573669
5050,0.01171875,0.55859375,-469.0837436,-464.2115086,8,4340,4353,0,0,0,0,0,0,7061.197741,7.419987027,3530.497102,0.0001416271981,0,0,11,6,0.0001416190336,0.0001416190318,0.8936338473
5051,0.0078125,0.55859375,-468.2286044,-600.9383911,8,4864,4340,0,0,0,0,0,0,3396.494324,-31.6169507,2293.323311,0.0001416271981,0,0,17,9,0.0002944212192,0.0002944212146,1.141974238
5052,0.01953125,0.5625,-418.9455461,-421.8225454,8,4353,4866,0,0,0,0,0,0,41183.12704,5.807226956,6027.401033,0.0001416271981,0,0,4,2,2.428178897e-05,2.428178841e-05,0.1425071914
5053,0.0234375,0.56640625,-464.970261,-452.3817558,8,4866,4491,0,0,0,0,0,0,6076.974309,-1.387935486,3266.023071,0.0001416271981,0,0,4,3,0.0001645555747,0.0001645555747,1.18345539
5054,0.02734375,0.5625,-420.6558245,-411.9323316,8,4866,4221,0,0,0,0,0,0,11994.71179,21.15100147,4444.498346,0.0001416271981,0,0,3,2,8.337007318e-05,8.337007235e-05,0.5643599146
5055,0.01953125,0.55078125,-574.4909735,-639.6294386,8,4223,4357,0,0,0,0,0,0,10369.01509,-63.63381422,4200.473951,0.0001416271981,0,0,10,5,9.644117508e-05,9.644117325e-05,0.7974035739
5056,0.01953125,0.55859375,-470.7940219,-438.8468567,8,4357,4353,0,0,0,0,0,0,22823.04085,38.23819968,5392.505105,0.0001416271981,0,0,6,2,4.38153709e-05,4.381536892e-05,0.3225933138
5057,0.02734375,0.55859375,-472.5043003,-478.0306401,8,4357,4221,0,0,0,0,0,0,7106.080269,4.507977032,3541.681541,0.0001416271981,0,0,6,2,0.0001407245573,0.000140724556,0.8156543177
5058,0.0625,0.515625,-312.9267577,-318.2809126,6,3775,4036,0,0,0,0,0,0,4.128073133,-2.906843064,4.127453725,3.635362421e-05,0,0,97,47,0.2422437703,0.2422437703,2.488039858
5059,0.046875,0.53125,-377.7628008,-371.5732155,6,4036,4033,0,0,0,0,0,0,6.142842789,6.291512024,6.141471309,3.635362421e-05,0,0,168,82,0.1627910781,0.162791078,1.212814744
5060,0.0625,0.546875,-307.9133213,-325.6194707,6,4036,3756,0,0,0,0,0,0,369.5554658,-15.27522998,364.6564233,3.635362421e-05,0,0,89,47,0.002705953754,0.00270595375,2.71483318
5061,0.078125,0.53125,-265.0952177,-278.6150209,6,4036,4032,0,0,0,0,0,0,7.283999866,-11.80824999,7.282071575,3.635362421e-05,0,0,103,56,0.1372872074,0.1372872073,1.161054952
5062,0.0546875,0.5546875,-340.3313428,-310.8603391,7,3756,4217,0,0,0,0,0,0,458.5527798,30.72923066,446.8245461,5.724087423e-05,0,0,43,21,0.002180774044,0.002180774036,4.150175607
5063,0.0546875,0.5390625,-342.838061,-328.0297985,7,4217,4036,0,0,0,0,0,0,101.8443491,16.07468561,101.2540724,5.724087423e-05,0,0,131,62,0.009818905108,0.009818905087,14.90515564
5064,0.0390625,0.5390625,-410.1808223,-412.1571401,7,4217,4033,0,0,0,0,0,0,192.5265888,-3.047083581,190.4279979,5.724087423e-05,0,0,129,61,0.005194087769,0.005194087755,8.381621155
5065,0.0390625,0.5546875,-398.3835231,-428.4882151,7,4217,4221,0,0,0,0,0,0,685.6479438,-22.90825182,659.754501,5.724087423e-05,0,0,26,15,0.001458474439,0.001458474435,3.068059963
5066,0.03125,0.5546875,-427.4096132,-512.2555651,7,4221,4356,0,0,0,0,0,0,2464.507086,-74.68040501,2159.820098,5.724087423e-05,0,0,11,5,0.0004057606512,0.0004057606489,2.109969597
5067,0.0390625,0.546875,-404.2821727,-435.0795811,7,4356,4217,0,0,0,0,0,0,557.5185284,-27.73457121,540.2767584,5.724087423e-05,0,0,27,11,0.001793662361,0.001793662356,3.377506262
5068,0.03125,0.5390625,-439.2069124,-435.2973527,7,4356,4033,0,0,0,0,0,0,525.2931305,5.80790061,509.9595455,5.724087423e-05,0,0,49,24,0.001903698986,0.001903698976,4.677880737
5069,0.0234375,0.546875,-529.3962865,-411.6009864,7,4356,4223,0,0,0,0,0,0,3489.367387,119.431181,2908.449797,5.724087423e-05,0,0,34,20,0.0002865848989,0.0002865848942,2.423856165
5070,0.02734375,0.55078125,-478.4029499,-486.2467597,8,4357,4356,0,0,0,0,0,0,4292.479981,-1.943096018,2669.565762,0.0001416271981,0,0,11,6,0.0002329655594,0.0002329655576,1.628429085
5071,0.0234375,0.55859375,-471.6491611,-508.0119265,8,4866,4357,0,0,0,0,0,0,9368.790073,-28.20008975,4026.339236,0.0001416271981,0,0,3,1,0.0001067373687,0.0001067373676,0.80170415
5072,0.021484375,0.568359375,-487.1274793,-458.9626324,9,4491,4868,0,0,0,0,0,0,6811.869824,35.20363742,3548.768103,0.0001349853545,0,0,5,3,0.0001468025705,0.0001468025694,1.962379255
5073,0.021484375,0.564453125,-441.9579036,-419.986008,9,4868,4866,0,0,0,0,0,0,5158.168262,53.54299416,3040.875836,0.0001349853545,0,0,4,2,0.0001938672702,0.0001938672695,0.9028467758
5074,0.017578125,0.564453125,-441.1027644,-509.1109118,9,4868,4353,0,0,0,0,0,0,4071.908565,-38.30868993,2627.634475,0.0001349853545,0,0,8,4,0.0002455850823,0.0002455850805,1.591898823
5075,0.017578125,0.568359375,-486.2723401,-483.3250468,9,4868,4865,0,0,0,0,0,0,3474.867061,8.114442608,2365.373871,0.0001349853545,0,0,9,5,0.0002877807935,0.0002877807922,2.145478488
5076,0.001953125,0.59375,-228.9541969,-201.610321,9,4220,4793,0,0,0,0,0,0,1087.301085,52.23150785,948.1424768,0.0001349853545,0,0,11,7,0.0009197084542,0.0009197084538,0.7071514023
5077,0.00390625,0.595703125,-274.9245849,-209.1286557,9,4793,4615,0,0,0,0,0,0,953.7155182,50.77950395,844.9399534,0.0001349853545,0,0,16,7,0.0010485307,0.001048530697,1.127899086
5078,0.005859375,0.59375,-314.8666656,-329.0772556,9,4793,4528,0,0,0,0,0,0,188.0357396,-23.12682193,183.3811463,0.0001349853545,0,0,25,11,0.005318137936,0.005318137926,7.832988188
5079,0.00390625,0.591796875,-280.5505403,-232.5826835,9,4793,4801,0,0,0,0,0,0,1184.256585,46.98794066,1021.036459,0.0001349853545,0,0,20,10,0.0008444116018,0.0008444115994,1.240018737
5080,0.109375,0.8125,-58.47022573,-137.8541605,6,3780,4842,0,0,0,0,0,0,427.8657643,-70.05057698,421.3124716,3.635362421e-05,0,0,18,8,0.00233718162,0.002337181618,0.6991774319
5081,0.09375,0.796875,-81.03603377,-87.19201996,6,4842,4582,0,0,0,0,0,0,16.03832166,5.582855465,16.02897595,3.635362421e-05,0,0,286,154,0.06235066369,0.06235066364,45.28541731
5082,0.078125,0.8125,-85.58604515,-76.98087491,6,4842,3762,0,0,0,0,0,0,10.48629667,19.2184094,10.48230066,3.635362421e-05,0,0,320,162,0.0953625509,0.09536255083,41.30740653
5083,0.09375,0.828125,-89.995943,-68.18766009,6,4842,4581,0,0,0,0,0,0,49.70054765,35.2243115,49.61091091,3.635362421e-05,0,0,75,33,0.02012050263,0.02012050262,3.882515265
5084,0,0.654296875,138.3148299,-1.94598962,9,4435,4916,0,0,0,0,0,0,434.5443333,-172.5177023,410.467492,0.0001349853545,0,0,9,6,0.002301261168,0.002301261167,2.590023308
5085,0.001953125,0.65234375,225.2010621,57.02367764,9,4916,4741,0,0,0,0,0,0,1221.465826,-184.4530826,1048.57653,0.0001349853545,0,0,13,8,0.0008186884797,0.0008186884784,1.01090716
5086,0,0.650390625,416.8816965,310.8276942,9,4916,4571,0,0,0,0,0,0,3609.256594,-21.84002306,2426.885696,0.0001349853545,0,0,4,2,0.0002770653662,0.0002770653654,0.6369997095
5087,0.02734375,0.640625,-266.9042979,-264.7895216,8,4447,4884,0,0,0,0,0,0,74.70112014,-2.045035478,73.91907771,0.0001416271981,0,0,84,44,0.01338668012,0.01338668011,9.271624418
5088,0.0234375,0.63671875,-278.2082431,-303.0934608,8,4884,4501,0,0,0,0,0,0,138.9934022,-29.5383479,136.3101042,0.0001416271981,0,0,52,27,0.007194586105,0.007194586097,6.07881455
5089,0.01953125,0.640625,-276.0092123,-276.0092123,8,4884,4444,1,0,0,0,0,1,189.1904914,0,0,0,0,0,38,18,0.005285677903,0.005285677897,3.888019183
5090,0.02734375,0.65234375,-250.2003717,-250.2003717,8,4345,4500,1,0,0,0,0,1,16.03564998,0,0,0,0,0,189,89,0.06236105186,0.06236105185,0.322169928
5091,0.02734375,0.64453125,-258.561988,-258.561988,8,4500,4447,1,0,0,0,0,1,71.7772038,0,0,0,0,0,149,82,0.01393199995,0.01393199994,10.91593814
5092,0.01953125,0.64453125,-271.8284041,-271.8284041,8,4500,4444,1,0,0,0,0,1,361.5324346,0,0,0,0,0,49,26,0.002766003557,0.002766003552,2.46064318
5093,0.01953125,0.65234375,-184.6562495,-184.6562495,8,4500,4504,1,0,0,0,0,1,8.424413954,0,0,0,0,0,94,45,0.118702619,0.118702619,0.5057139689
5094,0.0234375,0.64453125,-175.1920113,-175.1920113,8,4884,4500,1,1,1,0,0,1,183.3727795,90.02269402,178.731032,0.0001416271981,0,56.35849169,29,29,0.005453372103,0.005453372103,4.353551606
5095,0.017578125,0.638671875,-236.8118337,-236.8118337,9,4444,4891,1,0,0,0,0,1,1310.362665,0,0,0,0,0,31,14,0.0007631475062,0.0007631475051,0.6927669082
5096,0.021484375,0.638671875,-279.3852235,-251.1750004,9,4891,4884,0,0,0,0,0,0,193.6008357,-20.99562438,188.6702634,0.0001349853545,0,0,16,10,0.00516526696,0.005165266957,3.013079626
5097,0.021484375,0.634765625,-283.8602157,-227.1046911,9,4891,4501,0,0,0,0,0,0,214.1730324,7.24990271,208.1552186,0.0001349853545,0,0,22,11,0.00466912192,0.004669121915,3.208114121
5098,0.017578125,0.634765625,-290.6891686,-300.6477854,9,4891,4508,0,0,0,0,0,0,469.8911466,-59.65778261,441.8643855,0.0001349853545,0,0,19,8,0.002128152461,0.002128152458,2.114734241
5099,0.01171875,0.69921875,142.7027687,40.41500239,8,4579,4696,0,0,0,0,0,0,1636.906693,-126.7613275,1328.840844,0.0001416271981,0,0,11,5,0.0006109083703,0.0006109083689,1.369950527
5100,0.01171875,0.69140625,49.55689408,55.12935721,8,4696,4590,0,0,0,0,0,0,1055.856819,-17.35261909,918.5053298,0.0001416271981,0,0,14,5,0.000947098112,0.0009470981095,0.6980716476
5101,0.00390625,0.69140625,268.0140766,277.7324857,8,4696,3758,0,0,0,0,0,0,539.4793087,-25.35626482,501.1862053,0.0001416271981,0,0,21,13,0.001853639211,0.001853639207,1.329311121
5102,0,0.7109375,299.4080943,344.5766801,7,4433,4699,0,0,0,0,0,0,1204.961221,38.54349913,1127.213861,5.724087423e-05,0,0,26,13,0.0008299022267,0.0008299022213,4.414710169
5103,0.0078125,0.703125,194.9378772,181.6750173,7,4699,4579,0,0,0,0,0,0,931.7374701,-31.78692964,884.5607768,5.724087423e-05,0,0,35,18,0.001073263695,0.001073263689,5.047235527
5104,0,0.6953125,320.2491851,350.7629794,7,4699,3758,0,0,0,0,0,0,4336.020934,1.388611846,3473.825646,5.724087423e-05,0,0,11,9,0.0002306261928,0.0002306261928,2.215107474
5105,0.00390625,0.69921875,257.5935312,347.6541114,8,4696,4699,0,0,0,0,0,0,1998.969578,66.23595421,1557.911619,0.0001416271981,0,0,20,14,0.0005002577382,0.0005002577365,2.586298564
5106,0.015625,0.69140625,-59.6716972,-41.02741358,8,4590,4702,0,0,0,0,0,0,1192.986467,39.83313679,1020.554296,0.0001416271981,0,0,8,4,0.000838232476,0.0008382324744,0.9589758918
5107,0.01171875,0.6953125,96.1298314,206.3499992,8,4702,4696,0,0,0,0,0,0,1299.887963,124.5599857,1097.786102,0.0001416271981,0,0,6,1,0.0007692970691,0.0007692970679,0.7098395003
5108,0.015625,0.69921875,33.47417746,20.93585601,8,4702,4579,0,0,0,0,0,0,305.2857164,7.102052775,292.6332045,0.0001416271981,0,0,9,4,0.003275620006,0.003275620004,1.994672523
5109,0.01953125,0.6953125,-90.08250823,-121.9710824,8,4702,4695,0,0,0,0,0,0,363.6979539,-6.697299044,345.8817502,0.0001416271981,0,0,11,7,0.002749534302,0.002749534302,1.762089365
5110,0.013671875,0.638671875,-248.9120041,-146.9430583,9,4444,4568,0,0,0,0,0,0,611.1408636,105.7239509,564.5668814,0.0001349853545,0,0,14,8,0.001636283972,0.001636283971,2.114158574
5111,0.013671875,0.634765625,-253.3869963,-252.904892,9,4568,4508,0,0,0,0,0,0,986.3686727,3.937334977,870.4697015,0.0001349853545,0,0,12,5,0.001013819708,0.001013819704,1.339963076
5112,0.009765625,0.634765625,-171.9536988,-198.4154605,9,4568,4502,0,0,0,0,0,0,593.6238419,-5.715859157,549.5852847,0.0001349853545,0,0,19,10,0.001684568458,0.001684568455,1.754034455
5113,0.009765625,0.638671875,-58.53133112,-58.53133112,9,4568,4572,1,1,1,0,0,1,1482.250382,158.8333402,1193.427364,0.0001715838257,0,167.2358844,10,10,0.0006746498514,0.0006746498514,0.3850220627
5114,0.0078125,0.638671875,-203.6857342,-193.2902329,9,4572,4750,0,0,0,0,0,0,1062.61216,-33.34126236,929.314065,0.0001349853545,0,0,11,5,0.0009410771283,0.0009410771266,0.5923973136
5115,0.009765625,0.63671875,-195.3574282,-212.9332685,9,4750,4568,0,0,0,0,0,0,192.591797,-50.21999235,187.7118388,0.0001349853545,0,0,12,9,0.005192329141,0.005192329139,4.409585536
5116,0.0078125,0.634765625,-156.8782755,-161.1133296,9,4750,4502,0,0,0,0,0,0,681.6058659,-28.38375745,624.1773037,0.0001349853545,0,0,11,7,0.001467123524,0.001467123523,1.270494651
5117,0.005859375,0.63671875,-41.69064353,-135.4949832,9,4750,4574,0,0,0,0,0,0,1421.931795,-72.36134218,1192.955882,0.0001349853545,0,0,4,2,0.000703268612,0.0007032686107,0.7215470796
5118,0,0.7421875,-69.80850307,-69.80850307,7,3672,4697,0,0,0,0,0,0,1e+300,4.101248408e-07,15792.43568,0,0,0,0,0,0,0,0
5119,0.0078125,0.734375,78.84095947,76.50891411,7,4697,4580,0,0,0,0,0,0,8369.514135,-0.1844293838,5658.601104,5.724087423e-05,0,0,11,3,0.0001194812487,0.0001194812443,0.946086501
5120,0,0.7265625,169.3888649,273.8106459,7,4697,4433,0,0,0,0,0,0,4100.646711,108.610268,3321.102294,5.724087423e-05,0,0,10,3,0.0002438639733,0.0002438639717,1.840300049
5121,0.01171875,0.73828125,33.56700677,167.4565284,8,4580,4781,0,0,0,0,0,0,2683.562216,37.00383534,1944.518152,0.0001416271981,0,0,2,1,0.0003726390222,0.000372639022,0.3752792103
5122,0.00390625,0.73828125,4.516228197,99.79751773,8,4781,4697,0,0,0,0,0,0,3.242649347e+12,6.03824617e-08,7060.790663,0.0001416271981,0,0,1,0,3.083898051e-13,0,0.3083898051
5123,0.00390625,0.74609375,-115.0824558,-19.36469151,8,4781,3672,0,0,0,0,0,0,1.654880021e+12,6.120208376e-07,7060.790648,0.0001416271981,0,0,1,0,6.04273414e-13,0,0.604273414
5124,0.01171875,0.74609375,5.1265012,93.27280152,8,4781,4759,0,0,0,0,0,0,3140.184925,0.2603817922,2173.536072,0.0001416271981,0,0,2,1,0.0003184525829,0.0003184525827,0.3207088543
5125,0,0.599609375,12.40454827,105.5031358,9,4496,4875,0,0,0,0,0,0,832.0018257,91.49394988,747.9958607,0.0001349853545,0,0,17,9,0.001201920439,0.001201920436,1.750901812
5126,0.001953125,0.59765625,-165.8341803,-77.27333058,9,4875,4615,0,0,0,0,0,0,409.7194032,65.61948761,388.2469701,0.0001349853545,0,0,22,13,0.002440694759,0.002440694756,3.597829806
5127,0,0.595703125,71.38635318,71.38635318,9,4875,4220,1,1,1,0,0,1,358.4616518,123.3936638,344.1126042,0.0001378097302,0,100.8208356,9,9,0.002789698689,0.002789698689,2.391865474
5128,0.0126953125,0.5966796875,-423.6881778,-395.3055268,10,4614,4792,0,0,0,0,0,0,1136.779383,-0.01063599187,0.2499450322,4,0,0,21,10,0.0008796781634,0.0008796781584,2.107260413
5129,0.0146484375,0.5966796875,-349.3571399,-384.6446169,10,4792,4618,0,0,0,0,0,0,567.2991486,-0.006106309931,0.2498898774,4,0,0,26,11,0.001762738411,0.001762738407,4.519949443
5130,0.0146484375,0.5947265625,-334.3593531,-377.7373819,10,4792,4437,0,0,0,0,0,0,443.7666883,0.04220566324,0.2498592395,4,0,0,25,11,0.002253436381,0.002253436378,3.224819586
5131,0.0126953125,0.5947265625,-443.2093099,-410.7723547,10,4792,4795,0,0,0,0,0,0,438.7406442,0.03247487809,0.2498576279,4,0,0,20,10,0.002279250881,0.002279250879,3.509959545
5132,0.0205078125,0.5908203125,-356.8062191,-343.2726394,10,4644,4819,0,0,0,0,0,0,693.6080238,0.01014032806,0.2499099239,4,0,0,7,4,0.001441736493,0.001441736492,2.070401734
5133,0.0205078125,0.5927734375,-359.6562428,-328.9805962,10,4819,4630,0,0,0,0,0,0,832.201801,-0.007946597671,0.2499249206,4,0,0,10,7,0.001201631622,0.001201631622,2.387895966
5134,0.0224609375,0.5927734375,-321.8359767,-411.6413171,10,4819,4530,0,0,0,0,0,0,317.1215049,0.03593978064,0.2498030699,4,0,0,42,22,0.003153365459,0.003153365454,4.97841777
5135,0.03125,0.58203125,-357.4458427,-379.6177151,8,4354,4635,0,0,0,0,0,0,133.1766101,-18.15062669,130.7112097,0.0001416271981,0,0,79,40,0.007508826059,0.007508826045,8.78471499
5136,0.02734375,0.5859375,-401.7602793,-361.5378111,8,4635,4490,0,0,0,0,0,0,244.6283166,17.83976456,236.4367244,0.0001416271981,0,0,69,35,0.004087834204,0.004087834192,10.2834626
5137,0.03125,0.58984375,-331.8197944,-356.0101777,8,4635,4034,0,0,0,0,0,0,6.309266419,-24.28029931,6.30363372,0.0001416271981,0,0,74,38,0.1584970318,0.1584970318,0.9288033247
5138,0.04296875,0.58203125,-313.9067075,-323.4796495,8,4341,4638,0,0,0,0,0,0,71.14173916,-10.00535624,70.4320932,0.0001416271981,0,0,91,51,0.01405644579,0.01405644577,10.76269837
5139,0.03515625,0.58203125,-342.9327977,-387.9308303,8,4638,4354,0,0,0,0,0,0,120.6882237,-42.46134029,118.6599998,0.0001416271981,0,0,70,36,0.008285812559,0.008285812548,8.474562809
5140,0.03515625,0.58984375,-317.3067493,-364.7481464,8,4638,4034,0,0,0,0,0,0,17.61124319,-49.01586639,17.56742597,0.0001416271981,0,0,56,30,0.05678190855,0.05678190854,0.337493292
5141,0.04296875,0.58984375,-303.6488434,-310.9927537,8,4638,4522,0,0,0,0,0,0,8.634805652,-8.531291765,8.624258845,0.0001416271981,0,0,62,33,0.1158103657,0.1158103657,0.5721764476
5142,0.03515625,0.5859375,-330.1197735,-420.4629586,8,4635,4638,0,0,0,0,0,0,127.5066802,-89.86207365,125.244955,0.0001416271981,0,0,41,20,0.007842726343,0.007842726333,0.09048607691
5143,0.029296875,0.591796875,-353.9770127,-383.005476,9,4034,4641,0,0,0,0,0,0,7.228450487,-42.32035405,7.221404311,0.0001349853545,0,0,77,38,0.1383422356,0.1383422355,0.7337163623
5144,0.029296875,0.587890625,-366.7900368,-317.453411,9,4641,4635,0,0,0,0,0,0,20.38792381,38.10031597,20.33196878,0.0001349853545,0,0,65,33,0.04904864318,0.04904864316,0.2841501317
5145,0.025390625,0.587890625,-423.9174976,-421.1612446,9,4641,4490,0,0,0,0,0,0,464.1102523,-32.82842531,436.748777,0.0001349853545,0,0,22,11,0.002154660439,0.002154660436,0.02263606721
5146,0.025390625,0.591796875,-346.6490553,-409.4792415,9,4641,4530,0,0,0,0,0,0,1146.086991,30.69121107,992.5366499,0.0001349853545,0,0,25,10,0.000872534116,0.0008725341123,2.529691956
5147,0.0234375,0.591796875,-342.9850766,-469.8438514,9,4530,4645,0,0,0,0,0,0,1114.15512,20.06926654,968.4981979,0.0001349853545,0,0,45,20,0.0008975410892,0.0008975410857,2.101133377
5148,0.025390625,0.58984375,-385.2832764,-418.4854272,9,4645,4641,0,0,0,0,0,0,13.4954717,-4.233791283,13.47093183,0.0001349853545,0,0,24,11,0.07409892904,0.07409892903,0.6019991049
5149,0.0234375,0.587890625,-420.2535189,-430.7321266,9,4645,4490,0,0,0,0,0,0,48.48962855,7.343357934,48.17430893,0.0001349853545,0,0,24,11,0.0206229668,0.0206229668,0.1688537723
5150,0.021484375,0.58984375,-377.955319,-311.2740284,9,4645,4644,0,0,0,0,0,0,1694.427317,110.2446123,1379.015037,0.0001349853545,0,0,20,9,0.0005901698997,0.0005901698979,1.042883139
5151,0.0224609375,0.5908203125,-360.4701978,-385.7444175,10,4819,4645,0,0,0,0,0,0,432.6669245,0.0140227331,0.2498556305,4,0,0,39,19,0.002311246697,0.002311246693,3.211154667
5152,0.109375,0.5625,-169.4321376,-150.5788985,6,3776,4131,0,0,0,0,0,0,15.01721695,-9.740766018,15.00902307,3.635362421e-05,0,0,230,120,0.0665902346,0.06659023456,33.69707855
5153,0.09375,0.546875,-217.2636776,-175.7360389,6,4131,4032,0,0,0,0,0,0,62.60091199,13.66939217,62.45877019,3.635362421e-05,0,0,74,36,0.01597420817,0.01597420816,9.445209664
5154,0.078125,0.5625,-260.0817812,-217.1808294,6,4131,3756,0,0,0,0,0,0,38.31941055,15.76207156,38.26610398,3.635362421e-05,0,0,111,51,0.02609643482,0.0260964348,12.28897396
5155,0.09375,0.578125,-212.2502412,-174.3707227,6,4131,4031,0,0,0,0,0,0,13.0708824,10.00487965,13.06467441,3.635362421e-05,0,0,267,135,0.07650592894,0.07650592888,39.26425509
5156,0,0.57421875,-228.8992509,-228.8992509,8,4438,4798,1,1,1,0,0,1,102.0606886,57.95666814,100.6064654,0.0001416271981,0,68.38899065,26,26,0.009798091839,0.009798091839,7.039479258
5157,0.00390625,0.5703125,-505.2086969,-505.2086969,8,4798,4492,1,1,1,0,0,1,983.401238,-165.1358164,863.1805844,0.0001416271981,0,50.4177902,23,23,0.001016878931,0.001016878931,2.720856352
5158,0,0.56640625,-385.4257353,-205.8733759,8,4798,3760,0,0,0,0,0,0,250.1117473,110.825998,241.5552268,0.0001416271981,0,0,53,28,0.003998212842,0.003998212835,7.536461618
5159,0.001953125,0.5859375,-155.9491552,-211.6731159,9,4796,4931,0,0,0,0,0,0,245.3828855,27.36892888,237.5156325,0.0001349853545,0,0,35,18,0.004075263838,0.004075263833,4.644152713
5160,0.00390625,0.587890625,-253.2294102,-360.87312,9,4931,4801,0,0,0,0,0,0,4639.469589,1.000427621,2852.845371,0.0001349853545,0,0,23,12,0.0002155418806,0.0002155418801,0.277869302
5161,0.005859375,0.5859375,-303.1891804,-345.2395112,9,4931,4493,0,0,0,0,0,0,260.3935391,43.93122379,251.5516704,0.0001349853545,0,0,47,21,0.00384034106,0.003840341048,9.171263621
5162,0.00390625,0.578125,-392.8649518,-392.8649518,8,4438,4797,1,0,0,0,0,1,49.94944077,0,0,0,0,0,77,39,0.02002024416,0.02002024416,0.2902613359
5163,0.0078125,0.58203125,-406.5885676,-424.8295058,8,4797,4493,0,0,0,0,0,0,37.3623679,-8.598441299,37.16570456,0.0001416271981,0,0,119,64,0.02676489891,0.02676489889,0.7754881854
5164,0.01171875,0.578125,-506.508108,-480.7581713,8,4797,4342,0,0,0,0,0,0,33.71462947,-11.50112411,33.55441023,0.0001416271981,0,0,154,81,0.02966071453,0.0296607145,0.8912343208
5165,0.0078125,0.57421875,-466.1473171,-473.1748871,8,4797,4492,0,0,0,0,0,0,593.4035085,-27.28188792,547.3989631,0.0001416271981,0,0,76,40,0.001685193946,0.001685193934,1.775399415
5166,0.005859375,0.583984375,-356.6287975,-346.048708,9,4493,4800,0,0,0,0,0,0,45.27664859,43.66936523,45.00161294,0.0001349853545,0,0,55,28,0.02208644038,0.02208644038,0.339590241
5167,0.005859375,0.580078125,-386.4081722,-431.6361157,9,4800,4797,0,0,0,0,0,0,20.70353598,-27.08707512,20.64583759,0.0001349853545,0,0,42,23,0.04830092797,0.04830092796,0.6840028706
5168,0.001953125,0.580078125,-366.3570667,-366.3570667,9,4800,4438,1,0,0,0,0,1,56.83767547,0,0,0,0,0,85,44,0.01759396372,0.01759396371,0.2494687164
5169,0.001953125,0.583984375,-209.3887723,-267.3442553,9,4800,4796,0,0,0,0,0,0,388.4645213,-27.75487223,369.1095177,0.0001349853545,0,0,52,24,0.002574237659,0.002574237655,3.038052834
5170,0.00390625,0.583984375,-283.0087849,-366.7895864,9,4931,4800,0,0,0,0,0,0,168.0434334,10.69912459,164.3161833,0.0001349853545,0,0,54,26,0.005950842469,0.005950842459,7.370531173
5171,0.0029296875,0.5888671875,-228.2495251,-291.5876281,10,4801,4934,0,0,0,0,0,0,448.266609,-0.007942954097,0.2498606518,4,0,0,25,11,0.002230815278,0.002230815273,3.125912469
5172,0.0029296875,0.5869140625,-302.9331718,-306.6407094,10,4934,4931,0,0,0,0,0,0,338.3374826,0.006800748178,0.2498154096,4,0,0,28,14,0.002955628778,0.002955628771,3.993208335
5173,0.0009765625,0.5869140625,-130.9692701,-168.7072244,10,4934,4796,0,0,0,0,0,0,386.0699125,0.04095784834,0.249838217,4,0,0,23,11,0.002590204436,0.002590204431,3.58796842
5174,0,0.591796875,100.4952192,100.4952192,9,4220,4930,1,1,1,0,0,1,577.3340668,234.7476601,487.9837544,0.0002676196494,0,112.5519356,9,9,0.001732099416,0.001732099416,1.542492137
5175,0.001953125,0.58984375,-203.26964,-227.0287453,9,4930,4801,0,0,0,0,0,0,2363.439259,-22.34750212,1791.801416,0.0001349853545,0,0,14,7,0.0004231122066,0.0004231122059,0.669863337
5176,0,0.587890625,-105.989385,-58.97417045,9,4930,4796,0,0,0,0,0,0,693.1346891,22.87556988,633.831493,0.0001349853545,0,0,12,6,0.001442721041,0.00144272104,1.663934236
5177,0.0009765625,0.5888671875,-154.6295125,-149.3521423,10,4934,4930,0,0,0,0,0,0,280.1263197,0.1030634897,0.2497770853,4,0,0,20,8,0.003569818078,0.003569818073,3.481470914
5178,0.0068359375,0.5869140625,-351.8293078,-388.6035501,10,4493,4933,0,0,0,0,0,0,846.1329181,0.009120997604,0.2499261564,4,0,0,17,8,0.001181847413,0.001181847409,3.215842122
5179,0.0048828125,0.5869140625,-376.5531843,-376.3715074,10,4933,4931,0,0,0,0,0,0,849.3025328,0.01180142808,0.2499264319,4,0,0,23,11,0.001177436734,0.00117743673,3.180278695
5180,0.0048828125,0.5888671875,-301.8695377,-361.3087008,10,4933,4801,0,0,0,0,0,0,701.935495,0.006783005367,0.2499109922,4,0,0,22,11,0.00142463233,0.001424632326,1.706733251
5181,0.0068359375,0.5888671875,-363.4963477,-378.3219524,10,4933,4803,0,0,0,0,0,0,13934.5346,0.001148409105,0.2499955148,4,0,0,16,8,7.176414777e-05,7.176414441e-05,0.1383874403
5182,0.021484375,0.646484375,-266.421396,-266.421396,9,4500,5092,1,0,0,0,0,1,653.8178142,0,0,0,0,0,20,11,0.001529478057,0.001529478055,1.445407431
5183,0.021484375,0.642578125,-274.5265795,-259.8631559,9,5092,4884,0,0,0,0,0,0,818.651065,10.74683483,737.1874944,0.0001349853545,0,0,21,11,0.00122152165,0.001221521648,1.067393882
5184,0.017578125,0.642578125,-186.0340597,-186.0340597,9,5092,4444,1,1,1,0,0,1,235.8475388,91.2279424,228.570768,0.0001349853545,0,69.71003895,19,19,0.004240027287,0.004240027287,1.348226854
5185,0.015625,0.65234375,-151.8841885,-151.8841885,8,4504,4745,1,0,0,0,0,1,36.81669752,0,0,0,0,0,94,47,0.02716158883,0.02716158882,0.3295268203
5186,0.01953125,0.6484375,-165.9135455,-165.9135455,8,4745,4500,1,1,1,0,0,1,52.04994085,14.4536627,164.7974644,0.0001416271981,0,100.3966621,34,34,0.0192123177,0.0192123177,0.1408368814
5187,0.015625,0.64453125,-239.056343,-239.056343,8,4745,4444,1,0,0,0,0,1,358.0889856,0,0,0,0,0,45,23,0.002792601952,0.002792601949,1.899454391
5188,0.01171875,0.6484375,-176.4238846,-209.1057618,8,4745,4506,0,0,0,0,0,0,219.2789865,-46.32033082,212.6742044,0.0001416271981,0,0,31,17,0.004560400501,0.004560400499,0.09264741117
5189,0.017578125,0.646484375,-210.4139611,-210.4139611,9,5092,4745,1,1,1,0,0,1,432.9161375,23.05239258,409.014423,0.0001349853545,0,73.06660991,15,15,0.002309916202,0.002309916202,0.9468457699
5190,0.0234375,0.642578125,-271.1198035,-242.5300167,9,4884,5094,0,0,0,0,0,0,369.4024959,-20.24907284,351.8574993,0.0001349853545,0,0,28,14,0.002707074292,0.002707074286,2.25190798
5191,0.021484375,0.64453125,-272.3409172,-214.1577002,9,5094,5092,0,0,0,0,0,0,478.3855061,9.353339305,449.367578,0.0001349853545,0,0,28,16,0.002090364334,0.002090364331,2.067312504
5192,0.0234375,0.646484375,-266.7484788,-214.2180633,9,5094,4500,0,0,0,0,0,0,1352.001026,3.88766273,1143.340921,0.0001349853545,0,0,17,8,0.0007396444093,0.0007396444085,0.7330780485
5193,0.03125,0.64453125,-255.3070372,-236.9465128,8,4447,4885,0,0,0,0,0,0,91.86554144,14.98734655,90.68566121,0.0001416271981,0,0,99,48,0.0108854744,0.01088547439,10.8387216
5194,0.02734375,0.6484375,-257.7492645,-226.8038377,8,4885,4500,0,0,0,0,0,0,126.6988155,27.5902129,124.4654084,0.0001416271981,0,0,70,37,0.007892733615,0.007892733608,4.806986429
5195,0.03125,0.65234375,-246.5643878,-237.0395016,8,4885,4345,0,0,0,0,0,0,38.1227423,6.543922232,37.91801471,0.0001416271981,0,0,138,65,0.02623106156,0.02623106153,0.5696666299
5196,0.0546875,0.65625,-201.3117511,-154.5166637,7,4349,4709,0,0,0,0,0,0,1.854384705,45.07908824,1.854187889,5.724087423e-05,0,0,305,148,0.5392624288,0.5392624287,2.466494974
5197,0.046875,0.6484375,-223.6815045,-224.4985722,7,4709,4443,0,0,0,0,0,0,41.34049123,-3.281566742,41.24289545,5.724087423e-05,0,0,155,79,0.0241893594,0.02418935938,16.87384652
5198,0.0390625,0.65625,-228.5659591,-241.4431824,7,4709,4345,0,0,0,0,0,0,47.96396054,-15.30579443,47.83263608,5.724087423e-05,0,0,241,119,0.02084898721,0.02084898719,1.459359346
5199,0.046875,0.6640625,-206.1962057,-194.4488242,7,4709,4442,0,0,0,0,0,0,6.300992311,10.06731016,6.298720524,5.724087423e-05,0,0,244,118,0.1587051611,0.1587051611,0.6410415249
5200,0.03515625,0.65234375,-239.7508358,-193.6373439,8,4345,4886,0,0,0,0,0,0,8.577730821,43.31067089,8.567322895,0.0001416271981,0,0,178,86,0.1165809491,0.116580949,0.958505511
5201,0.04296875,0.65234375,-226.1237318,-264.2702253,8,4886,4709,0,0,0,0,0,0,13.56400184,-40.59302859,13.53799493,0.0001416271981,0,0,158,79,0.07372455501,0.07372455499,0.7216858082
5202,0.04296875,0.64453125,-234.8663812,-238.6400301,8,4886,4443,0,0,0,0,0,0,48.87656156,-6.612397781,48.5405517,0.0001416271981,0,0,130,70,0.02045970437,0.02045970434,17.62362554
5203,0.03515625,0.64453125,-248.4934852,-243.7306773,8,4886,4447,0,0,0,0,0,0,48.3613542,1.567773032,48.03236692,0.0001416271981,0,0,138,72,0.02067766746,0.02067766744,18.64580522
5204,0.03515625,0.6484375,-244.1221605,-235.5950346,8,4885,4886,0,0,0,0,0,0,18.24607397,5.528197958,18.19904509,0.0001416271981,0,0,108,51,0.05480631075,0.05480631073,0.424039016
5205,0.025390625,0.646484375,-263.3417028,-222.3321384,9,4500,5091,0,0,0,0,0,0,112.2164367,37.46722563,110.5419935,0.0001349853545,0,0,45,29,0.008911350507,0.008911350502,6.837852374
5206,0.029296875,0.646484375,-256.5281508,-225.3768912,9,5091,4885,0,0,0,0,0,0,61.23974603,27.78706375,60.73766005,0.0001349853545,0,0,87,49,0.01632926432,0.01632926431,13.70774549
5207,0.029296875,0.642578125,-260.8994755,-262.3267076,9,5091,4447,0,0,0,0,0,0,55.60435335,-4.987534898,55.1901089,0.0001349853545,0,0,93,48,0.01798420339,0.01798420338,14.21818622
5208,0.025390625,0.642578125,-267.7130275,-290.6208216,9,5091,4884,0,0,0,0,0,0,76.46298898,-26.64623982,75.6818476,0.0001349853545,0,0,53,28,0.01307822272,0.01307822271,8.954568471
5209,0.025390625,0.64453125,-265.5273652,-247.2855637,9,5094,5091,0,0,0,0,0,0,188.5008341,-30.40993328,183.823473,0.0001349853545,0,0,20,10,0.005305016314,0.005305016308,5.437328187
5210,0.005859375,0.662109375,-19.62878845,83.08989169,9,4576,4785,0,0,0,0,0,0,2741.266886,-0.6127467587,2000.879631,0.0001349853545,0,0,6,2,0.0003647948345,0.0003647948339,0.8147381603
5211,0.005859375,0.658203125,-40.6931811,149.4944354,9,4785,4742,0,0,0,0,0,0,2171.920024,59.66893933,1679.522109,0.0001349853545,0,0,9,7,0.0004604221098,0.000460422109,0.7447972479
5212,0.001953125,0.658203125,-11.31353716,97.29865523,9,4785,4435,0,0,0,0,0,0,308.2186712,-25.27485037,295.9074402,0.0001349853545,0,0,13,7,0.00324444978,0.003244449779,2.379488927
5213,0.001953125,0.662109375,180.189565,445.793549,9,4785,4609,0,0,0,0,0,0,766.8949983,124.6408915,694.9536764,0.0001349853545,0,0,13,5,0.001303959476,0.001303959473,2.254800151
5214,0.0107421875,0.6376953125,-223.1706283,-140.5796554,10,4568,5113,0,0,0,0,0,0,597.6725666,-0.002670249087,0.2498954714,4,0,0,10,5,0.001673156936,0.001673156934,1.621323498
5215,0.0087890625,0.6376953125,-152.4661634,-80.64613111,10,5113,4750,0,0,0,0,0,0,271.3302943,-0.03917508552,0.2497698655,4,0,0,12,7,0.003685544965,0.003685544962,3.276435128
5216,0.0087890625,0.6396484375,-226.5057307,-137.7620525,10,5113,4572,0,0,0,0,0,0,347.863551,0.05062707281,0.2498204609,4,0,0,11,5,0.00287469037,0.002874690366,1.593744896
5217,0.013671875,0.642578125,-251.9604876,-113.1126508,9,4444,4739,0,0,0,0,0,0,1403.078018,131.3847395,1179.656916,0.0001349853545,0,0,8,4,0.0007127187421,0.0007127187409,1.339337352
5218,0.009765625,0.642578125,-222.5808436,-167.0594647,9,4739,4572,0,0,0,0,0,0,19.61793102,44.68991605,19.56611733,0.0001349853545,0,0,33,14,0.05097377491,0.0509737749,0.5703683443
5219,0.009765625,0.646484375,-182.016323,-134.6852147,9,4739,4506,0,0,0,0,0,0,7.918902564,33.5055297,7.910446803,0.0001349853545,0,0,42,20,0.1262801243,0.1262801243,1.229146775
5220,0.013671875,0.646484375,-211.3959669,-214.046635,9,4739,4745,0,0,0,0,0,0,14.33029201,-13.10788105,14.3026253,0.0001349853545,0,0,21,12,0.06978224864,0.06978224863,0.6270536638
5221,0.009765625,0.640625,-242.8631039,-324.0318469,9,4572,4749,0,0,0,0,0,0,29592.73199,-90.50314803,5924.962637,0.0001349853545,0,0,7,3,3.379208112e-05,3.379208001e-05,0.06561088249
5222,0.01171875,0.642578125,-237.2706656,-159.284645,9,4749,4739,0,0,0,0,0,0,1104.64885,68.83874044,961.3070012,0.0001349853545,0,0,8,4,0.0009052650533,0.0009052650505,1.68795756
5223,0.013671875,0.640625,-272.2427479,-193.7455803,9,4749,4444,0,0,0,0,0,0,425.2754729,72.53112811,402.1875124,0.0001349853545,0,0,12,7,0.002351417055,0.002351417052,3.182857335
5224,0.01171875,0.638671875,-239.5280015,-216.5087511,9,4749,4568,0,0,0,0,0,0,606.4944523,19.78425337,560.5993762,0.0001349853545,0,0,16,7,0.001648819698,0.001648819696,2.308342782
5225,0.0107421875,0.6396484375,-241.1955527,-154.1820287,10,5113,4749,0,0,0,0,0,0,1765.383048,0.004655612212,0.2499646019,4,0,0,9,3,0.0005664493047,0.0005664493008,0.5549101712
5226,0,0.583984375,-135.7687598,-59.52597589,9,4796,4932,0,0,0,0,0,0,317.5388823,59.33053018,304.4876003,0.0001349853545,0,0,28,11,0.003149220633,0.003149220627,5.604373731
5227,0.001953125,0.58203125,-262.8283894,-256.0212159,9,4932,4800,0,0,0,0,0,0,499.3493869,1.281956399,467.8162976,0.0001349853545,0,0,44,19,0.002002605843,0.002002605838,3.547245282
5228,0,0.580078125,-89.2890129,-89.2890129,9,4932,4438,1,1,1,0,0,1,146.9320922,156.3328636,144.0745632,0.0001349853545,0,85.28542747,22,22,0.006805865109,0.006805865109,4.32730194
5229,0.005859375,0.572265625,-441.4973036,-423.8236552,9,4492,4952,0,0,0,0,0,0,1688.606316,10.38732004,1375.156989,0.0001349853545,0,0,24,10,0.0005922043467,0.0005922043439,1.962893495
5230,0.001953125,0.572265625,-313.5502761,-313.5502761,9,4952,4798,1,0,0,0,0,1,833.6464005,0,0,0,0,0,56,30,0.001199549353,0.001199549352,2.887675298
5231,0.001953125,0.576171875,-381.1778577,-381.1778577,9,4952,4438,1,0,0,0,0,1,935.713516,0,0,0,0,0,72,35,0.001068703169,0.001068703166,1.867182026
5232,0.005859375,0.576171875,-415.1884389,-451.7257389,9,4952,4797,0,0,0,0,0,0,532.1807146,-32.34573103,496.5129138,0.0001349853545,0,0,27,15,0.001879060952,0.001879060949,4.155773185
5233,0.001953125,0.5703125,-263.0311625,-329.8276746,9,4798,5157,0,0,0,0,0,0,797.3078433,32.473414,719.8356197,0.0001349853545,0,0,14,8,0.001254220698,0.001254220696,2.182769135
5234,0.00390625,0.572265625,-367.5906204,-496.8409128,9,5157,4952,0,0,0,0,0,0,3401.831971,-40.39227088,2331.303325,0.0001349853545,0,0,20,11,0.0002939592574,0.0002939592552,1.016524323
5235,0.005859375,0.5703125,-410.8445289,-475.4678023,9,5157,4492,0,0,0,0,0,0,989.3269254,7.493830921,872.7727921,0.0001349853545,0,0,16,6,0.001010788218,0.001010788212,3.487716975
5236,0.005859375,0.568359375,-467.8061683,-401.6826756,9,4492,4951,0,0,0,0,0,0,3266.347645,47.35926694,2266.865867,0.0001349853545,0,0,18,8,0.0003061523477,0.000306152345,1.269989482
5237,0.005859375,0.564453125,-527.2210186,-508.4694013,9,4951,4864,0,0,0,0,0,0,902.7382407,20.3519987,804.6824954,0.0001349853545,0,0,33,13,0.001107740821,0.001107740816,3.572456618
5238,0.001953125,0.564453125,-433.9160808,-312.6226065,9,4951,3760,0,0,0,0,0,0,215.7272797,113.0552881,209.6230515,0.0001349853545,0,0,76,37,0.004635482363,0.004635482345,10.54123857
5239,0.001953125,0.568359375,-319.9928019,-163.3814207,9,4951,4798,0,0,0,0,0,0,266.9048542,164.9999772,257.6231441,0.0001349853545,0,0,63,34,0.003746653478,0.003746653468,7.201785272
5240,0.00390625,0.568359375,-393.8994851,-502.0629714,9,5157,4951,0,0,0,0,0,0,1170.123766,-30.78336218,1010.513579,0.0001349853545,0,0,18,10,0.0008546104518,0.0008546104496,1.50902653
5241,0.0029296875,0.5908203125,-315.3499216,-333.9219571,10,4801,4935,0,0,0,0,0,0,623.2787712,0.0193678114,0.249899764,4,0,0,14,10,0.001604418514,0.001604418512,2.862962547
5242,0.0009765625,0.5908203125,-200.6489188,-191.8167877,10,4935,4930,0,0,0,0,0,0,843.5600966,5.788342364e-05,0.2499259312,4,0,0,13,10,0.001185451996,0.001185451996,1.898098928
5243,0.0009765625,0.5927734375,-242.7833869,-308.1758971,10,4935,4220,0,0,0,0,0,0,618.4429034,0.03663251133,0.2498989806,4,0,0,13,6,0.001616964144,0.001616964144,1.089473867
5244,0.0029296875,0.5927734375,-266.3762115,-266.6801264,10,4935,4793,0,0,0,0,0,0,486.4291726,0.02610007805,0.2498715786,4,0,0,10,7,0.002055797753,0.002055797753,2.133118079
5245,0,0.5927734375,-185.4328855,-97.37335605,10,4220,5174,0,0,0,0,0,0,629.8811328,0.06126723164,0.2499008143,4,0,0,11,4,0.001587601133,0.00158760113,1.143450814
5246,0.0009765625,0.591796875,-221.7161528,-110.1803276,10,5174,4935,0,0,0,0,0,0,208.3070985,0.1186933215,0.2497003219,4,0,0,18,9,0.004800604528,0.004800604524,4.111183809
5247,0,0.5908203125,-143.2984175,18.94056388,10,5174,4930,0,0,0,0,0,0,634.4604151,-0.02049694152,0.2499015299,4,0,0,7,5,0.001576142461,0.00157614246,1.7156674
5248,0.021484375,0.640625,-277.3106434,-257.0883744,9,4884,5089,0,0,0,0,0,0,297.488929,15.60922528,286.0039682,0.0001349853545,0,0,10,6,0.003361469629,0.003361469628,1.512563374
5249,0.01953125,0.638671875,-232.4283187,-246.7971701,9,5089,4891,0,0,0,0,0,0,140.4249592,-13.30008956,137.8126768,0.0001349853545,0,0,25,12,0.007121241163,0.007121241158,4.13571475
5250,0.017578125,0.640625,-152.5949279,-152.5949279,9,5089,4444,1,1,1,0,0,1,730.2779361,129.0853461,647.5019893,0.000189173402,0,112.8347791,6,6,0.001369341658,0.001369341658,0.7045742634
5251,0.01953125,0.642578125,-278.5501114,-230.9689278,9,5089,5092,0,0,0,0,0,0,492.9674233,42.95876748,462.2103812,0.0001349853545,0,0,13,6,0.002028531608,0.002028531605,1.84208709
5252,0.0185546875,0.6435546875,-279.1698453,-228.933748,10,5092,5184,0,0,0,0,0,0,535.7491711,-0.004979545346,0.2498833953,4,0,0,9,4,0.001866545118,0.001866545117,1.634580849
5253,0.0185546875,0.6416015625,-281.3647608,-230.9930328,10,5184,5089,0,0,0,0,0,0,814.3181199,0.02334450649,0.2499232722,4,0,0,9,4,0.001228021305,0.001228021302,1.261796852
5254,0.0166015625,0.6416015625,-284.7991442,-234.3292219,10,5184,4444,0,0,0,0,0,0,358.6814654,0.004859909754,0.2498258721,4,0,0,19,11,0.002787989056,0.002787989054,1.375051665
5255,0.015625,0.646484375,-226.8490913,-167.2995404,9,4745,5187,0,0,0,0,0,0,670.3479616,50.01321829,614.7233896,0.0001349853545,0,0,13,6,0.001491762573,0.001491762572,1.00368108
5256,0.017578125,0.64453125,-255.4423736,-255.4423736,9,5187,5092,1,0,0,0,0,1,662.8164922,0,0,0,0,0,15,9,0.001508713214,0.001508713213,1.217511736
5257,0.015625,0.642578125,-267.3588928,-235.3288092,9,5187,4444,0,0,0,0,0,0,906.7143254,25.54258581,807.8402133,0.0001349853545,0,0,17,8,0.001102883204,0.001102883202,0.58447501
5258,0.013671875,0.64453125,-232.4783901,-148.7048207,9,5187,4739,0,0,0,0,0,0,379.9669018,74.01325136,361.4292096,0.0001349853545,0,0,12,6,0.002631808179,0.002631808175,3.956951567
5259,0.0166015625,0.6435546875,-264.5442434,-212.5555065,10,5184,5187,0,0,0,0,0,0,486.9392106,-0.0007428282858,0.2498717131,4,0,0,18,10,0.002053644435,0.002053644434,1.52355833
5260,0.0185546875,0.6455078125,-241.121015,-241.121015,10,5092,5189,1,1,1,0,0,1,252167.5602,16.08994143,5189.05671,0.000189173402,0,85.78646943,4,4,3.965617145e-06,3.965617145e-06,0.003984099351
5261,0.0166015625,0.6455078125,-244.2893426,-223.1092547,10,5189,5187,0,0,0,0,0,0,612.7828968,0.001454908799,0.2498980479,4,0,0,15,7,0.001631899332,0.001631899331,0.9199026649
5262,0.0166015625,0.6474609375,-224.0344419,-201.3307587,10,5189,4745,0,0,0,0,0,0,414.9006971,0.0006327363193,0.2498494523,4,0,0,11,4,0.00241021528,0.002410215279,1.463378091
5263,0.021484375,0.650390625,-222.8353187,-222.8353187,9,4500,5093,1,0,0,0,0,1,331.2996668,0,0,0,0,0,27,14,0.003018415351,0.003018415348,0.09844777107
5264,0.017578125,0.650390625,-190.0632576,-190.0632576,9,5093,4745,1,0,0,0,0,1,19.97826768,0,0,0,0,0,62,28,0.05005438989,0.05005438989,0.3391493789
5265,0.017578125,0.654296875,-250.0503977,-250.0503977,9,5093,4504,1,1,1,0,0,1,201.7903588,-106.5365811,196.4395911,0.0001349853545,0,68.22593174,24,24,0.004955638149,0.004955638149,2.500476655
5266,0.02734375,0.66015625,-214.7495851,-214.7495851,8,4345,4575,1,0,0,0,0,1,36.14150307,0,0,0,0,0,269,138,0.02766902079,0.02766902077,16.14970471
5267,0.01953125,0.66015625,-149.205463,-149.205463,8,4575,4504,1,0,0,0,0,1,47.5910517,0,0,0,0,0,159,76,0.02101235346,0.02101235344,12.769263
5268,0.01953125,0.66796875,-165.4760445,-165.4760445,8,4575,4445,1,0,0,0,0,1,51.44029901,0,0,0,0,0,185,96,0.01944001142,0.0194400114,13.31290615
5269,0.02734375,0.66796875,-187.667522,-186.5761339,8,4575,4593,0,0,0,0,0,0,71.3022206,1.995847472,70.58938543,0.0001416271981,0,0,184,90,0.01402480865,0.01402480863,10.11295815
5270,0.01953125,0.65625,-262.7578093,-262.7578093,8,4504,4744,1,0,0,0,0,1,73.89404449,0,0,0,0,0,91,45,0.01353289033,0.01353289031,9.114676627
5271,0.0234375,0.66015625,-188.6379447,-188.6379447,8,4744,4575,1,1,1,0,0,1,54.62180348,115.0056844,54.20249657,0.0001416271981,0,40.29022968,78,78,0.01830770748,0.01830770748,8.088620811
5272,0.02734375,0.65625,-201.6659708,-201.6659708,8,4744,4345,1,1,1,0,0,1,84.72099135,125.734956,83.71649409,0.0001416271981,0,43.76030039,39,39,0.01180345017,0.01180345017,6.66343947
5273,0.0234375,0.65234375,-339.1159477,-339.1159477,8,4744,4500,1,0,0,0,0,1,9.999768874,0,0,0,0,0,78,42,0.1000023113,0.1000023113,0.5153946883
5274,0.021484375,0.654296875,-53.83783179,-53.83783179,9,5093,4744,1,1,1,0,0,1,204.3672985,247.0585912,198.8808533,0.0001349853545,0,106.4443222,20,20,0.004893150751,0.004893150751,3.177508567
5275,0.017578125,0.6484375,-142.2641073,-142.2641073,9,4745,5186,1,1,1,0,0,1,1656.315248,75.29750744,1274.86927,0.000189173402,0,214.6448466,5,5,0.0006037498,0.0006037498,0.5034184765
5276,0.01953125,0.650390625,-175.2848975,-175.2848975,9,5186,5093,1,0,0,0,0,1,22.19567031,0,0,0,0,0,41,20,0.04505383194,0.04505383193,0.1942885658
5277,0.021484375,0.6484375,-250.4709963,-32.64565687,9,5186,4500,0,0,0,0,0,0,1823.753219,180.872085,1463.474984,0.0001349853545,0,0,8,4,0.0005483198,0.0005483197991,0.3959233412
5278,0.01953125,0.646484375,-218.8709748,-218.8709748,9,5186,5092,1,0,0,0,0,1,450.4693915,0,0,0,0,0,20,10,0.002219906655,0.002219906652,2.409746361
5279,0.0185546875,0.6474609375,-238.6600438,-186.5684265,10,5189,5186,0,0,0,0,0,0,250001.4449,-0.000743311668,0.24999975,4,0,0,12,6,3.999976882e-06,3.999976875e-06,0.006030935569
5280,0.0234375,0.595703125,-423.158034,-496.8964403,9,4530,4631,0,0,0,0,0,0,13504.15959,-22.43785401,4783.850974,0.0001349853545,0,0,13,7,7.405125754e-05,7.405125742e-05,0.2018964437
5281,0.021484375,0.59765625,-402.3081359,-387.8162779,9,4631,4533,0,0,0,0,0,0,866.3978624,33.46128545,775.6811578,0.0001349853545,0,0,23,12,0.00115420414,0.001154204138,2.630472181
5282,0.0234375,0.599609375,-375.6133321,-386.6945121,9,4631,4439,0,0,0,0,0,0,417.4690556,5.01737748,395.1987341,0.0001349853545,0,0,32,17,0.002395387123,0.00239538712,5.119499644
5283,0.025390625,0.59765625,-369.6683935,-368.4453985,9,4631,4532,0,0,0,0,0,0,322.8393677,23.25670562,309.357984,0.0001349853545,0,0,24,14,0.003097515669,0.003097515664,6.066479547
5284,0.0205078125,0.5966796875,-415.6555378,-324.2582442,10,4533,4647,0,0,0,0,0,0,2719.199797,-0.0002530302795,0.2499770174,4,0,0,5,4,0.0003677552495,0.0003677552493,1.339820293
5285,0.0224609375,0.5966796875,-412.733085,-336.0757444,10,4647,4631,0,0,0,0,0,0,1184.736984,-0.01007864687,0.2499472568,4,0,0,14,8,0.0008440692012,0.0008440691994,2.683102769
5286,0.0224609375,0.5947265625,-436.5054359,-377.4019771,10,4647,4530,0,0,0,0,0,0,683.974209,0.03703701937,0.2499086557,4,0,0,18,9,0.001462043432,0.001462043428,2.982841847
5287,0.0205078125,0.5947265625,-389.9345887,-294.7439774,10,4647,4630,0,0,0,0,0,0,2522.203684,-0.00957065457,0.2499752225,4,0,0,9,5,0.000396478685,0.0003964786829,1.00687952
5288,0,0.576171875,-154.5834295,-154.5834295,9,4438,5156,1,1,1,0,0,1,57.53794946,137.1448149,57.09450891,0.0001349853545,0,74.26562884,24,24,0.01737983382,0.01737983382,6.93843473
5289,0.001953125,0.57421875,-429.3403265,-429.3403265,9,5156,4952,1,1,1,0,0,1,10324.46889,-103.2013249,3351.812323,0.000189173402,0,60.36549132,5,5,9.685728246e-05,9.685728246e-05,0.2116138722
5290,0,0.572265625,-219.7772541,-228.3576137,9,5156,4798,0,0,0,0,0,0,157.6604402,-4.204641803,154.3750534,0.0001349853545,0,0,34,15,0.006342745198,0.006342745192,3.712960354
5291,0.001953125,0.578125,-341.8350544,-463.4838966,9,4438,5162,0,0,0,0,0,0,612.2691703,-89.71438762,565.5296329,0.0001349853545,0,0,25,12,0.001633268583,0.001633268582,0.0208539131
5292,0.00390625,0.580078125,-358.7800981,-364.983083,9,5162,4800,0,0,0,0,0,0,975.5452545,20.46844993,862.0294861,0.0001349853545,0,0,32,15,0.001025067771,0.001025067767,2.419979011
5293,0.005859375,0.578125,-402.0340066,-428.4230719,9,5162,4797,0,0,0,0,0,0,241.772753,-16.45854764,234.1316827,0.0001349853545,0,0,28,15,0.004136115372,0.004136115363,8.807264693
5294,0.00390625,0.576171875,-385.0889628,-430.8126493,9,5162,4952,0,0,0,0,0,0,719.8847563,-30.53014906,656.1263961,0.0001349853545,0,0,20,12,0.001389111231,0.001389111228,2.709652219
5295,0.0029296875,0.5810546875,-337.1531439,-372.1752409,10,4800,5168,0,0,0,0,0,0,322.280075,0.0197963593,0.2498062196,4,0,0,31,15,0.003102891174,0.003102891167,5.460196163
5296,0.0029296875,0.5791015625,-350.3075762,-380.0344445,10,5168,5162,0,0,0,0,0,0,10.32919416,-0.423923585,0.2440921776,4,0,0,27,14,0.09681297348,0.09681297348,1.013638056
5297,0.0009765625,0.5791015625,-320.2081001,-360.3704724,10,5168,4438,0,0,0,0,0,0,48.46139939,0.1425408441,0.2487169328,4,0,0,35,18,0.02063497985,0.02063497985,0.2195069013
5298,0.0009765625,0.5810546875,-211.5092497,-251.4607749,10,5168,4932,0,0,0,0,0,0,665.099389,0.0013853785,0.2499060644,4,0,0,35,19,0.001503534684,0.001503534683,2.615572281
5299,0,0.5810546875,-148.6873026,-112.8911636,10,4932,5228,0,0,0,0,0,0,277.5033601,0.03815087118,0.2497749802,4,0,0,19,11,0.003603559971,0.003603559967,3.173212525
5300,0.0009765625,0.580078125,-265.8586749,-227.8029373,10,5228,5168,0,0,0,0,0,0,105.358551,0.01824209024,0.2494081919,4,0,0,42,22,0.009491398569,0.009491398561,9.734440308
5301,0,0.5791015625,-257.386153,-221.8575941,10,5228,4438,0,0,0,0,0,0,511.4019874,0.1225733831,0.2498778467,4,0,0,23,11,0.001955408905,0.001955408901,2.371856177
5302,0.0029296875,0.5751953125,-388.4881191,-394.4465622,10,4952,5231,0,0,0,0,0,0,3778.123902,-0.005073959245,0.2499834585,4,0,0,13,6,0.0002646816319,0.0002646816304,0.62568841
5303,0.0009765625,0.5751953125,-261.2665315,-261.2665315,10,5231,5156,0,0,0,0,0,0,1e+300,234.2284615,79.9038825,0,0,0,22,11,0,0,0
5304,0.0009765625,0.5771484375,-355.7627116,-367.9346968,10,5231,4438,0,0,0,0,0,0,2196.170101,-0.006199886249,0.2499715446,4,0,0,37,18,0.0004553381359,0.0004553381338,0.9164132195
5305,0.0029296875,0.5771484375,-378.7997644,-387.0117125,10,5231,5162,0,0,0,0,0,0,512.2415298,0.01429209482,0.2498780468,4,0,0,22,10,0.001952204071,0.001952204065,3.144158364
5306,0.0009765625,0.57421875,-214.0184414,-214.0184414,10,5156,5289,0,0,0,0,0,0,1e+300,0,1e+300,0,0,0,0,0,0,0,0
5307,0.001953125,0.5751953125,-324.8773253,-405.2622729,10,5289,5231,0,0,0,0,0,0,2878.452519,-0.002220742451,0.2499782888,4,0,0,4,1,0.0003474088919,0.0003474088906,0.9088188531
5308,0.0029296875,0.57421875,-341.2400291,-418.5195537,10,5289,4952,0,0,0,0,0,0,554.9405227,-0.003005884141,0.249887426,4,0,0,10,5,0.001801994915,0.001801994912,2.184432488
5309,0.0029296875,0.5732421875,-364.0789727,-360.6253417,10,4952,5230,0,0,0,0,0,0,606.5912198,-0.001134478161,0.2498970077,4,0,0,18,13,0.001648556668,0.001648556667,1.934972413
5310,0.0029296875,0.5712890625,-411.2543152,-409.378085,10,5230,5157,0,0,0,0,0,0,746.9604982,-0.003219790394,0.2499163556,4,0,0,16,11,0.00133875888,0.001338758879,2.950286021
5311,0.0009765625,0.5712890625,-282.5352725,-266.3542228,10,5230,4798,0,0,0,0,0,0,101.8363109,0.1224311086,0.249387773,4,0,0,38,17,0.009819680139,0.009819680131,5.33602556
5312,0.0009765625,0.5732421875,-236.8573851,-271.1442113,10,5230,5156,0,0,0,0,0,0,107.5718344,0.08253728843,0.24942034,4,0,0,34,15,0.00929611367,0.009296113661,4.518758989
5313,0.001953125,0.5732421875,-300.4681789,-371.4348445,10,5289,5230,0,0,0,0,0,0,698.9533272,0.007926627677,0.2499106126,4,0,0,6,4,0.001430710694,0.001430710693,1.457434467
5314,0.0166015625,0.6396484375,-261.7798443,-259.7241709,10,4444,5095,0,0,0,0,0,0,1256.39182,0.008578173193,0.2499502643,4,0,0,8,3,0.0007959300465,0.0007959300459,0.6653167887
5315,0.0185546875,0.6396484375,-258.3402363,-256.4065746,10,5095,5089,0,0,0,0,0,0,286.2710362,0.00846999175,0.2497818659,4,0,0,19,8,0.003493193071,0.003493193068,3.059766284
5316,0.0185546875,0.6376953125,-209.4904251,-213.8905293,10,5095,4891,0,0,0,0,0,0,215.1826737,0.006291603345,0.2497098862,4,0,0,23,11,0.004647214309,0.004647214302,4.005857738
5317,0.015625,0.634765625,-294.5344486,-327.3157345,9,4508,4882,0,0,0,0,0,0,406.0304102,-38.40219467,384.9329443,0.0001349853545,0,0,9,4,0.002462869713,0.002462869711,1.75675164
5318,0.013671875,0.63671875,-258.7769931,-146.0279778,9,4882,4568,0,0,0,0,0,0,433.327535,108.7266403,409.3816283,0.0001349853545,0,0,7,4,0.002307723187,0.002307723185,2.692061861
5319,0.015625,0.638671875,-290.1278521,-192.8840159,9,4882,4444,0,0,0,0,0,0,1080.427151,91.85430621,942.9112392,0.0001349853545,0,0,10,5,0.0009255598574,0.0009255598561,1.04444307
5320,0.017578125,0.63671875,-237.8384329,-229.3415215,9,4882,4891,0,0,0,0,0,0,2393.846575,9.560872448,1809.224282,0.0001349853545,0,0,11,6,0.0004177377158,0.0004177377149,0.5310066129
5321,0.0166015625,0.6376953125,-263.9831425,-261.8134493,10,5095,4882,0,0,0,0,0,0,1186.13288,0.006908736397,0.2499473189,4,0,0,9,5,0.0008430758616,0.0008430758606,1.120411718
5322,0.0185546875,0.640625,-282.7651419,-282.7651419,10,5089,5250,0,0,0,0,0,0,1e+300,0,1e+300,0,0,0,0,0,0,0,0
5323,0.017578125,0.6396484375,-260.0600403,-194.7031423,10,5250,5095,0,0,0,0,0,0,430749.9955,-0.0001268605513,0.2499998549,4,0,0,3,1,2.321532236e-06,2.321532028e-06,0.004858444637
5324,0.0166015625,0.640625,-286.2047499,-217.6224035,10,5250,4444,0,0,0,0,0,0,260.2862074,-0.001423929918,0.2497601101,4,0,0,10,6,0.003841924665,0.003841924662,3.230969625
5325,0.017578125,0.6416015625,-229.1049833,-169.336726,10,5250,5184,0,0,0,0,0,0,510.4042012,-0.03237779369,0.249877608,4,0,0,7,5,0.001959231522,0.001959231521,1.824140571
5326,0,0.5771484375,-292.1519178,-254.4311158,10,4438,5288,0,0,0,0,0,0,271.3807215,0.1962450156,0.2497699082,4,0,0,24,13,0.003684860128,0.003684860125,2.554421104
5327,0.0009765625,0.576171875,-308.5146215,-267.9078601,10,5288,5231,0,0,0,0,0,0,103.0006226,-0.02400363194,0.2493946768,4,0,0,46,24,0.009708679182,0.009708679174,7.26494185
5328,0,0.5751953125,-197.6557377,-191.7618214,10,5288,5156,0,0,0,0,0,0,448.8936451,-0.01892789978,0.2498608463,4,0,0,22,11,0.002227699169,0.002227699166,1.863098515
5329,0.0185546875,0.6513671875,-198.387873,-187.3867327,10,5093,5264,0,0,0,0,0,0,179.0741562,0.03873777185,0.2496514692,4,0,0,44,21,0.005584278722,0.005584278719,0.3703696736
5330,0.0185546875,0.6494140625,-177.9922079,-177.9922079,10,5264,5186,1,1,1,0,0,1,117643.5818,-5.356369498,3334.916826,0.0002928753839,0,249.7631505,7,7,8.500251223e-06,8.500251223e-06,0.006922438204
5331,0.0166015625,0.6494140625,-204.0307793,-192.9256215,10,5264,4745,0,0,0,0,0,0,384.6018558,-0.09483762039,0.2498375998,4,0,0,18,7,0.002600091458,0.002600091455,0.02306921687
5332,0.015625,0.654296875,-146.0479913,-119.4655574,9,4504,5185,0,0,0,0,0,0,800.3921027,10.72992864,722.3486765,0.0001349853545,0,0,19,9,0.00124938764,0.001249387639,0.4911052951
5333,0.017578125,0.65234375,-180.9412458,-199.6680944,9,5185,5093,0,0,0,0,0,0,387.1306844,-31.31928545,367.9050787,0.0001349853545,0,0,24,13,0.00258310705,0.002583107048,1.15328498
5334,0.015625,0.650390625,-186.584152,-88.49449004,9,5185,4745,0,0,0,0,0,0,72.96250234,85.25963234,72.25091255,0.0001349853545,0,0,31,15,0.01370567028,0.01370567028,0.1103233609
5335,0.009765625,0.650390625,-142.7086296,-127.8665039,9,4506,4746,0,0,0,0,0,0,204.5870823,-3.234395855,199.0889891,0.0001349853545,0,0,32,16,0.004887894136,0.004887894133,2.815827564
5336,0.009765625,0.654296875,-80.9330582,-80.9330582,9,4746,4742,1,0,0,0,0,1,997.002617,0,0,0,0,0,30,18,0.001003006394,0.001003006394,1.063142082
5337,0.013671875,0.654296875,-113.7051193,-113.7051193,9,4746,4504,1,0,0,0,0,1,121.8906685,0,0,0,0,0,31,15,0.008204073471,0.008204073465,3.46987932
5338,0.013671875,0.650390625,-171.9589779,-176.4289088,9,4746,4745,0,0,0,0,0,0,112.6805784,-19.04879122,110.9923593,0.0001349853545,0,0,37,20,0.00887464383,0.008874643825,4.160978725
5339,0.013671875,0.65234375,-151.6908975,-167.8570321,9,5185,4746,0,0,0,0,0,0,79.87819273,-32.25623269,79.02610277,0.0001349853545,0,0,40,21,0.01251906141,0.0125190614,7.017402079
5340,0.0166015625,0.6513671875,-183.7626989,-170.5766036,10,5264,5185,0,0,0,0,0,0,28.33012879,0.4748621142,0.2478131659,4,0,0,26,12,0.03529810991,0.03529810991,0.3091922628
5341,0.0166015625,0.6484375,-214.1648195,-169.2555556,10,4745,5275,0,0,0,0,0,0,275.7514239,-0.00499805529,0.2497735519,4,0,0,12,5,0.003626454529,0.003626454525,3.11353279
5342,0.017578125,0.6494140625,-211.3433663,-166.5488567,10,5275,5264,0,0,0,0,0,0,1840.529763,-0.0009558345941,0.249966047,4,0,0,7,3,0.0005433218306,0.0005433218287,0.951778674
5343,0.0185546875,0.6484375,-228.7899936,-228.7899936,10,5275,5186,0,0,0,0,0,0,1e+300,0,1e+300,0,0,0,0,0,0,0,0
5344,0.017578125,0.6474609375,-208.250161,-175.0528731,10,5275,5189,0,0,0,0,0,0,1694.167676,-0.004364603928,0.2499631142,4,0,0,5,2,0.000590260347,0.0005902603462,0.4797232126
5345,0.025390625,0.59375,-437.8273188,-373.966859,9,4530,4632,0,0,0,0,0,0,668.9105813,92.12241033,613.514441,0.0001349853545,0,0,32,14,0.001494968129,0.001494968123,2.482446332
5346,0.02734375,0.595703125,-366.9435924,-338.78204,9,4632,4532,0,0,0,0,0,0,1162.786322,44.55074715,1005.03665,0.0001349853545,0,0,19,8,0.0008600032361,0.0008600032324,1.343836237
5347,0.029296875,0.59375,-359.2448374,-317.3009079,9,4632,4034,0,0,0,0,0,0,504.2278997,49.30303075,472.0954845,0.0001349853545,0,0,42,18,0.001983230203,0.0019832302,2.183869654
5348,0.02734375,0.591796875,-384.7126916,-353.1262235,9,4632,4641,0,0,0,0,0,0,675.0456382,37.30156384,618.6715022,0.0001349853545,0,0,35,15,0.001481381322,0.001481381314,4.305039711
5349,0.0263671875,0.5966796875,-370.7929699,-321.2635051,10,4532,4679,0,0,0,0,0,0,3288.168274,0.00460869903,0.2499809939,4,0,0,10,5,0.0003041206887,0.0003041206878,0.9844058092
5350,0.0263671875,0.5947265625,-402.3854556,-354.2625151,10,4679,4632,0,0,0,0,0,0,630.1447717,0.01941545884,0.2499008558,4,0,0,20,9,0.001586936915,0.001586936912,1.93336149
5351,0.0244140625,0.5947265625,-441.6766963,-404.0048231,10,4679,4530,0,0,0,0,0,0,734.3471064,0.01977277118,0.2499149193,4,0,0,24,12,0.001361753851,0.001361753846,1.836040805
5352,0.0244140625,0.5966796875,-410.3816936,-362.6435779,10,4679,4631,0,0,0,0,0,0,1908.619702,0.007669614018,0.2499672581,4,0,0,14,8,0.000523938844,0.0005239388424,1.342783939
5353,0.14453125,0.51171875,-116.5125383,-48.09066383,8,4211,4901,0,0,0,0,0,0,922.8750658,-9.287189563,816.1949499,0.0001416271981,0,0,1,1,0.001083570287,0.001083570287,0.588449549
5354,0.15234375,0.51171875,-96.09335959,-96.09335959,8,4901,4409,0,0,0,0,0,0,1e+300,0,1e+300,0,0,0,0,0,0,0,0
5355,0.15234375,0.50390625,-101.2021526,-101.2021526,8,4901,4201,0,0,0,0,0,0,1e+300,0,1e+300,0,0,0,0,0,0,0,0
5356,0.1328125,0.5,-123.941251,-121.5683565,7,3701,4408,0,0,0,0,0,0,175.2618498,2.003839553,173.5210619,5.724087423e-05,0,0,33,17,0.005705748291,0.005705748287,2.588006446
5357,0.140625,0.5078125,-118.9887759,-106.5442803,7,4408,4211,0,0,0,0,0,0,77.97718498,15.00388717,77.63068181,5.724087423e-05,0,0,19,10,0.01282426392,0.01282426392,5.096382603
5358,0.1484375,0.5,-103.6783901,-103.6783901,7,4408,4201,0,0,0,0,0,0,1e+300,-114.7004836,2353.236706,0,0,0,0,0,0,0,0
5359,0.125,0.484375,-139.1129809,-141.4925121,6,3701,4248,0,0,0,0,0,0,130.1900655,-2.731863566,129.576794,3.635362421e-05,0,0,82,39,0.007681077634,0.007681077625,6.206824499
5360,0.140625,0.46875,-123.8904196,-118.9261013,6,4248,4205,0,0,0,0,0,0,5.595434169,4.701246884,5.594296209,3.635362421e-05,0,0,244,127,0.1787171415,0.1787171414,0.6713748444
5361,0.125,0.453125,-149.19358,-159.80801,6,4248,3778,0,0,0,0,0,0,2.299341119,-10.88495831,2.299148934,3.635362421e-05,0,0,337,165,0.4349071966,0.4349071966,1.235940496
5362,0.109375,0.46875,-189.9874312,-134.0576362,6,4248,3975,0,0,0,0,0,0,25.83068005,55.83659818,25.80644679,3.635362421e-05,0,0,138,63,0.03871365361,0.0387136536,0.1564584101
5363,0.1484375,0.4765625,-111.2388394,-133.885486,7,4205,4413,0,0,0,0,0,0,188.2453809,-22.90598958,186.2385985,5.724087423e-05,0,0,8,7,0.00531221534,0.005312215339,4.131441522
5364,0.1328125,0.4765625,-131.5017003,-128.3438743,7,4413,4248,0,0,0,0,0,0,81.57212144,2.850124024,81.1930102,5.724087423e-05,0,0,53,28,0.01225909027,0.01225909025,10.7408574
5365,0.1328125,0.4921875,-126.4614007,-149.8602899,7,4413,3701,0,0,0,0,0,0,111.497135,-23.74749312,110.7900514,5.724087423e-05,0,0,60,29,0.008968840323,0.008968840314,8.173945981
5366,0.1484375,0.4921875,-106.1985399,-106.1985399,7,4413,4201,0,0,0,0,0,0,1e+300,0.6896203471,94.51558816,0,0,0,0,0,0,0,0
5367,0.140625,0.4921875,-116.3299703,-108.3846091,7,4408,4413,0,0,0,0,0,0,118.7940701,7.620936672,117.9917408,5.724087423e-05,0,0,15,8,0.008417928601,0.008417928597,3.687423753
5368,0.14453125,0.50390625,-111.333583,-46.44808434,8,4901,4408,0,0,0,0,0,0,710.7372298,-15.7278325,645.7374748,0.0001416271981,0,0,1,1,0.001406989754,0.001406989754,0.7640874763
5369,0.0166015625,0.64453125,-254.7009802,-247.2170038,10,5187,5256,0,0,0,0,0,0,147.94764,0.06207541592,0.2495782659,4,0,0,15,9,0.006759148035,0.00675914803,5.644281581
5370,0.017578125,0.6455078125,-228.5182413,-231.3438277,10,5256,5189,0,0,0,0,0,0,499.7053933,-0.04611572872,0.2498749888,4,0,0,9,5,0.002001179122,0.002001179121,1.191398797
5371,0.0185546875,0.64453125,-269.3261543,-269.3261543,10,5256,5092,0,0,0,0,0,0,1e+300,0,1e+300,0,0,0,0,0,0,0,0
5372,0.017578125,0.6435546875,-217.869294,-220.729926,10,5256,5184,0,0,0,0,0,0,1199.293754,0.01184005744,0.2499478969,4,0,0,6,4,0.000833824071,0.0008338240699,0.6648026607
5373,0.01904296875,0.6450195312,-256.2347849,-255.6596297,11,5092,5260,0,0,0,0,0,0,739.8638652,0.002687221193,0.2499155535,4,0,0,8,4,0.0013516,0.001351599998,1.536455669
5374,0.01806640625,0.6450195312,-248.9221978,-248.9221978,11,5260,5256,0,0,0,0,0,0,1e+300,0,1e+300,0,0,0,0,0,0,0,0
5375,0.01806640625,0.6459960938,-215.4268719,-215.4268719,11,5260,5189,0,0,0,0,0,0,1e+300,0,1e+300,0,0,0,0,0,0,0,0
5376,0.0224609375,0.6474609375,-268.174382,-263.7207292,10,4500,5182,0,0,0,0,0,0,1430.534485,0.01138704716,0.2499563177,4,0,0,9,4,0.0006990394222,0.0006990394216,0.8103108025
5377,0.0224609375,0.6455078125,-220.3920853,-220.7495092,10,5182,5094,0,0,0,0,0,0,199.0336437,0.05887355652,0.2496863767,4,0,0,19,10,0.005024276205,0.005024276202,4.298685389
5378,0.0205078125,0.6455078125,-273.8172883,-269.1496033,10,5182,5092,0,0,0,0,0,0,377.4482835,-0.01217357038,0.249834524,4,0,0,11,7,0.002649369579,0.002649369577,2.491410772
5379,0.0205078125,0.6474609375,-253.5492079,-216.1966461,10,5182,5186,0,0,0,0,0,0,1113.19013,0.02375247822,0.2499438677,4,0,0,1,1,0.00089831914,0.00089831914,0.9816164029
5380,0.01953125,0.6474609375,-246.2366208,-192.4655751,10,5186,5278,0,0,0,0,0,0,992.1556963,-0.001035388389,0.2499370217,4,0,0,12,6,0.001007906323,0.001007906321,1.835957638
5381,0.0205078125,0.646484375,-263.6832481,-263.6832481,10,5278,5182,0,0,0,0,0,0,1e+300,0,1e+300,0,0,0,0,0,0,0,0
5382,0.01953125,0.6455078125,-266.5047012,-245.380385,10,5278,5092,0,0,0,0,0,0,919.1398394,0.001185859232,0.2499320201,4,0,0,8,4,0.001087973731,0.001087973729,1.421049339
5383,0.0185546875,0.646484375,-225.6967882,-213.0160733,10,5278,5189,0,0,0,0,0,0,538.1710984,0.01012549749,0.2498839199,4,0,0,12,6,0.00185814512,0.001858145118,2.63931891
5384,0.01904296875,0.6459960938,-246.1007447,-229.1981127,11,5260,5278,0,0,0,0,0,0,750.2784396,0.005688578048,0.2499167253,4,0,0,8,4,0.001332838513,0.001332838511,1.475148574
5385,0.01953125,0.6494140625,-226.0704089,-170.7234676,10,5186,5276,0,0,0,0,0,0,893.3707081,-0.03824603733,0.2499300598,4,0,0,12,7,0.001119356154,0.001119356153,1.328563383
5386,0.0185546875,0.650390625,-208.5995345,-182.9803186,10,5276,5264,0,0,0,0,0,0,9.406405354,-0.2340455814,0.2435276122,4,0,0,29,13,0.1063105365,0.1063105365,0.441928703
5387,0.01953125,0.6513671875,-205.7747994,-179.5311344,10,5276,5093,0,0,0,0,0,0,5.689465274,0.5124819782,0.2394771672,4,0,0,29,13,0.1757634421,0.1757634421,0.7071676902
5388,0.0224609375,0.6494140625,-248.0396179,-241.9168278,10,4500,5263,0,0,0,0,0,0,264.7287679,0.03597033524,0.249764132,4,0,0,17,10,0.003777451193,0.00377745119,2.023568589
5389,0.0205078125,0.6494140625,-233.3934786,-194.4343823,10,5263,5186,0,0,0,0,0,0,1047.709535,0.006698062507,0.2499403603,4,0,0,7,3,0.0009544630131,0.0009544630108,0.715333089
5390,0.0205078125,0.6513671875,-213.0978691,-203.5169951,10,5263,5093,0,0,0,0,0,0,5.32276364,0.2824801046,0.2387847388,4,0,0,10,4,0.1878723287,0.1878723287,0.6779194733
5391,0.029296875,0.654296875,-248.5620818,-195.0130576,9,4345,5090,0,0,0,0,0,0,6.293986623,49.80046186,6.288643817,0.0001349853545,0,0,114,54,0.1588818121,0.1588818121,0.8652142335
5392,0.029296875,0.650390625,-252.9695335,-319.991102,9,5090,4885,0,0,0,0,0,0,15.33586777,-71.00236483,15.30418631,0.0001349853545,0,0,112,50,0.06520661335,0.06520661332,0.4534909474
5393,0.025390625,0.650390625,-259.8610222,-226.5458255,9,5090,4500,0,0,0,0,0,0,5.462601406,29.07832072,5.458576409,0.0001349853545,0,0,59,28,0.1830629632,0.1830629631,0.7442934168
5394,0.025390625,0.654296875,-165.0724415,-165.0724415,9,5090,4744,1,1,1,0,0,1,104.4185822,168.5973052,102.9672607,0.0001349853545,0,60.05574925,17,17,0.009576839474,0.009576839474,4.191787138
5395,0.0234375,0.654296875,-400.4959065,-400.4959065,9,4744,5273,1,1,1,0,0,1,1666.231287,160.1479034,1395.493328,0.0001378097302,0,100.313133,10,10,0.0006001567778,0.0006001567778,0.4681982036
5396,0.025390625,0.65234375,-239.5654127,-223.0768827,9,5273,5090,0,0,0,0,0,0,7.128506746,71.57530424,7.121653977,0.0001349853545,0,0,41,22,0.140281834,0.140281834,0.6003719758
5397,0.0234375,0.650390625,-245.2148828,-231.1617424,9,5273,4500,0,0,0,0,0,0,9.660998287,68.89575791,9.648415853,0.0001349853545,0,0,35,22,0.1035089719,0.1035089719,0.420565809
5398,0.021484375,0.65234375,-210.273134,-264.653418,9,5273,5093,0,0,0,0,0,0,12.09478139,-2.74924057,12.07506741,0.0001349853545,0,0,20,10,0.08268028731,0.08268028731,0.2981675964
5399,0.0224609375,0.6513671875,-227.7440084,-281.1227856,10,5263,5273,0,0,0,0,0,0,14.2874474,-0.1419467344,0.2457007583,4,0,0,20,11,0.06999150875,0.06999150874,0.2610127644
5400,0.0205078125,0.650390625,-223.2456738,-223.2456738,10,5276,5263,0,0,0,0,0,0,1e+300,0,1e+300,0,0,0,0,0,0,0,0
5401,0.01806640625,0.6499023438,-210.011902,-210.011902,11,5264,5330,0,0,0,0,0,0,1e+300,0,1e+300,0,0,0,0,0,0,0,0
5402,0.01904296875,0.6499023438,-217.3349717,-176.7692127,11,5330,5276,0,0,0,0,0,0,282.6527716,-0.05156497199,0.249779076,4,0,0,12,7,0.003537909763,0.00353790976,3.327699424
5403,0.01904296875,0.6489257812,-227.4827764,-172.0912048,11,5330,5186,0,0,0,0,0,0,426.5771166,-0.05275439404,0.2498535707,4,0,0,12,7,0.002344242017,0.002344242014,2.506685109
5404,0.01806640625,0.6489257812,-186.2776338,-186.2776338,11,5330,5275,0,0,0,0,0,0,1e+300,0,1e+300,0,0,0,0,0,0,0,0
5405,0.0185546875,0.6533203125,-178.1561202,-209.1631938,10,5093,5265,0,0,0,0,0,0,237.8630793,0.02206799173,0.2497375197,4,0,0,30,14,0.004204099278,0.004204099276,2.479217496
5406,0.0166015625,0.6533203125,-163.5099809,-192.8369615,10,5265,5185,0,0,0,0,0,0,206.6554074,-0.02570447253,0.2496979296,4,0,0,26,14,0.004838973306,0.004838973302,3.030923794
5407,0.0166015625,0.6552734375,-143.2143714,-171.0535676,10,5265,4504,0,0,0,0,0,0,435.9114356,-0.0216287756,0.2498567044,4,0,0,20,10,0.002294043969,0.002294043967,1.43972769
5408,0.021484375,0.662109375,-144.5313594,-144.5313594,9,4575,5267,1,1,1,0,0,1,109.6574867,25.14474513,108.0579954,0.0001349853545,0,37.82485066,34,34,0.009119304394,0.009119304394,5.381611127
5409,0.021484375,0.658203125,-113.2479764,-113.2479764,9,5267,4744,1,1,1,0,0,1,100.0952046,169.9232861,98.76080906,0.0001349853545,0,43.33655292,27,27,0.009990488595,0.009990488595,4.300126151
5410,0.017578125,0.658203125,-128.7517871,-128.7517871,9,5267,4504,1,0,0,0,0,1,309.4843242,0,0,0,0,0,84,42,0.003231181426,0.003231181424,2.084750817
5411,0.015625,0.66015625,-116.4334019,-116.4334019,8,4504,4743,1,0,0,0,0,1,245.3262011,0,0,0,0,0,41,18,0.004076205459,0.004076205454,3.059819652
5412,0.01171875,0.6640625,-87.58733697,-60.92599948,8,4743,4576,0,0,0,0,0,0,174.6813474,28.96248897,170.4641279,0.0001416271981,0,0,49,25,0.005724709679,0.005724709673,5.511587362
5413,0.015625,0.66796875,-133.6796293,-144.5150503,8,4743,4445,0,0,0,0,0,0,128.6746187,-11.80646502,126.3716439,0.0001416271981,0,0,71,39,0.007771540419,0.007771540409,7.754103841
5414,0.01953125,0.6640625,-157.3407538,-157.3407538,8,4743,4575,1,0,0,0,0,1,86.62537686,0,0,0,0,0,128,63,0.01154396132,0.01154396131,8.642975302
5415,0.017578125,0.662109375,-144.3577024,-167.9440931,9,5267,4743,0,0,0,0,0,0,597.2827518,-31.00771177,552.7200187,0.0001349853545,0,0,61,28,0.001674248916,0.001674248915,2.014047967
5416,0.017578125,0.65625,-297.1824012,-297.1824012,9,4504,5270,1,1,1,0,0,1,1286.02719,-102.3304257,1074.630785,0.0001443166853,0,70.83285926,7,7,0.0007775885362,0.0007775885362,0.4373654092
5417,0.01953125,0.658203125,-156.3584644,-176.8482443,9,5270,5267,0,0,0,0,0,0,68.21440154,29.17202821,67.59201795,0.0001349853545,0,0,57,28,0.01465966097,0.01465966096,5.528167191
5418,0.021484375,0.65625,-25.94711398,-25.94711398,9,5270,4744,1,1,1,0,0,1,437.5579928,313.958512,413.155414,0.0001349853545,0,111.2705609,12,12,0.002285411343,0.002285411343,1.86101356
5419,0.01953125,0.654296875,-223.7070294,-223.7070294,9,5270,5093,1,0,0,0,0,1,89.69954406,0,0,0,0,0,55,26,0.01114832868,0.01114832867,6.336491425
5420,0.0185546875,0.6552734375,-256.3956556,-256.3956556,10,5265,5270,1,1,1,0,0,1,43564.9695,-138.4162006,5755.983786,0.0001443166853,0,78.0285021,17,17,2.295422243e-05,2.295422243e-05,0.01477482563
5421,0.0185546875,0.6591796875,-149.0267289,-138.9709011,10,5267,5410,0,0,0,0,0,0,63.30111117,0.07937828541,0.2490165396,4,0,0,65,31,0.015797511,0.01579751098,8.033466697
5422,0.0185546875,0.6572265625,-147.5214765,-195.937288,10,5410,5270,0,0,0,0,0,0,57.95642105,-0.1283860041,0.2489262353,4,0,0,57,28,0.01725434356,0.01725434354,8.24268934
5423,0.0166015625,0.6572265625,-132.7255901,-118.6606402,10,5410,4504,0,0,0,0,0,0,178.70985,-0.03310179891,0.2496507597,4,0,0,19,11,0.005595662466,0.005595662463,2.788102946
5424,0.009765625,0.662109375,-65.02797197,-62.91541398,9,4576,4784,0,0,0,0,0,0,461.3598064,5.563026062,434.3122235,0.0001349853545,0,0,25,12,0.002167505678,0.002167505676,1.726306891
5425,0.013671875,0.662109375,-107.7365092,-115.5625947,9,4784,4743,0,0,0,0,0,0,490.7250097,-12.36153035,460.2384946,0.0001349853545,0,0,24,12,0.002037801172,0.002037801166,1.786685679
5426,0.013671875,0.658203125,-210.0028152,-210.0028152,9,4784,4504,1,1,1,0,0,1,1997.170018,-112.5030782,1565.982898,0.0001378097302,0,107.5059644,3,3,0.0005007084979,0.0005007084979,0.4474118119
5427,0.009765625,0.658203125,-62.26432356,-62.26432356,9,4784,4742,1,0,0,0,0,1,851.139127,0,0,0,0,0,34,17,0.001174896052,0.001174896051,0.6806549286
5428,0.015625,0.658203125,-126.080273,-267.9033065,9,4504,5411,0,0,0,0,0,0,3259.315103,-155.4384024,2263.476448,0.0001349853545,0,0,8,5,0.0003068129249,0.0003068129247,0.3129781932
5429,0.013671875,0.66015625,-106.2312568,-105.0545573,9,5411,4784,0,0,0,0,0,0,250.0690445,-5.902229124,241.9034348,0.0001349853545,0,0,12,4,0.003998895592,0.003998895589,2.438760698
5430,0.015625,0.662109375,-129.0907778,-107.7889965,9,5411,4743,0,0,0,0,0,0,1431.034741,12.77338009,1199.356556,0.0001349853545,0,0,20,9,0.0006987950549,0.0006987950512,0.5973647079
5431,0.017578125,0.66015625,-142.3814119,-126.5005376,9,5411,5267,0,0,0,0,0,0,746.7894994,6.387107556,678.4026795,0.0001349853545,0,0,21,9,0.001339065427,0.001339065426,1.345693717
5432,0.0166015625,0.6591796875,-134.2308425,-122.6916546,10,5410,5411,0,0,0,0,0,0,280.1129951,-0.01538000953,0.2497770747,4,0,0,15,8,0.003569987889,0.003569987886,2.531279419
5433,0.0166015625,0.65625,-131.9729639,-203.0903548,10,4504,5416,0,0,0,0,0,0,130.8295777,0.03955770684,0.2495231904,4,0,0,15,7,0.007643531514,0.007643531509,3.693782995
5434,0.017578125,0.6572265625,-140.1235333,-213.3033371,10,5416,5410,0,0,0,0,0,0,192.4913012,0.03794590437,0.2496757312,4,0,0,12,6,0.005195039952,0.005195039949,2.355008613
5435,0.0185546875,0.65625,-146.7688503,-146.7688503,10,5416,5270,0,0,0,0,0,0,1e+300,0,1e+300,0,0,0,0,0,0,0,0
5436,0.017578125,0.6552734375,-192.3010878,-265.7462776,10,5416,5265,0,0,0,0,0,0,273631.3885,-0.0005941762068,0.2499997716,4,0,0,3,1,3.654551495e-06,3.65455065e-06,0.005238973298
5437,0.01806640625,0.6547851562,-222.4651497,-222.4651497,11,5265,5420,0,0,0,0,0,0,1e+300,0,1e+300,0,0,0,0,0,0,0,0
5438,0.01806640625,0.6557617188,-169.534969,-169.534969,11,5420,5416,0,0,0,0,0,0,1e+300,0,1e+300,0,0,0,0,0,0,0,0
5439,0.01904296875,0.6557617188,-176.9329123,-255.3406916,11,5420,5270,0,0,0,0,0,0,69.43275835,0.1512039259,0.249103078,4,0,0,34,17,0.01440242364,0.01440242363,6.748542243
5440,0.0205078125,0.6533203125,-192.2354687,-119.2932558,10,5093,5274,0,0,0,0,0,0,1171.833864,0.004962964164,0.2499466762,4,0,0,10,6,0.0008533632886,0.0008533632875,0.7699511646
5441,0.0205078125,0.6552734375,-171.7883141,-171.7883141,10,5274,5270,0,0,0,0,0,0,1e+300,0.09906031423,0.2497494885,0,0,0,0,0,0,0,0
5442,0.0224609375,0.6552734375,-186.5842006,-235.4840448,10,5274,4744,0,0,0,0,0,0,431.8695611,0.02357831296,0.2498553641,4,0,0,21,12,0.002315513966,0.002315513963,1.473288032
5443,0.0224609375,0.6533203125,-207.0313551,-196.4945294,10,5274,5273,0,0,0,0,0,0,258.8941209,-0.01494699448,0.2497588215,4,0,0,14,8,0.003862582883,0.003862582879,3.85375177
5444,0.01953125,0.6552734375,-164.3903709,-243.1331565,10,5270,5419,0,0,0,0,0,0,177.3089304,0.1317183685,0.2496480042,4,0,0,34,17,0.005639873851,0.005639873846,3.458961803
5445,0.0205078125,0.654296875,-182.0118914,-182.0118914,10,5419,5274,0,0,0,0,0,0,1e+300,0,1e+300,0,0,0,0,0,0,0,0
5446,0.01953125,0.6533203125,-184.8375254,-204.2330216,10,5419,5093,0,0,0,0,0,0,187.5682554,0.003812466071,0.2496672315,4,0,0,21,9,0.005331392552,0.005331392548,2.993198245
5447,0.0185546875,0.654296875,-209.9226083,-228.6822301,10,5419,5265,0,0,0,0,0,0,196.6068374,0.01705200709,0.2496825104,4,0,0,21,9,0.005086293098,0.005086293094,3.414722713
5448,0.01904296875,0.6547851562,-187.1564896,-235.7593353,11,5420,5419,0,0,0,0,0,0,97.34000149,0.218539833,0.2493595655,4,0,0,34,17,0.0102732688,0.01027326879,5.783337452
5449,0.029296875,0.658203125,-225.9155868,-203.2063636,9,4345,5266,0,0,0,0,0,0,56.73064918,23.8765739,56.29951834,0.0001349853545,0,0,109,59,0.01762715595,0.01762715593,14.36311748
5450,0.025390625,0.658203125,-198.8032245,-198.8032245,9,5266,4744,1,1,1,0,0,1,85.00779461,117.135766,84.04341256,0.0001349853545,0,75.76145637,32,32,0.01176362714,0.01176362714,6.749651036
5451,0.025390625,0.662109375,-198.413132,-204.3690067,9,5266,4575,0,0,0,0,0,0,34.00997293,-1.936606329,33.85455182,0.0001349853545,0,0,134,67,0.02940314014,0.02940314011,19.07755988
5452,0.04296875,0.66796875,-207.1075526,-211.8218702,8,4442,4722,0,0,0,0,0,0,23.88482642,-4.845544531,23.80430262,0.0001416271981,0,0,237,123,0.04186758499,0.04186758495,38.50203348
5453,0.04296875,0.66015625,-215.497552,-212.5897392,8,4722,4709,0,0,0,0,0,0,31.59097427,2.73702199,31.45026136,0.0001416271981,0,0,177,89,0.03165461095,0.03165461091,29.74854584
5454,0.03515625,0.66015625,-228.813727,-219.6154637,8,4722,4345,0,0,0,0,0,0,38.0357057,8.982115562,37.83190935,0.0001416271981,0,0,184,93,0.02629108575,0.02629108572,26.9708315
5455,0.03515625,0.66796875,-203.3580948,-192.8193134,8,4722,4593,0,0,0,0,0,0,22.87404183,9.592578272,22.80017868,0.0001416271981,0,0,259,131,0.04371767821,0.04371767816,35.82040486
5456,0.03125,0.66796875,-201.4833659,-203.6319557,8,4593,4726,0,0,0,0,0,0,26.74008463,-3.502281045,26.6391987,0.0001416271981,0,0,184,90,0.03739703946,0.03739703942,26.03966494
5457,0.03515625,0.6640625,-216.0859109,-212.712239,8,4726,4722,0,0,0,0,0,0,45.41155646,2.792496427,45.12135792,0.0001416271981,0,0,137,68,0.02202082637,0.02202082634,19.90912267
5458,0.03125,0.66015625,-226.9389981,-202.8030707,8,4726,4345,0,0,0,0,0,0,70.71124223,23.51229153,70.01011646,0.0001416271981,0,0,128,69,0.0141420228,0.01414202279,14.69390125
5459,0.02734375,0.6640625,-199.4365433,-190.3120957,8,4726,4575,0,0,0,0,0,0,32.74999332,11.35272941,32.59879068,0.0001416271981,0,0,205,104,0.03053435738,0.03053435735,18.89721564
5460,0.029296875,0.662109375,-213.1877707,-203.6643497,9,5266,4726,0,0,0,0,0,0,31.55131132,10.32574394,31.41750526,0.0001349853545,0,0,164,87,0.03169440376,0.03169440374,24.72291652
5461,0.025390625,0.65625,-152.6399591,-152.6399591,9,4744,5272,1,1,1,0,0,1,167.5277634,156.7416865,163.8231014,0.0001349853545,0,81.73737292,25,25,0.005969159855,0.005969159855,2.549326687
5462,0.02734375,0.658203125,-237.4990867,-204.496339,9,5272,5266,0,0,0,0,0,0,129.2011109,3.709657862,126.9864348,0.0001349853545,0,0,42,22,0.007739871529,0.007739871521,5.342748835
5463,0.029296875,0.65625,-251.2503141,-225.1886448,9,5272,4345,0,0,0,0,0,0,141.1584872,-4.657379418,138.5190988,0.0001349853545,0,0,78,39,0.007084235739,0.007084235733,3.681873453
5464,0.02734375,0.654296875,-256.6768577,-187.068853,9,5272,5090,0,0,0,0,0,0,156.2883897,38.86772584,153.0593511,0.0001349853545,0,0,36,17,0.006398427945,0.006398427939,4.38402279
5465,0.0234375,0.658203125,-260.6660865,-255.4433371,9,4744,5271,0,0,0,0,0,0,798.845717,47.43683002,721.0889164,0.0001349853545,0,0,33,16,0.001251806173,0.001251806173,0.4491186576
5466,0.021484375,0.66015625,-191.2031316,-153.6234725,9,5271,5267,0,0,0,0,0,0,244.577086,15.31670828,236.7605948,0.0001349853545,0,0,33,17,0.004088690468,0.004088690466,2.304398538
5467,0.0234375,0.662109375,-209.9966319,-232.9633374,9,5271,4575,0,0,0,0,0,0,123.0628278,-43.60041565,121.0519516,0.0001349853545,0,0,66,33,0.008125930617,0.008125930608,4.298551447
5468,0.025390625,0.66015625,-223.7478593,-201.1655973,9,5271,5266,0,0,0,0,0,0,60.29839999,0.5225930227,59.81156965,0.0001349853545,0,0,63,29,0.01658418797,0.01658418796,7.758640206
5469,0.0205078125,0.6591796875,-181.8063814,-131.2573635,10,5267,5409,0,0,0,0,0,0,184.611784,0.0126872199,0.2496619096,4,0,0,15,8,0.005416772313,0.005416772309,3.639005269
5470,0.0224609375,0.6591796875,-225.934609,-151.0525376,10,5409,5271,0,0,0,0,0,0,126.5978196,-0.1039559429,0.2495072836,4,0,0,40,21,0.0078990302,0.007899030193,5.40181586
5471,0.0224609375,0.6572265625,-251.2693363,-265.095113,10,5409,4744,0,0,0,0,0,0,196.7672317,0.1149240283,0.2496827689,4,0,0,41,19,0.00508214702,0.005082147014,3.323242081
5472,0.0205078125,0.6572265625,-207.1411087,-207.1411087,10,5409,5270,0,0,0,0,0,0,1e+300,-0.009559770383,0.2499082973,0,0,0,0,0,0,0,0
5473,0.0263671875,0.6533203125,-259.3901295,-207.6525229,10,5090,5394,0,0,0,0,0,0,696.8962519,-0.001624486551,0.2499103488,4,0,0,16,7,0.001434933819,0.001434933818,1.250346792
5474,0.0244140625,0.6533203125,-270.9736294,-252.0444974,10,5394,5273,0,0,0,0,0,0,407.932971,0.03975518405,0.2498468824,4,0,0,19,8,0.002451383122,0.002451383118,1.747616131
5475,0.0244140625,0.6552734375,-277.1305857,-291.1073692,10,5394,4744,0,0,0,0,0,0,940.0842482,0.004924125331,0.2499335343,4,0,0,18,9,0.001063734449,0.001063734448,0.4624632872
5476,0.0263671875,0.6552734375,-225.2828388,-225.2828388,10,5394,5272,0,0,0,0,0,0,1e+300,0.08421257784,0.2497114288,0,0,0,0,0,0,0,0
5477,0.0234375,0.6552734375,-282.9223356,-408.7746051,10,4744,5395,0,0,0,0,0,0,351.4060788,0.02158151537,0.2498222695,4,0,0,14,7,0.002845710591,0.002845710587,2.151276083
5478,0.0244140625,0.654296875,-229.7416446,-282.7642979,10,5395,5394,0,0,0,0,0,0,2565.331304,0.00255949587,0.249975639,4,0,0,5,2,0.0003898131982,0.0003898131977,0.3061093706
5479,0.0234375,0.6533203125,-276.7653794,-369.743802,10,5395,5273,0,0,0,0,0,0,600.6146488,0.02434384518,0.2498959832,4,0,0,7,3,0.001664961056,0.001664961054,1.14758823
5480,0.0224609375,0.654296875,-257.7797437,-227.113995,10,5395,5274,0,0,0,0,0,0,246.4940582,0.04819226662,0.2497467011,4,0,0,16,8,0.004056892923,0.004056892919,3.319381841
5481,0.0205078125,0.65625,-219.8084724,-219.8084724,10,5270,5418,0,0,0,0,0,0,1e+300,0,1e+300,0,0,0,0,0,0,0,0
5482,0.021484375,0.6572265625,-185.4840955,-69.63414792,10,5418,5409,0,0,0,0,0,0,379.2241466,0.005971117384,0.2498352984,4,0,0,16,6,0.002636962886,0.002636962881,2.14243064
5483,0.0224609375,0.65625,-263.9367,-221.6169735,10,5418,4744,0,0,0,0,0,0,137.8073967,-0.04526896774,0.2495472897,4,0,0,25,12,0.007256504543,0.007256504534,6.985433077
5484,0.021484375,0.6552734375,-238.794108,-39.95696276,10,5418,5274,0,0,0,0,0,0,1744.054832,-0.01925757556,0.2499641691,4,0,0,9,6,0.0005733764681,0.0005733764665,0.5467043913
5485,0.0224609375,0.6630859375,-175.2651544,-167.3056294,10,4575,5408,0,0,0,0,0,0,114.1949338,0.01775954271,0.2494538858,4,0,0,47,25,0.008756955905,0.008756955899,6.482416486
5486,0.0224609375,0.6611328125,-172.8183255,-166.5628668,10,5408,5271,0,0,0,0,0,0,101.354656,0.01631206777,0.2493848707,4,0,0,47,25,0.009866344964,0.009866344956,5.350234093
5487,0.0205078125,0.6611328125,-156.4716541,-146.8896447,10,5408,5267,0,0,0,0,0,0,128.9791848,0.01100328434,0.2495163631,4,0,0,18,9,0.007753189026,0.007753189024,4.154276491
5488,0.021484375,0.666015625,-170.9106772,-166.5624417,9,4575,5268,0,0,0,0,0,0,59.1350621,11.21942167,58.66676246,0.0001349853545,0,0,57,30,0.01691044136,0.01691044135,5.825897784
5489,0.017578125,0.666015625,-138.3659495,-137.9703657,9,5268,4743,0,0,0,0,0,0,116.0413111,7.063488085,114.2516867,0.0001349853545,0,0,90,48,0.008617620658,0.008617620651,8.315296844
5490,0.017578125,0.669921875,-143.4082224,-168.537071,9,5268,4445,0,0,0,0,0,0,69.87168347,-15.40574475,69.21883536,0.0001349853545,0,0,77,41,0.01431194942,0.01431194941,14.79849982
5491,0.02734375,0.671875,-173.9809111,-177.6881886,8,4593,4727,0,0,0,0,0,0,58.05166205,-2.209050984,57.57827111,0.0001416271981,0,0,103,50,0.01722603565,0.01722603564,15.29530685
5492,0.0234375,0.66796875,-171.9340885,-180.1037015,8,4727,4575,0,0,0,0,0,0,49.73088033,-3.089413451,49.3830633,0.0001416271981,0,0,122,59,0.02010823041,0.02010823039,13.91092761
5493,0.01953125,0.671875,-144.4316337,-162.1551589,8,4727,4445,0,0,0,0,0,0,165.6637901,-9.791407939,161.8660091,0.0001416271981,0,0,59,30,0.006036322117,0.006036322113,6.505334781
5494,0.0234375,0.67578125,-177.5809938,-196.2368695,8,4727,4594,0,0,0,0,0,0,168.6509162,-17.28878552,164.7165693,0.0001416271981,0,0,48,26,0.005929407454,0.005929407448,6.884503036
5495,0.021484375,0.669921875,-158.1828611,-167.1872921,9,5268,4727,0,0,0,0,0,0,62.99471566,-2.498272509,62.46356523,0.0001349853545,0,0,84,41,0.01587434739,0.01587434738,10.52424387
5496,0.017578125,0.6640625,-135.844813,-149.1099337,9,4743,5414,0,0,0,0,0,0,50.71975962,-8.124816122,50.37487186,0.0001349853545,0,0,99,47,0.01971618177,0.01971618175,15.94043166
5497,0.01953125,0.666015625,-154.6383133,-153.9503818,9,5414,5268,0,0,0,0,0,0,62.51200181,7.457476716,61.98892656,0.0001349853545,0,0,62,32,0.01599692813,0.01599692812,12.17845691
5498,0.021484375,0.6640625,-168.3895407,-172.6600889,9,5414,4575,0,0,0,0,0,0,279.5112571,1.073038238,269.3487487,0.0001349853545,0,0,29,16,0.003577673438,0.003577673435,2.850622744
5499,0.01953125,0.662109375,-149.5960404,-154.1545665,9,5414,5267,0,0,0,0,0,0,91.65294198,-0.8441803905,90.53288677,0.0001349853545,0,0,48,22,0.0109107245,0.01091072449,8.26044224
5500,0.0205078125,0.6630859375,-158.9927906,-150.9549172,10,5408,5414,0,0,0,0,0,0,224.6204542,-0.005533062066,0.2497220622,4,0,0,18,9,0.004451954313,0.004451954308,3.185681636
5501,0.0126953125,0.6591796875,-90.42383044,-145.8753713,10,4784,5426,0,0,0,0,0,0,2593.779116,-0.002398671386,0.2499759062,4,0,0,5,1,0.0003855378408,0.0003855378408,0.5026024693
5502,0.0146484375,0.6591796875,-105.6543488,-163.2374417,10,5426,5411,0,0,0,0,0,0,3570.942683,-0.003156880067,0.2499824988,4,0,0,6,1,0.0002800380988,0.0002800380975,0.3650688097
5503,0.0146484375,0.6572265625,-103.1332124,-159.164686,10,5426,4504,0,0,0,0,0,0,1228.258572,0.02086257679,0.2499491253,4,0,0,5,2,0.0008141608149,0.0008141608137,0.3934440357
5504,0.009765625,0.65625,-99.54155706,-99.54155706,9,4742,4983,1,1,1,0,0,1,4192.437932,-42.29175401,2368.784989,0.0001852884869,0,95.89674778,6,6,0.0002385247,0.0002385247,0.1878941107
5505,0.01171875,0.658203125,-80.50615756,-191.2724395,9,4983,4784,0,0,0,0,0,0,719.362093,-112.5428523,655.6921869,0.0001349853545,0,0,13,7,0.001390120511,0.00139012051,0.548622306
5506,0.013671875,0.65625,-93.2155395,-106.7969873,9,4983,4504,0,0,0,0,0,0,413.6706154,-14.75482421,391.7930949,0.0001349853545,0,0,13,7,0.002417382242,0.002417382241,1.265479568
5507,0.01171875,0.654296875,-155.3271779,-155.3271779,9,4983,4746,1,1,1,0,0,1,1840.54359,-57.22427699,1373.366551,0.0001852884869,0,100.1639046,5,5,0.000543317749,0.000543317749,0.4785351367
5508,0.0126953125,0.6572265625,-86.86084853,-142.7808567,10,5426,4983,0,0,0,0,0,0,964.1677616,0.0306871914,0.2499351941,4,0,0,4,2,0.001037163904,0.001037163904,0.4810075035
5509,0.02734375,0.703125,-68.82287332,-134.6359811,8,4591,5018,0,0,0,0,0,0,279.1812358,-8.471390685,268.562372,0.0001416271981,0,0,38,17,0.00358190262,0.003581902614,2.877056711
5510,0.0234375,0.69921875,-90.79020789,-115.9506399,8,5018,4695,0,0,0,0,0,0,1092.569242,29.92687813,946.1624157,0.0001416271981,0,0,14,7,0.0009152737984,0.0009152737945,1.231701591
5511,0.01953125,0.703125,42.16794484,10.8718282,8,5018,4579,0,0,0,0,0,0,247.5093855,27.64175969,239.1270127,0.0001416271981,0,0,18,10,0.004040250829,0.004040250826,2.319322998
5512,0.02734375,0.71484375,-104.9942758,-134.3773852,8,4346,4694,0,0,0,0,0,0,9.778352357,-29.72887395,9.764829234,0.0001416271981,0,0,158,79,0.1022667177,0.1022667177,2.184489524
5513,0.02734375,0.70703125,-80.88000748,-89.05649699,8,4694,4591,0,0,0,0,0,0,35.41860706,-10.92574736,35.24182567,0.0001416271981,0,0,113,55,0.02823374726,0.02823374724,7.97869433
5514,0.01953125,0.70703125,30.11081068,-22.86475919,8,4694,4579,0,0,0,0,0,0,274.738531,-54.1286685,264.448713,0.0001416271981,0,0,47,22,0.003639824369,0.003639824361,2.309946184
5515,0.0078125,0.71875,170.2582289,245.5258044,7,4433,4698,0,0,0,0,0,0,91.40005629,75.40504407,90.9243565,5.724087423e-05,0,0,63,37,0.0109409123,0.01094091229,1.079196492
5516,0.015625,0.7265625,83.86258019,69.25494454,7,4698,4580,0,0,0,0,0,0,35.43534406,-12.35878143,35.36361427,5.724087423e-05,0,0,198,99,0.02822041175,0.02822041172,20.70763689
5517,0.0234375,0.71875,-58.2784697,-55.25809835,7,4698,4346,0,0,0,0,0,0,21.37233046,3.104795921,21.34621612,5.724087423e-05,0,0,247,121,0.0467894693,0.04678946926,3.276630119
5518,0.015625,0.7109375,76.82661677,108.1002988,7,4698,4579,0,0,0,0,0,0,86.18229588,30.5507725,85.75923273,5.724087423e-05,0,0,72,37,0.01160331121,0.0116033112,1.327617353
5519,0.01953125,0.71484375,9.274073531,-2.665423968,8,4694,4698,0,0,0,0,0,0,21.46784611,-12.25873999,21.40277245,0.0001416271981,0,0,110,52,0.04658129163,0.0465812916,0.827755495
5520,0.0234375,0.70703125,-25.3845984,-63.59776261,8,5018,4694,0,0,0,0,0,0,58.49711252,21.12837919,58.0164588,0.0001416271981,0,0,42,20,0.01709486087,0.01709486087,5.316789362
5521,0.0029296875,0.5966796875,-297.5969622,-304.410896,10,4615,5037,0,0,0,0,0,0,558.9024558,0.03673225561,0.2498882237,4,0,0,8,5,0.001789220981,0.001789220979,1.900004052
5522,0.0029296875,0.5947265625,-254.991694,-256.8769941,10,5037,4793,0,0,0,0,0,0,409.1588609,-0.001999838254,0.2498473409,4,0,0,12,6,0.002444038479,0.002444038475,1.898714016
5523,0.0009765625,0.5947265625,-287.3453038,-298.375379,10,5037,4220,0,0,0,0,0,0,643.9670185,0.005918424957,0.249902983,4,0,0,19,9,0.001552874559,0.001552874558,1.720220503
5524,0.0009765625,0.5966796875,-74.03035762,-139.8109148,10,5037,4875,0,0,0,0,0,0,444.6149236,0.04873801474,0.2498595079,4,0,0,15,9,0.00224913728,0.00224913728,2.699583413
5525,0,0.5966796875,37.75294468,46.51140397,10,4875,5127,0,0,0,0,0,0,816.8600437,-0.02552748751,0.2499235109,4,0,0,10,5,0.00122419992,0.001224199918,1.587684773
5526,0.0009765625,0.595703125,-180.6878307,-114.9530023,10,5127,5037,0,0,0,0,0,0,513.1852286,0.06487627961,0.2498782709,4,0,0,20,9,0.001948614154,0.001948614149,1.897949064
5527,0,0.5947265625,-175.5620015,-111.9608113,10,5127,4220,0,0,0,0,0,0,1494.411806,0.02390185851,0.2499581845,4,0,0,10,4,0.0006691595958,0.0006691595933,0.4171658132
5528,0.046875,0.59765625,-285.0824291,-282.9683496,8,4522,4687,0,0,0,0,0,0,345.3666849,1.844872011,329.2614172,0.0001416271981,0,0,53,22,0.002895473257,0.00289547325,3.923912483
5529,0.04296875,0.6015625,-286.2422356,-291.757121,8,4687,4512,0,0,0,0,0,0,100.2902806,-5.814906031,98.88572448,0.0001416271981,0,0,110,52,0.009971055955,0.009971055935,12.92693817
5530,0.046875,0.60546875,-274.085867,-264.5296213,8,4687,4352,0,0,0,0,0,0,52.65344184,9.270769049,52.26370307,0.0001416271981,0,0,136,71,0.01899211077,0.01899211074,26.30486819
5531,0.0859375,0.6015625,-213.003273,-193.4602855,7,4031,4518,0,0,0,0,0,0,16.65986047,19.49243032,16.64398834,5.724087423e-05,0,0,137,63,0.06002451233,0.0600245123,0.3606285944
5532,0.0703125,0.6015625,-239.6356231,-229.8735069,7,4518,4351,0,0,0,0,0,0,3.728307215,9.620844986,3.72751172,5.724087423e-05,0,0,225,112,0.2682182402,0.2682182402,0.9757435509
5533,0.0703125,0.6171875,-217.6424989,-155.4656298,7,4518,3759,0,0,0,0,0,0,603.1606797,62.00305959,583.031266,5.724087423e-05,0,0,51,27,0.001657933008,0.001657933005,1.980227056
5534,0.078125,0.625,-193.3297618,-191.1684434,6,3759,4350,0,0,0,0,0,0,20.66358515,2.016596688,20.64807439,3.635362421e-05,0,0,172,84,0.04839431265,0.04839431261,26.16066735
5535,0.09375,0.640625,-149.9174129,-150.2453827,6,4350,4344,0,0,0,0,0,0,12.71235372,-0.3028498183,12.70648155,3.635362421e-05,0,0,319,160,0.07866363867,0.0786636386,29.0086525
5536,0.109375,0.625,-140.0650617,-129.5018352,6,4350,3692,0,0,0,0,0,0,9.065934687,10.59993269,9.062947725,3.635362421e-05,0,0,375,191,0.1103030227,0.1103030227,49.70360309
5537,0.09375,0.609375,-188.6905359,-163.8906278,6,4350,4031,0,0,0,0,0,0,15.32185231,24.7784387,15.31332272,3.635362421e-05,0,0,292,144,0.06526626022,0.06526626016,38.81911394
5538,0.0859375,0.6171875,-191.0101489,-157.9429597,7,4518,4350,0,0,0,0,0,0,75.5173236,32.98409362,75.19229156,5.724087423e-05,0,0,68,29,0.01324199471,0.0132419947,7.034070421
5539,0.0625,0.6171875,-230.9586739,-240.3692213,7,3759,4519,0,0,0,0,0,0,44.93882608,-9.629713965,44.82352484,5.724087423e-05,0,0,134,66,0.02225247269,0.02225247266,18.99724701
5540,0.0703125,0.609375,-228.639061,-206.1548883,7,4519,4518,0,0,0,0,0,0,20.45044086,22.32663234,20.42652954,5.724087423e-05,0,0,203,105,0.04889870135,0.04889870131,35.02947332
5541,0.0625,0.6015625,-252.9517981,-241.1502021,7,4519,4351,0,0,0,0,0,0,31.53873684,11.61496786,31.48190241,5.724087423e-05,0,0,193,100,0.0317070403,0.03170704027,23.53727644
5542,0.0546875,0.609375,-255.271411,-262.8708179,7,4519,4352,0,0,0,0,0,0,46.89982854,-7.847661225,46.77425897,5.724087423e-05,0,0,188,91,0.02132203957,0.02132203954,18.14817804
5543,0.05078125,0.60546875,-267.4277795,-271.5897379,8,4352,4523,0,0,0,0,0,0,45.90488223,-4.424756602,45.60836493,0.0001416271981,0,0,162,87,0.02178417526,0.02178417524,22.95927521
5544,0.05859375,0.60546875,-254.1116045,-258.4057071,8,4523,4519,0,0,0,0,0,0,41.29124896,-4.511543749,41.05118312,0.0001416271981,0,0,142,74,0.02421820665,0.02421820662,22.00631059
5545,0.05859375,0.59765625,-265.1081666,-260.1839432,8,4523,4351,0,0,0,0,0,0,62.81654052,4.723051347,62.26261922,0.0001416271981,0,0,78,41,0.01591937397,0.01591937395,13.73987357
5546,0.05078125,0.59765625,-278.4243416,-290.1927059,8,4523,4522,0,0,0,0,0,0,138.3733006,-12.01489323,135.7136626,0.0001416271981,0,0,73,34,0.007226827686,0.007226827678,5.983433554
5547,0.05078125,0.6015625,-272.9260606,-279.7999311,8,4687,4523,0,0,0,0,0,0,69.89917924,-7.128534097,69.21398674,0.0001416271981,0,0,93,50,0.01430631963,0.01430631961,19.91161647
5548,0.041015625,0.599609375,-292.3204199,-304.9389906,9,4512,4688,0,0,0,0,0,0,149.0566652,8.189557834,146.1167284,0.0001349853545,0,0,45,24,0.006708857994,0.006708857983,9.386294759
5549,0.044921875,0.599609375,-285.6623324,-326.8947972,9,4688,4687,0,0,0,0,0,0,194.3279912,-20.4016578,189.3607865,0.0001349853545,0,0,52,23,0.005145939057,0.005145939049,6.208086352
5550,0.044921875,0.595703125,-291.1606134,-301.5349154,9,4688,4522,0,0,0,0,0,0,366.9326332,10.46463965,349.6159684,0.0001349853545,0,0,35,16,0.002725295898,0.002725295893,3.608501811
5551,0.04296875,0.59375,-297.2387977,-301.793554,8,4522,4686,0,0,0,0,0,0,6.217626476,-4.838507657,6.212156144,0.0001416271981,0,0,36,17,0.1608330774,0.1608330774,0.7431841506
5552,0.0390625,0.58984375,-309.3951662,-323.6660994,8,4686,4638,0,0,0,0,0,0,7.472281812,-14.56922846,7.464382418,0.0001416271981,0,0,56,28,0.133827929,0.133827929,0.64519037
5553,0.03515625,0.59375,-310.5549727,-285.2991248,8,4686,4034,0,0,0,0,0,0,6.351391019,24.9267395,6.345682888,0.0001416271981,0,0,97,47,0.1574458252,0.1574458252,1.067665086
5554,0.0390625,0.59765625,-298.3986041,-317.2732779,8,4686,4512,0,0,0,0,0,0,143.1908165,-19.18923823,140.3446668,0.0001416271981,0,0,73,35,0.00698368809,0.006983688077,6.656699027
5555,0.041015625,0.595703125,-297.8187009,-326.9842239,9,4688,4686,0,0,0,0,0,0,355.8666213,-8.349259805,339.5554692,0.0001349853545,0,0,28,17,0.002810041572,0.002810041568,3.947006595
5556,0.03125,0.7578125,-2.237937518,-35.54590231,7,4585,4760,0,0,0,0,0,0,397.110207,-5.823047875,388.2841451,5.724087423e-05,0,0,28,16,0.002518192639,0.002518192635,4.56316398
5557,0.0234375,0.765625,90.98923158,93.18632714,7,4760,4754,0,0,0,0,0,0,327.3507114,25.14324237,321.3296869,5.724087423e-05,0,0,39,21,0.003054827636,0.003054827631,6.199597389
5558,0.03125,0.7734375,27.28782908,-1.37364119,7,4760,4583,0,0,0,0,0,0,247.1693819,7.886833471,243.7211681,5.724087423e-05,0,0,44,22,0.004045808556,0.004045808546,6.862758806
5559,0.0625,0.765625,-124.6376538,-122.0550507,6,3779,4586,0,0,0,0,0,0,12.48267593,2.666357679,12.47701398,3.635362421e-05,0,0,150,77,0.0801110279,0.08011102787,1.09739552
5560,0.046875,0.78125,-35.85818795,-13.49870418,6,4586,4583,0,0,0,0,0,0,23.04494327,20.79768203,23.02565314,3.635362421e-05,0,0,124,63,0.04339346763,0.04339346762,2.22675026
5561,0.0625,0.796875,-102.8965228,-102.1468262,6,4586,3762,0,0,0,0,0,0,3.592885438,1.027699141,3.592416217,3.635362421e-05,0,0,296,142,0.2783278279,0.2783278279,4.681153854
5562,0.078125,0.78125,-99.58126272,-99.04269552,6,4586,4582,0,0,0,0,0,0,4.521257812,0.7074209435,4.520514802,3.635362421e-05,0,0,286,138,0.2211773895,0.2211773894,3.032853249
5563,0.0390625,0.7734375,-2.33902054,-0.2092872574,7,4583,4753,0,0,0,0,0,0,60.96767254,-0.3519706239,60.75564488,5.724087423e-05,0,0,59,32,0.01640213507,0.01640213506,4.668744624
5564,0.0546875,0.7734375,-80.24792086,-49.97491067,7,4753,4586,0,0,0,0,0,0,26.03040478,29.53398662,25.9916771,5.724087423e-05,0,0,112,62,0.03841661352,0.03841661349,1.975518063
5565,0.0546875,0.7578125,-91.11848637,-97.85056876,7,4753,3779,0,0,0,0,0,0,17.1054425,-7.568229959,17.08871042,5.724087423e-05,0,0,120,62,0.05846092553,0.0584609255,1.347660658
5566,0.0390625,0.7578125,-31.86478714,-51.61075919,7,4753,4585,0,0,0,0,0,0,120.1846911,-31.29106278,119.3635324,5.724087423e-05,0,0,58,29,0.008320527275,0.008320527263,8.418594317
5567,0.0390625,0.765625,-17.10190384,-112.4351948,7,4760,4753,0,0,0,0,0,0,191.8812489,-57.96220903,189.7966271,5.724087423e-05,0,0,33,17,0.005211556656,0.005211556648,5.391510911
5568,0.0263671875,0.6591796875,-254.5492117,-206.8052613,10,5266,5450,0,0,0,0,0,0,620.3686428,-0.01948400155,0.249899294,4,0,0,26,12,0.001611944787,0.001611944784,1.817296297
5569,0.0263671875,0.6572265625,-233.9187125,-233.9187125,10,5450,5272,0,0,0,0,0,0,1e+300,0.03122811048,0.2498867561,0,0,0,0,0,0,0,0
5570,0.0244140625,0.6572265625,-334.2077792,-307.9559445,10,5450,4744,0,0,0,0,0,0,598.9062766,0.02180956031,0.2498956866,4,0,0,38,20,0.001669710336,0.001669710334,1.229446959
5571,0.0244140625,0.6591796875,-233.315992,-193.7290366,10,5450,5271,0,0,0,0,0,0,252.2856927,-0.01273789021,0.2497525102,4,0,0,34,15,0.003963760249,0.003963760246,3.191024079
5572,0.0244140625,0.65625,-323.8925296,-285.0563928,10,4744,5461,0,0,0,0,0,0,136.6756312,-0.1574383275,0.2495435478,4,0,0,46,25,0.007316593244,0.007316593241,4.448811513
5573,0.025390625,0.6572265625,-284.0632459,-175.7517045,10,5461,5450,0,0,0,0,0,0,145.9292538,-0.01661845193,0.2495724427,4,0,0,30,17,0.006852635603,0.006852635598,5.333354392
5574,0.0263671875,0.65625,-223.603463,-223.603463,10,5461,5272,0,0,0,0,0,0,1e+300,0,1e+300,0,0,0,0,0,0,0,0
5575,0.025390625,0.6552734375,-214.8055717,-158.8883512,10,5461,5394,0,0,0,0,0,0,442.6899619,-0.01872600404,0.2498588974,4,0,0,16,8,0.00225891727,0.002258917266,1.530651012
5576,0.0107421875,0.6591796875,-70.99783238,-72.16868039,10,4784,5427,0,0,0,0,0,0,155.0062533,-0.09538118749,0.2495974397,4,0,0,16,8,0.006451352631,0.006451352627,2.792629109
5577,0.0107421875,0.6572265625,-67.06760926,-69.01037838,10,5427,4983,0,0,0,0,0,0,378.5783341,0.001492007364,0.2498350176,4,0,0,14,7,0.002641461251,0.002641461249,2.027273843
5578,0.0087890625,0.6572265625,-50.454232,-52.64155654,10,5427,4742,0,0,0,0,0,0,512.9156979,-0.003690917118,0.249878207,4,0,0,17,9,0.001949638126,0.001949638122,2.752915353
5579,0.0078125,0.658203125,-44.11265493,-32.539397,9,4742,4982,0,0,0,0,0,0,651.4204901,13.44218065,598.769367,0.0001349853545,0,0,19,10,0.001535106763,0.001535106762,2.498583559
5580,0.005859375,0.66015625,82.88241895,62.04142746,9,4982,4785,0,0,0,0,0,0,2356.205597,-24.7226398,1787.640675,0.0001349853545,0,0,5,3,0.000424411181,0.0004244111795,1.63638286
5581,0.0078125,0.662109375,-51.97310116,-27.63702422,9,4982,4576,0,0,0,0,0,0,585.8336566,24.46741106,542.9015635,0.0001349853545,0,0,9,3,0.001706969186,0.001706969185,2.325220931
5582,0.009765625,0.66015625,-64.65625531,-128.9479856,9,4982,4784,0,0,0,0,0,0,3447.20711,-63.53097435,2352.524562,0.0001349853545,0,0,11,4,0.0002900899099,0.0002900899096,0.3694146767
5583,0.0087890625,0.6591796875,-54.38445512,-55.69939202,10,5427,4982,0,0,0,0,0,0,308.2096826,-9.758423514e-05,0.2497973803,4,0,0,18,8,0.003244544401,0.003244544396,4.708679352
5584,0.0087890625,0.65625,-48.48912044,-71.05511363,10,4742,5504,0,0,0,0,0,0,541.940056,0.004891864373,0.2498847268,4,0,0,6,5,0.001845222528,0.001845222527,1.400588396
5585,0.009765625,0.6572265625,-58.76092063,-80.7785721,10,5504,5427,0,0,0,0,0,0,900.1596722,-0.0008498138046,0.2499305872,4,0,0,3,2,0.00111091402,0.001110914019,0.84656033
5586,0.0107421875,0.65625,-65.10249771,-87.44039981,10,5504,4983,0,0,0,0,0,0,2578.327824,-0.006389543965,0.2499757618,4,0,0,5,1,0.0003878482754,0.000387848274,0.3338456118
5587,0.0078125,0.654296875,-62.2024667,-67.58977587,9,4742,4984,0,0,0,0,0,0,790.8183823,-2.890308875,714.5418284,0.0001349853545,0,0,14,6,0.001264512842,0.00126451284,1.043580026
5588,0.009765625,0.65234375,-100.8358788,-42.21950201,9,4984,4746,0,0,0,0,0,0,3765.782471,60.63328791,2496.664358,0.0001349853545,0,0,19,10,0.0002655490612,0.0002655490609,0.2116097928
5589,0.0078125,0.650390625,-106.2425365,-106.5699898,9,4984,4506,0,0,0,0,0,0,207.7354061,1.688113509,202.0691374,0.0001349853545,0,0,26,13,0.004813815897,0.004813815891,4.158185016
5590,0.005859375,0.65234375,38.88411031,71.25229808,9,4984,4741,0,0,0,0,0,0,667.6383031,32.29870799,612.443997,0.0001349853545,0,0,14,6,0.001497817,0.001497816995,2.320499791
5591,0.0107421875,0.6533203125,-98.13255003,-100.1378386,10,4746,5336,0,0,0,0,0,0,915.4289431,0.01229458649,0.2499317446,4,0,0,6,4,0.001092384076,0.001092384075,1.479372866
5592,0.0087890625,0.6533203125,-81.51917277,-83.77130837,10,5336,4984,0,0,0,0,0,0,241.2597618,0.004820088313,0.2497412113,4,0,0,15,9,0.004144910003,0.004144910001,4.026032258
5593,0.0087890625,0.6552734375,-59.49913789,-62.00735808,10,5336,4742,0,0,0,0,0,0,258.5914775,-0.01054779001,0.2497585395,4,0,0,15,9,0.003867103471,0.003867103468,3.388259608
5594,0.0107421875,0.6552734375,-76.11251515,-78.3900297,10,5336,4983,0,0,0,0,0,0,1119.881601,-0.01921463768,0.249944203,4,0,0,9,5,0.0008929515395,0.0008929515391,1.114664082
5595,0.009765625,0.6552734375,-67.80582652,-90.13953539,10,5504,5336,0,0,0,0,0,0,689.6255257,-0.002868430614,0.2499094039,4,0,0,8,4,0.001450062335,0.001450062333,1.264191518
5596,0.0126953125,0.6533203125,-114.7459273,-116.5329514,10,4746,5337,0,0,0,0,0,0,548.9108416,-0.008813407608,0.24988619,4,0,0,20,10,0.001821789486,0.001821789485,1.269155636
5597,0.0126953125,0.6552734375,-92.72589241,-94.73549838,10,5337,4983,0,0,0,0,0,0,954.6311275,0.009321444285,0.2499345468,4,0,0,9,5,0.001047525029,0.001047525029,0.7923463617
5598,0.0146484375,0.6552734375,-109.3392697,-111.1552208,10,5337,4504,0,0,0,0,0,0,860.4189587,-0.03639622584,0.2499273821,4,0,0,11,5,0.001162224507,0.001162224506,0.7092603456
5599,0.0146484375,0.6533203125,-131.3593046,-132.9470343,10,5337,5185,0,0,0,0,0,0,174.6343888,-0.04889157417,0.249642621,4,0,0,22,10,0.005726249032,0.005726249029,1.690516997
5600,0.01171875,0.6552734375,-84.41920378,-115.4571618,10,4983,5507,0,0,0,0,0,0,1064.032572,-0.01192811907,0.249941275,4,0,0,5,4,0.0009398208539,0.000939820853,1.223441225
5601,0.0126953125,0.654296875,-103.7359099,-103.7359099,10,5507,5337,0,0,0,0,0,0,1e+300,0,1e+300,0,0,0,0,0,0,0,0
5602,0.01171875,0.6533203125,-106.4392387,-137.2323895,10,5507,4746,0,0,0,0,0,0,1592.913109,-0.007837693492,0.2499607699,4,0,0,2,1,0.000627780633,0.0006277806322,0.6454568801
5603,0.0107421875,0.654296875,-87.12253259,-118.1656499,10,5507,5336,0,0,0,0,0,0,365.9923078,-0.01775958833,0.249829348,4,0,0,7,5,0.002732297862,0.002732297862,3.194846928
5604,0.1015625,0.7890625,-72.59660238,-92.76961538,7,4582,4987,0,0,0,0,0,0,56.0350539,-19.70299528,55.85589637,5.724087423e-05,0,0,63,37,0.01784597195,0.01784597194,5.331974858
5605,0.1015625,0.8046875,-80.39519932,-97.91747876,7,4987,4842,0,0,0,0,0,0,50.93722326,-17.6282493,50.78913782,5.724087423e-05,0,0,45,29,0.0196320085,0.01963200849,11.26735824
5606,0.1171875,0.8046875,-47.37373228,-138.9673089,7,4987,3780,0,0,0,0,0,0,445.5658287,-90.87198074,434.4844854,5.724087423e-05,0,0,13,6,0.00224433728,0.002244337279,1.829939528
5607,0.1171875,0.7890625,-129.7963263,-92.19548581,7,4987,4841,0,0,0,0,0,0,274.4660305,37.03233138,270.220681,5.724087423e-05,0,0,29,14,0.003643438127,0.003643438122,1.124631352
5608,0.125,0.7890625,-158.3961883,-158.3961883,7,4841,4992,0,0,0,0,0,0,1e+300,0,1e+300,0,0,0,0,0,0,0,0
5609,0.1171875,0.796875,-88.58502929,-88.6615727,7,4992,4987,0,0,0,0,0,0,4.702864364e+12,-9.668866596e-09,17470.0336,5.724087423e-05,0,0,2,0,2.126363685e-13,0,0.2126363685
5610,0.125,0.8046875,-75.97359424,-76.17592597,7,4992,3780,0,0,0,0,0,0,5.685056048e+11,7.580219119e-07,17470.03313,5.724087423e-05,0,0,2,0,1.75899761e-12,0,1.75899761
5611,0.1484375,0.7890625,-78.90578982,-78.90578982,7,4845,5000,0,0,0,0,0,0,1e+300,0,1e+300,0,0,0,0,0,0,0,0
5612,0.1328125,0.7890625,-131.8993888,-131.8993888,7,5000,4841,0,0,0,0,0,0,1e+300,0,1e+300,0,0,0,0,0,0,0,0
5613,0.1328125,0.8046875,-49.47679476,-49.47679476,7,5000,3780,0,0,0,0,0,0,1e+300,0,1e+300,0,0,0,0,0,0,0,0
5614,0.171875,0.828125,-79.15797299,-79.15797299,6,3761,4846,0,0,0,0,0,0,1e+300,0,1e+300,0,0,0,0,0,0,0,0
5615,0.140625,0.828125,-42.24563758,-42.24563758,6,4846,3780,0,0,0,0,0,0,1e+300,0,1e+300,0,0,0,0,0,0,0,0
5616,0.140625,0.859375,-20.29998287,-20.29998287,6,4846,3693,0,0,0,0,0,0,1e+300,0,1e+300,0,0,0,0,0,0,0,0
5617,0.21875,0.875,113.0357195,113.0357195,5,3706,3817,0,0,0,0,0,0,1e+300,0,1e+300,0,0,0,0,0,0,0,0
5618,0.1875,0.84375,-15.09340881,-15.09340881,5,3817,3761,0,0,0,0,0,0,1e+300,0,1e+300,0,0,0,0,0,0,0,0
5619,0.15625,0.875,43.76458131,43.76458131,5,3817,3693,0,0,0,0,0,0,1e+300,0,1e+300,0,0,0,0,0,0,0,0
5620,0.15625,0.90625,80.68240348,80.68240348,5,3693,3764,0,0,0,0,0,0,1e+300,0,1e+300,0,0,0,0,0,0,0,0
5621,0.15625,0.96875,-40.08817274,-40.08817274,5,3764,3707,0,0,0,0,0,0,1e+300,0,1e+300,0,0,0,0,0,0,0,0
5622,0.21875,0.96875,223.789186,223.789186,5,3764,3680,0,0,0,0,0,0,1e+300,0,1e+300,0,0,0,0,0,0,0,0
5623,0.21875,0.90625,149.9535417,149.9535417,5,3764,3706,0,0,0,0,0,0,1e+300,0,1e+300,0,0,0,0,0,0,0,0
5624,0.1875,0.90625,115.3179726,115.3179726,5,3817,3764,0,0,0,0,0,0,1e+300,0,1e+300,0,0,0,0,0,0,0,0
5625,0.171875,0.859375,14.33558625,14.33558625,6,4846,3817,0,0,0,0,0,0,1e+300,0,1e+300,0,0,0,0,0,0,0,0
5626,0.140625,0.8125,-53.21846493,-53.21846493,6,3780,4848,0,0,0,0,0,0,1e+300,0,1e+300,0,0,0,0,0,0,0,0
5627,0.15625,0.828125,-60.70180529,-60.70180529,6,4848,4846,0,0,0,0,0,0,1e+300,0,1e+300,0,0,0,0,0,0,0,0
5628,0.171875,0.8125,-90.13080035,-90.13080035,6,4848,3761,0,0,0,0,0,0,1e+300,0,1e+300,0,0,0,0,0,0,0,0
5629,0.15625,0.796875,-82.64746,-82.64746,6,4848,4845,0,0,0,0,0,0,1e+300,0,1e+300,0,0,0,0,0,0,0,0
5630,0.1484375,0.8046875,-67.93296246,-67.93296246,7,5000,4848,0,0,0,0,0,0,1e+300,0,1e+300,0,0,0,0,0,0,0,0
5631,0.1328125,0.796875,-90.68809177,-90.68809177,7,4992,5000,0,0,0,0,0,0,1e+300,0,1e+300,0,0,0,0,0,0,0,0
