gx,gy,wala,wac,g_hat,f_true
0.008333333333,0.008333333333,0.5,2.641666667,-378.7326442,-0.8640915728
0.008333333333,0.025,0.5,2.725,-413.0797236,-7.297505575
0.008333333333,0.04166666667,0.5,2.808333333,-447.426803,-20.99148245
0.008333333333,0.05833333333,0.5,2.891666667,-481.7738824,-39.32938755
0.008333333333,0.075,0.5,2.975,-516.1209617,-59.03741802
0.008333333333,0.09166666667,0.5,3.058333333,-550.4680411,-77.40011661
0.008333333333,0.1083333333,0.5,3.141666667,-584.8151205,-92.82658137
0.008333333333,0.125,0.5,3.225,-619.1621999,-104.7546174
0.008333333333,0.1416666667,0.5,3.308333333,-649.9658749,-113.242574
0.008333333333,0.1583333333,0.5,3.391666667,-680.7695499,-118.5668626
0.008333333333,0.175,0.5,3.475,-711.573225,-120.9571887
0.008333333333,0.1916666667,0.5,3.558333333,-742.3769,-120.4696915
0.008333333333,0.2083333333,0.5,3.641666667,-773.180575,-116.9643458
0.008333333333,0.225,0.5,3.725,-803.98425,-110.1773951
0.008333333333,0.2416666667,0.5,3.808333333,-834.7879251,-99.91468771
0.008333333333,0.2583333333,0.5,3.891666667,-828.3411053,-86.39272215
0.008333333333,0.275,0.5,3.975,-916.684274,-70.67243327
0.008333333333,0.2916666667,0.5,4.058333333,-1002.913226,-54.95602846
0.008333333333,0.3083333333,0.5,4.141666667,-1088.296491,-42.37490881
0.008333333333,0.325,0.5,4.225,-1091.846451,-36.05007366
0.008333333333,0.3416666667,0.5,4.308333333,-988.1593032,-37.75623696
0.008333333333,0.3583333333,0.5,4.391666667,-884.4721558,-47.03733289
0.008333333333,0.375,0.5,4.475,-768.7173734,-61.44156142
0.008333333333,0.3916666667,0.5,4.558333333,-799.3700141,-77.69228369
0.008333333333,0.4083333333,0.5,4.641666667,-901.89735,-92.95073879
0.008333333333,0.425,0.5,4.725,-1004.424686,-105.4734802
0.008333333333,0.4416666667,0.5,4.808333333,-1069.062493,-114.5811994
0.008333333333,0.4583333333,0.5,4.891666667,-918.0762151,-120.2683729
0.008333333333,0.475,0.5,4.975,-703.8082248,-122.7895217
0.008333333333,0.4916666667,0.5,5.058333333,-531.0463166,-122.3762565
0.008333333333,0.5083333333,0.5,5.141666667,-663.2337109,-119.0956993
0.008333333333,0.525,0.5,5.225,-770.2331318,-112.8166181
0.008333333333,0.5416666667,0.5,5.308333333,-657.5225475,-103.2696515
0.008333333333,0.5583333333,0.5,5.391666667,-552.897247,-90.22412051
0.008333333333,0.575,0.5,5.475,-448.0092277,-73.81160652
0.008333333333,0.5916666667,0.5,5.558333333,-392.3507061,-54.95682646
0.008333333333,0.6083333333,0.5,5.641666667,-287.4674762,-35.70977599
0.008333333333,0.625,0.5,5.725,-107.939184,-19.11422478
0.008333333333,0.6416666667,0.5,5.808333333,-209.8449524,-8.352190339
0.008333333333,0.6583333333,0.5,5.891666667,-50.4561881,-5.416992117
0.008333333333,0.675,0.5,5.975,35.36102513,-10.12669002
0.008333333333,0.6916666667,0.5,6.058333333,175.8487269,-20.21430485
0.008333333333,0.7083333333,0.5,6.141666667,191.4825937,-32.42436693
0.008333333333,0.725,0.5,6.225,182.9607463,-43.8120712
0.008333333333,0.7416666667,0.5,6.308333333,150.5459213,-52.49117618
0.008333333333,0.7583333333,0.5,6.391666667,16.91923897,-57.67304086
0.008333333333,0.775,0.5,6.475,226.0902346,-59.2993961
0.008333333333,0.7916666667,0.5,6.558333333,276.0601877,-57.61972215
0.008333333333,0.8083333333,0.5,6.641666667,375.5577834,-52.89032989
0.008333333333,0.825,0.5,6.725,369.4371366,-45.21769449
0.008333333333,0.8416666667,0.5,6.808333333,335.9549364,-34.5132853
0.008333333333,0.8583333333,0.5,6.891666667,302.4727362,-20.54208771
0.008333333333,0.875,0.5,6.975,292.3244005,-3.083521217
0.008333333333,0.8916666667,0.5,7.058333333,285.7867948,17.76287081
0.008333333333,0.9083333333,0.5,7.141666667,250.0979828,41.1525246
0.008333333333,0.925,0.5,7.225,214.4091709,65.13426179
0.008333333333,0.9416666667,0.5,7.308333333,178.720359,86.70593491
0.008333333333,0.9583333333,0.5,7.391666667,143.0315471,102.5827685
0.008333333333,0.975,0.5,7.475,107.3427352,110.5032012
0.008333333333,0.9916666667,0.5,7.558333333,71.65392331,110.3064204
0.025,0.008333333333,1.5,2.641666667,-375.1554248,-9.16747797
0.025,0.025,1.5,2.725,-363.3477143,-11.45467449
0.025,0.04166666667,1.5,2.808333333,-397.6947936,-21.62161862
0.025,0.05833333333,1.5,2.891666667,-432.041873,-37.76279081
0.025,0.075,1.5,2.975,-466.3889524,-56.72171
0.025,0.09166666667,1.5,3.058333333,-500.7360318,-75.42289511
0.025,0.1083333333,1.5,3.141666667,-535.0831111,-91.7608063
0.025,0.125,1.5,3.225,-569.4301905,-104.7624114
0.025,0.1416666667,1.5,3.308333333,-600.2338656,-114.2681662
0.025,0.1583333333,1.5,3.391666667,-631.0375406,-120.4995882
0.025,0.175,1.5,3.475,-661.8412156,-123.7287351
0.025,0.1916666667,1.5,3.558333333,-692.6448906,-124.0949461
0.025,0.2083333333,1.5,3.641666667,-723.4485657,-121.5398461
0.025,0.225,1.5,3.725,-754.2522407,-115.8367379
0.025,0.2416666667,1.5,3.808333333,-747.6859344,-106.7263058
0.025,0.2583333333,1.5,3.891666667,-741.2391146,-94.19239178
0.025,0.275,1.5,3.975,-734.9117813,-78.87151634
0.025,0.2916666667,1.5,4.058333333,-821.5635767,-62.45075742
0.025,0.3083333333,1.5,4.141666667,-908.2153721,-47.72488494
0.025,0.325,1.5,4.225,-941.5915165,-37.97458489
0.025,0.3416666667,1.5,4.308333333,-927.3829252,-35.72093911
0.025,0.3583333333,1.5,4.391666667,-811.6281428,-41.52895231
0.025,0.375,1.5,4.475,-683.8057254,-53.71634533
0.025,0.3916666667,1.5,4.558333333,-642.5836709,-69.19494021
0.025,0.4083333333,1.5,4.641666667,-673.2363115,-84.80635109
0.025,0.425,1.5,4.725,-775.7636474,-98.29323424
0.025,0.4416666667,1.5,4.808333333,-840.4014549,-108.5439788
0.025,0.4583333333,1.5,4.891666667,-628.3955212,-115.3112531
0.025,0.475,1.5,4.975,-474.6358919,-118.7779362
0.025,0.4916666667,1.5,5.058333333,-469.2144472,-119.2093582
0.025,0.5083333333,1.5,5.141666667,-569.8758748,-116.7533146
0.025,0.525,1.5,5.225,-587.4643742,-111.3627056
0.025,0.5416666667,1.5,5.308333333,-513.8842036,-102.8137319
0.025,0.5583333333,1.5,5.391666667,-484.1995919,-90.82711198
0.025,0.575,1.5,5.475,-425.58448,-75.32571555
0.025,0.5916666667,1.5,5.558333333,-448.3917774,-56.83207953
0.025,0.6083333333,1.5,5.641666667,-354.8511352,-36.88218167
0.025,0.625,1.5,5.725,-283.4459537,-18.14507043
0.025,0.6416666667,1.5,5.808333333,-265.6078388,-3.892372943
0.025,0.6583333333,1.5,5.891666667,-212.0088061,3.196037644
0.025,0.675,1.5,5.975,-180.5449985,2.283884681
0.025,0.6916666667,1.5,6.058333333,-119.0429164,-5.190157067
0.025,0.7083333333,1.5,6.141666667,-65.97029954,-16.23718473
0.025,0.725,1.5,6.225,-60.5751999,-27.64403442
0.025,0.7416666667,1.5,6.308333333,33.69955266,-37.02167993
0.025,0.7583333333,1.5,6.391666667,73.39297781,-43.13575493
0.025,0.775,1.5,6.475,107.3555451,-45.66873876
0.025,0.7916666667,1.5,6.558333333,149.4809708,-44.7879691
0.025,0.8083333333,1.5,6.641666667,225.4449844,-40.78159498
0.025,0.825,1.5,6.725,219.3243376,-33.84154112
0.025,0.8416666667,1.5,6.808333333,185.8421374,-23.97344372
0.025,0.8583333333,1.5,6.891666667,175.6938017,-11.00380092
0.025,0.875,1.5,6.975,188.8793307,5.31279695
0.025,0.8916666667,1.5,7.058333333,211.492931,25.05416107
0.025,0.9083333333,1.5,7.141666667,204.9553253,47.74698928
0.025,0.925,1.5,7.225,169.2665133,71.94233008
0.025,0.9416666667,1.5,7.308333333,133.5777014,95.03978884
0.025,0.9583333333,1.5,7.391666667,97.88888953,113.7281353
0.025,0.975,1.5,7.475,62.20007763,125.1200473
0.025,0.9916666667,1.5,7.558333333,45.4189571,128.0463734
0.04166666667,0.008333333333,2.5,2.641666667,-371.5782053,-19.23107012
0.04166666667,0.025,2.5,2.725,-359.7704948,-16.99360828
0.04166666667,0.04166666667,2.5,2.808333333,-347.9627843,-22.80819174
0.04166666667,0.05833333333,2.5,2.891666667,-382.3098637,-35.78810116
0.04166666667,0.075,2.5,2.975,-416.656943,-53.22492352
0.04166666667,0.09166666667,2.5,3.058333333,-451.0040224,-71.84970291
0.04166666667,0.1083333333,2.5,3.141666667,-485.3511018,-89.01639829
0.04166666667,0.125,2.5,3.225,-519.6981812,-103.2148659
0.04166666667,0.1416666667,2.5,3.308333333,-550.5018562,-113.9399088
0.04166666667,0.1583333333,2.5,3.391666667,-581.3055312,-121.2751057
0.04166666667,0.175,2.5,3.475,-612.1092063,-125.4979493
0.04166666667,0.1916666667,2.5,3.558333333,-642.9128813,-126.8258197
0.04166666667,0.2083333333,2.5,3.641666667,-673.7165563,-125.2976039
0.04166666667,0.225,2.5,3.725,-667.15025,-120.7577357
0.04166666667,0.2416666667,2.5,3.808333333,-660.5839437,-112.9360745
0.04166666667,0.2583333333,2.5,3.891666667,-654.1371239,-101.6512547
0.04166666667,0.275,2.5,3.975,-647.8097906,-87.16176457
0.04166666667,0.2916666667,2.5,4.058333333,-641.4824573,-70.59998694
0.04166666667,0.3083333333,2.5,4.141666667,-728.1342527,-54.24573396
0.04166666667,0.325,2.5,4.225,-761.5103971,-41.26523736
0.04166666667,0.3416666667,2.5,4.308333333,-745.899453,-34.72455217
0.04166666667,0.3583333333,2.5,4.391666667,-726.7164949,-36.25475207
0.04166666667,0.375,2.5,4.475,-598.8940775,-45.23248819
0.04166666667,0.3916666667,2.5,4.558333333,-557.6720229,-59.09880499
0.04166666667,0.4083333333,2.5,4.641666667,-516.4499683,-74.56751271
0.04166666667,0.425,2.5,4.725,-547.102609,-88.86162556
0.04166666667,0.4416666667,2.5,4.808333333,-577.7552497,-100.3174921
0.04166666667,0.4583333333,2.5,4.891666667,-392.7838046,-108.3151644
0.04166666667,0.475,2.5,4.975,-364.3708721,-112.8771247
0.04166666667,0.4916666667,2.5,5.058333333,-381.9409153,-114.2610227
0.04166666667,0.5083333333,2.5,5.141666667,-388.0244427,-112.6875113
0.04166666667,0.525,2.5,5.225,-400.5478447,-108.20749
0.04166666667,0.5416666667,2.5,5.308333333,-397.8759547,-100.6749975
0.04166666667,0.5583333333,2.5,5.391666667,-394.0966682,-89.81468563
0.04166666667,0.575,2.5,5.475,-345.5691588,-75.40840439
0.04166666667,0.5916666667,2.5,5.558333333,-302.1067468,-57.62924933
0.04166666667,0.6083333333,2.5,5.641666667,-296.5900317,-37.47470714
0.04166666667,0.625,2.5,5.725,-255.1442661,-17.07899395
0.04166666667,0.6416666667,2.5,5.808333333,-237.3061512,0.4649756892
0.04166666667,0.6583333333,2.5,5.891666667,-219.4680363,12.01068764
0.04166666667,0.675,2.5,5.975,-169.0357469,15.6915775
0.04166666667,0.6916666667,2.5,6.058333333,-141.2346414,11.84890344
0.04166666667,0.7083333333,2.5,6.141666667,-165.9536917,2.856138887
0.04166666667,0.725,2.5,6.225,-161.2825507,-8.023006517
0.04166666667,0.7416666667,2.5,6.308333333,-89.40870102,-17.9139873
0.04166666667,0.7583333333,2.5,6.391666667,-31.22081108,-25.02668518
0.04166666667,0.775,2.5,6.475,-11.84239812,-28.65284719
0.04166666667,0.7916666667,2.5,6.558333333,-0.6318282612,-28.78482059
0.04166666667,0.8083333333,2.5,6.641666667,75.33218535,-25.69796412
0.04166666667,0.825,2.5,6.725,69.21153857,-19.66030296
0.04166666667,0.8416666667,2.5,6.808333333,59.06320294,-10.78476482
0.04166666667,0.8583333333,2.5,6.891666667,72.24873191,1.009421759
0.04166666667,0.875,2.5,6.975,85.43426088,15.94156221
0.04166666667,0.8916666667,2.5,7.058333333,108.0478612,34.19959868
0.04166666667,0.9083333333,2.5,7.141666667,130.6614615,55.62426434
0.04166666667,0.925,2.5,7.225,124.1238558,79.28081427
0.04166666667,0.9416666667,2.5,7.308333333,88.43504385,103.1145923
0.04166666667,0.9583333333,2.5,7.391666667,52.74623195,124.0512491
0.04166666667,0.975,2.5,7.475,35.96511142,138.8173115
0.04166666667,0.9916666667,2.5,7.558333333,19.18399089,145.2607435
0.05833333333,0.008333333333,3.5,2.641666667,-368.0009859,-31.1198677
0.05833333333,0.025,3.5,2.725,-356.1932754,-24.33440166
0.05833333333,0.04166666667,3.5,2.808333333,-344.3855648,-25.13213795
0.05833333333,0.05833333333,3.5,2.891666667,-332.5778543,-33.88129439
0.05833333333,0.075,3.5,2.975,-366.9249337,-48.73622267
0.05833333333,0.09166666667,3.5,3.058333333,-401.2720131,-66.55801876
0.05833333333,0.1083333333,3.5,3.141666667,-435.6190925,-84.24882894
0.05833333333,0.125,3.5,3.225,-469.9661718,-99.66321499
0.05833333333,0.1416666667,3.5,3.308333333,-500.7698469,-111.7922574
0.05833333333,0.1583333333,3.5,3.391666667,-531.5735219,-120.4540092
0.05833333333,0.175,3.5,3.475,-562.3771969,-125.8603359
0.05833333333,0.1916666667,3.5,3.558333333,-593.1808719,-128.2817586
0.05833333333,0.2083333333,3.5,3.641666667,-586.6145656,-127.8598005
0.05833333333,0.225,3.5,3.725,-580.0482593,-124.5387417
0.05833333333,0.2416666667,3.5,3.808333333,-573.481953,-118.0920109
0.05833333333,0.2583333333,3.5,3.891666667,-567.0351332,-108.2539649
0.05833333333,0.275,3.5,3.975,-560.7077999,-94.99080619
0.05833333333,0.2916666667,3.5,4.058333333,-554.3804666,-78.90706839
0.05833333333,0.3083333333,3.5,4.141666667,-548.0531334,-61.64818098
0.05833333333,0.325,3.5,4.225,-550.2007396,-45.97477084
0.05833333333,0.3416666667,3.5,4.308333333,-503.3612572,-35.16517247
0.05833333333,0.3583333333,3.5,4.391666667,-523.584936,-31.78252775
0.05833333333,0.375,3.5,4.475,-513.9824295,-36.462156
0.05833333333,0.3916666667,3.5,4.558333333,-472.7603749,-47.58252574
0.05833333333,0.4083333333,3.5,4.641666667,-431.5383203,-62.07646418
0.05833333333,0.425,3.5,4.725,-390.3162658,-76.76555735
0.05833333333,0.4416666667,3.5,4.808333333,-349.0942112,-89.35248466
0.05833333333,0.4583333333,3.5,4.891666667,-808.735911,-98.68822641
0.05833333333,0.475,3.5,4.975,-919.5802525,-104.5016311
0.05833333333,0.4916666667,3.5,5.058333333,-449.0956634,-106.9655254
0.05833333333,0.5083333333,3.5,5.141666667,-333.8483073,-106.3445281
0.05833333333,0.525,3.5,5.225,-331.1764173,-102.7905854
0.05833333333,0.5416666667,3.5,5.308333333,-328.5045273,-96.26231174
0.05833333333,0.5583333333,3.5,5.391666667,-325.8326373,-86.54030288
0.05833333333,0.575,3.5,5.475,-297.2862996,-73.34467135
0.05833333333,0.5916666667,3.5,5.558333333,-273.8050592,-56.58795892
0.05833333333,0.6083333333,3.5,5.641666667,-250.3238188,-36.76924197
0.05833333333,0.625,3.5,5.725,-226.8425784,-15.39141968
0.05833333333,0.6416666667,3.5,5.808333333,-209.0044635,4.903386509
0.05833333333,0.6583333333,3.5,5.891666667,-191.1663486,20.84000069
0.05833333333,0.675,3.5,5.975,-173.3282338,29.68921279
0.05833333333,0.6916666667,3.5,6.058333333,-155.4901189,30.53197996
0.05833333333,0.7083333333,3.5,6.141666667,-150.8189779,24.72727152
0.05833333333,0.725,3.5,6.225,-146.1478369,15.22003324
0.05833333333,0.7416666667,3.5,6.308333333,-141.476696,5.220231037
0.05833333333,0.7583333333,3.5,6.391666667,-108.4123233,-2.864917309
0.05833333333,0.775,3.5,6.475,-97.20175341,-7.784651722
0.05833333333,0.7916666667,3.5,6.558333333,-85.99118355,-9.219244769
0.05833333333,0.8083333333,3.5,6.641666667,-74.78061369,-7.348912336
0.05833333333,0.825,3.5,6.725,-57.56739586,-2.485227809
0.05833333333,0.8416666667,3.5,6.808333333,-44.38186689,5.150951661
0.05833333333,0.8583333333,3.5,6.891666667,-31.19633791,15.52349436
0.05833333333,0.875,3.5,6.975,-18.01080894,28.77730474
0.05833333333,0.8916666667,3.5,7.058333333,4.60279139,45.13529545
0.05833333333,0.9083333333,3.5,7.141666667,27.21639172,64.66425413
0.05833333333,0.925,3.5,7.225,49.82999205,86.89589894
0.05833333333,0.9416666667,3.5,7.308333333,43.29238627,110.4007991
0.05833333333,0.9583333333,3.5,7.391666667,26.51126574,132.5991385
0.05833333333,0.975,3.5,7.475,9.730145209,150.1780775
0.05833333333,0.9916666667,3.5,7.558333333,-7.05097532,160.2095666
0.075,0.008333333333,4.5,2.641666667,-364.4237665,-44.65474188
0.075,0.025,4.5,2.725,-352.6160559,-33.77470364
0.075,0.04166666667,4.5,2.808333333,-340.8083454,-29.26368415
0.075,0.05833333333,4.5,2.891666667,-329.0006349,-32.79075806
0.075,0.075,4.5,2.975,-317.1929244,-43.77503175
0.075,0.09166666667,4.5,3.058333333,-351.5400037,-59.68749639
0.075,0.1083333333,4.5,3.141666667,-385.8870831,-77.2521222
0.075,0.125,4.5,3.225,-420.2341625,-93.68787479
0.075,0.1416666667,4.5,3.308333333,-451.0378375,-107.3236328
0.075,0.1583333333,4.5,3.391666667,-481.8415125,-117.5361604
0.075,0.175,4.5,3.475,-512.6451876,-124.3508548
0.075,0.1916666667,4.5,3.558333333,-506.0788812,-128.0330485
0.075,0.2083333333,4.5,3.641666667,-499.5125749,-128.8135824
0.075,0.225,4.5,3.725,-492.9462686,-126.7541899
0.075,0.2416666667,4.5,3.808333333,-486.3799623,-121.7189261
0.075,0.2583333333,4.5,3.891666667,-479.9331425,-113.4400456
0.075,0.275,4.5,3.975,-473.6058092,-101.7024595
0.075,0.2916666667,4.5,4.058333333,-467.2784759,-86.67552417
0.075,0.3083333333,4.5,4.141666667,-460.9511427,-69.34564627
0.075,0.325,4.5,4.225,-454.6238094,-51.83261693
0.075,0.3416666667,4.5,4.308333333,-407.784327,-37.22094074
0.075,0.3583333333,4.5,4.391666667,-428.0080059,-28.66447038
0.075,0.375,4.5,4.475,-429.0707815,-28.05360154
0.075,0.3916666667,4.5,4.558333333,-387.8487269,-35.07491882
0.075,0.4083333333,4.5,4.641666667,-346.6266724,-47.3692654
0.075,0.425,4.5,4.725,-305.4046178,-61.66461346
0.075,0.4416666667,4.5,4.808333333,-299.9831731,-75.05955073
0.075,0.4583333333,4.5,4.891666667,-527.0933007,-85.7290483
0.075,0.475,4.5,4.975,-637.9376422,-92.93000049
0.075,0.4916666667,4.5,5.058333333,-283.7188392,-96.62249963
0.075,0.5083333333,4.5,5.141666667,-279.6721719,-97.05104728
0.075,0.525,4.5,5.225,-277.0002819,-94.45201195
0.075,0.5416666667,4.5,5.308333333,-274.3283919,-88.90410428
0.075,0.5583333333,4.5,5.391666667,-256.2659254,-80.28857073
0.075,0.575,4.5,5.475,-268.9846119,-68.34322569
0.075,0.5916666667,4.5,5.558333333,-245.5033715,-52.8308486
0.075,0.6083333333,4.5,5.641666667,-222.0221311,-33.85343639
0.075,0.625,4.5,5.725,-198.5408907,-12.28045119
0.075,0.6416666667,4.5,5.808333333,-180.7027758,9.902393562
0.075,0.6583333333,4.5,5.891666667,-162.864661,29.68333137
0.075,0.675,4.5,5.975,-145.0265461,43.83363254
0.075,0.6916666667,4.5,6.058333333,-140.3554051,50.22446697
0.075,0.7083333333,4.5,6.141666667,-135.6842641,48.86306882
0.075,0.725,4.5,6.225,-131.0131232,41.88034656
0.075,0.7416666667,4.5,6.308333333,-126.3419822,32.47943816
0.075,0.7583333333,4.5,6.391666667,-118.4011268,23.62215624
0.075,0.775,4.5,6.475,-107.1905569,17.23401258
0.075,0.7916666667,4.5,6.558333333,-95.97998705,14.12617381
0.075,0.8083333333,4.5,6.641666667,-93.88441453,14.348782
0.075,0.825,4.5,6.725,-98.40063355,17.6180286
0.075,0.8416666667,4.5,6.808333333,-85.21510458,23.62743214
0.075,0.8583333333,4.5,6.891666667,-72.02957561,32.21374276
0.075,0.875,4.5,6.975,-34.00226041,43.40931232
0.075,0.8916666667,4.5,7.058333333,-11.38866008,57.40082056
0.075,0.9083333333,4.5,7.141666667,11.22494025,74.37778389
0.075,0.925,4.5,7.225,33.83854059,94.23770477
0.075,0.9416666667,4.5,7.308333333,17.05742006,116.1666257
0.075,0.9583333333,4.5,7.391666667,0.2762995285,138.2651861
0.075,0.975,4.5,7.475,-16.504821,157.5668002
0.075,0.9916666667,4.5,7.558333333,-33.28594153,170.7593164
0.09166666667,0.008333333333,5.5,2.641666667,-360.846547,-59.32539802
0.09166666667,0.025,5.5,2.725,-349.0388365,-45.31058377
0.09166666667,0.04166666667,5.5,2.808333333,-337.231126,-35.77333343
0.09166666667,0.05833333333,5.5,2.891666667,-325.4234154,-33.44190143
0.09166666667,0.075,5.5,2.975,-313.6157049,-39.22763893
0.09166666667,0.09166666667,5.5,3.058333333,-301.8079944,-51.76065819
0.09166666667,0.1083333333,5.5,3.141666667,-336.1550738,-68.08503042
0.09166666667,0.125,5.5,3.225,-370.5021531,-84.97998795
0.09166666667,0.1416666667,5.5,3.308333333,-401.3058282,-100.0253415
0.09166666667,0.1583333333,5.5,3.391666667,-432.1095032,-111.9524389
0.09166666667,0.175,5.5,3.475,-425.5431969,-120.4171807
0.09166666667,0.1916666667,5.5,3.558333333,-418.9768905,-125.5686693
0.09166666667,0.2083333333,5.5,3.641666667,-412.4105842,-127.6810282
0.09166666667,0.225,5.5,3.725,-405.8442779,-126.9318822
0.09166666667,0.2416666667,5.5,3.808333333,-399.2779716,-123.308889
0.09166666667,0.2583333333,5.5,3.891666667,-392.8311518,-116.6140284
0.09166666667,0.275,5.5,3.975,-386.5038185,-106.5674277
0.09166666667,0.2916666667,5.5,4.058333333,-380.1764852,-93.04254502
0.09166666667,0.3083333333,5.5,4.141666667,-373.849152,-76.44620974
0.09166666667,0.325,5.5,4.225,-367.5218187,-58.14528077
0.09166666667,0.3416666667,5.5,4.308333333,-361.1944855,-40.65531531
0.09166666667,0.3583333333,5.5,4.391666667,-352.6768095,-27.22168507
0.09166666667,0.375,5.5,4.475,-344.1591335,-20.70097114
0.09166666667,0.3916666667,5.5,4.558333333,-302.9370789,-22.25957494
0.09166666667,0.4083333333,5.5,4.641666667,-261.7150244,-30.77606894
0.09166666667,0.425,5.5,4.725,-256.2935797,-43.40868943
0.09166666667,0.4416666667,5.5,4.808333333,-250.8721351,-56.88934382
0.09166666667,0.4583333333,5.5,4.891666667,-245.4506904,-68.65767499
0.09166666667,0.475,5.5,4.975,-240.0292458,-77.30099296
0.09166666667,0.4916666667,5.5,5.058333333,-234.6078011,-82.37815872
0.09166666667,0.5083333333,5.5,5.141666667,-230.5611338,-83.99512276
0.09166666667,0.525,5.5,5.225,-227.8892438,-82.42174716
0.09166666667,0.5416666667,5.5,5.308333333,-209.8267774,-77.8527702
0.09166666667,0.5583333333,5.5,5.391666667,-176.3737344,-70.30112182
0.09166666667,0.575,5.5,5.475,-189.0924209,-59.59138572
0.09166666667,0.5916666667,5.5,5.558333333,-217.2016839,-45.45055111
0.09166666667,0.6083333333,5.5,5.641666667,-193.7204435,-27.72580525
0.09166666667,0.625,5.5,5.725,-170.2392031,-6.749353439
0.09166666667,0.6416666667,5.5,5.808333333,-152.4010882,16.22893064
0.09166666667,0.6583333333,5.5,5.891666667,-134.5629733,38.80328964
0.09166666667,0.675,5.5,5.975,-129.8918323,57.74247472
0.09166666667,0.6916666667,5.5,6.058333333,-125.2206914,70.03799342
0.09166666667,0.7083333333,5.5,6.141666667,-120.5495504,74.2294774
0.09166666667,0.725,5.5,6.225,-115.8784094,71.1282953
0.09166666667,0.7416666667,5.5,6.308333333,-111.2072684,63.38510198
0.09166666667,0.7583333333,5.5,6.391666667,-103.266413,54.23753837
0.09166666667,0.775,5.5,6.475,-92.05584315,46.31617748
0.09166666667,0.7916666667,5.5,6.558333333,-89.96027063,41.11465633
0.09166666667,0.8083333333,5.5,6.641666667,-96.97969547,39.10989601
0.09166666667,0.825,5.5,6.725,-101.4959145,40.17634759
0.09166666667,0.8416666667,5.5,6.808333333,-105.1777316,43.98397312
0.09166666667,0.8583333333,5.5,6.891666667,-67.15041636,50.25644973
0.09166666667,0.875,5.5,6.975,-20.84250576,58.8931012
0.09166666667,0.8916666667,5.5,7.058333333,1.771094574,69.98792851
0.09166666667,0.9083333333,5.5,7.141666667,24.38469491,83.75315392
0.09166666667,0.925,5.5,7.225,7.603574377,100.3201665
0.09166666667,0.9416666667,5.5,7.308333333,-9.177546152,119.3927125
0.09166666667,0.9583333333,5.5,7.391666667,-25.95866668,139.8138626
0.09166666667,0.975,5.5,7.475,-42.73978721,159.2857778
0.09166666667,0.9916666667,5.5,7.558333333,-59.52090774,174.6157901
0.1083333333,0.008333333333,6.5,2.641666667,-357.2693276,-74.27380491
0.1083333333,0.025,6.5,2.725,-345.461617,-58.47723242
0.1083333333,0.04166666667,6.5,2.808333333,-333.6539065,-44.86565387
0.1083333333,0.05833333333,6.5,2.891666667,-321.846196,-36.69603387
0.1083333333,0.075,6.5,2.975,-310.0384855,-36.25580583
0.1083333333,0.09166666667,6.5,3.058333333,-298.2307749,-43.75646776
0.1083333333,0.1083333333,6.5,3.141666667,-286.4230644,-57.22525383
0.1083333333,0.125,6.5,3.225,-320.7701438,-73.47967476
0.1083333333,0.1416666667,6.5,3.308333333,-351.5738188,-89.45645858
0.1083333333,0.1583333333,6.5,3.391666667,-345.0075125,-103.0780012
0.1083333333,0.175,6.5,3.475,-338.4412062,-113.3938874
0.1083333333,0.1916666667,6.5,3.558333333,-331.8748998,-120.2529746
0.1083333333,0.2083333333,6.5,3.641666667,-325.3085935,-123.8720722
0.1083333333,0.225,6.5,3.725,-318.7422872,-124.5102226
0.1083333333,0.2416666667,6.5,3.808333333,-312.1759809,-122.2899148
0.1083333333,0.2583333333,6.5,3.891666667,-305.7291611,-117.1354168
0.1083333333,0.275,6.5,3.975,-299.4018278,-108.80528
0.1083333333,0.2916666667,6.5,4.058333333,-293.0744945,-97.03210275
0.1083333333,0.3083333333,6.5,4.141666667,-286.7471613,-81.80326689
0.1083333333,0.325,6.5,4.225,-280.419828,-63.77345
0.1083333333,0.3416666667,6.5,4.308333333,-274.0924948,-44.65757542
0.1083333333,0.3583333333,6.5,4.391666667,-267.7651615,-27.27051207
0.1083333333,0.375,6.5,4.475,-259.2474855,-14.8811843
0.1083333333,0.3916666667,6.5,4.558333333,-218.025431,-9.955333667
0.1083333333,0.4083333333,6.5,4.641666667,-212.6039863,-12.97636238
0.1083333333,0.425,6.5,4.725,-207.1825416,-22.19241859
0.1083333333,0.4416666667,6.5,4.808333333,-201.761097,-34.48745938
0.1083333333,0.4583333333,6.5,4.891666667,-196.3396523,-46.71752917
0.1083333333,0.475,6.5,4.975,-190.9182077,-56.6608371
0.1083333333,0.4916666667,6.5,5.058333333,-185.496763,-63.24049799
0.1083333333,0.5083333333,6.5,5.141666667,-181.4500957,-66.23281593
0.1083333333,0.525,6.5,5.225,-178.7782057,-65.83364933
0.1083333333,0.5416666667,6.5,5.308333333,-176.1063157,-62.31550685
0.1083333333,0.5583333333,6.5,5.391666667,-150.3485611,-55.83239213
0.1083333333,0.575,6.5,5.475,-163.0672475,-46.34609136
0.1083333333,0.5916666667,6.5,5.558333333,-168.0906458,-33.64762917
0.1083333333,0.6083333333,6.5,5.641666667,-165.4187558,-17.4825489
0.1083333333,0.625,6.5,5.725,-141.9375154,2.186419489
0.1083333333,0.6416666667,6.5,5.808333333,-124.0994005,24.77831148
0.1083333333,0.6583333333,6.5,5.891666667,-119.4282595,48.6838375
0.1083333333,0.675,6.5,5.975,-114.7571186,71.16186055
0.1083333333,0.6916666667,6.5,6.058333333,-110.0859776,88.89430292
0.1083333333,0.7083333333,6.5,6.141666667,-105.4148366,99.19530591
0.1083333333,0.725,6.5,6.225,-100.7436956,101.2500423
0.1083333333,0.7416666667,6.5,6.308333333,-96.07255466,96.50968672
0.1083333333,0.7583333333,6.5,6.391666667,-88.13169925,87.93531104
0.1083333333,0.775,6.5,6.475,-113.9914686,78.66875024
0.1083333333,0.7916666667,6.5,6.558333333,-84.24572912,71.00507854
0.1083333333,0.8083333333,6.5,6.641666667,-68.17248568,66.08629588
0.1083333333,0.825,6.5,6.725,-72.6887047,64.15249515
0.1083333333,0.8416666667,6.5,6.808333333,-65.20123157,64.97600428
0.1083333333,0.8583333333,6.5,6.891666667,-53.99066171,68.22247678
0.1083333333,0.875,6.5,6.975,-7.682751106,73.66465989
0.1083333333,0.8916666667,6.5,7.058333333,14.93084923,81.27033427
0.1083333333,0.9083333333,6.5,7.141666667,-1.850271303,91.19348037
0.1083333333,0.925,6.5,7.225,-18.63139183,103.6645309
0.1083333333,0.9416666667,6.5,7.308333333,-35.41251236,118.7470777
0.1083333333,0.9583333333,6.5,7.391666667,-52.19363289,135.9513172
0.1083333333,0.975,6.5,7.475,-68.97475342,153.812568
0.1083333333,0.9916666667,6.5,7.558333333,-85.75587395,169.7302498
0.125,0.008333333333,7.5,2.641666667,-353.6921081,-88.3739409
0.125,0.025,7.5,2.725,-341.8843976,-72.28987173
0.125,0.04166666667,7.5,2.808333333,-330.0766871,-56.12208735
0.125,0.05833333333,7.5,2.891666667,-318.2689766,-42.98009324
0.125,0.075,7.5,2.975,-306.461266,-36.00491158
0.125,0.09166666667,7.5,3.058333333,-294.6535555,-37.03432166
0.125,0.1083333333,7.5,3.141666667,-282.845845,-45.68871726
0.125,0.125,7.5,3.225,-271.0381345,-59.56593012
0.125,0.1416666667,7.5,3.308333333,-264.4718281,-75.39266959
0.125,0.1583333333,7.5,3.391666667,-257.9055218,-90.29846587
0.125,0.175,7.5,3.475,-251.3392155,-102.4983991
0.125,0.1916666667,7.5,3.558333333,-244.7729091,-111.2809011
0.125,0.2083333333,7.5,3.641666667,-238.2066028,-116.6232475
0.125,0.225,7.5,3.725,-231.6402965,-118.7750337
0.125,0.2416666667,7.5,3.808333333,-225.0739902,-117.9701333
0.125,0.2583333333,7.5,3.891666667,-218.6271704,-114.2809093
0.125,0.275,7.5,3.975,-212.2998371,-107.5811722
0.125,0.2916666667,7.5,4.058333333,-205.9725038,-97.6030722
0.125,0.3083333333,7.5,4.141666667,-199.6451706,-84.10940887
0.125,0.325,7.5,4.225,-193.3178373,-67.21226393
0.125,0.3416666667,7.5,4.308333333,-186.9905041,-47.80253034
0.125,0.3583333333,7.5,4.391666667,-180.6631708,-27.89089887
0.125,0.375,7.5,4.475,-174.3358375,-10.49807797
0.125,0.3916666667,7.5,4.558333333,-168.9143929,1.176583197
0.125,0.4083333333,7.5,4.641666667,-163.4929482,5.07722736
0.125,0.425,7.5,4.725,-158.0715036,1.304432314
0.125,0.4416666667,7.5,4.808333333,-152.6500589,-7.934338464
0.125,0.4583333333,7.5,4.891666667,-147.2286143,-19.39820323
0.125,0.475,7.5,4.975,-141.8071696,-30.12008982
0.125,0.4916666667,7.5,5.058333333,-136.385725,-38.17950772
0.125,0.5083333333,7.5,5.141666667,-132.3390576,-42.76202118
0.125,0.525,7.5,5.225,-129.6671676,-43.79934539
0.125,0.5416666667,7.5,5.308333333,-126.9952777,-41.54458435
0.125,0.5583333333,7.5,5.391666667,-124.3233877,-36.26620558
0.125,0.575,7.5,5.475,-121.6514977,-28.08691645
0.125,0.5916666667,7.5,5.558333333,-118.9796077,-16.9351209
0.125,0.6083333333,7.5,5.641666667,-116.3077177,-2.590038392
0.125,0.625,7.5,5.725,-113.6358277,15.16192718
0.125,0.6416666667,7.5,5.808333333,-108.9646868,36.22676949
0.125,0.6583333333,7.5,5.891666667,-104.2935458,59.78037786
0.125,0.675,7.5,5.975,-99.6224048,83.89996244
0.125,0.6916666667,7.5,6.058333333,-94.95126383,105.5996447
0.125,0.7083333333,7.5,6.141666667,-90.28012285,121.5742442
0.125,0.725,7.5,6.225,-85.60898188,129.4972588
0.125,0.7416666667,7.5,6.308333333,-80.9378409,129.121687
0.125,0.7583333333,7.5,6.391666667,-110.0673247,122.3777526
0.125,0.775,7.5,6.475,-172.9974332,112.3916395
0.125,0.7916666667,7.5,6.558333333,-143.2516937,102.158642
0.125,0.8083333333,7.5,6.641666667,-57.90044549,93.68445234
0.125,0.825,7.5,6.725,-28.15470604,87.85087897
0.125,0.8416666667,7.5,6.808333333,-16.94413618,84.74742337
0.125,0.8583333333,7.5,6.891666667,-5.733566316,84.10333766
0.125,0.875,7.5,6.975,5.477003546,85.61297477
0.125,0.8916666667,7.5,7.058333333,-11.30411698,89.1142272
0.125,0.9083333333,7.5,7.141666667,-28.08523751,94.65006628
0.125,0.925,7.5,7.225,-44.86635804,102.4358224
0.125,0.9416666667,7.5,7.308333333,-61.64747857,112.7187623
0.125,0.9583333333,7.5,7.391666667,-78.4285991,125.496262
0.125,0.975,7.5,7.475,-95.20971963,140.1026254
0.125,0.9916666667,7.5,7.558333333,-111.9908402,154.8176466
0.1416666667,0.008333333333,8.5,2.641666667,-319.1995398,-100.38434
0.1416666667,0.025,8.5,2.725,-307.3918293,-85.33604106
0.1416666667,0.04166666667,8.5,2.808333333,-295.5841188,-68.38063109
0.1416666667,0.05833333333,8.5,2.891666667,-283.7764083,-51.90350436
0.1416666667,0.075,8.5,2.975,-271.9686977,-39.11293041
0.1416666667,0.09166666667,8.5,3.058333333,-260.1609872,-32.99340943
0.1416666667,0.1083333333,8.5,3.141666667,-248.3532767,-34.9797157
0.1416666667,0.125,8.5,3.225,-232.8961352,-44.23016855
0.1416666667,0.1416666667,8.5,3.308333333,-234.1116253,-58.05565043
0.1416666667,0.1583333333,8.5,3.391666667,-227.5453189,-73.17080085
0.1416666667,0.175,8.5,3.475,-220.9790126,-86.88968013
0.1416666667,0.1916666667,8.5,3.558333333,-214.4127063,-97.65825059
0.1416666667,0.2083333333,8.5,3.641666667,-207.8464,-104.9361236
0.1416666667,0.225,8.5,3.725,-201.2800936,-108.7832724
0.1416666667,0.2416666667,8.5,3.808333333,-194.7137873,-109.4624925
0.1416666667,0.2583333333,8.5,3.891666667,-188.2669675,-107.1816438
0.1416666667,0.275,8.5,3.975,-181.9396342,-101.9723859
0.1416666667,0.2916666667,8.5,4.058333333,-175.612301,-93.67199895
0.1416666667,0.3083333333,8.5,4.141666667,-169.2849677,-82.0007432
0.1416666667,0.325,8.5,4.225,-162.9576345,-66.76177158
0.1416666667,0.3416666667,8.5,4.308333333,-156.6303012,-48.18883261
0.1416666667,0.3583333333,8.5,4.391666667,-150.3029679,-27.38062162
0.1416666667,0.375,8.5,4.475,-149.5322362,-6.583305946
0.1416666667,0.3916666667,8.5,4.558333333,-147.3527911,11.05224598
0.1416666667,0.4083333333,8.5,4.641666667,-141.9313465,22.43985768
0.1416666667,0.425,8.5,4.725,-136.5099018,25.89344815
0.1416666667,0.4416666667,8.5,4.808333333,-131.0884572,21.97020222
0.1416666667,0.4583333333,8.5,4.891666667,-125.6670125,13.18173463
0.1416666667,0.475,8.5,4.975,-120.2455679,2.79846871
0.1416666667,0.4916666667,8.5,5.058333333,-114.8241232,-6.397087953
0.1416666667,0.5083333333,8.5,5.141666667,-98.93920469,-12.7341589
0.1416666667,0.525,8.5,5.225,-128.0137559,-15.59806863
0.1416666667,0.5416666667,8.5,5.308333333,-125.3418659,-15.03291613
0.1416666667,0.5583333333,8.5,5.391666667,-114.6637127,-11.33197632
0.1416666667,0.575,8.5,5.475,-72.31807773,-4.761624772
0.1416666667,0.5916666667,8.5,5.558333333,-57.31119088,4.574697148
0.1416666667,0.6083333333,8.5,5.641666667,-54.6393009,16.76625031
0.1416666667,0.625,8.5,5.725,-134.9498047,32.03051759
0.1416666667,0.6416666667,8.5,5.808333333,-119.5998563,50.53067421
0.1416666667,0.6583333333,8.5,5.891666667,-114.9287153,72.0459529
0.1416666667,0.675,8.5,5.975,-110.2575743,95.53997195
0.1416666667,0.6916666667,8.5,6.058333333,-105.5864333,118.8418812
0.1416666667,0.7083333333,8.5,6.141666667,-100.9152924,138.8083545
0.1416666667,0.725,8.5,6.225,-96.24415138,152.2119869
0.1416666667,0.7416666667,8.5,6.308333333,-91.57301041,157.0742267
0.1416666667,0.7583333333,8.5,6.391666667,-83.63215499,153.61639
0.1416666667,0.775,8.5,6.475,-109.4919243,144.1164194
0.1416666667,0.7916666667,8.5,6.558333333,-79.74618486,131.7842966
0.1416666667,0.8083333333,8.5,6.641666667,-50.00044541,119.4763695
0.1416666667,0.825,8.5,6.725,-38.78987555,108.982185
0.1416666667,0.8416666667,8.5,6.808333333,-27.57930568,101.0133264
0.1416666667,0.8583333333,8.5,6.891666667,-16.36873582,95.58084035
0.1416666667,0.875,8.5,6.975,2.055990754,92.41562878
0.1416666667,0.8916666667,8.5,7.058333333,20.48071733,91.26330966
0.1416666667,0.9083333333,8.5,7.141666667,3.699596801,92.03562558
0.1416666667,0.925,8.5,7.225,-13.08152373,94.85159726
0.1416666667,0.9416666667,8.5,7.308333333,-29.86264426,99.98469195
0.1416666667,0.9583333333,8.5,7.391666667,-46.64376479,107.6958448
0.1416666667,0.975,8.5,7.475,-63.42488532,117.9206541
0.1416666667,0.9916666667,8.5,7.558333333,-80.20600584,129.8413294
0.1583333333,0.008333333333,9.5,2.641666667,-284.7069716,-109.1001497
0.1583333333,0.025,9.5,2.725,-272.899261,-95.9897943
0.1583333333,0.04166666667,9.5,2.808333333,-261.0915505,-79.84305757
0.1583333333,0.05833333333,9.5,2.891666667,-249.28384,-62.05610025
0.1583333333,0.075,9.5,2.975,-237.4761295,-45.1719939
0.1583333333,0.09166666667,9.5,3.058333333,-225.6684189,-32.44383895
0.1583333333,0.1083333333,9.5,3.141666667,-210.2112775,-26.70294606
0.1583333333,0.125,9.5,3.225,-194.754136,-29.06394194
0.1583333333,0.1416666667,9.5,3.308333333,-195.9696261,-38.35331019
0.1583333333,0.1583333333,9.5,3.391666667,-197.1851161,-51.70311472
0.1583333333,0.175,9.5,3.475,-190.6188098,-65.85157476
0.1583333333,0.1916666667,9.5,3.558333333,-184.0525034,-78.26393916
0.1583333333,0.2083333333,9.5,3.641666667,-177.4861971,-87.55437171
0.1583333333,0.225,9.5,3.725,-170.9198908,-93.29912521
0.1583333333,0.2416666667,9.5,3.808333333,-164.3535845,-95.61033593
0.1583333333,0.2583333333,9.5,3.891666667,-157.9067647,-94.75573383
0.1583333333,0.275,9.5,3.975,-151.5794314,-90.92313501
0.1583333333,0.2916666667,9.5,4.058333333,-145.2520981,-84.11644392
0.1583333333,0.3083333333,9.5,4.141666667,-138.9247649,-74.15129202
0.1583333333,0.325,9.5,4.225,-132.5974316,-60.74838752
0.1583333333,0.3416666667,9.5,4.308333333,-126.2700984,-43.75479658
0.1583333333,0.3583333333,9.5,4.391666667,-125.4993666,-23.51195521
0.1583333333,0.375,9.5,4.475,-124.7286349,-1.287505767
0.1583333333,0.3916666667,9.5,4.558333333,-122.5491898,20.49587181
0.1583333333,0.4083333333,9.5,4.641666667,-120.3697448,38.60831352
0.1583333333,0.425,9.5,4.725,-114.9483001,50.07558163
0.1583333333,0.4416666667,9.5,4.808333333,-109.5268555,53.50059619
0.1583333333,0.4583333333,9.5,4.891666667,-104.1054108,49.76226567
0.1583333333,0.475,9.5,4.975,-98.68396615,41.5552485
0.1583333333,0.4916666667,9.5,5.058333333,-93.26252149,32.12794225
0.1583333333,0.5083333333,9.5,5.141666667,-66.60608541,24.09954371
0.1583333333,0.525,9.5,5.225,-87.67086946,18.94809887
0.1583333333,0.5416666667,9.5,5.308333333,-113.3738979,17.1421955
0.1583333333,0.5583333333,9.5,5.391666667,-100.0269902,18.55742745
0.1583333333,0.575,9.5,5.475,-57.68135526,22.87135813
0.1583333333,0.5916666667,9.5,5.558333333,-5.669477837,29.81772197
0.1583333333,0.6083333333,9.5,5.641666667,-75.95327788,39.30516163
0.1583333333,0.625,9.5,5.725,-156.2637817,51.43371079
0.1583333333,0.6416666667,9.5,5.808333333,-140.9138332,66.41553814
0.1583333333,0.6583333333,9.5,5.891666667,-125.5638848,84.3722734
0.1583333333,0.675,9.5,5.975,-120.8927438,104.9846956
0.1583333333,0.6916666667,9.5,6.058333333,-116.2216028,127.0597426
0.1583333333,0.7083333333,9.5,6.141666667,-111.5504619,148.2585744
0.1583333333,0.725,9.5,6.225,-106.8793209,165.359725
0.1583333333,0.7416666667,9.5,6.308333333,-102.2081799,175.247744
0.1583333333,0.7583333333,9.5,6.391666667,-94.2673245,176.2489413
0.1583333333,0.775,9.5,6.475,-83.05675464,168.9503357
0.1583333333,0.7916666667,9.5,6.558333333,-71.84618477,155.8798856
0.1583333333,0.8083333333,9.5,6.641666667,-60.63561491,140.298038
0.1583333333,0.825,9.5,6.725,-49.42504505,124.9623881
0.1583333333,0.8416666667,9.5,6.808333333,-38.21447519,111.5250016
0.1583333333,0.8583333333,9.5,6.891666667,-19.78974861,100.6029715
0.1583333333,0.875,9.5,6.975,-1.365022038,92.17984495
0.1583333333,0.8916666667,9.5,7.058333333,17.05970454,86.01249494
0.1583333333,0.9083333333,9.5,7.141666667,35.48443112,81.90263915
0.1583333333,0.925,9.5,7.225,18.70331059,79.82884184
0.1583333333,0.9416666667,9.5,7.308333333,1.922190057,79.97278101
0.1583333333,0.9583333333,9.5,7.391666667,-14.85893047,82.65082556
0.1583333333,0.975,9.5,7.475,-31.640051,88.12638126
0.1583333333,0.9916666667,9.5,7.558333333,-48.42117153,96.27473349
0.175,0.008333333333,10.5,2.641666667,-250.2144033,-113.4196706
0.175,0.025,10.5,2.725,-238.4066928,-102.635881
0.175,0.04166666667,10.5,2.808333333,-226.5989822,-88.37522596
0.175,0.05833333333,10.5,2.891666667,-214.7912717,-71.1383484
0.175,0.075,10.5,2.975,-202.9835612,-52.42905853
0.175,0.09166666667,10.5,3.058333333,-187.5264197,-34.88785039
0.175,0.1083333333,10.5,3.141666667,-172.0692783,-21.78291684
0.175,0.125,10.5,3.225,-156.6121368,-15.82924076
0.175,0.1416666667,10.5,3.308333333,-157.8276268,-17.92544804
0.175,0.1583333333,10.5,3.391666667,-159.0431169,-26.68963571
0.175,0.175,10.5,3.475,-160.2586069,-39.15475055
0.175,0.1916666667,10.5,3.558333333,-153.6923006,-52.089991
0.175,0.2083333333,10.5,3.641666667,-147.1259943,-63.0664452
0.175,0.225,10.5,3.725,-140.5596879,-70.80829236
0.175,0.2416666667,10.5,3.808333333,-133.9933816,-74.9660836
0.175,0.2583333333,10.5,3.891666667,-127.5465618,-75.68567671
0.175,0.275,10.5,3.975,-121.2192285,-73.24036084
0.175,0.2916666667,10.5,4.058333333,-114.8918953,-67.80965783
0.175,0.3083333333,10.5,4.141666667,-108.564562,-59.38618501
0.175,0.325,10.5,4.225,-102.2372288,-47.78027997
0.175,0.3416666667,10.5,4.308333333,-101.466497,-32.72415793
0.175,0.3583333333,10.5,4.391666667,-100.6957653,-14.10741162
0.175,0.375,10.5,4.475,-99.92503353,7.642656352
0.175,0.3916666667,10.5,4.558333333,-97.74558848,31.13412269
0.175,0.4083333333,10.5,4.641666667,-95.56614343,53.82157518
0.175,0.425,10.5,4.725,-93.38669838,72.42486525
0.175,0.4416666667,10.5,4.808333333,-87.96525372,84.04766598
0.175,0.4583333333,10.5,4.891666667,-82.54380907,87.47891338
0.175,0.475,10.5,4.975,-77.12236442,83.79062212
0.175,0.4916666667,10.5,5.058333333,-71.70091976,75.77068626
0.175,0.5083333333,10.5,5.141666667,6.705298915,66.62930363
0.175,0.525,10.5,5.225,-16.67827018,58.86548847
0.175,0.5416666667,10.5,5.308333333,-77.24161496,53.82786609
0.175,0.5583333333,10.5,5.391666667,-69.23221615,51.89166333
0.175,0.575,10.5,5.475,-26.88658118,52.88418623
0.175,0.5916666667,10.5,5.558333333,-67.09026991,56.46914392
0.175,0.6083333333,10.5,5.641666667,-107.2939586,62.38694213
0.175,0.625,10.5,5.725,-177.5777587,70.56271419
0.175,0.6416666667,10.5,5.808333333,-162.2278102,81.11426502
0.175,0.6583333333,10.5,5.891666667,-146.8778618,94.26275096
0.175,0.675,10.5,5.975,-131.5279133,110.1163069
0.175,0.6916666667,10.5,6.058333333,-126.8567723,128.3065935
0.175,0.7083333333,10.5,6.141666667,-122.1856314,147.5574197
0.175,0.725,10.5,6.225,-117.5144904,165.4476648
0.175,0.7416666667,10.5,6.308333333,-112.8433494,178.742632
0.175,0.7583333333,10.5,6.391666667,-104.902494,184.4430458
0.175,0.775,10.5,6.475,-93.69192414,181.1109257
0.175,0.7916666667,10.5,6.558333333,-82.48135428,169.5934352
0.175,0.8083333333,10.5,6.641666667,-71.27078442,152.5903811
0.175,0.825,10.5,6.725,-60.06021456,133.4015657
0.175,0.8416666667,10.5,6.808333333,-41.63548798,114.732087
0.175,0.8583333333,10.5,6.891666667,-23.21076141,98.16153567
0.175,0.875,10.5,6.975,-4.786034829,84.26300572
0.175,0.8916666667,10.5,7.058333333,13.63869175,73.01588344
0.175,0.9083333333,10.5,7.141666667,32.06341832,64.20215601
0.175,0.925,10.5,7.225,50.4881449,57.66276735
0.175,0.9416666667,10.5,7.308333333,33.70702437,53.41757076
0.175,0.9583333333,10.5,7.391666667,16.92590384,51.68229869
0.175,0.975,10.5,7.475,0.1447833128,52.79001592
0.175,0.9916666667,10.5,7.558333333,-16.63633722,56.9899964
0.1916666667,0.008333333333,11.5,2.641666667,-215.721835,-112.281323
0.1916666667,0.025,11.5,2.725,-203.9141245,-103.7786768
0.1916666667,0.04166666667,11.5,2.808333333,-192.106414,-91.8384672
0.1916666667,0.05833333333,11.5,2.891666667,-180.2987034,-76.38993247
0.1916666667,0.075,11.5,2.975,-164.841562,-57.96914039
0.1916666667,0.09166666667,11.5,3.058333333,-149.3844205,-38.13091014
0.1916666667,0.1083333333,11.5,3.141666667,-133.927279,-19.56035139
0.1916666667,0.125,11.5,3.225,-118.4701376,-5.530080975
0.1916666667,0.1416666667,11.5,3.308333333,-119.6856276,1.301570119
0.1916666667,0.1583333333,11.5,3.391666667,-120.9011177,0.1357181867
0.1916666667,0.175,11.5,3.475,-122.1166077,-7.55438281
0.1916666667,0.1916666667,11.5,3.558333333,-123.3320977,-18.76439681
0.1916666667,0.2083333333,11.5,3.641666667,-116.7657914,-30.28702713
0.1916666667,0.225,11.5,3.725,-110.1994851,-39.75039462
0.1916666667,0.2416666667,11.5,3.808333333,-103.6331787,-45.93683478
0.1916666667,0.2583333333,11.5,3.891666667,-97.18635895,-48.53888989
0.1916666667,0.275,11.5,3.975,-90.85902569,-47.72686644
0.1916666667,0.2916666667,11.5,4.058333333,-84.53169243,-43.78697923
0.1916666667,0.3083333333,11.5,4.141666667,-78.20435917,-36.90669013
0.1916666667,0.325,11.5,4.225,-77.43362743,-27.08643229
0.1916666667,0.3416666667,11.5,4.308333333,-76.66289568,-14.14829107
0.1916666667,0.3583333333,11.5,4.391666667,-75.89216394,2.154869969
0.1916666667,0.375,11.5,4.475,-75.12143219,21.89743807
0.1916666667,0.3916666667,11.5,4.558333333,-72.94198714,44.59553462
0.1916666667,0.4083333333,11.5,4.641666667,-70.76254209,68.78365781
0.1916666667,0.425,11.5,4.725,-68.58309704,91.84613086
0.1916666667,0.4416666667,11.5,4.808333333,-66.40365199,110.4697867
0.1916666667,0.4583333333,11.5,4.891666667,-60.98220734,121.7872947
0.1916666667,0.475,11.5,4.975,-55.56076269,124.6665811
0.1916666667,0.4916666667,11.5,5.058333333,-50.13931803,120.2602614
0.1916666667,0.5083333333,11.5,5.141666667,-31.4157593,111.3904493
0.1916666667,0.525,11.5,5.225,-28.74386931,101.2439245
0.1916666667,0.5416666667,11.5,5.308333333,-40.74887074,92.26386077
0.1916666667,0.5583333333,11.5,5.391666667,-38.07698075,85.74448005
0.1916666667,0.575,11.5,5.475,-56.8824999,82.02804736
0.1916666667,0.5916666667,11.5,5.558333333,-97.08618863,80.9336325
0.1916666667,0.6083333333,11.5,5.641666667,-137.2898774,82.13607705
0.1916666667,0.625,11.5,5.725,-177.4935661,85.39965571
0.1916666667,0.6416666667,11.5,5.808333333,-162.1436176,90.68089902
0.1916666667,0.6583333333,11.5,5.891666667,-146.7936692,98.13211548
0.1916666667,0.675,11.5,5.975,-131.4437207,108.0067114
0.1916666667,0.6916666667,11.5,6.058333333,-137.4919419,120.4356831
0.1916666667,0.7083333333,11.5,6.141666667,-132.8208009,135.0575279
0.1916666667,0.725,11.5,6.225,-128.1496599,150.5876972
0.1916666667,0.7416666667,11.5,6.308333333,-123.4785189,164.5983013
0.1916666667,0.7583333333,11.5,6.391666667,-115.5376635,173.8811537
0.1916666667,0.775,11.5,6.475,-104.3270936,175.5228092
0.1916666667,0.7916666667,11.5,6.558333333,-93.11652379,168.2221401
0.1916666667,0.8083333333,11.5,6.641666667,-81.90595393,152.9672524
0.1916666667,0.825,11.5,6.725,-63.48122735,132.5510858
0.1916666667,0.8416666667,11.5,6.808333333,-45.05650077,110.3009078
0.1916666667,0.8583333333,11.5,6.891666667,-26.6317742,88.90449352
0.1916666667,0.875,11.5,6.975,-8.207047621,69.91272971
0.1916666667,0.8916666667,11.5,7.058333333,10.21767896,53.88009728
0.1916666667,0.9083333333,11.5,7.141666667,28.64240553,40.78195764
0.1916666667,0.925,11.5,7.225,47.06713211,30.40588697
0.1916666667,0.9416666667,11.5,7.308333333,65.49185869,22.60141599
0.1916666667,0.9583333333,11.5,7.391666667,48.71073816,17.39496874
0.1916666667,0.975,11.5,7.475,31.92961763,15.00304869
0.1916666667,0.9916666667,11.5,7.558333333,15.1484971,15.74941658
0.2083333333,0.008333333333,12.5,2.641666667,-181.2292667,-104.4987387
0.2083333333,0.025,12.5,2.725,-169.4215562,-97.99218276
0.2083333333,0.04166666667,12.5,2.808333333,-157.6138457,-88.2847855
0.2083333333,0.05833333333,12.5,2.891666667,-142.1567042,-75.09823207
0.2083333333,0.075,12.5,2.975,-126.6995628,-58.36050435
0.2083333333,0.09166666667,12.5,3.058333333,-111.2424213,-38.60457235
0.2083333333,0.1083333333,12.5,3.141666667,-95.78527983,-17.38118039
0.2083333333,0.125,12.5,3.225,-80.32813837,2.626283499
0.2083333333,0.1416666667,12.5,3.308333333,-81.54362841,18.13959689
0.2083333333,0.1583333333,12.5,3.391666667,-82.75911844,26.48445823
0.2083333333,0.175,12.5,3.475,-83.97460848,26.83821566
0.2083333333,0.1916666667,12.5,3.558333333,-85.19009852,20.64985518
0.2083333333,0.2083333333,12.5,3.641666667,-86.40558855,10.90531624
0.2083333333,0.225,12.5,3.725,-79.83928222,0.8001669345
0.2083333333,0.2416666667,12.5,3.808333333,-73.2729759,-7.302727424
0.2083333333,0.2583333333,12.5,3.891666667,-66.8261561,-12.1965602
0.2083333333,0.275,12.5,3.975,-60.49882284,-13.58889032
0.2083333333,0.2916666667,12.5,4.058333333,-54.17148958,-11.66919422
0.2083333333,0.3083333333,12.5,4.141666667,-53.40075783,-6.745901902
0.2083333333,0.325,12.5,4.225,-52.63002609,0.9695082476
0.2083333333,0.3416666667,12.5,4.308333333,-51.85929435,11.45186495
0.2083333333,0.3583333333,12.5,4.391666667,-51.0885626,24.85466682
0.2083333333,0.375,12.5,4.475,-50.31783086,41.40220452
0.2083333333,0.3916666667,12.5,4.558333333,-48.13838581,61.1491124
0.2083333333,0.4083333333,12.5,4.641666667,-45.95894076,83.59622591
0.2083333333,0.425,12.5,4.725,-43.77949571,107.2673588
0.2083333333,0.4416666667,12.5,4.808333333,-41.60005066,129.5384922
0.2083333333,0.4583333333,12.5,4.891666667,-39.42060561,147.0862834
0.2083333333,0.475,12.5,4.975,-33.99916096,157.028576
0.2083333333,0.4916666667,12.5,5.058333333,-28.5777163,158.2162504
0.2083333333,0.5083333333,12.5,5.141666667,4.822733846,151.7901354
0.2083333333,0.525,12.5,5.225,0.1561781264,140.5730046
0.2083333333,0.5416666667,12.5,5.308333333,-19.18726901,127.7664906
0.2083333333,0.5583333333,12.5,5.391666667,-16.59461856,115.8392498
0.2083333333,0.575,12.5,5.475,-14.00196812,106.1167319
0.2083333333,0.5916666667,12.5,5.558333333,-32.80748726,98.97512747
0.2083333333,0.6083333333,12.5,5.641666667,-73.011176,94.26927966
0.2083333333,0.625,12.5,5.725,-113.2148647,91.71184013
0.2083333333,0.6416666667,12.5,5.808333333,-97.86491627,91.10713061
0.2083333333,0.6583333333,12.5,5.891666667,-82.51496782,92.45382594
0.2083333333,0.675,12.5,5.975,-88.56318895,95.94812109
0.2083333333,0.6916666667,12.5,6.058333333,-116.0095797,101.8887601
0.2083333333,0.7083333333,12.5,6.141666667,-143.4559704,110.4534522
0.2083333333,0.725,12.5,6.225,-138.7848294,121.3286235
0.2083333333,0.7416666667,12.5,6.308333333,-134.1136884,133.2776577
0.2083333333,0.7583333333,12.5,6.391666667,-126.172833,143.9171692
0.2083333333,0.775,12.5,6.475,-114.9622632,150.0746207
0.2083333333,0.7916666667,12.5,6.558333333,-103.7516933,148.858959
0.2083333333,0.8083333333,12.5,6.641666667,-85.32696672,138.9789092
0.2083333333,0.825,12.5,6.725,-66.90224014,121.4262541
0.2083333333,0.8416666667,12.5,6.808333333,-48.47751357,98.99855671
0.2083333333,0.8583333333,12.5,6.891666667,-30.05278699,75.03102087
0.2083333333,0.875,12.5,6.975,-11.62806041,52.21971153
0.2083333333,0.8916666667,12.5,7.058333333,6.796666164,32.11964752
0.2083333333,0.9083333333,12.5,7.141666667,25.22139274,15.28265317
0.2083333333,0.925,12.5,7.225,43.64611932,1.674538769
0.2083333333,0.9416666667,12.5,7.308333333,62.07084589,-8.932257865
0.2083333333,0.9583333333,12.5,7.391666667,80.49557247,-16.70734644
0.2083333333,0.975,12.5,7.475,63.71445194,-21.64605872
0.2083333333,0.9916666667,12.5,7.558333333,46.93333141,-23.55503886
0.225,0.008333333333,13.5,2.641666667,-146.7366984,-88.59546347
0.225,0.025,13.5,2.725,-134.9289879,-83.80094104
0.225,0.04166666667,13.5,2.808333333,-119.4718465,-76.00288699
0.225,0.05833333333,13.5,2.891666667,-104.014705,-64.98928756
0.225,0.075,13.5,2.975,-88.55756353,-50.48618721
0.225,0.09166666667,13.5,3.058333333,-73.10042207,-32.40832059
0.225,0.1083333333,13.5,3.141666667,-57.64328061,-11.25151761
0.225,0.125,13.5,3.225,-42.18613915,11.48839371
0.225,0.1416666667,13.5,3.308333333,-43.40162919,33.17258537
0.225,0.1583333333,13.5,3.391666667,-44.61711923,50.51347925
0.225,0.175,13.5,3.475,-45.83260926,60.74607206
0.225,0.1916666667,13.5,3.558333333,-47.0480993,62.8980027
0.225,0.2083333333,13.5,3.641666667,-48.26358934,58.27542831
0.225,0.225,13.5,3.725,-49.47907937,49.78756825
0.225,0.2416666667,13.5,3.808333333,-42.91277304,40.62885911
0.225,0.2583333333,13.5,3.891666667,-36.46595325,33.20212566
0.225,0.275,13.5,3.975,-30.13861999,28.75371842
0.225,0.2916666667,13.5,4.058333333,-29.36788824,27.59305579
0.225,0.3083333333,13.5,4.141666667,-28.5971565,29.52357168
0.225,0.325,13.5,4.225,-27.82642475,34.21392598
0.225,0.3416666667,13.5,4.308333333,-27.05569301,41.42298218
0.225,0.3583333333,13.5,4.391666667,-26.28496127,51.09616105
0.225,0.375,13.5,4.475,-25.51422952,63.36380323
0.225,0.3916666667,13.5,4.558333333,-23.33478447,78.44048713
0.225,0.4083333333,13.5,4.641666667,-21.15533942,96.39374805
0.225,0.425,13.5,4.725,-18.97589437,116.7675409
0.225,0.4416666667,13.5,4.808333333,-16.79644932,138.1555227
0.225,0.4583333333,13.5,4.891666667,-14.61700427,158.0052348
0.225,0.475,13.5,4.975,-12.43755923,173.0238206
0.225,0.4916666667,13.5,5.058333333,-7.016114572,180.2869353
0.225,0.5083333333,13.5,5.141666667,-5.002630961,178.5458657
0.225,0.525,13.5,5.225,-0.2975572643,168.8466743
0.225,0.5416666667,13.5,5.308333333,2.295093179,153.9845144
0.225,0.5583333333,13.5,5.391666667,4.887743622,137.2158163
0.225,0.575,13.5,5.475,7.480394066,121.1143383
0.225,0.5916666667,13.5,5.558333333,10.07304451,107.1170263
0.225,0.6083333333,13.5,5.641666667,-8.732474635,95.69147062
0.225,0.625,13.5,5.725,-48.93616337,86.75872943
0.225,0.6416666667,13.5,5.808333333,-33.58621491,80.07849147
0.225,0.6583333333,13.5,5.891666667,-39.63443604,75.49052213
0.225,0.675,13.5,5.975,-67.08082676,73.02298397
0.225,0.6916666667,13.5,6.058333333,-94.52721748,72.90010344
0.225,0.7083333333,13.5,6.141666667,-121.9736082,75.45280562
0.225,0.725,13.5,6.225,-149.4199989,80.90298131
0.225,0.7416666667,13.5,6.308333333,-144.7488579,89.00051435
0.225,0.7583333333,13.5,6.391666667,-136.8080025,98.58937163
0.225,0.775,13.5,6.475,-125.5974327,107.3613745
0.225,0.7916666667,13.5,6.558333333,-107.1727061,112.172075
0.225,0.8083333333,13.5,6.641666667,-88.74797951,110.0765517
0.225,0.825,13.5,6.725,-70.32325293,99.65679201
0.225,0.8416666667,13.5,6.808333333,-51.89852636,81.76416343
0.225,0.8583333333,13.5,6.891666667,-33.47379978,59.10863985
0.225,0.875,13.5,6.975,-15.0490732,35.01402312
0.225,0.8916666667,13.5,7.058333333,3.375653372,12.21467062
0.225,0.9083333333,13.5,7.141666667,21.80037995,-7.689327977
0.225,0.925,13.5,7.225,40.22510653,-24.12193863
0.225,0.9416666667,13.5,7.308333333,58.6498331,-37.11959079
0.225,0.9583333333,13.5,7.391666667,77.07455968,-46.93164249
0.225,0.975,13.5,7.475,95.49928625,-53.75982935
0.225,0.9916666667,13.5,7.558333333,78.71816573,-57.63465561
0.2416666667,0.008333333333,14.5,2.641666667,-112.2441302,-62.81823546
0.2416666667,0.025,14.5,2.725,-96.7869887,-59.70727245
0.2416666667,0.04166666667,14.5,2.808333333,-81.32984724,-53.62003348
0.2416666667,0.05833333333,14.5,2.891666667,-65.87270578,-44.55796617
0.2416666667,0.075,14.5,2.975,-50.41556432,-32.34067724
0.2416666667,0.09166666667,14.5,3.058333333,-34.95842286,-16.70915366
0.2416666667,0.1083333333,14.5,3.141666667,-19.5012814,2.43998052
0.2416666667,0.125,14.5,3.225,-4.044139937,24.67521426
0.2416666667,0.1416666667,14.5,3.308333333,-5.259629974,48.60286858
0.2416666667,0.1583333333,14.5,3.391666667,-6.47512001,71.67497272
0.2416666667,0.175,14.5,3.475,-7.690610047,90.60234658
0.2416666667,0.1916666667,14.5,3.558333333,-8.906100083,102.4690032
0.2416666667,0.2083333333,14.5,3.641666667,-10.12159012,106.0358633
0.2416666667,0.225,14.5,3.725,-11.33708016,102.3473769
0.2416666667,0.2416666667,14.5,3.808333333,-12.55257019,94.17328921
0.2416666667,0.2583333333,14.5,3.891666667,-6.105750398,84.71766292
0.2416666667,0.275,14.5,3.975,-5.335018654,76.48146495
0.2416666667,0.2916666667,14.5,4.058333333,-4.564286909,70.81774806
0.2416666667,0.3083333333,14.5,4.141666667,-3.793555164,68.10536969
0.2416666667,0.325,14.5,4.225,-3.02282342,68.17411069
0.2416666667,0.3416666667,14.5,4.308333333,-2.252091675,70.6901342
0.2416666667,0.3583333333,14.5,4.391666667,-1.48135993,75.39757802
0.2416666667,0.375,14.5,4.475,-0.7106281855,82.22754111
0.2416666667,0.3916666667,14.5,4.558333333,1.468816864,91.30673396
0.2416666667,0.4083333333,14.5,4.641666667,3.648261913,102.8689156
0.2416666667,0.425,14.5,4.725,5.827706962,117.0394861
0.2416666667,0.4416666667,14.5,4.808333333,8.007152011,133.4728311
0.2416666667,0.4583333333,14.5,4.891666667,10.18659706,150.9203786
0.2416666667,0.475,14.5,4.975,12.36604211,166.9900966
0.2416666667,0.4916666667,14.5,5.058333333,14.54548716,178.4716914
0.2416666667,0.5083333333,14.5,5.141666667,18.59215448,182.3802736
0.2416666667,0.525,14.5,5.225,21.18480492,177.282832
0.2416666667,0.5416666667,14.5,5.308333333,23.77745537,164.0295757
0.2416666667,0.5583333333,14.5,5.391666667,26.37010581,145.3300426
0.2416666667,0.575,14.5,5.475,28.96275625,124.5032406
0.2416666667,0.5916666667,14.5,5.558333333,31.5554067,104.2789148
0.2416666667,0.6083333333,14.5,5.641666667,34.14805714,86.26044822
0.2416666667,0.625,14.5,5.725,15.342538,71.03970779
0.2416666667,0.6416666667,14.5,5.808333333,9.294316863,58.60878013
0.2416666667,0.6583333333,14.5,5.891666667,-18.15207386,48.75704662
0.2416666667,0.675,14.5,5.975,-45.59846457,41.328726
0.2416666667,0.6916666667,14.5,6.058333333,-73.04485529,36.34383356
0.2416666667,0.7083333333,14.5,6.141666667,-100.491246,34.01602094
0.2416666667,0.725,14.5,6.225,-127.9376367,34.67505096
0.2416666667,0.7416666667,14.5,6.308333333,-155.3840275,38.56703171
0.2416666667,0.7583333333,14.5,6.391666667,-147.443172,45.5070021
0.2416666667,0.775,14.5,6.475,-129.0184455,54.44433087
0.2416666667,0.7916666667,14.5,6.558333333,-110.5937189,63.17844366
0.2416666667,0.8083333333,14.5,6.641666667,-92.1689923,68.59821005
0.2416666667,0.825,14.5,6.725,-73.74426573,67.64824401
0.2416666667,0.8416666667,14.5,6.808333333,-55.31953915,58.66470846
0.2416666667,0.8583333333,14.5,6.891666667,-36.89481257,42.22344382
0.2416666667,0.875,14.5,6.975,-18.470086,20.8574463
0.2416666667,0.8916666667,14.5,7.058333333,-0.04535941971,-2.135628153
0.2416666667,0.9083333333,14.5,7.141666667,18.37936716,-23.94146
0.2416666667,0.925,14.5,7.225,36.80409373,-42.85599803
0.2416666667,0.9416666667,14.5,7.308333333,55.22882031,-58.23190593
0.2416666667,0.9583333333,14.5,7.391666667,73.65354689,-70.08142926
0.2416666667,0.975,14.5,7.475,92.07827346,-78.66584409
0.2416666667,0.9916666667,14.5,7.558333333,110.503,-84.21821494
0.2583333333,0.008333333333,15.5,2.641666667,-93.85509594,-25.60751004
0.2583333333,0.025,15.5,2.725,-78.39795448,-24.66017049
0.2583333333,0.04166666667,15.5,2.808333333,-62.94081302,-20.59517861
0.2583333333,0.05833333333,15.5,2.891666667,-47.48367156,-13.64729474
0.2583333333,0.075,15.5,2.975,-32.0265301,-3.875009662
0.2583333333,0.09166666667,15.5,3.058333333,-16.56938864,8.850762499
0.2583333333,0.1083333333,15.5,3.141666667,-1.112247183,24.76156806
0.2583333333,0.125,15.5,3.225,14.34489428,43.98112218
0.2583333333,0.1416666667,15.5,3.308333333,13.12940424,66.16765468
0.2583333333,0.1583333333,15.5,3.391666667,11.9139142,90.08089669
0.2583333333,0.175,15.5,3.475,10.69842417,113.32681
0.2583333333,0.1916666667,15.5,3.558333333,9.482934131,132.6545685
0.2583333333,0.2083333333,15.5,3.641666667,8.267444095,144.9760309
0.2583333333,0.225,15.5,3.725,7.051954058,148.6978874
0.2583333333,0.2416666667,15.5,3.808333333,5.836464022,144.4940876
0.2583333333,0.2583333333,15.5,3.891666667,11.1062627,134.9297715
0.2583333333,0.275,15.5,3.975,11.87699444,123.230411
0.2583333333,0.2916666667,15.5,4.058333333,12.64772619,112.0671827
0.2583333333,0.3083333333,15.5,4.141666667,13.41845793,102.9916387
0.2583333333,0.325,15.5,4.225,14.18918968,96.53239497
0.2583333333,0.3416666667,15.5,4.308333333,14.95992142,92.60405778
0.2583333333,0.3583333333,15.5,4.391666667,15.73065317,90.91036505
0.2583333333,0.375,15.5,4.475,16.50138491,91.20947611
0.2583333333,0.3916666667,15.5,4.558333333,18.68082996,93.44119716
0.2583333333,0.4083333333,15.5,4.641666667,20.86027501,97.74976658
0.2583333333,0.425,15.5,4.725,23.03972006,104.4114219
0.2583333333,0.4416666667,15.5,4.808333333,25.21916511,113.6408731
0.2583333333,0.4583333333,15.5,4.891666667,27.39861016,125.2498789
0.2583333333,0.475,15.5,4.975,29.57805521,138.2129064
0.2583333333,0.4916666667,15.5,5.058333333,31.75750026,150.3695819
0.2583333333,0.5083333333,15.5,5.141666667,30.68964267,158.6359207
0.2583333333,0.525,15.5,5.225,33.28229311,159.9429664
0.2583333333,0.5416666667,15.5,5.308333333,35.87494356,152.5716402
0.2583333333,0.5583333333,15.5,5.391666667,38.467594,137.0361565
0.2583333333,0.575,15.5,5.475,41.06024444,115.8478853
0.2583333333,0.5916666667,15.5,5.558333333,43.65289489,92.34338416
0.2583333333,0.6083333333,15.5,5.641666667,46.24554533,69.42065527
0.2583333333,0.625,15.5,5.725,48.83819577,48.88075646
0.2583333333,0.6416666667,15.5,5.808333333,21.39180505,31.45811881
0.2583333333,0.6583333333,15.5,5.891666667,-6.054585665,17.21015177
0.2583333333,0.675,15.5,5.975,-33.50097638,5.930358604
0.2583333333,0.6916666667,15.5,6.058333333,-60.9473671,-2.569203425
0.2583333333,0.7083333333,15.5,6.141666667,-88.39375782,-8.316707258
0.2583333333,0.725,15.5,6.225,-115.8401485,-11.14692178
0.2583333333,0.7416666667,15.5,6.308333333,-143.2865393,-10.76153984
0.2583333333,0.7583333333,15.5,6.391666667,-147.7662114,-6.905975204
0.2583333333,0.775,15.5,6.475,-129.3414848,0.3071844182
0.2583333333,0.7916666667,15.5,6.558333333,-110.9167582,9.967526435
0.2583333333,0.8083333333,15.5,6.641666667,-92.49203167,20.03498115
0.2583333333,0.825,15.5,6.725,-74.0673051,27.47171299
0.2583333333,0.8416666667,15.5,6.808333333,-55.64257852,29.09809672
0.2583333333,0.8583333333,15.5,6.891666667,-37.21785194,22.92016595
0.2583333333,0.875,15.5,6.975,-18.79312537,9.116719203
0.2583333333,0.8916666667,15.5,7.058333333,-0.3683987894,-10.05032334
0.2583333333,0.9083333333,15.5,7.141666667,18.05632779,-31.33186761
0.2583333333,0.925,15.5,7.225,36.48105436,-51.79018429
0.2583333333,0.9416666667,15.5,7.308333333,54.90578094,-69.54618305
0.2583333333,0.9583333333,15.5,7.391666667,73.33050752,-83.81782397
0.2583333333,0.975,15.5,7.475,91.75523409,-94.55226978
0.2583333333,0.9916666667,15.5,7.558333333,110.1799607,-102.002658
0.275,0.008333333333,16.5,2.641666667,-89.60191676,23.12641845
0.275,0.025,16.5,2.725,-79.76188527,20.78260913
0.275,0.04166666667,16.5,2.808333333,-64.30474381,21.67998221
0.275,0.05833333333,16.5,2.891666667,-48.84760235,25.50533222
0.275,0.075,16.5,2.975,-33.39046089,31.97031579
0.275,0.09166666667,16.5,3.058333333,-17.93331943,40.95002694
0.275,0.1083333333,16.5,3.141666667,-2.47617797,52.51485826
0.275,0.125,16.5,3.225,12.98096349,66.86822066
0.275,0.1416666667,16.5,3.308333333,11.76547345,84.16675454
0.275,0.1583333333,16.5,3.391666667,10.54998342,104.1935417
0.275,0.175,16.5,3.475,9.334493381,125.9273654
0.275,0.1916666667,16.5,3.558333333,8.119003344,147.2197389
0.275,0.2083333333,16.5,3.641666667,6.903513308,164.9466744
0.275,0.225,16.5,3.725,5.688023271,175.8860571
0.275,0.2416666667,16.5,3.808333333,9.122368148,178.0490619
0.275,0.2583333333,16.5,3.891666667,14.39216682,171.6441433
0.275,0.275,16.5,3.975,21.4974193,158.95258
0.275,0.2916666667,16.5,4.058333333,22.26815105,143.213543
0.275,0.3083333333,16.5,4.141666667,23.03888279,127.3333275
0.275,0.325,16.5,4.225,23.80961454,113.1596187
0.275,0.3416666667,16.5,4.308333333,24.58034628,101.4601641
0.275,0.3583333333,16.5,4.391666667,25.35107803,92.29615679
0.275,0.375,16.5,4.475,26.12180977,85.44282887
0.275,0.3916666667,16.5,4.558333333,28.30125482,80.68576207
0.275,0.4083333333,16.5,4.641666667,30.48069987,77.97341292
0.275,0.425,16.5,4.725,32.66014492,77.45893808
0.275,0.4416666667,16.5,4.808333333,34.83958997,79.4481596
0.275,0.4583333333,16.5,4.891666667,37.01903502,84.23403917
0.275,0.475,16.5,4.975,39.19848007,91.78573918
0.275,0.4916666667,16.5,5.058333333,46.60803133,101.3210714
0.275,0.5083333333,16.5,5.141666667,45.54017374,110.9505151
0.275,0.525,16.5,5.225,35.99490731,117.7497444
0.275,0.5416666667,16.5,5.308333333,38.58755775,118.548279
0.275,0.5583333333,16.5,5.391666667,41.18020819,111.2405557
0.275,0.575,16.5,5.475,43.77285864,95.84164886
0.275,0.5916666667,16.5,5.558333333,46.36550908,74.50752491
0.275,0.6083333333,16.5,5.641666667,48.95815952,50.50348166
0.275,0.625,16.5,5.725,51.55080997,26.88527619
0.275,0.6416666667,16.5,5.808333333,24.10441925,5.684182431
0.275,0.6583333333,16.5,5.891666667,-3.34197147,-12.18825741
0.275,0.675,16.5,5.975,-30.78836219,-26.59359505
0.275,0.6916666667,16.5,6.058333333,-58.23475291,-37.73814078
0.275,0.7083333333,16.5,6.141666667,-85.68114363,-45.85780734
0.275,0.725,16.5,6.225,-113.1275343,-51.0488372
0.275,0.7416666667,16.5,6.308333333,-107.545786,-53.21306641
0.275,0.7583333333,16.5,6.391666667,-112.0254581,-52.09698365
0.275,0.775,16.5,6.475,-126.5665508,-47.44022621
0.275,0.7916666667,16.5,6.558333333,-108.1418242,-39.26687891
0.275,0.8083333333,16.5,6.641666667,-89.71709762,-28.30353333
0.275,0.825,16.5,6.725,-71.29237104,-16.35918302
0.275,0.8416666667,16.5,6.808333333,-52.86764447,-6.323667289
0.275,0.8583333333,16.5,6.891666667,-34.44291789,-1.467098651
0.275,0.875,16.5,6.975,-16.01819131,-4.158333355
0.275,0.8916666667,16.5,7.058333333,2.406535263,-14.7274197
0.275,0.9083333333,16.5,7.141666667,20.83126184,-31.29863258
0.275,0.925,16.5,7.225,39.25598842,-50.72451402
0.275,0.9416666667,16.5,7.308333333,57.68071499,-69.9190409
0.275,0.9583333333,16.5,7.391666667,76.10544157,-86.75787469
0.275,0.975,16.5,7.475,94.53016815,-100.2517215
0.275,0.9916666667,16.5,7.558333333,112.9548947,-110.2319879
0.2916666667,0.008333333333,17.5,2.641666667,-85.34873757,79.77898165
0.2916666667,0.025,17.5,2.725,-75.50870608,72.71231624
0.2916666667,0.04166666667,17.5,2.808333333,-65.6686746,68.50400579
0.2916666667,0.05833333333,17.5,2.891666667,-50.21153314,67.21282945
0.2916666667,0.075,17.5,2.975,-34.75439168,68.54966968
0.2916666667,0.09166666667,17.5,3.058333333,-19.29725022,72.19692666
0.2916666667,0.1083333333,17.5,3.141666667,-3.840108757,77.98166146
0.2916666667,0.125,17.5,3.225,11.6170327,85.93336463
0.2916666667,0.1416666667,17.5,3.308333333,10.40154267,96.24776326
0.2916666667,0.1583333333,17.5,3.391666667,9.18605263,109.1417806
0.2916666667,0.175,17.5,3.475,7.970562594,124.566115
0.2916666667,0.1916666667,17.5,3.558333333,6.755072557,141.7892868
0.2916666667,0.2083333333,17.5,3.641666667,5.539582521,159.0138382
0.2916666667,0.225,17.5,3.725,8.973927397,173.3651056
0.2916666667,0.2416666667,17.5,3.808333333,12.40827227,181.5749319
0.2916666667,0.2583333333,17.5,3.891666667,17.67807095,181.2559129
0.2916666667,0.275,17.5,3.975,24.78332343,172.0519166
0.2916666667,0.2916666667,17.5,4.058333333,31.88857591,155.8311191
0.2916666667,0.3083333333,17.5,4.141666667,32.65930765,135.7702735
0.2916666667,0.325,17.5,4.225,33.4300394,115.019242
0.2916666667,0.3416666667,17.5,4.308333333,34.20077114,95.78425868
0.2916666667,0.3583333333,17.5,4.391666667,34.97150289,79.13847193
0.2916666667,0.375,17.5,4.475,35.74223463,65.32847418
0.2916666667,0.3916666667,17.5,4.558333333,37.92167968,54.20648264
0.2916666667,0.4083333333,17.5,4.641666667,40.10112473,45.56532262
0.2916666667,0.425,17.5,4.725,42.28056978,39.32590231
0.2916666667,0.4416666667,17.5,4.808333333,44.46001483,35.60510869
0.2916666667,0.4583333333,17.5,4.891666667,46.63945988,34.68909462
0.2916666667,0.475,17.5,4.975,49.08905593,36.90145973
0.2916666667,0.4916666667,17.5,5.058333333,61.4585624,42.33259963
0.2916666667,0.5083333333,17.5,5.141666667,60.39070481,50.43326223
0.2916666667,0.525,17.5,5.225,50.84543838,59.61063478
0.2916666667,0.5416666667,17.5,5.308333333,41.30017195,67.15032955
0.2916666667,0.5583333333,17.5,5.391666667,43.89282239,69.80881195
0.2916666667,0.575,17.5,5.475,46.48547283,65.04360375
0.2916666667,0.5916666667,17.5,5.558333333,49.07812328,52.22904849
0.2916666667,0.6083333333,17.5,5.641666667,51.67077372,32.99298842
0.2916666667,0.625,17.5,5.725,54.26342416,10.41187977
0.2916666667,0.6416666667,17.5,5.808333333,26.81703344,-12.32295559
0.2916666667,0.6583333333,17.5,5.891666667,-0.6293572753,-32.90149597
0.2916666667,0.675,17.5,5.975,-28.07574799,-50.16637141
0.2916666667,0.6916666667,17.5,6.058333333,-55.52213871,-63.84425739
0.2916666667,0.7083333333,17.5,6.141666667,-82.96852943,-74.11159171
0.2916666667,0.725,17.5,6.225,-77.38678109,-81.24102821
0.2916666667,0.7416666667,17.5,6.308333333,-71.80503274,-85.39557163
0.2916666667,0.7583333333,17.5,6.391666667,-76.28470489,-86.54674298
0.2916666667,0.775,17.5,6.475,-90.82579752,-84.48879561
0.2916666667,0.7916666667,17.5,6.558333333,-105.3668901,-78.95499229
0.2916666667,0.8083333333,17.5,6.641666667,-86.94216357,-69.86904476
0.2916666667,0.825,17.5,6.725,-68.51743699,-57.7379911
0.2916666667,0.8416666667,17.5,6.808333333,-50.09271041,-44.06961602
0.2916666667,0.8583333333,17.5,6.891666667,-31.66798384,-31.51042674
0.2916666667,0.875,17.5,6.975,-13.24325726,-23.34382071
0.2916666667,0.8916666667,17.5,7.058333333,5.181469315,-22.31369372
0.2916666667,0.9083333333,17.5,7.141666667,23.60619589,-29.35739087
0.2916666667,0.925,17.5,7.225,42.03092247,-43.13013956
0.2916666667,0.9416666667,17.5,7.308333333,60.45564904,-60.69003103
0.2916666667,0.9583333333,17.5,7.391666667,78.88037562,-78.81745309
0.2916666667,0.975,17.5,7.475,97.3051022,-95.0863238
0.2916666667,0.9916666667,17.5,7.558333333,115.7298288,-108.2221745
0.3083333333,0.008333333333,18.5,2.641666667,-81.09555838,134.6411422
0.3083333333,0.025,18.5,2.725,-71.25552689,122.4608174
0.3083333333,0.04166666667,18.5,2.808333333,-61.41549541,111.4209847
0.3083333333,0.05833333333,18.5,2.891666667,-51.57546392,102.7084021
0.3083333333,0.075,18.5,2.975,-36.11832246,96.60591381
0.3083333333,0.09166666667,18.5,3.058333333,-20.661181,92.92579137
0.3083333333,0.1083333333,18.5,3.141666667,-5.204039544,91.37360458
0.3083333333,0.125,18.5,3.225,10.25310192,91.76478679
0.3083333333,0.1416666667,18.5,3.308333333,9.03761188,94.11430438
0.3083333333,0.1583333333,18.5,3.391666667,7.822121843,98.62899846
0.3083333333,0.175,18.5,3.475,6.606631807,105.5993986
0.3083333333,0.1916666667,18.5,3.558333333,5.39114177,115.158698
0.3083333333,0.2083333333,18.5,3.641666667,8.825486647,126.8976828
0.3083333333,0.225,18.5,3.725,12.25983152,139.4400023
0.3083333333,0.2416666667,18.5,3.808333333,15.6941764,150.2690376
0.3083333333,0.2583333333,18.5,3.891666667,20.96397508,156.1734338
0.3083333333,0.275,18.5,3.975,28.06922756,154.3847939
0.3083333333,0.2916666667,18.5,4.058333333,35.17448003,143.8678435
0.3083333333,0.3083333333,18.5,4.141666667,42.27973251,125.8768115
0.3083333333,0.325,18.5,4.225,43.05046425,103.3468729
0.3083333333,0.3416666667,18.5,4.308333333,43.821196,79.58934864
0.3083333333,0.3583333333,18.5,4.391666667,44.59192774,57.17708176
0.3083333333,0.375,18.5,4.475,45.36265949,37.53132787
0.3083333333,0.3916666667,18.5,4.558333333,47.54210454,21.1135214
0.3083333333,0.4083333333,18.5,4.641666667,49.72154959,7.851826211
0.3083333333,0.425,18.5,4.725,51.90099464,-2.480493443
0.3083333333,0.4416666667,18.5,4.808333333,54.08043969,-10.03164602
0.3083333333,0.4583333333,18.5,4.891666667,41.65017011,-14.76879597
0.3083333333,0.475,18.5,4.975,44.09976616,-16.47477631
0.3083333333,0.4916666667,18.5,5.058333333,71.34913826,-14.84260917
0.3083333333,0.5083333333,18.5,5.141666667,75.24123589,-9.6983052
0.3083333333,0.525,18.5,5.225,65.69596945,-1.370102372
0.3083333333,0.5416666667,18.5,5.308333333,56.15070302,8.880738209
0.3083333333,0.5583333333,18.5,5.391666667,46.60543658,18.63680033
0.3083333333,0.575,18.5,5.475,49.19808703,24.68235625
0.3083333333,0.5916666667,18.5,5.558333333,51.79073747,24.07451019
0.3083333333,0.6083333333,18.5,5.641666667,54.38338791,15.46319185
0.3083333333,0.625,18.5,5.725,56.97603836,-0.2225913714
0.3083333333,0.6416666667,18.5,5.808333333,29.52964764,-20.24895656
0.3083333333,0.6583333333,18.5,5.891666667,2.083256919,-41.34343243
0.3083333333,0.675,18.5,5.975,-25.3631338,-60.87126872
0.3083333333,0.6916666667,18.5,6.058333333,-52.80952452,-77.33739529
0.3083333333,0.7083333333,18.5,6.141666667,-47.22777617,-90.24835074
0.3083333333,0.725,18.5,6.225,-41.64602783,-99.69446046
0.3083333333,0.7416666667,18.5,6.308333333,-36.06427949,-105.9563877
0.3083333333,0.7583333333,18.5,6.391666667,-40.54395163,-109.2530927
0.3083333333,0.775,18.5,6.475,-55.08504426,-109.6249825
0.3083333333,0.7916666667,18.5,6.558333333,-69.62613689,-106.9191439
0.3083333333,0.8083333333,18.5,6.641666667,-84.16722952,-100.8706224
0.3083333333,0.825,18.5,6.725,-65.74250294,-91.30771004
0.3083333333,0.8416666667,18.5,6.808333333,-47.31777636,-78.50493181
0.3083333333,0.8583333333,18.5,6.891666667,-28.89304979,-63.61690691
0.3083333333,0.875,18.5,6.975,-10.46832321,-48.94683492
0.3083333333,0.8916666667,18.5,7.058333333,7.956403367,-37.67534524
0.3083333333,0.9083333333,18.5,7.141666667,26.38112994,-32.86453234
0.3083333333,0.925,18.5,7.225,44.80585652,-36.1238969
0.3083333333,0.9416666667,18.5,7.308333333,63.2305831,-46.80450253
0.3083333333,0.9583333333,18.5,7.391666667,81.65530967,-62.33460303
0.3083333333,0.975,18.5,7.475,100.0800362,-79.43500731
0.3083333333,0.9916666667,18.5,7.558333333,118.5047628,-95.34970438
0.325,0.008333333333,19.5,2.641666667,-76.84237919,171.7608819
0.325,0.025,19.5,2.725,-67.00234771,157.1641603
0.325,0.04166666667,19.5,2.808333333,-57.16231622,140.0662416
0.325,0.05833333333,19.5,2.891666667,-47.32228474,123.2344279
0.325,0.075,19.5,2.975,-37.48225325,108.3285959
0.325,0.09166666667,19.5,3.058333333,-22.02511179,95.97577226
0.325,0.1083333333,19.5,3.141666667,-6.567970331,86.17235347
0.325,0.125,19.5,3.225,8.889171129,78.68981475
0.325,0.1416666667,19.5,3.308333333,7.673681093,73.34464668
0.325,0.1583333333,19.5,3.391666667,6.458191056,70.12907252
0.325,0.175,19.5,3.475,5.242701019,69.23632522
0.325,0.1916666667,19.5,3.558333333,8.677045896,70.99122751
0.325,0.2083333333,19.5,3.641666667,12.11139077,75.66130567
0.325,0.225,19.5,3.725,15.54573565,83.12040837
0.325,0.2416666667,19.5,3.808333333,18.98008053,92.41450667
0.325,0.2583333333,19.5,3.891666667,24.2498792,101.4515409
0.325,0.275,19.5,3.975,31.35513168,107.1854316
0.325,0.2916666667,19.5,4.058333333,38.46038416,106.5274862
0.325,0.3083333333,19.5,4.141666667,45.56563664,97.68016104
0.325,0.325,19.5,4.225,52.67088911,81.05623184
0.325,0.3416666667,19.5,4.308333333,53.44162086,59.0912674
0.325,0.3583333333,19.5,4.391666667,54.2123526,35.09574205
0.325,0.375,19.5,4.475,54.98308435,11.97888195
0.325,0.3916666667,19.5,4.558333333,57.1625294,-8.438936462
0.325,0.4083333333,19.5,4.641666667,59.34197445,-25.41760683
0.325,0.425,19.5,4.725,61.5214195,-38.91380086
0.325,0.4416666667,19.5,4.808333333,68.93097076,-49.16370433
0.325,0.4583333333,19.5,4.891666667,66.4206116,-56.39370767
0.325,0.475,19.5,4.975,68.87020765,-60.67345495
0.325,0.4916666667,19.5,5.058333333,91.15962455,-61.87779413
0.325,0.5083333333,19.5,5.141666667,90.09176696,-59.74260186
0.325,0.525,19.5,5.225,80.54650053,-54.03577549
0.325,0.5416666667,19.5,5.308333333,71.00123409,-44.87443608
0.325,0.5583333333,19.5,5.391666667,61.45596766,-33.15367802
0.325,0.575,19.5,5.475,51.91070122,-20.88868931
0.325,0.5916666667,19.5,5.558333333,54.50335167,-11.10856994
0.325,0.6083333333,19.5,5.641666667,57.09600211,-7.029082128
0.325,0.625,19.5,5.725,59.68865255,-10.73103097
0.325,0.6416666667,19.5,5.808333333,32.24226183,-22.14186885
0.325,0.6583333333,19.5,5.891666667,4.795871114,-39.07695011
0.325,0.675,19.5,5.975,-22.6505196,-58.30796295
0.325,0.6916666667,19.5,6.058333333,-17.06877126,-76.87108915
0.325,0.7083333333,19.5,6.141666667,-11.48702292,-92.84401566
0.325,0.725,19.5,6.225,-5.905274573,-105.40888
0.325,0.7416666667,19.5,6.308333333,-0.3235262292,-114.4933616
0.325,0.7583333333,19.5,6.391666667,-4.803198372,-120.3451125
0.325,0.775,19.5,6.475,-19.344291,-123.2243776
0.325,0.7916666667,19.5,6.558333333,-33.88538363,-123.241686
0.325,0.8083333333,19.5,6.641666667,-48.42647626,-120.3083941
0.325,0.825,19.5,6.725,-62.96756889,-114.1809683
0.325,0.8416666667,19.5,6.808333333,-44.54284231,-104.6163873
0.325,0.8583333333,19.5,6.891666667,-26.11811573,-91.67155052
0.325,0.875,19.5,6.975,-7.693389157,-76.12541025
0.325,0.8916666667,19.5,7.058333333,10.73133742,-59.84906358
0.325,0.9083333333,19.5,7.141666667,29.156064,-45.77430833
0.325,0.925,19.5,7.225,47.58079057,-37.15505572
0.325,0.9416666667,19.5,7.308333333,66.00551715,-36.27157659
0.325,0.9583333333,19.5,7.391666667,84.43024373,-43.32608827
0.325,0.975,19.5,7.475,102.8549703,-56.33805998
0.325,0.9916666667,19.5,7.558333333,121.2796969,-72.12119449
0.3416666667,0.008333333333,20.5,2.641666667,-72.5892,174.4914753
0.3416666667,0.025,20.5,2.725,-62.74916852,163.5687313
0.3416666667,0.04166666667,20.5,2.808333333,-52.90913703,145.7702162
0.3416666667,0.05833333333,20.5,2.891666667,-43.06910555,124.2980071
0.3416666667,0.075,20.5,2.975,-33.22907406,102.3031106
0.3416666667,0.09166666667,20.5,3.058333333,-23.38904258,81.98083794
0.3416666667,0.1083333333,20.5,3.141666667,-7.931901118,64.39318898
0.3416666667,0.125,20.5,3.225,7.525240342,49.7806587
0.3416666667,0.1416666667,20.5,3.308333333,6.309750306,37.99408041
0.3416666667,0.1583333333,20.5,3.391666667,5.094260269,28.82713992
0.3416666667,0.175,20.5,3.475,8.528605146,22.20155751
0.3416666667,0.1916666667,20.5,3.558333333,11.96295002,18.23337736
0.3416666667,0.2083333333,20.5,3.641666667,15.3972949,17.20483445
0.3416666667,0.225,20.5,3.725,18.83163978,19.43063777
0.3416666667,0.2416666667,20.5,3.808333333,22.26598465,24.98491053
0.3416666667,0.2583333333,20.5,3.891666667,27.53578333,33.29331666
0.3416666667,0.275,20.5,3.975,34.64103581,42.73193311
0.3416666667,0.2916666667,20.5,4.058333333,41.74628829,50.55890239
0.3416666667,0.3083333333,20.5,4.141666667,48.85154076,53.52054061
0.3416666667,0.325,20.5,4.225,55.95679324,49.08890401
0.3416666667,0.3416666667,20.5,4.308333333,63.06204572,36.66902211
0.3416666667,0.3583333333,20.5,4.391666667,63.83277746,17.91485748
0.3416666667,0.375,20.5,4.475,64.60350921,-4.0923347
0.3416666667,0.3916666667,20.5,4.558333333,66.78295426,-26.17862174
0.3416666667,0.4083333333,20.5,4.641666667,68.96239931,-46.06194282
0.3416666667,0.425,20.5,4.725,76.37195057,-62.61093364
0.3416666667,0.4416666667,20.5,4.808333333,83.78150183,-75.57014103
0.3416666667,0.4583333333,20.5,4.891666667,91.19105309,-85.12562408
0.3416666667,0.475,20.5,4.975,98.60060436,-91.55390747
0.3416666667,0.4916666667,20.5,5.058333333,106.0101556,-95.0186863
0.3416666667,0.5083333333,20.5,5.141666667,104.942298,-95.49092246
0.3416666667,0.525,20.5,5.225,95.3970316,-92.76476518
0.3416666667,0.5416666667,20.5,5.308333333,85.85176516,-86.57597628
0.3416666667,0.5583333333,20.5,5.391666667,76.30649873,-76.85610499
0.3416666667,0.575,20.5,5.475,66.76123229,-64.12740962
0.3416666667,0.5916666667,20.5,5.558333333,57.21596586,-49.91853975
0.3416666667,0.6083333333,20.5,5.641666667,59.8086163,-36.89400899
0.3416666667,0.625,20.5,5.725,62.40126675,-28.3390372
0.3416666667,0.6416666667,20.5,5.808333333,34.95487603,-26.97464425
0.3416666667,0.6583333333,20.5,5.891666667,7.508485309,-33.69730204
0.3416666667,0.675,20.5,5.975,13.09023365,-47.12354268
0.3416666667,0.6916666667,20.5,6.058333333,18.671982,-64.29323083
0.3416666667,0.7083333333,20.5,6.141666667,24.25373034,-81.99203531
0.3416666667,0.725,20.5,6.225,29.83547868,-97.81206236
0.3416666667,0.7416666667,20.5,6.308333333,35.41722703,-110.4970358
0.3416666667,0.7583333333,20.5,6.391666667,30.93755489,-119.7121718
0.3416666667,0.775,20.5,6.475,16.39646226,-125.6125173
0.3416666667,0.7916666667,20.5,6.558333333,1.855369628,-128.4757989
0.3416666667,0.8083333333,20.5,6.641666667,-12.685723,-128.4820459
0.3416666667,0.825,20.5,6.725,-27.22681563,-125.6209781
0.3416666667,0.8416666667,20.5,6.808333333,-41.76790826,-119.6970125
0.3416666667,0.8583333333,20.5,6.891666667,-23.34318168,-110.4339707
0.3416666667,0.875,20.5,6.975,-4.918455105,-97.71141768
0.3416666667,0.8916666667,20.5,7.058333333,13.50627147,-81.94565732
0.3416666667,0.9083333333,20.5,7.141666667,31.93099805,-64.51584194
0.3416666667,0.925,20.5,7.225,50.35572462,-47.94916068
0.3416666667,0.9416666667,20.5,7.308333333,68.7804512,-35.49603817
0.3416666667,0.9583333333,20.5,7.391666667,87.20517778,-30.00712941
0.3416666667,0.975,20.5,7.475,105.6299044,-32.63394991
0.3416666667,0.9916666667,20.5,7.558333333,124.0546309,-42.23971767
0.3583333333,0.008333333333,21.5,2.641666667,-68.33602082,136.5331197
0.3583333333,0.025,21.5,2.725,-58.49598933,134.7256075
0.3583333333,0.04166666667,21.5,2.808333333,-48.65595785,124.3869199
0.3583333333,0.05833333333,21.5,2.891666667,-38.81592636,106.4689469
0.3583333333,0.075,21.5,2.975,-28.97589488,83.74478085
0.3583333333,0.09166666667,21.5,3.058333333,-19.13586339,59.54726667
0.3583333333,0.1083333333,21.5,3.141666667,-9.295831905,36.58409289
0.3583333333,0.125,21.5,3.225,6.161309555,16.42308513
0.3583333333,0.1416666667,21.5,3.308333333,4.945819518,-0.3780253208
0.3583333333,0.1583333333,21.5,3.391666667,8.380164395,-13.85590691
0.3583333333,0.175,21.5,3.475,11.81450927,-24.24679474
0.3583333333,0.1916666667,21.5,3.558333333,15.24885415,-31.73231779
0.3583333333,0.2083333333,21.5,3.641666667,18.68319903,-36.32091872
0.3583333333,0.225,21.5,3.725,22.1175439,-37.83164294
0.3583333333,0.2416666667,21.5,3.808333333,25.55188878,-35.97367403
0.3583333333,0.2583333333,21.5,3.891666667,30.82168746,-30.54922518
0.3583333333,0.275,21.5,3.975,37.92693993,-21.80411968
0.3583333333,0.2916666667,21.5,4.058333333,45.03219241,-10.86151887
0.3583333333,0.3083333333,21.5,4.141666667,52.13744489,0.004368480081
0.3583333333,0.325,21.5,4.225,59.24269737,7.628595148
0.3583333333,0.3416666667,21.5,4.308333333,66.34794984,8.94144476
0.3583333333,0.3583333333,21.5,4.391666667,73.45320232,2.303652882
0.3583333333,0.375,21.5,4.475,74.22393407,-11.6724011
0.3583333333,0.3916666667,21.5,4.558333333,76.40337912,-30.43942707
0.3583333333,0.4083333333,21.5,4.641666667,83.81293038,-50.72254895
0.3583333333,0.425,21.5,4.725,91.22248164,-69.75605391
0.3583333333,0.4416666667,21.5,4.808333333,98.6320329,-85.88838924
0.3583333333,0.4583333333,21.5,4.891666667,106.0415842,-98.51307809
0.3583333333,0.475,21.5,4.975,113.4511354,-107.6674247
0.3583333333,0.4916666667,21.5,5.058333333,120.8606867,-113.6248834
0.3583333333,0.5083333333,21.5,5.141666667,119.7928291,-116.6224504
0.3583333333,0.525,21.5,5.225,110.2475627,-116.7275106
0.3583333333,0.5416666667,21.5,5.308333333,100.7022962,-113.8103782
0.3583333333,0.5583333333,21.5,5.391666667,91.1570298,-107.6114016
0.3583333333,0.575,21.5,5.475,81.61176337,-97.92711933
0.3583333333,0.5916666667,21.5,5.558333333,72.06649693,-84.94385703
0.3583333333,0.6083333333,21.5,5.641666667,62.5212305,-69.67059206
0.3583333333,0.625,21.5,5.725,65.11388094,-54.25147332
0.3583333333,0.6416666667,21.5,5.808333333,37.66749022,-41.7885154
0.3583333333,0.6583333333,21.5,5.891666667,43.24923857,-35.43724234
0.3583333333,0.675,21.5,5.975,48.83098691,-37.07291975
0.3583333333,0.6916666667,21.5,6.058333333,54.41273525,-46.36106822
0.3583333333,0.7083333333,21.5,6.141666667,59.9944836,-60.93092547
0.3583333333,0.725,21.5,6.225,65.57623194,-77.51616042
0.3583333333,0.7416666667,21.5,6.308333333,71.15798029,-93.23438366
0.3583333333,0.7583333333,21.5,6.391666667,66.67830814,-106.2831893
0.3583333333,0.775,21.5,6.475,52.13721551,-115.9381299
0.3583333333,0.7916666667,21.5,6.558333333,37.59612289,-122.1714308
0.3583333333,0.8083333333,21.5,6.641666667,23.05503026,-125.2340261
0.3583333333,0.825,21.5,6.725,8.513937628,-125.3647835
0.3583333333,0.8416666667,21.5,6.808333333,-6.027155,-122.6424163
0.3583333333,0.8583333333,21.5,6.891666667,-20.56824763,-116.9466889
0.3583333333,0.875,21.5,6.975,-2.143521052,-108.0134829
0.3583333333,0.8916666667,21.5,7.058333333,16.28120552,-95.60465572
0.3583333333,0.9083333333,21.5,7.141666667,34.7059321,-79.823948
0.3583333333,0.925,21.5,7.225,53.13065868,-61.54559833
0.3583333333,0.9416666667,21.5,7.308333333,71.55538525,-42.75970525
0.3583333333,0.9583333333,21.5,7.391666667,89.98011183,-26.47365589
0.3583333333,0.975,21.5,7.475,108.4048384,-15.89347612
0.3583333333,0.9916666667,21.5,7.558333333,126.829565,-13.10448964
0.375,0.008333333333,22.5,2.641666667,-64.08284163,69.46312647
0.375,0.025,22.5,2.725,-54.24281014,76.39009284
0.375,0.04166666667,22.5,2.808333333,-44.40277866,77.94563451
0.375,0.05833333333,22.5,2.891666667,-34.56274717,71.80804093
0.375,0.075,22.5,2.975,-24.72271569,57.69231304
0.375,0.09166666667,22.5,3.058333333,-14.8826842,37.51455004
0.375,0.1083333333,22.5,3.141666667,-5.042652717,14.45612505
0.375,0.125,22.5,3.225,4.797378768,-8.369389499
0.375,0.1416666667,22.5,3.308333333,8.231723645,-28.81508719
0.375,0.1583333333,22.5,3.391666667,11.66606852,-45.87268432
0.375,0.175,22.5,3.475,15.1004134,-59.357438
0.375,0.1916666667,22.5,3.558333333,18.53475827,-69.47508542
0.375,0.2083333333,22.5,3.641666667,21.96910315,-76.48894517
0.375,0.225,22.5,3.725,25.40344803,-80.53438611
0.375,0.2416666667,22.5,3.808333333,28.83779291,-81.55206747
0.375,0.2583333333,22.5,3.891666667,34.10759158,-79.31567781
0.375,0.275,22.5,3.975,41.21284406,-73.56558103
0.375,0.2916666667,22.5,4.058333333,48.31809654,-64.28213797
0.375,0.3083333333,22.5,4.141666667,55.42334902,-52.09362414
0.375,0.325,22.5,4.225,62.52860149,-38.67600166
0.375,0.3416666667,22.5,4.308333333,69.63385397,-26.81754866
0.375,0.3583333333,22.5,4.391666667,76.73910645,-19.80772852
0.375,0.375,22.5,4.475,83.84435893,-20.19703681
0.375,0.3916666667,22.5,4.558333333,91.25391019,-28.59303005
0.375,0.4083333333,22.5,4.641666667,98.66346145,-43.35204746
0.375,0.425,22.5,4.725,106.0730127,-61.40707775
0.375,0.4416666667,22.5,4.808333333,113.482564,-79.60287596
0.375,0.4583333333,22.5,4.891666667,120.8921152,-95.67657062
0.375,0.475,22.5,4.975,128.3016665,-108.5122784
0.375,0.4916666667,22.5,5.058333333,135.7112178,-117.8644201
0.375,0.5083333333,22.5,5.141666667,134.6433602,-123.9235974
0.375,0.525,22.5,5.225,125.0980937,-126.9667422
0.375,0.5416666667,22.5,5.308333333,115.5528273,-127.1550193
0.375,0.5583333333,22.5,5.391666667,106.0075609,-124.4548707
0.375,0.575,22.5,5.475,96.46229444,-118.6547841
0.375,0.5916666667,22.5,5.558333333,86.917028,-109.4847061
0.375,0.6083333333,22.5,5.641666667,77.37176157,-96.87139286
0.375,0.625,22.5,5.725,67.82649514,-81.33422605
0.375,0.6416666667,22.5,5.808333333,73.40824348,-64.40038572
0.375,0.6583333333,22.5,5.891666667,78.98999182,-48.7313432
0.375,0.675,22.5,5.975,84.57174017,-37.60299021
0.375,0.6916666667,22.5,6.058333333,90.15348851,-33.71779733
0.375,0.7083333333,22.5,6.141666667,95.73523686,-37.9470452
0.375,0.725,22.5,6.225,101.3169852,-48.88282879
0.375,0.7416666667,22.5,6.308333333,106.8987335,-63.54796085
0.375,0.7583333333,22.5,6.391666667,102.4190614,-78.71953002
0.375,0.775,22.5,6.475,87.87796877,-91.98572858
0.375,0.7916666667,22.5,6.558333333,73.33687614,-102.0864477
0.375,0.8083333333,22.5,6.641666667,58.79578351,-108.6807174
0.375,0.825,22.5,6.725,44.25469089,-111.914903
0.375,0.8416666667,22.5,6.808333333,29.71359826,-112.0564977
0.375,0.8583333333,22.5,6.891666667,15.17250563,-109.274789
0.375,0.875,22.5,6.975,0.6314129998,-103.5490713
0.375,0.8916666667,22.5,7.058333333,19.05613958,-94.67438533
0.375,0.9083333333,22.5,7.141666667,37.48086615,-82.36711311
0.375,0.925,22.5,7.225,55.90559273,-66.50245053
0.375,0.9416666667,22.5,7.308333333,74.33031931,-47.49639161
0.375,0.9583333333,22.5,7.391666667,92.75504588,-26.73162535
0.375,0.975,22.5,7.475,111.1797725,-6.740154852
0.375,0.9916666667,22.5,7.558333333,129.604499,9.226011038
0.3916666667,0.008333333333,23.5,2.641666667,-57.07628609,-3.755984465
0.3916666667,0.025,23.5,2.725,-47.2362546,6.429239212
0.3916666667,0.04166666667,23.5,2.808333333,-37.39622312,16.4478077
0.3916666667,0.05833333333,23.5,2.891666667,-27.55619163,23.13136019
0.3916666667,0.075,23.5,2.975,-17.71616014,23.43695752
0.3916666667,0.09166666667,23.5,3.058333333,-7.87612866,15.78090042
0.3916666667,0.1083333333,23.5,3.141666667,1.963902825,0.8368923593
0.3916666667,0.125,23.5,3.225,-3.576031655,-18.80904074
0.3916666667,0.1416666667,23.5,3.308333333,14.65357538,-39.87759434
0.3916666667,0.1583333333,23.5,3.391666667,18.08792026,-59.62307165
0.3916666667,0.175,23.5,3.475,21.52226513,-76.4200215
0.3916666667,0.1916666667,23.5,3.558333333,24.95661001,-89.68132704
0.3916666667,0.2083333333,23.5,3.641666667,28.39095489,-99.45346905
0.3916666667,0.225,23.5,3.725,31.82529977,-106.0111818
0.3916666667,0.2416666667,23.5,3.808333333,35.25964464,-109.5884498
0.3916666667,0.2583333333,23.5,3.891666667,40.52944332,-110.2482475
0.3916666667,0.275,23.5,3.975,47.6346958,-107.8572971
0.3916666667,0.2916666667,23.5,4.058333333,54.73994827,-102.1556049
0.3916666667,0.3083333333,23.5,4.141666667,61.84520075,-92.94592564
0.3916666667,0.325,23.5,4.225,68.95045323,-80.43082783
0.3916666667,0.3416666667,23.5,4.308333333,76.05570571,-65.64602083
0.3916666667,0.3583333333,23.5,4.391666667,83.16095818,-50.76558261
0.3916666667,0.375,23.5,4.475,87.24913045,-38.90833781
0.3916666667,0.3916666667,23.5,4.558333333,91.06779605,-33.21677893
0.3916666667,0.4083333333,23.5,4.641666667,98.47734732,-35.52197839
0.3916666667,0.425,23.5,4.725,105.8868986,-45.43501639
0.3916666667,0.4416666667,23.5,4.808333333,113.2964498,-60.54948102
0.3916666667,0.4583333333,23.5,4.891666667,120.7060011,-77.59668352
0.3916666667,0.475,23.5,4.975,128.1155524,-93.71750007
0.3916666667,0.4916666667,23.5,5.058333333,135.5251036,-107.1402511
0.3916666667,0.5083333333,23.5,5.141666667,134.457246,-117.1648191
0.3916666667,0.525,23.5,5.225,124.9119796,-123.7769633
0.3916666667,0.5416666667,23.5,5.308333333,115.3667132,-127.2322806
0.3916666667,0.5583333333,23.5,5.391666667,105.8214467,-127.7690943
0.3916666667,0.575,23.5,5.475,96.27618031,-125.4634252
0.3916666667,0.5916666667,23.5,5.558333333,86.73091387,-120.1925007
0.3916666667,0.6083333333,23.5,5.641666667,77.18564744,-111.6922137
0.3916666667,0.625,23.5,5.725,106.0169484,-99.7302094
0.3916666667,0.6416666667,23.5,5.808333333,85.08517067,-84.42537483
0.3916666667,0.6583333333,23.5,5.891666667,90.66691901,-66.67753761
0.3916666667,0.675,23.5,5.975,96.24866736,-48.50667918
0.3916666667,0.6916666667,23.5,6.058333333,101.8304157,-32.93889981
0.3916666667,0.7083333333,23.5,6.141666667,107.412164,-23.17026382
0.3916666667,0.725,23.5,6.225,112.9939124,-21.24351678
0.3916666667,0.7416666667,23.5,6.308333333,118.5756607,-27.03994763
0.3916666667,0.7583333333,23.5,6.391666667,114.0959886,-38.33654495
0.3916666667,0.775,23.5,6.475,99.55489596,-51.8837798
0.3916666667,0.7916666667,23.5,6.558333333,85.01380333,-64.71119308
0.3916666667,0.8083333333,23.5,6.641666667,70.4727107,-74.89526692
0.3916666667,0.825,23.5,6.725,55.93161807,-81.61481667
0.3916666667,0.8416666667,23.5,6.808333333,41.39052545,-84.78953138
0.3916666667,0.8583333333,23.5,6.891666667,26.84943282,-84.65551333
0.3916666667,0.875,23.5,6.975,21.02718079,-81.46017686
0.3916666667,0.8916666667,23.5,7.058333333,21.83107363,-75.30198042
0.3916666667,0.9083333333,23.5,7.141666667,40.25580021,-66.08259119
0.3916666667,0.925,23.5,7.225,58.68052678,-53.55278422
0.3916666667,0.9416666667,23.5,7.308333333,77.10525336,-37.46988759
0.3916666667,0.9583333333,23.5,7.391666667,95.52997993,-17.89950479
0.3916666667,0.975,23.5,7.475,113.9547065,4.361124339
0.3916666667,0.9916666667,23.5,7.558333333,132.3794331,27.41537231
0.4083333333,0.008333333333,24.5,2.641666667,-50.06973054,-64.00390691
0.4083333333,0.025,24.5,2.725,-40.22969906,-55.63592228
0.4083333333,0.04166666667,24.5,2.808333333,-30.38966757,-44.26448636
0.4083333333,0.05833333333,24.5,2.891666667,-20.54963609,-31.47152742
0.4083333333,0.075,24.5,2.975,-10.7096046,-19.96813429
0.4083333333,0.09166666667,24.5,3.058333333,-0.8695731173,-13.04275597
0.4083333333,0.1083333333,24.5,3.141666667,-6.409507597,-13.35386865
0.4083333333,0.125,24.5,3.225,-11.94944208,-21.68918543
0.4083333333,0.1416666667,24.5,3.308333333,6.280164959,-36.56559848
0.4083333333,0.1583333333,24.5,3.391666667,24.50977199,-54.98108464
0.4083333333,0.175,24.5,3.475,27.94411687,-73.7437376
0.4083333333,0.1916666667,24.5,3.558333333,31.37846175,-90.50264792
0.4083333333,0.2083333333,24.5,3.641666667,34.81280663,-104.0581167
0.4083333333,0.225,24.5,3.725,38.2471515,-114.1129614
0.4083333333,0.2416666667,24.5,3.808333333,41.68149638,-120.8393787
0.4083333333,0.2583333333,24.5,3.891666667,46.95129506,-124.5182262
0.4083333333,0.275,24.5,3.975,54.05654753,-125.3256394
0.4083333333,0.2916666667,24.5,4.058333333,61.16180001,-123.2456601
0.4083333333,0.3083333333,24.5,4.141666667,68.26705249,-118.0796957
0.4083333333,0.325,24.5,4.225,75.37230497,-109.5567427
0.4083333333,0.3416666667,24.5,4.308333333,82.47755744,-97.57692208
0.4083333333,0.3583333333,24.5,4.391666667,86.56572971,-82.59830356
0.4083333333,0.375,24.5,4.475,90.65390198,-66.0594188
0.4083333333,0.3916666667,24.5,4.558333333,94.47256758,-50.54283291
0.4083333333,0.4083333333,24.5,4.641666667,98.29123318,-39.31427282
0.4083333333,0.425,24.5,4.725,105.7007844,-35.17378075
0.4083333333,0.4416666667,24.5,4.808333333,113.1103357,-39.17032876
0.4083333333,0.4583333333,24.5,4.891666667,120.519887,-50.06557369
0.4083333333,0.475,24.5,4.975,127.9294382,-64.96193806
0.4083333333,0.4916666667,24.5,5.058333333,135.3389895,-80.61102135
0.4083333333,0.5083333333,24.5,5.141666667,134.2711319,-94.51646859
0.4083333333,0.525,24.5,5.225,124.7258655,-105.3320023
0.4083333333,0.5416666667,24.5,5.308333333,115.180599,-112.6607247
0.4083333333,0.5583333333,24.5,5.391666667,105.6353326,-116.6268291
0.4083333333,0.575,24.5,5.475,96.09006617,-117.4991801
0.4083333333,0.5916666667,24.5,5.558333333,86.54479974,-115.4604076
0.4083333333,0.6083333333,24.5,5.641666667,115.3761007,-110.5063653
0.4083333333,0.625,24.5,5.725,144.2074016,-102.4445603
0.4083333333,0.6416666667,24.5,5.808333333,123.2756239,-90.99086644
0.4083333333,0.6583333333,24.5,5.891666667,102.3438462,-75.99532478
0.4083333333,0.675,24.5,5.975,107.9255945,-57.81416696
0.4083333333,0.6916666667,24.5,6.058333333,113.5073429,-37.74014672
0.4083333333,0.7083333333,24.5,6.141666667,119.0890912,-18.21835001
0.4083333333,0.725,24.5,6.225,124.6708396,-2.474793572
0.4083333333,0.7416666667,24.5,6.308333333,130.2525879,6.565506995
0.4083333333,0.7583333333,24.5,6.391666667,125.7729158,7.594326385
0.4083333333,0.775,24.5,6.475,111.2318231,1.585843526
0.4083333333,0.7916666667,24.5,6.558333333,96.69073052,-8.699915846
0.4083333333,0.8083333333,24.5,6.641666667,82.14963789,-19.99092346
0.4083333333,0.825,24.5,6.725,67.60854526,-29.67063035
0.4083333333,0.8416666667,24.5,6.808333333,53.06745263,-36.26609791
0.4083333333,0.8583333333,24.5,6.891666667,47.24520061,-39.30141301
0.4083333333,0.875,24.5,6.975,41.42294858,-38.87862161
0.4083333333,0.8916666667,24.5,7.058333333,42.22684142,-35.28701803
0.4083333333,0.9083333333,24.5,7.141666667,43.03073426,-28.75448967
0.4083333333,0.925,24.5,7.225,61.45546083,-19.33333851
0.4083333333,0.9416666667,24.5,7.308333333,79.88018741,-6.887636328
0.4083333333,0.9583333333,24.5,7.391666667,98.30491399,8.823205347
0.4083333333,0.975,24.5,7.475,116.7296406,27.93625998
0.4083333333,0.9916666667,24.5,7.558333333,135.1543671,50.12942409
0.425,0.008333333333,25.5,2.641666667,-43.063175,-103.8300975
0.425,0.025,25.5,2.725,-33.22314352,-99.15588036
0.425,0.04166666667,25.5,2.808333333,-23.38311203,-90.97659928
0.425,0.05833333333,25.5,2.891666667,-13.54308054,-79.39132403
0.425,0.075,25.5,2.975,-3.70304906,-65.25373915
0.425,0.09166666667,25.5,3.058333333,-9.24298354,-50.52615767
0.425,0.1083333333,25.5,3.141666667,-14.78291802,-38.20376144
0.425,0.125,25.5,3.225,-20.3228525,-31.52242706
0.425,0.1416666667,25.5,3.308333333,-2.093245463,-32.64604482
0.425,0.1583333333,25.5,3.391666667,16.13636157,-41.61248931
0.425,0.175,25.5,3.475,34.36596861,-56.31685729
0.425,0.1916666667,25.5,3.558333333,37.80031349,-73.54507081
0.425,0.2083333333,25.5,3.641666667,41.23465836,-90.29173998
0.425,0.225,25.5,3.725,44.66900324,-104.5723455
0.425,0.2416666667,25.5,3.808333333,48.10334812,-115.5161705
0.425,0.2583333333,25.5,3.891666667,53.37314679,-123.0187773
0.425,0.275,25.5,3.975,60.47839927,-127.3138954
0.425,0.2916666667,25.5,4.058333333,67.58365175,-128.6589132
0.425,0.3083333333,25.5,4.141666667,74.68890423,-127.1662689
0.425,0.325,25.5,4.225,81.7941567,-122.7493161
0.425,0.3416666667,25.5,4.308333333,85.88232897,-115.1620175
0.425,0.3583333333,25.5,4.391666667,89.97050123,-104.1482148
0.425,0.375,25.5,4.475,94.0586735,-89.73380384
0.425,0.3916666667,25.5,4.558333333,97.8773391,-72.64542476
0.425,0.4083333333,25.5,4.641666667,101.6960047,-54.6900824
0.425,0.425,25.5,4.725,105.5146703,-38.75197386
0.425,0.4416666667,25.5,4.808333333,112.9242216,-28.08971361
0.425,0.4583333333,25.5,4.891666667,120.3337728,-25.05412373
0.425,0.475,25.5,4.975,127.7433241,-29.9531402
0.425,0.4916666667,25.5,5.058333333,135.1528754,-40.88930247
0.425,0.5083333333,25.5,5.141666667,134.0850178,-54.69702798
0.425,0.525,25.5,5.225,124.5397513,-68.27584957
0.425,0.5416666667,25.5,5.308333333,114.9944849,-79.48859029
0.425,0.5583333333,25.5,5.391666667,105.4492185,-87.33274281
0.425,0.575,25.5,5.475,95.90395204,-91.62543194
0.425,0.5916666667,25.5,5.558333333,124.735253,-92.5709213
0.425,0.6083333333,25.5,5.641666667,153.5665539,-90.42850061
0.425,0.625,25.5,5.725,182.3978548,-85.327757
0.425,0.6416666667,25.5,5.808333333,161.4660771,-77.20258336
0.425,0.6583333333,25.5,5.891666667,140.5342994,-65.81968555
0.425,0.675,25.5,5.975,119.6025217,-50.91304343
0.425,0.6916666667,25.5,6.058333333,125.1842701,-32.45808734
0.425,0.7083333333,25.5,6.141666667,130.7660184,-11.08037375
0.425,0.725,25.5,6.225,136.3477668,11.54426527
0.425,0.7416666667,25.5,6.308333333,141.9295151,32.62532561
0.425,0.7583333333,25.5,6.391666667,137.449843,48.86936267
0.425,0.775,25.5,6.475,122.9087503,57.72024541
0.425,0.7916666667,25.5,6.558333333,108.3676577,58.56194254
0.425,0.8083333333,25.5,6.641666667,93.82656508,53.0246766
0.425,0.825,25.5,6.725,79.28547245,44.15537455
0.425,0.8416666667,25.5,6.808333333,73.46322043,35.08231045
0.425,0.8583333333,25.5,6.891666667,67.6409684,28.03540433
0.425,0.875,25.5,6.975,61.81871638,24.09269277
0.425,0.8916666667,25.5,7.058333333,62.62260921,23.45768435
0.425,0.9083333333,25.5,7.141666667,63.42650205,25.89377778
0.425,0.925,25.5,7.225,64.23039489,31.07432654
0.425,0.9416666667,25.5,7.308333333,82.65512146,38.78507905
0.425,0.9583333333,25.5,7.391666667,101.079848,49.00365953
0.425,0.975,25.5,7.475,119.5045746,61.88346154
0.425,0.9916666667,25.5,7.558333333,137.9293012,77.63496263
0.4416666667,0.008333333333,26.5,2.641666667,-36.05661946,-123.8614686
0.4416666667,0.025,26.5,2.725,-26.21658797,-122.8424486
0.4416666667,0.04166666667,26.5,2.808333333,-16.37655649,-118.8025735
0.4416666667,0.05833333333,26.5,2.891666667,-6.536525002,-111.4740841
0.4416666667,0.075,26.5,2.975,-12.07645948,-100.6754242
0.4416666667,0.09166666667,26.5,3.058333333,-17.61639396,-86.66098775
0.4416666667,0.1083333333,26.5,3.141666667,-23.15632844,-70.55518857
0.4416666667,0.125,26.5,3.225,-28.69626292,-54.62921168
0.4416666667,0.1416666667,26.5,3.308333333,-10.46665589,-42.04659251
0.4416666667,0.1583333333,26.5,3.391666667,7.76295115,-35.88277648
0.4416666667,0.175,26.5,3.475,25.99255819,-37.78989442
0.4416666667,0.1916666667,26.5,3.558333333,44.22216522,-47.16843492
0.4416666667,0.2083333333,26.5,3.641666667,47.6565101,-61.47495465
0.4416666667,0.225,26.5,3.725,51.09085498,-77.42571654
0.4416666667,0.2416666667,26.5,3.808333333,54.52519985,-92.23682756
0.4416666667,0.2583333333,26.5,3.891666667,59.79499853,-104.2354711
0.4416666667,0.275,26.5,3.975,66.90025101,-112.7952766
0.4416666667,0.2916666667,26.5,4.058333333,74.00550348,-117.9363811
0.4416666667,0.3083333333,26.5,4.141666667,81.11075596,-119.9172379
0.4416666667,0.325,26.5,4.225,85.19892823,-118.9609854
0.4416666667,0.3416666667,26.5,4.308333333,89.28710049,-115.1214922
0.4416666667,0.3583333333,26.5,4.391666667,93.37527276,-108.255316
0.4416666667,0.375,26.5,4.475,97.46344502,-98.08816113
0.4416666667,0.3916666667,26.5,4.558333333,101.2821106,-84.40010414
0.4416666667,0.4083333333,26.5,4.641666667,105.1007762,-67.35820614
0.4416666667,0.425,26.5,4.725,108.9194418,-47.94936469
0.4416666667,0.4416666667,26.5,4.808333333,112.7381074,-28.29535166
0.4416666667,0.4583333333,26.5,4.891666667,120.1476587,-11.48101273
0.4416666667,0.475,26.5,4.975,127.55721,-0.6556424103
0.4416666667,0.4916666667,26.5,5.058333333,134.9667612,2.29999745
0.4416666667,0.5083333333,26.5,5.141666667,133.8989036,-2.290346387
0.4416666667,0.525,26.5,5.225,124.3536372,-12.06263452
0.4416666667,0.5416666667,26.5,5.308333333,114.8083708,-23.74868603
0.4416666667,0.5583333333,26.5,5.391666667,105.2631043,-34.45842131
0.4416666667,0.575,26.5,5.475,115.5096436,-42.38217249
0.4416666667,0.5916666667,26.5,5.558333333,144.3409446,-46.7935825
0.4416666667,0.6083333333,26.5,5.641666667,173.1722455,-47.67014599
0.4416666667,0.625,26.5,5.725,202.0035464,-45.27496786
0.4416666667,0.6416666667,26.5,5.808333333,181.0717687,-39.86510038
0.4416666667,0.6583333333,26.5,5.891666667,160.139991,-31.54272839
0.4416666667,0.675,26.5,5.975,139.2082133,-20.21585276
0.4416666667,0.6916666667,26.5,6.058333333,136.8611973,-5.65274968
0.4416666667,0.7083333333,26.5,6.141666667,142.4429456,12.34912529
0.4416666667,0.725,26.5,6.225,148.024694,33.64839889
0.4416666667,0.7416666667,26.5,6.308333333,153.6064423,57.33164489
0.4416666667,0.7583333333,26.5,6.391666667,149.1267702,81.36627719
0.4416666667,0.775,26.5,6.475,134.5856775,102.6944493
0.4416666667,0.7916666667,26.5,6.558333333,120.0445849,118.046437
0.4416666667,0.8083333333,26.5,6.641666667,105.5034923,125.2592171
0.4416666667,0.825,26.5,6.725,99.68124024,124.3098736
0.4416666667,0.8416666667,26.5,6.808333333,93.85898822,117.2982467
0.4416666667,0.8583333333,26.5,6.891666667,88.03673619,107.3929792
0.4416666667,0.875,26.5,6.975,82.21448417,97.52006128
0.4416666667,0.8916666667,26.5,7.058333333,83.01837701,89.57256144
0.4416666667,0.9083333333,26.5,7.141666667,83.82226984,84.33671448
0.4416666667,0.925,26.5,7.225,84.62616268,81.84738568
0.4416666667,0.9416666667,26.5,7.308333333,85.43005551,81.81574169
0.4416666667,0.9583333333,26.5,7.391666667,103.8547821,83.9404966
0.4416666667,0.975,26.5,7.475,122.2795087,88.0736737
0.4416666667,0.9916666667,26.5,7.558333333,140.7042352,94.27276917
0.4583333333,0.008333333333,27.5,2.641666667,-29.05006392,-126.0083386
0.4583333333,0.025,27.5,2.725,-19.21003243,-128.5952132
0.4583333333,0.04166666667,27.5,2.808333333,-9.370000945,-128.324123
0.4583333333,0.05833333333,27.5,2.891666667,-14.90993542,-125.1867531
0.4583333333,0.075,27.5,2.975,-20.4498699,-118.988611
0.4583333333,0.09166666667,27.5,3.058333333,-25.98980438,-109.4517754
0.4583333333,0.1083333333,27.5,3.141666667,-31.52973886,-96.44866875
0.4583333333,0.125,27.5,3.225,-37.06967334,-80.38090994
0.4583333333,0.1416666667,27.5,3.308333333,-18.84006631,-62.60654699
0.4583333333,0.1583333333,27.5,3.391666667,-0.6104592724,-45.63276621
0.4583333333,0.175,27.5,3.475,17.61914776,-32.70395739
0.4583333333,0.1916666667,27.5,3.558333333,35.8487548,-26.6882939
0.4583333333,0.2083333333,27.5,3.641666667,54.07836184,-28.77391532
0.4583333333,0.225,27.5,3.725,57.51270671,-37.86109975
0.4583333333,0.2416666667,27.5,3.808333333,60.94705159,-51.1193956
0.4583333333,0.2583333333,27.5,3.891666667,66.21685027,-65.27884054
0.4583333333,0.275,27.5,3.975,73.32210274,-77.7689898
0.4583333333,0.2916666667,27.5,4.058333333,80.42735522,-87.16580288
0.4583333333,0.3083333333,27.5,4.141666667,84.51552749,-93.019666
0.4583333333,0.325,27.5,4.225,88.60369975,-95.43155768
0.4583333333,0.3416666667,27.5,4.308333333,92.69187202,-94.66866053
0.4583333333,0.3583333333,27.5,4.391666667,96.78004428,-90.92384975
0.4583333333,0.375,27.5,4.475,100.8682165,-84.20786274
0.4583333333,0.3916666667,27.5,4.558333333,104.6868822,-74.34182847
0.4583333333,0.4083333333,27.5,4.641666667,108.5055478,-61.04694249
0.4583333333,0.425,27.5,4.725,112.3242134,-44.16085418
0.4583333333,0.4416666667,27.5,4.808333333,116.142879,-24.00120646
0.4583333333,0.4583333333,27.5,4.891666667,119.9615446,-1.798565391
0.4583333333,0.475,27.5,4.975,127.3710958,20.06173329
0.4583333333,0.4916666667,27.5,5.058333333,134.7806471,38.36312205
0.4583333333,0.5083333333,27.5,5.141666667,133.7127895,50.10017426
0.4583333333,0.525,27.5,5.225,124.1675231,53.80512944
0.4583333333,0.5416666667,27.5,5.308333333,114.6222566,50.28082076
0.4583333333,0.5583333333,27.5,5.391666667,106.2840343,42.17881181
0.4583333333,0.575,27.5,5.475,97.94581201,32.75068422
0.4583333333,0.5916666667,27.5,5.558333333,108.1923513,24.64936094
0.4583333333,0.6083333333,27.5,5.641666667,137.0236523,19.39181405
0.4583333333,0.625,27.5,5.725,165.8549532,17.47428205
0.4583333333,0.6416666667,27.5,5.808333333,144.9231755,18.78510696
0.4583333333,0.6583333333,27.5,5.891666667,123.9913978,23.00337199
0.4583333333,0.675,27.5,5.975,121.6443817,29.85817753
0.4583333333,0.6916666667,27.5,6.058333333,137.8821273,39.25136385
0.4583333333,0.7083333333,27.5,6.141666667,154.1198728,51.27712609
0.4583333333,0.725,27.5,6.225,159.7016211,66.14630436
0.4583333333,0.7416666667,27.5,6.308333333,165.2833695,83.98848194
0.4583333333,0.7583333333,27.5,6.391666667,160.8036973,104.5064012
0.4583333333,0.775,27.5,6.475,146.2626047,126.542923
0.4583333333,0.7916666667,27.5,6.558333333,131.7215121,147.7977238
0.4583333333,0.8083333333,27.5,6.641666667,125.8992601,165.066995
0.4583333333,0.825,27.5,6.725,120.077008,175.2099583
0.4583333333,0.8416666667,27.5,6.808333333,114.254756,176.4857448
0.4583333333,0.8583333333,27.5,6.891666667,108.432504,169.403769
0.4583333333,0.875,27.5,6.975,102.610252,156.4436401
0.4583333333,0.8916666667,27.5,7.058333333,103.4141448,140.8638969
0.4583333333,0.9083333333,27.5,7.141666667,104.2180376,125.4536654
0.4583333333,0.925,27.5,7.225,105.0219305,111.904582
0.4583333333,0.9416666667,27.5,7.308333333,105.8258233,100.8632938
0.4583333333,0.9583333333,27.5,7.391666667,106.6297161,92.32790332
0.4583333333,0.975,27.5,7.475,125.0544427,86.05799586
0.4583333333,0.9916666667,27.5,7.558333333,143.4791693,81.85126384
0.475,0.008333333333,28.5,2.641666667,-22.04350837,-109.3059827
0.475,0.025,28.5,2.725,-12.20347689,-116.1443375
0.475,0.04166666667,28.5,2.808333333,-17.74341137,-119.6877605
0.475,0.05833333333,28.5,2.891666667,-23.28334585,-120.201552
0.475,0.075,28.5,2.975,-28.82328033,-117.8323426
0.475,0.09166666667,28.5,3.058333333,-34.36321481,-112.5316025
0.475,0.1083333333,28.5,3.141666667,-39.90314929,-104.0746079
0.475,0.125,28.5,3.225,-45.44308377,-92.18264336
0.475,0.1416666667,28.5,3.308333333,-27.21347673,-76.78188603
0.475,0.1583333333,28.5,3.391666667,-8.983869695,-58.40181155
0.475,0.175,28.5,3.475,9.245737341,-38.58802095
0.475,0.1916666667,28.5,3.558333333,27.47534438,-20.01772436
0.475,0.2083333333,28.5,3.641666667,45.70495141,-5.962935228
0.475,0.225,28.5,3.725,63.93455845,0.9077201191
0.475,0.2416666667,28.5,3.808333333,67.36890333,-0.2225433676
0.475,0.2583333333,28.5,3.891666667,72.638702,-7.89687227
0.475,0.275,28.5,3.975,79.74395448,-19.11789231
0.475,0.2916666667,28.5,4.058333333,83.83212675,-30.6748064
0.475,0.3083333333,28.5,4.141666667,87.92029901,-40.18666119
0.475,0.325,28.5,4.225,92.00847128,-46.42684292
0.475,0.3416666667,28.5,4.308333333,96.09664354,-49.08207049
0.475,0.3583333333,28.5,4.391666667,100.1848158,-48.32016748
0.475,0.375,28.5,4.475,104.2729881,-44.42714215
0.475,0.3916666667,28.5,4.558333333,108.0916537,-37.59137978
0.475,0.4083333333,28.5,4.641666667,111.9103193,-27.81450988
0.475,0.425,28.5,4.725,115.7289849,-14.9193588
0.475,0.4416666667,28.5,4.808333333,119.5476505,1.341827166
0.475,0.4583333333,28.5,4.891666667,123.3663161,21.04658563
0.475,0.475,28.5,4.975,127.1849817,43.7176629
0.475,0.4916666667,28.5,5.058333333,134.594533,67.89903918
0.475,0.5083333333,28.5,5.141666667,133.5266754,90.98380075
0.475,0.525,28.5,5.225,123.9814089,109.6609022
0.475,0.5416666667,28.5,5.308333333,115.6431866,121.0542933
0.475,0.5583333333,28.5,5.391666667,107.3049643,124.0146884
0.475,0.575,28.5,5.475,98.966742,119.6776907
0.475,0.5916666667,28.5,5.558333333,90.62851969,110.8570767
0.475,0.6083333333,28.5,5.641666667,100.875059,100.7419004
0.475,0.625,28.5,5.725,129.7063599,91.78378992
0.475,0.6416666667,28.5,5.808333333,108.7745822,85.28573829
0.475,0.6583333333,28.5,5.891666667,106.4275662,81.5957038
0.475,0.675,28.5,5.975,122.6653117,80.53489215
0.475,0.6916666667,28.5,6.058333333,138.9030572,81.77771723
0.475,0.7083333333,28.5,6.141666667,155.1408028,85.0866428
0.475,0.725,28.5,6.225,171.3785483,90.41590889
0.475,0.7416666667,28.5,6.308333333,176.9602967,97.91579908
0.475,0.7583333333,28.5,6.391666667,172.4806245,107.8388511
0.475,0.775,28.5,6.475,157.9395319,120.3175272
0.475,0.7916666667,28.5,6.558333333,152.1172799,134.9951789
0.475,0.8083333333,28.5,6.641666667,146.2950279,150.5951887
0.475,0.825,28.5,6.725,140.4727758,164.69752
0.475,0.8416666667,28.5,6.808333333,134.6505238,174.0960021
0.475,0.8583333333,28.5,6.891666667,128.8282718,175.8686962
0.475,0.875,28.5,6.975,123.0060198,168.6969206
0.475,0.8916666667,28.5,7.058333333,123.8099126,153.5503766
0.475,0.9083333333,28.5,7.141666667,124.6138054,133.2116969
0.475,0.925,28.5,7.225,125.4176983,111.0088227
0.475,0.9416666667,28.5,7.308333333,126.2215911,89.63731264
0.475,0.9583333333,28.5,7.391666667,127.0254839,70.65699047
0.475,0.975,28.5,7.475,127.8293768,54.62864916
0.475,0.9916666667,28.5,7.558333333,146.2541033,41.53056207
0.4916666667,0.008333333333,29.5,2.641666667,-15.03695283,-69.81238685
0.4916666667,0.025,29.5,2.725,-20.57688731,-81.08696682
0.4916666667,0.04166666667,29.5,2.808333333,-26.11682179,-88.9884856
0.4916666667,0.05833333333,29.5,2.891666667,-31.65675627,-93.34364103
0.4916666667,0.075,29.5,2.975,-37.19669075,-94.35962264
0.4916666667,0.09166666667,29.5,3.058333333,-42.73662523,-92.29436681
0.4916666667,0.1083333333,29.5,3.141666667,-48.27655971,-87.27405707
0.4916666667,0.125,29.5,3.225,-53.81649419,-79.2287796
0.4916666667,0.1416666667,29.5,3.308333333,-35.58688715,-67.92255681
0.4916666667,0.1583333333,29.5,3.391666667,-17.35728012,-53.08980627
0.4916666667,0.175,29.5,3.475,0.8723269187,-34.71198264
0.4916666667,0.1916666667,29.5,3.558333333,19.10193395,-13.42776916
0.4916666667,0.2083333333,29.5,3.641666667,37.33154099,9.06920357
0.4916666667,0.225,29.5,3.725,55.56114803,29.97471995
0.4916666667,0.2416666667,29.5,3.808333333,73.79075506,45.99799705
0.4916666667,0.2583333333,29.5,3.891666667,79.06055374,54.60818085
0.4916666667,0.275,29.5,3.975,83.14872601,55.22874331
0.4916666667,0.2916666667,29.5,4.058333333,87.23689827,49.52438852
0.4916666667,0.3083333333,29.5,4.141666667,91.32507054,40.55629958
0.4916666667,0.325,29.5,4.225,95.4132428,31.44624718
0.4916666667,0.3416666667,29.5,4.308333333,99.50141507,24.40757765
0.4916666667,0.3583333333,29.5,4.391666667,103.5895873,20.50297591
0.4916666667,0.375,29.5,4.475,107.6777596,19.92724875
0.4916666667,0.3916666667,29.5,4.558333333,111.4964252,22.44169882
0.4916666667,0.4083333333,29.5,4.641666667,115.3150908,27.72184129
0.4916666667,0.425,29.5,4.725,119.1337564,35.55747935
0.4916666667,0.4416666667,29.5,4.808333333,122.952422,45.93041623
0.4916666667,0.4583333333,29.5,4.891666667,126.7710876,58.99678268
0.4916666667,0.475,29.5,4.975,130.5897532,74.96637748
0.4916666667,0.4916666667,29.5,5.058333333,134.4084188,93.84558937
0.4916666667,0.5083333333,29.5,5.141666667,133.3405612,115.0406724
0.4916666667,0.525,29.5,5.225,125.0023389,136.9455804
0.4916666667,0.5416666667,29.5,5.308333333,116.6641166,156.8252956
0.4916666667,0.5583333333,29.5,5.391666667,108.3258943,171.3501783
0.4916666667,0.575,29.5,5.475,99.98767199,177.7931329
0.4916666667,0.5916666667,29.5,5.558333333,91.64944968,175.2812561
0.4916666667,0.6083333333,29.5,5.641666667,83.31122736,165.2243744
0.4916666667,0.625,29.5,5.725,93.55776667,150.5878538
0.4916666667,0.6416666667,29.5,5.808333333,91.21075059,134.566999
0.4916666667,0.6583333333,29.5,5.891666667,107.4484961,119.5414274
0.4916666667,0.675,29.5,5.975,123.6862417,106.7475089
0.4916666667,0.6916666667,29.5,6.058333333,139.9239872,96.51778538
0.4916666667,0.7083333333,29.5,6.141666667,156.1617328,88.71315006
0.4916666667,0.725,29.5,6.225,172.3994783,83.08632247
0.4916666667,0.7416666667,29.5,6.308333333,188.6372239,79.49807341
0.4916666667,0.7583333333,29.5,6.391666667,184.1575517,78.00641381
0.4916666667,0.775,29.5,6.475,178.3352997,78.85844938
0.4916666667,0.7916666667,29.5,6.558333333,172.5130477,82.3819214
0.4916666667,0.8083333333,29.5,6.641666667,166.6907956,88.74421166
0.4916666667,0.825,29.5,6.725,160.8685436,97.56731386
0.4916666667,0.8416666667,29.5,6.808333333,155.0462916,107.5023489
0.4916666667,0.8583333333,29.5,6.891666667,149.2240396,116.0540161
0.4916666667,0.875,29.5,6.975,143.4017875,120.0224096
0.4916666667,0.8916666667,29.5,7.058333333,144.2056804,116.6382062
0.4916666667,0.9083333333,29.5,7.141666667,145.0095732,104.8545312
0.4916666667,0.925,29.5,7.225,145.8134661,85.90912309
0.4916666667,0.9416666667,29.5,7.308333333,146.6173589,62.72156302
0.4916666667,0.9583333333,29.5,7.391666667,147.4212517,38.59028947
0.4916666667,0.975,29.5,7.475,148.2251446,16.07586841
0.4916666667,0.9916666667,29.5,7.558333333,149.0290374,-3.415105809
0.5083333333,0.008333333333,30.5,2.641666667,-16.65928131,-7.02366336
0.5083333333,0.025,30.5,2.725,-22.19921579,-18.42281657
0.5083333333,0.04166666667,30.5,2.808333333,-27.73915027,-29.32279633
0.5083333333,0.05833333333,30.5,2.891666667,-33.27908475,-37.69142125
0.5083333333,0.075,30.5,2.975,-38.81901923,-42.62118008
0.5083333333,0.09166666667,30.5,3.058333333,-44.35895371,-43.99216618
0.5083333333,0.1083333333,30.5,3.141666667,-49.89888819,-42.04245679
0.5083333333,0.125,30.5,3.225,-55.43882267,-37.04795689
0.5083333333,0.1416666667,30.5,3.308333333,-37.20921563,-29.14870065
0.5083333333,0.1583333333,30.5,3.391666667,-18.97960859,-18.29096887
0.5083333333,0.175,30.5,3.475,-0.7500015573,-4.263324727
0.5083333333,0.1916666667,30.5,3.558333333,17.47960548,13.15909714
0.5083333333,0.2083333333,30.5,3.641666667,35.70921251,33.92848288
0.5083333333,0.225,30.5,3.725,53.93881955,57.30892947
0.5083333333,0.2416666667,30.5,3.808333333,72.16842659,81.48974586
0.5083333333,0.2583333333,30.5,3.891666667,81.12305913,103.5660197
0.5083333333,0.275,30.5,3.975,85.2112314,120.2118151
0.5083333333,0.2916666667,30.5,4.058333333,89.29940367,128.9503393
0.5083333333,0.3083333333,30.5,4.141666667,93.38757593,129.3138243
0.5083333333,0.325,30.5,4.225,97.4757482,123.0549789
0.5083333333,0.3416666667,30.5,4.308333333,101.5639205,113.2452957
0.5083333333,0.3583333333,30.5,4.391666667,105.6520927,102.940704
0.5083333333,0.375,30.5,4.475,109.740265,94.25691578
0.5083333333,0.3916666667,30.5,4.558333333,113.5589306,88.1723317
0.5083333333,0.4083333333,30.5,4.641666667,117.3775962,84.83234318
0.5083333333,0.425,30.5,4.725,121.1962618,83.98392609
0.5083333333,0.4416666667,30.5,4.808333333,125.0149274,85.31479841
0.5083333333,0.4583333333,30.5,4.891666667,128.833593,88.64487382
0.5083333333,0.475,30.5,4.975,132.6522586,93.99744314
0.5083333333,0.4916666667,30.5,5.058333333,136.4709242,101.5753904
0.5083333333,0.5083333333,30.5,5.141666667,142.6424583,111.6324334
0.5083333333,0.525,30.5,5.225,134.304236,124.2056641
0.5083333333,0.5416666667,30.5,5.308333333,125.9660137,138.7112207
0.5083333333,0.5583333333,30.5,5.391666667,117.6277913,153.538803
0.5083333333,0.575,30.5,5.475,109.289569,165.9662059
0.5083333333,0.5916666667,30.5,5.558333333,100.9513467,172.7406414
0.5083333333,0.6083333333,30.5,5.641666667,92.6131244,171.30247
0.5083333333,0.625,30.5,5.725,84.27490209,161.006993
0.5083333333,0.6416666667,30.5,5.808333333,100.5126476,143.4769081
0.5083333333,0.6583333333,30.5,5.891666667,116.7503932,121.8100393
0.5083333333,0.675,30.5,5.975,132.9881387,99.24529148
0.5083333333,0.6916666667,30.5,6.058333333,149.2258843,78.15588707
0.5083333333,0.7083333333,30.5,6.141666667,165.4636298,59.76648872
0.5083333333,0.725,30.5,6.225,181.7013754,44.41535746
0.5083333333,0.7416666667,30.5,6.308333333,197.9391209,31.98715197
0.5083333333,0.7583333333,30.5,6.391666667,201.7161587,22.26721561
0.5083333333,0.775,30.5,6.475,195.8939066,15.14835673
0.5083333333,0.7916666667,30.5,6.558333333,190.0716546,10.71320122
0.5083333333,0.8083333333,30.5,6.641666667,184.2494026,9.220436537
0.5083333333,0.825,30.5,6.725,178.4271506,10.98948811
0.5083333333,0.8416666667,30.5,6.808333333,172.6048985,16.15065756
0.5083333333,0.8583333333,30.5,6.891666667,166.7826465,24.25343704
0.5083333333,0.875,30.5,6.975,160.9603945,33.84741107
0.5083333333,0.8916666667,30.5,7.058333333,161.7642873,42.33728683
0.5083333333,0.9083333333,30.5,7.141666667,162.5681802,46.47387693
0.5083333333,0.925,30.5,7.225,163.372073,43.52346682
0.5083333333,0.9416666667,30.5,7.308333333,164.1759658,32.54012445
0.5083333333,0.9583333333,30.5,7.391666667,164.9798587,14.85760277
0.5083333333,0.975,30.5,7.475,165.7837515,-6.580543692
0.5083333333,0.9916666667,30.5,7.558333333,166.5876444,-28.53747773
0.525,0.008333333333,31.5,2.641666667,-14.62656424,64.90121076
0.525,0.025,31.5,2.725,-17.07046232,64.33709737
0.525,0.04166666667,31.5,2.808333333,-22.6103968,57.94622681
0.525,0.05833333333,31.5,2.891666667,-28.15033128,48.90067181
0.525,0.075,31.5,2.975,-33.69026576,40.19037229
0.525,0.09166666667,31.5,3.058333333,-39.23020024,33.79138399
0.525,0.1083333333,31.5,3.141666667,-44.77013471,30.55589222
0.525,0.125,31.5,3.225,-50.31006919,30.55328112
0.525,0.1416666667,31.5,3.308333333,-32.08046216,33.50000539
0.525,0.1583333333,31.5,3.391666667,-13.85085512,39.07875104
0.525,0.175,31.5,3.475,4.378751913,47.11140697
0.525,0.1916666667,31.5,3.558333333,22.60835895,57.61673533
0.525,0.2083333333,31.5,3.641666667,40.83796598,70.7742187
0.525,0.225,31.5,3.725,59.06757302,86.77926427
0.525,0.2416666667,31.5,3.808333333,36.41524415,105.5562312
0.525,0.2583333333,31.5,3.891666667,45.3698767,126.342986
0.525,0.275,31.5,3.975,85.93147067,147.3073828
0.525,0.2916666667,31.5,4.058333333,90.01964293,165.5358771
0.525,0.3083333333,31.5,4.141666667,94.1078152,177.7169368
0.525,0.325,31.5,4.225,98.19598746,181.4157348
0.525,0.3416666667,31.5,4.308333333,102.2841597,176.2265546
0.525,0.3583333333,31.5,4.391666667,106.372332,163.9686566
0.525,0.375,31.5,4.475,110.4605043,147.7728786
0.525,0.3916666667,31.5,4.558333333,114.2791699,130.7470861
0.525,0.4083333333,31.5,4.641666667,118.0978355,115.0593224
0.525,0.425,31.5,4.725,121.9165011,101.7481547
0.525,0.4416666667,31.5,4.808333333,125.7351667,91.02943716
0.525,0.4583333333,31.5,4.891666667,129.5538323,82.72905743
0.525,0.475,31.5,4.975,133.3724979,76.61851234
0.525,0.4916666667,31.5,5.058333333,136.8509388,72.60279844
0.525,0.5083333333,31.5,5.141666667,143.0224729,70.78850416
0.525,0.525,31.5,5.225,151.8871001,71.45712262
0.525,0.5416666667,31.5,5.308333333,143.5488777,74.93315733
0.525,0.5583333333,31.5,5.391666667,135.2106554,81.31331671
0.525,0.575,31.5,5.475,126.8724331,90.0597338
0.525,0.5916666667,31.5,5.558333333,118.5342108,99.59528628
0.525,0.6083333333,31.5,5.641666667,110.1959885,107.2241823
0.525,0.625,31.5,5.725,101.8577662,109.7226152
0.525,0.6416666667,31.5,5.808333333,118.0955117,104.5677105
0.525,0.6583333333,31.5,5.891666667,134.3332573,91.15338588
0.525,0.675,31.5,5.975,150.5710028,71.12819181
0.525,0.6916666667,31.5,6.058333333,166.8087484,47.59131682
0.525,0.7083333333,31.5,6.141666667,183.0464939,23.75844932
0.525,0.725,31.5,6.225,199.2842394,1.964224977
0.525,0.7416666667,31.5,6.308333333,198.6759205,-16.61052961
0.525,0.7583333333,31.5,6.391666667,202.4529583,-31.67099401
0.525,0.775,31.5,6.475,210.6153528,-43.37429373
0.525,0.7916666667,31.5,6.558333333,204.7931007,-51.97589044
0.525,0.8083333333,31.5,6.641666667,198.9708487,-57.62358836
0.525,0.825,31.5,6.725,193.1485967,-60.27557413
0.525,0.8416666667,31.5,6.808333333,187.3263447,-59.71448281
0.525,0.8583333333,31.5,6.891666667,181.5040926,-55.66345154
0.525,0.875,31.5,6.975,175.6818406,-48.03725642
0.525,0.8916666667,31.5,7.058333333,176.4857334,-37.33492154
0.525,0.9083333333,31.5,7.141666667,177.2896263,-25.05717103
0.525,0.925,31.5,7.225,178.0935191,-13.84499608
0.525,0.9416666667,31.5,7.308333333,178.897412,-6.978820173
0.525,0.9583333333,31.5,7.391666667,179.7013048,-7.202708001
0.525,0.975,31.5,7.475,180.5051976,-15.45664145
0.525,0.9916666667,31.5,7.558333333,185.9860528,-30.39913814
0.5416666667,0.008333333333,32.5,2.641666667,-12.59384718,119.5417068
0.5416666667,0.025,32.5,2.725,-15.03774525,135.171075
0.5416666667,0.04166666667,32.5,2.808333333,-17.48164333,142.634638
0.5416666667,0.05833333333,32.5,2.891666667,-23.02157781,141.6843088
0.5416666667,0.075,32.5,2.975,-28.56151228,134.2507894
0.5416666667,0.09166666667,32.5,3.058333333,-34.10144676,123.4621028
0.5416666667,0.1083333333,32.5,3.141666667,-39.64138124,112.316891
0.5416666667,0.125,32.5,3.225,-45.18131572,102.8260498
0.5416666667,0.1416666667,32.5,3.308333333,-26.95170869,95.8787096
0.5416666667,0.1583333333,32.5,3.391666667,-8.722101653,91.57385113
0.5416666667,0.175,32.5,3.475,9.507505383,89.65220787
0.5416666667,0.1916666667,32.5,3.558333333,27.73711242,89.8213536
0.5416666667,0.2083333333,32.5,3.641666667,45.96671946,91.93382841
0.5416666667,0.225,32.5,3.725,23.31439059,96.04833245
0.5416666667,0.2416666667,32.5,3.808333333,0.6620617173,102.3966251
0.5416666667,0.2583333333,32.5,3.891666667,9.616694266,111.242682
0.5416666667,0.275,32.5,3.975,50.17828823,122.6004229
0.5416666667,0.2916666667,32.5,4.058333333,90.7398822,135.8201135
0.5416666667,0.3083333333,32.5,4.141666667,94.82805446,149.1966331
0.5416666667,0.325,32.5,4.225,98.91622673,159.9346828
0.5416666667,0.3416666667,32.5,4.308333333,103.004399,164.8014211
0.5416666667,0.3583333333,32.5,4.391666667,107.0925713,161.3864107
0.5416666667,0.375,32.5,4.475,111.1807435,149.2744765
0.5416666667,0.3916666667,32.5,4.558333333,114.9994091,130.2860088
0.5416666667,0.4083333333,32.5,4.641666667,118.8180747,107.5961371
0.5416666667,0.425,32.5,4.725,122.6367403,84.39768996
0.5416666667,0.4416666667,32.5,4.808333333,126.4554059,62.9569777
0.5416666667,0.4583333333,32.5,4.891666667,130.2740715,44.39711916
0.5416666667,0.475,32.5,4.975,133.7525125,28.99232245
0.5416666667,0.4916666667,32.5,5.058333333,137.2309534,16.6009632
0.5416666667,0.5083333333,32.5,5.141666667,143.4024875,7.006745026
0.5416666667,0.525,32.5,5.225,152.2671147,0.1122657361
0.5416666667,0.5416666667,32.5,5.308333333,161.1317418,-3.988376057
0.5416666667,0.5583333333,32.5,5.391666667,152.7935195,-5.0319239
0.5416666667,0.575,32.5,5.475,144.4552972,-2.712295179
0.5416666667,0.5916666667,32.5,5.558333333,136.1170749,3.055470975
0.5416666667,0.6083333333,32.5,5.641666667,127.7788526,11.73340921
0.5416666667,0.625,32.5,5.725,119.4406303,21.75204057
0.5416666667,0.6416666667,32.5,5.808333333,135.6783758,30.41214928
0.5416666667,0.6583333333,32.5,5.891666667,151.9161214,34.44740166
0.5416666667,0.675,32.5,5.975,168.1538669,31.23804584
0.5416666667,0.6916666667,32.5,6.058333333,184.3916124,20.04554103
0.5416666667,0.7083333333,32.5,6.141666667,200.629358,2.396169382
0.5416666667,0.725,32.5,6.225,200.0210391,-18.68484701
0.5416666667,0.7416666667,32.5,6.308333333,199.4127202,-40.00370894
0.5416666667,0.7583333333,32.5,6.391666667,203.1897579,-59.21970096
0.5416666667,0.775,32.5,6.475,211.3521524,-75.14491952
0.5416666667,0.7916666667,32.5,6.558333333,219.5145468,-87.4900481
0.5416666667,0.8083333333,32.5,6.641666667,213.6922948,-96.4306961
0.5416666667,0.825,32.5,6.725,207.8700428,-102.2484222
0.5416666667,0.8416666667,32.5,6.808333333,202.0477908,-105.1192257
0.5416666667,0.8583333333,32.5,6.891666667,196.2255387,-105.0275431
0.5416666667,0.875,32.5,6.975,190.4032867,-101.7768737
0.5416666667,0.8916666667,32.5,7.058333333,191.2071796,-95.10151579
0.5416666667,0.9083333333,32.5,7.141666667,192.0110724,-84.91212094
0.5416666667,0.925,32.5,7.225,192.8149652,-71.6840956
0.5416666667,0.9416666667,32.5,7.308333333,193.6188581,-56.87881965
0.5416666667,0.9583333333,32.5,7.391666667,194.4227509,-43.10055008
0.5416666667,0.975,32.5,7.475,199.9036061,-33.62474421
0.5416666667,0.9916666667,32.5,7.558333333,205.3844613,-31.24175638
0.5583333333,0.008333333333,33.5,2.641666667,-10.56113012,135.7188074
0.5583333333,0.025,33.5,2.725,-13.00502819,155.0783927
0.5583333333,0.04166666667,33.5,2.808333333,-15.44892626,171.639159
0.5583333333,0.05833333333,33.5,2.891666667,-17.89282433,182.1062548
0.5583333333,0.075,33.5,2.975,-23.43275881,184.0521933
0.5583333333,0.09166666667,33.5,3.058333333,-28.97269329,177.0735202
0.5583333333,0.1083333333,33.5,3.141666667,-34.51262777,162.9957183
0.5583333333,0.125,33.5,3.225,-40.05256225,144.9662394
0.5583333333,0.1416666667,33.5,3.308333333,-21.82295522,126.1191097
0.5583333333,0.1583333333,33.5,3.391666667,-3.593348182,108.6521553
0.5583333333,0.175,33.5,3.475,14.63625885,93.63153953
0.5583333333,0.1916666667,33.5,3.558333333,32.86586589,81.29570783
0.5583333333,0.2083333333,33.5,3.641666667,10.21353702,71.48792737
0.5583333333,0.225,33.5,3.725,-12.43879185,63.99272377
0.5583333333,0.2416666667,33.5,3.808333333,-35.09112072,58.72466389
0.5583333333,0.2583333333,33.5,3.891666667,-26.13648817,55.79713362
0.5583333333,0.275,33.5,3.975,14.4251058,55.49634454
0.5583333333,0.2916666667,33.5,4.058333333,54.98669976,58.15043089
0.5583333333,0.3083333333,33.5,4.141666667,95.54829373,63.85994412
0.5583333333,0.325,33.5,4.225,99.63646599,72.09201547
0.5583333333,0.3416666667,33.5,4.308333333,103.7246383,81.27481263
0.5583333333,0.3583333333,33.5,4.391666667,107.8128105,88.71423365
0.5583333333,0.375,33.5,4.475,111.9009828,91.17885561
0.5583333333,0.3916666667,33.5,4.558333333,115.7196484,86.12591756
0.5583333333,0.4083333333,33.5,4.641666667,119.538314,72.92126545
0.5583333333,0.425,33.5,4.725,123.3569796,53.18676613
0.5583333333,0.4416666667,33.5,4.808333333,127.1756452,30.0042022
0.5583333333,0.4583333333,33.5,4.891666667,130.6540862,6.581935148
0.5583333333,0.475,33.5,4.975,134.1325271,-14.74751366
0.5583333333,0.4916666667,33.5,5.058333333,137.610968,-32.80560471
0.5583333333,0.5083333333,33.5,5.141666667,143.7825021,-47.30259664
0.5583333333,0.525,33.5,5.225,152.6471293,-58.40342736
0.5583333333,0.5416666667,33.5,5.308333333,161.5117564,-66.37289803
0.5583333333,0.5583333333,33.5,5.391666667,170.3763836,-71.36846899
0.5583333333,0.575,33.5,5.475,162.0381613,-73.35740711
0.5583333333,0.5916666667,33.5,5.558333333,153.699939,-72.13009345
0.5583333333,0.6083333333,33.5,5.641666667,145.3617167,-67.41514816
0.5583333333,0.625,33.5,5.725,137.0234944,-59.12939394
0.5583333333,0.6416666667,33.5,5.808333333,153.2612399,-47.76960014
0.5583333333,0.6583333333,33.5,5.891666667,169.4989854,-34.83074353
0.5583333333,0.675,33.5,5.975,185.736731,-22.94839748
0.5583333333,0.6916666667,33.5,6.058333333,201.9744765,-15.4039107
0.5583333333,0.7083333333,33.5,6.141666667,201.3661576,-14.95256385
0.5583333333,0.725,33.5,6.225,200.7578387,-22.55304914
0.5583333333,0.7416666667,33.5,6.308333333,200.1495198,-36.88121907
0.5583333333,0.7583333333,33.5,6.391666667,203.9265576,-55.00525759
0.5583333333,0.775,33.5,6.475,212.088952,-73.70334277
0.5583333333,0.7916666667,33.5,6.558333333,220.2513465,-90.54040681
0.5583333333,0.8083333333,33.5,6.641666667,228.4137409,-104.233053
0.5583333333,0.825,33.5,6.725,222.5914889,-114.4301988
0.5583333333,0.8416666667,33.5,6.808333333,216.7692369,-121.2824486
0.5583333333,0.8583333333,33.5,6.891666667,210.9469849,-125.0713409
0.5583333333,0.875,33.5,6.975,205.1247328,-125.9849628
0.5583333333,0.8916666667,33.5,7.058333333,205.9286257,-124.0223144
0.5583333333,0.9083333333,33.5,7.141666667,206.7325185,-118.9957805
0.5583333333,0.925,33.5,7.225,207.5364113,-110.6327453
0.5583333333,0.9416666667,33.5,7.308333333,208.3403042,-98.80788283
0.5583333333,0.9583333333,33.5,7.391666667,213.8211594,-83.92075574
0.5583333333,0.975,33.5,7.475,219.3020146,-67.32361687
0.5583333333,0.9916666667,33.5,7.558333333,224.7828698,-51.51830251
0.575,0.008333333333,34.5,2.641666667,-8.528413052,102.6448312
0.575,0.025,34.5,2.725,-10.97231113,111.6617388
0.575,0.04166666667,34.5,2.808333333,-13.4162092,122.7667801
0.575,0.05833333333,34.5,2.891666667,-15.86010727,134.4036941
0.575,0.075,34.5,2.975,-18.30400534,143.8973621
0.575,0.09166666667,34.5,3.058333333,-23.84393982,148.0225706
0.575,0.1083333333,34.5,3.141666667,-29.3838743,144.2205933
0.575,0.125,34.5,3.225,-34.92380878,131.8280005
0.575,0.1416666667,34.5,3.308333333,-16.69420175,112.4474473
0.575,0.1583333333,34.5,3.391666667,1.535405288,89.1708067
0.575,0.175,34.5,3.475,19.76501232,65.24660904
0.575,0.1916666667,34.5,3.558333333,-2.887316545,43.06346208
0.575,0.2083333333,34.5,3.641666667,-25.53964541,23.85632135
0.575,0.225,34.5,3.725,-48.19197428,7.963429087
0.575,0.2416666667,34.5,3.808333333,-70.84430315,-4.74057943
0.575,0.2583333333,34.5,3.891666667,-61.8896706,-14.48763072
0.575,0.275,34.5,3.975,-21.32807664,-21.40656293
0.575,0.2916666667,34.5,4.058333333,19.23351733,-25.4384861
0.575,0.3083333333,34.5,4.141666667,59.79511129,-26.34850031
0.575,0.325,34.5,4.225,100.3567053,-23.83864289
0.575,0.3416666667,34.5,4.308333333,104.4448775,-17.79489062
0.575,0.3583333333,34.5,4.391666667,108.5330498,-8.676598406
0.575,0.375,34.5,4.475,112.6212221,2.063317173
0.575,0.3916666667,34.5,4.558333333,116.4398877,11.8262703
0.575,0.4083333333,34.5,4.641666667,120.2585533,17.34732757
0.575,0.425,34.5,4.725,124.0772189,15.8568078
0.575,0.4416666667,34.5,4.808333333,127.5556598,6.358158793
0.575,0.4583333333,34.5,4.891666667,131.0341008,-9.862334211
0.575,0.475,34.5,4.975,134.5125417,-29.88885413
0.575,0.4916666667,34.5,5.058333333,137.9909826,-50.48943453
0.575,0.5083333333,34.5,5.141666667,144.1625167,-69.20466384
0.575,0.525,34.5,5.225,153.0271439,-84.72762842
0.575,0.5416666667,34.5,5.308333333,161.891771,-96.69285414
0.575,0.5583333333,34.5,5.391666667,170.7563982,-105.2464848
0.575,0.575,34.5,5.475,179.6210254,-110.6727013
0.575,0.5916666667,34.5,5.558333333,171.2828031,-113.1661541
0.575,0.6083333333,34.5,5.641666667,162.9445808,-112.7339062
0.575,0.625,34.5,5.725,154.6063584,-109.1958833
0.575,0.6416666667,34.5,5.808333333,170.844104,-102.28407
0.575,0.6583333333,34.5,5.891666667,187.0818495,-91.87165559
0.575,0.675,34.5,5.975,203.3195951,-78.34794205
0.575,0.6916666667,34.5,6.058333333,202.7112762,-63.04725041
0.575,0.7083333333,34.5,6.141666667,202.1029572,-48.45451747
0.575,0.725,34.5,6.225,201.4946383,-37.81588327
0.575,0.7416666667,34.5,6.308333333,200.8863194,-34.04248582
0.575,0.7583333333,34.5,6.391666667,204.6633572,-38.39940151
0.575,0.775,34.5,6.475,212.8257517,-49.86512784
0.575,0.7916666667,34.5,6.558333333,220.9881461,-65.65482664
0.575,0.8083333333,34.5,6.641666667,229.1505406,-82.50196557
0.575,0.825,34.5,6.725,237.312935,-97.81321334
0.575,0.8416666667,34.5,6.808333333,231.490683,-110.1380778
0.575,0.8583333333,34.5,6.891666667,225.668431,-119.0107047
0.575,0.875,34.5,6.975,219.8461789,-124.5283327
0.575,0.8916666667,34.5,7.058333333,220.6500718,-126.9630807
0.575,0.9083333333,34.5,7.141666667,221.4539646,-126.5166497
0.575,0.925,34.5,7.225,222.2578575,-123.2087345
0.575,0.9416666667,34.5,7.308333333,227.7387126,-116.866467
0.575,0.9583333333,34.5,7.391666667,233.2195678,-107.2105073
0.575,0.975,34.5,7.475,238.700423,-94.06671787
0.575,0.9916666667,34.5,7.558333333,244.1812782,-77.72526721
0.5916666667,0.008333333333,35.5,2.641666667,-6.495695988,31.43934607
0.5916666667,0.025,35.5,2.725,-8.939594061,29.78041449
0.5916666667,0.04166666667,35.5,2.808333333,-11.38349213,31.2219405
0.5916666667,0.05833333333,35.5,2.891666667,-13.82739021,35.93581386
0.5916666667,0.075,35.5,2.975,-16.27128828,43.55261225
0.5916666667,0.09166666667,35.5,3.058333333,-18.71518635,52.73512046
0.5916666667,0.1083333333,35.5,3.141666667,-24.25512083,60.99305602
0.5916666667,0.125,35.5,3.225,-29.79505531,65.10803674
0.5916666667,0.1416666667,35.5,3.308333333,-11.56544828,62.25678216
0.5916666667,0.1583333333,35.5,3.391666667,6.664158758,51.31043537
0.5916666667,0.175,35.5,3.475,-15.98817011,33.42341588
0.5916666667,0.1916666667,35.5,3.558333333,-38.64049898,11.45713758
0.5916666667,0.2083333333,35.5,3.641666667,-61.29282785,-11.31595758
0.5916666667,0.225,35.5,3.725,-83.94515672,-32.34151226
0.5916666667,0.2416666667,35.5,3.808333333,-106.5974856,-50.21646065
0.5916666667,0.2583333333,35.5,3.891666667,-97.64285304,-64.50865838
0.5916666667,0.275,35.5,3.975,-57.08125907,-75.33123589
0.5916666667,0.2916666667,35.5,4.058333333,-16.51966511,-82.95982364
0.5916666667,0.3083333333,35.5,4.141666667,24.04192886,-87.59413205
0.5916666667,0.325,35.5,4.225,64.60352282,-89.25158429
0.5916666667,0.3416666667,35.5,4.308333333,105.1651168,-87.76091554
0.5916666667,0.3583333333,35.5,4.391666667,109.2532891,-82.85320986
0.5916666667,0.375,35.5,4.475,113.3414613,-74.38029739
0.5916666667,0.3916666667,35.5,4.558333333,117.1601269,-62.68010234
0.5916666667,0.4083333333,35.5,4.641666667,120.9787925,-49.00847892
0.5916666667,0.425,35.5,4.725,124.4572335,-35.77369897
0.5916666667,0.4416666667,35.5,4.808333333,127.9356744,-26.19957466
0.5916666667,0.4583333333,35.5,4.891666667,131.4141154,-23.27173828
0.5916666667,0.475,35.5,4.975,134.8925563,-28.41318485
0.5916666667,0.4916666667,35.5,5.058333333,138.3709973,-40.76889947
0.5916666667,0.5083333333,35.5,5.141666667,144.5425313,-57.64773988
0.5916666667,0.525,35.5,5.225,153.4071585,-75.77806806
0.5916666667,0.5416666667,35.5,5.308333333,162.2717856,-92.49803594
0.5916666667,0.5583333333,35.5,5.391666667,171.1364128,-106.27941
0.5916666667,0.575,35.5,5.475,180.00104,-116.603634
0.5916666667,0.5916666667,35.5,5.558333333,188.8656672,-123.5471922
0.5916666667,0.6083333333,35.5,5.641666667,180.5274448,-127.3851869
0.5916666667,0.625,35.5,5.725,172.1892225,-128.3351649
0.5916666667,0.6416666667,35.5,5.808333333,188.4269681,-126.4370549
0.5916666667,0.6583333333,35.5,5.891666667,204.6647136,-121.5358832
0.5916666667,0.675,35.5,5.975,204.0563947,-113.3601464
0.5916666667,0.6916666667,35.5,6.058333333,203.4480758,-101.723128
0.5916666667,0.7083333333,35.5,6.141666667,202.8397569,-86.87197362
0.5916666667,0.725,35.5,6.225,202.231438,-69.92178948
0.5916666667,0.7416666667,35.5,6.308333333,201.6231191,-53.1340812
0.5916666667,0.7583333333,35.5,6.391666667,205.4001568,-39.6657885
0.5916666667,0.775,35.5,6.475,213.5625513,-32.59209646
0.5916666667,0.7916666667,35.5,6.558333333,221.7249457,-33.57104737
0.5916666667,0.8083333333,35.5,6.641666667,229.8873402,-42.010619
0.5916666667,0.825,35.5,6.725,238.0497347,-55.3706515
0.5916666667,0.8416666667,35.5,6.808333333,246.2121291,-70.36401479
0.5916666667,0.8583333333,35.5,6.891666667,240.3898771,-84.19869992
0.5916666667,0.875,35.5,6.975,234.5676251,-95.192817
0.5916666667,0.8916666667,35.5,7.058333333,235.3715179,-102.7126558
0.5916666667,0.9083333333,35.5,7.141666667,236.1754107,-106.7735324
0.5916666667,0.925,35.5,7.225,241.6562659,-107.6312042
0.5916666667,0.9416666667,35.5,7.308333333,247.1371211,-105.5075716
0.5916666667,0.9583333333,35.5,7.391666667,252.6179763,-100.4562087
0.5916666667,0.975,35.5,7.475,258.0988315,-92.3339596
0.5916666667,0.9916666667,35.5,7.558333333,263.5796867,-80.86700411
0.6083333333,0.008333333333,36.5,2.641666667,-4.462978925,-40.41706334
0.6083333333,0.025,36.5,2.725,-6.906876998,-47.43088727
0.6083333333,0.04166666667,36.5,2.808333333,-9.350775071,-51.50282621
0.6083333333,0.05833333333,36.5,2.891666667,-11.79467314,-52.46413728
0.6083333333,0.075,36.5,2.975,-14.23857122,-50.03341936
0.6083333333,0.09166666667,36.5,3.058333333,-16.68246929,-44.01717494
0.6083333333,0.1083333333,36.5,3.141666667,-19.12636736,-34.65811798
0.6083333333,0.125,36.5,3.225,-24.66630184,-23.06892378
0.6083333333,0.1416666667,36.5,3.308333333,-6.436694807,-11.51133052
0.6083333333,0.1583333333,36.5,3.391666667,-29.08902368,-3.146922158
0.6083333333,0.175,36.5,3.475,-51.74135255,-1.061583293
0.6083333333,0.1916666667,36.5,3.558333333,-74.39368141,-6.929696835
0.6083333333,0.2083333333,36.5,3.641666667,-97.04601028,-20.17812356
0.6083333333,0.225,36.5,3.725,-119.6983392,-38.28431017
0.6083333333,0.2416666667,36.5,3.808333333,-142.350668,-57.97565984
0.6083333333,0.2583333333,36.5,3.891666667,-133.3960355,-76.47253456
0.6083333333,0.275,36.5,3.975,-92.83444151,-92.10528336
0.6083333333,0.2916666667,36.5,4.058333333,-52.27284754,-104.2536889
0.6083333333,0.3083333333,36.5,4.141666667,-11.71125358,-112.9480404
0.6083333333,0.325,36.5,4.225,28.85034039,-118.4600511
0.6083333333,0.3416666667,36.5,4.308333333,69.41193435,-121.0278875
0.6083333333,0.3583333333,36.5,4.391666667,109.9735283,-120.7211086
0.6083333333,0.375,36.5,4.475,114.0617006,-117.4117474
0.6083333333,0.3916666667,36.5,4.558333333,117.8803662,-110.8398288
0.6083333333,0.4083333333,36.5,4.641666667,121.3588071,-100.797366
0.6083333333,0.425,36.5,4.725,124.8372481,-87.45966842
0.6083333333,0.4416666667,36.5,4.808333333,128.315689,-71.81782951
0.6083333333,0.4583333333,36.5,4.891666667,131.79413,-55.9958905
0.6083333333,0.475,36.5,4.975,135.2725709,-43.08412717
0.6083333333,0.4916666667,36.5,5.058333333,138.7510119,-36.24573527
0.6083333333,0.5083333333,36.5,5.141666667,144.9225459,-37.38421184
0.6083333333,0.525,36.5,5.225,153.7871731,-46.20041564
0.6083333333,0.5416666667,36.5,5.308333333,162.6518003,-60.34696237
0.6083333333,0.5583333333,36.5,5.391666667,171.5164274,-76.55915043
0.6083333333,0.575,36.5,5.475,180.3810546,-91.93924811
0.6083333333,0.5916666667,36.5,5.558333333,189.2456818,-104.6644019
0.6083333333,0.6083333333,36.5,5.641666667,198.1103089,-113.9938036
0.6083333333,0.625,36.5,5.725,189.7720866,-119.8904038
0.6083333333,0.6416666667,36.5,5.808333333,206.0098322,-122.6017438
0.6083333333,0.6583333333,36.5,5.891666667,205.4015133,-122.3667888
0.6083333333,0.675,36.5,5.975,204.7931943,-119.265832
0.6083333333,0.6916666667,36.5,6.058333333,204.1848754,-113.180196
0.6083333333,0.7083333333,36.5,6.141666667,203.5765565,-103.8457502
0.6083333333,0.725,36.5,6.225,202.9682376,-91.02067975
0.6083333333,0.7416666667,36.5,6.308333333,202.3599187,-74.79905398
0.6083333333,0.7583333333,36.5,6.391666667,206.1369565,-56.03868474
0.6083333333,0.775,36.5,6.475,214.2993509,-36.71040972
0.6083333333,0.7916666667,36.5,6.558333333,222.4617454,-19.80956476
0.6083333333,0.8083333333,36.5,6.641666667,230.6241398,-8.548883214
0.6083333333,0.825,36.5,6.725,238.7865343,-5.042028093
0.6083333333,0.8416666667,36.5,6.808333333,246.9489287,-9.265084655
0.6083333333,0.8583333333,36.5,6.891666667,255.1113232,-19.06526539
0.6083333333,0.875,36.5,6.975,249.2890712,-31.21018953
0.6083333333,0.8916666667,36.5,7.058333333,250.092964,-42.70214378
0.6083333333,0.9083333333,36.5,7.141666667,255.5738192,-51.57545849
0.6083333333,0.925,36.5,7.225,261.0546744,-56.976741
0.6083333333,0.9416666667,36.5,7.308333333,266.5355296,-58.81269968
0.6083333333,0.9583333333,36.5,7.391666667,272.0163848,-57.32346566
0.6083333333,0.975,36.5,7.475,277.49724,-52.7715472
0.6083333333,0.9916666667,36.5,7.558333333,282.9780952,-45.27632813
0.625,0.008333333333,37.5,2.641666667,-2.430261861,-80.32426924
0.625,0.025,37.5,2.725,-4.874159934,-91.29810158
0.625,0.04166666667,37.5,2.808333333,-7.318058007,-98.98092804
0.625,0.05833333333,37.5,2.891666667,-9.761956081,-103.6299742
0.625,0.075,37.5,2.975,-12.20585415,-105.3500085
0.625,0.09166666667,37.5,3.058333333,-14.64975223,-104.0475318
0.625,0.1083333333,37.5,3.141666667,-17.0936503,-99.47870994
0.625,0.125,37.5,3.225,-19.53754837,-91.4097287
0.625,0.1416666667,37.5,3.308333333,-42.18987724,-79.92197323
0.625,0.1583333333,37.5,3.391666667,-64.84220611,-65.83659628
0.625,0.175,37.5,3.475,-87.49453498,-51.07618478
0.625,0.1916666667,37.5,3.558333333,-110.1468638,-38.60971276
0.625,0.2083333333,37.5,3.641666667,-132.7991927,-31.68505261
0.625,0.225,37.5,3.725,-155.4515216,-32.52356953
0.625,0.2416666667,37.5,3.808333333,-178.1038505,-41.24216116
0.625,0.2583333333,37.5,3.891666667,-169.1492179,-55.79571992
0.625,0.275,37.5,3.975,-128.5876239,-72.98504264
0.625,0.2916666667,37.5,4.058333333,-88.02602998,-89.78022497
0.625,0.3083333333,37.5,4.141666667,-47.46443601,-104.1571331
0.625,0.325,37.5,4.225,-6.902842045,-115.211719
0.625,0.3416666667,37.5,4.308333333,33.65875192,-122.8209368
0.625,0.3583333333,37.5,4.391666667,74.22034589,-127.2130542
0.625,0.375,37.5,4.475,114.7819399,-128.6481304
0.625,0.3916666667,37.5,4.558333333,118.2603808,-127.244898
0.625,0.4083333333,37.5,4.641666667,121.7388217,-122.9232831
0.625,0.425,37.5,4.725,125.2172627,-115.4408772
0.625,0.4416666667,37.5,4.808333333,128.6957036,-104.5379343
0.625,0.4583333333,37.5,4.891666667,132.1741446,-90.22444182
0.625,0.475,37.5,4.975,135.6525855,-73.19614911
0.625,0.4916666667,37.5,5.058333333,139.1310265,-55.22034126
0.625,0.5083333333,37.5,5.141666667,145.3025605,-39.1519621
0.625,0.525,37.5,5.225,154.1671877,-28.2560498
0.625,0.5416666667,37.5,5.308333333,163.0318149,-24.93605655
0.625,0.5583333333,37.5,5.391666667,171.896442,-29.57845855
0.625,0.575,37.5,5.475,180.7610692,-40.34986014
0.625,0.5916666667,37.5,5.558333333,189.6256964,-54.10530129
0.625,0.6083333333,37.5,5.641666667,198.4903235,-67.72343569
0.625,0.625,37.5,5.725,207.3549507,-79.02795193
0.625,0.6416666667,37.5,5.808333333,206.7466318,-86.98154482
0.625,0.6583333333,37.5,5.891666667,206.1383129,-91.38090767
0.625,0.675,37.5,5.975,205.529994,-92.42351318
0.625,0.6916666667,37.5,6.058333333,204.9216751,-90.37061806
0.625,0.7083333333,37.5,6.141666667,204.3133561,-85.35787653
0.625,0.725,37.5,6.225,203.7050372,-77.32590035
0.625,0.7416666667,37.5,6.308333333,203.0967183,-66.04560213
0.625,0.7583333333,37.5,6.391666667,206.8737561,-51.24854355
0.625,0.775,37.5,6.475,215.0361505,-32.89600761
0.625,0.7916666667,37.5,6.558333333,223.198545,-11.58441835
0.625,0.8083333333,37.5,6.641666667,231.3609395,11.04977862
0.625,0.825,37.5,6.725,239.5233339,32.24794221
0.625,0.8416666667,37.5,6.808333333,247.6857284,48.715558
0.625,0.8583333333,37.5,6.891666667,255.8481228,57.84898012
0.625,0.875,37.5,6.975,264.0105173,58.95471497
0.625,0.8916666667,37.5,7.058333333,269.4913725,53.5950607
0.625,0.9083333333,37.5,7.141666667,274.9722277,44.7904894
0.625,0.925,37.5,7.225,280.4530829,35.68610858
0.625,0.9416666667,37.5,7.308333333,285.933938,28.55011107
0.625,0.9583333333,37.5,7.391666667,291.4147932,24.49662405
0.625,0.975,37.5,7.475,296.8956484,23.75140527
0.625,0.9916666667,37.5,7.558333333,302.3765036,26.08603293
0.6416666667,0.008333333333,38.5,2.641666667,-0.3975447978,-78.58599864
0.6416666667,0.025,38.5,2.725,-2.841442871,-94.78897266
0.6416666667,0.04166666667,38.5,2.808333333,-5.285340944,-107.7620336
0.6416666667,0.05833333333,38.5,2.891666667,-7.729239017,-117.2484237
0.6416666667,0.075,38.5,2.975,-10.17313709,-123.4348327
0.6416666667,0.09166666667,38.5,3.058333333,-12.61703516,-126.5991184
0.6416666667,0.1083333333,38.5,3.141666667,-15.06093324,-126.9057365
0.6416666667,0.125,38.5,3.225,-17.50483131,-124.3249453
0.6416666667,0.1416666667,38.5,3.308333333,-19.94872938,-118.647959
0.6416666667,0.1583333333,38.5,3.391666667,-42.60105825,-109.6043132
0.6416666667,0.175,38.5,3.475,-65.25338712,-97.11460034
0.6416666667,0.1916666667,38.5,3.558333333,-87.90571599,-81.68435916
0.6416666667,0.2083333333,38.5,3.641666667,-110.5580449,-64.82103549
0.6416666667,0.225,38.5,3.725,-133.2103737,-49.16887158
0.6416666667,0.2416666667,38.5,3.808333333,-155.8627026,-38.00209542
0.6416666667,0.2583333333,38.5,3.891666667,-146.90807,-34.04536141
0.6416666667,0.275,38.5,3.975,-106.3464761,-38.20937019
0.6416666667,0.2916666667,38.5,4.058333333,-65.78488212,-49.12317264
0.6416666667,0.3083333333,38.5,4.141666667,-25.22328815,-63.82632212
0.6416666667,0.325,38.5,4.225,15.33830581,-79.08960369
0.6416666667,0.3416666667,38.5,4.308333333,55.89989978,-92.48228252
0.6416666667,0.3583333333,38.5,4.391666667,96.46149375,-102.7252876
0.6416666667,0.375,38.5,4.475,112.2674654,-109.4654673
0.6416666667,0.3916666667,38.5,4.558333333,121.4128649,-112.8444146
0.6416666667,0.4083333333,38.5,4.641666667,124.8913059,-113.1299638
0.6416666667,0.425,38.5,4.725,128.3697468,-110.4943182
0.6416666667,0.4416666667,38.5,4.808333333,131.8481878,-104.9203488
0.6416666667,0.4583333333,38.5,4.891666667,135.3266287,-96.20572131
0.6416666667,0.475,38.5,4.975,138.8050697,-84.06651306
0.6416666667,0.4916666667,38.5,5.058333333,142.2835106,-68.37209855
0.6416666667,0.5083333333,38.5,5.141666667,148.4550447,-49.52498398
0.6416666667,0.525,38.5,5.225,157.3196718,-28.8878391
0.6416666667,0.5416666667,38.5,5.308333333,166.184299,-8.973660731
0.6416666667,0.5583333333,38.5,5.391666667,175.0489262,6.970678721
0.6416666667,0.575,38.5,5.475,183.9135534,16.08115994
0.6416666667,0.5916666667,38.5,5.558333333,192.7781805,17.17854855
0.6416666667,0.6083333333,38.5,5.641666667,201.6428077,11.36904685
0.6416666667,0.625,38.5,5.725,210.6399733,1.479856701
0.6416666667,0.6416666667,38.5,5.808333333,217.4747519,-9.23417308
0.6416666667,0.6583333333,38.5,5.891666667,216.8664329,-18.22639641
0.6416666667,0.675,38.5,5.975,216.258114,-24.10068011
0.6416666667,0.6916666667,38.5,6.058333333,215.6497951,-26.43672141
0.6416666667,0.7083333333,38.5,6.141666667,215.0414762,-25.36584503
0.6416666667,0.725,38.5,6.225,214.4331573,-21.18742926
0.6416666667,0.7416666667,38.5,6.308333333,213.8248384,-14.12930584
0.6416666667,0.7583333333,38.5,6.391666667,217.6018762,-4.240518577
0.6416666667,0.775,38.5,6.475,225.7642706,8.615812486
0.6416666667,0.7916666667,38.5,6.558333333,233.9266651,24.67250052
0.6416666667,0.8083333333,38.5,6.641666667,242.0890595,44.041488
0.6416666667,0.825,38.5,6.725,250.251454,66.35009911
0.6416666667,0.8416666667,38.5,6.808333333,258.4138484,90.30908551
0.6416666667,0.8583333333,38.5,6.891666667,266.5762429,113.4741528
0.6416666667,0.875,38.5,6.975,269.0610792,132.575171
0.6416666667,0.8916666667,38.5,7.058333333,288.8897809,144.5636375
0.6416666667,0.9083333333,38.5,7.141666667,294.3706361,147.9395584
0.6416666667,0.925,38.5,7.225,299.8514913,143.479188
0.6416666667,0.9416666667,38.5,7.308333333,305.3323465,133.8070891
0.6416666667,0.9583333333,38.5,7.391666667,310.8132017,122.1460564
0.6416666667,0.975,38.5,7.475,316.2940569,111.1225834
0.6416666667,0.9916666667,38.5,7.558333333,321.7749121,102.2354932
0.6583333333,0.008333333333,39.5,2.641666667,1.635172266,-48.78905839
0.6583333333,0.025,39.5,2.725,-0.8087258073,-63.8230776
0.6583333333,0.04166666667,39.5,2.808333333,-3.25262388,-80.29129826
0.6583333333,0.05833333333,39.5,2.891666667,-5.696521953,-95.47708666
0.6583333333,0.075,39.5,2.975,-8.140420026,-107.7891195
0.6583333333,0.09166666667,39.5,3.058333333,-10.5843181,-116.6614338
0.6583333333,0.1083333333,39.5,3.141666667,-13.02821617,-122.1443639
0.6583333333,0.125,39.5,3.225,-15.47211425,-124.5030454
0.6583333333,0.1416666667,39.5,3.308333333,-17.91601232,-123.9540248
0.6583333333,0.1583333333,39.5,3.391666667,-20.35991039,-120.5395074
0.6583333333,0.175,39.5,3.475,-43.01223926,-114.1056368
0.6583333333,0.1916666667,39.5,3.558333333,-65.66456813,-104.3758882
0.6583333333,0.2083333333,39.5,3.641666667,-88.316897,-91.14566758
0.6583333333,0.225,39.5,3.725,-110.9692259,-74.62464798
0.6583333333,0.2416666667,39.5,3.808333333,-133.6215547,-55.87074748
0.6583333333,0.2583333333,39.5,3.891666667,-124.6669222,-37.08442568
0.6583333333,0.275,39.5,3.975,-84.10532822,-21.39101013
0.6583333333,0.2916666667,39.5,4.058333333,-43.54373426,-11.89559304
0.6583333333,0.3083333333,39.5,4.141666667,-2.982140292,-10.34718909
0.6583333333,0.325,39.5,4.225,37.57945367,-16.26191646
0.6583333333,0.3416666667,39.5,4.308333333,78.14104764,-27.1682001
0.6583333333,0.3583333333,39.5,4.391666667,93.94701933,-39.78256033
0.6583333333,0.375,39.5,4.475,109.752991,-51.2696559
0.6583333333,0.3916666667,39.5,4.558333333,118.8983905,-59.89369445
0.6583333333,0.4083333333,39.5,4.641666667,128.04379,-64.98289534
0.6583333333,0.425,39.5,4.725,131.522231,-66.53805238
0.6583333333,0.4416666667,39.5,4.808333333,135.0006719,-64.81982915
0.6583333333,0.4583333333,39.5,4.891666667,138.4791129,-60.06739137
0.6583333333,0.475,39.5,4.975,141.9575538,-52.35819009
0.6583333333,0.4916666667,39.5,5.058333333,145.4359948,-41.57519401
0.6583333333,0.5083333333,39.5,5.141666667,151.6075288,-27.46823396
0.6583333333,0.525,39.5,5.225,160.472156,-9.832193705
0.6583333333,0.5416666667,39.5,5.308333333,169.3367832,11.16798428
0.6583333333,0.5583333333,39.5,5.391666667,178.2014103,34.56598526
0.6583333333,0.575,39.5,5.475,187.0660375,58.26418368
0.6583333333,0.5916666667,39.5,5.558333333,195.9306647,79.17063358
0.6583333333,0.6083333333,39.5,5.641666667,204.9278303,94.06069828
0.6583333333,0.625,39.5,5.725,213.9249959,100.9053098
0.6583333333,0.6416666667,39.5,5.808333333,220.7597745,99.85124153
0.6583333333,0.6583333333,39.5,5.891666667,227.594553,93.12135145
0.6583333333,0.675,39.5,5.975,226.9862341,83.91316027
0.6583333333,0.6916666667,39.5,6.058333333,226.3779152,75.10270031
0.6583333333,0.7083333333,39.5,6.141666667,225.7695963,68.50382263
0.6583333333,0.725,39.5,6.225,225.1612774,64.83531324
0.6583333333,0.7416666667,39.5,6.308333333,224.5529584,64.091131
0.6583333333,0.7583333333,39.5,6.391666667,228.3299962,65.96381803
0.6583333333,0.775,39.5,6.475,236.4923907,70.14556334
0.6583333333,0.7916666667,39.5,6.558333333,244.6547851,76.48521573
0.6583333333,0.8083333333,39.5,6.641666667,252.8171796,85.03405749
0.6583333333,0.825,39.5,6.725,260.9795741,95.99782034
0.6583333333,0.8416666667,39.5,6.808333333,269.1419685,109.5759206
0.6583333333,0.8583333333,39.5,6.891666667,271.6268049,125.6556105
0.6583333333,0.875,39.5,6.975,274.1116412,143.3874807
0.6583333333,0.8916666667,39.5,7.058333333,293.9403429,160.8264008
0.6583333333,0.9083333333,39.5,7.141666667,313.7690446,174.9926804
0.6583333333,0.925,39.5,7.225,319.2498998,182.6466641
0.6583333333,0.9416666667,39.5,7.308333333,324.730755,181.5962541
0.6583333333,0.9583333333,39.5,7.391666667,330.2116102,171.7680543
0.6583333333,0.975,39.5,7.475,335.6924654,155.2530906
0.6583333333,0.9916666667,39.5,7.558333333,341.1733205,135.2910349
0.675,0.008333333333,40.5,2.641666667,3.667889329,-29.0165457
0.675,0.025,40.5,2.725,1.223991256,-26.15994422
0.675,0.04166666667,40.5,2.808333333,-1.219906817,-31.23479064
0.675,0.05833333333,40.5,2.891666667,-3.66380489,-42.32809988
0.675,0.075,40.5,2.975,-6.107702963,-56.26957682
0.675,0.09166666667,40.5,3.058333333,-8.551601036,-69.96420309
0.675,0.1083333333,40.5,3.141666667,-10.99549911,-81.28457475
0.675,0.125,40.5,3.225,-13.43939718,-89.23670724
0.675,0.1416666667,40.5,3.308333333,-15.88329526,-93.64256324
0.675,0.1583333333,40.5,3.391666667,-18.32719333,-94.70776492
0.675,0.175,40.5,3.475,-20.7710914,-92.69068711
0.675,0.1916666667,40.5,3.558333333,-43.42342027,-87.71886542
0.675,0.2083333333,40.5,3.641666667,-66.07574914,-79.72384291
0.675,0.225,40.5,3.725,-88.72807801,-68.47045275
0.675,0.2416666667,40.5,3.808333333,-111.3804069,-53.69229674
0.675,0.2583333333,40.5,3.891666667,-102.4257743,-35.36718158
0.675,0.275,40.5,3.975,-61.86418036,-14.12657353
0.675,0.2916666667,40.5,4.058333333,-21.3025864,8.345489322
0.675,0.3083333333,40.5,4.141666667,19.25900757,29.25248121
0.675,0.325,40.5,4.225,59.82060153,45.30342124
0.675,0.3416666667,40.5,4.308333333,75.62657322,53.95634612
0.675,0.3583333333,40.5,4.391666667,91.43254491,54.61681088
0.675,0.375,40.5,4.475,107.2385166,48.93415807
0.675,0.3916666667,40.5,4.558333333,116.3839161,39.96412257
0.675,0.4083333333,40.5,4.641666667,125.5293156,30.83314401
0.675,0.425,40.5,4.725,134.6747151,23.76410916
0.675,0.4416666667,40.5,4.808333333,138.1531561,19.82859194
0.675,0.4583333333,40.5,4.891666667,141.631597,19.22697108
0.675,0.475,40.5,4.975,145.110038,21.72279485
0.675,0.4916666667,40.5,5.058333333,148.5884789,26.99160251
0.675,0.5083333333,40.5,5.141666667,154.760013,34.82210987
0.675,0.525,40.5,5.225,163.6246402,45.19474277
0.675,0.5416666667,40.5,5.308333333,172.4892673,58.26469168
0.675,0.5583333333,40.5,5.391666667,181.3538945,74.24218346
0.675,0.575,40.5,5.475,190.2185217,93.13659165
0.675,0.5916666667,40.5,5.558333333,199.2156873,114.3605646
0.675,0.6083333333,40.5,5.641666667,208.2128529,136.3169826
0.675,0.625,40.5,5.725,217.2100185,156.2783794
0.675,0.6416666667,40.5,5.808333333,224.0447971,170.9153197
0.675,0.6583333333,40.5,5.891666667,230.8795756,177.4899001
0.675,0.675,40.5,5.975,237.7143542,175.1105992
0.675,0.6916666667,40.5,6.058333333,237.1060353,165.1698941
0.675,0.7083333333,40.5,6.141666667,236.4977163,150.6250847
0.675,0.725,40.5,6.225,235.8893974,134.6738292
0.675,0.7416666667,40.5,6.308333333,235.2810785,119.7036934
0.675,0.7583333333,40.5,6.391666667,239.0581163,106.9588904
0.675,0.775,40.5,6.475,247.2205107,96.77667782
0.675,0.7916666667,40.5,6.558333333,255.3829052,89.01931491
0.675,0.8083333333,40.5,6.641666667,263.5452997,83.43861448
0.675,0.825,40.5,6.725,271.7076941,79.89333594
0.675,0.8416666667,40.5,6.808333333,274.1925305,78.43925238
0.675,0.8583333333,40.5,6.891666667,276.6773668,79.32174942
0.675,0.875,40.5,6.975,279.1622032,82.86827953
0.675,0.8916666667,40.5,7.058333333,298.9909049,89.24855245
0.675,0.9083333333,40.5,7.141666667,318.8196066,98.09046841
0.675,0.925,40.5,7.225,338.6483083,108.0540554
0.675,0.9416666667,40.5,7.308333333,344.1291634,116.6523923
0.675,0.9583333333,40.5,7.391666667,349.6100186,120.6875192
0.675,0.975,40.5,7.475,355.0908738,117.3813711
0.675,0.9916666667,40.5,7.558333333,360.571729,105.6698962
0.6916666667,0.008333333333,41.5,2.641666667,5.700606393,-30.39266243
0.6916666667,0.025,41.5,2.725,3.25670832,-10.18489074
0.6916666667,0.04166666667,41.5,2.808333333,0.8128102467,6.426056615
0.6916666667,0.05833333333,41.5,2.891666667,-1.631087826,16.46344905
0.6916666667,0.075,41.5,2.975,-4.074985899,18.50762586
0.6916666667,0.09166666667,41.5,3.058333333,-6.518883972,13.41397464
0.6916666667,0.1083333333,41.5,3.141666667,-8.962782046,3.874042709
0.6916666667,0.125,41.5,3.225,-11.40668012,-6.839326324
0.6916666667,0.1416666667,41.5,3.308333333,-13.85057819,-16.06408429
0.6916666667,0.1583333333,41.5,3.391666667,-16.29447626,-22.27544317
0.6916666667,0.175,41.5,3.475,-18.73837434,-24.96375476
0.6916666667,0.1916666667,41.5,3.558333333,-21.18227241,-24.22050205
0.6916666667,0.2083333333,41.5,3.641666667,-43.83460128,-20.34179748
0.6916666667,0.225,41.5,3.725,-66.48693015,-13.57193774
0.6916666667,0.2416666667,41.5,3.808333333,-89.13925902,-3.983085961
0.6916666667,0.2583333333,41.5,3.891666667,-80.18462647,8.542284569
0.6916666667,0.275,41.5,3.975,-39.6230325,24.23343206
0.6916666667,0.2916666667,41.5,4.058333333,0.9385614615,43.23066709
0.6916666667,0.3083333333,41.5,4.141666667,41.50015543,65.23703406
0.6916666667,0.325,41.5,4.225,57.30612712,89.0846709
0.6916666667,0.3416666667,41.5,4.308333333,73.1120988,112.455947
0.6916666667,0.3583333333,41.5,4.391666667,88.91807049,132.1330518
0.6916666667,0.375,41.5,4.475,104.7240422,144.974041
0.6916666667,0.3916666667,41.5,4.558333333,113.8694417,149.2492596
0.6916666667,0.4083333333,41.5,4.641666667,123.0148412,145.4780856
0.6916666667,0.425,41.5,4.725,132.1602407,136.1316291
0.6916666667,0.4416666667,41.5,4.808333333,141.3056402,124.4342232
0.6916666667,0.4583333333,41.5,4.891666667,144.7840812,113.1213096
0.6916666667,0.475,41.5,4.975,148.2625221,103.8232896
0.6916666667,0.4916666667,41.5,5.058333333,151.7409631,97.12691697
0.6916666667,0.5083333333,41.5,5.141666667,157.9124971,92.97498695
0.6916666667,0.525,41.5,5.225,166.7771243,91.07607517
0.6916666667,0.5416666667,41.5,5.308333333,175.6417515,91.18002839
0.6916666667,0.5583333333,41.5,5.391666667,184.5063786,93.21338633
0.6916666667,0.575,41.5,5.475,193.5035443,97.30848399
0.6916666667,0.5916666667,41.5,5.558333333,202.5007099,103.7379309
0.6916666667,0.6083333333,41.5,5.641666667,211.4978755,112.7304201
0.6916666667,0.625,41.5,5.725,220.4950411,124.1390383
0.6916666667,0.6416666667,41.5,5.808333333,227.3298197,137.0082213
0.6916666667,0.6583333333,41.5,5.891666667,234.1645982,149.255874
0.6916666667,0.675,41.5,5.975,240.9993768,157.8392325
0.6916666667,0.6916666667,41.5,6.058333333,247.8341553,159.6472208
0.6916666667,0.7083333333,41.5,6.141666667,247.2258364,152.8320339
0.6916666667,0.725,41.5,6.225,246.6175175,137.7509981
0.6916666667,0.7416666667,41.5,6.308333333,246.0091986,116.811084
0.6916666667,0.7583333333,41.5,6.391666667,249.7862364,93.33690854
0.6916666667,0.775,41.5,6.475,257.9486308,70.28542264
0.6916666667,0.7916666667,41.5,6.558333333,266.1110253,49.5370522
0.6916666667,0.8083333333,41.5,6.641666667,274.2734197,31.88767388
0.6916666667,0.825,41.5,6.725,276.7582561,17.4261564
0.6916666667,0.8416666667,41.5,6.808333333,279.2430924,5.952905478
0.6916666667,0.8583333333,41.5,6.891666667,281.7279288,-2.727461548
0.6916666667,0.875,41.5,6.975,284.2127651,-8.656379604
0.6916666667,0.8916666667,41.5,7.058333333,304.0414668,-11.68126575
0.6916666667,0.9083333333,41.5,7.141666667,323.8701685,-11.50913842
0.6916666667,0.925,41.5,7.225,343.6988702,-7.874368845
0.6916666667,0.9416666667,41.5,7.308333333,363.5275719,-0.8521225575
0.6916666667,0.9583333333,41.5,7.391666667,369.0084271,8.71400801
0.6916666667,0.975,41.5,7.475,374.4892823,18.8630328
0.6916666667,0.9916666667,41.5,7.558333333,379.9701375,26.60547957
0.7083333333,0.008333333333,42.5,2.641666667,7.733323456,-7.921717019
0.7083333333,0.025,42.5,2.725,5.289425383,12.42971389
0.7083333333,0.04166666667,42.5,2.808333333,2.84552731,35.5111358
0.7083333333,0.05833333333,42.5,2.891666667,0.4016292372,59.53592474
0.7083333333,0.075,42.5,2.975,-2.042268836,81.61994949
0.7083333333,0.09166666667,42.5,3.058333333,-4.486166909,98.44734299
0.7083333333,0.1083333333,42.5,3.141666667,-6.930064982,107.537162
0.7083333333,0.125,42.5,3.225,-9.373963055,108.4083538
0.7083333333,0.1416666667,42.5,3.308333333,-11.81786113,102.8021304
0.7083333333,0.1583333333,42.5,3.391666667,-14.2617592,93.78826383
0.7083333333,0.175,42.5,3.475,-16.70565727,84.4301424
0.7083333333,0.1916666667,42.5,3.558333333,-19.14955535,76.85343758
0.7083333333,0.2083333333,42.5,3.641666667,-21.59345342,72.04242582
0.7083333333,0.225,42.5,3.725,-44.24578229,70.14126838
0.7083333333,0.2416666667,42.5,3.808333333,-66.89811116,70.8887273
0.7083333333,0.2583333333,42.5,3.891666667,-57.94347861,73.95874993
0.7083333333,0.275,42.5,3.975,-17.38188464,79.15340058
0.7083333333,0.2916666667,42.5,4.058333333,23.17970932,86.47527212
0.7083333333,0.3083333333,42.5,4.141666667,38.98568101,96.10492993
0.7083333333,0.325,42.5,4.225,54.7916527,108.2737175
0.7083333333,0.3416666667,42.5,4.308333333,70.59762439,122.998214
0.7083333333,0.3583333333,42.5,4.391666667,86.40359608,139.6773912
0.7083333333,0.375,42.5,4.475,102.2095678,156.6864591
0.7083333333,0.3916666667,42.5,4.558333333,111.3549673,171.287098
0.7083333333,0.4083333333,42.5,4.641666667,120.5003668,180.2022248
0.7083333333,0.425,42.5,4.725,129.6457663,180.8362925
0.7083333333,0.4416666667,42.5,4.808333333,138.7911658,172.5019402
0.7083333333,0.4583333333,42.5,4.891666667,147.9365653,156.7838588
0.7083333333,0.475,42.5,4.975,151.4150063,136.7559898
0.7083333333,0.4916666667,42.5,5.058333333,154.8934472,115.6484935
0.7083333333,0.5083333333,42.5,5.141666667,161.0649813,95.83512768
0.7083333333,0.525,42.5,5.225,169.9296085,78.5437578
0.7083333333,0.5416666667,42.5,5.308333333,178.7942356,64.11511651
0.7083333333,0.5583333333,42.5,5.391666667,187.7914013,52.4353642
0.7083333333,0.575,42.5,5.475,196.7885669,43.29149117
0.7083333333,0.5916666667,42.5,5.558333333,205.7857325,36.57920398
0.7083333333,0.6083333333,42.5,5.641666667,214.7828981,32.38599063
0.7083333333,0.625,42.5,5.725,223.7800638,30.97790826
0.7083333333,0.6416666667,42.5,5.808333333,230.6148423,32.68500646
0.7083333333,0.6583333333,42.5,5.891666667,237.4496208,37.65252109
0.7083333333,0.675,42.5,5.975,244.2843994,45.44991516
0.7083333333,0.6916666667,42.5,6.058333333,251.1191779,54.65057265
0.7083333333,0.7083333333,42.5,6.141666667,257.9539565,62.68208231
0.7083333333,0.725,42.5,6.225,257.3456376,66.30986358
0.7083333333,0.7416666667,42.5,6.308333333,256.7373187,62.80158573
0.7083333333,0.7583333333,42.5,6.391666667,260.5143564,51.20254191
0.7083333333,0.775,42.5,6.475,268.6767509,32.83794736
0.7083333333,0.7916666667,42.5,6.558333333,276.8391453,10.65275701
0.7083333333,0.8083333333,42.5,6.641666667,279.3239817,-12.10309708
0.7083333333,0.825,42.5,6.725,281.808818,-32.95968564
0.7083333333,0.8416666667,42.5,6.808333333,284.2936544,-50.60226441
0.7083333333,0.8583333333,42.5,6.891666667,286.7784907,-64.65748264
0.7083333333,0.875,42.5,6.975,289.2633271,-75.26312104
0.7083333333,0.8916666667,42.5,7.058333333,309.0920288,-82.69518234
0.7083333333,0.9083333333,42.5,7.141666667,328.9207305,-87.14109748
0.7083333333,0.925,42.5,7.225,349.5354538,-88.60220286
0.7083333333,0.9416666667,42.5,7.308333333,370.1501771,-86.89460106
0.7083333333,0.9583333333,42.5,7.391666667,388.4068356,-81.74889468
0.7083333333,0.975,42.5,7.475,393.8876908,-73.04010597
0.7083333333,0.9916666667,42.5,7.558333333,399.3685459,-61.1632361
0.725,0.008333333333,43.5,2.641666667,9.76604052,53.02887907
0.725,0.025,43.5,2.725,7.322142447,64.36928978
0.725,0.04166666667,43.5,2.808333333,4.878244374,78.42345237
0.725,0.05833333333,43.5,2.891666667,2.434346301,95.32847646
0.725,0.075,43.5,2.975,-0.009551772304,114.8072158
0.725,0.09166666667,43.5,3.058333333,-2.453449845,135.735411
0.725,0.1083333333,43.5,3.141666667,-4.897347918,155.8501252
0.725,0.125,43.5,3.225,-7.341245991,171.9719138
0.725,0.1416666667,43.5,3.308333333,-9.785144065,180.9542901
0.725,0.1583333333,43.5,3.391666667,-12.22904214,181.0205492
0.725,0.175,43.5,3.475,-14.67294021,172.6369575
0.725,0.1916666667,43.5,3.558333333,-17.11683828,158.2623532
0.725,0.2083333333,43.5,3.641666667,-19.56073636,141.17014
0.725,0.225,43.5,3.725,-22.00463443,124.1903215
0.725,0.2416666667,43.5,3.808333333,-44.6569633,109.0619597
0.725,0.2583333333,43.5,3.891666667,-35.70233075,96.47142146
0.725,0.275,43.5,3.975,4.859263215,86.44443791
0.725,0.2916666667,43.5,4.058333333,20.6652349,78.7580428
0.725,0.3083333333,43.5,4.141666667,36.47120659,73.22072264
0.725,0.325,43.5,4.225,52.27717828,69.81143743
0.725,0.3416666667,43.5,4.308333333,68.08314997,68.71125013
0.725,0.3583333333,43.5,4.391666667,83.88912166,70.24074895
0.725,0.375,43.5,4.475,99.69509335,74.68040469
0.725,0.3916666667,43.5,4.558333333,108.8404929,81.94403156
0.725,0.4083333333,43.5,4.641666667,117.9858924,91.14648142
0.725,0.425,43.5,4.725,127.1312919,100.2742333
0.725,0.4416666667,43.5,4.808333333,136.2766914,106.3247973
0.725,0.4583333333,43.5,4.891666667,145.4220909,106.1710529
0.725,0.475,43.5,4.975,154.5674904,97.88931057
0.725,0.4916666667,43.5,5.058333333,158.0459314,81.73483637
0.725,0.5083333333,43.5,5.141666667,164.2174654,60.03537995
0.725,0.525,43.5,5.225,173.0820926,36.08572489
0.725,0.5416666667,43.5,5.308333333,182.0792582,12.85205676
0.725,0.5583333333,43.5,5.391666667,191.0764239,-7.765851358
0.725,0.575,43.5,5.475,200.0735895,-24.9653734
0.725,0.5916666667,43.5,5.558333333,209.0707551,-38.67057854
0.725,0.6083333333,43.5,5.641666667,218.0679207,-49.10997183
0.725,0.625,43.5,5.725,227.0650864,-56.51698907
0.725,0.6416666667,43.5,5.808333333,233.8998649,-60.97442125
0.725,0.6583333333,43.5,5.891666667,240.7346435,-62.36988472
0.725,0.675,43.5,5.975,247.569422,-60.4450011
0.725,0.6916666667,43.5,6.058333333,254.4042005,-54.95744789
0.725,0.7083333333,43.5,6.141666667,261.2389791,-45.98808759
0.725,0.725,43.5,6.225,268.0737576,-34.36617648
0.725,0.7416666667,43.5,6.308333333,267.4654387,-22.02758887
0.725,0.7583333333,43.5,6.391666667,271.2424765,-11.9507502
0.725,0.775,43.5,6.475,279.4048709,-7.378370474
0.725,0.7916666667,43.5,6.558333333,281.8897073,-10.50861018
0.725,0.8083333333,43.5,6.641666667,284.3745437,-21.4270176
0.725,0.825,43.5,6.725,286.85938,-38.06620929
0.725,0.8416666667,43.5,6.808333333,289.3442164,-57.22469952
0.725,0.8583333333,43.5,6.891666667,291.8290527,-75.88790933
0.725,0.875,43.5,6.975,294.3138891,-92.05417573
0.725,0.8916666667,43.5,7.058333333,314.1425908,-104.8397873
0.725,0.9083333333,43.5,7.141666667,334.7573141,-114.1361505
0.725,0.925,43.5,7.225,356.158059,-120.1806653
0.725,0.9416666667,43.5,7.308333333,376.7727823,-123.2392705
0.725,0.9583333333,43.5,7.391666667,395.0294408,-123.4351961
0.725,0.975,43.5,7.475,413.2860992,-120.6928644
0.725,0.9916666667,43.5,7.558333333,418.7669544,-114.7756914
0.7416666667,0.008333333333,44.5,2.641666667,11.79875758,93.90279764
0.7416666667,0.025,44.5,2.725,9.35485951,90.88361322
0.7416666667,0.04166666667,44.5,2.808333333,6.910961437,89.81088836
0.7416666667,0.05833333333,44.5,2.891666667,4.467063364,90.72304835
0.7416666667,0.075,44.5,2.975,2.023165291,93.84832982
0.7416666667,0.09166666667,44.5,3.058333333,-0.4207327818,99.49302962
0.7416666667,0.1083333333,44.5,3.141666667,-2.864630855,107.795999
0.7416666667,0.125,44.5,3.225,-5.308528928,118.3399783
0.7416666667,0.1416666667,44.5,3.308333333,-7.752427001,129.7288121
0.7416666667,0.1583333333,44.5,3.391666667,-10.19632507,139.4266637
0.7416666667,0.175,44.5,3.475,-12.64022315,144.2240536
0.7416666667,0.1916666667,44.5,3.558333333,-15.08412122,141.3899364
0.7416666667,0.2083333333,44.5,3.641666667,-17.52801929,129.9533682
0.7416666667,0.225,44.5,3.725,-19.97191737,111.2294838
0.7416666667,0.2416666667,44.5,3.808333333,-22.41581544,88.18161147
0.7416666667,0.2583333333,44.5,3.891666667,-13.46118289,64.1101205
0.7416666667,0.275,44.5,3.975,2.344788797,41.55356379
0.7416666667,0.2916666667,44.5,4.058333333,18.15076049,21.89618556
0.7416666667,0.3083333333,44.5,4.141666667,33.95673217,5.571645709
0.7416666667,0.325,44.5,4.225,49.76270386,-7.508580186
0.7416666667,0.3416666667,44.5,4.308333333,65.56867555,-17.58005454
0.7416666667,0.3583333333,44.5,4.391666667,81.37464724,-24.79579357
0.7416666667,0.375,44.5,4.475,97.18061893,-29.12663026
0.7416666667,0.3916666667,44.5,4.558333333,106.3260184,-30.36027445
0.7416666667,0.4083333333,44.5,4.641666667,115.471418,-28.19871365
0.7416666667,0.425,44.5,4.725,124.6168175,-22.48491268
0.7416666667,0.4416666667,44.5,4.808333333,133.762217,-13.5755111
0.7416666667,0.4583333333,44.5,4.891666667,142.9076165,-2.770293824
0.7416666667,0.475,44.5,4.975,152.053016,7.475932289
0.7416666667,0.4916666667,44.5,5.058333333,161.1984155,13.93141777
0.7416666667,0.5083333333,44.5,5.141666667,167.3699496,13.6748602
0.7416666667,0.525,44.5,5.225,176.3671152,5.410140232
0.7416666667,0.5416666667,44.5,5.308333333,185.3642809,-9.876165702
0.7416666667,0.5583333333,44.5,5.391666667,194.3614465,-29.42005823
0.7416666667,0.575,44.5,5.475,203.3586121,-49.95619755
0.7416666667,0.5916666667,44.5,5.558333333,212.3557777,-68.88057668
0.7416666667,0.6083333333,44.5,5.641666667,221.3529434,-84.73177956
0.7416666667,0.625,44.5,5.725,230.350109,-97.03990079
0.7416666667,0.6416666667,44.5,5.808333333,237.1848875,-105.9061754
0.7416666667,0.6583333333,44.5,5.891666667,244.0196661,-111.612733
0.7416666667,0.675,44.5,5.975,250.8544446,-114.3747572
0.7416666667,0.6916666667,44.5,6.058333333,257.6892232,-114.2269093
0.7416666667,0.7083333333,44.5,6.141666667,264.5240017,-111.0111696
0.7416666667,0.725,44.5,6.225,271.3587802,-104.461105
0.7416666667,0.7416666667,44.5,6.308333333,278.1935588,-94.41115117
0.7416666667,0.7583333333,44.5,6.391666667,281.9705966,-81.1534464
0.7416666667,0.775,44.5,6.475,284.4554329,-65.87137965
0.7416666667,0.7916666667,44.5,6.558333333,286.9402693,-50.89827469
0.7416666667,0.8083333333,44.5,6.641666667,289.4251056,-39.42671401
0.7416666667,0.825,44.5,6.725,291.909942,-34.49487784
0.7416666667,0.8416666667,44.5,6.808333333,294.3947783,-37.65456581
0.7416666667,0.8583333333,44.5,6.891666667,296.8796147,-48.19201342
0.7416666667,0.875,44.5,6.975,299.364451,-63.49579371
0.7416666667,0.8916666667,44.5,7.058333333,319.9791743,-80.28516776
0.7416666667,0.9083333333,44.5,7.141666667,341.3799193,-95.82919455
0.7416666667,0.925,44.5,7.225,362.7806642,-108.5191022
0.7416666667,0.9416666667,44.5,7.308333333,383.3953875,-117.7766607
0.7416666667,0.9583333333,44.5,7.391666667,401.652046,-123.647163
0.7416666667,0.975,44.5,7.475,419.9087044,-126.3962508
0.7416666667,0.9916666667,44.5,7.558333333,438.1653629,-126.24405
0.7583333333,0.008333333333,45.5,2.641666667,13.83147465,69.37893679
0.7583333333,0.025,45.5,2.725,11.38757657,51.62026617
0.7583333333,0.04166666667,45.5,2.808333333,8.943678501,36.93017142
0.7583333333,0.05833333333,45.5,2.891666667,6.499780428,25.13866237
0.7583333333,0.075,45.5,2.975,4.055882355,16.04342897
0.7583333333,0.09166666667,45.5,3.058333333,1.611984282,9.580933282
0.7583333333,0.1083333333,45.5,3.141666667,-0.8319137913,5.882329312
0.7583333333,0.125,45.5,3.225,-3.275811864,5.235600861
0.7583333333,0.1416666667,45.5,3.308333333,-5.719709937,7.938995783
0.7583333333,0.1583333333,45.5,3.391666667,-8.163608011,14.01226169
0.7583333333,0.175,45.5,3.475,-10.60750608,22.77973829
0.7583333333,0.1916666667,45.5,3.558333333,-13.05140416,32.48637031
0.7583333333,0.2083333333,45.5,3.641666667,-15.49530223,40.28731761
0.7583333333,0.225,45.5,3.725,-17.9392003,42.93312258
0.7583333333,0.2416666667,45.5,3.808333333,-20.38309838,38.04484391
0.7583333333,0.2583333333,45.5,3.891666667,-22.45256807,25.26394609
0.7583333333,0.275,45.5,3.975,-6.646596386,6.443768877
0.7583333333,0.2916666667,45.5,4.058333333,9.159375303,-15.26693176
0.7583333333,0.3083333333,45.5,4.141666667,24.96534699,-36.75824433
0.7583333333,0.325,45.5,4.225,40.77131868,-55.87327033
0.7583333333,0.3416666667,45.5,4.308333333,56.57729037,-71.59495086
0.7583333333,0.3583333333,45.5,4.391666667,72.38326206,-83.73756973
0.7583333333,0.375,45.5,4.475,88.18923375,-92.51320973
0.7583333333,0.3916666667,45.5,4.558333333,97.33463326,-98.19566778
0.7583333333,0.4083333333,45.5,4.641666667,106.4800328,-100.9319199
0.7583333333,0.425,45.5,4.725,115.6254323,-100.6731777
0.7583333333,0.4416666667,45.5,4.808333333,124.7708318,-97.20064172
0.7583333333,0.4583333333,45.5,4.891666667,133.9162313,-90.2565392
0.7583333333,0.475,45.5,4.975,143.0616308,-79.81418731
0.7583333333,0.4916666667,45.5,5.058333333,152.2070304,-66.48388948
0.7583333333,0.5083333333,45.5,5.141666667,168.7906637,-51.91599273
0.7583333333,0.525,45.5,5.225,177.7878293,-38.877443
0.7583333333,0.5416666667,45.5,5.308333333,186.7849949,-30.65759218
0.7583333333,0.5583333333,45.5,5.391666667,195.7821605,-29.83702896
0.7583333333,0.575,45.5,5.475,204.7793262,-37.0726794
0.7583333333,0.5916666667,45.5,5.558333333,213.7764918,-50.76342516
0.7583333333,0.6083333333,45.5,5.641666667,222.7736574,-67.85695172
0.7583333333,0.625,45.5,5.725,231.770823,-85.18380927
0.7583333333,0.6416666667,45.5,5.808333333,238.6056016,-100.4525818
0.7583333333,0.6583333333,45.5,5.891666667,245.4403801,-112.5201729
0.7583333333,0.675,45.5,5.975,252.2751587,-121.1228446
0.7583333333,0.6916666667,45.5,6.058333333,259.1099372,-126.4422541
0.7583333333,0.7083333333,45.5,6.141666667,265.9447158,-128.7525181
0.7583333333,0.725,45.5,6.225,272.7794943,-128.2149639
0.7583333333,0.7416666667,45.5,6.308333333,279.6142729,-124.7968319
0.7583333333,0.7583333333,45.5,6.391666667,288.6442464,-118.2859879
0.7583333333,0.775,45.5,6.475,291.1290828,-108.4077267
0.7583333333,0.7916666667,45.5,6.558333333,293.6139191,-95.07678128
0.7583333333,0.8083333333,45.5,6.641666667,296.0987555,-78.79067608
0.7583333333,0.825,45.5,6.725,298.5835918,-61.0471955
0.7583333333,0.8416666667,45.5,6.808333333,301.0684282,-44.48165626
0.7583333333,0.8583333333,45.5,6.891666667,303.5532645,-32.36382623
0.7583333333,0.875,45.5,6.975,306.0381009,-27.42078008
0.7583333333,0.8916666667,45.5,7.058333333,326.6528242,-30.57073034
0.7583333333,0.9083333333,45.5,7.141666667,348.0535691,-40.44980179
0.7583333333,0.925,45.5,7.225,369.4543141,-54.09916077
0.7583333333,0.9416666667,45.5,7.308333333,390.0690374,-68.28494702
0.7583333333,0.9583333333,45.5,7.391666667,408.3256958,-80.56852349
0.7583333333,0.975,45.5,7.475,426.5823543,-89.6633226
0.7583333333,0.9916666667,45.5,7.558333333,444.8390127,-95.21114869
0.775,0.008333333333,46.5,2.641666667,15.86419171,27.26746489
0.775,0.025,46.5,2.725,13.42029364,4.06810994
0.775,0.04166666667,46.5,2.808333333,10.97639556,-18.03667071
0.775,0.05833333333,46.5,2.891666667,8.532497491,-37.29876235
0.775,0.075,46.5,2.975,6.088599418,-53.03700402
0.775,0.09166666667,46.5,3.058333333,3.644701345,-65.24560126
0.775,0.1083333333,46.5,3.141666667,1.200803272,-74.18048388
0.775,0.125,46.5,3.225,-1.243094801,-80.0767889
0.775,0.1416666667,46.5,3.308333333,-3.686992874,-83.00757295
0.775,0.1583333333,46.5,3.391666667,-6.130890947,-82.85007743
0.775,0.175,46.5,3.475,-8.57478902,-79.34611705
0.775,0.1916666667,46.5,3.558333333,-11.01868709,-72.27925282
0.775,0.2083333333,46.5,3.641666667,-13.46258517,-61.79880331
0.775,0.225,46.5,3.725,-15.90648324,-48.85057055
0.775,0.2416666667,46.5,3.808333333,-4.920533613,-35.50720037
0.775,0.2583333333,46.5,3.891666667,-6.990003312,-24.83285806
0.775,0.275,46.5,3.975,-22.11489233,-20.02355665
0.775,0.2916666667,46.5,4.058333333,-6.308920646,-23.07921111
0.775,0.3083333333,46.5,4.141666667,9.497051042,-33.82103579
0.775,0.325,46.5,4.225,25.30302273,-49.98790073
0.775,0.3416666667,46.5,4.308333333,41.10899442,-68.33612243
0.775,0.3583333333,46.5,4.391666667,56.91496611,-85.93689888
0.775,0.375,46.5,4.475,72.7209378,-100.9198731
0.775,0.3916666667,46.5,4.558333333,81.86633731,-112.5085828
0.775,0.4083333333,46.5,4.641666667,91.01173683,-120.6517277
0.775,0.425,46.5,4.725,100.1571363,-125.6005246
0.775,0.4416666667,46.5,4.808333333,109.3025359,-127.6082218
0.775,0.4583333333,46.5,4.891666667,118.4479354,-126.7737644
0.775,0.475,46.5,4.975,127.5933349,-122.9968004
0.775,0.4916666667,46.5,5.058333333,124.9336069,-116.0264123
0.775,0.5083333333,46.5,5.141666667,141.5172402,-105.6224668
0.775,0.525,46.5,5.225,177.3442348,-91.86189478
0.775,0.5416666667,46.5,5.308333333,186.3414004,-75.56376656
0.775,0.5583333333,46.5,5.391666667,195.3385661,-58.64962794
0.775,0.575,46.5,5.475,204.3357317,-44.08461031
0.775,0.5916666667,46.5,5.558333333,213.3328973,-35.10528414
0.775,0.6083333333,46.5,5.641666667,222.3300629,-33.91285538
0.775,0.625,46.5,5.725,231.3272286,-40.59975974
0.775,0.6416666667,46.5,5.808333333,238.1620071,-53.09996724
0.775,0.6583333333,46.5,5.891666667,244.9967857,-68.20192699
0.775,0.675,46.5,5.975,251.8315642,-82.87103314
0.775,0.6916666667,46.5,6.058333333,258.6663427,-95.08153073
0.775,0.7083333333,46.5,6.141666667,265.5011213,-103.9267798
0.775,0.725,46.5,6.225,272.3358998,-109.2785961
0.775,0.7416666667,46.5,6.308333333,285.8024485,-111.3579282
0.775,0.7583333333,46.5,6.391666667,294.832422,-110.416386
0.775,0.775,46.5,6.475,299.4258205,-106.5640968
0.775,0.7916666667,46.5,6.558333333,301.9106568,-99.71299398
0.775,0.8083333333,46.5,6.641666667,304.3954932,-89.61404808
0.775,0.825,46.5,6.725,306.8803295,-76.00324201
0.775,0.8416666667,46.5,6.808333333,309.3651659,-58.88980287
0.775,0.8583333333,46.5,6.891666667,311.8500023,-38.9729581
0.775,0.875,46.5,6.975,314.3348386,-18.02678983
0.775,0.8916666667,46.5,7.058333333,334.1635403,1.087055415
0.775,0.9083333333,46.5,7.141666667,354.7782636,15.10149926
0.775,0.925,46.5,7.225,376.1790085,21.61752408
0.775,0.9416666667,46.5,7.308333333,396.7937319,20.25549356
0.775,0.9583333333,46.5,7.391666667,415.0503903,12.85007664
0.775,0.975,46.5,7.475,433.3070488,2.536079492
0.775,0.9916666667,46.5,7.558333333,439.8472931,-7.586678328
0.7916666667,0.008333333333,47.5,2.641666667,17.89690877,-7.123371525
0.7916666667,0.025,47.5,2.725,15.4530107,-13.70325749
0.7916666667,0.04166666667,47.5,2.808333333,13.00911263,-27.4208138
0.7916666667,0.05833333333,47.5,2.891666667,10.56521455,-45.56715761
0.7916666667,0.075,47.5,2.975,8.121316482,-64.87388585
0.7916666667,0.09166666667,47.5,3.058333333,5.677418409,-82.69626438
0.7916666667,0.1083333333,47.5,3.141666667,3.233520336,-97.52582993
0.7916666667,0.125,47.5,3.225,0.7896222627,-108.8591805
0.7916666667,0.1416666667,47.5,3.308333333,-1.65427581,-116.7817145
0.7916666667,0.1583333333,47.5,3.391666667,-4.098173883,-121.5727768
0.7916666667,0.175,47.5,3.475,-6.542071957,-123.4516619
0.7916666667,0.1916666667,47.5,3.558333333,-8.98597003,-122.4592555
0.7916666667,0.2083333333,47.5,3.641666667,-11.4298681,-118.4420894
0.7916666667,0.225,47.5,3.725,-0.4439184766,-111.1322457
0.7916666667,0.2416666667,47.5,3.808333333,10.54203115,-100.3507502
0.7916666667,0.2583333333,47.5,3.891666667,8.472561451,-86.35869679
0.7916666667,0.275,47.5,3.975,-6.652327572,-70.29127526
0.7916666667,0.2916666667,47.5,4.058333333,-21.7772166,-54.43114782
0.7916666667,0.3083333333,47.5,4.141666667,-5.971244907,-41.94713072
0.7916666667,0.325,47.5,4.225,9.834726782,-35.90731013
0.7916666667,0.3416666667,47.5,4.308333333,25.64069847,-37.94424944
0.7916666667,0.3583333333,47.5,4.391666667,41.44667016,-47.43594301
0.7916666667,0.375,47.5,4.475,57.25264185,-61.82512427
0.7916666667,0.3916666667,47.5,4.558333333,66.39804136,-77.82783733
0.7916666667,0.4083333333,47.5,4.641666667,75.54344088,-92.66968884
0.7916666667,0.425,47.5,4.725,84.6888404,-104.6896356
0.7916666667,0.4416666667,47.5,4.808333333,93.83423991,-113.270103
0.7916666667,0.4583333333,47.5,4.891666667,102.9796394,-118.4356224
0.7916666667,0.475,47.5,4.975,100.3199114,-120.4455769
0.7916666667,0.4916666667,47.5,5.058333333,97.66018343,-119.5220633
0.7916666667,0.5083333333,47.5,5.141666667,114.2438167,-115.7171431
0.7916666667,0.525,47.5,5.225,168.8285043,-108.8857256
0.7916666667,0.5416666667,47.5,5.308333333,185.897806,-98.75302823
0.7916666667,0.5583333333,47.5,5.391666667,194.8949716,-85.1011581
0.7916666667,0.575,47.5,5.475,203.8921372,-68.10315334
0.7916666667,0.5916666667,47.5,5.558333333,212.8893028,-48.75606488
0.7916666667,0.6083333333,47.5,5.641666667,221.8864685,-29.1930911
0.7916666667,0.625,47.5,5.725,230.8836341,-12.50518037
0.7916666667,0.6416666667,47.5,5.808333333,237.7184126,-1.83555577
0.7916666667,0.6583333333,47.5,5.891666667,244.5531912,0.9539389743
0.7916666667,0.675,47.5,5.975,251.3879697,-3.789581991
0.7916666667,0.6916666667,47.5,6.058333333,258.2227483,-13.68610454
0.7916666667,0.7083333333,47.5,6.141666667,265.0575268,-25.46490302
0.7916666667,0.725,47.5,6.225,278.5240754,-36.24377417
0.7916666667,0.7416666667,47.5,6.308333333,291.9906241,-44.22396642
0.7916666667,0.7583333333,47.5,6.391666667,301.0205976,-48.68738476
0.7916666667,0.775,47.5,6.475,305.6139961,-49.61529036
0.7916666667,0.7916666667,47.5,6.558333333,310.2073946,-47.27082471
0.7916666667,0.8083333333,47.5,6.641666667,312.6922309,-41.9088477
0.7916666667,0.825,47.5,6.725,315.1770673,-33.6283882
0.7916666667,0.8416666667,47.5,6.808333333,317.6619036,-22.3342868
0.7916666667,0.8583333333,47.5,6.891666667,320.14674,-7.792650416
0.7916666667,0.875,47.5,6.975,322.6315763,10.19890467
0.7916666667,0.8916666667,47.5,7.058333333,342.460278,31.49501669
0.7916666667,0.9083333333,47.5,7.141666667,362.2889797,55.17393045
0.7916666667,0.925,47.5,7.225,382.903703,79.19278868
0.7916666667,0.9416666667,47.5,7.308333333,403.5184264,100.4877267
0.7916666667,0.9583333333,47.5,7.391666667,421.7750848,115.7943562
0.7916666667,0.975,47.5,7.475,428.3153291,122.9680171
0.7916666667,0.9916666667,47.5,7.558333333,434.8555734,122.0097068
0.8083333333,0.008333333333,48.5,2.641666667,19.92962584,-63.47815394
0.8083333333,0.025,48.5,2.725,17.48572776,-48.8211809
0.8083333333,0.04166666667,48.5,2.808333333,15.04182969,-38.38098449
0.8083333333,0.05833333333,48.5,2.891666667,12.59793162,-34.98354696
0.8083333333,0.075,48.5,2.975,10.15403355,-39.7237677
0.8083333333,0.09166666667,48.5,3.058333333,7.710135472,-51.40845069
0.8083333333,0.1083333333,48.5,3.141666667,5.266237399,-67.16424036
0.8083333333,0.125,48.5,3.225,2.822339326,-83.74149577
0.8083333333,0.1416666667,48.5,3.308333333,0.3784412532,-98.62771856
0.8083333333,0.1583333333,48.5,3.391666667,-2.06545682,-110.4594804
0.8083333333,0.175,48.5,3.475,-4.509354893,-118.8297185
0.8083333333,0.1916666667,48.5,3.558333333,-6.953252966,-123.8605243
0.8083333333,0.2083333333,48.5,3.641666667,4.03269666,-125.8243194
0.8083333333,0.225,48.5,3.725,15.01864629,-124.9101149
0.8083333333,0.2416666667,48.5,3.808333333,26.00459591,-121.1207929
0.8083333333,0.2583333333,48.5,3.891666667,23.93512621,-114.2697305
0.8083333333,0.275,48.5,3.975,8.810237191,-104.0753536
0.8083333333,0.2916666667,48.5,4.058333333,-6.314651833,-90.38408844
0.8083333333,0.3083333333,48.5,4.141666667,-21.43954086,-73.53983847
0.8083333333,0.325,48.5,4.225,-5.633569167,-54.81502579
0.8083333333,0.3416666667,48.5,4.308333333,10.17240252,-36.6338836
0.8083333333,0.3583333333,48.5,4.391666667,25.97837421,-22.21468951
0.8083333333,0.375,48.5,4.475,41.7843459,-14.49880313
0.8083333333,0.3916666667,48.5,4.558333333,50.92974542,-14.83122057
0.8083333333,0.4083333333,48.5,4.641666667,60.07514493,-22.2752645
0.8083333333,0.425,48.5,4.725,69.22054445,-34.08779179
0.8083333333,0.4416666667,48.5,4.808333333,78.36594396,-46.98617474
0.8083333333,0.4583333333,48.5,4.891666667,75.70621596,-58.32494969
0.8083333333,0.475,48.5,4.975,73.04648797,-66.59800797
0.8083333333,0.4916666667,48.5,5.058333333,70.38675997,-71.3008759
0.8083333333,0.5083333333,48.5,5.141666667,105.7280862,-72.51340573
0.8083333333,0.525,48.5,5.225,216.5858527,-70.5069253
0.8083333333,0.5416666667,48.5,5.308333333,233.6551544,-65.49280323
0.8083333333,0.5583333333,48.5,5.391666667,194.4513771,-57.50617718
0.8083333333,0.575,48.5,5.475,203.4485427,-46.39173639
0.8083333333,0.5916666667,48.5,5.558333333,212.4457084,-31.88552934
0.8083333333,0.6083333333,48.5,5.641666667,221.442874,-13.82076349
0.8083333333,0.625,48.5,5.725,230.4400396,7.518741818
0.8083333333,0.6416666667,48.5,5.808333333,237.2748182,30.96434344
0.8083333333,0.6583333333,48.5,5.891666667,244.1095967,54.19394806
0.8083333333,0.675,48.5,5.975,250.9443752,74.00325036
0.8083333333,0.6916666667,48.5,6.058333333,257.7791538,87.30184862
0.8083333333,0.7083333333,48.5,6.141666667,271.2457024,92.44725095
0.8083333333,0.725,48.5,6.225,284.712251,90.05039377
0.8083333333,0.7416666667,48.5,6.308333333,298.1787997,82.63971622
0.8083333333,0.7583333333,48.5,6.391666667,307.2087732,73.44591757
0.8083333333,0.775,48.5,6.475,311.8021717,65.17196458
0.8083333333,0.7916666667,48.5,6.558333333,316.3955702,59.40075619
0.8083333333,0.8083333333,48.5,6.641666667,320.9889687,56.67331792
0.8083333333,0.825,48.5,6.725,323.473805,56.89302813
0.8083333333,0.8416666667,48.5,6.808333333,325.9586414,59.73243652
0.8083333333,0.8583333333,48.5,6.891666667,328.4434777,64.90426766
0.8083333333,0.875,48.5,6.975,330.9283141,72.29352476
0.8083333333,0.8916666667,48.5,7.058333333,350.7570158,81.98440609
0.8083333333,0.9083333333,48.5,7.141666667,370.5857175,94.19253347
0.8083333333,0.925,48.5,7.225,390.4144192,109.0775239
0.8083333333,0.9416666667,48.5,7.308333333,410.2431208,126.4079576
0.8083333333,0.9583333333,48.5,7.391666667,416.7833651,145.1290025
0.8083333333,0.975,48.5,7.475,423.3236094,163.0554719
0.8083333333,0.9916666667,48.5,7.558333333,429.8638537,177.0606399
0.825,0.008333333333,49.5,2.641666667,21.9623429,-106.6775172
0.825,0.025,49.5,2.725,19.51844483,-92.98888232
0.825,0.04166666667,49.5,2.808333333,17.07454676,-76.34407451
0.825,0.05833333333,49.5,2.891666667,14.63064868,-58.24919832
0.825,0.075,49.5,2.975,12.18675061,-41.34679947
0.825,0.09166666667,49.5,3.058333333,9.742852536,-28.90651666
0.825,0.1083333333,49.5,3.141666667,7.298954463,-23.64391986
0.825,0.125,49.5,3.225,4.85505639,-26.45747073
0.825,0.1416666667,49.5,3.308333333,2.411158317,-35.96477643
0.825,0.1583333333,49.5,3.391666667,-0.03273975636,-49.19834208
0.825,0.175,49.5,3.475,-2.476637829,-62.92697402
0.825,0.1916666667,49.5,3.558333333,8.509311797,-74.72108648
0.825,0.2083333333,49.5,3.641666667,19.49526142,-83.30351346
0.825,0.225,49.5,3.725,30.48121105,-88.32254043
0.825,0.2416666667,49.5,3.808333333,41.46716067,-89.92074363
0.825,0.2583333333,49.5,3.891666667,39.39769098,-88.36709525
0.825,0.275,49.5,3.975,24.27280195,-83.83575817
0.825,0.2916666667,49.5,4.058333333,9.14791293,-76.31293679
0.825,0.3083333333,49.5,4.141666667,-5.976976093,-65.60149695
0.825,0.325,49.5,4.225,-21.10186512,-51.42514607
0.825,0.3416666667,49.5,4.308333333,-5.295893427,-33.6639944
0.825,0.3583333333,49.5,4.391666667,10.51007826,-12.73496657
0.825,0.375,49.5,4.475,26.31604995,9.981256348
0.825,0.3916666667,49.5,4.558333333,35.46144947,31.95145809
0.825,0.4083333333,49.5,4.641666667,44.60684898,49.90882089
0.825,0.425,49.5,4.725,53.7522485,60.97154048
0.825,0.4416666667,49.5,4.808333333,51.0925205,63.94393437
0.825,0.4583333333,49.5,4.891666667,48.4327925,59.91353078
0.825,0.475,49.5,4.975,45.7730645,51.68309639
0.825,0.4916666667,49.5,5.058333333,43.1133365,42.47659732
0.825,0.5083333333,49.5,5.141666667,117.5839654,34.80557151
0.825,0.525,49.5,5.225,238.6275368,30.029853
0.825,0.5416666667,49.5,5.308333333,255.6968384,28.53435593
0.825,0.5583333333,49.5,5.391666667,204.45474,30.1541921
0.825,0.575,49.5,5.475,203.0049483,34.558572
0.825,0.5916666667,49.5,5.558333333,212.0021139,41.49069926
0.825,0.6083333333,49.5,5.641666667,220.9992795,50.87546902
0.825,0.625,49.5,5.725,229.9964451,62.82715489
0.825,0.6416666667,49.5,5.808333333,236.8312237,77.55990479
0.825,0.6583333333,49.5,5.891666667,243.6660022,95.17125953
0.825,0.675,49.5,5.975,250.5007808,115.2786956
0.825,0.6916666667,49.5,6.058333333,263.9673294,136.5884171
0.825,0.7083333333,49.5,6.141666667,277.433878,156.6587011
0.825,0.725,49.5,6.225,290.9004266,172.2319183
0.825,0.7416666667,49.5,6.308333333,304.3669753,180.2842393
0.825,0.7583333333,49.5,6.391666667,313.3969488,179.3519702
0.825,0.775,49.5,6.475,317.9903473,170.2555524
0.825,0.7916666667,49.5,6.558333333,322.5837458,155.6671915
0.825,0.8083333333,49.5,6.641666667,327.1771443,138.8586752
0.825,0.825,49.5,6.725,331.7705428,122.5075026
0.825,0.8416666667,49.5,6.808333333,334.2553791,108.1670054
0.825,0.8583333333,49.5,6.891666667,336.7402155,96.38612161
0.825,0.875,49.5,6.975,339.2250518,87.12271488
0.825,0.8916666667,49.5,7.058333333,359.0537535,80.14023604
0.825,0.9083333333,49.5,7.141666667,378.8824552,75.26431879
0.825,0.925,49.5,7.225,398.7111569,72.50288413
0.825,0.9416666667,49.5,7.308333333,405.2514012,72.06316927
0.825,0.9583333333,49.5,7.391666667,411.7916455,74.27313315
0.825,0.975,49.5,7.475,418.3318898,79.38017504
0.825,0.9916666667,49.5,7.558333333,424.8721341,87.20208735
0.8416666667,0.008333333333,50.5,2.641666667,23.99505996,-97.64906624
0.8416666667,0.025,50.5,2.725,21.55116189,-90.63829378
0.8416666667,0.04166666667,50.5,2.808333333,19.10726382,-80.41327691
0.8416666667,0.05833333333,50.5,2.891666667,16.66336575,-66.69698698
0.8416666667,0.075,50.5,2.975,14.21946767,-49.41720236
0.8416666667,0.09166666667,50.5,3.058333333,11.7755696,-29.10460424
0.8416666667,0.1083333333,50.5,3.141666667,9.331671526,-7.306284073
0.8416666667,0.125,50.5,3.225,6.887773453,13.29637414
0.8416666667,0.1416666667,50.5,3.308333333,4.44387538,29.42094889
0.8416666667,0.1583333333,50.5,3.391666667,1.999977307,38.37996864
0.8416666667,0.175,50.5,3.475,12.98592693,39.33109564
0.8416666667,0.1916666667,50.5,3.558333333,23.97187656,33.70400642
0.8416666667,0.2083333333,50.5,3.641666667,34.95782619,24.47176869
0.8416666667,0.225,50.5,3.725,45.94377581,14.82437942
0.8416666667,0.2416666667,50.5,3.808333333,56.92972544,7.122831672
0.8416666667,0.2583333333,50.5,3.891666667,54.86025574,2.571550301
0.8416666667,0.275,50.5,3.975,39.73536672,1.457939965
0.8416666667,0.2916666667,50.5,4.058333333,24.61047769,3.584829812
0.8416666667,0.3083333333,50.5,4.141666667,9.48558867,8.634435125
0.8416666667,0.325,50.5,4.225,-5.639300353,16.38534995
0.8416666667,0.3416666667,50.5,4.308333333,-20.76418938,26.80279102
0.8416666667,0.3583333333,50.5,4.391666667,-4.958217688,40.03176454
0.8416666667,0.375,50.5,4.475,10.847754,56.29013036
0.8416666667,0.3916666667,50.5,4.558333333,19.99315352,75.62930039
0.8416666667,0.4083333333,50.5,4.641666667,29.13855303,97.55105917
0.8416666667,0.425,50.5,4.725,26.47882503,120.58411
0.8416666667,0.4416666667,50.5,4.808333333,23.81909704,142.1107664
0.8416666667,0.4583333333,50.5,4.891666667,21.15936904,158.8111355
0.8416666667,0.475,50.5,4.975,18.49964104,167.800535
0.8416666667,0.4916666667,50.5,5.058333333,15.83991304,167.9231352
0.8416666667,0.5083333333,50.5,5.141666667,90.31054197,160.3154136
0.8416666667,0.525,50.5,5.225,241.9115278,147.8044972
0.8416666667,0.5416666667,50.5,5.308333333,257.1283131,133.606421
0.8416666667,0.5583333333,50.5,5.391666667,193.8478935,120.2107376
0.8416666667,0.575,50.5,5.475,192.3981018,108.9655659
0.8416666667,0.5916666667,50.5,5.558333333,211.5585194,100.268626
0.8416666667,0.6083333333,50.5,5.641666667,220.555685,93.99440647
0.8416666667,0.625,50.5,5.725,229.5528507,89.87366867
0.8416666667,0.6416666667,50.5,5.808333333,236.3876292,87.72778755
0.8416666667,0.6583333333,50.5,5.891666667,243.2224078,87.57170524
0.8416666667,0.675,50.5,5.975,256.6889564,89.61726282
0.8416666667,0.6916666667,50.5,6.058333333,270.155505,94.17853232
0.8416666667,0.7083333333,50.5,6.141666667,283.6220536,101.4487957
0.8416666667,0.725,50.5,6.225,297.0886022,111.1308202
0.8416666667,0.7416666667,50.5,6.308333333,310.5551509,122.0046578
0.8416666667,0.7583333333,50.5,6.391666667,319.5851244,131.7013927
0.8416666667,0.775,50.5,6.475,324.1785229,137.0563242
0.8416666667,0.7916666667,50.5,6.558333333,328.7719214,135.1760335
0.8416666667,0.8083333333,50.5,6.641666667,333.3653199,124.757791
0.8416666667,0.825,50.5,6.725,337.9587184,106.7791323
0.8416666667,0.8416666667,50.5,6.808333333,342.5521168,84.02752129
0.8416666667,0.8583333333,50.5,6.891666667,345.0369532,59.83461813
0.8416666667,0.875,50.5,6.975,347.5217895,36.89681537
0.8416666667,0.8916666667,50.5,7.058333333,367.3504912,16.76906658
0.8416666667,0.9083333333,50.5,7.141666667,387.1791929,0.0001211720773
0.8416666667,0.925,50.5,7.225,393.7194372,-13.45063454
0.8416666667,0.9416666667,50.5,7.308333333,400.2596815,-23.81961666
0.8416666667,0.9583333333,50.5,7.391666667,406.7999258,-31.28658692
0.8416666667,0.975,50.5,7.475,413.3401701,-35.85741467
0.8416666667,0.9916666667,50.5,7.558333333,419.8804144,-37.34892611
0.8583333333,0.008333333333,51.5,2.641666667,26.02777703,-22.66418495
0.8583333333,0.025,51.5,2.725,23.58387896,-20.6558091
0.8583333333,0.04166666667,51.5,2.808333333,21.13998088,-15.62790767
0.8583333333,0.05833333333,51.5,2.891666667,18.69608281,-7.770437779
0.8583333333,0.075,51.5,2.975,16.25218474,2.916054131
0.8583333333,0.09166666667,51.5,3.058333333,13.80828666,16.60382295
0.8583333333,0.1083333333,51.5,3.141666667,11.36438859,33.51881096
0.8583333333,0.125,51.5,3.225,8.920490517,53.68575251
0.8583333333,0.1416666667,51.5,3.308333333,6.476592444,76.53289629
0.8583333333,0.1583333333,51.5,3.391666667,17.46254207,100.4772676
0.8583333333,0.175,51.5,3.475,28.4484917,122.7983272
0.8583333333,0.1916666667,51.5,3.558333333,39.43444132,140.1578269
0.8583333333,0.2083333333,51.5,3.641666667,50.42039095,149.7880444
0.8583333333,0.225,51.5,3.725,61.40634057,150.7509567
0.8583333333,0.2416666667,51.5,3.808333333,72.3922902,144.3885139
0.8583333333,0.2583333333,51.5,3.891666667,70.3228205,133.6149273
0.8583333333,0.275,51.5,3.975,55.19793148,121.5943945
0.8583333333,0.2916666667,51.5,4.058333333,40.07304246,110.6847255
0.8583333333,0.3083333333,51.5,4.141666667,24.94815343,102.0970272
0.8583333333,0.325,51.5,4.225,9.823264409,96.12882406
0.8583333333,0.3416666667,51.5,4.308333333,-5.301624614,92.59669678
0.8583333333,0.3583333333,51.5,4.391666667,-20.42651364,91.20337168
0.8583333333,0.375,51.5,4.475,-4.620541948,91.75779756
0.8583333333,0.3916666667,51.5,4.558333333,4.524857568,94.26746809
0.8583333333,0.4083333333,51.5,4.641666667,1.865129569,98.93302258
0.8583333333,0.425,51.5,4.725,-0.7945984296,106.0428334
0.8583333333,0.4416666667,51.5,4.808333333,-3.454326428,115.7355791
0.8583333333,0.4583333333,51.5,4.891666667,-6.114054427,127.6181143
0.8583333333,0.475,51.5,4.975,-8.773782426,140.3390781
0.8583333333,0.4916666667,51.5,5.058333333,-11.43351042,151.4052601
0.8583333333,0.5083333333,51.5,5.141666667,63.03711851,157.6094739
0.8583333333,0.525,51.5,5.225,209.5500418,156.1554954
0.8583333333,0.5416666667,51.5,5.308333333,239.8107911,145.9549592
0.8583333333,0.5583333333,51.5,5.391666667,183.241047,128.2096643
0.8583333333,0.575,51.5,5.475,181.7912553,105.8286673
0.8583333333,0.5916666667,51.5,5.558333333,200.9516729,82.12966935
0.8583333333,0.6083333333,51.5,5.641666667,220.1120906,59.71130148
0.8583333333,0.625,51.5,5.725,229.1092562,40.02236128
0.8583333333,0.6416666667,51.5,5.808333333,235.9440347,23.54321931
0.8583333333,0.6583333333,51.5,5.891666667,249.4105834,10.2107826
0.8583333333,0.675,51.5,5.975,262.877132,-0.2002347349
0.8583333333,0.6916666667,51.5,6.058333333,276.3436806,-7.840392887
0.8583333333,0.7083333333,51.5,6.141666667,289.8102292,-12.68035123
0.8583333333,0.725,51.5,6.225,303.2767778,-14.50541737
0.8583333333,0.7416666667,51.5,6.308333333,316.7433265,-13.00748588
0.8583333333,0.7583333333,51.5,6.391666667,325.7733,-8.004393157
0.8583333333,0.775,51.5,6.475,330.3666985,0.1939515959
0.8583333333,0.7916666667,51.5,6.558333333,334.960097,10.35386397
0.8583333333,0.8083333333,51.5,6.641666667,339.5534955,20.08536288
0.8583333333,0.825,51.5,6.725,344.146894,26.18273489
0.8583333333,0.8416666667,51.5,6.808333333,348.7402924,25.68141714
0.8583333333,0.8583333333,51.5,6.891666667,353.3336909,17.18192468
0.8583333333,0.875,51.5,6.975,355.8185273,1.560463901
0.8583333333,0.8916666667,51.5,7.058333333,375.647229,-18.47830162
0.8583333333,0.9083333333,51.5,7.141666667,382.1874733,-39.6585427
0.8583333333,0.925,51.5,7.225,388.7277176,-59.32096243
0.8583333333,0.9416666667,51.5,7.308333333,395.2679619,-75.94264419
0.8583333333,0.9583333333,51.5,7.391666667,401.8082061,-89.01045432
0.8583333333,0.975,51.5,7.475,408.3484504,-98.60564264
0.8583333333,0.9916666667,51.5,7.558333333,414.8886947,-105.0077407
0.875,0.008333333333,52.5,2.641666667,28.06049409,105.3798299
0.875,0.025,52.5,2.725,25.61659602,96.28210261
0.875,0.04166666667,52.5,2.808333333,23.17269795,89.68904098
0.875,0.05833333333,52.5,2.891666667,20.72879987,85.84652647
0.875,0.075,52.5,2.975,18.2849018,84.53800072
0.875,0.09166666667,52.5,3.058333333,15.84100373,85.44521055
0.875,0.1083333333,52.5,3.141666667,13.39710565,88.36148284
0.875,0.125,52.5,3.225,10.95320758,93.2791275
0.875,0.1416666667,52.5,3.308333333,21.93915721,100.3799776
0.875,0.1583333333,52.5,3.391666667,32.92510683,109.9248459
0.875,0.175,52.5,3.475,43.91105646,122.0092548
0.875,0.1916666667,52.5,3.558333333,54.89700608,136.1758989
0.875,0.2083333333,52.5,3.641666667,65.88295571,150.9925954
0.875,0.225,52.5,3.725,76.86890534,163.8915509
0.875,0.2416666667,52.5,3.808333333,87.85485496,171.6348759
0.875,0.2583333333,52.5,3.891666667,85.78538526,171.4663307
0.875,0.275,52.5,3.975,70.66049624,162.3937476
0.875,0.2916666667,52.5,4.058333333,55.53560722,145.7167779
0.875,0.3083333333,52.5,4.141666667,40.4107182,124.3905409
0.875,0.325,52.5,4.225,25.28582917,101.7146028
0.875,0.3416666667,52.5,4.308333333,10.16094015,80.23292956
0.875,0.3583333333,52.5,4.391666667,-4.963948874,61.33984479
0.875,0.375,52.5,4.475,-20.0888379,45.4825936
0.875,0.3916666667,52.5,4.558333333,-22.7485659,32.58906645
0.875,0.4083333333,52.5,4.641666667,-25.40829389,22.44250375
0.875,0.425,52.5,4.725,-28.06802189,14.9106563
0.875,0.4416666667,52.5,4.808333333,-30.72774989,10.04495397
0.875,0.4583333333,52.5,4.891666667,-33.38747789,8.080975871
0.875,0.475,52.5,4.975,-36.04720589,9.340651402
0.875,0.4916666667,52.5,5.058333333,-38.70693389,14.00527193
0.875,0.5083333333,52.5,5.141666667,30.67563247,21.74254093
0.875,0.525,52.5,5.225,172.1004932,31.27665495
0.875,0.5416666667,52.5,5.308333333,202.3612425,40.17550638
0.875,0.5583333333,52.5,5.391666667,165.923525,45.22742791
0.875,0.575,52.5,5.475,171.1844088,43.52754182
0.875,0.5916666667,52.5,5.558333333,190.3448264,33.79269199
0.875,0.6083333333,52.5,5.641666667,209.5052441,17.02047301
0.875,0.625,52.5,5.725,228.6656617,-4.014372456
0.875,0.6416666667,52.5,5.808333333,242.1322103,-26.03549174
0.875,0.6583333333,52.5,5.891666667,255.598759,-46.42828337
0.875,0.675,52.5,5.975,269.0653076,-63.72218836
0.875,0.6916666667,52.5,6.058333333,282.5318562,-77.44020124
0.875,0.7083333333,52.5,6.141666667,295.9984048,-87.67851314
0.875,0.725,52.5,6.225,309.4649534,-94.71596452
0.875,0.7416666667,52.5,6.308333333,322.9315021,-98.76584878
0.875,0.7583333333,52.5,6.391666667,331.9614756,-99.86203314
0.875,0.775,52.5,6.475,336.5548741,-97.84653589
0.875,0.7916666667,52.5,6.558333333,341.1482726,-92.45351604
0.875,0.8083333333,52.5,6.641666667,345.7416711,-83.51823115
0.875,0.825,52.5,6.725,350.3350696,-71.33356488
0.875,0.8416666667,52.5,6.808333333,354.928468,-57.08350924
0.875,0.8583333333,52.5,6.891666667,359.5218665,-43.10231008
0.875,0.875,52.5,6.975,364.115265,-32.58478608
0.875,0.8916666667,52.5,7.058333333,370.6555093,-28.57356074
0.875,0.9083333333,52.5,7.141666667,377.1957536,-32.62690166
0.875,0.925,52.5,7.225,383.7359979,-44.03803425
0.875,0.9416666667,52.5,7.308333333,390.2762422,-60.20126201
0.875,0.9583333333,52.5,7.391666667,396.8164865,-77.83960111
0.875,0.975,52.5,7.475,403.3567308,-94.22450371
0.875,0.9916666667,52.5,7.558333333,409.8969751,-107.7493409
0.8916666667,0.008333333333,53.5,2.641666667,30.09321116,173.5108317
0.8916666667,0.025,53.5,2.725,27.64931308,158.5376157
0.8916666667,0.04166666667,53.5,2.808333333,25.20541501,138.7727796
0.8916666667,0.05833333333,53.5,2.891666667,22.76151694,117.503747
0.8916666667,0.075,53.5,2.975,20.31761886,97.26647192
0.8916666667,0.09166666667,53.5,3.058333333,17.87372079,79.45035318
0.8916666667,0.1083333333,53.5,3.141666667,15.42982272,64.50014194
0.8916666667,0.125,53.5,3.225,26.41577234,52.34347565
0.8916666667,0.1416666667,53.5,3.308333333,37.40172197,42.76559247
0.8916666667,0.1583333333,53.5,3.391666667,48.3876716,35.63847251
0.8916666667,0.175,53.5,3.475,59.37362122,31.01988683
0.8916666667,0.1916666667,53.5,3.558333333,70.35957085,29.15368506
0.8916666667,0.2083333333,53.5,3.641666667,81.34552047,30.37182234
0.8916666667,0.225,53.5,3.725,92.3314701,34.86724393
0.8916666667,0.2416666667,53.5,3.808333333,103.3174197,42.32078612
0.8916666667,0.2583333333,53.5,3.891666667,101.24795,51.47085885
0.8916666667,0.275,53.5,3.975,86.123061,59.89973145
0.8916666667,0.2916666667,53.5,4.058333333,70.99817198,64.40890614
0.8916666667,0.3083333333,53.5,4.141666667,55.87328296,62.10435771
0.8916666667,0.325,53.5,4.225,40.74839393,51.71156751
0.8916666667,0.3416666667,53.5,4.308333333,25.62350491,34.23595942
0.8916666667,0.3583333333,53.5,4.391666667,10.49861589,12.46084997
0.8916666667,0.375,53.5,4.475,23.0907156,-10.32766577
0.8916666667,0.3916666667,53.5,4.558333333,32.47051514,-31.50488425
0.8916666667,0.4083333333,53.5,4.641666667,29.81078714,-49.59093614
0.8916666667,0.425,53.5,4.725,27.15105914,-64.10100053
0.8916666667,0.4416666667,53.5,4.808333333,24.49133114,-75.12506387
0.8916666667,0.4583333333,53.5,4.891666667,21.83160315,-82.93716288
0.8916666667,0.475,53.5,4.975,19.17187515,-87.74691324
0.8916666667,0.4916666667,53.5,5.058333333,16.51214715,-89.58539637
0.8916666667,0.5083333333,53.5,5.141666667,33.09578045,-88.29253198
0.8916666667,0.525,53.5,5.225,121.7217081,-83.600838
0.8916666667,0.5416666667,53.5,5.308333333,151.9824574,-75.34410311
0.8916666667,0.5583333333,53.5,5.391666667,182.2432067,-63.81363938
0.8916666667,0.575,53.5,5.475,209.7369129,-50.19172111
0.8916666667,0.5916666667,53.5,5.558333333,228.8973305,-36.81120807
0.8916666667,0.6083333333,53.5,5.641666667,248.0577481,-26.86687114
0.8916666667,0.625,53.5,5.725,235.4650325,-23.40352565
0.8916666667,0.6416666667,53.5,5.808333333,248.1399281,-27.98369476
0.8916666667,0.6583333333,53.5,5.891666667,261.6064768,-39.90542337
0.8916666667,0.675,53.5,5.975,275.0730254,-56.56661628
0.8916666667,0.6916666667,53.5,6.058333333,288.539574,-74.69195341
0.8916666667,0.7083333333,53.5,6.141666667,302.0061226,-91.55322333
0.8916666667,0.725,53.5,6.225,315.4726713,-105.5439165
0.8916666667,0.7416666667,53.5,6.308333333,328.9392199,-116.0891067
0.8916666667,0.7583333333,53.5,6.391666667,337.9691934,-123.2387874
0.8916666667,0.775,53.5,6.475,342.5625919,-127.264366
0.8916666667,0.7916666667,53.5,6.558333333,347.1559904,-128.3923183
0.8916666667,0.8083333333,53.5,6.641666667,351.7493889,-126.6760731
0.8916666667,0.825,53.5,6.725,356.3427874,-121.9724469
0.8916666667,0.8416666667,53.5,6.808333333,360.9361859,-114.0129914
0.8916666667,0.8583333333,53.5,6.891666667,365.5295843,-102.5958413
0.8916666667,0.875,53.5,6.975,371.9937091,-87.92522325
0.8916666667,0.8916666667,53.5,7.058333333,420.973611,-71.04512963
0.8916666667,0.9083333333,53.5,7.141666667,414.3060757,-54.13960412
0.8916666667,0.925,53.5,7.225,357.1808765,-40.32813785
0.8916666667,0.9416666667,53.5,7.308333333,425.6765284,-32.73351792
0.8916666667,0.9583333333,53.5,7.391666667,358.981874,-33.14621695
0.8916666667,0.975,53.5,7.475,365.5221183,-41.13019922
0.8916666667,0.9916666667,53.5,7.558333333,417.4157959,-54.24495264
0.9083333333,0.008333333333,54.5,2.641666667,32.12592822,78.32513386
0.9083333333,0.025,54.5,2.725,29.68203015,82.84291665
0.9083333333,0.04166666667,54.5,2.808333333,27.23813207,80.58042592
0.9083333333,0.05833333333,54.5,2.891666667,24.794234,70.16264883
0.9083333333,0.075,54.5,2.975,22.35033593,52.48774415
0.9083333333,0.09166666667,54.5,3.058333333,19.90643785,30.28456991
0.9083333333,0.1083333333,54.5,3.141666667,30.89238748,6.856887889
0.9083333333,0.125,54.5,3.225,41.87833711,-15.10662552
0.9083333333,0.1416666667,54.5,3.308333333,52.86428673,-34.05570968
0.9083333333,0.1583333333,54.5,3.391666667,63.85023636,-49.45414099
0.9083333333,0.175,54.5,3.475,74.83618598,-61.36477323
0.9083333333,0.1916666667,54.5,3.558333333,85.82213561,-70.05285244
0.9083333333,0.2083333333,54.5,3.641666667,96.80808524,-75.72957957
0.9083333333,0.225,54.5,3.725,107.7940349,-78.43176118
0.9083333333,0.2416666667,54.5,3.808333333,118.7799845,-78.00422823
0.9083333333,0.2583333333,54.5,3.891666667,116.7105148,-74.17792404
0.9083333333,0.275,54.5,3.975,101.5856258,-66.77096609
0.9083333333,0.2916666667,54.5,4.058333333,86.46073674,-56.0374829
0.9083333333,0.3083333333,54.5,4.141666667,71.33584772,-43.10143307
0.9083333333,0.325,54.5,4.225,56.2109587,-30.23464294
0.9083333333,0.3416666667,54.5,4.308333333,41.08606967,-20.60530774
0.9083333333,0.3583333333,54.5,4.391666667,53.67816939,-17.30030784
0.9083333333,0.375,54.5,4.475,66.2702691,-21.98964167
0.9083333333,0.3916666667,54.5,4.558333333,75.65006864,-34.09372788
0.9083333333,0.4083333333,54.5,4.641666667,85.02986818,-51.08567569
0.9083333333,0.425,54.5,4.725,82.37014018,-69.69252035
0.9083333333,0.4416666667,54.5,4.808333333,79.71041218,-87.13700672
0.9083333333,0.4583333333,54.5,4.891666667,77.05068418,-101.7521264
0.9083333333,0.475,54.5,4.975,74.39095618,-112.9188116
0.9083333333,0.4916666667,54.5,5.058333333,71.73122818,-120.6665792
0.9083333333,0.5083333333,54.5,5.141666667,88.31486149,-125.264839
0.9083333333,0.525,54.5,5.225,124.1418561,-126.9485033
0.9083333333,0.5416666667,54.5,5.308333333,168.3021392,-125.7834004
0.9083333333,0.5583333333,54.5,5.391666667,220.7957108,-121.6377235
0.9083333333,0.575,54.5,5.475,248.2894169,-114.2479348
0.9083333333,0.5916666667,54.5,5.558333333,267.4498346,-103.4032643
0.9083333333,0.6083333333,54.5,5.641666667,254.857119,-89.2775449
0.9083333333,0.625,54.5,5.725,242.2644034,-72.86181087
0.9083333333,0.6416666667,54.5,5.808333333,254.939299,-56.28048808
0.9083333333,0.6583333333,54.5,5.891666667,267.6141946,-42.62241488
0.9083333333,0.675,54.5,5.975,281.0807432,-35.04515078
0.9083333333,0.6916666667,54.5,6.058333333,294.5472918,-35.44210587
0.9083333333,0.7083333333,54.5,6.141666667,308.0138405,-43.50250915
0.9083333333,0.725,54.5,6.225,321.4803891,-56.86994642
0.9083333333,0.7416666667,54.5,6.308333333,334.9469377,-72.27544138
0.9083333333,0.7583333333,54.5,6.391666667,343.9769112,-86.8207498
0.9083333333,0.775,54.5,6.475,348.5703097,-98.68373191
0.9083333333,0.7916666667,54.5,6.558333333,353.1637082,-107.1235577
0.9083333333,0.8083333333,54.5,6.641666667,357.7571067,-112.1018035
0.9083333333,0.825,54.5,6.725,362.3505052,-113.8635886
0.9083333333,0.8416666667,54.5,6.808333333,366.9439037,-112.6449802
0.9083333333,0.8583333333,54.5,6.891666667,373.4080285,-108.5233975
0.9083333333,0.875,54.5,6.975,379.8721532,-101.3777128
0.9083333333,0.8916666667,54.5,7.058333333,428.8520551,-90.94218823
0.9083333333,0.9083333333,54.5,7.141666667,467.7162211,-76.9747896
0.9083333333,0.925,54.5,7.225,434.1513389,-59.57136617
0.9083333333,0.9416666667,54.5,7.308333333,485.4884476,-39.59379019
0.9083333333,0.9583333333,54.5,7.391666667,394.3821603,-19.01852233
0.9083333333,0.975,54.5,7.475,373.0409391,-0.8460472885
0.9083333333,0.9916666667,54.5,7.558333333,470.2880499,11.70859679
0.925,0.008333333333,55.5,2.641666667,34.15864528,-58.08009822
0.925,0.025,55.5,2.725,31.71474721,-48.27357566
0.925,0.04166666667,55.5,2.808333333,29.27084914,-36.08090047
0.925,0.05833333333,55.5,2.891666667,26.82695106,-23.65134549
0.925,0.075,55.5,2.975,24.38305299,-14.09170373
0.925,0.09166666667,55.5,3.058333333,35.36900262,-10.55902166
0.925,0.1083333333,55.5,3.141666667,46.35495224,-14.92636932
0.925,0.125,55.5,3.225,57.34090187,-26.85645881
0.925,0.1416666667,55.5,3.308333333,68.32685149,-43.97956248
0.925,0.1583333333,55.5,3.391666667,79.31280112,-63.03641767
0.925,0.175,55.5,3.475,90.29875075,-81.15641
0.925,0.1916666667,55.5,3.558333333,101.2847004,-96.55060768
0.925,0.2083333333,55.5,3.641666667,112.27065,-108.5074128
0.925,0.225,55.5,3.725,123.2565996,-117.010472
0.925,0.2416666667,55.5,3.808333333,134.2425493,-122.320936
0.925,0.2583333333,55.5,3.891666667,132.1730796,-124.6871998
0.925,0.275,55.5,3.975,117.0481905,-124.1972415
0.925,0.2916666667,55.5,4.058333333,101.9233015,-120.7401381
0.925,0.3083333333,55.5,4.141666667,86.79841248,-114.0614552
0.925,0.325,55.5,4.225,71.67352346,-103.9335609
0.925,0.3416666667,55.5,4.308333333,84.26562317,-90.47204292
0.925,0.3583333333,55.5,4.391666667,96.85772288,-74.56443552
0.925,0.375,55.5,4.475,109.4498226,-58.21454028
0.925,0.3916666667,55.5,4.558333333,118.8296221,-44.44131543
0.925,0.4083333333,55.5,4.641666667,128.2094217,-36.45732709
0.925,0.425,55.5,4.725,137.5892212,-36.34862843
0.925,0.4416666667,55.5,4.808333333,134.9294932,-44.05087878
0.925,0.4583333333,55.5,4.891666667,132.2697652,-57.38172693
0.925,0.475,55.5,4.975,129.6100372,-73.10410469
0.925,0.4916666667,55.5,5.058333333,126.9503092,-88.23618602
0.925,0.5083333333,55.5,5.141666667,143.5339425,-100.8340626
0.925,0.525,55.5,5.225,179.3609371,-110.0594527
0.925,0.5416666667,55.5,5.308333333,215.1879318,-115.8226332
0.925,0.5583333333,55.5,5.391666667,259.3482149,-118.3565561
0.925,0.575,55.5,5.475,286.841921,-117.9084617
0.925,0.5916666667,55.5,5.558333333,203.8401838,-114.5766996
0.925,0.6083333333,55.5,5.641666667,244.0542344,-108.2606583
0.925,0.625,55.5,5.725,249.0637742,-98.70444571
0.925,0.6416666667,55.5,5.808333333,261.7386698,-85.65145827
0.925,0.6583333333,55.5,5.891666667,274.4135654,-69.14280217
0.925,0.675,55.5,5.975,287.088461,-49.93907145
0.925,0.6916666667,55.5,6.058333333,300.5550096,-29.8921605
0.925,0.7083333333,55.5,6.141666667,314.0215583,-11.91848679
0.925,0.725,55.5,6.225,327.4881069,0.7338021447
0.925,0.7416666667,55.5,6.308333333,340.9546555,5.778349137
0.925,0.7583333333,55.5,6.391666667,349.9846291,2.999673114
0.925,0.775,55.5,6.475,354.5780275,-5.633362832
0.925,0.7916666667,55.5,6.558333333,359.171426,-16.93874373
0.925,0.8083333333,55.5,6.641666667,363.7648245,-27.85107376
0.925,0.825,55.5,6.725,368.358223,-36.29155147
0.925,0.8416666667,55.5,6.808333333,374.8223478,-41.31277925
0.925,0.8583333333,55.5,6.891666667,381.2864726,-42.77242168
0.925,0.875,55.5,6.975,387.7505973,-40.90205426
0.925,0.8916666667,55.5,7.058333333,439.1039536,-35.98107876
0.925,0.9083333333,55.5,7.141666667,485.0884826,-28.15758288
0.925,0.925,55.5,7.225,481.1162505,-17.38642316
0.925,0.9416666667,55.5,7.308333333,545.3003667,-3.461440071
0.925,0.9583333333,55.5,7.391666667,553.4005524,13.84528578
0.925,0.975,55.5,7.475,579.9276514,34.50342638
0.925,0.9916666667,55.5,7.558333333,523.1603039,57.81244989
0.9416666667,0.008333333333,56.5,2.641666667,36.19136235,-122.0773293
0.9416666667,0.025,56.5,2.725,33.74746427,-119.4392975
0.9416666667,0.04166666667,56.5,2.808333333,31.3035662,-113.6143757
0.9416666667,0.05833333333,56.5,2.891666667,28.85966813,-104.3551197
0.9416666667,0.075,56.5,2.975,39.84561775,-91.69815094
0.9416666667,0.09166666667,56.5,3.058333333,50.83156738,-76.38321253
0.9416666667,0.1083333333,56.5,3.141666667,61.817517,-60.23173086
0.9416666667,0.125,56.5,3.225,72.80346663,-46.14048939
0.9416666667,0.1416666667,56.5,3.308333333,83.78941626,-37.37480108
0.9416666667,0.1583333333,56.5,3.391666667,94.77536588,-36.28464743
0.9416666667,0.175,56.5,3.475,105.7613155,-43.17284787
0.9416666667,0.1916666667,56.5,3.558333333,116.7472651,-56.13892013
0.9416666667,0.2083333333,56.5,3.641666667,127.7332148,-72.02079775
0.9416666667,0.225,56.5,3.725,138.7191644,-87.72756102
0.9416666667,0.2416666667,56.5,3.808333333,149.705114,-101.1337604
0.9416666667,0.2583333333,56.5,3.891666667,147.6356443,-111.2470915
0.9416666667,0.275,56.5,3.975,132.5107553,-117.8916471
0.9416666667,0.2916666667,56.5,4.058333333,117.3858663,-121.2753888
0.9416666667,0.3083333333,56.5,4.141666667,102.2609772,-121.6586248
0.9416666667,0.325,56.5,4.225,114.853077,-119.1698097
0.9416666667,0.3416666667,56.5,4.308333333,127.4451767,-113.7398759
0.9416666667,0.3583333333,56.5,4.391666667,140.0372764,-105.1310099
0.9416666667,0.375,56.5,4.475,152.6293761,-93.07152898
0.9416666667,0.3916666667,56.5,4.558333333,162.0091756,-77.53062601
0.9416666667,0.4083333333,56.5,4.641666667,171.3889752,-59.12730888
0.9416666667,0.425,56.5,4.725,180.7687747,-39.5295346
0.9416666667,0.4416666667,56.5,4.808333333,190.1485743,-21.51553194
0.9416666667,0.4583333333,56.5,4.891666667,187.4888463,-8.357857119
0.9416666667,0.475,56.5,4.975,184.8291183,-2.580939953
0.9416666667,0.4916666667,56.5,5.058333333,182.1693903,-4.760961891
0.9416666667,0.5083333333,56.5,5.141666667,198.7530236,-13.22602942
0.9416666667,0.525,56.5,5.225,234.5800182,-24.8908336
0.9416666667,0.5416666667,56.5,5.308333333,270.4070128,-36.5923966
0.9416666667,0.5583333333,56.5,5.391666667,306.2340074,-46.06656224
0.9416666667,0.575,56.5,5.475,243.0599004,-52.19821626
0.9416666667,0.5916666667,56.5,5.558333333,160.0581633,-54.74266958
0.9416666667,0.6083333333,56.5,5.641666667,200.2722139,-53.89190921
0.9416666667,0.625,56.5,5.725,255.863145,-49.92608949
0.9416666667,0.6416666667,56.5,5.808333333,268.5380406,-43.0127714
0.9416666667,0.6583333333,56.5,5.891666667,281.2129362,-33.12902743
0.9416666667,0.675,56.5,5.975,293.8878319,-20.07914847
0.9416666667,0.6916666667,56.5,6.058333333,306.5627275,-3.61512016
0.9416666667,0.7083333333,56.5,6.141666667,320.0292761,16.3068024
0.9416666667,0.725,56.5,6.225,333.4958247,39.12941271
0.9416666667,0.7416666667,56.5,6.308333333,346.9623733,63.28008641
0.9416666667,0.7583333333,56.5,6.391666667,355.9923469,86.04771259
0.9416666667,0.775,56.5,6.475,360.5857454,104.1079151
0.9416666667,0.7916666667,56.5,6.558333333,365.1791438,114.7144207
0.9416666667,0.8083333333,56.5,6.641666667,369.7725423,116.9545707
0.9416666667,0.825,56.5,6.725,376.2366671,112.1900654
0.9416666667,0.8416666667,56.5,6.808333333,382.7007919,103.3407916
0.9416666667,0.8583333333,56.5,6.891666667,389.1649167,93.56104069
0.9416666667,0.875,56.5,6.975,395.6290414,85.18776339
0.9416666667,0.8916666667,56.5,7.058333333,454.1027608,79.40595395
0.9416666667,0.9083333333,56.5,7.141666667,463.3038326,76.48496714
0.9416666667,0.925,56.5,7.225,361.3831899,76.21169686
0.9416666667,0.9416666667,56.5,7.308333333,572.073486,78.25704456
0.9416666667,0.9583333333,56.5,7.391666667,679.3801446,82.3954201
0.9416666667,0.975,56.5,7.475,705.9072437,88.59690736
0.9416666667,0.9916666667,56.5,7.558333333,597.8017435,97.02195235
0.9583333333,0.008333333333,57.5,2.641666667,38.22407941,-118.5475272
0.9583333333,0.025,57.5,2.725,35.78018134,-122.8802228
0.9583333333,0.04166666667,57.5,2.808333333,33.33628326,-124.1741399
0.9583333333,0.05833333333,57.5,2.891666667,44.32223289,-122.5950148
0.9583333333,0.075,57.5,2.975,55.30818252,-118.1165391
0.9583333333,0.09166666667,57.5,3.058333333,66.29413214,-110.5297848
0.9583333333,0.1083333333,57.5,3.141666667,77.28008177,-99.55337458
0.9583333333,0.125,57.5,3.225,88.26603139,-85.07693176
0.9583333333,0.1416666667,57.5,3.308333333,99.25198102,-67.54786238
0.9583333333,0.1583333333,57.5,3.391666667,110.2379306,-48.39405087
0.9583333333,0.175,57.5,3.475,121.2238803,-30.18802978
0.9583333333,0.1916666667,57.5,3.558333333,132.2098299,-16.18703501
0.9583333333,0.2083333333,57.5,3.641666667,143.1957795,-9.184860684
0.9583333333,0.225,57.5,3.725,154.1817291,-10.22630347
0.9583333333,0.2416666667,57.5,3.808333333,165.1676788,-18.06991904
0.9583333333,0.2583333333,57.5,3.891666667,163.0982091,-29.81517095
0.9583333333,0.275,57.5,3.975,147.9733201,-42.21082266
0.9583333333,0.2916666667,57.5,4.058333333,132.848431,-52.75866069
0.9583333333,0.3083333333,57.5,4.141666667,145.4405307,-60.1125825
0.9583333333,0.325,57.5,4.225,158.0326305,-63.87863116
0.9583333333,0.3416666667,57.5,4.308333333,170.6247302,-64.18705708
0.9583333333,0.3583333333,57.5,4.391666667,183.2168299,-61.31605571
0.9583333333,0.375,57.5,4.475,195.8089296,-55.4609917
0.9583333333,0.3916666667,57.5,4.558333333,205.1887291,-46.63401052
0.9583333333,0.4083333333,57.5,4.641666667,214.5685287,-34.66261746
0.9583333333,0.425,57.5,4.725,223.9483282,-19.28648202
0.9583333333,0.4416666667,57.5,4.808333333,233.3281278,-0.3832385773
0.9583333333,0.4583333333,57.5,4.891666667,242.7079273,21.65953734
0.9583333333,0.475,57.5,4.975,240.0481993,45.51393964
0.9583333333,0.4916666667,57.5,5.058333333,237.3884713,68.69557375
0.9583333333,0.5083333333,57.5,5.141666667,253.9721046,87.93437391
0.9583333333,0.525,57.5,5.225,289.7990992,100.2562326
0.9583333333,0.5416666667,57.5,5.308333333,325.6260938,104.2994571
0.9583333333,0.5583333333,57.5,5.391666667,311.7191427,100.9821013
0.9583333333,0.575,57.5,5.475,253.6529031,93.00735407
0.9583333333,0.5916666667,57.5,5.558333333,175.7590333,83.59095645
0.9583333333,0.6083333333,57.5,5.641666667,213.7477091,75.2942088
0.9583333333,0.625,57.5,5.725,262.6625159,69.53617932
0.9583333333,0.6416666667,57.5,5.808333333,275.3374115,66.74102923
0.9583333333,0.6583333333,57.5,5.891666667,288.0123071,66.75829837
0.9583333333,0.675,57.5,5.975,300.6872027,69.25509826
0.9583333333,0.6916666667,57.5,6.058333333,313.3620983,73.96629049
0.9583333333,0.7083333333,57.5,6.141666667,326.0369939,80.81011259
0.9583333333,0.725,57.5,6.225,339.5035425,89.90215933
0.9583333333,0.7416666667,57.5,6.308333333,352.9700911,101.4730325
0.9583333333,0.7583333333,57.5,6.391666667,362.0000647,115.6612464
0.9583333333,0.775,57.5,6.475,366.5934632,132.1584202
0.9583333333,0.7916666667,57.5,6.558333333,371.1868617,149.7761851
0.9583333333,0.8083333333,57.5,6.641666667,376.7223111,166.1845473
0.9583333333,0.825,57.5,6.725,383.6507736,178.1961336
0.9583333333,0.8416666667,57.5,6.808333333,390.579236,182.7739095
0.9583333333,0.8583333333,57.5,6.891666667,397.0433608,178.3638135
0.9583333333,0.875,57.5,6.975,403.5074856,165.6827639
0.9583333333,0.8916666667,57.5,7.058333333,461.9812049,147.3612314
0.9583333333,0.9083333333,57.5,7.141666667,471.1822767,126.7185624
0.9583333333,0.925,57.5,7.225,304.1232993,106.5390671
0.9583333333,0.9416666667,57.5,7.308333333,582.2153285,88.49159791
0.9583333333,0.9583333333,57.5,7.391666667,408.6239186,73.21529436
0.9583333333,0.975,57.5,7.475,435.1510176,60.72431008
0.9583333333,0.9916666667,57.5,7.558333333,418.0293722,50.8108538
0.975,0.008333333333,58.5,2.641666667,40.25679647,-45.03535911
0.975,0.025,58.5,2.725,37.8128984,-56.63529179
0.975,0.04166666667,58.5,2.808333333,48.79884803,-65.29058021
0.975,0.05833333333,58.5,2.891666667,59.78479765,-70.39619644
0.975,0.075,58.5,2.975,70.77074728,-71.98479825
0.975,0.09166666667,58.5,3.058333333,81.7566969,-70.32119419
0.975,0.1083333333,58.5,3.141666667,92.74264653,-65.63274225
0.975,0.125,58.5,3.225,103.7285962,-57.97870237
0.975,0.1416666667,58.5,3.308333333,114.7145458,-47.22479725
0.975,0.1583333333,58.5,3.391666667,125.7004954,-33.11245915
0.975,0.175,58.5,3.475,136.686445,-15.44770139
0.975,0.1916666667,58.5,3.558333333,147.6723947,5.562495604
0.975,0.2083333333,58.5,3.641666667,158.6583443,28.8766441
0.975,0.225,58.5,3.725,169.6442939,52.31095823
0.975,0.2416666667,58.5,3.808333333,180.6302435,72.72769951
0.975,0.2583333333,58.5,3.891666667,178.5607738,86.95097618
0.975,0.275,58.5,3.975,163.4358848,93.10145879
0.975,0.2916666667,58.5,4.058333333,176.0279845,91.51156732
0.975,0.3083333333,58.5,4.141666667,188.6200842,84.53216195
0.975,0.325,58.5,4.225,201.212184,75.38209355
0.975,0.3416666667,58.5,4.308333333,213.8042837,66.87439834
0.975,0.3583333333,58.5,4.391666667,226.3963834,60.7333757
0.975,0.375,58.5,4.475,238.9884831,57.60691302
0.975,0.3916666667,58.5,4.558333333,248.3682826,57.45165719
0.975,0.4083333333,58.5,4.641666667,257.7480822,59.95058783
0.975,0.425,58.5,4.725,267.1278817,64.8022731
0.975,0.4416666667,58.5,4.808333333,276.5076813,71.86791302
0.975,0.4583333333,58.5,4.891666667,285.8874808,81.20964472
0.975,0.475,58.5,4.975,295.2672803,93.0349308
0.975,0.4916666667,58.5,5.058333333,292.6075523,107.5255513
0.975,0.5083333333,58.5,5.141666667,309.1911856,124.5202391
0.975,0.525,58.5,5.225,345.0181803,143.0862305
0.975,0.5416666667,58.5,5.308333333,331.1112292,161.1789303
0.975,0.5583333333,58.5,5.391666667,317.2042781,175.7518013
0.975,0.575,58.5,5.475,259.1380384,183.587611
0.975,0.5916666667,58.5,5.558333333,201.7289166,182.6208731
0.975,0.6083333333,58.5,5.641666667,220.5470799,172.9519178
0.975,0.625,58.5,5.725,269.4618867,156.7987641
0.975,0.6416666667,58.5,5.808333333,282.1367823,137.4243549
0.975,0.6583333333,58.5,5.891666667,294.8116779,117.8288735
0.975,0.675,58.5,5.975,307.4865735,99.97581763
0.975,0.6916666667,58.5,6.058333333,320.1614691,84.73137325
0.975,0.7083333333,58.5,6.141666667,332.8363647,72.22347042
0.975,0.725,58.5,6.225,345.5112603,62.26591411
0.975,0.7416666667,58.5,6.308333333,358.977809,54.6638086
0.975,0.7583333333,58.5,6.391666667,368.0077825,49.37401402
0.975,0.775,58.5,6.475,372.601181,46.55295925
0.975,0.7916666667,58.5,6.558333333,378.1366305,46.51077916
0.975,0.8083333333,58.5,6.641666667,383.6720799,49.5542352
0.975,0.825,58.5,6.725,390.6005424,55.68561524
0.975,0.8416666667,58.5,6.808333333,397.9933425,64.17946791
0.975,0.8583333333,58.5,6.891666667,404.9218049,73.21297659
0.975,0.875,58.5,6.975,417.9184551,79.90008597
0.975,0.8916666667,58.5,7.058333333,469.859649,81.0336735
0.975,0.9083333333,58.5,7.141666667,458.5119788,74.3824299
0.975,0.925,58.5,7.225,335.0076388,59.79156603
0.975,0.9416666667,58.5,7.308333333,628.93787,39.28099377
0.975,0.9583333333,58.5,7.391666667,455.3464601,16.06407717
0.975,0.975,58.5,7.475,245.1743511,-6.78019725
0.975,0.9916666667,58.5,7.558333333,244.7749303,-27.16753829
0.9916666667,0.008333333333,59.5,2.641666667,42.28951354,83.26827736
0.9916666667,0.025,59.5,2.725,53.27546316,83.84213068
0.9916666667,0.04166666667,59.5,2.808333333,64.26141279,78.19064377
0.9916666667,0.05833333333,59.5,2.891666667,75.24736241,69.41669413
0.9916666667,0.075,59.5,2.975,86.23331204,60.57273679
0.9916666667,0.09166666667,59.5,3.058333333,97.21926167,53.75246105
0.9916666667,0.1083333333,59.5,3.141666667,108.2052113,49.90977055
0.9916666667,0.125,59.5,3.225,119.1911609,49.17010458
0.9916666667,0.1416666667,59.5,3.308333333,130.1771105,51.26426427
0.9916666667,0.1583333333,59.5,3.391666667,141.1630602,55.86386938
0.9916666667,0.175,59.5,3.475,152.1490098,62.76943164
0.9916666667,0.1916666667,59.5,3.558333333,163.1349594,71.97922979
0.9916666667,0.2083333333,59.5,3.641666667,174.120909,83.6636266
0.9916666667,0.225,59.5,3.725,185.1068587,98.0339049
0.9916666667,0.2416666667,59.5,3.808333333,196.0928083,115.0718371
0.9916666667,0.2583333333,59.5,3.891666667,194.0233386,134.1238491
0.9916666667,0.275,59.5,3.975,206.6154383,153.4999405
0.9916666667,0.2916666667,59.5,4.058333333,219.207538,170.4022505
0.9916666667,0.3083333333,59.5,4.141666667,231.7996377,181.5261533
0.9916666667,0.325,59.5,4.225,244.3917375,184.2952378
0.9916666667,0.3416666667,59.5,4.308333333,256.9838372,178.072399
0.9916666667,0.3583333333,59.5,4.391666667,269.5759369,164.4844992
0.9916666667,0.375,59.5,4.475,282.1680366,146.6074636
0.9916666667,0.3916666667,59.5,4.558333333,291.5478361,127.6314454
0.9916666667,0.4083333333,59.5,4.641666667,300.9276357,109.8705936
0.9916666667,0.425,59.5,4.725,310.3074352,94.49799164
0.9916666667,0.4416666667,59.5,4.808333333,319.6872347,81.81672908
0.9916666667,0.4583333333,59.5,4.891666667,329.0670343,71.69301262
0.9916666667,0.475,59.5,4.975,338.4468338,63.90693371
0.9916666667,0.4916666667,59.5,5.058333333,347.8266334,58.35546232
0.9916666667,0.5083333333,59.5,5.141666667,364.4102667,55.13176884
0.9916666667,0.525,59.5,5.225,350.5033156,54.50865227
0.9916666667,0.5416666667,59.5,5.308333333,336.5963645,56.81970875
0.9916666667,0.5583333333,59.5,5.391666667,322.6894134,62.20508181
0.9916666667,0.575,59.5,5.475,280.0000544,70.21627708
0.9916666667,0.5916666667,59.5,5.558333333,268.7215743,79.39873878
0.9916666667,0.6083333333,59.5,5.641666667,257.4430942,87.15791698
0.9916666667,0.625,59.5,5.725,276.2612575,90.26808889
0.9916666667,0.6416666667,59.5,5.808333333,288.9361531,86.0531297
0.9916666667,0.6583333333,59.5,5.891666667,301.6110487,73.6492979
0.9916666667,0.675,59.5,5.975,314.2859443,54.46886084
0.9916666667,0.6916666667,59.5,6.058333333,326.9608399,31.50434904
0.9916666667,0.7083333333,59.5,6.141666667,339.6357356,8.007278487
0.9916666667,0.725,59.5,6.225,352.3106312,-13.57692231
0.9916666667,0.7416666667,59.5,6.308333333,364.9855268,-31.9593937
0.9916666667,0.7583333333,59.5,6.391666667,374.0155003,-46.78046195
0.9916666667,0.775,59.5,6.475,379.5509498,-58.177992
0.9916666667,0.7916666667,59.5,6.558333333,385.0863993,-66.41894697
0.9916666667,0.8083333333,59.5,6.641666667,390.6218487,-71.6775898
0.9916666667,0.825,59.5,6.725,397.5503112,-73.9417058
0.9916666667,0.8416666667,59.5,6.808333333,404.9431113,-73.01656978
0.9916666667,0.8583333333,59.5,6.891666667,412.3359113,-68.62846028
0.9916666667,0.875,59.5,6.975,427.9744077,-60.65955234
0.9916666667,0.8916666667,59.5,7.058333333,447.9457002,-49.52766849
0.9916666667,0.9083333333,59.5,7.141666667,406.8056371,-36.61257939
0.9916666667,0.925,59.5,7.225,263.5649389,-24.44417086
0.9916666667,0.9416666667,59.5,7.308333333,736.6282432,-16.28294014
0.9916666667,0.9583333333,59.5,7.391666667,526.4561343,-15.00086412
0.9916666667,0.975,59.5,7.475,304.090459,-21.77984001
0.9916666667,0.9916666667,59.5,7.558333333,81.72478371,-35.51422356
