id,x,y,height,new_height,depth,parent0,parent1,active,gate_admitted,free_coefficient,dormant_coefficient,retired_coefficient,conformity_origin,sigma_sq,delta_pooled,sigma_pooled,lambda_v,prior_mean,admit_a,current_n_points,current_fit_points,current_xTx,current_fit_xTx,current_keff
1637,0,0,-380.1569045,-380.1569045,0,-1,-1,1,0,1,0,0,0,1e+300,0,1e+300,0,0,0,0,0,0,0,0
1638,0,1,78.05215559,78.05215559,0,-1,-1,1,0,1,0,0,0,4.461722315e+14,0,1e+300,0,0,0,2,0,2.24128695e-15,0,0.00224128695
1639,1,0,22.71286645,22.71286645,0,-1,-1,1,0,1,0,0,0,1e+300,0,1e+300,0,0,0,0,0,0,0,0
1640,1,1,0,137.1063249,0,-1,-1,1,0,1,0,0,0,74.27836674,0,1e+300,0,0,0,82,42,0.01346287006,0.01346287005,4.181777748
1641,0.5,0.5,144.138082,144.138082,1,1637,1640,1,0,1,0,0,1,0.4267697725,312.4247443,5.466460047,0.0001245265124,0,0,3989,3989,2.34318376,2.34318376,28.7748945
1642,0,0.5,-573.8029899,-573.8029899,1,1638,1637,1,0,1,0,0,0,1.137835929,-615.8184126,15.35418033,0.0001245265124,0,0,3876,3876,0.8788613317,0.8788613317,8.21835112
1643,0.5,1,219.9145784,219.9145784,1,1640,1638,1,0,1,0,0,0,97626.43371,202.0142674,69.99660943,0.0001,0,0,1,1,1.024312742e-05,1.024312742e-05,0.02658960352
1644,0.5,0,-19.48789557,-19.48789557,1,1639,1637,1,0,1,0,0,0,209.6678602,156.8244597,204.3328903,0.0001245265124,0,0,23,23,0.004769448207,0.004769448207,0.9644717625
1645,1,0.5,240.3533398,240.3533398,1,1640,1639,1,0,1,0,0,0,2788.040746,-57.31066594,1260.120418,2.182714527e-05,0,0,32,32,0.0003586748154,0.0003586748154,1.67406409
1646,0.25,0.25,5.520778192,5.520778192,2,1637,1641,1,0,1,0,0,1,0.08850202841,123.5373773,0.08850105304,0.0001245265124,0,0,15075,15075,11.29917605,11.29917605,32.39554114
1647,0.25,0.75,-142.5757591,-142.5757591,2,1641,1638,1,0,1,0,0,1,5427.827784,0,0,0,0,0,12,12,0.0001842357643,0.0001842357643,0.1002675803
1648,0.75,0.75,234.8426319,234.8426319,2,1641,1640,1,0,1,0,0,1,114.9680275,241.4027444,1184.888552,0.0001245265124,0,0,633,633,0.008698070424,0.008698070424,0.7966406563
1649,0.75,0.25,-21.14708022,-21.14708022,2,1641,1639,1,0,1,0,0,1,1240.481237,-100.011223,1074.500181,0.0001245265124,0,0,12,12,0.0008061387553,0.0008061387553,1.487441054
1650,0,0.75,-32.99258352,-32.99258352,2,1638,1642,1,0,1,0,0,0,1.84696785,477.755464,44.8357088,0.0001245265124,0,0,2336,2336,0.5414279408,0.5414279408,9.228816623
1651,0.25,0.5,28.14171876,28.14171876,2,1642,1641,1,0,1,0,0,0,0.373050211,242.8885892,0.4394096636,0.0001245265124,0,0,4477,4477,2.680604301,2.680604301,24.21325137
1652,0,0.25,-848.5713649,-848.5713649,2,1642,1637,1,0,1,0,0,0,301.7783095,-2.372865207,16.51602129,2.182714527e-05,0,0,40,40,0.003313690774,0.003313690774,0.2722470693
1653,0.5,0.25,78.79077773,78.79077773,2,1644,1641,1,0,1,0,0,0,0.1849616042,16.43798601,0.1849573442,0.0001245265124,0,0,5907,5907,5.406527501,5.406527501,19.08688484
1654,0.25,0,-101.4963463,-101.4963463,2,1644,1637,1,0,1,0,0,0,1.499315967,98.30849758,1.49903609,0.0001245265124,0,0,486,486,0.6669708198,0.6669708198,1.180764391
1655,0.75,0,1.612485443,1.612485443,2,1639,1644,1,0,0,0,1,0,1e+300,0,0,0,0,0,0,0,0,0,0
1656,0.75,1,450.8584039,450.8584039,2,1640,1643,1,0,1,0,0,0,312.142967,-2380.936546,147.417743,4.850432913e-05,0,0,184,184,0.0032036602,0.0032036602,0.3651454129
1657,0.5,0.75,191.5691369,191.5691369,2,1643,1641,1,0,1,0,0,0,167.6474023,-504.2158452,32.92701622,0.0001,0,0,354,354,0.005964900059,0.005964900059,1.782993176
1658,0.25,1,148.983367,148.983367,2,1643,1638,1,0,0,0,1,0,1e+300,0,0,0,0,0,0,0,0,0,0
1659,0.75,0.5,145.3400993,145.3400993,2,1645,1641,1,0,1,0,0,0,2.043391904,-45.65757047,3.807847903,0.0001245265124,0,0,1252,1252,0.4893823832,0.4893823832,9.39372788
1660,1,0.25,131.5331031,131.5331031,2,1645,1639,1,0,0,0,1,0,6.412628122e+12,0,0,0,0,0,2,0,1.559423034e-13,0,0.1559423034
1661,1,0.75,343.3362591,343.3362591,2,1640,1645,1,0,1,0,0,0,306.8627162,198.1562858,473.2595093,0.0001245265124,0,0,149,149,0.003258786249,0.003258786249,1.798117408
1662,0.125,0.125,-270.6864362,-270.6864362,3,1637,1646,1,0,1,0,0,1,0.1272484989,-83.36036958,0.1272464825,0.0001245265124,0,0,6852,6852,7.858638876,7.858638876,21.65856819
1663,0.125,0.375,-169.8977644,-169.8977644,3,1646,1642,1,0,1,0,0,1,0.3362815746,115.0977339,0.366346681,0.0001245265124,0,0,5132,5132,2.973698459,2.973698459,14.29158437
1664,0.375,0.375,83.84223456,83.84223456,3,1646,1641,1,0,1,0,0,1,0.1325923232,8.673056301,0.1390053305,0.0001245265124,0,0,11315,11315,7.541914762,7.541914762,29.85144201
1665,0.375,0.125,4.953040987,4.953040987,3,1646,1644,1,0,1,0,0,1,0.7131382619,11.90534741,0.7130749375,0.0001245265124,0,0,1974,1974,1.402252625,1.402252625,4.971504492
1666,0,0.375,-1078.530477,-1078.530477,3,1642,1652,1,0,1,0,0,0,247.2021642,305.701696,13.07547643,0.0001176702566,0,0,98,98,0.004045272027,0.004045272027,0.1045542281
1667,0.125,0.25,-222.4138903,-222.4138903,3,1652,1646,1,0,1,0,0,0,0.383548596,199.1145252,0.3835302777,0.0001245265124,0,0,5182,5182,2.607231549,2.607231549,11.35189501
1668,0,0.125,-619.5458834,-619.5458834,3,1652,1637,1,0,1,0,0,0,2920357.275,-22.51161528,0.1862373983,0.0001,0,0,1,1,3.424238563e-07,3.424238563e-07,0.001296051588
1669,0.375,0.625,75.11914226,75.11914226,3,1641,1647,1,0,1,0,0,1,34.74520281,153.5624044,175.6566957,0.0001245265124,0,0,391,391,0.02878095159,0.02878095159,1.12973024
1670,0.125,0.625,-80.44205337,-80.44205337,3,1647,1642,1,0,1,0,0,1,0.4588109625,267.6291507,0.6959045698,0.0001245265124,0,0,4006,4006,2.179546876,2.179546876,11.57756411
1671,0.125,0.875,-167.3482834,-167.3482834,3,1647,1638,1,0,1,0,0,1,4.682582081,-136.2326352,68.62036811,0.0001245265124,0,0,702,702,0.2135573884,0.2135573884,6.520011867
1672,0.375,0.875,38.66940963,38.66940963,3,1647,1643,1,0,0,0,1,1,1e+300,0,0,0,0,0,0,0,0,0,0
1673,0,0.875,219.7385481,219.7385481,3,1638,1650,1,0,1,0,0,0,54.33384557,299.550354,1645.673457,0.0001245265124,0,0,185,185,0.01840473446,0.01840473446,1.214281978
1674,0.125,0.75,-94.81966048,-94.81966048,3,1650,1647,1,0,1,0,0,0,1.080914976,9.461607498,1.969655746,0.0001245265124,0,0,2596,2596,0.9251421457,0.9251421457,8.885880915
1675,0,0.625,-216.5340443,-216.5340443,3,1650,1642,1,0,1,0,0,0,1.925558244,100.9606142,3.0681604,0.0001245265124,0,0,3352,3352,0.5193299155,0.5193299155,7.627637157
1676,0.25,0.125,14.73724104,14.73724104,3,1654,1646,1,0,1,0,0,0,1.427508426,62.72512358,1.427254713,0.0001245265124,0,0,2937,2937,0.700521259,0.700521259,2.234761779
1677,0.125,0,-359.7088624,-359.7088624,3,1654,1637,1,0,1,0,0,0,9.853798855,-118.8742182,9.841722478,0.0001245265124,0,0,123,123,0.1014837034,0.1014837034,0.6421133607
1678,0.375,0,-64.75177402,-64.75177402,3,1644,1654,1,0,1,0,0,0,3038.854127,114.7007957,2567.029608,0.0001,0,0,8,8,0.000329071406,0.000329071406,0.3061260707
1679,0.125,0.5,-129.4871004,-129.4871004,3,1642,1651,1,0,1,0,0,0,0.4741477173,138.9527521,0.5083989582,0.0001245265124,0,0,1762,1762,2.109047378,2.109047378,9.866403121
1680,0.25,0.625,50.62426173,50.62426173,3,1651,1647,1,0,1,0,0,0,23.33073789,99.74801699,81.20156571,0.0001245265124,0,0,507,507,0.04286191053,0.04286191053,1.372061396
1681,0.375,0.5,136.8074066,136.8074066,3,1651,1641,1,0,1,0,0,0,8.005497993,55.38318232,8.515291584,0.0001245265124,0,0,796,796,0.1249141529,0.1249141529,3.942776587
1682,0.25,0.375,11.30205109,11.30205109,3,1651,1646,1,0,1,0,0,0,0.1452316417,-5.529270314,0.1452290152,0.0001245265124,0,0,7858,7858,6.885551855,6.885551855,24.9329918
1683,0.375,1,184.4489727,184.4489727,3,1643,1658,1,0,0,0,1,0,1e+300,0,0,0,0,0,0,0,0,0,0
1684,0.25,0.875,3.203803929,3.203803929,3,1658,1647,1,0,0,0,1,0,1e+300,0,0,0,0,0,0,0,0,0,0
1685,0.125,1,181.7662021,181.7662021,3,1658,1638,1,0,1,0,0,0,97076.9913,-52.68831774,9257.532385,0.0001,0,0,7,7,1.030110211e-05,1.030110211e-05,0.005776313309
1686,0.5,0.125,-58.08565978,-58.08565978,3,1644,1653,1,0,1,0,0,0,11.60130601,-87.76857534,11.58457013,0.0001245265124,0,0,202,202,0.08619719183,0.08619719183,2.286250812
1687,0.375,0.25,30.63312765,30.63312765,3,1653,1646,1,0,1,0,0,0,0.1780178627,-11.52204472,0.1780139164,0.0001245265124,0,0,5183,5183,5.617413809,5.617413809,16.30701975
1688,0.5,0.375,108.8333101,108.8333101,3,1653,1641,1,0,1,0,0,0,0.2422309474,-2.314297458,0.288592362,0.0001245265124,0,0,5101,5101,4.12829166,4.12829166,27.66175868
1689,0.625,0.375,109.7583731,109.7583731,3,1641,1649,1,0,1,0,0,1,0.9283564458,47.32401167,6.655392664,0.0001245265124,0,0,3541,3541,1.077172464,1.077172464,14.48909432
1690,0.875,0.375,46.08151452,46.08151452,3,1649,1645,1,0,1,0,0,1,591.2919978,-225.6082395,909.9457839,2.182714527e-05,0,0,159,159,0.001691211793,0.001691211793,0.2310880734
1691,0.875,0.125,0.782893114,0.782893114,3,1649,1639,1,0,0,0,1,1,2.067343355e+12,0,0,0,0,0,1,0,4.837125859e-13,0,0.4837125859
1692,0.625,0.125,-20.3174879,-20.3174879,3,1649,1644,1,0,0,0,1,1,1e+300,0,0,0,0,0,0,0,0,0,0
1693,0.625,0.25,-98.15146927,-98.15146927,3,1653,1649,1,0,1,0,0,0,12935.97377,-88.80026702,4611.432065,0.0001,0,0,8,8,7.730380551e-05,7.730380551e-05,0.1228148688
1694,0.625,0.625,220.9206316,220.9206316,3,1641,1648,1,0,1,0,0,1,3.353061112,63.88046997,24.68257289,0.0001245265124,0,0,2503,2503,0.2982349461,0.2982349461,4.647282406
1695,0.625,0.875,204.5225591,204.5225591,3,1648,1643,1,0,1,0,0,1,251.1176928,-23.63591122,1426.978998,0.0001245265124,0,0,120,120,0.003982196511,0.003982196511,2.180536546
1696,0.875,0.875,367.7286395,367.7286395,3,1648,1640,1,0,1,0,0,1,12.27515729,290.2553731,245.2402791,0.0001245265124,0,0,888,888,0.08146535121,0.08146535121,7.617407504
1697,0.875,0.625,241.980555,241.980555,3,1648,1645,1,0,1,0,0,1,140.579049,10.83431385,1500.457299,0.0001245265124,0,0,573,573,0.007113435515,0.007113435515,0.8784675994
1698,0.5,0.875,205.4805763,205.4805763,3,1643,1657,1,0,1,0,0,0,571136.9518,-152.9430292,11.08613642,0.0001,0,0,2,2,1.750893541e-06,1.750893541e-06,0.006274780636
1699,0.625,0.75,230.6467239,230.6467239,3,1657,1648,1,0,1,0,0,0,18.3738474,25.24960879,24.67177245,0.0001245265124,0,0,958,958,0.0544251826,0.0544251826,2.353630687
1700,0.5,0.625,38.56981575,38.56981575,3,1657,1641,1,0,1,0,0,0,24.02098854,4.221609997,293.8316246,0.0001245265124,0,0,1351,1351,0.04163026007,0.04163026007,1.107265512
1701,0.375,0.75,60.32811055,60.32811055,3,1657,1647,1,0,1,0,0,0,125357.7963,-70.28913302,7987.626951,0.0001,0,0,1,1,7.977166394e-06,7.977166394e-06,0.01501456189
1702,0.75,0.125,-9.767297391,-9.767297391,3,1655,1649,1,0,0,0,1,0,1e+300,0,0,0,0,0,0,0,0,0,0
1703,0.625,0,-8.937705062,-8.937705062,3,1655,1644,1,0,0,0,1,0,1e+300,0,0,0,0,0,0,0,0,0,0
1704,0.875,0,12.16267595,12.16267595,3,1639,1655,1,0,0,0,1,0,1e+300,0,0,0,0,0,0,0,0,0,0
1705,0.875,0.5,99.12841615,99.12841615,3,1645,1659,1,0,1,0,0,0,193.3063859,-0.9241789105,1428.537023,0.0001245265124,0,0,330,330,0.005173134842,0.005173134842,0.2534216725
1706,0.75,0.375,109.8327565,109.8327565,3,1659,1649,1,0,1,0,0,0,27.37593402,17.48767472,167.6779199,0.0001245265124,0,0,198,198,0.03652843404,0.03652843404,5.851857461
1707,0.625,0.5,137.8894995,137.8894995,3,1659,1641,1,0,1,0,0,0,17.38151433,-2.681614125,31.40950392,0.0001245265124,0,0,1045,1045,0.05753238649,0.05753238649,6.979158513
1708,0.75,0.625,248.1036899,248.1036899,3,1659,1648,1,0,1,0,0,0,7.589459252,79.89722452,31.12363783,0.0001245265124,0,0,1034,1034,0.131761693,0.131761693,3.571546741
1709,0.875,1,412.9865638,412.9865638,3,1640,1656,1,0,1,0,0,0,51.55182116,189.9247942,146.4671515,0.0001245265124,0,0,143,143,0.0193979568,0.0193979568,4.047816774
1710,0.75,0.875,283.2469532,283.2469532,3,1656,1648,1,0,1,0,0,0,654.1301002,-887.2501489,14.44693793,4.850432913e-05,0,0,102,102,0.001528747874,0.001528747874,0.2726240456
1711,0.625,1,335.3864911,335.3864911,3,1656,1643,1,0,0,0,1,0,8.243705952e+13,0,0,0,0,0,1,0,1.213046664e-14,0,0.01213046664
1712,0.875,0.25,55.19301146,55.19301146,3,1660,1649,1,0,0,0,1,0,1.478424784e+13,0,0,0,0,0,2,0,6.763955871e-14,0,0.06763955871
1713,1,0.125,77.1229848,77.1229848,3,1660,1639,1,0,0,0,1,0,1e+300,0,0,0,0,0,0,0,0,0,0
1714,1,0.375,192.8885906,192.8885906,3,1645,1660,1,0,1,0,0,0,1957454.444,-41.1139836,9830.308988,0.0001,0,0,1,1,5.108675724e-07,5.108675724e-07,0.003912350795
1715,0.875,0.75,319.0496322,319.0496322,3,1661,1648,1,0,1,0,0,0,42.03101463,9.546003934,1196.477516,0.0001245265124,0,0,943,943,0.02379195479,0.02379195479,1.424512412
1716,1,0.625,261.1206632,261.1206632,3,1661,1645,1,0,1,0,0,0,2166.864946,-263.5432368,398.1216002,4.850432913e-05,0,0,53,53,0.0004614962284,0.0004614962284,3.350472484
1717,1,0.875,401.2698756,401.2698756,3,1640,1661,1,0,1,0,0,0,102.862513,153.062798,1754.709815,0.0001245265124,0,0,396,396,0.009721714655,0.009721714655,3.144914502
1718,0.0625,0.0625,0,0,4,1637,1662,0,0,0,0,0,0,1e+300,-104.7173685,1.423288199,0,0,0,0,0,0,0,0
1719,0.0625,0.1875,-42.01211121,-626.991224,4,1662,1652,0,0,0,0,0,0,5303.33324,-67.35909793,3193.998662,0.0001245265124,0,0,6,2,0.000188560657,0.0001885606567,0.2153231789
1720,0.1875,0.1875,0,-217.815189,4,1662,1646,0,0,0,0,0,0,0.2997829966,-85.23235822,0.2997718059,0.0001245265124,0,0,12798,6379,3.335746227,3.335746226,12.40134002
1721,0.1875,0.0625,-408.0663614,-295.7934223,4,1662,1654,0,0,0,0,0,0,0.4253943523,-109.7020334,0.4253718191,0.0001245265124,0,0,946,472,2.350759935,2.350759935,4.32107007
1722,0,0.1875,-74.27397445,-833.8017031,4,1652,1668,0,0,0,0,0,0,1584.410144,-99.70773963,1323.318073,0.0001245265124,0,0,1,1,0.000631149708,0.000631149708,0.7155501632
1723,0.0625,0.125,-32.26186324,-512.4172942,4,1668,1662,0,0,0,0,0,0,5842.737723,-67.26902016,3382.0443,0.0001245265124,0,0,1,1,0.0001711526424,0.0001711526424,0.1940400188
1724,0,0.0625,-32.26186324,-32.26186324,4,1668,1637,0,0,0,0,0,0,1e+300,0,1e+300,0,0,0,0,0,0,0,0
1725,0.1875,0.3125,-39.37638189,-100.7509451,4,1646,1663,0,0,0,0,0,0,0.6312012138,-18.56281249,0.6311516045,0.0001245265124,0,0,6232,3125,1.584280857,1.584280856,9.749007576
1726,0.0625,0.3125,-81.38849309,-272.6254373,4,1663,1652,0,0,0,0,0,0,13.92292491,236.6119906,13.8988275,0.0001245265124,0,0,76,38,0.07182398858,0.07182398858,1.711271279
1727,0.0625,0.4375,-371.8503771,-371.8503771,4,1663,1642,1,0,0,0,0,1,3.378020824,0,0,0,0,0,445,214,0.2960313308,0.2960313307,3.999293329
1728,0.1875,0.4375,-70.8780228,-70.8780228,4,1663,1651,1,0,0,0,0,1,7.085667837,0,0,0,0,0,3543,1763,0.1411299574,0.1411299573,9.808039174
1729,0,0.4375,-217.162436,-974.736625,4,1642,1666,0,0,0,0,0,0,118.4403763,-148.5701049,116.7188932,0.0001245265124,0,0,123,62,0.008443066727,0.008443066709,1.851843587
1730,0.0625,0.375,-177.7860541,-388.0622149,4,1666,1663,0,0,0,0,0,0,6.46162005,236.1457996,6.456424933,0.0001245265124,0,0,74,36,0.1547599506,0.1547599506,3.763741298
1731,0,0.3125,-180.4217834,-950.8589136,4,1666,1652,0,0,0,0,0,0,4.283144957,12.68948848,4.280861695,0.0001245265124,0,0,55,27,0.2334733029,0.2334733029,3.690929385
1732,0.1875,0.6875,-39.37638189,-306.1711451,4,1647,1670,0,0,0,0,0,0,1817.28597,-195.3283092,1481.925752,0.0001245265124,0,0,24,10,0.0005502711277,0.0005502711269,0.4182730273
1733,0.1875,0.5625,-119.8611008,-119.8611008,4,1670,1651,1,1,1,0,0,1,581.2198973,-96.8588166,541.9919868,0.0001245265124,0,69.81721412,237,237,0.001720519213,0.001720519213,0.6259471115
1734,0.0625,0.5625,-327.1225216,-327.1225216,4,1670,1642,1,0,0,0,0,1,1.067344271,0,0,0,0,0,4191,2094,0.9369048272,0.936904827,4.693599441
1735,0.0625,0.6875,-197.7297553,-197.7297553,4,1670,1650,1,1,1,0,0,1,0.4518826703,-141.3164619,0.5099568039,0.0001245265124,0,45.37388289,4054,4054,2.21296382,2.21296382,14.36573635
1736,0,0.6875,143.8584488,143.8584488,4,1650,1675,1,1,1,0,0,1,7.298612676,268.4363277,7.291985197,0.0001245265124,0,85.16212481,1677,1677,0.1370123398,0.1370123398,4.595781368
1737,0.0625,0.625,-185.3716647,-185.3716647,4,1675,1670,1,1,1,0,0,1,1.637178722,-36.86412485,1.636845014,0.0001245265124,0,36.89620893,2694,2694,0.6108068634,0.6108068634,4.55596687
1738,0,0.5625,-395.1685171,-395.1685171,4,1675,1642,1,0,0,0,0,1,2.838228323,0,0,0,0,0,3719,1855,0.3523324716,0.3523324713,5.193724579
1739,0.1875,0.8125,-154.9620213,-154.9620213,4,1647,1671,1,0,0,0,0,1,1e+300,0,0,0,0,0,0,0,0,0,0
1740,0.0625,0.8125,-100.1704335,-100.1704335,4,1671,1650,1,0,0,0,0,1,6.577929441,0,0,0,0,0,842,422,0.1520235218,0.1520235217,4.177690188
1741,0.0625,0.9375,-44.64806392,-44.64806392,4,1671,1638,1,0,0,0,0,1,106.4055906,0,0,0,0,0,43,23,0.009398002435,0.009398002429,2.657278397
1742,0.1875,0.9375,147.6712887,147.6712887,4,1671,1658,0,0,0,0,0,0,1e+300,-59.52197841,590.0082498,0,0,0,0,0,0,0,0
1743,0,0.9375,-39.65428326,151.8204433,4,1638,1673,0,0,0,0,0,0,4.840146694e+14,5.485276233e-08,8030.418431,0.0001245265124,0,0,2,0,2.066053083e-15,0,0.002066053083
1744,0.0625,0.875,26.19513233,26.19513233,4,1673,1671,1,0,0,0,0,1,17.46027253,0,0,0,0,0,235,119,0.05727287464,0.05727287462,3.235312332
1745,0,0.8125,93.37298228,93.37298228,4,1673,1650,1,0,0,0,0,1,192.7263336,0,0,0,0,0,79,35,0.005188704528,0.005188704525,0.7003451642
1746,0.125,0.0625,-290.7456229,-388.3131073,4,1677,1662,0,0,0,0,0,0,0.8150389292,-73.11542964,0.8149562161,0.0001245265124,0,0,251,123,1.226935259,1.226935259,2.567725524
1747,0.0625,0,-290.7456229,-290.7456229,4,1677,1637,0,0,0,0,0,0,1e+300,0,1e+300,0,0,0,0,0,0,0,0
1748,0.1875,0,-698.8119842,-234.4001961,4,1654,1677,0,0,0,0,0,0,0.4145695231,-3.797566225,0.4145481221,0.0001245265124,0,0,251,123,2.412140653,2.412140653,4.878080277
1749,0.0625,0.25,-274.2865115,-545.8486865,4,1652,1667,0,0,0,0,0,0,10.44942818,-10.35278239,10.43584873,0.0001245265124,0,0,26,12,0.09569901652,0.09569901651,3.062304362
1750,0.125,0.3125,-271.6507822,-219.1442319,4,1667,1663,0,0,0,0,0,0,0.8109048638,-22.98871542,0.8108229876,0.0001245265124,0,0,2635,1316,1.233190285,1.233190284,10.06233936
1751,0.1875,0.25,-232.2744003,-88.41629557,4,1667,1646,0,0,0,0,0,0,0.1974039697,20.0303133,0.1973991172,0.0001245265124,0,0,10333,5170,5.065754258,5.065754256,20.37430265
1752,0.125,0.1875,-232.2744003,-279.0492127,4,1667,1662,0,0,0,0,0,0,0.3487247787,-32.49899801,0.3487096358,0.0001245265124,0,0,7724,3866,2.867590894,2.867590893,10.13333476
1753,0.0625,0.5,-351.6450451,-351.6450451,4,1642,1679,1,0,0,0,0,1,4.376101862,0,0,0,0,0,633,320,0.2285138764,0.2285138764,2.521636592
1754,0.125,0.5625,-220.4452918,-218.4055143,4,1679,1670,0,0,0,0,0,0,2.639959292,-113.4463802,2.639091704,0.0001245265124,0,0,1741,872,0.3787937197,0.3787937196,3.253997414
1755,0.1875,0.5,-50.67269081,-50.67269081,4,1679,1651,1,0,0,0,0,1,69.49591776,0,0,0,0,0,427,214,0.0143893344,0.0143893344,2.608208963
1756,0.125,0.4375,-220.4452918,-197.6465059,4,1679,1663,0,0,0,0,0,0,1.121072292,-47.95380328,1.120915808,0.0001245265124,0,0,721,356,0.892003136,0.8920031358,4.221536731
1757,0.0625,0.75,-63.906122,-63.906122,4,1650,1674,1,0,0,0,0,1,1.975607716,0,0,0,0,0,2644,1330,0.5061733622,0.506173362,4.809419707
1758,0.125,0.8125,-131.0839719,-131.0839719,4,1674,1671,1,0,0,0,0,1,43.80517141,0,0,0,0,0,427,219,0.02282835492,0.02282835491,0.9192663397
1759,0.1875,0.75,-63.86951721,-32.607379,4,1674,1647,0,0,0,0,0,0,51.78145664,85.41242648,51.44970052,0.0001245265124,0,0,19,9,0.01931193259,0.01931193258,1.297410166
1760,0.125,0.6875,-103.2458991,-204.0468953,4,1674,1670,0,0,0,0,0,0,9.603245204,-116.4400225,9.591774798,0.0001245265124,0,0,1612,796,0.1041314658,0.1041314658,2.421200581
1761,0.1875,1,195.1627741,195.1627741,4,1658,1685,0,0,0,0,0,0,1e+300,0,1e+300,0,0,0,0,0,0,0,0
1762,0.125,0.9375,47.49148546,88.66184508,4,1685,1671,0,0,0,0,0,0,31171.5023,81.26160863,6385.406682,0.0001245265124,0,0,12,7,3.208058407e-05,3.208058397e-05,0.02292598958
1763,0.0625,1,47.49148546,47.49148546,4,1685,1638,0,0,0,0,0,0,1e+300,-89.48358715,284.4284717,0,0,0,0,0,0,0,0
1764,0.25,0.0625,-593.7808882,-172.5463204,4,1654,1676,0,0,0,0,0,0,0.677766056,-129.1669225,0.6777088574,0.0001245265124,0,0,716,359,1.475435353,1.475435353,3.107924585
1765,0.1875,0.125,-185.7145269,-228.9304646,4,1676,1662,0,0,0,0,0,0,0.2045450905,-100.9560189,0.2045398806,0.0001245265124,0,0,5774,2863,4.88889759,4.888897588,13.70424168
1766,0.25,0.1875,-185.7145269,-51.47413632,4,1676,1646,0,0,0,0,0,0,0.2291148012,-61.60329652,0.2291082645,0.0001245265124,0,0,5214,2578,4.364624175,4.364624173,14.49455962
1767,0.3125,0.1875,20.745421,-9.820693723,4,1646,1665,0,0,0,0,0,0,0.6354841435,-15.05720735,0.6354338587,0.0001245265124,0,0,1027,516,1.573603386,1.573603386,3.806361094
1768,0.4375,0.1875,73.74591959,38.36245717,4,1665,1653,0,0,0,0,0,0,0.3950070578,-3.508735657,0.3949876288,0.0001245265124,0,0,2828,1421,2.531600335,2.531600335,6.073238267
1769,0.4375,0.0625,62.236263,-6.98838291,4,1665,1644,0,0,0,0,0,0,63.10732791,0.2482330265,62.61526364,0.0001245265124,0,0,45,23,0.01584602031,0.01584602031,3.206813954
1770,0.3125,0.0625,-387.3209404,-27.65742528,4,1665,1654,0,0,0,0,0,0,293.1106855,20.61461915,282.7888769,0.0001245265124,0,0,27,14,0.003411680466,0.003411680464,1.727965982
1771,0.3125,0.125,-164.9691059,-7.00239333,4,1676,1665,0,0,0,0,0,0,2.235515944,-16.84729214,2.234893792,0.0001245265124,0,0,156,74,0.4473240294,0.4473240294,5.458035283
1772,0.3125,0.3125,0,36.71067062,4,1646,1664,0,0,0,0,0,0,0.2328588587,-7.970905624,0.2328521067,0.0001245265124,0,0,10094,5055,4.294446883,4.294446882,11.04311623
1773,0.3125,0.4375,-0.09675716912,49.57842028,4,1664,1651,0,0,0,0,0,0,1.16392024,-6.413610549,1.163751567,0.0001245265124,0,0,3919,1961,0.8591654014,0.8591654011,9.00179568
1774,0.4375,0.4375,113.9901583,113.9901583,4,1664,1641,1,0,0,0,0,1,2.184399445,0,0,0,0,0,1518,756,0.4577917295,0.4577917294,4.526088368
1775,0.4375,0.3125,53.00049859,30.37609108,4,1664,1653,0,0,0,0,0,0,0.2524458871,-50.94016436,0.2524379514,0.0001245265124,0,0,7120,3543,3.961244968,3.961244967,12.98868983
1776,0.25,0.4375,16.39272887,19.27556793,4,1651,1682,0,0,0,0,0,0,0.2480830086,-0.4462528826,0.2480753448,0.0001245265124,0,0,5355,2666,4.03090887,4.030908869,20.78769846
1777,0.3125,0.375,16.48948604,56.44985003,4,1682,1664,0,0,0,0,0,0,0.1492200724,8.877682568,0.1492172997,0.0001245265124,0,0,9254,4621,6.701511289,6.701511287,22.90867524
1778,0.25,0.3125,16.48948604,-6.98875575,4,1682,1646,0,0,0,0,0,0,0.1686035914,-15.40012198,0.1686000516,0.0001245265124,0,0,9676,4847,5.931071762,5.93107176,22.18235008
1779,0.1875,0.375,-22.88689585,-122.6941843,4,1682,1663,0,0,0,0,0,0,0.3632580656,-43.39664285,0.3632416342,0.0001245265124,0,0,4321,2165,2.752863858,2.752863858,11.08289204
1780,0.25,0.5625,39.38299024,39.38299024,4,1651,1680,1,0,0,0,0,1,15.05100933,0,0,0,0,0,1002,500,0.06644072686,0.0664407268,1.601741009
1781,0.1875,0.625,-76.39489694,-166.8067754,4,1680,1670,0,0,0,0,0,0,9280.417282,-151.9026087,4305.143624,0.0001245265124,0,0,9,3,0.0001077537755,0.0001077537736,0.1159432816
1782,0.25,0.6875,-37.01851506,-48.06586097,4,1680,1647,0,0,0,0,0,0,3250.586296,-2.748761585,2313.940002,0.0001245265124,0,0,9,3,0.0003076368104,0.0003076368097,0.3684677282
1783,0.4375,0.5625,109.6286121,109.6286121,4,1641,1669,1,0,0,0,0,1,1028.080989,0,0,0,0,0,29,14,0.0009726860144,0.0009726860121,0.442306803
1784,0.3125,0.5625,51.63043051,51.63043051,4,1669,1651,1,0,0,0,0,1,17.45934022,0,0,0,0,0,624,312,0.05727593297,0.05727593296,1.390404054
1785,0.3125,0.6875,0,-24.29848012,4,1669,1647,0,0,0,0,0,0,454568.7154,8.768650586,7891.015619,0.0001245265124,0,0,4,2,2.199887423e-06,2.199887422e-06,0.002803584689
1786,0.4375,0.6875,133.3441396,133.3441396,4,1669,1657,1,0,0,0,0,1,2417.071979,0,0,0,0,0,19,9,0.0004137237157,0.0004137237151,0.2013921761
1787,0.3125,0.625,-37.01851506,18.57141086,4,1680,1669,0,0,0,0,0,0,1061.652199,-44.30012772,937.6864448,0.0001245265124,0,0,9,4,0.0009419280637,0.0009419280633,0.09566523946
1788,0.3125,0.8125,161.8997881,161.8997881,4,1647,1672,0,0,0,0,0,0,1e+300,0,1e+300,0,0,0,0,0,0,0,0
1789,0.3125,0.9375,309.5710768,309.5710768,4,1672,1658,0,0,0,0,0,0,1e+300,0,1e+300,0,0,0,0,0,0,0,0
1790,0.4375,0.9375,485.6993643,485.6993643,4,1672,1643,0,0,0,0,0,0,1e+300,0,1e+300,0,0,0,0,0,0,0,0
1791,0.4375,0.8125,269.3136558,269.3136558,4,1672,1657,0,0,0,0,0,0,1e+300,0,1e+300,0,0,0,0,0,0,0,0
1792,0.25,0.9375,221.506933,221.506933,4,1658,1684,0,0,0,0,0,0,1e+300,0,1e+300,0,0,0,0,0,0,0,0
1793,0.3125,0.875,235.7354324,235.7354324,4,1684,1672,0,0,0,0,0,0,1e+300,0,1e+300,0,0,0,0,0,0,0,0
1794,0.25,0.8125,73.83564433,73.83564433,4,1684,1647,0,0,0,0,0,0,1e+300,0,1e+300,0,0,0,0,0,0,0,0
1795,0.1875,0.875,73.83564433,73.83564433,4,1684,1671,0,0,0,0,0,0,1e+300,0,1e+300,0,0,0,0,0,0,0,0
1796,0.375,0.0625,-105.1919408,-24.71404043,4,1678,1665,0,0,0,0,0,0,533.3984527,5.212388319,500.1756604,0.0001245265124,0,0,15,8,0.001874771093,0.00187477109,1.998866009
1797,0.3125,0,-534.0037232,-57.38415887,4,1678,1654,0,0,0,0,0,0,382.0121426,25.76656656,364.6648045,0.0001245265124,0,0,6,4,0.002617717838,0.002617717837,2.272427172
1798,0.4375,0,-84.44651982,-45.76451642,4,1644,1678,0,0,0,0,0,0,405.8622155,-3.649219492,386.3365329,0.0001245265124,0,0,9,4,0.002463890359,0.002463890357,2.738226775
1799,0.4375,0.25,71.13860066,49.97865138,4,1653,1687,0,0,0,0,0,0,0.09654115151,-4.733101891,0.09653999091,0.0001245265124,0,0,5389,2703,10.35827711,10.35827711,29.19674843
1800,0.375,0.1875,38.88352306,11.67091559,4,1687,1665,0,0,0,0,0,0,0.1516718774,-6.121897098,0.1516690128,0.0001245265124,0,0,3350,1690,6.593180074,6.593180074,15.00808637
1801,0.3125,0.25,18.13810206,9.941927782,4,1687,1646,0,0,0,0,0,0,0.1338298741,-8.135146295,0.1338276438,0.0001245265124,0,0,4928,2480,7.472173211,7.47217321,18.97105921
1802,0.375,0.3125,18.13810206,58.00883758,4,1687,1664,0,0,0,0,0,0,0.1106859678,0.7709622693,0.1106844422,0.0001245265124,0,0,6967,3493,9.034568879,9.034568877,21.72342263
1803,0.3125,0.5,97.22076511,56.98595124,4,1651,1681,0,0,0,0,0,0,2.141767003,-25.48867078,2.141195931,0.0001245265124,0,0,998,505,0.4669041958,0.4669041957,6.074330734
1804,0.375,0.5625,97.31752228,103.0541099,4,1681,1669,0,0,0,0,0,0,47.91023201,-2.910423702,47.62609027,0.0001245265124,0,0,21,11,0.02087236814,0.02087236813,1.013232555
1805,0.4375,0.5,140.4727443,140.4727443,4,1681,1641,1,0,0,0,0,1,47.84269445,0,0,0,0,0,72,38,0.0209018328,0.02090183279,1.845051078
1806,0.375,0.4375,97.31752228,52.97803268,4,1681,1664,0,0,0,0,0,0,2.066314507,-57.34693598,2.065782958,0.0001245265124,0,0,1193,609,0.4839534333,0.4839534331,10.18864647
1807,0.4375,0.75,125.9762351,59.71853671,4,1657,1701,0,0,0,0,0,0,9923.143913,-66.57987655,4438.5062,0.0001245265124,0,0,1,1,0.0001007745135,0.0001007745135,0.06005824757
1808,0.375,0.6875,18.56236735,18.56236735,4,1701,1669,0,0,0,0,0,0,1e+300,-54.3072234,634.9442652,0,0,0,0,0,0,0,0
1809,0.3125,0.75,18.56236735,18.56236735,4,1701,1647,0,0,0,0,0,0,1e+300,0,1e+300,0,0,0,0,0,0,0,0
1810,0.375,0.8125,180.4621555,180.4621555,4,1701,1672,0,0,0,0,0,0,1e+300,0,1e+300,0,0,0,0,0,0,0,0
1811,0.4375,1,559.5350087,559.5350087,4,1643,1683,0,0,0,0,0,0,1e+300,0,1e+300,0,0,0,0,0,0,0,0
1812,0.375,0.9375,397.6352205,397.6352205,4,1683,1672,0,0,0,0,0,0,1e+300,0,1e+300,0,0,0,0,0,0,0,0
1813,0.3125,1,383.4067211,383.4067211,4,1683,1658,0,0,0,0,0,0,1e+300,0,1e+300,0,0,0,0,0,0,0,0
1814,0.5,0.0625,-28.93207096,-28.65552025,4,1644,1686,0,0,0,0,0,0,35.73472386,10.10031585,35.57641165,0.0001245265124,0,0,36,19,0.02798398566,0.02798398565,4.888803978
1815,0.4375,0.125,-49.67749196,-11.4915412,4,1686,1665,0,0,0,0,0,0,1.318669464,15.07542673,1.318452962,0.0001245265124,0,0,406,202,0.7583401505,0.7583401504,14.34492888
1816,0.5,0.1875,-17.42241436,36.20521279,4,1686,1653,0,0,0,0,0,0,1.870749315,25.85324013,1.870313611,0.0001245265124,0,0,370,183,0.5345451642,0.5345451641,13.61698616
1817,0.6875,0.1875,20.745421,20.745421,4,1649,1692,0,0,0,0,0,0,1e+300,0,1e+300,0,0,0,0,0,0,0,0
1818,0.6875,0.0625,41.490842,41.490842,4,1692,1655,0,0,0,0,0,0,1e+300,0,1e+300,0,0,0,0,0,0,0,0
1819,0.5625,0.0625,62.236263,62.236263,4,1692,1644,0,0,0,0,0,0,1e+300,0,1e+300,0,0,0,0,0,0,0,0
1820,0.5625,0.1875,73.74591959,73.74591959,4,1692,1653,0,0,0,0,0,0,1e+300,0,1e+300,0,0,0,0,0,0,0,0
1821,0.5625,0.125,-49.67749196,-49.67749196,4,1686,1692,0,0,0,0,0,0,1e+300,0,1e+300,0,0,0,0,0,0,0,0
1822,0.5,0.3125,106.5668344,69.01386274,4,1653,1688,0,0,0,0,0,0,0.2290485743,-24.79787919,0.2290420415,0.0001245265124,0,0,6066,3013,4.365886157,4.365886156,16.63899966
1823,0.4375,0.375,53.56633576,62.26619683,4,1688,1664,0,0,0,0,0,0,0.2428285758,-34.07166712,0.2428212333,0.0001245265124,0,0,4271,2119,4.11813147,4.118131469,13.73384749
1824,0.5,0.4375,126.485696,126.485696,4,1688,1641,1,0,0,0,0,1,0.9018868039,0,0,0,0,0,4067,2027,1.108786597,1.108786596,9.693321817
1825,0.5625,0.4375,126.9482275,126.9482275,4,1641,1689,1,0,0,0,0,1,0.3335865453,0,0,0,0,0,4293,2148,2.997722822,2.997722821,37.17240663
1826,0.6875,0.4375,127.5492362,127.5492362,4,1689,1659,1,0,0,0,0,1,55.84424937,0,0,0,0,0,210,103,0.01790694675,0.01790694671,15.14212387
1827,0.6875,0.3125,0,4.690997443,4,1689,1649,0,0,0,0,0,0,3575.685933,-39.74665785,2474.064795,0.0001245265124,0,0,14,9,0.0002796666203,0.0002796666196,0.3283092935
1828,0.5625,0.3125,53.00049859,-31.04875261,4,1689,1653,0,0,0,0,0,0,8.271954103,-125.3234792,8.263442116,0.0001245265124,0,0,1889,943,0.1208904193,0.1208904193,0.4892476836
1829,0.5625,0.375,53.56633576,74.07384266,4,1688,1689,0,0,0,0,0,0,1.082596515,-35.22249245,1.082450587,0.0001245265124,0,0,1927,955,0.9237051723,0.9237051721,21.82021819
1830,0.5625,0.5625,210.0411277,210.0411277,4,1641,1694,1,1,1,0,0,1,4.557628931,18.51716895,10.76397111,0.0001245265124,0,36.26367636,1160,1160,0.2194123337,0.2194123337,5.079080526
1831,0.5625,0.6875,248.5650842,248.5650842,4,1694,1657,1,1,1,0,0,1,22.37519545,-456.8436641,10.01775627,4.850432913e-05,0,66.4454278,710,710,0.04469234704,0.04469234704,0.7579729185
1832,0.6875,0.6875,254.6658171,254.6658171,4,1694,1648,1,1,1,0,0,1,69.77950715,-19.7404306,340.1408279,0.0001245265124,0,49.47168949,78,78,0.01433085502,0.01433085502,1.617573961
1833,0.6875,0.5625,215.6290304,215.6290304,4,1694,1659,1,1,1,0,0,1,8.280889375,29.36220375,364.6775892,0.0001245265124,0,40.34748275,1305,1305,0.1207599757,0.1207599757,4.458836422
1834,0.5,0.6875,115.0694763,115.0694763,4,1657,1700,1,0,0,0,0,1,3471.038741,0,0,0,0,0,13,7,0.0002880981961,0.0002880981958,0.3796870254
1835,0.5625,0.625,129.7452237,129.7452237,4,1700,1694,1,0,0,0,0,1,1862.308635,0,0,0,0,0,61,32,0.0005369679232,0.00053696792,1.713405449
1836,0.5,0.5625,91.35394886,91.35394886,4,1700,1641,1,0,0,0,0,1,375.8935957,0,0,0,0,0,74,38,0.002660327315,0.002660327311,2.295196279
1837,0.4375,0.625,56.84447901,56.84447901,4,1700,1669,1,0,0,0,0,1,546.1487907,0,0,0,0,0,13,5,0.001831002864,0.001831002862,0.6680240175
1838,0.6875,0.8125,284.0355672,284.0355672,4,1648,1695,1,1,1,0,0,1,1005.328842,-612.1095226,853.2278476,2.182714527e-05,0,97.25243423,87,87,0.0009946994042,0.0009946994042,3.388234369
1839,0.5625,0.8125,198.045848,198.045848,4,1695,1657,1,0,0,0,0,1,458.7760284,0,0,0,0,0,142,68,0.002179712841,0.002179712834,1.675112271
1840,0.5625,0.9375,212.2185687,212.2185687,4,1695,1643,1,0,0,0,0,1,24406.60842,0,0,0,0,0,3,1,4.097250969e-05,4.097250968e-05,0.1063584141
1841,0.6875,0.9375,327.6904815,327.6904815,4,1695,1656,1,0,0,0,0,1,11151815.94,0,0,0,0,0,2,1,8.967149433e-08,8.967071273e-08,0.003103692345
1842,0.5,0.9375,462.9347836,462.9347836,4,1643,1698,0,0,0,0,0,0,1e+300,-94.26042041,596.0645011,0,0,0,0,0,0,0,0
1843,0.5625,0.875,205.0015677,205.0015677,4,1698,1695,1,0,0,0,0,1,142784.2369,0,0,0,0,0,5,2,7.003574216e-06,7.003574164e-06,0.02509912292
1844,0.5,0.8125,246.5490751,246.5490751,4,1698,1657,0,0,0,0,0,0,1e+300,175.7188371,1453.894703,0,0,0,0,0,0,0,0
1845,0.4375,0.875,301.0349955,301.0349955,4,1698,1672,0,0,0,0,0,0,1e+300,0,1e+300,0,0,0,0,0,0,0,0
1846,0.625,0.0625,51.8635525,51.8635525,4,1703,1692,0,0,0,0,0,0,1e+300,0,1e+300,0,0,0,0,0,0,0,0
1847,0.5625,0,72.6089735,72.6089735,4,1703,1644,0,0,0,0,0,0,1e+300,0,1e+300,0,0,0,0,0,0,0,0
1848,0.6875,0,51.8635525,51.8635525,4,1655,1703,0,0,0,0,0,0,1e+300,0,1e+300,0,0,0,0,0,0,0,0
1849,0.5625,0.25,35.10061438,3.800776043,4,1653,1693,0,0,0,0,0,0,286.930588,13.44098199,277.0321021,0.0001245265124,0,0,12,8,0.003485163457,0.003485163455,3.59044285
1850,0.625,0.3125,-17.89988422,32.45988284,4,1693,1689,0,0,0,0,0,0,240.7062169,26.6154956,233.7011861,0.0001245265124,0,0,13,8,0.004154441929,0.004154441926,4.195572028
1851,0.6875,0.25,-17.89988422,-59.4772769,4,1693,1649,0,0,0,0,0,0,2.010913908e+12,3.530723518e-07,8030.418399,0.0001245265124,0,0,1,0,4.972863313e-13,0,0.4972863313
1852,0.625,0.1875,2.845536784,2.845536784,4,1693,1692,0,0,0,0,0,0,1e+300,0,1e+300,0,0,0,0,0,0,0,0
1853,0.6875,0.5,161.5273925,161.5273925,4,1659,1707,1,1,1,0,0,1,11.84158564,12.17061128,24.51152151,0.0001245265124,0,51.61288391,657,657,0.08444814995,0.08444814995,8.570394195
1854,0.625,0.4375,123.8239363,123.8239363,4,1707,1689,1,0,0,0,0,1,52.99084223,0,0,0,0,0,678,345,0.01887118524,0.01887118523,4.091146301
1855,0.5625,0.5,126.4307447,126.4307447,4,1707,1641,1,1,1,0,0,1,0.8110585097,-16.05790655,0.9214701802,0.0001245265124,0,24.99940984,2291,2291,1.232956671,1.232956671,8.355919801
1856,0.625,0.5625,183.2293192,183.2293192,4,1707,1694,1,1,1,0,0,1,11.10209826,-61.26044785,58.88514454,0.0001245265124,0,24.16794962,1033,1033,0.09007306337,0.09007306337,1.933492615
1857,0.5625,0.75,211.1079304,211.1079304,4,1657,1699,1,0,0,0,0,1,177.7425643,0,0,0,0,0,539,268,0.005626114396,0.005626114386,1.183616245
1858,0.625,0.8125,277.5830272,277.5830272,4,1699,1695,1,1,1,0,0,1,2052.433404,-497.5290647,848.5188936,2.182714527e-05,0,39.97547291,127,127,0.0004872265273,0.0004872265273,1.989681104
1859,0.6875,0.75,232.7446779,232.7446779,4,1699,1648,1,0,0,0,0,1,13289.83934,0,0,0,0,0,19,9,7.524545442e-05,7.524545357e-05,0.02807742088
1860,0.625,0.6875,177.7522639,177.7522639,4,1699,1694,1,1,1,0,0,1,4.118582224,-44.58221872,6.439220115,0.0001245265124,0,52.37552371,1266,1266,0.2428019997,0.2428019997,4.576134402
1861,0.6875,1,451.2261013,451.2261013,4,1656,1711,0,0,0,0,0,0,1e+300,0,1e+300,0,0,0,0,0,0,0,0
1862,0.625,0.9375,420.2416805,270.8913705,4,1711,1695,0,0,0,0,0,0,2.060926488e+13,-1.854606353e-07,8030.418428,0.0001245265124,0,0,1,0,4.852186654e-14,0,0.04852186654
1863,0.5625,1,582.1414686,582.1414686,4,1711,1643,0,0,0,0,0,0,1e+300,2.964541693e-06,45814.51044,0,0,0,0,0,0,0,0
1864,0.75,0.0625,31.1181315,31.1181315,4,1655,1702,0,0,0,0,0,0,1e+300,0,1e+300,0,0,0,0,0,0,0,0
1865,0.6875,0.125,31.1181315,31.1181315,4,1702,1692,0,0,0,0,0,0,1e+300,0,1e+300,0,0,0,0,0,0,0,0
1866,0.75,0.1875,10.3727105,10.3727105,4,1702,1649,0,0,0,0,0,0,1e+300,0,1e+300,0,0,0,0,0,0,0,0
1867,0.8125,0.1875,0,0,4,1649,1691,0,0,0,0,0,0,1e+300,5.126327013e-07,9999.999994,0,0,0,0,0,0,0,0
1868,0.9375,0.1875,78.81249457,68.36223594,4,1691,1660,0,0,0,0,0,0,8.11797682e+12,-5.389729125e-07,8030.418423,0.0001245265124,0,0,1,0,1.231834017e-13,0,0.1231834017
1869,0.9375,0.0625,0,0,4,1691,1639,0,0,0,0,0,0,1e+300,0,1e+300,0,0,0,0,0,0,0,0
1870,0.8125,0.0625,20.745421,20.745421,4,1691,1655,0,0,0,0,0,0,1e+300,0,1e+300,0,0,0,0,0,0,0,0
1871,0.8125,0.125,10.3727105,10.3727105,4,1702,1691,0,0,0,0,0,0,1e+300,0,1e+300,0,0,0,0,0,0,0,0
1872,0.8125,0.3125,89.26841854,-14.54932947,4,1649,1690,0,0,0,0,0,0,72848.31303,-27.11835261,7233.081245,0.0001245265124,0,0,7,3,1.372715384e-05,1.372715375e-05,0.01494090189
1873,0.8125,0.4375,95.71080691,95.71080691,4,1690,1659,1,0,0,0,0,1,842.9441349,0,0,0,0,0,231,113,0.001186318237,0.001186318234,0.2120648179
1874,0.9375,0.4375,143.2174272,143.2174272,4,1690,1645,1,0,0,0,0,1,1646.520647,0,0,0,0,0,13,7,0.0006073413058,0.0006073413039,2.292322314
1875,0.9375,0.3125,168.0809131,89.89908505,4,1690,1660,0,0,0,0,0,0,1.997659495e+12,-1.195508474e-07,8030.418399,0.0001245265124,0,0,1,0,5.005858117e-13,0,0.5005858117
1876,0.75,0.4375,127.5864279,127.5864279,4,1659,1706,1,0,0,0,0,1,8.258034977,0,0,0,0,0,366,179,0.1210941832,0.1210941831,16.46039131
1877,0.8125,0.375,151.3962381,70.20629076,4,1706,1690,0,0,0,0,0,0,2585.496511,-7.722268739,1955.801167,0.0001245265124,0,0,9,4,0.0003867729064,0.0003867729057,0.5964096649
1878,0.75,0.3125,62.12781954,98.70119167,4,1706,1649,0,0,0,0,0,0,313.769319,54.2256645,301.970545,0.0001245265124,0,0,20,12,0.003187054754,0.003187054752,3.387783914
1879,0.6875,0.375,62.12781954,77.74834218,4,1706,1689,0,0,0,0,0,0,318.0185359,-32.04884947,305.9041977,0.0001245265124,0,0,20,15,0.0031444708,0.003144470799,2.414858896
1880,0.75,0.5625,192.5138266,192.5138266,4,1659,1708,1,1,1,0,0,1,3.924232968,-7.262293523,8.196817502,0.0001245265124,0,26.34692646,1346,1346,0.2548268689,0.2548268689,4.178652877
1881,0.6875,0.625,223.149168,223.149168,4,1708,1694,1,1,1,0,0,1,12.4722378,-20.65824583,106.8282154,0.0001245265124,0,30.85945181,1397,1397,0.08017807355,0.08017807355,3.583867809
1882,0.75,0.6875,256.7718716,256.7718716,4,1708,1648,1,1,1,0,0,1,26.97203488,22.32975934,82.31581907,0.0001245265124,0,37.40027268,73,73,0.03707543774,0.03707543774,1.844568524
1883,0.8125,0.6875,252.1035221,252.1035221,4,1648,1697,1,1,1,0,0,1,6.134765284,15.94554554,13.0749039,0.0001245265124,0,35.96475864,136,136,0.1630054214,0.1630054214,4.658113625
1884,0.9375,0.6875,313.4421108,313.4421108,4,1697,1661,1,1,1,0,0,1,34.26424448,-7.380493803,150.1523307,0.0001245265124,0,36.95823903,131,131,0.02918494235,0.02918494235,2.067869994
1885,0.9375,0.5625,273.6193177,273.6193177,4,1697,1645,1,1,1,0,0,1,435.6548158,16.83970034,1206.471893,0.0001245265124,0,49.45727213,93,93,0.002295395262,0.002295395262,11.15901837
1886,0.8125,0.5625,155.3903787,155.3903787,4,1697,1659,1,1,1,0,0,1,48.11949543,19.40819473,211.6118615,0.0001245265124,0,41.32886474,279,279,0.02078159779,0.02078159779,1.498571193
1887,0.8125,0.625,196.0153323,196.0153323,4,1708,1697,1,1,1,0,0,1,24.75922253,-22.43640101,120.6526616,0.0001245265124,0,26.493567,696,696,0.04038899035,0.04038899035,1.331801165
1888,0.8125,0.8125,308.2934432,308.2934432,4,1648,1696,1,1,1,0,0,1,15.17375849,-6.124985671,73.22583974,0.0001245265124,0,38.12460375,525,525,0.06590325005,0.06590325005,4.830463562
1889,0.8125,0.9375,409.2935217,409.2935217,4,1696,1656,1,0,0,0,0,1,5542.610505,0,0,0,0,0,32,16,0.0001804203992,0.0001804203962,1.503933574
1890,0.9375,0.9375,607.5865179,607.5865179,4,1696,1640,1,1,1,0,0,1,125.2217441,393.4479804,703.0599684,0.0001176702566,0,60.79657928,311,311,0.007985833507,0.007985833507,2.464284717
1891,0.9375,0.8125,373.8035108,373.8035108,4,1696,1661,1,1,1,0,0,1,21.27516002,26.64858734,54.29190231,0.0001245265124,0,35.35770197,330,330,0.04700317174,0.04700317174,5.861890947
1892,0.75,0.9375,367.0526786,367.0526786,4,1656,1710,1,0,0,0,0,1,49675.21853,0,0,0,0,0,5,3,2.013076197e-05,2.013076147e-05,0.6834836129
1893,0.8125,0.875,362.7550104,362.7550104,4,1710,1696,1,1,1,0,0,1,118.024534,33.38850858,180.9735731,0.0001245265124,0,77.45375785,270,270,0.008472814644,0.008472814644,5.189584092
1894,0.75,0.8125,259.0447926,259.0447926,4,1710,1648,1,0,0,0,0,1,1790.236863,0,0,0,0,0,58,28,0.0005585853027,0.0005585852978,2.254732179
1895,0.6875,0.875,243.8847561,243.8847561,4,1710,1695,1,0,0,0,0,1,38358.04172,0,0,0,0,0,11,3,2.607015257e-05,2.607015211e-05,0.1870113443
1896,0.875,0.0625,10.3727105,10.3727105,4,1704,1691,0,0,0,0,0,0,1e+300,0,1e+300,0,0,0,0,0,0,0,0
1897,0.8125,0,31.1181315,31.1181315,4,1704,1655,0,0,0,0,0,0,1e+300,0,1e+300,0,0,0,0,0,0,0,0
1898,0.9375,0,10.3727105,10.3727105,4,1639,1704,0,0,0,0,0,0,1e+300,0,1e+300,0,0,0,0,0,0,0,0
1899,0.9375,0.25,118.2187416,95.11108254,4,1660,1712,0,0,0,0,0,0,5.771007155e+11,-1.320812075e-06,8030.418319,0.0001245265124,0,0,2,0,1.732799792e-12,0,1.732799792
1900,0.875,0.1875,39.40624706,29.69720466,4,1712,1691,0,0,0,0,0,0,3.344360272e+12,-8.085529721e-07,8030.418412,0.0001245265124,0,0,1,0,2.990108477e-13,0,0.2990108477
1901,0.8125,0.25,39.40624706,39.40624706,4,1712,1649,0,0,0,0,0,0,1e+300,0,1e+300,0,0,0,0,0,0,0,0
1902,0.875,0.3125,128.6746656,51.23405402,4,1712,1690,0,0,0,0,0,0,1.402775862e+12,-1.333849227e-07,8030.418385,0.0001245265124,0,0,1,0,7.128722609e-13,0,0.7128722609
1903,0.9375,0.5,169.740878,169.740878,4,1645,1705,1,0,0,0,0,1,1946.972729,0,0,0,0,0,47,20,0.0005136178772,0.0005136178746,2.56742473
1904,0.875,0.4375,-43.22370911,10.89489937,4,1705,1690,0,0,0,0,0,0,3258.794821,-61.67053049,2318.096524,0.0001245265124,0,0,8,5,0.0003068619091,0.0003068619088,0.4674307408
1905,0.8125,0.5,122.2342577,122.2342577,4,1705,1659,1,0,0,0,0,1,763.5529703,0,0,0,0,0,51,29,0.001309666832,0.001309666825,5.360349858
1906,0.875,0.5625,170.5544856,170.5544856,4,1705,1697,1,0,0,0,0,1,322.7991308,0,0,0,0,0,164,80,0.003097901774,0.003097901761,9.970442179
1907,0.9375,0.75,348.7899953,348.7899953,4,1661,1715,1,1,1,0,0,1,22.58020183,25.3695581,134.2182778,0.0001245265124,0,25.82513104,927,927,0.04428658378,0.04428658378,3.034806786
1908,0.875,0.6875,280.5150936,280.5150936,4,1715,1697,1,0,0,0,0,1,599.2882124,0,0,0,0,0,150,71,0.001668646203,0.001668646191,2.354641776
1909,0.8125,0.75,320.3933552,320.3933552,4,1715,1648,1,1,1,0,0,1,8.312263142,51.3032668,22.40184765,0.0001245265124,0,24.82063785,1100,1100,0.1203041799,0.1203041799,4.320730404
1910,0.875,0.8125,343.3891359,343.3891359,4,1715,1696,1,0,0,0,0,1,568.8655792,0,0,0,0,0,77,36,0.001757884528,0.00175788452,0.5936599571
1911,0.9375,1,206.4932819,206.4932819,4,1640,1709,1,0,0,0,0,1,1857.629945,0,0,0,0,0,78,43,0.0005383203488,0.0005383203455,0.9322273418
1912,0.875,0.9375,373.5922078,373.5922078,4,1709,1696,1,1,1,0,0,1,47.7618958,-28.62011755,121.3745168,0.0001245265124,0,40.81231848,346,346,0.02093719236,0.02093719236,4.150362411
1913,0.8125,1,431.9224839,431.9224839,4,1709,1656,1,0,0,0,0,1,1554.873426,0,0,0,0,0,163,84,0.000643139167,0.0006431391608,2.444346067
1914,0.9375,0.125,39.40624728,39.40624728,4,1713,1691,0,0,0,0,0,0,1e+300,0,1e+300,0,0,0,0,0,0,0,0
1915,1,0.0625,39.40624728,39.40624728,4,1713,1639,0,0,0,0,0,0,1e+300,0,1e+300,0,0,0,0,0,0,0,0
1916,1,0.1875,118.2187419,118.2187419,4,1660,1713,0,0,0,0,0,0,1e+300,0,1e+300,0,0,0,0,0,0,0,0
1917,0.9375,0.375,197.3860926,197.3860926,4,1714,1690,0,0,0,0,0,0,1e+300,-168.0772074,3900.097617,0,0,0,0,0,0,0,0
1918,1,0.3125,186.9301686,186.9301686,4,1714,1660,0,0,0,0,0,0,1e+300,0,1e+300,0,0,0,0,0,0,0,0
1919,1,0.4375,286.6545111,204.0863561,4,1645,1714,0,0,0,0,0,0,144826.6013,-13.47053659,7608.536464,0.0001245265124,0,0,1,1,6.904808861e-06,6.904808861e-06,0.01564940318
1920,0.9375,0.625,218.5862805,218.5862805,4,1716,1697,1,1,1,0,0,1,406.2669667,-30.11768542,697.0770827,0.0001245265124,0,25.70478542,301,301,0.002461435661,0.002461435661,8.969582487
1921,1,0.5625,250.7370015,250.7370015,4,1716,1645,1,0,0,0,0,1,1053820.878,0,0,0,0,0,10,6,9.489278691e-07,9.48927618e-07,0.01283440331
1922,1,0.6875,302.2284611,302.2284611,4,1661,1716,1,0,0,0,0,1,4629.668142,0,0,0,0,0,39,23,0.0002159982032,0.0002159982014,0.977877404
1923,0.9375,0.875,375.4395121,375.4395121,4,1717,1696,1,1,1,0,0,1,121.0012863,-30.02683113,188.7025304,0.0001245265124,0,37.46884406,542,542,0.008264374955,0.008264374955,2.878015379
1924,1,0.8125,372.3030674,372.3030674,4,1717,1661,1,0,0,0,0,1,1176.141208,0,0,0,0,0,82,37,0.0008502380438,0.0008502380406,0.3157758172
1925,1,0.9375,647.5886328,647.5886328,4,1640,1717,1,1,1,0,0,1,265.368708,537.4274652,279.5090492,0.0001245265124,0,34.94597078,107,107,0.00376834182,0.00376834182,0.9954892024
1926,0.90625,0.90625,487.6575787,487.6575787,5,1696,1890,1,0,0,0,0,1,365.0785207,0,0,0,0,0,32,16,0.00273913677,0.002739136768,0.5264666871
1927,0.90625,0.96875,510.2865408,510.2865408,5,1890,1709,1,0,0,0,0,1,1310.743798,0,0,0,0,0,48,27,0.000762925601,0.0007629256004,0.2445412335
1928,0.96875,0.96875,303.7932589,303.7932589,5,1890,1640,1,0,0,0,0,1,109.4928134,0,0,0,0,0,132,66,0.0091330195,0.009133019497,2.273028112
1929,0.96875,0.90625,504.4281967,504.4281967,5,1890,1717,1,0,0,0,0,1,163.0982545,0,0,0,0,0,174,87,0.006131273464,0.006131273459,2.386721878
1930,0.96875,0.9375,431.5744554,431.5744554,5,1925,1890,1,1,1,0,0,1,347.555403,-173.5321821,300.5828502,0.0004496306119,0,63.14769722,231,231,0.002877239114,0.002877239114,13.93446759
1931,1,0.90625,524.4292542,524.4292542,5,1925,1717,1,0,0,0,0,1,908.0999244,0,0,0,0,0,47,23,0.0011012004,0.001101200399,0.9548608521
1932,1,0.96875,187.2887174,-112.3748085,5,1640,1925,0,0,0,0,0,0,10.96667518,-436.1685927,10.91286436,0.0004496306119,0,0,7,5,0.09118533953,0.09118533953,0.8711220342
1933,0.78125,0.71875,276.0052216,276.0052216,5,1648,1883,1,1,1,0,0,1,30.08632427,31.45605877,44.52509642,0.0004496306119,0,33.227353,640,640,0.03323769268,0.03323769268,7.410042178
1934,0.84375,0.71875,304.3911049,304.3911049,5,1883,1715,1,1,1,0,0,1,42.84594409,14.61368019,67.47259064,0.0004496306119,0,33.67354309,605,605,0.02333943203,0.02333943203,6.182270052
1935,0.84375,0.65625,260.6980469,260.6980469,5,1883,1697,1,1,1,0,0,1,374.5622249,17.40237838,369.2527743,0.0004496306119,0,46.73469925,88,88,0.002669783372,0.002669783372,7.783593892
1936,0.78125,0.65625,247.8327443,247.8327443,5,1883,1708,1,1,1,0,0,1,6.963595569,-2.40203406,6.966510972,0.0004496306119,0,17.49736091,681,681,0.1436039744,0.1436039744,66.33191352
1937,0.78125,0.625,222.0595111,222.0595111,5,1708,1887,1,0,0,0,0,1,10.9633769,0,0,0,0,0,760,379,0.09121277224,0.09121277222,1.887743742
1938,0.8125,0.65625,260.7551261,260.7551261,5,1887,1883,1,1,1,0,0,1,13.56222034,37.97205425,17.02855508,0.0004496306119,0,17.18186496,336,336,0.07373423932,0.07373423932,35.41081022
1939,0.84375,0.625,218.9979437,218.9979437,5,1887,1697,1,0,0,0,0,1,3295.196273,0,0,0,0,0,42,22,0.0003034720597,0.000303472058,0.3554848378
1940,0.84375,0.59375,198.6854669,198.6854669,5,1697,1886,1,0,0,0,0,1,758.0703436,0,0,0,0,0,98,48,0.001319138796,0.001319138792,2.942429725
1941,0.84375,0.53125,127.2593974,127.2593974,5,1886,1705,1,0,0,0,0,1,1701.053478,0,0,0,0,0,34,19,0.0005878709946,0.0005878709925,2.779143258
1942,0.78125,0.53125,188.9906176,188.9906176,5,1886,1659,1,1,1,0,0,1,154.8762426,-186.2418239,4.007602139,5.783795648e-05,0,62.43515566,64,64,0.006456768213,0.006456768213,0.2433607361
1943,0.78125,0.59375,238.7419951,238.7419951,5,1886,1708,1,1,1,0,0,1,24.63076537,35.81651289,27.14339921,0.0004496306119,0,26.65093196,939,939,0.04059963159,0.04059963159,3.881825958
1944,0.8125,0.59375,175.7028555,175.7028555,5,1887,1886,1,0,0,0,0,1,143.5174571,0,0,0,0,0,149,73,0.006967793469,0.00696779345,7.007349619
1945,0.53125,0.53125,132.1679638,132.1679638,5,1641,1830,1,1,1,0,0,1,36.32912709,-45.02912852,40.05812334,0.0004496306119,0,14.01528007,414,414,0.02752612243,0.02752612243,6.516972846
1946,0.53125,0.59375,124.3054717,124.3054717,5,1830,1700,1,0,0,0,0,1,102.9888579,0,0,0,0,0,480,236,0.009709788227,0.009709788198,16.72539077
1947,0.59375,0.59375,169.2291001,169.2291001,5,1830,1694,1,1,1,0,0,1,5.927928264,-46.096445,5.912170092,0.0004496306119,0,36.98842574,821,821,0.1686929995,0.1686929995,7.689141319
1948,0.59375,0.53125,153.7861563,153.7861563,5,1830,1707,1,1,1,0,0,1,5.414961334,-20.12915541,5.404949317,0.0004496306119,0,14.18818606,929,929,0.1846735255,0.1846735255,8.540757462
1949,0.625,0.53125,160.5594093,160.5594093,5,1707,1856,1,0,0,0,0,1,180.0045703,0,0,0,0,0,111,53,0.005555414502,0.005555414495,2.424743821
1950,0.59375,0.5625,196.6352235,196.6352235,5,1856,1830,1,0,0,0,0,1,6.903310456,0,0,0,0,0,1199,603,0.1448580368,0.1448580367,1.667692847
1951,0.625,0.59375,202.0749754,202.0749754,5,1856,1694,1,0,0,0,0,1,35.96499853,0,0,0,0,0,677,342,0.02780481137,0.02780481135,0.9517348302
1952,0.65625,0.59375,195.8660693,195.8660693,5,1694,1833,1,1,1,0,0,1,18.66039628,-22.51410638,20.1809891,0.0004496306119,0,60.90479132,328,328,0.05358943,0.05358943,2.608594321
1953,0.71875,0.59375,221.9705002,221.9705002,5,1833,1708,1,1,1,0,0,1,8.983217592,-10.67682837,13.8063066,0.0004496306119,0,59.72709314,906,906,0.1113186884,0.1113186884,6.002193689
1954,0.71875,0.53125,191.8400827,191.8400827,5,1833,1659,1,1,1,0,0,1,13.81238868,11.78093364,13.72713666,0.0004496306119,0,43.07617563,349,349,0.07239877356,0.07239877356,3.35256101
1955,0.65625,0.53125,176.7592649,176.7592649,5,1833,1707,1,0,0,0,0,1,105.2784449,0,0,0,0,0,268,136,0.009498620544,0.009498620527,1.723832058
1956,0.65625,0.5625,182.8316761,182.8316761,5,1856,1833,1,1,1,0,0,1,305.6327147,-21.7674436,274.6041945,0.0004496306119,0,66.65396378,54,54,0.00327190105,0.00327190105,2.045290242
1957,0.15625,0.59375,-101.3917293,-146.8558718,5,1670,1733,0,0,0,0,0,0,9.300779715,-46.70667702,9.26204662,0.0004496306119,0,0,311,162,0.1075178674,0.1075178673,15.7815804
1958,0.21875,0.59375,-5.459517465,-64.48045037,5,1733,1680,0,0,0,0,0,0,630.5457983,-29.8569922,491.2657285,0.0004496306119,0,0,71,34,0.001585927625,0.001585927621,2.11906378
1959,0.21875,0.53125,-20.14001605,-20.14001605,5,1733,1651,1,1,1,0,0,1,30.28026071,25.72408584,29.87353452,0.0004496306119,0,26.00428611,397,397,0.03302481473,0.03302481473,34.51677696
1960,0.15625,0.53125,-88.81409377,-231.6165785,5,1733,1679,0,0,0,0,0,0,18.66990795,-106.9381528,18.51448694,0.0004496306119,0,0,329,172,0.05356212804,0.053562128,3.283500406
1961,0.65625,0.65625,217.9044845,217.9044845,5,1694,1832,1,1,1,0,0,1,4.677032674,-31.2286757,9.000985723,0.0004496306119,0,46.85013715,786,786,0.2138107791,0.2138107791,12.83319481
1962,0.65625,0.71875,259.7432876,259.7432876,5,1832,1699,1,1,1,0,0,1,12.34393635,16.35696287,13.63024081,0.0004496306119,0,58.55450316,388,388,0.08101143522,0.08101143522,7.215234236
1963,0.71875,0.71875,248.2091478,248.2091478,5,1832,1648,1,1,1,0,0,1,126.067891,3.067115349,133.2171682,0.0004496306119,0,90.16313819,119,119,0.007932233909,0.007932233909,4.127933012
1964,0.71875,0.65625,211.4039216,211.4039216,5,1832,1708,1,1,1,0,0,1,11.17968275,-39.92163908,19.60829798,0.0004496306119,0,54.06105296,693,693,0.08944797651,0.08944797651,9.213880488
1965,0.75,0.53125,168.9269629,168.9269629,5,1659,1880,1,0,0,0,0,1,35.02629694,0,0,0,0,0,928,466,0.0285499778,0.02854997778,1.457979968
1966,0.71875,0.5625,204.0714285,204.0714285,5,1880,1833,1,0,0,0,0,1,16.85123654,0,0,0,0,0,837,416,0.05934282611,0.05934282608,1.033807655
1967,0.75,0.59375,186.9926267,186.9926267,5,1880,1708,1,1,1,0,0,1,41.61051571,-35.63571191,40.84630731,0.0004496306119,0,25.48785034,1070,1070,0.02403238659,0.02403238659,7.012973859
1968,0.78125,0.5625,173.9521026,173.9521026,5,1880,1886,1,0,0,0,0,1,35.52574889,0,0,0,0,0,66,31,0.02814859732,0.02814859731,0.711881991
1969,0.75,0.65625,243.4081525,243.4081525,5,1708,1882,1,1,1,0,0,1,14.25339348,-9.376157641,20.75658728,0.0004496306119,0,35.84329628,553,553,0.07015873108,0.07015873108,8.578493254
1970,0.71875,0.6875,255.7188444,255.7188444,5,1882,1832,1,0,0,0,0,1,151.2205598,0,0,0,0,0,42,22,0.006612857414,0.00661285741,1.493813677
1971,0.75,0.71875,274.8636671,274.8636671,5,1882,1648,1,1,1,0,0,1,152.2543886,29.63527628,145.582459,0.0004496306119,0,90.73413367,142,142,0.006567955178,0.006567955178,6.319347197
1972,0.78125,0.6875,254.4376969,254.4376969,5,1882,1883,1,0,0,0,0,1,13.04119696,0,0,0,0,0,67,30,0.07668007798,0.07668007798,2.274928755
1973,0.84375,0.75,319.7214937,319.7214937,5,1715,1909,1,0,0,0,0,1,49.48721335,0,0,0,0,0,70,36,0.02020724006,0.02020724005,0.6376633344
1974,0.8125,0.71875,278.0451522,278.0451522,5,1909,1883,1,1,1,0,0,1,10.85379609,-8.251523876,11.09901646,0.0004496306119,0,14.82111499,600,600,0.09213366385,0.09213366385,34.7392237
1975,0.78125,0.75,277.6179935,277.6179935,5,1909,1648,1,0,0,0,0,1,177.429865,0,0,0,0,0,117,55,0.005636029762,0.005636029758,0.3519716171
1976,0.78125,0.78125,271.5680375,271.5680375,5,1648,1888,1,0,0,0,0,1,424.6762189,0,0,0,0,0,261,132,0.002354735103,0.002354735089,5.378851801
1977,0.78125,0.84375,295.7701982,295.7701982,5,1888,1710,1,0,0,0,0,1,290.0587132,0,0,0,0,0,86,45,0.003447577868,0.003447577864,0.5573082675
1978,0.84375,0.84375,338.0110414,338.0110414,5,1888,1696,1,0,0,0,0,1,46.43680057,0,0,0,0,0,468,240,0.02153464467,0.02153464464,1.427299711
1979,0.84375,0.78125,308.71344,308.71344,5,1888,1715,1,1,1,0,0,1,28.29835342,18.79671326,74.39463488,0.0004496306119,0,70.20601107,418,418,0.0353377451,0.0353377451,1.414906118
1980,0.8125,0.78125,333.9884558,333.9884558,5,1909,1888,1,1,1,0,0,1,58.54545832,24.61146178,71.90463523,0.0004496306119,0,26.47638787,647,647,0.01708074424,0.01708074424,6.744154624
1981,0.90625,0.65625,273.8684638,273.8684638,5,1697,1884,1,1,1,0,0,1,19.32299914,-4.843221857,23.34685279,0.0004496306119,0,18.25747362,526,526,0.05175180067,0.05175180067,77.38434988
1982,0.90625,0.71875,309.6944493,309.6944493,5,1884,1715,1,1,1,0,0,1,10.19065856,-6.946474142,12.72430212,0.0004496306119,0,17.87400317,1084,1084,0.09812908495,0.09812908495,70.42348443
1983,0.96875,0.71875,305.7882346,305.7882346,5,1884,1661,1,1,1,0,0,1,715.7038989,-17.82604605,635.9527939,0.0004496306119,0,80.21698898,155,155,0.001397225866,0.001397225866,5.758967075
1984,0.96875,0.65625,305.8232049,305.8232049,5,1884,1716,1,1,1,0,0,1,1301.186102,10.76343113,1044.102386,0.0004496306119,0,95.42963155,51,51,0.0007685295736,0.0007685295736,4.404229036
1985,0.875,0.71875,281.7458733,281.7458733,5,1715,1908,1,1,1,0,0,1,347.1739551,-17.84725643,300.2975019,0.0004496306119,0,84.96534946,314,314,0.002880400402,0.002880400402,5.252816198
1986,0.90625,0.6875,296.9786022,296.9786022,5,1908,1884,1,0,0,0,0,1,31.56721958,0,0,0,0,0,130,61,0.0316784314,0.03167843139,1.887730431
1987,0.875,0.65625,240.0489601,240.0489601,5,1908,1697,1,1,1,0,0,1,902.1712127,-12.2434982,752.7391641,0.0004496306119,0,66.41042445,74,74,0.001108437053,0.001108437053,6.23077101
1988,0.84375,0.6875,266.3093078,266.3093078,5,1908,1883,1,0,0,0,0,1,57.30047521,0,0,0,0,0,71,39,0.01745186224,0.01745186224,0.8826004332
1989,0.875,0.78125,336.1743191,336.1743191,5,1715,1910,1,1,1,0,0,1,873.318554,30.51105338,930.0736449,0.0004496306119,0,15.13988072,161,161,0.001145057546,0.001145057546,5.054357748
1990,0.84375,0.8125,325.8412895,325.8412895,5,1910,1888,1,0,0,0,0,1,157.000335,0,0,0,0,0,56,30,0.006369413159,0.006369413155,0.371444971
1991,0.875,0.84375,355.5588877,355.5588877,5,1910,1696,1,0,0,0,0,1,361.8794443,0,0,0,0,0,339,166,0.002763351209,0.002763351198,1.108909685
1992,0.90625,0.84375,370.7660752,370.7660752,5,1696,1891,1,0,0,0,0,1,219.5652634,0,0,0,0,0,220,109,0.004554454492,0.004554454486,0.628644634
1993,0.96875,0.84375,387.5366932,387.5366932,5,1891,1717,1,0,0,0,0,1,96.56343429,0,0,0,0,0,355,174,0.01035588686,0.01035588684,1.542158465
1994,0.96875,0.78125,369.5532795,369.5532795,5,1891,1661,1,1,1,0,0,1,362.395729,-2.04555516,514.443054,0.0004496306119,0,56.28211088,181,181,0.002759414419,0.002759414419,1.846049542
1995,0.90625,0.78125,375.1107001,375.1107001,5,1891,1715,1,1,1,0,0,1,55.2917754,40.78674201,110.1057661,0.0004496306119,0,43.82904076,540,540,0.0180858725,0.0180858725,1.953292405
1996,0.90625,0.8125,358.5963233,358.5963233,5,1910,1891,1,0,0,0,0,1,281.9459404,0,0,0,0,0,21,11,0.003546779211,0.003546779209,0.5734549767
1997,0.875,0.96875,393.2893858,393.2893858,5,1709,1912,1,0,0,0,0,1,86.76692477,0,0,0,0,0,28,11,0.01152512899,0.01152512899,1.31180699
1998,0.90625,0.9375,490.5893628,490.5893628,5,1912,1890,1,0,0,0,0,1,2435.016817,0,0,0,0,0,214,101,0.0004106747818,0.0004106747763,0.6870330524
1999,0.875,0.90625,370.6604237,370.6604237,5,1912,1696,1,0,0,0,0,1,41.02083291,0,0,0,0,0,229,116,0.02437785703,0.02437785702,2.212333503
2000,0.84375,0.90625,388.5110806,388.5110806,5,1696,1889,1,0,0,0,0,1,31.74068864,0,0,0,0,0,36,22,0.03150530259,0.03150530258,2.779551281
2001,0.78125,0.90625,346.2702375,346.2702375,5,1889,1710,1,0,0,0,0,1,75018.06788,0,0,0,0,0,9,3,1.333012204e-05,1.333012186e-05,0.02159497419
2002,0.78125,0.96875,263.5010505,263.5010505,5,1889,1656,0,0,0,0,0,0,1e+300,699.858055,3112.942608,0,0,0,0,0,0,0,0
2003,0.84375,0.96875,411.1400428,411.1400428,5,1889,1709,1,0,0,0,0,1,88.59461826,0,0,0,0,0,183,92,0.01128736733,0.01128736733,1.588406365
2004,0.84375,0.9375,370.0342849,370.0342849,5,1912,1889,1,1,1,0,0,1,197.0965778,-20.94295801,277.506545,0.0004496306119,0,76.80190673,182,182,0.005073654811,0.005073654811,9.481032067
2005,0.96875,0.6875,300.0598131,300.0598131,5,1922,1884,1,1,1,0,0,1,1174.107969,-6.903721385,768.438067,0.0004496306119,0,51.71229351,33,33,0.0008517104276,0.0008517104276,4.170628416
2006,1,0.65625,289.9745726,111.1933008,5,1922,1716,0,0,0,0,0,0,4571.831384,-170.5077182,1496.196657,0.0004496306119,0,0,6,4,0.0002187307265,0.0002187307264,0.2214987691
2007,1,0.71875,322.7823601,322.7823601,5,1661,1922,1,0,0,0,0,1,2343.41967,0,0,0,0,0,31,20,0.0004267268098,0.0004267268073,2.3393198
2008,0.90625,0.59375,241.2829983,241.2829983,5,1697,1885,1,1,1,0,0,1,243.5312553,-16.98403113,256.8386639,0.0004496306119,0,37.00659808,94,94,0.004106249108,0.004106249108,13.7081345
2009,0.96875,0.59375,267.3699904,267.3699904,5,1885,1716,1,0,0,0,0,1,10416.99668,0,0,0,0,0,26,13,9.599695868e-05,9.599695693e-05,0.7857480459
2010,0.96875,0.53125,269.8940862,209.4722277,5,1885,1645,0,0,0,0,0,0,11507.85667,-47.71856139,1863.836436,0.0004496306119,0,0,2,1,8.689715461e-05,8.689715436e-05,0.1422643934
2011,0.90625,0.53125,186.3738669,186.3738669,5,1885,1705,1,0,0,0,0,1,527.7033221,0,0,0,0,0,82,40,0.001895004178,0.001895004171,6.507957409
2012,0.96875,0.625,239.8534718,239.8534718,5,1716,1920,1,0,0,0,0,1,46001.90833,0,0,0,0,0,16,8,2.173822861e-05,2.173822777e-05,0.3128314997
2013,0.9375,0.59375,246.1027991,246.1027991,5,1920,1885,1,0,0,0,0,1,5780.783617,0,0,0,0,0,49,27,0.0001729869281,0.0001729869263,1.369557909
2014,0.90625,0.625,230.2834177,230.2834177,5,1920,1697,1,0,0,0,0,1,1475.687426,0,0,0,0,0,70,31,0.0006776502817,0.0006776502757,1.22999792
2015,0.9375,0.65625,277.9821286,277.9821286,5,1920,1884,1,1,1,0,0,1,281.7944768,14.7050032,306.1332245,0.0004496306119,0,18.45563968,81,81,0.003548685593,0.003548685593,9.087256249
2016,0.96875,0.75,346.0631272,346.0631272,5,1661,1907,1,0,0,0,0,1,2505.734528,0,0,0,0,0,45,22,0.0003990845753,0.0003990845718,0.4370892254
2017,0.9375,0.71875,311.8643241,311.8643241,5,1907,1884,1,1,1,0,0,1,32.65197921,-19.40439449,33.27846336,0.0004496306119,0,15.23840345,420,420,0.03062601485,0.03062601485,49.46798954
2018,0.90625,0.75,333.9198138,333.9198138,5,1907,1715,1,0,0,0,0,1,34.14064121,0,0,0,0,0,24,14,0.02929060394,0.02929060394,1.976843111
2019,0.9375,0.78125,375.0749081,375.0749081,5,1907,1891,1,1,1,0,0,1,75.56542849,15.80531466,75.85664582,0.0004496306119,0,36.69478921,580,580,0.01323356487,0.01323356487,3.67175239
2020,0.09375,0.65625,-128.9007662,-217.2647965,5,1670,1735,0,0,0,0,0,0,0.7875464085,-78.15737665,0.7872676332,0.0004496306119,0,0,2657,1314,1.269766441,1.26976644,8.45602703
2021,0.03125,0.65625,-263.1026658,-263.1026658,5,1735,1675,1,1,1,0,0,1,0.6222231602,-55.93478036,0.6220491288,0.0004496306119,0,42.17321225,2323,2323,1.607140435,1.607140435,13.49495975
2022,0.03125,0.71875,-115.3611694,-115.3611694,5,1735,1650,1,0,0,0,0,1,1.954379381,0,0,0,0,0,1850,929,0.5116713825,0.5116713823,9.108731571
2023,0.09375,0.71875,-121.946444,-150.8933262,5,1735,1674,0,0,0,0,0,0,1.110323064,-4.608936831,1.109769028,0.0004496306119,0,0,2890,1433,0.9006387714,0.9006387711,7.916782775
2024,0.03125,0.625,-254.5608725,-507.9836944,5,1675,1737,0,0,0,0,0,0,12.86035264,-307.0488536,12.78641636,0.0004496306119,0,0,1574,787,0.07775836541,0.07775836533,2.126802129
2025,0.0625,0.65625,-165.5889537,-273.3389859,5,1737,1735,0,0,0,0,0,0,0.8018732626,-81.77517381,0.801584254,0.0004496306119,0,0,2226,1107,1.247079865,1.247079865,7.172414886
2026,0.09375,0.625,-181.1844975,-163.0156966,5,1737,1670,0,0,0,0,0,0,0.768019476,-30.12940107,0.7677543512,0.0004496306119,0,0,1820,907,1.302050314,1.302050314,6.594865908
2027,0.09375,0.59375,-243.1784169,-229.3170788,5,1670,1734,0,0,0,0,0,0,0.5292697675,-25.5411384,0.529143844,0.0004496306119,0,0,2190,1092,1.889395657,1.889395656,10.26096019
2028,0.09375,0.53125,-230.6007814,-226.9557068,5,1734,1679,0,0,0,0,0,0,0.9147402819,1.34946441,0.9143642082,0.0004496306119,0,0,1692,851,1.093206476,1.093206476,5.961038301
2029,0.03125,0.53125,-450.4627557,-450.4627557,5,1734,1642,1,0,0,0,0,1,5.756973751,0,0,0,0,0,1308,655,0.1737023727,0.1737023726,2.445663747
2030,0.03125,0.59375,-386.3085746,-386.3085746,5,1734,1675,1,1,1,0,0,1,1.272087485,-114.4875246,1.271360305,0.0004496306119,0,45.06091912,1987,1987,0.7861094552,0.7861094552,8.147264801
2031,0.0625,0.59375,-279.8666045,-356.8557302,5,1737,1734,0,0,0,0,0,0,1.04915961,-100.6233975,1.048664919,0.0004496306119,0,0,1599,800,0.9531438215,0.9531438213,4.613545051
2032,0.96875,0.875,388.3546938,388.3546938,5,1717,1923,1,0,0,0,0,1,455.1563963,0,0,0,0,0,381,192,0.002197047011,0.002197046993,2.086075164
2033,0.9375,0.84375,374.6215114,374.6215114,5,1923,1891,1,0,0,0,0,1,310.5301257,0,0,0,0,0,30,16,0.003220299473,0.003220299471,0.4509047653
2034,0.90625,0.875,371.5840758,371.5840758,5,1923,1696,1,0,0,0,0,1,1188.909615,0,0,0,0,0,307,154,0.0008411068319,0.000841106824,2.124533874
2035,0.9375,0.90625,491.513015,491.513015,5,1923,1890,1,0,0,0,0,1,1483.658887,0,0,0,0,0,60,30,0.0006740093756,0.0006740093741,0.4433928942
2036,0.46875,0.53125,126.883347,126.883347,5,1641,1783,1,0,0,0,0,1,207.4719229,0,0,0,0,0,96,48,0.004819929299,0.004819929297,0.7147450552
2037,0.40625,0.53125,121.8018345,43.2456041,5,1783,1681,0,0,0,0,0,0,468.1596578,-79.97264489,386.7493416,0.0004496306119,0,0,24,12,0.002136023434,0.002136023432,1.710396424
2038,0.40625,0.59375,88.89613186,67.71821862,5,1783,1669,0,0,0,0,0,0,122.491611,-24.65700407,116.0974314,0.0004496306119,0,0,10,4,0.008163824379,0.008163824377,1.180687682
2039,0.46875,0.59375,74.09921394,74.09921394,5,1783,1700,1,0,0,0,0,1,1099.261904,0,0,0,0,0,15,8,0.0009097013155,0.0009097013147,0.4967030641
2040,0.46875,0.625,89.50276523,107.2271757,5,1700,1837,0,0,0,0,0,0,341.3725971,59.51883084,295.9471972,0.0004496306119,0,0,8,4,0.002929350535,0.002929350534,0.9524979161
2041,0.4375,0.59375,94.39618472,83.23750187,5,1837,1783,0,0,0,0,0,0,8.190277368e+12,-2.415305289e-08,2224.047859,0.0004496306119,0,0,1,0,1.220959871e-13,0,0.1220959871
2042,0.40625,0.625,78.50265953,83.5800884,5,1837,1669,0,0,0,0,0,0,1055.010483,17.59630193,715.5693987,0.0004496306119,0,0,5,1,0.0009478578801,0.0009478578788,0.2233798798
2043,0.40625,0.65625,102.5205288,124.9970698,5,1669,1786,0,0,0,0,0,0,5499.841649,20.74628327,1583.64656,0.0004496306119,0,0,4,1,0.0001818234167,0.0001818234165,0.04284998185
2044,0.40625,0.71875,122.8538501,145.4911687,5,1786,1701,0,0,0,0,0,0,7237.64255,48.32203467,1701.267186,0.0004496306119,0,0,1,1,0.000138166536,0.000138166536,0.08234264536
2045,0.46875,0.71875,161.5563729,132.3342171,5,1786,1657,0,0,0,0,0,0,643.7854004,-30.17512797,499.2652682,0.0004496306119,0,0,4,2,0.00155331264,0.001553312639,0.9579917556
2046,0.46875,0.65625,113.5206345,155.0126616,5,1786,1700,0,0,0,0,0,0,553.3012868,69.03731669,443.0730447,0.0004496306119,0,0,11,6,0.001807333588,0.001807333588,0.471084832
2047,0.4375,0.65625,108.0205816,53.18979721,5,1837,1786,0,0,0,0,0,0,723.6287237,-41.92326854,545.9842247,0.0004496306119,0,0,12,5,0.001381924138,0.001381924137,0.6279504338
2048,0.71875,0.78125,259.4390995,259.4390995,5,1648,1838,1,0,0,0,0,1,867.0931766,0,0,0,0,0,50,25,0.001153278595,0.00115327859,2.251908324
2049,0.65625,0.78125,223.6238581,223.6238581,5,1838,1699,1,1,1,0,0,1,99.04315703,-35.96224688,103.4695769,0.0004496306119,0,79.84500532,98,98,0.01009660869,0.01009660869,4.832491493
2050,0.65625,0.84375,244.2790631,244.2790631,5,1838,1695,1,0,0,0,0,1,7727.391086,0,0,0,0,0,11,6,0.0001294097825,0.0001294097806,0.7783575154
2051,0.71875,0.84375,283.6412602,283.6412602,5,1838,1710,1,0,0,0,0,1,48497564.01,0,0,0,0,0,5,1,2.061959235e-08,2.061839915e-08,0.0004966395954
2052,0.65625,0.75,231.6957009,231.6957009,5,1699,1859,1,0,0,0,0,1,1748.121805,0,0,0,0,0,160,78,0.0005720425184,0.0005720425177,0.181675084
2053,0.6875,0.78125,258.3901225,258.3901225,5,1859,1838,1,0,0,0,0,1,3334.134889,0,0,0,0,0,27,14,0.0002999278774,0.0002999278747,2.966583344
2054,0.71875,0.75,233.7936549,233.7936549,5,1859,1648,1,0,0,0,0,1,8943.520962,0,0,0,0,0,18,11,0.0001118127865,0.0001118127861,0.144366794
2055,0.6875,0.71875,235.9781235,235.9781235,5,1859,1832,1,1,1,0,0,1,208.4769893,-0.8376617501,191.226509,0.0004496306119,0,30.38884149,48,48,0.004796692447,0.004796692447,3.049213669
2056,0.625,0.71875,206.5302788,36.35437616,5,1699,1860,0,0,0,0,0,0,2.018937071,-167.8426047,2.017105991,0.0004496306119,0,0,808,404,0.4953101384,0.4953101383,3.997715391
2057,0.65625,0.6875,216.2090405,216.2090405,5,1860,1832,1,0,0,0,0,1,127.6534319,0,0,0,0,0,70,34,0.007833710265,0.007833710261,0.4567689231
2058,0.625,0.65625,199.3364477,199.3364477,5,1860,1694,1,0,0,0,0,1,4.368690619,0,0,0,0,0,1578,783,0.2289015376,0.2289015374,5.482963446
2059,0.59375,0.65625,200.5807223,200.5807223,5,1694,1831,1,1,1,0,0,1,1.650835243,-33.83973641,2.542998929,0.0004496306119,0,41.70979594,1136,1136,0.6057539687,0.6057539687,12.61613726
2060,0.53125,0.65625,143.56745,143.56745,5,1831,1700,1,0,0,0,0,1,367.9681214,0,0,0,0,0,96,47,0.002717626723,0.002717626715,2.157511248
2061,0.53125,0.71875,195.0209555,-10.83577178,5,1831,1657,0,0,0,0,0,0,664.0444817,-230.9367664,511.3640887,0.0004496306119,0,0,13,6,0.001505923214,0.001505923212,0.6077502862
2062,0.59375,0.71875,194.0903855,194.0903855,5,1831,1699,1,1,1,0,0,1,5.724329066,-45.43978246,5.709633415,0.0004496306119,0,65.6864567,456,456,0.174692962,0.174692962,5.088093848
2063,0.59375,0.6875,213.158674,213.158674,5,1860,1831,1,0,0,0,0,1,19.99289823,0,0,0,0,0,77,45,0.05001776072,0.05001776071,0.6110850465
2064,0.96875,0.5625,268.1031223,223.3538492,5,1921,1885,0,0,0,0,0,0,112027.843,-38.93279125,2180.754144,0.0004496306119,0,0,8,4,8.92635235e-06,8.926351514e-06,0.01964984448
2065,1,0.53125,278.0856831,245.8673558,5,1921,1645,0,0,0,0,0,0,3.735527708e+14,-2.399548293e-08,2224.047859,0.0004496306119,0,0,1,0,2.676997946e-15,0,0.002676997946
2066,1,0.59375,275.3211052,215.6907556,5,1716,1921,0,0,0,0,0,0,40459.50268,-40.36830296,2108.162728,0.0004496306119,0,0,2,2,2.471607246e-05,2.471607246e-05,0.03457842174
2067,0.71875,0.625,235.626429,235.626429,5,1708,1881,1,0,0,0,0,1,43.31583809,0,0,0,0,0,291,153,0.02308624384,0.02308624382,0.8155300078
2068,0.6875,0.59375,219.3890992,219.3890992,5,1881,1833,1,0,0,0,0,1,18.42280762,0,0,0,0,0,1100,544,0.05428054293,0.05428054291,1.56129031
2069,0.65625,0.625,222.0348998,222.0348998,5,1881,1694,1,0,0,0,0,1,331.7902674,0,0,0,0,0,344,168,0.003013952181,0.003013952171,0.2433166431
2070,0.6875,0.65625,233.9596771,233.9596771,5,1881,1832,1,1,1,0,0,1,33.54905027,-11.71824323,63.08865759,0.0004496306119,0,40.75948907,439,439,0.02980710309,0.02980710309,4.751450795
2071,0.09375,0.90625,-51.19816303,-54.34827199,5,1671,1741,0,0,0,0,0,0,305.5097494,50.75685851,268.611516,0.0004496306119,0,0,33,18,0.003273217965,0.003273217962,0.8181018108
2072,0.03125,0.90625,56.86742328,86.45533731,5,1741,1673,0,0,0,0,0,0,1544.416364,-2.464165827,911.4736681,0.0004496306119,0,0,10,5,0.0006474937867,0.0006474937864,0.6829972101
2073,0.03125,0.96875,-17.06605434,20.69674968,5,1741,1638,0,0,0,0,0,0,1.404726049e+13,-6.469350922e-08,2224.047859,0.0004496306119,0,0,2,0,7.11882577e-14,0,0.0711882577
2074,0.09375,0.96875,68.06931807,-68.43423058,5,1741,1685,0,0,0,0,0,0,1719.418737,-138.7354072,969.7228232,0.0004496306119,0,0,12,7,0.0005815918942,0.0005815918939,0.4990824925
2075,0.03125,0.875,93.83416209,141.1628686,5,1673,1744,0,0,0,0,0,0,575.3233862,18.13198879,457.083621,0.0004496306119,0,0,19,12,0.001738152879,0.001738152877,2.547141017
2076,0.0625,0.90625,2.834630125,20.71475606,5,1744,1741,0,0,0,0,0,0,170.743302,28.80756974,158.569683,0.0004496306119,0,0,29,16,0.005856745115,0.005856745112,1.202100533
2077,0.09375,0.875,-14.23142422,-110.4301607,5,1744,1671,0,0,0,0,0,0,30.15373038,-39.43640688,29.75037362,0.0004496306119,0,0,139,69,0.03316339263,0.03316339261,4.937514882
2078,0.09375,0.84375,-71.72669671,-179.9918686,5,1671,1740,0,0,0,0,0,0,28.97251885,-45.79039619,28.59994928,0.0004496306119,0,0,197,92,0.03451546636,0.03451546635,1.833502533
2079,0.09375,0.78125,-97.49504697,-97.49504697,5,1740,1674,1,0,0,0,0,1,3.497449451,0,0,0,0,0,786,400,0.2859226456,0.2859226455,5.362327459
2080,0.03125,0.78125,55.18672404,55.18672404,5,1740,1650,1,1,1,0,0,1,12.4771638,121.8528848,18.04540056,0.0004496306119,0,52.23579694,208,208,0.0801464192,0.0801464192,4.640046204
2081,0.03125,0.84375,94.96419353,94.96419353,5,1740,1673,1,1,1,0,0,1,172.1744606,35.32144227,159.8033023,0.0004496306119,0,78.33775982,64,64,0.005808062337,0.005808062337,6.276469315
2082,0.0625,0.84375,-17.69390356,-99.16467461,5,1744,1740,0,0,0,0,0,0,27.43323562,-61.97551904,27.09897458,0.0004496306119,0,0,195,96,0.0364521347,0.03645213467,3.661679062
2083,0.53125,0.625,84.15751971,84.15751971,5,1700,1835,1,0,0,0,0,1,699.7910973,0,0,0,0,0,31,14,0.001428997888,0.001428997887,1.084527736
2084,0.5625,0.65625,189.1551539,189.1551539,5,1835,1831,1,0,0,0,0,1,158.1355135,0,0,0,0,0,304,148,0.006323690218,0.006323690189,6.406495347
2085,0.59375,0.625,175.3329276,175.3329276,5,1835,1694,1,0,0,0,0,1,9.185954659,0,0,0,0,0,536,271,0.108861848,0.108861848,0.7979018098
2086,0.5625,0.59375,169.8931757,169.8931757,5,1835,1830,1,0,0,0,0,1,32.38974148,0,0,0,0,0,907,453,0.03087397288,0.03087397283,1.226676089
2087,0.5,0.71875,167.0564258,78.41459935,5,1657,1834,0,0,0,0,0,0,356.4268324,-74.95702494,307.1955467,0.0004496306119,0,0,6,3,0.002805624911,0.002805624909,1.445879997
2088,0.53125,0.6875,172.0511556,98.63763706,5,1834,1831,0,0,0,0,0,0,1060.646126,-83.19635751,718.157538,0.0004496306119,0,0,3,2,0.0009428215272,0.000942821527,0.4292191046
2089,0.5,0.65625,119.0206873,117.1258371,5,1834,1700,0,0,0,0,0,0,556.9951252,40.28821297,445.4385721,0.0004496306119,0,0,7,4,0.001795347849,0.001795347848,1.109627254
2090,0.46875,0.6875,137.5385037,77.46829852,5,1834,1786,0,0,0,0,0,0,1458.724173,-46.7740465,880.9321744,0.0004496306119,0,0,6,3,0.0006855305606,0.0006855305597,0.3706112199
2091,0.59375,0.84375,201.2842035,201.2842035,5,1695,1839,1,0,0,0,0,1,19149.3345,0,0,0,0,0,6,3,5.222113593e-05,5.222113519e-05,0.2736702755
2092,0.59375,0.78125,214.3462859,214.3462859,5,1839,1699,1,0,0,0,0,1,53.79651026,0,0,0,0,0,225,109,0.01858856634,0.01858856631,4.343541544
2093,0.53125,0.78125,208.9256108,208.9256108,5,1839,1657,0,0,0,0,0,0,1e+300,218.6848229,20.97636806,0,0,0,0,0,0,0,0
2094,0.53125,0.84375,222.8316554,222.8316554,5,1839,1698,0,0,0,0,0,0,1e+300,99.78378108,1935.367119,0,0,0,0,0,0,0,0
2095,0.625,0.78125,216.5977047,216.5977047,5,1699,1858,1,1,1,0,0,1,128.4246168,-36.46545977,121.4137451,0.0004496306119,0,44.34287346,127,127,0.007786669136,0.007786669136,2.055176667
2096,0.59375,0.8125,237.8144376,237.8144376,5,1858,1839,1,0,0,0,0,1,4998.44698,0,0,0,0,0,83,40,0.0002000621401,0.0002000621391,0.6341058772
2097,0.625,0.84375,248.4646835,104.3724702,5,1858,1695,0,0,0,0,0,0,7080.694087,-136.6526455,1692.449142,0.0004496306119,0,0,8,5,0.0001412290925,0.0001412290922,0.1507906938
2098,0.65625,0.8125,280.8092972,280.8092972,5,1858,1838,1,0,0,0,0,1,2518.045835,0,0,0,0,0,95,47,0.0003971333588,0.0003971333567,1.193922553
2099,0.921875,0.796875,363.9889495,363.9889495,6,1891,1995,1,1,1,0,0,1,65.29366327,-8.39163506,56.40333116,0.00241402729,0,31.82883465,494,494,0.01531542189,0.01531542189,33.82470134
2100,0.921875,0.765625,361.9503477,361.9503477,6,1995,1907,1,0,0,0,0,1,37.02963304,0,0,0,0,0,49,27,0.02700539859,0.02700539859,1.586088291
2101,0.890625,0.765625,347.0801661,347.0801661,6,1995,1715,1,0,0,0,0,1,731.7195932,0,0,0,0,0,25,9,0.001366643738,0.001366643734,0.08644720943
2102,0.890625,0.796875,332.9992254,332.9992254,6,1995,1910,1,1,1,0,0,1,75.28983913,-26.05988096,63.71036915,0.00241402729,0,34.48825413,356,356,0.01328200474,0.01328200474,29.42762917
2103,0.75,0.84375,259.5126077,218.2845719,5,1710,1894,0,0,0,0,0,0,12098.98697,-52.85236182,1878.70283,0.0004496306119,0,0,1,1,8.265154778e-05,8.265154778e-05,0.1948153077
2104,0.78125,0.8125,283.6691179,283.6691179,5,1894,1888,1,0,0,0,0,1,489.0320844,0,0,0,0,0,51,30,0.002044855608,0.002044855607,0.2484498175
2105,0.75,0.78125,267.0261643,24.7400658,5,1894,1648,0,0,0,0,0,0,142.815412,-222.1866813,134.1979975,0.0004496306119,0,0,41,20,0.00700204541,0.007002045404,2.561193812
2106,0.71875,0.8125,271.5401799,271.5401799,5,1894,1838,1,0,0,0,0,1,315615.9152,0,0,0,0,0,12,4,3.168408029e-06,3.168407145e-06,0.0303646084
2107,0.765625,0.765625,279.5113063,82.50637723,6,1648,1976,0,0,0,0,0,0,151.2065471,-170.6850135,110.7726694,0.00241402729,0,0,29,13,0.006613470246,0.006613470241,0.9895090472
2108,0.765625,0.796875,275.754528,129.7412758,6,1976,1894,0,0,0,0,0,0,99.37170289,-135.5552082,80.14583815,0.00241402729,0,0,28,12,0.01006322696,0.01006322696,2.680078644
2109,0.796875,0.796875,297.7277278,297.7277278,6,1976,1888,1,1,1,0,0,1,46.61161686,7.837470783,41.89726464,0.00241402729,0,37.5950996,283,283,0.02145387925,0.02145387925,24.70893763
2110,0.796875,0.765625,295.9806964,295.9806964,6,1976,1909,1,0,0,0,0,1,43.94066486,0,0,0,0,0,32,12,0.02275796243,0.02275796242,0.8442724241
2111,0.8125,0.765625,314.3678132,-142.5935674,6,1909,1980,0,0,0,0,0,0,10.60272878,-469.7837866,10.33812169,0.00241402729,0,0,25,15,0.09431534288,0.09431534288,0.4703978633
2112,0.796875,0.78125,302.7782467,302.7782467,6,1980,1976,1,0,0,0,0,1,350.8368228,0,0,0,0,0,346,174,0.002850327945,0.002850327936,2.817083499
2113,0.8125,0.796875,313.0055701,313.0055701,6,1980,1888,1,1,1,0,0,1,187.0273062,-8.019774964,128.8520291,0.00241402729,0,20.68160479,221,221,0.00534681283,0.00534681283,8.864351291
2114,0.828125,0.796875,317.3922075,317.3922075,6,1888,1979,1,1,1,0,0,1,26.5650318,9.116778041,24.96411517,0.00241402729,0,30.80861526,453,453,0.03764347084,0.03764347084,36.19216747
2115,0.859375,0.796875,326.0512879,326.0512879,6,1979,1910,1,0,0,0,0,1,1217.789159,0,0,0,0,0,126,60,0.0008211602084,0.0008211602009,2.926627661
2116,0.859375,0.765625,315.3979649,-3.219719737,6,1979,1715,0,0,0,0,0,0,83.92745692,-317.1023721,69.78815532,0.00241402729,0,0,41,21,0.01191505184,0.01191505184,0.5095562063
2117,0.828125,0.765625,314.5533976,314.5533976,6,1979,1909,1,0,0,0,0,1,16.55759872,0,0,0,0,0,32,19,0.06039523103,0.06039523103,1.562882457
2118,0.828125,0.78125,321.3509479,321.3509479,6,1980,1979,1,0,0,0,0,1,235.9869129,0,0,0,0,0,465,237,0.004237523123,0.00423752311,3.540649981
2119,0.828125,0.671875,256.4007845,256.4007845,6,1883,1935,1,0,0,0,0,1,4975.091563,0,0,0,0,0,26,13,0.0002010013258,0.0002010013238,1.84594015
2120,0.859375,0.671875,270.6065703,270.6065703,6,1935,1908,1,0,0,0,0,1,11048.0278,0,0,0,0,0,22,12,9.051389245e-05,9.051389158e-05,0.908182017
2121,0.859375,0.640625,251.339301,251.339301,6,1935,1697,1,0,0,0,0,1,7719.953457,0,0,0,0,0,26,13,0.0001295344597,0.0001295344588,0.9550456452
2122,0.828125,0.640625,258.8595029,258.8595029,6,1935,1887,1,1,1,0,0,1,182.4515055,30.50273908,126.6634751,0.00241402729,0,76.89352424,272,272,0.00548090846,0.00548090846,6.075020055
2123,0.828125,0.625,239.445826,42.28009653,6,1887,1939,0,0,0,0,0,0,409.7901325,-165.2269345,206.0028918,0.00241402729,0,0,23,15,0.002440273498,0.002440273497,1.043431775
2124,0.84375,0.640625,246.6544665,204.0124189,6,1939,1935,0,0,0,0,0,0,10041.0153,-35.83604837,397.8327959,0.00241402729,0,0,14,4,9.959152236e-05,9.959152186e-05,0.08815354298
2125,0.859375,0.625,242.8810813,242.8810813,6,1939,1697,0,0,0,0,0,0,1e+300,-2.069402569e-07,17289.68316,0,0,0,0,0,0,0,0
2126,0.875,0.53125,120.6123258,88.71163247,5,1705,1906,0,0,0,0,0,0,385.5166284,-46.11563032,328.5634197,0.0004496306119,0,0,18,9,0.002593921835,0.002593921834,1.821125641
2127,0.84375,0.5625,174.5696287,25.04368835,5,1906,1886,0,0,0,0,0,0,1773.184541,-137.9263142,986.5944452,0.0004496306119,0,0,28,15,0.0005639570936,0.0005639570928,0.5296430978
2128,0.875,0.59375,203.2699146,-78.13347708,5,1906,1697,0,0,0,0,0,0,1230.559631,-284.3976569,792.224159,0.0004496306119,0,0,41,17,0.000812638392,0.0008126383912,0.4540079257
2129,0.90625,0.5625,182.9057028,182.9057028,5,1906,1885,1,1,1,0,0,1,587.2083834,-39.16940946,464.5537193,0.0004496306119,0,72.51150171,61,61,0.001702972962,0.001702972962,3.975300177
2130,0.859375,0.609375,230.2485661,204.5971054,6,1697,1940,0,0,0,0,0,0,550.7798937,-15.73844431,236.4270428,0.00241402729,0,0,9,5,0.001815607308,0.001815607305,2.736095327
2131,0.859375,0.578125,188.9197716,243.0099389,6,1940,1906,0,0,0,0,0,0,221.9328056,58.39284774,144.5108503,0.00241402729,0,0,29,16,0.004505868329,0.004505868324,3.223735085
2132,0.828125,0.578125,201.5482802,95.39251588,6,1940,1886,0,0,0,0,0,0,79.72125199,-81.64885652,66.85504655,0.00241402729,0,0,66,34,0.01254370667,0.01254370666,7.319755513
2133,0.828125,0.609375,197.3503996,197.3503996,6,1940,1887,1,0,0,0,0,1,645.4664757,0,0,0,0,0,44,21,0.001549267139,0.001549267133,0.7314485969
2134,0.84375,0.609375,228.5309384,202.563703,6,1939,1940,0,0,0,0,0,0,31050.91455,-6.279977586,408.7918937,0.00241402729,0,0,5,3,3.220517059e-05,3.220517054e-05,0.050090266
2135,0.828125,0.703125,278.2473135,278.2473135,6,1883,1934,1,0,0,0,0,1,68.33438158,0,0,0,0,0,91,48,0.01463392185,0.01463392184,0.7698971161
2136,0.828125,0.734375,312.39223,312.39223,6,1934,1909,1,0,0,0,0,1,257.2479176,0,0,0,0,0,1037,511,0.003887300661,0.003887300647,2.642222971
2137,0.859375,0.734375,311.7203686,311.7203686,6,1934,1715,1,0,0,0,0,1,3347.770522,0,0,0,0,0,56,29,0.0002987062564,0.0002987062538,1.415358866
2138,0.859375,0.703125,285.3886501,114.5712691,6,1934,1908,0,0,0,0,0,0,831.7993013,-177.8838318,276.5302905,0.00241402729,0,0,31,17,0.00120221308,0.001202213079,0.8473730083
2139,0.8125,0.734375,299.2192537,299.2192537,6,1909,1974,1,0,0,0,0,1,3232.873235,0,0,0,0,0,223,109,0.0003093223666,0.0003093223654,0.1704834336
2140,0.828125,0.71875,289.6844828,289.6844828,6,1974,1934,1,1,1,0,0,1,24.05394232,-1.532954843,22.7338582,0.00241402729,0,57.23868125,465,465,0.04157322682,0.04157322682,33.5619563
2141,0.8125,0.703125,274.0837587,-393.10633,6,1974,1883,0,0,0,0,0,0,30.15814008,-658.1804517,28.11154711,0.00241402729,0,0,53,28,0.03315854351,0.03315854351,0.1441830765
2142,0.765625,0.734375,255.4239268,255.4239268,6,1648,1933,1,0,0,0,0,1,4410.108471,0,0,0,0,0,174,87,0.0002267517923,0.0002267517906,0.8664181826
2143,0.796875,0.734375,298.1992884,298.1992884,6,1933,1909,1,0,0,0,0,1,217.508637,0,0,0,0,0,1020,512,0.00459751858,0.004597518567,2.731325213
2144,0.796875,0.703125,264.0543718,264.0543718,6,1933,1883,1,0,0,0,0,1,50.12039839,0,0,0,0,0,59,31,0.01995195633,0.01995195633,0.7724129473
2145,0.765625,0.703125,260.5462265,-129.764977,6,1933,1882,0,0,0,0,0,0,60.28141905,-396.1536917,52.6235831,0.00241402729,0,0,18,10,0.01658885965,0.01658885965,0.4847563911
2146,0.796875,0.71875,276.785907,276.785907,6,1974,1933,1,1,1,0,0,1,18.03146868,-0.1830585235,17.27932623,0.00241402729,0,37.99096631,434,434,0.05545859949,0.05545859949,30.66634107
2147,0.859375,0.75,318.2884368,24.60979512,6,1715,1973,0,0,0,0,0,0,112.4693346,-294.7819309,88.45377662,0.00241402729,0,0,36,19,0.008891312495,0.008891312491,1.142510355
2148,0.84375,0.734375,308.2078138,205.5562112,6,1973,1934,0,0,0,0,0,0,2810.999419,-106.5022821,361.040463,0.00241402729,0,0,16,7,0.0003557453599,0.0003557453595,0.3058610203
2149,0.828125,0.75,317.601669,-670.9084983,6,1973,1909,0,0,0,0,0,0,54.35941966,-990.9698788,48.05358242,0.00241402729,0,0,11,5,0.01839607572,0.01839607572,0.04774138947
2150,0.84375,0.765625,315.054581,20.91214078,6,1973,1979,0,0,0,0,0,0,3.231730156,-293.3053389,3.206713033,0.00241402729,0,0,32,18,0.3094317754,0.3094317754,1.303246937
2151,0.796875,0.671875,249.9681332,249.9681332,6,1883,1936,1,0,0,0,0,1,1225.244186,0,0,0,0,0,43,24,0.0008161638404,0.000816163837,0.1466697143
2152,0.796875,0.640625,240.8102254,240.8102254,6,1936,1887,1,1,1,0,0,1,58.88919277,18.88621291,51.55948953,0.00241402729,0,92.41508184,444,444,0.01698104445,0.01698104445,8.161428897
2153,0.765625,0.640625,253.2086997,253.2086997,6,1936,1708,1,1,1,0,0,1,40.32683324,5.240193426,36.74928728,0.00241402729,0,83.74061917,530,530,0.02479738476,0.02479738476,4.204756081
2154,0.765625,0.671875,252.302308,252.302308,6,1936,1882,1,0,0,0,0,1,9313.372509,0,0,0,0,0,28,12,0.0001073724904,0.0001073724896,0.5287995679
2155,0.8125,0.640625,228.3852292,228.3852292,6,1887,1938,1,0,0,0,0,1,202.9651525,0,0,0,0,0,443,222,0.004926954147,0.004926954136,2.344647071
2156,0.796875,0.65625,254.5241858,254.5241858,6,1938,1936,1,1,1,0,0,1,115.1675483,0.2302689701,90.11421102,0.00241402729,0,41.8453701,214,214,0.008683001543,0.008683001543,8.010406838
2157,0.8125,0.671875,254.201237,204.116527,6,1938,1883,0,0,0,0,0,0,3957.314409,-52.31270741,374.9919494,0.00241402729,0,0,9,5,0.0002526966262,0.0002526966256,0.2287019798
2158,0.828125,0.65625,237.8496455,237.8496455,6,1938,1935,1,1,1,0,0,1,196.1302977,-22.87690797,133.1083161,0.00241402729,0,46.15953156,103,103,0.005098651314,0.005098651314,7.033485479
2159,0.796875,0.75,305.6394494,-784.2564497,6,1909,1975,0,0,0,0,0,0,136.204901,-1083.259019,102.502002,0.00241402729,0,0,12,4,0.007341879719,0.007341879719,0.03114841131
2160,0.78125,0.734375,279.629105,13.71961653,6,1975,1933,0,0,0,0,0,0,815.1660186,-263.0875642,274.6670768,0.00241402729,0,0,88,44,0.001226743973,0.001226743972,0.8921464219
2161,0.765625,0.75,282.4017782,461.27413,6,1975,1648,0,0,0,0,0,0,530.1809701,205.0588377,232.5486368,0.00241402729,0,0,8,4,0.001886148422,0.001886148421,0.2071753287
2162,0.78125,0.765625,291.1301419,48.09651531,6,1975,1976,0,0,0,0,0,0,127.1680932,-226.4885139,97.29864881,0.00241402729,0,0,17,7,0.007863607725,0.007863607722,0.9675428913
2163,0.875,0.765625,335.0919346,148.0636148,6,1715,1989,0,0,0,0,0,0,129.3046495,-179.5524813,98.54448565,0.00241402729,0,0,19,9,0.007733673957,0.007733673955,1.369067661
2164,0.859375,0.78125,334.1693981,279.283783,6,1989,1979,0,0,0,0,0,0,167.3995094,-43.15806693,119.2213352,0.00241402729,0,0,34,16,0.005973733159,0.005973733155,1.499921343
2165,0.875,0.796875,339.7817275,339.7817275,6,1989,1910,1,0,0,0,0,1,8811.254361,0,0,0,0,0,43,21,0.0001134912192,0.0001134912172,1.206949206
2166,0.890625,0.78125,355.6425096,355.6425096,6,1989,1995,1,0,0,0,0,1,911.1549297,0,0,0,0,0,241,123,0.001097508192,0.001097508186,2.621284112
2167,0.890625,0.890625,394.0236402,-148.8671821,6,1696,1926,0,0,0,0,0,0,6.923825094,-576.5484511,6.810000681,0.00241402729,0,0,16,7,0.1444288361,0.1444288361,0.711425237
2168,0.890625,0.921875,387.6032044,387.6032044,6,1926,1912,1,1,1,0,0,1,417.3196235,-40.56351174,207.8884448,0.00241402729,0,48.81556717,136,136,0.002396244853,0.002396244853,6.686131233
2169,0.921875,0.921875,547.6220483,547.6220483,6,1926,1890,1,0,0,0,0,1,30477.06001,0,0,0,0,0,41,18,3.281156384e-05,3.281155995e-05,1.396621009
2170,0.921875,0.890625,380.7749361,-15.35393134,6,1926,1923,0,0,0,0,0,0,16.98061723,-446.8995797,16.31196259,0.00241402729,0,0,7,3,0.05889067437,0.05889067437,0.8165169605
2171,0.875,0.921875,394.5021232,-359.2734146,6,1912,1999,0,0,0,0,0,0,41.875288,-731.3978607,38.03082465,0.00241402729,0,0,201,103,0.02388043277,0.02388043277,3.435344739
2172,0.890625,0.90625,375.420104,127.812287,6,1999,1926,0,0,0,0,0,0,6.192946391,-301.3403545,6.101725945,0.00241402729,0,0,12,5,0.1614740282,0.1614740282,0.8275868132
2173,0.875,0.890625,431.7091955,211.2461592,6,1999,1696,0,0,0,0,0,0,1.83376006,-157.935542,1.825678244,0.00241402729,0,0,26,12,0.5453276151,0.5453276151,2.107575378
2174,0.78125,0.875,304.395055,-192.4524359,5,1710,1893,0,0,0,0,0,0,198.601883,-515.4482652,182.3210698,0.0004496306119,0,0,26,13,0.005035198987,0.005035198986,0.2424197707
2175,0.8125,0.90625,386.024266,386.024266,5,1893,1889,1,0,0,0,0,1,88173.7405,0,0,0,0,0,11,4,1.134124507e-05,1.134124468e-05,0.004776197944
2176,0.84375,0.875,365.2418249,365.2418249,5,1893,1696,1,0,0,0,0,1,264.7936584,0,0,0,0,0,362,185,0.003776525489,0.003776525468,1.614703778
2177,0.8125,0.84375,335.5242268,335.5242268,5,1893,1888,1,0,0,0,0,1,479.4074863,0,0,0,0,0,132,68,0.002085908186,0.002085908183,0.2106437537
2178,0.859375,0.890625,406.9758463,-589.9522684,6,1696,2000,0,0,0,0,0,0,14.23655668,-968.073512,13.76353913,0.00241402729,0,0,19,11,0.07024170397,0.07024170397,0.2578409584
2179,0.828125,0.890625,358.3366207,-43.49343182,6,2000,1893,0,0,0,0,0,0,11.64395008,-419.1343268,11.32560088,0.00241402729,0,0,11,7,0.08588150866,0.08588150866,1.559396702
2180,0.828125,0.921875,398.9023012,398.9023012,6,2000,1889,1,0,0,0,0,1,2976.54287,0,0,0,0,0,50,25,0.0003359602208,0.0003359602175,0.3622466879
2181,0.859375,0.921875,394.2564269,394.2564269,6,2000,1912,1,1,1,0,0,1,204.2054963,15.62818691,136.7791623,0.00241402729,0,62.26903385,214,214,0.004897027838,0.004897027838,8.741388334
2182,0.859375,0.90625,388.3723101,51.10226115,6,1999,2000,0,0,0,0,0,0,1.761063608,-328.4903549,1.75360857,0.00241402729,0,0,16,8,0.5678386603,0.5678386603,2.327098924
2183,0.890625,0.609375,246.9396603,157.7729188,6,1697,2008,0,0,0,0,0,0,149.6085944,-83.8607705,109.9126327,0.00241402729,0,0,47,21,0.00668410798,0.006684107972,4.154887011
2184,0.921875,0.609375,243.8486559,106.8627164,6,2008,1920,0,0,0,0,0,0,559.0568166,-123.0729167,237.9392038,0.00241402729,0,0,38,16,0.00178872696,0.001788726957,1.752379669
2185,0.921875,0.578125,257.451158,257.451158,6,2008,1885,1,0,0,0,0,1,1113.772176,0,0,0,0,0,58,30,0.000897849687,0.0008978496813,3.239614796
2186,0.890625,0.578125,205.6108659,98.4182262,6,2008,1906,0,0,0,0,0,0,76.01864305,-107.4970046,64.23145876,0.00241402729,0,0,90,39,0.01315466785,0.01315466784,10.21746728
2187,0.921875,0.625,239.9622024,138.2439737,6,1920,2014,0,0,0,0,0,0,145.7761297,-86.19158032,107.8299541,0.00241402729,0,0,37,12,0.006859833651,0.006859833643,5.018190043
2188,0.90625,0.609375,245.3941581,121.6573628,6,2014,2008,0,0,0,0,0,0,192.8290887,-114.1272983,131.5795212,0.00241402729,0,0,40,16,0.005185939563,0.005185939556,4.0354673
2189,0.890625,0.625,243.0532068,140.1804988,6,2014,1697,0,0,0,0,0,0,239.7643896,-95.95311142,151.8651677,0.00241402729,0,0,26,13,0.004170761145,0.00417076114,3.068338862
2190,0.890625,0.640625,257.9245094,257.9245094,6,1697,1981,1,0,0,0,0,1,614.264555,0,0,0,0,0,275,132,0.001627963052,0.001627963044,3.788970208
2191,0.890625,0.671875,277.06999,56.11892005,6,1981,1908,0,0,0,0,0,0,115.3364975,-221.0750722,90.21761671,0.00241402729,0,0,62,30,0.008670282365,0.008670282359,3.406479364
2192,0.921875,0.671875,293.6552873,293.6552873,6,1981,1884,1,0,0,0,0,1,1613.626368,0,0,0,0,0,78,38,0.0006197221486,0.0006197221437,1.57704581
2193,0.921875,0.640625,254.6522653,254.6522653,6,1981,1920,1,1,1,0,0,1,102.3367087,8.425217574,82.06345616,0.00241402729,0,56.58831542,374,374,0.009771664664,0.009771664664,11.12229316
2194,0.90625,0.640625,252.0759408,252.0759408,6,2014,1981,1,0,0,0,0,1,557.6352279,0,0,0,0,0,411,211,0.001793286991,0.001793286986,2.922949594
2195,0.921875,0.703125,311.5682801,311.5682801,6,1884,1982,1,0,0,0,0,1,109.7215581,0,0,0,0,0,62,31,0.009113979211,0.009113979207,0.4943214181
2196,0.890625,0.703125,295.5782679,-142.4872435,6,1982,1908,0,0,0,0,0,0,94.59222563,-437.5941826,77.00766325,0.00241402729,0,0,43,17,0.01057169332,0.01057169332,0.2501357847
2197,0.890625,0.734375,314.3720407,314.3720407,6,1982,1715,1,0,0,0,0,1,497.4446201,0,0,0,0,0,712,362,0.002010274028,0.002010274017,3.212881935
2198,0.921875,0.734375,329.2422223,329.2422223,6,1982,1907,1,0,0,0,0,1,310.9744399,0,0,0,0,0,1349,674,0.003215698372,0.003215698357,3.301076637
2199,0.921875,0.75,341.3549045,341.3549045,6,1907,2018,1,0,0,0,0,1,418.117438,0,0,0,0,0,20,11,0.002391672552,0.002391672551,0.1297668459
2200,0.90625,0.734375,321.8071315,321.8071315,6,2018,1982,1,0,0,0,0,1,6057.441669,0,0,0,0,0,314,163,0.0001650861956,0.0001650861948,0.3667517402
2201,0.890625,0.75,326.484723,326.484723,6,2018,1715,1,0,0,0,0,1,79667.91039,0,0,0,0,0,7,2,1.25521053e-05,1.25521047e-05,0.09854869982
2202,0.90625,0.765625,345.3444333,-401.8049256,6,2018,1995,0,0,0,0,0,0,14.48249573,-756.3212934,13.99327489,0.00241402729,0,0,11,5,0.06904887241,0.06904887241,0.2790661396
2203,0.953125,0.703125,295.9433296,-73.50624429,6,1884,1983,0,0,0,0,0,0,150.8624781,-383.1192109,110.5878983,0.00241402729,0,0,39,20,0.006628553453,0.006628553449,0.840882577
2204,0.953125,0.734375,327.2891149,327.2891149,6,1983,1907,1,0,0,0,0,1,2752.396876,0,0,0,0,0,210,108,0.0003633196973,0.0003633196938,0.9679429443
2205,0.984375,0.734375,286.9285464,81.31213902,6,1983,1661,0,0,0,0,0,0,327.633422,-243.2505074,182.9418119,0.00241402729,0,0,30,17,0.003052191665,0.003052191663,0.7827622707
2206,0.984375,0.703125,291.6465566,58.3528188,6,1983,1922,0,0,0,0,0,0,414.5352878,-245.6637186,207.1951776,0.00241402729,0,0,19,12,0.002412339864,0.002412339863,1.062718167
2207,0.9375,0.734375,330.3271597,330.3271597,6,1907,2017,1,0,0,0,0,1,14453.49499,0,0,0,0,0,186,95,6.918741805e-05,6.918741728e-05,0.1123863667
2208,0.953125,0.71875,311.2093253,338.4858846,6,2017,1983,0,0,0,0,0,0,21.53237461,29.66061535,20.46843089,0.00241402729,0,0,117,63,0.0464416962,0.04644169619,1.75395056
2209,0.9375,0.703125,315.7167169,6.291800931,6,2017,1884,0,0,0,0,0,0,35.74269172,-306.3604881,32.90363957,0.00241402729,0,0,26,16,0.02797774739,0.02797774739,0.947178068
2210,0.921875,0.71875,322.1913574,322.1913574,6,2017,1982,1,1,1,0,0,1,26.73774932,11.41747456,25.11658289,0.00241402729,0,27.75554692,559,559,0.03740030576,0.03740030576,29.11548106
2211,0.9375,0.765625,362.7277638,-38.10525993,6,1907,2019,0,0,0,0,0,0,4.014054484,-400.0370802,3.975531437,0.00241402729,0,0,46,22,0.2491246703,0.2491246703,1.159894368
2212,0.921875,0.78125,384.6030023,384.6030023,6,2019,1995,1,1,1,0,0,1,636.2734438,12.42269365,250.8983021,0.00241402729,0,81.60488193,242,242,0.001571651323,0.001571651323,4.038131454
2213,0.9375,0.796875,354.2707524,354.2707524,6,2019,1891,1,1,1,0,0,1,170.992734,-19.87842776,121.0327135,0.00241402729,0,20.79015628,273,273,0.005848201713,0.005848201713,12.23716716
2214,0.96875,0.8125,373.0532891,373.0532891,5,1924,1891,1,0,0,0,0,1,1415.019698,0,0,0,0,0,88,44,0.000706703943,0.0007067039386,0.381974012
2215,1,0.78125,336.1174425,-564.9210926,5,1924,1661,0,0,0,0,0,0,554.499109,-922.741891,443.8408169,0.0004496306119,0,0,21,8,0.001803429408,0.001803429407,0.04868077541
2216,1,0.84375,386.7864715,386.7864715,5,1717,1924,1,0,0,0,0,1,851.9355288,0,0,0,0,0,78,41,0.001173797742,0.001173797739,1.943403813
2217,0.953125,0.796875,359.803636,359.803636,6,1891,1994,1,1,1,0,0,1,117.7111565,-10.61247927,91.66407955,0.00241402729,0,44.47938082,251,251,0.008495371461,0.008495371461,16.27681943
2218,0.984375,0.796875,357.1038896,96.72630051,6,1994,1924,0,0,0,0,0,0,19.79742188,-274.2016232,18.89442849,0.00241402729,0,0,65,29,0.05051162752,0.05051162751,1.522736988
2219,0.984375,0.765625,303.4076019,-9.21874468,6,1994,1661,0,0,0,0,0,0,174.6992811,-365.665216,122.8780603,0.00241402729,0,0,25,9,0.005724122009,0.005724122003,0.2256046392
2220,0.953125,0.765625,359.1716374,359.1716374,6,1994,1907,1,0,0,0,0,1,322.4896967,0,0,0,0,0,39,18,0.003100874261,0.003100874254,0.6812492876
2221,0.953125,0.78125,372.3140938,372.3140938,6,2019,1994,1,0,0,0,0,1,1188.232704,0,0,0,0,0,245,124,0.0008415859932,0.0008415859875,1.528284975
2222,0.765625,0.6875,256.8142051,216.1881958,6,1882,1972,0,0,0,0,0,0,50.99778009,-39.41662203,45.40764359,0.00241402729,0,0,16,7,0.01960869666,0.01960869666,0.401131797
2223,0.78125,0.703125,264.7722062,242.8324667,6,1972,1933,0,0,0,0,0,0,109.7221791,-22.38906708,86.74565495,0.00241402729,0,0,17,10,0.009113927632,0.00911392763,0.5229081052
2224,0.796875,0.6875,258.7329016,-145.439311,6,1972,1883,0,0,0,0,0,0,9.337117911,-398.709767,9.131297931,0.00241402729,0,0,31,14,0.1070994293,0.1070994293,0.4342566202
2225,0.78125,0.671875,251.4955554,187.0433574,6,1972,1936,0,0,0,0,0,0,995.8016821,-64.09182798,292.5479288,0.00241402729,0,0,13,6,0.001004216018,0.001004216016,0.8461135539
2226,0.796875,0.578125,197.0661869,197.0661869,6,1886,1943,1,0,0,0,0,1,237.0445471,0,0,0,0,0,298,149,0.004218616342,0.00421861633,2.304154812
2227,0.765625,0.578125,187.0208431,187.0208431,6,1943,1880,1,1,1,0,0,1,2.966321058,-28.60300623,2.945230905,0.00241402729,0,30.07809255,1009,1009,0.337117925,0.337117925,25.45967165
2228,0.765625,0.609375,219.8566832,-132.3162956,6,1943,1708,0,0,0,0,0,0,15.39540629,-375.7362063,14.84373973,0.00241402729,0,0,71,35,0.06495444039,0.06495444038,0.3138164029
2229,0.796875,0.609375,223.3493498,65.72231997,6,1943,1887,0,0,0,0,0,0,233.7360925,-151.6530598,149.424193,0.00241402729,0,0,64,28,0.004278329416,0.004278329409,1.568068089
2230,0.765625,0.5625,194.2555253,64.38785893,6,1880,1968,0,0,0,0,0,0,3.266168616,-118.8466222,3.240617577,0.00241402729,0,0,44,21,0.3061691289,0.3061691289,1.418954127
2231,0.78125,0.578125,201.4804554,201.4804554,6,1968,1943,1,1,1,0,0,1,8.517642226,-4.862903303,8.346032591,0.00241402729,0,42.79938624,477,477,0.1174033815,0.1174033815,27.96373552
2232,0.796875,0.5625,164.6712407,164.6712407,6,1968,1886,1,0,0,0,0,1,13579.84711,0,0,0,0,0,9,3,7.363853154e-05,7.363853077e-05,0.4032684115
2233,0.84375,0.40625,21.97185377,159.6052355,5,1690,1873,0,0,0,0,0,0,590.8556759,88.75310389,466.8335112,0.0004496306119,0,0,2,1,0.001692460682,0.001692460681,0.7188781143
2234,0.78125,0.40625,84.60351833,2.276221666,5,1873,1706,0,0,0,0,0,0,1123.892368,-100.482414,746.6054486,0.0004496306119,0,0,15,7,0.0008897649173,0.0008897649165,0.5537163213
2235,0.78125,0.46875,120.5254531,120.5254531,5,1873,1659,1,0,0,0,0,1,121.095138,0,0,0,0,0,280,141,0.008257969861,0.008257969854,0.5704743525
2236,0.84375,0.46875,73.79546491,91.24942567,5,1873,1705,0,0,0,0,0,0,143521.8379,-6.146080368,2190.109413,0.0004496306119,0,0,2,1,6.967580784e-06,6.967580468e-06,0.01368704588
2237,0.84375,0.5,99.70727048,74.04020369,5,1705,1905,0,0,0,0,0,0,1811.459756,-36.62698955,998.3312082,0.0004496306119,0,0,9,4,0.0005520409694,0.0005520409686,1.102739355
2238,0.8125,0.46875,94.21920404,93.62371081,5,1905,1873,0,0,0,0,0,0,20724.75003,-15.3301842,2008.507642,0.0004496306119,0,0,4,2,4.825148669e-05,4.825148572e-05,0.09262013294
2239,0.78125,0.5,133.7871785,133.7871785,5,1905,1659,1,0,0,0,0,1,46.2566024,0,0,0,0,0,389,200,0.02161853548,0.02161853547,0.2797545652
2240,0.8125,0.53125,138.8123182,138.8123182,5,1905,1886,1,0,0,0,0,1,2256.439087,0,0,0,0,0,30,15,0.0004431761557,0.0004431761545,1.633845541
2241,0.796875,0.546875,172.1904982,172.1904982,6,1886,1942,1,0,0,0,0,1,1441.747301,0,0,0,0,0,20,10,0.0006936028242,0.000693602823,1.755837396
2242,0.796875,0.515625,147.1096611,117.5693622,6,1942,1905,0,0,0,0,0,0,827.0633913,-38.03731092,276.0048717,0.00241402729,0,0,19,11,0.001209097163,0.001209097162,1.440927498
2243,0.765625,0.515625,187.3894476,187.3894476,6,1942,1659,1,1,1,0,0,1,4.482797023,20.22351848,4.434805354,0.00241402729,0,34.38024956,569,569,0.2230750121,0.2230750121,21.8762508
2244,0.765625,0.546875,185.3481503,-31.81450829,6,1942,1880,0,0,0,0,0,0,21.58938823,-222.5656638,20.51994273,0.00241402729,0,0,29,14,0.04631905218,0.04631905218,0.3214476459
2245,0.78125,0.546875,182.9956876,277.8496703,6,1968,1942,0,0,0,0,0,0,9.561608354,96.37858061,9.34588675,0.00241402729,0,0,34,17,0.1045849153,0.1045849153,0.430935617
2246,0.9375,0.640625,248.2842045,248.2842045,6,1920,2015,1,0,0,0,0,1,2328.983865,0,0,0,0,0,48,26,0.0004293718024,0.0004293717999,1.595231059
2247,0.921875,0.65625,275.6458619,275.6458619,6,2015,1981,1,1,1,0,0,1,130.7091044,-0.279262899,99.35810892,0.00241402729,0,38.35353526,238,238,0.007650576478,0.007650576478,7.333204611
2248,0.9375,0.671875,295.7121197,295.7121197,6,2015,1884,1,0,0,0,0,1,14933.62739,0,0,0,0,0,23,9,6.696296714e-05,6.696296478e-05,0.9983986785
2249,0.953125,0.671875,309.6326579,309.6326579,6,1884,1984,1,0,0,0,0,1,9324.339536,0,0,0,0,0,39,18,0.0001072462019,0.0001072461993,1.195445972
2250,0.984375,0.671875,296.3645667,201.1887155,6,1984,1922,0,0,0,0,0,0,541.6161072,-102.8483474,234.7223079,0.00241402729,0,0,20,11,0.001846326183,0.001846326182,2.129344659
2251,0.984375,0.640625,301.0825769,234.0597041,6,1984,1716,0,0,0,0,0,0,1341.654832,-49.43124977,316.5182507,0.00241402729,0,0,10,6,0.0007453481894,0.0007453481891,0.909000385
2252,0.953125,0.640625,262.2047427,262.2047427,6,1984,1920,1,0,0,0,0,1,3898.373812,0,0,0,0,0,40,21,0.0002565172167,0.0002565172141,1.380649696
2253,0.953125,0.65625,285.1528345,124.6846213,6,2015,1984,0,0,0,0,0,0,414.2781711,-167.2197869,207.1309235,0.00241402729,0,0,17,8,0.002413837054,0.002413837053,0.994439565
2254,0.703125,0.578125,193.6529865,193.6529865,6,1833,1953,1,1,1,0,0,1,6.922753986,-25.06021136,6.808964491,0.00241402729,0,69.96406066,560,560,0.1444511826,0.1444511826,5.090902342
2255,0.703125,0.609375,222.5598341,222.5598341,6,1953,1881,1,0,0,0,0,1,7552.453251,0,0,0,0,0,37,16,0.0001324073075,0.0001324073065,0.712258364
2256,0.734375,0.609375,223.2887783,-98.3943705,6,1953,1708,0,0,0,0,0,0,176.5064405,-333.431817,123.7693775,0.00241402729,0,0,41,21,0.005665515645,0.005665515642,0.09696381438
2257,0.734375,0.578125,207.2421634,207.2421634,6,1953,1880,1,0,0,0,0,1,9.185400991,0,0,0,0,0,1122,558,0.1088684099,0.1088684097,7.596640651
2258,0.75,0.578125,237.513586,237.513586,6,1880,1967,1,1,1,0,0,1,9.4715678,47.76868027,9.259844925,0.00241402729,0,27.29018436,576,576,0.1055791418,0.1055791418,4.584274772
2259,0.734375,0.59375,214.7550591,-52.99677147,6,1967,1953,0,0,0,0,0,0,25.61155855,-257.4773221,24.12027432,0.00241402729,0,0,259,129,0.03904487101,0.039044871,0.3488864067
2260,0.75,0.609375,222.2091458,320.1402192,6,1967,1708,0,0,0,0,0,0,12.18848975,102.5928913,11.84011397,0.00241402729,0,0,34,18,0.0820446192,0.0820446192,0.5730746438
2261,0.765625,0.59375,210.1527314,-218.7631534,6,1967,1943,0,0,0,0,0,0,40.17183618,-431.6261682,36.62052727,0.00241402729,0,0,765,383,0.02489306178,0.02489306178,2.71592345
2262,0.5,0.59375,64.96188231,64.96188231,5,1700,1836,1,0,0,0,0,1,1032.872566,0,0,0,0,0,22,12,0.0009681736483,0.0009681736474,0.6312428032
2263,0.53125,0.5625,150.6975383,150.6975383,5,1836,1830,1,0,0,0,0,1,78.9369003,0,0,0,0,0,138,69,0.01266834644,0.01266834644,0.5846620796
2264,0.5,0.53125,117.7460154,117.7460154,5,1836,1641,1,0,0,0,0,1,717.8931476,0,0,0,0,0,134,62,0.00139296496,0.001392964953,2.652921689
2265,0.46875,0.5625,100.4912805,100.4912805,5,1836,1783,1,0,0,0,0,1,626.4821969,0,0,0,0,0,13,7,0.001596214553,0.001596214552,1.054034173
2266,0.515625,0.515625,146.8398162,146.8398162,6,1641,1945,1,1,1,0,0,1,85.75142758,8.687713783,71.04472313,0.00241402729,0,28.33015975,190,190,0.01166161344,0.01166161344,7.862509588
2267,0.515625,0.546875,136.7864365,101.0250524,6,1945,1836,0,0,0,0,0,0,4818.369827,-10.73533241,381.4513394,0.00241402729,0,0,11,5,0.0002075390715,0.0002075390702,0.14247321
2268,0.546875,0.546875,171.1045458,171.1045458,6,1945,1830,1,0,0,0,0,1,94.98596964,0,0,0,0,0,89,47,0.01052787063,0.01052787061,0.430806865
2269,0.53125,0.46875,135.5431548,135.5431548,5,1641,1825,1,0,0,0,0,1,3.374975548,0,0,0,0,0,3160,1578,0.296298443,0.2962984429,1.83265313
2270,0.59375,0.46875,132.4188635,132.4188635,5,1825,1707,1,0,0,0,0,1,40.25474267,0,0,0,0,0,1193,597,0.02484179338,0.02484179336,2.596202643
2271,0.59375,0.40625,119.648338,37.64472982,5,1825,1689,0,0,0,0,0,0,22.34588976,-80.70885226,22.12360514,0.0004496306119,0,0,63,27,0.04475095916,0.04475095915,0.8708662615
2272,0.53125,0.40625,116.612357,24.10394224,5,1825,1688,0,0,0,0,0,0,1.637352405,-93.78665517,1.636147866,0.0004496306119,0,0,548,270,0.6107420719,0.6107420718,1.939069523
2273,0.59375,0.5,183.471861,183.471861,5,1707,1855,1,1,1,0,0,1,16.05915418,51.41125315,15.94402733,0.0004496306119,0,20.81201333,388,388,0.06226978013,0.06226978013,11.93447792
2274,0.5625,0.46875,132.2959303,-244.7613827,5,1855,1825,0,0,0,0,0,0,41.2148818,-371.4522929,40.46500566,0.0004496306119,0,0,797,392,0.02426308062,0.02426308062,1.378730351
2275,0.53125,0.5,135.2844133,135.2844133,5,1855,1641,1,0,0,0,0,1,5.371435325,0,0,0,0,0,1471,733,0.1861699787,0.1861699786,2.600277963
2276,0.5625,0.53125,207.6626003,207.6626003,5,1855,1830,1,1,1,0,0,1,17.92559686,39.41959448,17.78227355,0.0004496306119,0,57.50276349,1013,1013,0.05578614804,0.05578614804,9.863844097
2277,0.546875,0.515625,141.8980738,141.8980738,6,1945,1855,1,1,1,0,0,1,2.804681786,12.59667474,2.78582017,0.00241402729,0,18.10652231,911,911,0.3565466874,0.3565466874,60.32564165
2278,0.703125,0.671875,233.0348694,233.0348694,6,1832,1964,1,0,0,0,0,1,1e+300,0,0,0,0,0,0,0,0,0,0
2279,0.734375,0.671875,247.7743187,133.0860845,6,1964,1882,0,0,0,0,0,0,1117.764315,-101.0017336,302.2362211,0.00241402729,0,0,18,10,0.0008946429817,0.0008946429803,0.5398292802
2280,0.734375,0.640625,229.7538057,229.7538057,6,1964,1708,1,0,0,0,0,1,23.84414788,0,0,0,0,0,836,416,0.04193901183,0.04193901179,1.513677266
2281,0.703125,0.640625,217.2765448,217.2765448,6,1964,1881,1,0,0,0,0,1,62.12963562,0,0,0,0,0,537,267,0.01609537848,0.01609537845,1.90518559
2282,0.734375,0.6875,254.0523167,92.01608063,6,1882,1970,0,0,0,0,0,0,30.24993264,-164.2291665,28.19128747,0.00241402729,0,0,30,16,0.03305792486,0.03305792485,1.582562718
2283,0.71875,0.671875,245.9717785,151.2723251,6,1970,1964,0,0,0,0,0,0,424.0656398,-82.28874137,209.5490324,0.00241402729,0,0,12,6,0.002358125503,0.002358125502,1.248223478
2284,0.703125,0.6875,250.4472363,176.5282378,6,1970,1832,0,0,0,0,0,0,215.0535854,-78.66350592,141.5622299,0.00241402729,0,0,12,6,0.00465000385,0.004650003847,0.4731467569
2285,0.703125,0.703125,254.1792577,-47.3351093,6,1832,1963,0,0,0,0,0,0,113.8654133,-298.7724829,89.31501784,0.00241402729,0,0,31,13,0.008782298078,0.008782298075,0.9007501125
2286,0.703125,0.734375,240.4769129,240.4769129,6,1963,1859,1,0,0,0,0,1,15705.70736,0,0,0,0,0,50,27,6.367112141e-05,6.367112092e-05,0.2598746587
2287,0.734375,0.734375,241.5258899,241.5258899,6,1963,1648,1,0,0,0,0,1,5982.007291,0,0,0,0,0,126,63,0.0001671679674,0.0001671679663,0.3040822207
2288,0.734375,0.703125,257.7843381,-45.10651536,6,1963,1882,0,0,0,0,0,0,26.1253468,-297.5973924,24.57544014,0.00241402729,0,0,27,16,0.03827700385,0.03827700384,0.7398579917
2289,0.71875,0.703125,255.9817979,58.73126152,6,1970,1963,0,0,0,0,0,0,29.18601264,-193.2328638,27.26503214,0.00241402729,0,0,30,16,0.03426298797,0.03426298797,1.143294684
2290,0.984375,0.75,302.1945421,233.9076711,6,1661,2016,0,0,0,0,0,0,660.2329347,-110.7939909,254.5407363,0.00241402729,0,0,16,7,0.001514616959,0.001514616956,0.608054874
2291,0.96875,0.734375,306.7019337,136.036985,6,2016,1983,0,0,0,0,0,0,757.6935798,-189.8879774,267.8220848,0.00241402729,0,0,19,8,0.001319794738,0.001319794736,0.8102320636
2292,0.953125,0.75,341.7413167,-168.1335133,6,2016,1907,0,0,0,0,0,0,74.38958025,-515.5598073,63.06454527,0.00241402729,0,0,18,10,0.01344274288,0.01344274288,0.3331642508
2293,0.96875,0.765625,323.1809892,310.255551,6,2016,1994,0,0,0,0,0,0,5572.736388,-47.5532363,385.5834441,0.00241402729,0,0,8,4,0.0001794450572,0.0001794450559,0.2672083359
2294,0.578125,0.546875,181.913642,181.913642,6,1830,1948,1,0,0,0,0,1,4334.435836,0,0,0,0,0,13,8,0.0002307105326,0.0002307105313,1.284387071
2295,0.609375,0.546875,167.8789356,111.5127278,6,1948,1856,0,0,0,0,0,0,647.2872598,-56.99303185,252.5930939,0.00241402729,0,0,35,14,0.001544909134,0.001544909131,1.045172256
2296,0.609375,0.515625,149.9478625,37.5959714,6,1948,1707,0,0,0,0,0,0,3.528965518,-108.2411929,3.49915614,0.00241402729,0,0,413,214,0.2833691616,0.2833691615,7.502892453
2297,0.578125,0.515625,148.6547244,53.38599998,6,1948,1855,0,0,0,0,0,0,0.896319503,-86.72207611,0.8943842881,0.00241402729,0,0,1380,693,1.115673593,1.115673592,22.73246012
2298,0.578125,0.578125,168.3949925,168.3949925,6,1830,1947,1,1,1,0,0,1,3.8835021,-21.24003928,3.847432876,0.00241402729,0,51.01632179,537,537,0.2574995389,0.2574995389,13.38833043
2299,0.578125,0.609375,168.4793074,71.05535154,6,1947,1835,0,0,0,0,0,0,326.0807863,-78.43174251,182.4567145,0.00241402729,0,0,37,22,0.003066724695,0.003066724693,2.070623995
2300,0.609375,0.609375,193.6077547,101.6746605,6,1947,1694,0,0,0,0,0,0,720.065227,-93.39968827,262.9647978,0.00241402729,0,0,36,18,0.001388763077,0.001388763075,1.379756391
2301,0.609375,0.578125,175.7821377,175.7821377,6,1947,1856,1,1,1,0,0,1,5.000238596,-0.4469968176,4.940602007,0.00241402729,0,61.42669697,469,469,0.1999904566,0.1999904566,7.529742039
2302,0.875,0.671875,272.3611259,123.629684,6,1908,1987,0,0,0,0,0,0,78.45099842,-136.6547125,65.95941613,0.00241402729,0,0,31,15,0.01274681037,0.01274681036,4.877531256
2303,0.890625,0.65625,268.2928245,8.503620438,6,1987,1981,0,0,0,0,0,0,99.87158758,-248.4549998,80.47068888,0.00241402729,0,0,103,48,0.01001285775,0.01001285774,3.4411655
2304,0.875,0.640625,241.0147576,241.0147576,6,1987,1697,1,0,0,0,0,1,13044.69181,0,0,0,0,0,16,10,7.665953437e-05,7.665953417e-05,0.4033550526
2305,0.859375,0.65625,250.3735035,250.3735035,6,1987,1935,1,0,0,0,0,1,5395.131661,0,0,0,0,0,21,12,0.0001853522885,0.0001853522873,1.107760806
2306,0.640625,0.640625,219.412558,219.412558,6,1694,1961,1,0,0,0,0,1,17.35199516,0,0,0,0,0,820,403,0.05763026042,0.05763026037,2.243310803
2307,0.640625,0.671875,207.6158102,-236.7342055,6,1961,1860,0,0,0,0,0,0,400.8401526,-434.563879,203.7163011,0.00241402729,0,0,16,9,0.002494760052,0.002494760052,0.01939820958
2308,0.671875,0.671875,236.2851508,236.2851508,6,1961,1832,1,0,0,0,0,1,15236.05105,0,0,0,0,0,9,3,6.563380477e-05,6.563380454e-05,0.3875009375
2309,0.671875,0.640625,220.5268263,220.5268263,6,1961,1881,1,0,0,0,0,1,15.06214487,0,0,0,0,0,728,371,0.06639160682,0.06639160679,2.373570973
2310,0.640625,0.609375,208.3933504,208.3933504,6,1694,1952,1,0,0,0,0,1,602.8719899,0,0,0,0,0,68,34,0.001658726922,0.001658726919,0.09738673362
2311,0.671875,0.609375,208.5300497,22.36461037,6,1952,1881,0,0,0,0,0,0,147.8080187,-187.1432707,108.9376821,0.00241402729,0,0,57,29,0.006765532811,0.006765532807,0.3913159595
2312,0.671875,0.578125,182.6720828,182.6720828,6,1952,1833,1,1,1,0,0,1,15.49252035,-23.07514529,14.93399824,0.00241402729,0,51.54512157,311,311,0.06454727685,0.06454727685,12.37457678
2313,0.640625,0.578125,194.1838331,194.1838331,6,1952,1856,1,1,1,0,0,1,21.74759328,4.636183283,20.66281049,0.00241402729,0,39.21823421,244,244,0.0459820996,0.0459820996,21.78131655
2314,0.859375,0.9375,371.8132463,371.8132463,6,1912,2004,1,0,0,0,0,1,556.0420922,0,0,0,0,0,229,115,0.001798425001,0.001798424991,2.251246921
2315,0.84375,0.921875,379.2726828,379.2726828,6,2004,2000,1,0,0,0,0,1,1942.839242,0,0,0,0,0,116,53,0.0005147106246,0.0005147106201,1.602228607
2316,0.828125,0.9375,301.6985394,72.83379731,6,2004,1889,0,0,0,0,0,0,77.44502431,-316.855921,65.24684029,0.00241402729,0,0,20,11,0.01291238539,0.01291238538,1.251523975
2317,0.84375,1,517.1439234,-80.39189084,5,1709,1913,0,0,0,0,0,0,13.49928478,-502.8649638,13.41784261,0.0004496306119,0,0,162,83,0.07407799869,0.07407799867,9.724868542
2318,0.8125,0.96875,328.133511,-292.132984,5,1913,1889,0,0,0,0,0,0,419.3507741,-712.8006103,352.8246476,0.0004496306119,0,0,1,1,0.002384638498,0.002384638498,0.1237841663
2319,0.78125,1,241.4597403,241.4597403,5,1913,1656,0,0,0,0,0,0,1e+300,0,1e+300,0,0,0,0,0,0,0,0
2320,0.828125,0.953125,371.4703964,657.316592,6,1889,2003,0,0,0,0,0,0,577.5557684,247.0598806,241.2276469,0.00241402729,0,0,2,2,0.001731434529,0.001731434529,0.09657762107
2321,0.828125,0.984375,422.6387172,85.02466259,6,2003,1913,0,0,0,0,0,0,4.51182238,-336.5456871,4.463210597,0.00241402729,0,0,163,84,0.2216399308,0.2216399307,14.74009137
2322,0.859375,0.984375,560.4808088,-456.8446283,6,2003,1709,0,0,0,0,0,0,16.02369503,-868.9067865,15.42695515,0.00241402729,0,0,169,85,0.06240757817,0.06240757816,0.9507932549
2323,0.859375,0.953125,392.3661253,392.3661253,6,2003,1912,1,0,0,0,0,1,3462.96849,0,0,0,0,0,16,8,0.0002887695926,0.000288769592,0.04524147849
2324,0.84375,0.953125,396.2037456,-78.2620829,6,2004,2003,0,0,0,0,0,0,20.51787174,-468.8545245,19.54956791,0.00241402729,0,0,5,4,0.04873799839,0.04873799839,0.7431367489
2325,0.671875,0.796875,239.4514643,54.27004179,6,1838,2049,0,0,0,0,0,0,647.3499554,-199.5682882,252.6026408,0.00241402729,0,0,45,22,0.00154475951,0.001544759509,0.5510544903
2326,0.671875,0.765625,238.7506642,-18.44332468,6,2049,1859,0,0,0,0,0,0,616.5602306,-246.6212805,247.7744373,0.00241402729,0,0,9,6,0.00162190156,0.00162190156,0.08554147975
2327,0.640625,0.765625,225.7975929,82.81793536,6,2049,1699,0,0,0,0,0,0,99.53399095,-144.3143484,80.25137056,0.00241402729,0,0,13,8,0.01004681909,0.01004681909,1.544005053
2328,0.640625,0.796875,250.6034427,250.6034427,6,2049,1858,1,0,0,0,0,1,913.039484,0,0,0,0,0,124,62,0.001095242887,0.001095242877,5.22888569
2329,0.640625,0.75,225.4471929,87.8620277,6,1699,2052,0,0,0,0,0,0,11.65367902,-143.299774,11.3348049,0.00241402729,0,0,89,43,0.0858098115,0.08580981146,12.48873125
2330,0.65625,0.765625,232.2741286,66.37230691,6,2052,2049,0,0,0,0,0,0,46.13109786,-161.2828129,41.50862555,0.00241402729,0,0,12,6,0.02167735099,0.02167735099,1.006026824
2331,0.671875,0.75,238.4002642,373.5441882,6,2052,1859,0,0,0,0,0,0,50.78209529,141.3367144,45.23657263,0.00241402729,0,0,7,4,0.0196919799,0.0196919799,0.7472450383
2332,0.671875,0.703125,257.2045524,257.2045524,6,1832,1962,1,0,0,0,0,1,117.0524625,0,0,0,0,0,43,23,0.008543177809,0.008543177805,0.7529444243
2333,0.640625,0.703125,212.3420343,43.33741638,6,1962,1860,0,0,0,0,0,0,3.709034375,-175.4118315,3.676119467,0.00241402729,0,0,401,206,0.2696119526,0.2696119525,2.344766965
2334,0.640625,0.734375,226.3891669,162.3648374,6,1962,1699,0,0,0,0,0,0,2.867299198,-82.82639527,2.847588932,0.00241402729,0,0,451,230,0.3487602552,0.3487602552,1.806632087
2335,0.671875,0.734375,246.2439828,246.2439828,6,1962,1859,1,0,0,0,0,1,1899.536589,0,0,0,0,0,242,118,0.0005264441896,0.0005264441875,0.9371673671
2336,0.65625,0.734375,232.8657026,-198.967233,6,2052,1962,0,0,0,0,0,0,131.2364269,-444.6813017,99.66251374,0.00241402729,0,0,147,72,0.007619835618,0.007619835614,1.179046665
2337,0.6875,0.734375,234.3614007,234.3614007,6,1859,2055,1,0,0,0,0,1,466013.4839,0,0,0,0,0,6,2,2.145860655e-06,2.145860616e-06,0.02392262424
2338,0.703125,0.71875,253.2372837,202.3438643,6,2055,1963,0,0,0,0,0,0,70.53990549,-39.75004286,60.27582171,0.00241402729,0,0,52,25,0.01417637283,0.01417637283,2.027587964
2339,0.6875,0.703125,247.702722,108.8757958,6,2055,1832,0,0,0,0,0,0,141.0219849,-136.4457299,105.2064547,0.00241402729,0,0,27,13,0.007091092928,0.007091092924,0.9416137881
2340,0.671875,0.71875,218.6193819,218.6193819,6,2055,1962,1,1,1,0,0,1,256.3959081,-29.24029175,158.372048,0.00241402729,0,72.20660351,95,95,0.00390021825,0.00390021825,6.945506062
2341,0.75,0.703125,259.5868783,49.31494502,6,1882,1971,0,0,0,0,0,0,18.6579962,-216.5033515,17.85384284,0.00241402729,0,0,17,9,0.05359632349,0.05359632348,1.251753074
2342,0.734375,0.71875,261.5163595,119.8280104,6,1971,1963,0,0,0,0,0,0,21.05932476,-141.7091644,20.04050964,0.00241402729,0,0,111,56,0.04748490331,0.0474849033,2.907408837
2343,0.75,0.734375,254.8531495,254.8531495,6,1971,1648,1,0,0,0,0,1,70047.84871,0,0,0,0,0,63,34,1.427595591e-05,1.427595578e-05,0.1061348736
2344,0.765625,0.71875,267.5448793,279.3331555,6,1971,1933,0,0,0,0,0,0,22.06948843,3.898143022,20.95317956,0.00241402729,0,0,107,52,0.04531142638,0.04531142637,1.277637764
2345,0.890625,0.859375,375.2691385,375.2691385,6,1696,1992,1,1,1,0,0,1,56.83058522,6.518299829,49.97454757,0.00241402729,0,39.80370607,226,226,0.01759615876,0.01759615876,33.74942029
2346,0.921875,0.859375,394.7610041,394.7610041,6,1992,1923,1,1,1,0,0,1,312.8125713,22.27544959,178.226757,0.00241402729,0,49.12091219,113,113,0.003196802468,0.003196802468,9.675933045
2347,0.921875,0.828125,387.3533903,-40.6435428,6,1992,1891,0,0,0,0,0,0,4.450384653,-412.9270365,4.403080815,0.00241402729,0,0,21,9,0.2246996783,0.2246996783,1.310161171
2348,0.890625,0.828125,357.0776055,357.0776055,6,1992,1910,1,0,0,0,0,1,72.94007822,0,0,0,0,0,17,8,0.01370988384,0.01370988384,1.173825362
2349,0.890625,0.8125,350.9927296,350.9927296,6,1910,1996,1,0,0,0,0,1,562516.8305,0,0,0,0,0,10,4,1.777724587e-06,1.777724408e-06,0.02062004277
2350,0.90625,0.828125,391.8797236,44.78422894,6,1996,1992,0,0,0,0,0,0,5.600440762,-319.8931977,5.525734943,0.00241402729,0,0,16,7,0.1785573748,0.1785573748,1.949983676
2351,0.921875,0.8125,370.8932765,108.7993159,6,1996,1891,0,0,0,0,0,0,8.381459098,-257.402499,8.215239572,0.00241402729,0,0,10,4,0.1193109682,0.1193109682,0.9608972994
2352,0.90625,0.796875,358.685346,358.685346,6,1996,1995,1,1,1,0,0,1,274.6370581,-6.384092018,165.147406,0.00241402729,0,30.96670589,312,312,0.00364116921,0.00364116921,11.85566794
2353,0.625,0.578125,192.6521473,192.6521473,6,1856,1951,1,0,0,0,0,1,45.35511061,0,0,0,0,0,319,162,0.02204823198,0.02204823195,3.483532419
2354,0.609375,0.59375,182.0201754,-28.09324295,6,1951,1947,0,0,0,0,0,0,18.63320554,-213.7450167,17.83114177,0.00241402729,0,0,209,103,0.05366763103,0.05366763103,0.414201118
2355,0.625,0.609375,194.4780003,111.174913,6,1951,1694,0,0,0,0,0,0,362.7035411,-100.3221551,193.3824561,0.00241402729,0,0,37,20,0.002757072614,0.00275707261,2.64865869
2356,0.640625,0.59375,193.6474282,49.08825657,6,1951,1952,0,0,0,0,0,0,7.870126514,-149.8820976,7.723392103,0.00241402729,0,0,161,83,0.1270627605,0.1270627605,0.9557560833
2357,0.75,0.640625,245.7559212,245.7559212,6,1708,1969,1,0,0,0,0,1,24.29957843,0,0,0,0,0,467,233,0.04115297732,0.04115297731,1.238061585
2358,0.734375,0.65625,231.6498223,-72.89142508,6,1969,1964,0,0,0,0,0,0,23.2270458,-300.2972603,21.99383555,0.00241402729,0,0,506,251,0.0430532582,0.04305325818,4.490454283
2359,0.75,0.671875,249.5768589,173.1051464,6,1969,1882,0,0,0,0,0,0,198.5769853,-76.98486946,134.2307537,0.00241402729,0,0,11,7,0.005035830304,0.005035830302,2.155233727
2360,0.765625,0.65625,223.839722,223.839722,6,1969,1936,1,1,1,0,0,1,63.41711207,-21.78065975,54.99750821,0.00241402729,0,54.57593377,252,252,0.01576861461,0.01576861461,19.7245308
2361,0.03125,0.75,-48.44935276,-48.44935276,5,1650,1757,1,0,0,0,0,1,79.53943119,0,0,0,0,0,405,200,0.01257238058,0.01257238056,13.97930445
2362,0.0625,0.78125,-82.03827773,-82.03827773,5,1757,1740,1,0,0,0,0,1,6.900755385,0,0,0,0,0,484,241,0.1449116719,0.1449116718,3.472901833
2363,0.09375,0.75,-75.89173382,-106.2668358,5,1757,1674,0,0,0,0,0,0,2.873862271,-26.98203462,2.870153526,0.0004496306119,0,0,1449,723,0.3479637873,0.3479637871,5.018689752
2364,0.0625,0.71875,-114.9041074,-194.2191868,5,1757,1735,0,0,0,0,0,0,0.945303324,-63.43383862,0.9449017055,0.0004496306119,0,0,2115,1063,1.057861508,1.057861508,7.503288629
2365,0.046875,0.796875,-22.49185471,-22.49185471,6,1740,2080,1,0,0,0,0,1,37.15839799,0,0,0,0,0,109,52,0.02691181682,0.02691181681,1.543446035
2366,0.046875,0.765625,-19.87981038,-122.9459738,6,2080,1757,0,0,0,0,0,0,103.7076254,-118.6612517,82.94267478,0.00241402729,0,0,191,101,0.0096424925,0.009642492489,3.839272213
2367,0.015625,0.765625,108.1073048,108.1073048,6,2080,1650,1,1,1,0,0,1,368.9723697,96.88268702,195.1502305,0.00241402729,0,43.13960973,38,38,0.002710230039,0.002710230039,5.38925737
2368,0,0.84375,211.2883134,146.008206,5,1673,1745,0,0,0,0,0,0,5653.540425,-10.82727204,1596.14136,0.0004496306119,0,0,16,7,0.000176880313,0.0001768803127,0.3285006591
2369,0.03125,0.8125,-3.398725593,-3.398725593,5,1745,1740,1,0,0,0,0,1,123.6265955,0,0,0,0,0,82,39,0.008088874375,0.008088874369,0.905883143
2370,0,0.78125,30.19019938,30.19019938,5,1745,1650,1,0,0,0,0,1,2249.792751,0,0,0,0,0,42,20,0.0004444853863,0.0004444853841,1.00140249
2371,0.015625,0.796875,75.84687203,172.0335011,6,2080,1745,0,0,0,0,0,0,55.95463788,97.61146349,49.29593856,0.00241402729,0,0,48,21,0.01787161954,0.01787161954,1.406447977
2372,0.578125,0.796875,209.325291,59.88538359,6,1839,2092,0,0,0,0,0,0,26.4636838,-146.3172184,24.87459388,0.00241402729,0,0,141,68,0.03778763408,0.03778763406,5.738169595
2373,0.609375,0.796875,250.5831735,250.5831735,6,2092,1858,1,1,1,0,0,1,230.8218513,4.619199484,148.2278009,0.00241402729,0,56.40778993,86,86,0.004332345462,0.004332345462,10.6127009
2374,0.609375,0.765625,215.7555351,38.43443837,6,2092,1699,0,0,0,0,0,0,24.52230862,-184.0590727,23.15178058,0.00241402729,0,0,20,11,0.04077919479,0.04077919479,0.9547064074
2375,0.53125,0.75,191.1994675,142.5736656,5,1657,1857,0,0,0,0,0,0,274.387079,-58.81504408,244.2529066,0.0004496306119,0,0,10,4,0.003644486481,0.00364448648,1.362411638
2376,0.5625,0.78125,203.2833498,-295.9461198,5,1857,1839,0,0,0,0,0,0,712.0027629,-500.544091,539.3395497,0.0004496306119,0,0,72,33,0.001404488932,0.001404488931,0.2796992037
2377,0.59375,0.75,209.713594,-179.7788909,5,1857,1699,0,0,0,0,0,0,111.3401236,-400.6677712,106.0319593,0.0004496306119,0,0,65,35,0.008981488147,0.008981488147,0.1350041649
2378,0.5625,0.71875,202.1224662,-64.18629073,5,1857,1831,0,0,0,0,0,0,20.73745222,-294.0373707,20.54587848,0.0004496306119,0,0,402,200,0.04822193147,0.04822193145,1.383081828
2379,0.578125,0.765625,206.4984719,257.9972776,6,2092,1857,0,0,0,0,0,0,37.30836371,45.2538518,34.22586561,0.00241402729,0,0,82,39,0.02680364134,0.02680364134,1.639054483
2380,0.625,0.765625,226.4009126,73.64727139,6,1699,2095,0,0,0,0,0,0,19.28543434,-149.9730319,18.42753026,0.00241402729,0,0,17,11,0.05185260452,0.05185260452,1.877603807
2381,0.609375,0.78125,223.1857906,137.4237583,6,2095,2092,0,0,0,0,0,0,24.71629229,-78.0510904,23.32461064,0.00241402729,0,0,60,30,0.04045914284,0.04045914283,1.280182523
2382,0.625,0.796875,239.9962412,239.9962412,6,2095,1858,1,1,1,0,0,1,487.6275162,-7.094195506,223.9755559,0.00241402729,0,46.15123506,76,76,0.002050745634,0.002050745634,5.887216624
2383,0.640625,0.78125,233.2278483,96.64847113,6,2095,2049,0,0,0,0,0,0,55.55956777,-123.4651502,48.9890439,0.00241402729,0,0,39,21,0.01799870014,0.01799870013,2.888873517
2384,0.9375,0.890625,374.1505841,35.19807818,6,1923,2035,0,0,0,0,0,0,2.221281112,-398.2797599,2.209433613,0.00241402729,0,0,17,9,0.4501906556,0.4501906556,3.770853725
2385,0.921875,0.90625,331.1101967,234.1116051,6,2035,1926,0,0,0,0,0,0,14.60413487,-255.4727939,14.10680265,0.00241402729,0,0,4,3,0.06847375819,0.06847375819,0.9220881507
2386,0.9375,0.921875,274.8211052,55.93194162,6,2035,1890,0,0,0,0,0,0,924.0292137,-493.6233977,286.0212145,0.00241402729,0,0,43,21,0.001082216866,0.001082216866,0.674617305
2387,0.953125,0.921875,497.7718684,497.7718684,6,1890,1929,1,1,1,0,0,1,1152.961812,-39.66853847,304.7518067,0.00241402729,0,29.31451187,126,126,0.0008673314148,0.0008673314148,5.22381262
2388,0.984375,0.921875,503.9000139,503.9000139,6,1929,1925,1,1,1,0,0,1,1199.317722,-51.96501148,307.8974415,0.00241402729,0,29.835031,133,133,0.0008338074074,0.0008338074074,6.917041254
2389,0.984375,0.890625,429.1938205,-782.7403866,6,1929,1717,0,0,0,0,0,0,40.91058253,-1235.587776,37.23343586,0.00241402729,0,0,12,6,0.02444355319,0.02444355319,0.2436397013
2390,0.953125,0.890625,392.4983295,-255.6314978,6,1929,1923,0,0,0,0,0,0,6.690903236,-695.5658528,6.584549442,0.00241402729,0,0,15,7,0.1494566525,0.1494566525,1.004647056
2391,0.953125,0.90625,342.8335901,-194.3526002,6,2035,1929,0,0,0,0,0,0,8.774074828,-692.3257059,8.592087069,0.00241402729,0,0,13,6,0.1139721303,0.1139721303,0.9191410578
2392,0.734375,0.625,227.1981388,-115.5597915,6,1708,2067,0,0,0,0,0,0,26.13469768,-357.4253461,24.58371426,0.00241402729,0,0,34,20,0.0382633085,0.0382633085,0.3637174027
2393,0.71875,0.609375,219.744052,175.9068545,6,2067,1953,0,0,0,0,0,0,392.9627158,-52.89192276,201.6617746,0.00241402729,0,0,34,18,0.002544770686,0.002544770683,2.655886829
2394,0.703125,0.625,229.3877985,229.3877985,6,2067,1881,1,0,0,0,0,1,6325.222107,0,0,0,0,0,22,10,0.0001580972151,0.0001580972143,0.02643197388
2395,0.71875,0.640625,221.8270981,-1.563191334,6,2067,1964,0,0,0,0,0,0,8.250715901,-225.0784528,8.089591833,0.00241402729,0,0,231,119,0.1212016038,0.1212016038,0.6561381503
2396,0.984375,0.6875,294.0055616,260.2528741,6,1922,2005,0,0,0,0,0,0,311.2934345,-40.90204391,177.7325813,0.00241402729,0,0,20,10,0.00321240312,0.003212403117,2.513708303
2397,0.96875,0.671875,298.5129532,193.5908323,6,2005,1984,0,0,0,0,0,0,523.7095041,-109.3540206,231.2950104,0.00241402729,0,0,19,8,0.001909455513,0.00190945551,1.780496607
2398,0.953125,0.6875,298.3023346,167.9348372,6,2005,1884,0,0,0,0,0,0,154.064982,-138.8165099,112.2990487,0.00241402729,0,0,45,22,0.006490767644,0.006490767639,2.784870707
2399,0.96875,0.703125,293.7949431,121.8442545,6,2005,1983,0,0,0,0,0,0,154.2601316,-181.0800729,112.4026972,0.00241402729,0,0,33,15,0.006482556377,0.006482556369,4.005385042
2400,0.703125,0.546875,190.9395105,-7.647574453,6,1833,1954,0,0,0,0,0,0,412.7963167,-211.3809619,206.7598253,0.00241402729,0,0,49,26,0.002422502235,0.002422502232,0.1409675771
2401,0.734375,0.546875,188.7802455,-313.2558185,6,1954,1880,0,0,0,0,0,0,123.3663239,-505.4323115,95.05733123,0.00241402729,0,0,36,18,0.00810593984,0.008105939838,0.04356094118
2402,0.734375,0.515625,170.9654954,79.19123431,6,1954,1659,0,0,0,0,0,0,2.604226864,-89.39916537,2.587957219,0.00241402729,0,0,432,215,0.3839911238,0.3839911237,6.371387715
2403,0.65625,0.40625,125.7229551,147.134331,5,1689,1826,0,0,0,0,0,0,423.2230906,28.47925113,355.5617942,0.0004496306119,0,0,9,7,0.002362820041,0.00236282004,1.262910432
2404,0.65625,0.46875,132.7193678,132.7193678,5,1826,1707,1,0,0,0,0,1,1009.715769,0,0,0,0,0,88,41,0.0009903777188,0.0009903777148,3.985390679
2405,0.71875,0.46875,136.4446677,136.4446677,5,1826,1659,1,0,0,0,0,1,167.0490303,0,0,0,0,0,168,84,0.005986266416,0.005986266409,2.710971595
2406,0.71875,0.40625,119.1872188,70.6718742,5,1826,1706,0,0,0,0,0,0,254.0622433,-48.02107755,228.0151264,0.0004496306119,0,0,19,11,0.003936043338,0.003936043337,1.669951491
2407,0.71875,0.5,153.4337459,153.4337459,5,1659,1853,1,0,0,0,0,1,64.45073949,0,0,0,0,0,629,309,0.01551572578,0.01551572575,2.651167149
2408,0.6875,0.46875,144.4451645,36.73829669,5,1853,1826,0,0,0,0,0,0,107.9890795,-107.8008042,102.9884549,0.0004496306119,0,0,92,44,0.00926019561,0.009260195605,2.100496236
2409,0.65625,0.5,149.708446,149.708446,5,1853,1707,1,0,0,0,0,1,568.0892794,0,0,0,0,0,142,68,0.001760286695,0.001760286689,2.878822124
2410,0.6875,0.53125,188.5782114,188.5782114,5,1853,1833,1,0,0,0,0,1,13.21057598,0,0,0,0,0,474,236,0.07569692659,0.07569692658,2.676581706
2411,0.703125,0.515625,155.7794963,155.7794963,6,1954,1853,1,1,1,0,0,1,9.749261223,-20.90333899,9.525088425,0.00241402729,0,54.89909628,305,305,0.1025718746,0.1025718746,4.709312382
2412,0.75,0.515625,169.8858629,21.5802058,6,1659,1965,0,0,0,0,0,0,3.99549149,-135.5552011,3.957322225,0.00241402729,0,0,895,449,0.2502820999,0.2502820998,11.42977994
2413,0.734375,0.53125,179.8728704,120.4025217,6,1965,1954,0,0,0,0,0,0,6.393899418,-59.9809247,6.296709408,0.00241402729,0,0,137,72,0.1563990821,0.1563990821,3.280748084
2414,0.75,0.546875,187.700613,176.5083901,6,1965,1880,0,0,0,0,0,0,178.6788595,-4.213110184,124.8336548,0.00241402729,0,0,24,12,0.005596632991,0.005596632986,2.198490243
2415,0.765625,0.53125,176.4407752,-48.07815268,6,1965,1942,0,0,0,0,0,0,61.42530758,-227.0362615,53.49320799,0.00241402729,0,0,14,7,0.01627993476,0.01627993476,0.1313803928
2416,0.734375,0.765625,264.6568069,102.0267246,6,1648,2048,0,0,0,0,0,0,128.6181373,-145.1022803,98.14524616,0.00241402729,0,0,24,13,0.007774953217,0.007774953212,3.286324349
2417,0.703125,0.765625,251.7037356,223.9333972,6,2048,1859,0,0,0,0,0,0,15556.62095,-22.14993565,403.5010003,0.00241402729,0,0,9,3,6.42813117e-05,6.428131141e-05,0.04043102113
2418,0.703125,0.796875,271.7373334,271.7373334,6,2048,1838,1,0,0,0,0,1,5121.580673,0,0,0,0,0,14,10,0.0001952522207,0.0001952522201,1.562318142
2419,0.734375,0.796875,260.9000286,149.688439,6,2048,1894,0,0,0,0,0,0,144.7107022,-109.5456592,107.2458948,0.00241402729,0,0,28,14,0.006910338939,0.006910338935,5.314098773
2420,0.703125,0.75,251.3533356,292.227401,6,1859,2054,0,0,0,0,0,0,1333.945576,58.97425524,316.0872883,0.00241402729,0,0,2,2,0.0007496557714,0.0007496557714,0.5196467627
2421,0.71875,0.765625,258.1802713,115.7875724,6,2054,2048,0,0,0,0,0,0,166.604176,-130.8185965,118.8173708,0.00241402729,0,0,6,4,0.006002250509,0.006002250508,0.8413274798
2422,0.734375,0.75,264.3064069,339.0072642,6,2054,1648,0,0,0,0,0,0,1494.542812,104.7084463,324.3458998,0.00241402729,0,0,4,2,0.0006691009397,0.0006691009397,0.1033749769
2423,0.71875,0.734375,253.211664,187.8594282,6,2054,1963,0,0,0,0,0,0,5864.857247,-53.13344035,386.9168817,0.00241402729,0,0,12,7,0.0001705071339,0.0001705071338,0.07427024491
2424,0.6875,0.640625,228.5544225,228.5544225,6,1881,2070,1,0,0,0,0,1,98.54452855,0,0,0,0,0,155,75,0.01014769683,0.01014769682,0.7051007808
2425,0.671875,0.65625,225.9320808,225.9320808,6,2070,1961,1,0,0,0,0,1,60.21302596,0,0,0,0,0,544,271,0.01660770214,0.0166077021,2.261513196
2426,0.6875,0.671875,240.624512,234.1446307,6,2070,1832,0,0,0,0,0,0,21302.8533,-10.16764183,406.3439459,0.00241402729,0,0,1,1,4.694206855e-05,4.694206855e-05,0.08923944162
2427,0.703125,0.65625,226.1069148,226.1069148,6,2070,1964,1,1,1,0,0,1,262.8119102,3.425284508,160.7967827,0.00241402729,0,80.40084851,147,147,0.003805002594,0.003805002594,14.66563439
2428,0.671875,0.625,212.4394101,131.6742554,6,1881,2069,0,0,0,0,0,0,44.2803713,-90.91781558,40.00416509,0.00241402729,0,0,33,16,0.0225833698,0.0225833698,1.088376979
2429,0.65625,0.609375,203.3597387,60.40260388,6,2069,1952,0,0,0,0,0,0,110.0260005,-148.5478013,86.93544487,0.00241402729,0,0,37,14,0.009088760801,0.009088760795,0.6426539699
2430,0.640625,0.625,221.4777657,221.4777657,6,2069,1694,1,0,0,0,0,1,2657.631688,0,0,0,0,0,35,17,0.0003762748633,0.000376274862,1.959395675
2431,0.65625,0.640625,215.2481762,-162.3200693,6,2069,1961,0,0,0,0,0,0,37.25880157,-382.2895422,34.18415042,0.00241402729,0,0,283,140,0.02683929589,0.02683929588,0.5629100744
2432,0.953125,0.578125,265.7951845,171.3594859,6,1885,2009,0,0,0,0,0,0,498.9153649,-99.13679698,226.3275391,0.00241402729,0,0,16,7,0.002004347972,0.002004347969,3.209312517
2433,0.953125,0.609375,258.0222775,173.4924083,6,2009,1920,0,0,0,0,0,0,979.8002462,-69.49210057,291.1510333,0.00241402729,0,0,6,4,0.001020616196,0.001020616196,0.8269866958
2434,0.984375,0.609375,289.4605251,210.5382374,6,2009,1716,0,0,0,0,0,0,1476.473316,-53.73046355,323.486734,0.00241402729,0,0,4,2,0.0006772895855,0.0006772895849,0.5348801521
2435,0.984375,0.578125,296.1950098,322.3747197,6,2009,1921,0,0,0,0,0,0,406.0733275,63.20187019,205.0593596,0.00241402729,0,0,9,6,0.002462609416,0.002462609415,2.674900851
2436,0.984375,0.625,285.5740716,268.2062084,6,1716,2012,0,0,0,0,0,0,12327.85066,17.69339445,400.7784028,0.00241402729,0,0,6,2,8.111714097e-05,8.11171395e-05,0.1186318623
2437,0.96875,0.609375,273.7414013,223.2987782,6,2012,2009,0,0,0,0,0,0,870.3924865,-30.32782675,280.6675412,0.00241402729,0,0,5,2,0.001148906976,0.001148906975,0.9717480378
2438,0.953125,0.625,254.135824,190.693505,6,2012,1920,0,0,0,0,0,0,2281.274026,-38.53511689,350.5845671,0.00241402729,0,0,3,2,0.0004383515477,0.0004383515471,0.3939019072
2439,0.96875,0.640625,285.3634531,204.6961622,6,2012,1984,0,0,0,0,0,0,900.9351526,-68.15269569,283.7696455,0.00241402729,0,0,11,6,0.0011099578,0.001109957799,1.720680776
2440,0.609375,0.640625,200.9964213,-34.6360472,6,1694,2059,0,0,0,0,0,0,3.054287933,-245.386447,3.031933083,0.00241402729,0,0,1051,519,0.3274085554,0.3274085554,2.550215307
2441,0.578125,0.640625,165.162973,165.162973,6,2059,1835,1,0,0,0,0,1,19.80250388,0,0,0,0,0,1148,566,0.05049866451,0.05049866446,1.719021812
2442,0.578125,0.671875,224.5729032,224.5729032,6,2059,1831,1,0,0,0,0,1,479.551571,0,0,0,0,0,48,30,0.00208528146,0.002085281455,0.04146191776
2443,0.609375,0.671875,196.4017366,-75.75450605,6,2059,1860,0,0,0,0,0,0,194.3933596,-264.9225823,132.3060049,0.00241402729,0,0,37,21,0.005144208641,0.005144208637,0.09878103934
2444,0.640625,0.5625,183.5176678,77.29688089,6,1856,1956,0,0,0,0,0,0,268.0130752,-105.7335572,162.7289373,0.00241402729,0,0,35,22,0.003731161247,0.003731161245,2.281895192
2445,0.65625,0.578125,208.3639928,208.3639928,6,1956,1952,1,1,1,0,0,1,89.10521095,19.01505847,73.33144106,0.00241402729,0,39.88565426,113,113,0.01122268821,0.01122268821,6.787849375
2446,0.671875,0.5625,199.2303533,199.2303533,6,1956,1833,1,0,0,0,0,1,5345.731609,0,0,0,0,0,22,11,0.000187065134,0.0001870651336,0.4712155
2447,0.671875,0.546875,196.1941477,196.1941477,6,1833,1955,1,0,0,0,0,1,734.5089534,0,0,0,0,0,33,18,0.001361453792,0.00136145379,0.2056431615
2448,0.671875,0.515625,161.4025372,48.23538217,6,1955,1853,0,0,0,0,0,0,24.94853926,-120.9084207,23.53133064,0.00241402729,0,0,189,94,0.04008250702,0.040082507,8.785531984
2449,0.640625,0.515625,169.6625448,169.6625448,6,1955,1707,1,1,1,0,0,1,146.7032163,12.3356734,108.3363706,0.00241402729,0,58.54197874,53,53,0.006816483135,0.006816483135,4.305444621
2450,0.640625,0.546875,174.5521313,69.73912088,6,1955,1856,0,0,0,0,0,0,889.4755624,-110.2556726,282.6227744,0.00241402729,0,0,17,9,0.001124257981,0.001124257978,0.08479761587
2451,0.65625,0.546875,180.3550813,155.4415597,6,1956,1955,0,0,0,0,0,0,248.7923034,-24.35432884,155.437735,0.00241402729,0,0,21,14,0.004019416944,0.004019416942,3.81733729
2452,0.640625,0.6875,205.3184679,282.2277142,6,1860,2057,0,0,0,0,0,0,6.306874281,85.2452192,6.212292338,0.00241402729,0,0,44,23,0.1585571482,0.1585571482,1.217676421
2453,0.65625,0.703125,226.7841103,41.23366653,6,2057,1962,0,0,0,0,0,0,5.369220804,-196.7430804,5.300518423,0.00241402729,0,0,47,23,0.186246764,0.186246764,1.833040744
2454,0.671875,0.6875,234.20262,-49.55091487,6,2057,1832,0,0,0,0,0,0,104.8325833,-284.9884079,83.66068188,0.00241402729,0,0,9,4,0.009539018962,0.009539018962,0.3180867927
2455,0.65625,0.671875,220.971018,-53.92107206,6,2057,1961,0,0,0,0,0,0,40.83341921,-270.9782445,37.16950957,0.00241402729,0,0,14,7,0.02448974442,0.02448974442,0.1557540427
2456,0.609375,0.6875,194.1043943,362.1687988,6,1860,2063,0,0,0,0,0,0,95.71220649,166.7117105,77.74831277,0.00241402729,0,0,21,13,0.01044798816,0.01044798816,0.1712663017
2457,0.59375,0.671875,200.1559777,158.3068783,6,2063,2059,0,0,0,0,0,0,391.4894546,-48.56329023,201.2730719,0.00241402729,0,0,25,17,0.00255434722,0.002554347218,3.172708733
2458,0.578125,0.6875,200.5603992,251.5809296,6,2063,1831,0,0,0,0,0,0,4.559099156,20.71965695,4.50946889,0.00241402729,0,0,39,20,0.2193415773,0.2193415773,0.8811909962
2459,0.578125,0.703125,207.5839655,40.87960305,6,1831,2062,0,0,0,0,0,0,6.975181898,-180.4461913,6.859676744,0.00241402729,0,0,410,204,0.1433654369,0.1433654369,0.6264428047
2460,0.578125,0.734375,205.9180301,-53.61785525,6,2062,1857,0,0,0,0,0,0,41.56166156,-256.2313647,37.77196327,0.00241402729,0,0,447,225,0.02406063575,0.02406063574,4.756075748
2461,0.609375,0.734375,215.1750933,137.8196455,6,2062,1699,0,0,0,0,0,0,1.579969442,-74.54394919,1.573966194,0.00241402729,0,0,495,244,0.6329236334,0.6329236333,3.772392438
2462,0.609375,0.703125,201.1279606,65.15801779,6,2062,1860,0,0,0,0,0,0,1.493600789,-120.7635921,1.48823482,0.00241402729,0,0,453,223,0.6695229457,0.6695229456,4.822002346
2463,0.59375,0.703125,204.3559631,72.08465051,6,2063,2062,0,0,0,0,0,0,1.625933709,-131.5390516,1.619576792,0.00241402729,0,0,31,16,0.6150312244,0.6150312244,2.154714988
2464,0.046875,0.671875,-213.5261795,-242.9594723,6,1735,2021,0,0,0,0,0,0,1.447068197,-12.5216455,1.442030806,0.00241402729,0,0,2343,1173,0.691052434,0.6910524337,5.123915319
2465,0.046875,0.640625,-214.9966443,-274.4464646,6,2021,1737,0,0,0,0,0,0,2.349265211,-50.22976211,2.336017213,0.00241402729,0,0,2066,1030,0.4256650102,0.4256650099,3.537483429
2466,0.015625,0.640625,-242.4953135,-317.3681097,6,2021,1675,0,0,0,0,0,0,2.500637472,-77.55925428,2.485632684,0.00241402729,0,0,2311,1160,0.3998980305,0.3998980302,6.270317369
2467,0,0.71875,-19.63222433,197.3832333,5,1650,1736,0,0,0,0,0,0,20.58139965,141.8875624,20.39268518,0.0004496306119,0,0,402,203,0.04858756048,0.04858756046,1.528204019
2468,0.03125,0.6875,-148.8948611,-285.8311404,5,1736,1735,0,0,0,0,0,0,19.54766819,-258.828182,19.37735615,0.0004496306119,0,0,1531,764,0.05115699684,0.05115699677,6.261884974
2469,0,0.65625,-177.8639951,-158.9513373,5,1736,1675,0,0,0,0,0,0,9.478713651,-122.5773502,9.438487574,0.0004496306119,0,0,1407,710,0.1054995474,0.1054995473,1.772879382
2470,0.015625,0.671875,-163.3794281,-65.12682295,6,2021,1736,0,0,0,0,0,0,3.736058078,-5.470974137,3.702663951,0.00241402729,0,0,2588,1303,0.267661792,0.2676617917,6.059034586
2471,0.6875,0.609375,212.6545993,288.9303554,6,1881,2068,0,0,0,0,0,0,49.99448513,67.66111126,44.61052749,0.00241402729,0,0,39,21,0.02000220619,0.02000220618,1.29673856
2472,0.703125,0.59375,211.1856361,-199.2068724,6,2068,1953,0,0,0,0,0,0,68.67972971,-419.8866776,58.91236874,0.00241402729,0,0,160,75,0.01456033686,0.01456033686,0.09654426682
2473,0.6875,0.578125,217.5090648,217.5090648,6,2068,1833,1,0,0,0,0,1,12.89453593,0,0,0,0,0,768,382,0.07755222873,0.07755222865,3.254704392
2474,0.671875,0.59375,203.5749279,-20.71485979,6,2068,1952,0,0,0,0,0,0,9.194947846,-228.3424381,8.995280899,0.00241402729,0,0,217,111,0.1087553749,0.1087553749,0.811006459
2475,0.984375,0.71875,289.2875515,177.0744983,6,2007,1983,0,0,0,0,0,0,128.0348438,-137.2150937,97.80523898,0.00241402729,0,0,31,20,0.007810373881,0.007810373876,3.909332478
2476,1,0.703125,289.4981701,169.913652,6,2007,1922,0,0,0,0,0,0,151.2792855,-142.6065305,110.8117024,0.00241402729,0,0,13,9,0.006610290344,0.006610290343,2.195284972
2477,1,0.734375,284.7801599,301.5361781,6,1661,2007,0,0,0,0,0,0,263.7050417,-31.53011342,161.1306764,0.00241402729,0,0,18,11,0.00379211559,0.003792115588,2.983658797
2478,0,0.59375,-342.9968876,-426.3491965,5,1675,1738,0,0,0,0,0,0,3.297279707,-120.5004383,3.292398536,0.0004496306119,0,0,2135,1064,0.3032803065,0.3032803062,3.26361743
2479,0.03125,0.5625,-384.8536533,-477.4036227,5,1738,1734,0,0,0,0,0,0,25.90532237,-116.2573727,25.60705584,0.0004496306119,0,0,709,352,0.03860210599,0.03860210596,0.3073311042
2480,0,0.53125,-515.0309018,-673.9091308,5,1738,1642,0,0,0,0,0,0,29.64856539,-189.4168437,29.25852287,0.0004496306119,0,0,875,439,0.03372844477,0.03372844465,1.09384905
2481,0.046875,0.578125,-319.7650291,-397.2396791,6,1734,2030,0,0,0,0,0,0,2.692595074,-40.52255105,2.675206239,0.00241402729,0,0,1437,712,0.3713889287,0.3713889285,2.914986748
2482,0.015625,0.578125,-363.9252705,-460.5896672,6,2030,1738,0,0,0,0,0,0,0.9793923666,-69.84826657,0.9770822707,0.00241402729,0,0,2729,1356,1.021041244,1.021041243,7.147405639
2483,0.015625,0.609375,-277.9082634,-294.9636436,6,2030,1675,0,0,0,0,0,0,1.228094759,6.455992641,1.224464645,0.00241402729,0,0,2805,1401,0.814269414,0.8142694135,8.312551031
2484,0.046875,0.609375,-250.4095942,-330.8159373,6,2030,1737,0,0,0,0,0,0,2.677521769,-44.98845403,2.660326455,0.00241402729,0,0,1513,757,0.3734796899,0.3734796897,3.195099585
2485,0.984375,0.90625,569.3297992,-12.61614358,6,1931,1929,0,0,0,0,0,0,9.546673706,-527.0441359,9.331617885,0.00241402729,0,0,7,3,0.1047485261,0.1047485261,1.018943634
2486,1,0.890625,573.2433263,1486.454765,6,1931,1717,0,0,0,0,0,0,38.7153567,1023.609006,35.40628762,0.00241402729,0,0,6,2,0.02582954376,0.02582954375,0.2329552426
2487,1,0.921875,725.3173682,-737.6380873,6,1925,1931,0,0,0,0,0,0,120.2666234,-1323.645053,93.20632032,0.00241402729,0,0,40,20,0.008314858869,0.008314858868,0.3998335074
2488,0.953125,0.828125,382.985513,-9.552261921,6,1891,1993,0,0,0,0,0,0,2.824548195,-390.2244623,2.805419341,0.00241402729,0,0,22,13,0.3540389227,0.3540389227,1.866723285
2489,0.953125,0.859375,400.2975092,400.2975092,6,1993,1923,1,1,1,0,0,1,122.3260687,19.5559938,94.43851812,0.00241402729,0,33.7203517,188,188,0.008174872374,0.008174872374,24.24221967
2490,0.984375,0.859375,428.332686,428.332686,6,1993,1717,1,1,1,0,0,1,305.7971717,35.03048147,175.9272189,0.00241402729,0,35.95958562,114,114,0.003270141429,0.003270141429,16.35781149
2491,0.984375,0.828125,405.4364203,-89.67841355,6,1993,1924,0,0,0,0,0,0,22.47147967,-469.5977983,21.31519907,0.00241402729,0,0,17,8,0.0445008524,0.0445008524,0.4455729973
2492,0.9375,0.859375,391.4149286,391.4149286,6,1923,2033,1,1,1,0,0,1,353.1725811,18.83707764,190.6394428,0.00241402729,0,35.89137303,151,151,0.002831476886,0.002831476886,16.17024163
2493,0.953125,0.84375,402.711365,221.480083,6,2033,1993,0,0,0,0,0,0,4.054483877,-159.5999187,4.015184715,0.00241402729,0,0,16,9,0.2466405171,0.2466405171,1.299124838
2494,0.9375,0.828125,364.6377675,33.65252891,6,2033,1891,0,0,0,0,0,0,1.479326378,-340.5631545,1.474062304,0.00241402729,0,0,25,14,0.6759833494,0.6759833494,3.692609961
2495,0.921875,0.84375,390.9879715,72.65666112,6,2033,1992,0,0,0,0,0,0,3.576618547,-300.0346339,3.54600217,0.00241402729,0,0,13,6,0.2795936963,0.2795936963,1.32252303
2496,0.546875,0.671875,177.7292942,177.7292942,6,1831,2060,0,0,0,0,0,0,1e+300,-65.22738534,49.67248889,0,0,0,0,0,0,0,0
2497,0.546875,0.640625,136.6563368,136.6563368,6,2060,1835,1,0,0,0,0,1,265.3243611,0,0,0,0,0,101,53,0.003768971669,0.003768971664,2.964362305
2498,0.515625,0.640625,125.6110794,87.05381838,6,2060,1700,0,0,0,0,0,0,280.0455294,-4.014990917,167.0878611,0.00241402729,0,0,18,6,0.003570847934,0.003570847932,0.9624636302
2499,0.515625,0.671875,146.2086875,136.3355224,6,2060,1834,0,0,0,0,0,0,1165.435124,6.999712995,305.6163816,0.00241402729,0,0,4,2,0.0008580486201,0.0008580486201,0.561604231
2500,0.5625,0.640625,159.4501888,159.4501888,6,1835,2084,1,0,0,0,0,1,127.1575548,0,0,0,0,0,57,25,0.007864259434,0.007864259432,1.616687555
2501,0.546875,0.65625,164.2344105,82.99461485,6,2084,2060,0,0,0,0,0,0,362.3864122,-83.36600702,193.2922691,0.00241402729,0,0,69,36,0.002759485363,0.002759485359,2.377774208
2502,0.5625,0.671875,190.2935179,214.5177853,6,2084,1831,0,0,0,0,0,0,128507.6129,-4.341021781,412.9144903,0.00241402729,0,0,2,2,7.781640149e-06,7.781640149e-06,0.009816878841
2503,0.578125,0.65625,194.8679381,194.8679381,6,2084,2059,1,0,0,0,0,1,9.085795099,0,0,0,0,0,782,388,0.1100619141,0.1100619141,2.522377691
2504,0.578125,0.625,162.3730902,117.106574,6,1835,2085,0,0,0,0,0,0,499.7485025,-35.43218699,226.4988329,0.00241402729,0,0,29,17,0.002001006496,0.002001006494,3.349904953
2505,0.59375,0.640625,188.9584362,26.08458617,6,2085,2059,0,0,0,0,0,0,2.166541362,-161.8721863,2.15526911,0.00241402729,0,0,495,249,0.4615651553,0.4615651552,1.396548061
2506,0.609375,0.625,187.5015375,151.8633858,6,2085,1694,0,0,0,0,0,0,2.52894706,-46.26262993,2.513601655,0.00241402729,0,0,171,87,0.3954214842,0.3954214841,2.20099393
2507,0.59375,0.609375,175.0437126,124.9282276,6,2085,1947,0,0,0,0,0,0,243.7246512,-47.35249381,153.4444108,0.00241402729,0,0,38,21,0.004102990793,0.004102990791,4.415416083
2508,0.859375,0.8125,364.7783065,547.6155689,6,1910,1990,0,0,0,0,0,0,10.59123908,213.0027083,10.32719803,0.00241402729,0,0,36,20,0.09441765902,0.09441765902,0.4883332068
2509,0.84375,0.796875,325.6816228,325.6816228,6,1990,1979,1,1,1,0,0,1,346.2419162,8.407701799,188.6016205,0.00241402729,0,44.82905125,124,124,0.002888154072,0.002888154072,7.204246702
2510,0.828125,0.8125,317.0673664,317.0673664,6,1990,1888,1,0,0,0,0,1,16354.33699,0,0,0,0,0,6,3,6.114585999e-05,6.114585981e-05,0.8497086569
2511,0.828125,0.828125,323.1522423,323.1522423,6,1888,1978,1,0,0,0,0,1,54.93180819,0,0,0,0,0,23,12,0.01820438891,0.01820438891,1.128116818
2512,0.828125,0.859375,365.5194225,25.42639338,6,1978,1893,0,0,0,0,0,0,8.581872452,-324.9511549,8.407691367,0.00241402729,0,0,200,100,0.1165246868,0.1165246868,17.76311223
2513,0.859375,0.859375,377.4739286,377.4739286,6,1978,1696,1,1,1,0,0,1,127.4759337,28.72055136,97.47875779,0.00241402729,0,51.19235279,147,147,0.007844617967,0.007844617967,3.969869842
2514,0.859375,0.828125,381.2384204,-398.2679656,6,1978,1910,0,0,0,0,0,0,52.10427999,-738.9625049,46.28277869,0.00241402729,0,0,43,22,0.01919228133,0.01919228132,0.1320543582
2515,0.84375,0.828125,361.5444507,-5.372111385,6,1990,1978,0,0,0,0,0,0,3.15172302,-337.2958976,3.127924688,0.00241402729,0,0,31,18,0.3172867647,0.3172867647,1.267954928
2516,0.046875,0.828125,7.370192399,-32.72568472,6,1740,2081,0,0,0,0,0,0,53.15862762,-30.09954763,47.11281121,0.00241402729,0,0,88,43,0.01881162183,0.01881162182,9.040325344
2517,0.015625,0.828125,126.4484228,113.8863736,6,2081,1745,0,0,0,0,0,0,1422.831972,19.50019385,320.8366425,0.00241402729,0,0,31,14,0.0007028236782,0.0007028236744,1.390661115
2518,0.015625,0.859375,177.0499736,168.6486589,6,2081,1673,0,0,0,0,0,0,371.1361286,11.05476054,195.7538473,0.00241402729,0,0,27,14,0.00269442914,0.002694429138,2.89319351
2519,0.046875,0.859375,57.97174319,11.02516958,6,2081,1744,0,0,0,0,0,0,50.69621091,-49.55641191,45.16840902,0.00241402729,0,0,88,45,0.01972534006,0.01972534004,9.041461025
2520,0.25,0.53125,33.73006466,20.60129022,5,1651,1780,0,0,0,0,0,0,5.194918357,-13.16036539,5.182812373,0.0004496306119,0,0,822,414,0.1924958067,0.1924958066,1.48334163
2521,0.21875,0.5625,-20.96159133,-21.91528909,5,1780,1733,0,0,0,0,0,0,277.0029784,18.32814052,246.323614,0.0004496306119,0,0,134,63,0.003610069487,0.003610069478,5.342508074
2522,0.25,0.59375,44.75039486,65.69204522,5,1780,1680,0,0,0,0,0,0,47.57789869,20.69044675,46.58140689,0.0004496306119,0,0,113,55,0.02101816237,0.02101816235,0.7208198716
2523,0.34375,0.59375,60.48885308,87.28830255,5,1669,1784,0,0,0,0,0,0,36.5180844,23.91175106,35.92815669,0.0004496306119,0,0,17,9,0.02738369266,0.02738369266,1.172271034
2524,0.34375,0.53125,94.16481212,93.89697433,5,1784,1681,0,0,0,0,0,0,1.590378204,-0.3226034527,1.589241765,0.0004496306119,0,0,287,145,0.6287812531,0.628781253,5.260910139
2525,0.28125,0.53125,38.9762174,43.61546382,5,1784,1651,0,0,0,0,0,0,3.049482365,3.728823872,3.045306821,0.0004496306119,0,0,561,280,0.3279245066,0.3279245065,2.992068935
2526,0.28125,0.59375,49.9965476,10.13495757,5,1784,1680,0,0,0,0,0,0,55.09987571,-40.99162525,53.76780045,0.0004496306119,0,0,51,25,0.01814886127,0.01814886126,0.4754440954
2527,0.28125,0.5625,44.4863825,26.35347519,5,1780,1784,0,0,0,0,0,0,2.0125986,-19.15313619,2.010778994,0.0004496306119,0,0,332,165,0.4968700664,0.4968700663,3.290665963
2528,0.203125,0.546875,-53.81758442,-31.52595277,6,1733,1959,0,0,0,0,0,0,187.8602522,38.4779481,129.2468395,0.00241402729,0,0,67,31,0.005323105811,0.005323105801,6.143494336
2529,0.234375,0.546875,6.384236665,6.893054098,6,1959,1780,0,0,0,0,0,0,9.227204853,-2.728101683,9.026149853,0.00241402729,0,0,603,303,0.1083751814,0.1083751813,75.02244278
2530,0.234375,0.515625,0.8740715665,1.309868416,6,1959,1651,0,0,0,0,0,0,7.674505561,-2.691315932,7.534910302,0.00241402729,0,0,735,366,0.1303015539,0.1303015537,99.45651571
2531,0.15625,0.5,-87.07683753,-111.8588267,5,1679,1755,0,0,0,0,0,0,179.7056605,-21.777974,166.2707871,0.0004496306119,0,0,40,22,0.005564654986,0.005564654985,1.467409263
2532,0.1875,0.53125,-64.90400213,-71.36190698,5,1755,1733,0,0,0,0,0,0,86.91160609,13.90900637,83.6429952,0.0004496306119,0,0,22,12,0.01150594316,0.01150594316,5.749466286
2533,0.21875,0.5,-10.21234614,9.169023701,5,1755,1651,0,0,0,0,0,0,33.0656661,20.43485183,32.58126943,0.0004496306119,0,0,387,192,0.0302428506,0.03024285057,21.30495406
2534,0.15625,0.40625,-120.452424,-219.734468,5,1663,1728,0,0,0,0,0,0,1.175980893,-99.34710888,1.175359414,0.0004496306119,0,0,1178,583,0.850353952,0.8503539517,4.962265962
2535,0.15625,0.46875,-98.20203302,-251.4296383,5,1728,1679,0,0,0,0,0,0,1.856484706,-151.2466167,1.854936331,0.0004496306119,0,0,493,248,0.538652431,0.5386524309,2.403246887
2536,0.21875,0.46875,-21.33754162,12.80218745,5,1728,1651,0,0,0,0,0,0,0.900790643,34.17018438,0.9004259498,0.0004496306119,0,0,2347,1170,1.110135865,1.110135865,10.10246541
2537,0.21875,0.40625,-29.89015053,-9.755164635,5,1728,1682,0,0,0,0,0,0,0.7573347201,20.03269566,0.7570769196,0.0004496306119,0,0,2862,1417,1.320420117,1.320420117,12.73301522
2538,0.1875,0.46875,-59.76978732,-43.80090545,5,1755,1728,0,0,0,0,0,0,14.01210759,16.97460378,13.9243802,0.0004496306119,0,0,206,108,0.0713668514,0.07136685134,38.21114604
2539,0.203125,0.515625,-37.55817413,-24.91449045,6,1959,1755,0,0,0,0,0,0,21.83317702,10.49183751,20.74005411,0.00241402729,0,0,199,94,0.04580185463,0.04580185459,26.44211572
2540,0.8203125,0.8046875,306.6404845,306.6404845,7,1888,2114,0,0,0,0,0,0,1e+300,-225.482594,1287.81305,0,0,0,0,0,0,0,0
2541,0.8359375,0.8046875,317.8374346,307.4291837,7,2114,1990,0,0,0,0,0,0,52480.82554,-14.18944237,411.0013777,0.00241402729,0,0,5,2,1.905457831e-05,1.905457795e-05,0.0200158152
2542,0.8359375,0.7890625,316.1997103,-13.70861666,7,2114,1979,0,0,0,0,0,0,4.116676431,-326.7603921,4.07616841,0.00241402729,0,0,393,194,0.2429144036,0.2429144035,25.2262515
2543,0.8203125,0.7890625,325.1237112,-8.55920343,7,2114,1980,0,0,0,0,0,0,3.314757562,-334.2488911,3.288443714,0.00241402729,0,0,515,257,0.3016811883,0.3016811882,21.83579509
2544,0.890625,0.6875,283.9752867,239.6155643,6,1908,1986,0,0,0,0,0,0,76.2578947,-49.13425866,64.40218425,0.00241402729,0,0,56,24,0.01311339638,0.01311339636,1.797995309
2545,0.90625,0.703125,303.0187822,-374.1647436,6,1986,1982,0,0,0,0,0,0,50.30698159,-677.5017372,44.85917458,0.00241402729,0,0,30,14,0.01987795667,0.01987795666,0.1289918328
2546,0.921875,0.6875,303.8868225,-169.360181,6,1986,1884,0,0,0,0,0,0,18.44587879,-474.5701129,17.65952057,0.00241402729,0,0,51,24,0.05421265157,0.05421265156,0.3275214857
2547,0.90625,0.671875,284.7431561,303.370516,6,1986,1981,0,0,0,0,0,0,127.259384,17.94646928,97.35208199,0.00241402729,0,0,49,23,0.007857966688,0.00785796668,3.294824949
2548,0.9296875,0.6953125,313.4085703,529.4000269,7,1884,2195,0,0,0,0,0,0,28.68577773,216.8965097,26.8279866,0.00241402729,0,0,27,13,0.03486048067,0.03486048067,0.2280812328
2549,0.9140625,0.6953125,303.4528024,81.39903887,7,2195,1986,0,0,0,0,0,0,2.10917327,-222.8744239,2.098488601,0.00241402729,0,0,26,14,0.4741194165,0.4741194165,2.427094156
2550,0.9140625,0.7109375,312.54053,280.8630702,7,2195,1982,0,0,0,0,0,0,3.503811814,-29.76750859,3.474424102,0.00241402729,0,0,25,13,0.2854034557,0.2854034557,1.457286544
2551,0.9296875,0.7109375,313.8721914,170.6487225,7,2195,2017,0,0,0,0,0,0,368.2844771,-141.0670973,194.9576323,0.00241402729,0,0,24,13,0.002715292287,0.002715292283,0.9105950794
2552,0.9296875,0.71875,314.104002,113.05904,7,2017,2210,0,0,0,0,0,0,4.544552549,-203.969055,4.495236773,0.00241402729,0,0,512,254,0.2200436653,0.2200436652,13.56980952
2553,0.921875,0.7109375,313.2063607,89.99342198,7,2210,2195,0,0,0,0,0,0,427.8104762,-226.8859012,210.4593695,0.00241402729,0,0,22,9,0.002337483665,0.002337483663,1.300281993
2554,0.9140625,0.71875,312.7723405,12.66423666,7,2210,1982,0,0,0,0,0,0,2.941762843,-303.2786174,2.921019237,0.00241402729,0,0,612,305,0.3399322288,0.3399322287,35.17393891
2555,0.9140625,0.7265625,324.6333607,-360.4828875,7,1982,2198,0,0,0,0,0,0,10.04740146,-679.9506223,9.809475561,0.00241402729,0,0,747,373,0.09952822169,0.09952822166,7.876688601
2556,0.9140625,0.7421875,333.8671667,305.9951603,7,2198,2018,0,0,0,0,0,0,14651.05665,-25.58689676,402.8551549,0.00241402729,0,0,2,2,6.825446273e-05,6.825446273e-05,0.1193886379
2557,0.9296875,0.7421875,349.6870625,318.5074265,7,2198,1907,0,0,0,0,0,0,12818.47656,-20.50755839,401.2777195,0.00241402729,0,0,3,1,7.801239056e-05,7.801239056e-05,0.1393223206
2558,0.9296875,0.7265625,325.9650221,-376.3058819,7,2198,2017,0,0,0,0,0,0,14.99569402,-696.8588576,14.47181414,0.00241402729,0,0,597,298,0.06668580986,0.06668580984,5.870599964
2559,0.921875,0.7265625,325.2991914,430.0025248,7,2210,2198,0,0,0,0,0,0,4.257947136,104.2860457,4.214625837,0.00241402729,0,0,1102,550,0.234854959,0.2348549589,27.77784947
2560,0.9140625,0.6484375,261.5346888,5.947169026,7,1981,2193,0,0,0,0,0,0,3.254251174,-258.313233,3.22888553,0.00241402729,0,0,631,324,0.3072903555,0.3072903554,39.24643862
2561,0.9296875,0.6484375,264.4909004,33.26703372,7,2193,2015,0,0,0,0,0,0,81.15796156,-233.0501696,67.86250661,0.00241402729,0,0,82,41,0.01232165004,0.01232165003,4.206204003
2562,0.9296875,0.6328125,233.4935512,122.5819201,7,2193,1920,0,0,0,0,0,0,367.7832926,-114.0376368,194.8170957,0.00241402729,0,0,15,7,0.002718992461,0.002718992458,1.648560747
2563,0.9140625,0.6328125,240.9014825,101.032844,7,2193,2014,0,0,0,0,0,0,138.5064893,-141.4357411,103.800062,0.00241402729,0,0,14,7,0.007219878325,0.007219878322,1.466657292
2564,0.9140625,0.7734375,362.2477844,785.9275674,7,1995,2100,0,0,0,0,0,0,7.298202811,417.397929,7.171848744,0.00241402729,0,0,4,3,0.1370200344,0.1370200344,0.7755006072
2565,0.9296875,0.7734375,363.4188167,185.7630294,7,2100,2019,0,0,0,0,0,0,3.778926762,-182.7491337,3.744765393,0.00241402729,0,0,27,14,0.2646253984,0.2646253984,1.025623488
2566,0.9296875,0.7578125,362.2252037,-4.629975754,7,2100,1907,0,0,0,0,0,0,3.123248255,-359.9989286,3.099876407,0.00241402729,0,0,38,20,0.3201794793,0.3201794793,1.187521641
2567,0.9140625,0.7578125,346.4053079,-65.58006869,7,2100,2018,0,0,0,0,0,0,4.600210303,-413.5160937,4.54968589,0.00241402729,0,0,10,7,0.2173813661,0.2173813661,1.138286627
2568,0.9296875,0.78125,364.0156232,404.220652,7,2019,2212,0,0,0,0,0,0,5.068136661,24.38185267,5.006879393,0.00241402729,0,0,327,165,0.1973111751,0.197311175,14.46697796
2569,0.921875,0.7734375,362.8333005,373.2759319,7,2212,2100,0,0,0,0,0,0,4.294424462e+12,-5.069006193e-08,414.245524,0.00241402729,0,0,1,0,2.328600745e-13,0,0.2328600745
2570,0.9140625,0.78125,362.8445909,291.3922649,7,2212,1995,0,0,0,0,0,0,23.23999292,-88.46400981,22.005444,0.00241402729,0,0,147,77,0.043029273,0.04302927298,15.21574049
2571,0.9296875,0.8046875,365.296054,285.5985955,7,1891,2099,0,0,0,0,0,0,2687.827544,-83.29998173,358.9278863,0.00241402729,0,0,5,3,0.0003720476792,0.0003720476778,0.3913252936
2572,0.9296875,0.7890625,364.4424334,-24.58321745,7,2099,2019,0,0,0,0,0,0,2.807697367,-394.115369,2.788795308,0.00241402729,0,0,638,321,0.3561637418,0.3561637417,25.8045441
2573,0.9140625,0.7890625,363.2714012,-25.69462627,7,2099,1995,0,0,0,0,0,0,7.461513686,-395.2442532,7.329492682,0.00241402729,0,0,330,169,0.1340210636,0.1340210635,22.06327824
2574,0.9140625,0.8046875,360.3811269,311.5642831,7,2099,1996,0,0,0,0,0,0,1612.245879,-49.7282271,329.5674672,0.00241402729,0,0,3,2,0.000620252787,0.0006202527866,0.4919212368
2575,0.921875,0.7890625,363.8569173,11.330782,7,2212,2099,0,0,0,0,0,0,2.933241513,-362.9651383,2.912617487,0.00241402729,0,0,473,242,0.3409197625,0.3409197624,33.12074084
2576,0.8984375,0.7890625,358.356474,-0.7018403401,7,1995,2102,0,0,0,0,0,0,2.92205348,-354.756332,2.901585934,0.00241402729,0,0,621,312,0.3422250848,0.3422250847,38.81512177
2577,0.8828125,0.7890625,334.6163124,-0.9478981481,7,2102,1989,0,0,0,0,0,0,57.4119109,-335.535046,50.42351791,0.00241402729,0,0,76,40,0.01741798843,0.01741798842,7.745031904
2578,0.8828125,0.8046875,350.5512726,220.1174358,7,2102,1910,0,0,0,0,0,0,803.6856048,-118.0738721,273.351388,0.00241402729,0,0,10,3,0.001244267652,0.00124426765,0.859086922
2579,0.8984375,0.8046875,355.4661997,340.6732567,7,2102,1996,0,0,0,0,0,0,150879.3008,-5.12411831,413.1113094,0.00241402729,0,0,1,1,6.627814385e-06,6.627814385e-06,0.01502160908
2580,0.9609375,0.7265625,333.7742464,382.5110962,7,1983,2204,0,0,0,0,0,0,17.07857799,65.9744836,16.40233981,0.00241402729,0,0,112,57,0.05855288424,0.05855288421,9.024359076
2581,0.9453125,0.7265625,329.011984,-76.43446172,7,2204,2017,0,0,0,0,0,0,25.6151899,-396.0103967,24.12349507,0.00241402729,0,0,193,100,0.0390393358,0.03903933578,6.437219503
2582,0.9453125,0.7421875,352.7340243,249.0494625,7,2204,1907,0,0,0,0,0,0,769.6303592,-88.98848172,269.2984425,0.00241402729,0,0,10,6,0.001299325043,0.001299325043,0.8942885112
2583,0.9609375,0.7421875,345.8670771,161.5366692,7,2204,2016,0,0,0,0,0,0,226.6010769,-175.138959,146.4757427,0.00241402729,0,0,15,7,0.004413041693,0.00441304169,2.276592355
2584,0.9375,0.7421875,350.3528932,376.0274902,7,1907,2207,0,0,0,0,0,0,3062.838092,36.46988481,364.8940062,0.00241402729,0,0,3,1,0.0003264945681,0.0003264945673,0.5497860398
2585,0.9453125,0.734375,340.8730042,134.4375973,7,2207,2204,0,0,0,0,0,0,7.080711297,-194.3693423,6.9617145,0.00241402729,0,0,90,46,0.1412287492,0.1412287492,12.9247231
2586,0.9375,0.7265625,326.6308528,-184.9621785,7,2207,2017,0,0,0,0,0,0,24.97575813,-506.0577747,23.5555435,0.00241402729,0,0,183,94,0.04003882463,0.04003882462,5.201465718
2587,0.9296875,0.734375,337.8260423,129.8098523,7,2207,2198,0,0,0,0,0,0,6.668785815,-199.974128,6.563128432,0.00241402729,0,0,96,49,0.1499523343,0.1499523343,32.81042568
2588,0.875,0.734375,292.7056273,203.8803256,6,1715,1985,0,0,0,0,0,0,3067.531047,-96.52082089,364.9605253,0.00241402729,0,0,10,5,0.0003259950705,0.0003259950703,0.220477541
2589,0.890625,0.71875,299.2917172,-137.2609735,6,1985,1982,0,0,0,0,0,0,9.602920867,-432.9807255,9.385352323,0.00241402729,0,0,562,279,0.1041349829,0.1041349828,11.06655623
2590,0.875,0.703125,280.2482216,101.5296908,6,1985,1908,0,0,0,0,0,0,60.7614224,-179.6028906,52.9890088,0.00241402729,0,0,51,26,0.0164578109,0.01645781089,8.355110009
2591,0.859375,0.71875,295.0329827,135.5434269,6,1985,1934,0,0,0,0,0,0,72.94001748,-157.5244868,62.01964794,0.00241402729,0,0,55,30,0.01370989526,0.01370989525,7.738179859
2592,0.8984375,0.7265625,308.8134649,-39.70590307,7,1982,2197,0,0,0,0,0,0,3.806449977,-351.74071,3.77179146,0.00241402729,0,0,698,353,0.2627119773,0.2627119772,24.3129331
2593,0.8828125,0.7265625,295.9986722,325.9560962,7,2197,1985,0,0,0,0,0,0,2.247441247,27.89564701,2.23531381,0.00241402729,0,0,544,271,0.4449504526,0.4449504525,36.73483481
2594,0.8828125,0.7421875,302.2273751,191.3721051,7,2197,1715,0,0,0,0,0,0,779.4976482,-125.3440963,270.4965518,0.00241402729,0,0,11,6,0.001282877508,0.001282877507,0.404817854
2595,0.8984375,0.7421875,318.0472709,282.6983033,7,2197,2018,0,0,0,0,0,0,6843.152308,-41.45082595,390.6007745,0.00241402729,0,0,3,3,0.0001461314837,0.0001461314837,0.2136853063
2596,0.9375,0.7890625,365.0279496,77.8356261,7,2019,2213,0,0,0,0,0,0,1.416786107,-286.8374763,1.411956988,0.00241402729,0,0,537,269,0.7058228445,0.7058228443,59.2187545
2597,0.9296875,0.796875,364.2560886,123.6069106,7,2213,2099,0,0,0,0,0,0,6.734111186,-235.5233128,6.626390409,0.00241402729,0,0,315,158,0.1484976966,0.1484976966,12.20746071
2598,0.9375,0.8046875,365.8815701,188.350552,7,2213,1891,0,0,0,0,0,0,255.5584085,-175.6889761,158.052113,0.00241402729,0,0,6,4,0.003912999795,0.003912999793,2.132813589
2599,0.984375,0.8125,374.5392319,82.76946931,6,1924,2214,0,0,0,0,0,0,7.77764584,-289.9091892,7.634308272,0.00241402729,0,0,54,25,0.1285736096,0.1285736096,1.643128925
2600,0.96875,0.796875,367.3337428,-40.60541138,6,2214,1994,0,0,0,0,0,0,61.07318602,-411.9097429,53.22595852,0.00241402729,0,0,61,33,0.01637379782,0.01637379781,3.676475526
2601,0.953125,0.8125,369.0519976,50.13119784,6,2214,1891,0,0,0,0,0,0,9.737871738,-323.3002764,9.514216409,0.00241402729,0,0,17,7,0.1026918434,0.1026918434,0.6552961813
2602,0.96875,0.828125,382.4297959,-32.86918791,6,2214,1993,0,0,0,0,0,0,10.1476738,-413.1649804,9.905032576,0.00241402729,0,0,20,9,0.09854475223,0.09854475222,0.7320455209
2603,0.9453125,0.8046875,365.449253,160.2230209,7,1891,2217,0,0,0,0,0,0,216.5290637,-206.5829185,142.2000778,0.00241402729,0,0,10,4,0.004618317665,0.004618317662,0.9247342635
2604,0.9609375,0.8046875,368.1928702,237.4483967,7,2217,2214,0,0,0,0,0,0,118.1996635,-128.9811349,91.96004152,0.00241402729,0,0,24,14,0.008460260971,0.008460260968,3.027624856
2605,0.9609375,0.7890625,363.7309983,-32.77364954,7,2217,1994,0,0,0,0,0,0,39.76152304,-397.4524463,36.27924512,0.00241402729,0,0,83,44,0.02514994204,0.02514994203,3.510801124
2606,0.9453125,0.7890625,364.5956325,-7.111726301,7,2217,2019,0,0,0,0,0,0,4.428628332,-374.55124,4.381783432,0.00241402729,0,0,399,203,0.2258035502,0.2258035502,22.30162719
2607,0.9453125,0.796875,365.0224428,157.2233271,7,2213,2217,0,0,0,0,0,0,8.112660728,-199.8142585,7.95683265,0.00241402729,0,0,228,115,0.1232641218,0.1232641218,12.39225397
2608,0.8203125,0.78125,334.3653246,251.8486547,7,1980,2118,0,0,0,0,0,0,2.595027198,-75.8166198,2.578871941,0.00241402729,0,0,247,124,0.3853524159,0.3853524159,19.5731087
2609,0.828125,0.7890625,320.9160965,36.28735061,7,2118,2114,0,0,0,0,0,0,1.858646537,-283.0833809,1.850344368,0.00241402729,0,0,464,236,0.538025913,0.5380259129,31.67202762
2610,0.8359375,0.78125,325.4413237,231.8948166,7,2118,1979,0,0,0,0,0,0,4.969070181,-83.13254565,4.910170374,0.00241402729,0,0,218,113,0.2012448936,0.2012448936,17.2831115
2611,0.8359375,0.7734375,320.3231907,149.3618153,7,1979,2117,0,0,0,0,0,0,3.149011267,-162.2685412,3.125253716,0.00241402729,0,0,8,6,0.3175599943,0.3175599943,1.236234212
2612,0.8359375,0.7578125,314.1558099,174.4884809,7,2117,1973,0,0,0,0,0,0,1.49803244,-142.6509492,1.492634638,0.00241402729,0,0,17,9,0.6675422865,0.6675422865,2.174013638
2613,0.8203125,0.7578125,319.0109257,100.976561,7,2117,1909,0,0,0,0,0,0,2.629298928,-216.4976964,2.612715502,0.00241402729,0,0,24,13,0.3803295203,0.3803295203,1.472679872
2614,0.8203125,0.7734375,329.2471916,229.7011458,7,2117,1980,0,0,0,0,0,0,5.956713441,-94.56712295,5.872272113,0.00241402729,0,0,14,9,0.1678778088,0.1678778088,0.8471707846
2615,0.828125,0.7734375,324.7851912,294.011735,7,2118,2117,0,0,0,0,0,0,9983.945129,-23.93757762,397.7427151,0.00241402729,0,0,1,1,0.0001001608069,0.0001001608069,0.1000940841
2616,0.8359375,0.7265625,307.2804789,-307.1585862,7,1934,2136,0,0,0,0,0,0,13.93090019,-615.5504632,13.47765249,0.00241402729,0,0,412,204,0.07178287018,0.07178287016,5.43792227
2617,0.8203125,0.7265625,294.5095441,-316.9216598,7,2136,1974,0,0,0,0,0,0,11.07550513,-612.1408043,10.78709519,0.00241402729,0,0,624,306,0.09028933565,0.09028933563,4.781677881
2618,0.8203125,0.7421875,314.6633551,322.627884,7,2136,1909,0,0,0,0,0,0,64242.95888,6.233119873,411.5915375,0.00241402729,0,0,1,1,1.556590819e-05,1.556590819e-05,0.03668990206
2619,0.8359375,0.7421875,309.8082394,328.8041026,7,2136,1973,0,0,0,0,0,0,6720.357458,12.74416571,390.1938208,0.00241402729,0,0,4,2,0.0001488016086,0.0001488016082,0.25986094
2620,0.8203125,0.71875,284.4326387,20.11748824,7,1974,2140,0,0,0,0,0,0,3.103307875,-263.7471952,3.080232406,0.00241402729,0,0,525,260,0.3222368003,0.3222368003,19.92642882
2621,0.828125,0.7265625,300.8950115,243.0064668,7,2140,2136,0,0,0,0,0,0,2.399849901,-58.03239266,2.386026924,0.00241402729,0,0,919,457,0.4166927271,0.416692727,19.01094693
2622,0.8359375,0.71875,297.2035735,49.75150128,7,2140,1934,0,0,0,0,0,0,3.388214402,-247.2859146,3.360726209,0.00241402729,0,0,411,205,0.2951407087,0.2951407087,19.75250029
2623,0.8203125,0.6953125,265.7673499,192.7665585,7,1883,2135,0,0,0,0,0,0,2.740433252,-72.40850613,2.722423114,0.00241402729,0,0,63,36,0.3649058044,0.3649058044,1.912304953
2624,0.8203125,0.7109375,278.2108757,212.7546619,7,2135,1974,0,0,0,0,0,0,2.758312709,-65.39124945,2.740067579,0.00241402729,0,0,50,24,0.3625404751,0.3625404751,1.218865895
2625,0.8359375,0.7109375,290.9818105,105.4466744,7,2135,1934,0,0,0,0,0,0,54.89717086,-185.8719693,48.47332711,0.00241402729,0,0,13,6,0.01821587496,0.01821587496,0.7336980456
2626,0.859375,0.6875,268.804669,260.1449804,6,1908,1988,0,0,0,0,0,0,629.7062954,-13.27066481,249.8707407,0.00241402729,0,0,12,6,0.001588041929,0.001588041927,2.357476517
2627,0.84375,0.671875,262.1956902,184.190162,6,1988,1935,0,0,0,0,0,0,1492.428741,-79.31461612,324.2462214,0.00241402729,0,0,12,8,0.0006700487418,0.0006700487413,0.9074886182
2628,0.828125,0.6875,258.3749694,-73.07953857,6,1988,1883,0,0,0,0,0,0,31.49959323,-332.286937,29.27360278,0.00241402729,0,0,36,21,0.0317464417,0.0317464417,0.376929525
2629,0.84375,0.703125,283.58943,98.51314373,6,1988,1934,0,0,0,0,0,0,53.31622564,-186.8378338,47.23655826,0.00241402729,0,0,17,7,0.01875601635,0.01875601635,0.7319945471
2630,0.8359375,0.6953125,270.9821997,93.83905742,7,2135,1988,0,0,0,0,0,0,3.041347424,-178.4401306,3.019180912,0.00241402729,0,0,39,22,0.3288016332,0.3288016332,2.470253168
2631,0.828125,0.7109375,284.5963431,306.1443129,7,2140,2135,0,0,0,0,0,0,322.2351993,22.17868666,181.2464125,0.00241402729,0,0,17,8,0.003103323293,0.003103323289,2.250424335
2632,0.796875,0.828125,306.7920389,3.094754972,6,1888,1977,0,0,0,0,0,0,9.816527947,-298.9412026,9.589287098,0.00241402729,0,0,13,8,0.1018690117,0.1018690117,0.9784200616
2633,0.765625,0.828125,297.3504173,235.0609859,6,1977,1894,0,0,0,0,0,0,3046.065405,-42.34059138,364.6547914,0.00241402729,0,0,1,1,0.0003282923598,0.0003282923598,0.1936980626
2634,0.765625,0.859375,316.6543734,516.3616684,6,1977,1710,0,0,0,0,0,0,471.3776706,226.8549979,220.4843904,0.00241402729,0,0,23,12,0.002121441176,0.002121441173,1.198627692
2635,0.796875,0.859375,334.8487417,68.87291249,6,1977,1893,0,0,0,0,0,0,39.68332156,-260.3875603,36.21413024,0.00241402729,0,0,72,36,0.02519950348,0.02519950347,8.185355426
2636,0.765625,0.8125,287.6984392,272.6411793,6,1894,2104,0,0,0,0,0,0,1070.6898,1.292148662,298.6853704,0.00241402729,0,0,8,4,0.0009339773293,0.0009339773281,1.591896116
2637,0.78125,0.828125,302.0712281,177.112971,6,2104,1977,0,0,0,0,0,0,9.69935599,-112.6057964,9.47744623,0.00241402729,0,0,6,5,0.1030996286,0.1030996286,0.8114816146
2638,0.796875,0.8125,297.1400608,73.74734334,6,2104,1888,0,0,0,0,0,0,6.328781889,-222.2360676,6.233546684,0.00241402729,0,0,8,4,0.1580082894,0.1580082894,1.454447235
2639,0.78125,0.796875,282.7672719,6.936943165,6,2104,1976,0,0,0,0,0,0,349.1640764,-270.676731,189.4653352,0.00241402729,0,0,42,25,0.00286398306,0.002863983057,1.470996093
2640,0.7890625,0.7890625,280.3016883,33.55196639,7,1976,2109,0,0,0,0,0,0,16.00227747,-251.0940368,15.40710213,0.00241402729,0,0,215,112,0.06249110489,0.06249110486,14.40206673
2641,0.7890625,0.8046875,289.9536664,344.1375731,7,2109,2104,0,0,0,0,0,0,120.2183248,53.4390232,93.17730855,0.00241402729,0,0,38,22,0.008318199424,0.008318199418,2.756756252
2642,0.8046875,0.8046875,294.6744772,303.0157399,7,2109,1888,0,0,0,0,0,0,5.599002313e+11,-1.59641445e-07,414.2455238,0.00241402729,0,0,5,0,1.786032482e-12,0,1.786032482
2643,0.8046875,0.7890625,313.1577039,4.183667203,7,2109,1980,0,0,0,0,0,0,4.560316541,-311.6738876,4.510659911,0.00241402729,0,0,341,171,0.2192830236,0.2192830236,20.26471405
2644,0.8125,0.7890625,329.5857117,83.12448002,7,1980,2113,0,0,0,0,0,0,1.73890451,-240.3715025,1.731635515,0.00241402729,0,0,445,221,0.5750747061,0.5750747059,58.94072735
2645,0.8046875,0.796875,303.9160905,68.99324914,7,2113,2109,0,0,0,0,0,0,11.12193901,-236.3760575,10.83113744,0.00241402729,0,0,179,88,0.0899123794,0.08991237938,8.186811447
2646,0.8125,0.8046875,311.102485,310.6541677,7,2113,1888,0,0,0,0,0,0,1.666779973e+12,-4.565845302e-08,414.245524,0.00241402729,0,0,2,0,5.999592123e-13,0,0.5999592123
2647,0.8203125,0.796875,316.1364837,74.29380946,7,2113,2114,0,0,0,0,0,0,6.473672236,-240.9076301,6.374060827,0.00241402729,0,0,268,133,0.1544718304,0.1544718304,14.73340018
2648,0.8125,0.7421875,308.2778877,327.2014683,7,1909,2139,0,0,0,0,0,0,7611.525386,17.39307037,392.8644809,0.00241402729,0,0,1,1,0.0001313797103,0.0001313797103,0.2419591251
2649,0.8203125,0.734375,304.5864496,509.1534148,7,2139,2136,0,0,0,0,0,0,6.920479338,203.3464605,6.806764,0.00241402729,0,0,114,52,0.1444986613,0.1444986613,5.483997819
2650,0.8125,0.7265625,288.1240767,-119.0431366,7,2139,1974,0,0,0,0,0,0,14.38540174,-407.6759149,13.90260927,0.00241402729,0,0,222,108,0.06951491644,0.06951491643,3.531141588
2651,0.7890625,0.7265625,286.464732,-245.5949703,7,1933,2143,0,0,0,0,0,0,15.58374968,-532.6980953,15.01875035,0.00241402729,0,0,511,253,0.06416940855,0.06416940853,9.005070822
2652,0.7890625,0.7421875,289.2285035,470.2334424,7,2143,1975,0,0,0,0,0,0,29.37928943,182.3285674,27.43363034,0.00241402729,0,0,54,29,0.03403758292,0.03403758291,11.16283265
2653,0.8046875,0.7421875,307.7247728,299.6549199,7,2143,1909,0,0,0,0,0,0,11574.33872,-9.643593601,399.9319612,0.00241402729,0,0,3,3,8.639802449e-05,8.639802449e-05,0.1859266258
2654,0.8046875,0.7265625,287.5709618,-263.6913823,7,2143,1974,0,0,0,0,0,0,9.851958684,-551.8142761,9.623093638,0.00241402729,0,0,506,256,0.1015026587,0.1015026587,4.698890576
2655,0.8046875,0.734375,297.6478673,123.1348614,7,2139,2143,0,0,0,0,0,0,4.864952031,-175.5758423,4.808480624,0.00241402729,0,0,109,57,0.2055518726,0.2055518726,16.91227508
2656,0.7890625,0.6484375,238.2151932,20.04373679,7,1936,2152,0,0,0,0,0,0,2.061737858,-224.2777106,2.05152722,0.00241402729,0,0,643,319,0.4850277139,0.4850277138,33.1152701
2657,0.8046875,0.6484375,245.8470959,-19.82778174,7,2152,1938,0,0,0,0,0,0,10.77186983,-270.6104591,10.49886175,0.00241402729,0,0,214,110,0.0928343933,0.09283439327,8.082597409
2658,0.8046875,0.6328125,217.254873,96.92394564,7,2152,1887,0,0,0,0,0,0,6.349355946,-121.4887158,6.253505229,0.00241402729,0,0,23,15,0.1574962891,0.1574962891,1.101653706
2659,0.765625,0.625,238.4679596,91.15707453,6,1708,1937,0,0,0,0,0,0,6.485013566,-143.9248838,6.385055523,0.00241402729,0,0,77,39,0.1542016821,0.154201682,0.7433514085
2660,0.78125,0.640625,238.2994487,-369.9202083,6,1937,1936,0,0,0,0,0,0,22.79207935,-604.8664216,21.60344277,0.00241402729,0,0,633,315,0.04387489112,0.04387489111,2.384774976
2661,0.796875,0.625,217.3391284,3.121311656,6,1937,1887,0,0,0,0,0,0,52.12975487,-205.9161157,46.30287796,0.00241402729,0,0,50,25,0.01918290241,0.0191829024,0.4298801711
2662,0.78125,0.609375,218.6292371,8.11811216,6,1937,1943,0,0,0,0,0,0,25.6179759,-222.279533,24.12596602,0.00241402729,0,0,94,42,0.03903509019,0.03903509018,0.1923570891
2663,0.7890625,0.6328125,227.8192886,197.1217163,7,2152,1937,0,0,0,0,0,0,1.498779439,-34.31321062,1.493376262,0.00241402729,0,0,355,182,0.6672095801,0.6672095799,30.96696828
2664,0.8125,0.6328125,221.0708243,153.2028387,7,1887,2155,0,0,0,0,0,0,1026.486593,-58.99733113,295.1398609,0.00241402729,0,0,17,7,0.000974196845,0.0009741968422,1.008607726
2665,0.8046875,0.640625,231.5509844,312.6159803,7,2155,2152,0,0,0,0,0,0,11.92591441,78.01831089,11.5921815,0.00241402729,0,0,130,63,0.08385101262,0.08385101259,4.216608445
2666,0.8125,0.6484375,249.6630472,23.73364301,7,2155,1938,0,0,0,0,0,0,3.049754902,-220.8365428,3.027466117,0.00241402729,0,0,426,215,0.3278952021,0.327895202,19.56359271
2667,0.8359375,0.6484375,247.2948491,28.91833878,7,1935,2122,0,0,0,0,0,0,31.53127089,-230.8603647,29.30095955,0.00241402729,0,0,99,50,0.03171454786,0.03171454785,7.652657796
2668,0.8359375,0.6328125,230.8639236,184.5991874,7,2122,1939,0,0,0,0,0,0,99.68544082,-54.32994893,80.349795,0.00241402729,0,0,25,13,0.01003155518,0.01003155517,2.503256373
2669,0.8203125,0.6328125,220.2814249,189.7429728,7,2122,1887,0,0,0,0,0,0,208.8464655,-37.69429438,138.8458125,0.00241402729,0,0,23,12,0.004788206483,0.00478820648,1.651653357
2670,0.8203125,0.6484375,248.8736478,-54.1031992,7,2122,1938,0,0,0,0,0,0,10.93281113,-313.9104824,10.6516906,0.00241402729,0,0,419,210,0.09146778337,0.09146778334,10.32762917
2671,0.8203125,0.640625,234.5775364,261.8949116,7,2155,2122,0,0,0,0,0,0,3.185579664,18.2726364,3.161269262,0.00241402729,0,0,313,159,0.3139146107,0.3139146106,26.79372809
2672,0.7890625,0.7109375,270.1660636,153.9940376,7,1933,2144,0,0,0,0,0,0,1041.133535,-116.0358541,296.3385409,0.00241402729,0,0,17,8,0.0009604915858,0.000960491585,0.7210534445
2673,0.8046875,0.7109375,271.2722934,481.8225234,7,2144,1974,0,0,0,0,0,0,18.08941753,210.7728627,17.33253439,0.00241402729,0,0,23,13,0.05528093972,0.05528093972,0.3715280109
2674,0.8046875,0.6953125,258.8287676,112.9863618,7,2144,1883,0,0,0,0,0,0,2.11757601,-145.0924522,2.106806256,0.00241402729,0,0,37,20,0.4722380663,0.4722380663,2.046937059
2675,0.7890625,0.6953125,259.725642,68.78952852,7,2144,1972,0,0,0,0,0,0,4.235226783,-190.4564664,4.192364248,0.00241402729,0,0,26,13,0.2361148649,0.2361148649,0.8855713323
2676,0.8046875,0.71875,277.4940563,32.68146357,7,1974,2146,0,0,0,0,0,0,2.891335622,-244.733801,2.871294665,0.00241402729,0,0,403,203,0.3458609206,0.3458609205,14.01129588
2677,0.796875,0.7109375,270.7191785,242.6176203,7,2146,2144,0,0,0,0,0,0,465.3259967,-27.80233651,219.1512649,0.00241402729,0,0,15,8,0.002149031017,0.002149031015,0.947099202
2678,0.7890625,0.71875,276.3878265,102.7996916,7,2146,1933,0,0,0,0,0,0,4.753887862,-173.5958041,4.699951152,0.00241402729,0,0,469,231,0.2103541415,0.2103541414,23.50959713
2679,0.796875,0.7265625,287.0178469,427.7457692,7,2146,2143,0,0,0,0,0,0,5.835591077,140.2525792,5.754525488,0.00241402729,0,0,857,426,0.1713622471,0.171362247,11.9914516
2680,0.5,0.546875,108.2000832,102.1974185,6,1836,2264,0,0,0,0,0,0,901.539193,-2.35179617,283.8295434,0.00241402729,0,0,5,2,0.001109214117,0.001109214115,1.535986507
2681,0.515625,0.53125,132.2690701,118.505159,6,2264,1945,0,0,0,0,0,0,6049.816547,-6.450943874,387.6988492,0.00241402729,0,0,5,2,0.0001652942684,0.0001652942678,0.2360799591
2682,0.5,0.515625,130.1858449,64.01711831,6,2264,1641,0,0,0,0,0,0,39.54829262,-66.92353255,36.10164485,0.00241402729,0,0,129,60,0.02528554164,0.02528554162,5.36105379
2683,0.40625,0.5,138.2329249,71.29918316,5,1681,1805,0,0,0,0,0,0,47.27047485,-67.34057898,46.28668593,0.0004496306119,0,0,33,17,0.02115485413,0.02115485412,1.084987564
2684,0.4375,0.53125,123.5074183,88.75074485,5,1805,1783,0,0,0,0,0,0,2804.458414,-36.29970642,1240.378234,0.0004496306119,0,0,15,8,0.0003565750859,0.000356575085,0.7325803809
2685,0.46875,0.5,140.1967922,66.20719866,5,1805,1641,0,0,0,0,0,0,7.942797189,-76.09696803,7.914531825,0.0004496306119,0,0,39,21,0.1259002309,0.1259002309,3.016871986
2686,0.40625,0.40625,98.15026306,57.72629947,5,1664,1774,0,0,0,0,0,0,0.8421227302,-41.18957587,0.841803986,0.0004496306119,0,0,552,283,1.187475369,1.187475369,9.051284032
2687,0.40625,0.46875,124.8720376,130.2892261,5,1774,1681,0,0,0,0,0,0,3.035594617,4.890759529,3.031456992,0.0004496306119,0,0,488,251,0.3294247507,0.3294247507,3.327138172
2688,0.46875,0.46875,126.8359049,-130.8783288,5,1774,1641,0,0,0,0,0,0,64.28942851,-259.9411999,62.48325656,0.0004496306119,0,0,580,284,0.01555465686,0.01555465685,0.4753630267
2689,0.46875,0.40625,110.1493824,81.4254336,5,1774,1688,0,0,0,0,0,0,3.657871587,-29.98592823,3.651865397,0.0004496306119,0,0,450,221,0.2733830251,0.2733830251,1.123126521
2690,0.4375,0.46875,125.8539713,169.8313309,5,1805,1774,0,0,0,0,0,0,10.23602997,42.60066213,10.18913516,0.0004496306119,0,0,29,15,0.09769412584,0.09769412584,3.289749612
2691,0.484375,0.515625,132.8340389,66.86881176,6,1641,2036,0,0,0,0,0,0,14.76796956,-68.64069949,14.25961043,0.00241402729,0,0,93,46,0.06771411575,0.06771411574,3.502519648
2692,0.453125,0.515625,131.8521053,85.66535592,6,2036,1805,0,0,0,0,0,0,8.292275782,-48.01195306,8.12954043,0.00241402729,0,0,28,15,0.1205941561,0.1205941561,4.848174539
2693,0.453125,0.546875,116.1446651,116.1446651,6,2036,1783,0,0,0,0,0,0,1e+300,-0.7190217182,1613.091545,0,0,0,0,0,0,0,0
2694,0.484375,0.546875,110.8482771,112.0105586,6,2036,1836,0,0,0,0,0,0,3459.700791,2.892483573,369.9497749,0.00241402729,0,0,3,2,0.0002890423364,0.0002890423362,0.5243803705
2695,0.484375,0.53125,121.841158,89.68728949,6,2264,2036,0,0,0,0,0,0,54.83414186,-32.62650366,48.42417926,0.00241402729,0,0,65,31,0.01823681316,0.01823681315,2.067619045
2696,0.5078125,0.5078125,142.2203384,84.61911255,7,1641,2266,0,0,0,0,0,0,36.07471227,-60.86884296,33.18480246,0.00241402729,0,0,94,44,0.02772024882,0.0277202488,1.905686257
2697,0.5078125,0.5234375,131.2274575,88.91322596,7,2266,2264,0,0,0,0,0,0,95.92919815,-43.37901145,77.8914345,0.00241402729,0,0,64,29,0.01042435483,0.01042435482,6.140085517
2698,0.5234375,0.5234375,144.3035636,80.96286728,7,2266,1945,0,0,0,0,0,0,8.492418413,-58.54054029,8.321813499,0.00241402729,0,0,291,146,0.117752088,0.1177520879,20.882598
2699,0.515625,0.484375,137.0724155,71.38298814,6,1641,2269,0,0,0,0,0,0,1.939896627,-68.45624969,1.930854506,0.00241402729,0,0,456,222,0.5154913856,0.5154913854,6.49397252
2700,0.546875,0.484375,133.7581495,110.5750774,6,2269,1855,0,0,0,0,0,0,0.7871357428,-20.41296383,0.78564289,0.00241402729,0,0,386,191,1.270428905,1.270428905,4.049299075
2701,0.546875,0.453125,128.8597949,63.44292328,6,2269,1825,0,0,0,0,0,0,0.394131979,-67.80205225,0.3937573404,0.00241402729,0,0,2577,1295,2.537221168,2.537221167,107.2427437
2702,0.5,0.40625,116.148942,82.24280712,5,1688,1824,0,0,0,0,0,0,0.4190979523,-35.41629796,0.4190189927,0.0004496306119,0,0,866,430,2.386077036,2.386077036,7.175374643
2703,0.46875,0.4375,118.4926436,210.0821867,5,1824,1774,0,0,0,0,0,0,6.428663577,89.84507023,6.410134928,0.0004496306119,0,0,937,458,0.1555533258,0.1555533258,1.304673771
2704,0.5,0.46875,132.8354646,34.94094397,5,1824,1641,0,0,0,0,0,0,7.9515582,-100.3696704,7.923230559,0.0004496306119,0,0,883,432,0.1257615143,0.1257615142,2.774502322
2705,0.53125,0.4375,124.622844,68.66188309,5,1824,1825,0,0,0,0,0,0,0.2952689803,-58.05446895,0.295229785,0.0004496306119,0,0,2816,1415,3.386742485,3.386742484,14.68789209
2706,0.515625,0.453125,128.7291543,90.6777218,6,2269,1824,0,0,0,0,0,0,0.247893556,-40.33576139,0.2477452998,0.00241402729,0,0,2632,1319,4.033989493,4.033989492,94.42476216
2707,0.546875,0.5,136.2073268,75.06311492,6,1855,2275,0,0,0,0,0,0,0.8849853686,-55.79645919,0.8830987352,0.00241402729,0,0,588,292,1.129962184,1.129962184,2.355538887
2708,0.53125,0.484375,135.4152825,92.16444727,6,2275,2269,0,0,0,0,0,0,0.6067245477,-43.24919227,0.6058372084,0.00241402729,0,0,269,129,1.648194397,1.648194397,4.575413313
2709,0.515625,0.5,139.5215928,134.1133656,6,2275,1641,0,0,0,0,0,0,8.135305374,-5.597405112,7.978614566,0.00241402729,0,0,172,83,0.1229210157,0.1229210157,3.740288221
2710,0.53125,0.515625,141.604818,48.98619091,6,2275,1945,0,0,0,0,0,0,4.365895537,-84.74003183,4.320361557,0.00241402729,0,0,711,358,0.2290480823,0.2290480822,35.46642642
2711,0.5234375,0.5078125,140.5632054,75.46349078,7,2266,2275,0,0,0,0,0,0,6.063617308,-65.59886645,5.976140136,0.00241402729,0,0,321,161,0.1649180595,0.1649180594,31.75079547
2712,0.7734375,0.6640625,250.7084193,122.1924625,7,1936,2154,0,0,0,0,0,0,507.9049567,-127.8750876,228.1594592,0.00241402729,0,0,16,8,0.001968872299,0.001968872297,1.352068901
2713,0.7578125,0.6640625,246.4371393,137.1200878,7,2154,1969,0,0,0,0,0,0,258.8597348,-110.7351119,159.3086446,0.00241402729,0,0,6,4,0.003863095977,0.003863095977,1.614559342
2714,0.7578125,0.6796875,254.7345512,149.2722014,7,2154,1882,0,0,0,0,0,0,276.1229363,-105.2649812,165.6835401,0.00241402729,0,0,11,3,0.003621575278,0.003621575275,1.493328845
2715,0.7734375,0.6796875,253.8376768,306.345611,7,2154,1972,0,0,0,0,0,0,370.5898666,52.97560941,195.6017725,0.00241402729,0,0,13,4,0.00269840082,0.002698400816,2.247058472
2716,0.7578125,0.65625,242.2884334,92.09938481,7,1969,2360,0,0,0,0,0,0,51.65130134,-141.5244956,45.92501864,0.00241402729,0,0,135,66,0.01936059642,0.01936059641,5.437085657
2717,0.765625,0.6640625,248.5727793,208.5969566,7,2360,2154,0,0,0,0,0,0,1216.570059,-29.4740905,309.0224958,0.00241402729,0,0,10,5,0.0008219830769,0.0008219830762,0.7086750939
2718,0.7734375,0.65625,246.5597134,104.0949799,7,2360,1936,0,0,0,0,0,0,4.553355989,-131.7412509,4.503850005,0.00241402729,0,0,385,186,0.2196182338,0.2196182337,27.28221025
2719,0.7734375,0.6484375,248.7796088,13.8460422,7,1936,2153,0,0,0,0,0,0,3.159019621,-236.6746789,3.135111388,0.00241402729,0,0,668,326,0.3165539059,0.3165539058,29.68469006
2720,0.7734375,0.6328125,238.3837041,180.5241536,7,2153,1937,0,0,0,0,0,0,2.188045113,-57.11004693,2.176548582,0.00241402729,0,0,311,155,0.457028968,0.4570289679,26.34221249
2721,0.7578125,0.6328125,248.9481197,89.01359678,7,2153,1708,0,0,0,0,0,0,49.85841046,-161.6428692,44.50215099,0.00241402729,0,0,24,13,0.02005679665,0.02005679665,0.409230221
2722,0.7578125,0.6484375,244.5083288,-45.60974452,7,2153,1969,0,0,0,0,0,0,8.855696181,-293.9181151,8.670342532,0.00241402729,0,0,386,191,0.1129216698,0.1129216698,2.952454935
2723,0.765625,0.6484375,246.6439688,79.60526717,7,2360,2153,0,0,0,0,0,0,2.780205716,-158.9189508,2.761670783,0.00241402729,0,0,510,247,0.359685614,0.3596856139,44.89159088
2724,0.546875,0.578125,164.9580159,32.60388169,6,1830,1946,0,0,0,0,0,0,13.93415583,-134.5695742,13.48069971,0.00241402729,0,0,412,202,0.0717660985,0.07176609844,24.21777773
2725,0.515625,0.578125,112.4622196,69.91025676,6,1946,1836,0,0,0,0,0,0,168.5529456,-37.91941414,119.8052276,0.00241402729,0,0,49,25,0.005932853897,0.005932853892,4.806603965
2726,0.515625,0.609375,90.47645779,87.28531786,6,1946,1700,0,0,0,0,0,0,5275.725968,5.847083174,384.0873142,0.00241402729,0,0,5,3,0.0001895473734,0.0001895473732,0.2764681936
2727,0.546875,0.609375,132.262517,116.7673606,6,1946,1835,0,0,0,0,0,0,3255.046844,-10.25812889,367.4791896,0.00241402729,0,0,14,6,0.0003072152408,0.00030721524,0.562556677
2728,0.515625,0.5625,123.4551004,90.79760372,6,1836,2263,0,0,0,0,0,0,97.27470846,-30.22778529,78.77618523,0.00241402729,0,0,38,19,0.01028016445,0.01028016445,4.940007506
2729,0.53125,0.578125,138.7101177,86.8861475,6,2263,1946,0,0,0,0,0,0,72.54849183,-50.6154159,61.73635467,0.00241402729,0,0,78,38,0.01378388406,0.01378388404,12.74106713
2730,0.546875,0.5625,175.9508968,6.901537305,6,2263,1830,0,0,0,0,0,0,7.306627888,-173.4676367,7.179984457,0.00241402729,0,0,69,33,0.1368620402,0.1368620402,1.290084706
2731,0.53125,0.546875,147.5240874,100.5466861,6,2263,1945,0,0,0,0,0,0,292.1373588,-40.88559122,171.3186945,0.00241402729,0,0,37,20,0.003423047309,0.003423047307,1.597238123
2732,0.5390625,0.5390625,159.5585808,125.9646381,7,1945,2268,0,0,0,0,0,0,734.9785384,-25.67108331,264.9279455,0.00241402729,0,0,38,21,0.001360583946,0.001360583944,1.55204627
2733,0.5390625,0.5546875,161.7374921,105.5938922,7,2268,2263,0,0,0,0,0,0,1.991911584,-55.30683343,1.982379256,0.00241402729,0,0,54,28,0.5020303151,0.5020303151,3.101403808
2734,0.5546875,0.5546875,187.9853902,57.60198661,7,2268,1830,0,0,0,0,0,0,3.555444131,-132.9706315,3.52518766,0.00241402729,0,0,51,26,0.2812588141,0.2812588141,1.776334985
2735,0.5625,0.515625,151.4623441,64.11071358,6,1855,2276,0,0,0,0,0,0,0.7036026492,-102.9347708,0.7024095952,0.00241402729,0,0,1973,987,1.421256729,1.421256729,49.86567917
2736,0.546875,0.53125,156.8598353,127.5015166,6,2276,1945,0,0,0,0,0,0,1290.409686,-42.41061634,313.5803847,0.00241402729,0,0,17,8,0.000774947686,0.0007749476843,1.030958579
2737,0.5625,0.546875,185.2866447,107.551566,6,2276,1830,0,0,0,0,0,0,457.000119,-101.2974637,217.2868872,0.00241402729,0,0,32,18,0.002188183238,0.002188183237,1.812815627
2738,0.578125,0.53125,162.1283736,156.8095137,6,2276,1948,0,0,0,0,0,0,1.007999281,-23.91007092,1.005552433,0.00241402729,0,0,1037,523,0.9920641993,0.9920641991,36.22981236
2739,0.5546875,0.5390625,171.07324,135.7846579,7,2268,2276,0,0,0,0,0,0,374.7155324,-53.59592348,196.7451129,0.00241402729,0,0,35,19,0.002668691083,0.00266869108,2.465909977
2740,0.984375,0.9375,593.3700323,62.72092407,6,1925,1930,0,0,0,0,0,0,7.825668255,-476.8594458,7.680571681,0.00241402729,0,0,161,79,0.1277846144,0.1277846143,3.135814521
2741,0.96875,0.921875,532.7947286,-498.335076,6,1930,1929,0,0,0,0,0,0,54.34677262,-966.336473,48.04369911,0.00241402729,0,0,146,73,0.01840035667,0.01840035666,2.349290456
2742,0.953125,0.9375,565.8697297,192.1140937,6,1930,1890,0,0,0,0,0,0,9.628244298,-327.4695369,9.409539827,0.00241402729,0,0,159,79,0.1038610954,0.1038610954,1.16820295
2743,0.96875,1,861.6388975,861.6388975,5,1640,1911,1,1,1,0,0,1,716.1419464,799.3016892,541.7112674,0.0004496306119,0,73.86977228,55,55,0.001396371215,0.001396371215,0.865351267
2744,0.9375,0.96875,428.9191544,-429.2181457,5,1911,1890,0,0,0,0,0,0,110.2030311,-836.256411,105.0002022,0.0004496306119,0,0,7,3,0.009074160573,0.009074160573,0.1726911089
2745,0.90625,1,458.5780957,-396.9930379,5,1911,1709,0,0,0,0,0,0,170.9933906,-706.7166991,158.7853588,0.0004496306119,0,0,37,22,0.005848179258,0.005848179257,0.8544516629
2746,0.953125,0.953125,414.0896838,36.17843823,6,1890,1928,0,0,0,0,0,0,14.8628139,-419.5171293,14.34801794,0.00241402729,0,0,10,4,0.06728201045,0.06728201045,1.129400593
2747,0.953125,0.984375,290.8892598,933.1021591,6,1928,1911,0,0,0,0,0,0,65.19788185,677.9624162,56.33184313,0.00241402729,0,0,41,21,0.0153379216,0.0153379216,0.301914726
2748,0.984375,0.984375,138.0298946,-167.979009,6,1928,1640,0,0,0,0,0,0,17.05086205,-319.8775315,16.37677364,0.00241402729,0,0,82,42,0.05864806114,0.05864806114,0.809310083
2749,0.984375,0.953125,441.5899864,226.2742511,6,1928,1925,0,0,0,0,0,0,3.46756374,-249.4180556,3.438778436,0.00241402729,0,0,13,7,0.2883869122,0.2883869122,2.525590382
2750,0.96875,0.953125,427.8398351,-36.52009422,6,1930,1928,0,0,0,0,0,0,15.98529835,-404.2052023,15.3913619,0.00241402729,0,0,9,3,0.06255748116,0.06255748115,0.9338967978
2751,0.9765625,0.9140625,516.257228,258.3803644,7,1929,2388,0,0,0,0,0,0,8.82403351,-245.7847587,8.639989147,0.00241402729,0,0,71,39,0.1133268588,0.1133268588,3.450005084
2752,0.9765625,0.9296875,563.0823804,325.1162461,7,2388,1930,0,0,0,0,0,0,8.070827426,-142.6206512,7.916586997,0.00241402729,0,0,225,115,0.1239030334,0.1239030333,14.12542563
2753,0.9921875,0.9296875,576.8325317,32.4835116,7,2388,1925,0,0,0,0,0,0,4.68686275,-543.2605844,4.634427839,0.00241402729,0,0,195,97,0.2133623392,0.2133623392,11.74735087
2754,0.9921875,0.9140625,530.0073792,589.6582009,7,2388,1931,0,0,0,0,0,0,15.53118396,75.49470821,14.96992117,0.00241402729,0,0,41,21,0.06438659168,0.06438659167,1.728650566
2755,0.921875,0.875,392.9088173,-194.0286143,6,1923,2034,0,0,0,0,0,0,82.41997586,-567.5355121,68.74265697,0.00241402729,0,0,36,17,0.01213298099,0.01213298099,0.3921047071
2756,0.90625,0.859375,386.8646232,-151.2461858,6,2034,1992,0,0,0,0,0,0,30.7900862,-522.4130925,28.65985351,0.00241402729,0,0,188,94,0.03247798637,0.03247798635,10.54852534
2757,0.890625,0.875,393.8782815,192.7165451,6,2034,1696,0,0,0,0,0,0,21.61360664,-176.9259733,20.54182,0.00241402729,0,0,83,43,0.04626715091,0.04626715091,1.279866933
2758,0.90625,0.890625,433.3174227,59.0896598,6,2034,1926,0,0,0,0,0,0,31.3903892,-370.5237989,29.1792646,0.00241402729,0,0,7,2,0.0318568844,0.03185688439,0.8523220922
2759,0.8828125,0.8671875,390.8561845,130.8069817,7,1696,2345,0,0,0,0,0,0,9.670858181,-240.6837621,9.450235667,0.00241402729,0,0,316,159,0.1034034396,0.1034034396,12.64060191
2760,0.8984375,0.8671875,390.3714523,-6.362866485,7,2345,2034,0,0,0,0,0,0,53.98714345,-379.7858,47.76243539,0.00241402729,0,0,211,108,0.01852292854,0.01852292853,4.959812015
2761,0.8984375,0.8515625,383.8425262,387.2224533,7,2345,1992,0,0,0,0,0,0,58.88776746,14.20732113,51.55839703,0.00241402729,0,0,132,67,0.01698145546,0.01698145545,4.575333315
2762,0.875,0.828125,358.5772573,51.76845401,6,1910,1991,0,0,0,0,0,0,41.45284805,-297.6968385,37.68206739,0.00241402729,0,0,25,10,0.02412379479,0.02412379479,1.006932613
2763,0.859375,0.84375,359.3088927,358.1027372,6,1991,1978,0,0,0,0,0,0,34.99866028,11.32651909,32.2720669,0.00241402729,0,0,28,14,0.02857252226,0.02857252225,1.700505656
2764,0.875,0.859375,382.4344282,-113.0914622,6,1991,1696,0,0,0,0,0,0,12.0130867,-474.7201122,11.67452638,0.00241402729,0,0,305,150,0.08324255245,0.08324255241,12.35907122
2765,0.890625,0.84375,375.4207699,-603.1399589,6,1991,1992,0,0,0,0,0,0,66.41122267,-966.2929972,57.23533878,0.00241402729,0,0,3,2,0.01505769597,0.01505769597,0.06773059319
2766,0.8828125,0.8515625,378.927599,258.3870368,7,2345,1991,0,0,0,0,0,0,22.04664302,-107.0220283,20.93258574,0.00241402729,0,0,237,118,0.04535837946,0.04535837944,6.391114493
2767,0.90625,0.7421875,325.9572188,222.2062235,7,2018,2200,0,0,0,0,0,0,317.2894238,-105.6593697,179.6711477,0.00241402729,0,0,5,5,0.003151696606,0.003151696606,2.093023129
2768,0.9140625,0.734375,329.2502637,123.8339412,7,2200,2198,0,0,0,0,0,0,4.53920791,-201.6909547,4.490007434,0.00241402729,0,0,149,74,0.2203027532,0.2203027531,14.52092472
2769,0.90625,0.7265625,316.7234128,-190.7074105,7,2200,1982,0,0,0,0,0,0,14.69259047,-506.4586814,14.18931924,0.00241402729,0,0,309,158,0.06806151725,0.06806151723,6.835461724
2770,0.8984375,0.734375,313.4303679,572.5596917,7,2200,2197,0,0,0,0,0,0,6.98425978,254.4677236,6.868456276,0.00241402729,0,0,165,89,0.1431790958,0.1431790957,23.85935619
2771,0.90625,0.8046875,357.9236633,256.5044885,7,1996,2352,0,0,0,0,0,0,730.5449888,-102.1361688,264.3496678,0.00241402729,0,0,2,2,0.001368841092,0.001368841092,1.030437009
2772,0.9140625,0.796875,361.2131089,72.38196212,7,2352,2099,0,0,0,0,0,0,17.68612953,-288.9554575,16.96194279,0.00241402729,0,0,184,93,0.05654148344,0.05654148342,6.719397829
2773,0.90625,0.7890625,360.8139376,87.16388854,7,2352,1995,0,0,0,0,0,0,1.589184999,-279.7338855,1.583111651,0.00241402729,0,0,619,310,0.6292533599,0.6292533597,79.36770422
2774,0.8984375,0.796875,349.0899438,56.25998757,7,2352,2102,0,0,0,0,0,0,5.070691418,-289.5822969,5.009372751,0.00241402729,0,0,437,219,0.1972117642,0.1972117641,25.42242364
2775,0.9609375,0.8515625,392.9040041,225.0018746,7,1993,2489,0,0,0,0,0,0,40.90554709,-168.9152078,37.22926488,0.00241402729,0,0,169,76,0.02444656217,0.02444656216,3.176604999
2776,0.9453125,0.8515625,386.0551319,370.9297018,7,2489,2033,0,0,0,0,0,0,2012.901916,-16.5308636,343.5455116,0.00241402729,0,0,5,2,0.0004967951951,0.0004967951951,0.7363158763
2777,0.9453125,0.8671875,392.5840581,-297.8978213,7,2489,1923,0,0,0,0,0,0,185.6138438,-685.766188,128.1795503,0.00241402729,0,0,207,111,0.005387529181,0.005387529179,0.7618184263
2778,0.984375,0.875,412.9707016,311.1429512,6,1717,2032,0,0,0,0,0,0,8.209846967,-83.6656872,8.05029973,0.00241402729,0,0,22,13,0.1218049501,0.1218049501,1.250074509
2779,0.96875,0.859375,399.5929033,-40.70704393,6,2032,1993,0,0,0,0,0,0,6.907600918,-428.651364,6.794304951,0.00241402729,0,0,307,148,0.1447680623,0.1447680622,12.43406258
2780,0.953125,0.875,399.2729573,58.83649953,6,2032,1923,0,0,0,0,0,0,4.923343851,-323.0591049,4.865516764,0.00241402729,0,0,52,31,0.2031139872,0.2031139872,1.000668454
2781,0.96875,0.890625,446.0457028,4.753597601,6,2032,1929,0,0,0,0,0,0,4.860956123,-441.6372744,4.804576908,0.00241402729,0,0,8,5,0.2057208448,0.2057208448,1.24820686
2782,0.9609375,0.8671875,399.4329303,115.8623921,7,2489,2032,0,0,0,0,0,0,19.01617058,-278.4624916,18.18153704,0.00241402729,0,0,215,105,0.05258682319,0.05258682316,7.50642645
2783,0.9765625,0.8515625,399.7528763,45.23317911,7,1993,2490,0,0,0,0,0,0,15.61927808,-362.7012853,15.0517465,0.00241402729,0,0,147,77,0.06402344559,0.06402344557,5.677566488
2784,0.9765625,0.8671875,406.2818025,-77.46939761,7,2490,2032,0,0,0,0,0,0,15.94262383,-485.8116634,15.35179571,0.00241402729,0,0,158,82,0.06272493225,0.06272493224,5.742744045
2785,0.9921875,0.8671875,413.1306746,142.8821987,7,2490,1717,0,0,0,0,0,0,21.96906676,-271.916584,20.86263909,0.00241402729,0,0,82,42,0.0455185471,0.04551854709,6.668485845
2786,0.984375,0.84375,395.8075943,71.30807238,6,2216,1993,0,0,0,0,0,0,568.6949152,-315.8520385,239.6679532,0.00241402729,0,0,12,8,0.001758412065,0.001758412063,0.3699684395
2787,1,0.828125,387.9170303,834.3936771,6,2216,1924,0,0,0,0,0,0,394.175106,454.8507002,201.9805869,0.00241402729,0,0,7,4,0.002536943568,0.002536943568,0.1530980358
2788,1,0.859375,409.1853926,-43.61784344,6,1717,2216,0,0,0,0,0,0,32.48865508,-437.6422727,30.12592405,0.00241402729,0,0,66,33,0.03077997527,0.03077997526,5.197110675
2789,0.9921875,0.8515625,402.4964934,127.4623718,7,2490,2216,0,0,0,0,0,0,51.40065616,-280.0956848,45.72676133,0.00241402729,0,0,71,37,0.01945500456,0.01945500455,3.444136018
2790,0.9453125,0.9296875,535.5820779,544.1258531,7,1890,2387,0,0,0,0,0,0,14.54201792,-8.558739209,14.04883595,0.00241402729,0,0,180,91,0.06876624725,0.06876624723,8.146336459
2791,0.9609375,0.9296875,549.3322291,50.18262344,7,2387,1930,0,0,0,0,0,0,5.139371879,-414.4915095,5.076391206,0.00241402729,0,0,232,113,0.1945763069,0.1945763068,15.66122837
2792,0.9609375,0.9140625,502.5070767,600.7141657,7,2387,1929,0,0,0,0,0,0,15.38225308,99.61180706,14.8315119,0.00241402729,0,0,76,35,0.06500998228,0.06500998225,7.116241908
2793,0.9453125,0.9140625,495.6582045,907.0362123,7,2387,2035,0,0,0,0,0,0,114.1269885,412.3903707,89.47587743,0.00241402729,0,0,24,13,0.008762169342,0.008762169339,2.08652161
2794,0.9140625,0.8515625,383.357794,178.9670044,7,1992,2346,0,0,0,0,0,0,120.071085,-203.7925896,93.08883289,0.00241402729,0,0,56,27,0.008328399797,0.008328399792,4.774726498
2795,0.9140625,0.8671875,389.8867202,476.3216358,7,2346,2034,0,0,0,0,0,0,33.57779568,93.15424039,31.06013233,0.00241402729,0,0,89,44,0.02978158571,0.0297815857,0.7800330354
2796,0.9296875,0.8671875,389.4019881,-124.0203511,7,2346,1923,0,0,0,0,0,0,21.14145961,-509.1199362,20.1148756,0.00241402729,0,0,177,86,0.04730042384,0.04730042384,0.8688942049
2797,0.9296875,0.8515625,382.8730619,382.8730619,7,2346,2033,0,0,0,0,0,0,1e+300,59.58323546,9.24783866,0,0,0,0,0,0,0,0
2798,0.9375,0.6328125,234.971657,179.9034213,7,1920,2246,0,0,0,0,0,0,1020.569428,-53.53192778,294.6486702,0.00241402729,0,0,5,3,0.0009798451458,0.0009798451452,0.7387002275
2799,0.9296875,0.640625,251.0867813,219.8612535,7,2246,2193,0,0,0,0,0,0,106.093053,-31.60712669,84.46149154,0.00241402729,0,0,24,13,0.009425687848,0.009425687843,2.409243331
2800,0.9375,0.6484375,265.9690063,49.8541058,7,2246,2015,0,0,0,0,0,0,65.92699807,-213.2788896,56.87531587,0.00241402729,0,0,43,23,0.01516829265,0.01516829264,3.646859665
2801,0.9609375,0.6484375,291.1557571,133.4879702,7,1984,2252,0,0,0,0,0,0,173.9865777,-150.5289095,122.5250387,0.00241402729,0,0,16,8,0.005747569804,0.0057475698,2.17255498
2802,0.9609375,0.6328125,251.8915214,376.1751377,7,2252,2012,0,0,0,0,0,0,460.6682187,125.1363978,218.1126417,0.00241402729,0,0,7,4,0.002170759691,0.00217075969,0.751350593
2803,0.9453125,0.6328125,243.3672407,215.746865,7,2252,1920,0,0,0,0,0,0,3301.210614,-24.64977886,368.0602516,0.00241402729,0,0,2,1,0.0003029191763,0.0003029191763,0.2626919407
2804,0.9453125,0.6484375,274.3645899,75.58572209,7,2252,2015,0,0,0,0,0,0,186.7313237,-194.5085681,128.7114726,0.00241402729,0,0,31,16,0.005355287908,0.005355287904,1.831371936
2805,0.9453125,0.640625,258.8659153,330.0338826,7,2246,2252,0,0,0,0,0,0,99.28435557,74.78841562,80.08901047,0.00241402729,0,0,24,13,0.01007208028,0.01007208028,3.12948993
2806,0.6015625,0.5859375,166.8063983,99.54851326,7,1947,2301,0,0,0,0,0,0,1.299415736,-72.95705364,1.295352442,0.00241402729,0,0,793,396,0.7695766432,0.7695766431,11.07706949
2807,0.6171875,0.5859375,190.2711766,134.5142602,7,2301,1951,0,0,0,0,0,0,6.559618577,-54.41402595,6.457365559,0.00241402729,0,0,293,144,0.1524478883,0.1524478883,1.155591153
2808,0.6171875,0.5703125,182.9206367,270.2746153,7,2301,1856,0,0,0,0,0,0,15.20505225,90.76890415,14.66670482,0.00241402729,0,0,38,19,0.06576761354,0.06576761354,0.3245028526
2809,0.609375,0.5625,193.7830156,-44.26142324,6,1856,1950,0,0,0,0,0,0,100.5904396,-234.1936971,80.93672995,0.00241402729,0,0,37,17,0.009941302615,0.009941302612,0.228071646
2810,0.59375,0.546875,176.2352642,107.6605529,6,1950,1948,0,0,0,0,0,0,232.7540485,-67.54813766,149.0222357,0.00241402729,0,0,18,8,0.004296380691,0.004296380685,1.87412876
2811,0.578125,0.5625,199.3935352,16.71815625,6,1950,1830,0,0,0,0,0,0,133.9297858,-186.6199794,101.2081597,0.00241402729,0,0,15,9,0.007466598963,0.007466598962,0.3043072479
2812,0.59375,0.578125,177.6687772,41.27542042,6,1950,1947,0,0,0,0,0,0,1.435245012,-141.6567092,1.430289459,0.00241402729,0,0,1139,572,0.696745149,0.6967451489,13.80660997
2813,0.6015625,0.5703125,185.7258964,98.2176109,7,2301,1950,0,0,0,0,0,0,1.601830489,-87.99103111,1.59566029,0.00241402729,0,0,635,320,0.6242857825,0.6242857824,4.428671875
2814,0.625,0.5703125,194.6530258,55.21117291,7,1856,2353,0,0,0,0,0,0,16.6240941,-132.7294576,15.9826924,0.00241402729,0,0,25,13,0.06015365373,0.06015365372,0.6587761076
2815,0.6171875,0.578125,186.5959066,211.238967,7,2353,2301,0,0,0,0,0,0,12.26287642,27.02196838,11.91029687,0.00241402729,0,0,119,59,0.08154693613,0.08154693611,1.354871366
2816,0.625,0.5859375,202.0035658,108.1164233,7,2353,1951,0,0,0,0,0,0,8.355144418,-89.24678226,8.189956704,0.00241402729,0,0,294,149,0.1196867403,0.1196867402,20.98219422
2817,0.6484375,0.5859375,190.7383396,71.49127625,7,1952,2313,0,0,0,0,0,0,10.64967318,-123.53381,10.38274726,0.00241402729,0,0,234,117,0.09389959516,0.09389959514,0.9863559955
2818,0.6484375,0.5703125,195.0917913,57.36544091,7,2313,1956,0,0,0,0,0,0,97.6221277,-131.1423043,79.00387788,0.00241402729,0,0,46,24,0.01024357923,0.01024357923,1.126366239
2819,0.6328125,0.5703125,190.8979504,103.6830828,7,2313,1856,0,0,0,0,0,0,139.6973633,-85.02356731,104.4674619,0.00241402729,0,0,41,23,0.00715833124,0.007158331233,1.956409128
2820,0.6328125,0.5859375,198.2484904,72.48006869,7,2313,1951,0,0,0,0,0,0,6.530014674,-125.6491565,6.428675391,0.00241402729,0,0,330,168,0.1531390127,0.1531390127,1.781812155
2821,0.6328125,0.578125,194.5732204,61.39893684,7,2353,2313,0,0,0,0,0,0,9.786031754,-132.0190008,9.56018437,0.00241402729,0,0,200,103,0.1021864659,0.1021864659,10.03264422
2822,0.8515625,0.7890625,327.3966604,39.01142928,7,1979,2115,0,0,0,0,0,0,56.26476882,-278.3657787,49.53649048,0.00241402729,0,0,98,47,0.01777311133,0.01777311132,4.573026578
2823,0.8515625,0.8046875,329.0343847,79.40688136,7,2115,1990,0,0,0,0,0,0,44.68216861,-246.5371773,40.33181838,0.00241402729,0,0,19,10,0.02238029243,0.02238029243,1.018273336
2824,0.8671875,0.8046875,340.2313347,64.46135295,7,2115,1910,0,0,0,0,0,0,60.97788151,-270.2534589,53.15355723,0.00241402729,0,0,19,10,0.01639938901,0.01639938901,0.6667704267
2825,0.8671875,0.7890625,324.2963745,202.4988122,7,2115,1989,0,0,0,0,0,0,308.484505,-128.6118396,176.8133609,0.00241402729,0,0,23,9,0.003241653904,0.003241653902,0.5368735948
2826,0.875,0.7890625,322.7462316,95.9945912,7,1989,2165,0,0,0,0,0,0,70.68707795,-241.9827825,60.38324816,0.00241402729,0,0,36,18,0.01414685723,0.01414685722,7.056845493
2827,0.8671875,0.796875,332.2638546,284.894213,7,2165,2115,0,0,0,0,0,0,995.2412644,-48.01851879,292.4995413,0.00241402729,0,0,9,3,0.001004781489,0.001004781488,1.888360657
2828,0.875,0.8046875,338.6811918,246.4569589,7,2165,1910,0,0,0,0,0,0,999.4300125,-95.12457476,292.8602771,0.00241402729,0,0,7,3,0.001000570313,0.001000570311,0.90162563
2829,0.8828125,0.796875,334.7623994,124.6510877,7,2165,2102,0,0,0,0,0,0,82.84951516,-211.7381402,69.04120564,0.00241402729,0,0,34,18,0.01207007667,0.01207007666,6.410214206
2830,0.9375,0.8671875,389.159622,788.4267327,7,1923,2492,0,0,0,0,0,0,10.23236918,404.9994618,9.985709975,0.00241402729,0,0,301,150,0.09772907745,0.09772907742,7.792896583
2831,0.9453125,0.859375,394.565208,3.44814053,7,2492,2489,0,0,0,0,0,0,14.44608053,-392.4084096,13.95927547,0.00241402729,0,0,158,82,0.0692229285,0.06922292847,10.24445881
2832,0.9375,0.8515625,382.6306959,337.3096417,7,2492,2033,0,0,0,0,0,0,2982.523495,-45.70982779,363.7271187,0.00241402729,0,0,1,1,0.0003352865457,0.0003352865457,0.5067185285
2833,0.9296875,0.859375,395.6925765,61.39675181,7,2492,2346,0,0,0,0,0,0,7.800413688,-331.6910167,7.656243473,0.00241402729,0,0,144,69,0.128198329,0.1281983289,2.933004393
2834,0.84375,0.8046875,323.4359096,307.9508541,7,1990,2509,0,0,0,0,0,0,1770.659371,-17.81167964,335.706932,0.00241402729,0,0,7,3,0.0005647613632,0.0005647613615,1.110576919
2835,0.8515625,0.796875,328.2155225,386.6052888,7,2509,2115,0,0,0,0,0,0,53.68452761,60.74080383,47.52542649,0.00241402729,0,0,84,41,0.01862734096,0.01862734095,7.376971006
2836,0.84375,0.7890625,321.7981853,67.12883276,7,2509,1979,0,0,0,0,0,0,4.106456555,-250.0668503,4.066148427,0.00241402729,0,0,256,121,0.2435189528,0.2435189527,33.37079471
2837,0.8359375,0.796875,317.2729582,100.7711616,7,2509,2114,0,0,0,0,0,0,5.831308116,-220.7678907,5.750360651,0.00241402729,0,0,179,83,0.1714881087,0.1714881087,21.14927467
2838,0.8515625,0.9140625,356.0769268,50.1721975,7,2000,2181,0,0,0,0,0,0,20.62162314,-341.2252304,19.6437352,0.00241402729,0,0,4,2,0.04849278804,0.04849278804,0.5194996894
2839,0.8515625,0.9296875,376.2143339,13.95638497,7,2181,2004,0,0,0,0,0,0,6.707833481,-368.187688,6.600945083,0.00241402729,0,0,205,99,0.1490794312,0.1490794312,14.28687939
2840,0.8671875,0.9296875,349.8070442,8.034142489,7,2181,1912,0,0,0,0,0,0,6.19926192,-375.8951155,6.107856699,0.00241402729,0,0,229,113,0.1613095257,0.1613095257,18.61599285
2841,0.8671875,0.9140625,361.7297719,284.4650028,7,2181,1999,0,0,0,0,0,0,10.35021973,-97.99288274,10.0979161,0.00241402729,0,0,118,58,0.09661630631,0.09661630629,3.382504737
2842,0.8671875,0.9375,359.8757478,291.6283361,7,1912,2314,0,0,0,0,0,0,17.9144106,-81.07488995,17.17180103,0.00241402729,0,0,113,56,0.05582098245,0.05582098244,4.233064463
2843,0.859375,0.9296875,363.0106891,88.23331335,7,2314,2181,0,0,0,0,0,0,2.569348065,-294.8033521,2.55350998,0.00241402729,0,0,229,115,0.3892037881,0.389203788,21.16084736
2844,0.8515625,0.9375,386.2830375,129.3169449,7,2314,2004,0,0,0,0,0,0,5.577295344,-241.6010961,5.50320165,0.00241402729,0,0,116,59,0.1792983764,0.1792983764,9.96022555
2845,0.921875,0.953125,566.9490491,566.9490491,6,1890,1927,0,0,0,0,0,0,1e+300,806.6292801,83.07599773,0,0,0,0,0,0,0,0
2846,0.890625,0.953125,464.2253113,-294.9317446,6,1927,1912,0,0,0,0,0,0,20.18053883,-736.8693968,19.24308553,0.00241402729,0,0,8,4,0.04955269075,0.04955269075,0.4712126827
2847,0.890625,0.984375,596.6079903,-130.2521457,6,1927,1709,0,0,0,0,0,0,120.7263283,-591.8743293,93.4821915,0.00241402729,0,0,40,23,0.008283197325,0.008283197323,1.39351876
2848,0.921875,0.984375,443.7486251,-57.50848494,6,1927,1911,0,0,0,0,0,0,20.28993187,-415.8894482,19.34252625,0.00241402729,0,0,37,22,0.04928552773,0.04928552772,6.239260149
2849,0.875,0.984375,545.2461214,330.6929245,6,1709,1997,0,0,0,0,0,0,4.655848538,-72.42969125,4.604101452,0.00241402729,0,0,10,3,0.2147836193,0.2147836193,1.160597506
2850,0.890625,0.96875,530.4166508,-201.6049655,6,1997,1927,0,0,0,0,0,0,22.7432376,-653.3848834,21.5595576,0.00241402729,0,0,9,4,0.0439691137,0.0439691137,0.3405821909
2851,0.875,0.953125,412.8634424,1885.426826,6,1997,1912,0,0,0,0,0,0,591.4870626,1501.988742,243.624271,0.00241402729,0,0,10,6,0.001690654054,0.001690654052,0.01389999308
2852,0.859375,0.96875,473.4019368,-2.852034331,6,1997,2003,0,0,0,0,0,0,2.676066712,-405.0719268,2.658890022,0.00241402729,0,0,15,4,0.3736827619,0.3736827619,1.437399361
2853,0.8515625,0.9609375,437.4798445,74.45831583,7,2003,2323,0,0,0,0,0,0,2.295534306,-327.3102149,2.282883746,0.00241402729,0,0,12,5,0.4356284275,0.4356284275,1.906099105
2854,0.8671875,0.9609375,443.1326896,-74.5995927,7,2323,1997,0,0,0,0,0,0,5.859202185,-467.4285811,5.77748387,0.00241402729,0,0,12,5,0.1706717004,0.1706717004,0.6341106228
2855,0.8671875,0.9453125,376.9413502,418.1729153,7,2323,1912,0,0,0,0,0,0,212.4392636,35.18619269,140.4246853,0.00241402729,0,0,4,3,0.004707227764,0.004707227764,1.852398521
2856,0.8515625,0.9453125,403.3486398,80.07884703,7,2323,2004,0,0,0,0,0,0,8.043079206,-301.1226905,7.889887472,0.00241402729,0,0,4,3,0.1243304926,0.1243304926,1.503206311
2857,0.859375,0.9453125,390.144995,390.144995,7,2314,2323,0,0,0,0,0,0,1e+300,0,1e+300,0,0,0,0,0,0,0,0
2858,0.7109375,0.7265625,245.367104,136.5508678,7,1963,2286,0,0,0,0,0,0,99.61686511,-107.789026,80.30523612,0.00241402729,0,0,45,25,0.01003846085,0.01003846084,5.938471573
2859,0.6953125,0.7265625,234.7097488,179.558746,7,2286,2055,0,0,0,0,0,0,132.5248544,-58.66529979,100.4038074,0.00241402729,0,0,38,20,0.007545754374,0.007545754367,5.438779983
2860,0.6953125,0.7421875,239.8327814,239.8327814,7,2286,1859,0,0,0,0,0,0,1e+300,-124.4147276,842.6498838,0,0,0,0,0,0,0,0
2861,0.7109375,0.7421875,241.6588054,209.6988035,7,2286,2054,0,0,0,0,0,0,241.3065363,-27.42420364,152.4824017,0.00241402729,0,0,12,7,0.00414410656,0.004144106556,3.134613259
2862,0.6875,0.7421875,234.5041037,234.5041037,7,1859,2337,0,0,0,0,0,0,1e+300,0,1e+300,0,0,0,0,0,0,0,0
2863,0.6953125,0.734375,237.2712651,276.359252,7,2337,2286,0,0,0,0,0,0,1323.045027,38.94714357,315.471399,0.00241402729,0,0,5,2,0.0007558321748,0.0007558321729,1.233014427
2864,0.6875,0.7265625,229.3810711,210.9150426,7,2337,2055,0,0,0,0,0,0,5186.649678,-24.25107921,383.6076799,0.00241402729,0,0,6,2,0.0001928026881,0.0001928026875,0.3145255046
2865,0.6640625,0.7265625,251.5978064,-150.8235931,7,1962,2335,0,0,0,0,0,0,45.0925508,-403.8137954,40.66588066,0.00241402729,0,0,214,106,0.02217661193,0.02217661192,4.506564641
2866,0.6640625,0.7421875,240.0836582,414.856945,7,2335,2052,0,0,0,0,0,0,18.85707688,175.8961738,18.03604891,0.00241402729,0,0,65,31,0.05303048858,0.05303048856,9.824608499
2867,0.6796875,0.7421875,241.9096822,239.4836072,7,2335,1859,0,0,0,0,0,0,3.163292436e+12,-2.536387456e-08,414.245524,0.00241402729,0,0,1,0,3.16126321e-13,0,0.316126321
2868,0.6796875,0.7265625,236.7866495,136.8247281,7,2335,2055,0,0,0,0,0,0,1160.139296,-104.2827539,305.2509809,0.00241402729,0,0,27,12,0.0008619654586,0.0008619654574,0.7250260077
2869,0.6796875,0.734375,239.3481659,240.2955446,7,2337,2335,0,0,0,0,0,0,1.278148171e+12,-4.722181757e-08,414.2455239,0.00241402729,0,0,1,0,7.82381904e-13,0,0.782381904
2870,0.609375,0.8125,268.5280436,268.5280436,6,1858,2096,0,0,0,0,0,0,1e+300,-76.94379296,148.465706,0,0,0,0,0,0,0,0
2871,0.59375,0.796875,228.9119129,43.6281482,6,2096,2092,0,0,0,0,0,0,65.45436828,-182.4538072,56.52321279,0.00241402729,0,0,83,40,0.01527781913,0.01527781912,6.76046429
2872,0.578125,0.8125,220.6488423,141.0312454,6,2096,1839,0,0,0,0,0,0,33.04394807,-76.90525542,30.60279402,0.00241402729,0,0,69,35,0.03026272762,0.0302627276,12.54111793
2873,0.609375,0.859375,199.6766405,146.2108291,6,1695,2091,0,0,0,0,0,0,629.3643708,-56.66021075,249.8168855,0.00241402729,0,0,5,3,0.001588904689,0.001588904689,1.642517518
2874,0.609375,0.828125,245.5775759,270.5231962,6,2091,1858,0,0,0,0,0,0,1842.554068,31.10271132,338.2089301,0.00241402729,0,0,3,2,0.0005427249151,0.0005427249143,0.5579612511
2875,0.578125,0.828125,197.6983746,199.6617783,6,2091,1839,0,0,0,0,0,0,1.069416799e+16,-3.40975248e-10,414.2455241,0.00241402729,0,0,1,0,9.350891075e-17,0,9.350891075e-05
2876,0.59375,0.90625,228.2731689,108.8244457,5,1695,1840,0,0,0,0,0,0,1165.80396,-100.4364308,764.8723131,0.0004496306119,0,0,3,1,0.0008577771512,0.000857777151,0.4254336565
2877,0.53125,0.90625,248.2855699,248.2855699,5,1840,1698,0,0,0,0,0,0,1e+300,179.0453385,1306.575646,0,0,0,0,0,0,0,0
2878,0.53125,0.96875,283.4879597,283.4879597,5,1840,1643,0,0,0,0,0,0,1e+300,0,1e+300,0,0,0,0,0,0,0,0
2879,0.59375,0.96875,269.1537288,275.6765764,5,1840,1711,0,0,0,0,0,0,1.006897583e+12,-1.254189215e-07,2224.047855,0.0004496306119,0,0,1,0,9.931496674e-13,0,0.9931496674
2880,0.53125,0.875,230.6843749,230.6843749,5,1698,1843,0,0,0,0,0,0,1e+300,0,1e+300,0,0,0,0,0,0,0,0
2881,0.5625,0.90625,238.2793694,120.0486901,5,1843,1840,0,0,0,0,0,0,751.3698846,-89.90941554,561.6295684,0.0004496306119,0,0,2,1,0.001330902423,0.001330902422,0.6600906583
2882,0.59375,0.875,210.671974,88.86024405,5,1843,1695,0,0,0,0,0,0,1218.58941,-116.3126558,787.2456366,0.0004496306119,0,0,4,2,0.0008206209506,0.0008206209503,0.4280307902
2883,0.5625,0.84375,208.693708,201.9636382,5,1843,1839,0,0,0,0,0,0,1.354507723e+13,-5.085749422e-08,2224.047859,0.0004496306119,0,0,1,0,7.382755986e-14,0,0.07382755986
2884,0.578125,0.859375,209.682841,217.4551741,6,2091,1843,0,0,0,0,0,0,6918.292191,13.88690507,390.8430731,0.00241402729,0,0,3,1,0.0001445443431,0.000144544343,0.1521785991
2885,0.59375,0.828125,221.6379753,221.6379753,6,2096,2091,0,0,0,0,0,0,1e+300,0,1e+300,0,0,0,0,0,0,0,0
2886,0.6015625,0.7890625,233.0434482,113.5755456,7,2092,2373,0,0,0,0,0,0,120.6453683,-118.8887398,93.43364137,0.00241402729,0,0,64,30,0.008288755833,0.008288755826,2.518587483
2887,0.6015625,0.8046875,248.7199783,231.3100897,7,2373,2096,0,0,0,0,0,0,285.2075591,-12.88809446,168.9119079,0.00241402729,0,0,14,5,0.00350621843,0.003506218427,1.86441194
2888,0.6171875,0.8046875,272.6595789,272.6595789,7,2373,1858,0,0,0,0,0,0,1e+300,93.90940603,49.87589598,0,0,0,0,0,0,0,0
2889,0.6171875,0.7890625,231.8375176,60.72591761,7,2373,2095,0,0,0,0,0,0,24.8094686,-172.86516,23.40757193,0.00241402729,0,0,164,81,0.04030719142,0.0403071914,13.74116761
2890,0.015625,0.75,-40.18765002,17.41310163,6,1650,2361,0,0,0,0,0,0,31.1967526,57.9502999,29.01187383,0.00241402729,0,0,177,88,0.0320546184,0.03205461836,34.4944142
2891,0.03125,0.765625,6.513909506,-34.14609545,6,2361,2080,0,0,0,0,0,0,67.6513548,-37.61089394,58.15408265,0.00241402729,0,0,118,60,0.01478166997,0.01478166995,17.53986611
2892,0.046875,0.75,-55.41180243,-133.8051608,6,2361,1757,0,0,0,0,0,0,50.66874015,-77.76892142,45.14660107,0.00241402729,0,0,189,91,0.01973603443,0.01973603439,25.20241033
2893,0.046875,0.703125,-156.8969782,-248.6835599,6,1735,2022,0,0,0,0,0,0,2.58192503,-92.1479382,2.565931993,0.00241402729,0,0,1168,588,0.387307915,0.3873079148,4.902830923
2894,0.015625,0.703125,13.58690673,56.85186395,6,2022,1736,0,0,0,0,0,0,6.883545796,42.60550771,6.771031115,0.00241402729,0,0,752,374,0.1452739663,0.1452739662,4.175390361
2895,0.015625,0.734375,-74.01604195,54.94575152,6,2022,1650,0,0,0,0,0,0,10.14573723,128.9827439,9.903187506,0.00241402729,0,0,572,289,0.09856356193,0.09856356188,3.138513034
2896,0.046875,0.734375,-89.24019436,-166.1004525,6,2022,1757,0,0,0,0,0,0,2.800529243,-76.56441902,2.781723253,0.00241402729,0,0,928,469,0.3570753644,0.3570753643,3.363093132
2897,0.03125,0.734375,-81.62811815,-58.80741499,6,2361,2022,0,0,0,0,0,0,23.27759963,22.97909795,22.03915847,0.00241402729,0,0,280,138,0.04295975598,0.04295975593,46.55763312
2898,0.0234375,0.7734375,37.47676547,66.34169073,7,2080,2367,0,0,0,0,0,0,78.46666602,-15.31503527,65.97049117,0.00241402729,0,0,60,34,0.01274426519,0.01274426518,13.72178479
2899,0.0234375,0.7578125,-16.83687026,18.66191643,7,2367,2361,0,0,0,0,0,0,151.2168373,-11.24329224,110.778192,0.00241402729,0,0,46,23,0.006613020203,0.006613020194,8.803942897
2900,0.0078125,0.7578125,-9.224794047,39.36021981,7,2367,1650,0,0,0,0,0,0,2844.795947,1.705490569,361.5922038,0.00241402729,0,0,13,4,0.000351519061,0.0003515190583,0.5720939121
2901,0,0.796875,63.00593145,70.36013538,6,1745,2370,0,0,0,0,0,0,1101.232137,8.336235186,301.0143241,0.00241402729,0,0,15,5,0.000908073753,0.0009080737489,1.266760595
2902,0.015625,0.78125,45.98648747,76.83960962,6,2370,2080,0,0,0,0,0,0,428.9684829,34.02143126,210.7392341,0.00241402729,0,0,36,18,0.002331173594,0.002331173588,3.152251162
2903,0,0.765625,-0.7150720563,1.728423514,6,2370,1650,0,0,0,0,0,0,14828.11915,2.91224191,402.9874708,0.00241402729,0,0,6,2,6.743943653e-05,6.743943587e-05,0.1165716479
2904,0.0078125,0.7734375,22.6357077,91.62167552,7,2367,2370,0,0,0,0,0,0,361.0152639,22.36308699,192.9014849,0.00241402729,0,0,27,15,0.002769965982,0.002769965978,3.328782022
2905,0.9296875,0.75,354.3039654,1260.439248,7,1907,2199,0,0,0,0,0,0,79.19188584,915.3671015,66.48236147,0.00241402729,0,0,14,7,0.01262755634,0.01262755634,0.0441254487
2906,0.921875,0.7421875,341.7771146,294.7679174,7,2199,2198,0,0,0,0,0,0,2618.757624,-40.53060362,357.6681498,0.00241402729,0,0,2,1,0.0003818604635,0.0003818604632,0.6819645647
2907,0.9140625,0.75,338.4840696,1051.972117,7,2199,2018,0,0,0,0,0,0,52.07434885,714.3328985,46.25916068,0.00241402729,0,0,6,4,0.01920331261,0.01920331261,0.07841057551
2908,0.921875,0.7578125,354.3152558,46.2291325,7,2199,2100,0,0,0,0,0,0,3.101966326,-305.4233564,3.07891073,0.00241402729,0,0,18,10,0.3223761624,0.3223761624,1.130029123
2909,0.7265625,0.7265625,247.193128,106.7473357,7,1963,2287,0,0,0,0,0,0,31.5581073,-138.1153942,29.32413237,0.00241402729,0,0,102,50,0.03168757843,0.03168757841,3.766769407
2910,0.7265625,0.7421875,243.4848294,243.4848294,7,2287,2054,0,0,0,0,0,0,1e+300,0,1e+300,0,0,0,0,0,0,0,0
2911,0.7421875,0.7421875,245.3108534,245.3108534,7,2287,1648,0,0,0,0,0,0,1e+300,-158.8687968,76.57193009,0,0,0,0,0,0,0,0
2912,0.7421875,0.7265625,260.9450378,149.7792349,7,2287,1971,0,0,0,0,0,0,25.2493854,-108.4109145,23.79878506,0.00241402729,0,0,126,63,0.03960492441,0.03960492438,8.172185281
2913,0.75,0.7265625,267.8209926,-32.40810559,7,1971,2343,0,0,0,0,0,0,206.0085053,-297.2619648,137.5857265,0.00241402729,0,0,63,34,0.004854168513,0.004854168509,3.208967958
2914,0.7421875,0.734375,253.1279456,408.6214238,7,2343,2287,0,0,0,0,0,0,126.2906722,160.4420095,96.78416739,0.00241402729,0,0,24,13,0.007918241168,0.007918241161,6.194326888
2915,0.75,0.7421875,252.1868082,252.1868082,7,2343,1648,0,0,0,0,0,0,1e+300,0,1e+300,0,0,0,0,0,0,0,0
2916,0.7578125,0.7421875,252.2359649,252.2359649,7,1648,2142,0,0,0,0,0,0,1e+300,186.6803189,49.61057847,0,0,0,0,0,0,0,0
2917,0.7734375,0.7421875,270.7322342,422.1351987,7,2142,1975,0,0,0,0,0,0,35.57939738,155.6239621,32.76520578,0.00241402729,0,0,36,17,0.02810615338,0.02810615337,6.578332924
2918,0.7734375,0.7265625,267.9684627,67.40123608,7,2142,1933,0,0,0,0,0,0,32.36091685,-198.3082504,30.01605828,0.00241402729,0,0,135,66,0.03090147305,0.03090147303,11.5653348
2919,0.7578125,0.7265625,267.8701493,152.1670539,7,2142,1971,0,0,0,0,0,0,22.6409382,-112.9720144,21.467608,0.00241402729,0,0,138,70,0.04416778099,0.04416778096,16.43161902
2920,0.7578125,0.734375,260.0530571,101.4978543,7,2343,2142,0,0,0,0,0,0,46.7195419,-153.6304789,41.98444209,0.00241402729,0,0,39,21,0.02140431946,0.02140431945,12.69104669
2921,0.8828125,0.78125,326.6488323,314.8205146,7,1989,2166,0,0,0,0,0,0,62.7145863,-31.088451,54.46836351,0.00241402729,0,0,53,28,0.01594525387,0.01594525386,6.674547399
2922,0.890625,0.7890625,338.6650001,29.41746064,7,2166,2102,0,0,0,0,0,0,5.59078406,-314.9033592,5.516333933,0.00241402729,0,0,230,117,0.1788657886,0.1788657886,19.40115536
2923,0.8984375,0.78125,350.388994,221.969099,7,2166,1995,0,0,0,0,0,0,4.160995082,-143.4072104,4.11961456,0.00241402729,0,0,188,95,0.2403271286,0.2403271285,21.4546056
2924,0.8984375,0.7734375,346.4278886,221.590208,7,1995,2101,0,0,0,0,0,0,4.410195482,-139.5065026,4.363737681,0.00241402729,0,0,10,3,0.2267473186,0.2267473186,0.9114867374
2925,0.8984375,0.7578125,330.5854121,-6.287906808,7,2101,2018,0,0,0,0,0,0,5.349605199,-346.791004,5.2814007,0.00241402729,0,0,9,2,0.1869296822,0.1869296822,0.7009056501
2926,0.8828125,0.7578125,314.7655163,352.4319029,7,2101,1715,0,0,0,0,0,0,22428.85711,19.36173359,406.733438,0.00241402729,0,0,5,1,4.458541936e-05,4.458541776e-05,0.05840362863
2927,0.8828125,0.7734375,322.687727,160.0254113,7,2101,1989,0,0,0,0,0,0,270.3133296,-181.6039556,163.5740832,0.00241402729,0,0,11,6,0.003699410612,0.00369941061,2.107820804
2928,0.890625,0.7734375,334.5578078,177.8298409,7,2166,2101,0,0,0,0,0,0,306.6000159,-173.5331979,176.1926477,0.00241402729,0,0,11,6,0.003261578435,0.003261578434,1.936026284
2929,0.890625,0.9375,398.0339718,-91.980851,6,1912,1998,0,0,0,0,0,0,12.48021587,-524.0762374,12.11521378,0.00241402729,0,0,187,88,0.08012681916,0.08012681915,1.421399821
2930,0.90625,0.953125,515.5871802,189.2501895,6,1998,1927,0,0,0,0,0,0,13.34845126,-311.1870305,12.93174485,0.00241402729,0,0,2,1,0.07491505797,0.07491505797,0.9381044214
2931,0.921875,0.9375,500.7577096,238.0632835,6,1998,1890,0,0,0,0,0,0,1518.227626,-311.0312387,325.4477293,0.00241402729,0,0,18,7,0.0006586627609,0.0006586627597,0.4701109782
2932,0.90625,0.921875,461.3185684,154.9489621,6,1998,1926,0,0,0,0,0,0,949.9747686,-334.1746197,288.4598609,0.00241402729,0,0,9,6,0.001052659537,0.001052659537,0.2679203664
2933,0.9140625,0.9140625,492.9608666,619.8068492,7,1926,2169,0,0,0,0,0,0,497.457044,102.1691697,226.0269534,0.00241402729,0,0,4,3,0.002010223822,0.002010223821,1.167560886
2934,0.9140625,0.9296875,481.038139,304.047695,7,2169,1998,0,0,0,0,0,0,125.2385553,-215.061357,96.16504538,0.00241402729,0,0,22,10,0.007984761542,0.007984761539,2.101649171
2935,0.9296875,0.9296875,532.4000078,208.2293182,7,2169,1890,0,0,0,0,0,0,67.03687187,-369.3793017,57.69943874,0.00241402729,0,0,37,15,0.01491716382,0.01491716381,5.604849521
2936,0.9296875,0.9140625,492.4761345,552.871582,7,2169,2035,0,0,0,0,0,0,134.5237004,33.30171282,101.5469496,0.00241402729,0,0,19,8,0.007433634351,0.007433634346,3.613341979
2937,0.7734375,0.5859375,205.215212,12.86196582,7,1943,2227,0,0,0,0,0,0,2.773442426,-200.0175262,2.754997263,0.00241402729,0,0,1457,727,0.3605627399,0.3605627398,24.21869196
2938,0.7734375,0.5703125,192.8324556,632.4286041,7,2227,1968,0,0,0,0,0,0,258.553766,451.9397031,159.1927071,0.00241402729,0,0,25,11,0.003867667508,0.003867667504,0.01967906759
2939,0.7578125,0.5703125,196.9357757,-73.98979046,7,2227,1880,0,0,0,0,0,0,15.74598974,-263.7587572,15.16938256,0.00241402729,0,0,35,18,0.06350823394,0.06350823394,0.2145898349
2940,0.7578125,0.5859375,213.5661966,104.2341709,7,2227,1967,0,0,0,0,0,0,4.286622621,-82.77273847,4.242718864,0.00241402729,0,0,1275,638,0.23328389,0.2332838899,12.69541488
2941,0.78125,0.5703125,190.7807955,145.5068908,7,1968,2231,0,0,0,0,0,0,586.44418,-42.2113676,242.7644411,0.00241402729,0,0,8,3,0.001705192129,0.001705192127,1.788310633
2942,0.7734375,0.578125,199.0238338,81.90123819,7,2231,2227,0,0,0,0,0,0,1.566695739,-112.3515058,1.560792748,0.00241402729,0,0,710,353,0.6382860279,0.6382860278,43.90811069
2943,0.78125,0.5859375,203.1635519,98.11448719,7,2231,1943,0,0,0,0,0,0,1.977872095,-121.9943623,1.968473349,0.00241402729,0,0,950,474,0.5055938664,0.5055938663,36.4849367
2944,0.8046875,0.5703125,184.6258153,109.2925002,7,1886,2226,0,0,0,0,0,0,82.72190786,-66.93711196,68.95256685,0.00241402729,0,0,40,19,0.01208869604,0.01208869603,4.208337737
2945,0.7890625,0.5703125,188.7291354,174.2668063,7,2226,1968,0,0,0,0,0,0,10143.30616,-11.24287167,397.9918168,0.00241402729,0,0,5,2,9.858718488e-05,9.858718477e-05,0.07498574814
2946,0.7890625,0.5859375,201.1118919,-77.87902153,7,2226,1943,0,0,0,0,0,0,24.72836766,-295.7792906,23.33536416,0.00241402729,0,0,253,128,0.0404393858,0.04043938579,2.825280063
2947,0.8125,0.609375,199.1767289,82.28155585,6,1887,1944,0,0,0,0,0,0,153.7885246,-103.5783865,112.1520939,0.00241402729,0,0,41,20,0.00650243575,0.006502435748,1.1525235
2948,0.828125,0.59375,202.1612436,178.2331685,6,1944,1940,0,0,0,0,0,0,87.57024296,-8.963423424,72.28864371,0.00241402729,0,0,64,29,0.0114194042,0.01141940419,5.079206626
2949,0.8125,0.578125,183.980761,79.0363195,6,1944,1886,0,0,0,0,0,0,42.80644791,-86.51318378,38.79729338,0.00241402729,0,0,82,42,0.0233609666,0.02336096659,8.934288959
2950,0.796875,0.59375,200.4668375,181.1999481,6,1944,1943,0,0,0,0,0,0,101.3845029,-26.0202121,81.45002104,0.00241402729,0,0,36,19,0.009863440379,0.009863440376,2.346139762
2951,0.8046875,0.5859375,192.2237993,133.0110207,7,2226,1944,0,0,0,0,0,0,99.81424877,-53.37381102,80.43345925,0.00241402729,0,0,44,24,0.01001860969,0.01001860969,3.730731047
2952,0.7890625,0.578125,194.9205136,199.2363233,7,2231,2226,0,0,0,0,0,0,34.37939661,-0.03719774687,31.7448062,0.00241402729,0,0,248,124,0.0290871888,0.02908718879,2.778946703
2953,0.9140625,0.6640625,285.1270908,370.3041493,7,1981,2192,0,0,0,0,0,0,490.5735147,86.54299075,224.595056,0.00241402729,0,0,13,5,0.00203843047,0.002038430466,0.4392582781
2954,0.9140625,0.6796875,294.3149893,112.2160852,7,2192,1986,0,0,0,0,0,0,21.54715148,-183.1009041,20.4817831,0.00241402729,0,0,48,23,0.04640984683,0.04640984682,2.245705679
2955,0.9296875,0.6796875,304.2707572,78.94658707,7,2192,1884,0,0,0,0,0,0,64.15367421,-224.6004567,55.55062067,0.00241402729,0,0,41,21,0.01558757175,0.01558757174,0.826378613
2956,0.9296875,0.6640625,288.0833024,153.0208474,7,2192,2015,0,0,0,0,0,0,654.5549452,-132.7971125,253.6923066,0.00241402729,0,0,24,12,0.001527755626,0.001527755624,1.63238544
2957,0.8828125,0.6328125,255.717345,178.714404,7,1697,2190,0,0,0,0,0,0,650.2378038,-71.23962875,253.0411635,0.00241402729,0,0,13,6,0.001537898895,0.001537898891,1.667476352
2958,0.8828125,0.6484375,246.4513108,336.4383527,7,2190,1987,0,0,0,0,0,0,70.02628603,87.45112688,59.90040087,0.00241402729,0,0,90,42,0.0142803518,0.01428035179,5.306577822
2959,0.8984375,0.6484375,268.94262,14.07713991,7,2190,1981,0,0,0,0,0,0,21.88379708,-251.8196817,20.78572696,0.00241402729,0,0,247,117,0.04569590901,0.04569590898,9.674214472
2960,0.8984375,0.6328125,248.3094137,165.8414248,7,2190,2014,0,0,0,0,0,0,397.1449526,-78.26357984,202.7575178,0.00241402729,0,0,16,8,0.002517972326,0.002517972323,1.657880112
2961,0.90625,0.6328125,244.6054481,129.2683637,7,2014,2194,0,0,0,0,0,0,120.6432515,-111.9121269,93.4323718,0.00241402729,0,0,7,6,0.008288901263,0.008288901263,1.108579274
2962,0.8984375,0.640625,258.6260169,270.1828258,7,2194,2190,0,0,0,0,0,0,10.53641487,15.18191267,10.27506657,0.00241402729,0,0,172,84,0.09490894314,0.0949089431,22.49151318
2963,0.90625,0.6484375,265.2386544,5.045272882,7,2194,1981,0,0,0,0,0,0,5.688438209,-257.9270346,5.611382452,0.00241402729,0,0,404,205,0.1757951767,0.1757951766,31.05685251
2964,0.9140625,0.640625,253.3126411,180.329893,7,2194,2193,0,0,0,0,0,0,6.142633366,-73.03460059,6.052878353,0.00241402729,0,0,239,127,0.1627966282,0.1627966281,25.64293797
2965,0.8046875,0.65625,260.1432073,110.1981471,7,1938,2156,0,0,0,0,0,0,10.53981538,-147.4415666,10.27830045,0.00241402729,0,0,98,54,0.09487832223,0.09487832221,10.18470025
2966,0.796875,0.6484375,247.1355594,85.60053641,7,2156,2152,0,0,0,0,0,0,2.020803255,-162.0666609,2.01099308,0.00241402729,0,0,395,199,0.4948527262,0.4948527261,41.04310524
2967,0.7890625,0.65625,252.5113047,87.98867448,7,2156,1936,0,0,0,0,0,0,3.224887516,-163.1898093,3.199975812,0.00241402729,0,0,317,160,0.3100883349,0.3100883348,25.79202933
2968,0.8046875,0.6796875,252.043928,242.0383954,7,1883,2151,0,0,0,0,0,0,513.8671694,-8.99724432,229.3548794,0.00241402729,0,0,17,7,0.001946028195,0.001946028191,1.89648882
2969,0.8046875,0.6640625,257.4434475,149.4802388,7,2151,1938,0,0,0,0,0,0,737.6555427,-105.8813604,265.2749578,0.00241402729,0,0,10,6,0.00135564629,0.00135564629,0.8098708937
2970,0.7890625,0.6640625,249.8115449,391.7587926,7,2151,1936,0,0,0,0,0,0,7.382240787,142.8584234,7.252985829,0.00241402729,0,0,21,14,0.1354602253,0.1354602253,0.8794463983
2971,0.7890625,0.6796875,252.9408024,-78.30878612,7,2151,1972,0,0,0,0,0,0,47.08973043,-330.5116068,42.28315498,0.00241402729,0,0,18,6,0.02123605276,0.02123605276,0.1487363212
2972,0.796875,0.6640625,253.6274962,170.879093,7,2156,2151,0,0,0,0,0,0,235.9150529,-81.36702608,150.3117202,0.00241402729,0,0,20,15,0.004238813877,0.004238813877,3.779851313
2973,0.9296875,0.65625,279.9895751,222.6641146,7,2015,2247,0,0,0,0,0,0,56.77831032,-54.14967191,49.93412052,0.00241402729,0,0,73,38,0.01761235927,0.01761235926,5.975134361
2974,0.921875,0.6484375,265.1073501,47.03434284,7,2247,2193,0,0,0,0,0,0,3.588794138,-218.1148284,3.557969855,0.00241402729,0,0,455,229,0.2786451274,0.2786451273,36.2973546
2975,0.9140625,0.65625,277.0333634,100.2508533,7,2247,1981,0,0,0,0,0,0,2.528502415,-174.5061319,2.513162388,0.00241402729,0,0,397,200,0.3954910204,0.3954910203,47.30411713
2976,0.921875,0.6640625,286.6051966,210.7296616,7,2247,2192,0,0,0,0,0,0,860.2458737,-73.92026617,279.6040863,0.00241402729,0,0,15,9,0.001162458351,0.001162458349,1.532346288
2977,0.7890625,0.7734375,284.4251687,203.303387,7,1976,2110,0,0,0,0,0,0,358.404102,-80.46651062,192.1534549,0.00241402729,0,0,10,4,0.002790146637,0.002790146635,1.917019997
2978,0.8046875,0.7734375,317.2811843,604.9102955,7,2110,1980,0,0,0,0,0,0,6.164327727,289.9288464,6.073942271,0.00241402729,0,0,12,6,0.1622236916,0.1622236916,0.6021063931
2979,0.8046875,0.7578125,307.0449184,89.89683631,7,2110,1909,0,0,0,0,0,0,2.277100354,-218.2906014,2.264651604,0.00241402729,0,0,21,8,0.4391549975,0.4391549975,1.614719436
2980,0.7890625,0.7578125,288.5486491,259.7327467,7,2110,1975,0,0,0,0,0,0,5.545365088,-27.0610525,5.472111774,0.00241402729,0,0,19,5,0.1803307779,0.1803307779,0.803644823
2981,0.8046875,0.78125,322.3993172,247.4119848,7,1980,2112,0,0,0,0,0,0,11.55938658,-70.96647005,11.24558227,0.00241402729,0,0,165,83,0.08650978086,0.08650978084,7.261550409
2982,0.796875,0.7734375,300.8531765,270.099552,7,2112,2110,0,0,0,0,0,0,2925.877962,-29.27612139,362.8703714,0.00241402729,0,0,2,1,0.0003417777545,0.0003417777538,0.479658199
2983,0.7890625,0.78125,289.5433016,456.9568182,7,2112,1976,0,0,0,0,0,0,10.45921104,169.7899149,10.20163186,0.00241402729,0,0,181,91,0.09560950593,0.0956095059,9.606648316
2984,0.796875,0.7890625,296.7296961,40.86914271,7,2112,2109,0,0,0,0,0,0,3.502049296,-259.3826363,3.472691019,0.00241402729,0,0,344,173,0.2855470941,0.285547094,23.63797369
2985,0.828125,0.875,367.0714613,379.9943847,6,1893,2176,0,0,0,0,0,0,5.219677653,16.00457882,5.154725817,0.00241402729,0,0,142,70,0.1915827119,0.1915827119,3.149600147
2986,0.84375,0.890625,367.6902567,-1.941116954,6,2176,2000,0,0,0,0,0,0,4.215354136,-378.8221862,4.172890882,0.00241402729,0,0,13,10,0.2372279927,0.2372279927,1.53729296
2987,0.859375,0.875,385.2658295,797.6323455,6,2176,1696,0,0,0,0,0,0,12.1572769,431.162191,11.81065773,0.00241402729,0,0,12,8,0.08225526231,0.08225526231,0.3257188589
2988,0.84375,0.859375,362.140294,38.3753492,6,2176,1978,0,0,0,0,0,0,4.233224389,-313.2423734,4.19040217,0.00241402729,0,0,342,171,0.2362265517,0.2362265516,42.59822901
2989,0.8515625,0.8515625,359.6747104,106.3235117,7,1978,2513,0,0,0,0,0,0,5.33915849,-251.4168159,5.271218418,0.00241402729,0,0,214,111,0.1872954328,0.1872954327,2.443607499
2990,0.8515625,0.8671875,373.7030618,-10.33700931,7,2513,2176,0,0,0,0,0,0,12.05707287,-381.6895945,11.71606391,0.00241402729,0,0,215,111,0.08293887006,0.08293887004,14.43467439
2991,0.8671875,0.8671875,382.8002459,8.802332646,7,2513,1696,0,0,0,0,0,0,104.2625989,-363.7904268,83.29727736,0.00241402729,0,0,75,36,0.009591167017,0.009591167009,4.493457235
2992,0.8671875,0.8515625,370.8716604,662.6740186,7,2513,1991,0,0,0,0,0,0,19.82837581,296.1629379,18.92262108,0.00241402729,0,0,74,36,0.0504327742,0.05043277419,0.4811259763
2993,0.8203125,0.6796875,255.07048,183.4532217,7,1883,2119,0,0,0,0,0,0,993.7957294,-70.79874315,292.3745535,0.00241402729,0,0,12,5,0.001006243004,0.001006243,0.4401690984
2994,0.8359375,0.6796875,260.2853298,167.9023327,7,2119,1988,0,0,0,0,0,0,160.7017181,-93.45375552,115.78448,0.00241402729,0,0,15,8,0.006222708828,0.006222708826,3.099255328
2995,0.8359375,0.6640625,258.8912008,164.3155748,7,2119,1935,0,0,0,0,0,0,481.4991896,-94.23376978,222.6738055,0.00241402729,0,0,10,7,0.002076846694,0.002076846692,3.100260619
2996,0.8203125,0.6640625,260.4699995,284.1401037,7,2119,1938,0,0,0,0,0,0,2086.372725,25.56217939,345.6227528,0.00241402729,0,0,8,3,0.0004793007442,0.0004793007431,0.8246664267
2997,0.8203125,0.65625,263.1697593,112.642588,7,1938,2158,0,0,0,0,0,0,19.00201811,-136.6598762,18.16859921,0.00241402729,0,0,118,55,0.0526259892,0.05262598918,9.195544218
2998,0.828125,0.6640625,259.6806002,219.4574436,7,2158,2119,0,0,0,0,0,0,1427.670676,-27.667751,321.0820272,0.00241402729,0,0,7,3,0.0007004416473,0.0007004416448,1.05500596
2999,0.8359375,0.65625,261.5909606,93.23842059,7,2158,1935,0,0,0,0,0,0,44.2681848,-156.0354639,39.9942184,0.00241402729,0,0,92,48,0.02258958673,0.02258958673,5.784494796
3000,0.828125,0.6484375,255.8831723,70.5665262,7,2158,2122,0,0,0,0,0,0,8.377902925,-177.7880273,8.211823023,0.00241402729,0,0,203,100,0.1193616122,0.1193616121,23.10064749
3001,0.84375,0.9296875,389.4179788,60.59223983,7,2004,2315,0,0,0,0,0,0,10.31083603,-314.0598861,10.0604256,0.00241402729,0,0,113,51,0.09698534602,0.09698534599,13.93244497
3002,0.8515625,0.921875,389.663857,310.6582339,7,2315,2181,0,0,0,0,0,0,17.81755532,-76.11251658,17.08278928,0.00241402729,0,0,91,41,0.05612442234,0.05612442233,7.681258682
3003,0.84375,0.9140625,369.2805716,324.1293201,7,2315,2000,0,0,0,0,0,0,1854.025633,-59.77616081,338.593478,0.00241402729,0,0,3,2,0.0005393668685,0.0005393668679,1.22461692
3004,0.796875,0.921875,323.4419271,202.5991069,6,1889,2001,0,0,0,0,0,0,658.8941022,-175.2268909,254.3414911,0.00241402729,0,0,6,2,0.001517694568,0.001517694567,0.7328364145
3005,0.796875,0.890625,340.3987044,20.44564416,6,2001,1893,0,0,0,0,0,0,178.7661093,-334.0781754,124.8762359,0.00241402729,0,0,3,1,0.00559390146,0.00559390146,0.2392749564
3006,0.765625,0.890625,322.2043362,67.25159977,6,2001,1710,0,0,0,0,0,0,54.78787098,-247.5184175,48.38809041,0.00241402729,0,0,3,1,0.01825221499,0.01825221499,0.780724862
3007,0.75,0.96875,270.7152087,270.7152087,5,1656,1892,0,0,0,0,0,0,1e+300,0,1e+300,0,0,0,0,0,0,0,0
3008,0.78125,0.9375,305.8663543,163.5284913,5,1892,1889,0,0,0,0,0,0,26105.28177,-224.7084214,2049.444756,0.0004496306119,0,0,4,2,3.83064243e-05,3.830642406e-05,0.0184967011
3009,0.75,0.90625,304.6287634,314.3879543,5,1892,1710,0,0,0,0,0,0,1408499.406,-10.79297783,2220.541581,0.0004496306119,0,0,1,1,7.099754505e-07,7.099754505e-07,0.001130946696
3010,0.65625,0.90625,213.938938,213.938938,5,1695,1841,0,0,0,0,0,0,1e+300,3.050159876e-07,17289.68415,0,0,0,0,0,0,0,0
3011,0.65625,0.96875,254.8194979,254.8194979,5,1841,1711,0,0,0,0,0,0,1e+300,0,1e+300,0,0,0,0,0,0,0,0
3012,0.71875,0.96875,240.4852669,240.4852669,5,1841,1656,0,0,0,0,0,0,1e+300,-175.3444755,2651.303154,0,0,0,0,0,0,0,0
3013,0.71875,0.90625,274.3988216,270.697023,5,1841,1710,0,0,0,0,0,0,128312.1313,-34.79232,2186.155002,0.0004496306119,0,0,2,1,7.793495359e-06,7.793495359e-06,0.01241455296
3014,0.71875,0.9375,257.4420443,394.5865378,5,1892,1841,0,0,0,0,0,0,62987.20781,47.15828969,2148.196094,0.0004496306119,0,0,1,1,1.587623955e-05,1.587623955e-05,0.02528986131
3015,0.765625,0.921875,305.2475588,531.31303,6,2001,1892,0,0,0,0,0,0,562.9925474,174.6041076,238.6492602,0.00241402729,0,0,4,2,0.001776222447,0.001776222446,0.8576695969
3016,0.8125,0.890625,349.4958885,77.1698794,6,1893,2175,0,0,0,0,0,0,28.42399786,-297.2308413,26.5988809,0.00241402729,0,0,3,1,0.03518153937,0.03518153937,0.6997910208
3017,0.796875,0.90625,331.9203157,366.1749087,6,2175,2001,0,0,0,0,0,0,7.473042509e+11,-3.133362725e-08,414.2455238,0.00241402729,0,0,2,0,1.338143064e-12,0,1.338143064
3018,0.8125,0.921875,332.5391112,376.8938379,6,2175,1889,0,0,0,0,0,0,32284.30182,-20.80906111,408.9976043,0.00241402729,0,0,7,2,3.097480644e-05,3.097480596e-05,0.05448527031
3019,0.828125,0.90625,350.114684,-239.0319879,6,2175,2000,0,0,0,0,0,0,96.38443285,-626.3239721,78.1912995,0.00241402729,0,0,4,2,0.01037511941,0.01037511941,0.1972844268
3020,0.8359375,0.9140625,350.4240817,-16.67000037,7,2000,2180,0,0,0,0,0,0,39.13850675,-410.4076162,35.75986391,0.00241402729,0,0,2,2,0.02555028495,0.02555028495,0.3590102484
3021,0.8203125,0.9140625,341.3268976,791.6480246,7,2180,2175,0,0,0,0,0,0,34.77926425,399.1505831,32.08543252,0.00241402729,0,0,6,3,0.02875276466,0.02875276466,0.4063271431
3022,0.8203125,0.9296875,332.8485089,173.1787766,7,2180,1889,0,0,0,0,0,0,102.813732,-230.9697541,82.36991754,0.00241402729,0,0,24,12,0.009726327221,0.009726327218,2.651966725
3023,0.8359375,0.9296875,370.5614888,133.3488195,7,2180,2004,0,0,0,0,0,0,93.91816719,-251.1354414,76.56033097,0.00241402729,0,0,43,21,0.01064756724,0.01064756723,4.064502271
3024,0.8359375,0.921875,360.4927853,282.6158287,7,2315,2180,0,0,0,0,0,0,153.1765654,-106.4951096,111.8262891,0.00241402729,0,0,25,12,0.006528413779,0.006528413775,3.223779689
3025,0.9453125,0.78125,364.1688222,183.5414744,7,2019,2221,0,0,0,0,0,0,4.371447854,-190.1531976,4.325798591,0.00241402729,0,0,176,90,0.2287571609,0.2287571608,15.50027218
3026,0.953125,0.7890625,363.4764709,6.497955162,7,2221,2217,0,0,0,0,0,0,5.422531089,-359.5612001,5.352466563,0.00241402729,0,0,240,122,0.1844157246,0.1844157246,13.83099426
3027,0.9609375,0.78125,363.304188,343.5717957,7,2221,1994,0,0,0,0,0,0,35.15389285,-27.36215938,32.40400904,0.00241402729,0,0,69,34,0.02844635171,0.0284463517,3.082364596
3028,0.9609375,0.7734375,362.7073815,107.5458104,7,1994,2220,0,0,0,0,0,0,162.1874058,-256.8165395,116.553728,0.00241402729,0,0,7,5,0.006165706858,0.006165706858,0.5865660492
3029,0.9609375,0.7578125,355.5114555,415.6178804,7,2220,2016,0,0,0,0,0,0,188.4050202,63.00033978,129.504465,0.00241402729,0,0,14,8,0.005307714195,0.005307714193,0.2342575064
3030,0.9453125,0.7578125,362.3784027,32.72693924,7,2220,1907,0,0,0,0,0,0,5.991402675,-321.2529174,5.905982038,0.00241402729,0,0,30,13,0.1669058239,0.1669058239,1.179071077
3031,0.9453125,0.7734375,363.5720157,94.80379353,7,2220,2019,0,0,0,0,0,0,7.102877926,-272.3192734,6.983141207,0.00241402729,0,0,22,8,0.1407880032,0.1407880032,0.9140937234
3032,0.953125,0.7734375,363.1396986,120.0280563,7,2221,2220,0,0,0,0,0,0,205.3209537,-245.7146521,137.2787088,0.00241402729,0,0,5,2,0.004870423511,0.00487042351,0.3986423679
3033,0.8359375,0.8125,318.6562967,280.8871072,7,1990,2510,0,0,0,0,0,0,3600.895413,-40.56962368,371.5074591,0.00241402729,0,0,3,1,0.0002777087044,0.0002777087035,0.2373431282
3034,0.828125,0.8046875,312.4933453,345.6272951,7,2510,2114,0,0,0,0,0,0,8432.34101,28.39404557,394.848285,0.00241402729,0,0,2,1,0.0001185910293,0.0001185910293,0.1013535598
3035,0.8203125,0.8125,307.4593467,336.0771591,7,2510,1888,0,0,0,0,0,0,7136.654358,23.39118134,391.5198415,0.00241402729,0,0,3,2,0.0001401216802,0.0001401216799,0.1523910691
3036,0.8125,0.859375,343.9459258,50.48265946,6,1893,2177,0,0,0,0,0,0,13.3087274,-298.6547145,12.89445898,0.00241402729,0,0,115,60,0.07513866424,0.07513866422,11.84051445
3037,0.828125,0.84375,339.0147585,102.0145807,6,2177,1978,0,0,0,0,0,0,17.31082024,-234.7507099,16.61643931,0.00241402729,0,0,67,37,0.05776733777,0.05776733776,6.445680915
3038,0.8125,0.828125,315.889223,-14.33064816,6,2177,1888,0,0,0,0,0,0,7.544183088,-336.2435069,7.409246892,0.00241402729,0,0,16,7,0.1325524564,0.1325524564,1.069948907
3039,0.796875,0.84375,320.8203903,336.9892781,6,2177,1977,0,0,0,0,0,0,12.3913746,21.34106284,12.03147566,0.00241402729,0,0,57,28,0.08070129688,0.08070129687,1.463081305
3040,0.8203125,0.8203125,313.4236394,-57.86022058,7,1888,2511,0,0,0,0,0,0,15.74696682,-373.5870377,15.17028939,0.00241402729,0,0,11,5,0.06350429334,0.06350429334,0.4335474218
3041,0.8203125,0.8359375,327.4519908,48.99806562,7,2511,2177,0,0,0,0,0,0,188.8841009,-280.3410091,129.7306418,0.00241402729,0,0,9,4,0.005294251847,0.005294251846,0.03499073828
3042,0.8359375,0.8359375,336.5491749,132.3066906,7,2511,1978,0,0,0,0,0,0,2.582519135,-198.2725584,2.566518759,0.00241402729,0,0,11,7,0.3872188154,0.3872188154,1.579076765
3043,0.8359375,0.8203125,324.6205895,11.43127534,7,2511,1990,0,0,0,0,0,0,4.634761855,-313.0662949,4.583479859,0.00241402729,0,0,11,6,0.215760816,0.215760816,0.8978318789
3044,0.828125,0.8203125,319.0221144,232.0516011,7,2510,2511,0,0,0,0,0,0,623.6262774,-88.0605926,248.9078071,0.00241402729,0,0,4,2,0.001603524477,0.001603524476,1.444378244
3045,0.8984375,0.75,322.6641738,330.2062904,7,2018,2201,0,0,0,0,0,0,1.578537668e+12,-2.873241556e-08,414.245524,0.00241402729,0,0,2,0,6.334977112e-13,0,0.6334977112
3046,0.890625,0.7421875,310.137323,210.430378,7,2201,2197,0,0,0,0,0,0,556.3947835,-110.0022873,237.4556742,0.00241402729,0,0,3,2,0.001797285003,0.001797285002,0.5795408382
3047,0.8828125,0.75,306.8442781,192.6738724,7,2201,1715,0,0,0,0,0,0,331.2517415,-130.0994903,184.0644595,0.00241402729,0,0,5,2,0.003018852054,0.003018852052,1.067350577
3048,0.890625,0.7578125,322.6754642,336.7866331,7,2201,2101,0,0,0,0,0,0,7.195944696e+11,-2.039982974e-07,414.2455238,0.00241402729,0,0,4,0,1.389671603e-12,0,1.389671603
3049,0.5390625,0.6484375,145.8042692,165.6301353,7,2060,2497,0,0,0,0,0,0,92.10528085,25.51860606,75.35131764,0.00241402729,0,0,78,41,0.01085714077,0.01085714076,6.991424759
3050,0.5546875,0.6484375,166.6972989,83.12747995,7,2497,2084,0,0,0,0,0,0,59.63096908,-79.7776767,52.12721541,0.00241402729,0,0,89,45,0.01676980964,0.01676980962,12.83721867
3051,0.5546875,0.6328125,139.8066212,135.6642217,7,2497,1835,0,0,0,0,0,0,1732.67,2.463622856,334.3172026,0.00241402729,0,0,3,3,0.0005771439456,0.0005771439456,0.3415541529
3052,0.515625,0.625,74.12870835,47.43834848,6,1700,2083,0,0,0,0,0,0,1015.491552,-13.92590299,294.2239082,0.00241402729,0,0,19,7,0.0009847447749,0.0009847447683,0.7617287258
3053,0.53125,0.640625,121.9124156,107.9143425,6,2083,2060,0,0,0,0,0,0,99.35377681,-5.948094136,80.13417711,0.00241402729,0,0,23,9,0.01006504264,0.01006504264,2.329325096
3054,0.546875,0.625,115.9147676,101.5905908,6,2083,1835,0,0,0,0,0,0,2064.948999,-5.360915439,345.0297556,0.00241402729,0,0,3,2,0.0004842734617,0.0004842734614,0.6099567893
3055,0.53125,0.609375,111.3694874,108.5454293,6,2083,1946,0,0,0,0,0,0,1243.333893,4.313567232,310.7214622,0.00241402729,0,0,7,4,0.0008042891822,0.0008042891815,1.297015435
3056,0.5390625,0.6328125,118.9135916,131.372963,7,2497,2083,0,0,0,0,0,0,467.8082259,20.96599152,219.7002889,0.00241402729,0,0,10,6,0.002137628081,0.002137628079,1.080411681
3057,0.5625,0.6328125,150.253136,169.5522205,7,1835,2500,0,0,0,0,0,0,760.5523494,24.95480797,268.1783936,0.00241402729,0,0,6,2,0.001314833885,0.001314833883,0.4731295416
3058,0.5546875,0.640625,153.25196,71.5379689,7,2500,2497,0,0,0,0,0,0,156.3866321,-76.51490884,113.5275355,0.00241402729,0,0,22,11,0.006394408439,0.00639440843,5.032060104
3059,0.5625,0.6484375,177.1438137,116.3802106,7,2500,2084,0,0,0,0,0,0,151.1140448,-57.92175972,110.7230161,0.00241402729,0,0,51,23,0.006617518587,0.006617518578,2.260124255
3060,0.5859375,0.6484375,183.9175862,56.40343974,7,2059,2441,0,0,0,0,0,0,1.043362292,-126.468711,1.040740972,0.00241402729,0,0,929,465,0.9584398515,0.9584398514,5.07144593
3061,0.5859375,0.6328125,173.4040898,118.8432016,7,2441,2085,0,0,0,0,0,0,1.452345883,-51.40456515,1.447271745,0.00241402729,0,0,339,168,0.6885412155,0.6885412154,3.085884776
3062,0.5703125,0.6328125,152.5110602,147.2393766,7,2441,1835,0,0,0,0,0,0,6635063.809,-0.2147626924,414.2196632,0.00241402729,0,0,7,1,1.507144511e-07,1.507133168e-07,0.0003289434455
3063,0.5703125,0.6484375,179.4017378,1.163945654,7,2441,2084,0,0,0,0,0,0,44.86082279,-175.9947515,40.47732115,0.00241402729,0,0,212,100,0.02229116494,0.02229116492,7.393095581
3064,0.5703125,0.640625,165.956399,177.8671356,7,2500,2441,0,0,0,0,0,0,168.4116421,15.56071738,119.7338212,0.00241402729,0,0,35,14,0.005937831777,0.005937831762,1.89805715
3065,0.625,0.7890625,231.2345523,82.72347889,7,2095,2382,0,0,0,0,0,0,12.66253627,-145.5742947,12.2869523,0.00241402729,0,0,149,76,0.07897312029,0.07897312024,29.11735746
3066,0.6171875,0.796875,253.0477954,116.0569767,7,2382,2373,0,0,0,0,0,0,39.20800428,-129.2302336,35.81787166,0.00241402729,0,0,114,56,0.02550499619,0.02550499618,8.11672415
3067,0.625,0.8046875,272.0566136,272.0566136,7,2382,1858,0,0,0,0,0,0,1e+300,0,1e+300,0,0,0,0,0,0,0,0
3068,0.6484375,0.7890625,238.3272348,130.4130432,7,2049,2328,0,0,0,0,0,0,57.33807589,-106.6997984,50.36655494,0.00241402729,0,0,89,42,0.01744041781,0.01744041779,10.77578299
3069,0.6328125,0.7890625,233.5987798,81.87385219,7,2328,2095,0,0,0,0,0,0,106.9598395,-151.7270089,85.00993634,0.00241402729,0,0,67,35,0.009349303481,0.009349303473,3.611382134
3070,0.6328125,0.8046875,274.4208411,274.4208411,7,2328,1858,0,0,0,0,0,0,1e+300,-107.2903997,76.30088411,0,0,0,0,0,0,0,0
3071,0.671875,0.828125,267.0922715,264.1572113,6,1838,2050,0,0,0,0,0,0,4.395641789e+13,7.090932286e-09,414.2455241,0.00241402729,0,0,1,0,2.274980647e-14,0,0.02274980647
3072,0.640625,0.828125,268.7088749,278.0579291,6,2050,1858,0,0,0,0,0,0,769.5092517,17.13896653,269.2836133,0.00241402729,0,0,5,3,0.001299529535,0.001299529534,1.272355033
3073,0.640625,0.859375,222.8079395,151.6175478,6,2050,1695,0,0,0,0,0,0,493.3745732,-72.75196978,225.1803472,0.00241402729,0,0,10,6,0.002026857593,0.002026857592,1.683404009
3074,0.71875,0.875,291.3555989,263.550438,5,1710,1895,0,0,0,0,0,0,9.204067208e+11,7.123253454e-08,2224.047854,0.0004496306119,0,0,5,0,1.086476204e-12,0,1.086476204
3075,0.6875,0.84375,275.1800473,263.9549535,5,1895,1838,0,0,0,0,0,0,1.146195793e+14,-2.459927373e-08,2224.047859,0.0004496306119,0,0,1,0,8.724512915e-15,0,0.008724512915
3076,0.65625,0.875,230.8957153,75.89730339,5,1895,1695,0,0,0,0,0,0,2181.482671,-148.2699563,1101.279819,0.0004496306119,0,0,5,3,0.0004584038248,0.0004584038246,0.4797371722
3077,0.6875,0.90625,244.1688798,285.7977537,5,1895,1841,0,0,0,0,0,0,6.969891394e+12,-1.805109946e-07,2224.047859,0.0004496306119,0,0,1,0,1.434742586e-13,0,0.1434742586
3078,0.671875,0.859375,253.0378813,222.6266513,6,2050,1895,0,0,0,0,0,0,4991.807509,-21.4344553,382.5034466,0.00241402729,0,0,6,3,0.0002003282375,0.0002003282375,0.222486828
3079,0.640625,0.8125,291.6593426,291.6593426,6,1858,2098,0,0,0,0,0,0,1e+300,62.11035858,85.33794273,0,0,0,0,0,0,0,0
3080,0.65625,0.828125,267.9005732,267.9005732,6,2098,2050,0,0,0,0,0,0,1e+300,0,1e+300,0,0,0,0,0,0,0,0
3081,0.671875,0.8125,290.0427392,381.2176895,6,2098,1838,0,0,0,0,0,0,70.83646224,98.78575566,60.49222246,0.00241402729,0,0,38,20,0.01411702347,0.01411702346,5.612341443
3082,0.65625,0.796875,255.5657363,51.90271697,6,2098,2049,0,0,0,0,0,0,57.92361614,-200.3164887,50.81780379,0.00241402729,0,0,95,47,0.01726411551,0.0172641155,6.601986869
3083,0.6484375,0.8046875,273.6125394,186.755006,7,2328,2098,0,0,0,0,0,0,78.43690441,-78.95143941,65.94945282,0.00241402729,0,0,57,27,0.01274910079,0.01274910078,7.346155276
3084,0.6328125,0.796875,254.0098105,288.1370535,7,2382,2328,0,0,0,0,0,0,504.5026069,42.84005973,227.4703368,0.00241402729,0,0,35,20,0.001982150313,0.00198215031,1.428813412
3085,0.65625,0.5703125,197.1887118,115.6987951,7,1956,2445,0,0,0,0,0,0,30.39540912,-79.8989376,28.3175957,0.00241402729,0,0,34,14,0.03289970522,0.03289970521,2.996391679
3086,0.6484375,0.578125,194.3936038,78.83195207,7,2445,2313,0,0,0,0,0,0,22.54488225,-122.4419927,21.38123097,0.00241402729,0,0,109,53,0.04435596464,0.04435596462,9.929005558
3087,0.65625,0.5859375,192.83526,128.935234,7,2445,1952,0,0,0,0,0,0,10.50289978,-73.17983975,10.24319098,0.00241402729,0,0,200,99,0.09521180061,0.09521180057,13.57851067
3088,0.6640625,0.5859375,193.3237296,67.30812346,7,1952,2312,0,0,0,0,0,0,3.864811903,-121.9610483,3.829087431,0.00241402729,0,0,294,148,0.2587448044,0.2587448044,1.870656099
3089,0.6796875,0.5859375,204.6913995,61.27864024,7,2312,2068,0,0,0,0,0,0,5.560093335,-139.7518945,5.486452973,0.00241402729,0,0,466,231,0.1798530959,0.1798530959,2.022726013
3090,0.6796875,0.5703125,198.6541204,79.75037824,7,2312,1833,0,0,0,0,0,0,555.872654,-119.3998537,237.3605238,0.00241402729,0,0,35,16,0.001798973187,0.001798973185,1.063698695
3091,0.6640625,0.5703125,197.6771813,63.61240132,7,2312,1956,0,0,0,0,0,0,67.46593857,-119.1394294,58.017019,0.00241402729,0,0,21,9,0.01482229435,0.01482229435,0.9713071215
3092,0.6640625,0.578125,195.5004555,77.68395005,7,2445,2312,0,0,0,0,0,0,13.39563931,-117.8340802,12.97602781,0.00241402729,0,0,125,60,0.07465115898,0.07465115896,10.37267081
3093,0.5390625,0.5234375,142.6464306,89.3305734,7,1945,2277,0,0,0,0,0,0,4.069205313,-47.70170955,4.029621644,0.00241402729,0,0,430,216,0.2457482292,0.2457482291,37.73962943
3094,0.5546875,0.5234375,154.1610897,168.0618722,7,2277,2276,0,0,0,0,0,0,2.319410368,-6.715270644,2.30649602,0.00241402729,0,0,946,468,0.4311440588,0.4311440586,30.16068815
3095,0.5546875,0.5078125,137.2489394,62.15324909,7,2277,1855,0,0,0,0,0,0,0.9652201434,-72.01238524,0.9629763432,0.00241402729,0,0,1397,695,1.036033082,1.036033082,60.41351063
3096,0.5390625,0.5078125,138.9060724,71.68868343,7,2277,2275,0,0,0,0,0,0,3.24096888,-66.90254918,3.215809074,0.00241402729,0,0,881,443,0.3085497075,0.3085497074,37.00039111
3097,0.9375,0.609375,231.5741876,123.730068,6,1920,2013,0,0,0,0,0,0,214.5495894,-108.6123448,141.343667,0.00241402729,0,0,16,11,0.00466092712,0.004660927119,4.111936307
3098,0.953125,0.59375,252.1996735,204.6092824,6,2013,2009,0,0,0,0,0,0,340.8928315,-52.13111351,187.0032539,0.00241402729,0,0,12,5,0.002933473243,0.002933473239,3.215596229
3099,0.9375,0.578125,255.7765979,122.0608257,6,2013,1885,0,0,0,0,0,0,463.1090387,-137.7933611,218.6582877,0.00241402729,0,0,29,14,0.002159318684,0.002159318679,2.630055909
3100,0.921875,0.59375,237.4598376,213.7415401,6,2013,2008,0,0,0,0,0,0,377.7840571,-29.9499799,197.5877649,0.00241402729,0,0,17,11,0.002647014826,0.002647014823,3.135950936
3101,0.9140625,0.5859375,240.4026626,124.9061516,7,2008,2185,0,0,0,0,0,0,83.1000592,-124.459922,69.21510662,0.00241402729,0,0,35,19,0.01203368577,0.01203368576,4.291718285
3102,0.9296875,0.5859375,246.6182178,163.9618614,7,2185,2013,0,0,0,0,0,0,431.8854701,-87.81099202,211.4408102,0.00241402729,0,0,24,13,0.002315428671,0.002315428668,2.823133278
3103,0.9296875,0.5703125,258.719423,225.8975125,7,2185,1885,0,0,0,0,0,0,740.8476128,-39.63122791,265.6866341,0.00241402729,0,0,23,11,0.001349805254,0.001349805251,1.302854289
3104,0.890625,0.5625,191.9674335,136.8091018,6,1906,2129,0,0,0,0,0,0,66.20097966,-39.91798493,57.07911141,0.00241402729,0,0,77,39,0.01510551664,0.01510551663,9.045873715
3105,0.90625,0.578125,224.2575863,72.26411154,6,2129,2008,0,0,0,0,0,0,49.80513542,-139.8324847,44.45970284,0.00241402729,0,0,89,44,0.0200782508,0.02007825078,11.39595883
3106,0.921875,0.5625,242.5743466,193.1674212,6,2129,1885,0,0,0,0,0,0,339.2022668,-35.09184181,186.4933742,0.00241402729,0,0,13,5,0.002948093506,0.002948093502,3.233178332
3107,0.90625,0.40625,88.81490315,69.31659924,5,1690,1874,0,0,0,0,0,0,1340.218775,-25.39281846,836.2760152,0.0004496306119,0,0,8,5,0.0007461468369,0.000746146836,1.029687435
3108,0.90625,0.46875,127.4440546,115.0135595,5,1874,1705,0,0,0,0,0,0,2506.153554,-6.239232551,1178.34421,0.0004496306119,0,0,11,6,0.0003990178489,0.0003990178485,0.571065019
3109,0.96875,0.46875,252.5148224,189.9515313,5,1874,1645,0,0,0,0,0,0,408398.1917,-2.132610839,2212.001778,0.0004496306119,0,0,2,1,2.448590666e-06,2.448590664e-06,0.00554960801
3110,0.96875,0.40625,227.6603045,174.8144798,5,1874,1714,0,0,0,0,0,0,90718.49556,5.94494939,2170.828002,0.0004496306119,0,0,1,1,1.102311049e-05,1.102311049e-05,0.02498332739
3111,0.96875,0.5,271.8293981,145.5173246,5,1645,1903,0,0,0,0,0,0,1999.624822,-59.83850476,1052.937015,0.0004496306119,0,0,2,1,0.000500093812,0.0005000938117,0.818732707
3112,0.9375,0.46875,189.9794385,121.8159947,5,1903,1874,0,0,0,0,0,0,3236.979758,-34.85247245,1318.286302,0.0004496306119,0,0,4,1,0.0003089299516,0.0003089299497,0.444125965
3113,0.90625,0.5,146.7586304,116.2551878,5,1903,1705,0,0,0,0,0,0,1998.160839,-18.26929153,1052.530951,0.0004496306119,0,0,14,5,0.0005004602136,0.0005004602117,0.7807367171
3114,0.9375,0.53125,238.5859087,14.38197962,5,1903,1885,0,0,0,0,0,0,679.7281326,-207.3931344,520.6145042,0.0004496306119,0,0,32,15,0.001471176419,0.001471176415,1.067782874
3115,0.921875,0.546875,221.964164,135.285254,6,1885,2011,0,0,0,0,0,0,129.5880137,-94.69950244,98.70898155,0.00241402729,0,0,41,19,0.007716763082,0.007716763072,6.028755336
3116,0.921875,0.515625,192.6722695,158.9577778,6,2011,1903,0,0,0,0,0,0,175.9671301,-19.19201892,123.5039532,0.00241402729,0,0,42,18,0.00568287952,0.005682879509,4.727415823
3117,0.890625,0.515625,130.1368857,109.6746225,6,2011,1705,0,0,0,0,0,0,243.4085176,-33.05949912,153.319044,0.00241402729,0,0,22,9,0.004108319666,0.004108319662,4.182414728
3118,0.890625,0.546875,171.3572509,114.764268,6,2011,1906,0,0,0,0,0,0,636.1014488,-63.68831213,250.8715547,0.00241402729,0,0,30,17,0.001572076281,0.001572076279,1.606380047
3119,0.90625,0.546875,196.6607074,176.5013496,6,2129,2011,0,0,0,0,0,0,165.2287055,-8.13259604,118.116127,0.00241402729,0,0,29,17,0.006052217119,0.006052217116,4.198393308
3120,0.9140625,0.5703125,233.4159664,155.5077715,7,2185,2129,0,0,0,0,0,0,333.7171929,-64.67015807,184.8231875,0.00241402729,0,0,34,17,0.002996549238,0.002996549234,2.67633949
3121,0.8515625,0.7265625,302.4253632,117.0549971,7,1934,2137,0,0,0,0,0,0,60.30687427,-191.0020525,52.64298068,0.00241402729,0,0,43,22,0.01658185758,0.01658185757,8.015288941
3122,0.8515625,0.7421875,304.9531236,146.6904463,7,2137,1973,0,0,0,0,0,0,62.58265888,-169.0346633,54.36882142,0.00241402729,0,0,24,12,0.01597886728,0.01597886727,2.379121056
3123,0.8671875,0.7421875,300.0980078,128.142569,7,2137,1715,0,0,0,0,0,0,111.7677593,-187.2477134,88.01924875,0.00241402729,0,0,13,7,0.008947123983,0.008947123981,1.020884844
3124,0.8671875,0.7265625,290.4858748,95.9849901,7,2137,1985,0,0,0,0,0,0,123.8400579,-200.74954,95.33834653,0.00241402729,0,0,32,17,0.008074931627,0.008074931621,4.613490907
3125,0.8984375,0.9140625,441.5989978,256.0464588,7,1926,2168,0,0,0,0,0,0,244.6400274,-181.5798217,153.8067365,0.00241402729,0,0,5,3,0.004087638521,0.004087638521,0.9163339791
3126,0.8828125,0.9140625,390.2371289,896.5212187,7,2168,1999,0,0,0,0,0,0,36.52343615,517.3945061,33.56413436,0.00241402729,0,0,85,46,0.02737968016,0.02737968015,2.441288446
3127,0.8828125,0.9296875,378.3144012,24.19350001,7,2168,1912,0,0,0,0,0,0,4.763402077,-356.4045851,4.709250488,0.00241402729,0,0,270,133,0.2099339892,0.2099339891,20.07608909
3128,0.8984375,0.9296875,429.6762701,730.2745497,7,2168,1998,0,0,0,0,0,0,25.6686885,291.1768967,24.17093837,0.00241402729,0,0,190,90,0.03895797014,0.03895797012,4.729225524
3129,0.875,0.6484375,235.2056561,126.0694103,7,1987,2304,0,0,0,0,0,0,209.266823,-114.4630177,139.0314805,0.00241402729,0,0,14,8,0.004778588339,0.004778588337,1.81565119
3130,0.8828125,0.640625,251.0843279,154.3492111,7,2304,2190,0,0,0,0,0,0,358.1812648,-95.12141821,192.0893836,0.00241402729,0,0,12,7,0.002791882486,0.002791882485,1.265723221
3131,0.875,0.6328125,244.4716903,212.9063297,7,2304,1697,0,0,0,0,0,0,2736.042878,-28.59290516,359.7745258,0.00241402729,0,0,2,2,0.0003654913482,0.0003654913482,0.6153784459
3132,0.8515625,0.6484375,257.8773478,177.3287633,7,1935,2121,0,0,0,0,0,0,1026.248551,-78.69042207,295.1201787,0.00241402729,0,0,13,5,0.0009744228131,0.0009744228108,1.153763682
3133,0.8671875,0.6484375,242.7628867,147.8792096,7,2121,1987,0,0,0,0,0,0,493.6311918,-97.81547088,225.233788,0.00241402729,0,0,13,8,0.002025803913,0.002025803912,2.260155451
3134,0.8671875,0.6328125,252.0289209,252.0289209,7,2121,1697,0,0,0,0,0,0,1e+300,-44.26460326,886.4950403,0,0,0,0,0,0,0,0
3135,0.8515625,0.6328125,241.4464222,235.1696182,7,2121,1939,0,0,0,0,0,0,4.114658303e+11,-3.541785532e-08,414.2455237,0.00241402729,0,0,4,0,2.430335465e-12,0,2.430335465
3136,0.8671875,0.640625,247.3959038,250.9262517,7,2304,2121,0,0,0,0,0,0,1296.07876,4.74816781,313.9140514,0.00241402729,0,0,4,3,0.0007715580495,0.0007715580487,1.369038457
3137,0.484375,0.5625,99.85539624,90.73013832,6,1836,2265,0,0,0,0,0,0,231.6131685,-5.192218609,148.5537308,0.00241402729,0,0,9,5,0.004317543801,0.0043175438,1.285248718
3138,0.46875,0.546875,113.4964711,116.6058058,6,2265,2036,0,0,0,0,0,0,3716.866477,2.918870404,372.7072278,0.00241402729,0,0,3,2,0.000269043832,0.0002690438314,0.5268042854
3139,0.453125,0.5625,105.1517842,102.5420071,6,2265,1783,0,0,0,0,0,0,777.3337232,-2.518070587,270.2355016,0.00241402729,0,0,4,2,0.001286448754,0.001286448754,0.7105301361
3140,0.453125,0.578125,94.15890329,92.43461651,6,1783,2039,0,0,0,0,0,0,1208.412693,0.5702568965,308.4935226,0.00241402729,0,0,4,2,0.0008275318571,0.0008275318568,0.5176023701
3141,0.453125,0.609375,72.17314152,72.17314152,6,2039,1837,0,0,0,0,0,0,1e+300,0,1e+300,0,0,0,0,0,0,0,0
3142,0.484375,0.609375,66.87675359,66.87675359,6,2039,1700,0,0,0,0,0,0,1e+300,-39.87518487,251.5968024,0,0,0,0,0,0,0,0
3143,0.484375,0.578125,88.86251536,76.87888766,6,2039,1836,0,0,0,0,0,0,379.3598822,-5.847751158,198.0179721,0.00241402729,0,0,11,6,0.002636019376,0.002636019375,0.7357341226
3144,0.46875,0.578125,91.51070932,90.29909681,6,2265,2039,0,0,0,0,0,0,152.9487593,3.003597594,111.7048264,0.00241402729,0,0,10,5,0.006538137376,0.006538137373,1.954997119
3145,0.8984375,0.8359375,371.9139407,838.3836605,7,1992,2348,0,0,0,0,0,0,73.72244489,474.468428,62.58442103,0.00241402729,0,0,11,6,0.01356439008,0.01356439008,0.1040310871
3146,0.8984375,0.8203125,359.9853553,-112.3160142,7,2348,1996,0,0,0,0,0,0,14.24058325,-470.1495679,13.76730253,0.00241402729,0,0,9,5,0.07022184294,0.07022184293,0.479581586
3147,0.8828125,0.8203125,355.0704282,293.9629605,7,2348,1910,0,0,0,0,0,0,5980.795409,-56.26452618,387.4123332,0.00241402729,0,0,5,1,0.0001672018405,0.0001672018393,0.06855936974
3148,0.8828125,0.8359375,366.9990136,121.9827867,7,2348,1991,0,0,0,0,0,0,23.97671423,-234.3263787,22.66486199,0.00241402729,0,0,6,2,0.04170713262,0.04170713262,0.4563636778
3149,0.8828125,0.8125,349.1061355,194.2877881,7,1910,2349,0,0,0,0,0,0,394.2029217,-152.8988591,201.9878902,0.00241402729,0,0,9,3,0.002536764557,0.002536764555,1.136638058
3150,0.890625,0.8203125,357.5278917,223.3538523,7,2349,2348,0,0,0,0,0,0,1468.160124,-130.6766679,323.0859197,0.00241402729,0,0,3,2,0.0006811246155,0.0006811246146,0.2953800955
3151,0.8984375,0.8125,354.0210626,457.1973248,7,2349,1996,0,0,0,0,0,0,788.1879059,102.4046105,271.535458,0.00241402729,0,0,1,1,0.001268732992,0.001268732992,0.5761189325
3152,0.890625,0.8046875,345.1873431,304.4796323,7,2349,2102,0,0,0,0,0,0,762.4056905,-37.51470916,268.4084637,0.00241402729,0,0,7,2,0.001311637639,0.001311637637,1.00992026
3153,0.7265625,0.5859375,208.5099931,75.46582428,7,1953,2257,0,0,0,0,0,0,9.038697846,-139.1408143,8.845687915,0.00241402729,0,0,482,239,0.1106354053,0.1106354053,14.85142445
3154,0.7421875,0.5859375,214.664457,-28.60968716,7,2257,1967,0,0,0,0,0,0,6.744621073,-225.7262073,6.636566493,0.00241402729,0,0,835,414,0.1482662983,0.1482662983,9.476813262
3155,0.7421875,0.5703125,198.0340361,74.74415941,7,2257,1880,0,0,0,0,0,0,7.143460541,-125.1344181,7.022363336,0.00241402729,0,0,43,23,0.1399881744,0.1399881744,0.6892799718
3156,0.734375,0.5625,194.9268721,96.76835429,6,1880,1966,0,0,0,0,0,0,2.268374353,-101.5246399,2.25602057,0.00241402729,0,0,46,22,0.4408443424,0.4408443424,1.531085356
3157,0.71875,0.546875,190.3864795,349.7827744,6,1966,1954,0,0,0,0,0,0,6.806386545,151.8278341,6.696359974,0.00241402729,0,0,48,26,0.1469208358,0.1469208358,0.5585591952
3158,0.703125,0.5625,199.1885013,262.2258323,6,1966,1833,0,0,0,0,0,0,11.02905887,52.37594377,10.74303158,0.00241402729,0,0,65,34,0.09066956769,0.09066956768,1.14239616
3159,0.71875,0.578125,205.4028292,53.00841517,6,1966,1953,0,0,0,0,0,0,2.55092725,-160.0126401,2.535314761,0.00241402729,0,0,726,360,0.3920143156,0.3920143155,3.474697013
3160,0.7265625,0.5703125,200.1648507,165.1833063,7,2257,1966,0,0,0,0,0,0,15.35708314,-40.47371839,14.80811067,0.00241402729,0,0,273,135,0.06511653229,0.06511653224,18.35902149
3161,0.75,0.5703125,201.111268,126.6498661,7,1880,2258,0,0,0,0,0,0,3.7217789,-88.36348851,3.688638418,0.00241402729,0,0,29,18,0.2686887176,0.2686887176,1.260617929
3162,0.7421875,0.578125,206.3492465,131.5330744,7,2258,2257,0,0,0,0,0,0,1.40757317,-90.84431078,1.402806545,0.00241402729,0,0,611,305,0.7104426409,0.7104426408,5.600982887
3163,0.75,0.5859375,217.7416889,126.4056453,7,2258,1967,0,0,0,0,0,0,1.599828836,-85.84565192,1.593674018,0.00241402729,0,0,1120,558,0.6250668682,0.6250668681,11.55341835
3164,0.7578125,0.578125,200.6970076,56.27850405,7,2258,2227,0,0,0,0,0,0,3.077494582,-155.9892704,3.054799996,0.00241402729,0,0,538,271,0.324939646,0.3249396459,4.593238905
3165,0.7265625,0.6484375,221.008126,99.14992629,7,1964,2280,0,0,0,0,0,0,3.022102198,-121.4288578,3.000214322,0.00241402729,0,0,612,301,0.3308954941,0.330895494,16.86506629
3166,0.7421875,0.6484375,235.2511679,209.5799132,7,2280,1969,0,0,0,0,0,0,4.447667436,-27.00106859,4.400421037,0.00241402729,0,0,702,347,0.2248369543,0.2248369542,43.92267524
3167,0.7421875,0.6328125,239.6909588,146.1435344,7,2280,1708,0,0,0,0,0,0,9.037636418,-92.78554277,8.844671331,0.00241402729,0,0,22,15,0.110648399,0.1106483989,0.6139804496
3168,0.7265625,0.6328125,233.799973,167.8484809,7,2280,2067,0,0,0,0,0,0,4.469574508,-64.84192712,4.421864033,0.00241402729,0,0,126,64,0.2237349435,0.2237349435,1.276447311
3169,0.75,0.6328125,246.8124797,195.3215552,7,1708,2357,0,0,0,0,0,0,12.01075374,-51.60862086,11.67232305,0.00241402729,0,0,13,7,0.08325872145,0.08325872145,0.5385769032
3170,0.7421875,0.640625,237.4710633,230.7374298,7,2357,2280,0,0,0,0,0,0,4.357309132,-7.01759969,4.31195315,0.00241402729,0,0,210,105,0.2294994387,0.2294994386,4.097554977
3171,0.75,0.6484375,242.3726888,17.85505216,7,2357,1969,0,0,0,0,0,0,5.174196077,-226.7270285,5.110364303,0.00241402729,0,0,454,226,0.1932667385,0.1932667384,30.24346687
3172,0.7578125,0.640625,248.6513517,242.6712075,7,2357,2153,0,0,0,0,0,0,9.170236826,-6.811210838,8.97163004,0.00241402729,0,0,257,128,0.1090484378,0.1090484377,21.28855574
3173,0.6640625,0.5625,199.8539072,181.4994908,7,1956,2446,0,0,0,0,0,0,419.5468239,-9.531243008,208.4396605,0.00241402729,0,0,7,5,0.002383524181,0.002383524179,2.667389575
3174,0.671875,0.5703125,198.1656509,144.569228,7,2446,2312,0,0,0,0,0,0,364.8830837,-46.38180334,194.0003008,0.00241402729,0,0,19,9,0.002740603894,0.002740603887,3.813435399
3175,0.6796875,0.5625,200.8308463,144.0592652,7,2446,1833,0,0,0,0,0,0,837.2940083,-63.36986987,277.1349097,0.00241402729,0,0,15,6,0.001194323607,0.001194323605,0.8322246058
3176,0.6875,0.515625,166.2075136,59.61577285,6,1853,2410,0,0,0,0,0,0,6.863161349,-115.4368325,6.751306654,0.00241402729,0,0,431,216,0.1457054481,0.1457054481,10.57608553
3177,0.671875,0.53125,180.5072237,122.0976648,6,2410,1955,0,0,0,0,0,0,14.54294232,-60.57138163,14.04969871,0.00241402729,0,0,125,65,0.06876187626,0.06876187624,2.161371209
3178,0.6875,0.546875,189.6153818,354.5904724,6,2410,1833,0,0,0,0,0,0,38.13115621,152.4873802,34.91705359,0.00241402729,0,0,24,11,0.02622527349,0.02622527348,0.1917829575
3179,0.703125,0.53125,180.81336,9.372101611,6,2410,1954,0,0,0,0,0,0,14.32625819,-180.8360424,13.84736134,0.00241402729,0,0,26,11,0.06980189712,0.06980189711,0.5174320654
3180,0.6796875,0.5546875,196.7652368,201.2965445,7,1833,2447,0,0,0,0,0,0,437.861892,-4.614768297,212.8632207,0.00241402729,0,0,8,4,0.002283825147,0.002283825146,1.384891315
3181,0.6796875,0.5390625,185.0613027,70.45560609,7,2447,2410,0,0,0,0,0,0,15.91914909,-121.9304632,15.33002747,0.00241402729,0,0,17,9,0.06281742789,0.06281742789,1.352117139
3182,0.6640625,0.5390625,187.6570787,230.4566384,7,2447,1955,0,0,0,0,0,0,11.40938455,43.97937148,11.10356391,0.00241402729,0,0,24,13,0.08764714655,0.08764714655,1.234557704
3183,0.6640625,0.5546875,195.7882977,133.7286634,7,2447,1956,0,0,0,0,0,0,333.9588393,-55.78424815,184.8972836,0.00241402729,0,0,14,8,0.002994380991,0.002994380989,2.623104637
3184,0.671875,0.5546875,196.2767673,148.2466577,7,2446,2447,0,0,0,0,0,0,589.3970911,-49.46545444,243.2689716,0.00241402729,0,0,3,2,0.001696649025,0.001696649024,1.437222965
3185,0.7109375,0.6015625,216.6780868,164.9253832,7,1953,2255,0,0,0,0,0,0,181.4238252,-57.34000542,126.1673236,0.00241402729,0,0,26,11,0.005511955217,0.005511955207,5.141987261
3186,0.6953125,0.6015625,216.5010379,150.0743034,7,2255,2068,0,0,0,0,0,0,264.0238654,-70.90022131,161.2496542,0.00241402729,0,0,18,6,0.003787536398,0.003787536394,3.458025911
3187,0.6953125,0.6171875,222.538317,216.503892,7,2255,1881,0,0,0,0,0,0,1477.980667,-6.350935484,323.5590327,0.00241402729,0,0,7,3,0.0006765988366,0.0006765988349,0.9481564642
3188,0.7109375,0.6171875,228.4293028,133.5629985,7,2255,2067,0,0,0,0,0,0,390.4963016,-95.53049823,201.010237,0.00241402729,0,0,18,10,0.002560843716,0.002560843714,2.675848344
3189,0.7109375,0.625,234.3049108,180.5997625,7,2067,2394,0,0,0,0,0,0,494.1125585,-51.90778823,225.3339511,0.00241402729,0,0,12,6,0.002023830366,0.002023830363,2.738260689
3190,0.703125,0.6171875,225.4838099,207.0283063,7,2394,2255,0,0,0,0,0,0,1870.134542,-18.94585583,339.1269583,0.00241402729,0,0,5,2,0.0005347208865,0.0005347208855,1.062259042
3191,0.6953125,0.625,228.413925,360.8497244,7,2394,1881,0,0,0,0,0,0,30.45391893,134.5808429,28.36837286,0.00241402729,0,0,10,4,0.03283649642,0.03283649641,0.5351913004
3192,0.7109375,0.6484375,215.1171402,112.1022863,7,1964,2281,0,0,0,0,0,0,8.676983626,-102.2378286,8.498960363,0.00241402729,0,0,237,120,0.1152474227,0.1152474227,2.310494984
3193,0.7109375,0.6328125,227.9089873,120.1694951,7,2281,2067,0,0,0,0,0,0,6.965594447,-106.2822437,6.850403978,0.00241402729,0,0,127,69,0.1435627652,0.1435627652,2.99576343
3194,0.6953125,0.6328125,222.0180015,34.14393738,7,2281,1881,0,0,0,0,0,0,56.05733682,-186.0691322,49.37563175,0.00241402729,0,0,15,7,0.01783887813,0.01783887813,0.4219342094
3195,0.6953125,0.6484375,225.8089919,13.14769746,7,2281,2070,0,0,0,0,0,0,22.71954907,-212.4703751,21.53826951,0.00241402729,0,0,277,136,0.04401495809,0.04401495806,4.635921614
3196,0.703125,0.6328125,224.9634944,12.68994026,7,2394,2281,0,0,0,0,0,0,83.4727385,-210.6424639,69.47345699,0.00241402729,0,0,17,8,0.01197995918,0.01197995918,0.2227180735
3197,0.578125,0.453125,134.7867844,31.61934443,6,1825,2270,0,0,0,0,0,0,1.351967878,-98.06457691,1.347569832,0.00241402729,0,0,1155,576,0.7396625437,0.7396625436,30.2870417
3198,0.578125,0.484375,139.6851389,120.1181915,6,2270,1855,0,0,0,0,0,0,0.7216879766,-9.308795555,0.7204328569,0.00241402729,0,0,552,271,1.385640377,1.385640377,63.56640679
3199,0.609375,0.484375,154.8533838,108.1882066,6,2270,1707,0,0,0,0,0,0,230.6066339,-26.96786871,148.1390187,0.00241402729,0,0,24,12,0.004336388695,0.004336388693,1.077983766
3200,0.625,0.46875,150.7470735,74.08042347,5,1707,1854,0,0,0,0,0,0,368.4461225,-56.77852065,316.0824348,0.0004496306119,0,0,21,12,0.002714101028,0.002714101027,0.8630489166
3201,0.65625,0.4375,132.8730639,57.27389798,5,1854,1826,0,0,0,0,0,0,584.1191226,-68.41439001,462.6181037,0.0004496306119,0,0,27,12,0.001711979563,0.001711979561,1.819769128
3202,0.625,0.40625,122.4678535,65.32133111,5,1854,1689,0,0,0,0,0,0,2.493548952,-51.47119678,2.490756376,0.0004496306119,0,0,15,8,0.401034838,0.401034838,0.9467466442
3203,0.59375,0.4375,130.6804741,-59.96203879,5,1854,1825,0,0,0,0,0,0,9.768858219,-185.348829,9.72613735,0.0004496306119,0,0,630,321,0.1023661085,0.1023661084,0.886687404
3204,0.609375,0.453125,140.7137738,184.6964054,6,2270,1854,0,0,0,0,0,0,0.8865609382,56.57353826,0.8846675883,0.00241402729,0,0,628,318,1.127954049,1.127954049,41.8767915
3205,0.609375,0.5,157.3025611,94.44034025,6,1707,2273,0,0,0,0,0,0,2.437792332,-66.24245037,2.423530106,0.00241402729,0,0,404,209,0.4102072137,0.4102072136,8.987879419
3206,0.59375,0.484375,147.2692614,167.3517726,6,2273,2270,0,0,0,0,0,0,71.92394877,9.405058914,61.28351432,0.00241402729,0,0,27,17,0.01390357478,0.01390357478,1.401763359
3207,0.578125,0.5,142.1343162,69.81875518,6,2273,1855,0,0,0,0,0,0,2.155890987,-85.13494725,2.144729003,0.00241402729,0,0,357,179,0.4638453457,0.4638453456,8.004536269
3208,0.59375,0.515625,152.8003458,91.06810001,6,2273,1948,0,0,0,0,0,0,0.7023585165,-77.55970268,0.7011696745,0.00241402729,0,0,734,371,1.423774293,1.423774292,20.2143706
3209,0.5625,0.609375,153.1555466,133.4387207,6,1835,2086,0,0,0,0,0,0,205.4483201,-16.38039616,137.3356341,0.00241402729,0,0,23,11,0.004867404123,0.004867404118,1.298287716
3210,0.578125,0.59375,164.1262876,-19.12602914,6,2086,1947,0,0,0,0,0,0,12.51846889,-188.6871064,12.15125876,0.00241402729,0,0,246,125,0.07988197346,0.07988197346,0.2820087125
3211,0.5625,0.578125,185.8510455,82.91261228,6,2086,1830,0,0,0,0,0,0,4.278831197,-107.054471,4.235086081,0.00241402729,0,0,649,323,0.2337086821,0.233708682,35.78797016
3212,0.546875,0.59375,148.6102665,118.8720723,6,2086,1946,0,0,0,0,0,0,18.49694224,-28.22740039,17.70631756,0.00241402729,0,0,378,185,0.05406298983,0.05406298979,23.4162109
3213,0.5703125,0.5703125,191.336416,137.0069364,7,1830,2298,0,0,0,0,0,0,10.1328476,-52.21110286,9.890906432,0.00241402729,0,0,297,152,0.09868894106,0.09868894103,6.157963855
3214,0.5703125,0.5859375,174.9886665,57.43727827,7,2298,2086,0,0,0,0,0,0,8.265803209,-111.7067778,8.104095112,0.00241402729,0,0,518,262,0.1209803784,0.1209803783,9.166829092
3215,0.5859375,0.5859375,169.6116581,56.07808867,7,2298,1947,0,0,0,0,0,0,1.482375596,-112.7339447,1.477089837,0.00241402729,0,0,766,385,0.6745928647,0.6745928646,7.407620975
3216,0.5859375,0.5703125,188.5311562,149.3945699,7,2298,1950,0,0,0,0,0,0,2.140142429,-33.12053858,2.129142508,0.00241402729,0,0,545,275,0.4672586209,0.4672586208,11.32138234
3217,0.7890625,0.5625,182.5377572,110.578012,7,1968,2232,0,0,0,0,0,0,973.0649715,-58.73637048,290.55342,0.00241402729,0,0,4,2,0.001027680606,0.001027680606,0.1779548557
3218,0.796875,0.5703125,186.6774754,192.1222999,7,2232,2226,0,0,0,0,0,0,3303.357795,11.25265484,368.0869269,0.00241402729,0,0,6,1,0.000302722279,0.0003027222778,0.287897173
3219,0.8046875,0.5625,178.4344371,159.3527899,7,2232,1886,0,0,0,0,0,0,238086.9935,-0.6815267663,413.5260337,0.00241402729,0,0,5,1,4.20014544e-06,4.20014302e-06,0.009519424592
3220,0.8125,0.515625,131.9103186,113.7672147,6,1905,2240,0,0,0,0,0,0,553.3466515,-16.75054285,236.8987466,0.00241402729,0,0,19,9,0.001807185419,0.001807185415,2.703610948
3221,0.796875,0.53125,181.1074302,159.38072,6,2240,1942,0,0,0,0,0,0,1142.344853,-4.518128532,304.0049902,0.00241402729,0,0,11,4,0.0008753923981,0.0008753923936,1.32787666
3222,0.8125,0.546875,161.5586242,116.2797132,6,2240,1886,0,0,0,0,0,0,328.5609455,-30.82239516,183.2306349,0.00241402729,0,0,11,6,0.003043575366,0.003043575364,2.716511059
3223,0.828125,0.546875,153.3428944,126.0055546,6,1886,1941,0,0,0,0,0,0,645.7508292,-15.31735922,252.3587839,0.00241402729,0,0,12,7,0.001548584926,0.001548584923,2.070207905
3224,0.859375,0.546875,148.4834944,125.4529128,6,1941,1906,0,0,0,0,0,0,971.6692041,-23.4457199,290.4288485,0.00241402729,0,0,15,8,0.001029156832,0.001029156831,0.7697512884
3225,0.859375,0.515625,107.2631292,94.53493898,6,1941,1705,0,0,0,0,0,0,555.107674,-18.64523514,237.2209323,0.00241402729,0,0,14,7,0.001801452307,0.001801452305,1.523817154
3226,0.828125,0.515625,123.6945888,111.7970227,6,1941,1905,0,0,0,0,0,0,828.4880272,-12.94154037,276.1633471,0.00241402729,0,0,15,8,0.001207018046,0.001207018044,2.325371224
3227,0.828125,0.53125,138.5187416,148.0174125,6,2240,1941,0,0,0,0,0,0,468.9850368,14.98667405,219.9594998,0.00241402729,0,0,12,8,0.002132264191,0.002132264189,1.932291809
3228,0.8046875,0.5546875,186.15718,144.6861043,7,1886,2241,0,0,0,0,0,0,612.2628559,-19.10654949,247.0775228,0.00241402729,0,0,8,4,0.001633285427,0.001633285426,1.209216722
3229,0.8046875,0.5390625,171.3330272,135.3599791,7,2241,2240,0,0,0,0,0,0,543.5101542,-20.14049931,235.0773311,0.00241402729,0,0,7,3,0.001839892028,0.001839892027,1.355746662
3230,0.7890625,0.5390625,205.705986,168.7842288,7,2241,1942,0,0,0,0,0,0,5291.409274,-11.80516516,384.170211,0.00241402729,0,0,10,5,0.0001889855704,0.0001889855675,0.1582675948
3231,0.7890625,0.5546875,190.2605002,123.5604541,7,2241,1968,0,0,0,0,0,0,2154.778866,-49.51226552,347.4499908,0.00241402729,0,0,12,6,0.0004640847448,0.0004640847425,0.1264666554
3232,0.796875,0.5546875,188.2088401,115.8904199,7,2232,2241,0,0,0,0,0,0,134.3033513,-52.54226683,101.4213403,0.00241402729,0,0,3,2,0.007445830577,0.007445830576,0.9367115765
3233,0.6796875,0.6953125,255.5562637,84.07678269,7,1832,2332,0,0,0,0,0,0,25.63770571,-171.8578363,24.14346381,0.00241402729,0,0,15,9,0.03900505027,0.03900505027,1.223037495
3234,0.6640625,0.6953125,236.6026965,64.0169751,7,2332,2057,0,0,0,0,0,0,4.522781105,-172.6901449,4.473934168,0.00241402729,0,0,21,9,0.221102896,0.2211028959,1.241383443
3235,0.6640625,0.7109375,256.1466669,-24.76116242,7,2332,1962,0,0,0,0,0,0,24.01409274,-283.2350353,22.69825932,0.00241402729,0,0,21,11,0.04164221446,0.04164221446,0.2408788812
3236,0.6796875,0.7109375,241.3355101,276.4518839,7,2332,2055,0,0,0,0,0,0,44.57601253,29.86073137,40.24530716,0.00241402729,0,0,15,9,0.02243359025,0.02243359025,1.302086639
3237,0.6796875,0.71875,234.2251332,118.1550487,7,2055,2340,0,0,0,0,0,0,122.9567571,-109.1442389,94.81397991,0.00241402729,0,0,33,15,0.008132940583,0.008132940577,2.354999102
3238,0.671875,0.7109375,248.7410885,149.3997522,7,2340,2332,0,0,0,0,0,0,98.40248056,-88.51262881,79.51418275,0.00241402729,0,0,14,8,0.01016234544,0.01016234544,2.006034665
3239,0.6640625,0.71875,249.0362901,37.39895617,7,2340,1962,0,0,0,0,0,0,16.28898934,-201.7830518,15.67270617,0.00241402729,0,0,157,80,0.06139116301,0.06139116299,12.83911655
3240,0.671875,0.7265625,244.192228,153.1289048,7,2340,2335,0,0,0,0,0,0,14.13177935,-79.29980566,13.66558475,0.00241402729,0,0,176,87,0.07076249741,0.07076249738,12.40939155
3241,0.6953125,0.5703125,204.4264798,301.4927891,7,1833,2254,0,0,0,0,0,0,63.0630987,96.85212292,54.73105895,0.00241402729,0,0,63,32,0.0158571339,0.01585713389,0.185035551
3242,0.6953125,0.5859375,210.4637589,16.04143462,7,2254,2068,0,0,0,0,0,0,3.685347348,-190.4795344,3.652849664,0.00241402729,0,0,583,289,0.2713448437,0.2713448437,1.739481029
3243,0.7109375,0.5859375,210.6408077,96.14901484,7,2254,1953,0,0,0,0,0,0,2.418723134,-111.6628181,2.40468252,0.00241402729,0,0,630,311,0.4134412848,0.4134412847,4.60480944
3244,0.7109375,0.5703125,202.2956652,75.2075599,7,2254,1966,0,0,0,0,0,0,2.624649871,-123.6546591,2.608124854,0.00241402729,0,0,516,255,0.3810032001,0.3810032,3.219760011
3245,0.6875,0.5859375,210.3752345,103.4119696,7,2068,2473,0,0,0,0,0,0,2.549990076,-115.0368203,2.534389022,0.00241402729,0,0,717,355,0.3921583889,0.3921583888,4.162525645
3246,0.6953125,0.578125,207.4451193,71.18765365,7,2473,2254,0,0,0,0,0,0,4.76862211,-134.393164,4.714352446,0.00241402729,0,0,464,233,0.2097041823,0.2097041822,2.045327305
3247,0.6875,0.5703125,204.3379554,125.6168854,7,2473,1833,0,0,0,0,0,0,104.6828259,-90.95160169,83.56527851,0.00241402729,0,0,51,27,0.009552665311,0.009552665301,3.080226922
3248,0.6796875,0.578125,201.67276,52.37853074,7,2473,2312,0,0,0,0,0,0,11.31356591,-147.7118526,11.0127927,0.00241402729,0,0,304,149,0.08838946164,0.0883894616,17.30110613
3249,0.9375,0.6640625,289.5614083,221.4803253,7,2015,2248,0,0,0,0,0,0,511.4689142,-65.36603525,228.8758819,0.00241402729,0,0,17,6,0.001955153035,0.001955153031,1.678777282
3250,0.9296875,0.671875,296.1770298,201.3793209,7,2248,2192,0,0,0,0,0,0,409.5971912,-93.3031809,205.954122,0.00241402729,0,0,15,6,0.002441422992,0.002441422989,2.1806035
3251,0.9375,0.6796875,305.748863,281.2129412,7,2248,1884,0,0,0,0,0,0,855.573461,-23.36250321,279.1086611,0.00241402729,0,0,6,3,0.001168806707,0.001168806707,2.493250753
3252,0.9453125,0.6796875,314.1444466,199.0335401,7,1884,2249,0,0,0,0,0,0,224.3517783,-112.5031991,145.5325909,0.00241402729,0,0,21,11,0.004457285819,0.004457285815,5.268252082
3253,0.9609375,0.6796875,303.1067725,144.6435545,7,2249,2005,0,0,0,0,0,0,270.7180912,-160.2045455,163.722211,0.00241402729,0,0,23,11,0.003693879473,0.003693879469,3.90034041
3254,0.9609375,0.6640625,314.7481591,251.6085627,7,2249,1984,0,0,0,0,0,0,713.2740056,-56.12168216,262.053611,0.00241402729,0,0,13,5,0.001401985762,0.001401985758,2.526161888
3255,0.9453125,0.6640625,297.9569919,182.6159337,7,2249,2015,0,0,0,0,0,0,682.5840618,-111.1917216,257.7951908,0.00241402729,0,0,13,6,0.001465021022,0.00146502102,1.257591041
3256,0.9453125,0.671875,306.0507193,290.234644,7,2248,2249,0,0,0,0,0,0,2301.874645,-12.43755323,351.0674084,0.00241402729,0,0,8,3,0.0004344285221,0.0004344285196,0.6366681122
3257,0.75,0.46875,139.9922825,-22.34838706,5,1659,1876,0,0,0,0,0,0,116.2772904,-158.8139231,110.5001409,0.0004496306119,0,0,57,28,0.008600131607,0.008600131602,0.2803843019
3258,0.78125,0.4375,104.2462471,-81.28983809,5,1876,1873,0,0,0,0,0,0,105.7098487,-192.9252979,100.9133963,0.0004496306119,0,0,225,110,0.009459856503,0.009459856497,0.5809149943
3259,0.75,0.40625,120.0786774,86.57653878,5,1876,1706,0,0,0,0,0,0,300.5436825,-32.13534891,264.7650214,0.0004496306119,0,0,25,11,0.003327303345,0.003327303339,2.387137486
3260,0.71875,0.4375,129.5870721,40.56549802,5,1876,1826,0,0,0,0,0,0,125.8571569,-87.0042779,119.1164487,0.0004496306119,0,0,84,41,0.007945515573,0.007945515564,2.123522922
3261,0.796875,0.453125,96.33003201,173.0258002,6,1873,2235,0,0,0,0,0,0,5.037881706,64.92855431,4.977349255,0.00241402729,0,0,214,105,0.1984961256,0.1984961256,12.14091288
3262,0.765625,0.453125,122.1192648,42.9245143,6,2235,1876,0,0,0,0,0,0,8.057339653,-81.12598362,7.903609409,0.00241402729,0,0,250,124,0.1241104438,0.1241104437,5.469274964
3263,0.765625,0.484375,132.0760674,27.91447187,6,2235,1659,0,0,0,0,0,0,42.59489168,-105.0128502,38.62342871,0.00241402729,0,0,53,28,0.02347699361,0.0234769936,0.3098617259
3264,0.796875,0.484375,115.6446078,112.2898102,6,2235,1905,0,0,0,0,0,0,4175.226487,-9.079122931,376.8557429,0.00241402729,0,0,15,9,0.0002395079652,0.000239507965,0.2913987056
3265,0.796875,0.5,125.3018956,157.7812378,6,1905,2239,0,0,0,0,0,0,199.6806669,29.77646112,134.7341484,0.00241402729,0,0,21,15,0.005007996094,0.005007996091,3.143105257
3266,0.78125,0.484375,123.8603376,216.9479684,6,2239,2235,0,0,0,0,0,0,4.322914153,89.7998408,4.278267722,0.00241402729,0,0,28,16,0.2313254357,0.2313254357,0.8705667777
3267,0.765625,0.5,141.7333553,31.55472016,6,2239,1659,0,0,0,0,0,0,4.338629354,-108.0084455,4.293659413,0.00241402729,0,0,319,161,0.2304875384,0.2304875384,0.8958932849
3268,0.78125,0.515625,174.4990072,53.29929135,6,2239,1942,0,0,0,0,0,0,75.83485661,-108.0865763,64.10019898,0.00241402729,0,0,57,31,0.01318654831,0.0131865483,4.554760328
3269,0.7734375,0.5234375,199.097563,340.8710258,7,1942,2243,0,0,0,0,0,0,77.12854642,152.6828503,65.02206171,0.00241402729,0,0,58,29,0.01296536816,0.01296536815,0.2089292752
3270,0.7734375,0.5078125,158.1161813,173.4784854,7,2243,2239,0,0,0,0,0,0,13.36404628,12.89220638,12.94638085,0.00241402729,0,0,353,177,0.07482763673,0.07482763672,2.811989314
3271,0.7578125,0.5078125,166.3319111,59.98647206,7,2243,1659,0,0,0,0,0,0,1.463255964,-106.3790014,1.45810544,0.00241402729,0,0,1081,540,0.6834074316,0.6834074315,32.18395878
3272,0.7578125,0.5234375,177.0436542,200.8069692,7,2243,1965,0,0,0,0,0,0,4.365262774,22.64844899,4.319741924,0.00241402729,0,0,786,392,0.2290812837,0.2290812837,4.82109217
3273,0.703125,0.453125,134.3412695,99.40638417,6,1826,2405,0,0,0,0,0,0,25.81583452,-32.59233585,24.30137,0.00241402729,0,0,128,65,0.0387359161,0.03873591608,7.814466653
3274,0.703125,0.484375,147.0237271,122.1746457,6,2405,1853,0,0,0,0,0,0,35.842857,-26.81233523,32.9885056,0.00241402729,0,0,73,38,0.02789956169,0.02789956167,5.42155149
3275,0.734375,0.484375,144.7464799,108.8139988,6,2405,1659,0,0,0,0,0,0,322.0849764,-32.08048136,181.1988771,0.00241402729,0,0,23,10,0.003104770707,0.003104770702,4.406549626
3276,0.734375,0.453125,134.7896773,102.1544262,6,2405,1876,0,0,0,0,0,0,27.11214572,-29.86322976,25.44667462,0.00241402729,0,0,91,44,0.03688383834,0.03688383832,8.527970012
3277,0.734375,0.5,151.0877087,68.20876185,6,1659,2407,0,0,0,0,0,0,3.300446306,-81.17984874,3.27435829,0.00241402729,0,0,318,155,0.3029893255,0.3029893254,5.390012965
3278,0.71875,0.484375,145.8851035,119.2176767,6,2407,2405,0,0,0,0,0,0,395.1398428,-25.72305381,202.2335935,0.00241402729,0,0,21,11,0.002530749602,0.002530749599,2.221436619
3279,0.703125,0.5,153.3649559,-41.90770116,6,2407,1853,0,0,0,0,0,0,145.6729564,-199.3888126,107.7734925,0.00241402729,0,0,137,67,0.006864692149,0.006864692144,0.529865967
3280,0.71875,0.515625,167.9708023,99.15001227,6,2407,1954,0,0,0,0,0,0,2.554196024,-73.48663782,2.53854362,0.00241402729,0,0,488,240,0.3915126289,0.3915126288,8.204198219
3281,0.7109375,0.5234375,176.4123491,89.31465296,7,1954,2411,0,0,0,0,0,0,9.462464029,-84.49435901,9.251143431,0.00241402729,0,0,182,90,0.1056807188,0.1056807188,1.503290201
3282,0.7109375,0.5078125,160.6678791,67.78024535,7,2411,2407,0,0,0,0,0,0,10.86390344,-86.82697754,10.58627046,0.00241402729,0,0,294,145,0.09204794627,0.09204794623,13.40206871
3283,0.6953125,0.5078125,161.8065027,101.3360369,7,2411,1853,0,0,0,0,0,0,4.285095909,-57.3174364,4.24122326,0.00241402729,0,0,437,215,0.2333670054,0.2333670053,7.484094338
3284,0.6953125,0.5234375,173.5104368,111.886021,7,2411,2410,0,0,0,0,0,0,2.461756863,-60.2926958,2.447213688,0.00241402729,0,0,325,160,0.4062139584,0.4062139584,4.469388568
3285,0.5859375,0.6640625,210.8082638,-341.3357125,7,2059,2442,0,0,0,0,0,0,75.84701266,-553.9124211,64.10888384,0.00241402729,0,0,24,15,0.01318443489,0.01318443489,0.03969078095
3286,0.5703125,0.6640625,206.2924155,-4.919436295,7,2442,2084,0,0,0,0,0,0,1047.836857,-211.7826913,296.8791182,0.00241402729,0,0,3,3,0.0009543470372,0.0009543470372,0.01291898099
3287,0.5703125,0.6796875,233.1830931,197.4236279,7,2442,1831,0,0,0,0,0,0,298.9497213,-39.1441849,173.6391048,0.00241402729,0,0,23,14,0.003345044095,0.003345044092,3.960506095
3288,0.5859375,0.6796875,216.9521645,106.6902371,7,2442,2063,0,0,0,0,0,0,207.1134254,-112.1754835,138.0776917,0.00241402729,0,0,38,24,0.004828272229,0.004828272227,5.332926764
3289,0.5703125,0.65625,192.8470767,204.3629841,7,2084,2503,0,0,0,0,0,0,53.07959792,12.35200803,47.05072512,0.00241402729,0,0,182,87,0.01883963028,0.01883963026,5.447319241
3290,0.578125,0.6640625,208.5503397,378.3225035,7,2503,2442,0,0,0,0,0,0,5.187041828,168.6025217,5.12289468,0.00241402729,0,0,8,4,0.1927881118,0.1927881118,0.480379096
3291,0.5859375,0.65625,197.362925,85.02926871,7,2503,2059,0,0,0,0,0,0,1.098992535,-112.695161,1.096084625,0.00241402729,0,0,600,301,0.9099242877,0.9099242876,4.280745148
3292,0.578125,0.6484375,181.659662,58.48176739,7,2503,2441,0,0,0,0,0,0,1.31358598,-121.5336566,1.309433723,0.00241402729,0,0,774,384,0.761274873,0.7612748728,58.75790727
3293,0.5703125,0.5546875,190.6196594,183.4858276,7,1830,2294,0,0,0,0,0,0,8139.683214,-12.49051639,394.1846422,0.00241402729,0,0,5,3,0.000122854904,0.0001228549035,0.1494972657
3294,0.5859375,0.5546875,187.8143997,145.0008074,7,2294,1950,0,0,0,0,0,0,2344.263594,-44.27260566,352.0382422,0.00241402729,0,0,9,5,0.0004265731902,0.0004265731896,0.3901505319
3295,0.5859375,0.5390625,167.4613884,101.930448,7,2294,1948,0,0,0,0,0,0,340.4446541,-65.91645087,186.8683047,0.00241402729,0,0,8,5,0.002937335006,0.002937335006,2.580076038
3296,0.5703125,0.5390625,183.3679231,168.947805,7,2294,2276,0,0,0,0,0,0,1425.688675,-25.83650217,320.9816702,0.00241402729,0,0,4,3,0.0007014154054,0.0007014154053,0.8412675367
3297,0.5,0.609375,64.22855962,64.22855962,6,1700,2262,0,0,0,0,0,0,1e+300,0,1e+300,0,0,0,0,0,0,0,0
3298,0.515625,0.59375,101.4693387,91.97131177,6,2262,1946,0,0,0,0,0,0,305.9797454,-2.662641025,175.9876324,0.00241402729,0,0,17,9,0.003268190183,0.003268190179,3.025558879
3299,0.5,0.578125,86.21432139,74.12144431,6,2262,1836,0,0,0,0,0,0,145.7802143,-4.03633411,107.832189,0.00241402729,0,0,22,12,0.006859641445,0.006859641438,4.101465556
3300,0.484375,0.59375,77.86963447,75.52353697,6,2262,2039,0,0,0,0,0,0,1252.142952,5.992616257,311.2687233,0.00241402729,0,0,5,3,0.0007986308577,0.0007986308567,0.5860218877
3301,0.6875,0.765625,250.1078244,266.2844756,6,1859,2053,0,0,0,0,0,0,2726.144268,20.72397878,359.6028314,0.00241402729,0,0,10,3,0.0003668184446,0.0003668184431,0.8296818851
3302,0.671875,0.78125,241.7152302,225.2789734,6,2053,2049,0,0,0,0,0,0,5102.531728,-15.72916952,383.1405245,0.00241402729,0,0,10,4,0.000195981143,0.0001959811419,0.2977565447
3303,0.6875,0.796875,276.1922331,210.2466514,6,2053,1838,0,0,0,0,0,0,1326.741071,-60.97421969,315.6810924,0.00241402729,0,0,12,6,0.0007537265726,0.0007537265704,0.7937951822
3304,0.703125,0.78125,264.9760528,172.8065421,6,2053,2048,0,0,0,0,0,0,1010.075879,-86.10697788,293.767552,0.00241402729,0,0,12,6,0.000990024632,0.0009900246304,0.7655324906
3305,0.7109375,0.7890625,272.4101669,194.2152592,7,2048,2418,0,0,0,0,0,0,359.6326541,-71.37477236,192.5060319,0.00241402729,0,0,9,6,0.002780615132,0.00278061513,2.041203606
3306,0.6953125,0.7890625,270.5841429,164.17507,7,2418,2053,0,0,0,0,0,0,335.3815208,-100.8921256,185.3325528,0.00241402729,0,0,10,9,0.002981678888,0.002981678888,3.102031977
3307,0.6953125,0.8046875,283.6263473,275.3840069,7,2418,1838,0,0,0,0,0,0,1658.736611,-2.513375763,331.4665404,0.00241402729,0,0,5,4,0.0006028684684,0.0006028684682,0.799241748
3308,0.734375,0.8125,284.5418306,176.6988895,6,1894,2106,0,0,0,0,0,0,319.8621278,-88.58775536,180.4932212,0.00241402729,0,0,8,3,0.003126346989,0.003126346985,1.827722457
3309,0.71875,0.796875,276.4540548,189.3190729,6,2106,2048,0,0,0,0,0,0,1417.41223,-76.1698298,320.5602525,0.00241402729,0,0,12,4,0.0007055110566,0.0007055110548,0.5151918972
3310,0.703125,0.8125,287.6702352,287.6702352,6,2106,1838,0,0,0,0,0,0,1e+300,181.8481768,5567.11617,0,0,0,0,0,0,0,0
3311,0.703125,0.828125,297.3222133,297.3222133,6,1838,2051,0,0,0,0,0,0,1e+300,0,1e+300,0,0,0,0,0,0,0,0
3312,0.703125,0.859375,283.2678231,263.7526956,6,2051,1895,0,0,0,0,0,0,9.006840945e+11,-7.486022469e-08,414.2455239,0.00241402729,0,0,4,0,1.110267191e-12,0,1.110267191
3313,0.734375,0.859375,313.4977649,272.6209116,6,2051,1710,0,0,0,0,0,0,13872.13042,-10.82337316,402.2341256,0.00241402729,0,0,5,1,7.208698087e-05,7.208698049e-05,0.1699139073
3314,0.734375,0.828125,294.1938087,250.4211828,6,2051,1894,0,0,0,0,0,0,3330.391943,-20.91800871,368.4201656,0.00241402729,0,0,1,1,0.0003002649589,0.0003002649589,0.707744887
3315,0.71875,0.828125,295.758011,295.758011,6,2106,2051,0,0,0,0,0,0,1e+300,0,1e+300,0,0,0,0,0,0,0,0
3316,0.7109375,0.8046875,282.062145,251.5381472,7,2418,2106,0,0,0,0,0,0,2469.309267,-20.10443098,354.7358679,0.00241402729,0,0,4,1,0.0004049715495,0.0004049715482,0.9545454304
3317,0.6640625,0.6484375,218.7326397,31.78381044,7,1961,2309,0,0,0,0,0,0,3.905603019,-187.4318395,3.869124019,0.00241402729,0,0,432,219,0.2560424076,0.2560424075,5.873138902
3318,0.6796875,0.6484375,227.0141584,-5.74113676,7,2309,2070,0,0,0,0,0,0,9.353238733,-232.9843877,9.14671529,0.00241402729,0,0,281,143,0.1069148376,0.1069148375,2.207899341
3319,0.6796875,0.6328125,223.223168,-57.89283006,7,2309,1881,0,0,0,0,0,0,70.25780631,-279.731078,60.06972495,0.00241402729,0,0,15,9,0.01423329382,0.01423329381,0.2543547568
3320,0.6640625,0.6328125,221.9510389,230.5990738,7,2309,2069,0,0,0,0,0,0,10.05003142,9.318301802,9.811982421,0.00241402729,0,0,134,72,0.0995021765,0.09950217646,11.05069334
3321,0.6875,0.6328125,227.3639273,95.99746932,7,1881,2424,0,0,0,0,0,0,18.6282047,-129.8545791,17.82656213,0.00241402729,0,0,12,7,0.0536820384,0.05368203839,1.131527838
3322,0.6796875,0.640625,225.1186632,84.58283104,7,2424,2309,0,0,0,0,0,0,4.03220091,-139.9579184,3.993330458,0.00241402729,0,0,53,28,0.2480035153,0.2480035153,2.152374028
3323,0.6875,0.6484375,231.1549177,242.819696,7,2424,2070,0,0,0,0,0,0,11.75129466,11.56264459,11.42713044,0.00241402729,0,0,143,68,0.08509700667,0.08509700664,1.185818603
3324,0.6953125,0.640625,223.9134967,150.8351996,7,2424,2281,0,0,0,0,0,0,15.13214422,-72.0803715,14.59885662,0.00241402729,0,0,102,47,0.06608448778,0.06608448774,2.784088597
3325,0.8359375,0.6015625,211.2514849,168.6111779,7,1940,2133,0,0,0,0,0,0,233.2620731,-29.40895837,149.2303259,0.00241402729,0,0,23,9,0.004287023547,0.004287023541,2.862286862
3326,0.8203125,0.6015625,200.6689862,264.4174435,7,2133,1944,0,0,0,0,0,0,48.58624101,77.88917639,43.48585034,0.00241402729,0,0,31,12,0.02058195858,0.02058195857,0.7269169062
3327,0.8203125,0.6171875,208.2669702,79.02704852,7,2133,1887,0,0,0,0,0,0,42.33999576,-117.6564382,38.41373187,0.00241402729,0,0,21,12,0.02361833019,0.02361833018,1.175976446
3328,0.8359375,0.6171875,218.8494688,297.324532,7,2133,1939,0,0,0,0,0,0,245.8506935,89.14917617,154.2844008,0.00241402729,0,0,13,9,0.004067509373,0.004067509372,0.6600939336
3329,0.0625,0.765625,-72.8151675,-102.4068878,6,1757,2362,0,0,0,0,0,0,14.91564956,-29.46834925,14.39725084,0.00241402729,0,0,188,99,0.06704367758,0.06704367754,1.485896591
3330,0.046875,0.78125,-10.88945556,-50.30738366,6,2362,2080,0,0,0,0,0,0,34.0459177,-36.86988304,31.46026827,0.00241402729,0,0,153,79,0.02937209709,0.02937209706,2.586656381
3331,0.0625,0.796875,-92.39774522,-126.0668459,6,2362,1740,0,0,0,0,0,0,7.066190351,-34.82275029,6.94767704,0.00241402729,0,0,255,125,0.1415189728,0.1415189727,2.601829139
3332,0.125,0.78125,-113.0547612,-214.8781711,5,1674,1758,0,0,0,0,0,0,282.799239,-101.7887717,250.8964518,0.0004496306119,0,0,51,25,0.003536077408,0.003536077406,0.399976866
3333,0.09375,0.8125,-117.4131865,-112.3470667,5,1758,1740,0,0,0,0,0,0,38.17321036,3.548848574,37.5290673,0.0004496306119,0,0,376,194,0.02619638198,0.02619638195,11.82949571
3334,0.125,0.84375,-152.2199166,-109.9548448,5,1758,1671,0,0,0,0,0,0,56.90088404,39.74566872,55.48142619,0.0004496306119,0,0,79,34,0.01757441939,0.01757441937,5.736873624
3335,0.21875,0.78125,-263.5111127,-263.5111127,5,1647,1739,0,0,0,0,0,0,1e+300,0,1e+300,0,0,0,0,0,0,0,0
3336,0.15625,0.78125,-163.2068784,-163.2068784,5,1739,1674,0,0,0,0,0,0,1e+300,0,1e+300,0,0,0,0,0,0,0,0
3337,0.15625,0.84375,-202.3720338,-202.3720338,5,1739,1671,0,0,0,0,0,0,1e+300,0,1e+300,0,0,0,0,0,0,0,0
3338,0.21875,0.84375,-42.6351423,-42.6351423,5,1739,1684,0,0,0,0,0,0,1e+300,0,1e+300,0,0,0,0,0,0,0,0
3339,0.15625,0.8125,-182.7894561,-182.7894561,5,1758,1739,0,0,0,0,0,0,1e+300,0,1e+300,0,0,0,0,0,0,0,0
3340,0.078125,0.796875,-100.0098214,-133.7485009,6,1740,2079,0,0,0,0,0,0,5.158545872,-34.75488467,5.095097285,0.00241402729,0,0,507,261,0.1938530789,0.1938530788,3.700954268
3341,0.109375,0.796875,-115.2339738,-154.6152571,6,2079,1758,0,0,0,0,0,0,16.83296871,-40.1225998,16.17566652,0.00241402729,0,0,348,185,0.05940722741,0.05940722737,3.970349168
3342,0.109375,0.765625,-95.65139613,-89.56995032,6,2079,1674,0,0,0,0,0,0,26.20721727,6.617149938,24.64787123,0.00241402729,0,0,203,102,0.03815742778,0.03815742774,4.76669558
3343,0.078125,0.765625,-80.42724371,-174.7093863,6,2079,1757,0,0,0,0,0,0,47.00185409,-94.02132723,42.21228912,0.00241402729,0,0,228,114,0.02127575644,0.02127575641,7.648675718
3344,0.078125,0.78125,-90.21853257,-128.1804276,6,2362,2079,0,0,0,0,0,0,6.318004702,-38.33959,6.223091138,0.00241402729,0,0,286,138,0.1582778183,0.1582778182,2.945127722
3345,0.0546875,0.8046875,-61.43488925,-39.98107255,7,1740,2365,0,0,0,0,0,0,102.0263254,21.51250411,81.86374809,0.00241402729,0,0,50,26,0.009801391907,0.009801391896,7.305068248
3346,0.0546875,0.7890625,-51.64360039,-21.79279153,7,2365,2362,0,0,0,0,0,0,19.67858801,30.5480066,18.78615817,0.00241402729,0,0,86,41,0.05081665411,0.05081665409,2.343786873
3347,0.0390625,0.7890625,20.07340041,23.203282,7,2365,2080,0,0,0,0,0,0,10.80721954,6.890263673,10.53243953,0.00241402729,0,0,59,26,0.09253073805,0.09253073804,3.467172945
3348,0.015625,0.8125,45.60256638,141.1406517,6,1745,2369,0,0,0,0,0,0,60.55119805,96.0190506,52.82905631,0.00241402729,0,0,48,23,0.01651494986,0.01651494985,2.596383108
3349,0.03125,0.828125,47.51883261,63.65787025,6,2369,2081,0,0,0,0,0,0,307.2968803,17.77784893,176.4225588,0.00241402729,0,0,26,12,0.003254182076,0.00325418207,5.555000934
3350,0.046875,0.8125,-52.92516726,-69.1516417,6,2369,1740,0,0,0,0,0,0,709.6830306,-17.26092595,261.5673547,0.00241402729,0,0,16,7,0.001409079768,0.001409079766,2.328841107
3351,0.03125,0.796875,28.5831224,124.3896072,6,2369,2080,0,0,0,0,0,0,65.70019225,98.47372796,56.70643501,0.00241402729,0,0,51,25,0.01522065561,0.01522065561,1.104215468
3352,0.0390625,0.8046875,-12.17102243,34.25298757,7,2365,2369,0,0,0,0,0,0,40.67524887,47.24040583,37.0384049,0.00241402729,0,0,23,11,0.02458497558,0.02458497557,1.0658781
3353,0.6328125,0.6171875,212.9495703,133.7757033,7,1694,2310,0,0,0,0,0,0,436.611803,-80.88058284,212.5673475,0.00241402729,0,0,26,13,0.002290364102,0.002290364097,3.273510469
3354,0.6484375,0.6171875,214.2216994,153.3793757,7,2310,2069,0,0,0,0,0,0,1301.715802,-61.83438637,314.2436467,0.00241402729,0,0,25,11,0.0007682168398,0.0007682168317,0.8973974131
3355,0.6484375,0.6015625,198.0888795,76.23779419,7,2310,1952,0,0,0,0,0,0,8.156080122,-125.8917781,7.99859577,0.00241402729,0,0,30,13,0.1226079177,0.1226079176,0.9422990617
3356,0.6328125,0.6015625,205.5990303,165.6159229,7,2310,1951,0,0,0,0,0,0,9.03634057,-39.61778824,8.843430224,0.00241402729,0,0,30,17,0.1106642664,0.1106642664,0.9517857542
3357,0.6484375,0.625,222.2881093,175.8740704,7,2069,2430,0,0,0,0,0,0,692.8327964,-45.88178662,259.2435237,0.00241402729,0,0,15,9,0.001443349687,0.001443349684,2.382188558
3358,0.640625,0.6171875,213.5856348,159.1076372,7,2430,2310,0,0,0,0,0,0,238.3380493,-55.82738694,151.2916876,0.00241402729,0,0,25,14,0.004195721174,0.00419572117,4.625988261
3359,0.6328125,0.625,221.0159802,190.4935094,7,2430,1694,0,0,0,0,0,0,739.8098048,-30.70487174,265.5530395,0.00241402729,0,0,20,8,0.001351698766,0.00135169876,1.046469181
3360,0.625,0.671875,189.680074,-49.90553251,6,1860,2058,0,0,0,0,0,0,33.55094847,-238.4516903,31.03715881,0.00241402729,0,0,34,19,0.0298054167,0.0298054167,0.1768383741
3361,0.640625,0.65625,208.2003651,-56.29768459,6,2058,1961,0,0,0,0,0,0,9.230611376,-264.9185198,9.029409516,0.00241402729,0,0,489,246,0.108335186,0.1083351859,6.451319572
3362,0.625,0.640625,210.1466351,142.9285029,6,2058,1694,0,0,0,0,0,0,2.067957489,-67.1999784,2.057685306,0.00241402729,0,0,1060,521,0.4835689348,0.4835689347,5.029631089
3363,0.609375,0.65625,199.7671018,69.80387759,6,2058,2059,0,0,0,0,0,0,1.608364422,-130.1553604,1.602143881,0.00241402729,0,0,921,453,0.6217496399,0.6217496397,6.351829548
3364,0.6328125,0.6328125,219.4067806,144.745549,7,1694,2306,0,0,0,0,0,0,1.805924127,-75.42027109,1.798085284,0.00241402729,0,0,175,86,0.5537331193,0.5537331192,2.2592848
3365,0.6328125,0.6484375,209.1735001,100.4127226,7,2306,2058,0,0,0,0,0,0,1.77974098,-108.9619356,1.772127312,0.00241402729,0,0,652,327,0.5618795159,0.5618795158,7.429824771
3366,0.6484375,0.6484375,217.4605106,128.8596595,7,2306,1961,0,0,0,0,0,0,2.244335198,-89.79851448,2.232241169,0.00241402729,0,0,642,316,0.4455662419,0.4455662418,13.82051493
3367,0.6484375,0.6328125,220.6789098,202.4464096,7,2306,2069,0,0,0,0,0,0,7.341728004,-18.27688638,7.213875538,0.00241402729,0,0,161,74,0.1362077156,0.1362077155,14.45500026
3368,0.640625,0.6328125,220.0428452,167.2055774,7,2430,2306,0,0,0,0,0,0,440.9098565,-53.23898061,213.5809921,0.00241402729,0,0,10,3,0.002268037299,0.002268037294,1.93468702
3369,0.6796875,0.65625,228.9096536,39.79433629,7,2070,2425,0,0,0,0,0,0,24.94340813,-190.1514161,23.52676585,0.00241402729,0,0,235,119,0.04009075242,0.0400907524,17.56454999
3370,0.671875,0.6484375,222.8733991,86.83841068,7,2425,2309,0,0,0,0,0,0,2.827121265,-136.3910397,2.807957662,0.00241402729,0,0,541,271,0.3537166985,0.3537166984,24.01773388
3371,0.6640625,0.65625,220.6281349,81.84103816,7,2425,1961,0,0,0,0,0,0,3.103809495,-140.0771132,3.080726594,0.00241402729,0,0,309,152,0.3221847223,0.3221847222,3.798690147
3372,0.6640625,0.6640625,226.1807972,206.7738607,7,1961,2308,0,0,0,0,0,0,4727.768772,-20.32065048,380.8735137,0.00241402729,0,0,5,1,0.0002115162666,0.0002115162658,0.1918833168
3373,0.6640625,0.6796875,226.6140733,223.2461147,7,2308,2057,0,0,0,0,0,0,4010.677316,-3.001218051,375.4653328,0.00241402729,0,0,5,2,0.0002493344443,0.000249334443,0.3908126861
3374,0.6796875,0.6796875,245.5676405,215.2481374,7,2308,1832,0,0,0,0,0,0,2050.096435,-30.2266944,344.6125928,0.00241402729,0,0,3,2,0.0004877819322,0.0004877819313,0.9273001527
3375,0.6796875,0.6640625,234.4623159,206.555035,7,2308,2070,0,0,0,0,0,0,1914.872127,-28.56707715,340.5698323,0.00241402729,0,0,2,1,0.0005222280829,0.0005222280825,0.9927841699
3376,0.671875,0.6640625,230.3215566,231.1083116,7,2425,2308,0,0,0,0,0,0,5.759085468e+11,-1.110381334e-07,414.2455238,0.00241402729,0,0,3,0,1.736386802e-12,0,1.736386802
3377,0.6953125,0.6796875,244.362474,244.362474,7,1832,2278,0,0,0,0,0,0,1e+300,0,1e+300,0,0,0,0,0,0,0,0
3378,0.7109375,0.6796875,244.7341127,244.7341127,7,2278,1970,0,0,0,0,0,0,1e+300,0,1e+300,0,0,0,0,0,0,0,0
3379,0.7109375,0.6640625,222.5652977,222.5652977,7,2278,1964,0,0,0,0,0,0,1e+300,0,1e+300,0,0,0,0,0,0,0,0
3380,0.6953125,0.6640625,233.2571494,233.2571494,7,2278,2070,0,0,0,0,0,0,1e+300,0,1e+300,0,0,0,0,0,0,0,0
3381,0.6953125,0.65625,227.7044871,101.9302676,7,2070,2427,0,0,0,0,0,0,28.25122898,-128.1029487,26.44752775,0.00241402729,0,0,181,92,0.0353966902,0.03539669017,20.88678263
3382,0.703125,0.6640625,227.9112236,227.9112236,7,2427,2278,0,0,0,0,0,0,1e+300,0,1e+300,0,0,0,0,0,0,0,0
3383,0.7109375,0.65625,217.0126354,93.80227433,7,2427,1964,0,0,0,0,0,0,51.70486677,-124.9529842,45.96736059,0.00241402729,0,0,118,55,0.01934053915,0.01934053913,10.30262324
3384,0.703125,0.6484375,220.4630661,74.55760179,7,2427,2281,0,0,0,0,0,0,11.33160679,-147.1341341,11.02988636,0.00241402729,0,0,299,147,0.08824873813,0.08824873806,51.9448507
3385,0.671875,0.453125,138.0756691,82.24361415,6,1826,2404,0,0,0,0,0,0,144.9090875,-47.89255389,107.3548168,0.00241402729,0,0,61,26,0.006900878457,0.006900878448,7.377735956
3386,0.640625,0.453125,141.8100687,112.9949368,6,2404,1854,0,0,0,0,0,0,103.733299,-15.27867928,82.9590958,0.00241402729,0,0,35,19,0.009640106019,0.00964010601,10.46230554
3387,0.640625,0.484375,155.9496787,89.32074032,6,2404,1707,0,0,0,0,0,0,472.2843993,-45.98608384,220.6825662,0.00241402729,0,0,16,10,0.002117368267,0.002117368266,2.600261078
3388,0.671875,0.484375,150.7581267,98.81617441,6,2404,1853,0,0,0,0,0,0,140.0284148,-48.30825457,104.6524832,0.00241402729,0,0,47,20,0.007141407703,0.00714140769,6.224196643
3389,0.671875,0.5,157.0993555,74.66679447,6,1853,2409,0,0,0,0,0,0,35.78410643,-80.95176497,32.93873318,0.00241402729,0,0,86,40,0.02794536736,0.02794536734,8.368777768
3390,0.65625,0.484375,153.3539027,148.1498596,6,2409,2404,0,0,0,0,0,0,3622.489085,6.934233009,371.7360775,0.00241402729,0,0,17,7,0.0002760532818,0.0002760532777,0.4673798338
3391,0.640625,0.5,162.2909076,78.51242077,6,2409,1707,0,0,0,0,0,0,818.1537003,-65.28853386,275.0054541,0.00241402729,0,0,34,15,0.001222264227,0.001222264225,0.6386369181
3392,0.65625,0.515625,171.3990656,93.41679946,6,2409,1955,0,0,0,0,0,0,26.9187279,-69.81820105,25.27621514,0.00241402729,0,0,97,48,0.03714885799,0.03714885796,10.00186014
3393,0.6484375,0.5234375,178.5489207,184.0709683,7,1955,2449,0,0,0,0,0,0,167.44996,10.85991186,119.2469227,0.00241402729,0,0,38,20,0.005971933346,0.005971933341,1.13048887
3394,0.6484375,0.5078125,166.8449866,103.8462155,7,2449,2409,0,0,0,0,0,0,114.1443168,-55.83959751,89.48652808,0.00241402729,0,0,50,26,0.008760839156,0.008760839151,2.869249394
3395,0.6328125,0.5078125,169.4407626,89.45858773,7,2449,1707,0,0,0,0,0,0,61.78503613,-64.31842284,53.76582264,0.00241402729,0,0,67,33,0.01618514875,0.01618514874,3.261698181
3396,0.625,0.515625,171.4094516,55.88646007,6,1707,1949,0,0,0,0,0,0,61.79270472,-93.33998985,53.77162968,0.00241402729,0,0,61,33,0.01618314014,0.01618314013,2.817405942
3397,0.609375,0.53125,166.9072363,108.5990144,6,1949,1948,0,0,0,0,0,0,54.40423433,-48.57244753,48.08859955,0.00241402729,0,0,47,24,0.01838092223,0.01838092221,2.794764938
3398,0.625,0.546875,184.4549878,221.1493187,6,1949,1856,0,0,0,0,0,0,236.0627331,49.25427342,150.3716576,0.00241402729,0,0,34,13,0.004236162087,0.004236162078,0.6234464862
3399,0.640625,0.53125,180.5176097,82.49694292,6,1949,1955,0,0,0,0,0,0,66.15047954,-86.16355287,57.04156542,0.00241402729,0,0,25,9,0.01511704839,0.01511704838,1.033930461
3400,0.6328125,0.5234375,175.9635307,116.9232427,7,2449,1949,0,0,0,0,0,0,45.92906944,-48.18806557,41.34498451,0.00241402729,0,0,55,27,0.02177270326,0.02177270326,2.452572769
3401,0.8671875,0.65625,238.1298696,154.9559217,7,1987,2305,0,0,0,0,0,0,266.0925846,-90.2553553,162.0189444,0.00241402729,0,0,12,7,0.003758090446,0.003758090445,3.694980626
3402,0.859375,0.6484375,250.3201172,136.6035814,7,2305,2121,0,0,0,0,0,0,212.6529115,-114.2533515,140.5180038,0.00241402729,0,0,18,10,0.004702498512,0.004702498509,4.558214289
3403,0.8515625,0.65625,253.2443307,232.9979817,7,2305,1935,0,0,0,0,0,0,1532.777481,-22.53780028,326.1113039,0.00241402729,0,0,9,5,0.00065241042,0.0006524104193,0.7268362327
3404,0.8515625,0.6640625,264.1060506,227.9342506,7,1935,2120,0,0,0,0,0,0,2108.563988,-37.71921739,346.2263758,0.00241402729,0,0,5,3,0.0004742564161,0.0004742564154,0.8589435595
3405,0.8515625,0.6796875,265.5001796,251.982811,7,2120,1988,0,0,0,0,0,0,536.2751466,-16.47740067,233.7135698,0.00241402729,0,0,11,6,0.001864714422,0.001864714421,2.018631312
3406,0.8671875,0.6796875,270.7150294,168.1738376,7,2120,1908,0,0,0,0,0,0,321.8188546,-107.3904974,181.1146198,0.00241402729,0,0,14,7,0.003107338136,0.003107338134,3.620740104
3407,0.8671875,0.6640625,248.9915895,153.3861385,7,2120,1987,0,0,0,0,0,0,597.1454391,-101.9428245,244.5788368,0.00241402729,0,0,11,6,0.001674633907,0.001674633905,1.800569021
3408,0.859375,0.6640625,256.5488201,197.029221,7,2305,2120,0,0,0,0,0,0,1083.851225,-63.46199448,299.7006161,0.00241402729,0,0,3,2,0.0009226358533,0.0009226358527,1.015908657
3409,0.03125,0.5,-462.7091267,-648.8114823,5,1642,1753,0,0,0,0,0,0,13.30223221,-186.0788523,13.22314339,0.0004496306119,0,0,167,82,0.07517535283,0.07517535281,0.7845124397
3410,0.0625,0.53125,-339.377886,-289.0834414,5,1753,1734,0,0,0,0,0,0,1.3516812,50.30315146,1.350860204,0.0004496306119,0,0,449,230,0.7398194192,0.7398194191,2.713365726
3411,0.09375,0.5,-240.5739542,-166.6674462,5,1753,1679,0,0,0,0,0,0,3.399139544,73.9023405,3.393952372,0.0004496306119,0,0,275,147,0.2941920998,0.2941920998,1.210598087
3412,0.09375,0.40625,-270.859175,-240.1647242,5,1663,1727,0,0,0,0,0,0,1.608744934,30.71156884,1.607582104,0.0004496306119,0,0,265,127,0.6216025789,0.6216025789,2.609478634
3413,0.03125,0.40625,-725.4754324,-361.7923937,5,1727,1666,0,0,0,0,0,0,4.523910893,363.3948736,4.514727536,0.0004496306119,0,0,142,71,0.2210476784,0.2210476783,0.8118598854
3414,0.03125,0.46875,-472.8042003,-603.2449968,5,1727,1642,0,0,0,0,0,0,26.13215434,-130.4101981,25.82867218,0.0004496306119,0,0,163,79,0.03826703252,0.0382670325,0.5243356841
3415,0.09375,0.46875,-250.6690278,-183.6759032,5,1727,1679,0,0,0,0,0,0,1.616896947,66.99605225,1.615722307,0.0004496306119,0,0,263,126,0.6184686054,0.6184686054,3.350306784
3416,0.0625,0.46875,-361.7366141,-544.5504556,5,1753,1727,0,0,0,0,0,0,39.09143395,-182.7970785,38.41620366,0.0004496306119,0,0,57,25,0.02558105188,0.02558105187,0.378070209
3417,0.046875,0.546875,-388.7798519,-358.2155245,6,1734,2029,0,0,0,0,0,0,9.519277908,30.57947147,9.305440771,0.00241402729,0,0,306,151,0.1050499848,0.1050499848,1.760109682
3418,0.046875,0.515625,-401.0435063,-327.9691423,6,2029,1753,0,0,0,0,0,0,6.484634601,73.09046909,6.384688151,0.00241402729,0,0,318,156,0.1542106937,0.1542106936,1.546711254
3419,0.015625,0.515625,-512.1110926,-617.9623407,6,2029,1642,0,0,0,0,0,0,8.251646283,-105.8213077,8.09048623,0.00241402729,0,0,1002,504,0.1211879382,0.121187938,2.682394187
3420,0.015625,0.546875,-422.7933408,-481.6001259,6,2029,1738,0,0,0,0,0,0,11.65983835,-58.78085738,11.34063169,0.00241402729,0,0,990,499,0.08576448229,0.08576448208,2.567948345
3421,0.984375,1,72.7145941,227.6931373,6,1640,2743,0,0,0,0,0,0,16.30800606,-203.118854,15.69031037,0.00241402729,0,0,75,37,0.06131957496,0.06131957494,6.842124757
3422,0.96875,0.984375,221.7367826,962.8531062,6,2743,1928,0,0,0,0,0,0,15.79557757,380.1425925,15.21539983,0.00241402729,0,0,109,55,0.06330885945,0.06330885943,7.114231885
3423,0.953125,1,218.1437823,353.6316117,6,2743,1911,0,0,0,0,0,0,666.6059397,-180.4215999,255.4824008,0.00241402729,0,0,34,18,0.001500136648,0.001500136642,2.326820677
