gx,gy,wala,wac,g_hat,f_true
0.008333333333,0.008333333333,0.5,2.641666667,-372.8588733,-0.8640915728
0.008333333333,0.025,0.5,2.725,-404.7774038,-7.297505575
0.008333333333,0.04166666667,0.5,2.808333333,-436.6959344,-20.99148245
0.008333333333,0.05833333333,0.5,2.891666667,-468.6144649,-39.32938755
0.008333333333,0.075,0.5,2.975,-500.5329954,-59.03741802
0.008333333333,0.09166666667,0.5,3.058333333,-532.4515259,-77.40011661
0.008333333333,0.1083333333,0.5,3.141666667,-564.3700564,-92.82658137
0.008333333333,0.125,0.5,3.225,-596.2885869,-104.7546174
0.008333333333,0.1416666667,0.5,3.308333333,-626.8253178,-113.242574
0.008333333333,0.1583333333,0.5,3.391666667,-657.3620487,-118.5668626
0.008333333333,0.175,0.5,3.475,-687.8987795,-120.9571887
0.008333333333,0.1916666667,0.5,3.558333333,-718.4355104,-120.4696915
0.008333333333,0.2083333333,0.5,3.641666667,-748.9722413,-116.9643458
0.008333333333,0.225,0.5,3.725,-779.5089721,-110.1773951
0.008333333333,0.2416666667,0.5,3.808333333,-810.045703,-99.91468771
0.008333333333,0.2583333333,0.5,3.891666667,-803.3264582,-86.39272215
0.008333333333,0.275,0.5,3.975,-833.9876731,-70.67243327
0.008333333333,0.2916666667,0.5,4.058333333,-864.648888,-54.95602846
0.008333333333,0.3083333333,0.5,4.141666667,-895.3101029,-42.37490881
0.008333333333,0.325,0.5,4.225,-925.9713177,-36.05007366
0.008333333333,0.3416666667,0.5,4.308333333,-956.6325326,-37.75623696
0.008333333333,0.3583333333,0.5,4.391666667,-987.2937475,-47.03733289
0.008333333333,0.375,0.5,4.475,-1017.954962,-61.44156142
0.008333333333,0.3916666667,0.5,4.558333333,-950.6579642,-77.69228369
0.008333333333,0.4083333333,0.5,4.641666667,-883.360966,-92.95073879
0.008333333333,0.425,0.5,4.725,-816.0639677,-105.4734802
0.008333333333,0.4416666667,0.5,4.808333333,-748.7669695,-114.5811994
0.008333333333,0.4583333333,0.5,4.891666667,-681.4699713,-120.2683729
0.008333333333,0.475,0.5,4.975,-614.1729731,-122.7895217
0.008333333333,0.4916666667,0.5,5.058333333,-546.8759748,-122.3762565
0.008333333333,0.5083333333,0.5,5.141666667,-540.9122608,-119.0956993
0.008333333333,0.525,0.5,5.225,-493.2764014,-112.8166181
0.008333333333,0.5416666667,0.5,5.308333333,-445.640542,-103.2696515
0.008333333333,0.5583333333,0.5,5.391666667,-398.0046825,-90.22412051
0.008333333333,0.575,0.5,5.475,-380.8969009,-73.81160652
0.008333333333,0.5916666667,0.5,5.558333333,-333.2610415,-54.95682646
0.008333333333,0.6083333333,0.5,5.641666667,-285.6251821,-35.70977599
0.008333333333,0.625,0.5,5.725,-212.3790604,-19.11422478
0.008333333333,0.6416666667,0.5,5.808333333,-180.900011,-8.352190339
0.008333333333,0.6583333333,0.5,5.891666667,-84.79534612,-5.416992117
0.008333333333,0.675,0.5,5.975,11.30931872,-10.12669002
0.008333333333,0.6916666667,0.5,6.058333333,86.52328613,-20.21430485
0.008333333333,0.7083333333,0.5,6.141666667,39.36301083,-32.42436693
0.008333333333,0.725,0.5,6.225,-7.797264462,-43.8120712
0.008333333333,0.7416666667,0.5,6.308333333,-54.95753976,-52.49117618
0.008333333333,0.7583333333,0.5,6.391666667,42.26069027,-57.67304086
0.008333333333,0.775,0.5,6.475,63.02347654,-59.2993961
0.008333333333,0.7916666667,0.5,6.558333333,57.91686693,-57.61972215
0.008333333333,0.8083333333,0.5,6.641666667,75.3785868,-52.89032989
0.008333333333,0.825,0.5,6.725,102.2216763,-45.21769449
0.008333333333,0.8416666667,0.5,6.808333333,135.9191605,-34.5132853
0.008333333333,0.8583333333,0.5,6.891666667,169.6166448,-20.54208771
0.008333333333,0.875,0.5,6.975,193.9327593,-3.083521217
0.008333333333,0.8916666667,0.5,7.058333333,175.0412403,17.76287081
0.008333333333,0.9083333333,0.5,7.141666667,156.1497213,41.1525246
0.008333333333,0.925,0.5,7.225,137.2582023,65.13426179
0.008333333333,0.9416666667,0.5,7.308333333,118.3666833,86.70593491
0.008333333333,0.9583333333,0.5,7.391666667,99.47516432,102.5827685
0.008333333333,0.975,0.5,7.475,80.58364532,110.5032012
0.008333333333,0.9916666667,0.5,7.558333333,61.69212632,110.3064204
0.025,0.008333333333,1.5,2.641666667,-370.1324677,-9.16747797
0.025,0.025,1.5,2.725,-358.2628109,-11.45467449
0.025,0.04166666667,1.5,2.808333333,-390.1813414,-21.62161862
0.025,0.05833333333,1.5,2.891666667,-422.0998719,-37.76279081
0.025,0.075,1.5,2.975,-454.0184024,-56.72171
0.025,0.09166666667,1.5,3.058333333,-485.9369329,-75.42289511
0.025,0.1083333333,1.5,3.141666667,-517.8554635,-91.7608063
0.025,0.125,1.5,3.225,-549.773994,-104.7624114
0.025,0.1416666667,1.5,3.308333333,-580.3107248,-114.2681662
0.025,0.1583333333,1.5,3.391666667,-610.8474557,-120.4995882
0.025,0.175,1.5,3.475,-641.3841866,-123.7287351
0.025,0.1916666667,1.5,3.558333333,-671.9209174,-124.0949461
0.025,0.2083333333,1.5,3.641666667,-702.4576483,-121.5398461
0.025,0.225,1.5,3.725,-732.9943792,-115.8367379
0.025,0.2416666667,1.5,3.808333333,-726.5580397,-106.7263058
0.025,0.2583333333,1.5,3.891666667,-719.8387949,-94.19239178
0.025,0.275,1.5,3.975,-712.8366448,-78.87151634
0.025,0.2916666667,1.5,4.058333333,-743.4978597,-62.45075742
0.025,0.3083333333,1.5,4.141666667,-774.1590746,-47.72488494
0.025,0.325,1.5,4.225,-804.8202895,-37.97458489
0.025,0.3416666667,1.5,4.308333333,-835.4815043,-35.72093911
0.025,0.3583333333,1.5,4.391666667,-866.1427192,-41.52895231
0.025,0.375,1.5,4.475,-896.8039341,-53.71634533
0.025,0.3916666667,1.5,4.558333333,-829.5069359,-69.19494021
0.025,0.4083333333,1.5,4.641666667,-762.2099377,-84.80635109
0.025,0.425,1.5,4.725,-694.9129394,-98.29323424
0.025,0.4416666667,1.5,4.808333333,-627.6159412,-108.5439788
0.025,0.4583333333,1.5,4.891666667,-560.318943,-115.3112531
0.025,0.475,1.5,4.975,-493.0219448,-118.7779362
0.025,0.4916666667,1.5,5.058333333,-487.6338562,-119.2093582
0.025,0.5083333333,1.5,5.141666667,-481.6701422,-116.7533146
0.025,0.525,1.5,5.225,-475.1308026,-111.3627056
0.025,0.5416666667,1.5,5.308333333,-427.4949432,-102.8137319
0.025,0.5583333333,1.5,5.391666667,-379.8590838,-90.82711198
0.025,0.575,1.5,5.475,-378.015341,-75.32571555
0.025,0.5916666667,1.5,5.558333333,-376.1715982,-56.83207953
0.025,0.6083333333,1.5,5.641666667,-302.9254765,-36.88218167
0.025,0.625,1.5,5.725,-204.0690925,-18.14507043
0.025,0.6416666667,1.5,5.808333333,-237.2156585,-3.892372943
0.025,0.6583333333,1.5,5.891666667,-205.7366091,3.196037644
0.025,0.675,1.5,5.975,-87.24363786,2.283884681
0.025,0.6916666667,1.5,6.058333333,-4.566901651,-5.190157067
0.025,0.7083333333,1.5,6.141666667,-51.72717695,-16.23718473
0.025,0.725,1.5,6.225,-98.88745224,-27.64403442
0.025,0.7416666667,1.5,6.308333333,-63.20115002,-37.02167993
0.025,0.7583333333,1.5,6.391666667,21.08238206,-43.13575493
0.025,0.775,1.5,6.475,76.35495636,-45.66873876
0.025,0.7916666667,1.5,6.558333333,55.01258241,-44.7879691
0.025,0.8083333333,1.5,6.641666667,23.76700927,-40.78159498
0.025,0.825,1.5,6.725,55.30078363,-33.84154112
0.025,0.8416666667,1.5,6.808333333,103.0703223,-23.97344372
0.025,0.8583333333,1.5,6.891666667,127.3864369,-11.00380092
0.025,0.875,1.5,6.975,142.3211818,5.31279695
0.025,0.8916666667,1.5,7.058333333,123.4296628,25.05416107
0.025,0.9083333333,1.5,7.141666667,104.5381438,47.74698928
0.025,0.925,1.5,7.225,85.64662478,71.94233008
0.025,0.9416666667,1.5,7.308333333,66.75510578,95.03978884
0.025,0.9583333333,1.5,7.391666667,47.86358678,113.7281353
0.025,0.975,1.5,7.475,28.97206778,125.1200473
0.025,0.9916666667,1.5,7.558333333,75.52066585,128.0463734
0.04166666667,0.008333333333,2.5,2.641666667,-367.4060621,-19.23107012
0.04166666667,0.025,2.5,2.725,-355.5364053,-16.99360828
0.04166666667,0.04166666667,2.5,2.808333333,-343.6667484,-22.80819174
0.04166666667,0.05833333333,2.5,2.891666667,-375.5852789,-35.78810116
0.04166666667,0.075,2.5,2.975,-407.5038095,-53.22492352
0.04166666667,0.09166666667,2.5,3.058333333,-439.42234,-71.84970291
0.04166666667,0.1083333333,2.5,3.141666667,-471.3408705,-89.01639829
0.04166666667,0.125,2.5,3.225,-503.259401,-103.2148659
0.04166666667,0.1416666667,2.5,3.308333333,-533.7961319,-113.9399088
0.04166666667,0.1583333333,2.5,3.391666667,-564.3328627,-121.2751057
0.04166666667,0.175,2.5,3.475,-594.8695936,-125.4979493
0.04166666667,0.1916666667,2.5,3.558333333,-625.4063245,-126.8258197
0.04166666667,0.2083333333,2.5,3.641666667,-655.9430553,-125.2976039
0.04166666667,0.225,2.5,3.725,-649.5067159,-120.7577357
0.04166666667,0.2416666667,2.5,3.808333333,-643.0703764,-112.9360745
0.04166666667,0.2583333333,2.5,3.891666667,-636.3511316,-101.6512547
0.04166666667,0.275,2.5,3.975,-629.3489815,-87.16176457
0.04166666667,0.2916666667,2.5,4.058333333,-622.3468314,-70.59998694
0.04166666667,0.3083333333,2.5,4.141666667,-653.0080463,-54.24573396
0.04166666667,0.325,2.5,4.225,-683.6692612,-41.26523736
0.04166666667,0.3416666667,2.5,4.308333333,-714.330476,-34.72455217
0.04166666667,0.3583333333,2.5,4.391666667,-744.9916909,-36.25475207
0.04166666667,0.375,2.5,4.475,-775.6529058,-45.23248819
0.04166666667,0.3916666667,2.5,4.558333333,-708.3559076,-59.09880499
0.04166666667,0.4083333333,2.5,4.641666667,-641.0589094,-74.56751271
0.04166666667,0.425,2.5,4.725,-573.7619111,-88.86162556
0.04166666667,0.4416666667,2.5,4.808333333,-506.4649129,-100.3174921
0.04166666667,0.4583333333,2.5,4.891666667,-439.1679147,-108.3151644
0.04166666667,0.475,2.5,4.975,-433.7798262,-112.8771247
0.04166666667,0.4916666667,2.5,5.058333333,-428.3917376,-114.2610227
0.04166666667,0.5083333333,2.5,5.141666667,-422.4280236,-112.6875113
0.04166666667,0.525,2.5,5.225,-415.888684,-108.20749
0.04166666667,0.5416666667,2.5,5.308333333,-409.3493444,-100.6749975
0.04166666667,0.5583333333,2.5,5.391666667,-361.713485,-89.81468563
0.04166666667,0.575,2.5,5.475,-359.8697422,-75.40840439
0.04166666667,0.5916666667,2.5,5.558333333,-347.679776,-57.62924933
0.04166666667,0.6083333333,2.5,5.641666667,-294.6155086,-37.47470714
0.04166666667,0.625,2.5,5.725,-195.7591246,-17.07899395
0.04166666667,0.6416666667,2.5,5.808333333,-228.9056906,0.4649756892
0.04166666667,0.6583333333,2.5,5.891666667,-239.6639502,12.01068764
0.04166666667,0.675,2.5,5.975,-178.3338256,15.6915775
0.04166666667,0.6916666667,2.5,6.058333333,-95.65708943,11.84890344
0.04166666667,0.7083333333,2.5,6.141666667,-142.8173647,2.856138887
0.04166666667,0.725,2.5,6.225,-107.1310625,-8.023006517
0.04166666667,0.7416666667,2.5,6.308333333,-71.44476028,-17.9139873
0.04166666667,0.7583333333,2.5,6.391666667,-25.96532202,-25.02668518
0.04166666667,0.775,2.5,6.475,13.07148793,-28.65284719
0.04166666667,0.7916666667,2.5,6.558333333,3.401004873,-28.78482059
0.04166666667,0.8083333333,2.5,6.641666667,-27.84456827,-25.69796412
0.04166666667,0.825,2.5,6.725,3.689206096,-19.66030296
0.04166666667,0.8416666667,2.5,6.808333333,46.76805997,-10.78476482
0.04166666667,0.8583333333,2.5,6.891666667,75.77485935,1.009421759
0.04166666667,0.875,2.5,6.975,90.70960425,15.94156221
0.04166666667,0.8916666667,2.5,7.058333333,71.81808525,34.19959868
0.04166666667,0.9083333333,2.5,7.141666667,52.92656625,55.62426434
0.04166666667,0.925,2.5,7.225,34.03504725,79.28081427
0.04166666667,0.9416666667,2.5,7.308333333,15.14352825,103.1145923
0.04166666667,0.9583333333,2.5,7.391666667,-3.74799075,124.0512491
0.04166666667,0.975,2.5,7.475,42.80060732,138.8173115
0.04166666667,0.9916666667,2.5,7.558333333,89.34920539,145.2607435
0.05833333333,0.008333333333,3.5,2.641666667,-364.6796565,-31.1198677
0.05833333333,0.025,3.5,2.725,-352.8099996,-24.33440166
0.05833333333,0.04166666667,3.5,2.808333333,-340.9403428,-25.13213795
0.05833333333,0.05833333333,3.5,2.891666667,-329.070686,-33.88129439
0.05833333333,0.075,3.5,2.975,-360.9892165,-48.73622267
0.05833333333,0.09166666667,3.5,3.058333333,-392.907747,-66.55801876
0.05833333333,0.1083333333,3.5,3.141666667,-424.8262775,-84.24882894
0.05833333333,0.125,3.5,3.225,-456.744808,-99.66321499
0.05833333333,0.1416666667,3.5,3.308333333,-487.2815389,-111.7922574
0.05833333333,0.1583333333,3.5,3.391666667,-517.8182698,-120.4540092
0.05833333333,0.175,3.5,3.475,-548.3550006,-125.8603359
0.05833333333,0.1916666667,3.5,3.558333333,-578.8917315,-128.2817586
0.05833333333,0.2083333333,3.5,3.641666667,-572.4553921,-127.8598005
0.05833333333,0.225,3.5,3.725,-566.0190526,-124.5387417
0.05833333333,0.2416666667,3.5,3.808333333,-559.5827132,-118.0920109
0.05833333333,0.2583333333,3.5,3.891666667,-552.8634684,-108.2539649
0.05833333333,0.275,3.5,3.975,-545.8613182,-94.99080619
0.05833333333,0.2916666667,3.5,4.058333333,-538.8591681,-78.90706839
0.05833333333,0.3083333333,3.5,4.141666667,-531.857018,-61.64818098
0.05833333333,0.325,3.5,4.225,-562.5182329,-45.97477084
0.05833333333,0.3416666667,3.5,4.308333333,-593.1794478,-35.16517247
0.05833333333,0.3583333333,3.5,4.391666667,-623.8406626,-31.78252775
0.05833333333,0.375,3.5,4.475,-654.5018775,-36.462156
0.05833333333,0.3916666667,3.5,4.558333333,-587.2048793,-47.58252574
0.05833333333,0.4083333333,3.5,4.641666667,-519.9078811,-62.07646418
0.05833333333,0.425,3.5,4.725,-452.6108829,-76.76555735
0.05833333333,0.4416666667,3.5,4.808333333,-385.3138846,-89.35248466
0.05833333333,0.4583333333,3.5,4.891666667,-379.9257961,-98.68822641
0.05833333333,0.475,3.5,4.975,-374.5377076,-104.5016311
0.05833333333,0.4916666667,3.5,5.058333333,-369.149619,-106.9655254
0.05833333333,0.5083333333,3.5,5.141666667,-363.185905,-106.3445281
0.05833333333,0.525,3.5,5.225,-356.6465654,-102.7905854
0.05833333333,0.5416666667,3.5,5.308333333,-350.1072258,-96.26231174
0.05833333333,0.5583333333,3.5,5.391666667,-343.5678862,-86.54030288
0.05833333333,0.575,3.5,5.475,-316.1138811,-73.34467135
0.05833333333,0.5916666667,3.5,5.558333333,-278.3136526,-56.58795892
0.05833333333,0.6083333333,3.5,5.641666667,-240.5134241,-36.76924197
0.05833333333,0.625,3.5,5.725,-187.4491567,-15.39141968
0.05833333333,0.6416666667,3.5,5.808333333,-198.2074163,4.903386509
0.05833333333,0.6583333333,3.5,5.891666667,-201.5029072,20.84000069
0.05833333333,0.675,3.5,5.975,-204.798398,29.68921279
0.05833333333,0.6916666667,3.5,6.058333333,-186.7472772,30.53197996
0.05833333333,0.7083333333,3.5,6.141666667,-151.060975,24.72727152
0.05833333333,0.725,3.5,6.225,-115.3746728,15.22003324
0.05833333333,0.7416666667,3.5,6.308333333,-79.68837054,5.220231037
0.05833333333,0.7583333333,3.5,6.391666667,-50.44469662,-2.864917309
0.05833333333,0.775,3.5,6.475,-60.11517968,-7.784651722
0.05833333333,0.7916666667,3.5,6.558333333,-69.78566274,-9.219244769
0.05833333333,0.8083333333,3.5,6.641666667,-79.4561458,-7.348912336
0.05833333333,0.825,3.5,6.725,-57.3037411,-2.485227809
0.05833333333,0.8416666667,3.5,6.808333333,-23.60625688,5.150951661
0.05833333333,0.8583333333,3.5,6.891666667,10.09122733,15.52349436
0.05833333333,0.875,3.5,6.975,39.09802671,28.77730474
0.05833333333,0.8916666667,3.5,7.058333333,20.20650771,45.13529545
0.05833333333,0.9083333333,3.5,7.141666667,1.314988715,64.66425413
0.05833333333,0.925,3.5,7.225,-17.57653029,86.89589894
0.05833333333,0.9416666667,3.5,7.308333333,-36.46804928,110.4007991
0.05833333333,0.9583333333,3.5,7.391666667,10.08054878,132.5991385
0.05833333333,0.975,3.5,7.475,56.62914685,150.1780775
0.05833333333,0.9916666667,3.5,7.558333333,103.1777449,160.2095666
0.075,0.008333333333,4.5,2.641666667,-361.9532508,-44.65474188
0.075,0.025,4.5,2.725,-350.083594,-33.77470364
0.075,0.04166666667,4.5,2.808333333,-338.2139372,-29.26368415
0.075,0.05833333333,4.5,2.891666667,-326.3442804,-32.79075806
0.075,0.075,4.5,2.975,-314.4746235,-43.77503175
0.075,0.09166666667,4.5,3.058333333,-346.3931541,-59.68749639
0.075,0.1083333333,4.5,3.141666667,-378.3116846,-77.2521222
0.075,0.125,4.5,3.225,-410.2302151,-93.68787479
0.075,0.1416666667,4.5,3.308333333,-440.766946,-107.3236328
0.075,0.1583333333,4.5,3.391666667,-471.3036768,-117.5361604
0.075,0.175,4.5,3.475,-501.8404077,-124.3508548
0.075,0.1916666667,4.5,3.558333333,-495.4040682,-128.0330485
0.075,0.2083333333,4.5,3.641666667,-488.9677288,-128.8135824
0.075,0.225,4.5,3.725,-482.5313893,-126.7541899
0.075,0.2416666667,4.5,3.808333333,-476.0950499,-121.7189261
0.075,0.2583333333,4.5,3.891666667,-469.3758051,-113.4400456
0.075,0.275,4.5,3.975,-462.373655,-101.7024595
0.075,0.2916666667,4.5,4.058333333,-455.3715048,-86.67552417
0.075,0.3083333333,4.5,4.141666667,-448.3693547,-69.34564627
0.075,0.325,4.5,4.225,-441.3672046,-51.83261693
0.075,0.3416666667,4.5,4.308333333,-472.0284195,-37.22094074
0.075,0.3583333333,4.5,4.391666667,-502.6896343,-28.66447038
0.075,0.375,4.5,4.475,-533.3508492,-28.05360154
0.075,0.3916666667,4.5,4.558333333,-466.053851,-35.07491882
0.075,0.4083333333,4.5,4.641666667,-398.7568528,-47.3692654
0.075,0.425,4.5,4.725,-331.4598546,-61.66461346
0.075,0.4416666667,4.5,4.808333333,-326.071766,-75.05955073
0.075,0.4583333333,4.5,4.891666667,-320.6836775,-85.7290483
0.075,0.475,4.5,4.975,-315.295589,-92.93000049
0.075,0.4916666667,4.5,5.058333333,-309.9075004,-96.62249963
0.075,0.5083333333,4.5,5.141666667,-303.9437864,-97.05104728
0.075,0.525,4.5,5.225,-297.4044468,-94.45201195
0.075,0.5416666667,4.5,5.308333333,-290.8651072,-88.90410428
0.075,0.5583333333,4.5,5.391666667,-284.3257676,-80.28857073
0.075,0.575,4.5,5.475,-277.786428,-68.34322569
0.075,0.5916666667,4.5,5.558333333,-239.9861995,-52.8308486
0.075,0.6083333333,4.5,5.641666667,-202.185971,-33.85343639
0.075,0.625,4.5,5.725,-164.3857425,-12.28045119
0.075,0.6416666667,4.5,5.808333333,-167.6812333,9.902393562
0.075,0.6583333333,4.5,5.891666667,-170.9767241,29.68333137
0.075,0.675,4.5,5.975,-174.2722149,43.83363254
0.075,0.6916666667,4.5,6.058333333,-176.1892292,50.22446697
0.075,0.7083333333,4.5,6.141666667,-159.3045853,48.86306882
0.075,0.725,4.5,6.225,-123.618283,41.88034656
0.075,0.7416666667,4.5,6.308333333,-87.9319808,32.47943816
0.075,0.7583333333,4.5,6.391666667,-74.92407122,23.62215624
0.075,0.775,4.5,6.475,-84.59455428,17.23401258
0.075,0.7916666667,4.5,6.558333333,-94.26503734,14.12617381
0.075,0.8083333333,4.5,6.641666667,-103.9355204,14.348782
0.075,0.825,4.5,6.725,-113.6060035,17.6180286
0.075,0.8416666667,4.5,6.808333333,-79.90851925,23.62743214
0.075,0.8583333333,4.5,6.891666667,-46.21103503,32.21374276
0.075,0.875,4.5,6.975,-12.51355082,43.40931232
0.075,0.8916666667,4.5,7.058333333,-31.40506982,57.40082056
0.075,0.9083333333,4.5,7.141666667,-50.29658882,74.37778389
0.075,0.925,4.5,7.225,-69.18810782,94.23770477
0.075,0.9416666667,4.5,7.308333333,-22.63950975,116.1666257
0.075,0.9583333333,4.5,7.391666667,23.90908832,138.2651861
0.075,0.975,4.5,7.475,70.45768639,157.5668002
0.075,0.9916666667,4.5,7.558333333,117.0062845,170.7593164
0.09166666667,0.008333333333,5.5,2.641666667,-359.2268452,-59.32539802
0.09166666667,0.025,5.5,2.725,-347.3571884,-45.31058377
0.09166666667,0.04166666667,5.5,2.808333333,-335.4875316,-35.77333343
0.09166666667,0.05833333333,5.5,2.891666667,-323.6178747,-33.44190143
0.09166666667,0.075,5.5,2.975,-311.7482179,-39.22763893
0.09166666667,0.09166666667,5.5,3.058333333,-299.8785611,-51.76065819
0.09166666667,0.1083333333,5.5,3.141666667,-331.7970916,-68.08503042
0.09166666667,0.125,5.5,3.225,-363.7156221,-84.97998795
0.09166666667,0.1416666667,5.5,3.308333333,-394.252353,-100.0253415
0.09166666667,0.1583333333,5.5,3.391666667,-424.7890839,-111.9524389
0.09166666667,0.175,5.5,3.475,-418.3527444,-120.4171807
0.09166666667,0.1916666667,5.5,3.558333333,-411.916405,-125.5686693
0.09166666667,0.2083333333,5.5,3.641666667,-405.4800655,-127.6810282
0.09166666667,0.225,5.5,3.725,-399.0437261,-126.9318822
0.09166666667,0.2416666667,5.5,3.808333333,-392.6073866,-123.308889
0.09166666667,0.2583333333,5.5,3.891666667,-385.8881418,-116.6140284
0.09166666667,0.275,5.5,3.975,-378.8859917,-106.5674277
0.09166666667,0.2916666667,5.5,4.058333333,-371.8838416,-93.04254502
0.09166666667,0.3083333333,5.5,4.141666667,-364.8816914,-76.44620974
0.09166666667,0.325,5.5,4.225,-357.8795413,-58.14528077
0.09166666667,0.3416666667,5.5,4.308333333,-350.8773912,-40.65531531
0.09166666667,0.3583333333,5.5,4.391666667,-381.5386061,-27.22168507
0.09166666667,0.375,5.5,4.475,-412.1998209,-20.70097114
0.09166666667,0.3916666667,5.5,4.558333333,-344.9028227,-22.25957494
0.09166666667,0.4083333333,5.5,4.641666667,-277.6058245,-30.77606894
0.09166666667,0.425,5.5,4.725,-272.217736,-43.40868943
0.09166666667,0.4416666667,5.5,4.808333333,-266.8296474,-56.88934382
0.09166666667,0.4583333333,5.5,4.891666667,-261.4415589,-68.65767499
0.09166666667,0.475,5.5,4.975,-256.0534704,-77.30099296
0.09166666667,0.4916666667,5.5,5.058333333,-250.6653818,-82.37815872
0.09166666667,0.5083333333,5.5,5.141666667,-244.7016678,-83.99512276
0.09166666667,0.525,5.5,5.225,-238.1623282,-82.42174716
0.09166666667,0.5416666667,5.5,5.308333333,-231.6229886,-77.8527702
0.09166666667,0.5583333333,5.5,5.391666667,-225.083649,-70.30112182
0.09166666667,0.575,5.5,5.475,-218.5443094,-59.59138572
0.09166666667,0.5916666667,5.5,5.558333333,-212.0049698,-45.45055111
0.09166666667,0.6083333333,5.5,5.641666667,-174.2047413,-27.72580525
0.09166666667,0.625,5.5,5.725,-136.4045128,-6.749353439
0.09166666667,0.6416666667,5.5,5.808333333,-139.7000036,16.22893064
0.09166666667,0.6583333333,5.5,5.891666667,-142.9954944,38.80328964
0.09166666667,0.675,5.5,5.975,-144.9125087,57.74247472
0.09166666667,0.6916666667,5.5,6.058333333,-146.829523,70.03799342
0.09166666667,0.7083333333,5.5,6.141666667,-148.7465373,74.2294774
0.09166666667,0.725,5.5,6.225,-131.8618933,71.1282953
0.09166666667,0.7416666667,5.5,6.308333333,-96.17559107,63.38510198
0.09166666667,0.7583333333,5.5,6.391666667,-83.16768148,54.23753837
0.09166666667,0.775,5.5,6.475,-92.83816454,46.31617748
0.09166666667,0.7916666667,5.5,6.558333333,-102.5086476,41.11465633
0.09166666667,0.8083333333,5.5,6.641666667,-112.1791307,39.10989601
0.09166666667,0.825,5.5,6.725,-121.8496137,40.17634759
0.09166666667,0.8416666667,5.5,6.808333333,-131.5200968,43.98397312
0.09166666667,0.8583333333,5.5,6.891666667,-97.82261257,50.25644973
0.09166666667,0.875,5.5,6.975,-64.12512835,58.8931012
0.09166666667,0.8916666667,5.5,7.058333333,-83.01664735,69.98792851
0.09166666667,0.9083333333,5.5,7.141666667,-101.9081664,83.75315392
0.09166666667,0.925,5.5,7.225,-55.35956828,100.3201665
0.09166666667,0.9416666667,5.5,7.308333333,-8.810970215,119.3927125
0.09166666667,0.9583333333,5.5,7.391666667,37.73762785,139.8138626
0.09166666667,0.975,5.5,7.475,84.28622592,159.2857778
0.09166666667,0.9916666667,5.5,7.558333333,130.834824,174.6157901
0.1083333333,0.008333333333,6.5,2.641666667,-356.5004396,-74.27380491
0.1083333333,0.025,6.5,2.725,-344.6307828,-58.47723242
0.1083333333,0.04166666667,6.5,2.808333333,-332.7611259,-44.86565387
0.1083333333,0.05833333333,6.5,2.891666667,-320.8914691,-36.69603387
0.1083333333,0.075,6.5,2.975,-309.0218123,-36.25580583
0.1083333333,0.09166666667,6.5,3.058333333,-297.1521555,-43.75646776
0.1083333333,0.1083333333,6.5,3.141666667,-285.2824986,-57.22525383
0.1083333333,0.125,6.5,3.225,-317.2010292,-73.47967476
0.1083333333,0.1416666667,6.5,3.308333333,-347.73776,-89.45645858
0.1083333333,0.1583333333,6.5,3.391666667,-341.3014206,-103.0780012
0.1083333333,0.175,6.5,3.475,-334.8650811,-113.3938874
0.1083333333,0.1916666667,6.5,3.558333333,-328.4287417,-120.2529746
0.1083333333,0.2083333333,6.5,3.641666667,-321.9924022,-123.8720722
0.1083333333,0.225,6.5,3.725,-315.5560628,-124.5102226
0.1083333333,0.2416666667,6.5,3.808333333,-309.1197233,-122.2899148
0.1083333333,0.2583333333,6.5,3.891666667,-302.4004785,-117.1354168
0.1083333333,0.275,6.5,3.975,-295.3983284,-108.80528
0.1083333333,0.2916666667,6.5,4.058333333,-288.3961783,-97.03210275
0.1083333333,0.3083333333,6.5,4.141666667,-281.3940282,-81.80326689
0.1083333333,0.325,6.5,4.225,-274.391878,-63.77345
0.1083333333,0.3416666667,6.5,4.308333333,-267.3897279,-44.65757542
0.1083333333,0.3583333333,6.5,4.391666667,-260.3875778,-27.27051207
0.1083333333,0.375,6.5,4.475,-291.0487927,-14.8811843
0.1083333333,0.3916666667,6.5,4.558333333,-223.7517944,-9.955333667
0.1083333333,0.4083333333,6.5,4.641666667,-218.3637059,-12.97636238
0.1083333333,0.425,6.5,4.725,-212.9756174,-22.19241859
0.1083333333,0.4416666667,6.5,4.808333333,-207.5875288,-34.48745938
0.1083333333,0.4583333333,6.5,4.891666667,-202.1994403,-46.71752917
0.1083333333,0.475,6.5,4.975,-196.8113518,-56.6608371
0.1083333333,0.4916666667,6.5,5.058333333,-191.4232632,-63.24049799
0.1083333333,0.5083333333,6.5,5.141666667,-185.4595492,-66.23281593
0.1083333333,0.525,6.5,5.225,-178.9202096,-65.83364933
0.1083333333,0.5416666667,6.5,5.308333333,-172.38087,-62.31550685
0.1083333333,0.5583333333,6.5,5.391666667,-165.8415304,-55.83239213
0.1083333333,0.575,6.5,5.475,-159.3021908,-46.34609136
0.1083333333,0.5916666667,6.5,5.558333333,-152.7628512,-33.64762917
0.1083333333,0.6083333333,6.5,5.641666667,-146.2235116,-17.4825489
0.1083333333,0.625,6.5,5.725,-108.4232831,2.186419489
0.1083333333,0.6416666667,6.5,5.808333333,-111.7187739,24.77831148
0.1083333333,0.6583333333,6.5,5.891666667,-113.6357882,48.6838375
0.1083333333,0.675,6.5,5.975,-115.5528025,71.16186055
0.1083333333,0.6916666667,6.5,6.058333333,-117.4698167,88.89430292
0.1083333333,0.7083333333,6.5,6.141666667,-119.386831,99.19530591
0.1083333333,0.725,6.5,6.225,-121.3038453,101.2500423
0.1083333333,0.7416666667,6.5,6.308333333,-104.4192013,96.50968672
0.1083333333,0.7583333333,6.5,6.391666667,-91.41129175,87.93531104
0.1083333333,0.775,6.5,6.475,-101.0817748,78.66875024
0.1083333333,0.7916666667,6.5,6.558333333,-110.7522579,71.00507854
0.1083333333,0.8083333333,6.5,6.641666667,-120.4227409,66.08629588
0.1083333333,0.825,6.5,6.725,-130.093224,64.15249515
0.1083333333,0.8416666667,6.5,6.808333333,-139.763707,64.97600428
0.1083333333,0.8583333333,6.5,6.891666667,-149.4341901,68.22247678
0.1083333333,0.875,6.5,6.975,-115.7367059,73.66465989
0.1083333333,0.8916666667,6.5,7.058333333,-134.6282249,81.27033427
0.1083333333,0.9083333333,6.5,7.141666667,-88.07962682,91.19348037
0.1083333333,0.925,6.5,7.225,-41.53102875,103.6645309
0.1083333333,0.9416666667,6.5,7.308333333,5.01756932,118.7470777
0.1083333333,0.9583333333,6.5,7.391666667,51.56616739,135.9513172
0.1083333333,0.975,6.5,7.475,98.11476546,153.812568
0.1083333333,0.9916666667,6.5,7.558333333,144.6633635,169.7302498
0.125,0.008333333333,7.5,2.641666667,-353.774034,-88.3739409
0.125,0.025,7.5,2.725,-341.9043771,-72.28987173
0.125,0.04166666667,7.5,2.808333333,-330.0347203,-56.12208735
0.125,0.05833333333,7.5,2.891666667,-318.1650635,-42.98009324
0.125,0.075,7.5,2.975,-306.2954067,-36.00491158
0.125,0.09166666667,7.5,3.058333333,-294.4257498,-37.03432166
0.125,0.1083333333,7.5,3.141666667,-282.556093,-45.68871726
0.125,0.125,7.5,3.225,-270.6864362,-59.56593012
0.125,0.1416666667,7.5,3.308333333,-264.2500968,-75.39266959
0.125,0.1583333333,7.5,3.391666667,-257.8137573,-90.29846587
0.125,0.175,7.5,3.475,-251.3774179,-102.4983991
0.125,0.1916666667,7.5,3.558333333,-244.9410784,-111.2809011
0.125,0.2083333333,7.5,3.641666667,-238.504739,-116.6232475
0.125,0.225,7.5,3.725,-232.0683995,-118.7750337
0.125,0.2416666667,7.5,3.808333333,-225.6320601,-117.9701333
0.125,0.2583333333,7.5,3.891666667,-218.9128153,-114.2809093
0.125,0.275,7.5,3.975,-211.9106651,-107.5811722
0.125,0.2916666667,7.5,4.058333333,-204.908515,-97.6030722
0.125,0.3083333333,7.5,4.141666667,-197.9063649,-84.10940887
0.125,0.325,7.5,4.225,-190.9042147,-67.21226393
0.125,0.3416666667,7.5,4.308333333,-183.9020646,-47.80253034
0.125,0.3583333333,7.5,4.391666667,-176.8999145,-27.89089887
0.125,0.375,7.5,4.475,-169.8977644,-10.49807797
0.125,0.3916666667,7.5,4.558333333,-164.5096758,1.176583197
0.125,0.4083333333,7.5,4.641666667,-159.1215873,5.07722736
0.125,0.425,7.5,4.725,-153.7334988,1.304432314
0.125,0.4416666667,7.5,4.808333333,-148.3454102,-7.934338464
0.125,0.4583333333,7.5,4.891666667,-142.9573217,-19.39820323
0.125,0.475,7.5,4.975,-137.5692332,-30.12008982
0.125,0.4916666667,7.5,5.058333333,-132.1811446,-38.17950772
0.125,0.5083333333,7.5,5.141666667,-126.2174306,-42.76202118
0.125,0.525,7.5,5.225,-119.678091,-43.79934539
0.125,0.5416666667,7.5,5.308333333,-113.1387514,-41.54458435
0.125,0.5583333333,7.5,5.391666667,-106.5994118,-36.26620558
0.125,0.575,7.5,5.475,-100.0600722,-28.08691645
0.125,0.5916666667,7.5,5.558333333,-93.52073257,-16.9351209
0.125,0.6083333333,7.5,5.641666667,-86.98139297,-2.590038392
0.125,0.625,7.5,5.725,-80.44205337,15.16192718
0.125,0.6416666667,7.5,5.808333333,-82.35906765,36.22676949
0.125,0.6583333333,7.5,5.891666667,-84.27608193,59.78037786
0.125,0.675,7.5,5.975,-86.19309621,83.89996244
0.125,0.6916666667,7.5,6.058333333,-88.11011049,105.5996447
0.125,0.7083333333,7.5,6.141666667,-90.02712477,121.5742442
0.125,0.725,7.5,6.225,-91.94413906,129.4972588
0.125,0.7416666667,7.5,6.308333333,-93.86115334,129.121687
0.125,0.7583333333,7.5,6.391666667,-99.65490201,122.3777526
0.125,0.775,7.5,6.475,-109.3253851,112.3916395
0.125,0.7916666667,7.5,6.558333333,-118.9958681,102.158642
0.125,0.8083333333,7.5,6.641666667,-128.6663512,93.68445234
0.125,0.825,7.5,6.725,-138.3368342,87.85087897
0.125,0.8416666667,7.5,6.808333333,-148.0073173,84.74742337
0.125,0.8583333333,7.5,6.891666667,-157.6778004,84.10333766
0.125,0.875,7.5,6.975,-167.3482834,85.61297477
0.125,0.8916666667,7.5,7.058333333,-120.7996854,89.1142272
0.125,0.9083333333,7.5,7.141666667,-74.25108728,94.65006628
0.125,0.925,7.5,7.225,-27.70248921,102.4358224
0.125,0.9416666667,7.5,7.308333333,18.84610885,112.7187623
0.125,0.9583333333,7.5,7.391666667,65.39470692,125.496262
0.125,0.975,7.5,7.475,111.943305,140.1026254
0.125,0.9916666667,7.5,7.558333333,158.4919031,154.8176466
0.1416666667,0.008333333333,8.5,2.641666667,-319.3456985,-100.38434
0.1416666667,0.025,8.5,2.725,-307.4760417,-85.33604106
0.1416666667,0.04166666667,8.5,2.808333333,-295.6063848,-68.38063109
0.1416666667,0.05833333333,8.5,2.891666667,-283.736728,-51.90350436
0.1416666667,0.075,8.5,2.975,-271.8670712,-39.11293041
0.1416666667,0.09166666667,8.5,3.058333333,-259.9974144,-32.99340943
0.1416666667,0.1083333333,8.5,3.141666667,-248.1277576,-34.9797157
0.1416666667,0.125,8.5,3.225,-232.6299459,-44.23016855
0.1416666667,0.1416666667,8.5,3.308333333,-233.8588076,-58.05565043
0.1416666667,0.1583333333,8.5,3.391666667,-227.4224682,-73.17080085
0.1416666667,0.175,8.5,3.475,-220.9861287,-86.88968013
0.1416666667,0.1916666667,8.5,3.558333333,-214.5497893,-97.65825059
0.1416666667,0.2083333333,8.5,3.641666667,-208.1134498,-104.9361236
0.1416666667,0.225,8.5,3.725,-201.6771104,-108.7832724
0.1416666667,0.2416666667,8.5,3.808333333,-195.2407709,-109.4624925
0.1416666667,0.2583333333,8.5,3.891666667,-188.5215261,-107.1816438
0.1416666667,0.275,8.5,3.975,-181.519376,-101.9723859
0.1416666667,0.2916666667,8.5,4.058333333,-174.5172259,-93.67199895
0.1416666667,0.3083333333,8.5,4.141666667,-167.5150757,-82.0007432
0.1416666667,0.325,8.5,4.225,-160.5129256,-66.76177158
0.1416666667,0.3416666667,8.5,4.308333333,-153.5107755,-48.18883261
0.1416666667,0.3583333333,8.5,4.391666667,-146.5086254,-27.38062162
0.1416666667,0.375,8.5,4.475,-145.737789,-6.583305946
0.1416666667,0.3916666667,8.5,4.558333333,-143.4924999,11.05224598
0.1416666667,0.4083333333,8.5,4.641666667,-138.1044114,22.43985768
0.1416666667,0.425,8.5,4.725,-132.7163229,25.89344815
0.1416666667,0.4416666667,8.5,4.808333333,-127.3282343,21.97020222
0.1416666667,0.4583333333,8.5,4.891666667,-121.9401458,13.18173463
0.1416666667,0.475,8.5,4.975,-116.5520573,2.79846871
0.1416666667,0.4916666667,8.5,5.058333333,-111.1639688,-6.397087953
0.1416666667,0.5083333333,8.5,5.141666667,-117.6950458,-12.7341589
0.1416666667,0.525,8.5,5.225,-123.6504974,-15.59806863
0.1416666667,0.5416666667,8.5,5.308333333,-117.1111578,-15.03291613
0.1416666667,0.5583333333,8.5,5.391666667,-110.5718182,-11.33197632
0.1416666667,0.575,8.5,5.475,-104.0324786,-4.761624772
0.1416666667,0.5916666667,8.5,5.558333333,-97.49313896,4.574697148
0.1416666667,0.6083333333,8.5,5.641666667,-90.95379936,16.76625031
0.1416666667,0.625,8.5,5.725,-62.96654469,32.03051759
0.1416666667,0.6416666667,8.5,5.808333333,-88.72654747,50.53067421
0.1416666667,0.6583333333,8.5,5.891666667,-90.64356175,72.0459529
0.1416666667,0.675,8.5,5.975,-92.56057603,95.53997195
0.1416666667,0.6916666667,8.5,6.058333333,-94.47759031,118.8418812
0.1416666667,0.7083333333,8.5,6.141666667,-96.39460459,138.8083545
0.1416666667,0.725,8.5,6.225,-98.31161888,152.2119869
0.1416666667,0.7416666667,8.5,6.308333333,-100.2286332,157.0742267
0.1416666667,0.7583333333,8.5,6.391666667,-106.0223818,153.61639
0.1416666667,0.775,8.5,6.475,-115.6928649,144.1164194
0.1416666667,0.7916666667,8.5,6.558333333,-125.3633479,131.7842966
0.1416666667,0.8083333333,8.5,6.641666667,-135.033831,119.4763695
0.1416666667,0.825,8.5,6.725,-144.7043141,108.982185
0.1416666667,0.8416666667,8.5,6.808333333,-154.3747971,101.0133264
0.1416666667,0.8583333333,8.5,6.891666667,-164.0452802,95.58084035
0.1416666667,0.875,8.5,6.975,-144.6080051,92.41562878
0.1416666667,0.8916666667,8.5,7.058333333,-125.17073,91.26330966
0.1416666667,0.9083333333,8.5,7.141666667,-78.62213197,92.03562558
0.1416666667,0.925,8.5,7.225,-32.0735339,94.85159726
0.1416666667,0.9416666667,8.5,7.308333333,14.47506417,99.98469195
0.1416666667,0.9583333333,8.5,7.391666667,61.02366224,107.6958448
0.1416666667,0.975,8.5,7.475,107.5722603,117.9206541
0.1416666667,0.9916666667,8.5,7.558333333,154.1208584,129.8413294
0.1583333333,0.008333333333,9.5,2.641666667,-284.917363,-109.1001497
0.1583333333,0.025,9.5,2.725,-273.0477062,-95.9897943
0.1583333333,0.04166666667,9.5,2.808333333,-261.1780494,-79.84305757
0.1583333333,0.05833333333,9.5,2.891666667,-249.3083925,-62.05610025
0.1583333333,0.075,9.5,2.975,-237.4387357,-45.1719939
0.1583333333,0.09166666667,9.5,3.058333333,-225.5690789,-32.44383895
0.1583333333,0.1083333333,9.5,3.141666667,-210.0712673,-26.70294606
0.1583333333,0.125,9.5,3.225,-194.5734556,-29.06394194
0.1583333333,0.1416666667,9.5,3.308333333,-195.8023173,-38.35331019
0.1583333333,0.1583333333,9.5,3.391666667,-197.031179,-51.70311472
0.1583333333,0.175,9.5,3.475,-190.5948396,-65.85157476
0.1583333333,0.1916666667,9.5,3.558333333,-184.1585001,-78.26393916
0.1583333333,0.2083333333,9.5,3.641666667,-177.7221607,-87.55437171
0.1583333333,0.225,9.5,3.725,-171.2858212,-93.29912521
0.1583333333,0.2416666667,9.5,3.808333333,-164.8494818,-95.61033593
0.1583333333,0.2583333333,9.5,3.891666667,-158.130237,-94.75573383
0.1583333333,0.275,9.5,3.975,-151.1280869,-90.92313501
0.1583333333,0.2916666667,9.5,4.058333333,-144.1259367,-84.11644392
0.1583333333,0.3083333333,9.5,4.141666667,-137.1237866,-74.15129202
0.1583333333,0.325,9.5,4.225,-130.1216365,-60.74838752
0.1583333333,0.3416666667,9.5,4.308333333,-123.1194863,-43.75479658
0.1583333333,0.3583333333,9.5,4.391666667,-122.34865,-23.51195521
0.1583333333,0.375,9.5,4.475,-121.5778136,-1.287505767
0.1583333333,0.3916666667,9.5,4.558333333,-119.3325245,20.49587181
0.1583333333,0.4083333333,9.5,4.641666667,-117.0872355,38.60831352
0.1583333333,0.425,9.5,4.725,-111.699147,50.07558163
0.1583333333,0.4416666667,9.5,4.808333333,-106.3110585,53.50059619
0.1583333333,0.4583333333,9.5,4.891666667,-100.9229699,49.76226567
0.1583333333,0.475,9.5,4.975,-95.5348814,41.5552485
0.1583333333,0.4916666667,9.5,5.058333333,-90.14679287,32.12794225
0.1583333333,0.5083333333,9.5,5.141666667,-96.67786994,24.09954371
0.1583333333,0.525,9.5,5.225,-115.1281126,18.94809887
0.1583333333,0.5416666667,9.5,5.308333333,-121.0835642,17.1421955
0.1583333333,0.5583333333,9.5,5.391666667,-114.5442246,18.55742745
0.1583333333,0.575,9.5,5.475,-108.004885,22.87135813
0.1583333333,0.5916666667,9.5,5.558333333,-101.4655454,29.81772197
0.1583333333,0.6083333333,9.5,5.641666667,-73.47829068,39.30516163
0.1583333333,0.625,9.5,5.725,-45.49103601,51.43371079
0.1583333333,0.6416666667,9.5,5.808333333,-71.25103879,66.41553814
0.1583333333,0.6583333333,9.5,5.891666667,-97.01104157,84.3722734
0.1583333333,0.675,9.5,5.975,-98.92805585,104.9846956
0.1583333333,0.6916666667,9.5,6.058333333,-100.8450701,127.0597426
0.1583333333,0.7083333333,9.5,6.141666667,-102.7620844,148.2585744
0.1583333333,0.725,9.5,6.225,-104.6790987,165.359725
0.1583333333,0.7416666667,9.5,6.308333333,-106.596113,175.247744
0.1583333333,0.7583333333,9.5,6.391666667,-112.3898616,176.2489413
0.1583333333,0.775,9.5,6.475,-122.0603447,168.9503357
0.1583333333,0.7916666667,9.5,6.558333333,-131.7308278,155.8798856
0.1583333333,0.8083333333,9.5,6.641666667,-141.4013108,140.298038
0.1583333333,0.825,9.5,6.725,-151.0717939,124.9623881
0.1583333333,0.8416666667,9.5,6.808333333,-160.7422769,111.5250016
0.1583333333,0.8583333333,9.5,6.891666667,-141.3050019,100.6029715
0.1583333333,0.875,9.5,6.975,-121.8677268,92.17984495
0.1583333333,0.8916666667,9.5,7.058333333,-102.4304517,86.01249494
0.1583333333,0.9083333333,9.5,7.141666667,-82.99317665,81.90263915
0.1583333333,0.925,9.5,7.225,-36.44457858,79.82884184
0.1583333333,0.9416666667,9.5,7.308333333,10.10401949,79.97278101
0.1583333333,0.9583333333,9.5,7.391666667,56.65261756,82.65082556
0.1583333333,0.975,9.5,7.475,103.2012156,88.12638126
0.1583333333,0.9916666667,9.5,7.558333333,149.7498137,96.27473349
0.175,0.008333333333,10.5,2.641666667,-250.4890275,-113.4196706
0.175,0.025,10.5,2.725,-238.6193707,-102.635881
0.175,0.04166666667,10.5,2.808333333,-226.7497139,-88.37522596
0.175,0.05833333333,10.5,2.891666667,-214.8800571,-71.1383484
0.175,0.075,10.5,2.975,-203.0104002,-52.42905853
0.175,0.09166666667,10.5,3.058333333,-187.5125886,-34.88785039
0.175,0.1083333333,10.5,3.141666667,-172.014777,-21.78291684
0.175,0.125,10.5,3.225,-156.5169653,-15.82924076
0.175,0.1416666667,10.5,3.308333333,-157.745827,-17.92544804
0.175,0.1583333333,10.5,3.391666667,-158.9746887,-26.68963571
0.175,0.175,10.5,3.475,-160.2035504,-39.15475055
0.175,0.1916666667,10.5,3.558333333,-153.767211,-52.089991
0.175,0.2083333333,10.5,3.641666667,-147.3308715,-63.0664452
0.175,0.225,10.5,3.725,-140.8945321,-70.80829236
0.175,0.2416666667,10.5,3.808333333,-134.4581926,-74.9660836
0.175,0.2583333333,10.5,3.891666667,-127.7389479,-75.68567671
0.175,0.275,10.5,3.975,-120.7367977,-73.24036084
0.175,0.2916666667,10.5,4.058333333,-113.7346476,-67.80965783
0.175,0.3083333333,10.5,4.141666667,-106.7324975,-59.38618501
0.175,0.325,10.5,4.225,-99.73034734,-47.78027997
0.175,0.3416666667,10.5,4.308333333,-98.95951095,-32.72415793
0.175,0.3583333333,10.5,4.391666667,-98.18867457,-14.10741162
0.175,0.375,10.5,4.475,-97.41783818,7.642656352
0.175,0.3916666667,10.5,4.558333333,-95.17254916,31.13412269
0.175,0.4083333333,10.5,4.641666667,-92.92726013,53.82157518
0.175,0.425,10.5,4.725,-90.68197111,72.42486525
0.175,0.4416666667,10.5,4.808333333,-85.29388258,84.04766598
0.175,0.4583333333,10.5,4.891666667,-79.90579405,87.47891338
0.175,0.475,10.5,4.975,-74.51770552,83.79062212
0.175,0.4916666667,10.5,5.058333333,-69.12961699,75.77068626
0.175,0.5083333333,10.5,5.141666667,-75.66069406,66.62930363
0.175,0.525,10.5,5.225,-94.11093674,58.86548847
0.175,0.5416666667,10.5,5.308333333,-112.5611794,53.82786609
0.175,0.5583333333,10.5,5.391666667,-118.516631,51.89166333
0.175,0.575,10.5,5.475,-111.9772914,52.88418623
0.175,0.5916666667,10.5,5.558333333,-83.99003668,56.46914392
0.175,0.6083333333,10.5,5.641666667,-56.002782,62.38694213
0.175,0.625,10.5,5.725,-28.01552733,70.56271419
0.175,0.6416666667,10.5,5.808333333,-53.77553011,81.11426502
0.175,0.6583333333,10.5,5.891666667,-79.53553289,94.26275096
0.175,0.675,10.5,5.975,-105.2955357,110.1163069
0.175,0.6916666667,10.5,6.058333333,-107.21255,128.3065935
0.175,0.7083333333,10.5,6.141666667,-109.1295642,147.5574197
0.175,0.725,10.5,6.225,-111.0465785,165.4476648
0.175,0.7416666667,10.5,6.308333333,-112.9635928,178.742632
0.175,0.7583333333,10.5,6.391666667,-118.7573415,184.4430458
0.175,0.775,10.5,6.475,-128.4278245,181.1109257
0.175,0.7916666667,10.5,6.558333333,-138.0983076,169.5934352
0.175,0.8083333333,10.5,6.641666667,-147.7687906,152.5903811
0.175,0.825,10.5,6.725,-157.4392737,133.4015657
0.175,0.8416666667,10.5,6.808333333,-138.0019986,114.732087
0.175,0.8583333333,10.5,6.891666667,-118.5647236,98.16153567
0.175,0.875,10.5,6.975,-99.12744848,84.26300572
0.175,0.8916666667,10.5,7.058333333,-79.69017341,73.01588344
0.175,0.9083333333,10.5,7.141666667,-60.25289833,64.20215601
0.175,0.925,10.5,7.225,-40.81562326,57.66276735
0.175,0.9416666667,10.5,7.308333333,5.73297481,53.41757076
0.175,0.9583333333,10.5,7.391666667,52.28157288,51.68229869
0.175,0.975,10.5,7.475,98.83017095,52.79001592
0.175,0.9916666667,10.5,7.558333333,145.378769,56.9899964
0.1916666667,0.008333333333,11.5,2.641666667,-216.0606921,-112.281323
0.1916666667,0.025,11.5,2.725,-204.1910352,-103.7786768
0.1916666667,0.04166666667,11.5,2.808333333,-192.3213784,-91.8384672
0.1916666667,0.05833333333,11.5,2.891666667,-180.4517216,-76.38993247
0.1916666667,0.075,11.5,2.975,-164.9539099,-57.96914039
0.1916666667,0.09166666667,11.5,3.058333333,-149.4560983,-38.13091014
0.1916666667,0.1083333333,11.5,3.141666667,-133.9582867,-19.56035139
0.1916666667,0.125,11.5,3.225,-118.460475,-5.530080975
0.1916666667,0.1416666667,11.5,3.308333333,-119.6893367,1.301570119
0.1916666667,0.1583333333,11.5,3.391666667,-120.9181984,0.1357181867
0.1916666667,0.175,11.5,3.475,-122.1470601,-7.55438281
0.1916666667,0.1916666667,11.5,3.558333333,-123.3759219,-18.76439681
0.1916666667,0.2083333333,11.5,3.641666667,-116.9395824,-30.28702713
0.1916666667,0.225,11.5,3.725,-110.503243,-39.75039462
0.1916666667,0.2416666667,11.5,3.808333333,-104.0669035,-45.93683478
0.1916666667,0.2583333333,11.5,3.891666667,-97.34765872,-48.53888989
0.1916666667,0.275,11.5,3.975,-90.34550859,-47.72686644
0.1916666667,0.2916666667,11.5,4.058333333,-83.34335846,-43.78697923
0.1916666667,0.3083333333,11.5,4.141666667,-76.34120833,-36.90669013
0.1916666667,0.325,11.5,4.225,-75.57037195,-27.08643229
0.1916666667,0.3416666667,11.5,4.308333333,-74.79953556,-14.14829107
0.1916666667,0.3583333333,11.5,4.391666667,-74.02869917,2.154869969
0.1916666667,0.375,11.5,4.475,-73.25786279,21.89743807
0.1916666667,0.3916666667,11.5,4.558333333,-71.01257376,44.59553462
0.1916666667,0.4083333333,11.5,4.641666667,-68.76728474,68.78365781
0.1916666667,0.425,11.5,4.725,-66.52199572,91.84613086
0.1916666667,0.4416666667,11.5,4.808333333,-64.2767067,110.4697867
0.1916666667,0.4583333333,11.5,4.891666667,-58.88861816,121.7872947
0.1916666667,0.475,11.5,4.975,-53.50052963,124.6665811
0.1916666667,0.4916666667,11.5,5.058333333,-48.1124411,120.2602614
0.1916666667,0.5083333333,11.5,5.141666667,-51.21422817,111.3904493
0.1916666667,0.525,11.5,5.225,-69.66447085,101.2439245
0.1916666667,0.5416666667,11.5,5.308333333,-88.11471353,92.26386077
0.1916666667,0.5583333333,11.5,5.391666667,-106.5649562,85.74448005
0.1916666667,0.575,11.5,5.475,-94.50178267,82.02804736
0.1916666667,0.5916666667,11.5,5.558333333,-66.514528,80.9336325
0.1916666667,0.6083333333,11.5,5.641666667,-38.52727332,82.13607705
0.1916666667,0.625,11.5,5.725,-10.54001865,85.39965571
0.1916666667,0.6416666667,11.5,5.808333333,-36.30002143,90.68089902
0.1916666667,0.6583333333,11.5,5.891666667,-62.06002421,98.13211548
0.1916666667,0.675,11.5,5.975,-87.82002699,108.0067114
0.1916666667,0.6916666667,11.5,6.058333333,-113.5800298,120.4356831
0.1916666667,0.7083333333,11.5,6.141666667,-115.4970441,135.0575279
0.1916666667,0.725,11.5,6.225,-117.4140583,150.5876972
0.1916666667,0.7416666667,11.5,6.308333333,-119.3310726,164.5983013
0.1916666667,0.7583333333,11.5,6.391666667,-125.1248213,173.8811537
0.1916666667,0.775,11.5,6.475,-134.7953043,175.5228092
0.1916666667,0.7916666667,11.5,6.558333333,-144.4657874,168.2221401
0.1916666667,0.8083333333,11.5,6.641666667,-154.1362705,152.9672524
0.1916666667,0.825,11.5,6.725,-134.6989954,132.5510858
0.1916666667,0.8416666667,11.5,6.808333333,-115.2617203,110.3009078
0.1916666667,0.8583333333,11.5,6.891666667,-95.82444524,88.90449352
0.1916666667,0.875,11.5,6.975,-76.38717017,69.91272971
0.1916666667,0.8916666667,11.5,7.058333333,-56.94989509,53.88009728
0.1916666667,0.9083333333,11.5,7.141666667,-37.51262002,40.78195764
0.1916666667,0.925,11.5,7.225,-18.07534495,30.40588697
0.1916666667,0.9416666667,11.5,7.308333333,1.361930128,22.60141599
0.1916666667,0.9583333333,11.5,7.391666667,47.9105282,17.39496874
0.1916666667,0.975,11.5,7.475,94.45912627,15.00304869
0.1916666667,0.9916666667,11.5,7.558333333,141.0077243,15.74941658
0.2083333333,0.008333333333,12.5,2.641666667,-181.6323566,-104.4987387
0.2083333333,0.025,12.5,2.725,-169.7626998,-97.99218276
0.2083333333,0.04166666667,12.5,2.808333333,-157.8930429,-88.2847855
0.2083333333,0.05833333333,12.5,2.891666667,-142.3952313,-75.09823207
0.2083333333,0.075,12.5,2.975,-126.8974197,-58.36050435
0.2083333333,0.09166666667,12.5,3.058333333,-111.399608,-38.60457235
0.2083333333,0.1083333333,12.5,3.141666667,-95.90179636,-17.38118039
0.2083333333,0.125,12.5,3.225,-80.40398471,2.626283499
0.2083333333,0.1416666667,12.5,3.308333333,-81.63284642,18.13959689
0.2083333333,0.1583333333,12.5,3.391666667,-82.86170814,26.48445823
0.2083333333,0.175,12.5,3.475,-84.09056985,26.83821566
0.2083333333,0.1916666667,12.5,3.558333333,-85.31943156,20.64985518
0.2083333333,0.2083333333,12.5,3.641666667,-86.54829327,10.90531624
0.2083333333,0.225,12.5,3.725,-80.11195382,0.8001669345
0.2083333333,0.2416666667,12.5,3.808333333,-73.67561437,-7.302727424
0.2083333333,0.2583333333,12.5,3.891666667,-66.95636958,-12.1965602
0.2083333333,0.275,12.5,3.975,-59.95421945,-13.58889032
0.2083333333,0.2916666667,12.5,4.058333333,-52.95206932,-11.66919422
0.2083333333,0.3083333333,12.5,4.141666667,-52.18123294,-6.745901902
0.2083333333,0.325,12.5,4.225,-51.41039655,0.9695082476
0.2083333333,0.3416666667,12.5,4.308333333,-50.63956017,11.45186495
0.2083333333,0.3583333333,12.5,4.391666667,-49.86872378,24.85466682
0.2083333333,0.375,12.5,4.475,-49.09788739,41.40220452
0.2083333333,0.3916666667,12.5,4.558333333,-46.85259837,61.1491124
0.2083333333,0.4083333333,12.5,4.641666667,-44.60730935,83.59622591
0.2083333333,0.425,12.5,4.725,-42.36202032,107.2673588
0.2083333333,0.4416666667,12.5,4.808333333,-40.1167313,129.5384922
0.2083333333,0.4583333333,12.5,4.891666667,-37.87144228,147.0862834
0.2083333333,0.475,12.5,4.975,-32.48335375,157.028576
0.2083333333,0.4916666667,12.5,5.058333333,-27.09526522,158.2162504
0.2083333333,0.5083333333,12.5,5.141666667,-26.76776229,151.7901354
0.2083333333,0.525,12.5,5.225,-34.93013497,140.5730046
0.2083333333,0.5416666667,12.5,5.308333333,-53.38037765,127.7664906
0.2083333333,0.5583333333,12.5,5.391666667,-64.09986525,115.8392498
0.2083333333,0.575,12.5,5.475,-64.53148285,106.1167319
0.2083333333,0.5916666667,12.5,5.558333333,-49.03901932,98.97512747
0.2083333333,0.6083333333,12.5,5.641666667,-21.05176464,94.26927966
0.2083333333,0.625,12.5,5.725,6.935490031,91.71184013
0.2083333333,0.6416666667,12.5,5.808333333,-18.82451275,91.10713061
0.2083333333,0.6583333333,12.5,5.891666667,-44.58451553,92.45382594
0.2083333333,0.675,12.5,5.975,-70.34451831,95.94812109
0.2083333333,0.6916666667,12.5,6.058333333,-96.10452109,101.8887601
0.2083333333,0.7083333333,12.5,6.141666667,-121.8645239,110.4534522
0.2083333333,0.725,12.5,6.225,-123.7815382,121.3286235
0.2083333333,0.7416666667,12.5,6.308333333,-125.6985524,133.2776577
0.2083333333,0.7583333333,12.5,6.391666667,-131.4923011,143.9171692
0.2083333333,0.775,12.5,6.475,-141.1627842,150.0746207
0.2083333333,0.7916666667,12.5,6.558333333,-150.8332672,148.858959
0.2083333333,0.8083333333,12.5,6.641666667,-131.3959922,138.9789092
0.2083333333,0.825,12.5,6.725,-111.9587171,121.4262541
0.2083333333,0.8416666667,12.5,6.808333333,-92.521442,98.99855671
0.2083333333,0.8583333333,12.5,6.891666667,-73.08416693,75.03102087
0.2083333333,0.875,12.5,6.975,-53.64689185,52.21971153
0.2083333333,0.8916666667,12.5,7.058333333,-34.20961678,32.11964752
0.2083333333,0.9083333333,12.5,7.141666667,-14.77234171,15.28265317
0.2083333333,0.925,12.5,7.225,4.664933367,1.674538769
0.2083333333,0.9416666667,12.5,7.308333333,24.10220844,-8.932257865
0.2083333333,0.9583333333,12.5,7.391666667,43.53948352,-16.70734644
0.2083333333,0.975,12.5,7.475,90.08808158,-21.64605872
0.2083333333,0.9916666667,12.5,7.558333333,136.6366797,-23.55503886
0.225,0.008333333333,13.5,2.641666667,-147.2040211,-88.59546347
0.225,0.025,13.5,2.725,-135.3343643,-83.80094104
0.225,0.04166666667,13.5,2.808333333,-119.8365526,-76.00288699
0.225,0.05833333333,13.5,2.891666667,-104.338741,-64.98928756
0.225,0.075,13.5,2.975,-88.84092935,-50.48618721
0.225,0.09166666667,13.5,3.058333333,-73.34311771,-32.40832059
0.225,0.1083333333,13.5,3.141666667,-57.84530606,-11.25151761
0.225,0.125,13.5,3.225,-42.34749441,11.48839371
0.225,0.1416666667,13.5,3.308333333,-43.57635613,33.17258537
0.225,0.1583333333,13.5,3.391666667,-44.80521784,50.51347925
0.225,0.175,13.5,3.475,-46.03407955,60.74607206
0.225,0.1916666667,13.5,3.558333333,-47.26294126,62.8980027
0.225,0.2083333333,13.5,3.641666667,-48.49180297,58.27542831
0.225,0.225,13.5,3.725,-49.72066469,49.78756825
0.225,0.2416666667,13.5,3.808333333,-43.28432524,40.62885911
0.225,0.2583333333,13.5,3.891666667,-36.56508045,33.20212566
0.225,0.275,13.5,3.975,-29.56293032,28.75371842
0.225,0.2916666667,13.5,4.058333333,-28.79209393,27.59305579
0.225,0.3083333333,13.5,4.141666667,-28.02125755,29.52357168
0.225,0.325,13.5,4.225,-27.25042116,34.21392598
0.225,0.3416666667,13.5,4.308333333,-26.47958477,41.42298218
0.225,0.3583333333,13.5,4.391666667,-25.70874839,51.09616105
0.225,0.375,13.5,4.475,-24.937912,63.36380323
0.225,0.3916666667,13.5,4.558333333,-22.69262298,78.44048713
0.225,0.4083333333,13.5,4.641666667,-20.44733395,96.39374805
0.225,0.425,13.5,4.725,-18.20204493,116.7675409
0.225,0.4416666667,13.5,4.808333333,-15.95675591,138.1555227
0.225,0.4583333333,13.5,4.891666667,-13.71146689,158.0052348
0.225,0.475,13.5,4.975,-11.46617786,173.0238206
0.225,0.4916666667,13.5,5.058333333,-6.078089333,180.2869353
0.225,0.5083333333,13.5,5.141666667,-5.750586406,178.5458657
0.225,0.525,13.5,5.225,-10.48366909,168.8466743
0.225,0.5416666667,13.5,5.308333333,-10.91528669,153.9845144
0.225,0.5583333333,13.5,5.391666667,-21.63477429,137.2158163
0.225,0.575,13.5,5.475,-22.0663919,121.1143383
0.225,0.5916666667,13.5,5.558333333,-19.0687195,107.1170263
0.225,0.6083333333,13.5,5.641666667,-3.576255964,95.69147062
0.225,0.625,13.5,5.725,24.41099871,86.75872943
0.225,0.6416666667,13.5,5.808333333,-1.34900407,80.07849147
0.225,0.6583333333,13.5,5.891666667,-27.10900685,75.49052213
0.225,0.675,13.5,5.975,-52.86900963,73.02298397
0.225,0.6916666667,13.5,6.058333333,-78.62901241,72.90010344
0.225,0.7083333333,13.5,6.141666667,-104.3890152,75.45280562
0.225,0.725,13.5,6.225,-130.149018,80.90298131
0.225,0.7416666667,13.5,6.308333333,-132.0660323,89.00051435
0.225,0.7583333333,13.5,6.391666667,-137.8597809,98.58937163
0.225,0.775,13.5,6.475,-147.530264,107.3613745
0.225,0.7916666667,13.5,6.558333333,-128.0929889,112.172075
0.225,0.8083333333,13.5,6.641666667,-108.6557138,110.0765517
0.225,0.825,13.5,6.725,-89.21843876,99.65679201
0.225,0.8416666667,13.5,6.808333333,-69.78116369,81.76416343
0.225,0.8583333333,13.5,6.891666667,-50.34388862,59.10863985
0.225,0.875,13.5,6.975,-30.90661354,35.01402312
0.225,0.8916666667,13.5,7.058333333,-11.46933847,12.21467062
0.225,0.9083333333,13.5,7.141666667,7.967936607,-7.689327977
0.225,0.925,13.5,7.225,27.40521168,-24.12193863
0.225,0.9416666667,13.5,7.308333333,46.84248676,-37.11959079
0.225,0.9583333333,13.5,7.391666667,66.27976183,-46.93164249
0.225,0.975,13.5,7.475,85.7170369,-53.75982935
0.225,0.9916666667,13.5,7.558333333,132.265635,-57.63465561
0.2416666667,0.008333333333,14.5,2.641666667,-112.7756856,-62.81823546
0.2416666667,0.025,14.5,2.725,-97.27787399,-59.70727245
0.2416666667,0.04166666667,14.5,2.808333333,-81.78006235,-53.62003348
0.2416666667,0.05833333333,14.5,2.891666667,-66.2822507,-44.55796617
0.2416666667,0.075,14.5,2.975,-50.78443905,-32.34067724
0.2416666667,0.09166666667,14.5,3.058333333,-35.28662741,-16.70915366
0.2416666667,0.1083333333,14.5,3.141666667,-19.78881576,2.43998052
0.2416666667,0.125,14.5,3.225,-4.291004114,24.67521426
0.2416666667,0.1416666667,14.5,3.308333333,-5.519865827,48.60286858
0.2416666667,0.1583333333,14.5,3.391666667,-6.748727539,71.67497272
0.2416666667,0.175,14.5,3.475,-7.977589251,90.60234658
0.2416666667,0.1916666667,14.5,3.558333333,-9.206450964,102.4690032
0.2416666667,0.2083333333,14.5,3.641666667,-10.43531268,106.0358633
0.2416666667,0.225,14.5,3.725,-11.66417439,102.3473769
0.2416666667,0.2416666667,14.5,3.808333333,-12.8930361,94.17328921
0.2416666667,0.2583333333,14.5,3.891666667,-6.173791312,84.71766292
0.2416666667,0.275,14.5,3.975,-5.402954925,76.48146495
0.2416666667,0.2916666667,14.5,4.058333333,-4.632118538,70.81774806
0.2416666667,0.3083333333,14.5,4.141666667,-3.861282152,68.10536969
0.2416666667,0.325,14.5,4.225,-3.090445765,68.17411069
0.2416666667,0.3416666667,14.5,4.308333333,-2.319609378,70.6901342
0.2416666667,0.3583333333,14.5,4.391666667,-1.548772992,75.39757802
0.2416666667,0.375,14.5,4.475,-0.7779366052,82.22754111
0.2416666667,0.3916666667,14.5,4.558333333,1.467352417,91.30673396
0.2416666667,0.4083333333,14.5,4.641666667,3.71264144,102.8689156
0.2416666667,0.425,14.5,4.725,5.957930462,117.0394861
0.2416666667,0.4416666667,14.5,4.808333333,8.203219484,133.4728311
0.2416666667,0.4583333333,14.5,4.891666667,10.44850851,150.9203786
0.2416666667,0.475,14.5,4.975,12.69379753,166.9900966
0.2416666667,0.4916666667,14.5,5.058333333,14.93908655,178.4716914
0.2416666667,0.5083333333,14.5,5.141666667,15.26658948,182.3802736
0.2416666667,0.525,14.5,5.225,18.26426187,177.282832
0.2416666667,0.5416666667,14.5,5.308333333,21.26193427,164.0295757
0.2416666667,0.5583333333,14.5,5.391666667,20.83031667,145.3300426
0.2416666667,0.575,14.5,5.475,20.39869906,124.5032406
0.2416666667,0.5916666667,14.5,5.558333333,23.39637146,104.2789148
0.2416666667,0.6083333333,14.5,5.641666667,26.39404385,86.26044822
0.2416666667,0.625,14.5,5.725,41.88650739,71.03970779
0.2416666667,0.6416666667,14.5,5.808333333,16.12650461,58.60878013
0.2416666667,0.6583333333,14.5,5.891666667,-9.633498171,48.75704662
0.2416666667,0.675,14.5,5.975,-35.39350095,41.328726
0.2416666667,0.6916666667,14.5,6.058333333,-61.15350373,36.34383356
0.2416666667,0.7083333333,14.5,6.141666667,-86.91350651,34.01602094
0.2416666667,0.725,14.5,6.225,-112.6735093,34.67505096
0.2416666667,0.7416666667,14.5,6.308333333,-138.4335121,38.56703171
0.2416666667,0.7583333333,14.5,6.391666667,-144.2272607,45.5070021
0.2416666667,0.775,14.5,6.475,-124.7899857,54.44433087
0.2416666667,0.7916666667,14.5,6.558333333,-105.3527106,63.17844366
0.2416666667,0.8083333333,14.5,6.641666667,-85.91543552,68.59821005
0.2416666667,0.825,14.5,6.725,-66.47816045,67.64824401
0.2416666667,0.8416666667,14.5,6.808333333,-47.04088538,58.66470846
0.2416666667,0.8583333333,14.5,6.891666667,-27.6036103,42.22344382
0.2416666667,0.875,14.5,6.975,-8.166335228,20.8574463
0.2416666667,0.8916666667,14.5,7.058333333,11.27093985,-2.135628153
0.2416666667,0.9083333333,14.5,7.141666667,30.70821492,-23.94146
0.2416666667,0.925,14.5,7.225,50.14548999,-42.85599803
0.2416666667,0.9416666667,14.5,7.308333333,69.58276507,-58.23190593
0.2416666667,0.9583333333,14.5,7.391666667,89.02004014,-70.08142926
0.2416666667,0.975,14.5,7.475,108.4573152,-78.66584409
0.2416666667,0.9916666667,14.5,7.558333333,127.8945903,-84.21821494
0.2583333333,0.008333333333,15.5,2.641666667,-94.39972049,-25.60751004
0.2583333333,0.025,15.5,2.725,-78.90190885,-24.66017049
0.2583333333,0.04166666667,15.5,2.808333333,-63.4040972,-20.59517861
0.2583333333,0.05833333333,15.5,2.891666667,-47.90628555,-13.64729474
0.2583333333,0.075,15.5,2.975,-32.40847391,-3.875009662
0.2583333333,0.09166666667,15.5,3.058333333,-16.91066226,8.850762499
0.2583333333,0.1083333333,15.5,3.141666667,-1.412850614,24.76156806
0.2583333333,0.125,15.5,3.225,14.08496103,43.98112218
0.2583333333,0.1416666667,15.5,3.308333333,12.85609932,66.16765468
0.2583333333,0.1583333333,15.5,3.391666667,11.62723761,90.08089669
0.2583333333,0.175,15.5,3.475,10.39837589,113.32681
0.2583333333,0.1916666667,15.5,3.558333333,9.169514182,132.6545685
0.2583333333,0.2083333333,15.5,3.641666667,7.94065247,144.9760309
0.2583333333,0.225,15.5,3.725,6.711790757,148.6978874
0.2583333333,0.2416666667,15.5,3.808333333,5.482929045,144.4940876
0.2583333333,0.2583333333,15.5,3.891666667,10.74220862,134.9297715
0.2583333333,0.275,15.5,3.975,11.513045,123.230411
0.2583333333,0.2916666667,15.5,4.058333333,12.28388139,112.0671827
0.2583333333,0.3083333333,15.5,4.141666667,13.05471778,102.9916387
0.2583333333,0.325,15.5,4.225,13.82555416,96.53239497
0.2583333333,0.3416666667,15.5,4.308333333,14.59639055,92.60405778
0.2583333333,0.3583333333,15.5,4.391666667,15.36722694,90.91036505
0.2583333333,0.375,15.5,4.475,16.13806332,91.20947611
0.2583333333,0.3916666667,15.5,4.558333333,18.38335235,93.44119716
0.2583333333,0.4083333333,15.5,4.641666667,20.62864137,97.74976658
0.2583333333,0.425,15.5,4.725,22.87393039,104.4114219
0.2583333333,0.4416666667,15.5,4.808333333,25.11921941,113.6408731
0.2583333333,0.4583333333,15.5,4.891666667,27.36450843,125.2498789
0.2583333333,0.475,15.5,4.975,29.60979746,138.2129064
0.2583333333,0.4916666667,15.5,5.058333333,31.85508648,150.3695819
0.2583333333,0.5083333333,15.5,5.141666667,31.27354699,158.6359207
0.2583333333,0.525,15.5,5.225,34.27121939,159.9429664
0.2583333333,0.5416666667,15.5,5.308333333,37.26889179,152.5716402
0.2583333333,0.5583333333,15.5,5.391666667,40.26656418,137.0361565
0.2583333333,0.575,15.5,5.475,43.26423658,115.8478853
0.2583333333,0.5916666667,15.5,5.558333333,46.26190897,92.34338416
0.2583333333,0.6083333333,15.5,5.641666667,49.25958137,69.42065527
0.2583333333,0.625,15.5,5.725,52.25725377,48.88075646
0.2583333333,0.6416666667,15.5,5.808333333,26.49725098,31.45811881
0.2583333333,0.6583333333,15.5,5.891666667,0.7372482041,17.21015177
0.2583333333,0.675,15.5,5.975,-25.02275458,5.930358604
0.2583333333,0.6916666667,15.5,6.058333333,-50.78275736,-2.569203425
0.2583333333,0.7083333333,15.5,6.141666667,-76.54276014,-8.316707258
0.2583333333,0.725,15.5,6.225,-102.3027629,-11.14692178
0.2583333333,0.7416666667,15.5,6.308333333,-128.0627657,-10.76153984
0.2583333333,0.7583333333,15.5,6.391666667,-130.4927479,-6.905975204
0.2583333333,0.775,15.5,6.475,-111.0554728,0.3071844182
0.2583333333,0.7916666667,15.5,6.558333333,-91.61819773,9.967526435
0.2583333333,0.8083333333,15.5,6.641666667,-72.18092265,20.03498115
0.2583333333,0.825,15.5,6.725,-52.74364758,27.47171299
0.2583333333,0.8416666667,15.5,6.808333333,-33.30637251,29.09809672
0.2583333333,0.8583333333,15.5,6.891666667,-13.86909743,22.92016595
0.2583333333,0.875,15.5,6.975,5.568177643,9.116719203
0.2583333333,0.8916666667,15.5,7.058333333,25.00545272,-10.05032334
0.2583333333,0.9083333333,15.5,7.141666667,44.44272779,-31.33186761
0.2583333333,0.925,15.5,7.225,63.88000286,-51.79018429
0.2583333333,0.9416666667,15.5,7.308333333,83.31727794,-69.54618305
0.2583333333,0.9583333333,15.5,7.391666667,102.754553,-83.81782397
0.2583333333,0.975,15.5,7.475,122.1918281,-94.55226978
0.2583333333,0.9916666667,15.5,7.558333333,141.6291032,-102.002658
0.275,0.008333333333,16.5,2.641666667,-89.50044419,23.12641845
0.275,0.025,16.5,2.725,-80.20646885,20.78260913
0.275,0.04166666667,16.5,2.808333333,-64.70865721,21.67998221
0.275,0.05833333333,16.5,2.891666667,-49.21084556,25.50533222
0.275,0.075,16.5,2.975,-33.71303391,31.97031579
0.275,0.09166666667,16.5,3.058333333,-18.21522227,40.95002694
0.275,0.1083333333,16.5,3.141666667,-2.717410621,52.51485826
0.275,0.125,16.5,3.225,12.78040103,66.86822066
0.275,0.1416666667,16.5,3.308333333,11.55153931,84.16675454
0.275,0.1583333333,16.5,3.391666667,10.3226776,104.1935417
0.275,0.175,16.5,3.475,9.093815888,125.9273654
0.275,0.1916666667,16.5,3.558333333,7.864954176,147.2197389
0.275,0.2083333333,16.5,3.641666667,6.636092463,164.9466744
0.275,0.225,16.5,3.725,5.407230751,175.8860571
0.275,0.2416666667,16.5,3.808333333,8.831242306,178.0490619
0.275,0.2583333333,16.5,3.891666667,14.09052188,171.6441433
0.275,0.275,16.5,3.975,21.18506947,158.95258
0.275,0.2916666667,16.5,4.058333333,21.95590585,143.213543
0.275,0.3083333333,16.5,4.141666667,22.72674224,127.3333275
0.275,0.325,16.5,4.225,23.49757862,113.1596187
0.275,0.3416666667,16.5,4.308333333,24.26841501,101.4601641
0.275,0.3583333333,16.5,4.391666667,25.0392514,92.29615679
0.275,0.375,16.5,4.475,25.81008778,85.44282887
0.275,0.3916666667,16.5,4.558333333,28.05537681,80.68576207
0.275,0.4083333333,16.5,4.641666667,30.30066583,77.97341292
0.275,0.425,16.5,4.725,32.54595485,77.45893808
0.275,0.4416666667,16.5,4.808333333,34.79124387,79.4481596
0.275,0.4583333333,16.5,4.891666667,37.0365329,84.23403917
0.275,0.475,16.5,4.975,39.28182192,91.78573918
0.275,0.4916666667,16.5,5.058333333,46.34384486,101.3210714
0.275,0.5083333333,16.5,5.141666667,45.76230538,110.9505151
0.275,0.525,16.5,5.225,37.53720346,117.7497444
0.275,0.5416666667,16.5,5.308333333,40.53487586,118.548279
0.275,0.5583333333,16.5,5.391666667,43.53254825,111.2405557
0.275,0.575,16.5,5.475,46.53022065,95.84164886
0.275,0.5916666667,16.5,5.558333333,49.52789304,74.50752491
0.275,0.6083333333,16.5,5.641666667,52.52556544,50.50348166
0.275,0.625,16.5,5.725,55.52323784,26.88527619
0.275,0.6416666667,16.5,5.808333333,29.76323506,5.684182431
0.275,0.6583333333,16.5,5.891666667,4.003232275,-12.18825741
0.275,0.675,16.5,5.975,-21.75677051,-26.59359505
0.275,0.6916666667,16.5,6.058333333,-47.51677329,-37.73814078
0.275,0.7083333333,16.5,6.141666667,-73.27677607,-45.85780734
0.275,0.725,16.5,6.225,-99.03677885,-51.0488372
0.275,0.7416666667,16.5,6.308333333,-101.0089164,-53.21306641
0.275,0.7583333333,16.5,6.391666667,-103.4388986,-52.09698365
0.275,0.775,16.5,6.475,-106.3267254,-47.44022621
0.275,0.7916666667,16.5,6.558333333,-86.8894503,-39.26687891
0.275,0.8083333333,16.5,6.641666667,-67.45217523,-28.30353333
0.275,0.825,16.5,6.725,-48.01490015,-16.35918302
0.275,0.8416666667,16.5,6.808333333,-28.57762508,-6.323667289
0.275,0.8583333333,16.5,6.891666667,-9.140350005,-1.467098651
0.275,0.875,16.5,6.975,10.29692507,-4.158333355
0.275,0.8916666667,16.5,7.058333333,29.73420014,-14.7274197
0.275,0.9083333333,16.5,7.141666667,49.17147522,-31.29863258
0.275,0.925,16.5,7.225,68.60875029,-50.72451402
0.275,0.9416666667,16.5,7.308333333,88.04602537,-69.9190409
0.275,0.9583333333,16.5,7.391666667,107.4833004,-86.75787469
0.275,0.975,16.5,7.475,126.9205755,-100.2517215
0.275,0.9916666667,16.5,7.558333333,146.3578506,-110.2319879
0.2916666667,0.008333333333,17.5,2.641666667,-84.60116788,79.77898165
0.2916666667,0.025,17.5,2.725,-75.30719255,72.71231624
0.2916666667,0.04166666667,17.5,2.808333333,-66.01321721,68.50400579
0.2916666667,0.05833333333,17.5,2.891666667,-50.51540557,67.21282945
0.2916666667,0.075,17.5,2.975,-35.01759392,68.54966968
0.2916666667,0.09166666667,17.5,3.058333333,-19.51978227,72.19692666
0.2916666667,0.1083333333,17.5,3.141666667,-4.021970627,77.98166146
0.2916666667,0.125,17.5,3.225,11.47584102,85.93336463
0.2916666667,0.1416666667,17.5,3.308333333,10.24697931,96.24776326
0.2916666667,0.1583333333,17.5,3.391666667,9.018117594,109.1417806
0.2916666667,0.175,17.5,3.475,7.789255882,124.566115
0.2916666667,0.1916666667,17.5,3.558333333,6.560394169,141.7892868
0.2916666667,0.2083333333,17.5,3.641666667,5.331532457,159.0138382
0.2916666667,0.225,17.5,3.725,8.755544012,173.3651056
0.2916666667,0.2416666667,17.5,3.808333333,12.17955557,181.5749319
0.2916666667,0.2583333333,17.5,3.891666667,17.43883514,181.2559129
0.2916666667,0.275,17.5,3.975,24.53338273,172.0519166
0.2916666667,0.2916666667,17.5,4.058333333,31.62793031,155.8311191
0.2916666667,0.3083333333,17.5,4.141666667,32.3987667,135.7702735
0.2916666667,0.325,17.5,4.225,33.16960309,115.019242
0.2916666667,0.3416666667,17.5,4.308333333,33.94043947,95.78425868
0.2916666667,0.3583333333,17.5,4.391666667,34.71127586,79.13847193
0.2916666667,0.375,17.5,4.475,35.48211225,65.32847418
0.2916666667,0.3916666667,17.5,4.558333333,37.72740127,54.20648264
0.2916666667,0.4083333333,17.5,4.641666667,39.97269029,45.56532262
0.2916666667,0.425,17.5,4.725,42.21797931,39.32590231
0.2916666667,0.4416666667,17.5,4.808333333,44.46326834,35.60510869
0.2916666667,0.4583333333,17.5,4.891666667,46.70855736,34.68909462
0.2916666667,0.475,17.5,4.975,53.7705803,36.90145973
0.2916666667,0.4916666667,17.5,5.058333333,60.83260325,42.33259963
0.2916666667,0.5083333333,17.5,5.141666667,60.25106376,50.43326223
0.2916666667,0.525,17.5,5.225,52.02596184,59.61063478
0.2916666667,0.5416666667,17.5,5.308333333,43.80085993,67.15032955
0.2916666667,0.5583333333,17.5,5.391666667,46.79853232,69.80881195
0.2916666667,0.575,17.5,5.475,49.79620472,65.04360375
0.2916666667,0.5916666667,17.5,5.558333333,52.79387712,52.22904849
0.2916666667,0.6083333333,17.5,5.641666667,55.79154951,32.99298842
0.2916666667,0.625,17.5,5.725,58.78922191,10.41187977
0.2916666667,0.6416666667,17.5,5.808333333,33.02921913,-12.32295559
0.2916666667,0.6583333333,17.5,5.891666667,7.269216346,-32.90149597
0.2916666667,0.675,17.5,5.975,-18.49078643,-50.16637141
0.2916666667,0.6916666667,17.5,6.058333333,-44.25078922,-63.84425739
0.2916666667,0.7083333333,17.5,6.141666667,-70.010792,-74.11159171
0.2916666667,0.725,17.5,6.225,-71.98292956,-81.24102821
0.2916666667,0.7416666667,17.5,6.308333333,-73.95506712,-85.39557163
0.2916666667,0.7583333333,17.5,6.391666667,-76.38504929,-86.54674298
0.2916666667,0.775,17.5,6.475,-79.27287608,-84.48879561
0.2916666667,0.7916666667,17.5,6.558333333,-82.16070287,-78.95499229
0.2916666667,0.8083333333,17.5,6.641666667,-62.7234278,-69.86904476
0.2916666667,0.825,17.5,6.725,-43.28615273,-57.7379911
0.2916666667,0.8416666667,17.5,6.808333333,-23.84887765,-44.06961602
0.2916666667,0.8583333333,17.5,6.891666667,-4.411602578,-31.51042674
0.2916666667,0.875,17.5,6.975,15.0256725,-23.34382071
0.2916666667,0.8916666667,17.5,7.058333333,34.46294757,-22.31369372
0.2916666667,0.9083333333,17.5,7.141666667,53.90022264,-29.35739087
0.2916666667,0.925,17.5,7.225,73.33749772,-43.13013956
0.2916666667,0.9416666667,17.5,7.308333333,92.77477279,-60.69003103
0.2916666667,0.9583333333,17.5,7.391666667,112.2120479,-78.81745309
0.2916666667,0.975,17.5,7.475,131.6493229,-95.0863238
0.2916666667,0.9916666667,17.5,7.558333333,151.086598,-108.2221745
0.3083333333,0.008333333333,18.5,2.641666667,-79.70189158,134.6411422
0.3083333333,0.025,18.5,2.725,-70.40791624,122.4608174
0.3083333333,0.04166666667,18.5,2.808333333,-61.11394091,111.4209847
0.3083333333,0.05833333333,18.5,2.891666667,-51.81996557,102.7084021
0.3083333333,0.075,18.5,2.975,-36.32215393,96.60591381
0.3083333333,0.09166666667,18.5,3.058333333,-20.82434228,92.92579137
0.3083333333,0.1083333333,18.5,3.141666667,-5.326530634,91.37360458
0.3083333333,0.125,18.5,3.225,10.17128101,91.76478679
0.3083333333,0.1416666667,18.5,3.308333333,8.9424193,94.11430438
0.3083333333,0.1583333333,18.5,3.391666667,7.713557588,98.62899846
0.3083333333,0.175,18.5,3.475,6.484695875,105.5993986
0.3083333333,0.1916666667,18.5,3.558333333,5.255834163,115.158698
0.3083333333,0.2083333333,18.5,3.641666667,8.679845718,126.8976828
0.3083333333,0.225,18.5,3.725,12.10385727,139.4400023
0.3083333333,0.2416666667,18.5,3.808333333,15.52786883,150.2690376
0.3083333333,0.2583333333,18.5,3.891666667,20.7871484,156.1734338
0.3083333333,0.275,18.5,3.975,27.88169599,154.3847939
0.3083333333,0.2916666667,18.5,4.058333333,34.97624358,143.8678435
0.3083333333,0.3083333333,18.5,4.141666667,42.07079116,125.8768115
0.3083333333,0.325,18.5,4.225,42.84162755,103.3468729
0.3083333333,0.3416666667,18.5,4.308333333,43.61246394,79.58934864
0.3083333333,0.3583333333,18.5,4.391666667,44.38330032,57.17708176
0.3083333333,0.375,18.5,4.475,45.15413671,37.53132787
0.3083333333,0.3916666667,18.5,4.558333333,47.39942573,21.1135214
0.3083333333,0.4083333333,18.5,4.641666667,49.64471475,7.851826211
0.3083333333,0.425,18.5,4.725,51.89000378,-2.480493443
0.3083333333,0.4416666667,18.5,4.808333333,54.1352928,-10.03164602
0.3083333333,0.4583333333,18.5,4.891666667,61.19731574,-14.76879597
0.3083333333,0.475,18.5,4.975,68.25933869,-16.47477631
0.3083333333,0.4916666667,18.5,5.058333333,75.32136163,-14.84260917
0.3083333333,0.5083333333,18.5,5.141666667,74.73982214,-9.6983052
0.3083333333,0.525,18.5,5.225,66.51472023,-1.370102372
0.3083333333,0.5416666667,18.5,5.308333333,58.28961831,8.880738209
0.3083333333,0.5583333333,18.5,5.391666667,50.06451639,18.63680033
0.3083333333,0.575,18.5,5.475,53.06218879,24.68235625
0.3083333333,0.5916666667,18.5,5.558333333,56.05986119,24.07451019
0.3083333333,0.6083333333,18.5,5.641666667,59.05753358,15.46319185
0.3083333333,0.625,18.5,5.725,62.05520598,-0.2225913714
0.3083333333,0.6416666667,18.5,5.808333333,36.2952032,-20.24895656
0.3083333333,0.6583333333,18.5,5.891666667,10.53520042,-41.34343243
0.3083333333,0.675,18.5,5.975,-15.22480236,-60.87126872
0.3083333333,0.6916666667,18.5,6.058333333,-40.98480514,-77.33739529
0.3083333333,0.7083333333,18.5,6.141666667,-42.95694271,-90.24835074
0.3083333333,0.725,18.5,6.225,-44.92908027,-99.69446046
0.3083333333,0.7416666667,18.5,6.308333333,-46.90121783,-105.9563877
0.3083333333,0.7583333333,18.5,6.391666667,-49.3312,-109.2530927
0.3083333333,0.775,18.5,6.475,-52.21902679,-109.6249825
0.3083333333,0.7916666667,18.5,6.558333333,-55.10685358,-106.9191439
0.3083333333,0.8083333333,18.5,6.641666667,-57.99468037,-100.8706224
0.3083333333,0.825,18.5,6.725,-38.5574053,-91.30771004
0.3083333333,0.8416666667,18.5,6.808333333,-19.12013023,-78.50493181
0.3083333333,0.8583333333,18.5,6.891666667,0.3171448483,-63.61690691
0.3083333333,0.875,18.5,6.975,19.75441992,-48.94683492
0.3083333333,0.8916666667,18.5,7.058333333,39.191695,-37.67534524
0.3083333333,0.9083333333,18.5,7.141666667,58.62897007,-32.86453234
0.3083333333,0.925,18.5,7.225,78.06624514,-36.1238969
0.3083333333,0.9416666667,18.5,7.308333333,97.50352022,-46.80450253
0.3083333333,0.9583333333,18.5,7.391666667,116.9407953,-62.33460303
0.3083333333,0.975,18.5,7.475,136.3780704,-79.43500731
0.3083333333,0.9916666667,18.5,7.558333333,155.8153454,-95.34970438
0.325,0.008333333333,19.5,2.641666667,-74.80261527,171.7608819
0.325,0.025,19.5,2.725,-65.50863994,157.1641603
0.325,0.04166666667,19.5,2.808333333,-56.2146646,140.0662416
0.325,0.05833333333,19.5,2.891666667,-46.92068927,123.2344279
0.325,0.075,19.5,2.975,-37.62671393,108.3285959
0.325,0.09166666667,19.5,3.058333333,-22.12890229,95.97577226
0.325,0.1083333333,19.5,3.141666667,-6.63109064,86.17235347
0.325,0.125,19.5,3.225,8.866721006,78.68981475
0.325,0.1416666667,19.5,3.308333333,7.637859294,73.34464668
0.325,0.1583333333,19.5,3.391666667,6.408997581,70.12907252
0.325,0.175,19.5,3.475,5.180135869,69.23632522
0.325,0.1916666667,19.5,3.558333333,8.604147424,70.99122751
0.325,0.2083333333,19.5,3.641666667,12.02815898,75.66130567
0.325,0.225,19.5,3.725,15.45217053,83.12040837
0.325,0.2416666667,19.5,3.808333333,18.87618209,92.41450667
0.325,0.2583333333,19.5,3.891666667,24.13546166,101.4515409
0.325,0.275,19.5,3.975,31.23000925,107.1854316
0.325,0.2916666667,19.5,4.058333333,38.32455684,106.5274862
0.325,0.3083333333,19.5,4.141666667,45.41910442,97.68016104
0.325,0.325,19.5,4.225,52.51365201,81.05623184
0.325,0.3416666667,19.5,4.308333333,53.2844884,59.0912674
0.325,0.3583333333,19.5,4.391666667,54.05532478,35.09574205
0.325,0.375,19.5,4.475,54.82616117,11.97888195
0.325,0.3916666667,19.5,4.558333333,57.07145019,-8.438936462
0.325,0.4083333333,19.5,4.641666667,59.31673922,-25.41760683
0.325,0.425,19.5,4.725,61.56202824,-38.91380086
0.325,0.4416666667,19.5,4.808333333,68.62405118,-49.16370433
0.325,0.4583333333,19.5,4.891666667,75.68607413,-56.39370767
0.325,0.475,19.5,4.975,82.74809707,-60.67345495
0.325,0.4916666667,19.5,5.058333333,89.81012001,-61.87779413
0.325,0.5083333333,19.5,5.141666667,89.22858053,-59.74260186
0.325,0.525,19.5,5.225,81.00347861,-54.03577549
0.325,0.5416666667,19.5,5.308333333,72.77837669,-44.87443608
0.325,0.5583333333,19.5,5.391666667,64.55327478,-33.15367802
0.325,0.575,19.5,5.475,56.32817286,-20.88868931
0.325,0.5916666667,19.5,5.558333333,59.32584526,-11.10856994
0.325,0.6083333333,19.5,5.641666667,62.32351765,-7.029082128
0.325,0.625,19.5,5.725,65.32119005,-10.73103097
0.325,0.6416666667,19.5,5.808333333,39.56118727,-22.14186885
0.325,0.6583333333,19.5,5.891666667,13.80118449,-39.07695011
0.325,0.675,19.5,5.975,-11.95881829,-58.30796295
0.325,0.6916666667,19.5,6.058333333,-13.93095585,-76.87108915
0.325,0.7083333333,19.5,6.141666667,-15.90309342,-92.84401566
0.325,0.725,19.5,6.225,-17.87523098,-105.40888
0.325,0.7416666667,19.5,6.308333333,-19.84736854,-114.4933616
0.325,0.7583333333,19.5,6.391666667,-22.27735071,-120.3451125
0.325,0.775,19.5,6.475,-25.1651775,-123.2243776
0.325,0.7916666667,19.5,6.558333333,-28.05300429,-123.241686
0.325,0.8083333333,19.5,6.641666667,-30.94083108,-120.3083941
0.325,0.825,19.5,6.725,-33.82865787,-114.1809683
0.325,0.8416666667,19.5,6.808333333,-14.3913828,-104.6163873
0.325,0.8583333333,19.5,6.891666667,5.045892275,-91.67155052
0.325,0.875,19.5,6.975,24.48316735,-76.12541025
0.325,0.8916666667,19.5,7.058333333,43.92044242,-59.84906358
0.325,0.9083333333,19.5,7.141666667,63.3577175,-45.77430833
0.325,0.925,19.5,7.225,82.79499257,-37.15505572
0.325,0.9416666667,19.5,7.308333333,102.2322676,-36.27157659
0.325,0.9583333333,19.5,7.391666667,121.6695427,-43.32608827
0.325,0.975,19.5,7.475,141.1068178,-56.33805998
0.325,0.9916666667,19.5,7.558333333,160.5440929,-72.12119449
0.3416666667,0.008333333333,20.5,2.641666667,-69.90333897,174.4914753
0.3416666667,0.025,20.5,2.725,-60.60936363,163.5687313
0.3416666667,0.04166666667,20.5,2.808333333,-51.3153883,145.7702162
0.3416666667,0.05833333333,20.5,2.891666667,-42.02141296,124.2980071
0.3416666667,0.075,20.5,2.975,-32.72743763,102.3031106
0.3416666667,0.09166666667,20.5,3.058333333,-23.43346229,81.98083794
0.3416666667,0.1083333333,20.5,3.141666667,-7.935650647,64.39318898
0.3416666667,0.125,20.5,3.225,7.562161,49.7806587
0.3416666667,0.1416666667,20.5,3.308333333,6.333299287,37.99408041
0.3416666667,0.1583333333,20.5,3.391666667,5.104437575,28.82713992
0.3416666667,0.175,20.5,3.475,8.52844913,22.20155751
0.3416666667,0.1916666667,20.5,3.558333333,11.95246069,18.23337736
0.3416666667,0.2083333333,20.5,3.641666667,15.37647224,17.20483445
0.3416666667,0.225,20.5,3.725,18.8004838,19.43063777
0.3416666667,0.2416666667,20.5,3.808333333,22.22449535,24.98491053
0.3416666667,0.2583333333,20.5,3.891666667,27.48377492,33.29331666
0.3416666667,0.275,20.5,3.975,34.57832251,42.73193311
0.3416666667,0.2916666667,20.5,4.058333333,41.6728701,50.55890239
0.3416666667,0.3083333333,20.5,4.141666667,48.76741769,53.52054061
0.3416666667,0.325,20.5,4.225,55.86196527,49.08890401
0.3416666667,0.3416666667,20.5,4.308333333,62.95651286,36.66902211
0.3416666667,0.3583333333,20.5,4.391666667,63.72734925,17.91485748
0.3416666667,0.375,20.5,4.475,64.49818563,-4.0923347
0.3416666667,0.3916666667,20.5,4.558333333,66.74347466,-26.17862174
0.3416666667,0.4083333333,20.5,4.641666667,68.98876368,-46.06194282
0.3416666667,0.425,20.5,4.725,76.05078662,-62.61093364
0.3416666667,0.4416666667,20.5,4.808333333,83.11280957,-75.57014103
0.3416666667,0.4583333333,20.5,4.891666667,90.17483251,-85.12562408
0.3416666667,0.475,20.5,4.975,97.23685545,-91.55390747
0.3416666667,0.4916666667,20.5,5.058333333,104.2988784,-95.0186863
0.3416666667,0.5083333333,20.5,5.141666667,103.7173389,-95.49092246
0.3416666667,0.525,20.5,5.225,95.49223699,-92.76476518
0.3416666667,0.5416666667,20.5,5.308333333,87.26713508,-86.57597628
0.3416666667,0.5583333333,20.5,5.391666667,79.04203316,-76.85610499
0.3416666667,0.575,20.5,5.475,70.81693125,-64.12740962
0.3416666667,0.5916666667,20.5,5.558333333,62.59182933,-49.91853975
0.3416666667,0.6083333333,20.5,5.641666667,65.58950173,-36.89400899
0.3416666667,0.625,20.5,5.725,68.58717412,-28.3390372
0.3416666667,0.6416666667,20.5,5.808333333,42.82717134,-26.97464425
0.3416666667,0.6583333333,20.5,5.891666667,17.06716856,-33.69730204
0.3416666667,0.675,20.5,5.975,15.095031,-47.12354268
0.3416666667,0.6916666667,20.5,6.058333333,13.12289344,-64.29323083
0.3416666667,0.7083333333,20.5,6.141666667,11.15075588,-81.99203531
0.3416666667,0.725,20.5,6.225,9.178618314,-97.81206236
0.3416666667,0.7416666667,20.5,6.308333333,7.206480753,-110.4970358
0.3416666667,0.7583333333,20.5,6.391666667,4.776498577,-119.7121718
0.3416666667,0.775,20.5,6.475,1.888671787,-125.6125173
0.3416666667,0.7916666667,20.5,6.558333333,-0.9991550029,-128.4757989
0.3416666667,0.8083333333,20.5,6.641666667,-3.886981793,-128.4820459
0.3416666667,0.825,20.5,6.725,-6.774808583,-125.6209781
0.3416666667,0.8416666667,20.5,6.808333333,-9.662635373,-119.6970125
0.3416666667,0.8583333333,20.5,6.891666667,9.774639701,-110.4339707
0.3416666667,0.875,20.5,6.975,29.21191478,-97.71141768
0.3416666667,0.8916666667,20.5,7.058333333,48.64918985,-81.94565732
0.3416666667,0.9083333333,20.5,7.141666667,68.08646492,-64.51584194
0.3416666667,0.925,20.5,7.225,87.52374,-47.94916068
0.3416666667,0.9416666667,20.5,7.308333333,106.9610151,-35.49603817
0.3416666667,0.9583333333,20.5,7.391666667,126.3982901,-30.00712941
0.3416666667,0.975,20.5,7.475,145.8355652,-32.63394991
0.3416666667,0.9916666667,20.5,7.558333333,165.2728403,-42.23971767
0.3583333333,0.008333333333,21.5,2.641666667,-65.00406266,136.5331197
0.3583333333,0.025,21.5,2.725,-55.71008733,134.7256075
0.3583333333,0.04166666667,21.5,2.808333333,-46.41611199,124.3869199
0.3583333333,0.05833333333,21.5,2.891666667,-37.12213666,106.4689469
0.3583333333,0.075,21.5,2.975,-27.82816132,83.74478085
0.3583333333,0.09166666667,21.5,3.058333333,-18.53418599,59.54726667
0.3583333333,0.1083333333,21.5,3.141666667,-9.240210653,36.58409289
0.3583333333,0.125,21.5,3.225,6.257600993,16.42308513
0.3583333333,0.1416666667,21.5,3.308333333,5.028739281,-0.3780253208
0.3583333333,0.1583333333,21.5,3.391666667,8.452750836,-13.85590691
0.3583333333,0.175,21.5,3.475,11.87676239,-24.24679474
0.3583333333,0.1916666667,21.5,3.558333333,15.30077395,-31.73231779
0.3583333333,0.2083333333,21.5,3.641666667,18.7247855,-36.32091872
0.3583333333,0.225,21.5,3.725,22.14879706,-37.83164294
0.3583333333,0.2416666667,21.5,3.808333333,25.57280861,-35.97367403
0.3583333333,0.2583333333,21.5,3.891666667,30.83208818,-30.54922518
0.3583333333,0.275,21.5,3.975,37.92663577,-21.80411968
0.3583333333,0.2916666667,21.5,4.058333333,45.02118336,-10.86151887
0.3583333333,0.3083333333,21.5,4.141666667,52.11573095,0.004368480081
0.3583333333,0.325,21.5,4.225,59.21027853,7.628595148
0.3583333333,0.3416666667,21.5,4.308333333,66.30482612,8.94144476
0.3583333333,0.3583333333,21.5,4.391666667,73.39937371,2.303652882
0.3583333333,0.375,21.5,4.475,74.1702101,-11.6724011
0.3583333333,0.3916666667,21.5,4.558333333,76.41549912,-30.43942707
0.3583333333,0.4083333333,21.5,4.641666667,83.47752206,-50.72254895
0.3583333333,0.425,21.5,4.725,90.53954501,-69.75605391
0.3583333333,0.4416666667,21.5,4.808333333,97.60156795,-85.88838924
0.3583333333,0.4583333333,21.5,4.891666667,104.6635909,-98.51307809
0.3583333333,0.475,21.5,4.975,111.7256138,-107.6674247
0.3583333333,0.4916666667,21.5,5.058333333,118.7876368,-113.6248834
0.3583333333,0.5083333333,21.5,5.141666667,118.2060973,-116.6224504
0.3583333333,0.525,21.5,5.225,109.9809954,-116.7275106
0.3583333333,0.5416666667,21.5,5.308333333,101.7558935,-113.8103782
0.3583333333,0.5583333333,21.5,5.391666667,93.53079155,-107.6114016
0.3583333333,0.575,21.5,5.475,85.30568963,-97.92711933
0.3583333333,0.5916666667,21.5,5.558333333,77.08058771,-84.94385703
0.3583333333,0.6083333333,21.5,5.641666667,68.8554858,-69.67059206
0.3583333333,0.625,21.5,5.725,71.85315819,-54.25147332
0.3583333333,0.6416666667,21.5,5.808333333,46.09315541,-41.7885154
0.3583333333,0.6583333333,21.5,5.891666667,44.12101785,-35.43724234
0.3583333333,0.675,21.5,5.975,42.14888029,-37.07291975
0.3583333333,0.6916666667,21.5,6.058333333,40.17674273,-46.36106822
0.3583333333,0.7083333333,21.5,6.141666667,38.20460517,-60.93092547
0.3583333333,0.725,21.5,6.225,36.2324676,-77.51616042
0.3583333333,0.7416666667,21.5,6.308333333,34.26033004,-93.23438366
0.3583333333,0.7583333333,21.5,6.391666667,31.83034787,-106.2831893
0.3583333333,0.775,21.5,6.475,28.94252108,-115.9381299
0.3583333333,0.7916666667,21.5,6.558333333,26.05469429,-122.1714308
0.3583333333,0.8083333333,21.5,6.641666667,23.1668675,-125.2340261
0.3583333333,0.825,21.5,6.725,20.27904071,-125.3647835
0.3583333333,0.8416666667,21.5,6.808333333,17.39121392,-122.6424163
0.3583333333,0.8583333333,21.5,6.891666667,14.50338713,-116.9466889
0.3583333333,0.875,21.5,6.975,33.9406622,-108.0134829
0.3583333333,0.8916666667,21.5,7.058333333,53.37793728,-95.60465572
0.3583333333,0.9083333333,21.5,7.141666667,72.81521235,-79.823948
0.3583333333,0.925,21.5,7.225,92.25248742,-61.54559833
0.3583333333,0.9416666667,21.5,7.308333333,111.6897625,-42.75970525
0.3583333333,0.9583333333,21.5,7.391666667,131.1270376,-26.47365589
0.3583333333,0.975,21.5,7.475,150.5643126,-15.89347612
0.3583333333,0.9916666667,21.5,7.558333333,170.0015877,-13.10448964
0.375,0.008333333333,22.5,2.641666667,-60.10478636,69.46312647
0.375,0.025,22.5,2.725,-50.81081102,76.39009284
0.375,0.04166666667,22.5,2.808333333,-41.51683569,77.94563451
0.375,0.05833333333,22.5,2.891666667,-32.22286035,71.80804093
0.375,0.075,22.5,2.975,-22.92888502,57.69231304
0.375,0.09166666667,22.5,3.058333333,-13.63490968,37.51455004
0.375,0.1083333333,22.5,3.141666667,-4.340934348,14.45612505
0.375,0.125,22.5,3.225,4.953040987,-8.369389499
0.375,0.1416666667,22.5,3.308333333,8.377052542,-28.81508719
0.375,0.1583333333,22.5,3.391666667,11.8010641,-45.87268432
0.375,0.175,22.5,3.475,15.22507565,-59.357438
0.375,0.1916666667,22.5,3.558333333,18.64908721,-69.47508542
0.375,0.2083333333,22.5,3.641666667,22.07309876,-76.48894517
0.375,0.225,22.5,3.725,25.49711032,-80.53438611
0.375,0.2416666667,22.5,3.808333333,28.92112187,-81.55206747
0.375,0.2583333333,22.5,3.891666667,34.18040145,-79.31567781
0.375,0.275,22.5,3.975,41.27494903,-73.56558103
0.375,0.2916666667,22.5,4.058333333,48.36949662,-64.28213797
0.375,0.3083333333,22.5,4.141666667,55.46404421,-52.09362414
0.375,0.325,22.5,4.225,62.5585918,-38.67600166
0.375,0.3416666667,22.5,4.308333333,69.65313938,-26.81754866
0.375,0.3583333333,22.5,4.391666667,76.74768697,-19.80772852
0.375,0.375,22.5,4.475,83.84223456,-20.19703681
0.375,0.3916666667,22.5,4.558333333,90.9042575,-28.59303005
0.375,0.4083333333,22.5,4.641666667,97.96628045,-43.35204746
0.375,0.425,22.5,4.725,105.0283034,-61.40707775
0.375,0.4416666667,22.5,4.808333333,112.0903263,-79.60287596
0.375,0.4583333333,22.5,4.891666667,119.1523493,-95.67657062
0.375,0.475,22.5,4.975,126.2143722,-108.5122784
0.375,0.4916666667,22.5,5.058333333,133.2763952,-117.8644201
0.375,0.5083333333,22.5,5.141666667,132.6948557,-123.9235974
0.375,0.525,22.5,5.225,124.4697538,-126.9667422
0.375,0.5416666667,22.5,5.308333333,116.2446518,-127.1550193
0.375,0.5583333333,22.5,5.391666667,108.0195499,-124.4548707
0.375,0.575,22.5,5.475,99.79444801,-118.6547841
0.375,0.5916666667,22.5,5.558333333,91.5693461,-109.4847061
0.375,0.6083333333,22.5,5.641666667,83.34424418,-96.87139286
0.375,0.625,22.5,5.725,75.11914226,-81.33422605
0.375,0.6416666667,22.5,5.808333333,73.1470047,-64.40038572
0.375,0.6583333333,22.5,5.891666667,71.17486714,-48.7313432
0.375,0.675,22.5,5.975,69.20272958,-37.60299021
0.375,0.6916666667,22.5,6.058333333,67.23059202,-33.71779733
0.375,0.7083333333,22.5,6.141666667,65.25845446,-37.9470452
0.375,0.725,22.5,6.225,63.28631689,-48.88282879
0.375,0.7416666667,22.5,6.308333333,61.31417933,-63.54796085
0.375,0.7583333333,22.5,6.391666667,58.88419716,-78.71953002
0.375,0.775,22.5,6.475,55.99637037,-91.98572858
0.375,0.7916666667,22.5,6.558333333,53.10854358,-102.0864477
0.375,0.8083333333,22.5,6.641666667,50.22071679,-108.6807174
0.375,0.825,22.5,6.725,47.33289,-111.914903
0.375,0.8416666667,22.5,6.808333333,44.44506321,-112.0564977
0.375,0.8583333333,22.5,6.891666667,41.55723642,-109.274789
0.375,0.875,22.5,6.975,38.66940963,-103.5490713
0.375,0.8916666667,22.5,7.058333333,58.1066847,-94.67438533
0.375,0.9083333333,22.5,7.141666667,77.54395978,-82.36711311
0.375,0.925,22.5,7.225,96.98123485,-66.50245053
0.375,0.9416666667,22.5,7.308333333,116.4185099,-47.49639161
0.375,0.9583333333,22.5,7.391666667,135.855785,-26.73162535
0.375,0.975,22.5,7.475,155.2930601,-6.740154852
0.375,0.9916666667,22.5,7.558333333,174.7303351,9.226011038
0.3916666667,0.008333333333,23.5,2.641666667,-54.06960256,-3.755984465
0.3916666667,0.025,23.5,2.725,-44.77562723,6.429239212
0.3916666667,0.04166666667,23.5,2.808333333,-35.48165189,16.4478077
0.3916666667,0.05833333333,23.5,2.891666667,-26.18767656,23.13136019
0.3916666667,0.075,23.5,2.975,-16.89370122,23.43695752
0.3916666667,0.09166666667,23.5,3.058333333,-7.599725888,15.78090042
0.3916666667,0.1083333333,23.5,3.141666667,1.694249446,0.8368923593
0.3916666667,0.125,23.5,3.225,-3.452119115,-18.80904074
0.3916666667,0.1416666667,23.5,3.308333333,14.79807255,-39.87759434
0.3916666667,0.1583333333,23.5,3.391666667,18.22208411,-59.62307165
0.3916666667,0.175,23.5,3.475,21.64609566,-76.4200215
0.3916666667,0.1916666667,23.5,3.558333333,25.07010722,-89.68132704
0.3916666667,0.2083333333,23.5,3.641666667,28.49411877,-99.45346905
0.3916666667,0.225,23.5,3.725,31.91813033,-106.0111818
0.3916666667,0.2416666667,23.5,3.808333333,35.34214188,-109.5884498
0.3916666667,0.2583333333,23.5,3.891666667,40.60142146,-110.2482475
0.3916666667,0.275,23.5,3.975,47.69596904,-107.8572971
0.3916666667,0.2916666667,23.5,4.058333333,54.79051663,-102.1556049
0.3916666667,0.3083333333,23.5,4.141666667,61.88506422,-92.94592564
0.3916666667,0.325,23.5,4.225,68.97961181,-80.43082783
0.3916666667,0.3416666667,23.5,4.308333333,76.07415939,-65.64602083
0.3916666667,0.3583333333,23.5,4.391666667,83.16870698,-50.76558261
0.3916666667,0.375,23.5,4.475,87.17437796,-38.90833781
0.3916666667,0.3916666667,23.5,4.558333333,91.88168088,-33.21677893
0.3916666667,0.4083333333,23.5,4.641666667,98.94370382,-35.52197839
0.3916666667,0.425,23.5,4.725,106.0057268,-45.43501639
0.3916666667,0.4416666667,23.5,4.808333333,113.0677497,-60.54948102
0.3916666667,0.4583333333,23.5,4.891666667,120.1297727,-77.59668352
0.3916666667,0.475,23.5,4.975,127.1917956,-93.71750007
0.3916666667,0.4916666667,23.5,5.058333333,134.2538185,-107.1402511
0.3916666667,0.5083333333,23.5,5.141666667,133.6722791,-117.1648191
0.3916666667,0.525,23.5,5.225,125.4471771,-123.7769633
0.3916666667,0.5416666667,23.5,5.308333333,117.2220752,-127.2322806
0.3916666667,0.5583333333,23.5,5.391666667,108.9969733,-127.7690943
0.3916666667,0.575,23.5,5.475,100.7718714,-125.4634252
0.3916666667,0.5916666667,23.5,5.558333333,92.54676947,-120.1925007
0.3916666667,0.6083333333,23.5,5.641666667,84.32166756,-111.6922137
0.3916666667,0.625,23.5,5.725,70.24589873,-99.7302094
0.3916666667,0.6416666667,23.5,5.808333333,90.64580822,-84.42537483
0.3916666667,0.6583333333,23.5,5.891666667,88.67367066,-66.67753761
0.3916666667,0.675,23.5,5.975,86.7015331,-48.50667918
0.3916666667,0.6916666667,23.5,6.058333333,84.72939553,-32.93889981
0.3916666667,0.7083333333,23.5,6.141666667,82.75725797,-23.17026382
0.3916666667,0.725,23.5,6.225,80.78512041,-21.24351678
0.3916666667,0.7416666667,23.5,6.308333333,78.81298285,-27.03994763
0.3916666667,0.7583333333,23.5,6.391666667,76.38300067,-38.33654495
0.3916666667,0.775,23.5,6.475,73.49517388,-51.8837798
0.3916666667,0.7916666667,23.5,6.558333333,70.60734709,-64.71119308
0.3916666667,0.8083333333,23.5,6.641666667,67.7195203,-74.89526692
0.3916666667,0.825,23.5,6.725,64.83169351,-81.61481667
0.3916666667,0.8416666667,23.5,6.808333333,61.94386672,-84.78953138
0.3916666667,0.8583333333,23.5,6.891666667,59.05603993,-84.65551333
0.3916666667,0.875,23.5,6.975,60.91089852,-81.46017686
0.3916666667,0.8916666667,23.5,7.058333333,62.83543213,-75.30198042
0.3916666667,0.9083333333,23.5,7.141666667,82.2727072,-66.08259119
0.3916666667,0.925,23.5,7.225,101.7099823,-53.55278422
0.3916666667,0.9416666667,23.5,7.308333333,121.1472574,-37.46988759
0.3916666667,0.9583333333,23.5,7.391666667,140.5845324,-17.89950479
0.3916666667,0.975,23.5,7.475,160.0218075,4.361124339
0.3916666667,0.9916666667,23.5,7.558333333,179.4590826,27.41537231
0.4083333333,0.008333333333,24.5,2.641666667,-48.03441877,-64.00390691
0.4083333333,0.025,24.5,2.725,-38.74044343,-55.63592228
0.4083333333,0.04166666667,24.5,2.808333333,-29.4464681,-44.26448636
0.4083333333,0.05833333333,24.5,2.891666667,-20.15249276,-31.47152742
0.4083333333,0.075,24.5,2.975,-10.85851743,-19.96813429
0.4083333333,0.09166666667,24.5,3.058333333,-1.564542094,-13.04275597
0.4083333333,0.1083333333,24.5,3.141666667,-6.710910656,-13.35386865
0.4083333333,0.125,24.5,3.225,-11.85727922,-21.68918543
0.4083333333,0.1416666667,24.5,3.308333333,6.392912451,-36.56559848
0.4083333333,0.1583333333,24.5,3.391666667,24.64310412,-54.98108464
0.4083333333,0.175,24.5,3.475,28.06711567,-73.7437376
0.4083333333,0.1916666667,24.5,3.558333333,31.49112723,-90.50264792
0.4083333333,0.2083333333,24.5,3.641666667,34.91513879,-104.0581167
0.4083333333,0.225,24.5,3.725,38.33915034,-114.1129614
0.4083333333,0.2416666667,24.5,3.808333333,41.7631619,-120.8393787
0.4083333333,0.2583333333,24.5,3.891666667,47.02244147,-124.5182262
0.4083333333,0.275,24.5,3.975,54.11698905,-125.3256394
0.4083333333,0.2916666667,24.5,4.058333333,61.21153664,-123.2456601
0.4083333333,0.3083333333,24.5,4.141666667,68.30608423,-118.0796957
0.4083333333,0.325,24.5,4.225,75.40063182,-109.5567427
0.4083333333,0.3416666667,24.5,4.308333333,82.49517941,-97.57692208
0.4083333333,0.3583333333,24.5,4.391666667,86.50085039,-82.59830356
0.4083333333,0.375,24.5,4.475,90.50652137,-66.0594188
0.4083333333,0.3916666667,24.5,4.558333333,95.21382428,-50.54283291
0.4083333333,0.4083333333,24.5,4.641666667,99.9211272,-39.31427282
0.4083333333,0.425,24.5,4.725,106.9831501,-35.17378075
0.4083333333,0.4416666667,24.5,4.808333333,114.0451731,-39.17032876
0.4083333333,0.4583333333,24.5,4.891666667,121.107196,-50.06557369
0.4083333333,0.475,24.5,4.975,128.169219,-64.96193806
0.4083333333,0.4916666667,24.5,5.058333333,135.2312419,-80.61102135
0.4083333333,0.5083333333,24.5,5.141666667,134.6497024,-94.51646859
0.4083333333,0.525,24.5,5.225,126.4246005,-105.3320023
0.4083333333,0.5416666667,24.5,5.308333333,118.1994986,-112.6607247
0.4083333333,0.5583333333,24.5,5.391666667,109.9743967,-116.6268291
0.4083333333,0.575,24.5,5.475,101.7492948,-117.4991801
0.4083333333,0.5916666667,24.5,5.558333333,93.52419285,-115.4604076
0.4083333333,0.6083333333,24.5,5.641666667,79.44842402,-110.5063653
0.4083333333,0.625,24.5,5.725,65.37265519,-102.4445603
0.4083333333,0.6416666667,24.5,5.808333333,85.77256468,-90.99086644
0.4083333333,0.6583333333,24.5,5.891666667,106.1724742,-75.99532478
0.4083333333,0.675,24.5,5.975,104.2003366,-57.81416696
0.4083333333,0.6916666667,24.5,6.058333333,102.228199,-37.74014672
0.4083333333,0.7083333333,24.5,6.141666667,100.2560615,-18.21835001
0.4083333333,0.725,24.5,6.225,98.28392393,-2.474793572
0.4083333333,0.7416666667,24.5,6.308333333,96.31178637,6.565506995
0.4083333333,0.7583333333,24.5,6.391666667,93.88180419,7.594326385
0.4083333333,0.775,24.5,6.475,90.9939774,1.585843526
0.4083333333,0.7916666667,24.5,6.558333333,88.10615061,-8.699915846
0.4083333333,0.8083333333,24.5,6.641666667,85.21832382,-19.99092346
0.4083333333,0.825,24.5,6.725,82.33049703,-29.67063035
0.4083333333,0.8416666667,24.5,6.808333333,79.44267024,-36.26609791
0.4083333333,0.8583333333,24.5,6.891666667,81.29752883,-39.30141301
0.4083333333,0.875,24.5,6.975,83.15238741,-38.87862161
0.4083333333,0.8916666667,24.5,7.058333333,85.07692102,-35.28701803
0.4083333333,0.9083333333,24.5,7.141666667,87.00145463,-28.75448967
0.4083333333,0.925,24.5,7.225,106.4387297,-19.33333851
0.4083333333,0.9416666667,24.5,7.308333333,125.8760048,-6.887636328
0.4083333333,0.9583333333,24.5,7.391666667,145.3132799,8.823205347
0.4083333333,0.975,24.5,7.475,164.7505549,27.93625998
0.4083333333,0.9916666667,24.5,7.558333333,184.18783,50.12942409
0.425,0.008333333333,25.5,2.641666667,-41.99923497,-103.8300975
0.425,0.025,25.5,2.725,-32.70525964,-99.15588036
0.425,0.04166666667,25.5,2.808333333,-23.4112843,-90.97659928
0.425,0.05833333333,25.5,2.891666667,-14.11730897,-79.39132403
0.425,0.075,25.5,2.975,-4.823333634,-65.25373915
0.425,0.09166666667,25.5,3.058333333,-9.969702196,-50.52615767
0.425,0.1083333333,25.5,3.141666667,-15.11607076,-38.20376144
0.425,0.125,25.5,3.225,-20.26243932,-31.52242706
0.425,0.1416666667,25.5,3.308333333,-2.012247651,-32.64604482
0.425,0.1583333333,25.5,3.391666667,16.23794402,-41.61248931
0.425,0.175,25.5,3.475,34.48813569,-56.31685729
0.425,0.1916666667,25.5,3.558333333,37.91214724,-73.54507081
0.425,0.2083333333,25.5,3.641666667,41.3361588,-90.29173998
0.425,0.225,25.5,3.725,44.76017035,-104.5723455
0.425,0.2416666667,25.5,3.808333333,48.18418191,-115.5161705
0.425,0.2583333333,25.5,3.891666667,53.44346148,-123.0187773
0.425,0.275,25.5,3.975,60.53800907,-127.3138954
0.425,0.2916666667,25.5,4.058333333,67.63255665,-128.6589132
0.425,0.3083333333,25.5,4.141666667,74.72710424,-127.1662689
0.425,0.325,25.5,4.225,81.82165183,-122.7493161
0.425,0.3416666667,25.5,4.308333333,85.82732281,-115.1620175
0.425,0.3583333333,25.5,4.391666667,89.83299379,-104.1482148
0.425,0.375,25.5,4.475,93.83866477,-89.73380384
0.425,0.3916666667,25.5,4.558333333,98.54596769,-72.64542476
0.425,0.4083333333,25.5,4.641666667,103.2532706,-54.6900824
0.425,0.425,25.5,4.725,107.9605735,-38.75197386
0.425,0.4416666667,25.5,4.808333333,115.0225965,-28.08971361
0.425,0.4583333333,25.5,4.891666667,122.0846194,-25.05412373
0.425,0.475,25.5,4.975,129.1466424,-29.9531402
0.425,0.4916666667,25.5,5.058333333,136.2086653,-40.88930247
0.425,0.5083333333,25.5,5.141666667,135.6271258,-54.69702798
0.425,0.525,25.5,5.225,127.4020239,-68.27584957
0.425,0.5416666667,25.5,5.308333333,119.176922,-79.48859029
0.425,0.5583333333,25.5,5.391666667,110.9518201,-87.33274281
0.425,0.575,25.5,5.475,102.7267181,-91.62543194
0.425,0.5916666667,25.5,5.558333333,88.65094932,-92.5709213
0.425,0.6083333333,25.5,5.641666667,74.57518049,-90.42850061
0.425,0.625,25.5,5.725,60.49941166,-85.327757
0.425,0.6416666667,25.5,5.808333333,80.89932115,-77.20258336
0.425,0.6583333333,25.5,5.891666667,101.2992306,-65.81968555
0.425,0.675,25.5,5.975,121.6991401,-50.91304343
0.425,0.6916666667,25.5,6.058333333,119.7270026,-32.45808734
0.425,0.7083333333,25.5,6.141666667,117.754865,-11.08037375
0.425,0.725,25.5,6.225,115.7827274,11.54426527
0.425,0.7416666667,25.5,6.308333333,113.8105899,32.62532561
0.425,0.7583333333,25.5,6.391666667,111.3806077,48.86936267
0.425,0.775,25.5,6.475,108.4927809,57.72024541
0.425,0.7916666667,25.5,6.558333333,105.6049541,58.56194254
0.425,0.8083333333,25.5,6.641666667,102.7171273,53.0246766
0.425,0.825,25.5,6.725,99.82930055,44.15537455
0.425,0.8416666667,25.5,6.808333333,101.6841591,35.08231045
0.425,0.8583333333,25.5,6.891666667,103.5390177,28.03540433
0.425,0.875,25.5,6.975,105.3938763,24.09269277
0.425,0.8916666667,25.5,7.058333333,107.3184099,23.45768435
0.425,0.9083333333,25.5,7.141666667,109.2429435,25.89377778
0.425,0.925,25.5,7.225,111.1674771,31.07432654
0.425,0.9416666667,25.5,7.308333333,130.6047522,38.78507905
0.425,0.9583333333,25.5,7.391666667,150.0420273,49.00365953
0.425,0.975,25.5,7.475,169.4793024,61.88346154
0.425,0.9916666667,25.5,7.558333333,188.9165774,77.63496263
0.4416666667,0.008333333333,26.5,2.641666667,-35.96405118,-123.8614686
0.4416666667,0.025,26.5,2.725,-26.67007584,-122.8424486
0.4416666667,0.04166666667,26.5,2.808333333,-17.37610051,-118.8025735
0.4416666667,0.05833333333,26.5,2.891666667,-8.082125175,-111.4740841
0.4416666667,0.075,26.5,2.975,-13.22849374,-100.6754242
0.4416666667,0.09166666667,26.5,3.058333333,-18.3748623,-86.66098775
0.4416666667,0.1083333333,26.5,3.141666667,-23.52123086,-70.55518857
0.4416666667,0.125,26.5,3.225,-28.66759942,-54.62921168
0.4416666667,0.1416666667,26.5,3.308333333,-10.41740775,-42.04659251
0.4416666667,0.1583333333,26.5,3.391666667,7.832783915,-35.88277648
0.4416666667,0.175,26.5,3.475,26.08297558,-37.78989442
0.4416666667,0.1916666667,26.5,3.558333333,44.33316725,-47.16843492
0.4416666667,0.2083333333,26.5,3.641666667,47.75717881,-61.47495465
0.4416666667,0.225,26.5,3.725,51.18119036,-77.42571654
0.4416666667,0.2416666667,26.5,3.808333333,54.60520192,-92.23682756
0.4416666667,0.2583333333,26.5,3.891666667,59.86448149,-104.2354711
0.4416666667,0.275,26.5,3.975,66.95902908,-112.7952766
0.4416666667,0.2916666667,26.5,4.058333333,74.05357666,-117.9363811
0.4416666667,0.3083333333,26.5,4.141666667,81.14812425,-119.9172379
0.4416666667,0.325,26.5,4.225,85.15379523,-118.9609854
0.4416666667,0.3416666667,26.5,4.308333333,89.15946621,-115.1214922
0.4416666667,0.3583333333,26.5,4.391666667,93.16513719,-108.255316
0.4416666667,0.375,26.5,4.475,97.17080817,-98.08816113
0.4416666667,0.3916666667,26.5,4.558333333,101.8781111,-84.40010414
0.4416666667,0.4083333333,26.5,4.641666667,106.585414,-67.35820614
0.4416666667,0.425,26.5,4.725,111.2927169,-47.94936469
0.4416666667,0.4416666667,26.5,4.808333333,116.0000198,-28.29535166
0.4416666667,0.4583333333,26.5,4.891666667,123.0620428,-11.48101273
0.4416666667,0.475,26.5,4.975,130.1240657,-0.6556424103
0.4416666667,0.4916666667,26.5,5.058333333,137.1860887,2.29999745
0.4416666667,0.5083333333,26.5,5.141666667,136.6045492,-2.290346387
0.4416666667,0.525,26.5,5.225,128.3794473,-12.06263452
0.4416666667,0.5416666667,26.5,5.308333333,120.1543454,-23.74868603
0.4416666667,0.5583333333,26.5,5.391666667,111.9292434,-34.45842131
0.4416666667,0.575,26.5,5.475,97.85347461,-42.38217249
0.4416666667,0.5916666667,26.5,5.558333333,83.77770578,-46.7935825
0.4416666667,0.6083333333,26.5,5.641666667,69.70193695,-47.67014599
0.4416666667,0.625,26.5,5.725,55.62616813,-45.27496786
0.4416666667,0.6416666667,26.5,5.808333333,76.02607761,-39.86510038
0.4416666667,0.6583333333,26.5,5.891666667,96.4259871,-31.54272839
0.4416666667,0.675,26.5,5.975,116.8258966,-20.21585276
0.4416666667,0.6916666667,26.5,6.058333333,137.2258061,-5.65274968
0.4416666667,0.7083333333,26.5,6.141666667,135.2536685,12.34912529
0.4416666667,0.725,26.5,6.225,133.281531,33.64839889
0.4416666667,0.7416666667,26.5,6.308333333,131.3093934,57.33164489
0.4416666667,0.7583333333,26.5,6.391666667,128.8794112,81.36627719
0.4416666667,0.775,26.5,6.475,125.9915844,102.6944493
0.4416666667,0.7916666667,26.5,6.558333333,123.1037576,118.046437
0.4416666667,0.8083333333,26.5,6.641666667,120.2159309,125.2592171
0.4416666667,0.825,26.5,6.725,122.0707894,124.3098736
0.4416666667,0.8416666667,26.5,6.808333333,123.925648,117.2982467
0.4416666667,0.8583333333,26.5,6.891666667,125.7805066,107.3929792
0.4416666667,0.875,26.5,6.975,127.6353652,97.52006128
0.4416666667,0.8916666667,26.5,7.058333333,129.5598988,89.57256144
0.4416666667,0.9083333333,26.5,7.141666667,131.4844324,84.33671448
0.4416666667,0.925,26.5,7.225,133.408966,81.84738568
0.4416666667,0.9416666667,26.5,7.308333333,135.3334996,81.81574169
0.4416666667,0.9583333333,26.5,7.391666667,154.7707747,83.9404966
0.4416666667,0.975,26.5,7.475,174.2080498,88.0736737
0.4416666667,0.9916666667,26.5,7.558333333,193.6453249,94.27276917
0.4583333333,0.008333333333,27.5,2.641666667,-29.92886738,-126.0083386
0.4583333333,0.025,27.5,2.725,-20.63489205,-128.5952132
0.4583333333,0.04166666667,27.5,2.808333333,-11.34091672,-128.324123
0.4583333333,0.05833333333,27.5,2.891666667,-16.48728528,-125.1867531
0.4583333333,0.075,27.5,2.975,-21.63365384,-118.988611
0.4583333333,0.09166666667,27.5,3.058333333,-26.7800224,-109.4517754
0.4583333333,0.1083333333,27.5,3.141666667,-31.92639096,-96.44866875
0.4583333333,0.125,27.5,3.225,-37.07275952,-80.38090994
0.4583333333,0.1416666667,27.5,3.308333333,-18.82256786,-62.60654699
0.4583333333,0.1583333333,27.5,3.391666667,-0.572376187,-45.63276621
0.4583333333,0.175,27.5,3.475,17.67781548,-32.70395739
0.4583333333,0.1916666667,27.5,3.558333333,35.92800715,-26.6882939
0.4583333333,0.2083333333,27.5,3.641666667,54.17819882,-28.77391532
0.4583333333,0.225,27.5,3.725,57.60221037,-37.86109975
0.4583333333,0.2416666667,27.5,3.808333333,61.02622193,-51.1193956
0.4583333333,0.2583333333,27.5,3.891666667,66.2855015,-65.27884054
0.4583333333,0.275,27.5,3.975,73.38004909,-77.7689898
0.4583333333,0.2916666667,27.5,4.058333333,80.47459668,-87.16580288
0.4583333333,0.3083333333,27.5,4.141666667,84.48026766,-93.019666
0.4583333333,0.325,27.5,4.225,88.48593864,-95.43155768
0.4583333333,0.3416666667,27.5,4.308333333,92.49160962,-94.66866053
0.4583333333,0.3583333333,27.5,4.391666667,96.4972806,-90.92384975
0.4583333333,0.375,27.5,4.475,100.5029516,-84.20786274
0.4583333333,0.3916666667,27.5,4.558333333,105.2102545,-74.34182847
0.4583333333,0.4083333333,27.5,4.641666667,109.9175574,-61.04694249
0.4583333333,0.425,27.5,4.725,114.6248603,-44.16085418
0.4583333333,0.4416666667,27.5,4.808333333,119.3321632,-24.00120646
0.4583333333,0.4583333333,27.5,4.891666667,124.0394662,-1.798565391
0.4583333333,0.475,27.5,4.975,131.1014891,20.06173329
0.4583333333,0.4916666667,27.5,5.058333333,138.1635121,38.36312205
0.4583333333,0.5083333333,27.5,5.141666667,137.5819726,50.10017426
0.4583333333,0.525,27.5,5.225,129.3568707,53.80512944
0.4583333333,0.5416666667,27.5,5.308333333,121.1317687,50.28082076
0.4583333333,0.5583333333,27.5,5.391666667,107.0559999,42.17881181
0.4583333333,0.575,27.5,5.475,92.98023108,32.75068422
0.4583333333,0.5916666667,27.5,5.558333333,78.90446225,24.64936094
0.4583333333,0.6083333333,27.5,5.641666667,64.82869342,19.39181405
0.4583333333,0.625,27.5,5.725,50.75292459,17.47428205
0.4583333333,0.6416666667,27.5,5.808333333,71.15283408,18.78510696
0.4583333333,0.6583333333,27.5,5.891666667,91.55274357,23.00337199
0.4583333333,0.675,27.5,5.975,111.9526531,29.85817753
0.4583333333,0.6916666667,27.5,6.058333333,132.3525625,39.25136385
0.4583333333,0.7083333333,27.5,6.141666667,152.752472,51.27712609
0.4583333333,0.725,27.5,6.225,150.7803345,66.14630436
0.4583333333,0.7416666667,27.5,6.308333333,148.8081969,83.98848194
0.4583333333,0.7583333333,27.5,6.391666667,146.3782147,104.5064012
0.4583333333,0.775,27.5,6.475,143.4903879,126.542923
0.4583333333,0.7916666667,27.5,6.558333333,140.6025612,147.7977238
0.4583333333,0.8083333333,27.5,6.641666667,142.4574197,165.066995
0.4583333333,0.825,27.5,6.725,144.3122783,175.2099583
0.4583333333,0.8416666667,27.5,6.808333333,146.1671369,176.4857448
0.4583333333,0.8583333333,27.5,6.891666667,148.0219955,169.403769
0.4583333333,0.875,27.5,6.975,149.8768541,156.4436401
0.4583333333,0.8916666667,27.5,7.058333333,151.8013877,140.8638969
0.4583333333,0.9083333333,27.5,7.141666667,153.7259213,125.4536654
0.4583333333,0.925,27.5,7.225,155.6504549,111.904582
0.4583333333,0.9416666667,27.5,7.308333333,157.5749885,100.8632938
0.4583333333,0.9583333333,27.5,7.391666667,159.4995221,92.32790332
0.4583333333,0.975,27.5,7.475,178.9367972,86.05799586
0.4583333333,0.9916666667,27.5,7.558333333,198.3740723,81.85126384
0.475,0.008333333333,28.5,2.641666667,-23.89368359,-109.3059827
0.475,0.025,28.5,2.725,-14.59970826,-116.1443375
0.475,0.04166666667,28.5,2.808333333,-19.74607682,-119.6877605
0.475,0.05833333333,28.5,2.891666667,-24.89244538,-120.201552
0.475,0.075,28.5,2.975,-30.03881394,-117.8323426
0.475,0.09166666667,28.5,3.058333333,-35.1851825,-112.5316025
0.475,0.1083333333,28.5,3.141666667,-40.33155106,-104.0746079
0.475,0.125,28.5,3.225,-45.47791963,-92.18264336
0.475,0.1416666667,28.5,3.308333333,-27.22772796,-76.78188603
0.475,0.1583333333,28.5,3.391666667,-8.977536289,-58.40181155
0.475,0.175,28.5,3.475,9.272655379,-38.58802095
0.475,0.1916666667,28.5,3.558333333,27.52284705,-20.01772436
0.475,0.2083333333,28.5,3.641666667,45.77303872,-5.962935228
0.475,0.225,28.5,3.725,64.02323038,0.9077201191
0.475,0.2416666667,28.5,3.808333333,67.44724194,-0.2225433676
0.475,0.2583333333,28.5,3.891666667,72.70652151,-7.89687227
0.475,0.275,28.5,3.975,79.8010691,-19.11789231
0.475,0.2916666667,28.5,4.058333333,83.80674008,-30.6748064
0.475,0.3083333333,28.5,4.141666667,87.81241106,-40.18666119
0.475,0.325,28.5,4.225,91.81808204,-46.42684292
0.475,0.3416666667,28.5,4.308333333,95.82375302,-49.08207049
0.475,0.3583333333,28.5,4.391666667,99.829424,-48.32016748
0.475,0.375,28.5,4.475,103.835095,-44.42714215
0.475,0.3916666667,28.5,4.558333333,108.5423979,-37.59137978
0.475,0.4083333333,28.5,4.641666667,113.2497008,-27.81450988
0.475,0.425,28.5,4.725,117.9570037,-14.9193588
0.475,0.4416666667,28.5,4.808333333,122.6643067,1.341827166
0.475,0.4583333333,28.5,4.891666667,127.3716096,21.04658563
0.475,0.475,28.5,4.975,132.0789125,43.7176629
0.475,0.4916666667,28.5,5.058333333,139.1409354,67.89903918
0.475,0.5083333333,28.5,5.141666667,138.5593959,90.98380075
0.475,0.525,28.5,5.225,130.334294,109.6609022
0.475,0.5416666667,28.5,5.308333333,116.2585252,121.0542933
0.475,0.5583333333,28.5,5.391666667,102.1827564,124.0146884
0.475,0.575,28.5,5.475,88.10698754,119.6776907
0.475,0.5916666667,28.5,5.558333333,74.03121871,110.8570767
0.475,0.6083333333,28.5,5.641666667,59.95544988,100.7419004
0.475,0.625,28.5,5.725,45.87968106,91.78378992
0.475,0.6416666667,28.5,5.808333333,66.27959055,85.28573829
0.475,0.6583333333,28.5,5.891666667,86.67950003,81.5957038
0.475,0.675,28.5,5.975,107.0794095,80.53489215
0.475,0.6916666667,28.5,6.058333333,127.479319,81.77771723
0.475,0.7083333333,28.5,6.141666667,147.8792285,85.0866428
0.475,0.725,28.5,6.225,168.279138,90.41590889
0.475,0.7416666667,28.5,6.308333333,166.3070004,97.91579908
0.475,0.7583333333,28.5,6.391666667,163.8770183,107.8388511
0.475,0.775,28.5,6.475,160.9891915,120.3175272
0.475,0.7916666667,28.5,6.558333333,162.84405,134.9951789
0.475,0.8083333333,28.5,6.641666667,164.6989086,150.5951887
0.475,0.825,28.5,6.725,166.5537672,164.69752
0.475,0.8416666667,28.5,6.808333333,168.4086258,174.0960021
0.475,0.8583333333,28.5,6.891666667,170.2634844,175.8686962
0.475,0.875,28.5,6.975,172.118343,168.6969206
0.475,0.8916666667,28.5,7.058333333,174.0428766,153.5503766
0.475,0.9083333333,28.5,7.141666667,175.9674102,133.2116969
0.475,0.925,28.5,7.225,177.8919438,111.0088227
0.475,0.9416666667,28.5,7.308333333,179.8164774,89.63731264
0.475,0.9583333333,28.5,7.391666667,181.741011,70.65699047
0.475,0.975,28.5,7.475,183.6655446,54.62864916
0.475,0.9916666667,28.5,7.558333333,203.1028197,41.53056207
0.4916666667,0.008333333333,29.5,2.641666667,-17.8584998,-69.81238685
0.4916666667,0.025,29.5,2.725,-23.00486836,-81.08696682
0.4916666667,0.04166666667,29.5,2.808333333,-28.15123692,-88.9884856
0.4916666667,0.05833333333,29.5,2.891666667,-33.29760548,-93.34364103
0.4916666667,0.075,29.5,2.975,-38.44397404,-94.35962264
0.4916666667,0.09166666667,29.5,3.058333333,-43.5903426,-92.29436681
0.4916666667,0.1083333333,29.5,3.141666667,-48.73671117,-87.27405707
0.4916666667,0.125,29.5,3.225,-53.88307973,-79.2287796
0.4916666667,0.1416666667,29.5,3.308333333,-35.63288806,-67.92255681
0.4916666667,0.1583333333,29.5,3.391666667,-17.38269639,-53.08980627
0.4916666667,0.175,29.5,3.475,0.8674952772,-34.71198264
0.4916666667,0.1916666667,29.5,3.558333333,19.11768695,-13.42776916
0.4916666667,0.2083333333,29.5,3.641666667,37.36787861,9.06920357
0.4916666667,0.225,29.5,3.725,55.61807028,29.97471995
0.4916666667,0.2416666667,29.5,3.808333333,73.86826195,45.99799705
0.4916666667,0.2583333333,29.5,3.891666667,79.12754152,54.60818085
0.4916666667,0.275,29.5,3.975,83.1332125,55.22874331
0.4916666667,0.2916666667,29.5,4.058333333,87.13888348,49.52438852
0.4916666667,0.3083333333,29.5,4.141666667,91.14455446,40.55629958
0.4916666667,0.325,29.5,4.225,95.15022544,31.44624718
0.4916666667,0.3416666667,29.5,4.308333333,99.15589642,24.40757765
0.4916666667,0.3583333333,29.5,4.391666667,103.1615674,20.50297591
0.4916666667,0.375,29.5,4.475,107.1672384,19.92724875
0.4916666667,0.3916666667,29.5,4.558333333,111.8745413,22.44169882
0.4916666667,0.4083333333,29.5,4.641666667,116.5818442,27.72184129
0.4916666667,0.425,29.5,4.725,121.2891471,35.55747935
0.4916666667,0.4416666667,29.5,4.808333333,125.9964501,45.93041623
0.4916666667,0.4583333333,29.5,4.891666667,130.703753,58.99678268
0.4916666667,0.475,29.5,4.975,135.4110559,74.96637748
0.4916666667,0.4916666667,29.5,5.058333333,140.1183588,93.84558937
0.4916666667,0.5083333333,29.5,5.141666667,139.5368193,115.0406724
0.4916666667,0.525,29.5,5.225,125.4610505,136.9455804
0.4916666667,0.5416666667,29.5,5.308333333,111.3852817,156.8252956
0.4916666667,0.5583333333,29.5,5.391666667,97.30951284,171.3501783
0.4916666667,0.575,29.5,5.475,83.23374401,177.7931329
0.4916666667,0.5916666667,29.5,5.558333333,69.15797518,175.2812561
0.4916666667,0.6083333333,29.5,5.641666667,55.08220635,165.2243744
0.4916666667,0.625,29.5,5.725,41.00643752,150.5878538
0.4916666667,0.6416666667,29.5,5.808333333,61.40634701,134.566999
0.4916666667,0.6583333333,29.5,5.891666667,81.8062565,119.5414274
0.4916666667,0.675,29.5,5.975,102.206166,106.7475089
0.4916666667,0.6916666667,29.5,6.058333333,122.6060755,96.51778538
0.4916666667,0.7083333333,29.5,6.141666667,143.005985,88.71315006
0.4916666667,0.725,29.5,6.225,163.4058945,83.08632247
0.4916666667,0.7416666667,29.5,6.308333333,183.8058039,79.49807341
0.4916666667,0.7583333333,29.5,6.391666667,181.3758218,78.00641381
0.4916666667,0.775,29.5,6.475,183.2306804,78.85844938
0.4916666667,0.7916666667,29.5,6.558333333,185.0855389,82.3819214
0.4916666667,0.8083333333,29.5,6.641666667,186.9403975,88.74421166
0.4916666667,0.825,29.5,6.725,188.7952561,97.56731386
0.4916666667,0.8416666667,29.5,6.808333333,190.6501147,107.5023489
0.4916666667,0.8583333333,29.5,6.891666667,192.5049733,116.0540161
0.4916666667,0.875,29.5,6.975,194.3598319,120.0224096
0.4916666667,0.8916666667,29.5,7.058333333,196.2843655,116.6382062
0.4916666667,0.9083333333,29.5,7.141666667,198.2088991,104.8545312
0.4916666667,0.925,29.5,7.225,200.1334327,85.90912309
0.4916666667,0.9416666667,29.5,7.308333333,202.0579663,62.72156302
0.4916666667,0.9583333333,29.5,7.391666667,203.9824999,38.59028947
0.4916666667,0.975,29.5,7.475,205.9070335,16.07586841
0.4916666667,0.9916666667,29.5,7.558333333,207.8315671,-3.415105809
0.5083333333,0.008333333333,30.5,2.641666667,-19.54320172,-7.02366336
0.5083333333,0.025,30.5,2.725,-24.68957028,-18.42281657
0.5083333333,0.04166666667,30.5,2.808333333,-29.83593885,-29.32279633
0.5083333333,0.05833333333,30.5,2.891666667,-34.98230741,-37.69142125
0.5083333333,0.075,30.5,2.975,-40.12867597,-42.62118008
0.5083333333,0.09166666667,30.5,3.058333333,-45.27504453,-43.99216618
0.5083333333,0.1083333333,30.5,3.141666667,-50.42141309,-42.04245679
0.5083333333,0.125,30.5,3.225,-55.56778165,-37.04795689
0.5083333333,0.1416666667,30.5,3.308333333,-37.31758999,-29.14870065
0.5083333333,0.1583333333,30.5,3.391666667,-19.06739832,-18.29096887
0.5083333333,0.175,30.5,3.475,-0.8172066483,-4.263324727
0.5083333333,0.1916666667,30.5,3.558333333,17.43298502,13.15909714
0.5083333333,0.2083333333,30.5,3.641666667,35.68317669,33.92848288
0.5083333333,0.225,30.5,3.725,53.93336836,57.30892947
0.5083333333,0.2416666667,30.5,3.808333333,72.18356003,81.48974586
0.5083333333,0.2583333333,30.5,3.891666667,80.85528409,103.5660197
0.5083333333,0.275,30.5,3.975,84.86095507,120.2118151
0.5083333333,0.2916666667,30.5,4.058333333,88.86662605,128.9503393
0.5083333333,0.3083333333,30.5,4.141666667,92.87229703,129.3138243
0.5083333333,0.325,30.5,4.225,96.87796801,123.0549789
0.5083333333,0.3416666667,30.5,4.308333333,100.883639,113.2452957
0.5083333333,0.3583333333,30.5,4.391666667,104.88931,102.940704
0.5083333333,0.375,30.5,4.475,108.894981,94.25691578
0.5083333333,0.3916666667,30.5,4.558333333,113.6022839,88.1723317
0.5083333333,0.4083333333,30.5,4.641666667,118.3095868,84.83234318
0.5083333333,0.425,30.5,4.725,123.0168897,83.98392609
0.5083333333,0.4416666667,30.5,4.808333333,127.7241926,85.31479841
0.5083333333,0.4583333333,30.5,4.891666667,132.4314955,88.64487382
0.5083333333,0.475,30.5,4.975,137.1387985,93.99744314
0.5083333333,0.4916666667,30.5,5.058333333,141.8461014,101.5753904
0.5083333333,0.5083333333,30.5,5.141666667,145.5790069,111.6324334
0.5083333333,0.525,30.5,5.225,130.344999,124.2056641
0.5083333333,0.5416666667,30.5,5.308333333,112.7945128,138.7112207
0.5083333333,0.5583333333,30.5,5.391666667,104.7082961,153.538803
0.5083333333,0.575,30.5,5.475,96.62207942,165.9662059
0.5083333333,0.5916666667,30.5,5.558333333,82.54631059,172.7406414
0.5083333333,0.6083333333,30.5,5.641666667,68.47054177,171.30247
0.5083333333,0.625,30.5,5.725,50.72653681,161.006993
0.5083333333,0.6416666667,30.5,5.808333333,76.76913962,143.4769081
0.5083333333,0.6583333333,30.5,5.891666667,97.16904911,121.8100393
0.5083333333,0.675,30.5,5.975,117.5689586,99.24529148
0.5083333333,0.6916666667,30.5,6.058333333,137.9688681,78.15588707
0.5083333333,0.7083333333,30.5,6.141666667,158.3687776,59.76648872
0.5083333333,0.725,30.5,6.225,178.7686871,44.41535746
0.5083333333,0.7416666667,30.5,6.308333333,199.1685966,31.98715197
0.5083333333,0.7583333333,30.5,6.391666667,192.4326984,22.26721561
0.5083333333,0.775,30.5,6.475,194.287557,15.14835673
0.5083333333,0.7916666667,30.5,6.558333333,196.1424156,10.71320122
0.5083333333,0.8083333333,30.5,6.641666667,197.9972742,9.220436537
0.5083333333,0.825,30.5,6.725,199.8521327,10.98948811
0.5083333333,0.8416666667,30.5,6.808333333,201.7069913,16.15065756
0.5083333333,0.8583333333,30.5,6.891666667,203.5618499,24.25343704
0.5083333333,0.875,30.5,6.975,205.4167085,33.84741107
0.5083333333,0.8916666667,30.5,7.058333333,207.3412421,42.33728683
0.5083333333,0.9083333333,30.5,7.141666667,209.2657757,46.47387693
0.5083333333,0.925,30.5,7.225,211.1903093,43.52346682
0.5083333333,0.9416666667,30.5,7.308333333,213.1148429,32.54012445
0.5083333333,0.9583333333,30.5,7.391666667,215.0393765,14.85760277
0.5083333333,0.975,30.5,7.475,216.9639102,-6.580543692
0.5083333333,0.9916666667,30.5,7.558333333,218.8884438,-28.53747773
0.525,0.008333333333,31.5,2.641666667,-18.13650965,64.90121076
0.525,0.025,31.5,2.725,-19.65381403,64.33709737
0.525,0.04166666667,31.5,2.808333333,-24.80018259,57.94622681
0.525,0.05833333333,31.5,2.891666667,-29.94655116,48.90067181
0.525,0.075,31.5,2.975,-35.09291972,40.19037229
0.525,0.09166666667,31.5,3.058333333,-40.23928828,33.79138399
0.525,0.1083333333,31.5,3.141666667,-45.38565684,30.55589222
0.525,0.125,31.5,3.225,-50.5320254,30.55328112
0.525,0.1416666667,31.5,3.308333333,-32.28183373,33.50000539
0.525,0.1583333333,31.5,3.391666667,-14.03164207,39.07875104
0.525,0.175,31.5,3.475,4.218549603,47.11140697
0.525,0.1916666667,31.5,3.558333333,22.46874127,57.61673533
0.525,0.2083333333,31.5,3.641666667,40.71893294,70.7742187
0.525,0.225,31.5,3.725,58.96912461,86.77926427
0.525,0.2416666667,31.5,3.808333333,48.59126043,105.5562312
0.525,0.2583333333,31.5,3.891666667,57.26298449,126.342986
0.525,0.275,31.5,3.975,84.98429681,147.3073828
0.525,0.2916666667,31.5,4.058333333,88.98996779,165.5358771
0.525,0.3083333333,31.5,4.141666667,92.99563877,177.7169368
0.525,0.325,31.5,4.225,97.00130975,181.4157348
0.525,0.3416666667,31.5,4.308333333,101.0069807,176.2265546
0.525,0.3583333333,31.5,4.391666667,105.0126517,163.9686566
0.525,0.375,31.5,4.475,109.0183227,147.7728786
0.525,0.3916666667,31.5,4.558333333,113.7256256,130.7470861
0.525,0.4083333333,31.5,4.641666667,118.4329285,115.0593224
0.525,0.425,31.5,4.725,123.1402314,101.7481547
0.525,0.4416666667,31.5,4.808333333,127.8475344,91.02943716
0.525,0.4583333333,31.5,4.891666667,132.5548373,82.72905743
0.525,0.475,31.5,4.975,137.2621402,76.61851234
0.525,0.4916666667,31.5,5.058333333,137.1241448,72.60279844
0.525,0.5083333333,31.5,5.141666667,139.6988112,70.78850416
0.525,0.525,31.5,5.225,138.0367047,71.45712262
0.525,0.5416666667,31.5,5.308333333,126.4757707,74.93315733
0.525,0.5583333333,31.5,5.391666667,136.3582105,81.31331671
0.525,0.575,31.5,5.475,128.2719938,90.0597338
0.525,0.5916666667,31.5,5.558333333,114.196225,99.59528628
0.525,0.6083333333,31.5,5.641666667,96.45222,107.2241823
0.525,0.625,31.5,5.725,75.03997892,109.7226152
0.525,0.6416666667,31.5,5.808333333,106.7252751,104.5677105
0.525,0.6583333333,31.5,5.891666667,132.7678779,91.15338588
0.525,0.675,31.5,5.975,153.1677874,71.12819181
0.525,0.6916666667,31.5,6.058333333,173.5676968,47.59131682
0.525,0.7083333333,31.5,6.141666667,193.9676063,23.75844932
0.525,0.725,31.5,6.225,214.3675158,1.964224977
0.525,0.7416666667,31.5,6.308333333,204.3789415,-16.61052961
0.525,0.7583333333,31.5,6.391666667,197.6430433,-31.67099401
0.525,0.775,31.5,6.475,194.1598214,-43.37429373
0.525,0.7916666667,31.5,6.558333333,196.0146799,-51.97589044
0.525,0.8083333333,31.5,6.641666667,197.8695385,-57.62358836
0.525,0.825,31.5,6.725,199.7243971,-60.27557413
0.525,0.8416666667,31.5,6.808333333,201.5792557,-59.71448281
0.525,0.8583333333,31.5,6.891666667,203.4341143,-55.66345154
0.525,0.875,31.5,6.975,205.2889729,-48.03725642
0.525,0.8916666667,31.5,7.058333333,207.2135065,-37.33492154
0.525,0.9083333333,31.5,7.141666667,209.1380401,-25.05717103
0.525,0.925,31.5,7.225,211.0625737,-13.84499608
0.525,0.9416666667,31.5,7.308333333,212.9871073,-6.978820173
0.525,0.9583333333,31.5,7.391666667,214.9116409,-7.202708001
0.525,0.975,31.5,7.475,216.8361745,-15.45664145
0.525,0.9916666667,31.5,7.558333333,234.2846988,-30.39913814
0.5416666667,0.008333333333,32.5,2.641666667,-16.72981759,119.5417068
0.5416666667,0.025,32.5,2.725,-18.24712196,135.171075
0.5416666667,0.04166666667,32.5,2.808333333,-19.76442634,142.634638
0.5416666667,0.05833333333,32.5,2.891666667,-24.9107949,141.6843088
0.5416666667,0.075,32.5,2.975,-30.05716347,134.2507894
0.5416666667,0.09166666667,32.5,3.058333333,-35.20353203,123.4621028
0.5416666667,0.1083333333,32.5,3.141666667,-40.34990059,112.316891
0.5416666667,0.125,32.5,3.225,-45.49626915,102.8260498
0.5416666667,0.1416666667,32.5,3.308333333,-27.24607748,95.8787096
0.5416666667,0.1583333333,32.5,3.391666667,-8.995885814,91.57385113
0.5416666667,0.175,32.5,3.475,9.254305854,89.65220787
0.5416666667,0.1916666667,32.5,3.558333333,27.50449752,89.8213536
0.5416666667,0.2083333333,32.5,3.641666667,45.75468919,91.93382841
0.5416666667,0.225,32.5,3.725,35.37682501,96.04833245
0.5416666667,0.2416666667,32.5,3.808333333,24.99896082,102.3966251
0.5416666667,0.2583333333,32.5,3.891666667,33.67068489,111.242682
0.5416666667,0.275,32.5,3.975,61.39199721,122.6004229
0.5416666667,0.2916666667,32.5,4.058333333,89.11330953,135.8201135
0.5416666667,0.3083333333,32.5,4.141666667,93.11898051,149.1966331
0.5416666667,0.325,32.5,4.225,97.12465149,159.9346828
0.5416666667,0.3416666667,32.5,4.308333333,101.1303225,164.8014211
0.5416666667,0.3583333333,32.5,4.391666667,105.1359934,161.3864107
0.5416666667,0.375,32.5,4.475,109.1416644,149.2744765
0.5416666667,0.3916666667,32.5,4.558333333,113.8489673,130.2860088
0.5416666667,0.4083333333,32.5,4.641666667,118.5562703,107.5961371
0.5416666667,0.425,32.5,4.725,123.2635732,84.39768996
0.5416666667,0.4416666667,32.5,4.808333333,127.9708761,62.9569777
0.5416666667,0.4583333333,32.5,4.891666667,132.678179,44.39711916
0.5416666667,0.475,32.5,4.975,132.5401836,28.99232245
0.5416666667,0.4916666667,32.5,5.058333333,132.4021882,16.6009632
0.5416666667,0.5083333333,32.5,5.141666667,138.2214543,7.006745026
0.5416666667,0.525,32.5,5.225,146.1259593,0.1122657361
0.5416666667,0.5416666667,32.5,5.308333333,158.1256851,-3.988376057
0.5416666667,0.5583333333,32.5,5.391666667,168.0081248,-5.0319239
0.5416666667,0.575,32.5,5.475,159.9219082,-2.712295179
0.5416666667,0.5916666667,32.5,5.558333333,142.1779032,3.055470975
0.5416666667,0.6083333333,32.5,5.641666667,120.7656621,11.73340921
0.5416666667,0.625,32.5,5.725,99.35342103,21.75204057
0.5416666667,0.6416666667,32.5,5.808333333,131.0387172,30.41214928
0.5416666667,0.6583333333,32.5,5.891666667,162.7240133,34.44740166
0.5416666667,0.675,32.5,5.975,188.7666161,31.23804584
0.5416666667,0.6916666667,32.5,6.058333333,209.1665256,20.04554103
0.5416666667,0.7083333333,32.5,6.141666667,229.5664351,2.396169382
0.5416666667,0.725,32.5,6.225,219.5778608,-18.68484701
0.5416666667,0.7416666667,32.5,6.308333333,209.5892864,-40.00370894
0.5416666667,0.7583333333,32.5,6.391666667,202.8533883,-59.21970096
0.5416666667,0.775,32.5,6.475,199.3701663,-75.14491952
0.5416666667,0.7916666667,32.5,6.558333333,195.8869443,-87.4900481
0.5416666667,0.8083333333,32.5,6.641666667,197.7418029,-96.4306961
0.5416666667,0.825,32.5,6.725,199.5966615,-102.2484222
0.5416666667,0.8416666667,32.5,6.808333333,201.4515201,-105.1192257
0.5416666667,0.8583333333,32.5,6.891666667,203.3063786,-105.0275431
0.5416666667,0.875,32.5,6.975,205.1612372,-101.7768737
0.5416666667,0.8916666667,32.5,7.058333333,207.0857708,-95.10151579
0.5416666667,0.9083333333,32.5,7.141666667,209.0103044,-84.91212094
0.5416666667,0.925,32.5,7.225,210.9348381,-71.6840956
0.5416666667,0.9416666667,32.5,7.308333333,212.8593717,-56.87881965
0.5416666667,0.9583333333,32.5,7.391666667,214.7839053,-43.10055008
0.5416666667,0.975,32.5,7.475,232.2324296,-33.62474421
0.5416666667,0.9916666667,32.5,7.558333333,249.6809538,-31.24175638
0.5583333333,0.008333333333,33.5,2.641666667,-15.32312552,135.7188074
0.5583333333,0.025,33.5,2.725,-16.8404299,155.0783927
0.5583333333,0.04166666667,33.5,2.808333333,-18.35773428,171.639159
0.5583333333,0.05833333333,33.5,2.891666667,-19.87503865,182.1062548
0.5583333333,0.075,33.5,2.975,-25.02140721,184.0521933
0.5583333333,0.09166666667,33.5,3.058333333,-30.16777578,177.0735202
0.5583333333,0.1083333333,33.5,3.141666667,-35.31414434,162.9957183
0.5583333333,0.125,33.5,3.225,-40.4605129,144.9662394
0.5583333333,0.1416666667,33.5,3.308333333,-22.21032123,126.1191097
0.5583333333,0.1583333333,33.5,3.391666667,-3.960129563,108.6521553
0.5583333333,0.175,33.5,3.475,14.29006211,93.63153953
0.5583333333,0.1916666667,33.5,3.558333333,32.54025377,81.29570783
0.5583333333,0.2083333333,33.5,3.641666667,22.16238959,71.48792737
0.5583333333,0.225,33.5,3.725,11.78452541,63.99272377
0.5583333333,0.2416666667,33.5,3.808333333,1.406661224,58.72466389
0.5583333333,0.2583333333,33.5,3.891666667,10.07838529,55.79713362
0.5583333333,0.275,33.5,3.975,37.79969761,55.49634454
0.5583333333,0.2916666667,33.5,4.058333333,65.52100993,58.15043089
0.5583333333,0.3083333333,33.5,4.141666667,93.24232225,63.85994412
0.5583333333,0.325,33.5,4.225,97.24799323,72.09201547
0.5583333333,0.3416666667,33.5,4.308333333,101.2536642,81.27481263
0.5583333333,0.3583333333,33.5,4.391666667,105.2593352,88.71423365
0.5583333333,0.375,33.5,4.475,109.2650062,91.17885561
0.5583333333,0.3916666667,33.5,4.558333333,113.9723091,86.12591756
0.5583333333,0.4083333333,33.5,4.641666667,118.679612,72.92126545
0.5583333333,0.425,33.5,4.725,123.3869149,53.18676613
0.5583333333,0.4416666667,33.5,4.808333333,128.0942178,30.0042022
0.5583333333,0.4583333333,33.5,4.891666667,127.9562224,6.581935148
0.5583333333,0.475,33.5,4.975,127.818227,-14.74751366
0.5583333333,0.4916666667,33.5,5.058333333,127.6802315,-32.80560471
0.5583333333,0.5083333333,33.5,5.141666667,141.3862799,-47.30259664
0.5583333333,0.525,33.5,5.225,184.7099362,-58.40342736
0.5583333333,0.5416666667,33.5,5.308333333,198.3894912,-66.37289803
0.5583333333,0.5583333333,33.5,5.391666667,199.6580392,-71.36846899
0.5583333333,0.575,33.5,5.475,187.9035864,-73.35740711
0.5583333333,0.5916666667,33.5,5.558333333,166.4913453,-72.13009345
0.5583333333,0.6083333333,33.5,5.641666667,145.0791042,-67.41514816
0.5583333333,0.625,33.5,5.725,123.6668631,-59.12939394
0.5583333333,0.6416666667,33.5,5.808333333,155.3521593,-47.76960014
0.5583333333,0.6583333333,33.5,5.891666667,187.0374554,-34.83074353
0.5583333333,0.675,33.5,5.975,218.7227515,-22.94839748
0.5583333333,0.6916666667,33.5,6.058333333,244.7653544,-15.4039107
0.5583333333,0.7083333333,33.5,6.141666667,234.77678,-14.95256385
0.5583333333,0.725,33.5,6.225,224.7882057,-22.55304914
0.5583333333,0.7416666667,33.5,6.308333333,214.7996313,-36.88121907
0.5583333333,0.7583333333,33.5,6.391666667,208.0637332,-55.00525759
0.5583333333,0.775,33.5,6.475,204.5805112,-73.70334277
0.5583333333,0.7916666667,33.5,6.558333333,201.0972892,-90.54040681
0.5583333333,0.8083333333,33.5,6.641666667,197.6140673,-104.233053
0.5583333333,0.825,33.5,6.725,199.4689258,-114.4301988
0.5583333333,0.8416666667,33.5,6.808333333,201.3237844,-121.2824486
0.5583333333,0.8583333333,33.5,6.891666667,203.178643,-125.0713409
0.5583333333,0.875,33.5,6.975,205.0335016,-125.9849628
0.5583333333,0.8916666667,33.5,7.058333333,206.9580352,-124.0223144
0.5583333333,0.9083333333,33.5,7.141666667,208.8825688,-118.9957805
0.5583333333,0.925,33.5,7.225,210.8071024,-110.6327453
0.5583333333,0.9416666667,33.5,7.308333333,212.731636,-98.80788283
0.5583333333,0.9583333333,33.5,7.391666667,230.1801603,-83.92075574
0.5583333333,0.975,33.5,7.475,247.6286846,-67.32361687
0.5583333333,0.9916666667,33.5,7.558333333,265.0772089,-51.51830251
0.575,0.008333333333,34.5,2.641666667,-13.91643345,102.6448312
0.575,0.025,34.5,2.725,-15.43373783,111.6617388
0.575,0.04166666667,34.5,2.808333333,-16.95104221,122.7667801
0.575,0.05833333333,34.5,2.891666667,-18.46834659,134.4036941
0.575,0.075,34.5,2.975,-19.98565096,143.8973621
0.575,0.09166666667,34.5,3.058333333,-25.13201953,148.0225706
0.575,0.1083333333,34.5,3.141666667,-30.27838809,144.2205933
0.575,0.125,34.5,3.225,-35.42475665,131.8280005
0.575,0.1416666667,34.5,3.308333333,-17.17456498,112.4474473
0.575,0.1583333333,34.5,3.391666667,1.075626688,89.1708067
0.575,0.175,34.5,3.475,19.32581836,65.24660904
0.575,0.1916666667,34.5,3.558333333,8.947954173,43.06346208
0.575,0.2083333333,34.5,3.641666667,-1.42991001,23.85632135
0.575,0.225,34.5,3.725,-11.80777419,7.963429087
0.575,0.2416666667,34.5,3.808333333,-22.18563838,-4.74057943
0.575,0.2583333333,34.5,3.891666667,-13.51391431,-14.48763072
0.575,0.275,34.5,3.975,14.20739801,-21.40656293
0.575,0.2916666667,34.5,4.058333333,41.92871033,-25.4384861
0.575,0.3083333333,34.5,4.141666667,69.65002264,-26.34850031
0.575,0.325,34.5,4.225,97.37133496,-23.83864289
0.575,0.3416666667,34.5,4.308333333,101.3770059,-17.79489062
0.575,0.3583333333,34.5,4.391666667,105.3826769,-8.676598406
0.575,0.375,34.5,4.475,109.3883479,2.063317173
0.575,0.3916666667,34.5,4.558333333,114.0956508,11.8262703
0.575,0.4083333333,34.5,4.641666667,118.8029537,17.34732757
0.575,0.425,34.5,4.725,123.5102567,15.8568078
0.575,0.4416666667,34.5,4.808333333,127.2610735,6.358158793
0.575,0.4583333333,34.5,4.891666667,129.0674842,-9.862334211
0.575,0.475,34.5,4.975,128.9294888,-29.88885413
0.575,0.4916666667,34.5,5.058333333,135.6330585,-50.48943453
0.575,0.5083333333,34.5,5.141666667,141.3310033,-69.20466384
0.575,0.525,34.5,5.225,169.8656516,-84.72762842
0.575,0.5416666667,34.5,5.308333333,186.9048652,-96.69285414
0.575,0.5583333333,34.5,5.391666667,198.9655571,-105.2464848
0.575,0.575,34.5,5.475,176.7242196,-110.6727013
0.575,0.5916666667,34.5,5.558333333,169.4720594,-113.1661541
0.575,0.6083333333,34.5,5.641666667,150.8918345,-112.7339062
0.575,0.625,34.5,5.725,147.9803053,-109.1958833
0.575,0.6416666667,34.5,5.808333333,166.0007471,-102.28407
0.575,0.6583333333,34.5,5.891666667,197.6860433,-91.87165559
0.575,0.675,34.5,5.975,229.3713394,-78.34794205
0.575,0.6916666667,34.5,6.058333333,231.8600816,-63.04725041
0.575,0.7083333333,34.5,6.141666667,221.7809175,-48.45451747
0.575,0.725,34.5,6.225,211.7923432,-37.81588327
0.575,0.7416666667,34.5,6.308333333,207.8725047,-34.04248582
0.575,0.7583333333,34.5,6.391666667,213.2740781,-38.39940151
0.575,0.775,34.5,6.475,209.7908561,-49.86512784
0.575,0.7916666667,34.5,6.558333333,206.3076342,-65.65482664
0.575,0.8083333333,34.5,6.641666667,210.8241969,-82.50196557
0.575,0.825,34.5,6.725,199.3411902,-97.81321334
0.575,0.8416666667,34.5,6.808333333,201.1960488,-110.1380778
0.575,0.8583333333,34.5,6.891666667,203.0509074,-119.0107047
0.575,0.875,34.5,6.975,204.905766,-124.5283327
0.575,0.8916666667,34.5,7.058333333,206.8302996,-126.9630807
0.575,0.9083333333,34.5,7.141666667,208.7548332,-126.5166497
0.575,0.925,34.5,7.225,210.6793668,-123.2087345
0.575,0.9416666667,34.5,7.308333333,228.1278911,-116.866467
0.575,0.9583333333,34.5,7.391666667,245.5764153,-107.2105073
0.575,0.975,34.5,7.475,263.0249396,-94.06671787
0.575,0.9916666667,34.5,7.558333333,280.4734639,-77.72526721
0.5916666667,0.008333333333,35.5,2.641666667,-12.50974139,31.43934607
0.5916666667,0.025,35.5,2.725,-14.02704576,29.78041449
0.5916666667,0.04166666667,35.5,2.808333333,-15.54435014,31.2219405
0.5916666667,0.05833333333,35.5,2.891666667,-17.06165452,35.93581386
0.5916666667,0.075,35.5,2.975,-18.5789589,43.55261225
0.5916666667,0.09166666667,35.5,3.058333333,-20.09626327,52.73512046
0.5916666667,0.1083333333,35.5,3.141666667,-25.24263184,60.99305602
0.5916666667,0.125,35.5,3.225,-30.3890004,65.10803674
0.5916666667,0.1416666667,35.5,3.308333333,-12.13880873,62.25678216
0.5916666667,0.1583333333,35.5,3.391666667,6.111382939,51.31043537
0.5916666667,0.175,35.5,3.475,-4.266481244,33.42341588
0.5916666667,0.1916666667,35.5,3.558333333,-14.64434543,11.45713758
0.5916666667,0.2083333333,35.5,3.641666667,-25.02220961,-11.31595758
0.5916666667,0.225,35.5,3.725,-35.40007379,-32.34151226
0.5916666667,0.2416666667,35.5,3.808333333,-45.77793798,-50.21646065
0.5916666667,0.2583333333,35.5,3.891666667,-37.10621391,-64.50865838
0.5916666667,0.275,35.5,3.975,-9.384901591,-75.33123589
0.5916666667,0.2916666667,35.5,4.058333333,18.33641073,-82.95982364
0.5916666667,0.3083333333,35.5,4.141666667,46.05772304,-87.59413205
0.5916666667,0.325,35.5,4.225,73.77903536,-89.25158429
0.5916666667,0.3416666667,35.5,4.308333333,101.5003477,-87.76091554
0.5916666667,0.3583333333,35.5,4.391666667,105.5060187,-82.85320986
0.5916666667,0.375,35.5,4.475,109.5116896,-74.38029739
0.5916666667,0.3916666667,35.5,4.558333333,114.2189926,-62.68010234
0.5916666667,0.4083333333,35.5,4.641666667,118.9262955,-49.00847892
0.5916666667,0.425,35.5,4.725,122.6771123,-35.77369897
0.5916666667,0.4416666667,35.5,4.808333333,126.4279292,-26.19957466
0.5916666667,0.4583333333,35.5,4.891666667,130.178746,-23.27173828
0.5916666667,0.475,35.5,4.975,138.8267219,-28.41318485
0.5916666667,0.4916666667,35.5,5.058333333,166.0549872,-40.76889947
0.5916666667,0.5083333333,35.5,5.141666667,171.752932,-57.64773988
0.5916666667,0.525,35.5,5.225,155.9205561,-75.77806806
0.5916666667,0.5416666667,35.5,5.308333333,168.9629056,-92.49803594
0.5916666667,0.5583333333,35.5,5.391666667,191.8157414,-106.27941
0.5916666667,0.575,35.5,5.475,183.7344849,-116.603634
0.5916666667,0.5916666667,35.5,5.558333333,169.1178858,-123.5471922
0.5916666667,0.6083333333,35.5,5.641666667,169.0383727,-127.3851869
0.5916666667,0.625,35.5,5.725,172.2937474,-128.3351649
0.5916666667,0.6416666667,35.5,5.808333333,185.7592378,-126.4370549
0.5916666667,0.6583333333,35.5,5.891666667,203.7796797,-121.5358832
0.5916666667,0.675,35.5,5.975,210.4879207,-113.3601464
0.5916666667,0.6916666667,35.5,6.058333333,212.9766629,-101.723128
0.5916666667,0.7083333333,35.5,6.141666667,202.806909,-86.87197362
0.5916666667,0.725,35.5,6.225,198.7964807,-69.92178948
0.5916666667,0.7416666667,35.5,6.308333333,213.0828496,-53.1340812
0.5916666667,0.7583333333,35.5,6.391666667,218.484423,-39.6657885
0.5916666667,0.775,35.5,6.475,215.0012011,-32.59209646
0.5916666667,0.7916666667,35.5,6.558333333,219.5177638,-33.57104737
0.5916666667,0.8083333333,35.5,6.641666667,232.0341114,-42.010619
0.5916666667,0.825,35.5,6.725,220.5511047,-55.3706515
0.5916666667,0.8416666667,35.5,6.808333333,201.0683132,-70.36401479
0.5916666667,0.8583333333,35.5,6.891666667,202.9231717,-84.19869992
0.5916666667,0.875,35.5,6.975,204.7780303,-95.192817
0.5916666667,0.8916666667,35.5,7.058333333,206.7025639,-102.7126558
0.5916666667,0.9083333333,35.5,7.141666667,208.6270975,-106.7735324
0.5916666667,0.925,35.5,7.225,226.0756218,-107.6312042
0.5916666667,0.9416666667,35.5,7.308333333,243.5241461,-105.5075716
0.5916666667,0.9583333333,35.5,7.391666667,260.9726704,-100.4562087
0.5916666667,0.975,35.5,7.475,278.4211947,-92.3339596
0.5916666667,0.9916666667,35.5,7.558333333,295.8697189,-80.86700411
0.6083333333,0.008333333333,36.5,2.641666667,-11.10304932,-40.41706334
0.6083333333,0.025,36.5,2.725,-12.6203537,-47.43088727
0.6083333333,0.04166666667,36.5,2.808333333,-14.13765807,-51.50282621
0.6083333333,0.05833333333,36.5,2.891666667,-15.65496245,-52.46413728
0.6083333333,0.075,36.5,2.975,-17.17226683,-50.03341936
0.6083333333,0.09166666667,36.5,3.058333333,-18.68957121,-44.01717494
0.6083333333,0.1083333333,36.5,3.141666667,-20.20687558,-34.65811798
0.6083333333,0.125,36.5,3.225,-25.35324415,-23.06892378
0.6083333333,0.1416666667,36.5,3.308333333,-7.103052478,-11.51133052
0.6083333333,0.1583333333,36.5,3.391666667,-17.48091666,-3.146922158
0.6083333333,0.175,36.5,3.475,-27.85878084,-1.061583293
0.6083333333,0.1916666667,36.5,3.558333333,-38.23664503,-6.929696835
0.6083333333,0.2083333333,36.5,3.641666667,-48.61450921,-20.17812356
0.6083333333,0.225,36.5,3.725,-58.99237339,-38.28431017
0.6083333333,0.2416666667,36.5,3.808333333,-69.37023758,-57.97565984
0.6083333333,0.2583333333,36.5,3.891666667,-60.69851351,-76.47253456
0.6083333333,0.275,36.5,3.975,-32.97720119,-92.10528336
0.6083333333,0.2916666667,36.5,4.058333333,-5.255888874,-104.2536889
0.6083333333,0.3083333333,36.5,4.141666667,22.46542344,-112.9480404
0.6083333333,0.325,36.5,4.225,50.18673576,-118.4600511
0.6083333333,0.3416666667,36.5,4.308333333,77.90804808,-121.0278875
0.6083333333,0.3583333333,36.5,4.391666667,105.6293604,-120.7211086
0.6083333333,0.375,36.5,4.475,109.6350314,-117.4117474
0.6083333333,0.3916666667,36.5,4.558333333,114.3423343,-110.8398288
0.6083333333,0.4083333333,36.5,4.641666667,118.0931511,-100.797366
0.6083333333,0.425,36.5,4.725,121.843968,-87.45966842
0.6083333333,0.4416666667,36.5,4.808333333,125.5947848,-71.81782951
0.6083333333,0.4583333333,36.5,4.891666667,129.3456017,-55.9958905
0.6083333333,0.475,36.5,4.975,133.0964185,-43.08412717
0.6083333333,0.4916666667,36.5,5.058333333,148.5859596,-36.24573527
0.6083333333,0.5083333333,36.5,5.141666667,154.2839044,-37.38421184
0.6083333333,0.525,36.5,5.225,152.4130257,-46.20041564
0.6083333333,0.5416666667,36.5,5.308333333,164.5036443,-60.34696237
0.6083333333,0.5583333333,36.5,5.391666667,184.6659258,-76.55915043
0.6083333333,0.575,36.5,5.475,179.0590279,-91.93924811
0.6083333333,0.5916666667,36.5,5.558333333,183.2411886,-104.6644019
0.6083333333,0.6083333333,36.5,5.641666667,193.3518148,-113.9938036
0.6083333333,0.625,36.5,5.725,196.6071895,-119.8904038
0.6083333333,0.6416666667,36.5,5.808333333,210.07268,-122.6017438
0.6083333333,0.6583333333,36.5,5.891666667,198.5611152,-122.3667888
0.6083333333,0.675,36.5,5.975,191.6045019,-119.265832
0.6083333333,0.6916666667,36.5,6.058333333,194.0932442,-113.180196
0.6083333333,0.7083333333,36.5,6.141666667,189.9922261,-103.8457502
0.6083333333,0.725,36.5,6.225,204.0974154,-91.02067975
0.6083333333,0.7416666667,36.5,6.308333333,218.2931945,-74.79905398
0.6083333333,0.7583333333,36.5,6.391666667,223.694768,-56.03868474
0.6083333333,0.775,36.5,6.475,218.2067519,-36.71040972
0.6083333333,0.7916666667,36.5,6.558333333,238.8044002,-19.80956476
0.6083333333,0.8083333333,36.5,6.641666667,254.4756304,-8.548883214
0.6083333333,0.825,36.5,6.725,241.7610191,-5.042028093
0.6083333333,0.8416666667,36.5,6.808333333,222.2782276,-9.265084655
0.6083333333,0.8583333333,36.5,6.891666667,202.7954361,-19.06526539
0.6083333333,0.875,36.5,6.975,204.6502947,-31.21018953
0.6083333333,0.8916666667,36.5,7.058333333,206.5748283,-42.70214378
0.6083333333,0.9083333333,36.5,7.141666667,224.0233526,-51.57545849
0.6083333333,0.925,36.5,7.225,241.4718769,-56.976741
0.6083333333,0.9416666667,36.5,7.308333333,258.9204011,-58.81269968
0.6083333333,0.9583333333,36.5,7.391666667,276.3689254,-57.32346566
0.6083333333,0.975,36.5,7.475,293.8174497,-52.7715472
0.6083333333,0.9916666667,36.5,7.558333333,311.265974,-45.27632813
0.625,0.008333333333,37.5,2.641666667,-9.696357251,-80.32426924
0.625,0.025,37.5,2.725,-11.21366163,-91.29810158
0.625,0.04166666667,37.5,2.808333333,-12.73096601,-98.98092804
0.625,0.05833333333,37.5,2.891666667,-14.24827038,-103.6299742
0.625,0.075,37.5,2.975,-15.76557476,-105.3500085
0.625,0.09166666667,37.5,3.058333333,-17.28287914,-104.0475318
0.625,0.1083333333,37.5,3.141666667,-18.80018352,-99.47870994
0.625,0.125,37.5,3.225,-20.3174879,-91.4097287
0.625,0.1416666667,37.5,3.308333333,-30.69535208,-79.92197323
0.625,0.1583333333,37.5,3.391666667,-41.07321626,-65.83659628
0.625,0.175,37.5,3.475,-51.45108044,-51.07618478
0.625,0.1916666667,37.5,3.558333333,-61.82894463,-38.60971276
0.625,0.2083333333,37.5,3.641666667,-72.20680881,-31.68505261
0.625,0.225,37.5,3.725,-82.58467299,-32.52356953
0.625,0.2416666667,37.5,3.808333333,-92.96253718,-41.24216116
0.625,0.2583333333,37.5,3.891666667,-84.29081311,-55.79571992
0.625,0.275,37.5,3.975,-56.56950079,-72.98504264
0.625,0.2916666667,37.5,4.058333333,-28.84818847,-89.78022497
0.625,0.3083333333,37.5,4.141666667,-1.126876157,-104.1571331
0.625,0.325,37.5,4.225,26.59443616,-115.211719
0.625,0.3416666667,37.5,4.308333333,54.31574848,-122.8209368
0.625,0.3583333333,37.5,4.391666667,82.0370608,-127.2130542
0.625,0.375,37.5,4.475,109.7583731,-128.6481304
0.625,0.3916666667,37.5,4.558333333,113.50919,-127.244898
0.625,0.4083333333,37.5,4.641666667,117.2600068,-122.9232831
0.625,0.425,37.5,4.725,121.0108237,-115.4408772
0.625,0.4416666667,37.5,4.808333333,124.7616405,-104.5379343
0.625,0.4583333333,37.5,4.891666667,128.5124574,-90.22444182
0.625,0.475,37.5,4.975,132.2632742,-73.19614911
0.625,0.4916666667,37.5,5.058333333,136.0140911,-55.22034126
0.625,0.5083333333,37.5,5.141666667,143.9348088,-39.1519621
0.625,0.525,37.5,5.225,156.0254274,-28.2560498
0.625,0.5416666667,37.5,5.308333333,168.1160459,-24.93605655
0.625,0.5583333333,37.5,5.391666667,180.2066645,-29.57845855
0.625,0.575,37.5,5.475,190.7675817,-40.34986014
0.625,0.5916666667,37.5,5.558333333,200.8185983,-54.10530129
0.625,0.6083333333,37.5,5.641666667,210.8696149,-67.72343569
0.625,0.625,37.5,5.725,220.9206316,-79.02795193
0.625,0.6416666667,37.5,5.808333333,209.4090669,-86.98154482
0.625,0.6583333333,37.5,5.891666667,197.8975021,-91.38090767
0.625,0.675,37.5,5.975,186.3859374,-92.42351318
0.625,0.6916666667,37.5,6.058333333,181.2785612,-90.37061806
0.625,0.7083333333,37.5,6.141666667,195.3837506,-85.35787653
0.625,0.725,37.5,6.225,209.4889399,-77.32590035
0.625,0.7416666667,37.5,6.308333333,223.5941292,-66.04560213
0.625,0.7583333333,37.5,6.391666667,226.9003188,-51.24854355
0.625,0.775,37.5,6.475,219.4075085,-32.89600761
0.625,0.7916666667,37.5,6.558333333,232.196729,-11.58441835
0.625,0.8083333333,37.5,6.641666667,267.5598842,11.04977862
0.625,0.825,37.5,6.725,262.9709336,32.24794221
0.625,0.8416666667,37.5,6.808333333,243.4881421,48.715558
0.625,0.8583333333,37.5,6.891666667,224.0053506,57.84898012
0.625,0.875,37.5,6.975,204.5225591,58.95471497
0.625,0.8916666667,37.5,7.058333333,221.9710833,53.5950607
0.625,0.9083333333,37.5,7.141666667,239.4196076,44.7904894
0.625,0.925,37.5,7.225,256.8681319,35.68610858
0.625,0.9416666667,37.5,7.308333333,274.3166562,28.55011107
0.625,0.9583333333,37.5,7.391666667,291.7651804,24.49662405
0.625,0.975,37.5,7.475,309.2137047,23.75140527
0.625,0.9916666667,37.5,7.558333333,326.662229,26.08603293
0.6416666667,0.008333333333,38.5,2.641666667,-8.289665183,-78.58599864
0.6416666667,0.025,38.5,2.725,-9.806969561,-94.78897266
0.6416666667,0.04166666667,38.5,2.808333333,-11.32427394,-107.7620336
0.6416666667,0.05833333333,38.5,2.891666667,-12.84157832,-117.2484237
0.6416666667,0.075,38.5,2.975,-14.35888269,-123.4348327
0.6416666667,0.09166666667,38.5,3.058333333,-15.87618707,-126.5991184
0.6416666667,0.1083333333,38.5,3.141666667,-17.39349145,-126.9057365
0.6416666667,0.125,38.5,3.225,-18.91079583,-124.3249453
0.6416666667,0.1416666667,38.5,3.308333333,-20.42810021,-118.647959
0.6416666667,0.1583333333,38.5,3.391666667,-30.80596439,-109.6043132
0.6416666667,0.175,38.5,3.475,-41.18382857,-97.11460034
0.6416666667,0.1916666667,38.5,3.558333333,-51.56169276,-81.68435916
0.6416666667,0.2083333333,38.5,3.641666667,-61.93955694,-64.82103549
0.6416666667,0.225,38.5,3.725,-72.31742112,-49.16887158
0.6416666667,0.2416666667,38.5,3.808333333,-82.69528531,-38.00209542
0.6416666667,0.2583333333,38.5,3.891666667,-74.02356124,-34.04536141
0.6416666667,0.275,38.5,3.975,-46.30224892,-38.20937019
0.6416666667,0.2916666667,38.5,4.058333333,-18.5809366,-49.12317264
0.6416666667,0.3083333333,38.5,4.141666667,9.140375716,-63.82632212
0.6416666667,0.325,38.5,4.225,36.86168803,-79.08960369
0.6416666667,0.3416666667,38.5,4.308333333,64.58300035,-92.48228252
0.6416666667,0.3583333333,38.5,4.391666667,92.30431267,-102.7252876
0.6416666667,0.375,38.5,4.475,109.7682909,-109.4654673
0.6416666667,0.3916666667,38.5,4.558333333,114.5026033,-112.8444146
0.6416666667,0.4083333333,38.5,4.641666667,118.2534201,-113.1299638
0.6416666667,0.425,38.5,4.725,122.004237,-110.4943182
0.6416666667,0.4416666667,38.5,4.808333333,125.7550538,-104.9203488
0.6416666667,0.4583333333,38.5,4.891666667,129.5058707,-96.20572131
0.6416666667,0.475,38.5,4.975,133.2566875,-84.06651306
0.6416666667,0.4916666667,38.5,5.058333333,139.6625168,-68.37209855
0.6416666667,0.5083333333,38.5,5.141666667,157.9868427,-49.52498398
0.6416666667,0.525,38.5,5.225,169.6006154,-28.8878391
0.6416666667,0.5416666667,38.5,5.308333333,176.7559689,-8.973660731
0.6416666667,0.5583333333,38.5,5.391666667,182.2075881,6.970678721
0.6416666667,0.575,38.5,5.475,191.9399112,16.08115994
0.6416666667,0.5916666667,38.5,5.558333333,198.1253336,17.17854855
0.6416666667,0.6083333333,38.5,5.641666667,207.5581984,11.36904685
0.6416666667,0.625,38.5,5.725,221.514908,1.479856701
0.6416666667,0.6416666667,38.5,5.808333333,219.3120198,-9.23417308
0.6416666667,0.6583333333,38.5,5.891666667,207.8004551,-18.22639641
0.6416666667,0.675,38.5,5.975,198.9407223,-24.10068011
0.6416666667,0.6916666667,38.5,6.058333333,204.067111,-26.43672141
0.6416666667,0.7083333333,38.5,6.141666667,225.0071072,-25.36584503
0.6416666667,0.725,38.5,6.225,239.1122965,-21.18742926
0.6416666667,0.7416666667,38.5,6.308333333,238.6855348,-14.12930584
0.6416666667,0.7583333333,38.5,6.391666667,229.0536869,-4.240518577
0.6416666667,0.775,38.5,6.475,223.1547904,8.615812486
0.6416666667,0.7916666667,38.5,6.558333333,240.6734274,24.67250052
0.6416666667,0.8083333333,38.5,6.641666667,271.6789793,44.041488
0.6416666667,0.825,38.5,6.725,264.6916109,66.35009911
0.6416666667,0.8416666667,38.5,6.808333333,245.2088194,90.30908551
0.6416666667,0.8583333333,38.5,6.891666667,225.7260279,113.4741528
0.6416666667,0.875,38.5,6.975,215.0191449,132.575171
0.6416666667,0.8916666667,38.5,7.058333333,237.3673384,144.5636375
0.6416666667,0.9083333333,38.5,7.141666667,254.8158626,147.9395584
0.6416666667,0.925,38.5,7.225,272.2643869,143.479188
0.6416666667,0.9416666667,38.5,7.308333333,289.7129112,133.8070891
0.6416666667,0.9583333333,38.5,7.391666667,307.1614355,122.1460564
0.6416666667,0.975,38.5,7.475,324.6099598,111.1225834
0.6416666667,0.9916666667,38.5,7.558333333,342.058484,102.2354932
0.6583333333,0.008333333333,39.5,2.641666667,-6.882973116,-48.78905839
0.6583333333,0.025,39.5,2.725,-8.400277494,-63.8230776
0.6583333333,0.04166666667,39.5,2.808333333,-9.917581872,-80.29129826
0.6583333333,0.05833333333,39.5,2.891666667,-11.43488625,-95.47708666
0.6583333333,0.075,39.5,2.975,-12.95219063,-107.7891195
0.6583333333,0.09166666667,39.5,3.058333333,-14.46949501,-116.6614338
0.6583333333,0.1083333333,39.5,3.141666667,-15.98679938,-122.1443639
0.6583333333,0.125,39.5,3.225,-17.50410376,-124.5030454
0.6583333333,0.1416666667,39.5,3.308333333,-19.02140814,-123.9540248
0.6583333333,0.1583333333,39.5,3.391666667,-20.53871252,-120.5395074
0.6583333333,0.175,39.5,3.475,-30.9165767,-114.1056368
0.6583333333,0.1916666667,39.5,3.558333333,-41.29444088,-104.3758882
0.6583333333,0.2083333333,39.5,3.641666667,-51.67230507,-91.14566758
0.6583333333,0.225,39.5,3.725,-62.05016925,-74.62464798
0.6583333333,0.2416666667,39.5,3.808333333,-72.42803343,-55.87074748
0.6583333333,0.2583333333,39.5,3.891666667,-63.75630937,-37.08442568
0.6583333333,0.275,39.5,3.975,-36.03499705,-21.39101013
0.6583333333,0.2916666667,39.5,4.058333333,-8.313684729,-11.89559304
0.6583333333,0.3083333333,39.5,4.141666667,19.40762759,-10.34718909
0.6583333333,0.325,39.5,4.225,47.12893991,-16.26191646
0.6583333333,0.3416666667,39.5,4.308333333,74.85025222,-27.1682001
0.6583333333,0.3583333333,39.5,4.391666667,92.31423045,-39.78256033
0.6583333333,0.375,39.5,4.475,109.7782087,-51.2696559
0.6583333333,0.3916666667,39.5,4.558333333,114.5125211,-59.89369445
0.6583333333,0.4083333333,39.5,4.641666667,119.2468334,-64.98289534
0.6583333333,0.425,39.5,4.725,122.9976503,-66.53805238
0.6583333333,0.4416666667,39.5,4.808333333,126.7484671,-64.81982915
0.6583333333,0.4583333333,39.5,4.891666667,130.499284,-60.06739137
0.6583333333,0.475,39.5,4.975,136.9051132,-52.35819009
0.6583333333,0.4916666667,39.5,5.058333333,145.9659549,-41.57519401
0.6583333333,0.5083333333,39.5,5.141666667,157.7099275,-27.46823396
0.6583333333,0.525,39.5,5.225,172.1370309,-9.832193705
0.6583333333,0.5416666667,39.5,5.308333333,180.9698923,11.16798428
0.6583333333,0.5583333333,39.5,5.391666667,184.2085116,34.56598526
0.6583333333,0.575,39.5,5.475,199.8319415,58.26418368
0.6583333333,0.5916666667,39.5,5.558333333,194.1068711,79.17063358
0.6583333333,0.6083333333,39.5,5.641666667,208.1524748,94.06069828
0.6583333333,0.625,39.5,5.725,222.1091844,100.9053098
0.6583333333,0.6416666667,39.5,5.808333333,219.9062962,99.85124153
0.6583333333,0.6583333333,39.5,5.891666667,220.35524,93.12135145
0.6583333333,0.675,39.5,5.975,219.4510032,83.91316027
0.6583333333,0.6916666667,39.5,6.058333333,224.5773919,75.10270031
0.6583333333,0.7083333333,39.5,6.141666667,247.795657,68.50382263
0.6583333333,0.725,39.5,6.225,254.2037021,64.83531324
0.6583333333,0.7416666667,39.5,6.308333333,239.2449892,64.091131
0.6583333333,0.7583333333,39.5,6.391666667,229.6131413,65.96381803
0.6583333333,0.775,39.5,6.475,225.3081585,70.14556334
0.6583333333,0.7916666667,39.5,6.558333333,242.9007558,76.48521573
0.6583333333,0.8083333333,39.5,6.641666667,273.3996566,85.03405749
0.6583333333,0.825,39.5,6.725,266.4122882,95.99782034
0.6583333333,0.8416666667,39.5,6.808333333,246.9294967,109.5759206
0.6583333333,0.8583333333,39.5,6.891666667,236.2226138,125.6556105
0.6583333333,0.875,39.5,6.975,225.5157308,143.3874807
0.6583333333,0.8916666667,39.5,7.058333333,247.8639243,160.8264008
0.6583333333,0.9083333333,39.5,7.141666667,270.2121177,174.9926804
0.6583333333,0.925,39.5,7.225,287.660642,182.6466641
0.6583333333,0.9416666667,39.5,7.308333333,305.1091662,181.5962541
0.6583333333,0.9583333333,39.5,7.391666667,322.5576905,171.7680543
0.6583333333,0.975,39.5,7.475,340.0062148,155.2530906
0.6583333333,0.9916666667,39.5,7.558333333,357.4547391,135.2910349
0.675,0.008333333333,40.5,2.641666667,-5.476281049,-29.0165457
0.675,0.025,40.5,2.725,-6.993585427,-26.15994422
0.675,0.04166666667,40.5,2.808333333,-8.510889804,-31.23479064
0.675,0.05833333333,40.5,2.891666667,-10.02819418,-42.32809988
0.675,0.075,40.5,2.975,-11.54549856,-56.26957682
0.675,0.09166666667,40.5,3.058333333,-13.06280294,-69.96420309
0.675,0.1083333333,40.5,3.141666667,-14.58010732,-81.28457475
0.675,0.125,40.5,3.225,-16.09741169,-89.23670724
0.675,0.1416666667,40.5,3.308333333,-17.61471607,-93.64256324
0.675,0.1583333333,40.5,3.391666667,-19.13202045,-94.70776492
0.675,0.175,40.5,3.475,-20.64932483,-92.69068711
0.675,0.1916666667,40.5,3.558333333,-31.02718901,-87.71886542
0.675,0.2083333333,40.5,3.641666667,-41.40505319,-79.72384291
0.675,0.225,40.5,3.725,-51.78291738,-68.47045275
0.675,0.2416666667,40.5,3.808333333,-62.16078156,-53.69229674
0.675,0.2583333333,40.5,3.891666667,-53.48905749,-35.36718158
0.675,0.275,40.5,3.975,-25.76774517,-14.12657353
0.675,0.2916666667,40.5,4.058333333,1.953567144,8.345489322
0.675,0.3083333333,40.5,4.141666667,29.67487946,29.25248121
0.675,0.325,40.5,4.225,57.39619178,45.30342124
0.675,0.3416666667,40.5,4.308333333,74.86017001,53.95634612
0.675,0.3583333333,40.5,4.391666667,92.32414823,54.61681088
0.675,0.375,40.5,4.475,109.7881265,48.93415807
0.675,0.3916666667,40.5,4.558333333,114.5224388,39.96412257
0.675,0.4083333333,40.5,4.641666667,119.2567512,30.83314401
0.675,0.425,40.5,4.725,123.9910636,23.76410916
0.675,0.4416666667,40.5,4.808333333,127.7418804,19.82859194
0.675,0.4583333333,40.5,4.891666667,134.1477097,19.22697108
0.675,0.475,40.5,4.975,143.2085514,21.72279485
0.675,0.4916666667,40.5,5.058333333,152.269393,26.99160251
0.675,0.5083333333,40.5,5.141666667,164.0133656,34.82210987
0.675,0.525,40.5,5.225,178.4404691,45.19474277
0.675,0.5416666667,40.5,5.308333333,192.8675725,58.26469168
0.675,0.5583333333,40.5,5.391666667,201.7004339,74.24218346
0.675,0.575,40.5,5.475,189.2634723,93.13659165
0.675,0.5916666667,40.5,5.558333333,206.6524871,114.3605646
0.675,0.6083333333,40.5,5.641666667,211.734586,136.3169826
0.675,0.625,40.5,5.725,222.7034608,156.2783794
0.675,0.6416666667,40.5,5.808333333,222.4926958,170.9153197
0.675,0.6583333333,40.5,5.891666667,228.9180094,177.4899001
0.675,0.675,40.5,5.975,239.9612841,175.1105992
0.675,0.6916666667,40.5,6.058333333,245.0876727,165.1698941
0.675,0.7083333333,40.5,6.141666667,247.8145772,150.6250847
0.675,0.725,40.5,6.225,233.1409705,134.6738292
0.675,0.7416666667,40.5,6.308333333,239.8044435,119.7036934
0.675,0.7583333333,40.5,6.391666667,230.1725957,106.9588904
0.675,0.775,40.5,6.475,239.3545278,96.77667782
0.675,0.7916666667,40.5,6.558333333,253.0320983,89.01931491
0.675,0.8083333333,40.5,6.641666667,275.120334,83.43861448
0.675,0.825,40.5,6.725,268.1329656,79.89333594
0.675,0.8416666667,40.5,6.808333333,257.4260826,78.43925238
0.675,0.8583333333,40.5,6.891666667,246.7191997,79.32174942
0.675,0.875,40.5,6.975,236.0123167,82.86827953
0.675,0.8916666667,40.5,7.058333333,258.3605101,89.24855245
0.675,0.9083333333,40.5,7.141666667,280.7087036,98.09046841
0.675,0.925,40.5,7.225,303.056897,108.0540554
0.675,0.9416666667,40.5,7.308333333,320.5054213,116.6523923
0.675,0.9583333333,40.5,7.391666667,337.9539456,120.6875192
0.675,0.975,40.5,7.475,355.4024698,117.3813711
0.675,0.9916666667,40.5,7.558333333,372.8509941,105.6698962
0.6916666667,0.008333333333,41.5,2.641666667,-4.069588982,-30.39266243
0.6916666667,0.025,41.5,2.725,-5.586893359,-10.18489074
0.6916666667,0.04166666667,41.5,2.808333333,-7.104197737,6.426056615
0.6916666667,0.05833333333,41.5,2.891666667,-8.621502115,16.46344905
0.6916666667,0.075,41.5,2.975,-10.13880649,18.50762586
0.6916666667,0.09166666667,41.5,3.058333333,-11.65611087,13.41397464
0.6916666667,0.1083333333,41.5,3.141666667,-13.17341525,3.874042709
0.6916666667,0.125,41.5,3.225,-14.69071963,-6.839326324
0.6916666667,0.1416666667,41.5,3.308333333,-16.208024,-16.06408429
0.6916666667,0.1583333333,41.5,3.391666667,-17.72532838,-22.27544317
0.6916666667,0.175,41.5,3.475,-19.24263276,-24.96375476
0.6916666667,0.1916666667,41.5,3.558333333,-20.75993714,-24.22050205
0.6916666667,0.2083333333,41.5,3.641666667,-31.13780132,-20.34179748
0.6916666667,0.225,41.5,3.725,-41.5156655,-13.57193774
0.6916666667,0.2416666667,41.5,3.808333333,-51.89352969,-3.983085961
0.6916666667,0.2583333333,41.5,3.891666667,-43.22180562,8.542284569
0.6916666667,0.275,41.5,3.975,-15.5004933,24.23343206
0.6916666667,0.2916666667,41.5,4.058333333,12.22081902,43.23066709
0.6916666667,0.3083333333,41.5,4.141666667,39.94213133,65.23703406
0.6916666667,0.325,41.5,4.225,57.40610956,89.0846709
0.6916666667,0.3416666667,41.5,4.308333333,74.87008779,112.455947
0.6916666667,0.3583333333,41.5,4.391666667,92.33406601,132.1330518
0.6916666667,0.375,41.5,4.475,109.7980442,144.974041
0.6916666667,0.3916666667,41.5,4.558333333,114.5323566,149.2492596
0.6916666667,0.4083333333,41.5,4.641666667,119.266669,145.4780856
0.6916666667,0.425,41.5,4.725,124.0009814,136.1316291
0.6916666667,0.4416666667,41.5,4.808333333,128.7352937,124.4342232
0.6916666667,0.4583333333,41.5,4.891666667,137.7961354,113.1213096
0.6916666667,0.475,41.5,4.975,146.8569771,103.8232896
0.6916666667,0.4916666667,41.5,5.058333333,155.9178188,97.12691697
0.6916666667,0.5083333333,41.5,5.141666667,163.601396,92.97498695
0.6916666667,0.525,41.5,5.225,178.0284995,91.07607517
0.6916666667,0.5416666667,41.5,5.308333333,198.0300673,91.18002839
0.6916666667,0.5583333333,41.5,5.391666667,212.4571707,93.21338633
0.6916666667,0.575,41.5,5.475,210.7714371,97.30848399
0.6916666667,0.5916666667,41.5,5.558333333,216.1297109,103.7379309
0.6916666667,0.6083333333,41.5,5.641666667,221.4879848,112.7304201
0.6916666667,0.625,41.5,5.725,224.8128028,124.1390383
0.6916666667,0.6416666667,41.5,5.808333333,225.9073388,137.0082213
0.6916666667,0.6583333333,41.5,5.891666667,232.7893344,149.255874
0.6916666667,0.675,41.5,5.975,243.375927,157.8392325
0.6916666667,0.6916666667,41.5,6.058333333,253.8049279,159.6472208
0.6916666667,0.7083333333,41.5,6.141666667,243.8381579,152.8320339
0.6916666667,0.725,41.5,6.225,236.9622376,137.7509981
0.6916666667,0.7416666667,41.5,6.308333333,235.2377333,116.811084
0.6916666667,0.7583333333,41.5,6.391666667,239.7233267,93.33690854
0.6916666667,0.775,41.5,6.475,253.4008972,70.28542264
0.6916666667,0.7916666667,41.5,6.558333333,267.0784677,49.5370522
0.6916666667,0.8083333333,41.5,6.641666667,280.7560382,31.88767388
0.6916666667,0.825,41.5,6.725,278.6295515,17.4261564
0.6916666667,0.8416666667,41.5,6.808333333,267.9226685,5.952905478
0.6916666667,0.8583333333,41.5,6.891666667,257.2157856,-2.727461548
0.6916666667,0.875,41.5,6.975,246.5089026,-8.656379604
0.6916666667,0.8916666667,41.5,7.058333333,268.857096,-11.68126575
0.6916666667,0.9083333333,41.5,7.141666667,291.2052895,-11.50913842
0.6916666667,0.925,41.5,7.225,313.5534829,-7.874368845
0.6916666667,0.9416666667,41.5,7.308333333,335.9016763,-0.8521225575
0.6916666667,0.9583333333,41.5,7.391666667,353.3502006,8.71400801
0.6916666667,0.975,41.5,7.475,370.7987249,18.8630328
0.6916666667,0.9916666667,41.5,7.558333333,388.2472491,26.60547957
0.7083333333,0.008333333333,42.5,2.641666667,-2.662896914,-7.921717019
0.7083333333,0.025,42.5,2.725,-4.180201292,12.42971389
0.7083333333,0.04166666667,42.5,2.808333333,-5.69750567,35.5111358
0.7083333333,0.05833333333,42.5,2.891666667,-7.214810048,59.53592474
0.7083333333,0.075,42.5,2.975,-8.732114425,81.61994949
0.7083333333,0.09166666667,42.5,3.058333333,-10.2494188,98.44734299
0.7083333333,0.1083333333,42.5,3.141666667,-11.76672318,107.537162
0.7083333333,0.125,42.5,3.225,-13.28402756,108.4083538
0.7083333333,0.1416666667,42.5,3.308333333,-14.80133194,102.8021304
0.7083333333,0.1583333333,42.5,3.391666667,-16.31863631,93.78826383
0.7083333333,0.175,42.5,3.475,-17.83594069,84.4301424
0.7083333333,0.1916666667,42.5,3.558333333,-19.35324507,76.85343758
0.7083333333,0.2083333333,42.5,3.641666667,-20.87054945,72.04242582
0.7083333333,0.225,42.5,3.725,-31.24841363,70.14126838
0.7083333333,0.2416666667,42.5,3.808333333,-41.62627781,70.8887273
0.7083333333,0.2583333333,42.5,3.891666667,-32.95455375,73.95874993
0.7083333333,0.275,42.5,3.975,-5.233241429,79.15340058
0.7083333333,0.2916666667,42.5,4.058333333,22.48807089,86.47527212
0.7083333333,0.3083333333,42.5,4.141666667,39.95204912,96.10492993
0.7083333333,0.325,42.5,4.225,57.41602734,108.2737175
0.7083333333,0.3416666667,42.5,4.308333333,74.88000557,122.998214
0.7083333333,0.3583333333,42.5,4.391666667,92.34398379,139.6773912
0.7083333333,0.375,42.5,4.475,109.807962,156.6864591
0.7083333333,0.3916666667,42.5,4.558333333,114.5422744,171.287098
0.7083333333,0.4083333333,42.5,4.641666667,119.2765868,180.2022248
0.7083333333,0.425,42.5,4.725,124.0108991,180.8362925
0.7083333333,0.4416666667,42.5,4.808333333,128.7452115,172.5019402
0.7083333333,0.4583333333,42.5,4.891666667,133.4795239,156.7838588
0.7083333333,0.475,42.5,4.975,142.5403656,136.7559898
0.7083333333,0.4916666667,42.5,5.058333333,151.6012073,115.6484935
0.7083333333,0.5083333333,42.5,5.141666667,155.2243892,95.83512768
0.7083333333,0.525,42.5,5.225,176.980932,78.5437578
0.7083333333,0.5416666667,42.5,5.308333333,199.7697319,64.11511651
0.7083333333,0.5583333333,42.5,5.391666667,206.2931164,52.4353642
0.7083333333,0.575,42.5,5.475,198.319072,43.29149117
0.7083333333,0.5916666667,42.5,5.558333333,217.5064581,36.57920398
0.7083333333,0.6083333333,42.5,5.641666667,224.18418,32.38599063
0.7083333333,0.625,42.5,5.725,231.467342,30.97790826
0.7083333333,0.6416666667,42.5,5.808333333,218.5486714,32.68500646
0.7083333333,0.6583333333,42.5,5.891666667,222.1296444,37.65252109
0.7083333333,0.675,42.5,5.975,237.6418662,45.44991516
0.7083333333,0.6916666667,42.5,6.058333333,254.3665424,54.65057265
0.7083333333,0.7083333333,42.5,6.141666667,250.3613709,62.68208231
0.7083333333,0.725,42.5,6.225,243.4854506,66.30986358
0.7083333333,0.7416666667,42.5,6.308333333,237.2881273,62.80158573
0.7083333333,0.7583333333,42.5,6.391666667,240.2827811,51.20254191
0.7083333333,0.775,42.5,6.475,253.9603516,32.83794736
0.7083333333,0.7916666667,42.5,6.558333333,267.6379221,10.65275701
0.7083333333,0.8083333333,42.5,6.641666667,274.0918316,-12.10309708
0.7083333333,0.825,42.5,6.725,280.5457411,-32.95968564
0.7083333333,0.8416666667,42.5,6.808333333,278.4192544,-50.60226441
0.7083333333,0.8583333333,42.5,6.891666667,267.7123714,-64.65748264
0.7083333333,0.875,42.5,6.975,257.0054885,-75.26312104
0.7083333333,0.8916666667,42.5,7.058333333,279.3536819,-82.69518234
0.7083333333,0.9083333333,42.5,7.141666667,301.7018754,-87.14109748
0.7083333333,0.925,42.5,7.225,324.0500688,-88.60220286
0.7083333333,0.9416666667,42.5,7.308333333,346.3982622,-86.89460106
0.7083333333,0.9583333333,42.5,7.391666667,368.7464556,-81.74889468
0.7083333333,0.975,42.5,7.475,386.1949799,-73.04010597
0.7083333333,0.9916666667,42.5,7.558333333,403.6435042,-61.1632361
0.725,0.008333333333,43.5,2.641666667,-1.256204847,53.02887907
0.725,0.025,43.5,2.725,-2.773509225,64.36928978
0.725,0.04166666667,43.5,2.808333333,-4.290813603,78.42345237
0.725,0.05833333333,43.5,2.891666667,-5.80811798,95.32847646
0.725,0.075,43.5,2.975,-7.325422358,114.8072158
0.725,0.09166666667,43.5,3.058333333,-8.842726736,135.735411
0.725,0.1083333333,43.5,3.141666667,-10.36003111,155.8501252
0.725,0.125,43.5,3.225,-11.87733549,171.9719138
0.725,0.1416666667,43.5,3.308333333,-13.39463987,180.9542901
0.725,0.1583333333,43.5,3.391666667,-14.91194425,181.0205492
0.725,0.175,43.5,3.475,-16.42924862,172.6369575
0.725,0.1916666667,43.5,3.558333333,-17.946553,158.2623532
0.725,0.2083333333,43.5,3.641666667,-19.46385738,141.17014
0.725,0.225,43.5,3.725,-20.98116176,124.1903215
0.725,0.2416666667,43.5,3.808333333,-31.35902594,109.0619597
0.725,0.2583333333,43.5,3.891666667,-22.68730187,96.47142146
0.725,0.275,43.5,3.975,5.034010444,86.44443791
0.725,0.2916666667,43.5,4.058333333,22.49798867,78.7580428
0.725,0.3083333333,43.5,4.141666667,39.9619669,73.22072264
0.725,0.325,43.5,4.225,57.42594512,69.81143743
0.725,0.3416666667,43.5,4.308333333,74.88992335,68.71125013
0.725,0.3583333333,43.5,4.391666667,92.35390158,70.24074895
0.725,0.375,43.5,4.475,109.8178798,74.68040469
0.725,0.3916666667,43.5,4.558333333,114.5521922,81.94403156
0.725,0.4083333333,43.5,4.641666667,119.2865046,91.14648142
0.725,0.425,43.5,4.725,124.0208169,100.2742333
0.725,0.4416666667,43.5,4.808333333,128.7551293,106.3247973
0.725,0.4583333333,43.5,4.891666667,133.4894417,106.1710529
0.725,0.475,43.5,4.975,138.2237541,97.88931057
0.725,0.4916666667,43.5,5.058333333,147.2845957,81.73483637
0.725,0.5083333333,43.5,5.141666667,162.0567064,60.03537995
0.725,0.525,43.5,5.225,182.540086,36.08572489
0.725,0.5416666667,43.5,5.308333333,193.6056776,12.85205676
0.725,0.5583333333,43.5,5.391666667,200.129062,-7.765851358
0.725,0.575,43.5,5.475,208.9195368,-24.9653734
0.725,0.5916666667,43.5,5.558333333,215.3430055,-38.67057854
0.725,0.6083333333,43.5,5.641666667,230.8387191,-49.10997183
0.725,0.625,43.5,5.725,238.1218811,-56.51698907
0.725,0.6416666667,43.5,5.808333333,225.2032106,-60.97442125
0.725,0.6583333333,43.5,5.891666667,218.6956824,-62.36988472
0.725,0.675,43.5,5.975,238.2034807,-60.4450011
0.725,0.6916666667,43.5,6.058333333,254.928157,-54.95744789
0.725,0.7083333333,43.5,6.141666667,250.9229855,-45.98808759
0.725,0.725,43.5,6.225,245.5358447,-34.36617648
0.725,0.7416666667,43.5,6.308333333,237.8475817,-22.02758887
0.725,0.7583333333,43.5,6.391666667,240.8422355,-11.9507502
0.725,0.775,43.5,6.475,254.519806,-7.378370474
0.725,0.7916666667,43.5,6.558333333,260.9737155,-10.50861018
0.725,0.8083333333,43.5,6.641666667,267.427625,-21.4270176
0.725,0.825,43.5,6.725,273.8815345,-38.06620929
0.725,0.8416666667,43.5,6.808333333,280.3354441,-57.22469952
0.725,0.8583333333,43.5,6.891666667,278.2089573,-75.88790933
0.725,0.875,43.5,6.975,267.5020744,-92.05417573
0.725,0.8916666667,43.5,7.058333333,289.8502678,-104.8397873
0.725,0.9083333333,43.5,7.141666667,312.1984612,-114.1361505
0.725,0.925,43.5,7.225,334.5466547,-120.1806653
0.725,0.9416666667,43.5,7.308333333,356.8948481,-123.2392705
0.725,0.9583333333,43.5,7.391666667,379.2430415,-123.4351961
0.725,0.975,43.5,7.475,401.5912349,-120.6928644
0.725,0.9916666667,43.5,7.558333333,419.0397592,-114.7756914
0.7416666667,0.008333333333,44.5,2.641666667,0.1504872203,93.90279764
0.7416666667,0.025,44.5,2.725,-1.366817157,90.88361322
0.7416666667,0.04166666667,44.5,2.808333333,-2.884121535,89.81088836
0.7416666667,0.05833333333,44.5,2.891666667,-4.401425913,90.72304835
0.7416666667,0.075,44.5,2.975,-5.918730291,93.84832982
0.7416666667,0.09166666667,44.5,3.058333333,-7.436034669,99.49302962
0.7416666667,0.1083333333,44.5,3.141666667,-8.953339046,107.795999
0.7416666667,0.125,44.5,3.225,-10.47064342,118.3399783
0.7416666667,0.1416666667,44.5,3.308333333,-11.9879478,129.7288121
0.7416666667,0.1583333333,44.5,3.391666667,-13.50525218,139.4266637
0.7416666667,0.175,44.5,3.475,-15.02255656,144.2240536
0.7416666667,0.1916666667,44.5,3.558333333,-16.53986094,141.3899364
0.7416666667,0.2083333333,44.5,3.641666667,-18.05716531,129.9533682
0.7416666667,0.225,44.5,3.725,-19.57446969,111.2294838
0.7416666667,0.2416666667,44.5,3.808333333,-21.09177407,88.18161147
0.7416666667,0.2583333333,44.5,3.891666667,-12.42005,64.1101205
0.7416666667,0.275,44.5,3.975,5.043928225,41.55356379
0.7416666667,0.2916666667,44.5,4.058333333,22.50790645,21.89618556
0.7416666667,0.3083333333,44.5,4.141666667,39.97188468,5.571645709
0.7416666667,0.325,44.5,4.225,57.4358629,-7.508580186
0.7416666667,0.3416666667,44.5,4.308333333,74.89984113,-17.58005454
0.7416666667,0.3583333333,44.5,4.391666667,92.36381936,-24.79579357
0.7416666667,0.375,44.5,4.475,109.8277976,-29.12663026
0.7416666667,0.3916666667,44.5,4.558333333,114.56211,-30.36027445
0.7416666667,0.4083333333,44.5,4.641666667,119.2964223,-28.19871365
0.7416666667,0.425,44.5,4.725,124.0307347,-22.48491268
0.7416666667,0.4416666667,44.5,4.808333333,128.7650471,-13.5755111
0.7416666667,0.4583333333,44.5,4.891666667,133.4993595,-2.770293824
0.7416666667,0.475,44.5,4.975,138.2336718,7.475932289
0.7416666667,0.4916666667,44.5,5.058333333,142.9679842,13.93141777
0.7416666667,0.5083333333,44.5,5.141666667,157.7400949,13.6748602
0.7416666667,0.525,44.5,5.225,170.3197555,5.410140232
0.7416666667,0.5416666667,44.5,5.308333333,182.8994161,-9.876165702
0.7416666667,0.5583333333,44.5,5.391666667,193.9650077,-29.42005823
0.7416666667,0.575,44.5,5.475,212.3688754,-49.95619755
0.7416666667,0.5916666667,44.5,5.558333333,196.6881396,-68.88057668
0.7416666667,0.6083333333,44.5,5.641666667,224.8385558,-84.73177956
0.7416666667,0.625,44.5,5.725,244.7764203,-97.03990079
0.7416666667,0.6416666667,44.5,5.808333333,237.0649417,-105.9061754
0.7416666667,0.6583333333,44.5,5.891666667,235.7646055,-111.612733
0.7416666667,0.675,44.5,5.975,242.8919224,-114.3747572
0.7416666667,0.6916666667,44.5,6.058333333,255.4897715,-114.2269093
0.7416666667,0.7083333333,44.5,6.141666667,261.7251968,-111.0111696
0.7416666667,0.725,44.5,6.225,259.7515882,-104.461105
0.7416666667,0.7416666667,44.5,6.308333333,238.4070361,-94.41115117
0.7416666667,0.7583333333,44.5,6.391666667,241.4016899,-81.1534464
0.7416666667,0.775,44.5,6.475,247.8555994,-65.87137965
0.7416666667,0.7916666667,44.5,6.558333333,254.3095089,-50.89827469
0.7416666667,0.8083333333,44.5,6.641666667,260.7634185,-39.42671401
0.7416666667,0.825,44.5,6.725,267.217328,-34.49487784
0.7416666667,0.8416666667,44.5,6.808333333,273.6712375,-37.65456581
0.7416666667,0.8583333333,44.5,6.891666667,280.125147,-48.19201342
0.7416666667,0.875,44.5,6.975,277.9986603,-63.49579371
0.7416666667,0.8916666667,44.5,7.058333333,300.3468537,-80.28516776
0.7416666667,0.9083333333,44.5,7.141666667,322.6950471,-95.82919455
0.7416666667,0.925,44.5,7.225,345.0432406,-108.5191022
0.7416666667,0.9416666667,44.5,7.308333333,367.391434,-117.7766607
0.7416666667,0.9583333333,44.5,7.391666667,389.7396274,-123.647163
0.7416666667,0.975,44.5,7.475,412.0878208,-126.3962508
0.7416666667,0.9916666667,44.5,7.558333333,434.4360142,-126.24405
0.7583333333,0.008333333333,45.5,2.641666667,1.557179288,69.37893679
0.7583333333,0.025,45.5,2.725,0.03987490979,51.62026617
0.7583333333,0.04166666667,45.5,2.808333333,-1.477429468,36.93017142
0.7583333333,0.05833333333,45.5,2.891666667,-2.994733846,25.13866237
0.7583333333,0.075,45.5,2.975,-4.512038224,16.04342897
0.7583333333,0.09166666667,45.5,3.058333333,-6.029342601,9.580933282
0.7583333333,0.1083333333,45.5,3.141666667,-7.546646979,5.882329312
0.7583333333,0.125,45.5,3.225,-9.063951357,5.235600861
0.7583333333,0.1416666667,45.5,3.308333333,-10.58125573,7.938995783
0.7583333333,0.1583333333,45.5,3.391666667,-12.09856011,14.01226169
0.7583333333,0.175,45.5,3.475,-13.61586449,22.77973829
0.7583333333,0.1916666667,45.5,3.558333333,-15.13316887,32.48637031
0.7583333333,0.2083333333,45.5,3.641666667,-16.65047325,40.28731761
0.7583333333,0.225,45.5,3.725,-18.16777762,42.93312258
0.7583333333,0.2416666667,45.5,3.808333333,-19.685082,38.04484391
0.7583333333,0.2583333333,45.5,3.891666667,-16.66517391,25.26394609
0.7583333333,0.275,45.5,3.975,0.7988043189,6.443768877
0.7583333333,0.2916666667,45.5,4.058333333,18.26278255,-15.26693176
0.7583333333,0.3083333333,45.5,4.141666667,35.72676077,-36.75824433
0.7583333333,0.325,45.5,4.225,53.190739,-55.87327033
0.7583333333,0.3416666667,45.5,4.308333333,70.65471722,-71.59495086
0.7583333333,0.3583333333,45.5,4.391666667,88.11869545,-83.73756973
0.7583333333,0.375,45.5,4.475,105.5826737,-92.51320973
0.7583333333,0.3916666667,45.5,4.558333333,110.3169861,-98.19566778
0.7583333333,0.4083333333,45.5,4.641666667,115.0512984,-100.9319199
0.7583333333,0.425,45.5,4.725,119.7856108,-100.6731777
0.7583333333,0.4416666667,45.5,4.808333333,124.5199232,-97.20064172
0.7583333333,0.4583333333,45.5,4.891666667,129.2542356,-90.2565392
0.7583333333,0.475,45.5,4.975,133.9885479,-79.81418731
0.7583333333,0.4916666667,45.5,5.058333333,138.7228603,-66.48388948
0.7583333333,0.5083333333,45.5,5.141666667,167.7664184,-51.91599273
0.7583333333,0.525,45.5,5.225,177.6495338,-38.877443
0.7583333333,0.5416666667,45.5,5.308333333,182.1395587,-30.65759218
0.7583333333,0.5583333333,45.5,5.391666667,189.5691689,-29.83702896
0.7583333333,0.575,45.5,5.475,201.5841712,-37.0726794
0.7583333333,0.5916666667,45.5,5.558333333,197.3462626,-50.76342516
0.7583333333,0.6083333333,45.5,5.641666667,229.3109544,-67.85695172
0.7583333333,0.625,45.5,5.725,241.1585755,-85.18380927
0.7583333333,0.6416666667,45.5,5.808333333,249.5742185,-100.4525818
0.7583333333,0.6583333333,45.5,5.891666667,236.7666677,-112.5201729
0.7583333333,0.675,45.5,5.975,252.6062751,-121.1228446
0.7583333333,0.6916666667,45.5,6.058333333,259.025095,-126.4422541
0.7583333333,0.7083333333,45.5,6.141666667,269.1374831,-128.7525181
0.7583333333,0.725,45.5,6.225,267.1638746,-128.2149639
0.7583333333,0.7416666667,45.5,6.308333333,245.8193225,-124.7968319
0.7583333333,0.7583333333,45.5,6.391666667,244.6360734,-118.2859879
0.7583333333,0.775,45.5,6.475,251.0899829,-108.4077267
0.7583333333,0.7916666667,45.5,6.558333333,257.5438924,-95.07678128
0.7583333333,0.8083333333,45.5,6.641666667,263.9978019,-78.79067608
0.7583333333,0.825,45.5,6.725,270.4517114,-61.0471955
0.7583333333,0.8416666667,45.5,6.808333333,276.905621,-44.48165626
0.7583333333,0.8583333333,45.5,6.891666667,283.3595305,-32.36382623
0.7583333333,0.875,45.5,6.975,293.8480275,-27.42078008
0.7583333333,0.8916666667,45.5,7.058333333,311.2272591,-30.57073034
0.7583333333,0.9083333333,45.5,7.141666667,333.5754525,-40.44980179
0.7583333333,0.925,45.5,7.225,355.9236459,-54.09916077
0.7583333333,0.9416666667,45.5,7.308333333,378.2718393,-68.28494702
0.7583333333,0.9583333333,45.5,7.391666667,400.6200328,-80.56852349
0.7583333333,0.975,45.5,7.475,422.9682262,-89.6633226
0.7583333333,0.9916666667,45.5,7.558333333,445.3164196,-95.21114869
0.775,0.008333333333,46.5,2.641666667,2.963871355,27.26746489
0.775,0.025,46.5,2.725,1.446566977,4.06810994
0.775,0.04166666667,46.5,2.808333333,-0.07073740073,-18.03667071
0.775,0.05833333333,46.5,2.891666667,-1.588041779,-37.29876235
0.775,0.075,46.5,2.975,-3.105346156,-53.03700402
0.775,0.09166666667,46.5,3.058333333,-4.622650534,-65.24560126
0.775,0.1083333333,46.5,3.141666667,-6.139954912,-74.18048388
0.775,0.125,46.5,3.225,-7.65725929,-80.0767889
0.775,0.1416666667,46.5,3.308333333,-9.174563667,-83.00757295
0.775,0.1583333333,46.5,3.391666667,-10.69186805,-82.85007743
0.775,0.175,46.5,3.475,-12.20917242,-79.34611705
0.775,0.1916666667,46.5,3.558333333,-13.7264768,-72.27925282
0.775,0.2083333333,46.5,3.641666667,-15.24378118,-61.79880331
0.775,0.225,46.5,3.725,-16.76108556,-48.85057055
0.775,0.2416666667,46.5,3.808333333,-9.50640311,-35.50720037
0.775,0.2583333333,46.5,3.891666667,-6.486495016,-24.83285806
0.775,0.275,46.5,3.975,-7.701361274,-20.02355665
0.775,0.2916666667,46.5,4.058333333,9.762616952,-23.07921111
0.775,0.3083333333,46.5,4.141666667,27.22659518,-33.82103579
0.775,0.325,46.5,4.225,44.6905734,-49.98790073
0.775,0.3416666667,46.5,4.308333333,62.15455163,-68.33612243
0.775,0.3583333333,46.5,4.391666667,79.61852986,-85.93689888
0.775,0.375,46.5,4.475,97.08250808,-100.9198731
0.775,0.3916666667,46.5,4.558333333,101.8168205,-112.5085828
0.775,0.4083333333,46.5,4.641666667,106.5511328,-120.6517277
0.775,0.425,46.5,4.725,111.2854452,-125.6005246
0.775,0.4416666667,46.5,4.808333333,116.0197576,-127.6082218
0.775,0.4583333333,46.5,4.891666667,120.75407,-126.7737644
0.775,0.475,46.5,4.975,125.4883823,-122.9968004
0.775,0.4916666667,46.5,5.058333333,132.5613026,-116.0264123
0.775,0.5083333333,46.5,5.141666667,158.9083154,-105.6224668
0.775,0.525,46.5,5.225,188.3501496,-91.86189478
0.775,0.5416666667,46.5,5.308333333,187.6901241,-75.56376656
0.775,0.5583333333,46.5,5.391666667,179.6695828,-58.64962794
0.775,0.575,46.5,5.475,190.1909399,-44.08461031
0.775,0.5916666667,46.5,5.558333333,224.9459257,-35.10528414
0.775,0.6083333333,46.5,5.641666667,236.1656717,-33.91285538
0.775,0.625,46.5,5.725,227.2683468,-40.59975974
0.775,0.6416666667,46.5,5.808333333,243.1102643,-53.09996724
0.775,0.6583333333,46.5,5.891666667,242.0305469,-68.20192699
0.775,0.675,46.5,5.975,252.2625508,-82.87103314
0.775,0.6916666667,46.5,6.058333333,257.7802018,-95.08153073
0.775,0.7083333333,46.5,6.141666667,269.2828817,-103.9267798
0.775,0.725,46.5,6.225,267.7727037,-109.2785961
0.775,0.7416666667,46.5,6.308333333,268.6328487,-111.3579282
0.775,0.7583333333,46.5,6.391666667,267.4495996,-110.416386
0.775,0.775,46.5,6.475,264.2229564,-106.5640968
0.775,0.7916666667,46.5,6.558333333,270.6768659,-99.71299398
0.775,0.8083333333,46.5,6.641666667,277.1307754,-89.61404808
0.775,0.825,46.5,6.725,283.5846849,-76.00324201
0.775,0.8416666667,46.5,6.808333333,290.0385945,-58.88980287
0.775,0.8583333333,46.5,6.891666667,300.5270915,-38.9729581
0.775,0.875,46.5,6.975,315.0501761,-18.02678983
0.775,0.8916666667,46.5,7.058333333,327.4604458,1.087055415
0.775,0.9083333333,46.5,7.141666667,344.8396773,15.10149926
0.775,0.925,46.5,7.225,367.1878708,21.61752408
0.775,0.9416666667,46.5,7.308333333,389.5360642,20.25549356
0.775,0.9583333333,46.5,7.391666667,411.8842576,12.85007664
0.775,0.975,46.5,7.475,434.232451,2.536079492
0.775,0.9916666667,46.5,7.558333333,440.2668409,-7.586678328
0.7916666667,0.008333333333,47.5,2.641666667,4.370563422,-7.123371525
0.7916666667,0.025,47.5,2.725,2.853259044,-13.70325749
0.7916666667,0.04166666667,47.5,2.808333333,1.335954667,-27.4208138
0.7916666667,0.05833333333,47.5,2.891666667,-0.1813497112,-45.56715761
0.7916666667,0.075,47.5,2.975,-1.698654089,-64.87388585
0.7916666667,0.09166666667,47.5,3.058333333,-3.215958467,-82.69626438
0.7916666667,0.1083333333,47.5,3.141666667,-4.733262845,-97.52582993
0.7916666667,0.125,47.5,3.225,-6.250567222,-108.8591805
0.7916666667,0.1416666667,47.5,3.308333333,-7.7678716,-116.7817145
0.7916666667,0.1583333333,47.5,3.391666667,-9.285175978,-121.5727768
0.7916666667,0.175,47.5,3.475,-10.80248036,-123.4516619
0.7916666667,0.1916666667,47.5,3.558333333,-12.31978473,-122.4592555
0.7916666667,0.2083333333,47.5,3.641666667,-13.83708911,-118.4420894
0.7916666667,0.225,47.5,3.725,-6.582406665,-111.1322457
0.7916666667,0.2416666667,47.5,3.808333333,0.6722757811,-100.3507502
0.7916666667,0.2583333333,47.5,3.891666667,3.692183875,-86.35869679
0.7916666667,0.275,47.5,3.975,2.477317617,-70.29127526
0.7916666667,0.2916666667,47.5,4.058333333,1.262451359,-54.43114782
0.7916666667,0.3083333333,47.5,4.141666667,18.72642959,-41.94713072
0.7916666667,0.325,47.5,4.225,36.19040781,-35.90731013
0.7916666667,0.3416666667,47.5,4.308333333,53.65438604,-37.94424944
0.7916666667,0.3583333333,47.5,4.391666667,71.11836426,-47.43594301
0.7916666667,0.375,47.5,4.475,88.58234249,-61.82512427
0.7916666667,0.3916666667,47.5,4.558333333,93.31665487,-77.82783733
0.7916666667,0.4083333333,47.5,4.641666667,98.05096724,-92.66968884
0.7916666667,0.425,47.5,4.725,102.7852796,-104.6896356
0.7916666667,0.4416666667,47.5,4.808333333,107.519592,-113.270103
0.7916666667,0.4583333333,47.5,4.891666667,112.2539044,-118.4356224
0.7916666667,0.475,47.5,4.975,119.3268246,-120.4455769
0.7916666667,0.4916666667,47.5,5.058333333,126.3997448,-119.5220633
0.7916666667,0.5083333333,47.5,5.141666667,144.657122,-115.7171431
0.7916666667,0.525,47.5,5.225,168.9489057,-108.8857256
0.7916666667,0.5416666667,47.5,5.308333333,177.790538,-98.75302823
0.7916666667,0.5583333333,47.5,5.391666667,169.7699967,-85.1011581
0.7916666667,0.575,47.5,5.475,193.0319392,-68.10315334
0.7916666667,0.5916666667,47.5,5.558333333,216.3747835,-48.75606488
0.7916666667,0.6083333333,47.5,5.641666667,222.275443,-29.1930911
0.7916666667,0.625,47.5,5.725,213.3781182,-12.50518037
0.7916666667,0.6416666667,47.5,5.808333333,239.7146339,-1.83555577
0.7916666667,0.6583333333,47.5,5.891666667,251.6862316,0.9539389743
0.7916666667,0.675,47.5,5.975,251.0176576,-3.789581991
0.7916666667,0.6916666667,47.5,6.058333333,256.5353086,-13.68610454
0.7916666667,0.7083333333,47.5,6.141666667,268.0379884,-25.46490302
0.7916666667,0.725,47.5,6.225,285.0910311,-36.24377417
0.7916666667,0.7416666667,47.5,6.308333333,291.4463749,-44.22396642
0.7916666667,0.7583333333,47.5,6.391666667,290.2631258,-48.68738476
0.7916666667,0.775,47.5,6.475,289.6558235,-49.61529036
0.7916666667,0.7916666667,47.5,6.558333333,289.007831,-47.27082471
0.7916666667,0.8083333333,47.5,6.641666667,292.3429456,-41.9088477
0.7916666667,0.825,47.5,6.725,296.7176584,-33.6283882
0.7916666667,0.8416666667,47.5,6.808333333,307.2061555,-22.3342868
0.7916666667,0.8583333333,47.5,6.891666667,321.7292401,-7.792650416
0.7916666667,0.875,47.5,6.975,336.2523246,10.19890467
0.7916666667,0.8916666667,47.5,7.058333333,348.6625943,31.49501669
0.7916666667,0.9083333333,47.5,7.141666667,361.072864,55.17393045
0.7916666667,0.925,47.5,7.225,378.4520956,79.19278868
0.7916666667,0.9416666667,47.5,7.308333333,400.800289,100.4877267
0.7916666667,0.9583333333,47.5,7.391666667,423.1484824,115.7943562
0.7916666667,0.975,47.5,7.475,429.1828723,122.9680171
0.7916666667,0.9916666667,47.5,7.558333333,435.2172622,122.0097068
0.8083333333,0.008333333333,48.5,2.641666667,5.777255489,-63.47815394
0.8083333333,0.025,48.5,2.725,4.259951112,-48.8211809
0.8083333333,0.04166666667,48.5,2.808333333,2.742646734,-38.38098449
0.8083333333,0.05833333333,48.5,2.891666667,1.225342356,-34.98354696
0.8083333333,0.075,48.5,2.975,-0.2919620218,-39.7237677
0.8083333333,0.09166666667,48.5,3.058333333,-1.8092664,-51.40845069
0.8083333333,0.1083333333,48.5,3.141666667,-3.326570777,-67.16424036
0.8083333333,0.125,48.5,3.225,-4.843875155,-83.74149577
0.8083333333,0.1416666667,48.5,3.308333333,-6.361179533,-98.62771856
0.8083333333,0.1583333333,48.5,3.391666667,-7.878483911,-110.4594804
0.8083333333,0.175,48.5,3.475,-9.395788289,-118.8297185
0.8083333333,0.1916666667,48.5,3.558333333,-10.91309267,-123.8605243
0.8083333333,0.2083333333,48.5,3.641666667,-3.65841022,-125.8243194
0.8083333333,0.225,48.5,3.725,3.596272226,-124.9101149
0.8083333333,0.2416666667,48.5,3.808333333,10.85095467,-121.1207929
0.8083333333,0.2583333333,48.5,3.891666667,13.87086277,-114.2697305
0.8083333333,0.275,48.5,3.975,12.65599651,-104.0753536
0.8083333333,0.2916666667,48.5,4.058333333,11.44113025,-90.38408844
0.8083333333,0.3083333333,48.5,4.141666667,10.22626399,-73.53983847
0.8083333333,0.325,48.5,4.225,27.69024222,-54.81502579
0.8083333333,0.3416666667,48.5,4.308333333,45.15422044,-36.6338836
0.8083333333,0.3583333333,48.5,4.391666667,62.61819867,-22.21468951
0.8083333333,0.375,48.5,4.475,80.0821769,-14.49880313
0.8083333333,0.3916666667,48.5,4.558333333,84.81648927,-14.83122057
0.8083333333,0.4083333333,48.5,4.641666667,89.55080165,-22.2752645
0.8083333333,0.425,48.5,4.725,94.28511403,-34.08779179
0.8083333333,0.4416666667,48.5,4.808333333,99.0194264,-46.98617474
0.8083333333,0.4583333333,48.5,4.891666667,106.0923466,-58.32494969
0.8083333333,0.475,48.5,4.975,113.1652668,-66.59800797
0.8083333333,0.4916666667,48.5,5.058333333,120.2381871,-71.3008759
0.8083333333,0.5083333333,48.5,5.141666667,133.3455138,-72.51340573
0.8083333333,0.525,48.5,5.225,142.187146,-70.5069253
0.8083333333,0.5416666667,48.5,5.308333333,151.0287783,-65.49280323
0.8083333333,0.5583333333,48.5,5.391666667,159.8704105,-57.50617718
0.8083333333,0.575,48.5,5.475,171.920588,-46.39173639
0.8083333333,0.5916666667,48.5,5.558333333,182.753909,-31.88552934
0.8083333333,0.6083333333,48.5,5.641666667,193.58723,-13.82076349
0.8083333333,0.625,48.5,5.725,199.4878895,7.518741818
0.8083333333,0.6416666667,48.5,5.808333333,233.8565546,30.96434344
0.8083333333,0.6583333333,48.5,5.891666667,258.4860683,54.19394806
0.8083333333,0.675,48.5,5.975,253.8411794,74.00325036
0.8083333333,0.6916666667,48.5,6.058333333,255.2904153,87.30184862
0.8083333333,0.7083333333,48.5,6.141666667,269.1259514,92.44725095
0.8083333333,0.725,48.5,6.225,286.2428021,90.05039377
0.8083333333,0.7416666667,48.5,6.308333333,308.8285103,82.63971622
0.8083333333,0.7583333333,48.5,6.391666667,315.6959929,73.44591757
0.8083333333,0.775,48.5,6.475,322.9467132,65.17196458
0.8083333333,0.7916666667,48.5,6.558333333,315.9257741,59.40075619
0.8083333333,0.8083333333,48.5,6.641666667,305.4759191,56.67331792
0.8083333333,0.825,48.5,6.725,313.8852195,56.89302813
0.8083333333,0.8416666667,48.5,6.808333333,328.4083041,59.73243652
0.8083333333,0.8583333333,48.5,6.891666667,342.9313886,64.90426766
0.8083333333,0.875,48.5,6.975,357.4544732,72.29352476
0.8083333333,0.8916666667,48.5,7.058333333,369.8647429,81.98440609
0.8083333333,0.9083333333,48.5,7.141666667,382.2750126,94.19253347
0.8083333333,0.925,48.5,7.225,394.6852823,109.0775239
0.8083333333,0.9416666667,48.5,7.308333333,412.0645139,126.4079576
0.8083333333,0.9583333333,48.5,7.391666667,418.0989038,145.1290025
0.8083333333,0.975,48.5,7.475,424.1332937,163.0554719
0.8083333333,0.9916666667,48.5,7.558333333,430.1676836,177.0606399
0.825,0.008333333333,49.5,2.641666667,7.183947557,-106.6775172
0.825,0.025,49.5,2.725,5.666643179,-92.98888232
0.825,0.04166666667,49.5,2.808333333,4.149338801,-76.34407451
0.825,0.05833333333,49.5,2.891666667,2.632034423,-58.24919832
0.825,0.075,49.5,2.975,1.114730046,-41.34679947
0.825,0.09166666667,49.5,3.058333333,-0.4025743323,-28.90651666
0.825,0.1083333333,49.5,3.141666667,-1.91987871,-23.64391986
0.825,0.125,49.5,3.225,-3.437183088,-26.45747073
0.825,0.1416666667,49.5,3.308333333,-4.954487466,-35.96477643
0.825,0.1583333333,49.5,3.391666667,-6.471791843,-49.19834208
0.825,0.175,49.5,3.475,-7.989096221,-62.92697402
0.825,0.1916666667,49.5,3.558333333,-0.734413775,-74.72108648
0.825,0.2083333333,49.5,3.641666667,6.520268671,-83.30351346
0.825,0.225,49.5,3.725,13.77495112,-88.32254043
0.825,0.2416666667,49.5,3.808333333,21.02963356,-89.92074363
0.825,0.2583333333,49.5,3.891666667,24.04954166,-88.36709525
0.825,0.275,49.5,3.975,22.8346754,-83.83575817
0.825,0.2916666667,49.5,4.058333333,21.61980914,-76.31293679
0.825,0.3083333333,49.5,4.141666667,20.40494288,-65.60149695
0.825,0.325,49.5,4.225,19.19007662,-51.42514607
0.825,0.3416666667,49.5,4.308333333,36.65405485,-33.6639944
0.825,0.3583333333,49.5,4.391666667,54.11803308,-12.73496657
0.825,0.375,49.5,4.475,71.5820113,9.981256348
0.825,0.3916666667,49.5,4.558333333,76.31632368,31.95145809
0.825,0.4083333333,49.5,4.641666667,81.05063606,49.90882089
0.825,0.425,49.5,4.725,85.78494843,60.97154048
0.825,0.4416666667,49.5,4.808333333,92.85786865,63.94393437
0.825,0.4583333333,49.5,4.891666667,99.93078886,59.91353078
0.825,0.475,49.5,4.975,107.0037091,51.68309639
0.825,0.4916666667,49.5,5.058333333,114.0766293,42.47659732
0.825,0.5083333333,49.5,5.141666667,122.0339055,34.80557151
0.825,0.525,49.5,5.225,130.8755378,30.029853
0.825,0.5416666667,49.5,5.308333333,139.7171701,28.53435593
0.825,0.5583333333,49.5,5.391666667,153.6614621,30.1541921
0.825,0.575,49.5,5.475,172.708414,34.558572
0.825,0.5916666667,49.5,5.558333333,183.5417349,41.49069926
0.825,0.6083333333,49.5,5.641666667,194.3750559,50.87546902
0.825,0.625,49.5,5.725,205.2083769,62.82715489
0.825,0.6416666667,49.5,5.808333333,254.9226413,77.55990479
0.825,0.6583333333,49.5,5.891666667,244.9042268,95.17125953
0.825,0.675,49.5,5.975,255.541332,115.2786956
0.825,0.6916666667,49.5,6.058333333,262.8634093,136.5884171
0.825,0.7083333333,49.5,6.141666667,279.7318371,156.6587011
0.825,0.725,49.5,6.225,296.4397156,172.2319183
0.825,0.7416666667,49.5,6.308333333,316.0365069,180.2842393
0.825,0.7583333333,49.5,6.391666667,317.1891296,179.3519702
0.825,0.775,49.5,6.475,321.1594294,170.2555524
0.825,0.7916666667,49.5,6.558333333,321.2392892,155.6671915
0.825,0.8083333333,49.5,6.641666667,315.399206,138.8586752
0.825,0.825,49.5,6.725,320.1804824,122.5075026
0.825,0.8416666667,49.5,6.808333333,334.703567,108.1670054
0.825,0.8583333333,49.5,6.891666667,349.2266516,96.38612161
0.825,0.875,49.5,6.975,363.7497362,87.12271488
0.825,0.8916666667,49.5,7.058333333,376.1600059,80.14023604
0.825,0.9083333333,49.5,7.141666667,388.5702756,75.26431879
0.825,0.925,49.5,7.225,400.9805453,72.50288413
0.825,0.9416666667,49.5,7.308333333,399.0705947,72.06316927
0.825,0.9583333333,49.5,7.391666667,413.0493251,74.27313315
0.825,0.975,49.5,7.475,419.083715,79.38017504
0.825,0.9916666667,49.5,7.558333333,425.1181049,87.20208735
0.8416666667,0.008333333333,50.5,2.641666667,8.590639624,-97.64906624
0.8416666667,0.025,50.5,2.725,7.073335246,-90.63829378
0.8416666667,0.04166666667,50.5,2.808333333,5.556030868,-80.41327691
0.8416666667,0.05833333333,50.5,2.891666667,4.038726491,-66.69698698
0.8416666667,0.075,50.5,2.975,2.521422113,-49.41720236
0.8416666667,0.09166666667,50.5,3.058333333,1.004117735,-29.10460424
0.8416666667,0.1083333333,50.5,3.141666667,-0.5131866428,-7.306284073
0.8416666667,0.125,50.5,3.225,-2.030491021,13.29637414
0.8416666667,0.1416666667,50.5,3.308333333,-3.547795398,29.42094889
0.8416666667,0.1583333333,50.5,3.391666667,-5.065099776,38.37996864
0.8416666667,0.175,50.5,3.475,2.18958267,39.33109564
0.8416666667,0.1916666667,50.5,3.558333333,9.444265116,33.70400642
0.8416666667,0.2083333333,50.5,3.641666667,16.69894756,24.47176869
0.8416666667,0.225,50.5,3.725,23.95363001,14.82437942
0.8416666667,0.2416666667,50.5,3.808333333,31.20831245,7.122831672
0.8416666667,0.2583333333,50.5,3.891666667,34.22822055,2.571550301
0.8416666667,0.275,50.5,3.975,33.01335429,1.457939965
0.8416666667,0.2916666667,50.5,4.058333333,31.79848803,3.584829812
0.8416666667,0.3083333333,50.5,4.141666667,30.58362177,8.634435125
0.8416666667,0.325,50.5,4.225,29.36875552,16.38534995
0.8416666667,0.3416666667,50.5,4.308333333,28.15388926,26.80279102
0.8416666667,0.3583333333,50.5,4.391666667,45.61786748,40.03176454
0.8416666667,0.375,50.5,4.475,63.08184571,56.29013036
0.8416666667,0.3916666667,50.5,4.558333333,67.81615809,75.62930039
0.8416666667,0.4083333333,50.5,4.641666667,72.55047046,97.55105917
0.8416666667,0.425,50.5,4.725,79.62339068,120.58411
0.8416666667,0.4416666667,50.5,4.808333333,86.6963109,142.1107664
0.8416666667,0.4583333333,50.5,4.891666667,93.76923111,158.8111355
0.8416666667,0.475,50.5,4.975,100.8421513,167.800535
0.8416666667,0.4916666667,50.5,5.058333333,107.9150715,167.9231352
0.8416666667,0.5083333333,50.5,5.141666667,115.8723478,160.3154136
0.8416666667,0.525,50.5,5.225,124.71398,147.8044972
0.8416666667,0.5416666667,50.5,5.308333333,138.6582721,133.606421
0.8416666667,0.5583333333,50.5,5.391666667,157.7052239,120.2107376
0.8416666667,0.575,50.5,5.475,176.7521758,108.9655659
0.8416666667,0.5916666667,50.5,5.558333333,195.7991276,100.268626
0.8416666667,0.6083333333,50.5,5.641666667,206.6324486,93.99440647
0.8416666667,0.625,50.5,5.725,217.4657696,89.87366867
0.8416666667,0.6416666667,50.5,5.808333333,243.7728664,87.72778755
0.8416666667,0.6583333333,50.5,5.891666667,260.1250786,87.57170524
0.8416666667,0.675,50.5,5.975,263.1177511,89.61726282
0.8416666667,0.6916666667,50.5,6.058333333,270.4398284,94.17853232
0.8416666667,0.7083333333,50.5,6.141666667,290.7501202,101.4487957
0.8416666667,0.725,50.5,6.225,307.5019734,111.1308202
0.8416666667,0.7416666667,50.5,6.308333333,315.6781808,122.0046578
0.8416666667,0.7583333333,50.5,6.391666667,316.8308035,131.7013927
0.8416666667,0.775,50.5,6.475,310.9598415,137.0563242
0.8416666667,0.7916666667,50.5,6.558333333,318.9203065,135.1760335
0.8416666667,0.8083333333,50.5,6.641666667,324.6934564,124.757791
0.8416666667,0.825,50.5,6.725,329.5393338,106.7791323
0.8416666667,0.8416666667,50.5,6.808333333,336.0298681,84.02752129
0.8416666667,0.8583333333,50.5,6.891666667,350.5529527,59.83461813
0.8416666667,0.875,50.5,6.975,365.0760373,36.89681537
0.8416666667,0.8916666667,50.5,7.058333333,377.486307,16.76906658
0.8416666667,0.9083333333,50.5,7.141666667,389.8965767,0.0001211720773
0.8416666667,0.925,50.5,7.225,380.0422856,-13.45063454
0.8416666667,0.9416666667,50.5,7.308333333,378.132335,-23.81961666
0.8416666667,0.9583333333,50.5,7.391666667,400.0554059,-31.28658692
0.8416666667,0.975,50.5,7.475,414.0341363,-35.85741467
0.8416666667,0.9916666667,50.5,7.558333333,420.0685262,-37.34892611
0.8583333333,0.008333333333,51.5,2.641666667,9.997331691,-22.66418495
0.8583333333,0.025,51.5,2.725,8.480027313,-20.6558091
0.8583333333,0.04166666667,51.5,2.808333333,6.962722936,-15.62790767
0.8583333333,0.05833333333,51.5,2.891666667,5.445418558,-7.770437779
0.8583333333,0.075,51.5,2.975,3.92811418,2.916054131
0.8583333333,0.09166666667,51.5,3.058333333,2.410809802,16.60382295
0.8583333333,0.1083333333,51.5,3.141666667,0.8935054245,33.51881096
0.8583333333,0.125,51.5,3.225,-0.6237989533,53.68575251
0.8583333333,0.1416666667,51.5,3.308333333,-2.141103331,76.53289629
0.8583333333,0.1583333333,51.5,3.391666667,5.113579115,100.4772676
0.8583333333,0.175,51.5,3.475,12.36826156,122.7983272
0.8583333333,0.1916666667,51.5,3.558333333,19.62294401,140.1578269
0.8583333333,0.2083333333,51.5,3.641666667,26.87762645,149.7880444
0.8583333333,0.225,51.5,3.725,34.1323089,150.7509567
0.8583333333,0.2416666667,51.5,3.808333333,41.38699135,144.3885139
0.8583333333,0.2583333333,51.5,3.891666667,44.40689944,133.6149273
0.8583333333,0.275,51.5,3.975,43.19203318,121.5943945
0.8583333333,0.2916666667,51.5,4.058333333,41.97716692,110.6847255
0.8583333333,0.3083333333,51.5,4.141666667,40.76230067,102.0970272
0.8583333333,0.325,51.5,4.225,39.54743441,96.12882406
0.8583333333,0.3416666667,51.5,4.308333333,38.33256815,92.59669678
0.8583333333,0.3583333333,51.5,4.391666667,37.11770189,91.20337168
0.8583333333,0.375,51.5,4.475,54.58168012,91.75779756
0.8583333333,0.3916666667,51.5,4.558333333,59.31599249,94.26746809
0.8583333333,0.4083333333,51.5,4.641666667,66.38891271,98.93302258
0.8583333333,0.425,51.5,4.725,73.46183293,106.0428334
0.8583333333,0.4416666667,51.5,4.808333333,80.53475314,115.7355791
0.8583333333,0.4583333333,51.5,4.891666667,87.60767336,127.6181143
0.8583333333,0.475,51.5,4.975,94.68059357,140.3390781
0.8583333333,0.4916666667,51.5,5.058333333,101.7535138,151.4052601
0.8583333333,0.5083333333,51.5,5.141666667,109.71079,157.6094739
0.8583333333,0.525,51.5,5.225,123.6550821,156.1554954
0.8583333333,0.5416666667,51.5,5.308333333,142.7020339,145.9549592
0.8583333333,0.5583333333,51.5,5.391666667,161.7489858,128.2096643
0.8583333333,0.575,51.5,5.475,180.7959376,105.8286673
0.8583333333,0.5916666667,51.5,5.558333333,199.8428895,82.12966935
0.8583333333,0.6083333333,51.5,5.641666667,218.8898413,59.71130148
0.8583333333,0.625,51.5,5.725,229.7231623,40.02236128
0.8583333333,0.6416666667,51.5,5.808333333,251.9632174,23.54321931
0.8583333333,0.6583333333,51.5,5.891666667,253.7595486,10.2107826
0.8583333333,0.675,51.5,5.975,270.6941702,-0.2002347349
0.8583333333,0.6916666667,51.5,6.058333333,278.0162475,-7.840392887
0.8583333333,0.7083333333,51.5,6.141666667,293.4130703,-12.68035123
0.8583333333,0.725,51.5,6.225,301.2840819,-14.50541737
0.8583333333,0.7416666667,51.5,6.308333333,315.3198547,-13.00748588
0.8583333333,0.7583333333,51.5,6.391666667,316.4724774,-8.004393157
0.8583333333,0.775,51.5,6.475,318.1035795,0.1939515959
0.8583333333,0.7916666667,51.5,6.558333333,323.9334558,10.35386397
0.8583333333,0.8083333333,51.5,6.641666667,331.7465712,20.08536288
0.8583333333,0.825,51.5,6.725,338.8981852,26.18273489
0.8583333333,0.8416666667,51.5,6.808333333,345.3887195,25.68141714
0.8583333333,0.8583333333,51.5,6.891666667,374.8430694,17.18192468
0.8583333333,0.875,51.5,6.975,366.4023384,1.560463901
0.8583333333,0.8916666667,51.5,7.058333333,378.8126081,-18.47830162
0.8583333333,0.9083333333,51.5,7.141666667,382.136864,-39.6585427
0.8583333333,0.925,51.5,7.225,389.6491934,-59.32096243
0.8583333333,0.9416666667,51.5,7.308333333,377.1754166,-75.94264419
0.8583333333,0.9583333333,51.5,7.391666667,396.2440102,-89.01045432
0.8583333333,0.975,51.5,7.475,406.7491718,-98.60564264
0.8583333333,0.9916666667,51.5,7.558333333,415.0189475,-105.0077407
0.875,0.008333333333,52.5,2.641666667,11.40402376,105.3798299
0.875,0.025,52.5,2.725,9.886719381,96.28210261
0.875,0.04166666667,52.5,2.808333333,8.369415003,89.68904098
0.875,0.05833333333,52.5,2.891666667,6.852110625,85.84652647
0.875,0.075,52.5,2.975,5.334806247,84.53800072
0.875,0.09166666667,52.5,3.058333333,3.81750187,85.44521055
0.875,0.1083333333,52.5,3.141666667,2.300197492,88.36148284
0.875,0.125,52.5,3.225,0.782893114,93.2791275
0.875,0.1416666667,52.5,3.308333333,8.03757556,100.3799776
0.875,0.1583333333,52.5,3.391666667,15.29225801,109.9248459
0.875,0.175,52.5,3.475,22.54694045,122.0092548
0.875,0.1916666667,52.5,3.558333333,29.8016229,136.1758989
0.875,0.2083333333,52.5,3.641666667,37.05630535,150.9925954
0.875,0.225,52.5,3.725,44.31098779,163.8915509
0.875,0.2416666667,52.5,3.808333333,51.56567024,171.6348759
0.875,0.2583333333,52.5,3.891666667,54.58557833,171.4663307
0.875,0.275,52.5,3.975,53.37071207,162.3937476
0.875,0.2916666667,52.5,4.058333333,52.15584582,145.7167779
0.875,0.3083333333,52.5,4.141666667,50.94097956,124.3905409
0.875,0.325,52.5,4.225,49.7261133,101.7146028
0.875,0.3416666667,52.5,4.308333333,48.51124704,80.23292956
0.875,0.3583333333,52.5,4.391666667,47.29638078,61.33984479
0.875,0.375,52.5,4.475,46.08151452,45.4825936
0.875,0.3916666667,52.5,4.558333333,53.15443474,32.58906645
0.875,0.4083333333,52.5,4.641666667,60.22735496,22.44250375
0.875,0.425,52.5,4.725,67.30027517,14.9106563
0.875,0.4416666667,52.5,4.808333333,74.37319539,10.04495397
0.875,0.4583333333,52.5,4.891666667,81.44611561,8.080975871
0.875,0.475,52.5,4.975,88.51903582,9.340651402
0.875,0.4916666667,52.5,5.058333333,95.59195604,14.00527193
0.875,0.5083333333,52.5,5.141666667,108.6518921,21.74254093
0.875,0.525,52.5,5.225,127.6988439,31.27665495
0.875,0.5416666667,52.5,5.308333333,146.7457958,40.17550638
0.875,0.5583333333,52.5,5.391666667,165.7927476,45.22742791
0.875,0.575,52.5,5.475,184.8396995,43.52754182
0.875,0.5916666667,52.5,5.558333333,203.8866513,33.79269199
0.875,0.6083333333,52.5,5.641666667,222.9336032,17.02047301
0.875,0.625,52.5,5.725,241.980555,-4.014372456
0.875,0.6416666667,52.5,5.808333333,240.9503711,-26.03549174
0.875,0.6583333333,52.5,5.891666667,242.7467024,-46.42828337
0.875,0.675,52.5,5.975,264.3286402,-63.72218836
0.875,0.6916666667,52.5,6.058333333,280.6791976,-77.44020124
0.875,0.7083333333,52.5,6.141666667,281.3356134,-87.67851314
0.875,0.725,52.5,6.225,289.2066251,-94.71596452
0.875,0.7416666667,52.5,6.308333333,309.1019632,-98.76584878
0.875,0.7583333333,52.5,6.391666667,323.6162154,-99.86203314
0.875,0.775,52.5,6.475,332.7493817,-97.84653589
0.875,0.7916666667,52.5,6.558333333,338.579258,-92.45351604
0.875,0.8083333333,52.5,6.641666667,342.4271603,-83.51823115
0.875,0.825,52.5,6.725,348.2570366,-71.33356488
0.875,0.8416666667,52.5,6.808333333,354.7475709,-57.08350924
0.875,0.8583333333,52.5,6.891666667,361.2381052,-43.10231008
0.875,0.875,52.5,6.975,367.7286395,-32.58478608
0.875,0.8916666667,52.5,7.058333333,369.2922577,-28.57356074
0.875,0.9083333333,52.5,7.141666667,370.8558759,-32.62690166
0.875,0.925,52.5,7.225,372.4194941,-44.03803425
0.875,0.9416666667,52.5,7.308333333,376.2184982,-60.20126201
0.875,0.9583333333,52.5,7.391666667,386.7236598,-77.83960111
0.875,0.975,52.5,7.475,397.2288214,-94.22450371
0.875,0.9916666667,52.5,7.558333333,407.733983,-107.7493409
0.8916666667,0.008333333333,53.5,2.641666667,12.81071583,173.5108317
0.8916666667,0.025,53.5,2.725,11.29341145,158.5376157
0.8916666667,0.04166666667,53.5,2.808333333,9.77610707,138.7727796
0.8916666667,0.05833333333,53.5,2.891666667,8.258802692,117.503747
0.8916666667,0.075,53.5,2.975,6.741498315,97.26647192
0.8916666667,0.09166666667,53.5,3.058333333,5.224193937,79.45035318
0.8916666667,0.1083333333,53.5,3.141666667,3.706889559,64.50014194
0.8916666667,0.125,53.5,3.225,10.96157201,52.34347565
0.8916666667,0.1416666667,53.5,3.308333333,18.21625445,42.76559247
0.8916666667,0.1583333333,53.5,3.391666667,25.4709369,35.63847251
0.8916666667,0.175,53.5,3.475,32.72561934,31.01988683
0.8916666667,0.1916666667,53.5,3.558333333,39.98030179,29.15368506
0.8916666667,0.2083333333,53.5,3.641666667,47.23498424,30.37182234
0.8916666667,0.225,53.5,3.725,54.48966668,34.86724393
0.8916666667,0.2416666667,53.5,3.808333333,61.74434913,42.32078612
0.8916666667,0.2583333333,53.5,3.891666667,64.76425722,51.47085885
0.8916666667,0.275,53.5,3.975,63.54939096,59.89973145
0.8916666667,0.2916666667,53.5,4.058333333,62.33452471,64.40890614
0.8916666667,0.3083333333,53.5,4.141666667,61.11965845,62.10435771
0.8916666667,0.325,53.5,4.225,59.90479219,51.71156751
0.8916666667,0.3416666667,53.5,4.308333333,58.68992593,34.23595942
0.8916666667,0.3583333333,53.5,4.391666667,57.47505967,12.46084997
0.8916666667,0.375,53.5,4.475,65.65579134,-10.32766577
0.8916666667,0.3916666667,53.5,4.558333333,71.98442457,-31.50488425
0.8916666667,0.4083333333,53.5,4.641666667,79.05734478,-49.59093614
0.8916666667,0.425,53.5,4.725,86.130265,-64.10100053
0.8916666667,0.4416666667,53.5,4.808333333,93.20318521,-75.12506387
0.8916666667,0.4583333333,53.5,4.891666667,100.2761054,-82.93716288
0.8916666667,0.475,53.5,4.975,107.3490256,-87.74691324
0.8916666667,0.4916666667,53.5,5.058333333,114.4219459,-89.58539637
0.8916666667,0.5083333333,53.5,5.141666667,131.8088646,-88.29253198
0.8916666667,0.525,53.5,5.225,155.1827992,-83.600838
0.8916666667,0.5416666667,53.5,5.308333333,174.229751,-75.34410311
0.8916666667,0.5583333333,53.5,5.391666667,177.6042233,-63.81363938
0.8916666667,0.575,53.5,5.475,200.4927196,-50.19172111
0.8916666667,0.5916666667,53.5,5.558333333,222.5615729,-36.81120807
0.8916666667,0.6083333333,53.5,5.641666667,241.6085248,-26.86687114
0.8916666667,0.625,53.5,5.725,235.7420818,-23.40352565
0.8916666667,0.6416666667,53.5,5.808333333,258.9874397,-27.98369476
0.8916666667,0.6583333333,53.5,5.891666667,260.783771,-39.90542337
0.8916666667,0.675,53.5,5.975,280.0515762,-56.56661628
0.8916666667,0.6916666667,53.5,6.058333333,290.9910778,-74.69195341
0.8916666667,0.7083333333,53.5,6.141666667,296.2415206,-91.55322333
0.8916666667,0.725,53.5,6.225,304.1125323,-105.5439165
0.8916666667,0.7416666667,53.5,6.308333333,320.5202985,-116.0891067
0.8916666667,0.7583333333,53.5,6.391666667,337.9646321,-123.2387874
0.8916666667,0.775,53.5,6.475,353.5154516,-127.264366
0.8916666667,0.7916666667,53.5,6.558333333,341.8448662,-128.3923183
0.8916666667,0.8083333333,53.5,6.641666667,346.7013681,-126.6760731
0.8916666667,0.825,53.5,6.725,356.3675366,-121.9724469
0.8916666667,0.8416666667,53.5,6.808333333,362.8580709,-114.0129914
0.8916666667,0.8583333333,53.5,6.891666667,374.9689342,-102.5958413
0.8916666667,0.875,53.5,6.975,369.7848722,-87.92522325
0.8916666667,0.8916666667,53.5,7.058333333,431.6907404,-71.04512963
0.8916666667,0.9083333333,53.5,7.141666667,427.5181334,-54.13960412
0.8916666667,0.925,53.5,7.225,400.4006257,-40.32813785
0.8916666667,0.9416666667,53.5,7.308333333,438.6169809,-32.73351792
0.8916666667,0.9583333333,53.5,7.391666667,449.1221425,-33.14621695
0.8916666667,0.975,53.5,7.475,459.6273041,-41.13019922
0.8916666667,0.9916666667,53.5,7.558333333,411.4007868,-54.24495264
0.9083333333,0.008333333333,54.5,2.641666667,14.21740789,78.32513386
0.9083333333,0.025,54.5,2.725,12.70010352,82.84291665
0.9083333333,0.04166666667,54.5,2.808333333,11.18279914,80.58042592
0.9083333333,0.05833333333,54.5,2.891666667,9.66549476,70.16264883
0.9083333333,0.075,54.5,2.975,8.148190382,52.48774415
0.9083333333,0.09166666667,54.5,3.058333333,6.630886004,30.28456991
0.9083333333,0.1083333333,54.5,3.141666667,13.88556845,6.856887889
0.9083333333,0.125,54.5,3.225,21.1402509,-15.10662552
0.9083333333,0.1416666667,54.5,3.308333333,28.39493334,-34.05570968
0.9083333333,0.1583333333,54.5,3.391666667,35.64961579,-49.45414099
0.9083333333,0.175,54.5,3.475,42.90429824,-61.36477323
0.9083333333,0.1916666667,54.5,3.558333333,50.15898068,-70.05285244
0.9083333333,0.2083333333,54.5,3.641666667,57.41366313,-75.72957957
0.9083333333,0.225,54.5,3.725,64.66834557,-78.43176118
0.9083333333,0.2416666667,54.5,3.808333333,71.92302802,-78.00422823
0.9083333333,0.2583333333,54.5,3.891666667,74.94293611,-74.17792404
0.9083333333,0.275,54.5,3.975,73.72806986,-66.77096609
0.9083333333,0.2916666667,54.5,4.058333333,72.5132036,-56.0374829
0.9083333333,0.3083333333,54.5,4.141666667,71.29833734,-43.10143307
0.9083333333,0.325,54.5,4.225,70.08347108,-30.23464294
0.9083333333,0.3416666667,54.5,4.308333333,68.86860482,-20.60530774
0.9083333333,0.3583333333,54.5,4.391666667,77.04933649,-17.30030784
0.9083333333,0.375,54.5,4.475,85.23006815,-21.98964167
0.9083333333,0.3916666667,54.5,4.558333333,91.55870138,-34.09372788
0.9083333333,0.4083333333,54.5,4.641666667,97.88733461,-51.08567569
0.9083333333,0.425,54.5,4.725,104.9602548,-69.69252035
0.9083333333,0.4416666667,54.5,4.808333333,112.033175,-87.13700672
0.9083333333,0.4583333333,54.5,4.891666667,119.1060953,-101.7521264
0.9083333333,0.475,54.5,4.975,126.1790155,-112.9188116
0.9083333333,0.4916666667,54.5,5.058333333,133.2519357,-120.6665792
0.9083333333,0.5083333333,54.5,5.141666667,150.6388544,-125.264839
0.9083333333,0.525,54.5,5.225,178.3397717,-126.9485033
0.9083333333,0.5416666667,54.5,5.308333333,191.2653866,-125.7834004
0.9083333333,0.5583333333,54.5,5.391666667,189.415699,-121.6377235
0.9083333333,0.575,54.5,5.475,212.3041953,-114.2479348
0.9083333333,0.5916666667,54.5,5.558333333,243.4387529,-103.4032643
0.9083333333,0.6083333333,54.5,5.641666667,235.3700516,-89.2775449
0.9083333333,0.625,54.5,5.725,229.5036086,-72.86181087
0.9083333333,0.6416666667,54.5,5.808333333,253.8722856,-56.28048808
0.9083333333,0.6583333333,54.5,5.891666667,276.5067069,-42.62241488
0.9083333333,0.675,54.5,5.975,288.8321141,-35.04515078
0.9083333333,0.6916666667,54.5,6.058333333,299.7716157,-35.44210587
0.9083333333,0.7083333333,54.5,6.141666667,306.5534008,-43.50250915
0.9083333333,0.725,54.5,6.225,315.5308676,-56.86994642
0.9083333333,0.7416666667,54.5,6.308333333,328.451062,-72.27544138
0.9083333333,0.7583333333,54.5,6.391666667,345.8953956,-86.8207498
0.9083333333,0.775,54.5,6.475,367.8638683,-98.68373191
0.9083333333,0.7916666667,54.5,6.558333333,364.8676112,-107.1235577
0.9083333333,0.8083333333,54.5,6.641666667,359.3272098,-112.1018035
0.9083333333,0.825,54.5,6.725,364.4780366,-113.8635886
0.9083333333,0.8416666667,54.5,6.808333333,370.9685709,-112.6449802
0.9083333333,0.8583333333,54.5,6.891666667,374.2925993,-108.5233975
0.9083333333,0.875,54.5,6.975,371.8411049,-101.3777128
0.9083333333,0.8916666667,54.5,7.058333333,433.7469731,-90.94218823
0.9083333333,0.9083333333,54.5,7.141666667,495.6528413,-76.9747896
0.9083333333,0.925,54.5,7.225,497.2164595,-59.57136617
0.9083333333,0.9416666667,54.5,7.308333333,501.0154636,-39.59379019
0.9083333333,0.9583333333,54.5,7.391666667,511.5206252,-19.01852233
0.9083333333,0.975,54.5,7.475,463.2941078,-0.8460472885
0.9083333333,0.9916666667,54.5,7.558333333,356.3359116,11.70859679
0.925,0.008333333333,55.5,2.641666667,15.62409996,-58.08009822
0.925,0.025,55.5,2.725,14.10679558,-48.27357566
0.925,0.04166666667,55.5,2.808333333,12.5894912,-36.08090047
0.925,0.05833333333,55.5,2.891666667,11.07218683,-23.65134549
0.925,0.075,55.5,2.975,9.554882449,-14.09170373
0.925,0.09166666667,55.5,3.058333333,16.8095649,-10.55902166
0.925,0.1083333333,55.5,3.141666667,24.06424734,-14.92636932
0.925,0.125,55.5,3.225,31.31892979,-26.85645881
0.925,0.1416666667,55.5,3.308333333,38.57361223,-43.97956248
0.925,0.1583333333,55.5,3.391666667,45.82829468,-63.03641767
0.925,0.175,55.5,3.475,53.08297713,-81.15641
0.925,0.1916666667,55.5,3.558333333,60.33765957,-96.55060768
0.925,0.2083333333,55.5,3.641666667,67.59234202,-108.5074128
0.925,0.225,55.5,3.725,74.84702447,-117.010472
0.925,0.2416666667,55.5,3.808333333,82.10170691,-122.320936
0.925,0.2583333333,55.5,3.891666667,85.12161501,-124.6871998
0.925,0.275,55.5,3.975,83.90674875,-124.1972415
0.925,0.2916666667,55.5,4.058333333,82.69188249,-120.7401381
0.925,0.3083333333,55.5,4.141666667,81.47701623,-114.0614552
0.925,0.325,55.5,4.225,80.26214997,-103.9335609
0.925,0.3416666667,55.5,4.308333333,88.44288164,-90.47204292
0.925,0.3583333333,55.5,4.391666667,96.6236133,-74.56443552
0.925,0.375,55.5,4.475,104.804345,-58.21454028
0.925,0.3916666667,55.5,4.558333333,111.1329782,-44.44131543
0.925,0.4083333333,55.5,4.641666667,117.4616114,-36.45732709
0.925,0.425,55.5,4.725,123.7902446,-36.34862843
0.925,0.4416666667,55.5,4.808333333,130.8631649,-44.05087878
0.925,0.4583333333,55.5,4.891666667,137.9360851,-57.38172693
0.925,0.475,55.5,4.975,145.0090053,-73.10410469
0.925,0.4916666667,55.5,5.058333333,152.0819255,-88.23618602
0.925,0.5083333333,55.5,5.141666667,169.4688443,-100.8340626
0.925,0.525,55.5,5.225,197.1697615,-110.0594527
0.925,0.5416666667,55.5,5.308333333,224.8706788,-115.8226332
0.925,0.5583333333,55.5,5.391666667,237.7962936,-118.3565561
0.925,0.575,55.5,5.475,260.68479,-117.9084617
0.925,0.5916666667,55.5,5.558333333,246.0093134,-114.5766996
0.925,0.6083333333,55.5,5.641666667,231.3338368,-108.2606583
0.925,0.625,55.5,5.725,223.2651354,-98.70444571
0.925,0.6416666667,55.5,5.808333333,255.3585147,-85.65145827
0.925,0.6583333333,55.5,5.891666667,278.5143719,-69.14280217
0.925,0.675,55.5,5.975,297.612652,-49.93907145
0.925,0.6916666667,55.5,6.058333333,308.5521537,-29.8921605
0.925,0.7083333333,55.5,6.141666667,313.0438992,-11.91848679
0.925,0.725,55.5,6.225,322.9462967,0.7338021447
0.925,0.7416666667,55.5,6.308333333,336.3818255,5.778349137
0.925,0.7583333333,55.5,6.391666667,353.8261591,2.999673114
0.925,0.775,55.5,6.475,373.6363216,-5.633362832
0.925,0.7916666667,55.5,6.558333333,368.9546816,-16.93874373
0.925,0.8083333333,55.5,6.641666667,367.1310444,-27.85107376
0.925,0.825,55.5,6.725,372.5885365,-36.29155147
0.925,0.8416666667,55.5,6.808333333,373.0248035,-41.31277925
0.925,0.8583333333,55.5,6.891666667,392.9722279,-42.77242168
0.925,0.875,55.5,6.975,373.8973375,-40.90205426
0.925,0.8916666667,55.5,7.058333333,435.8032058,-35.98107876
0.925,0.9083333333,55.5,7.141666667,497.709074,-28.15758288
0.925,0.925,55.5,7.225,559.6149422,-17.38642316
0.925,0.9416666667,55.5,7.308333333,563.4139462,-3.461440071
0.925,0.9583333333,55.5,7.391666667,515.1874289,13.84528578
0.925,0.975,55.5,7.475,408.2292327,34.50342638
0.925,0.9916666667,55.5,7.558333333,301.2710364,57.81244989
0.9416666667,0.008333333333,56.5,2.641666667,17.03079203,-122.0773293
0.9416666667,0.025,56.5,2.725,15.51348765,-119.4392975
0.9416666667,0.04166666667,56.5,2.808333333,13.99618327,-113.6143757
0.9416666667,0.05833333333,56.5,2.891666667,12.47887889,-104.3551197
0.9416666667,0.075,56.5,2.975,19.73356134,-91.69815094
0.9416666667,0.09166666667,56.5,3.058333333,26.98824379,-76.38321253
0.9416666667,0.1083333333,56.5,3.141666667,34.24292623,-60.23173086
0.9416666667,0.125,56.5,3.225,41.49760868,-46.14048939
0.9416666667,0.1416666667,56.5,3.308333333,48.75229113,-37.37480108
0.9416666667,0.1583333333,56.5,3.391666667,56.00697357,-36.28464743
0.9416666667,0.175,56.5,3.475,63.26165602,-43.17284787
0.9416666667,0.1916666667,56.5,3.558333333,70.51633846,-56.13892013
0.9416666667,0.2083333333,56.5,3.641666667,77.77102091,-72.02079775
0.9416666667,0.225,56.5,3.725,85.02570336,-87.72756102
0.9416666667,0.2416666667,56.5,3.808333333,92.2803858,-101.1337604
0.9416666667,0.2583333333,56.5,3.891666667,95.3002939,-111.2470915
0.9416666667,0.275,56.5,3.975,94.08542764,-117.8916471
0.9416666667,0.2916666667,56.5,4.058333333,92.87056138,-121.2753888
0.9416666667,0.3083333333,56.5,4.141666667,91.65569512,-121.6586248
0.9416666667,0.325,56.5,4.225,99.83642679,-119.1698097
0.9416666667,0.3416666667,56.5,4.308333333,108.0171584,-113.7398759
0.9416666667,0.3583333333,56.5,4.391666667,116.1978901,-105.1310099
0.9416666667,0.375,56.5,4.475,124.3786218,-93.07152898
0.9416666667,0.3916666667,56.5,4.558333333,130.707255,-77.53062601
0.9416666667,0.4083333333,56.5,4.641666667,137.0358882,-59.12730888
0.9416666667,0.425,56.5,4.725,143.3645215,-39.5295346
0.9416666667,0.4416666667,56.5,4.808333333,149.6931547,-21.51553194
0.9416666667,0.4583333333,56.5,4.891666667,156.7660749,-8.357857119
0.9416666667,0.475,56.5,4.975,163.8389951,-2.580939953
0.9416666667,0.4916666667,56.5,5.058333333,170.9119153,-4.760961891
0.9416666667,0.5083333333,56.5,5.141666667,188.2988341,-13.22602942
0.9416666667,0.525,56.5,5.225,215.9997513,-24.8908336
0.9416666667,0.5416666667,56.5,5.308333333,243.7006686,-36.5923966
0.9416666667,0.5583333333,56.5,5.391666667,271.4015859,-46.06656224
0.9416666667,0.575,56.5,5.475,265.4483358,-52.19821626
0.9416666667,0.5916666667,56.5,5.558333333,250.7728592,-54.74266958
0.9416666667,0.6083333333,56.5,5.641666667,236.0973826,-53.89190921
0.9416666667,0.625,56.5,5.725,221.421906,-49.92608949
0.9416666667,0.6416666667,56.5,5.808333333,253.9762096,-43.0127714
0.9416666667,0.6583333333,56.5,5.891666667,284.0582709,-33.12902743
0.9416666667,0.675,56.5,5.975,302.9702614,-20.07914847
0.9416666667,0.6916666667,56.5,6.058333333,312.421594,-3.61512016
0.9416666667,0.7083333333,56.5,6.141666667,311.5801077,16.3068024
0.9416666667,0.725,56.5,6.225,318.4393131,39.12941271
0.9416666667,0.7416666667,56.5,6.308333333,338.1330044,63.28008641
0.9416666667,0.7583333333,56.5,6.391666667,355.0630883,86.04771259
0.9416666667,0.775,56.5,6.475,369.0817084,104.1079151
0.9416666667,0.7916666667,56.5,6.558333333,362.6809066,114.7144207
0.9416666667,0.8083333333,56.5,6.641666667,370.0702108,116.9545707
0.9416666667,0.825,56.5,6.725,375.8527353,112.1900654
0.9416666667,0.8416666667,56.5,6.808333333,376.2890023,103.3407916
0.9416666667,0.8583333333,56.5,6.891666667,392.6640556,93.56104069
0.9416666667,0.875,56.5,6.975,377.1615363,85.18776339
0.9416666667,0.8916666667,56.5,7.058333333,439.0674045,79.40595395
0.9416666667,0.9083333333,56.5,7.141666667,493.2085409,76.48496714
0.9416666667,0.925,56.5,7.225,547.3496772,76.21169686
0.9416666667,0.9416666667,56.5,7.308333333,567.08075,78.25704456
0.9416666667,0.9583333333,56.5,7.391666667,460.1225537,82.3954201
0.9416666667,0.975,56.5,7.475,353.1643575,88.59690736
0.9416666667,0.9916666667,56.5,7.558333333,246.2061612,97.02195235
0.9583333333,0.008333333333,57.5,2.641666667,18.43748409,-118.5475272
0.9583333333,0.025,57.5,2.725,16.92017972,-122.8802228
0.9583333333,0.04166666667,57.5,2.808333333,15.40287534,-124.1741399
0.9583333333,0.05833333333,57.5,2.891666667,22.65755779,-122.5950148
0.9583333333,0.075,57.5,2.975,29.91224023,-118.1165391
0.9583333333,0.09166666667,57.5,3.058333333,37.16692268,-110.5297848
0.9583333333,0.1083333333,57.5,3.141666667,44.42160512,-99.55337458
0.9583333333,0.125,57.5,3.225,51.67628757,-85.07693176
0.9583333333,0.1416666667,57.5,3.308333333,58.93097002,-67.54786238
0.9583333333,0.1583333333,57.5,3.391666667,66.18565246,-48.39405087
0.9583333333,0.175,57.5,3.475,73.44033491,-30.18802978
0.9583333333,0.1916666667,57.5,3.558333333,80.69501736,-16.18703501
0.9583333333,0.2083333333,57.5,3.641666667,87.9496998,-9.184860684
0.9583333333,0.225,57.5,3.725,95.20438225,-10.22630347
0.9583333333,0.2416666667,57.5,3.808333333,102.4590647,-18.06991904
0.9583333333,0.2583333333,57.5,3.891666667,105.4789728,-29.81517095
0.9583333333,0.275,57.5,3.975,104.2641065,-42.21082266
0.9583333333,0.2916666667,57.5,4.058333333,103.0492403,-52.75866069
0.9583333333,0.3083333333,57.5,4.141666667,111.2299719,-60.1125825
0.9583333333,0.325,57.5,4.225,119.4107036,-63.87863116
0.9583333333,0.3416666667,57.5,4.308333333,127.5914353,-64.18705708
0.9583333333,0.3583333333,57.5,4.391666667,135.7721669,-61.31605571
0.9583333333,0.375,57.5,4.475,143.9528986,-55.4609917
0.9583333333,0.3916666667,57.5,4.558333333,150.2815318,-46.63401052
0.9583333333,0.4083333333,57.5,4.641666667,156.610165,-34.66261746
0.9583333333,0.425,57.5,4.725,162.9387983,-19.28648202
0.9583333333,0.4416666667,57.5,4.808333333,169.2674315,-0.3832385773
0.9583333333,0.4583333333,57.5,4.891666667,175.5960647,21.65953734
0.9583333333,0.475,57.5,4.975,182.668985,45.51393964
0.9583333333,0.4916666667,57.5,5.058333333,189.7419052,68.69557375
0.9583333333,0.5083333333,57.5,5.141666667,207.1288239,87.93437391
0.9583333333,0.525,57.5,5.225,234.8297412,100.2562326
0.9583333333,0.5416666667,57.5,5.308333333,262.5306584,104.2994571
0.9583333333,0.5583333333,57.5,5.391666667,265.2996349,100.9821013
0.9583333333,0.575,57.5,5.475,268.0686113,93.00735407
0.9583333333,0.5916666667,57.5,5.558333333,262.1153612,83.59095645
0.9583333333,0.6083333333,57.5,5.641666667,247.4398846,75.2942088
0.9583333333,0.625,57.5,5.725,232.764408,69.53617932
0.9583333333,0.6416666667,57.5,5.808333333,267.9482657,66.74102923
0.9583333333,0.6583333333,57.5,5.891666667,298.9068449,66.75829837
0.9583333333,0.675,57.5,5.975,306.8259357,69.25509826
0.9583333333,0.6916666667,57.5,6.058333333,305.2843686,73.96629049
0.9583333333,0.7083333333,57.5,6.141666667,308.3395266,80.81011259
0.9583333333,0.725,57.5,6.225,315.198732,89.90215933
0.9583333333,0.7416666667,57.5,6.308333333,336.2321119,101.4730325
0.9583333333,0.7583333333,57.5,6.391666667,353.2361239,115.6612464
0.9583333333,0.775,57.5,6.475,366.1368398,132.1584202
0.9583333333,0.7916666667,57.5,6.558333333,363.0535172,149.7761851
0.9583333333,0.8083333333,57.5,6.641666667,369.6700926,166.1845473
0.9583333333,0.825,57.5,6.725,379.0967246,178.1961336
0.9583333333,0.8416666667,57.5,6.808333333,383.1770992,182.7739095
0.9583333333,0.8583333333,57.5,6.891666667,396.1529706,178.3638135
0.9583333333,0.875,57.5,6.975,384.0496332,165.6827639
0.9583333333,0.8916666667,57.5,7.058333333,445.9555014,147.3612314
0.9583333333,0.9083333333,57.5,7.141666667,500.0966378,126.7185624
0.9583333333,0.925,57.5,7.225,480.5629801,106.5390671
0.9583333333,0.9416666667,57.5,7.308333333,473.20765,88.49159791
0.9583333333,0.9583333333,57.5,7.391666667,405.0576786,73.21529436
0.9583333333,0.975,57.5,7.475,298.0994823,60.72431008
0.9583333333,0.9916666667,57.5,7.558333333,494.4981887,50.8108538
0.975,0.008333333333,58.5,2.641666667,19.84417616,-45.03535911
0.975,0.025,58.5,2.725,18.32687178,-56.63529179
0.975,0.04166666667,58.5,2.808333333,25.58155423,-65.29058021
0.975,0.05833333333,58.5,2.891666667,32.83623668,-70.39619644
0.975,0.075,58.5,2.975,40.09091912,-71.98479825
0.975,0.09166666667,58.5,3.058333333,47.34560157,-70.32119419
0.975,0.1083333333,58.5,3.141666667,54.60028402,-65.63274225
0.975,0.125,58.5,3.225,61.85496646,-57.97870237
0.975,0.1416666667,58.5,3.308333333,69.10964891,-47.22479725
0.975,0.1583333333,58.5,3.391666667,76.36433135,-33.11245915
0.975,0.175,58.5,3.475,83.6190138,-15.44770139
0.975,0.1916666667,58.5,3.558333333,90.87369625,5.562495604
0.975,0.2083333333,58.5,3.641666667,98.12837869,28.8766441
0.975,0.225,58.5,3.725,105.3830611,52.31095823
0.975,0.2416666667,58.5,3.808333333,112.6377436,72.72769951
0.975,0.2583333333,58.5,3.891666667,115.6576517,86.95097618
0.975,0.275,58.5,3.975,114.4427854,93.10145879
0.975,0.2916666667,58.5,4.058333333,122.6235171,91.51156732
0.975,0.3083333333,58.5,4.141666667,130.8042487,84.53216195
0.975,0.325,58.5,4.225,138.9849804,75.38209355
0.975,0.3416666667,58.5,4.308333333,147.1657121,66.87439834
0.975,0.3583333333,58.5,4.391666667,155.3464437,60.7333757
0.975,0.375,58.5,4.475,163.5271754,57.60691302
0.975,0.3916666667,58.5,4.558333333,169.8558086,57.45165719
0.975,0.4083333333,58.5,4.641666667,176.1844419,59.95058783
0.975,0.425,58.5,4.725,182.5130751,64.8022731
0.975,0.4416666667,58.5,4.808333333,188.8417083,71.86791302
0.975,0.4583333333,58.5,4.891666667,195.1703415,81.20964472
0.975,0.475,58.5,4.975,201.4989748,93.0349308
0.975,0.4916666667,58.5,5.058333333,208.571895,107.5255513
0.975,0.5083333333,58.5,5.141666667,225.9588137,124.5202391
0.975,0.525,58.5,5.225,253.659731,143.0862305
0.975,0.5416666667,58.5,5.308333333,256.4287074,161.1789303
0.975,0.5583333333,58.5,5.391666667,259.1976839,175.7518013
0.975,0.575,58.5,5.475,261.9666603,183.587611
0.975,0.5916666667,58.5,5.558333333,264.7356368,182.6208731
0.975,0.6083333333,58.5,5.641666667,258.7823867,172.9519178
0.975,0.625,58.5,5.725,244.1069101,156.7987641
0.975,0.6416666667,58.5,5.808333333,279.2907677,137.4243549
0.975,0.6583333333,58.5,5.891666667,302.3637363,117.8288735
0.975,0.675,58.5,5.975,302.7988994,99.97581763
0.975,0.6916666667,58.5,6.058333333,301.2573323,84.73137325
0.975,0.7083333333,58.5,6.141666667,304.3124903,72.22347042
0.975,0.725,58.5,6.225,313.2978395,62.26591411
0.975,0.7416666667,58.5,6.308333333,334.7777822,54.6638086
0.975,0.7583333333,58.5,6.391666667,351.7817942,49.37401402
0.975,0.775,58.5,6.475,364.3098754,46.55295925
0.975,0.7916666667,58.5,6.558333333,370.569905,46.51077916
0.975,0.8083333333,58.5,6.641666667,372.4365768,49.5542352
0.975,0.825,58.5,6.725,378.6966064,55.68561524
0.975,0.8416666667,58.5,6.808333333,386.4210886,64.17946791
0.975,0.8583333333,58.5,6.891666667,404.0732238,73.21297659
0.975,0.875,58.5,6.975,390.9377302,79.90008597
0.975,0.8916666667,58.5,7.058333333,452.8435984,81.0336735
0.975,0.9083333333,58.5,7.141666667,507.02458,74.3824299
0.975,0.925,58.5,7.225,475.075427,59.79156603
0.975,0.9416666667,58.5,7.308333333,457.739798,39.28099377
0.975,0.9583333333,58.5,7.391666667,389.5898266,16.06407717
0.975,0.975,58.5,7.475,243.0346071,-6.78019725
0.975,0.9916666667,58.5,7.558333333,540.552281,-27.16753829
0.9916666667,0.008333333333,59.5,2.641666667,21.25086823,83.26827736
0.9916666667,0.025,59.5,2.725,28.50555068,83.84213068
0.9916666667,0.04166666667,59.5,2.808333333,35.76023312,78.19064377
0.9916666667,0.05833333333,59.5,2.891666667,43.01491557,69.41669413
0.9916666667,0.075,59.5,2.975,50.26959801,60.57273679
0.9916666667,0.09166666667,59.5,3.058333333,57.52428046,53.75246105
0.9916666667,0.1083333333,59.5,3.141666667,64.77896291,49.90977055
0.9916666667,0.125,59.5,3.225,72.03364535,49.17010458
0.9916666667,0.1416666667,59.5,3.308333333,79.2883278,51.26426427
0.9916666667,0.1583333333,59.5,3.391666667,86.54301025,55.86386938
0.9916666667,0.175,59.5,3.475,93.79769269,62.76943164
0.9916666667,0.1916666667,59.5,3.558333333,101.0523751,71.97922979
0.9916666667,0.2083333333,59.5,3.641666667,108.3070576,83.6636266
0.9916666667,0.225,59.5,3.725,115.56174,98.0339049
0.9916666667,0.2416666667,59.5,3.808333333,122.8164225,115.0718371
0.9916666667,0.2583333333,59.5,3.891666667,125.8363306,134.1238491
0.9916666667,0.275,59.5,3.975,134.0170622,153.4999405
0.9916666667,0.2916666667,59.5,4.058333333,142.1977939,170.4022505
0.9916666667,0.3083333333,59.5,4.141666667,150.3785256,181.5261533
0.9916666667,0.325,59.5,4.225,158.5592572,184.2952378
0.9916666667,0.3416666667,59.5,4.308333333,166.7399889,178.072399
0.9916666667,0.3583333333,59.5,4.391666667,174.9207206,164.4844992
0.9916666667,0.375,59.5,4.475,183.1014522,146.6074636
0.9916666667,0.3916666667,59.5,4.558333333,189.4300854,127.6314454
0.9916666667,0.4083333333,59.5,4.641666667,195.7587187,109.8705936
0.9916666667,0.425,59.5,4.725,202.0873519,94.49799164
0.9916666667,0.4416666667,59.5,4.808333333,208.4159851,81.81672908
0.9916666667,0.4583333333,59.5,4.891666667,214.7446184,71.69301262
0.9916666667,0.475,59.5,4.975,221.0732516,63.90693371
0.9916666667,0.4916666667,59.5,5.058333333,227.4018848,58.35546232
0.9916666667,0.5083333333,59.5,5.141666667,244.7888036,55.13176884
0.9916666667,0.525,59.5,5.225,247.55778,54.50865227
0.9916666667,0.5416666667,59.5,5.308333333,250.3267564,56.81970875
0.9916666667,0.5583333333,59.5,5.391666667,253.0957329,62.20508181
0.9916666667,0.575,59.5,5.475,255.8647093,70.21627708
0.9916666667,0.5916666667,59.5,5.558333333,258.6336858,79.39873878
0.9916666667,0.6083333333,59.5,5.641666667,261.4026622,87.15791698
0.9916666667,0.625,59.5,5.725,255.4494121,90.26808889
0.9916666667,0.6416666667,59.5,5.808333333,278.5223807,86.0531297
0.9916666667,0.6583333333,59.5,5.891666667,289.4844601,73.6492979
0.9916666667,0.675,59.5,5.975,300.4465396,54.46886084
0.9916666667,0.6916666667,59.5,6.058333333,302.4139445,31.50434904
0.9916666667,0.7083333333,59.5,6.141666667,311.3992936,8.007278487
0.9916666667,0.725,59.5,6.225,322.3613731,-13.57692231
0.9916666667,0.7416666667,59.5,6.308333333,333.3234526,-31.9593937
0.9916666667,0.7583333333,59.5,6.391666667,350.3274646,-46.78046195
0.9916666667,0.775,59.5,6.475,358.0519468,-58.177992
0.9916666667,0.7916666667,59.5,6.558333333,365.776429,-66.41894697
0.9916666667,0.8083333333,59.5,6.641666667,372.0364585,-71.6775898
0.9916666667,0.825,59.5,6.725,378.2964881,-73.9417058
0.9916666667,0.8416666667,59.5,6.808333333,386.0209703,-73.01656978
0.9916666667,0.8583333333,59.5,6.891666667,411.8411334,-68.62846028
0.9916666667,0.875,59.5,6.975,397.8258271,-60.65955234
0.9916666667,0.8916666667,59.5,7.058333333,461.6212622,-49.52766849
0.9916666667,0.9083333333,59.5,7.141666667,517.6918107,-36.61257939
0.9916666667,0.925,59.5,7.225,554.5334522,-24.44417086
0.9916666667,0.9416666667,59.5,7.308333333,572.9473593,-16.28294014
0.9916666667,0.9583333333,59.5,7.391666667,426.3921399,-15.00086412
0.9916666667,0.975,59.5,7.475,253.7018378,-21.77984001
0.9916666667,0.9916666667,59.5,7.558333333,81.01153571,-35.51422356
