x0,y0,h0,x1,y1,h1,x2,y2,h2,n_pts
0.875,0.796875,340.3495617,0.859375,0.796875,369.3468977,0.875,0.78125,288.1740148,5
0.875,0.796875,340.3495617,0.875,0.8125,392.5251085,0.859375,0.796875,369.3468977,4
0.171875,0.0625,-237.9974365,0.171875,0.078125,-220.4664094,0.15625,0.0625,-282.6773018,10
0.15625,0.078125,-265.1462748,0.171875,0.078125,-220.4664094,0.15625,0.0625,-282.6773018,14
0.1640625,0.0859375,-234.0408286,0.171875,0.09375,-174.8776374,0.15625,0.09375,-247.6152477,16
0.171875,0.046875,-228.0579732,0.15625,0.03125,-262.7983753,0.15625,0.0625,-282.6773018,0
0,0.671875,242.9823038,0.015625,0.671875,-121.7498492,0,0.6875,258.8768843,19
0.001953125,0.513671875,-564.5601805,0,0.51171875,-772.0044853,0.00390625,0.51171875,-736.4927105,4
0.00390625,0.5703125,-458.7804211,0.0078125,0.5703125,-722.3069829,0.00390625,0.57421875,-409.0749516,8
0.19140625,0.1328125,-93.99074066,0.19140625,0.12890625,-249.8976162,0.1875,0.1328125,-212.8011518,2
0.19140625,0.1328125,-93.99074066,0.1953125,0.1328125,-218.1274245,0.19140625,0.12890625,-249.8976162,0
0.19140625,0.1328125,-93.99074066,0.19140625,0.13671875,-181.0309601,0.1875,0.1328125,-212.8011518,3
0.19140625,0.1328125,-93.99074066,0.1953125,0.1328125,-218.1274245,0.19140625,0.13671875,-181.0309601,1
0.5546875,0.4453125,128.298539,0.546875,0.4375,127.020221,0.546875,0.453125,122.4765416,190
0.5546875,0.4453125,128.298539,0.5625,0.4375,134.1205365,0.546875,0.4375,127.020221,364
0.5625,0.4453125,141.0652699,0.5625,0.4375,134.1205365,0.5546875,0.4453125,128.298539,203
0.013671875,0.576171875,-413.5238104,0.01171875,0.57421875,-723.7659426,0.015625,0.57421875,-412.6813455,9
0.56640625,0.44921875,145.2926494,0.5703125,0.453125,149.5200288,0.5703125,0.4453125,142.5752953,0
0.56640625,0.44921875,145.2926494,0.5625,0.453125,148.0100034,0.5703125,0.453125,149.5200288,0
0.0703125,0.6484375,-187.4935259,0.078125,0.65625,-160.5477499,0.078125,0.640625,-192.6004541,27
0.0703125,0.6484375,-187.4935259,0.0625,0.65625,-182.3865977,0.078125,0.65625,-160.5477499,50
0.6171875,0.6484375,202.8011273,0.609375,0.65625,214.1223174,0.609375,0.640625,191.9093215,181
0.78125,0.640625,242.9277844,0.796875,0.640625,235.0961221,0.78125,0.625,233.2362436,4
0.78125,0.640625,242.9277844,0.78125,0.65625,252.6193252,0.796875,0.640625,235.0961221,337
0.5859375,0.640625,169.7130837,0.5859375,0.6484375,187.5439628,0.59375,0.640625,192.0087124,3
0.5859375,0.640625,169.7130837,0.578125,0.640625,160.536224,0.5859375,0.6484375,187.5439628,3
0.01171875,0.63671875,-239.2407771,0.0078125,0.640625,-157.2732467,0.015625,0.640625,-284.9036437,18
0.171875,0.046875,-228.0579732,0.1875,0.03125,-207.4132537,0.1875,0.0625,-193.3175711,0
0.171875,0.046875,-228.0579732,0.15625,0.03125,-262.7983753,0.1875,0.03125,-207.4132537,0
0.203125,0.046875,-208.7470514,0.1875,0.03125,-207.4132537,0.1875,0.0625,-193.3175711,1
0.203125,0.046875,-208.7470514,0.21875,0.03125,-224.1765318,0.1875,0.03125,-207.4132537,0
0,0.583984375,-118.014207,0.001953125,0.583984375,-111.5147483,0,0.5859375,-125.4046359,4
0.00390625,0.640625,36.70204137,0.00390625,0.64453125,14.74091726,0,0.640625,-29.64284974,4
0.00390625,0.640625,36.70204137,0.0078125,0.640625,-157.2732467,0.00390625,0.64453125,14.74091726,3
0.015625,0.57421875,-412.6813455,0.01953125,0.57421875,-644.3766964,0.015625,0.5703125,-423.4104967,9
0.01171875,0.5859375,-309.4937004,0.01171875,0.58203125,-530.5097636,0.015625,0.5859375,-283.192776,17
0.0078125,0.63671875,-73.51029812,0.00390625,0.63671875,5.815034462,0.0078125,0.640625,-157.2732467,2
0.0078125,0.63671875,-73.51029812,0.0078125,0.6328125,-193.5779104,0.00390625,0.63671875,5.815034462,2
0.00390625,0.5625,-445.8543908,0.00390625,0.55859375,-473.1274337,0,0.5625,-294.6647983,6
0.00390625,0.5625,-445.8543908,0.0078125,0.5625,-597.0439833,0.00390625,0.55859375,-473.1274337,3
0.6328125,0.7265625,226.4366607,0.640625,0.71875,228.4186181,0.640625,0.734375,245.2955499,1
0.6328125,0.7265625,226.4366607,0.625,0.71875,207.5777716,0.640625,0.71875,228.4186181,93
0.00390625,0.515625,-745.5791966,0.0078125,0.515625,-747.7144623,0.00390625,0.51953125,-708.1809355,12
0.00390625,0.52734375,-694.6225392,0,0.53125,-593.8508866,0,0.5234375,-668.6474087,24
0.16796875,0.14453125,-217.7971653,0.1640625,0.140625,-203.2384413,0.1640625,0.1484375,-205.0230368,53
0.16796875,0.14453125,-217.7971653,0.171875,0.140625,-230.5712938,0.1640625,0.140625,-203.2384413,50
0.6328125,0.734375,264.8369622,0.6328125,0.7421875,244.6660126,0.625,0.734375,284.3783746,0
0.6328125,0.734375,264.8369622,0.640625,0.734375,245.2955499,0.6328125,0.7421875,244.6660126,0
0.005859375,0.583984375,-330.9716652,0.0078125,0.58203125,-373.1642681,0.0078125,0.5859375,-335.7946248,0
0.00390625,0.64453125,14.74091726,0,0.6484375,310.686288,0.0078125,0.6484375,-158.2641915,19
0.00390625,0.64453125,14.74091726,0,0.640625,-29.64284974,0,0.6484375,310.686288,5
0.1328125,0.5703125,-330.9339764,0.140625,0.5625,-25.63329634,0.140625,0.578125,-179.2433706,0
0.1328125,0.5703125,-330.9339764,0.125,0.5625,-83.79012448,0.140625,0.5625,-25.63329634,1
0.1328125,0.5703125,-330.9339764,0.125,0.578125,-88.88817274,0.140625,0.578125,-179.2433706,1
0.1328125,0.5703125,-330.9339764,0.125,0.5625,-83.79012448,0.125,0.578125,-88.88817274,18
0.001953125,0.572265625,-302.1644055,0.00390625,0.5703125,-458.7804211,0.00390625,0.57421875,-409.0749516,12
0.015625,0.576171875,108.9873824,0.017578125,0.576171875,-684.8007994,0.015625,0.57421875,-412.6813455,3
0.015625,0.576171875,108.9873824,0.015625,0.578125,-725.2249024,0.017578125,0.576171875,-684.8007994,1
0,0.587890625,-68.30873753,0.001953125,0.587890625,-173.9632199,0,0.58984375,-11.21283921,3
0.17578125,0.140625,-143.3317751,0.17578125,0.14453125,-150.4965543,0.1796875,0.140625,-127.1912956,13
0.00390625,0.65234375,152.8712937,0.0078125,0.65625,-85.63878559,0.0078125,0.6484375,-158.2641915,14
0.00390625,0.65234375,152.8712937,0,0.65625,-31.62473919,0.0078125,0.65625,-85.63878559,5
0.0078125,0.57421875,-566.4204471,0.0078125,0.5703125,-722.3069829,0.00390625,0.57421875,-409.0749516,9
0.001953125,0.58203125,430.048781,0.00390625,0.58203125,-985.1222341,0.001953125,0.580078125,-540.4825773,16
0.017578125,0.583984375,-368.6058046,0.015625,0.58203125,-504.2088392,0.01953125,0.58203125,-454.0188332,13
0.017578125,0.583984375,-368.6058046,0.015625,0.5859375,-283.192776,0.015625,0.58203125,-504.2088392,12
0.578125,0.421875,139.0955416,0.5625,0.40625,106.1758415,0.5625,0.4375,134.1205365,6
0.578125,0.421875,139.0955416,0.59375,0.40625,144.0705467,0.5625,0.40625,106.1758415,1
0.5703125,0.4453125,142.5752953,0.578125,0.4375,99.24094514,0.5625,0.4375,134.1205365,373
0.5703125,0.4453125,142.5752953,0.578125,0.453125,151.0300542,0.578125,0.4375,99.24094514,190
0.140625,0.4921875,-99.00198348,0.140625,0.484375,-92.76446125,0.1328125,0.4921875,-112.03995,0
0,0.513671875,-682.9093284,0.001953125,0.513671875,-564.5601805,0,0.515625,-743.4439308,14
0,0.513671875,-682.9093284,0,0.51171875,-772.0044853,0.001953125,0.513671875,-564.5601805,14
0.0390625,0.6640625,-198.4909348,0.03125,0.671875,-185.8745315,0.046875,0.671875,-210.4582059,183
0.0390625,0.6640625,-198.4909348,0.03125,0.65625,-247.6809248,0.03125,0.671875,-185.8745315,137
0.017578125,0.5859375,-576.6318182,0.017578125,0.583984375,-368.6058046,0.015625,0.5859375,-283.192776,15
0.017578125,0.5859375,-576.6318182,0.01953125,0.5859375,-377.3301161,0.017578125,0.583984375,-368.6058046,0
0.001953125,0.564453125,-401.5753444,0,0.5625,-294.6647983,0,0.56640625,-244.9593288,20
0.009765625,0.572265625,-128.5203184,0.0078125,0.57421875,-566.4204471,0.01171875,0.57421875,-723.7659426,7
0.009765625,0.572265625,-128.5203184,0.0078125,0.5703125,-722.3069829,0.0078125,0.57421875,-566.4204471,13
0.005859375,0.576171875,-409.8044315,0.0078125,0.57421875,-566.4204471,0.00390625,0.57421875,-409.0749516,7
0.005859375,0.576171875,-409.8044315,0.0078125,0.578125,-410.5339114,0.0078125,0.57421875,-566.4204471,0
0.017578125,0.58984375,-434.6196592,0.017578125,0.587890625,-367.3012198,0.015625,0.58984375,-417.8296549,5
0.009765625,0.580078125,-337.3989536,0.01171875,0.578125,-446.4086723,0.01171875,0.58203125,-530.5097636,21
0.009765625,0.580078125,-337.3989536,0.0078125,0.578125,-410.5339114,0.01171875,0.578125,-446.4086723,5
0.173828125,0.142578125,-86.99628987,0.171875,0.14453125,-207.7066155,0.171875,0.140625,-230.5712938,23
0.173828125,0.142578125,-86.99628987,0.17578125,0.14453125,-150.4965543,0.171875,0.14453125,-207.7066155,13
0.171875,0.14453125,-207.7066155,0.16796875,0.14453125,-217.7971653,0.171875,0.1484375,-184.8419372,22
0.171875,0.14453125,-207.7066155,0.171875,0.140625,-230.5712938,0.16796875,0.14453125,-217.7971653,27
0.013671875,0.580078125,-391.4132763,0.01171875,0.578125,-446.4086723,0.015625,0.578125,-725.2249024,12
0.00390625,0.576171875,-689.574657,0.005859375,0.576171875,-409.8044315,0.00390625,0.578125,-253.1884159,3
0.00390625,0.576171875,-689.574657,0.00390625,0.57421875,-409.0749516,0.005859375,0.576171875,-409.8044315,3
0.78125,0.40625,99.92422452,0.75,0.4375,133.6774236,0.8125,0.4375,106.6925232,6
0.875,0.4375,121.7860836,0.875,0.375,86.6612216,0.8125,0.4375,106.6925232,0
0.78125,0.40625,99.92422452,0.8125,0.375,56.690154,0.8125,0.4375,106.6925232,0
0.78125,0.40625,99.92422452,0.75,0.375,56.74825526,0.8125,0.375,56.690154,2
1,0.375,217.4299245,1,0.25,172.5951043,0.875,0.375,86.6612216,0
0.15625,0.5625,32.5235318,0.1875,0.5625,-117.3292822,0.15625,0.53125,-124.3223604,2
0.140625,0.546875,-104.0562424,0.15625,0.5625,32.5235318,0.15625,0.53125,-124.3223604,0
0.9375,0.59375,190.2843711,0.96875,0.59375,258.6295547,0.9375,0.625,244.4741187,3
0.9375,0.59375,190.2843711,0.9375,0.5625,229.7032253,0.96875,0.59375,258.6295547,9
0.96875,0.625,271.9846005,0.96875,0.59375,258.6295547,1,0.625,287.5558841,2
0.96875,0.625,271.9846005,0.9375,0.625,244.4741187,0.96875,0.59375,258.6295547,3
0.71875,0.75,235.6446584,0.71875,0.78125,295.7969308,0.6875,0.75,175.1499227,2
0.90625,0.5625,168.1901552,0.90625,0.59375,257.3843252,0.875,0.5625,179.1497528,58
0.875,0.59375,221.3486533,0.90625,0.59375,257.3843252,0.875,0.5625,179.1497528,19
0.921875,0.578125,243.5437752,0.9375,0.59375,190.2843711,0.90625,0.59375,257.3843252,4
0.921875,0.578125,243.5437752,0.9375,0.5625,229.7032253,0.9375,0.59375,190.2843711,20
0.921875,0.609375,250.9292219,0.9375,0.59375,190.2843711,0.90625,0.59375,257.3843252,4
0.921875,0.609375,250.9292219,0.9375,0.625,244.4741187,0.9375,0.59375,190.2843711,9
0.671875,0.765625,210.2405806,0.6875,0.78125,254.1396818,0.65625,0.78125,245.3312385,2
0.671875,0.765625,210.2405806,0.6875,0.75,175.1499227,0.6875,0.78125,254.1396818,1
0.6875,0.78125,254.1396818,0.71875,0.78125,295.7969308,0.6875,0.75,175.1499227,7
0.6875,0.78125,254.1396818,0.6875,0.8125,283.9070785,0.71875,0.78125,295.7969308,10
0.71875,0.8125,332.8731116,0.6875,0.8125,283.9070785,0.71875,0.78125,295.7969308,4
0.8125,0.90625,297.5093147,0.78125,0.90625,342.9609084,0.8125,0.875,373.6234959,0
0.8125,0.90625,297.5093147,0.8125,0.9375,361.6103337,0.78125,0.90625,342.9609084,2
0.78125,0.875,237.0467726,0.78125,0.90625,342.9609084,0.75,0.875,324.3114831,0
0.78125,0.875,237.0467726,0.8125,0.875,373.6234959,0.78125,0.90625,342.9609084,3
0.78125,0.8125,292.5078115,0.78125,0.84375,313.1289031,0.75,0.8125,299.0912536,1
0.78125,0.8125,292.5078115,0.8125,0.8125,285.9243694,0.78125,0.84375,313.1289031,5
0.75,0.84375,311.7013684,0.75,0.8125,299.0912536,0.78125,0.84375,313.1289031,0
0.8125,0.84375,329.7739326,0.8125,0.8125,285.9243694,0.78125,0.84375,313.1289031,8
0.796875,0.859375,310.2460712,0.8125,0.875,373.6234959,0.78125,0.875,237.0467726,9
0.765625,0.859375,318.7201931,0.75,0.875,324.3114831,0.78125,0.875,237.0467726,0
0.65625,0.6875,266.9080738,0.65625,0.65625,210.2890559,0.625,0.6875,177.6069472,11
0.65625,0.6875,266.9080738,0.6875,0.6875,251.3111704,0.65625,0.65625,210.2890559,5
0.625,0.65625,213.6929331,0.65625,0.65625,210.2890559,0.625,0.6875,177.6069472,5
0.640625,0.625,225.6846898,0.640625,0.640625,189.7779986,0.65625,0.625,267.6362796,3
0.640625,0.625,225.6846898,0.625,0.625,169.2669413,0.640625,0.640625,189.7779986,7
0.671875,0.625,421.6648495,0.671875,0.640625,258.8741598,0.6875,0.625,200.7117766,4
0.671875,0.625,421.6648495,0.65625,0.625,267.6362796,0.671875,0.640625,258.8741598,5
0.6875,0.65625,189.3196019,0.6875,0.6875,251.3111704,0.65625,0.65625,210.2890559,4
0.953125,0.796875,364.5869245,0.96875,0.78125,340.0138227,0.9375,0.78125,378.7506738,240
0.921875,0.578125,243.5437752,0.90625,0.5625,168.1901552,0.90625,0.59375,257.3843252,31
0.953125,0.8125,398.686131,0.953125,0.828125,403.2494194,0.96875,0.8125,322.4175023,4
0.953125,0.8125,398.686131,0.9375,0.8125,389.1600262,0.953125,0.828125,403.2494194,4
0.890625,0.9375,383.0617825,0.890625,0.953125,398.013656,0.875,0.9375,377.1708565,0
0.890625,0.9375,383.0617825,0.90625,0.9375,451.0674117,0.890625,0.953125,398.013656,2
0.9375,0.859375,375.3232307,0.921875,0.859375,418.9097189,0.9375,0.875,446.6449675,144
0.9375,0.859375,375.3232307,0.9375,0.84375,441.8577805,0.921875,0.859375,418.9097189,0
0.921875,0.84375,449.407617,0.921875,0.859375,418.9097189,0.9375,0.84375,441.8577805,0
0.921875,0.84375,449.407617,0.90625,0.84375,388.9410809,0.921875,0.859375,418.9097189,0
0.484375,0.5,182.5638813,0.484375,0.484375,90.00520126,0.46875,0.5,155.0753226,1
0.484375,0.5,182.5638813,0.5,0.5,118.9268367,0.484375,0.484375,90.00520126,8
0.859375,0.84375,459.7947054,0.859375,0.828125,344.1824238,0.875,0.84375,368.4141148,7
0.859375,0.84375,459.7947054,0.84375,0.84375,295.8397391,0.859375,0.828125,344.1824238,8
0.875,0.828125,315.5100088,0.859375,0.828125,344.1824238,0.875,0.8125,392.5251085,2
0.875,0.828125,315.5100088,0.875,0.84375,368.4141148,0.859375,0.828125,344.1824238,5
0.890625,0.8125,393.8795629,0.890625,0.828125,390.7330947,0.875,0.8125,392.5251085,2
0.890625,0.8125,393.8795629,0.90625,0.8125,376.4159083,0.890625,0.828125,390.7330947,1
0.875,0.828125,315.5100088,0.890625,0.828125,390.7330947,0.875,0.8125,392.5251085,0
0.875,0.828125,315.5100088,0.875,0.84375,368.4141148,0.890625,0.828125,390.7330947,3
0.890625,0.84375,348.595011,0.890625,0.828125,390.7330947,0.875,0.84375,368.4141148,2
0.890625,0.84375,348.595011,0.90625,0.84375,388.9410809,0.890625,0.828125,390.7330947,1
0.484375,0.46875,162.4654242,0.484375,0.484375,90.00520126,0.5,0.46875,169.3099777,8
0.484375,0.46875,162.4654242,0.46875,0.46875,61.08356581,0.484375,0.484375,90.00520126,0
0.046875,0.5,-434.1790166,0.046875,0.484375,-515.3217549,0.03125,0.5,-580.6878422,2
0.046875,0.5,-434.1790166,0.0625,0.5,-336.475447,0.046875,0.484375,-515.3217549,2
0.578125,0.5625,146.3833167,0.578125,0.578125,175.0204704,0.59375,0.5625,161.8241788,8
0.578125,0.5625,146.3833167,0.5625,0.5625,221.4571517,0.578125,0.578125,175.0204704,6
0.5546875,0.6484375,172.6179257,0.546875,0.65625,188.921957,0.546875,0.640625,150.09739,22
0.5546875,0.6484375,172.6179257,0.5625,0.65625,195.1384614,0.546875,0.65625,188.921957,36
0.546875,0.65625,188.921957,0.546875,0.671875,179.3628274,0.5625,0.65625,195.1384614,0
0.546875,0.65625,188.921957,0.53125,0.65625,147.8501633,0.546875,0.671875,179.3628274,0
0.546875,0.671875,179.3628274,0.53125,0.6875,207.0857511,0.5625,0.6875,210.8754914,0
0.546875,0.671875,179.3628274,0.53125,0.65625,147.8501633,0.53125,0.6875,207.0857511,0
0.890625,0.6875,300.937506,0.890625,0.703125,300.1942418,0.875,0.6875,291.6066915,1
0.890625,0.6875,300.937506,0.90625,0.6875,313.4515765,0.890625,0.703125,300.1942418,7
0.890625,0.703125,300.1942418,0.875,0.71875,308.8478101,0.90625,0.71875,308.7817922,6
0.890625,0.703125,300.1942418,0.875,0.6875,291.6066915,0.875,0.71875,308.8478101,20
0.859375,0.734375,264.1060017,0.875,0.71875,308.8478101,0.84375,0.71875,306.9122886,30
0.859375,0.734375,264.1060017,0.875,0.75,326.0889288,0.875,0.71875,308.8478101,2
0.890625,0.734375,317.4353605,0.875,0.71875,308.8478101,0.90625,0.71875,308.7817922,536
0.890625,0.734375,317.4353605,0.875,0.75,326.0889288,0.875,0.71875,308.8478101,8
0.015625,0.828125,218.3911255,0.03125,0.8125,213.0268606,0.03125,0.84375,118.0211226,11
0.015625,0.828125,218.3911255,0,0.8125,17.70022397,0.03125,0.8125,213.0268606,4
0.046875,0.828125,22.91075264,0.03125,0.84375,118.0211226,0.03125,0.8125,213.0268606,8
0.625,0.546875,109.0855179,0.609375,0.546875,210.1350946,0.625,0.53125,137.4072688,12
0.015625,0.78125,107.0357066,0.015625,0.796875,303.2512373,0,0.78125,209.4511138,3
0.015625,0.78125,107.0357066,0.03125,0.78125,4.620299353,0.015625,0.796875,303.2512373,12
0.609375,0.5625,227.1864396,0.609375,0.546875,210.1350946,0.625,0.5625,120.1765884,0
0.609375,0.5625,227.1864396,0.59375,0.5625,161.8241788,0.609375,0.546875,210.1350946,0
0.625,0.546875,109.0855179,0.625,0.5625,120.1765884,0.609375,0.546875,210.1350946,0
0.015625,0.796875,303.2512373,0,0.8125,17.70022397,0.03125,0.8125,213.0268606,13
0.03125,0.796875,108.82358,0.015625,0.796875,303.2512373,0.03125,0.8125,213.0268606,11
0.03125,0.796875,108.82358,0.03125,0.78125,4.620299353,0.015625,0.796875,303.2512373,9
0.625,0.546875,109.0855179,0.640625,0.546875,150.3930904,0.625,0.53125,137.4072688,2
0.625,0.546875,109.0855179,0.625,0.5625,120.1765884,0.640625,0.546875,150.3930904,0
0.640625,0.5625,140.019929,0.640625,0.546875,150.3930904,0.625,0.5625,120.1765884,3
0.640625,0.5625,140.019929,0.65625,0.5625,192.2449081,0.640625,0.546875,150.3930904,1
0.84375,0.921875,405.7597001,0.828125,0.921875,368.7721668,0.84375,0.9375,376.4474977,24
0.84375,0.921875,405.7597001,0.84375,0.90625,375.9339998,0.828125,0.921875,368.7721668,1
0.015625,0.53125,-537.8245468,0.03125,0.53125,-393.4877624,0.015625,0.515625,-751.9849938,33
0.0078125,0.5234375,-672.9179402,0.015625,0.53125,-537.8245468,0.015625,0.515625,-751.9849938,109
0.46875,0.40625,122.7090054,0.5,0.375,119.4467989,0.5,0.4375,105.7192744,319
0.5625,0.40625,106.1758415,0.53125,0.40625,126.7836677,0.5625,0.375,78.23114649,0
0.5625,0.71875,284.941145,0.5625,0.6875,210.8754914,0.59375,0.71875,197.6471503,10
0.015625,0.28125,-904.0452484,0.015625,0.296875,-900.9587982,0,0.28125,-1008.188062,0
0.015625,0.28125,-904.0452484,0.03125,0.28125,-799.9024344,0.015625,0.296875,-900.9587982,0
0.015625,0.296875,-900.9587982,0.03125,0.3125,-793.7295341,0.03125,0.28125,-799.9024344,1
0.015625,0.296875,-900.9587982,0,0.3125,-1002.015162,0.03125,0.3125,-793.7295341,3
0.546875,0.625,161.4539373,0.546875,0.640625,150.09739,0.53125,0.625,132.2119855,1
0.0234375,0.5390625,-486.2642579,0.03125,0.546875,-503.1475421,0.03125,0.53125,-393.4877624,4
0.0234375,0.5390625,-486.2642579,0.015625,0.546875,-579.0407533,0.03125,0.546875,-503.1475421,24
0.0234375,0.5546875,-524.0850842,0.03125,0.546875,-503.1475421,0.015625,0.546875,-579.0407533,6
0.0234375,0.5546875,-524.0850842,0.03125,0.5625,-401.8320784,0.03125,0.546875,-503.1475421,5
0.546875,0.546875,166.221456,0.5625,0.53125,267.9261412,0.53125,0.53125,161.9870131,7
0.546875,0.546875,166.221456,0.5625,0.5625,221.4571517,0.5625,0.53125,267.9261412,28
0.578125,0.546875,175.6210749,0.5625,0.53125,267.9261412,0.5625,0.5625,221.4571517,4
0.578125,0.546875,175.6210749,0.59375,0.53125,194.4605156,0.5625,0.53125,267.9261412,0
0.546875,0.515625,144.9219036,0.5625,0.53125,267.9261412,0.53125,0.53125,161.9870131,10
0.546875,0.515625,144.9219036,0.5625,0.5,89.31104149,0.5625,0.53125,267.9261412,936
0.578125,0.5625,146.3833167,0.578125,0.546875,175.6210749,0.59375,0.5625,161.8241788,0
0.578125,0.5625,146.3833167,0.5625,0.5625,221.4571517,0.578125,0.546875,175.6210749,1
0.875,0.671875,222.1181596,0.890625,0.671875,278.6475067,0.875,0.6875,291.6066915,1
0.875,0.671875,222.1181596,0.875,0.65625,225.1464564,0.890625,0.671875,278.6475067,2
0.890625,0.6875,300.937506,0.890625,0.671875,278.6475067,0.875,0.6875,291.6066915,10
0.890625,0.6875,300.937506,0.90625,0.6875,313.4515765,0.890625,0.671875,278.6475067,12
0.859375,0.671875,254.0821741,0.84375,0.6875,263.5953719,0.84375,0.65625,258.5067542,5
0.859375,0.671875,254.0821741,0.875,0.6875,291.6066915,0.84375,0.6875,263.5953719,6
0.828125,0.671875,247.0454033,0.84375,0.6875,263.5953719,0.8125,0.6875,235.5840523,8
0.828125,0.671875,247.0454033,0.84375,0.65625,258.5067542,0.84375,0.6875,263.5953719,7
0.828125,0.703125,271.2481704,0.84375,0.6875,263.5953719,0.8125,0.6875,235.5840523,28
0.828125,0.703125,271.2481704,0.84375,0.71875,306.9122886,0.84375,0.6875,263.5953719,11
0.875,0.671875,222.1181596,0.859375,0.671875,254.0821741,0.875,0.6875,291.6066915,0
0.875,0.671875,222.1181596,0.875,0.65625,225.1464564,0.859375,0.671875,254.0821741,8
0.96875,0.921875,461.7200151,0.984375,0.921875,449.1398707,0.96875,0.9375,443.2295973,70
0.96875,0.921875,461.7200151,0.96875,0.90625,429.9196552,0.984375,0.921875,449.1398707,0
0.984375,0.90625,490.3783408,0.984375,0.921875,449.1398707,1,0.90625,425.8957072,1
0.984375,0.90625,490.3783408,0.96875,0.90625,429.9196552,0.984375,0.921875,449.1398707,0
0.625,0.578125,205.4468911,0.609375,0.578125,170.8102843,0.625,0.5625,120.1765884,11
0.625,0.578125,205.4468911,0.625,0.59375,159.408634,0.609375,0.578125,170.8102843,108
0.609375,0.5625,227.1864396,0.59375,0.5625,161.8241788,0.609375,0.578125,170.8102843,14
0.765625,0.75,253.9198955,0.765625,0.734375,340.9311511,0.78125,0.75,233.9687668,0
0.765625,0.75,253.9198955,0.75,0.75,273.8710241,0.765625,0.734375,340.9311511,0
0.78125,0.734375,278.5560053,0.765625,0.734375,340.9311511,0.78125,0.75,233.9687668,0
0.78125,0.734375,278.5560053,0.78125,0.71875,265.5184473,0.765625,0.734375,340.9311511,36
0.734375,0.734375,242.719826,0.75,0.71875,283.4998784,0.71875,0.71875,262.5910973,102
0.734375,0.734375,242.719826,0.75,0.75,273.8710241,0.75,0.71875,283.4998784,24
0.765625,0.734375,340.9311511,0.75,0.71875,283.4998784,0.75,0.75,273.8710241,39
0.765625,0.734375,340.9311511,0.78125,0.71875,265.5184473,0.75,0.71875,283.4998784,99
0.765625,0.78125,288.2537941,0.765625,0.765625,318.6283425,0.75,0.78125,319.3740724,2
0.765625,0.78125,288.2537941,0.78125,0.78125,319.2640958,0.765625,0.765625,318.6283425,1
0.765625,0.75,253.9198955,0.765625,0.765625,318.6283425,0.78125,0.75,233.9687668,1
0.765625,0.75,253.9198955,0.75,0.75,273.8710241,0.765625,0.765625,318.6283425,0
0.640625,0.5625,140.019929,0.640625,0.578125,197.4632203,0.625,0.5625,120.1765884,8
0.640625,0.5625,140.019929,0.65625,0.5625,192.2449081,0.640625,0.578125,197.4632203,19
0.625,0.578125,205.4468911,0.640625,0.578125,197.4632203,0.625,0.5625,120.1765884,14
0.625,0.578125,205.4468911,0.625,0.59375,159.408634,0.640625,0.578125,197.4632203,186
0.6875,0.640625,316.9884285,0.671875,0.640625,258.8741598,0.6875,0.625,200.7117766,6
0.6875,0.640625,316.9884285,0.6875,0.65625,189.3196019,0.671875,0.640625,258.8741598,47
0.15625,0.1328125,-174.1209934,0.15625,0.140625,-175.9055889,0.1484375,0.1328125,-252.5624199,11
0.1484375,0.125,-241.992275,0.140625,0.125,-311.648152,0.1484375,0.1328125,-252.5624199,0
0.1484375,0.4453125,-111.8659562,0.140625,0.4375,-146.405938,0.140625,0.453125,-104.6192261,0
0.1484375,0.4453125,-111.8659562,0.15625,0.4375,-119.1126863,0.140625,0.4375,-146.405938,0
0.2109375,0.1484375,29.18868231,0.21875,0.140625,-88.06967597,0.21875,0.15625,-27.50627461,0
0.2109375,0.1484375,29.18868231,0.203125,0.140625,-154.5870412,0.21875,0.140625,-88.06967597,0
0.21875,0.140625,-88.06967597,0.234375,0.140625,12.72852546,0.21875,0.125,-148.6330773,0
0.21875,0.140625,-88.06967597,0.21875,0.15625,-27.50627461,0.234375,0.140625,12.72852546,0
0.28125,0.484375,53.22220407,0.28125,0.46875,53.67856742,0.265625,0.484375,40.57652573,7
0.28125,0.484375,53.22220407,0.265625,0.484375,40.57652573,0.28125,0.5,56.83421671,5
0.01171875,0.56640625,-611.2492052,0.015625,0.5625,-500.1914275,0.015625,0.5703125,-423.4104967,6
0.0009765625,0.5869140625,-149.6839279,0,0.587890625,-68.30873753,0.001953125,0.587890625,-173.9632199,0
0.0009765625,0.5869140625,-149.6839279,0,0.5859375,-125.4046359,0,0.587890625,-68.30873753,9
0.0390625,0.8046875,-162.8040296,0.03125,0.796875,108.82358,0.046875,0.796875,-33.78965899,5
0.0390625,0.8046875,-162.8040296,0.03125,0.8125,213.0268606,0.03125,0.796875,108.82358,2
0.01171875,0.63671875,-239.2407771,0.015625,0.6328125,-283.5130041,0.015625,0.640625,-284.9036437,7
0.01171875,0.63671875,-239.2407771,0.0078125,0.6328125,-193.5779104,0.015625,0.6328125,-283.5130041,10
0.01171875,0.5703125,-620.7779412,0.01171875,0.56640625,-611.2492052,0.015625,0.5703125,-423.4104967,6
0.0078125,0.56640625,-659.6754831,0.01171875,0.56640625,-611.2492052,0.0078125,0.5625,-597.0439833,7
0.009765625,0.568359375,-224.2279438,0.01171875,0.56640625,-611.2492052,0.01171875,0.5703125,-620.7779412,4
0.009765625,0.572265625,-128.5203184,0.01171875,0.5703125,-620.7779412,0.01171875,0.57421875,-723.7659426,8
0.001953125,0.564453125,-401.5753444,0.00390625,0.5625,-445.8543908,0.00390625,0.56640625,-508.4858906,11
0.00390625,0.64453125,14.74091726,0.0078125,0.640625,-157.2732467,0.0078125,0.6484375,-158.2641915,5
0.578125,0.46875,164.9195211,0.578125,0.484375,128.6253067,0.5625,0.46875,161.8994704,0
0.578125,0.46875,164.9195211,0.59375,0.46875,167.9395719,0.578125,0.484375,128.6253067,0
0.01171875,0.5859375,-309.4937004,0.0078125,0.5859375,-335.7946248,0.01171875,0.58203125,-530.5097636,24
0.00390625,0.59375,-150.639969,0.0078125,0.59375,-404.2588953,0.00390625,0.59765625,-327.2015235,13
0.00390625,0.59765625,-327.2015235,0,0.6015625,22.49452279,0.0078125,0.6015625,-371.1138713,24
0.1953125,0.125,-248.4091252,0.1953125,0.1328125,-218.1274245,0.203125,0.125,-215.1504426,0
0.01953125,0.57421875,-644.3766964,0.0234375,0.5703125,-563.5284904,0.015625,0.5703125,-423.4104967,0
0.1328125,0.5,-118.2774722,0.1328125,0.4921875,-112.03995,0.125,0.5,-131.3154387,15
0.01953125,0.58203125,-454.0188332,0.0234375,0.578125,-302.0868388,0.0234375,0.5859375,-520.2920056,15
0.3515625,0.4453125,91.40609706,0.359375,0.4375,102.3287517,0.359375,0.453125,87.96547606,24
0.3515625,0.4453125,91.40609706,0.34375,0.4375,94.84671807,0.359375,0.4375,102.3287517,30
0.1640625,0.15625,-159.2936801,0.1640625,0.1484375,-205.0230368,0.171875,0.15625,-139.1125805,130
0.01953125,0.578125,-513.6558706,0.01953125,0.58203125,-454.0188332,0.0234375,0.578125,-302.0868388,1
0.1796875,0.1015625,-222.5569555,0.171875,0.09375,-174.8776374,0.171875,0.109375,-264.6415278,58
0.359375,0.3125,82.49573984,0.359375,0.296875,42.54729274,0.375,0.3125,52.23780963,28
0.359375,0.3125,82.49573984,0.34375,0.3125,43.38403474,0.359375,0.296875,42.54729274,65
0.4375,0.25,39.97653717,0.375,0.25,31.18329186,0.4375,0.1875,54.66796009,997
0.359375,0.296875,42.54729274,0.375,0.28125,41.71055075,0.34375,0.28125,32.85677585,313
0.0234375,0.5703125,-563.5284904,0.03125,0.5625,-401.8320784,0.03125,0.578125,-358.5955937,27
0.03125,0.578125,-358.5955937,0.046875,0.578125,-311.975482,0.03125,0.5625,-401.8320784,56
0.046875,0.59375,-282.7119453,0.046875,0.578125,-311.975482,0.0625,0.59375,-250.0647818,111
0.0390625,0.5859375,-313.6672954,0.03125,0.578125,-358.5955937,0.046875,0.578125,-311.975482,49
0.7734375,0.5390625,157.7389624,0.765625,0.53125,181.2706795,0.78125,0.53125,185.1607722,1
0.7734375,0.5390625,157.7389624,0.765625,0.546875,186.223745,0.765625,0.53125,181.2706795,0
0.01171875,0.578125,-446.4086723,0.01171875,0.57421875,-723.7659426,0.0078125,0.578125,-410.5339114,11
0.1953125,0.0703125,-162.5324591,0.203125,0.0625,-170.7801123,0.1875,0.0625,-193.3175711,0
0.1953125,0.0703125,-162.5324591,0.203125,0.078125,-131.747347,0.203125,0.0625,-170.7801123,0
0.001953125,0.57421875,-529.3448914,0.001953125,0.576171875,-252.458936,0,0.57421875,-145.5483899,0
0.001953125,0.638671875,155.4159847,0.00390625,0.640625,36.70204137,0.00390625,0.63671875,5.815034462,3
0.001953125,0.638671875,155.4159847,0,0.640625,-29.64284974,0.00390625,0.640625,36.70204137,2
0.017578125,0.587890625,-367.3012198,0.015625,0.5859375,-283.192776,0.015625,0.58984375,-417.8296549,17
0.0078125,0.58984375,-370.0267601,0.01171875,0.58984375,-359.1609731,0.0078125,0.59375,-404.2588953,30
0.015625,0.58984375,-417.8296549,0.01171875,0.58984375,-359.1609731,0.015625,0.59375,-382.5273214,13
0.013671875,0.587890625,-411.3440076,0.015625,0.58984375,-417.8296549,0.01171875,0.58984375,-359.1609731,10
0.013671875,0.587890625,-411.3440076,0.015625,0.5859375,-283.192776,0.015625,0.58984375,-417.8296549,3
0.5546875,0.640625,48.53305891,0.5546875,0.6328125,170.3966396,0.5625,0.640625,171.7980713,0
0.01953125,0.57421875,-644.3766964,0.0234375,0.5703125,-563.5284904,0.0234375,0.578125,-302.0868388,5
0.00390625,0.62890625,85.06052538,0,0.6328125,313.4865072,0.0078125,0.6328125,-193.5779104,6
0.00390625,0.62890625,85.06052538,0,0.625,-322.1263627,0,0.6328125,313.4865072,3
0.00390625,0.63671875,5.815034462,0,0.6328125,313.4865072,0.0078125,0.6328125,-193.5779104,7
0,0.63671875,141.9218287,0,0.6328125,313.4865072,0.00390625,0.63671875,5.815034462,6
0.02734375,0.58984375,-417.8255573,0.0234375,0.59375,-348.9432152,0.03125,0.59375,-315.3591089,35
0.02734375,0.59765625,-403.9014902,0.0234375,0.59375,-348.9432152,0.03125,0.59375,-315.3591089,39
0.02734375,0.59765625,-403.9014902,0.0234375,0.6015625,-324.0904384,0.0234375,0.59375,-348.9432152,28
0.13671875,0.49609375,-108.6397278,0.140625,0.4921875,-99.00198348,0.1328125,0.4921875,-112.03995,0
0.13671875,0.49609375,-108.6397278,0.140625,0.5,-105.2395057,0.140625,0.4921875,-99.00198348,0
0.1328125,0.5078125,-129.5671691,0.125,0.515625,-150.2868776,0.140625,0.515625,-127.8188995,11
0.1328125,0.5078125,-129.5671691,0.125,0.5,-131.3154387,0.125,0.515625,-150.2868776,107
0.171875,0.1328125,-192.1896508,0.1796875,0.1328125,-136.3751516,0.171875,0.125,-153.8080077,59
0.203125,0.15625,-63.12832797,0.21875,0.15625,-27.50627461,0.203125,0.171875,-74.89045679,20
0.1875,0.171875,-110.5125102,0.1875,0.1875,-122.274639,0.203125,0.171875,-74.89045679,52
0.1953125,0.1640625,-86.82041907,0.203125,0.15625,-63.12832797,0.203125,0.171875,-74.89045679,9
0.1953125,0.1640625,-86.82041907,0.1875,0.15625,-98.75038134,0.203125,0.15625,-63.12832797,48
0.2109375,0.1484375,29.18868231,0.203125,0.15625,-63.12832797,0.21875,0.15625,-27.50627461,0
0.2109375,0.1484375,29.18868231,0.203125,0.140625,-154.5870412,0.203125,0.15625,-63.12832797,2
0.1953125,0.1484375,-126.6687113,0.203125,0.15625,-63.12832797,0.203125,0.140625,-154.5870412,2
0.1953125,0.1484375,-126.6687113,0.1875,0.15625,-98.75038134,0.203125,0.15625,-63.12832797,68
0.15234375,0.12890625,-421.5589647,0.1484375,0.125,-241.992275,0.1484375,0.1328125,-252.5624199,1
0.15234375,0.12890625,-421.5589647,0.15625,0.125,-172.336398,0.1484375,0.125,-241.992275,0
0.017578125,0.591796875,-416.9684925,0.015625,0.59375,-382.5273214,0.015625,0.58984375,-417.8296549,15
0.5546875,0.640625,48.53305891,0.5546875,0.6484375,172.6179257,0.5625,0.640625,171.7980713,1
0.5546875,0.640625,48.53305891,0.546875,0.640625,150.09739,0.5546875,0.6484375,172.6179257,2
0.296875,0.484375,9.334883567,0.3125,0.5,86.19394938,0.28125,0.5,56.83421671,2
0.265625,0.484375,40.57652573,0.25,0.5,27.47448404,0.28125,0.5,56.83421671,174
0.28125,0.484375,53.22220407,0.296875,0.484375,9.334883567,0.28125,0.5,56.83421671,3
0.28125,0.484375,53.22220407,0.28125,0.46875,53.67856742,0.296875,0.484375,9.334883567,10
0.0703125,0.6484375,-187.4935259,0.0625,0.640625,-186.9621531,0.078125,0.640625,-192.6004541,35
0.0546875,0.6328125,-246.0804835,0.0625,0.625,-191.5377084,0.0625,0.640625,-186.9621531,18
0.3515625,0.453125,200.2205498,0.3515625,0.4453125,91.40609706,0.34375,0.453125,20.35298525,0
0.3515625,0.453125,200.2205498,0.359375,0.453125,87.96547606,0.3515625,0.4453125,91.40609706,0
0.00390625,0.62890625,85.06052538,0.0078125,0.625,-145.3447668,0.0078125,0.6328125,-193.5779104,0
0.00390625,0.62890625,85.06052538,0,0.625,-322.1263627,0.0078125,0.625,-145.3447668,2
0.005859375,0.583984375,-330.9716652,0.00390625,0.5859375,-441.8137894,0.0078125,0.5859375,-335.7946248,19
0.00390625,0.65234375,152.8712937,0,0.65625,-31.62473919,0,0.6484375,310.686288,13
0.13671875,0.49609375,-108.6397278,0.1328125,0.5,-118.2774722,0.1328125,0.4921875,-112.03995,0
0.13671875,0.49609375,-108.6397278,0.140625,0.5,-105.2395057,0.1328125,0.5,-118.2774722,0
0.0078125,0.6640625,-76.68729421,0,0.671875,242.9823038,0.015625,0.671875,-121.7498492,28
0.015625,0.6015625,-376.4824916,0.015625,0.609375,-332.8217679,0.0234375,0.6015625,-324.0904384,58
0.1484375,0.4921875,-85.964017,0.15625,0.5,-79.16357274,0.140625,0.5,-105.2395057,0
0.7734375,0.5390625,157.7389624,0.78125,0.546875,187.0544034,0.78125,0.53125,185.1607722,0
0.7734375,0.5390625,157.7389624,0.765625,0.546875,186.223745,0.78125,0.546875,187.0544034,12
0.765625,0.53125,181.2706795,0.765625,0.515625,174.5684285,0.75,0.53125,177.3805867,5
0.765625,0.53125,181.2706795,0.78125,0.53125,185.1607722,0.765625,0.515625,174.5684285,4
0.140625,0.4921875,-99.00198348,0.1484375,0.4921875,-85.964017,0.140625,0.5,-105.2395057,0
0.140625,0.4921875,-99.00198348,0.140625,0.484375,-92.76446125,0.1484375,0.4921875,-85.964017,0
0.1484375,0.4921875,-85.964017,0.15625,0.484375,-124.2889889,0.140625,0.484375,-92.76446125,0
0.1484375,0.4921875,-85.964017,0.15625,0.5,-79.16357274,0.15625,0.484375,-124.2889889,0
0.5,0.65625,194.3543287,0.46875,0.65625,190.9126423,0.5,0.6875,203.2960107,0
0.5,0.65625,194.3543287,0.5,0.625,185.4126467,0.46875,0.65625,190.9126423,3
0.53125,0.640625,138.2902753,0.515625,0.640625,166.631405,0.53125,0.625,132.2119855,3
0.53125,0.640625,138.2902753,0.53125,0.65625,147.8501633,0.515625,0.640625,166.631405,9
0.515625,0.625,196.9256796,0.515625,0.640625,166.631405,0.5,0.625,185.4126467,2
0.515625,0.625,196.9256796,0.53125,0.625,132.2119855,0.515625,0.640625,166.631405,0
0.515625,0.640625,166.631405,0.5,0.65625,194.3543287,0.53125,0.65625,147.8501633,3
0.515625,0.640625,166.631405,0.5,0.625,185.4126467,0.5,0.65625,194.3543287,1
0.515625,0.625,196.9256796,0.515625,0.609375,184.8521456,0.5,0.625,185.4126467,0
0.515625,0.625,196.9256796,0.53125,0.625,132.2119855,0.515625,0.609375,184.8521456,0
0.609375,0.625,151.0826017,0.609375,0.640625,191.9093215,0.59375,0.625,169.4657232,2
0.59375,0.640625,192.0087124,0.609375,0.640625,191.9093215,0.59375,0.625,169.4657232,5
0.59375,0.640625,192.0087124,0.59375,0.65625,214.5517017,0.609375,0.640625,191.9093215,148
0.6171875,0.6328125,140.3798298,0.609375,0.625,151.0826017,0.625,0.625,169.2669413,1
0.6171875,0.6328125,140.3798298,0.609375,0.640625,191.9093215,0.609375,0.625,151.0826017,3
0.609375,0.625,151.0826017,0.609375,0.609375,182.3144939,0.59375,0.625,169.4657232,4
0.609375,0.625,151.0826017,0.625,0.625,169.2669413,0.609375,0.609375,182.3144939,5
0.609375,0.65625,214.1223174,0.59375,0.65625,214.5517017,0.609375,0.640625,191.9093215,396
0.5625,0.453125,148.0100034,0.546875,0.453125,122.4765416,0.5625,0.46875,161.8994704,0
0.15625,0.484375,-124.2889889,0.15625,0.46875,-169.4144051,0.140625,0.484375,-92.76446125,0
0.546875,0.4375,127.020221,0.546875,0.453125,122.4765416,0.53125,0.4375,119.9199055,574
0.8125,0.703125,421.2841576,0.828125,0.703125,271.2481704,0.8125,0.71875,283.2852964,21
0.8125,0.703125,421.2841576,0.8125,0.6875,235.5840523,0.828125,0.703125,271.2481704,14
0.8125,0.703125,421.2841576,0.796875,0.703125,250.5512498,0.8125,0.71875,283.2852964,8
0.8125,0.703125,421.2841576,0.8125,0.6875,235.5840523,0.796875,0.703125,250.5512498,10
0.5859375,0.6484375,187.5439628,0.578125,0.65625,195.6980065,0.59375,0.65625,214.5517017,310
0.5859375,0.6484375,187.5439628,0.578125,0.640625,160.536224,0.578125,0.65625,195.6980065,283
0.234375,0.171875,-79.04023342,0.21875,0.1875,-101.6709699,0.21875,0.15625,-27.50627461,5
0.234375,0.171875,-79.04023342,0.25,0.1875,45.80607292,0.21875,0.1875,-101.6709699,1
0.203125,0.171875,-74.89045679,0.21875,0.1875,-101.6709699,0.1875,0.1875,-122.274639,21
0.203125,0.171875,-74.89045679,0.21875,0.15625,-27.50627461,0.21875,0.1875,-101.6709699,14
0.765625,0.546875,186.223745,0.75,0.5625,171.5506094,0.78125,0.5625,188.9480345,8
0.78125,0.546875,187.0544034,0.796875,0.546875,260.9529688,0.78125,0.5625,188.9480345,5
0.78125,0.546875,187.0544034,0.78125,0.53125,185.1607722,0.796875,0.546875,260.9529688,5
0.15625,0.109375,-234.1781845,0.171875,0.109375,-264.6415278,0.15625,0.125,-172.336398,0
0.140625,0.265625,-185.5295389,0.125,0.25,-241.6297276,0.125,0.28125,-203.5330258,6
0.578125,0.65625,195.6980065,0.578125,0.671875,212.7135966,0.5625,0.65625,195.1384614,1
0.578125,0.65625,195.6980065,0.59375,0.65625,214.5517017,0.578125,0.671875,212.7135966,7
0.796875,0.515625,190.6378769,0.8125,0.53125,201.2302206,0.78125,0.53125,185.1607722,0
0.796875,0.515625,190.6378769,0.8125,0.5,196.1149815,0.8125,0.53125,201.2302206,11
0.796875,0.546875,260.9529688,0.8125,0.53125,201.2302206,0.8125,0.5625,206.3454597,7
0.796875,0.546875,260.9529688,0.78125,0.53125,185.1607722,0.8125,0.53125,201.2302206,0
0.171875,0.125,-153.8080077,0.15625,0.125,-172.336398,0.171875,0.109375,-264.6415278,0
0.1640625,0.1015625,-145.0345874,0.15625,0.109375,-234.1781845,0.15625,0.09375,-247.6152477,2
0.1640625,0.1015625,-145.0345874,0.171875,0.109375,-264.6415278,0.15625,0.109375,-234.1781845,3
0.140625,0.265625,-185.5295389,0.125,0.28125,-203.5330258,0.15625,0.28125,-129.4293501,112
0.1484375,0.1171875,-223.550242,0.15625,0.109375,-234.1781845,0.140625,0.109375,-274.764086,2
0.1484375,0.1171875,-223.550242,0.15625,0.125,-172.336398,0.15625,0.109375,-234.1781845,1
0.1640625,0.2578125,-147.912102,0.15625,0.265625,-160.3330807,0.171875,0.265625,-108.4659503,0
0.1640625,0.2578125,-147.912102,0.15625,0.25,-187.3582538,0.15625,0.265625,-160.3330807,1
0.875,0.890625,396.3132905,0.890625,0.890625,400.6752576,0.875,0.90625,378.4135453,5
0.875,0.890625,396.3132905,0.875,0.875,390.2576658,0.890625,0.890625,400.6752576,0
0.890625,0.875,373.0944453,0.890625,0.890625,400.6752576,0.90625,0.875,418.4513166,1
0.890625,0.875,373.0944453,0.875,0.875,390.2576658,0.890625,0.890625,400.6752576,0
0.15625,0.265625,-160.3330807,0.140625,0.265625,-185.5295389,0.15625,0.25,-187.3582538,9
0.15625,0.265625,-160.3330807,0.15625,0.28125,-129.4293501,0.140625,0.265625,-185.5295389,51
0.875,0.890625,396.3132905,0.859375,0.890625,383.0958328,0.875,0.90625,378.4135453,5
0.875,0.890625,396.3132905,0.875,0.875,390.2576658,0.859375,0.890625,383.0958328,0
0.6875,0.734375,183.6677893,0.703125,0.734375,218.87051,0.6875,0.75,175.1499227,0
0.6875,0.734375,183.6677893,0.6875,0.71875,218.5341316,0.703125,0.734375,218.87051,5
0.625,0.703125,217.6499788,0.609375,0.703125,187.6270488,0.625,0.71875,207.5777716,16
0.625,0.703125,217.6499788,0.625,0.6875,177.6069472,0.609375,0.703125,187.6270488,6
0.15625,0.6875,-78.01027737,0.15625,0.71875,-50.65124401,0.125,0.6875,-124.1770909,1
0.15625,0.6875,-78.01027737,0.1875,0.6875,-31.84346386,0.15625,0.71875,-50.65124401,0
0.15625,0.71875,-50.65124401,0.1875,0.75,-14.48181718,0.1875,0.6875,-31.84346386,1
0.15625,0.71875,-50.65124401,0.125,0.75,-69.45902417,0.1875,0.75,-14.48181718,0
0.578125,0.4375,99.24094514,0.578125,0.453125,151.0300542,0.59375,0.4375,64.36135381,2
0.625,0.8125,215.1681625,0.625,0.875,265.4430685,0.5625,0.8125,236.9382858,3
0.828125,0.765625,273.1238728,0.8125,0.78125,318.6929279,0.84375,0.78125,346.1686868,1
0.75,0.71875,283.4998784,0.71875,0.71875,262.5910973,0.75,0.6875,315.1148139,9
0.71875,0.6875,211.3582171,0.71875,0.71875,262.5910973,0.75,0.6875,315.1148139,18
0.71875,0.6875,211.3582171,0.6875,0.6875,251.3111704,0.71875,0.71875,262.5910973,12
0.703125,0.734375,218.87051,0.6875,0.71875,218.5341316,0.71875,0.71875,262.5910973,33
0.953125,0.734375,255.001784,0.9375,0.71875,325.6954916,0.96875,0.71875,347.3255312,105
0.625,0.40625,180.5989823,0.625,0.375,154.0205569,0.59375,0.40625,144.0705467,0
0.5625,0.40625,106.1758415,0.59375,0.40625,144.0705467,0.5625,0.375,78.23114649,2
0.609375,0.421875,175.6239772,0.59375,0.4375,64.36135381,0.59375,0.40625,144.0705467,1
0.578125,0.421875,139.0955416,0.59375,0.40625,144.0705467,0.59375,0.4375,64.36135381,2
0.90625,0.6875,313.4515765,0.9375,0.6875,307.2293296,0.90625,0.71875,308.7817922,26
0.8125,0.96875,404.5696141,0.84375,0.96875,404.9437759,0.8125,1,397.5334926,1
0.8125,0.96875,404.5696141,0.8125,0.9375,361.6103337,0.84375,0.96875,404.9437759,0
0.84375,1,401.5770501,0.84375,0.96875,404.9437759,0.875,1,405.7848781,156
0.84375,1,401.5770501,0.8125,1,397.5334926,0.84375,0.96875,404.9437759,6
0.875,0.96875,458.8986667,0.84375,0.96875,404.9437759,0.875,1,405.7848781,7
0.84375,0.9375,376.4474977,0.8125,0.9375,361.6103337,0.84375,0.96875,404.9437759,1
0.8125,0.96875,404.5696141,0.78125,0.96875,357.5120802,0.8125,1,397.5334926,0
0.8125,0.96875,404.5696141,0.8125,0.9375,361.6103337,0.78125,0.96875,357.5120802,0
0.890625,0.75,313.3727854,0.890625,0.734375,317.4353605,0.90625,0.75,368.9029632,0
0.890625,0.75,313.3727854,0.875,0.75,326.0889288,0.890625,0.734375,317.4353605,3
0.9375,0.71875,325.6954916,0.9375,0.6875,307.2293296,0.90625,0.71875,308.7817922,36
0.21875,0.5,-30.57978375,0.21875,0.53125,4.247318963,0.1875,0.5,-27.01170682,2
0.21875,0.5,-30.57978375,0.25,0.5,27.47448404,0.21875,0.53125,4.247318963,197
0.609375,0.546875,210.1350946,0.625,0.53125,137.4072688,0.59375,0.53125,194.4605156,13
0.6875,0.53125,180.8647369,0.65625,0.53125,180.6095924,0.6875,0.5,162.8826201,114
0.65625,0.5,132.6204205,0.65625,0.53125,180.6095924,0.6875,0.5,162.8826201,75
0.640625,0.546875,150.3930904,0.625,0.53125,137.4072688,0.65625,0.53125,180.6095924,7
0.640625,0.515625,172.6252992,0.625,0.53125,137.4072688,0.65625,0.53125,180.6095924,16
0.640625,0.515625,172.6252992,0.625,0.5,162.372331,0.625,0.53125,137.4072688,39
0.796875,0.703125,250.5512498,0.78125,0.6875,240.1723494,0.78125,0.71875,265.5184473,7
0.796875,0.703125,250.5512498,0.8125,0.6875,235.5840523,0.78125,0.6875,240.1723494,19
0.796875,0.671875,244.1016888,0.78125,0.6875,240.1723494,0.8125,0.6875,235.5840523,12
0.796875,0.671875,244.1016888,0.78125,0.65625,252.6193252,0.78125,0.6875,240.1723494,6
0.84375,0.5625,216.6057974,0.84375,0.53125,157.0744883,0.875,0.5625,179.1497528,6
0.84375,0.5625,216.6057974,0.8125,0.5625,206.3454597,0.84375,0.53125,157.0744883,2
0.875,0.53125,146.7337536,0.84375,0.53125,157.0744883,0.875,0.5,156.9109456,5
0.875,0.53125,146.7337536,0.875,0.5625,179.1497528,0.84375,0.53125,157.0744883,2
0.84375,0.5,166.1714609,0.84375,0.53125,157.0744883,0.875,0.5,156.9109456,2
0.84375,0.5,166.1714609,0.8125,0.5,196.1149815,0.84375,0.53125,157.0744883,5
0.8125,0.53125,201.2302206,0.84375,0.53125,157.0744883,0.8125,0.5,196.1149815,8
0.8125,0.53125,201.2302206,0.8125,0.5625,206.3454597,0.84375,0.53125,157.0744883,4
0.9375,0.53125,203.5609161,0.90625,0.53125,194.212394,0.9375,0.5,203.9884724,3
0.875,0.53125,146.7337536,0.90625,0.53125,194.212394,0.875,0.5,156.9109456,8
0.875,0.53125,146.7337536,0.875,0.5625,179.1497528,0.90625,0.53125,194.212394,3
0.90625,0.5625,168.1901552,0.90625,0.53125,194.212394,0.875,0.5625,179.1497528,19
0.859375,0.828125,344.1824238,0.84375,0.8125,295.7742378,0.84375,0.84375,295.8397391,12
0.859375,0.828125,344.1824238,0.875,0.8125,392.5251085,0.84375,0.8125,295.7742378,9
0.0625,0.53125,-322.533651,0.0625,0.5625,-308.5918551,0.09375,0.53125,-196.2333704,66
0.828125,0.828125,335.7513457,0.84375,0.8125,295.7742378,0.8125,0.8125,285.9243694,4
0.03125,0.875,200.8008039,0.03125,0.90625,-4.854465982,0,0.875,0.1943711758,2
0.03125,0.875,200.8008039,0.0625,0.875,-34.90443122,0.03125,0.90625,-4.854465982,5
0.03125,0.90625,-4.854465982,0,0.9375,7.032387657,0.0625,0.9375,-9.90330314,1
0.03125,0.90625,-4.854465982,0,0.875,0.1943711758,0,0.9375,7.032387657,0
0,0.84375,8.947297574,0.03125,0.84375,118.0211226,0,0.875,0.1943711758,6
0.03125,0.875,200.8008039,0.03125,0.84375,118.0211226,0,0.875,0.1943711758,3
0.03125,0.875,200.8008039,0.0625,0.875,-34.90443122,0.03125,0.84375,118.0211226,8
0.0625,0.84375,-53.55202427,0.03125,0.84375,118.0211226,0.0625,0.875,-34.90443122,43
0.859375,0.796875,369.3468977,0.84375,0.8125,295.7742378,0.84375,0.78125,346.1686868,84
0.859375,0.796875,369.3468977,0.875,0.8125,392.5251085,0.84375,0.8125,295.7742378,15
0.828125,0.796875,309.1359033,0.84375,0.8125,295.7742378,0.8125,0.8125,285.9243694,2
0.828125,0.796875,309.1359033,0.84375,0.78125,346.1686868,0.84375,0.8125,295.7742378,179
0.09375,0.5625,-196.1909898,0.0625,0.5625,-308.5918551,0.09375,0.53125,-196.2333704,18
0.109375,0.515625,-163.7744046,0.125,0.53125,-169.2583165,0.09375,0.53125,-196.2333704,89
0.109375,0.546875,-221.2559292,0.125,0.53125,-169.2583165,0.09375,0.53125,-196.2333704,92
1,0.65625,288.1201149,0.96875,0.65625,262.8871552,1,0.6875,280.0097929,3
1,0.65625,288.1201149,1,0.625,287.5558841,0.96875,0.65625,262.8871552,3
0.96875,0.625,271.9846005,0.96875,0.65625,262.8871552,1,0.625,287.5558841,4
0.96875,0.625,271.9846005,0.9375,0.625,244.4741187,0.96875,0.65625,262.8871552,7
0.921875,0.640625,256.2628794,0.9375,0.65625,316.5386938,0.90625,0.65625,268.0516402,455
0.921875,0.640625,256.2628794,0.9375,0.625,244.4741187,0.9375,0.65625,316.5386938,24
0.09375,0.28125,-413.5368169,0.0625,0.25,-627.9953451,0.0625,0.3125,-585.4439062,1
0.09375,0.28125,-413.5368169,0.125,0.25,-241.6297276,0.0625,0.25,-627.9953451,0
0.0625,0.125,-521.5580093,0.0625,0.1875,-658.1369434,0,0.125,-741.2030943,0
0,0.1875,-877.7820284,0,0.125,-741.2030943,0.0625,0.1875,-658.1369434,0
0.09375,0.21875,-449.8833355,0.0625,0.25,-627.9953451,0.0625,0.1875,-658.1369434,0
0.09375,0.21875,-449.8833355,0.125,0.25,-241.6297276,0.0625,0.25,-627.9953451,1
0.03125,0.21875,-836.248953,0.0625,0.25,-627.9953451,0.0625,0.1875,-658.1369434,0
0.5,0.6875,203.2960107,0.4375,0.6875,196.4126379,0.5,0.75,208.433503,3
0.4375,0.625,125.6024908,0.375,0.625,184.3917728,0.4375,0.6875,196.4126379,4
0.46875,0.65625,190.9126423,0.5,0.6875,203.2960107,0.4375,0.6875,196.4126379,0
0.25,0.3125,-1.057993437,0.3125,0.3125,34.53025984,0.25,0.375,8.968897403,293
0.21875,0.28125,-47.44537567,0.1875,0.3125,-83.80586706,0.25,0.3125,-1.057993437,1548
0.3125,0.25,10.04920379,0.25,0.25,-11.08488428,0.3125,0.3125,34.53025984,614
0.640625,0.703125,206.2078166,0.65625,0.6875,266.9080738,0.65625,0.71875,249.2594646,26
0.640625,0.703125,206.2078166,0.625,0.6875,177.6069472,0.65625,0.6875,266.9080738,7
0.765625,0.796875,309.1776747,0.75,0.8125,299.0912536,0.75,0.78125,319.3740724,6
0.765625,0.765625,318.6283425,0.75,0.78125,319.3740724,0.75,0.75,273.8710241,5
0.734375,0.765625,284.8339774,0.75,0.78125,319.3740724,0.75,0.75,273.8710241,2
0.734375,0.796875,297.4440922,0.75,0.8125,299.0912536,0.75,0.78125,319.3740724,11
0.03125,0.6875,-124.0681383,0.0625,0.6875,-173.2354869,0.03125,0.71875,-114.8203612,157
0.015625,0.703125,72.02826152,0,0.71875,180.5791275,0.03125,0.71875,-114.8203612,147
0.28125,0.40625,44.4257741,0.25,0.375,8.968897403,0.25,0.4375,18.22169072,680
0.15625,0.3125,-173.6359614,0.1875,0.3125,-83.80586706,0.15625,0.34375,-120.1663584,25
0.125,0.34375,-160.9815869,0.125,0.375,-156.5268498,0.15625,0.34375,-120.1663584,145
0.15625,0.375,-219.5929788,0.15625,0.34375,-120.1663584,0.1875,0.375,-82.86681229,6
0.15625,0.375,-219.5929788,0.125,0.375,-156.5268498,0.15625,0.34375,-120.1663584,100
0.140625,0.390625,-212.8464583,0.15625,0.375,-219.5929788,0.125,0.375,-156.5268498,43
0.171875,0.390625,-96.69666433,0.1875,0.375,-82.86681229,0.15625,0.375,-219.5929788,0
0.1875,0.46875,-45.76894486,0.21875,0.46875,-18.52584943,0.1875,0.5,-27.01170682,1
0.1875,0.46875,-45.76894486,0.1875,0.4375,-64.5261829,0.21875,0.46875,-18.52584943,23
0.21875,0.5,-30.57978375,0.21875,0.46875,-18.52584943,0.1875,0.5,-27.01170682,5
0.21875,0.5,-30.57978375,0.25,0.5,27.47448404,0.21875,0.46875,-18.52584943,159
0.21875,0.46875,-18.52584943,0.25,0.4375,18.22169072,0.1875,0.4375,-64.5261829,644
0.21875,0.40625,-27.77864275,0.25,0.4375,18.22169072,0.1875,0.4375,-64.5261829,625
0.21875,0.40625,-27.77864275,0.25,0.375,8.968897403,0.25,0.4375,18.22169072,441
0.8125,0.46875,151.4037524,0.84375,0.46875,131.8017344,0.8125,0.5,196.1149815,1
0.8125,0.46875,151.4037524,0.8125,0.4375,106.6925232,0.84375,0.46875,131.8017344,1
0.84375,0.5,166.1714609,0.84375,0.46875,131.8017344,0.875,0.5,156.9109456,0
0.84375,0.5,166.1714609,0.8125,0.5,196.1149815,0.84375,0.46875,131.8017344,0
0.84375,0.46875,131.8017344,0.875,0.4375,121.7860836,0.8125,0.4375,106.6925232,0
0.84375,0.46875,131.8017344,0.875,0.5,156.9109456,0.875,0.4375,121.7860836,0
0.75,0.46875,17.36571754,0.75,0.4375,133.6774236,0.78125,0.46875,135.334304,18
0.8125,0.46875,151.4037524,0.8125,0.4375,106.6925232,0.78125,0.46875,135.334304,0
0.796875,0.484375,165.7246428,0.8125,0.46875,151.4037524,0.78125,0.46875,135.334304,0
0.796875,0.484375,165.7246428,0.8125,0.5,196.1149815,0.8125,0.46875,151.4037524,2
0.75,0.40625,101.901184,0.78125,0.40625,99.92422452,0.75,0.4375,133.6774236,3
0.75,0.40625,101.901184,0.75,0.375,56.74825526,0.78125,0.40625,99.92422452,4
0.5,0.8125,218.1038934,0.5625,0.8125,236.9382858,0.5,0.875,227.7742838,0
0.5,0.875,227.7742838,0.625,0.875,265.4430685,0.5,1,246.435271,2
0.546875,0.421875,130.4521021,0.53125,0.40625,126.7836677,0.53125,0.4375,119.9199055,25
0.3125,0.125,-24.74352119,0.375,0.125,60.56613769,0.3125,0.1875,24.74062671,48
0.28125,0.15625,-34.75205154,0.3125,0.125,-24.74352119,0.3125,0.1875,24.74062671,25
0.28125,0.09375,20.5480393,0.3125,0.125,-24.74352119,0.3125,0.0625,-11.86724692,7
0.140625,0.234375,-209.6699267,0.125,0.25,-241.6297276,0.15625,0.25,-187.3582538,113
0.21875,0.1875,-101.6709699,0.21875,0.21875,-66.67976163,0.25,0.1875,45.80607292,4
0.21875,0.1875,-101.6709699,0.1875,0.1875,-122.274639,0.21875,0.21875,-66.67976163,20
0.15625,0.34375,-120.1663584,0.1875,0.375,-82.86681229,0.1875,0.3125,-83.80586706,29
0.234375,0.140625,12.72852546,0.25,0.125,52.96332553,0.21875,0.125,-148.6330773,0
0.8125,0.375,56.690154,0.8125,0.3125,79.06751689,0.75,0.375,56.74825526,2
0.8125,0.375,56.690154,0.875,0.375,86.6612216,0.8125,0.3125,79.06751689,0
0.640625,0.609375,176.6619194,0.65625,0.59375,184.0568975,0.65625,0.625,267.6362796,13
0.640625,0.640625,189.7779986,0.65625,0.65625,210.2890559,0.65625,0.625,267.6362796,158
0.21875,0.03125,-224.1765318,0.25,0,-259.2987974,0.25,0.0625,-103.1677359,0
0.21875,0.09375,-70.1771228,0.25,0.125,52.96332553,0.25,0.0625,-103.1677359,0
0.25,0.0625,-103.1677359,0.3125,0.0625,-11.86724692,0.25,0,-259.2987974,0
0.3125,0.125,-24.74352119,0.375,0.125,60.56613769,0.3125,0.0625,-11.86724692,12
0.28125,0.09375,20.5480393,0.25,0.0625,-103.1677359,0.3125,0.0625,-11.86724692,1
0.28125,0.09375,20.5480393,0.25,0.125,52.96332553,0.25,0.0625,-103.1677359,0
0.53125,0.40625,126.7836677,0.5,0.375,119.4467989,0.5625,0.375,78.23114649,22
0.5,0.3125,84.10829067,0.5,0.375,119.4467989,0.5625,0.3125,101.3951697,177
0.5,0.3125,84.10829067,0.5625,0.3125,101.3951697,0.5,0.25,48.76978249,208
0.59375,0.40625,144.0705467,0.625,0.375,154.0205569,0.5625,0.375,78.23114649,2
0.5625,0.375,78.23114649,0.5625,0.3125,101.3951697,0.5,0.375,119.4467989,1300
0.5625,0.375,78.23114649,0.625,0.375,154.0205569,0.5625,0.3125,101.3951697,192
0.921875,0.625,244.6060827,0.921875,0.640625,256.2628794,0.9375,0.625,244.4741187,9
0.921875,0.625,244.6060827,0.90625,0.625,264.8451502,0.921875,0.640625,256.2628794,3
0.9375,0.65625,316.5386938,0.9375,0.6875,307.2293296,0.90625,0.65625,268.0516402,30
0.890625,0.671875,278.6475067,0.875,0.65625,225.1464564,0.90625,0.65625,268.0516402,20
0.90625,0.6875,313.4515765,0.9375,0.6875,307.2293296,0.90625,0.65625,268.0516402,48
0.859375,0.640625,243.6903525,0.875,0.65625,225.1464564,0.84375,0.65625,258.5067542,18
0.046875,0.75,-93.86166654,0.046875,0.734375,-115.9571849,0.03125,0.75,-59.72380841,7
0.046875,0.75,-93.86166654,0.0625,0.75,-117.0940087,0.046875,0.734375,-115.9571849,49
0.03125,0.3125,-793.7295341,0.03125,0.34375,-787.5566338,0,0.3125,-1002.015162,0
0.03125,0.3125,-793.7295341,0.0625,0.3125,-585.4439062,0.03125,0.34375,-787.5566338,0
0.03125,0.375,-745.4208861,0.03125,0.34375,-787.5566338,0,0.375,-989.6693614,1
0.03125,0.375,-745.4208861,0.0625,0.375,-501.1724108,0.03125,0.34375,-787.5566338,5
0.0625,0.34375,-543.3081585,0.03125,0.34375,-787.5566338,0.0625,0.375,-501.1724108,2
0.0625,0.34375,-543.3081585,0.0625,0.3125,-585.4439062,0.03125,0.34375,-787.5566338,0
0.046875,0.578125,-311.975482,0.03125,0.5625,-401.8320784,0.0625,0.5625,-308.5918551,74
0.0234375,0.5546875,-524.0850842,0.015625,0.5625,-500.1914275,0.015625,0.546875,-579.0407533,4
0.046875,0.546875,-371.8961399,0.03125,0.5625,-401.8320784,0.0625,0.5625,-308.5918551,20
0.609375,0.5625,227.1864396,0.609375,0.578125,170.8102843,0.625,0.5625,120.1765884,13
0.609375,0.609375,182.3144939,0.625,0.59375,159.408634,0.59375,0.59375,195.3620465,7
0.609375,0.609375,182.3144939,0.625,0.625,169.2669413,0.625,0.59375,159.408634,17
0.640625,0.578125,197.4632203,0.625,0.59375,159.408634,0.65625,0.59375,184.0568975,144
0.578125,0.609375,222.2616035,0.59375,0.625,169.4657232,0.59375,0.59375,195.3620465,12
0.4375,0.1875,54.66796009,0.5,0.125,-133.5746183,0.375,0.125,60.56613769,272
0.4375,0.1875,54.66796009,0.5,0.25,48.76978249,0.5,0.125,-133.5746183,98
0.75,0.125,43.83017987,0.625,0.125,10.46072165,0.75,0,16.18654757,0
0.75,0.125,43.83017987,0.75,0.25,71.47381217,0.625,0.125,10.46072165,0
0.625,0,-17.18291066,0.625,0.125,10.46072165,0.75,0,16.18654757,0
0.625,0,-17.18291066,0.5,0,-50.55236888,0.625,0.125,10.46072165,0
0.5,0.125,-133.5746183,0.625,0.125,10.46072165,0.5,0,-50.55236888,0
0.5,0.125,-133.5746183,0.5,0.25,48.76978249,0.625,0.125,10.46072165,0
0.625,0.25,27.21176367,0.625,0.125,10.46072165,0.5,0.25,48.76978249,0
0.625,0.25,27.21176367,0.75,0.25,71.47381217,0.625,0.125,10.46072165,0
0.53125,0.40625,126.7836677,0.5,0.375,119.4467989,0.5,0.4375,105.7192744,329
0.09375,0.09375,-343.4459997,0.125,0.0625,-372.0370325,0.0625,0.0625,-384.9790751,0
0.1875,0.53125,-72.17049449,0.21875,0.53125,4.247318963,0.1875,0.5,-27.01170682,0
0.1875,0.53125,-72.17049449,0.1875,0.5625,-117.3292822,0.21875,0.53125,4.247318963,0
0.15625,0.59375,-110.7557998,0.1875,0.5625,-117.3292822,0.1875,0.625,-0.4027704072,0
0.1875,0.625,-0.4027704072,0.1875,0.6875,-31.84346386,0.25,0.625,198.4078074,2
0.1875,0.75,-14.48181718,0.25,0.75,40.4953898,0.1875,0.6875,-31.84346386,0
0.15625,0.65625,-68.01289068,0.1875,0.625,-0.4027704072,0.1875,0.6875,-31.84346386,1
0.78125,0.96875,357.5120802,0.75,1,353.4138266,0.8125,1,397.5334926,0
0.03125,0.34375,-787.5566338,0,0.375,-989.6693614,0,0.3125,-1002.015162,0
0.953125,0.953125,466.7922654,0.96875,0.96875,501.6564979,0.96875,0.9375,443.2295973,3
0.4375,0.625,125.6024908,0.375,0.625,184.3917728,0.4375,0.5625,99.61191147,1
0.375,0.5625,126.0574594,0.375,0.625,184.3917728,0.4375,0.5625,99.61191147,9
0.4375,0.8125,175.9494167,0.5,0.875,227.7742838,0.375,0.875,143.4653304,0
0.5625,0.3125,101.3951697,0.625,0.25,27.21176367,0.625,0.375,154.0205569,2
0.5625,0.3125,101.3951697,0.5,0.25,48.76978249,0.625,0.25,27.21176367,10
0.6875,0.3125,112.7471845,0.625,0.25,27.21176367,0.625,0.375,154.0205569,0
0.6875,0.3125,112.7471845,0.75,0.25,71.47381217,0.625,0.25,27.21176367,1
0.578125,0.515625,141.8857785,0.5625,0.53125,267.9261412,0.59375,0.53125,194.4605156,11
0.578125,0.515625,141.8857785,0.5625,0.5,89.31104149,0.5625,0.53125,267.9261412,1026
0.984375,0.890625,414.5122921,0.96875,0.875,391.1609225,0.96875,0.90625,429.9196552,4
0.953125,0.859375,431.99189,0.9375,0.875,446.6449675,0.96875,0.875,391.1609225,50
0.890625,0.671875,278.6475067,0.90625,0.6875,313.4515765,0.90625,0.65625,268.0516402,17
0.640625,0.640625,189.7779986,0.65625,0.65625,210.2890559,0.625,0.65625,213.6929331,484
0.890625,0.703125,300.1942418,0.90625,0.6875,313.4515765,0.90625,0.71875,308.7817922,9
0.15625,0.03125,-262.7983753,0.125,0,-361.0196536,0.125,0.0625,-372.0370325,10
0.140625,0.609375,-228.7021996,0.125,0.59375,-93.98622099,0.125,0.625,-104.1823175,23
0.140625,0.609375,-228.7021996,0.15625,0.59375,-110.7557998,0.125,0.59375,-93.98622099,1
0.09375,0.71875,-121.3472555,0.125,0.75,-69.45902417,0.125,0.6875,-124.1770909,219
0.09375,0.65625,-138.7089022,0.125,0.6875,-124.1770909,0.125,0.625,-104.1823175,343
0.15625,0.71875,-50.65124401,0.125,0.75,-69.45902417,0.125,0.6875,-124.1770909,2
0.15625,0.65625,-68.01289068,0.125,0.625,-104.1823175,0.125,0.6875,-124.1770909,14
0.765625,0.515625,174.5684285,0.78125,0.5,68.2056441,0.78125,0.53125,185.1607722,49
0.21875,0.03125,-224.1765318,0.25,0,-259.2987974,0.1875,0,-221.5089363,0
0.1875,0.03125,-207.4132537,0.21875,0.03125,-224.1765318,0.1875,0,-221.5089363,0
0.796875,0.515625,190.6378769,0.78125,0.5,68.2056441,0.78125,0.53125,185.1607722,5
0.75,0.65625,229.6500881,0.71875,0.65625,225.383822,0.75,0.625,248.8995682,710
0.75,0.65625,229.6500881,0.75,0.6875,315.1148139,0.71875,0.65625,225.383822,6
0.71875,0.625,221.8922279,0.71875,0.65625,225.383822,0.75,0.625,248.8995682,126
0.6875,0.65625,189.3196019,0.6875,0.6875,251.3111704,0.71875,0.65625,225.383822,0
0.375,0.46875,100.9879833,0.40625,0.46875,135.4423133,0.375,0.5,144.9134147,5
0.40625,0.5,122.2316265,0.40625,0.46875,135.4423133,0.375,0.5,144.9134147,9
0.40625,0.5,122.2316265,0.4375,0.5,72.79889431,0.40625,0.46875,135.4423133,8
0.4375,0.46875,62.58632613,0.40625,0.46875,135.4423133,0.4375,0.5,72.79889431,1
0.390625,0.453125,86.018775,0.375,0.46875,100.9879833,0.40625,0.46875,135.4423133,0
0.390625,0.453125,86.018775,0.375,0.4375,109.8107853,0.375,0.46875,100.9879833,5
0.3125,0.46875,50.34579743,0.34375,0.46875,-54.14074757,0.3125,0.5,86.19394938,0
0.34375,0.5,115.553682,0.34375,0.46875,-54.14074757,0.3125,0.5,86.19394938,8
0.359375,0.453125,87.96547606,0.375,0.4375,109.8107853,0.375,0.46875,100.9879833,5
0.359375,0.484375,45.38633357,0.375,0.5,144.9134147,0.375,0.46875,100.9879833,0
0.03125,0.25,-821.1781539,0.0625,0.25,-627.9953451,0.03125,0.28125,-799.9024344,0
0.03125,0.3125,-793.7295341,0.0625,0.3125,-585.4439062,0.03125,0.28125,-799.9024344,5
0.015625,0.296875,-900.9587982,0,0.3125,-1002.015162,0,0.28125,-1008.188062,19
0.015625,0.265625,-907.1316985,0,0.25,-1014.360963,0,0.28125,-1008.188062,1
0.828125,0.734375,326.0348265,0.8125,0.75,345.1573644,0.84375,0.75,319.2252696,1
0.828125,0.765625,273.1238728,0.84375,0.75,319.2252696,0.84375,0.78125,346.1686868,7
0.828125,0.765625,273.1238728,0.8125,0.75,345.1573644,0.84375,0.75,319.2252696,10
0.859375,0.765625,331.7204056,0.84375,0.75,319.2252696,0.84375,0.78125,346.1686868,11
0.734375,0.765625,284.8339774,0.71875,0.75,235.6446584,0.75,0.75,273.8710241,0
0.734375,0.765625,284.8339774,0.71875,0.78125,295.7969308,0.71875,0.75,235.6446584,4
0.734375,0.734375,242.719826,0.71875,0.75,235.6446584,0.71875,0.71875,262.5910973,0
0.734375,0.734375,242.719826,0.75,0.75,273.8710241,0.71875,0.75,235.6446584,0
0.984375,0.796875,380.021497,1,0.78125,368.1900867,0.96875,0.78125,340.0138227,8
0.984375,0.796875,380.021497,1,0.8125,377.4220087,1,0.78125,368.1900867,4
0.703125,0.734375,218.87051,0.71875,0.75,235.6446584,0.71875,0.71875,262.5910973,12
0.703125,0.734375,218.87051,0.6875,0.75,175.1499227,0.71875,0.75,235.6446584,0
0.609375,0.703125,187.6270488,0.625,0.71875,207.5777716,0.59375,0.71875,197.6471503,18
0.75,0.40625,101.901184,0.71875,0.40625,90.75467984,0.75,0.4375,133.6774236,3
0.75,0.40625,101.901184,0.75,0.375,56.74825526,0.71875,0.40625,90.75467984,3
0.046875,0.765625,-56.23685465,0.03125,0.75,-59.72380841,0.03125,0.78125,4.620299353,33
0.046875,0.734375,-115.9571849,0.03125,0.75,-59.72380841,0.03125,0.71875,-114.8203612,54
0.015625,0.734375,95.64094613,0.03125,0.75,-59.72380841,0.03125,0.71875,-114.8203612,147
0.4375,0.53125,86.20540289,0.40625,0.53125,122.2626631,0.4375,0.5,72.79889431,1
0.4375,0.53125,86.20540289,0.4375,0.5625,99.61191147,0.40625,0.53125,122.2626631,0
0.015625,0.765625,244.5797787,0.03125,0.75,-59.72380841,0.03125,0.78125,4.620299353,39
0.40625,0.5,122.2316265,0.40625,0.53125,122.2626631,0.375,0.5,144.9134147,3
0.40625,0.5,122.2316265,0.4375,0.5,72.79889431,0.40625,0.53125,122.2626631,11
0.40625,0.34375,64.42070284,0.4375,0.3125,61.03105495,0.375,0.3125,52.23780963,26
0.4375,0.25,39.97653717,0.4375,0.1875,54.66796009,0.5,0.25,48.76978249,1368
0.34375,0.375,73.26765508,0.34375,0.34375,62.54690051,0.3125,0.375,73.70143976,574
0.34375,0.375,73.26765508,0.375,0.375,73.29232741,0.34375,0.34375,62.54690051,928
0.234375,0.140625,12.72852546,0.25,0.15625,-88.28126223,0.21875,0.15625,-27.50627461,0
0.234375,0.140625,12.72852546,0.25,0.125,52.96332553,0.25,0.15625,-88.28126223,0
0.234375,0.171875,-79.04023342,0.25,0.15625,-88.28126223,0.21875,0.15625,-27.50627461,0
0.234375,0.171875,-79.04023342,0.25,0.1875,45.80607292,0.25,0.15625,-88.28126223,0
0.265625,0.171875,-67.162777,0.25,0.15625,-88.28126223,0.28125,0.15625,-34.75205154,5
0.265625,0.171875,-67.162777,0.25,0.1875,45.80607292,0.25,0.15625,-88.28126223,1
0.34375,0.3125,43.38403474,0.3125,0.3125,34.53025984,0.34375,0.34375,62.54690051,39
0.6875,0.53125,180.8647369,0.71875,0.53125,181.4114692,0.6875,0.5,162.8826201,325
0.75,0.53125,177.3805867,0.71875,0.53125,181.4114692,0.75,0.5,163.9760847,118
0.75,0.53125,177.3805867,0.75,0.5625,171.5506094,0.71875,0.53125,181.4114692,19
0.765625,0.546875,186.223745,0.75,0.5625,171.5506094,0.75,0.53125,177.3805867,4
0.203125,0.109375,-175.9224653,0.1875,0.09375,-180.4723833,0.21875,0.09375,-70.1771228,6
0.765625,0.515625,174.5684285,0.75,0.5,163.9760847,0.75,0.53125,177.3805867,777
0.1640625,0.1015625,-145.0345874,0.171875,0.09375,-174.8776374,0.15625,0.09375,-247.6152477,5
0.1640625,0.1015625,-145.0345874,0.171875,0.109375,-264.6415278,0.171875,0.09375,-174.8776374,8
0.0625,0.84375,-53.55202427,0.09375,0.84375,-52.93831387,0.0625,0.875,-34.90443122,41
0.0625,0.84375,-53.55202427,0.0625,0.8125,-72.19961733,0.09375,0.84375,-52.93831387,36
0.09375,0.875,-101.2702621,0.09375,0.84375,-52.93831387,0.0625,0.875,-34.90443122,40
0.09375,0.875,-101.2702621,0.125,0.875,-33.67701042,0.09375,0.84375,-52.93831387,1
0.125,0.84375,-245.6658387,0.09375,0.84375,-52.93831387,0.125,0.8125,-175.6045774,3
0.125,0.84375,-245.6658387,0.125,0.875,-33.67701042,0.09375,0.84375,-52.93831387,1
0.125,0.84375,-245.6658387,0.15625,0.84375,-15.13391037,0.125,0.8125,-175.6045774,0
0.125,0.84375,-245.6658387,0.125,0.875,-33.67701042,0.15625,0.84375,-15.13391037,0
0.15625,0.84375,-15.13391037,0.1875,0.875,25.82355163,0.1875,0.8125,3.409189689,0
0.15625,0.84375,-15.13391037,0.125,0.875,-33.67701042,0.1875,0.875,25.82355163,0
0.125,0.9375,17.2894123,0.1875,0.9375,48.23791357,0.125,1,68.25583502,0
0.125,0.9375,17.2894123,0.125,0.875,-33.67701042,0.1875,0.9375,48.23791357,0
0.1875,0.875,25.82355163,0.1875,0.9375,48.23791357,0.25,0.875,85.32411368,0
0.1875,0.875,25.82355163,0.125,0.875,-33.67701042,0.1875,0.9375,48.23791357,0
0.546875,0.515625,144.9219036,0.5625,0.5,89.31104149,0.53125,0.5,198.2676616,461
0.515625,0.515625,140.4569249,0.53125,0.5,198.2676616,0.5,0.5,118.9268367,30
0.421875,0.453125,130.7067626,0.40625,0.4375,89.67495199,0.4375,0.4375,125.9712118,32
0.921875,0.546875,211.9578096,0.9375,0.53125,203.5609161,0.9375,0.5625,229.7032253,12
0.921875,0.546875,211.9578096,0.90625,0.53125,194.212394,0.9375,0.53125,203.5609161,16
0.9375,0.53125,203.5609161,0.96875,0.53125,245.983985,0.9375,0.5,203.9884724,0
0.9375,0.53125,203.5609161,0.9375,0.5625,229.7032253,0.96875,0.53125,245.983985,0
0.375,0.40625,71.13827564,0.375,0.375,73.29232741,0.40625,0.40625,99.63176963,5
0.40625,0.4375,89.67495199,0.4375,0.4375,125.9712118,0.40625,0.40625,99.63176963,93
0.390625,0.421875,104.7212775,0.40625,0.4375,89.67495199,0.40625,0.40625,99.63176963,75
0.484375,0.515625,114.0981054,0.46875,0.53125,109.2693741,0.46875,0.5,155.0753226,4
0.484375,0.484375,90.00520126,0.46875,0.5,155.0753226,0.46875,0.46875,61.08356581,0
0.390625,0.421875,104.7212775,0.375,0.40625,71.13827564,0.40625,0.40625,99.63176963,140
0.390625,0.421875,104.7212775,0.375,0.4375,109.8107853,0.375,0.40625,71.13827564,54
0.34375,0.375,73.26765508,0.34375,0.40625,76.5874891,0.3125,0.375,73.70143976,53
0.34375,0.375,73.26765508,0.375,0.375,73.29232741,0.34375,0.40625,76.5874891,13
0.34375,0.4375,94.84671807,0.3125,0.4375,79.8826508,0.34375,0.40625,76.5874891,50
0.375,0.40625,71.13827564,0.375,0.375,73.29232741,0.34375,0.40625,76.5874891,1
0.359375,0.421875,93.19913722,0.375,0.40625,71.13827564,0.34375,0.40625,76.5874891,94
0.359375,0.421875,93.19913722,0.375,0.4375,109.8107853,0.375,0.40625,71.13827564,32
0.09375,0.875,-101.2702621,0.09375,0.90625,-21.79015678,0.0625,0.875,-34.90443122,9
0.09375,0.875,-101.2702621,0.125,0.875,-33.67701042,0.09375,0.90625,-21.79015678,0
0.09375,0.90625,-21.79015678,0.125,0.9375,17.2894123,0.125,0.875,-33.67701042,0
0.09375,0.90625,-21.79015678,0.0625,0.9375,-9.90330314,0.125,0.9375,17.2894123,11
0.34375,0.5,115.553682,0.34375,0.53125,58.00234442,0.3125,0.5,86.19394938,2
0.34375,0.5,115.553682,0.375,0.5,144.9134147,0.34375,0.53125,58.00234442,12
0.3125,0.53125,17.16034231,0.34375,0.53125,58.00234442,0.3125,0.5,86.19394938,2
0.3125,0.53125,17.16034231,0.3125,0.5625,50.94685902,0.34375,0.53125,58.00234442,0
0.96875,0.9375,443.2295973,0.96875,0.96875,501.6564979,1,0.9375,468.3600862,6
0.953125,0.984375,476.7379053,0.9375,0.96875,369.0956726,0.96875,0.96875,501.6564979,0
0.953125,0.984375,476.7379053,0.9375,1,451.8193128,0.9375,0.96875,369.0956726,0
0.953125,0.953125,466.7922654,0.9375,0.96875,369.0956726,0.9375,0.9375,431.928033,1
0.953125,0.953125,466.7922654,0.96875,0.96875,501.6564979,0.9375,0.96875,369.0956726,6
0.875,0.96875,458.8986667,0.90625,0.96875,418.8564555,0.875,1,405.7848781,3
0.90625,1,526.6379208,0.90625,0.96875,418.8564555,0.9375,1,451.8193128,3
0.90625,1,526.6379208,0.875,1,405.7848781,0.90625,0.96875,418.8564555,34
0.671875,0.578125,191.4518756,0.6875,0.5625,198.8468537,0.6875,0.59375,191.2584943,304
0.671875,0.640625,258.8741598,0.6875,0.65625,189.3196019,0.65625,0.65625,210.2890559,541
0.703125,0.640625,230.5505961,0.6875,0.65625,189.3196019,0.71875,0.65625,225.383822,299
0.71875,0.6875,211.3582171,0.71875,0.65625,225.383822,0.75,0.6875,315.1148139,12
0.71875,0.6875,211.3582171,0.6875,0.6875,251.3111704,0.71875,0.65625,225.383822,0
0.890625,0.890625,400.6752576,0.90625,0.90625,411.0928494,0.90625,0.875,418.4513166,3
0.96875,0.53125,245.983985,1,0.5625,275.1330572,0.9375,0.5625,229.7032253,1
0.1953125,0.1484375,-126.6687113,0.1875,0.15625,-98.75038134,0.1875,0.140625,-143.9344957,144
0.703125,0.609375,212.2924938,0.6875,0.59375,191.2584943,0.71875,0.59375,223.873211,12
0.671875,0.578125,191.4518756,0.6875,0.59375,191.2584943,0.65625,0.59375,184.0568975,184
0.671875,0.609375,192.3843371,0.6875,0.59375,191.2584943,0.65625,0.59375,184.0568975,30
0.515625,0.453125,110.2672174,0.53125,0.4375,119.9199055,0.53125,0.46875,126.5236866,162
0.4375,0.46875,62.58632613,0.46875,0.46875,61.08356581,0.4375,0.5,72.79889431,0
0.46875,0.5,155.0753226,0.46875,0.46875,61.08356581,0.4375,0.5,72.79889431,2
0.484375,0.484375,90.00520126,0.5,0.5,118.9268367,0.5,0.46875,169.3099777,85
0.53125,0.5,198.2676616,0.53125,0.46875,126.5236866,0.5625,0.5,89.31104149,127
0.53125,0.5,198.2676616,0.5,0.5,118.9268367,0.53125,0.46875,126.5236866,142
0.5625,0.46875,161.8994704,0.53125,0.46875,126.5236866,0.5625,0.5,89.31104149,54
0.5,0.46875,169.3099777,0.5,0.5,118.9268367,0.53125,0.46875,126.5236866,115
0.515625,0.453125,110.2672174,0.5,0.46875,169.3099777,0.53125,0.46875,126.5236866,3
0.125,0.484375,-141.9113764,0.125,0.46875,-152.5073142,0.140625,0.484375,-92.76446125,20
0.515625,0.546875,150.6747655,0.5,0.53125,214.8289512,0.53125,0.53125,161.9870131,4
0.515625,0.546875,150.6747655,0.5,0.5625,139.3625179,0.5,0.53125,214.8289512,1
0.515625,0.515625,140.4569249,0.5,0.53125,214.8289512,0.5,0.5,118.9268367,64
0.515625,0.515625,140.4569249,0.53125,0.53125,161.9870131,0.5,0.53125,214.8289512,0
0.484375,0.515625,114.0981054,0.5,0.53125,214.8289512,0.5,0.5,118.9268367,64
0.484375,0.515625,114.0981054,0.46875,0.53125,109.2693741,0.5,0.53125,214.8289512,1
0.609375,0.546875,210.1350946,0.59375,0.5625,161.8241788,0.59375,0.53125,194.4605156,10
0.7734375,0.6328125,291.8200969,0.765625,0.625,280.7940418,0.765625,0.640625,250.7594467,9
0.7734375,0.6328125,291.8200969,0.78125,0.625,233.2362436,0.765625,0.625,280.7940418,0
0.578125,0.546875,175.6210749,0.59375,0.53125,194.4605156,0.59375,0.5625,161.8241788,8
0.609375,0.578125,170.8102843,0.59375,0.5625,161.8241788,0.59375,0.59375,195.3620465,608
0.578125,0.578125,175.0204704,0.59375,0.59375,195.3620465,0.59375,0.5625,161.8241788,531
0.015625,0.484375,-753.0096151,0,0.5,-893.036975,0,0.46875,-967.1014844,7
0.890625,0.953125,398.013656,0.875,0.96875,458.8986667,0.90625,0.96875,418.8564555,3
0.890625,0.953125,398.013656,0.875,0.9375,377.1708565,0.875,0.96875,458.8986667,3
0.859375,0.953125,391.0573162,0.875,0.96875,458.8986667,0.84375,0.96875,404.9437759,8
0.859375,0.953125,391.0573162,0.875,0.9375,377.1708565,0.875,0.96875,458.8986667,4
0.015625,0.453125,-827.0741246,0,0.4375,-1041.165994,0,0.46875,-967.1014844,13
0.46875,0.40625,122.7090054,0.4375,0.375,112.1636832,0.4375,0.4375,125.9712118,6
0.21875,0.53125,4.247318963,0.25,0.5,27.47448404,0.25,0.5625,5.061809596,536
0.125,0.9375,17.2894123,0.0625,0.9375,-9.90330314,0.125,1,68.25583502,1
0.03125,0.90625,-4.854465982,0.0625,0.875,-34.90443122,0.0625,0.9375,-9.90330314,1
0.65625,0.40625,139.3908306,0.6875,0.375,95.85161766,0.625,0.375,154.0205569,0
0.65625,0.40625,139.3908306,0.6875,0.4375,124.7611044,0.6875,0.375,95.85161766,4
0.71875,0.40625,90.75467984,0.6875,0.375,95.85161766,0.6875,0.4375,124.7611044,2
0.71875,0.40625,90.75467984,0.75,0.375,56.74825526,0.6875,0.375,95.85161766,1
0.15625,0.3125,-173.6359614,0.1875,0.3125,-83.80586706,0.15625,0.28125,-129.4293501,101
0.25,0.3125,-1.057993437,0.1875,0.3125,-83.80586706,0.25,0.375,8.968897403,380
0.1875,0.375,-82.86681229,0.1875,0.3125,-83.80586706,0.25,0.375,8.968897403,1506
0.140625,0.265625,-185.5295389,0.125,0.25,-241.6297276,0.15625,0.25,-187.3582538,27
0.71875,0.53125,181.4114692,0.75,0.5625,171.5506094,0.6875,0.5625,198.8468537,48
0.203125,0.078125,-131.747347,0.21875,0.09375,-70.1771228,0.1875,0.09375,-180.4723833,4
0.046875,0.671875,-210.4582059,0.03125,0.6875,-124.0681383,0.0625,0.6875,-173.2354869,183
0.46875,0.375,85.30870526,0.46875,0.34375,90.2389269,0.5,0.375,119.4467989,945
0.46875,0.375,85.30870526,0.4375,0.375,112.1636832,0.46875,0.34375,90.2389269,191
0.96875,0.859375,386.936743,0.984375,0.859375,447.6139736,0.96875,0.875,391.1609225,140
0.078125,0.640625,-192.6004541,0.09375,0.625,-154.2787345,0.09375,0.65625,-138.7089022,126
0.21875,0.59375,-27.15384766,0.25,0.625,198.4078074,0.25,0.5625,5.061809596,37
0.28125,0.53125,39.21067153,0.25,0.5625,5.061809596,0.3125,0.5625,50.94685902,5
0.28125,0.53125,39.21067153,0.25,0.5,27.47448404,0.25,0.5625,5.061809596,281
0.09375,0.78125,-70.82932075,0.125,0.8125,-175.6045774,0.0625,0.8125,-72.19961733,297
0.09375,0.78125,-70.82932075,0.125,0.75,-69.45902417,0.125,0.8125,-175.6045774,51
0.09375,0.84375,-52.93831387,0.0625,0.8125,-72.19961733,0.125,0.8125,-175.6045774,75
0.125,0.8125,-175.6045774,0.1875,0.8125,3.409189689,0.125,0.75,-69.45902417,0
0.1875,0.875,25.82355163,0.1875,0.8125,3.409189689,0.25,0.875,85.32411368,0
0.15625,0.84375,-15.13391037,0.125,0.8125,-175.6045774,0.1875,0.8125,3.409189689,0
0.59375,0.78125,240.4873805,0.625,0.8125,215.1681625,0.5625,0.8125,236.9382858,83
0.65625,0.78125,245.3312385,0.625,0.8125,215.1681625,0.6875,0.8125,283.9070785,95
0.21875,0.25,-49.29371733,0.25,0.25,-11.08488428,0.21875,0.28125,-47.44537567,27
0.171875,0.21875,-40.88349364,0.171875,0.234375,-143.6938357,0.1875,0.21875,-104.8885947,109
0.671875,0.609375,192.3843371,0.65625,0.625,267.6362796,0.65625,0.59375,184.0568975,18
0.21875,0.5625,-1.835430577,0.1875,0.5625,-117.3292822,0.21875,0.53125,4.247318963,2
0.21875,0.5625,-1.835430577,0.21875,0.53125,4.247318963,0.25,0.5625,5.061809596,65
0.890625,0.765625,331.5073683,0.90625,0.75,368.9029632,0.90625,0.78125,336.9258079,7
0.625,0.8125,215.1681625,0.625,0.875,265.4430685,0.6875,0.8125,283.9070785,5
0.6875,0.875,298.7145597,0.625,0.875,265.4430685,0.6875,0.8125,283.9070785,6
0.0625,0.125,-521.5580093,0.0625,0.0625,-384.9790751,0,0.125,-741.2030943,0
0.125,0.0625,-372.0370325,0.0625,0.0625,-384.9790751,0.125,0,-361.0196536,0
0.78125,0.6875,240.1723494,0.78125,0.65625,252.6193252,0.75,0.6875,315.1148139,13
0.75,0.65625,229.6500881,0.75,0.6875,315.1148139,0.78125,0.65625,252.6193252,15
0.640625,0.484375,33.5444188,0.65625,0.5,132.6204205,0.65625,0.46875,101.2968071,1
0.640625,0.484375,33.5444188,0.625,0.5,162.372331,0.65625,0.5,132.6204205,5
0.28125,0.4375,49.05217076,0.28125,0.46875,53.67856742,0.25,0.4375,18.22169072,346
0.984375,0.84375,416.2394449,0.984375,0.828125,397.3804106,1,0.84375,406.2739954,4
0.984375,0.84375,416.2394449,0.96875,0.84375,417.3388125,0.984375,0.828125,397.3804106,1
0.984375,0.8125,440.448864,0.984375,0.828125,397.3804106,1,0.8125,377.4220087,0
0.984375,0.8125,440.448864,0.96875,0.8125,322.4175023,0.984375,0.828125,397.3804106,1
0.328125,0.453125,49.3996947,0.3125,0.46875,50.34579743,0.3125,0.4375,79.8826508,4
0.328125,0.453125,49.3996947,0.34375,0.46875,-54.14074757,0.3125,0.46875,50.34579743,0
0.25,0.46875,41.2548808,0.25,0.4375,18.22169072,0.28125,0.46875,53.67856742,216
0.296875,0.453125,18.40840101,0.3125,0.46875,50.34579743,0.3125,0.4375,79.8826508,19
0.296875,0.453125,18.40840101,0.28125,0.46875,53.67856742,0.3125,0.46875,50.34579743,4
0.296875,0.484375,9.334883567,0.3125,0.46875,50.34579743,0.28125,0.46875,53.67856742,1
0.296875,0.484375,9.334883567,0.3125,0.5,86.19394938,0.3125,0.46875,50.34579743,0
0.0234375,0.6328125,-273.5345828,0.03125,0.625,-262.1655219,0.03125,0.640625,-236.0556846,69
0.046875,0.671875,-210.4582059,0.0625,0.65625,-182.3865977,0.0625,0.6875,-173.2354869,399
0.078125,0.671875,-155.9721946,0.0625,0.6875,-173.2354869,0.0625,0.65625,-182.3865977,312
0.046875,0.65625,-215.0337612,0.03125,0.65625,-247.6809248,0.046875,0.640625,-219.6093166,158
0.0234375,0.6328125,-273.5345828,0.03125,0.640625,-236.0556846,0.015625,0.640625,-284.9036437,80
0.03125,0.640625,-236.0556846,0.046875,0.640625,-219.6093166,0.03125,0.625,-262.1655219,66
0.03125,0.640625,-236.0556846,0.03125,0.65625,-247.6809248,0.046875,0.640625,-219.6093166,198
0.828125,0.859375,358.2642894,0.8125,0.84375,329.7739326,0.84375,0.84375,295.8397391,1
0.828125,0.859375,358.2642894,0.8125,0.875,373.6234959,0.8125,0.84375,329.7739326,65
0.828125,0.828125,335.7513457,0.8125,0.84375,329.7739326,0.8125,0.8125,285.9243694,8
0.828125,0.828125,335.7513457,0.84375,0.84375,295.8397391,0.8125,0.84375,329.7739326,1
0.796875,0.859375,310.2460712,0.8125,0.84375,329.7739326,0.78125,0.84375,313.1289031,0
0.796875,0.859375,310.2460712,0.8125,0.875,373.6234959,0.8125,0.84375,329.7739326,49
0.859375,0.75,334.8763946,0.859375,0.765625,331.7204056,0.875,0.75,326.0889288,7
0.859375,0.75,334.8763946,0.84375,0.75,319.2252696,0.859375,0.765625,331.7204056,7
0.140625,0.328125,-190.0926921,0.125,0.3125,-165.436324,0.15625,0.3125,-173.6359614,16
0.96875,0.796875,352.6583881,0.984375,0.796875,380.021497,0.96875,0.8125,322.4175023,0
0.96875,0.796875,352.6583881,0.96875,0.78125,340.0138227,0.984375,0.796875,380.021497,42
0.984375,0.8125,440.448864,0.984375,0.796875,380.021497,1,0.8125,377.4220087,1
0.984375,0.8125,440.448864,0.96875,0.8125,322.4175023,0.984375,0.796875,380.021497,1
0.953125,1,489.9838263,0.953125,0.984375,476.7379053,0.96875,1,463.7857013,25
0.953125,1,489.9838263,0.9375,1,451.8193128,0.953125,0.984375,476.7379053,9
0.140625,0.328125,-190.0926921,0.15625,0.3125,-173.6359614,0.15625,0.34375,-120.1663584,11
0.0546875,0.5078125,-362.946107,0.046875,0.5,-434.1790166,0.046875,0.515625,-377.0144412,20
0.0546875,0.5078125,-362.946107,0.0625,0.5,-336.475447,0.046875,0.5,-434.1790166,2
0.78125,0.859375,295.3114031,0.796875,0.859375,310.2460712,0.78125,0.875,237.0467726,13
0.78125,0.859375,295.3114031,0.78125,0.84375,313.1289031,0.796875,0.859375,310.2460712,0
0.0546875,0.6328125,-246.0804835,0.046875,0.625,-274.7650653,0.046875,0.640625,-219.6093166,26
0.0546875,0.6328125,-246.0804835,0.0625,0.625,-191.5377084,0.046875,0.625,-274.7650653,13
0.0546875,0.6171875,-271.0926126,0.046875,0.625,-274.7650653,0.046875,0.609375,-253.4484087,34
0.0546875,0.6171875,-271.0926126,0.0625,0.625,-191.5377084,0.046875,0.625,-274.7650653,8
0.0390625,0.6171875,-257.8069653,0.046875,0.625,-274.7650653,0.046875,0.609375,-253.4484087,5
0.0390625,0.6171875,-257.8069653,0.03125,0.625,-262.1655219,0.046875,0.625,-274.7650653,3
0.015625,0.6875,-92.14837438,0.03125,0.6875,-124.0681383,0.015625,0.703125,72.02826152,22
0,0.703125,586.4407955,0.015625,0.703125,72.02826152,0,0.71875,180.5791275,26
0.0078125,0.6953125,56.22595219,0,0.703125,586.4407955,0.015625,0.703125,72.02826152,9
0.0078125,0.6953125,56.22595219,0,0.6875,258.8768843,0,0.703125,586.4407955,11
0.15625,0.484375,-124.2889889,0.171875,0.484375,-13.05536875,0.15625,0.5,-79.16357274,1
0.15625,0.484375,-124.2889889,0.15625,0.46875,-169.4144051,0.171875,0.484375,-13.05536875,0
0.21875,0.5625,-1.835430577,0.21875,0.59375,-27.15384766,0.25,0.5625,5.061809596,30
0.21875,0.5625,-1.835430577,0.1875,0.5625,-117.3292822,0.21875,0.59375,-27.15384766,0
0.625,0.40625,180.5989823,0.65625,0.40625,139.3908306,0.625,0.4375,207.1774077,0
0.625,0.40625,180.5989823,0.625,0.375,154.0205569,0.65625,0.40625,139.3908306,0
0.1875,0.03125,-207.4132537,0.15625,0.03125,-262.7983753,0.1875,0,-221.5089363,7
0.15625,0.0625,-282.6773018,0.15625,0.03125,-262.7983753,0.125,0.0625,-372.0370325,2
0.65625,0.4375,109.0660241,0.65625,0.40625,139.3908306,0.625,0.4375,207.1774077,1
0.65625,0.4375,109.0660241,0.6875,0.4375,124.7611044,0.65625,0.40625,139.3908306,1
0.84375,0.734375,329.2687446,0.828125,0.734375,326.0348265,0.84375,0.75,319.2252696,0
0.84375,0.734375,329.2687446,0.84375,0.71875,306.9122886,0.828125,0.734375,326.0348265,3
0.875,0.71875,308.8478101,0.875,0.6875,291.6066915,0.84375,0.71875,306.9122886,25
0.828125,0.703125,271.2481704,0.84375,0.71875,306.9122886,0.8125,0.71875,283.2852964,17
0.828125,0.734375,326.0348265,0.8125,0.71875,283.2852964,0.84375,0.71875,306.9122886,919
0.78125,0.734375,278.5560053,0.796875,0.734375,299.5852021,0.78125,0.75,233.9687668,5
0.78125,0.6875,240.1723494,0.78125,0.71875,265.5184473,0.75,0.6875,315.1148139,10
0.75,0.71875,283.4998784,0.78125,0.71875,265.5184473,0.75,0.6875,315.1148139,8
0.796875,0.734375,299.5852021,0.8125,0.71875,283.2852964,0.78125,0.71875,265.5184473,857
0.15625,0.5625,32.5235318,0.1875,0.5625,-117.3292822,0.15625,0.59375,-110.7557998,0
0.140625,0.578125,-179.2433706,0.15625,0.5625,32.5235318,0.15625,0.59375,-110.7557998,1
0.1875,0.53125,-72.17049449,0.1875,0.5625,-117.3292822,0.15625,0.53125,-124.3223604,0
0.5703125,0.4609375,156.4647623,0.578125,0.46875,164.9195211,0.578125,0.453125,151.0300542,1
0.5703125,0.4609375,156.4647623,0.5625,0.46875,161.8994704,0.578125,0.46875,164.9195211,0
0.21875,0.0625,-148.2426535,0.21875,0.03125,-224.1765318,0.25,0.0625,-103.1677359,0
0.921875,0.953125,425.3922442,0.90625,0.96875,418.8564555,0.90625,0.9375,451.0674117,0
0.90625,0.875,418.4513166,0.90625,0.90625,411.0928494,0.9375,0.875,446.6449675,3
0.75,0.59375,210.2250888,0.71875,0.59375,223.873211,0.75,0.5625,171.5506094,849
0.734375,0.609375,183.7589515,0.71875,0.625,221.8922279,0.71875,0.59375,223.873211,7
0.734375,0.609375,183.7589515,0.75,0.625,248.8995682,0.71875,0.625,221.8922279,13
0.46875,0.5,155.0753226,0.46875,0.53125,109.2693741,0.4375,0.5,72.79889431,8
0.4375,0.53125,86.20540289,0.46875,0.53125,109.2693741,0.4375,0.5,72.79889431,0
0.4375,0.53125,86.20540289,0.4375,0.5625,99.61191147,0.46875,0.53125,109.2693741,0
0.46875,0.5625,182.1207654,0.46875,0.53125,109.2693741,0.5,0.5625,139.3625179,3
0.46875,0.5625,182.1207654,0.4375,0.5625,99.61191147,0.46875,0.53125,109.2693741,0
0.5,0.53125,214.8289512,0.46875,0.53125,109.2693741,0.5,0.5625,139.3625179,0
0.921875,0.859375,418.9097189,0.90625,0.875,418.4513166,0.90625,0.84375,388.9410809,56
0.921875,0.859375,418.9097189,0.9375,0.875,446.6449675,0.90625,0.875,418.4513166,33
0.890625,0.859375,389.5993733,0.90625,0.84375,388.9410809,0.90625,0.875,418.4513166,132
0.59375,0.6875,194.2412193,0.5625,0.6875,210.8754914,0.59375,0.71875,197.6471503,18
0.609375,0.734375,244.2470469,0.625,0.71875,207.5777716,0.59375,0.71875,197.6471503,354
0.21875,0.0625,-148.2426535,0.21875,0.09375,-70.1771228,0.25,0.0625,-103.1677359,0
0.21875,0.125,-148.6330773,0.21875,0.09375,-70.1771228,0.25,0.125,52.96332553,0
0.765625,0.765625,318.6283425,0.78125,0.78125,319.2640958,0.78125,0.75,233.9687668,7
0.796875,0.765625,318.2307789,0.78125,0.75,233.9687668,0.78125,0.78125,319.2640958,9
0.203125,0.109375,-175.9224653,0.21875,0.125,-148.6330773,0.21875,0.09375,-70.1771228,0
0.625,0.640625,191.4799372,0.640625,0.640625,189.7779986,0.625,0.65625,213.6929331,153
0.625,0.640625,191.4799372,0.625,0.625,169.2669413,0.640625,0.640625,189.7779986,15
0.671875,0.640625,258.8741598,0.65625,0.625,267.6362796,0.65625,0.65625,210.2890559,125
0.890625,0.796875,364.7254582,0.875,0.78125,288.1740148,0.90625,0.78125,336.9258079,230
0.890625,0.765625,331.5073683,0.875,0.78125,288.1740148,0.90625,0.78125,336.9258079,11
0.890625,0.765625,331.5073683,0.875,0.75,326.0889288,0.875,0.78125,288.1740148,3
0.5625,0.640625,171.7980713,0.578125,0.640625,160.536224,0.5625,0.625,190.6958892,4
0.5625,0.640625,171.7980713,0.5625,0.65625,195.1384614,0.578125,0.640625,160.536224,31
0.859375,0.765625,331.7204056,0.875,0.78125,288.1740148,0.84375,0.78125,346.1686868,4
0.859375,0.765625,331.7204056,0.875,0.75,326.0889288,0.875,0.78125,288.1740148,12
0.859375,0.796875,369.3468977,0.875,0.78125,288.1740148,0.84375,0.78125,346.1686868,18
0.546875,0.671875,179.3628274,0.5625,0.65625,195.1384614,0.5625,0.6875,210.8754914,0
0.09375,0.3125,-375.4401151,0.09375,0.28125,-413.5368169,0.125,0.3125,-165.436324,0
0.09375,0.3125,-375.4401151,0.0625,0.3125,-585.4439062,0.09375,0.28125,-413.5368169,0
0.125,0.28125,-203.5330258,0.09375,0.28125,-413.5368169,0.125,0.25,-241.6297276,0
0.125,0.28125,-203.5330258,0.125,0.3125,-165.436324,0.09375,0.28125,-413.5368169,6
0.125,0.34375,-160.9815869,0.09375,0.34375,-370.985378,0.125,0.3125,-165.436324,0
0.09375,0.3125,-375.4401151,0.09375,0.34375,-370.985378,0.125,0.3125,-165.436324,0
0.09375,0.3125,-375.4401151,0.0625,0.3125,-585.4439062,0.09375,0.34375,-370.985378,0
0.0625,0.34375,-543.3081585,0.09375,0.34375,-370.985378,0.0625,0.375,-501.1724108,0
0.0625,0.34375,-543.3081585,0.0625,0.3125,-585.4439062,0.09375,0.34375,-370.985378,0
0.09375,0.375,-328.8496303,0.09375,0.34375,-370.985378,0.0625,0.375,-501.1724108,5
0.578125,0.671875,212.7135966,0.5625,0.6875,210.8754914,0.5625,0.65625,195.1384614,2
0.796875,0.546875,260.9529688,0.78125,0.5625,188.9480345,0.8125,0.5625,206.3454597,3
0.921875,0.828125,365.5229957,0.90625,0.8125,376.4159083,0.90625,0.84375,388.9410809,6
0.15625,0.453125,-144.2635457,0.15625,0.46875,-169.4144051,0.140625,0.453125,-104.6192261,0
0.546875,0.546875,166.221456,0.53125,0.5625,81.67189242,0.53125,0.53125,161.9870131,31
0.546875,0.546875,166.221456,0.5625,0.5625,221.4571517,0.53125,0.5625,81.67189242,23
0.15625,0.1328125,-174.1209934,0.1640625,0.1328125,-201.4538459,0.15625,0.125,-172.336398,4
0.15625,0.1328125,-174.1209934,0.15625,0.140625,-175.9055889,0.1640625,0.1328125,-201.4538459,14
0.1640625,0.140625,-203.2384413,0.1640625,0.1328125,-201.4538459,0.15625,0.140625,-175.9055889,38
0.1640625,0.140625,-203.2384413,0.171875,0.140625,-230.5712938,0.1640625,0.1328125,-201.4538459,68
0.005859375,0.58203125,-290.2241024,0.005859375,0.583984375,-330.9716652,0.0078125,0.58203125,-373.1642681,0
0.00390625,0.65234375,152.8712937,0,0.6484375,310.686288,0.0078125,0.6484375,-158.2641915,10
0.01953125,0.578125,-513.6558706,0.01953125,0.57421875,-644.3766964,0.0234375,0.578125,-302.0868388,0
0.017578125,0.580078125,-329.5066908,0.015625,0.58203125,-504.2088392,0.01953125,0.58203125,-454.0188332,11
0.001953125,0.58203125,430.048781,0.00390625,0.58203125,-985.1222341,0.001953125,0.583984375,-111.5147483,13
0.1484375,0.15625,-208.9084658,0.15625,0.15625,-179.4747797,0.1484375,0.1640625,-207.7326157,106
0.001953125,0.5859375,-283.6092126,0.001953125,0.583984375,-111.5147483,0,0.5859375,-125.4046359,0
0.001953125,0.5859375,-283.6092126,0.00390625,0.5859375,-441.8137894,0.001953125,0.583984375,-111.5147483,7
0.001953125,0.580078125,-540.4825773,0.00390625,0.578125,-253.1884159,0.00390625,0.58203125,-985.1222341,15
0.1328125,0.4921875,-112.03995,0.125,0.484375,-141.9113764,0.140625,0.484375,-92.76446125,2
0.1328125,0.4921875,-112.03995,0.125,0.5,-131.3154387,0.125,0.484375,-141.9113764,23
0.78125,0.640625,242.9277844,0.78125,0.65625,252.6193252,0.765625,0.640625,250.7594467,290
0.765625,0.625,280.7940418,0.765625,0.640625,250.7594467,0.75,0.625,248.8995682,10
0.9921875,1,464.6478893,0.9921875,0.9921875,482.2281919,1,1,475.7520899,7
0.9921875,1,464.6478893,0.984375,1,554.2233013,0.9921875,0.9921875,482.2281919,30
0.140625,0.125,-311.648152,0.125,0.125,-301.9129243,0.140625,0.109375,-274.764086,0
0.15625,0.453125,-144.2635457,0.171875,0.453125,-116.970294,0.15625,0.4375,-119.1126863,0
0.15625,0.453125,-144.2635457,0.15625,0.46875,-169.4144051,0.171875,0.453125,-116.970294,0
0.171875,0.453125,-116.970294,0.1875,0.46875,-45.76894486,0.1875,0.4375,-64.5261829,0
0.171875,0.453125,-116.970294,0.15625,0.46875,-169.4144051,0.1875,0.46875,-45.76894486,0
0.171875,0.484375,-13.05536875,0.1875,0.46875,-45.76894486,0.15625,0.46875,-169.4144051,0
0.171875,0.484375,-13.05536875,0.1875,0.5,-27.01170682,0.1875,0.46875,-45.76894486,1
0.984375,0.984375,488.7042939,1,0.96875,472.056088,0.96875,0.96875,501.6564979,0
1,0.984375,473.9040889,1,0.96875,472.056088,0.984375,0.984375,488.7042939,1
0.9921875,0.9921875,482.2281919,0.984375,1,554.2233013,0.984375,0.984375,488.7042939,0
0.140625,0.234375,-209.6699267,0.125,0.21875,-245.5334437,0.15625,0.21875,-199.8851211,542
0.140625,0.234375,-209.6699267,0.125,0.25,-241.6297276,0.125,0.21875,-245.5334437,55
0.140625,0.203125,-219.9234315,0.125,0.21875,-245.5334437,0.15625,0.21875,-199.8851211,461
0.140625,0.203125,-219.9234315,0.125,0.1875,-292.5061238,0.125,0.21875,-245.5334437,3
0.125,0.21875,-245.5334437,0.09375,0.21875,-449.8833355,0.125,0.25,-241.6297276,1
0.125,0.21875,-245.5334437,0.125,0.1875,-292.5061238,0.09375,0.21875,-449.8833355,0
0.046875,0.796875,-33.78965899,0.0625,0.78125,-94.64681299,0.0625,0.8125,-72.19961733,45
0.046875,0.796875,-33.78965899,0.03125,0.78125,4.620299353,0.0625,0.78125,-94.64681299,41
0.046875,0.765625,-56.23685465,0.0625,0.78125,-94.64681299,0.03125,0.78125,4.620299353,38
0.046875,0.765625,-56.23685465,0.0625,0.75,-117.0940087,0.0625,0.78125,-94.64681299,74
0.0625,0.78125,-94.64681299,0.09375,0.78125,-70.82932075,0.0625,0.75,-117.0940087,76
0.0625,0.78125,-94.64681299,0.0625,0.8125,-72.19961733,0.09375,0.78125,-70.82932075,210
0.046875,0.4375,-481.2146628,0.046875,0.453125,-536.7101869,0.03125,0.4375,-699.4285566,7
0.046875,0.4375,-481.2146628,0.0625,0.4375,-403.5003605,0.046875,0.453125,-536.7101869,8
0.03125,0.453125,-641.0399685,0.046875,0.453125,-536.7101869,0.03125,0.4375,-699.4285566,5
0.03125,0.453125,-641.0399685,0.03125,0.46875,-612.9822553,0.046875,0.453125,-536.7101869,1
0.046875,0.453125,-536.7101869,0.0625,0.46875,-369.9879037,0.0625,0.4375,-403.5003605,6
0.046875,0.453125,-536.7101869,0.03125,0.46875,-612.9822553,0.0625,0.46875,-369.9879037,10
0.046875,0.484375,-515.3217549,0.0625,0.46875,-369.9879037,0.03125,0.46875,-612.9822553,8
0.046875,0.484375,-515.3217549,0.0625,0.5,-336.475447,0.0625,0.46875,-369.9879037,1
0.046875,0.75,-93.86166654,0.0625,0.75,-117.0940087,0.046875,0.765625,-56.23685465,41
0.0625,0.71875,-145.1647478,0.09375,0.71875,-121.3472555,0.0625,0.75,-117.0940087,419
0.0625,0.71875,-145.1647478,0.0625,0.6875,-173.2354869,0.09375,0.71875,-121.3472555,275
0.09375,0.6875,-148.7062889,0.0625,0.6875,-173.2354869,0.09375,0.71875,-121.3472555,139
0.9375,0.796875,353.7461887,0.921875,0.796875,363.042917,0.9375,0.78125,378.7506738,312
0.9375,0.796875,353.7461887,0.9375,0.8125,389.1600262,0.921875,0.796875,363.042917,3
0.921875,0.8125,425.7884254,0.921875,0.796875,363.042917,0.90625,0.8125,376.4159083,1
0.90625,0.796875,361.1243859,0.921875,0.796875,363.042917,0.90625,0.8125,376.4159083,1
0.90625,0.796875,361.1243859,0.90625,0.78125,336.9258079,0.921875,0.796875,363.042917,183
0.1875,0.28125,-85.65420872,0.1875,0.3125,-83.80586706,0.21875,0.28125,-47.44537567,604
0.171875,0.265625,-108.4659503,0.1875,0.28125,-85.65420872,0.15625,0.28125,-129.4293501,102
0.21875,0.28125,-47.44537567,0.25,0.3125,-1.057993437,0.25,0.25,-11.08488428,49
0.796875,0.703125,250.5512498,0.8125,0.71875,283.2852964,0.78125,0.71875,265.5184473,15
0.609375,0.609375,182.3144939,0.59375,0.625,169.4657232,0.59375,0.59375,195.3620465,3
0.546875,0.578125,165.0053738,0.53125,0.59375,184.2916445,0.5625,0.59375,154.4429807,49
0.15625,0.625,-52.29254396,0.15625,0.59375,-110.7557998,0.1875,0.625,-0.4027704072,1
0.609375,0.65625,214.1223174,0.609375,0.671875,168.202048,0.625,0.65625,213.6929331,3
0.609375,0.65625,214.1223174,0.59375,0.65625,214.5517017,0.609375,0.671875,168.202048,1
0.640625,0.515625,172.6252992,0.65625,0.5,132.6204205,0.65625,0.53125,180.6095924,22
0.640625,0.515625,172.6252992,0.625,0.5,162.372331,0.65625,0.5,132.6204205,28
0.15625,0.421875,-114.8196013,0.171875,0.421875,-87.52634963,0.15625,0.4375,-119.1126863,0
0.15625,0.421875,-114.8196013,0.15625,0.40625,-110.5265164,0.171875,0.421875,-87.52634963,0
0.609375,0.671875,168.202048,0.59375,0.6875,194.2412193,0.59375,0.65625,214.5517017,2
0.609375,0.671875,168.202048,0.625,0.6875,177.6069472,0.59375,0.6875,194.2412193,6
0.578125,0.671875,212.7135966,0.59375,0.6875,194.2412193,0.59375,0.65625,214.5517017,17
0.578125,0.671875,212.7135966,0.5625,0.6875,210.8754914,0.59375,0.6875,194.2412193,21
0.609375,0.703125,187.6270488,0.59375,0.6875,194.2412193,0.59375,0.71875,197.6471503,11
0.609375,0.703125,187.6270488,0.625,0.6875,177.6069472,0.59375,0.6875,194.2412193,2
0.25,0.15625,-88.28126223,0.28125,0.15625,-34.75205154,0.25,0.125,52.96332553,0
0.28125,0.1875,-47.32530318,0.3125,0.1875,24.74062671,0.28125,0.15625,-34.75205154,10
0.28125,0.125,14.10990217,0.28125,0.09375,20.5480393,0.25,0.125,52.96332553,0
0.28125,0.125,14.10990217,0.3125,0.125,-24.74352119,0.28125,0.09375,20.5480393,1
0.046875,0.75,-93.86166654,0.046875,0.765625,-56.23685465,0.03125,0.75,-59.72380841,5
0.015625,0.796875,303.2512373,0,0.8125,17.70022397,0,0.78125,209.4511138,0
0.53125,0.78125,222.6858944,0.5,0.8125,218.1038934,0.5625,0.8125,236.9382858,0
0.53125,0.78125,222.6858944,0.5,0.75,208.433503,0.5,0.8125,218.1038934,0
0.5625,0.78125,142.0800983,0.53125,0.78125,222.6858944,0.5625,0.75,104.3468612,0
0.5625,0.78125,142.0800983,0.5625,0.8125,236.9382858,0.53125,0.78125,222.6858944,0
0.53125,0.75,156.3901821,0.53125,0.78125,222.6858944,0.5,0.75,208.433503,0
0.53125,0.75,156.3901821,0.5625,0.75,104.3468612,0.53125,0.78125,222.6858944,0
0.5,0.8125,218.1038934,0.4375,0.8125,175.9494167,0.5,0.875,227.7742838,0
0.5,0.8125,218.1038934,0.5,0.75,208.433503,0.4375,0.8125,175.9494167,0
0.0625,0.71875,-145.1647478,0.0625,0.6875,-173.2354869,0.03125,0.71875,-114.8203612,311
0.015625,0.580078125,-523.1696291,0.017578125,0.580078125,-329.5066908,0.015625,0.58203125,-504.2088392,1
0.546875,0.625,161.4539373,0.546875,0.609375,187.4937668,0.53125,0.625,132.2119855,1
0.546875,0.625,161.4539373,0.5625,0.625,190.6958892,0.546875,0.609375,187.4937668,1
0.59375,0.484375,141.5730647,0.609375,0.484375,165.1559515,0.59375,0.5,115.2065574,4
0.59375,0.484375,141.5730647,0.59375,0.46875,167.9395719,0.609375,0.484375,165.1559515,7
0.017578125,0.583984375,-368.6058046,0.01953125,0.5859375,-377.3301161,0.01953125,0.58203125,-454.0188332,13
0.18359375,0.12890625,-209.0214797,0.1875,0.1328125,-212.8011518,0.1796875,0.1328125,-136.3751516,37
0.01953125,0.59765625,-353.3088799,0.015625,0.6015625,-376.4824916,0.0234375,0.6015625,-324.0904384,36
0.01953125,0.59765625,-353.3088799,0.015625,0.59375,-382.5273214,0.015625,0.6015625,-376.4824916,37
0.765625,0.625,280.7940418,0.765625,0.609375,238.261041,0.75,0.625,248.8995682,2
0.765625,0.625,280.7940418,0.78125,0.625,233.2362436,0.765625,0.609375,238.261041,37
0.3515625,0.4609375,56.44071693,0.359375,0.46875,23.42361786,0.34375,0.46875,-54.14074757,0
0.3515625,0.4609375,56.44071693,0.359375,0.453125,87.96547606,0.359375,0.46875,23.42361786,0
0.359375,0.484375,45.38633357,0.34375,0.5,115.553682,0.34375,0.46875,-54.14074757,0
0.359375,0.484375,45.38633357,0.375,0.5,144.9134147,0.34375,0.5,115.553682,4
0.359375,0.46875,23.42361786,0.359375,0.484375,45.38633357,0.375,0.46875,100.9879833,0
0.359375,0.46875,23.42361786,0.34375,0.46875,-54.14074757,0.359375,0.484375,45.38633357,1
0.5546875,0.640625,48.53305891,0.546875,0.640625,150.09739,0.5546875,0.6328125,170.3966396,1
0.0078125,0.5078125,-771.9197877,0.015625,0.5,-736.8624086,0.015625,0.515625,-751.9849938,21
0.0078125,0.5078125,-771.9197877,0,0.5,-893.036975,0.015625,0.5,-736.8624086,3
0.0078125,0.609375,-291.0680884,0.0078125,0.6015625,-371.1138713,0,0.609375,-57.98991184,5
0.0078125,0.609375,-291.0680884,0.015625,0.609375,-332.8217679,0.0078125,0.6015625,-371.1138713,30
0.0234375,0.609375,-365.5762726,0.015625,0.609375,-332.8217679,0.0234375,0.6015625,-324.0904384,37
0.03125,0.6015625,-325.8334145,0.0234375,0.6015625,-324.0904384,0.03125,0.609375,-336.3077201,70
0.18359375,0.13671875,-146.6062583,0.1875,0.1328125,-212.8011518,0.1796875,0.1328125,-136.3751516,23
0.18359375,0.13671875,-146.6062583,0.1875,0.140625,-143.9344957,0.1875,0.1328125,-212.8011518,33
0.0078125,0.65625,-85.63878559,0.015625,0.65625,-139.652832,0.0078125,0.6484375,-158.2641915,54
0.02734375,0.59765625,-403.9014902,0.03125,0.6015625,-325.8334145,0.03125,0.59375,-315.3591089,76
0.02734375,0.59765625,-403.9014902,0.0234375,0.6015625,-324.0904384,0.03125,0.6015625,-325.8334145,38
0.1640625,0.0859375,-234.0408286,0.15625,0.078125,-265.1462748,0.15625,0.09375,-247.6152477,3
0.1640625,0.0859375,-234.0408286,0.171875,0.078125,-220.4664094,0.15625,0.078125,-265.1462748,5
0.0546875,0.640625,-254.6883162,0.0546875,0.6328125,-246.0804835,0.0625,0.640625,-186.9621531,7
0.0546875,0.640625,-254.6883162,0.046875,0.640625,-219.6093166,0.0546875,0.6328125,-246.0804835,21
0.0078125,0.65625,-85.63878559,0.015625,0.65625,-139.652832,0.0078125,0.6640625,-76.68729421,46
0,0.6640625,435.2892864,0.0078125,0.6640625,-76.68729421,0,0.671875,242.9823038,7
0.00390625,0.66015625,157.2745677,0,0.6640625,435.2892864,0.0078125,0.6640625,-76.68729421,5
0.00390625,0.66015625,157.2745677,0,0.65625,-31.62473919,0,0.6640625,435.2892864,8
0.6171875,0.640625,293.7014056,0.6171875,0.6484375,202.8011273,0.625,0.640625,191.4799372,8
0.6171875,0.640625,293.7014056,0.609375,0.640625,191.9093215,0.6171875,0.6484375,202.8011273,9
0.1875,0.12890625,-90.51318686,0.18359375,0.12890625,-209.0214797,0.1875,0.125,-281.6678078,6
0.1875,0.12890625,-90.51318686,0.1875,0.1328125,-212.8011518,0.18359375,0.12890625,-209.0214797,12
0.6171875,0.6484375,202.8011273,0.625,0.65625,213.6929331,0.609375,0.65625,214.1223174,165
0.001953125,0.513671875,-564.5601805,0.00390625,0.515625,-745.5791966,0.00390625,0.51171875,-736.4927105,6
0.001953125,0.513671875,-564.5601805,0,0.515625,-743.4439308,0.00390625,0.515625,-745.5791966,6
0.1796875,0.0703125,-206.8919903,0.171875,0.0625,-237.9974365,0.171875,0.078125,-220.4664094,48
0.1796875,0.0703125,-206.8919903,0.1875,0.0625,-193.3175711,0.171875,0.0625,-237.9974365,6
0.001953125,0.57421875,-529.3448914,0.00390625,0.57421875,-409.0749516,0.001953125,0.576171875,-252.458936,4
0.001953125,0.580078125,-540.4825773,0,0.578125,-95.84292043,0.00390625,0.578125,-253.1884159,12
0.16796875,0.14453125,-217.7971653,0.171875,0.1484375,-184.8419372,0.1640625,0.1484375,-205.0230368,63
0.171875,0.14453125,-207.7066155,0.17578125,0.14453125,-150.4965543,0.171875,0.1484375,-184.8419372,38
0.17578125,0.14453125,-150.4965543,0.1796875,0.1484375,-164.6608376,0.171875,0.1484375,-184.8419372,74
0.171875,0.1484375,-184.8419372,0.1640625,0.1484375,-205.0230368,0.171875,0.15625,-139.1125805,80
0.15625,0.1484375,-177.6901843,0.1640625,0.1484375,-205.0230368,0.15625,0.140625,-175.9055889,53
0.0078125,0.58203125,-373.1642681,0.0078125,0.5859375,-335.7946248,0.01171875,0.58203125,-530.5097636,32
0.671875,0.734375,212.2046937,0.6875,0.71875,218.5341316,0.65625,0.71875,249.2594646,176
0.6875,0.78125,254.1396818,0.6875,0.8125,283.9070785,0.65625,0.78125,245.3312385,7
0.625,0.78125,229.6023189,0.625,0.8125,215.1681625,0.65625,0.78125,245.3312385,67
0.640625,0.765625,278.8285478,0.65625,0.75,99.30103542,0.65625,0.78125,245.3312385,6
0.671875,0.765625,210.2405806,0.65625,0.75,99.30103542,0.65625,0.78125,245.3312385,5
0.609375,0.453125,188.2661678,0.625,0.4375,207.1774077,0.625,0.46875,166.5790843,1
0.609375,0.453125,188.2661678,0.625,0.46875,166.5790843,0.59375,0.46875,167.9395719,2
0.921875,0.8125,425.7884254,0.9375,0.8125,389.1600262,0.921875,0.796875,363.042917,1
0.953125,0.8125,398.686131,0.953125,0.796875,364.5869245,0.96875,0.8125,322.4175023,4
0.953125,0.8125,398.686131,0.9375,0.8125,389.1600262,0.953125,0.796875,364.5869245,3
0.921875,0.796875,363.042917,0.90625,0.78125,336.9258079,0.9375,0.78125,378.7506738,473
0.8828125,0.8046875,235.2546114,0.890625,0.8125,393.8795629,0.890625,0.796875,364.7254582,0
0.96875,0.75,339.0825689,0.96875,0.78125,340.0138227,1,0.75,338.4911547,4
0.953125,0.765625,343.2824984,0.9375,0.78125,378.7506738,0.96875,0.78125,340.0138227,5
0.65625,0.4375,109.0660241,0.65625,0.46875,101.2968071,0.625,0.4375,207.1774077,4
0.65625,0.4375,109.0660241,0.6875,0.4375,124.7611044,0.65625,0.46875,101.2968071,21
0.625,0.46875,166.5790843,0.625,0.4375,207.1774077,0.65625,0.46875,101.2968071,2
0.65625,0.5,132.6204205,0.65625,0.46875,101.2968071,0.6875,0.5,162.8826201,11
0.640625,0.484375,33.5444188,0.625,0.46875,166.5790843,0.65625,0.46875,101.2968071,2
0.640625,0.484375,33.5444188,0.625,0.5,162.372331,0.625,0.46875,166.5790843,6
0.15625,0.03125,-262.7983753,0.125,0,-361.0196536,0.1875,0,-221.5089363,18
0.78125,0.734375,278.5560053,0.78125,0.71875,265.5184473,0.796875,0.734375,299.5852021,47
0.0234375,0.5390625,-486.2642579,0.015625,0.53125,-537.8245468,0.03125,0.53125,-393.4877624,4
0.015625,0.5,-736.8624086,0.03125,0.5,-580.6878422,0.015625,0.515625,-751.9849938,7
0.8125,0.734375,319.5234513,0.828125,0.734375,326.0348265,0.8125,0.75,345.1573644,0
0.8125,0.734375,319.5234513,0.8125,0.71875,283.2852964,0.828125,0.734375,326.0348265,114
0.796875,0.75,305.0024096,0.796875,0.734375,299.5852021,0.8125,0.75,345.1573644,1
0.796875,0.75,305.0024096,0.78125,0.75,233.9687668,0.796875,0.734375,299.5852021,1
0.8125,0.734375,319.5234513,0.796875,0.734375,299.5852021,0.8125,0.75,345.1573644,1
0.8125,0.734375,319.5234513,0.8125,0.71875,283.2852964,0.796875,0.734375,299.5852021,108
0.859375,0.890625,383.0958328,0.84375,0.875,381.9405809,0.875,0.875,390.2576658,0
0.859375,0.890625,383.0958328,0.84375,0.90625,375.9339998,0.84375,0.875,381.9405809,5
0.859375,0.859375,368.523933,0.84375,0.875,381.9405809,0.84375,0.84375,295.8397391,208
0.859375,0.859375,368.523933,0.875,0.875,390.2576658,0.84375,0.875,381.9405809,7
0.828125,0.859375,358.2642894,0.84375,0.875,381.9405809,0.84375,0.84375,295.8397391,104
0.828125,0.859375,358.2642894,0.8125,0.875,373.6234959,0.84375,0.875,381.9405809,30
0.046875,0.421875,-550.0426107,0.0625,0.40625,-452.3363856,0.0625,0.4375,-403.5003605,0
0.046875,0.421875,-550.0426107,0.03125,0.40625,-696.5848609,0.0625,0.40625,-452.3363856,0
0.046875,0.4375,-481.2146628,0.046875,0.421875,-550.0426107,0.03125,0.4375,-699.4285566,0
0.046875,0.4375,-481.2146628,0.0625,0.4375,-403.5003605,0.046875,0.421875,-550.0426107,2
0.875,0.859375,350.2073388,0.859375,0.859375,368.523933,0.875,0.84375,368.4141148,2
0.875,0.859375,350.2073388,0.875,0.875,390.2576658,0.859375,0.859375,368.523933,66
0.859375,0.84375,459.7947054,0.859375,0.859375,368.523933,0.875,0.84375,368.4141148,4
0.859375,0.84375,459.7947054,0.84375,0.84375,295.8397391,0.859375,0.859375,368.523933,2
0.890625,0.875,373.0944453,0.890625,0.859375,389.5993733,0.90625,0.875,418.4513166,79
0.890625,0.875,373.0944453,0.875,0.875,390.2576658,0.890625,0.859375,389.5993733,0
0.890625,0.84375,348.595011,0.890625,0.859375,389.5993733,0.875,0.84375,368.4141148,0
0.890625,0.84375,348.595011,0.90625,0.84375,388.9410809,0.890625,0.859375,389.5993733,0
0.875,0.859375,350.2073388,0.890625,0.859375,389.5993733,0.875,0.84375,368.4141148,0
0.875,0.859375,350.2073388,0.875,0.875,390.2576658,0.890625,0.859375,389.5993733,237
0.90625,0.734375,349.7246315,0.890625,0.734375,317.4353605,0.90625,0.75,368.9029632,3
0.90625,0.734375,349.7246315,0.90625,0.71875,308.7817922,0.890625,0.734375,317.4353605,162
0.671875,0.5625,186.6463088,0.671875,0.578125,191.4518756,0.65625,0.5625,192.2449081,6
0.671875,0.5625,186.6463088,0.6875,0.5625,198.8468537,0.671875,0.578125,191.4518756,13
0.671875,0.546875,189.728223,0.6875,0.53125,180.8647369,0.6875,0.5625,198.8468537,6
0.671875,0.546875,189.728223,0.65625,0.53125,180.6095924,0.6875,0.53125,180.8647369,11
0.015625,0.828125,218.3911255,0,0.84375,8.947297574,0.03125,0.84375,118.0211226,7
0.015625,0.828125,218.3911255,0,0.8125,17.70022397,0,0.84375,8.947297574,3
0.671875,0.5625,186.6463088,0.671875,0.546875,189.728223,0.65625,0.5625,192.2449081,1
0.671875,0.5625,186.6463088,0.6875,0.5625,198.8468537,0.671875,0.546875,189.728223,2
0.765625,0.484375,149.6551944,0.75,0.46875,17.36571754,0.78125,0.46875,135.334304,7
0.765625,0.484375,149.6551944,0.75,0.5,163.9760847,0.75,0.46875,17.36571754,13
0.78125,0.484375,113.9931569,0.796875,0.484375,165.7246428,0.78125,0.5,68.2056441,0
0.78125,0.484375,113.9931569,0.78125,0.46875,135.334304,0.796875,0.484375,165.7246428,3
0.796875,0.5,161.3160113,0.796875,0.484375,165.7246428,0.8125,0.5,196.1149815,5
0.796875,0.5,161.3160113,0.78125,0.5,68.2056441,0.796875,0.484375,165.7246428,5
0.75,0.46875,17.36571754,0.71875,0.46875,144.3685946,0.75,0.5,163.9760847,11
0.75,0.46875,17.36571754,0.75,0.4375,133.6774236,0.71875,0.46875,144.3685946,8
0.78125,0.484375,113.9931569,0.765625,0.484375,149.6551944,0.78125,0.5,68.2056441,1
0.78125,0.484375,113.9931569,0.78125,0.46875,135.334304,0.765625,0.484375,149.6551944,8
0.5859375,0.6484375,187.5439628,0.59375,0.640625,192.0087124,0.59375,0.65625,214.5517017,318
0.890625,0.8125,393.8795629,0.90625,0.8125,376.4159083,0.890625,0.796875,364.7254582,0
0.90625,0.796875,361.1243859,0.890625,0.796875,364.7254582,0.90625,0.8125,376.4159083,1
0.90625,0.796875,361.1243859,0.90625,0.78125,336.9258079,0.890625,0.796875,364.7254582,436
0.8828125,0.8046875,235.2546114,0.875,0.8125,392.5251085,0.890625,0.8125,393.8795629,7
0.078125,0.609375,-198.9623974,0.0625,0.59375,-250.0647818,0.09375,0.59375,-206.3870863,71
0.875,0.796875,340.3495617,0.890625,0.796875,364.7254582,0.875,0.78125,288.1740148,31
0.015625,0.28125,-904.0452484,0.015625,0.265625,-907.1316985,0,0.28125,-1008.188062,0
0.015625,0.28125,-904.0452484,0.03125,0.28125,-799.9024344,0.015625,0.265625,-907.1316985,0
0.09375,0.09375,-343.4459997,0.0625,0.125,-521.5580093,0.0625,0.0625,-384.9790751,0
0.09375,0.09375,-343.4459997,0.125,0.125,-301.9129243,0.0625,0.125,-521.5580093,0
0.09375,0.15625,-480.0249339,0.0625,0.125,-521.5580093,0.125,0.125,-301.9129243,1
0.09375,0.15625,-480.0249339,0.0625,0.1875,-658.1369434,0.0625,0.125,-521.5580093,0
0.546875,0.578125,165.0053738,0.53125,0.5625,81.67189242,0.5625,0.5625,221.4571517,2
0.515625,0.546875,150.6747655,0.53125,0.5625,81.67189242,0.53125,0.53125,161.9870131,5
0.59375,0.5,115.2065574,0.59375,0.53125,194.4605156,0.625,0.5,162.372331,391
0.609375,0.484375,165.1559515,0.625,0.5,162.372331,0.59375,0.5,115.2065574,2
0.625,0.53125,137.4072688,0.59375,0.53125,194.4605156,0.625,0.5,162.372331,22
0.8125,0.90625,297.5093147,0.84375,0.90625,375.9339998,0.8125,0.875,373.6234959,3
0.875,0.921875,452.8948987,0.859375,0.921875,377.7040957,0.875,0.9375,377.1708565,116
0.984375,0.984375,488.7042939,0.96875,1,463.7857013,0.96875,0.96875,501.6564979,0
0.953125,0.984375,476.7379053,0.96875,1,463.7857013,0.96875,0.96875,501.6564979,0
0.828125,0.921875,368.7721668,0.8125,0.9375,361.6103337,0.84375,0.9375,376.4474977,19
0.859375,0.953125,391.0573162,0.84375,0.9375,376.4474977,0.84375,0.96875,404.9437759,4
0.8125,0.65625,258.8621078,0.84375,0.65625,258.5067542,0.8125,0.625,217.572919,516
0.859375,0.640625,243.6903525,0.84375,0.625,237.9054258,0.84375,0.65625,258.5067542,4
0.859375,0.640625,243.6903525,0.875,0.625,228.8739509,0.84375,0.625,237.9054258,0
0.84375,0.625,237.9054258,0.84375,0.65625,258.5067542,0.8125,0.625,217.572919,25
0.875,0.59375,221.3486533,0.84375,0.59375,185.5889477,0.875,0.5625,179.1497528,7
0.875,0.59375,221.3486533,0.875,0.625,228.8739509,0.84375,0.59375,185.5889477,2
0.84375,0.5625,216.6057974,0.84375,0.59375,185.5889477,0.875,0.5625,179.1497528,2
0.84375,0.5625,216.6057974,0.8125,0.5625,206.3454597,0.84375,0.59375,185.5889477,18
0.8125,0.59375,200.9377199,0.8125,0.5625,206.3454597,0.84375,0.59375,185.5889477,46
0.84375,0.625,237.9054258,0.875,0.625,228.8739509,0.84375,0.59375,185.5889477,0
0.828125,0.609375,220.7633228,0.84375,0.625,237.9054258,0.84375,0.59375,185.5889477,5
0.828125,0.609375,220.7633228,0.8125,0.625,217.572919,0.84375,0.625,237.9054258,8
0.921875,0.765625,243.730811,0.90625,0.75,368.9029632,0.90625,0.78125,336.9258079,4
0.9375,0.65625,316.5386938,0.96875,0.65625,262.8871552,0.9375,0.625,244.4741187,33
0.9375,0.65625,316.5386938,0.9375,0.6875,307.2293296,0.96875,0.65625,262.8871552,16
0.578125,0.734375,150.9970057,0.5625,0.71875,284.941145,0.59375,0.71875,197.6471503,380
0.984375,0.890625,414.5122921,1,0.875,399.1049289,1,0.90625,425.8957072,0
0.984375,0.921875,449.1398707,1,0.9375,468.3600862,1,0.90625,425.8957072,40
0.53125,0.75,156.3901821,0.53125,0.71875,209.6544972,0.5,0.75,208.433503,0
0.5625,0.71875,284.941145,0.5625,0.6875,210.8754914,0.53125,0.71875,209.6544972,3
0.546875,0.734375,157.0006792,0.5625,0.71875,284.941145,0.53125,0.71875,209.6544972,7
0.015625,0.515625,-751.9849938,0.03125,0.5,-580.6878422,0.03125,0.53125,-393.4877624,32
0.046875,0.515625,-377.0144412,0.03125,0.5,-580.6878422,0.03125,0.53125,-393.4877624,30
0.140625,0.078125,-309.8261401,0.125,0.0625,-372.0370325,0.15625,0.0625,-282.6773018,9
0.0625,0.46875,-369.9879037,0.09375,0.46875,-253.4963357,0.0625,0.5,-336.475447,0
0.0625,0.46875,-369.9879037,0.0625,0.4375,-403.5003605,0.09375,0.46875,-253.4963357,3
0.09375,0.5,-210.7741003,0.09375,0.46875,-253.4963357,0.0625,0.5,-336.475447,4
0.125,0.46875,-152.5073142,0.125,0.4375,-173.6991897,0.09375,0.46875,-253.4963357,101
0.09375,0.4375,-288.5997751,0.09375,0.46875,-253.4963357,0.125,0.4375,-173.6991897,44
0.09375,0.4375,-288.5997751,0.0625,0.4375,-403.5003605,0.09375,0.46875,-253.4963357,15
0.1484375,0.140625,-214.3746545,0.1484375,0.1328125,-252.5624199,0.15625,0.140625,-175.9055889,13
0.1484375,0.140625,-214.3746545,0.140625,0.140625,-240.693852,0.1484375,0.1328125,-252.5624199,24
0.671875,0.546875,189.728223,0.65625,0.53125,180.6095924,0.65625,0.5625,192.2449081,13
0.640625,0.546875,150.3930904,0.65625,0.5625,192.2449081,0.65625,0.53125,180.6095924,4
0.609375,0.671875,168.202048,0.625,0.6875,177.6069472,0.625,0.65625,213.6929331,25
0.640625,0.578125,197.4632203,0.65625,0.5625,192.2449081,0.65625,0.59375,184.0568975,109
0.671875,0.578125,191.4518756,0.65625,0.5625,192.2449081,0.65625,0.59375,184.0568975,125
0.890625,0.609375,243.129138,0.875,0.59375,221.3486533,0.875,0.625,228.8739509,1
0.890625,0.609375,243.129138,0.90625,0.59375,257.3843252,0.875,0.59375,221.3486533,12
0.078125,0.515625,-266.3544087,0.09375,0.5,-210.7741003,0.09375,0.53125,-196.2333704,36
0.078125,0.515625,-266.3544087,0.0625,0.5,-336.475447,0.09375,0.5,-210.7741003,7
0.109375,0.484375,-192.4058872,0.09375,0.5,-210.7741003,0.09375,0.46875,-253.4963357,1
0.109375,0.484375,-192.4058872,0.125,0.5,-131.3154387,0.09375,0.5,-210.7741003,9
0.109375,0.515625,-163.7744046,0.09375,0.5,-210.7741003,0.09375,0.53125,-196.2333704,78
0.109375,0.515625,-163.7744046,0.125,0.5,-131.3154387,0.09375,0.5,-210.7741003,34
0.171875,0.515625,1.309107197,0.1875,0.53125,-72.17049449,0.15625,0.53125,-124.3223604,0
0.171875,0.515625,1.309107197,0.1875,0.5,-27.01170682,0.1875,0.53125,-72.17049449,0
0.828125,0.921875,368.7721668,0.8125,0.90625,297.5093147,0.84375,0.90625,375.9339998,1
0.828125,0.921875,368.7721668,0.8125,0.9375,361.6103337,0.8125,0.90625,297.5093147,5
0.28125,0.125,14.10990217,0.28125,0.15625,-34.75205154,0.25,0.125,52.96332553,0
0.28125,0.125,14.10990217,0.3125,0.125,-24.74352119,0.28125,0.15625,-34.75205154,2
0.015625,0.576171875,108.9873824,0.015625,0.578125,-725.2249024,0.013671875,0.576171875,-413.5238104,1
0.00390625,0.5625,-445.8543908,0.0078125,0.5625,-597.0439833,0.00390625,0.56640625,-508.4858906,10
0.01953125,0.59375,-365.7352683,0.01953125,0.59765625,-353.3088799,0.015625,0.59375,-382.5273214,36
0.0009765625,0.5830078125,-111.0692632,0,0.58203125,-110.6237781,0.001953125,0.58203125,430.048781,0
0.015625,0.580078125,-523.1696291,0.013671875,0.580078125,-391.4132763,0.015625,0.58203125,-504.2088392,3
0.015625,0.580078125,-523.1696291,0.015625,0.578125,-725.2249024,0.013671875,0.580078125,-391.4132763,2
0.017578125,0.576171875,-684.8007994,0.01953125,0.578125,-513.6558706,0.015625,0.578125,-725.2249024,4
0.017578125,0.576171875,-684.8007994,0.01953125,0.57421875,-644.3766964,0.01953125,0.578125,-513.6558706,2
0.017578125,0.580078125,-329.5066908,0.01953125,0.578125,-513.6558706,0.01953125,0.58203125,-454.0188332,13
0.017578125,0.580078125,-329.5066908,0.015625,0.578125,-725.2249024,0.01953125,0.578125,-513.6558706,4
0.171875,0.1640625,-179.6888002,0.1640625,0.1640625,-178.9164676,0.171875,0.15625,-139.1125805,48
0.171875,0.1640625,-179.6888002,0.171875,0.171875,-178.3581554,0.1640625,0.1640625,-178.9164676,28
0.1640625,0.15625,-159.2936801,0.1640625,0.1640625,-178.9164676,0.171875,0.15625,-139.1125805,109
0.1640625,0.15625,-159.2936801,0.15625,0.15625,-179.4747797,0.1640625,0.1640625,-178.9164676,62
0.125,0.484375,-141.9113764,0.109375,0.484375,-192.4058872,0.125,0.5,-131.3154387,12
0.125,0.484375,-141.9113764,0.125,0.46875,-152.5073142,0.109375,0.484375,-192.4058872,17
0.1796875,0.09375,-149.9000017,0.1796875,0.1015625,-222.5569555,0.1875,0.09375,-180.4723833,40
0.1796875,0.09375,-149.9000017,0.171875,0.09375,-174.8776374,0.1796875,0.1015625,-222.5569555,40
0.00390625,0.5859375,-441.8137894,0.0078125,0.5859375,-335.7946248,0.00390625,0.58984375,-375.515214,23
0.00390625,0.59375,-150.639969,0.00390625,0.58984375,-375.515214,0,0.59375,102.9789574,10
0.00390625,0.59375,-150.639969,0.0078125,0.59375,-404.2588953,0.00390625,0.58984375,-375.515214,12
0.00390625,0.51953125,-708.1809355,0.0078125,0.515625,-747.7144623,0.0078125,0.5234375,-672.9179402,19
0.00390625,0.51171875,-736.4927105,0.0078125,0.515625,-747.7144623,0.0078125,0.5078125,-771.9197877,4
0,0.51171875,-772.0044853,0,0.5078125,-800.5650398,0.00390625,0.51171875,-736.4927105,11
0.0078125,0.515625,-747.7144623,0.015625,0.515625,-751.9849938,0.0078125,0.5234375,-672.9179402,49
0.0078125,0.53125,-782.3366005,0.015625,0.53125,-537.8245468,0.0078125,0.5234375,-672.9179402,114
0.1484375,0.4296875,-130.6127697,0.15625,0.421875,-114.8196013,0.140625,0.421875,-142.112853,0
0.1484375,0.4296875,-130.6127697,0.15625,0.4375,-119.1126863,0.15625,0.421875,-114.8196013,0
0.1953125,0.1171875,-228.7951366,0.203125,0.125,-215.1504426,0.203125,0.109375,-175.9224653,1
0.1953125,0.1328125,-218.1274245,0.203125,0.125,-215.1504426,0.203125,0.140625,-154.5870412,0
0.03125,0.796875,108.82358,0.03125,0.78125,4.620299353,0.046875,0.796875,-33.78965899,11
0.046875,0.8125,73.05736332,0.0625,0.8125,-72.19961733,0.046875,0.796875,-33.78965899,0
0.0390625,0.8046875,-162.8040296,0.046875,0.8125,73.05736332,0.046875,0.796875,-33.78965899,2
0.0390625,0.8046875,-162.8040296,0.03125,0.8125,213.0268606,0.046875,0.8125,73.05736332,3
0.1328125,0.5078125,-129.5671691,0.140625,0.5,-105.2395057,0.140625,0.515625,-127.8188995,1
0.28125,0.4375,49.05217076,0.28125,0.40625,44.4257741,0.25,0.4375,18.22169072,559
0.28125,0.4375,49.05217076,0.3125,0.4375,79.8826508,0.28125,0.40625,44.4257741,313
0.578125,0.5,225.3049505,0.5625,0.5,89.31104149,0.578125,0.484375,128.6253067,6
0.015625,0.6171875,-317.915465,0.0234375,0.6171875,-297.4936449,0.015625,0.625,-282.1223645,7
0.015625,0.6171875,-317.915465,0.015625,0.609375,-332.8217679,0.0234375,0.6171875,-297.4936449,19
0.0234375,0.609375,-365.5762726,0.0234375,0.6171875,-297.4936449,0.03125,0.609375,-336.3077201,3
0.0234375,0.609375,-365.5762726,0.015625,0.609375,-332.8217679,0.0234375,0.6171875,-297.4936449,6
0.296875,0.453125,18.40840101,0.28125,0.46875,53.67856742,0.28125,0.4375,49.05217076,49
0.0078125,0.609375,-291.0680884,0.0078125,0.6171875,-270.5840904,0,0.609375,-57.98991184,2
0.0078125,0.609375,-291.0680884,0.015625,0.609375,-332.8217679,0.0078125,0.6171875,-270.5840904,10
0.015625,0.6015625,-376.4824916,0.015625,0.609375,-332.8217679,0.0078125,0.6015625,-371.1138713,71
0.015625,0.65625,-139.652832,0.03125,0.65625,-247.6809248,0.015625,0.671875,-121.7498492,510
0.0390625,0.609375,-316.5173097,0.0390625,0.6171875,-257.8069653,0.03125,0.609375,-336.3077201,8
0.0390625,0.609375,-316.5173097,0.046875,0.609375,-253.4484087,0.0390625,0.6171875,-257.8069653,16
0.0546875,0.5078125,-362.946107,0.0625,0.515625,-329.504549,0.046875,0.515625,-377.0144412,5
0.0625,0.515625,-329.504549,0.078125,0.515625,-266.3544087,0.0625,0.5,-336.475447,5
0.0625,0.515625,-329.504549,0.0625,0.53125,-322.533651,0.078125,0.515625,-266.3544087,11
0.0546875,0.5078125,-362.946107,0.0625,0.5,-336.475447,0.0625,0.515625,-329.504549,1
0.0390625,0.609375,-316.5173097,0.0390625,0.6015625,-329.2852806,0.03125,0.609375,-336.3077201,72
0.0390625,0.609375,-316.5173097,0.046875,0.609375,-253.4484087,0.0390625,0.6015625,-329.2852806,50
0.0390625,0.5859375,-313.6672954,0.046875,0.59375,-282.7119453,0.046875,0.578125,-311.975482,42
0.0390625,0.5859375,-313.6672954,0.03125,0.59375,-315.3591089,0.046875,0.59375,-282.7119453,56
0.0390625,0.6015625,-329.2852806,0.046875,0.59375,-282.7119453,0.03125,0.59375,-315.3591089,89
0.0390625,0.6015625,-329.2852806,0.046875,0.609375,-253.4484087,0.046875,0.59375,-282.7119453,129
0.171875,0.2578125,-126.0202365,0.1796875,0.2578125,-97.98425032,0.171875,0.25,-143.5745227,0
0.171875,0.2578125,-126.0202365,0.171875,0.265625,-108.4659503,0.1796875,0.2578125,-97.98425032,1
0.03125,0.6015625,-325.8334145,0.0390625,0.6015625,-329.2852806,0.03125,0.609375,-336.3077201,65
0.03125,0.6015625,-325.8334145,0.03125,0.59375,-315.3591089,0.0390625,0.6015625,-329.2852806,50
0.6328125,0.734375,264.8369622,0.6328125,0.7265625,226.4366607,0.625,0.734375,284.3783746,0
0.6328125,0.734375,264.8369622,0.640625,0.734375,245.2955499,0.6328125,0.7265625,226.4366607,0
0.1953125,0.1640625,-86.82041907,0.1875,0.171875,-110.5125102,0.203125,0.171875,-74.89045679,28
0.1875,0.1640625,-142.9382749,0.1875,0.171875,-110.5125102,0.1796875,0.1640625,-138.5542684,102
0.1796875,0.15625,-118.9314809,0.171875,0.15625,-139.1125805,0.1796875,0.1640625,-138.5542684,125
0.171875,0.1640625,-179.6888002,0.1796875,0.1640625,-138.5542684,0.171875,0.15625,-139.1125805,96
0.171875,0.1640625,-179.6888002,0.171875,0.171875,-178.3581554,0.1796875,0.1640625,-138.5542684,59
0.015625,0.6328125,-283.5130041,0.0234375,0.6328125,-273.5345828,0.015625,0.625,-282.1223645,16
0.015625,0.6328125,-283.5130041,0.015625,0.640625,-284.9036437,0.0234375,0.6328125,-273.5345828,28
0.1484375,0.1484375,-210.0843159,0.140625,0.15625,-238.3421519,0.140625,0.140625,-240.693852,129
0.1484375,0.15625,-208.9084658,0.1484375,0.1484375,-210.0843159,0.140625,0.15625,-238.3421519,135
0.001953125,0.56640625,-578.6820773,0.001953125,0.568359375,-440.9385516,0,0.56640625,-244.9593288,0
0.0185546875,0.5869140625,-372.3157847,0.01953125,0.587890625,-414.3698898,0.017578125,0.587890625,-367.3012198,0
0.0185546875,0.5869140625,-372.3157847,0.01953125,0.5859375,-377.3301161,0.01953125,0.587890625,-414.3698898,9
0.5859375,0.6328125,118.9508898,0.59375,0.625,169.4657232,0.59375,0.640625,192.0087124,7
0.5859375,0.640625,169.7130837,0.5859375,0.6328125,118.9508898,0.59375,0.640625,192.0087124,4
0.5859375,0.640625,169.7130837,0.578125,0.640625,160.536224,0.5859375,0.6328125,118.9508898,1
0.40625,0.28125,46.1071734,0.4375,0.25,39.97653717,0.4375,0.3125,61.03105495,691
0.40625,0.28125,46.1071734,0.375,0.25,31.18329186,0.4375,0.25,39.97653717,23
0.375,0.28125,41.71055075,0.375,0.3125,52.23780963,0.40625,0.28125,46.1071734,267
0.0234375,0.5546875,-524.0850842,0.03125,0.5625,-401.8320784,0.015625,0.5625,-500.1914275,3
0.005859375,0.580078125,-401.8179072,0.0078125,0.578125,-410.5339114,0.00390625,0.578125,-253.1884159,13
0.5703125,0.453125,149.5200288,0.5703125,0.4609375,156.4647623,0.5625,0.453125,148.0100034,0
0.5703125,0.453125,149.5200288,0.578125,0.453125,151.0300542,0.5703125,0.4609375,156.4647623,0
0.046875,0.8125,73.05736332,0.046875,0.828125,22.91075264,0.03125,0.8125,213.0268606,0
0.046875,0.8125,73.05736332,0.0625,0.8125,-72.19961733,0.046875,0.828125,22.91075264,3
0.046875,0.828125,22.91075264,0.0625,0.84375,-53.55202427,0.0625,0.8125,-72.19961733,25
0.046875,0.828125,22.91075264,0.03125,0.84375,118.0211226,0.0625,0.84375,-53.55202427,9
0.03125,0.5859375,-336.9773513,0.0234375,0.5859375,-520.2920056,0.03125,0.578125,-358.5955937,58
0.0234375,0.578125,-302.0868388,0.0234375,0.5859375,-520.2920056,0.03125,0.578125,-358.5955937,26
0.1484375,0.125,-241.992275,0.1484375,0.1171875,-223.550242,0.15625,0.125,-172.336398,0
0.1484375,0.125,-241.992275,0.140625,0.125,-311.648152,0.1484375,0.1171875,-223.550242,0
0.001953125,0.568359375,-440.9385516,0,0.5703125,-195.2538594,0,0.56640625,-244.9593288,23
0.578125,0.5,225.3049505,0.578125,0.515625,141.8857785,0.59375,0.5,115.2065574,22
0.578125,0.5,225.3049505,0.5625,0.5,89.31104149,0.578125,0.515625,141.8857785,147
0,0.59765625,62.73674011,0.00390625,0.59765625,-327.2015235,0,0.6015625,22.49452279,17
0.01953125,0.59375,-365.7352683,0.0234375,0.59375,-348.9432152,0.01953125,0.58984375,-451.4096635,10
0.6171875,0.6328125,140.3798298,0.625,0.640625,191.4799372,0.625,0.625,169.2669413,8
0.6171875,0.6484375,202.8011273,0.625,0.65625,213.6929331,0.625,0.640625,191.4799372,123
0.6171875,0.640625,293.7014056,0.6171875,0.6328125,140.3798298,0.625,0.640625,191.4799372,1
0.6171875,0.640625,293.7014056,0.609375,0.640625,191.9093215,0.6171875,0.6328125,140.3798298,1
0.0234375,0.5703125,-563.5284904,0.03125,0.5625,-401.8320784,0.015625,0.5625,-500.1914275,6
0.21875,0.140625,-88.06967597,0.203125,0.140625,-154.5870412,0.21875,0.125,-148.6330773,0
0.8125,0.671875,286.6421608,0.796875,0.671875,244.1016888,0.8125,0.65625,258.8621078,4
0.8125,0.671875,286.6421608,0.8125,0.6875,235.5840523,0.796875,0.671875,244.1016888,1
0.140625,0.5,-105.2395057,0.15625,0.5,-79.16357274,0.140625,0.515625,-127.8188995,1
0.359375,0.46875,23.42361786,0.359375,0.453125,87.96547606,0.375,0.46875,100.9879833,0
0.359375,0.421875,93.19913722,0.34375,0.4375,94.84671807,0.34375,0.40625,76.5874891,78
0.328125,0.453125,49.3996947,0.34375,0.4375,94.84671807,0.3125,0.4375,79.8826508,59
0.359375,0.4375,102.3287517,0.359375,0.453125,87.96547606,0.375,0.4375,109.8107853,20
0.984375,0.90625,490.3783408,0.984375,0.890625,414.5122921,1,0.90625,425.8957072,4
0.984375,0.90625,490.3783408,0.96875,0.90625,429.9196552,0.984375,0.890625,414.5122921,2
0.984375,0.875,397.6409247,0.984375,0.890625,414.5122921,1,0.875,399.1049289,0
0.984375,0.875,397.6409247,0.96875,0.875,391.1609225,0.984375,0.890625,414.5122921,2
0.8125,0.671875,286.6421608,0.828125,0.671875,247.0454033,0.8125,0.65625,258.8621078,2
0.8125,0.671875,286.6421608,0.8125,0.6875,235.5840523,0.828125,0.671875,247.0454033,2
0.125,0.515625,-150.2868776,0.125,0.53125,-169.2583165,0.140625,0.515625,-127.8188995,85
0.140625,0.53125,-146.6483731,0.140625,0.515625,-127.8188995,0.125,0.53125,-169.2583165,0
0.140625,0.53125,-146.6483731,0.15625,0.53125,-124.3223604,0.140625,0.515625,-127.8188995,1
0.34375,0.28125,32.85677585,0.3125,0.25,10.04920379,0.3125,0.3125,34.53025984,1308
0.34375,0.28125,32.85677585,0.375,0.25,31.18329186,0.3125,0.25,10.04920379,94
0.28125,0.21875,6.827871214,0.3125,0.1875,24.74062671,0.3125,0.25,10.04920379,60
0.28125,0.21875,6.827871214,0.3125,0.25,10.04920379,0.25,0.25,-11.08488428,58
0.28125,0.1875,-47.32530318,0.28125,0.21875,6.827871214,0.25,0.1875,45.80607292,4
0.28125,0.1875,-47.32530318,0.3125,0.1875,24.74062671,0.28125,0.21875,6.827871214,17
0.265625,0.171875,-67.162777,0.28125,0.1875,-47.32530318,0.28125,0.15625,-34.75205154,6
0.265625,0.171875,-67.162777,0.25,0.1875,45.80607292,0.28125,0.1875,-47.32530318,2
0.40625,0.453125,64.29609978,0.390625,0.453125,86.018775,0.40625,0.4375,89.67495199,3
0.40625,0.453125,64.29609978,0.40625,0.46875,135.4423133,0.390625,0.453125,86.018775,0
0.390625,0.4375,112.3508617,0.390625,0.453125,86.018775,0.375,0.4375,109.8107853,5
0.390625,0.4375,112.3508617,0.40625,0.4375,89.67495199,0.390625,0.453125,86.018775,11
0.890625,0.75,313.3727854,0.890625,0.765625,331.5073683,0.90625,0.75,368.9029632,2
0.890625,0.75,313.3727854,0.875,0.75,326.0889288,0.890625,0.765625,331.5073683,2
0.265625,0.484375,40.57652573,0.25,0.5,27.47448404,0.25,0.46875,41.2548808,239
0.265625,0.484375,40.57652573,0.25,0.46875,41.2548808,0.28125,0.46875,53.67856742,59
0.140625,0.203125,-219.9234315,0.125,0.1875,-292.5061238,0.15625,0.1875,-207.3903814,36
0.140625,0.171875,-235.9904518,0.125,0.1875,-292.5061238,0.15625,0.1875,-207.3903814,82
0.15625,0.203125,-155.8611827,0.15625,0.21875,-199.8851211,0.140625,0.203125,-219.9234315,312
0.734375,0.609375,183.7589515,0.75,0.59375,210.2250888,0.71875,0.59375,223.873211,7
0.734375,0.609375,183.7589515,0.75,0.625,248.8995682,0.75,0.59375,210.2250888,14
0.765625,0.609375,238.261041,0.75,0.59375,210.2250888,0.78125,0.59375,227.6225139,12
0.765625,0.609375,238.261041,0.75,0.625,248.8995682,0.75,0.59375,210.2250888,1
0.34375,0.453125,20.35298525,0.328125,0.453125,49.3996947,0.34375,0.4375,94.84671807,32
0.34375,0.453125,20.35298525,0.34375,0.46875,-54.14074757,0.328125,0.453125,49.3996947,1
0.921875,0.5625,236.0584112,0.921875,0.578125,243.5437752,0.90625,0.5625,168.1901552,1
0.921875,0.5625,236.0584112,0.9375,0.5625,229.7032253,0.921875,0.578125,243.5437752,2
0.921875,0.5625,236.0584112,0.921875,0.546875,211.9578096,0.90625,0.5625,168.1901552,0
0.921875,0.5625,236.0584112,0.9375,0.5625,229.7032253,0.921875,0.546875,211.9578096,1
0.015625,0.4375,-870.2972752,0.015625,0.421875,-868.8754274,0,0.4375,-1041.165994,7
0.015625,0.4375,-870.2972752,0.03125,0.4375,-699.4285566,0.015625,0.421875,-868.8754274,16
0.78125,0.859375,295.3114031,0.765625,0.859375,318.7201931,0.78125,0.875,237.0467726,1
0.78125,0.859375,295.3114031,0.78125,0.84375,313.1289031,0.765625,0.859375,318.7201931,0
0.625,0.703125,217.6499788,0.640625,0.703125,206.2078166,0.625,0.71875,207.5777716,20
0.625,0.703125,217.6499788,0.625,0.6875,177.6069472,0.640625,0.703125,206.2078166,6
0.640625,0.71875,228.4186181,0.640625,0.703125,206.2078166,0.625,0.71875,207.5777716,7
0.640625,0.71875,228.4186181,0.65625,0.71875,249.2594646,0.640625,0.703125,206.2078166,16
0.734375,0.78125,314.5903591,0.734375,0.765625,284.8339774,0.75,0.78125,319.3740724,0
0.734375,0.78125,314.5903591,0.71875,0.78125,295.7969308,0.734375,0.765625,284.8339774,2
0.734375,0.78125,314.5903591,0.734375,0.796875,297.4440922,0.75,0.78125,319.3740724,4
0.734375,0.78125,314.5903591,0.71875,0.78125,295.7969308,0.734375,0.796875,297.4440922,1
0.765625,0.859375,318.7201931,0.75,0.84375,311.7013684,0.78125,0.84375,313.1289031,0
0.765625,0.859375,318.7201931,0.75,0.875,324.3114831,0.75,0.84375,311.7013684,0
0.046875,0.59375,-282.7119453,0.046875,0.609375,-253.4484087,0.0625,0.59375,-250.0647818,132
0.0234375,0.6171875,-297.4936449,0.03125,0.625,-262.1655219,0.03125,0.609375,-336.3077201,22
0.984375,0.875,397.6409247,0.984375,0.859375,447.6139736,1,0.875,399.1049289,0
0.984375,0.875,397.6409247,0.96875,0.875,391.1609225,0.984375,0.859375,447.6139736,16
1,0.859375,426.2443861,0.984375,0.859375,447.6139736,1,0.875,399.1049289,66
1,0.859375,426.2443861,1,0.84375,406.2739954,0.984375,0.859375,447.6139736,0
0.984375,0.84375,416.2394449,0.984375,0.859375,447.6139736,1,0.84375,406.2739954,4
0.984375,0.84375,416.2394449,0.96875,0.84375,417.3388125,0.984375,0.859375,447.6139736,1
0.96875,0.859375,386.936743,0.96875,0.84375,417.3388125,0.984375,0.859375,447.6139736,2
0.0625,0.515625,-329.504549,0.0625,0.53125,-322.533651,0.046875,0.515625,-377.0144412,13
0.046875,0.5,-434.1790166,0.046875,0.515625,-377.0144412,0.03125,0.5,-580.6878422,12
0.953125,0.75,341.3769346,0.953125,0.765625,343.2824984,0.96875,0.75,339.0825689,3
0.953125,0.75,341.3769346,0.9375,0.75,346.5511741,0.953125,0.765625,343.2824984,7
0.9375,0.765625,345.8922222,0.953125,0.765625,343.2824984,0.9375,0.75,346.5511741,10
0.9375,0.765625,345.8922222,0.9375,0.78125,378.7506738,0.953125,0.765625,343.2824984,10
0.00390625,0.5234375,-670.7826745,0.0078125,0.5234375,-672.9179402,0.00390625,0.51953125,-708.1809355,8
0.140625,0.4375,-146.405938,0.140625,0.453125,-104.6192261,0.125,0.4375,-173.6991897,33
0.140625,0.484375,-92.76446125,0.125,0.46875,-152.5073142,0.15625,0.46875,-169.4144051,8
0.140625,0.453125,-104.6192261,0.125,0.46875,-152.5073142,0.15625,0.46875,-169.4144051,23
0.140625,0.453125,-104.6192261,0.125,0.4375,-173.6991897,0.125,0.46875,-152.5073142,213
0.109375,0.359375,-298.495851,0.125,0.34375,-160.9815869,0.125,0.375,-156.5268498,12
0.109375,0.359375,-298.495851,0.09375,0.34375,-370.985378,0.125,0.34375,-160.9815869,0
0.140625,0.328125,-190.0926921,0.125,0.34375,-160.9815869,0.15625,0.34375,-120.1663584,15
0.140625,0.328125,-190.0926921,0.125,0.3125,-165.436324,0.125,0.34375,-160.9815869,5
0.109375,0.359375,-298.495851,0.09375,0.375,-328.8496303,0.125,0.375,-156.5268498,12
0.109375,0.359375,-298.495851,0.09375,0.34375,-370.985378,0.09375,0.375,-328.8496303,1
0.109375,0.484375,-192.4058872,0.125,0.46875,-152.5073142,0.09375,0.46875,-253.4963357,8
0.796875,0.640625,235.0961221,0.8125,0.625,217.572919,0.78125,0.625,233.2362436,14
0.796875,0.609375,222.5977165,0.78125,0.625,233.2362436,0.78125,0.59375,227.6225139,15
0.796875,0.609375,222.5977165,0.8125,0.625,217.572919,0.78125,0.625,233.2362436,21
0.765625,0.609375,238.261041,0.78125,0.625,233.2362436,0.78125,0.59375,227.6225139,19
0.8125,0.609375,177.7720907,0.796875,0.609375,222.5977165,0.8125,0.625,217.572919,7
0.8125,0.609375,177.7720907,0.8125,0.59375,200.9377199,0.796875,0.609375,222.5977165,3
0.8125,0.609375,177.7720907,0.828125,0.609375,220.7633228,0.8125,0.625,217.572919,5
0.8125,0.609375,177.7720907,0.8125,0.59375,200.9377199,0.828125,0.609375,220.7633228,8
0.796875,0.796875,300.6697709,0.78125,0.8125,292.5078115,0.78125,0.78125,319.2640958,35
0.796875,0.796875,300.6697709,0.8125,0.8125,285.9243694,0.78125,0.8125,292.5078115,3
0.765625,0.796875,309.1776747,0.78125,0.8125,292.5078115,0.78125,0.78125,319.2640958,7
0.765625,0.796875,309.1776747,0.75,0.8125,299.0912536,0.78125,0.8125,292.5078115,0
0.8125,0.796875,339.6573306,0.796875,0.796875,300.6697709,0.8125,0.78125,318.6929279,177
0.8125,0.796875,339.6573306,0.8125,0.8125,285.9243694,0.796875,0.796875,300.6697709,2
0.140625,0.15625,-238.3421519,0.140625,0.171875,-235.9904518,0.125,0.15625,-297.209524,48
0.8125,0.796875,339.6573306,0.828125,0.796875,309.1359033,0.8125,0.78125,318.6929279,268
0.8125,0.796875,339.6573306,0.8125,0.8125,285.9243694,0.828125,0.796875,309.1359033,0
0.53125,0.515625,121.334445,0.546875,0.515625,144.9219036,0.53125,0.5,198.2676616,416
0.53125,0.515625,121.334445,0.53125,0.53125,161.9870131,0.546875,0.515625,144.9219036,4
0.96875,0.796875,352.6583881,0.96875,0.78125,340.0138227,0.953125,0.796875,364.5869245,12
0.53125,0.578125,127.9533728,0.546875,0.578125,165.0053738,0.53125,0.5625,81.67189242,0
0.53125,0.578125,127.9533728,0.53125,0.59375,184.2916445,0.546875,0.578125,165.0053738,44
0.96875,0.796875,352.6583881,0.953125,0.796875,364.5869245,0.96875,0.8125,322.4175023,5
0.921875,0.9375,428.3517719,0.921875,0.953125,425.3922442,0.90625,0.9375,451.0674117,0
0.921875,0.9375,428.3517719,0.9375,0.9375,431.928033,0.921875,0.953125,425.3922442,0
0.9375,0.796875,353.7461887,0.953125,0.796875,364.5869245,0.9375,0.78125,378.7506738,225
0.9375,0.796875,353.7461887,0.9375,0.8125,389.1600262,0.953125,0.796875,364.5869245,3
0.015625,0.703125,72.02826152,0.03125,0.6875,-124.0681383,0.03125,0.71875,-114.8203612,155
0.53125,0.515625,121.334445,0.515625,0.515625,140.4569249,0.53125,0.5,198.2676616,287
0.53125,0.515625,121.334445,0.53125,0.53125,161.9870131,0.515625,0.515625,140.4569249,4
0.84375,0.734375,329.2687446,0.859375,0.734375,264.1060017,0.84375,0.75,319.2252696,4
0.84375,0.734375,329.2687446,0.84375,0.71875,306.9122886,0.859375,0.734375,264.1060017,9
0.859375,0.75,334.8763946,0.859375,0.734375,264.1060017,0.875,0.75,326.0889288,7
0.859375,0.75,334.8763946,0.84375,0.75,319.2252696,0.859375,0.734375,264.1060017,4
0.84375,0.875,381.9405809,0.84375,0.90625,375.9339998,0.8125,0.875,373.6234959,8
0.609375,0.578125,170.8102843,0.625,0.59375,159.408634,0.59375,0.59375,195.3620465,185
0.703125,0.609375,212.2924938,0.71875,0.625,221.8922279,0.71875,0.59375,223.873211,14
0.703125,0.640625,230.5505961,0.71875,0.625,221.8922279,0.71875,0.65625,225.383822,119
0.578125,0.515625,141.8857785,0.59375,0.5,115.2065574,0.59375,0.53125,194.4605156,174
0.109375,0.578125,-145.0886054,0.09375,0.5625,-196.1909898,0.09375,0.59375,-206.3870863,124
0.109375,0.578125,-145.0886054,0.125,0.5625,-83.79012448,0.09375,0.5625,-196.1909898,50
0,0.734375,141.6241147,0.015625,0.734375,95.64094613,0,0.75,-295.9975643,1
0,0.734375,141.6241147,0,0.71875,180.5791275,0.015625,0.734375,95.64094613,10
0.015625,0.75,53.07414183,0.015625,0.734375,95.64094613,0,0.75,-295.9975643,2
0.015625,0.75,53.07414183,0.03125,0.75,-59.72380841,0.015625,0.734375,95.64094613,21
0.125,0.546875,-116.5137297,0.109375,0.546875,-221.2559292,0.125,0.53125,-169.2583165,71
0.125,0.546875,-116.5137297,0.125,0.5625,-83.79012448,0.109375,0.546875,-221.2559292,14
0.140625,0.53125,-146.6483731,0.140625,0.546875,-104.0562424,0.125,0.53125,-169.2583165,3
0.140625,0.53125,-146.6483731,0.15625,0.53125,-124.3223604,0.140625,0.546875,-104.0562424,0
0.125,0.546875,-116.5137297,0.140625,0.546875,-104.0562424,0.125,0.53125,-169.2583165,28
0.125,0.546875,-116.5137297,0.125,0.5625,-83.79012448,0.140625,0.546875,-104.0562424,3
0.140625,0.5625,-25.63329634,0.140625,0.546875,-104.0562424,0.125,0.5625,-83.79012448,1
0.140625,0.5625,-25.63329634,0.15625,0.5625,32.5235318,0.140625,0.546875,-104.0562424,0
0.671875,0.625,421.6648495,0.671875,0.609375,192.3843371,0.6875,0.625,200.7117766,0
0.671875,0.625,421.6648495,0.65625,0.625,267.6362796,0.671875,0.609375,192.3843371,6
0.6875,0.609375,212.8801088,0.671875,0.609375,192.3843371,0.6875,0.625,200.7117766,0
0.6875,0.609375,212.8801088,0.6875,0.59375,191.2584943,0.671875,0.609375,192.3843371,3
0.609375,0.4375,206.9386054,0.609375,0.421875,175.6239772,0.625,0.4375,207.1774077,3
0.609375,0.4375,206.9386054,0.59375,0.4375,64.36135381,0.609375,0.421875,175.6239772,2
0.03125,0.640625,-236.0556846,0.03125,0.65625,-247.6809248,0.015625,0.640625,-284.9036437,317
0.609375,0.421875,175.6239772,0.625,0.40625,180.5989823,0.59375,0.40625,144.0705467,0
0.609375,0.421875,175.6239772,0.625,0.4375,207.1774077,0.625,0.40625,180.5989823,0
0.609375,0.4375,206.9386054,0.609375,0.453125,188.2661678,0.625,0.4375,207.1774077,2
0.609375,0.4375,206.9386054,0.59375,0.4375,64.36135381,0.609375,0.453125,188.2661678,27
0.59375,0.453125,13.55082361,0.609375,0.453125,188.2661678,0.59375,0.4375,64.36135381,5
0.59375,0.453125,13.55082361,0.59375,0.46875,167.9395719,0.609375,0.453125,188.2661678,7
0.015625,0.65625,-139.652832,0.03125,0.65625,-247.6809248,0.015625,0.640625,-284.9036437,377
0.0234375,0.6328125,-273.5345828,0.03125,0.625,-262.1655219,0.015625,0.625,-282.1223645,22
0,0.6015625,22.49452279,0.0078125,0.6015625,-371.1138713,0,0.609375,-57.98991184,31
0.0234375,0.609375,-365.5762726,0.0234375,0.6015625,-324.0904384,0.03125,0.609375,-336.3077201,27
0.0234375,0.6171875,-297.4936449,0.03125,0.625,-262.1655219,0.015625,0.625,-282.1223645,22
0.015625,0.46875,-790.0550954,0.015625,0.484375,-753.0096151,0,0.46875,-967.1014844,3
0.015625,0.46875,-790.0550954,0.03125,0.46875,-612.9822553,0.015625,0.484375,-753.0096151,0
0.015625,0.5,-736.8624086,0.015625,0.484375,-753.0096151,0,0.5,-893.036975,4
0.015625,0.5,-736.8624086,0.03125,0.5,-580.6878422,0.015625,0.484375,-753.0096151,3
0.03125,0.453125,-641.0399685,0.015625,0.453125,-827.0741246,0.03125,0.4375,-699.4285566,7
0.03125,0.453125,-641.0399685,0.03125,0.46875,-612.9822553,0.015625,0.453125,-827.0741246,0
0.015625,0.4375,-870.2972752,0.015625,0.453125,-827.0741246,0,0.4375,-1041.165994,11
0.015625,0.4375,-870.2972752,0.03125,0.4375,-699.4285566,0.015625,0.453125,-827.0741246,13
0.015625,0.46875,-790.0550954,0.015625,0.453125,-827.0741246,0,0.46875,-967.1014844,2
0.015625,0.46875,-790.0550954,0.03125,0.46875,-612.9822553,0.015625,0.453125,-827.0741246,0
0.015625,0.390625,-848.5347529,0.03125,0.375,-745.4208861,0.03125,0.40625,-696.5848609,0
0.015625,0.390625,-848.5347529,0,0.375,-989.6693614,0.03125,0.375,-745.4208861,4
0.984375,1,554.2233013,0.96875,1,463.7857013,0.984375,0.984375,488.7042939,38
0.015625,0.421875,-868.8754274,0,0.40625,-1015.417678,0.03125,0.40625,-696.5848609,2
0.015625,0.421875,-868.8754274,0,0.4375,-1041.165994,0,0.40625,-1015.417678,7
0.015625,0.390625,-848.5347529,0,0.40625,-1015.417678,0.03125,0.40625,-696.5848609,0
0.015625,0.390625,-848.5347529,0,0.375,-989.6693614,0,0.40625,-1015.417678,3
0.140625,0.515625,-127.8188995,0.15625,0.5,-79.16357274,0.15625,0.53125,-124.3223604,1
0.171875,0.515625,1.309107197,0.15625,0.5,-79.16357274,0.15625,0.53125,-124.3223604,1
0.171875,0.515625,1.309107197,0.1875,0.5,-27.01170682,0.15625,0.5,-79.16357274,1
0.171875,0.484375,-13.05536875,0.1875,0.5,-27.01170682,0.15625,0.5,-79.16357274,1
0.125,0.15625,-297.209524,0.09375,0.15625,-480.0249339,0.125,0.1875,-292.5061238,2
0.125,0.15625,-297.209524,0.125,0.125,-301.9129243,0.09375,0.15625,-480.0249339,1
0.140625,0.15625,-238.3421519,0.140625,0.140625,-240.693852,0.125,0.15625,-297.209524,30
0.1484375,0.140625,-214.3746545,0.140625,0.140625,-240.693852,0.1484375,0.1484375,-210.0843159,82
0.140625,0.125,-311.648152,0.125,0.125,-301.9129243,0.140625,0.140625,-240.693852,2
0.1484375,0.1328125,-252.5624199,0.140625,0.125,-311.648152,0.140625,0.140625,-240.693852,4
0.90625,0.921875,442.4074617,0.921875,0.921875,468.1454405,0.90625,0.9375,451.0674117,4
0.90625,0.921875,442.4074617,0.90625,0.90625,411.0928494,0.921875,0.921875,468.1454405,0
0.578125,0.4375,99.24094514,0.578125,0.421875,139.0955416,0.59375,0.4375,64.36135381,2
0.578125,0.4375,99.24094514,0.5625,0.4375,134.1205365,0.578125,0.421875,139.0955416,3
0.5625,0.4453125,141.0652699,0.5625,0.4375,134.1205365,0.5703125,0.4453125,142.5752953,529
0.15234375,0.12890625,-421.5589647,0.15625,0.1328125,-174.1209934,0.1484375,0.1328125,-252.5624199,3
0.15234375,0.12890625,-421.5589647,0.15625,0.125,-172.336398,0.15625,0.1328125,-174.1209934,3
0.1796875,0.0703125,-206.8919903,0.1875,0.078125,-186.8949772,0.171875,0.078125,-220.4664094,26
0.1796875,0.0859375,-200.4693964,0.1875,0.078125,-186.8949772,0.171875,0.078125,-220.4664094,66
0.1796875,0.0859375,-200.4693964,0.1875,0.09375,-180.4723833,0.1875,0.078125,-186.8949772,78
0.546875,0.421875,130.4521021,0.5625,0.40625,106.1758415,0.5625,0.4375,134.1205365,7
0.546875,0.421875,130.4521021,0.53125,0.40625,126.7836677,0.5625,0.40625,106.1758415,10
0.1953125,0.140625,-149.2607685,0.203125,0.140625,-154.5870412,0.1953125,0.1328125,-218.1274245,1
0.19140625,0.13671875,-181.0309601,0.1875,0.140625,-143.9344957,0.1875,0.1328125,-212.8011518,10
0.1875,0.0703125,-135.4009978,0.1796875,0.0703125,-206.8919903,0.1875,0.078125,-186.8949772,2
0.1875,0.0703125,-135.4009978,0.1875,0.0625,-193.3175711,0.1796875,0.0703125,-206.8919903,0
0.001953125,0.517578125,-894.8953871,0.00390625,0.515625,-745.5791966,0.00390625,0.51953125,-708.1809355,10
0.001953125,0.517578125,-894.8953871,0,0.515625,-743.4439308,0.00390625,0.515625,-745.5791966,7
0.017578125,0.5859375,-576.6318182,0.017578125,0.587890625,-367.3012198,0.015625,0.5859375,-283.192776,18
0.013671875,0.587890625,-411.3440076,0.01171875,0.5859375,-309.4937004,0.01171875,0.58984375,-359.1609731,0
0.013671875,0.587890625,-411.3440076,0.015625,0.5859375,-283.192776,0.01171875,0.5859375,-309.4937004,21
0.203125,0.0625,-170.7801123,0.203125,0.046875,-208.7470514,0.21875,0.0625,-148.2426535,0
0.203125,0.0625,-170.7801123,0.1875,0.0625,-193.3175711,0.203125,0.046875,-208.7470514,0
0.009765625,0.5703125,-569.3878748,0.009765625,0.572265625,-128.5203184,0.01171875,0.5703125,-620.7779412,1
0.009765625,0.5703125,-569.3878748,0.0078125,0.5703125,-722.3069829,0.009765625,0.572265625,-128.5203184,0
0.017578125,0.58984375,-434.6196592,0.017578125,0.591796875,-416.9684925,0.015625,0.58984375,-417.8296549,16
0.017578125,0.58984375,-434.6196592,0.01953125,0.58984375,-451.4096635,0.017578125,0.591796875,-416.9684925,0
0.001953125,0.572265625,-302.1644055,0,0.5703125,-195.2538594,0,0.57421875,-145.5483899,34
0.154296875,0.150390625,-258.9464879,0.15625,0.15234375,-178.582482,0.15234375,0.15234375,-194.7795478,26
0.154296875,0.150390625,-258.9464879,0.15625,0.1484375,-177.6901843,0.15625,0.15234375,-178.582482,39
0.001953125,0.572265625,-302.1644055,0,0.5703125,-195.2538594,0.00390625,0.5703125,-458.7804211,4
0.15625,0.15234375,-178.582482,0.15625,0.15625,-179.4747797,0.15234375,0.15234375,-194.7795478,73
0.1484375,0.15625,-208.9084658,0.1484375,0.1640625,-207.7326157,0.140625,0.15625,-238.3421519,126
0.001953125,0.576171875,-252.458936,0,0.578125,-95.84292043,0.00390625,0.578125,-253.1884159,13
0.015625,0.58203125,-504.2088392,0.01171875,0.58203125,-530.5097636,0.015625,0.5859375,-283.192776,16
0.0078125,0.58984375,-370.0267601,0.00390625,0.58984375,-375.515214,0.0078125,0.59375,-404.2588953,8
0.0078125,0.58984375,-370.0267601,0.0078125,0.5859375,-335.7946248,0.00390625,0.58984375,-375.515214,16
0.046875,0.65625,-215.0337612,0.046875,0.671875,-210.4582059,0.0625,0.65625,-182.3865977,190
0.00390625,0.5234375,-670.7826745,0.00390625,0.52734375,-694.6225392,0,0.5234375,-668.6474087,13
0.00390625,0.5234375,-670.7826745,0.0078125,0.5234375,-672.9179402,0.00390625,0.52734375,-694.6225392,11
0.0390625,0.6640625,-198.4909348,0.03125,0.65625,-247.6809248,0.046875,0.65625,-215.0337612,123
0.0546875,0.6484375,-200.9979572,0.046875,0.65625,-215.0337612,0.046875,0.640625,-219.6093166,57
0.0546875,0.6484375,-200.9979572,0.0625,0.65625,-182.3865977,0.046875,0.65625,-215.0337612,58
0.5859375,0.4921875,289.4164578,0.578125,0.5,225.3049505,0.578125,0.484375,128.6253067,0
0.5859375,0.4921875,289.4164578,0.59375,0.5,115.2065574,0.578125,0.5,225.3049505,1
0.296875,0.453125,18.40840101,0.28125,0.4375,49.05217076,0.3125,0.4375,79.8826508,189
0.0078125,0.7734375,392.47589,0.015625,0.78125,107.0357066,0.015625,0.765625,244.5797787,2
0.0078125,0.7734375,392.47589,0,0.78125,209.4511138,0.015625,0.78125,107.0357066,2
0.0078125,0.6953125,56.22595219,0.015625,0.6875,-92.14837438,0.015625,0.703125,72.02826152,6
0.1796875,0.1484375,-164.6608376,0.1875,0.15625,-98.75038134,0.1875,0.140625,-143.9344957,379
0.5703125,0.4609375,156.4647623,0.5625,0.46875,161.8994704,0.5625,0.453125,148.0100034,0
0.001953125,0.595703125,-247.0628782,0,0.59765625,62.73674011,0.00390625,0.59765625,-327.2015235,5
0.001953125,0.595703125,-247.0628782,0,0.59375,102.9789574,0,0.59765625,62.73674011,20
0.15234375,0.1484375,-227.9987751,0.15234375,0.14453125,-223.9147532,0.15625,0.1484375,-177.6901843,26
0.15234375,0.1484375,-227.9987751,0.1484375,0.1484375,-210.0843159,0.15234375,0.14453125,-223.9147532,33
0.0009765625,0.5869140625,-149.6839279,0.001953125,0.5859375,-283.6092126,0.001953125,0.587890625,-173.9632199,0
0.0009765625,0.5869140625,-149.6839279,0,0.5859375,-125.4046359,0.001953125,0.5859375,-283.6092126,0
0.15234375,0.14453125,-223.9147532,0.15625,0.140625,-175.9055889,0.15625,0.1484375,-177.6901843,70
0.009765625,0.5703125,-569.3878748,0.0078125,0.5703125,-722.3069829,0.009765625,0.568359375,-224.2279438,2
0.013671875,0.576171875,-413.5238104,0.01171875,0.578125,-446.4086723,0.015625,0.578125,-725.2249024,5
0.013671875,0.576171875,-413.5238104,0.01171875,0.57421875,-723.7659426,0.01171875,0.578125,-446.4086723,0
0.015625,0.576171875,108.9873824,0.013671875,0.576171875,-413.5238104,0.015625,0.57421875,-412.6813455,4
0.00390625,0.583984375,-713.4680117,0.001953125,0.583984375,-111.5147483,0.00390625,0.5859375,-441.8137894,11
0.00390625,0.583984375,-713.4680117,0.00390625,0.58203125,-985.1222341,0.001953125,0.583984375,-111.5147483,6
0.001953125,0.58203125,430.048781,0.001953125,0.580078125,-540.4825773,0,0.58203125,-110.6237781,0
0.005859375,0.58203125,-290.2241024,0.005859375,0.580078125,-401.8179072,0.0078125,0.58203125,-373.1642681,0
0.005859375,0.58203125,-290.2241024,0.00390625,0.58203125,-985.1222341,0.005859375,0.580078125,-401.8179072,11
0.015625,0.5390625,-756.8218127,0.0078125,0.5390625,-586.44582,0.015625,0.53125,-537.8245468,33
0.015625,0.5390625,-756.8218127,0.015625,0.546875,-579.0407533,0.0078125,0.5390625,-586.44582,8
0.013671875,0.580078125,-391.4132763,0.01171875,0.58203125,-530.5097636,0.015625,0.58203125,-504.2088392,15
0.0234375,0.58984375,-434.6176104,0.01953125,0.58984375,-451.4096635,0.0234375,0.59375,-348.9432152,39
0.021484375,0.587890625,-485.8508346,0.01953125,0.5859375,-377.3301161,0.0234375,0.5859375,-520.2920056,3
0.15625,0.171875,-193.4325806,0.140625,0.171875,-235.9904518,0.15625,0.1875,-207.3903814,88
0.1640625,0.1640625,-178.9164676,0.15625,0.171875,-193.4325806,0.15625,0.15625,-179.4747797,88
0.1640625,0.1640625,-178.9164676,0.171875,0.171875,-178.3581554,0.15625,0.171875,-193.4325806,56
0.001953125,0.5859375,-283.6092126,0.00390625,0.5859375,-441.8137894,0.001953125,0.587890625,-173.9632199,11
0.0078125,0.59765625,-275.7717402,0.01171875,0.59765625,-376.8205964,0.0078125,0.59375,-404.2588953,34
0.0078125,0.59765625,-275.7717402,0.0078125,0.6015625,-371.1138713,0.01171875,0.59765625,-376.8205964,25
0.001953125,0.587890625,-173.9632199,0,0.58984375,-11.21283921,0.00390625,0.58984375,-375.515214,8
0.0078125,0.57421875,-566.4204471,0.01171875,0.57421875,-723.7659426,0.0078125,0.578125,-410.5339114,24
0.15234375,0.15234375,-194.7795478,0.1484375,0.15625,-208.9084658,0.1484375,0.1484375,-210.0843159,73
0.00390625,0.55859375,-473.1274337,0,0.5546875,-431.3718532,0.0078125,0.5546875,-651.5900691,4
0.15234375,0.15234375,-194.7795478,0.15625,0.15625,-179.4747797,0.1484375,0.15625,-208.9084658,95
0.009765625,0.568359375,-224.2279438,0.0078125,0.56640625,-659.6754831,0.0078125,0.5703125,-722.3069829,9
0.009765625,0.568359375,-224.2279438,0.01171875,0.56640625,-611.2492052,0.0078125,0.56640625,-659.6754831,3
0.0048828125,0.5830078125,-658.0444038,0.00390625,0.58203125,-985.1222341,0.005859375,0.58203125,-290.2241024,5
0.001953125,0.587890625,-173.9632199,0.00390625,0.5859375,-441.8137894,0.00390625,0.58984375,-375.515214,17
0.171875,0.0625,-237.9974365,0.171875,0.046875,-228.0579732,0.15625,0.0625,-282.6773018,0
0.171875,0.0625,-237.9974365,0.1875,0.0625,-193.3175711,0.171875,0.046875,-228.0579732,5
0.19140625,0.13671875,-181.0309601,0.1953125,0.140625,-149.2607685,0.1953125,0.1328125,-218.1274245,3
0.19140625,0.13671875,-181.0309601,0.1875,0.140625,-143.9344957,0.1953125,0.140625,-149.2607685,9
0.56640625,0.44921875,145.2926494,0.5625,0.4453125,141.0652699,0.5703125,0.4453125,142.5752953,0
0.56640625,0.44921875,145.2926494,0.5625,0.453125,148.0100034,0.5625,0.4453125,141.0652699,0
0.5625,0.4453125,141.0652699,0.5546875,0.4453125,128.298539,0.5625,0.453125,148.0100034,0
0.546875,0.4375,127.020221,0.546875,0.421875,130.4521021,0.53125,0.4375,119.9199055,10
0.546875,0.4375,127.020221,0.5625,0.4375,134.1205365,0.546875,0.421875,130.4521021,8
0.1953125,0.125,-248.4091252,0.1953125,0.1171875,-228.7951366,0.203125,0.125,-215.1504426,0
0.1953125,0.125,-248.4091252,0.1875,0.125,-281.6678078,0.1953125,0.1171875,-228.7951366,0
0.19140625,0.12890625,-249.8976162,0.1953125,0.125,-248.4091252,0.1953125,0.1328125,-218.1274245,2
0.19140625,0.12890625,-249.8976162,0.1875,0.125,-281.6678078,0.1953125,0.125,-248.4091252,0
0.0185546875,0.5869140625,-372.3157847,0.017578125,0.5859375,-576.6318182,0.017578125,0.587890625,-367.3012198,0
0.0185546875,0.5869140625,-372.3157847,0.01953125,0.5859375,-377.3301161,0.017578125,0.5859375,-576.6318182,0
0,0.58984375,-11.21283921,0.00390625,0.58984375,-375.515214,0,0.59375,102.9789574,24
0.00390625,0.515625,-745.5791966,0.0078125,0.515625,-747.7144623,0.00390625,0.51171875,-736.4927105,5
0.171875,0.0859375,-177.5192883,0.1640625,0.0859375,-234.0408286,0.171875,0.09375,-174.8776374,16
0.171875,0.0859375,-177.5192883,0.171875,0.078125,-220.4664094,0.1640625,0.0859375,-234.0408286,8
0.15625,0.078125,-265.1462748,0.140625,0.078125,-309.8261401,0.15625,0.0625,-282.6773018,19
0.15625,0.078125,-265.1462748,0.15625,0.09375,-247.6152477,0.140625,0.078125,-309.8261401,30
0.0078125,0.53125,-782.3366005,0.015625,0.53125,-537.8245468,0.0078125,0.5390625,-586.44582,68
0.001953125,0.638671875,155.4159847,0,0.63671875,141.9218287,0.00390625,0.63671875,5.815034462,2
0.001953125,0.638671875,155.4159847,0,0.640625,-29.64284974,0,0.63671875,141.9218287,2
0.015625,0.57421875,-412.6813455,0.01171875,0.57421875,-723.7659426,0.015625,0.5703125,-423.4104967,10
0.009765625,0.587890625,-513.0116009,0.0078125,0.58984375,-370.0267601,0.0078125,0.5859375,-335.7946248,45
0.009765625,0.587890625,-513.0116009,0.01171875,0.58984375,-359.1609731,0.0078125,0.58984375,-370.0267601,11
0.00390625,0.52734375,-694.6225392,0.0078125,0.53125,-782.3366005,0.0078125,0.5234375,-672.9179402,14
0.00390625,0.52734375,-694.6225392,0,0.53125,-593.8508866,0.0078125,0.53125,-782.3366005,17
0.001953125,0.580078125,-540.4825773,0,0.578125,-95.84292043,0,0.58203125,-110.6237781,42
0.01171875,0.56640625,-611.2492052,0.015625,0.5625,-500.1914275,0.0078125,0.5625,-597.0439833,6
0.00390625,0.55859375,-473.1274337,0.0078125,0.5625,-597.0439833,0.0078125,0.5546875,-651.5900691,2
0.0625,0.609375,-220.8012451,0.078125,0.609375,-198.9623974,0.0625,0.625,-191.5377084,49
0.0625,0.609375,-220.8012451,0.0625,0.59375,-250.0647818,0.078125,0.609375,-198.9623974,154
0.0546875,0.6171875,-271.0926126,0.0625,0.609375,-220.8012451,0.046875,0.609375,-253.4484087,77
0.0546875,0.6171875,-271.0926126,0.0625,0.625,-191.5377084,0.0625,0.609375,-220.8012451,8
0.0078125,0.6640625,-76.68729421,0.015625,0.65625,-139.652832,0.015625,0.671875,-121.7498492,62
0.01171875,0.58984375,-359.1609731,0.015625,0.59375,-382.5273214,0.0078125,0.59375,-404.2588953,47
0.0078125,0.59765625,-275.7717402,0.00390625,0.59765625,-327.2015235,0.0078125,0.59375,-404.2588953,8
0.0078125,0.59765625,-275.7717402,0.0078125,0.6015625,-371.1138713,0.00390625,0.59765625,-327.2015235,6
0.01953125,0.5859375,-377.3301161,0.0234375,0.5859375,-520.2920056,0.01953125,0.58203125,-454.0188332,2
0.0078125,0.6484375,-158.2641915,0.015625,0.65625,-139.652832,0.015625,0.640625,-284.9036437,85
0.359375,0.4375,102.3287517,0.359375,0.421875,93.19913722,0.375,0.4375,109.8107853,7
0.359375,0.4375,102.3287517,0.34375,0.4375,94.84671807,0.359375,0.421875,93.19913722,22
0.01171875,0.59765625,-376.8205964,0.015625,0.59375,-382.5273214,0.0078125,0.59375,-404.2588953,49
0.017578125,0.576171875,-684.8007994,0.01953125,0.57421875,-644.3766964,0.015625,0.57421875,-412.6813455,4
0.0078125,0.625,-145.3447668,0.0078125,0.6171875,-270.5840904,0,0.625,-322.1263627,5
0.0078125,0.625,-145.3447668,0.015625,0.625,-282.1223645,0.0078125,0.6171875,-270.5840904,6
0.015625,0.6171875,-317.915465,0.0078125,0.6171875,-270.5840904,0.015625,0.625,-282.1223645,5
0.015625,0.6171875,-317.915465,0.015625,0.609375,-332.8217679,0.0078125,0.6171875,-270.5840904,6
0.1328125,0.4296875,-157.9060214,0.125,0.421875,-169.4061047,0.140625,0.421875,-142.112853,9
0.1328125,0.4296875,-157.9060214,0.125,0.4375,-173.6991897,0.125,0.421875,-169.4061047,39
0.140625,0.4296875,272.8951865,0.1484375,0.4296875,-130.6127697,0.140625,0.4375,-146.405938,1
0.140625,0.4296875,272.8951865,0.140625,0.421875,-142.112853,0.1484375,0.4296875,-130.6127697,0
0.7734375,0.6328125,291.8200969,0.78125,0.640625,242.9277844,0.765625,0.640625,250.7594467,0
0.7734375,0.6328125,291.8200969,0.78125,0.625,233.2362436,0.78125,0.640625,242.9277844,2
0.5859375,0.4921875,289.4164578,0.59375,0.484375,141.5730647,0.578125,0.484375,128.6253067,0
0.5859375,0.4921875,289.4164578,0.59375,0.5,115.2065574,0.59375,0.484375,141.5730647,1
0.203125,0.0625,-170.7801123,0.203125,0.078125,-131.747347,0.21875,0.0625,-148.2426535,0
0.1953125,0.0703125,-162.5324591,0.203125,0.078125,-131.747347,0.1875,0.078125,-186.8949772,0
0.17578125,0.13671875,-183.4732227,0.1796875,0.1328125,-136.3751516,0.1796875,0.140625,-127.1912956,21
0.796875,0.640625,235.0961221,0.8125,0.65625,258.8621078,0.78125,0.65625,252.6193252,395
0.796875,0.640625,235.0961221,0.8125,0.625,217.572919,0.8125,0.65625,258.8621078,130
0.796875,0.671875,244.1016888,0.78125,0.65625,252.6193252,0.8125,0.65625,258.8621078,20
0.890625,0.921875,377.0447232,0.875,0.90625,378.4135453,0.90625,0.90625,411.0928494,0
0.890625,0.890625,400.6752576,0.90625,0.90625,411.0928494,0.875,0.90625,378.4135453,7
0.859375,0.890625,383.0958328,0.84375,0.90625,375.9339998,0.875,0.90625,378.4135453,9
0.859375,0.921875,377.7040957,0.875,0.90625,378.4135453,0.84375,0.90625,375.9339998,2
0.1484375,0.1640625,-207.7326157,0.15625,0.171875,-193.4325806,0.15625,0.15625,-179.4747797,215
0.1484375,0.1640625,-207.7326157,0.140625,0.171875,-235.9904518,0.15625,0.171875,-193.4325806,94
0.0625,0.40625,-452.3363856,0.03125,0.40625,-696.5848609,0.0625,0.375,-501.1724108,3
0.03125,0.375,-745.4208861,0.0625,0.375,-501.1724108,0.03125,0.40625,-696.5848609,4
0.046875,0.421875,-550.0426107,0.03125,0.40625,-696.5848609,0.03125,0.4375,-699.4285566,0
0.015625,0.421875,-868.8754274,0.03125,0.4375,-699.4285566,0.03125,0.40625,-696.5848609,9
0.59375,0.75,327.1875981,0.59375,0.78125,240.4873805,0.5625,0.75,104.3468612,6
0.59375,0.75,327.1875981,0.625,0.75,244.0364753,0.59375,0.78125,240.4873805,4
0.1640625,0.1328125,-201.4538459,0.15625,0.125,-172.336398,0.171875,0.125,-153.8080077,30
0.625,0.78125,229.6023189,0.59375,0.78125,240.4873805,0.625,0.75,244.0364753,10
0.625,0.78125,229.6023189,0.625,0.8125,215.1681625,0.59375,0.78125,240.4873805,164
0.609375,0.734375,244.2470469,0.625,0.75,244.0364753,0.59375,0.75,327.1875981,0
0.578125,0.734375,150.9970057,0.5625,0.75,104.3468612,0.59375,0.75,327.1875981,1
0.546875,0.578125,165.0053738,0.5625,0.59375,154.4429807,0.5625,0.5625,221.4571517,317
0.546875,0.609375,187.4937668,0.5625,0.59375,154.4429807,0.53125,0.59375,184.2916445,9
0.546875,0.609375,187.4937668,0.5625,0.625,190.6958892,0.5625,0.59375,154.4429807,3
0.984375,0.828125,397.3804106,1,0.8125,377.4220087,1,0.84375,406.2739954,2
0.921875,0.609375,250.9292219,0.90625,0.625,264.8451502,0.90625,0.59375,257.3843252,9
0.890625,0.609375,243.129138,0.90625,0.59375,257.3843252,0.90625,0.625,264.8451502,9
0.578125,0.578125,175.0204704,0.59375,0.59375,195.3620465,0.5625,0.59375,154.4429807,235
0.578125,0.609375,222.2616035,0.5625,0.59375,154.4429807,0.59375,0.59375,195.3620465,9
0.578125,0.609375,222.2616035,0.5625,0.625,190.6958892,0.5625,0.59375,154.4429807,2
0.0078125,0.5546875,-651.5900691,0.015625,0.5625,-500.1914275,0.015625,0.546875,-579.0407533,5
0.0078125,0.6953125,56.22595219,0,0.6875,258.8768843,0.015625,0.6875,-92.14837438,10
0.0078125,0.625,-145.3447668,0.015625,0.625,-282.1223645,0.0078125,0.6328125,-193.5779104,5
0.015625,0.6875,-92.14837438,0.015625,0.671875,-121.7498492,0,0.6875,258.8768843,10
0.203125,0.125,-215.1504426,0.203125,0.140625,-154.5870412,0.21875,0.125,-148.6330773,1
0.1796875,0.125,-181.0363552,0.171875,0.125,-153.8080077,0.1796875,0.1328125,-136.3751516,28
0.0078125,0.640625,-157.2732467,0.015625,0.640625,-284.9036437,0.0078125,0.6484375,-158.2641915,36
0.00390625,0.640625,36.70204137,0.0078125,0.640625,-157.2732467,0.00390625,0.63671875,5.815034462,8
0.015625,0.6875,-92.14837438,0.03125,0.6875,-124.0681383,0.015625,0.671875,-121.7498492,22
0.125,0.421875,-169.4061047,0.125,0.40625,-165.1130198,0.140625,0.421875,-142.112853,9
0.5546875,0.6328125,170.3966396,0.546875,0.625,161.4539373,0.546875,0.640625,150.09739,0
0.5546875,0.6328125,170.3966396,0.5625,0.625,190.6958892,0.546875,0.625,161.4539373,0
0,0.6171875,-5.98379317,0.0078125,0.6171875,-270.5840904,0,0.625,-322.1263627,1
0,0.6171875,-5.98379317,0,0.609375,-57.98991184,0.0078125,0.6171875,-270.5840904,9
0.53125,0.578125,127.9533728,0.515625,0.578125,125.8355104,0.53125,0.5625,81.67189242,2
0.53125,0.578125,127.9533728,0.53125,0.59375,184.2916445,0.515625,0.578125,125.8355104,27
0.515625,0.5625,66.09473076,0.515625,0.578125,125.8355104,0.5,0.5625,139.3625179,1
0.515625,0.5625,66.09473076,0.53125,0.5625,81.67189242,0.515625,0.578125,125.8355104,2
0.515625,0.5625,66.09473076,0.515625,0.546875,150.6747655,0.5,0.5625,139.3625179,1
0.515625,0.5625,66.09473076,0.53125,0.5625,81.67189242,0.515625,0.546875,150.6747655,0
0.96875,0.921875,461.7200151,0.953125,0.921875,430.7561737,0.96875,0.9375,443.2295973,76
0.96875,0.921875,461.7200151,0.96875,0.90625,429.9196552,0.953125,0.921875,430.7561737,0
0.953125,0.9375,460.3632796,0.953125,0.921875,430.7561737,0.96875,0.9375,443.2295973,95
0.953125,0.9375,460.3632796,0.9375,0.9375,431.928033,0.953125,0.921875,430.7561737,61
0.015625,0.265625,-907.1316985,0.03125,0.25,-821.1781539,0.03125,0.28125,-799.9024344,0
0.015625,0.265625,-907.1316985,0,0.25,-1014.360963,0.03125,0.25,-821.1781539,0
0.03125,0.21875,-836.248953,0,0.1875,-877.7820284,0.0625,0.1875,-658.1369434,0
0.03125,0.21875,-836.248953,0,0.25,-1014.360963,0,0.1875,-877.7820284,0
0.03125,0.25,-821.1781539,0.03125,0.21875,-836.248953,0,0.25,-1014.360963,0
0.03125,0.25,-821.1781539,0.0625,0.25,-627.9953451,0.03125,0.21875,-836.248953,0
0.15625,0.6875,-78.01027737,0.15625,0.65625,-68.01289068,0.125,0.6875,-124.1770909,1
0.15625,0.6875,-78.01027737,0.1875,0.6875,-31.84346386,0.15625,0.65625,-68.01289068,0
0.109375,0.578125,-145.0886054,0.125,0.59375,-93.98622099,0.09375,0.59375,-206.3870863,156
0.140625,0.578125,-179.2433706,0.125,0.59375,-93.98622099,0.15625,0.59375,-110.7557998,0
0.625,0.734375,284.3783746,0.609375,0.734375,244.2470469,0.625,0.75,244.0364753,0
0.625,0.734375,284.3783746,0.625,0.71875,207.5777716,0.609375,0.734375,244.2470469,46
0.171875,0.453125,-116.970294,0.15625,0.4375,-119.1126863,0.1875,0.4375,-64.5261829,0
0.171875,0.421875,-87.52634963,0.1875,0.4375,-64.5261829,0.15625,0.4375,-119.1126863,1
0.15625,0.109375,-234.1781845,0.15625,0.09375,-247.6152477,0.140625,0.109375,-274.764086,9
0.125,0.09375,-336.9749784,0.09375,0.09375,-343.4459997,0.125,0.0625,-372.0370325,0
0.125,0.09375,-336.9749784,0.125,0.125,-301.9129243,0.09375,0.09375,-343.4459997,0
0.140625,0.109375,-274.764086,0.125,0.09375,-336.9749784,0.125,0.125,-301.9129243,1
0.140625,0.109375,-274.764086,0.15625,0.09375,-247.6152477,0.125,0.09375,-336.9749784,22
0.140625,0.078125,-309.8261401,0.125,0.09375,-336.9749784,0.15625,0.09375,-247.6152477,29
0.140625,0.078125,-309.8261401,0.125,0.0625,-372.0370325,0.125,0.09375,-336.9749784,12
0.1484375,0.1171875,-223.550242,0.140625,0.125,-311.648152,0.140625,0.109375,-274.764086,0
0.140625,0.171875,-235.9904518,0.125,0.1875,-292.5061238,0.125,0.15625,-297.209524,17
0.140625,0.140625,-240.693852,0.125,0.15625,-297.209524,0.125,0.125,-301.9129243,9
0.578125,0.625,160.878702,0.578125,0.609375,222.2616035,0.5625,0.625,190.6958892,1
0.578125,0.625,160.878702,0.59375,0.625,169.4657232,0.578125,0.609375,222.2616035,13
0.65625,0.734375,137.9567334,0.671875,0.734375,212.2046937,0.65625,0.75,99.30103542,0
0.65625,0.734375,137.9567334,0.65625,0.71875,249.2594646,0.671875,0.734375,212.2046937,64
0.140625,0.5625,-25.63329634,0.15625,0.5625,32.5235318,0.140625,0.578125,-179.2433706,1
0.125,0.578125,-88.88817274,0.125,0.59375,-93.98622099,0.140625,0.578125,-179.2433706,20
0.671875,0.75,150.9713129,0.671875,0.734375,212.2046937,0.65625,0.75,99.30103542,0
0.671875,0.75,150.9713129,0.6875,0.75,175.1499227,0.671875,0.734375,212.2046937,1
0.6875,0.734375,183.6677893,0.671875,0.734375,212.2046937,0.6875,0.75,175.1499227,0
0.6875,0.734375,183.6677893,0.6875,0.71875,218.5341316,0.671875,0.734375,212.2046937,1
0.6875,0.609375,212.8801088,0.703125,0.609375,212.2924938,0.6875,0.625,200.7117766,5
0.6875,0.609375,212.8801088,0.6875,0.59375,191.2584943,0.703125,0.609375,212.2924938,1
0.703125,0.625,149.4469151,0.703125,0.609375,212.2924938,0.71875,0.625,221.8922279,4
0.703125,0.625,149.4469151,0.6875,0.625,200.7117766,0.703125,0.609375,212.2924938,1
0.921875,0.84375,449.407617,0.921875,0.828125,365.5229957,0.9375,0.84375,441.8577805,6
0.921875,0.84375,449.407617,0.90625,0.84375,388.9410809,0.921875,0.828125,365.5229957,1
0.875,0.921875,452.8948987,0.875,0.90625,378.4135453,0.890625,0.921875,377.0447232,1
0.875,0.921875,452.8948987,0.890625,0.921875,377.0447232,0.875,0.9375,377.1708565,84
0.9375,0.828125,376.0929075,0.921875,0.828125,365.5229957,0.9375,0.84375,441.8577805,0
0.9375,0.828125,376.0929075,0.9375,0.8125,389.1600262,0.921875,0.828125,365.5229957,6
0.921875,0.8125,425.7884254,0.921875,0.828125,365.5229957,0.90625,0.8125,376.4159083,1
0.921875,0.8125,425.7884254,0.9375,0.8125,389.1600262,0.921875,0.828125,365.5229957,1
0.25,0.46875,41.2548808,0.21875,0.46875,-18.52584943,0.25,0.5,27.47448404,209
0.25,0.46875,41.2548808,0.25,0.4375,18.22169072,0.21875,0.46875,-18.52584943,240
0.375,1,188.2940543,0.25,1,130.1528376,0.375,0.875,143.4653304,0
0.5,0.875,227.7742838,0.375,0.875,143.4653304,0.5,1,246.435271,0
0.375,0.75,124.4644464,0.25,0.75,40.4953898,0.375,0.875,143.4653304,0
0.1875,0.8125,3.409189689,0.25,0.875,85.32411368,0.25,0.75,40.4953898,0
0.1875,0.9375,48.23791357,0.25,1,130.1528376,0.25,0.875,85.32411368,0
0.3125,0.0625,-11.86724692,0.375,0,-156.5233554,0.375,0.125,60.56613769,6
0.3125,0.0625,-11.86724692,0.25,0,-259.2987974,0.375,0,-156.5233554,0
0.46875,0.59375,142.5122791,0.4375,0.625,125.6024908,0.4375,0.5625,99.61191147,0
0.46875,0.59375,142.5122791,0.5,0.625,185.4126467,0.4375,0.625,125.6024908,0
0.46875,0.65625,190.9126423,0.4375,0.625,125.6024908,0.4375,0.6875,196.4126379,0
0.46875,0.65625,190.9126423,0.5,0.625,185.4126467,0.4375,0.625,125.6024908,8
0.65625,0.46875,101.2968071,0.6875,0.5,162.8826201,0.6875,0.4375,124.7611044,36
0.71875,0.46875,144.3685946,0.6875,0.5,162.8826201,0.6875,0.4375,124.7611044,56
0.71875,0.53125,181.4114692,0.75,0.5,163.9760847,0.6875,0.5,162.8826201,608
0.78125,0.46875,135.334304,0.75,0.4375,133.6774236,0.8125,0.4375,106.6925232,212
0.71875,0.46875,144.3685946,0.75,0.4375,133.6774236,0.6875,0.4375,124.7611044,72
0.3125,0.625,203.3717254,0.3125,0.6875,112.4435813,0.25,0.625,198.4078074,4
0.3125,0.625,203.3717254,0.375,0.625,184.3917728,0.3125,0.6875,112.4435813,0
0.3125,0.25,10.04920379,0.3125,0.1875,24.74062671,0.375,0.25,31.18329186,495
0.0390625,0.6171875,-257.8069653,0.03125,0.625,-262.1655219,0.03125,0.609375,-336.3077201,10
0.09375,0.90625,-21.79015678,0.0625,0.9375,-9.90330314,0.0625,0.875,-34.90443122,12
0.1875,0.28125,-85.65420872,0.1875,0.3125,-83.80586706,0.15625,0.28125,-129.4293501,136
0.125,0.28125,-203.5330258,0.125,0.3125,-165.436324,0.15625,0.28125,-129.4293501,341
0.15625,0.3125,-173.6359614,0.15625,0.28125,-129.4293501,0.125,0.3125,-165.436324,181
0.09375,0.21875,-449.8833355,0.125,0.1875,-292.5061238,0.0625,0.1875,-658.1369434,0
0.09375,0.15625,-480.0249339,0.0625,0.1875,-658.1369434,0.125,0.1875,-292.5061238,0
0.15625,0.203125,-155.8611827,0.140625,0.203125,-219.9234315,0.15625,0.1875,-207.3903814,80
0.1875,0.21875,-104.8885947,0.21875,0.21875,-66.67976163,0.1875,0.25,-87.50255038,917
0.984375,0.921875,449.1398707,1,0.9375,468.3600862,0.96875,0.9375,443.2295973,155
0.75,0.84375,311.7013684,0.71875,0.84375,304.1092808,0.75,0.875,324.3114831,1
0.75,0.84375,311.7013684,0.75,0.8125,299.0912536,0.71875,0.84375,304.1092808,0
0.71875,0.8125,332.8731116,0.71875,0.84375,304.1092808,0.75,0.8125,299.0912536,0
0.71875,0.8125,332.8731116,0.6875,0.8125,283.9070785,0.71875,0.84375,304.1092808,0
0.890625,0.953125,398.013656,0.90625,0.9375,451.0674117,0.90625,0.96875,418.8564555,0
0.734375,0.796875,297.4440922,0.71875,0.8125,332.8731116,0.71875,0.78125,295.7969308,8
0.734375,0.796875,297.4440922,0.75,0.8125,299.0912536,0.71875,0.8125,332.8731116,0
0.375,0,-156.5233554,0.375,0.125,60.56613769,0.5,0,-50.55236888,9
0.5,0.125,-133.5746183,0.375,0.125,60.56613769,0.5,0,-50.55236888,36
0.009765625,0.580078125,-337.3989536,0.0078125,0.58203125,-373.1642681,0.01171875,0.58203125,-530.5097636,9
0.009765625,0.580078125,-337.3989536,0.0078125,0.578125,-410.5339114,0.0078125,0.58203125,-373.1642681,15
0.609375,0.484375,165.1559515,0.625,0.46875,166.5790843,0.59375,0.46875,167.9395719,2
0.609375,0.484375,165.1559515,0.625,0.5,162.372331,0.625,0.46875,166.5790843,6
0.578125,0.578125,175.0204704,0.5625,0.59375,154.4429807,0.5625,0.5625,221.4571517,283
0.1875,0.9375,48.23791357,0.25,1,130.1528376,0.125,1,68.25583502,0
0.15625,0.234375,-150.6401545,0.140625,0.234375,-209.6699267,0.15625,0.25,-187.3582538,154
0.15625,0.234375,-150.6401545,0.15625,0.21875,-199.8851211,0.140625,0.234375,-209.6699267,378
0.0625,0.0625,-384.9790751,0,0.125,-741.2030943,0,0,-468.0452259,0
0.625,1,299.2736451,0.5,1,246.435271,0.625,0.875,265.4430685,1
0.53125,0.71875,209.6544972,0.5,0.75,208.433503,0.5,0.6875,203.2960107,1
0.0625,0.0625,-384.9790751,0.125,0,-361.0196536,0,0,-468.0452259,0
0.40625,0.40625,99.63176963,0.4375,0.375,112.1636832,0.375,0.375,73.29232741,14
0.40625,0.40625,99.63176963,0.4375,0.4375,125.9712118,0.4375,0.375,112.1636832,34
0.375,0.28125,41.71055075,0.40625,0.28125,46.1071734,0.375,0.25,31.18329186,107
0.40625,0.34375,64.42070284,0.4375,0.3125,61.03105495,0.4375,0.375,112.1636832,118
0.1875,0.6875,-31.84346386,0.25,0.625,198.4078074,0.25,0.75,40.4953898,1
0.203125,0.265625,-67.47396302,0.1875,0.28125,-85.65420872,0.21875,0.28125,-47.44537567,225
0.4375,0.25,39.97653717,0.4375,0.3125,61.03105495,0.5,0.25,48.76978249,793
0.0625,0.9375,-9.90330314,0,1,13.87040414,0.125,1,68.25583502,0
0.4375,0.6875,196.4126379,0.375,0.75,124.4644464,0.375,0.625,184.3917728,0
0.4375,0.6875,196.4126379,0.5,0.75,208.433503,0.375,0.75,124.4644464,1
0.1875,0.75,-14.48181718,0.1875,0.8125,3.409189689,0.125,0.75,-69.45902417,0
0.1875,0.75,-14.48181718,0.25,0.75,40.4953898,0.1875,0.8125,3.409189689,0
0.6875,0.3125,112.7471845,0.75,0.25,71.47381217,0.75,0.375,56.74825526,4
0.34375,0.40625,76.5874891,0.3125,0.4375,79.8826508,0.3125,0.375,73.70143976,42
0.71875,0.84375,304.1092808,0.75,0.875,324.3114831,0.6875,0.875,298.7145597,4
0.71875,0.84375,304.1092808,0.6875,0.875,298.7145597,0.6875,0.8125,283.9070785,0
0.75,0.9375,341.7989903,0.6875,0.9375,309.4284476,0.75,1,353.4138266,0
0.75,0.9375,341.7989903,0.75,0.875,324.3114831,0.6875,0.9375,309.4284476,1
0.6875,0.875,298.7145597,0.6875,0.9375,309.4284476,0.75,0.875,324.3114831,1
0.6875,0.875,298.7145597,0.625,0.875,265.4430685,0.6875,0.9375,309.4284476,0
0.96875,0.53125,245.983985,1,0.5,262.2647447,1,0.5625,275.1330572,0
0.96875,0.59375,258.6295547,1,0.5625,275.1330572,0.9375,0.5625,229.7032253,7
0.96875,0.59375,258.6295547,1,0.625,287.5558841,1,0.5625,275.1330572,2
0.828125,0.671875,247.0454033,0.84375,0.65625,258.5067542,0.8125,0.65625,258.8621078,7
0.875,0.25,122.0344583,0.875,0.125,77.19963809,1,0.25,172.5951043,1
0.875,0.25,122.0344583,0.75,0.25,71.47381217,0.875,0.125,77.19963809,0
1,0.125,127.7602842,0.875,0.125,77.19963809,1,0.25,172.5951043,0
1,0.125,127.7602842,1,0,82.92546401,0.875,0.125,77.19963809,0
0.875,0,49.55600579,0.875,0.125,77.19963809,1,0,82.92546401,0
0.875,0,49.55600579,0.75,0,16.18654757,0.875,0.125,77.19963809,0
0.75,0.125,43.83017987,0.875,0.125,77.19963809,0.75,0,16.18654757,0
0.75,0.125,43.83017987,0.75,0.25,71.47381217,0.875,0.125,77.19963809,0
0.875,0.25,122.0344583,0.875,0.375,86.6612216,1,0.25,172.5951043,1
0.71875,0.40625,90.75467984,0.75,0.4375,133.6774236,0.6875,0.4375,124.7611044,6
0.8125,0.3125,79.06751689,0.75,0.375,56.74825526,0.75,0.25,71.47381217,5
0.546875,0.65625,188.921957,0.53125,0.65625,147.8501633,0.546875,0.640625,150.09739,11
0.53125,0.640625,138.2902753,0.546875,0.640625,150.09739,0.53125,0.625,132.2119855,1
0.53125,0.640625,138.2902753,0.53125,0.65625,147.8501633,0.546875,0.640625,150.09739,8
0,0.5078125,-800.5650398,0,0.5,-893.036975,0.0078125,0.5078125,-771.9197877,5
0.0078125,0.515625,-747.7144623,0.015625,0.515625,-751.9849938,0.0078125,0.5078125,-771.9197877,31
0.578125,0.625,160.878702,0.578125,0.640625,160.536224,0.5625,0.625,190.6958892,0
0.578125,0.65625,195.6980065,0.578125,0.640625,160.536224,0.5625,0.65625,195.1384614,181
0.00390625,0.51171875,-736.4927105,0,0.5078125,-800.5650398,0.0078125,0.5078125,-771.9197877,7
0.875,0.921875,452.8948987,0.875,0.90625,378.4135453,0.859375,0.921875,377.7040957,0
0.890625,0.9375,383.0617825,0.890625,0.921875,377.0447232,0.875,0.9375,377.1708565,156
0.890625,0.9375,383.0617825,0.90625,0.9375,451.0674117,0.890625,0.921875,377.0447232,29
0.90625,0.921875,442.4074617,0.890625,0.921875,377.0447232,0.90625,0.9375,451.0674117,5
0.90625,0.921875,442.4074617,0.90625,0.90625,411.0928494,0.890625,0.921875,377.0447232,0
0.84375,0.921875,405.7597001,0.859375,0.921875,377.7040957,0.84375,0.9375,376.4474977,89
0.84375,0.921875,405.7597001,0.84375,0.90625,375.9339998,0.859375,0.921875,377.7040957,2
0.859375,0.9375,420.3875459,0.859375,0.921875,377.7040957,0.875,0.9375,377.1708565,113
0.859375,0.9375,420.3875459,0.84375,0.9375,376.4474977,0.859375,0.921875,377.7040957,116
0.65625,0.6875,266.9080738,0.6875,0.6875,251.3111704,0.65625,0.71875,249.2594646,21
0.640625,0.75,171.6687554,0.65625,0.75,99.30103542,0.640625,0.734375,245.2955499,1
0.6875,0.71875,218.5341316,0.6875,0.6875,251.3111704,0.65625,0.71875,249.2594646,22
0.546875,0.609375,187.4937668,0.53125,0.625,132.2119855,0.53125,0.59375,184.2916445,0
0.515625,0.609375,184.8521456,0.53125,0.625,132.2119855,0.53125,0.59375,184.2916445,5
0.5,0.65625,194.3543287,0.53125,0.65625,147.8501633,0.5,0.6875,203.2960107,0
0.53125,0.6875,207.0857511,0.53125,0.65625,147.8501633,0.5,0.6875,203.2960107,0
0.515625,0.609375,184.8521456,0.5,0.59375,207.090726,0.53125,0.59375,184.2916445,0
0.515625,0.609375,184.8521456,0.5,0.625,185.4126467,0.5,0.59375,207.090726,0
0.515625,0.578125,125.8355104,0.5,0.59375,207.090726,0.53125,0.59375,184.2916445,8
0.515625,0.578125,125.8355104,0.5,0.5625,139.3625179,0.5,0.59375,207.090726,9
0.5,0.59375,207.090726,0.46875,0.59375,142.5122791,0.5,0.625,185.4126467,0
0.5,0.59375,207.090726,0.5,0.5625,139.3625179,0.46875,0.59375,142.5122791,5
0.46875,0.5625,182.1207654,0.46875,0.59375,142.5122791,0.5,0.5625,139.3625179,6
0.46875,0.5625,182.1207654,0.4375,0.5625,99.61191147,0.46875,0.59375,142.5122791,4
0.9375,0.71875,325.6954916,0.9375,0.6875,307.2293296,0.96875,0.71875,347.3255312,12
0.96875,0.75,339.0825689,0.96875,0.71875,347.3255312,1,0.75,338.4911547,12
0.953125,0.734375,255.001784,0.96875,0.75,339.0825689,0.96875,0.71875,347.3255312,7
0.34375,0.53125,58.00234442,0.375,0.5625,126.0574594,0.3125,0.5625,50.94685902,0
0.34375,0.53125,58.00234442,0.375,0.5,144.9134147,0.375,0.5625,126.0574594,0
0.21875,0.40625,-27.77864275,0.25,0.375,8.968897403,0.1875,0.375,-82.86681229,617
0.09375,0.71875,-121.3472555,0.125,0.75,-69.45902417,0.0625,0.75,-117.0940087,603
0.09375,0.78125,-70.82932075,0.125,0.75,-69.45902417,0.0625,0.75,-117.0940087,152
0.3125,0.6875,112.4435813,0.375,0.75,124.4644464,0.375,0.625,184.3917728,0
0.3125,0.6875,112.4435813,0.25,0.75,40.4953898,0.375,0.75,124.4644464,0
0.4375,0.8125,175.9494167,0.375,0.75,124.4644464,0.375,0.875,143.4653304,0
0.4375,0.8125,175.9494167,0.5,0.75,208.433503,0.375,0.75,124.4644464,0
0.015625,0.734375,95.64094613,0,0.71875,180.5791275,0.03125,0.71875,-114.8203612,198
0.09375,0.6875,-148.7062889,0.09375,0.71875,-121.3472555,0.125,0.6875,-124.1770909,106
0.6875,0.9375,309.4284476,0.625,1,299.2736451,0.625,0.875,265.4430685,0
0.6875,0.9375,309.4284476,0.75,1,353.4138266,0.625,1,299.2736451,0
0,0.9375,7.032387657,0.0625,0.9375,-9.90330314,0,1,13.87040414,1
0.046875,0.484375,-515.3217549,0.03125,0.5,-580.6878422,0.03125,0.46875,-612.9822553,2
0.015625,0.484375,-753.0096151,0.03125,0.5,-580.6878422,0.03125,0.46875,-612.9822553,2
0.6875,0.59375,191.2584943,0.6875,0.5625,198.8468537,0.71875,0.59375,223.873211,612
0.9375,0.90625,439.2865002,0.90625,0.90625,411.0928494,0.9375,0.875,446.6449675,4
1,0.78125,368.1900867,1,0.75,338.4911547,0.96875,0.78125,340.0138227,9
0.9375,0.4375,174.4629831,1,0.375,217.4299245,0.875,0.375,86.6612216,0
0.9375,0.4375,174.4629831,1,0.5,262.2647447,1,0.375,217.4299245,1
0.3125,0.6875,112.4435813,0.25,0.75,40.4953898,0.25,0.625,198.4078074,0
0.25,0.875,85.32411368,0.375,0.875,143.4653304,0.25,1,130.1528376,0
0.25,0.875,85.32411368,0.25,0.75,40.4953898,0.375,0.875,143.4653304,0
0.375,1,188.2940543,0.375,0.875,143.4653304,0.5,1,246.435271,0
0.6875,0.375,95.85161766,0.6875,0.3125,112.7471845,0.75,0.375,56.74825526,7
0.046875,0.734375,-115.9571849,0.0625,0.71875,-145.1647478,0.03125,0.71875,-114.8203612,183
0.046875,0.734375,-115.9571849,0.0625,0.75,-117.0940087,0.0625,0.71875,-145.1647478,324
0.8125,0.3125,79.06751689,0.875,0.25,122.0344583,0.75,0.25,71.47381217,0
0.8125,0.3125,79.06751689,0.875,0.375,86.6612216,0.875,0.25,122.0344583,0
0.828125,0.828125,335.7513457,0.84375,0.84375,295.8397391,0.84375,0.8125,295.7742378,10
0.703125,0.625,149.4469151,0.703125,0.640625,230.5505961,0.71875,0.625,221.8922279,8
0.703125,0.625,149.4469151,0.6875,0.625,200.7117766,0.703125,0.640625,230.5505961,9
0.6875,0.640625,316.9884285,0.703125,0.640625,230.5505961,0.6875,0.625,200.7117766,6
0.6875,0.640625,316.9884285,0.6875,0.65625,189.3196019,0.703125,0.640625,230.5505961,96
0.0078125,0.5546875,-651.5900691,0,0.546875,-568.0789081,0.015625,0.546875,-579.0407533,13
0.0078125,0.5390625,-586.44582,0,0.546875,-568.0789081,0.015625,0.546875,-579.0407533,44
0.0078125,0.5390625,-586.44582,0,0.53125,-593.8508866,0,0.546875,-568.0789081,38
0.0625,0.6484375,-238.0375989,0.0546875,0.6484375,-200.9979572,0.0625,0.640625,-186.9621531,13
0.0625,0.6484375,-238.0375989,0.0625,0.65625,-182.3865977,0.0546875,0.6484375,-200.9979572,34
0.0546875,0.640625,-254.6883162,0.0546875,0.6484375,-200.9979572,0.0625,0.640625,-186.9621531,10
0.0546875,0.640625,-254.6883162,0.046875,0.640625,-219.6093166,0.0546875,0.6484375,-200.9979572,20
0.640625,0.625,225.6846898,0.640625,0.609375,176.6619194,0.65625,0.625,267.6362796,12
0.640625,0.625,225.6846898,0.625,0.625,169.2669413,0.640625,0.609375,176.6619194,13
0.953125,0.9375,460.3632796,0.953125,0.953125,466.7922654,0.96875,0.9375,443.2295973,0
0.953125,0.9375,460.3632796,0.9375,0.9375,431.928033,0.953125,0.953125,466.7922654,0
0.859375,0.9375,420.3875459,0.859375,0.953125,391.0573162,0.875,0.9375,377.1708565,0
0.859375,0.9375,420.3875459,0.84375,0.9375,376.4474977,0.859375,0.953125,391.0573162,0
0.109375,0.546875,-221.2559292,0.09375,0.5625,-196.1909898,0.09375,0.53125,-196.2333704,36
0.109375,0.546875,-221.2559292,0.125,0.5625,-83.79012448,0.09375,0.5625,-196.1909898,20
0.671875,0.75,150.9713129,0.671875,0.765625,210.2405806,0.65625,0.75,99.30103542,1
0.671875,0.75,150.9713129,0.6875,0.75,175.1499227,0.671875,0.765625,210.2405806,0
0.1875,0.40625,-73.69649759,0.21875,0.40625,-27.77864275,0.1875,0.375,-82.86681229,13
0.1875,0.40625,-73.69649759,0.1875,0.4375,-64.5261829,0.21875,0.40625,-27.77864275,21
0.140625,0.421875,-142.112853,0.125,0.40625,-165.1130198,0.15625,0.40625,-110.5265164,10
0.140625,0.390625,-212.8464583,0.125,0.40625,-165.1130198,0.125,0.375,-156.5268498,49
0.140625,0.390625,-212.8464583,0.15625,0.40625,-110.5265164,0.125,0.40625,-165.1130198,5
0.109375,0.421875,-384.4144767,0.125,0.40625,-165.1130198,0.09375,0.40625,-595.1297638,0
0.15625,0.390625,-165.0597476,0.140625,0.390625,-212.8464583,0.15625,0.375,-219.5929788,0
0.15625,0.390625,-165.0597476,0.15625,0.40625,-110.5265164,0.140625,0.390625,-212.8464583,1
0.171875,0.390625,-96.69666433,0.1875,0.40625,-73.69649759,0.15625,0.40625,-110.5265164,4
0.171875,0.390625,-96.69666433,0.1875,0.375,-82.86681229,0.1875,0.40625,-73.69649759,4
0.171875,0.421875,-87.52634963,0.1875,0.40625,-73.69649759,0.15625,0.40625,-110.5265164,0
0.171875,0.421875,-87.52634963,0.1875,0.4375,-64.5261829,0.1875,0.40625,-73.69649759,0
0.15625,0.390625,-165.0597476,0.171875,0.390625,-96.69666433,0.15625,0.375,-219.5929788,0
0.15625,0.390625,-165.0597476,0.15625,0.40625,-110.5265164,0.171875,0.390625,-96.69666433,0
0.0078125,0.7734375,392.47589,0,0.78125,209.4511138,0,0.765625,154.3939971,0
0.0078125,0.7734375,392.47589,0,0.765625,154.3939971,0.015625,0.765625,244.5797787,3
0.9375,0.765625,345.8922222,0.921875,0.765625,243.730811,0.9375,0.75,346.5511741,21
0.9375,0.765625,345.8922222,0.9375,0.78125,378.7506738,0.921875,0.765625,243.730811,5
0.921875,0.75,588.3145832,0.921875,0.765625,243.730811,0.9375,0.75,346.5511741,12
0.921875,0.75,588.3145832,0.90625,0.75,368.9029632,0.921875,0.765625,243.730811,6
0.59375,0.734375,272.646347,0.578125,0.734375,150.9970057,0.59375,0.75,327.1875981,0
0.59375,0.734375,272.646347,0.59375,0.71875,197.6471503,0.578125,0.734375,150.9970057,54
0.5625,0.734375,192.6637974,0.578125,0.734375,150.9970057,0.5625,0.75,104.3468612,0
0.5625,0.734375,192.6637974,0.5625,0.71875,284.941145,0.578125,0.734375,150.9970057,2
0.546875,0.734375,157.0006792,0.53125,0.75,156.3901821,0.53125,0.71875,209.6544972,0
0.546875,0.734375,157.0006792,0.5625,0.75,104.3468612,0.53125,0.75,156.3901821,0
0.5625,0.734375,192.6637974,0.546875,0.734375,157.0006792,0.5625,0.75,104.3468612,0
0.5625,0.734375,192.6637974,0.5625,0.71875,284.941145,0.546875,0.734375,157.0006792,0
0.484375,0.46875,162.4654242,0.484375,0.453125,146.6574698,0.5,0.46875,169.3099777,2
0.484375,0.46875,162.4654242,0.46875,0.46875,61.08356581,0.484375,0.453125,146.6574698,0
0.453125,0.453125,53.37379732,0.46875,0.4375,115.8452431,0.4375,0.4375,125.9712118,1
0.453125,0.453125,53.37379732,0.46875,0.46875,61.08356581,0.46875,0.4375,115.8452431,2
0.484375,0.453125,146.6574698,0.46875,0.4375,115.8452431,0.46875,0.46875,61.08356581,0
0.484375,0.453125,146.6574698,0.5,0.4375,105.7192744,0.46875,0.4375,115.8452431,207
0.5,0.453125,126.2910671,0.5,0.46875,169.3099777,0.484375,0.453125,146.6574698,14
0.5,0.453125,126.2910671,0.484375,0.453125,146.6574698,0.5,0.4375,105.7192744,250
0.546875,0.453125,122.4765416,0.53125,0.4375,119.9199055,0.53125,0.46875,126.5236866,358
0.515625,0.453125,110.2672174,0.5,0.4375,105.7192744,0.53125,0.4375,119.9199055,670
0.53125,0.4375,119.9199055,0.53125,0.40625,126.7836677,0.5,0.4375,105.7192744,126
0.5,0.453125,126.2910671,0.515625,0.453125,110.2672174,0.5,0.4375,105.7192744,186
0.5,0.453125,126.2910671,0.5,0.46875,169.3099777,0.515625,0.453125,110.2672174,10
0.001953125,0.568359375,-440.9385516,0,0.5703125,-195.2538594,0.00390625,0.5703125,-458.7804211,5
0.9375,0.828125,376.0929075,0.953125,0.828125,403.2494194,0.9375,0.84375,441.8577805,5
0.9375,0.828125,376.0929075,0.9375,0.8125,389.1600262,0.953125,0.828125,403.2494194,2
0.953125,0.84375,416.3866018,0.953125,0.828125,403.2494194,0.9375,0.84375,441.8577805,1
0.953125,0.84375,416.3866018,0.96875,0.84375,417.3388125,0.953125,0.828125,403.2494194,4
0.65625,0.734375,137.9567334,0.640625,0.734375,245.2955499,0.65625,0.75,99.30103542,1
0.65625,0.734375,137.9567334,0.65625,0.71875,249.2594646,0.640625,0.734375,245.2955499,81
0.6328125,0.7421875,244.6660126,0.625,0.75,244.0364753,0.625,0.734375,284.3783746,0
0.6328125,0.7265625,226.4366607,0.625,0.71875,207.5777716,0.625,0.734375,284.3783746,32
0.59375,0.734375,272.646347,0.609375,0.734375,244.2470469,0.59375,0.75,327.1875981,0
0.59375,0.734375,272.646347,0.59375,0.71875,197.6471503,0.609375,0.734375,244.2470469,0
0.640625,0.71875,228.4186181,0.65625,0.71875,249.2594646,0.640625,0.734375,245.2955499,193
0.28125,0.40625,44.4257741,0.25,0.375,8.968897403,0.3125,0.375,73.70143976,213
0.5,0.3125,84.10829067,0.4375,0.3125,61.03105495,0.5,0.25,48.76978249,1739
0.40625,0.34375,64.42070284,0.4375,0.375,112.1636832,0.375,0.375,73.29232741,602
0.46875,0.34375,90.2389269,0.4375,0.375,112.1636832,0.4375,0.3125,61.03105495,236
0.359375,0.296875,42.54729274,0.34375,0.3125,43.38403474,0.34375,0.28125,32.85677585,179
0.359375,0.3125,82.49573984,0.359375,0.328125,94.09004078,0.375,0.3125,52.23780963,4
0.359375,0.3125,82.49573984,0.34375,0.3125,43.38403474,0.359375,0.328125,94.09004078,3
0.1796875,0.140625,-127.1912956,0.1796875,0.1484375,-164.6608376,0.1875,0.140625,-143.9344957,127
0.1640625,0.140625,-203.2384413,0.1640625,0.1484375,-205.0230368,0.15625,0.140625,-175.9055889,30
0.015625,0.6328125,-283.5130041,0.0078125,0.6328125,-193.5779104,0.015625,0.625,-282.1223645,6
0.17578125,0.14453125,-150.4965543,0.1796875,0.1484375,-164.6608376,0.1796875,0.140625,-127.1912956,67
0.875,0.640625,172.8778586,0.859375,0.640625,243.6903525,0.875,0.65625,225.1464564,4
0.875,0.640625,172.8778586,0.875,0.625,228.8739509,0.859375,0.640625,243.6903525,0
0.75,0.59375,210.2250888,0.78125,0.59375,227.6225139,0.75,0.5625,171.5506094,1290
0.78125,0.5625,188.9480345,0.78125,0.59375,227.6225139,0.75,0.5625,171.5506094,730
0.78125,0.5625,188.9480345,0.8125,0.5625,206.3454597,0.78125,0.59375,227.6225139,254
0.828125,0.609375,220.7633228,0.8125,0.59375,200.9377199,0.84375,0.59375,185.5889477,18
0.796875,0.609375,222.5977165,0.8125,0.59375,200.9377199,0.78125,0.59375,227.6225139,18
0.09375,0.625,-154.2787345,0.125,0.625,-104.1823175,0.09375,0.65625,-138.7089022,149
0.078125,0.640625,-192.6004541,0.0625,0.625,-191.5377084,0.09375,0.625,-154.2787345,44
0.09375,0.6875,-148.7062889,0.09375,0.65625,-138.7089022,0.125,0.6875,-124.1770909,400
0.09375,0.5625,-196.1909898,0.0625,0.5625,-308.5918551,0.09375,0.59375,-206.3870863,93
0.0625,0.59375,-250.0647818,0.0625,0.5625,-308.5918551,0.09375,0.59375,-206.3870863,188
0.09375,0.625,-154.2787345,0.125,0.625,-104.1823175,0.09375,0.59375,-206.3870863,226
0.078125,0.609375,-198.9623974,0.09375,0.625,-154.2787345,0.09375,0.59375,-206.3870863,66
0.078125,0.609375,-198.9623974,0.0625,0.625,-191.5377084,0.09375,0.625,-154.2787345,2
0.578125,0.484375,128.6253067,0.5625,0.5,89.31104149,0.5625,0.46875,161.8994704,7
0.546875,0.453125,122.4765416,0.5625,0.46875,161.8994704,0.53125,0.46875,126.5236866,2
0.046875,0.625,-274.7650653,0.046875,0.640625,-219.6093166,0.03125,0.625,-262.1655219,39
0.09375,0.375,-328.8496303,0.09375,0.40625,-595.1297638,0.0625,0.375,-501.1724108,1
0.09375,0.375,-328.8496303,0.125,0.375,-156.5268498,0.09375,0.40625,-595.1297638,7
0.0625,0.40625,-452.3363856,0.09375,0.40625,-595.1297638,0.0625,0.375,-501.1724108,0
0.0625,0.40625,-452.3363856,0.0625,0.4375,-403.5003605,0.09375,0.40625,-595.1297638,0
0.09375,0.4375,-288.5997751,0.0625,0.4375,-403.5003605,0.09375,0.40625,-595.1297638,5
0.125,0.40625,-165.1130198,0.125,0.375,-156.5268498,0.09375,0.40625,-595.1297638,11
0.03125,0.671875,-185.8745315,0.046875,0.671875,-210.4582059,0.03125,0.6875,-124.0681383,151
0.0390625,0.6640625,-198.4909348,0.046875,0.65625,-215.0337612,0.046875,0.671875,-210.4582059,54
0.8125,0.765625,319.6474317,0.828125,0.765625,273.1238728,0.8125,0.75,345.1573644,11
0.8125,0.765625,319.6474317,0.8125,0.78125,318.6929279,0.828125,0.765625,273.1238728,3
0.953125,0.84375,416.3866018,0.953125,0.859375,431.99189,0.9375,0.84375,441.8577805,0
0.953125,0.84375,416.3866018,0.96875,0.84375,417.3388125,0.953125,0.859375,431.99189,4
0.9375,0.859375,375.3232307,0.953125,0.859375,431.99189,0.9375,0.875,446.6449675,157
0.9375,0.859375,375.3232307,0.9375,0.84375,441.8577805,0.953125,0.859375,431.99189,1
0.96875,0.859375,386.936743,0.953125,0.859375,431.99189,0.96875,0.875,391.1609225,161
0.96875,0.859375,386.936743,0.96875,0.84375,417.3388125,0.953125,0.859375,431.99189,4
0.8125,0.765625,319.6474317,0.796875,0.765625,318.2307789,0.8125,0.75,345.1573644,9
0.8125,0.765625,319.6474317,0.8125,0.78125,318.6929279,0.796875,0.765625,318.2307789,2
0.796875,0.75,305.0024096,0.796875,0.765625,318.2307789,0.8125,0.75,345.1573644,3
0.796875,0.75,305.0024096,0.78125,0.75,233.9687668,0.796875,0.765625,318.2307789,7
0.6328125,0.7421875,244.6660126,0.640625,0.75,171.6687554,0.640625,0.734375,245.2955499,0
0.6328125,0.7421875,244.6660126,0.625,0.75,244.0364753,0.640625,0.75,171.6687554,0
0.015625,0.75,53.07414183,0.015625,0.765625,244.5797787,0,0.75,-295.9975643,0
0.015625,0.75,53.07414183,0.03125,0.75,-59.72380841,0.015625,0.765625,244.5797787,7
0,0.765625,154.3939971,0,0.75,-295.9975643,0.015625,0.765625,244.5797787,3
0.015625,0.78125,107.0357066,0.03125,0.78125,4.620299353,0.015625,0.765625,244.5797787,17
0.921875,0.625,244.6060827,0.921875,0.609375,250.9292219,0.9375,0.625,244.4741187,7
0.921875,0.625,244.6060827,0.90625,0.625,264.8451502,0.921875,0.609375,250.9292219,9
0.90625,0.640625,239.6550416,0.921875,0.640625,256.2628794,0.90625,0.625,264.8451502,2
0.90625,0.640625,239.6550416,0.90625,0.65625,268.0516402,0.921875,0.640625,256.2628794,237
0.890625,0.625,279.8859242,0.875,0.625,228.8739509,0.890625,0.609375,243.129138,3
0.875,0.640625,172.8778586,0.890625,0.640625,281.400305,0.875,0.65625,225.1464564,10
0.875,0.640625,172.8778586,0.875,0.625,228.8739509,0.890625,0.640625,281.400305,2
0.890625,0.625,279.8859242,0.890625,0.609375,243.129138,0.90625,0.625,264.8451502,3
0.90625,0.640625,239.6550416,0.890625,0.640625,281.400305,0.90625,0.625,264.8451502,5
0.90625,0.640625,239.6550416,0.90625,0.65625,268.0516402,0.890625,0.640625,281.400305,167
0.890625,0.625,279.8859242,0.890625,0.640625,281.400305,0.90625,0.625,264.8451502,6
0.890625,0.625,279.8859242,0.875,0.625,228.8739509,0.890625,0.640625,281.400305,5
0.9375,0.734375,282.6577524,0.953125,0.734375,255.001784,0.9375,0.75,346.5511741,2
0.9375,0.734375,282.6577524,0.9375,0.71875,325.6954916,0.953125,0.734375,255.001784,88
0.953125,0.75,341.3769346,0.953125,0.734375,255.001784,0.96875,0.75,339.0825689,4
0.953125,0.75,341.3769346,0.9375,0.75,346.5511741,0.953125,0.734375,255.001784,4
0.90625,0.734375,349.7246315,0.921875,0.734375,328.6723672,0.90625,0.75,368.9029632,2
0.90625,0.734375,349.7246315,0.90625,0.71875,308.7817922,0.921875,0.734375,328.6723672,147
0.921875,0.75,588.3145832,0.921875,0.734375,328.6723672,0.9375,0.75,346.5511741,2
0.921875,0.75,588.3145832,0.90625,0.75,368.9029632,0.921875,0.734375,328.6723672,0
0.9375,0.734375,282.6577524,0.921875,0.734375,328.6723672,0.9375,0.75,346.5511741,1
0.9375,0.734375,282.6577524,0.9375,0.71875,325.6954916,0.921875,0.734375,328.6723672,95
0.046875,0.515625,-377.0144412,0.0625,0.53125,-322.533651,0.03125,0.53125,-393.4877624,41
0.046875,0.546875,-371.8961399,0.0625,0.53125,-322.533651,0.0625,0.5625,-308.5918551,23
0.046875,0.546875,-371.8961399,0.03125,0.53125,-393.4877624,0.0625,0.53125,-322.533651,108
0.078125,0.515625,-266.3544087,0.0625,0.53125,-322.533651,0.09375,0.53125,-196.2333704,21
0.03125,0.546875,-503.1475421,0.046875,0.546875,-371.8961399,0.03125,0.5625,-401.8320784,6
0.03125,0.546875,-503.1475421,0.03125,0.53125,-393.4877624,0.046875,0.546875,-371.8961399,21
0.1875,0.265625,-86.57837955,0.1875,0.28125,-85.65420872,0.171875,0.265625,-108.4659503,93
0.15625,0.265625,-160.3330807,0.15625,0.28125,-129.4293501,0.171875,0.265625,-108.4659503,43
0.1640625,0.2578125,-147.912102,0.15625,0.25,-187.3582538,0.171875,0.25,-143.5745227,5
0.1796875,0.2578125,-97.98425032,0.1875,0.25,-87.50255038,0.171875,0.25,-143.5745227,17
0.15625,0.234375,-150.6401545,0.171875,0.234375,-143.6938357,0.15625,0.25,-187.3582538,64
0.15625,0.234375,-150.6401545,0.15625,0.21875,-199.8851211,0.171875,0.234375,-143.6938357,194
0.171875,0.25,-143.5745227,0.171875,0.234375,-143.6938357,0.15625,0.25,-187.3582538,12
0.171875,0.25,-143.5745227,0.1875,0.25,-87.50255038,0.171875,0.234375,-143.6938357,6
0.21875,0.25,-49.29371733,0.21875,0.21875,-66.67976163,0.1875,0.25,-87.50255038,554
0.21875,0.25,-49.29371733,0.25,0.25,-11.08488428,0.21875,0.21875,-66.67976163,62
0.1875,0.21875,-104.8885947,0.1875,0.1875,-122.274639,0.21875,0.21875,-66.67976163,332
0.171875,0.203125,-161.07988,0.1875,0.21875,-104.8885947,0.1875,0.1875,-122.274639,264
0.171875,0.234375,-143.6938357,0.1875,0.25,-87.50255038,0.1875,0.21875,-104.8885947,192
0.171875,0.21875,-40.88349364,0.15625,0.21875,-199.8851211,0.171875,0.234375,-143.6938357,173
0.109375,0.421875,-384.4144767,0.09375,0.4375,-288.5997751,0.09375,0.40625,-595.1297638,0
0.109375,0.421875,-384.4144767,0.125,0.4375,-173.6991897,0.09375,0.4375,-288.5997751,22
0.640625,0.75,171.6687554,0.640625,0.765625,278.8285478,0.625,0.75,244.0364753,0
0.640625,0.75,171.6687554,0.65625,0.75,99.30103542,0.640625,0.765625,278.8285478,0
0.640625,0.765625,278.8285478,0.625,0.78125,229.6023189,0.65625,0.78125,245.3312385,4
0.640625,0.765625,278.8285478,0.625,0.75,244.0364753,0.625,0.78125,229.6023189,3
0.953125,0.890625,468.7842778,0.96875,0.875,391.1609225,0.96875,0.90625,429.9196552,2
0.953125,0.890625,468.7842778,0.9375,0.875,446.6449675,0.96875,0.875,391.1609225,0
0.71875,0.59375,223.873211,0.75,0.5625,171.5506094,0.6875,0.5625,198.8468537,789
0.828125,0.796875,309.1359033,0.84375,0.78125,346.1686868,0.8125,0.78125,318.6929279,464
0.953125,0.765625,343.2824984,0.96875,0.75,339.0825689,0.96875,0.78125,340.0138227,4
1,0.96875,472.056088,1,0.9375,468.3600862,0.96875,0.96875,501.6564979,6
0.921875,0.546875,211.9578096,0.90625,0.53125,194.212394,0.90625,0.5625,168.1901552,9
0.9375,0.96875,369.0956726,0.90625,0.96875,418.8564555,0.9375,1,451.8193128,0
0.921875,0.953125,425.3922442,0.9375,0.96875,369.0956726,0.9375,0.9375,431.928033,0
0.921875,0.953125,425.3922442,0.90625,0.96875,418.8564555,0.9375,0.96875,369.0956726,0
0.953125,0.828125,403.2494194,0.96875,0.84375,417.3388125,0.96875,0.8125,322.4175023,2
0.984375,0.828125,397.3804106,0.96875,0.8125,322.4175023,0.96875,0.84375,417.3388125,9
0.6875,0.375,95.85161766,0.625,0.375,154.0205569,0.6875,0.3125,112.7471845,2
0.21875,0.21875,-66.67976163,0.25,0.25,-11.08488428,0.25,0.1875,45.80607292,11
0.28125,0.21875,6.827871214,0.25,0.1875,45.80607292,0.25,0.25,-11.08488428,15
0.5625,0.78125,142.0800983,0.59375,0.78125,240.4873805,0.5625,0.75,104.3468612,3
0.5625,0.78125,142.0800983,0.5625,0.8125,236.9382858,0.59375,0.78125,240.4873805,69
0.125,0.59375,-93.98622099,0.125,0.625,-104.1823175,0.09375,0.59375,-206.3870863,189
0.28125,0.40625,44.4257741,0.3125,0.375,73.70143976,0.3125,0.4375,79.8826508,225
0.3125,0.375,73.70143976,0.3125,0.3125,34.53025984,0.25,0.375,8.968897403,2983
0.25,0.3125,-1.057993437,0.25,0.25,-11.08488428,0.3125,0.3125,34.53025984,861
0.0625,0.609375,-220.8012451,0.0625,0.59375,-250.0647818,0.046875,0.609375,-253.4484087,142
0.6875,0.53125,180.8647369,0.6875,0.5625,198.8468537,0.71875,0.53125,181.4114692,18
0.34375,0.34375,62.54690051,0.3125,0.375,73.70143976,0.3125,0.3125,34.53025984,419
0.578125,0.46875,164.9195211,0.59375,0.46875,167.9395719,0.578125,0.453125,151.0300542,1
0.59375,0.453125,13.55082361,0.578125,0.453125,151.0300542,0.59375,0.4375,64.36135381,3
0.59375,0.453125,13.55082361,0.59375,0.46875,167.9395719,0.578125,0.453125,151.0300542,8
0.796875,0.5,161.3160113,0.796875,0.515625,190.6378769,0.8125,0.5,196.1149815,2
0.796875,0.5,161.3160113,0.78125,0.5,68.2056441,0.796875,0.515625,190.6378769,1
0.484375,0.5,182.5638813,0.484375,0.515625,114.0981054,0.46875,0.5,155.0753226,5
0.484375,0.5,182.5638813,0.5,0.5,118.9268367,0.484375,0.515625,114.0981054,11
0.390625,0.4375,112.3508617,0.390625,0.421875,104.7212775,0.375,0.4375,109.8107853,14
0.390625,0.4375,112.3508617,0.40625,0.4375,89.67495199,0.390625,0.421875,104.7212775,18
0.765625,0.78125,288.2537941,0.765625,0.796875,309.1776747,0.75,0.78125,319.3740724,0
0.765625,0.78125,288.2537941,0.78125,0.78125,319.2640958,0.765625,0.796875,309.1776747,7
0.15625,0.171875,-193.4325806,0.171875,0.171875,-178.3581554,0.15625,0.1875,-207.3903814,34
0.1875,0.171875,-110.5125102,0.1875,0.1875,-122.274639,0.171875,0.171875,-178.3581554,171
0.1796875,0.1640625,-138.5542684,0.1875,0.171875,-110.5125102,0.171875,0.171875,-178.3581554,150
0.171875,0.1875,-131.4107585,0.171875,0.171875,-178.3581554,0.15625,0.1875,-207.3903814,17
0.171875,0.1875,-131.4107585,0.1875,0.1875,-122.274639,0.171875,0.171875,-178.3581554,71
0.0625,0.640625,-186.9621531,0.078125,0.640625,-192.6004541,0.0625,0.625,-191.5377084,43
0.078125,0.65625,-160.5477499,0.09375,0.65625,-138.7089022,0.078125,0.640625,-192.6004541,76
0.359375,0.328125,94.09004078,0.375,0.34375,62.76506852,0.34375,0.34375,62.54690051,127
0.359375,0.328125,94.09004078,0.375,0.3125,52.23780963,0.375,0.34375,62.76506852,25
0.359375,0.296875,42.54729274,0.375,0.3125,52.23780963,0.375,0.28125,41.71055075,286
0.34375,0.3125,43.38403474,0.3125,0.3125,34.53025984,0.34375,0.28125,32.85677585,302
0.359375,0.328125,94.09004078,0.34375,0.3125,43.38403474,0.34375,0.34375,62.54690051,21
0.375,0.28125,41.71055075,0.34375,0.28125,32.85677585,0.375,0.25,31.18329186,190
0.765625,0.53125,181.2706795,0.765625,0.546875,186.223745,0.75,0.53125,177.3805867,0
0.78125,0.546875,187.0544034,0.765625,0.546875,186.223745,0.78125,0.5625,188.9480345,4
0.1796875,0.1171875,-2.520308109,0.171875,0.125,-153.8080077,0.171875,0.109375,-264.6415278,6
0.28125,0.5,56.83421671,0.28125,0.53125,39.21067153,0.25,0.5,27.47448404,200
0.28125,0.5,56.83421671,0.3125,0.5,86.19394938,0.28125,0.53125,39.21067153,53
0.40625,0.453125,64.29609978,0.421875,0.453125,130.7067626,0.40625,0.4375,89.67495199,10
0.40625,0.453125,64.29609978,0.40625,0.46875,135.4423133,0.421875,0.453125,130.7067626,0
0.1796875,0.1015625,-222.5569555,0.1875,0.109375,-231.0700956,0.171875,0.109375,-264.6415278,16
0.1796875,0.1015625,-222.5569555,0.1875,0.09375,-180.4723833,0.1875,0.109375,-231.0700956,22
0.1796875,0.1171875,-2.520308109,0.1875,0.109375,-231.0700956,0.171875,0.109375,-264.6415278,8
0.1796875,0.1171875,-2.520308109,0.1875,0.125,-281.6678078,0.1875,0.109375,-231.0700956,8
0,0.5546875,-431.3718532,0,0.546875,-568.0789081,0.0078125,0.5546875,-651.5900691,5
0.0078125,0.5625,-597.0439833,0.015625,0.5625,-500.1914275,0.0078125,0.5546875,-651.5900691,6
0.01171875,0.59765625,-376.8205964,0.015625,0.6015625,-376.4824916,0.0078125,0.6015625,-371.1138713,44
0.01171875,0.59765625,-376.8205964,0.015625,0.59375,-382.5273214,0.015625,0.6015625,-376.4824916,54
0.3125,0.53125,17.16034231,0.28125,0.53125,39.21067153,0.3125,0.5,86.19394938,6
0.3125,0.53125,17.16034231,0.3125,0.5625,50.94685902,0.28125,0.53125,39.21067153,0
0.5546875,0.4453125,128.298539,0.5625,0.453125,148.0100034,0.546875,0.453125,122.4765416,0
0.53125,0.6875,207.0857511,0.53125,0.71875,209.6544972,0.5,0.6875,203.2960107,0
0.53125,0.6875,207.0857511,0.5625,0.6875,210.8754914,0.53125,0.71875,209.6544972,2
0.25,0.5625,5.061809596,0.25,0.625,198.4078074,0.3125,0.5625,50.94685902,46
0.375,0.5625,126.0574594,0.375,0.625,184.3917728,0.3125,0.5625,50.94685902,12
0.859375,0.671875,254.0821741,0.875,0.65625,225.1464564,0.84375,0.65625,258.5067542,3
0.3125,0.625,203.3717254,0.3125,0.5625,50.94685902,0.25,0.625,198.4078074,2
0.3125,0.625,203.3717254,0.375,0.625,184.3917728,0.3125,0.5625,50.94685902,3
0.40625,0.53125,122.2626631,0.375,0.5625,126.0574594,0.4375,0.5625,99.61191147,0
0.40625,0.53125,122.2626631,0.375,0.5,144.9134147,0.375,0.5625,126.0574594,0
0.90625,0.53125,194.212394,0.875,0.5,156.9109456,0.9375,0.5,203.9884724,11
0.96875,0.53125,245.983985,1,0.5,262.2647447,0.9375,0.5,203.9884724,1
0.875,0.4375,121.7860836,0.9375,0.4375,174.4629831,0.875,0.5,156.9109456,6
0.875,0.4375,121.7860836,0.875,0.375,86.6612216,0.9375,0.4375,174.4629831,2
0.9375,0.5,203.9884724,0.9375,0.4375,174.4629831,1,0.5,262.2647447,1
0.9375,0.5,203.9884724,0.875,0.5,156.9109456,0.9375,0.4375,174.4629831,3
0.640625,0.609375,176.6619194,0.625,0.59375,159.408634,0.625,0.625,169.2669413,13
0.640625,0.609375,176.6619194,0.65625,0.59375,184.0568975,0.625,0.59375,159.408634,17
0.796875,0.765625,318.2307789,0.8125,0.78125,318.6929279,0.78125,0.78125,319.2640958,2
0.796875,0.796875,300.6697709,0.8125,0.78125,318.6929279,0.78125,0.78125,319.2640958,344
0.6875,0.71875,218.5341316,0.6875,0.6875,251.3111704,0.71875,0.71875,262.5910973,19
0.921875,0.765625,243.730811,0.9375,0.78125,378.7506738,0.90625,0.78125,336.9258079,1
0.890625,0.828125,390.7330947,0.90625,0.8125,376.4159083,0.90625,0.84375,388.9410809,8
0.03125,0.28125,-799.9024344,0.0625,0.25,-627.9953451,0.0625,0.3125,-585.4439062,2
0.21875,0.59375,-27.15384766,0.1875,0.625,-0.4027704072,0.1875,0.5625,-117.3292822,1
0.21875,0.59375,-27.15384766,0.25,0.625,198.4078074,0.1875,0.625,-0.4027704072,2
0.18359375,0.12890625,-209.0214797,0.1796875,0.125,-181.0363552,0.1796875,0.1328125,-136.3751516,36
0.18359375,0.12890625,-209.0214797,0.1875,0.125,-281.6678078,0.1796875,0.125,-181.0363552,6
0.203125,0.046875,-208.7470514,0.21875,0.03125,-224.1765318,0.21875,0.0625,-148.2426535,0
0.203125,0.078125,-131.747347,0.21875,0.09375,-70.1771228,0.21875,0.0625,-148.2426535,0
0.171875,0.0859375,-177.5192883,0.1796875,0.0859375,-200.4693964,0.171875,0.09375,-174.8776374,62
0.171875,0.0859375,-177.5192883,0.171875,0.078125,-220.4664094,0.1796875,0.0859375,-200.4693964,53
0.1796875,0.09375,-149.9000017,0.1796875,0.0859375,-200.4693964,0.1875,0.09375,-180.4723833,76
0.1796875,0.09375,-149.9000017,0.171875,0.09375,-174.8776374,0.1796875,0.0859375,-200.4693964,43
0.1875,0.078125,-186.8949772,0.203125,0.078125,-131.747347,0.1875,0.09375,-180.4723833,3
0.18359375,0.13671875,-146.6062583,0.1796875,0.140625,-127.1912956,0.1796875,0.1328125,-136.3751516,38
0.18359375,0.13671875,-146.6062583,0.1875,0.140625,-143.9344957,0.1796875,0.140625,-127.1912956,46
0.15625,0.203125,-155.8611827,0.171875,0.203125,-161.07988,0.15625,0.1875,-207.3903814,111
0.15625,0.203125,-155.8611827,0.15625,0.21875,-199.8851211,0.171875,0.203125,-161.07988,332
0.171875,0.21875,-40.88349364,0.171875,0.203125,-161.07988,0.1875,0.21875,-104.8885947,149
0.171875,0.21875,-40.88349364,0.15625,0.21875,-199.8851211,0.171875,0.203125,-161.07988,353
0.1875,0.109375,-231.0700956,0.1875,0.09375,-180.4723833,0.203125,0.109375,-175.9224653,3
0.203125,0.125,-215.1504426,0.203125,0.109375,-175.9224653,0.21875,0.125,-148.6330773,0
0.1953125,0.1171875,-228.7951366,0.1875,0.109375,-231.0700956,0.203125,0.109375,-175.9224653,1
0.1953125,0.1171875,-228.7951366,0.1875,0.125,-281.6678078,0.1875,0.109375,-231.0700956,1
0.1796875,0.125,-181.0363552,0.1796875,0.1171875,-2.520308109,0.1875,0.125,-281.6678078,0
0.1796875,0.125,-181.0363552,0.171875,0.125,-153.8080077,0.1796875,0.1171875,-2.520308109,2
0.0009765625,0.5830078125,-111.0692632,0.001953125,0.58203125,430.048781,0.001953125,0.583984375,-111.5147483,0
0.0009765625,0.5830078125,-111.0692632,0,0.583984375,-118.014207,0.001953125,0.583984375,-111.5147483,0
0.0009765625,0.5830078125,-111.0692632,0,0.58203125,-110.6237781,0,0.583984375,-118.014207,11
0.02734375,0.58984375,-417.8255573,0.03125,0.5859375,-336.9773513,0.03125,0.59375,-315.3591089,54
0.02734375,0.58984375,-417.8255573,0.0234375,0.5859375,-520.2920056,0.03125,0.5859375,-336.9773513,11
0.001953125,0.564453125,-401.5753444,0,0.5625,-294.6647983,0.00390625,0.5625,-445.8543908,2
0.0185546875,0.5888671875,-409.3534571,0.01953125,0.587890625,-414.3698898,0.01953125,0.58984375,-451.4096635,24
0.0185546875,0.5888671875,-409.3534571,0.017578125,0.587890625,-367.3012198,0.01953125,0.587890625,-414.3698898,0
0.00390625,0.583984375,-713.4680117,0.005859375,0.583984375,-330.9716652,0.00390625,0.5859375,-441.8137894,5
0.009765625,0.5703125,-569.3878748,0.009765625,0.568359375,-224.2279438,0.01171875,0.5703125,-620.7779412,1
0.013671875,0.580078125,-391.4132763,0.01171875,0.58203125,-530.5097636,0.01171875,0.578125,-446.4086723,0
0.01953125,0.587890625,-414.3698898,0.021484375,0.587890625,-485.8508346,0.01953125,0.5859375,-377.3301161,0
0.001953125,0.521484375,-801.8397839,0.00390625,0.5234375,-670.7826745,0.00390625,0.51953125,-708.1809355,4
0.001953125,0.521484375,-801.8397839,0,0.5234375,-668.6474087,0.00390625,0.5234375,-670.7826745,1
0.17578125,0.140625,-143.3317751,0.17578125,0.13671875,-183.4732227,0.1796875,0.140625,-127.1912956,7
0.17578125,0.140625,-143.3317751,0.171875,0.140625,-230.5712938,0.17578125,0.13671875,-183.4732227,31
0.17578125,0.13671875,-183.4732227,0.171875,0.1328125,-192.1896508,0.171875,0.140625,-230.5712938,31
0.17578125,0.13671875,-183.4732227,0.1796875,0.1328125,-136.3751516,0.171875,0.1328125,-192.1896508,19
0.173828125,0.142578125,-86.99628987,0.17578125,0.140625,-143.3317751,0.171875,0.140625,-230.5712938,6
0.173828125,0.142578125,-86.99628987,0.17578125,0.14453125,-150.4965543,0.17578125,0.140625,-143.3317751,24
0.009765625,0.587890625,-513.0116009,0.01171875,0.5859375,-309.4937004,0.0078125,0.5859375,-335.7946248,14
0.009765625,0.587890625,-513.0116009,0.01171875,0.58984375,-359.1609731,0.01171875,0.5859375,-309.4937004,30
0.1875,0.0703125,-135.4009978,0.1953125,0.0703125,-162.5324591,0.1875,0.078125,-186.8949772,0
0.1875,0.0703125,-135.4009978,0.1875,0.0625,-193.3175711,0.1953125,0.0703125,-162.5324591,0
0.015625,0.5390625,-756.8218127,0.0234375,0.5390625,-486.2642579,0.015625,0.53125,-537.8245468,5
0.015625,0.5390625,-756.8218127,0.015625,0.546875,-579.0407533,0.0234375,0.5390625,-486.2642579,3
0.171875,0.1328125,-192.1896508,0.1640625,0.1328125,-201.4538459,0.171875,0.125,-153.8080077,44
0.171875,0.1328125,-192.1896508,0.171875,0.140625,-230.5712938,0.1640625,0.1328125,-201.4538459,50
0.5703125,0.453125,149.5200288,0.578125,0.453125,151.0300542,0.5703125,0.4453125,142.5752953,0
0.01953125,0.59765625,-353.3088799,0.0234375,0.59375,-348.9432152,0.0234375,0.6015625,-324.0904384,32
0.3515625,0.4609375,56.44071693,0.34375,0.453125,20.35298525,0.34375,0.46875,-54.14074757,0
0.3515625,0.4453125,91.40609706,0.34375,0.4375,94.84671807,0.34375,0.453125,20.35298525,24
0.3515625,0.453125,200.2205498,0.3515625,0.4609375,56.44071693,0.34375,0.453125,20.35298525,1
0.3515625,0.453125,200.2205498,0.359375,0.453125,87.96547606,0.3515625,0.4609375,56.44071693,1
0.125,0.578125,-88.88817274,0.109375,0.578125,-145.0886054,0.125,0.5625,-83.79012448,46
0.125,0.578125,-88.88817274,0.125,0.59375,-93.98622099,0.109375,0.578125,-145.0886054,97
0.0048828125,0.5830078125,-658.0444038,0.005859375,0.58203125,-290.2241024,0.005859375,0.583984375,-330.9716652,9
0.18359375,0.16015625,-146.8907916,0.1875,0.1640625,-142.9382749,0.1796875,0.1640625,-138.5542684,111
0.18359375,0.16015625,-146.8907916,0.1875,0.15625,-98.75038134,0.1875,0.1640625,-142.9382749,72
0.021484375,0.587890625,-485.8508346,0.0234375,0.58984375,-434.6176104,0.0234375,0.5859375,-520.2920056,6
0.021484375,0.587890625,-485.8508346,0.01953125,0.58984375,-451.4096635,0.0234375,0.58984375,-434.6176104,7
0.001953125,0.56640625,-578.6820773,0.001953125,0.564453125,-401.5753444,0,0.56640625,-244.9593288,0
0.001953125,0.56640625,-578.6820773,0.00390625,0.56640625,-508.4858906,0.001953125,0.564453125,-401.5753444,8
0.0625,0.6484375,-238.0375989,0.0703125,0.6484375,-187.4935259,0.0625,0.640625,-186.9621531,10
0.0625,0.6484375,-238.0375989,0.0625,0.65625,-182.3865977,0.0703125,0.6484375,-187.4935259,30
0.078125,0.65625,-160.5477499,0.078125,0.671875,-155.9721946,0.0625,0.65625,-182.3865977,84
0.078125,0.65625,-160.5477499,0.09375,0.65625,-138.7089022,0.078125,0.671875,-155.9721946,78
0.078125,0.671875,-155.9721946,0.09375,0.6875,-148.7062889,0.09375,0.65625,-138.7089022,223
0.078125,0.671875,-155.9721946,0.0625,0.6875,-173.2354869,0.09375,0.6875,-148.7062889,163
0.0078125,0.56640625,-659.6754831,0.00390625,0.56640625,-508.4858906,0.0078125,0.5625,-597.0439833,4
0.0078125,0.56640625,-659.6754831,0.0078125,0.5703125,-722.3069829,0.00390625,0.56640625,-508.4858906,6
0.0185546875,0.5888671875,-409.3534571,0.017578125,0.58984375,-434.6196592,0.01953125,0.58984375,-451.4096635,0
0.0185546875,0.5888671875,-409.3534571,0.017578125,0.587890625,-367.3012198,0.017578125,0.58984375,-434.6196592,0
0.00390625,0.66015625,157.2745677,0.0078125,0.65625,-85.63878559,0.0078125,0.6640625,-76.68729421,5
0.00390625,0.66015625,157.2745677,0,0.65625,-31.62473919,0.0078125,0.65625,-85.63878559,5
0.03125,0.5859375,-336.9773513,0.0390625,0.5859375,-313.6672954,0.03125,0.578125,-358.5955937,21
0.03125,0.5859375,-336.9773513,0.03125,0.59375,-315.3591089,0.0390625,0.5859375,-313.6672954,20
0.125,0.515625,-150.2868776,0.109375,0.515625,-163.7744046,0.125,0.5,-131.3154387,120
0.125,0.515625,-150.2868776,0.125,0.53125,-169.2583165,0.109375,0.515625,-163.7744046,219
0.0048828125,0.5830078125,-658.0444038,0.00390625,0.583984375,-713.4680117,0.005859375,0.583984375,-330.9716652,6
0.0048828125,0.5830078125,-658.0444038,0.00390625,0.58203125,-985.1222341,0.00390625,0.583984375,-713.4680117,0
0.001953125,0.595703125,-247.0628782,0.00390625,0.59375,-150.639969,0.00390625,0.59765625,-327.2015235,3
0.001953125,0.595703125,-247.0628782,0,0.59375,102.9789574,0.00390625,0.59375,-150.639969,9
0.001953125,0.56640625,-578.6820773,0.00390625,0.56640625,-508.4858906,0.001953125,0.568359375,-440.9385516,2
0.001953125,0.57421875,-529.3448914,0.001953125,0.572265625,-302.1644055,0,0.57421875,-145.5483899,0
0.001953125,0.57421875,-529.3448914,0.00390625,0.57421875,-409.0749516,0.001953125,0.572265625,-302.1644055,6
0.001953125,0.576171875,-252.458936,0,0.578125,-95.84292043,0,0.57421875,-145.5483899,46
0.0078125,0.53125,-782.3366005,0.0078125,0.5390625,-586.44582,0,0.53125,-593.8508866,14
0.125,0.421875,-169.4061047,0.109375,0.421875,-384.4144767,0.125,0.4375,-173.6991897,9
0.125,0.421875,-169.4061047,0.125,0.40625,-165.1130198,0.109375,0.421875,-384.4144767,2
0.140625,0.4296875,272.8951865,0.1328125,0.4296875,-157.9060214,0.140625,0.4375,-146.405938,0
0.140625,0.4296875,272.8951865,0.140625,0.421875,-142.112853,0.1328125,0.4296875,-157.9060214,0
0.0078125,0.63671875,-73.51029812,0.01171875,0.63671875,-239.2407771,0.0078125,0.640625,-157.2732467,12
0.0078125,0.63671875,-73.51029812,0.0078125,0.6328125,-193.5779104,0.01171875,0.63671875,-239.2407771,9
0.59375,0.484375,141.5730647,0.59375,0.46875,167.9395719,0.578125,0.484375,128.6253067,6
0.0234375,0.578125,-302.0868388,0.0234375,0.5703125,-563.5284904,0.03125,0.578125,-358.5955937,9
0.890625,0.640625,281.400305,0.90625,0.65625,268.0516402,0.875,0.65625,225.1464564,80
0.96875,0.71875,347.3255312,1,0.6875,280.0097929,0.9375,0.6875,307.2293296,33
0.96875,0.71875,347.3255312,1,0.75,338.4911547,1,0.6875,280.0097929,31
0.96875,0.65625,262.8871552,1,0.6875,280.0097929,0.9375,0.6875,307.2293296,37
0.046875,0.578125,-311.975482,0.0625,0.59375,-250.0647818,0.0625,0.5625,-308.5918551,57
0.78125,0.90625,342.9609084,0.75,0.9375,341.7989903,0.8125,0.9375,361.6103337,4
0.78125,0.90625,342.9609084,0.75,0.875,324.3114831,0.75,0.9375,341.7989903,0
0.78125,0.96875,357.5120802,0.75,0.9375,341.7989903,0.8125,0.9375,361.6103337,0
0.78125,0.96875,357.5120802,0.75,1,353.4138266,0.75,0.9375,341.7989903,0
0.8125,0.59375,200.9377199,0.8125,0.5625,206.3454597,0.78125,0.59375,227.6225139,44
0.8125,0.375,56.690154,0.875,0.375,86.6612216,0.8125,0.4375,106.6925232,0
0.46875,0.34375,90.2389269,0.5,0.3125,84.10829067,0.4375,0.3125,61.03105495,87
0.46875,0.34375,90.2389269,0.5,0.375,119.4467989,0.5,0.3125,84.10829067,271
0.46875,0.4375,115.8452431,0.46875,0.40625,122.7090054,0.5,0.4375,105.7192744,37
0.46875,0.4375,115.8452431,0.4375,0.4375,125.9712118,0.46875,0.40625,122.7090054,12
0.46875,0.375,85.30870526,0.46875,0.40625,122.7090054,0.5,0.375,119.4467989,25
0.46875,0.375,85.30870526,0.4375,0.375,112.1636832,0.46875,0.40625,122.7090054,3
0.765625,0.640625,250.7594467,0.75,0.65625,229.6500881,0.78125,0.65625,252.6193252,510
0.765625,0.640625,250.7594467,0.75,0.625,248.8995682,0.75,0.65625,229.6500881,257
0.375,0.34375,62.76506852,0.40625,0.34375,64.42070284,0.375,0.3125,52.23780963,194
0.375,0.34375,62.76506852,0.375,0.375,73.29232741,0.40625,0.34375,64.42070284,449
0.453125,0.453125,53.37379732,0.4375,0.46875,62.58632613,0.4375,0.4375,125.9712118,0
0.453125,0.453125,53.37379732,0.46875,0.46875,61.08356581,0.4375,0.46875,62.58632613,0
0.421875,0.453125,130.7067626,0.4375,0.46875,62.58632613,0.4375,0.4375,125.9712118,0
0.421875,0.453125,130.7067626,0.40625,0.46875,135.4423133,0.4375,0.46875,62.58632613,0
0.1796875,0.15625,-118.9314809,0.1796875,0.1484375,-164.6608376,0.1875,0.15625,-98.75038134,191
0.1796875,0.15625,-118.9314809,0.171875,0.15625,-139.1125805,0.1796875,0.1484375,-164.6608376,137
0.171875,0.1484375,-184.8419372,0.1796875,0.1484375,-164.6608376,0.171875,0.15625,-139.1125805,188
0.765625,0.515625,174.5684285,0.75,0.5,163.9760847,0.78125,0.5,68.2056441,304
0.5859375,0.6328125,118.9508898,0.578125,0.625,160.878702,0.578125,0.640625,160.536224,1
0.5859375,0.6328125,118.9508898,0.59375,0.625,169.4657232,0.578125,0.625,160.878702,2
0.765625,0.484375,149.6551944,0.75,0.5,163.9760847,0.78125,0.5,68.2056441,6
0.921875,0.9375,428.3517719,0.921875,0.921875,468.1454405,0.90625,0.9375,451.0674117,5
0.921875,0.9375,428.3517719,0.9375,0.9375,431.928033,0.921875,0.921875,468.1454405,13
0.921875,0.921875,468.1454405,0.9375,0.90625,439.2865002,0.90625,0.90625,411.0928494,0
0.921875,0.921875,468.1454405,0.9375,0.9375,431.928033,0.9375,0.90625,439.2865002,19
0.140625,0.609375,-228.7021996,0.15625,0.625,-52.29254396,0.125,0.625,-104.1823175,0
0.140625,0.609375,-228.7021996,0.15625,0.59375,-110.7557998,0.15625,0.625,-52.29254396,0
0.953125,0.921875,430.7561737,0.9375,0.90625,439.2865002,0.9375,0.9375,431.928033,24
0.953125,0.921875,430.7561737,0.96875,0.90625,429.9196552,0.9375,0.90625,439.2865002,0
0.953125,0.890625,468.7842778,0.9375,0.90625,439.2865002,0.96875,0.90625,429.9196552,9
0.953125,0.890625,468.7842778,0.9375,0.875,446.6449675,0.9375,0.90625,439.2865002,4
0.15625,0.625,-52.29254396,0.15625,0.65625,-68.01289068,0.1875,0.625,-0.4027704072,0
0.15625,0.625,-52.29254396,0.125,0.625,-104.1823175,0.15625,0.65625,-68.01289068,1
0.5546875,0.6328125,170.3966396,0.5625,0.625,190.6958892,0.5625,0.640625,171.7980713,1
0.5546875,0.6484375,172.6179257,0.5625,0.65625,195.1384614,0.5625,0.640625,171.7980713,17
0.3125,0.1875,24.74062671,0.375,0.125,60.56613769,0.375,0.25,31.18329186,279
0.4375,0.1875,54.66796009,0.375,0.25,31.18329186,0.375,0.125,60.56613769,93
0.71875,0.46875,144.3685946,0.75,0.5,163.9760847,0.6875,0.5,162.8826201,21
0.375,0.34375,62.76506852,0.375,0.375,73.29232741,0.34375,0.34375,62.54690051,438
0.40625,0.28125,46.1071734,0.375,0.3125,52.23780963,0.4375,0.3125,61.03105495,381
0.921875,0.734375,328.6723672,0.9375,0.71875,325.6954916,0.90625,0.71875,308.7817922,1102
0.84375,0.6875,263.5953719,0.84375,0.71875,306.9122886,0.875,0.6875,291.6066915,6
0.5625,0.8125,236.9382858,0.5,0.875,227.7742838,0.625,0.875,265.4430685,3
0.15625,0.15234375,-178.582482,0.16015625,0.15234375,-192.2489083,0.15625,0.1484375,-177.6901843,13
0.15625,0.15234375,-178.582482,0.15625,0.15625,-179.4747797,0.16015625,0.15234375,-192.2489083,18
0.16015625,0.15234375,-192.2489083,0.1640625,0.15625,-159.2936801,0.15625,0.15625,-179.4747797,44
0.16015625,0.15234375,-192.2489083,0.1640625,0.1484375,-205.0230368,0.1640625,0.15625,-159.2936801,13
0.005859375,0.576171875,-409.8044315,0.0078125,0.578125,-410.5339114,0.00390625,0.578125,-253.1884159,5
0.01953125,0.59375,-365.7352683,0.0234375,0.59375,-348.9432152,0.01953125,0.59765625,-353.3088799,9
0.00390625,0.5703125,-458.7804211,0.0078125,0.5703125,-722.3069829,0.00390625,0.56640625,-508.4858906,8
0.15234375,0.1484375,-227.9987751,0.1484375,0.1484375,-210.0843159,0.15234375,0.15234375,-194.7795478,39
0.00390625,0.576171875,-689.574657,0.001953125,0.576171875,-252.458936,0.00390625,0.578125,-253.1884159,5
0.00390625,0.576171875,-689.574657,0.00390625,0.57421875,-409.0749516,0.001953125,0.576171875,-252.458936,4
0.1875,0.12890625,-90.51318686,0.19140625,0.12890625,-249.8976162,0.1875,0.125,-281.6678078,2
0.1875,0.12890625,-90.51318686,0.1875,0.1328125,-212.8011518,0.19140625,0.12890625,-249.8976162,1
0.203125,0.265625,-67.47396302,0.21875,0.25,-49.29371733,0.21875,0.28125,-47.44537567,73
0.203125,0.265625,-67.47396302,0.1875,0.25,-87.50255038,0.21875,0.25,-49.29371733,104
0.1875,0.265625,-86.57837955,0.203125,0.265625,-67.47396302,0.1875,0.25,-87.50255038,28
0.1875,0.265625,-86.57837955,0.1875,0.28125,-85.65420872,0.203125,0.265625,-67.47396302,94
0.1796875,0.2578125,-97.98425032,0.1875,0.265625,-86.57837955,0.171875,0.265625,-108.4659503,3
0.1796875,0.2578125,-97.98425032,0.1875,0.25,-87.50255038,0.1875,0.265625,-86.57837955,13
0.9921875,0.9921875,482.2281919,1,0.984375,473.9040889,0.984375,0.984375,488.7042939,0
0.9921875,0.9921875,482.2281919,1,1,475.7520899,1,0.984375,473.9040889,0
0.171875,0.1875,-131.4107585,0.171875,0.203125,-161.07988,0.15625,0.1875,-207.3903814,38
0.171875,0.1875,-131.4107585,0.1875,0.1875,-122.274639,0.171875,0.203125,-161.07988,52
0.15625,0.421875,-114.8196013,0.15625,0.40625,-110.5265164,0.140625,0.421875,-142.112853,0
0.8828125,0.8046875,235.2546114,0.875,0.796875,340.3495617,0.890625,0.796875,364.7254582,0
0.8828125,0.8046875,235.2546114,0.875,0.8125,392.5251085,0.875,0.796875,340.3495617,3
0.03125,0.671875,-185.8745315,0.015625,0.671875,-121.7498492,0.03125,0.6875,-124.0681383,63
0.03125,0.671875,-185.8745315,0.03125,0.65625,-247.6809248,0.015625,0.671875,-121.7498492,432
0.16015625,0.15234375,-192.2489083,0.1640625,0.1484375,-205.0230368,0.15625,0.1484375,-177.6901843,31
0.1484375,0.4296875,-130.6127697,0.15625,0.4375,-119.1126863,0.140625,0.4375,-146.405938,0
0.1328125,0.4296875,-157.9060214,0.125,0.4375,-173.6991897,0.140625,0.4375,-146.405938,30
0.171875,0.2578125,-126.0202365,0.1640625,0.2578125,-147.912102,0.171875,0.25,-143.5745227,0
0.171875,0.2578125,-126.0202365,0.171875,0.265625,-108.4659503,0.1640625,0.2578125,-147.912102,0
0.1484375,0.4453125,-111.8659562,0.15625,0.453125,-144.2635457,0.140625,0.453125,-104.6192261,0
0.1484375,0.4453125,-111.8659562,0.15625,0.4375,-119.1126863,0.15625,0.453125,-144.2635457,0
0.00390625,0.55859375,-473.1274337,0,0.5625,-294.6647983,0,0.5546875,-431.3718532,20
0.1875,0.1640625,-142.9382749,0.1953125,0.1640625,-86.82041907,0.1875,0.15625,-98.75038134,52
0.1875,0.1640625,-142.9382749,0.1875,0.171875,-110.5125102,0.1953125,0.1640625,-86.82041907,27
0.1953125,0.140625,-149.2607685,0.1953125,0.1484375,-126.6687113,0.1875,0.140625,-143.9344957,32
0.1953125,0.140625,-149.2607685,0.203125,0.140625,-154.5870412,0.1953125,0.1484375,-126.6687113,2
0.01171875,0.5703125,-620.7779412,0.01171875,0.57421875,-723.7659426,0.015625,0.5703125,-423.4104967,3
0.005859375,0.580078125,-401.8179072,0.0078125,0.578125,-410.5339114,0.0078125,0.58203125,-373.1642681,0
0.001953125,0.568359375,-440.9385516,0.00390625,0.5703125,-458.7804211,0.00390625,0.56640625,-508.4858906,5
0.01953125,0.587890625,-414.3698898,0.01953125,0.58984375,-451.4096635,0.021484375,0.587890625,-485.8508346,0
0.0234375,0.58984375,-434.6176104,0.02734375,0.58984375,-417.8255573,0.0234375,0.59375,-348.9432152,13
0.0234375,0.58984375,-434.6176104,0.0234375,0.5859375,-520.2920056,0.02734375,0.58984375,-417.8255573,11
0.1484375,0.1640625,-207.7326157,0.140625,0.171875,-235.9904518,0.140625,0.15625,-238.3421519,158
0.15234375,0.14453125,-223.9147532,0.1484375,0.140625,-214.3746545,0.1484375,0.1484375,-210.0843159,42
0.15234375,0.14453125,-223.9147532,0.15625,0.140625,-175.9055889,0.1484375,0.140625,-214.3746545,28
0.017578125,0.591796875,-416.9684925,0.01953125,0.59375,-365.7352683,0.01953125,0.58984375,-451.4096635,46
0.017578125,0.591796875,-416.9684925,0.015625,0.59375,-382.5273214,0.01953125,0.59375,-365.7352683,6
0.18359375,0.16015625,-146.8907916,0.1796875,0.15625,-118.9314809,0.1796875,0.1640625,-138.5542684,93
0.18359375,0.16015625,-146.8907916,0.1875,0.15625,-98.75038134,0.1796875,0.15625,-118.9314809,103
0.154296875,0.150390625,-258.9464879,0.15234375,0.1484375,-227.9987751,0.15234375,0.15234375,-194.7795478,30
0.154296875,0.150390625,-258.9464879,0.15625,0.1484375,-177.6901843,0.15234375,0.1484375,-227.9987751,16
0.015625,0.580078125,-523.1696291,0.015625,0.578125,-725.2249024,0.017578125,0.580078125,-329.5066908,4
0.001953125,0.521484375,-801.8397839,0,0.51953125,-706.0456698,0.00390625,0.51953125,-708.1809355,3
0.001953125,0.521484375,-801.8397839,0,0.5234375,-668.6474087,0,0.51953125,-706.0456698,18
0.001953125,0.517578125,-894.8953871,0,0.51953125,-706.0456698,0.00390625,0.51953125,-708.1809355,8
0.001953125,0.517578125,-894.8953871,0,0.515625,-743.4439308,0,0.51953125,-706.0456698,35
0.005859375,0.580078125,-401.8179072,0.00390625,0.578125,-253.1884159,0.00390625,0.58203125,-985.1222341,4
0.1328125,0.5,-118.2774722,0.1328125,0.5078125,-129.5671691,0.125,0.5,-131.3154387,16
0.1328125,0.5,-118.2774722,0.140625,0.5,-105.2395057,0.1328125,0.5078125,-129.5671691,1
0.015625,0.5703125,-423.4104967,0.0234375,0.5703125,-563.5284904,0.015625,0.5625,-500.1914275,9
