id,x,y,height,new_height,depth,parent0,parent1,active,gate_admitted,free_coefficient,dormant_coefficient,retired_coefficient,conformity_origin,sigma_sq,delta_pooled,sigma_pooled,lambda_v,prior_mean,admit_a,current_n_points,current_fit_points,current_xTx,current_fit_xTx,current_keff
3240,0,0,-468.0452259,-468.0452259,0,-1,-1,1,0,1,0,0,0,1e+300,0,1e+300,0,0,0,0,0,0,0,0
3241,0,1,13.87040414,13.87040414,0,-1,-1,1,0,1,0,0,0,641603.0795,0,1e+300,0,0,0,1,1,1.55859601e-06,1.55859601e-06,0.0007247654085
3242,1,0,82.92546401,82.92546401,0,-1,-1,1,0,1,0,0,0,1e+300,0,1e+300,0,0,0,0,0,0,0,0
3243,1,1,475.7520899,475.7520899,0,-1,-1,1,0,1,0,0,0,4580.02418,0,1e+300,0,0,0,7,5,0.0002183394586,0.0002183394585,0.5237223592
3244,0.5,0.5,118.9268367,118.9268367,1,3240,3243,1,0,1,0,0,1,4.150711229,125.7385913,11.96853799,0.0003955645471,0,0,775,775,0.240922566,0.240922566,2.124810601
3245,0,0.5,-893.036975,-893.036975,1,3241,3240,1,0,1,0,0,0,432.267693,-15.98055068,2477.306864,0.0003955645471,0,0,427,427,0.002313381305,0.002313381305,0.4098517913
3246,0.5,1,246.435271,246.435271,1,3243,3241,1,0,1,0,0,0,1173816.569,211.9580808,60.98731215,0.0001,0,0,2,2,8.519218642e-07,8.519218642e-07,0.002088197222
3247,0.5,0,-50.55236888,-50.55236888,1,3242,3240,1,0,1,0,0,0,249.7137964,163.7633638,227.2650284,0.0003955645471,0,0,19,19,0.004004584506,0.004004584506,0.8887479016
3248,1,0.5,262.2647447,262.2647447,1,3243,3242,1,0,1,0,0,0,6586.230173,218.5266743,1372.049037,0.0001,0,0,8,8,0.0001518319242,0.0001518319242,0.736222171
3249,0.25,0.25,-11.08488428,-11.08488428,2,3240,3244,1,0,1,0,0,1,0.167499948,164.8714877,1.411648122,0.0003955645471,0,0,5739,5739,5.970151108,5.970151108,16.80388372
3250,0.25,0.75,40.4953898,40.4953898,2,3244,3241,1,0,1,0,0,1,11450.88801,0,0,0,0,0,18,18,8.732947163e-05,8.732947163e-05,0.03964041505
3251,0.75,0.75,273.8710241,273.8710241,2,3244,3243,1,0,1,0,0,1,453.1386793,3.783791673,1521.438416,0.0003955645471,0,0,200,200,0.00220682993,0.00220682993,1.65073815
3252,0.75,0.25,71.47381217,71.47381217,2,3244,3242,1,0,1,0,0,1,7829.805156,0,0,0,0,0,5,5,0.000127717099,0.000127717099,0.3023228157
3253,0,0.75,-295.9975643,-295.9975643,2,3241,3245,1,0,1,0,0,0,8344.662338,112.0519588,1638.345006,4.957151113e-05,0,0,5,5,0.0001198370838,0.0001198370838,0.2395851479
3254,0.25,0.5,27.47448404,27.47448404,2,3245,3244,1,0,1,0,0,0,0.5140676698,406.3812643,1.862615387,0.0003955645471,0,0,3684,3684,1.945269191,1.945269191,14.98635603
3255,0,0.25,-1014.360963,-1014.360963,2,3245,3240,1,0,1,0,0,0,640.0493822,-656.3552957,16.74054409,0.0001,0,0,29,29,0.001562379447,0.001562379447,1.044622792
3256,0.5,0.25,48.76978249,48.76978249,2,3247,3244,1,0,1,0,0,0,0.1993625888,12.37591959,1.318564441,0.0003955645471,0,0,5273,5273,5.01598623,5.01598623,19.73527299
3257,0.25,0,-259.2987974,-259.2987974,2,3247,3240,1,0,0,0,1,0,1e+300,0,0,0,0,0,0,0,0,0,0
3258,0.75,0,16.18654757,16.18654757,2,3242,3247,1,0,0,0,1,0,1e+300,0,0,0,0,0,0,0,0,0,0
3259,0.75,1,353.4138266,353.4138266,2,3243,3246,1,0,1,0,0,0,178815.238,-486.535048,168.4347091,0.0001,0,0,1,1,5.592364561e-06,5.592364561e-06,0.195401241
3260,0.5,0.75,208.433503,208.433503,2,3246,3244,1,0,1,0,0,0,327.5202043,-484.4884865,758.1258622,2.487749491e-05,0,0,193,193,0.003053246752,0.003053246752,1.7665268
3261,0.25,1,130.1528376,130.1528376,2,3246,3241,1,0,0,0,1,0,1e+300,0,0,0,0,0,0,0,0,0,0
3262,0.75,0.5,163.9760847,163.9760847,2,3248,3244,1,0,1,0,0,0,1.766549092,-22.54340572,4.95514273,0.0003955645471,0,0,1358,1358,0.5660754091,0.5660754091,33.20983575
3263,1,0.25,172.5951043,172.5951043,2,3248,3242,1,0,0,0,1,0,6.412628122e+12,0,0,0,0,0,2,0,1.559423034e-13,0,0.1559423034
3264,1,0.75,338.4911547,338.4911547,2,3243,3248,1,0,1,0,0,0,515.1827864,-25.59877462,427.9680195,0.0003955645471,0,0,29,29,0.001941058642,0.001941058642,1.032037771
3265,0.125,0.125,-301.9129243,-301.9129243,3,3240,3249,1,0,1,0,0,1,1.967741048,-754.7343732,42.49590571,4.957151113e-05,0,0,1089,1089,0.5081969504,0.5081969504,1.303544587
3266,0.125,0.375,-156.5268498,-156.5268498,3,3249,3245,1,0,1,0,0,1,0.4807837069,280.9597568,0.7767925072,0.0003955645471,0,0,4395,4395,2.079937372,2.079937372,7.192425927
3267,0.375,0.375,73.29232741,73.29232741,3,3249,3244,1,0,1,0,0,1,0.420216921,18.97536817,2.026278457,0.0003955645471,0,0,5403,5403,2.379723305,2.379723305,10.33174368
3268,0.375,0.125,60.56613769,60.56613769,3,3249,3247,1,0,1,0,0,1,0.7797569339,64.65438172,5.117860157,0.0003955645471,0,0,1969,1969,1.282450923,1.282450923,4.20620507
3269,0,0.375,-989.6693614,-989.6693614,3,3245,3255,1,0,1,0,0,0,5351.703506,-283.3523116,255.3433079,4.957151113e-05,0,0,44,44,0.0001868563905,0.0001868563905,0.2276985697
3270,0.125,0.25,-241.6297276,-241.6297276,3,3255,3249,1,0,1,0,0,0,33.08446469,229.4074516,144.0829741,0.0003955645471,0,0,371,371,0.03022566662,0.03022566662,0.3362464166
3271,0,0.125,-741.2030943,-741.2030943,3,3255,3240,1,0,0,0,1,0,1e+300,0,0,0,0,0,0,0,0,0,0
3272,0.375,0.625,184.3917728,184.3917728,3,3244,3250,1,0,1,0,0,1,1093.955263,178.2200798,25.44634023,0.0001,0,0,21,21,0.0009141141634,0.0009141141634,0.1001499481
3273,0.125,0.625,-104.1823175,-104.1823175,3,3250,3245,1,0,1,0,0,1,1.105745635,302.8729578,9.771753874,0.0003955645471,0,0,1803,1803,0.9043671244,0.9043671244,4.666336699
3274,0.125,0.875,-33.67701042,-33.67701042,3,3250,3241,1,0,1,0,0,1,56.77887486,-282.1102176,1404.349144,2.487749491e-05,0,0,122,122,0.01761218415,0.01761218415,1.652825841
3275,0.375,0.875,143.4653304,143.4653304,3,3250,3246,1,0,0,0,1,1,1e+300,0,0,0,0,0,0,0,0,0,0
3276,0,0.875,0.1943711758,0.1943711758,3,3241,3253,1,0,1,0,0,0,7543.263598,408.7055645,2572.369013,2.487749491e-05,0,0,15,15,0.000132568614,0.000132568614,0.2534280338
3277,0.125,0.75,-69.45902417,-69.45902417,3,3253,3250,1,0,1,0,0,0,2.073421513,27.72303425,11.29897317,0.0003955645471,0,0,1274,1274,0.4822946005,0.4822946005,4.654222672
3278,0,0.625,-322.1263627,-322.1263627,3,3253,3245,1,0,1,0,0,0,1.24589336,567.0335875,1878.000922,7.310854758e-05,0,0,3417,3417,0.8026369124,0.8026369124,6.14744735
3279,0.25,0.125,52.96332553,52.96332553,3,3257,3249,1,0,1,0,0,0,425.4174809,293.0226058,51.43566153,2.487749491e-05,0,0,13,13,0.002350632132,0.002350632132,0.01852056664
3280,0.125,0,-361.0196536,-361.0196536,3,3257,3240,1,0,1,0,0,0,179.4396516,-192.0812152,24.63903139,2.487749491e-05,0,0,14,14,0.005572904268,0.005572904268,0.3583983378
3281,0.375,0,-156.5233554,-156.5233554,3,3247,3257,1,0,1,0,0,0,1732.489125,103.1454016,1810.811442,0.0001,0,0,7,7,0.0005772042004,0.0005772042004,0.4057901465
3282,0.125,0.5,-131.3154387,-131.3154387,3,3245,3254,1,0,1,0,0,0,1.792337228,306.9384756,18.86622956,0.0003955645471,0,0,632,632,0.55793072,0.55793072,2.684234906
3283,0.25,0.625,198.4078074,198.4078074,3,3254,3250,1,0,1,0,0,0,114.9389124,166.5774604,79.9855563,6.551756769e-05,0,0,51,51,0.008700273728,0.008700273728,0.4403187436
3284,0.375,0.5,144.9134147,144.9134147,3,3254,3244,1,0,1,0,0,0,13.58229188,66.95088966,84.33676742,0.0003955645471,0,0,281,281,0.07362527685,0.07362527685,1.767031921
3285,0.25,0.375,8.968897403,8.968897403,3,3254,3249,1,0,1,0,0,0,0.1757020036,0.09391972479,0.2367452108,0.0003955645471,0,0,6530,6530,5.691454732,5.691454732,19.35862741
3286,0.375,1,188.2940543,188.2940543,3,3246,3261,1,0,0,0,1,0,1e+300,0,0,0,0,0,0,0,0,0,0
3287,0.25,0.875,85.32411368,85.32411368,3,3261,3250,1,0,0,0,1,0,1e+300,0,0,0,0,0,0,0,0,0,0
3288,0.125,1,68.25583502,68.25583502,3,3261,3241,1,0,1,0,0,0,153327.0653,-48.5830462,9389.27442,0.0001,0,0,7,7,6.522005741e-06,6.522005741e-06,0.004370714844
3289,0.5,0.125,-133.5746183,-133.5746183,3,3247,3256,1,0,1,0,0,0,9.137886711,-131.2719939,9.104975647,0.0003955645471,0,0,212,212,0.1094344931,0.1094344931,2.569112753
3290,0.375,0.25,31.18329186,31.18329186,3,3256,3249,1,0,1,0,0,0,0.177902128,11.24690526,0.5065939955,0.0003955645471,0,0,5139,5139,5.621068231,5.621068231,16.62292739
3291,0.5,0.375,119.4467989,119.4467989,3,3256,3244,1,0,1,0,0,0,0.3879471403,34.28872742,0.6464443077,0.0003955645471,0,0,3029,3029,2.57767076,2.57767076,20.13589922
3292,0.625,0.375,154.0205569,154.0205569,3,3244,3252,1,0,1,0,0,1,51.31459903,-4.449554847,4.566803017,0.0001,0,0,967,967,0.01948763157,0.01948763157,0.1428482444
3293,0.875,0.375,86.6612216,86.6612216,3,3252,3248,1,0,1,0,0,1,2508.928551,-85.71002229,774.9486435,0.0001,0,0,8,8,0.0003985765157,0.0003985765157,1.273679524
3294,0.875,0.125,77.19963809,77.19963809,3,3252,3242,1,0,0,0,1,1,2.067343355e+12,0,0,0,0,0,1,0,4.837125859e-13,0,0.4837125859
3295,0.625,0.125,10.46072165,10.46072165,3,3252,3247,1,0,0,0,1,1,1e+300,0,0,0,0,0,0,0,0,0,0
3296,0.625,0.25,27.21176367,27.21176367,3,3256,3252,1,0,1,0,0,0,22454.00252,0.7224709413,5485.27742,0.0001,0,0,5,5,4.45354898e-05,4.45354898e-05,0.07460859478
3297,0.625,0.625,169.2669413,169.2669413,3,3244,3251,1,0,1,0,0,1,4.223238769,6.474346011,408.2546412,0.0003955645471,0,0,2606,2606,0.2367850967,0.2367850967,7.423853408
3298,0.625,0.875,265.4430685,265.4430685,3,3251,3246,1,0,1,0,0,1,255.5278228,-11.80619695,656.192135,0.0003955645471,0,0,186,186,0.003913468165,0.003913468165,2.725589812
3299,0.875,0.875,390.2576658,390.2576658,3,3251,3243,1,0,1,0,0,1,28.13861273,-43.10241978,1676.673077,0.0003955645471,0,0,523,523,0.0355383547,0.0355383547,3.429496977
3300,0.875,0.625,228.8739509,228.8739509,3,3251,3248,1,0,1,0,0,1,52.02039622,-382.1219899,1506.31376,4.957151113e-05,0,0,578,578,0.01922322921,0.01922322921,19.22215025
3301,0.5,0.875,227.7742838,227.7742838,3,3246,3260,1,0,1,0,0,0,365105.8865,-168.4048944,11.21266951,0.0001,0,0,3,3,2.738931464e-06,2.738931464e-06,0.005435652952
3302,0.625,0.75,244.0364753,244.0364753,3,3260,3251,1,0,1,0,0,0,63.60349429,-154.0804812,18.30959294,4.957151113e-05,0,0,214,214,0.01572240663,0.01572240663,4.332667003
3303,0.5,0.625,185.4126467,185.4126467,3,3260,3244,1,0,1,0,0,0,864.6270309,-16.13966116,193.886066,4.957151113e-05,0,0,25,25,0.001156568051,0.001156568051,1.218510161
3304,0.375,0.75,124.4644464,124.4644464,3,3260,3250,1,0,0,0,1,0,6.660200992e+13,0,0,0,0,0,1,0,1.501456189e-14,0,0.01501456189
3305,0.75,0.125,43.83017987,43.83017987,3,3258,3252,1,0,0,0,1,0,1e+300,0,0,0,0,0,0,0,0,0,0
3306,0.625,0,-17.18291066,-17.18291066,3,3258,3247,1,0,0,0,1,0,1e+300,0,0,0,0,0,0,0,0,0,0
3307,0.875,0,49.55600579,49.55600579,3,3242,3258,1,0,0,0,1,0,1e+300,0,0,0,0,0,0,0,0,0,0
3308,0.875,0.5,156.9109456,156.9109456,3,3248,3262,1,0,1,0,0,0,6287.879095,-31.0276588,1948.817848,0.0003955645471,0,0,18,18,0.0001590361368,0.0001590361368,0.8222947965
3309,0.75,0.375,56.74825526,56.74825526,3,3262,3252,1,0,1,0,0,0,172.6354945,-91.36588374,120.6112465,2.487749491e-05,0,0,16,16,0.005792551542,0.005792551542,3.146634765
3310,0.625,0.5,162.372331,162.372331,3,3262,3244,1,0,1,0,0,0,27.90748407,13.89351631,31.59120281,0.0003955645471,0,0,390,390,0.03583268192,0.03583268192,4.115415052
3311,0.75,0.625,248.8995682,248.8995682,3,3262,3251,1,0,1,0,0,0,3.864770091,47.12575022,12.51130403,0.0003955645471,0,0,3549,3549,0.2587476037,0.2587476037,12.87899182
3312,0.875,1,405.7848781,405.7848781,3,3243,3259,1,0,1,0,0,0,254.240553,-22.15019985,236.3739569,0.0003955645471,0,0,102,102,0.003933282824,0.003933282824,4.973133234
3313,0.75,0.875,324.3114831,324.3114831,3,3259,3251,1,0,1,0,0,0,6883.456335,-254.1718352,14.0622403,0.0001,0,0,59,59,0.0001452758544,0.0001452758544,0.03285982323
3314,0.625,1,299.2736451,299.2736451,3,3259,3246,1,0,1,0,0,0,497553.6961,-376.5694519,8365.87653,0.0001,0,0,1,1,2.009833326e-06,2.009833326e-06,0.01213046664
3315,0.875,0.25,122.0344583,122.0344583,3,3263,3252,1,0,0,0,1,0,1.478424784e+13,0,0,0,0,0,2,0,6.763955871e-14,0,0.06763955871
3316,1,0.125,127.7602842,127.7602842,3,3263,3242,1,0,0,0,1,0,1e+300,0,0,0,0,0,0,0,0,0,0
3317,1,0.375,217.4299245,217.4299245,3,3248,3263,1,0,0,0,1,0,2.556008018e+14,0,0,0,0,0,1,0,3.912350795e-15,0,0.003912350795
3318,0.875,0.75,326.0889288,326.0889288,3,3264,3251,1,0,1,0,0,0,231.7428106,26.97177062,1740.428604,0.0003955645471,0,0,431,431,0.004315128471,0.004315128471,0.7176541562
3319,1,0.625,287.5558841,287.5558841,3,3264,3248,1,0,1,0,0,0,22157.19161,-806.248158,347.930872,2.487749491e-05,0,0,15,15,4.513207349e-05,4.513207349e-05,0.3918184282
3320,1,0.875,399.1049289,399.1049289,3,3243,3264,1,0,1,0,0,0,1224.787771,-765.6687344,78.34905822,4.957151113e-05,0,0,42,42,0.0008164679823,0.0008164679823,0.2675646113
3321,0.0625,0.0625,-384.9790751,-384.9790751,4,3240,3265,1,0,0,0,0,1,1e+300,0,0,0,0,0,0,0,0,0,0
3322,0.0625,0.1875,-658.1369434,-658.1369434,4,3265,3255,1,0,0,0,0,1,1e+300,0,0,0,0,0,0,0,0,0,0
3323,0.1875,0.1875,-122.274639,-122.274639,4,3265,3249,1,1,1,0,0,1,0.7988026614,46.04498957,11.89559038,0.0003955645471,0,44.54542392,2533,2533,1.251873646,1.251873646,3.774952636
3324,0.1875,0.0625,-193.3175711,-193.3175711,4,3265,3257,1,1,1,0,0,1,0.6298280176,-185.980268,2.930466754,9.856733283e-05,0,74.67428833,448,448,1.58773502,1.58773502,2.744174342
3325,0,0.1875,-877.7820284,-877.7820284,4,3255,3271,1,0,0,0,0,1,1e+300,0,0,0,0,0,0,0,0,0,0
3326,0.0625,0.125,-521.5580093,-521.5580093,4,3271,3265,1,0,0,0,0,1,1.928935564e+14,0,0,0,0,0,1,0,5.18420635e-15,0,0.00518420635
3327,0,0.0625,-32.23253053,-32.23253053,4,3271,3240,0,0,0,0,0,0,1e+300,0,1e+300,0,0,0,0,0,0,0,0
3328,0.1875,0.3125,-83.80586706,-83.80586706,4,3249,3266,1,0,0,0,0,1,1.532551273,0,0,0,0,0,4329,2145,0.6525067172,0.6525067169,3.500061435
3329,0.0625,0.3125,-585.4439062,-585.4439062,4,3266,3255,1,0,0,0,0,1,716.5982792,0,0,0,0,0,8,4,0.001395482,0.001395481999,1.046646674
3330,0.0625,0.4375,-403.5003605,-403.5003605,4,3266,3245,1,1,1,0,0,1,7.025794587,110.4287399,12.3243928,0.0003955645471,0,62.63863553,96,96,0.1423326554,0.1423326554,3.189632041
3331,0.1875,0.4375,-64.5261829,-64.5261829,4,3266,3254,1,0,0,0,0,1,21.64559685,0,0,0,0,0,1314,661,0.04619877228,0.04619877224,2.652218392
3332,0,0.4375,-1041.165994,-1041.165994,4,3245,3269,1,1,1,0,0,1,2376.610987,-825.4111473,3028.442699,4.957151113e-05,0,196.7578053,48,48,0.0004207672209,0.0004207672209,0.7271612102
3333,0.0625,0.375,-501.1724108,-501.1724108,4,3269,3266,1,1,1,0,0,1,87.61122711,-350.5024925,16.4088072,4.957151113e-05,0,115.5182531,19,19,0.01141406225,0.01141406225,0.2743951432
3334,0,0.3125,-1002.015162,-1002.015162,4,3269,3255,1,0,0,0,0,1,277945.0874,0,0,0,0,0,22,11,3.597832973e-06,3.597830697e-06,1.682948219
3335,0.1875,0.6875,-31.84346386,-31.84346386,4,3250,3273,1,0,0,0,0,1,25488.40667,0,0,0,0,0,5,3,3.923352342e-05,3.923352302e-05,0.05264061214
3336,0.1875,0.5625,-117.3292822,-117.3292822,4,3273,3254,1,1,1,0,0,1,492.3617623,122.3854373,82.33338512,2.487749491e-05,0,104.2549341,145,145,0.002031026933,0.002031026933,0.04105823999
3337,0.0625,0.5625,-308.5918551,-308.5918551,4,3273,3245,1,1,1,0,0,1,0.7333891872,290.4876938,13.40288041,6.551756769e-05,0,49.23720446,2081,2081,1.363532511,1.363532511,6.813826764
3338,0.0625,0.6875,-173.2354869,-173.2354869,4,3273,3253,1,1,1,0,0,1,0.4443382382,10.41491547,5.923515486,0.0003955645471,0,36.46540968,4678,4678,2.250537797,2.250537797,14.17388547
3339,0,0.6875,258.8768843,258.8768843,4,3253,3278,1,1,1,0,0,1,29.44332271,265.1077013,1484.998311,0.0003955645471,0,43.14298024,858,858,0.03396355805,0.03396355805,0.4239779818
3340,0.0625,0.625,-191.5377084,-191.5377084,4,3278,3273,1,1,1,0,0,1,1.888119314,-1.872401936,82.01942365,0.0003955645471,0,29.09073159,1907,1907,0.5296275466,0.5296275466,2.624614996
3341,0,0.5625,-294.6647983,-294.6647983,4,3278,3245,1,1,1,0,0,1,7.044009264,241.9023342,197.170179,0.0003955645471,0,40.14217747,650,650,0.141964606,0.141964606,0.9342412161
3342,0.1875,0.8125,3.409189689,3.409189689,4,3250,3274,1,0,0,0,0,1,1e+300,0,0,0,0,0,0,0,0,0,0
3343,0.0625,0.8125,-72.19961733,-72.19961733,4,3274,3253,1,1,1,0,0,1,2.236460674,95.08730421,7.961473402,0.0003955645471,0,60.80682672,660,660,0.4471350699,0.4471350699,5.57716321
3344,0.0625,0.9375,-9.90330314,-9.90330314,4,3274,3241,1,0,0,0,0,1,170.8896636,0,0,0,0,0,27,17,0.005851728998,0.005851728996,2.744711663
3345,0.1875,0.9375,48.23791357,48.23791357,4,3274,3261,1,0,0,0,0,1,1e+300,0,0,0,0,0,0,0,0,0,0
3346,0,0.9375,7.032387657,7.032387657,4,3241,3276,1,0,0,0,0,1,285236.2657,0,0,0,0,0,2,2,3.505865558e-06,3.505865558e-06,0.001806526348
3347,0.0625,0.875,-34.90443122,-34.90443122,4,3276,3274,1,1,1,0,0,1,17.30106028,-18.11750895,25.995771,0.0003955645471,0,43.33156354,114,114,0.05779992577,0.05779992577,3.345448703
3348,0,0.8125,17.70022397,17.70022397,4,3276,3253,1,1,1,0,0,1,3459.872728,142.360549,1499.955436,0.0003955645471,0,53.2037759,15,15,0.0002890279726,0.0002890279726,0.8702090641
3349,0.125,0.0625,-372.0370325,-372.0370325,4,3280,3265,1,1,1,0,0,1,6.676626621,-638.7100748,5.800101106,4.957151113e-05,0,104.5604488,114,114,0.1497762353,0.1497762353,0.4701980748
3350,0.0625,0,-327.9332707,-327.9332707,4,3280,3240,0,0,0,0,0,0,1e+300,0,1e+300,0,0,0,0,0,0,0,0
3351,0.1875,0,-221.5089363,-221.5089363,4,3257,3280,1,1,1,0,0,1,26.75006855,94.28634195,27.32449452,0.0003955645471,0,195.1510294,15,15,0.03738308178,0.03738308178,0.5910929719
3352,0.0625,0.25,-627.9953451,-627.9953451,4,3255,3270,1,0,0,0,0,1,31070.31757,0,0,0,0,0,4,2,3.218505887e-05,3.21850588e-05,0.02139645935
3353,0.125,0.3125,-165.436324,-165.436324,4,3270,3266,1,1,1,0,0,1,2.960188136,32.6069275,4.184801174,0.0003955645471,0,42.67515317,423,423,0.3378163665,0.3378163665,1.525042916
3354,0.1875,0.25,-87.50255038,-87.50255038,4,3270,3249,1,1,1,0,0,1,0.5664593577,47.99212431,1.879555439,0.0003955645471,0,33.41194546,2309,2309,1.765351717,1.765351717,5.388788913
3355,0.125,0.1875,-292.5061238,-292.5061238,4,3270,3265,1,1,1,0,0,1,4.463570946,16.97133413,281.2908248,0.0003955645471,0,130.2420976,945,945,0.22403587,0.22403587,0.8442864394
3356,0.0625,0.5,-336.475447,-336.475447,4,3245,3282,1,1,1,0,0,1,9.064672495,244.5711572,18.53138777,9.856733283e-05,0,42.97054216,183,183,0.1103183817,0.1103183817,1.268545561
3357,0.125,0.5625,-83.79012448,-83.79012448,4,3282,3273,1,1,1,0,0,1,2.795248228,-11.29378723,29.66738041,0.0003955645471,0,53.8191399,471,471,0.3577499809,0.3577499809,1.72597152
3358,0.1875,0.5,-27.01170682,-27.01170682,4,3282,3254,1,1,1,0,0,1,152.4311572,135.2924912,175.984053,4.957151113e-05,0,68.81591943,36,36,0.006560338571,0.006560338571,1.054205178
3359,0.125,0.4375,-173.6991897,-173.6991897,4,3282,3266,1,1,1,0,0,1,1.30105999,-30.03006491,2.412701007,0.0003955645471,0,79.40151163,363,363,0.768604067,0.768604067,3.589558942
3360,0.0625,0.75,-117.0940087,-117.0940087,4,3253,3277,1,1,1,0,0,1,1.738392479,45.2442388,4.240080593,0.0003955645471,0,32.2299433,1472,1472,0.5752440901,0.5752440901,6.950770629
3361,0.125,0.8125,-175.6045774,-175.6045774,4,3277,3274,1,1,1,0,0,1,39.10679753,-112.9636457,38.51105982,0.0003955645471,0,55.17235243,212,212,0.02557100205,0.02557100205,1.075189144
3362,0.1875,0.75,-14.48181718,-14.48181718,4,3277,3250,1,0,0,0,0,1,1.082810881e+13,0,0,0,0,0,1,0,9.235223041e-14,0,0.09235223041
3363,0.125,0.6875,-124.1770909,-124.1770909,4,3277,3273,1,1,1,0,0,1,5.57614804,-40.00465026,7.250536622,0.0003955645471,0,42.51456557,791,791,0.1793352674,0.1793352674,1.79757115
3364,0.1875,1,203.0167869,203.0167869,4,3261,3288,0,0,0,0,0,0,1e+300,0,1e+300,0,0,0,0,0,0,0,0
3365,0.125,0.9375,17.2894123,17.2894123,4,3288,3274,1,0,0,0,0,1,38331.76617,0,0,0,0,0,12,7,2.608802306e-05,2.608802297e-05,0.01748285951
3366,0.0625,1,51.47791356,51.47791356,4,3288,3241,0,0,0,0,0,0,1e+300,-70.16765644,253.1464551,0,0,0,0,0,0,0,0
3367,0.25,0.0625,-103.1677359,-103.1677359,4,3257,3279,1,0,0,0,0,1,5.676564675e+13,0,0,0,0,0,1,0,1.761628832e-14,0,0.01761628832
3368,0.1875,0.125,-281.6678078,-281.6678078,4,3279,3265,1,1,1,0,0,1,3.226756909,21.99863145,758.253261,0.0003955645471,0,41.04665561,1440,1440,0.3099086879,0.3099086879,0.7551692301
3369,0.25,0.1875,45.80607292,45.80607292,4,3279,3249,1,1,1,0,0,1,493.8161431,323.4757406,32.73202483,0.0001,0,41.7435693,18,18,0.002025045179,0.002025045179,0.03497000606
3370,0.3125,0.1875,24.74062671,24.74062671,4,3249,3268,1,0,0,0,0,1,0.6812796019,0,0,0,0,0,934,465,1.467826128,1.467826128,3.015209208
3371,0.4375,0.1875,54.66796009,54.66796009,4,3268,3256,1,0,0,0,0,1,0.5111598697,0,0,0,0,0,2828,1441,1.95633511,1.95633511,5.712012038
3372,0.4375,0.0625,48.49917261,9.491927479,4,3268,3247,0,0,0,0,0,0,89.72484914,5.853286973,86.64948816,0.0003955645471,0,0,45,19,0.01114518452,0.01114518452,2.237642246
3373,0.3125,0.0625,-11.86724692,-11.86724692,4,3268,3257,1,1,1,0,0,1,675.3075685,91.24887734,560.5524616,0.0003955645471,0,167.8134714,10,10,0.001480806742,0.001480806742,1.026919372
3374,0.3125,0.125,-24.74352119,-24.74352119,4,3279,3268,1,1,1,0,0,1,7.28016676,-81.57664543,7.260196303,0.0003955645471,0,62.21128985,50,50,0.1373594909,0.1373594909,1.80652006
3375,0.3125,0.3125,34.53025984,34.53025984,4,3249,3267,1,1,1,0,0,1,0.2948650846,5.687778485,0.3808959787,0.0003955645471,0,46.28338046,4017,4017,3.391381524,3.391381524,9.407117447
3376,0.3125,0.4375,79.8826508,79.8826508,4,3267,3254,1,1,1,0,0,1,1.73338034,22.76091808,3.613029799,0.0003955645471,0,56.76135391,1937,1937,0.5769074316,0.5769074316,6.456472851
3377,0.4375,0.4375,125.9712118,125.9712118,4,3267,3244,1,1,1,0,0,1,1.790495024,32.43098516,4.925331762,0.0003955645471,0,67.54117429,561,561,0.5585047636,0.5585047636,4.366605779
3378,0.4375,0.3125,61.03105495,61.03105495,4,3267,3256,1,0,0,0,0,1,0.6660252778,0,0,0,0,0,4071,1988,1.501444515,1.501444514,7.274515324
3379,0.25,0.4375,18.22169072,18.22169072,4,3254,3285,1,0,0,0,0,1,0.3794546704,0,0,0,0,0,3751,1905,2.635360895,2.635360895,11.7907827
3380,0.3125,0.375,73.70143976,73.70143976,4,3285,3267,1,1,1,0,0,1,1.33248598,32.57522637,1.331784017,0.0003955645471,0,31.42428133,2251,2251,0.7504769391,0.7504769391,4.241489727
3381,0.25,0.3125,-1.057993437,-1.057993437,4,3285,3249,1,0,0,0,0,1,0.772158547,0,0,0,0,0,3131,1582,1.295070817,1.295070817,4.264046144
3382,0.1875,0.375,-82.86681229,-82.86681229,4,3285,3266,1,1,1,0,0,1,3.963688418,-9.420038533,3.980787994,0.0003955645471,0,41.07840877,1087,1087,0.2522902646,0.2522902646,2.173612398
3383,0.25,0.5625,5.061809596,5.061809596,4,3254,3283,1,1,1,0,0,1,20.53433411,-108.5589272,20.36888467,0.0003955645471,0,67.9128575,495,495,0.04869892516,0.04869892516,4.279517919
3384,0.1875,0.625,-0.4027704072,-0.4027704072,4,3283,3273,1,1,1,0,0,1,2056.541377,22.57555513,1593.431903,0.0001,0,15.84186945,4,4,0.0004862532849,0.0004862532849,0.3209933384
3385,0.25,0.6875,-25.95083791,133.9800173,4,3283,3250,0,0,0,0,0,0,1648751.283,-0.7129811038,2524.162121,0.0003955645471,0,0,1,1,6.065196188e-07,6.065196188e-07,0.001374646314
3386,0.4375,0.5625,99.61191147,99.61191147,4,3244,3272,1,1,1,0,0,1,106.4934822,-6.171574678,57.68075492,2.487749491e-05,0,120.0974426,73,73,0.009390246048,0.009390246048,1.573822945
3387,0.3125,0.5625,50.94685902,50.94685902,4,3272,3254,1,1,1,0,0,1,14.7798612,-56.28966719,19.65991306,0.0003955645471,0,100.2166302,297,297,0.06765963405,0.06765963405,1.93584968
3388,0.3125,0.6875,112.4435813,112.4435813,4,3272,3250,1,0,0,0,0,1,2211664.304,0,0,0,0,0,4,2,4.521481846e-07,4.521481838e-07,0.002808914537
3389,0.4375,0.6875,196.4126379,196.4126379,4,3272,3260,1,0,0,0,0,1,58959.68134,0,0,0,0,0,8,3,1.696074296e-05,1.696074247e-05,0.04901018296
3390,0.3125,0.625,203.3717254,203.3717254,4,3283,3272,1,1,1,0,0,1,1981.02807,634.6563204,1837.559791,0.0001,0,78.71374449,6,6,0.0005047884052,0.0005047884052,0.04909471802
3391,0.3125,0.8125,164.4746562,164.4746562,4,3250,3275,0,0,0,0,0,0,1e+300,0,1e+300,0,0,0,0,0,0,0,0
3392,0.3125,0.9375,316.0135296,316.0135296,4,3275,3261,0,0,0,0,0,0,1e+300,0,1e+300,0,0,0,0,0,0,0,0
3393,0.4375,0.9375,493.4239687,493.4239687,4,3275,3246,0,0,0,0,0,0,1e+300,0,1e+300,0,0,0,0,0,0,0,0
3394,0.4375,0.8125,175.9494167,175.9494167,4,3275,3260,1,0,0,0,0,1,1e+300,0,0,0,0,0,0,0,0,0,0
3395,0.25,0.9375,227.30831,227.30831,4,3261,3287,0,0,0,0,0,0,1e+300,0,1e+300,0,0,0,0,0,0,0,0
3396,0.3125,0.875,240.2440929,240.2440929,4,3287,3275,0,0,0,0,0,0,1e+300,0,1e+300,0,0,0,0,0,0,0,0
3397,0.25,0.8125,75.76943666,75.76943666,4,3287,3250,0,0,0,0,0,0,1e+300,0,1e+300,0,0,0,0,0,0,0,0
3398,0.1875,0.875,25.82355163,25.82355163,4,3287,3274,1,0,0,0,0,1,1e+300,0,0,0,0,0,0,0,0,0,0
3399,0.375,0.0625,-127.800676,-78.82839803,4,3281,3268,0,0,0,0,0,0,6126.415736,-31.5446043,1789.574255,0.0003955645471,0,0,15,7,0.0001632275776,0.000163227574,0.147292542
3400,0.3125,0,-567.3793839,-567.3793839,4,3281,3257,0,0,0,0,0,0,1e+300,83.47753823,569.2397353,0,0,0,0,0,0,0,0
3401,0.4375,0,-111.6342851,-81.12971639,4,3247,3281,0,0,0,0,0,0,350.3084104,23.09724372,307.6741327,0.0003955645471,0,0,9,4,0.002854627438,0.002854627434,2.265131286
3402,0.4375,0.25,39.97653717,39.97653717,4,3256,3290,1,0,0,0,0,1,0.5997456588,0,0,0,0,0,3872,1942,1.66737347,1.667373469,8.137366888
3403,0.375,0.1875,33.934636,41.49373541,4,3290,3268,0,0,0,0,0,0,5.534415071,-4.387342534,5.522325494,0.0003955645471,0,0,372,180,0.1806875681,0.1806875681,0.6560579595
3404,0.3125,0.25,10.04920379,10.04920379,4,3290,3249,1,0,0,0,0,1,0.8295671694,0,0,0,0,0,2629,1305,1.205447897,1.205447897,2.823970347
3405,0.375,0.3125,52.23780963,52.23780963,4,3290,3267,1,0,0,0,0,1,5.153346851,0,0,0,0,0,1211,612,0.1940486501,0.19404865,1.013635145
3406,0.3125,0.5,86.19394938,86.19394938,4,3254,3284,1,0,0,0,0,1,15.71967183,0,0,0,0,0,73,39,0.06361455955,0.06361455955,1.224300549
3407,0.375,0.5625,126.0574594,126.0574594,4,3284,3272,1,1,1,0,0,1,845.4794997,198.46409,1087.127729,0.0001,0,57.65764041,7,7,0.001182760789,0.001182760789,0.9623510485
3408,0.4375,0.5,72.79889431,72.79889431,4,3284,3244,1,1,1,0,0,1,80.12971563,-59.11278003,77.66791647,0.0003955645471,0,52.24519951,15,15,0.01247976474,0.01247976474,0.7474356139
3409,0.375,0.4375,109.8107853,109.8107853,4,3284,3267,1,1,1,0,0,1,18.04640719,-67.97570953,109.0792868,7.310854758e-05,0,43.44840568,380,380,0.0554126918,0.0554126918,1.785565788
3410,0.4375,0.75,155.7966983,176.0270057,4,3260,3304,0,0,0,0,0,0,1.665050248e+13,-5.126904057e-08,2528.032422,0.0003955645471,0,0,1,0,6.005824757e-14,0,0.06005824757
3411,0.375,0.6875,51.93223275,51.93223275,4,3304,3272,0,0,0,0,0,0,1e+300,-6.589079149e-07,9999.999912,0,0,0,0,0,0,0,0
3412,0.3125,0.75,51.93223275,51.93223275,4,3304,3250,0,0,0,0,0,0,1e+300,0,1e+300,0,0,0,0,0,0,0,0
3413,0.375,0.8125,216.406889,216.406889,4,3304,3275,0,0,0,0,0,0,1e+300,0,1e+300,0,0,0,0,0,0,0,0
3414,0.4375,1,569.1934053,569.1934053,4,3246,3286,0,0,0,0,0,0,1e+300,0,1e+300,0,0,0,0,0,0,0,0
3415,0.375,0.9375,404.7187491,404.7187491,4,3286,3275,0,0,0,0,0,0,1e+300,0,1e+300,0,0,0,0,0,0,0,0
3416,0.3125,1,391.7829662,391.7829662,4,3286,3261,0,0,0,0,0,0,1e+300,0,1e+300,0,0,0,0,0,0,0,0
3417,0.5,0.0625,-40.37045923,-68.113676,4,3247,3289,0,0,0,0,0,0,46.25939153,25.30853607,45.42812162,0.0003955645471,0,0,36,15,0.02161723203,0.02161723202,3.950658715
3418,0.4375,0.125,-56.5368501,-55.57975556,4,3289,3268,0,0,0,0,0,0,4.852788523,-19.10070986,4.843491,0.0003955645471,0,0,308,163,0.2060670881,0.2060670881,3.67028092
3419,0.5,0.1875,-22.10663175,59.81951702,4,3289,3256,0,0,0,0,0,0,121.6032429,102.2063393,116.0223441,0.0003955645471,0,0,98,49,0.008223464899,0.008223464897,0.2341398443
3420,0.6875,0.1875,16.16639087,16.16639087,4,3252,3295,0,0,0,0,0,0,1e+300,0,1e+300,0,0,0,0,0,0,0,0
3421,0.6875,0.0625,32.33278174,32.33278174,4,3295,3258,0,0,0,0,0,0,1e+300,0,1e+300,0,0,0,0,0,0,0,0
3422,0.5625,0.0625,48.49917261,48.49917261,4,3295,3247,0,0,0,0,0,0,1e+300,0,1e+300,0,0,0,0,0,0,0,0
3423,0.5625,0.1875,66.76300009,66.76300009,4,3295,3256,0,0,0,0,0,0,1e+300,0,1e+300,0,0,0,0,0,0,0,0
3424,0.5625,0.125,-56.5368501,-56.5368501,4,3289,3295,0,0,0,0,0,0,1e+300,0,1e+300,0,0,0,0,0,0,0,0
3425,0.5,0.3125,84.10829067,84.10829067,4,3256,3291,1,0,0,0,0,1,2.114522769,0,0,0,0,0,2482,1214,0.4729199489,0.4729199487,8.111025769
3426,0.4375,0.375,112.1636832,112.1636832,4,3291,3267,1,1,1,0,0,1,7.046014898,15.79127167,7.02643115,0.0003955645471,0,35.39754982,625,625,0.1419241961,0.1419241961,0.881137786
3427,0.5,0.4375,105.7192744,105.7192744,4,3291,3244,1,1,1,0,0,1,0.9312635752,-17.82079292,1.230703345,0.0003955645471,0,25.58378224,1938,1938,1.07380985,1.07380985,7.602605368
3428,0.5625,0.4375,134.1205365,134.1205365,4,3244,3292,1,1,1,0,0,1,0.401134321,-18.32476073,2.959583503,0.0003955645471,0,18.68282237,2343,2343,2.492930542,2.492930542,29.53667546
3429,0.6875,0.4375,124.7611044,124.7611044,4,3292,3262,1,1,1,0,0,1,41.61868167,-32.33503735,55.26247343,0.0003955645471,0,37.58469543,121,121,0.02402767123,0.02402767123,17.34261905
3430,0.6875,0.3125,112.7471845,112.7471845,4,3292,3252,1,0,0,0,0,1,4633.652381,0,0,0,0,0,14,4,0.0002158124774,0.0002158124771,0.5470586521
3431,0.5625,0.3125,101.3951697,101.3951697,4,3292,3256,1,0,0,0,0,1,14.59428198,0,0,0,0,0,1889,950,0.0685199862,0.06851998618,0.4447001479
3432,0.5625,0.375,78.23114649,78.23114649,4,3291,3292,1,1,1,0,0,1,2.090597982,-59.95323822,2.17320141,0.0003955645471,0,23.96269182,778,778,0.4783320412,0.4783320412,22.71201814
3433,0.5625,0.5625,221.4571517,221.4571517,4,3244,3297,1,1,1,0,0,1,9.535924156,95.05541055,14.99983326,0.0003955645471,0,27.62298623,1178,1178,0.1048666059,0.1048666059,3.672892539
3434,0.5625,0.6875,210.8754914,210.8754914,4,3297,3260,1,1,1,0,0,1,31.63213906,-230.7967036,2.337413071,2.487749491e-05,0,53.75140272,63,63,0.03161341691,0.03161341691,0.3140857332
3435,0.6875,0.6875,251.3111704,251.3111704,4,3297,3251,1,1,1,0,0,1,14.48550659,10.73024886,129.4408736,0.0003955645471,0,42.84195983,894,894,0.0690345204,0.0690345204,3.131467448
3436,0.6875,0.5625,198.8468537,198.8468537,4,3297,3262,1,1,1,0,0,1,2.937973431,29.70897598,11.85286164,0.0003955645471,0,31.54969121,2332,2332,0.3403706751,0.3403706751,15.08962729
3437,0.5,0.6875,203.2960107,203.2960107,4,3260,3303,1,1,1,0,0,1,5341.342574,81.54263486,3361.385338,0.0001,0,30.88908542,6,6,0.0001872188473,0.0001872188473,0.5490327245
3438,0.5625,0.625,190.6958892,190.6958892,4,3303,3297,1,1,1,0,0,1,6116.865612,-301.7244919,737.8627487,4.957151113e-05,0,35.08946406,13,13,0.0001634824211,0.0001634824211,0.2590803022
3439,0.5,0.5625,139.3625179,139.3625179,4,3303,3244,1,1,1,0,0,1,1149.468845,-14.09660946,803.9196321,0.0003955645471,0,41.97767934,17,17,0.0008699670325,0.0008699670325,1.272875044
3440,0.4375,0.625,125.6024908,125.6024908,4,3303,3272,1,1,1,0,0,1,1492.335733,125.9630309,1307.90341,0.0001,0,71.78157452,6,6,0.0006700905019,0.0006700905019,0.8074323927
3441,0.6875,0.8125,283.9070785,283.9070785,4,3251,3298,1,1,1,0,0,1,3906.111189,14.14812503,1534.753707,0.0003955645471,0,60.63321734,59,59,0.0002560090975,0.0002560090975,1.339345786
3442,0.5625,0.8125,236.9382858,236.9382858,4,3298,3260,1,0,0,0,0,1,525.8980518,0,0,0,0,0,158,88,0.001901509231,0.001901509226,2.28059565
3443,0.5625,0.9375,493.4239687,111.0019988,4,3298,3246,0,0,0,0,0,0,31293.97269,-161.9352197,2339.074142,0.0003955645471,0,0,3,2,3.195503524e-05,3.195503513e-05,0.00879226935
3444,0.6875,0.9375,309.4284476,309.4284476,4,3298,3259,1,0,0,0,0,1,44703.80949,0,0,0,0,0,2,1,2.236945825e-05,2.236945825e-05,0.7816049642
3445,0.5,0.9375,461.1537543,396.9243089,4,3246,3301,0,0,0,0,0,0,204.7894799,133.7904761,189.4431702,0.0003955645471,0,0,2,1,0.004883063332,0.004883063332,0.7801410569
3446,0.5625,0.875,296.679098,-42.2301648,4,3301,3298,0,0,0,0,0,0,1669.070359,-298.0119568,1005.327771,0.0003955645471,0,0,5,3,0.0005991359171,0.0005991359169,0.1001259748
3447,0.5,0.8125,218.1038934,218.1038934,4,3301,3260,1,0,0,0,0,1,1e+300,0,0,0,0,0,0,0,0,0,0
3448,0.4375,0.875,296.679098,296.679098,4,3301,3275,0,0,0,0,0,0,1e+300,0,1e+300,0,0,0,0,0,0,0,0
3449,0.625,0.0625,40.41597717,40.41597717,4,3306,3295,0,0,0,0,0,0,1e+300,0,1e+300,0,0,0,0,0,0,0,0
3450,0.5625,0,56.58236804,56.58236804,4,3306,3247,0,0,0,0,0,0,1e+300,0,1e+300,0,0,0,0,0,0,0,0
3451,0.6875,0,40.41597717,40.41597717,4,3258,3306,0,0,0,0,0,0,1e+300,0,1e+300,0,0,0,0,0,0,0,0
3452,0.5625,0.25,76.2561493,-3.968152884,4,3256,3296,0,0,0,0,0,0,24032.97014,-39.10762258,2287.418465,0.0003955645471,0,0,10,3,4.160950536e-05,4.160950512e-05,0.04504446036
3453,0.625,0.3125,25.65954008,86.7698521,4,3296,3292,0,0,0,0,0,0,1576447.665,-0.9915017586,2523.984894,0.0003955645471,0,0,2,1,6.343375822e-07,6.343375817e-07,0.0004796543366
3454,0.6875,0.25,25.65954008,27.75231729,4,3296,3252,0,0,0,0,0,0,25824.47619,-11.7236727,2302.622106,0.0003955645471,0,0,1,1,3.872295387e-05,3.872295387e-05,0.07361445475
3455,0.625,0.1875,41.82593095,41.82593095,4,3296,3295,0,0,0,0,0,0,1e+300,0,1e+300,0,0,0,0,0,0,0,0
3456,0.6875,0.5,162.8826201,162.8826201,4,3262,3310,1,1,1,0,0,1,6.948845407,-8.862299911,12.45339042,0.0003955645471,0,29.6209234,640,640,0.1439087994,0.1439087994,8.010584572
3457,0.625,0.4375,207.1774077,207.1774077,4,3310,3292,1,1,1,0,0,1,4813.794099,-216.6085594,565.3212607,4.957151113e-05,0,33.09038806,4,4,0.0002077363467,0.0002077363467,0.8584353855
3458,0.5625,0.5,89.31104149,89.31104149,4,3310,3244,1,1,1,0,0,1,0.8008415894,-53.18405349,1.068268414,0.0003955645471,0,15.27937966,1501,1501,1.248686398,1.248686398,7.463449938
3459,0.625,0.5625,120.1765884,120.1765884,4,3310,3297,1,1,1,0,0,1,510.4850321,-19.43937035,522.6964793,0.0003955645471,0,19.68445198,29,29,0.001958921295,0.001958921295,1.040445417
3460,0.5625,0.75,104.3468612,104.3468612,4,3260,3302,1,1,1,0,0,1,608.4286743,-390.2035142,29.972954,2.487749491e-05,0,32.59766179,232,232,0.001643578027,0.001643578027,0.4002043817
3461,0.625,0.8125,215.1681625,215.1681625,4,3302,3298,1,1,1,0,0,1,107.906645,-29.87323717,296.9044938,0.0003955645471,0,30.07815436,209,209,0.009267269867,0.009267269867,8.223487076
3462,0.6875,0.75,175.1499227,175.1499227,4,3302,3251,1,1,1,0,0,1,3151.237401,-689.3404836,267.2856562,2.487749491e-05,0,40.40855486,177,177,0.0003173356599,0.0003173356599,0.1750191281
3463,0.625,0.6875,177.6069472,177.6069472,4,3302,3297,1,1,1,0,0,1,22.90510013,-79.97212403,5.011094864,4.957151113e-05,0,43.91991982,90,90,0.04365839897,0.04365839897,0.6179279175
3464,0.6875,1,285.6138751,285.6138751,4,3259,3314,0,0,0,0,0,0,1e+300,0,1e+300,0,0,0,0,0,0,0,0
3465,0.625,0.9375,243.8059015,134.5785183,4,3314,3298,0,0,0,0,0,0,3544.753275,-160.3643472,1475.640942,0.0003955645471,0,0,1,1,0.0002821070812,0.0002821070812,0.175193536
3466,0.5625,1,408.2805577,465.8494839,4,3314,3246,0,0,0,0,0,0,1126.357198,163.5545776,779.1910037,0.0003955645471,0,0,1,1,0.0008878178268,0.0008878178268,0.5513507273
3467,0.75,0.0625,24.2495863,24.2495863,4,3258,3305,0,0,0,0,0,0,1e+300,0,1e+300,0,0,0,0,0,0,0,0
3468,0.6875,0.125,24.2495863,24.2495863,4,3305,3295,0,0,0,0,0,0,1e+300,0,1e+300,0,0,0,0,0,0,0,0
3469,0.75,0.1875,8.083195435,8.083195435,4,3305,3252,0,0,0,0,0,0,1e+300,0,1e+300,0,0,0,0,0,0,0,0
3470,0.8125,0.1875,0,0,4,3252,3294,0,0,0,0,0,0,1e+300,5.320890103e-07,9999.999994,0,0,0,0,0,0,0,0
3471,0.9375,0.1875,90.01331515,102.9031364,4,3294,3263,0,0,0,0,0,0,8.11797682e+12,-2.097807226e-07,2528.032421,0.0003955645471,0,0,1,0,1.231834017e-13,0,0.1231834017
3472,0.9375,0.0625,0,0,4,3294,3242,0,0,0,0,0,0,1e+300,0,1e+300,0,0,0,0,0,0,0,0
3473,0.8125,0.0625,16.16639087,16.16639087,4,3294,3258,0,0,0,0,0,0,1e+300,0,1e+300,0,0,0,0,0,0,0,0
3474,0.8125,0.125,8.083195435,8.083195435,4,3305,3294,0,0,0,0,0,0,1e+300,0,1e+300,0,0,0,0,0,0,0,0
3475,0.8125,0.3125,79.06751689,79.06751689,4,3252,3293,1,0,0,0,0,1,492285.3939,0,0,0,0,0,7,1,2.031342007e-06,2.031341896e-06,0.001869847871
3476,0.8125,0.4375,106.6925232,106.6925232,4,3293,3262,1,1,1,0,0,1,191.7090358,-286.672087,73.5325421,2.487749491e-05,0,195.9812842,149,149,0.005216238222,0.005216238222,0.5199545552
3477,0.9375,0.4375,174.4629831,174.4629831,4,3293,3248,1,0,0,0,0,1,1928.176975,0,0,0,0,0,13,7,0.0005186245935,0.0005186245915,2.310389245
3478,0.9375,0.3125,180.0266308,117.3428975,4,3293,3263,0,0,0,0,0,0,1.997659495e+12,-9.616128693e-08,2528.032419,0.0003955645471,0,0,1,0,5.005858117e-13,0,0.5005858117
3479,0.75,0.4375,133.6774236,133.6774236,4,3262,3309,1,1,1,0,0,1,7.347820725,23.38990489,7.3265259,0.0003955645471,0,30.97553074,172,172,0.1360947739,0.1360947739,18.60924645
3480,0.8125,0.375,56.690154,56.690154,4,3309,3293,1,1,1,0,0,1,10789.18225,552.545314,4331.981184,0.0001,0,59.99221471,3,3,9.268543037e-05,9.268543037e-05,0.04831164409
3481,0.75,0.3125,-58.69833515,34.75472176,4,3309,3252,0,0,0,0,0,0,13614.86941,-22.32631854,2132.134089,0.0003955645471,0,0,9,1,7.344910701e-05,7.344910425e-05,0.07732839892
3482,0.6875,0.375,95.85161766,95.85161766,4,3309,3292,1,1,1,0,0,1,9958.271603,430.5469289,4344.107217,0.0001,0,56.53356669,5,5,0.0001004190325,0.0001004190325,0.1296681057
3483,0.75,0.5625,171.5506094,171.5506094,4,3262,3311,1,1,1,0,0,1,1.90413321,-35.97499302,2.742995498,0.0003955645471,0,21.37683966,1981,1981,0.5251733411,0.5251733411,11.01545287
3484,0.6875,0.625,200.7117766,200.7117766,4,3311,3297,1,1,1,0,0,1,106.8409664,-11.08776932,107.5675244,0.0003955645471,0,24.78651966,63,63,0.009359705681,0.009359705681,0.8036835671
3485,0.75,0.6875,315.1148139,315.1148139,4,3311,3251,1,1,1,0,0,1,216.9935604,53.85153798,199.840278,0.0003955645471,0,32.19882605,47,47,0.004608431688,0.004608431688,0.9698370795
3486,0.8125,0.6875,235.5840523,235.5840523,4,3251,3300,1,1,1,0,0,1,18.56829424,-13.40941435,36.17889126,0.0003955645471,0,28.59046382,121,121,0.05385524308,0.05385524308,1.707663374
3487,0.9375,0.6875,307.2293296,307.2293296,4,3300,3264,1,1,1,0,0,1,30.86363145,26.48184544,73.64987458,0.0003955645471,0,25.121656,631,631,0.03240059426,0.03240059426,11.71742426
3488,0.9375,0.5625,229.7032253,229.7032253,4,3300,3248,1,1,1,0,0,1,822.4720727,2.348314409,1230.335764,0.0003955645471,0,37.08834871,64,64,0.001215846754,0.001215846754,7.140274954
3489,0.8125,0.5625,206.3454597,206.3454597,4,3300,3262,1,1,1,0,0,1,7.323253508,-3.474296933,200.7077741,0.0003955645471,0,34.73519776,1841,1841,0.1365513291,0.1365513291,16.17232675
3490,0.8125,0.625,217.572919,217.572919,4,3311,3300,1,1,1,0,0,1,23.28165153,2.181025425,48.36271936,0.0003955645471,0,22.69149818,968,968,0.04295227933,0.04295227933,2.485263725
3491,0.8125,0.8125,285.9243694,285.9243694,4,3251,3299,1,1,1,0,0,1,52.1485088,-48.14666996,74.93370431,0.0003955645471,0,30.02629433,94,94,0.01917600375,0.01917600375,1.851819284
3492,0.8125,0.9375,361.6103337,361.6103337,4,3299,3259,1,1,1,0,0,1,79.6048389,-64.8493886,1460.434216,0.0003955645471,0,100.7658164,57,57,0.01256205042,0.01256205042,1.042546329
3493,0.9375,0.9375,431.928033,431.928033,4,3299,3243,1,1,1,0,0,1,448.5961822,-22.22982277,1371.685502,0.0003955645471,0,54.45425607,85,85,0.00222917635,0.00222917635,0.4463615077
3494,0.9375,0.8125,389.1600262,389.1600262,4,3299,3264,1,1,1,0,0,1,72.91196063,0.1294955556,178.8805413,0.0003955645471,0,30.33308936,731,731,0.01371517089,0.01371517089,2.998265605
3495,0.75,0.9375,341.7989903,341.7989903,4,3259,3313,1,1,1,0,0,1,57083.663,101.963547,7445.556253,0.0001,0,86.17430658,4,4,1.7518147e-05,1.7518147e-05,0.2400766746
3496,0.8125,0.875,373.6234959,373.6234959,4,3313,3299,1,1,1,0,0,1,209.9771589,-11.23613924,356.8360787,0.0003955645471,0,47.95137252,240,240,0.004762422756,0.004762422756,1.621158661
3497,0.75,0.8125,299.0912536,299.0912536,4,3313,3251,1,0,0,0,0,1,36397.00174,0,0,0,0,0,18,9,2.747479057e-05,2.747479024e-05,0.4068461004
3498,0.6875,0.875,298.7145597,298.7145597,4,3313,3298,1,1,1,0,0,1,162039.1823,15.51979255,9425.33787,0.0001,0,52.1846085,5,5,6.171346867e-06,6.171346867e-06,0.07733656957
3499,0.875,0.0625,8.083195435,8.083195435,4,3307,3294,0,0,0,0,0,0,1e+300,0,1e+300,0,0,0,0,0,0,0,0
3500,0.8125,0,24.2495863,24.2495863,4,3307,3258,0,0,0,0,0,0,1e+300,0,1e+300,0,0,0,0,0,0,0,0
3501,0.9375,0,8.083195435,8.083195435,4,3242,3307,0,0,0,0,0,0,1e+300,0,1e+300,0,0,0,0,0,0,0,0
3502,0.9375,0.25,135.0199725,127.6910632,4,3263,3315,0,0,0,0,0,0,5.771007155e+11,-6.397193175e-07,2528.032411,0.0003955645471,0,0,2,0,1.732799792e-12,0,1.732799792
3503,0.875,0.1875,45.00665733,79.48587976,4,3315,3294,0,0,0,0,0,0,3.344360272e+12,-3.216343316e-07,2528.03242,0.0003955645471,0,0,1,0,2.990108477e-13,0,0.2990108477
3504,0.8125,0.25,45.00665733,45.00665733,4,3315,3252,0,0,0,0,0,0,1e+300,0,1e+300,0,0,0,0,0,0,0,0
3505,0.875,0.3125,135.019973,93.92564095,4,3315,3293,0,0,0,0,0,0,1.402775862e+12,-1.178170805e-07,2528.032418,0.0003955645471,0,0,1,0,7.128722609e-13,0,0.7128722609
3506,0.9375,0.5,203.9884724,203.9884724,4,3248,3308,1,1,1,0,0,1,4856.88602,-213.5555074,628.4468184,2.487749491e-05,0,33.16897916,8,8,0.0002058932402,0.0002058932402,1.301849814
3507,0.875,0.4375,121.7860836,121.7860836,4,3308,3293,1,0,0,0,0,1,10162.12293,0,0,0,0,0,8,5,9.840463522e-05,9.840463489e-05,0.3502435656
3508,0.8125,0.5,196.1149815,196.1149815,4,3308,3262,1,1,1,0,0,1,954.8042791,21.20730036,1131.302006,0.0003955645471,0,90.2726703,28,28,0.001047335063,0.001047335063,5.80489701
3509,0.875,0.5625,179.1497528,179.1497528,4,3308,3300,1,1,1,0,0,1,441.0489303,-12.91576948,375.5323138,0.0003955645471,0,42.16907209,57,57,0.00226732213,0.00226732213,6.479484131
3510,0.9375,0.75,346.5511741,346.5511741,4,3264,3318,1,1,1,0,0,1,490.752298,-123.1062583,7.317219743,4.957151113e-05,0,18.29767681,30,30,0.00203768786,0.00203768786,0.2337149356
3511,0.875,0.6875,291.6066915,291.6066915,4,3318,3300,1,1,1,0,0,1,483.3467306,37.1117531,1068.889738,0.0003955645471,0,22.18050125,355,355,0.00206890817,0.00206890817,1.615481148
3512,0.8125,0.75,345.1573644,345.1573644,4,3318,3251,1,1,1,0,0,1,46.54418287,45.15258857,47.64861465,0.0003955645471,0,20.46747654,532,532,0.021484962,0.021484962,0.8533842254
3513,0.875,0.8125,392.5251085,392.5251085,4,3318,3299,1,1,1,0,0,1,132.8910162,32.10702724,1012.201014,0.0003955645471,0,79.63478625,436,436,0.00752496315,0.00752496315,1.507948855
3514,0.9375,1,451.8193128,451.8193128,4,3243,3312,1,1,1,0,0,1,9397.317585,-215.9703546,84.18043786,4.957151113e-05,0,166.7733395,39,39,0.0001064133452,0.0001064133452,1.740752392
3515,0.875,0.9375,377.1708565,377.1708565,4,3312,3299,1,1,1,0,0,1,191.966953,-23.67778227,184.7329154,0.0003955645471,0,33.39486974,255,255,0.005209229944,0.005209229944,11.49808422
3516,0.8125,1,397.5334926,397.5334926,4,3312,3259,1,1,1,0,0,1,9185.528954,-353.1856147,52.42956306,2.487749491e-05,0,61.42142956,4,4,0.0001088668932,0.0001088668932,0.1981746877
3517,0.9375,0.125,45.00665758,45.00665758,4,3316,3294,0,0,0,0,0,0,1e+300,0,1e+300,0,0,0,0,0,0,0,0
3518,1,0.0625,45.00665758,45.00665758,4,3316,3242,0,0,0,0,0,0,1e+300,0,1e+300,0,0,0,0,0,0,0,0
3519,1,0.1875,135.0199727,135.0199727,4,3263,3316,0,0,0,0,0,0,1e+300,0,1e+300,0,0,0,0,0,0,0,0
3520,0.9375,0.375,225.0332888,225.0332888,4,3317,3293,0,0,0,0,0,0,1e+300,-1.236148336e-06,9999.999947,0,0,0,0,0,0,0,0
3521,1,0.3125,225.0332883,225.0332883,4,3317,3263,0,0,0,0,0,0,1e+300,0,1e+300,0,0,0,0,0,0,0,0
3522,1,0.4375,315.0466045,225.4721022,4,3248,3317,0,0,0,0,0,0,6.390020045e+13,-1.664298566e-08,2528.032422,0.0003955645471,0,0,1,0,1.564940318e-14,0,0.01564940318
3523,0.9375,0.625,244.4741187,244.4741187,4,3319,3300,1,1,1,0,0,1,263.039718,-16.13199207,780.9042305,0.0003955645471,0,22.45175383,409,409,0.003801707239,0.003801707239,4.225663469
3524,1,0.5625,275.1330572,275.1330572,4,3319,3248,1,1,1,0,0,1,956220.0113,32.78824721,9619.351175,0.0001,0,40.3174906,4,4,1.04578443e-06,1.04578443e-06,0.01595197139
3525,1,0.6875,280.0097929,280.0097929,4,3264,3319,1,1,1,0,0,1,1268.767954,-30.78083676,844.7867138,0.0003955645471,0,16.50241406,56,56,0.0007881661865,0.0007881661865,3.971557032
3526,0.9375,0.875,446.6449675,446.6449675,4,3320,3299,1,1,1,0,0,1,280.4541452,52.72484159,912.6244804,0.0003955645471,0,47.76833793,464,464,0.003565645283,0.003565645283,6.258229416
3527,1,0.8125,377.4220087,377.4220087,4,3320,3264,1,1,1,0,0,1,9182.558974,-514.7303298,58.93607089,2.487749491e-05,0,44.50546553,12,12,0.0001089021048,0.0001089021048,0.07244758094
3528,1,0.9375,468.3600862,468.3600862,4,3243,3320,1,1,1,0,0,1,229.8856287,23.57002704,377.8325207,0.0003955645471,0,45.18321085,132,132,0.004349989191,0.004349989191,8.072185502
3529,0.90625,0.65625,268.0516402,268.0516402,5,3300,3487,1,0,0,0,0,1,18.50666153,0,0,0,0,0,1054,521,0.05403459713,0.05403459696,57.04262411
3530,0.90625,0.71875,308.7817922,308.7817922,5,3487,3318,1,1,1,0,0,1,9.673721256,-7.743378915,10.4698808,0.0002456709918,0,13.55529457,1056,1056,0.1033728359,0.1033728359,98.79212334
3531,0.96875,0.71875,347.3255312,347.3255312,5,3487,3264,1,1,1,0,0,1,990.7305226,30.36347312,796.7954759,0.0002456709918,0,58.19816273,103,103,0.001009356204,0.001009356204,5.793022975
3532,0.96875,0.65625,262.8871552,262.8871552,5,3487,3319,1,1,1,0,0,1,1065.525203,-30.06521763,844.4695554,0.0002456709918,0,80.81586009,59,59,0.000938504314,0.000938504314,4.137182761
3533,0.96875,0.6875,100.3137851,18.29899246,5,3525,3487,0,0,0,0,0,0,63.73023484,-274.9017782,62.74781304,0.0002456709918,0,0,70,38,0.01569113942,0.01569113941,5.9447439
3534,1,0.65625,288.1201149,288.1201149,5,3525,3319,1,1,1,0,0,1,137526.6817,67.40645629,29973.38044,2.487749491e-05,0,66.62525415,2,2,7.271316282e-06,7.271316282e-06,0.09658810296
3535,1,0.71875,113.7649887,-100.043414,5,3264,3525,0,0,0,0,0,0,376.6681826,-408.2286792,344.7648671,0.0002456709918,0,0,31,16,0.002654856572,0.002654856569,1.911101315
3536,0.78125,0.78125,319.2640958,319.2640958,5,3251,3491,1,1,1,0,0,1,346.5713218,39.6670702,324.7514095,0.0002456709918,0,83.77694039,210,210,0.002885408968,0.002885408968,6.555853976
3537,0.78125,0.84375,313.1289031,313.1289031,5,3491,3313,1,1,1,0,0,1,336.2614486,-737.7909645,24.28990722,1.197360224e-05,0,192.6759326,8,8,0.002973876441,0.002973876441,0.3892500893
3538,0.84375,0.84375,295.8397391,295.8397391,5,3491,3299,1,1,1,0,0,1,71.72179486,-64.4534929,134.5628436,0.0001976799768,0,99.29544727,171,171,0.01394276317,0.01394276317,0.6215982557
3539,0.84375,0.78125,346.1686868,346.1686868,5,3491,3318,1,1,1,0,0,1,49.02874162,41.82392096,51.24880807,0.0002456709918,0,57.04156632,427,427,0.0203961996,0.0203961996,2.377384486
3540,0.875,0.78125,288.1740148,288.1740148,5,3318,3513,1,1,1,0,0,1,667.157264,-66.66273936,665.9560569,0.0002456709918,0,11.82711113,153,153,0.001498896968,0.001498896968,3.517152173
3541,0.84375,0.8125,295.7742378,295.7742378,5,3513,3491,1,1,1,0,0,1,326.0245011,-631.2574295,63.96292804,0.0001976799768,0,70.93692755,174,174,0.003067254138,0.003067254138,0.2213473585
3542,0.875,0.84375,368.4141148,368.4141148,5,3513,3299,1,1,1,0,0,1,1403.210403,-453.6314557,25.35135138,1.197360224e-05,0,75.85447141,11,11,0.0007126515009,0.0007126515009,0.2738387217
3543,0.90625,0.84375,388.9410809,388.9410809,5,3299,3494,1,1,1,0,0,1,110.207237,-361.4882975,6.767363137,1.197360224e-05,0,82.29042196,256,256,0.009073814272,0.009073814272,1.777663981
3544,0.96875,0.84375,417.3388125,417.3388125,5,3494,3320,1,1,1,0,0,1,171.1912427,-14.37604965,497.2910362,0.0002456709918,0,62.02552587,207,207,0.005841420298,0.005841420298,1.743277862
3545,0.96875,0.78125,340.0138227,340.0138227,5,3494,3264,1,1,1,0,0,1,163.8197268,-2.252949436,632.9049579,0.0002456709918,0,50.7241465,290,290,0.006104270954,0.006104270954,5.886530154
3546,0.90625,0.78125,336.9258079,336.9258079,5,3494,3318,1,1,1,0,0,1,32.0660761,-19.60159181,100.7871379,0.0002456709918,0,31.6045175,830,830,0.03118560552,0.03118560552,15.26080778
3547,0.90625,0.8125,376.4159083,376.4159083,5,3513,3494,1,1,1,0,0,1,496.7739737,-1090.611006,14.24620705,1.197360224e-05,0,26.17364066,8,8,0.002012987904,0.002012987904,0.4388995403
3548,0.09375,0.34375,-370.985378,-370.985378,5,3266,3329,1,0,0,0,0,1,758.5016954,0,0,0,0,0,6,3,0.001318388615,0.001318388615,0.2321159727
3549,0.09375,0.28125,-413.5368169,-413.5368169,5,3329,3270,1,0,0,0,0,1,5306.652163,0,0,0,0,0,7,4,0.0001884427261,0.000188442726,0.1222954294
3550,0.03125,0.28125,-799.9024344,-799.9024344,5,3329,3255,1,0,0,0,0,1,1915.241902,0,0,0,0,0,8,4,0.0005221272565,0.0005221272558,0.4394109653
3551,0.03125,0.34375,-787.5566338,-787.5566338,5,3329,3269,1,0,0,0,0,1,13461.80685,0,0,0,0,0,8,3,7.428423326e-05,7.428423316e-05,0.0463119151
3552,0.03125,0.25,-821.1781539,-821.1781539,5,3255,3352,1,0,0,0,0,1,1e+300,0,0,0,0,0,0,0,0,0,0
3553,0.0625,0.28125,-179.4269974,147.3571546,5,3352,3329,0,0,0,0,0,0,280.2122713,754.7128199,262.1648369,0.0002456709918,0,0,3,2,0.003568723081,0.003568723081,0.08517233469
3554,0.09375,0.25,-366.0752165,-435.1343374,5,3352,3270,0,0,0,0,0,0,2.514558134e+13,6.70610234e-09,4070.484645,0.0002456709918,0,0,1,0,3.976841841e-14,0,0.03976841841
3555,0.09375,0.15625,-480.0249339,-480.0249339,5,3265,3322,1,0,0,0,0,1,8101.896225,0,0,0,0,0,4,3,0.0001234278954,0.0001234278946,0.6400076921
3556,0.03125,0.15625,-54.86077108,-54.86077108,5,3322,3271,0,0,0,0,0,0,1e+300,1.891982927e-05,83517.05338,0,0,0,0,0,0,0,0
3557,0.03125,0.21875,-836.248953,-836.248953,5,3322,3255,1,0,0,0,0,1,1e+300,0,0,0,0,0,0,0,0,0,0
3558,0.09375,0.21875,-449.8833355,-449.8833355,5,3322,3270,1,0,0,0,0,1,1.622424219e+12,0,0,0,0,0,2,0,6.163616076e-13,0,0.6163616076
3559,0.0625,0.21875,-159.7388064,-159.7388064,5,3352,3322,0,0,0,0,0,0,1e+300,-9.177402148e-06,83517.05045,0,0,0,0,0,0,0,0
3560,0.59375,0.65625,214.5517017,214.5517017,5,3297,3434,1,1,1,0,0,1,2.585399975,16.11583836,5.983423231,0.0002456709918,0,32.35938622,949,949,0.386787348,0.386787348,10.21231434
3561,0.53125,0.65625,147.8501633,147.8501633,5,3434,3303,1,1,1,0,0,1,573.5164077,-63.84034103,840.913693,0.0002456709918,0,70.32294092,21,21,0.001743629278,0.001743629278,2.299836773
3562,0.53125,0.71875,209.6544972,209.6544972,5,3434,3260,1,0,0,0,0,1,5845.75646,0,0,0,0,0,13,8,0.0001710642595,0.0001710642584,0.4479902303
3563,0.59375,0.71875,197.6471503,197.6471503,5,3434,3302,1,1,1,0,0,1,7.954667915,-30.09942475,10.67882411,0.0002456709918,0,64.43352006,456,456,0.1257123504,0.1257123504,3.192532927
3564,0.5,0.71875,189.2517178,99.54732205,5,3260,3437,0,0,0,0,0,0,365.6030359,-107.7666003,335.4716252,0.0002456709918,0,0,4,3,0.002735207046,0.002735207046,1.265003652
3565,0.53125,0.6875,207.0857511,207.0857511,5,3437,3434,1,0,0,0,0,1,40329.4806,0,0,0,0,0,2,1,2.479575698e-05,2.479575698e-05,0.05845189916
3566,0.5,0.65625,194.3543287,194.3543287,5,3437,3303,1,0,0,0,0,1,4067.601609,0,0,0,0,0,7,2,0.0002458451186,0.0002458451178,0.7447054082
3567,0.40625,0.65625,51.93223277,161.020138,5,3272,3389,0,0,0,0,0,0,28584.88229,-34.6028619,3563.099588,0.0002456709918,0,0,4,1,3.498352696e-05,3.498352673e-05,0.05890895807
3568,0.40625,0.71875,103.8644655,170.7563503,5,3389,3304,0,0,0,0,0,0,1.214437544e+13,1.160737213e-07,4070.484645,0.0002456709918,0,0,1,0,8.234264536e-14,0,0.08234264536
3569,0.46875,0.71875,155.7966983,43.8222525,5,3389,3260,0,0,0,0,0,0,3277.962505,-162.3420584,1815.743622,0.0002456709918,0,0,4,2,0.000305067553,0.0003050675514,0.1566031522
3570,0.46875,0.65625,190.9126423,190.9126423,5,3389,3303,1,0,0,0,0,1,2805.803677,0,0,0,0,0,11,5,0.0003564041234,0.0003564041227,0.487204569
3571,0.46875,0.6875,137.319485,328.2297818,5,3437,3389,0,0,0,0,0,0,10458.40067,126.186515,2930.077458,0.0002456709918,0,0,3,2,9.561691421e-05,9.561691381e-05,0.04036024132
3572,0.65625,0.40625,139.3908306,139.3908306,5,3292,3429,1,0,0,0,0,1,483351.7635,0,0,0,0,0,6,1,2.068886628e-06,2.068886057e-06,0.005245151522
3573,0.65625,0.46875,101.2968071,101.2968071,5,3429,3310,1,1,1,0,0,1,762.3569051,-42.26034386,642.0988641,0.0002456709918,0,93.41947151,37,37,0.001311721575,0.001311721575,3.144703955
3574,0.71875,0.46875,144.3685946,144.3685946,5,3429,3262,1,0,0,0,0,1,159.9881755,0,0,0,0,0,168,84,0.006250461928,0.006250461921,2.749141211
3575,0.71875,0.40625,90.75467984,90.75467984,5,3429,3309,1,0,0,0,0,1,687.958718,0,0,0,0,0,15,7,0.001453575591,0.001453575589,0.9991973792
3576,0.625,0.46875,166.5790843,166.5790843,5,3310,3457,1,1,1,0,0,1,5302.369227,-464.2092107,4540.154527,2.487749491e-05,0,20.96226689,8,8,0.0001885949388,0.0001885949388,0.716215885
3577,0.65625,0.4375,109.0660241,109.0660241,5,3457,3429,1,1,1,0,0,1,2273.00776,-56.8934167,1458.540907,0.0002456709918,0,78.48098878,16,16,0.0004399457044,0.0004399457044,1.171663318
3578,0.625,0.40625,180.5989823,180.5989823,5,3457,3292,1,0,0,0,0,1,1e+300,0,0,0,0,0,0,0,0,0,0
3579,0.53125,0.46875,126.5236866,126.5236866,5,3244,3428,1,0,0,0,0,1,2.986563686,0,0,0,0,0,963,506,0.3348329736,0.3348329736,1.606437793
3580,0.59375,0.46875,167.9395719,167.9395719,5,3428,3310,1,1,1,0,0,1,32.68258237,-23.76955342,842.543686,0.0002456709918,0,146.0668274,573,573,0.03059733741,0.03059733741,0.6321168537
3581,0.59375,0.40625,144.0705467,144.0705467,5,3428,3292,1,0,0,0,0,1,1125.917878,0,0,0,0,0,8,5,0.0008881642433,0.0008881642432,0.1039088235
3582,0.53125,0.40625,126.7836677,126.7836677,5,3428,3291,1,0,0,0,0,1,3.500439071,0,0,0,0,0,512,262,0.2856784477,0.2856784477,1.49147761
3583,0.59375,0.4375,64.36135381,64.36135381,5,3457,3428,1,1,1,0,0,1,26.64282315,-70.72497528,157.8808144,0.0002456709918,0,57.10565796,305,305,0.03753355995,0.03753355995,0.8681616055
3584,0.90625,0.59375,257.3843252,257.3843252,5,3300,3488,1,1,1,0,0,1,237.8256842,25.40827687,302.4019782,0.0002456709918,0,42.72031546,103,103,0.004204760321,0.004204760321,14.64164395
3585,0.96875,0.59375,258.6295547,258.6295547,5,3488,3319,1,0,0,0,0,1,5969.295637,0,0,0,0,0,26,12,0.0001675239527,0.0001675239515,1.405907981
3586,0.96875,0.53125,245.983985,245.983985,5,3488,3248,1,0,0,0,0,1,73622.42205,0,0,0,0,0,2,1,1.358281855e-05,1.358281829e-05,0.1422643979
3587,0.90625,0.53125,194.212394,194.212394,5,3488,3308,1,1,1,0,0,1,558.4363797,0.986512445,741.9724763,0.0002456709918,0,70.35420359,42,42,0.001790714281,0.001790714281,6.017209077
3588,0.96875,0.625,271.9846005,271.9846005,5,3319,3523,1,1,1,0,0,1,17635.2497,395.2419052,10657.81537,2.487749491e-05,0,59.4868363,8,8,5.670461248e-05,5.670461248e-05,0.7810160839
3589,0.9375,0.59375,190.2843711,190.2843711,5,3523,3488,1,1,1,0,0,1,4426.399486,-45.81300316,2120.493912,0.0002456709918,0,51.69900189,24,24,0.0002259172502,0.0002259172502,1.450111243
3590,0.90625,0.625,264.8451502,264.8451502,5,3523,3300,1,1,1,0,0,1,1215.66827,28.33024735,936.0983488,0.0002456709918,0,17.54876898,25,25,0.0008225928278,0.0008225928278,1.136176044
3591,0.9375,0.65625,316.5386938,316.5386938,5,3523,3487,1,1,1,0,0,1,195.9242602,41.18589136,186.9269229,0.0002456709918,0,16.61890452,280,280,0.005104013148,0.005104013148,6.810470964
3592,0.53125,0.53125,161.9870131,161.9870131,5,3244,3433,1,1,1,0,0,1,192.552934,-0.003433646453,341.885645,0.0002456709918,0,29.3353286,200,200,0.00519337711,0.00519337711,7.436211693
3593,0.53125,0.59375,184.2916445,184.2916445,5,3433,3303,1,1,1,0,0,1,1179.821878,-19.84964929,990.0771278,0.0002456709918,0,41.97538447,82,82,0.0008475855712,0.0008475855712,2.673770061
3594,0.59375,0.59375,195.3620465,195.3620465,5,3433,3297,1,0,0,0,0,1,6.608464123,0,0,0,0,0,1590,833,0.1513210909,0.1513210908,9.003185905
3595,0.59375,0.53125,194.4605156,194.4605156,5,3433,3310,1,1,1,0,0,1,5.453790226,-9.381107568,13.75345838,0.0002456709918,0,48.61995027,897,897,0.1833587209,0.1833587209,9.171768774
3596,0.625,0.53125,137.4072688,137.4072688,5,3310,3459,1,1,1,0,0,1,211.5068571,-3.868915339,201.05958,0.0002456709918,0,111.8784091,53,53,0.004727979101,0.004727979101,0.9000454571
3597,0.59375,0.5625,161.8241788,161.8241788,5,3459,3433,1,1,1,0,0,1,6.420033672,-8.994478898,6.409923836,0.0002456709918,0,31.15469861,624,624,0.1557624229,0.1557624229,1.687472508
3598,0.625,0.59375,159.408634,159.408634,5,3459,3297,1,1,1,0,0,1,18.94160596,14.6948671,18.85387129,0.0002456709918,0,18.00185271,347,347,0.05279383396,0.05279383396,1.819570774
3599,0.65625,0.59375,184.0568975,184.0568975,5,3297,3436,1,0,0,0,0,1,22.50788809,0,0,0,0,0,640,315,0.04442886849,0.04442886846,2.527414119
3600,0.71875,0.59375,223.873211,223.873211,5,3436,3311,1,0,0,0,0,1,7.259386122,0,0,0,0,0,2290,1112,0.1377526947,0.1377526944,7.530769229
3601,0.71875,0.53125,181.4114692,181.4114692,5,3436,3262,1,0,0,0,0,1,7.461609675,0,0,0,0,0,1136,561,0.1340193395,0.1340193394,6.27775498
3602,0.65625,0.53125,180.6095924,180.6095924,5,3436,3310,1,0,0,0,0,1,71.43718533,0,0,0,0,0,262,136,0.01399831188,0.01399831186,1.943874606
3603,0.65625,0.5625,192.2449081,192.2449081,5,3459,3436,1,1,1,0,0,1,150.0363178,32.73416015,144.7026402,0.0002456709918,0,43.65687519,135,135,0.006665052934,0.006665052934,4.538025329
3604,0.96875,0.75,339.0825689,339.0825689,5,3264,3510,1,1,1,0,0,1,4288.145731,-3.0486253,2088.240593,0.0002456709918,0,31.03998964,16,16,0.0002332010297,0.0002332010297,2.239510948
3605,0.9375,0.71875,325.6954916,325.6954916,5,3510,3487,1,1,1,0,0,1,22.56957262,-0.9850327214,22.4451213,0.0002456709918,0,12.1386285,750,750,0.04430744068,0.04430744068,53.3955407
3606,0.90625,0.75,368.9029632,368.9029632,5,3510,3318,1,1,1,0,0,1,37.61299891,32.80990059,37.26862109,0.0002456709918,0,26.77407785,15,15,0.02658655329,0.02658655329,1.79058623
3607,0.9375,0.78125,378.7506738,378.7506738,5,3510,3494,1,1,1,0,0,1,99.13945538,12.34068672,96.78225625,0.0002456709918,0,28.99830244,617,617,0.01008680143,0.01008680143,22.38696512
3608,0.75,0.84375,311.7013684,311.7013684,5,3313,3497,1,0,0,0,0,1,192928.0321,0,0,0,0,0,1,1,5.183279947e-06,5.183279947e-06,0.1948153077
3609,0.78125,0.8125,292.5078115,292.5078115,5,3497,3491,1,0,0,0,0,1,694.3626972,0,0,0,0,0,51,26,0.001440169531,0.00144016953,0.2040066945
3610,0.75,0.78125,319.3740724,319.3740724,5,3497,3251,1,1,1,0,0,1,1815.596557,31.77422586,1255.565056,0.0002456709918,0,106.7748081,20,20,0.000550783155,0.000550783155,2.773110453
3611,0.71875,0.78125,295.7969308,295.7969308,5,3251,3441,1,1,1,0,0,1,924.8546958,5.103111551,1117.857849,0.0002456709918,0,86.90569048,36,36,0.00108125093,0.00108125093,2.589423791
3612,0.65625,0.78125,245.3312385,245.3312385,5,3441,3302,1,1,1,0,0,1,137.2918727,-13.41766545,144.6508424,0.0002456709918,0,51.99282592,93,93,0.007283752345,0.007283752345,4.870044572
3613,0.65625,0.84375,246.7119843,73.93345898,5,3441,3298,0,0,0,0,0,0,769.550867,-200.7573613,647.194629,0.0002456709918,0,0,11,6,0.00129945926,0.001299459259,1.928174614
3614,0.71875,0.84375,304.1092808,304.1092808,5,3441,3313,1,0,0,0,0,1,75681218.58,0,0,0,0,0,5,1,1.32133179e-08,1.321212469e-08,0.0004966718166
3615,0.71875,0.8125,332.8731116,332.8731116,5,3497,3441,1,1,1,0,0,1,11293.09039,409.4229235,21349.80346,2.487749491e-05,0,62.71558653,8,8,8.854972069e-05,8.854972069e-05,0.7795283619
3616,0.875,0.71875,308.8478101,308.8478101,5,3318,3511,1,0,0,0,0,1,360.5740425,0,0,0,0,0,627,315,0.002773355489,0.002773355473,6.166477592
3617,0.90625,0.6875,313.4515765,313.4515765,5,3511,3487,1,1,1,0,0,1,58.77617433,13.85405148,57.93955029,0.0002456709918,0,41.70238346,62,62,0.01701369664,0.01701369664,1.218662592
3618,0.875,0.65625,225.1464564,225.1464564,5,3511,3300,1,1,1,0,0,1,865.8871014,-34.91300827,714.0021687,0.0002456709918,0,51.25607897,72,72,0.001154884971,0.001154884971,6.784372931
3619,0.78125,0.71875,265.5184473,265.5184473,5,3251,3486,1,1,1,0,0,1,20.88368093,14.29467725,22.18960222,0.0002456709918,0,27.62167829,534,534,0.0478842788,0.0478842788,12.69762177
3620,0.84375,0.71875,306.9122886,306.9122886,5,3486,3318,1,1,1,0,0,1,23.81825594,25.13558894,33.43366765,0.0002456709918,0,31.11999522,595,595,0.04198460216,0.04198460216,22.37028289
3621,0.84375,0.65625,258.5067542,258.5067542,5,3486,3300,1,1,1,0,0,1,96.44097333,25.63335929,96.87816486,0.0002456709918,0,37.01905116,306,306,0.01036903678,0.01036903678,17.30126297
3622,0.78125,0.65625,252.6193252,252.6193252,5,3486,3311,1,1,1,0,0,1,4.336471332,10.61649657,6.930113173,0.0002456709918,0,14.57155427,1042,1042,0.2306022393,0.2306022393,103.6307361
3623,0.84375,0.6875,263.5953719,263.5953719,5,3511,3486,1,0,0,0,0,1,974.4145962,0,0,0,0,0,71,28,0.001026257205,0.001026257197,0.1680467075
3624,0.53125,0.625,132.2119855,132.2119855,5,3303,3438,1,1,1,0,0,1,2002.489165,-414.2811244,361.0912295,1.197360224e-05,0,25.76730502,6,6,0.0004993784822,0.0004993784822,0.78697098
3625,0.5625,0.65625,195.1384614,195.1384614,5,3438,3434,1,1,1,0,0,1,164.5883857,4.554708018,208.105745,0.0002456709918,0,30.42471874,148,148,0.006075762853,0.006075762853,4.903627267
3626,0.59375,0.625,169.4657232,169.4657232,5,3438,3297,1,1,1,0,0,1,13.23277654,-47.30631938,19.67094768,0.000289864927,0,32.49416835,242,242,0.07556993022,0.07556993022,0.595399575
3627,0.5625,0.59375,154.4429807,154.4429807,5,3438,3433,1,1,1,0,0,1,33.98653419,-51.62408246,33.7051131,0.0002456709918,0,68.430954,448,448,0.02942341795,0.02942341795,1.264608523
3628,0.96875,0.8125,322.4175023,322.4175023,5,3527,3494,1,1,1,0,0,1,824.8480501,-60.5534479,685.8637659,0.0002456709918,0,49.24569808,11,11,0.001212344504,0.001212344504,0.7836557557
3629,1,0.78125,368.1900867,368.1900867,5,3527,3264,1,1,1,0,0,1,9149.877653,172.1667706,8014.01961,2.487749491e-05,0,49.5190963,13,13,0.0001092910788,0.0001092910788,0.06100785748
3630,1,0.84375,406.2739954,406.2739954,5,3320,3527,1,1,1,0,0,1,6746.957191,-696.6498108,59.383753,1.197360224e-05,0,85.93878582,5,5,0.0001482149614,0.0001482149614,0.4255560843
3631,0.84375,0.75,319.2252696,319.2252696,5,3318,3512,1,1,1,0,0,1,32.50716949,-16.36030728,32.24962179,0.0002456709918,0,29.50753493,23,23,0.03076244458,0.03076244458,0.8617653342
3632,0.8125,0.71875,283.2852964,283.2852964,5,3512,3486,1,1,1,0,0,1,7.386832404,-6.976546034,7.373451561,0.0002456709918,0,11.33247812,1018,1018,0.1353760239,0.1353760239,77.28927754
3633,0.78125,0.75,233.9687668,233.9687668,5,3512,3251,1,1,1,0,0,1,172.7939416,-75.40795557,165.7574612,0.0002456709918,0,22.8548996,16,16,0.00578723994,0.00578723994,1.102956857
3634,0.8125,0.78125,318.6929279,318.6929279,5,3512,3491,1,1,1,0,0,1,70.38098561,3.576283669,69.18474195,0.0002456709918,0,24.02120353,644,644,0.01420838301,0.01420838301,20.22956653
3635,0.90625,0.90625,411.0928494,411.0928494,5,3299,3493,1,0,0,0,0,1,842.4303632,0,0,0,0,0,17,9,0.001187041735,0.001187041734,0.2511970145
3636,0.90625,0.96875,418.8564555,418.8564555,5,3493,3312,1,0,0,0,0,1,4027.943923,0,0,0,0,0,43,19,0.0002482656211,0.0002482656208,0.1258918888
3637,0.96875,0.96875,501.6564979,501.6564979,5,3493,3243,1,1,1,0,0,1,359.5397438,-738.4819084,6.677982381,1.197360224e-05,0,98.96791266,10,10,0.002781333683,0.002781333683,2.254532669
3638,0.96875,0.90625,429.9196552,429.9196552,5,3493,3320,1,1,1,0,0,1,295.3189237,-920.9611987,5.085517877,1.197360224e-05,0,86.86116149,138,138,0.003386169729,0.003386169729,1.2605826
3639,0.96875,1,463.7857013,463.7857013,5,3243,3514,1,0,0,0,0,1,2952.914273,0,0,0,0,0,63,33,0.0003386485036,0.0003386484927,5.029991128
3640,0.9375,0.96875,369.0956726,369.0956726,5,3514,3493,1,1,1,0,0,1,5002.9201,-471.6072039,3866.226762,2.487749491e-05,0,37.8832477,3,3,0.0001998832642,0.0001998832642,0.4912705204
3641,0.90625,1,526.6379208,526.6379208,5,3514,3312,1,1,1,0,0,1,6773.12088,914.1587948,7072.016199,2.487749491e-05,0,187.0193442,17,17,0.0001476424262,0.0001476424262,0.3178584305
3642,0.15625,0.59375,-110.7557998,-110.7557998,5,3273,3336,1,0,0,0,0,1,36021.98058,0,0,0,0,0,3,1,2.77608278e-05,2.776082779e-05,0.03293515783
3643,0.21875,0.59375,-27.15384766,-27.15384766,5,3336,3283,1,1,1,0,0,1,691.4375341,-68.36396412,591.0398691,0.0002456709918,0,121.7267848,32,32,0.001446262244,0.001446262244,2.15162058
3644,0.21875,0.53125,4.247318963,4.247318963,5,3336,3254,1,1,1,0,0,1,33.04443094,49.23470823,32.77833446,0.0002456709918,0,32.23566555,396,396,0.0302622854,0.0302622854,32.74641865
3645,0.15625,0.53125,-124.3223604,-124.3223604,5,3336,3282,1,0,0,0,0,1,4504.404195,0,0,0,0,0,5,3,0.0002220049438,0.0002220049433,0.1245200033
3646,0.21875,0.625,-58.61444781,8.108806478,5,3283,3384,0,0,0,0,0,0,17241.97298,-89.1681243,3293.059276,0.0002456709918,0,0,4,2,5.799800296e-05,5.799800234e-05,0.1367052308
3647,0.1875,0.59375,-52.55768948,-61.21001566,5,3384,3336,0,0,0,0,0,0,1.986268335e+14,1.354678147e-09,4070.484646,0.0002456709918,0,0,1,0,5.034566491e-15,0,0.005034566491
3648,0.15625,0.625,-52.29254396,-52.29254396,5,3384,3273,1,0,0,0,0,1,4340.823016,0,0,0,0,0,2,1,0.0002303710601,0.0002303710596,0.2671042605
3649,0.21875,0.71875,-19.68819094,26.89242152,5,3250,3335,0,0,0,0,0,0,5135.063317,0.6089326691,2270.608602,0.0002456709918,0,0,1,1,0.0001947395657,0.0001947395657,0.4413674642
3650,0.21875,0.65625,-45.63902885,49.3378478,5,3335,3283,0,0,0,0,0,0,3475.683467,-41.83551572,1874.82123,0.0002456709918,0,0,3,2,0.0002877131964,0.0002877131958,0.6545212134
3651,0.15625,0.65625,-68.01289068,-68.01289068,5,3335,3273,1,0,0,0,0,1,1025.530412,0,0,0,0,0,17,13,0.0009751051635,0.0009751051627,0.3705451208
3652,0.15625,0.71875,-50.65124401,-50.65124401,5,3335,3277,1,0,0,0,0,1,3050181.651,0,0,0,0,0,4,1,3.278493265e-07,3.278492301e-07,0.0001241456026
3653,0.1875,0.65625,-52.35180084,-118.9452874,5,3384,3335,0,0,0,0,0,0,2379.454594,-107.8127087,1501.647229,0.0002456709918,0,0,3,2,0.000420264376,0.0004202643755,0.7655700076
3654,0.84375,0.90625,375.9339998,375.9339998,5,3299,3492,1,0,0,0,0,1,30.69895382,0,0,0,0,0,31,18,0.03257439995,0.03257439995,2.691134274
3655,0.78125,0.90625,342.9609084,342.9609084,5,3492,3313,1,0,0,0,0,1,36382.43372,0,0,0,0,0,9,7,2.748579184e-05,2.748579178e-05,0.04606576016
3656,0.78125,0.96875,357.5120802,357.5120802,5,3492,3259,1,0,0,0,0,1,1e+300,0,0,0,0,0,0,0,0,0,0
3657,0.84375,0.96875,404.9437759,404.9437759,5,3492,3312,1,1,1,0,0,1,146.0610386,19.56624625,163.8568325,0.0002456709918,0,152.5164478,11,11,0.006846452754,0.006846452754,0.9875760083
3658,0.84375,1,401.5770501,401.5770501,5,3312,3516,1,1,1,0,0,1,581.3650018,-1.704904815,508.7088929,0.0002456709918,0,50.84832624,82,82,0.001720089783,0.001720089783,8.193659787
3659,0.8125,0.96875,404.5696141,404.5696141,5,3516,3492,1,1,1,0,0,1,14606.77227,-473.1285374,31228.12274,2.487749491e-05,0,43.89092822,1,1,6.846139456e-05,6.846139456e-05,0.1237841663
3660,0.78125,1,354.6190212,354.6190212,5,3516,3259,0,0,0,0,0,0,1e+300,0,1e+300,0,0,0,0,0,0,0,0
3661,0,0.34375,-235.3983787,-235.3983787,5,3269,3334,0,0,0,0,0,0,1e+300,0,1e+300,0,0,0,0,0,0,0,0
3662,0.03125,0.3125,-793.7295341,-793.7295341,5,3334,3329,1,0,0,0,0,1,56399.68155,0,0,0,0,0,9,4,1.773059657e-05,1.773059583e-05,0.04693786328
3663,0,0.28125,-1008.188062,-1008.188062,5,3334,3255,1,0,0,0,0,1,750067.0983,0,0,0,0,0,20,10,1.333214058e-06,1.333213582e-06,0.9881213448
3664,0.96875,0.9375,443.2295973,443.2295973,5,3528,3493,1,1,1,0,0,1,388.4486769,-3.501191881,354.6082077,0.0002456709918,0,45.2997437,187,187,0.00257434266,0.00257434266,8.189357634
3665,1,0.90625,425.8957072,425.8957072,5,3528,3320,1,1,1,0,0,1,457.2601429,-7.649012324,411.0811181,0.0002456709918,0,69.94980324,28,28,0.002186938913,0.002186938913,0.903250099
3666,1,0.96875,472.056088,472.056088,5,3243,3528,1,0,0,0,0,1,1786.030606,0,0,0,0,0,7,2,0.0005599008194,0.0005599008183,0.2368976569
3667,0.5,0.59375,207.090726,207.090726,5,3303,3439,1,1,1,0,0,1,4966.317394,44.66531054,2236.999168,0.0002456709918,0,37.04774281,10,10,0.0002013564419,0.0002013564419,0.7078772397
3668,0.53125,0.5625,81.67189242,81.67189242,5,3439,3433,1,1,1,0,0,1,74.47840021,-98.80879301,73.14014167,0.0002456709918,0,98.36694292,35,35,0.0134267116,0.0134267116,0.7102769399
3669,0.5,0.53125,214.8289512,214.8289512,5,3439,3244,1,1,1,0,0,1,602.2719486,85.81321961,524.6450701,0.0002456709918,0,89.21914943,66,66,0.001660379505,0.001660379505,0.8307710527
3670,0.46875,0.53125,109.2693741,109.2693741,5,3244,3386,1,0,0,0,0,1,384.5303847,0,0,0,0,0,16,8,0.002600574727,0.002600574726,0.2807475112
3671,0.40625,0.53125,122.2626631,122.2626631,5,3386,3284,1,0,0,0,0,1,3589.812445,0,0,0,0,0,15,8,0.0002785660854,0.0002785660846,0.8161722326
3672,0.40625,0.59375,0,24.76730646,5,3386,3272,0,0,0,0,0,0,348.3804577,-119.8425716,320.9143685,0.0002456709918,0,0,10,5,0.002870425071,0.002870425071,0.2198671437
3673,0.46875,0.59375,142.5122791,142.5122791,5,3386,3303,1,0,0,0,0,1,1563.789856,0,0,0,0,0,15,7,0.0006394721106,0.00063947211,0.6685906264
3674,0.46875,0.5625,182.1207654,182.1207654,5,3439,3386,1,1,1,0,0,1,1605.751322,-683.8646985,1621.115728,2.487749491e-05,0,76.25892845,8,8,0.0006227614365,0.0006227614365,0.6974971309
3675,0.96875,0.875,391.1609225,391.1609225,5,3320,3526,1,1,1,0,0,1,887.9783569,-822.628366,9.549825744,1.197360224e-05,0,52.50988566,189,189,0.001126153574,0.001126153574,0.3232891292
3676,0.9375,0.84375,441.8577805,441.8577805,5,3526,3494,1,1,1,0,0,1,21935.14935,-1523.750141,46.69120252,1.197360224e-05,0,44.90413088,7,7,4.558893054e-05,4.558893054e-05,0.008567978383
3677,0.90625,0.875,418.4513166,418.4513166,5,3526,3299,1,0,0,0,0,1,885.4260154,0,0,0,0,0,307,164,0.00112939984,0.001129399833,2.26617744
3678,0.9375,0.90625,439.2865002,439.2865002,5,3526,3493,1,0,0,0,0,1,1625.532128,0,0,0,0,0,60,33,0.0006151831656,0.0006151831642,0.4086415964
3679,0.71875,0.625,221.8922279,221.8922279,5,3311,3484,1,1,1,0,0,1,22.14127486,-2.912134431,22.02148964,0.0002456709918,0,42.74517799,147,147,0.04516451769,0.04516451769,1.664193052
3680,0.6875,0.59375,191.2584943,191.2584943,5,3484,3436,1,1,1,0,0,1,12.67267743,-8.468625756,12.6333459,0.0002456709918,0,46.95006784,592,592,0.078909923,0.078909923,3.17415292
3681,0.65625,0.625,267.6362796,267.6362796,5,3484,3297,1,1,1,0,0,1,419.6473858,32.36602016,294.0531749,0.0001976799768,0,34.74795748,173,173,0.002382953007,0.002382953007,0.2405003369
3682,0.65625,0.65625,210.2890559,210.2890559,5,3297,3435,1,0,0,0,0,1,6.557957321,0,0,0,0,0,1333,674,0.1524865062,0.1524865061,7.144796364
3683,0.65625,0.71875,249.2594646,249.2594646,5,3435,3302,1,1,1,0,0,1,12.37527414,1.616728589,13.76539257,0.0002456709918,0,48.25394194,348,348,0.08080629076,0.08080629076,7.509084572
3684,0.71875,0.71875,262.5910973,262.5910973,5,3435,3251,1,0,0,0,0,1,151.0106186,0,0,0,0,0,205,112,0.006622050881,0.006622050856,5.108794739
3685,0.71875,0.65625,225.383822,225.383822,5,3435,3311,1,1,1,0,0,1,10.44335554,-24.7299886,10.4166303,0.0002456709918,0,48.59774738,663,663,0.09575466396,0.09575466396,6.564887943
3686,0.6875,0.65625,189.3196019,189.3196019,5,3484,3435,1,1,1,0,0,1,36.31391476,-36.68502369,35.99281284,0.0002456709918,0,35.87936777,488,488,0.02753765345,0.02753765345,14.52090579
3687,0.875,0.96875,458.8986667,458.8986667,5,3312,3515,1,1,1,0,0,1,159.166057,66.80276399,153.1764763,0.0002456709918,0,101.6788578,11,11,0.006282746577,0.006282746577,0.755273787
3688,0.90625,0.9375,451.0674117,451.0674117,5,3515,3493,1,1,1,0,0,1,14752.4482,46.67796494,3190.236827,0.0002456709918,0,103.0704912,22,22,6.778535919e-05,6.778535919e-05,1.095364993
3689,0.875,0.90625,378.4135453,378.4135453,5,3515,3299,1,1,1,0,0,1,46.03848792,-4.944243071,45.52360137,0.0002456709918,0,62.61576527,17,17,0.02172095664,0.02172095664,2.171799705
3690,0.84375,0.9375,376.4474977,376.4474977,5,3515,3492,1,1,1,0,0,1,331.8302302,6.678251871,306.8180912,0.0002456709918,0,66.50524171,124,124,0.003013589206,0.003013589206,10.94943696
3691,0.75,0.65625,229.6500881,229.6500881,5,3311,3485,1,1,1,0,0,1,10.43731001,-52.35331915,10.41061567,0.0002456709918,0,30.18353168,762,762,0.09581012726,0.09581012726,10.24307694
3692,0.71875,0.6875,211.3582171,211.3582171,5,3485,3435,1,1,1,0,0,1,206.4699123,-71.82394027,196.5025805,0.0002456709918,0,53.93464814,20,20,0.004843320698,0.004843320698,0.715571332
3693,0.75,0.71875,283.4998784,283.4998784,5,3485,3251,1,1,1,0,0,1,257.553616,-10.81303877,242.22707,0.0002456709918,0,41.38912897,135,135,0.003882686702,0.003882686702,20.55299472
3694,0.78125,0.6875,240.1723494,240.1723494,5,3485,3486,1,1,1,0,0,1,8.205084103,-35.170749,8.188577967,0.0002456709918,0,44.79988055,37,37,0.1218756551,0.1218756551,2.934698068
3695,0.71875,0.875,220.0212521,445.6029926,5,3313,3498,0,0,0,0,0,0,2994.453514,129.5069888,1725.263092,0.0002456709918,0,0,5,1,0.0003339507511,0.0003339507508,0.7871445861
3696,0.6875,0.84375,210.4026309,130.0924159,5,3498,3441,0,0,0,0,0,0,503.9933638,-162.6770221,448.4658675,0.0002456709918,0,0,6,4,0.00198415311,0.00198415311,2.583740224
3697,0.65625,0.875,292.639959,90.34083397,5,3498,3298,0,0,0,0,0,0,789.6160787,-193.3229615,661.3278832,0.0002456709918,0,0,6,4,0.001266438244,0.001266438242,1.71338542
3698,0.65625,0.90625,349.8532993,349.8532993,5,3298,3444,0,0,0,0,0,0,1e+300,109.175554,9418.465582,0,0,0,0,0,0,0,0
3699,0.65625,0.96875,264.7098883,264.7098883,5,3444,3314,0,0,0,0,0,0,1e+300,0,1e+300,0,0,0,0,0,0,0,0
3700,0.71875,0.96875,391.6612729,391.6612729,5,3444,3259,0,0,0,0,0,0,1e+300,-1.177334923e-06,9999.999949,0,0,0,0,0,0,0,0
3701,0.71875,0.90625,277.2345923,318.0163883,5,3444,3313,0,0,0,0,0,0,8438367.563,-6.118222029,4068.52208,0.0002456709918,0,0,2,1,1.185063334e-07,1.18506321e-07,0.0002793275001
3702,0.6875,0.90625,313.5439458,200.3180262,5,3498,3444,0,0,0,0,0,0,16428.50706,-109.4629935,3262.208537,0.0002456709918,0,0,1,1,6.086980371e-05,6.086980371e-05,0.1434742586
3703,0.78125,0.875,237.0467726,237.0467726,5,3313,3496,1,1,1,0,0,1,3071.181034,-795.923706,2415.362885,2.487749491e-05,0,114.6128848,14,14,0.0003256076372,0.0003256076372,0.2013748695
3704,0.8125,0.90625,297.5093147,297.5093147,5,3496,3492,1,1,1,0,0,1,2116.364296,-874.903244,1966.240203,2.487749491e-05,0,97.18118429,6,6,0.0004725084438,0.0004725084438,0.1973444997
3705,0.84375,0.875,381.9405809,381.9405809,5,3496,3299,1,0,0,0,0,1,264.4012921,0,0,0,0,0,362,167,0.003782129778,0.003782129754,1.813081679
3706,0.8125,0.84375,329.7739326,329.7739326,5,3496,3491,1,0,0,0,0,1,442.8696696,0,0,0,0,0,132,64,0.002258000646,0.002258000642,0.2237022155
3707,0.65625,0.75,99.30103542,99.30103542,5,3302,3462,1,1,1,0,0,1,673.0876815,-584.2549653,600.0530599,2.487749491e-05,0,29.62896087,6,6,0.001485690539,0.001485690539,0.3613181828
3708,0.6875,0.78125,254.1396818,254.1396818,5,3462,3441,1,1,1,0,0,1,2720.466818,24.87588187,1630.643131,0.0002456709918,0,75.40454157,16,16,0.0003675839725,0.0003675839725,2.075443482
3709,0.71875,0.75,235.6446584,235.6446584,5,3462,3251,1,1,1,0,0,1,3280.447898,28.14522623,3655.238887,2.487749491e-05,0,51.68247977,8,8,0.0003048364221,0.0003048364221,0.3218554853
3710,0.6875,0.71875,218.5341316,218.5341316,5,3462,3435,1,1,1,0,0,1,244.7632739,5.511026857,230.8801634,0.0002456709918,0,26.05038071,144,144,0.004085580259,0.004085580259,8.804733464
3711,0.96875,0.5625,163.4246934,163.7656072,5,3524,3488,0,0,0,0,0,0,31184.63293,-83.76525758,3600.514713,0.0002456709918,0,0,8,4,3.206707619e-05,3.206707603e-05,0.06375483698
3712,1,0.53125,208.4313512,208.4313512,5,3524,3248,0,0,0,0,0,0,1e+300,-3.953718988e-07,40196.97335,0,0,0,0,0,0,0,0
3713,1,0.59375,-94.81247168,274.2926217,5,3319,3524,0,0,0,0,0,0,2.88756916e+13,-1.187877388e-07,4070.484645,0.0002456709918,0,0,2,0,3.463120516e-14,0,0.03463120516
3714,0.09375,0.40625,-595.1297638,-595.1297638,5,3266,3330,1,1,1,0,0,1,56.37788272,-452.1329869,56.07814852,2.487749491e-05,0,91.16829087,33,33,0.0177374522,0.0177374522,0.06349821602
3715,0.03125,0.40625,-696.5848609,-696.5848609,5,3330,3269,1,0,0,0,0,1,74835.2496,0,0,0,0,0,18,4,1.336268677e-05,1.336268618e-05,0.09560776703
3716,0.03125,0.46875,-612.9822553,-612.9822553,5,3330,3245,1,1,1,0,0,1,2344.168457,88.80543967,2055.952212,0.0002456709918,0,178.1357019,38,38,0.0004265905025,0.0004265905025,0.7521969887
3717,0.09375,0.46875,-253.4963357,-253.4963357,5,3330,3282,1,1,1,0,0,1,21.28813714,378.8625903,19.40489519,2.487749491e-05,0,74.78222445,117,117,0.04697451889,0.04697451889,0.3754268678
3718,0.03125,0.375,-745.4208861,-745.4208861,5,3269,3333,1,0,0,0,0,1,3866.261009,0,0,0,0,0,14,6,0.0002586478248,0.0002586478238,0.2993436371
3719,0.0625,0.40625,-452.3363856,-452.3363856,5,3333,3330,1,0,0,0,0,1,1.788098008e+12,0,0,0,0,0,3,0,5.592534613e-13,0,0.5592534613
3720,0.09375,0.375,-328.8496303,-328.8496303,5,3333,3266,1,0,0,0,0,1,80.86664209,0,0,0,0,0,26,12,0.01236603838,0.01236603838,0.08858654779
3721,0.0625,0.34375,-543.3081585,-543.3081585,5,3333,3329,1,0,0,0,0,1,23965.98428,0,0,0,0,0,2,1,4.172580555e-05,4.172580547e-05,0.006921501224
3722,0.78125,0.625,233.2362436,233.2362436,5,3311,3490,1,0,0,0,0,1,22.15690625,0,0,0,0,0,112,57,0.04513265474,0.04513265473,1.14443037
3723,0.8125,0.65625,258.8621078,258.8621078,5,3490,3486,1,1,1,0,0,1,13.46525961,32.28694328,13.42086305,0.0002456709918,0,13.02259126,535,535,0.0742651853,0.0742651853,56.77714292
3724,0.84375,0.625,237.9054258,237.9054258,5,3490,3300,1,1,1,0,0,1,1794.277333,14.80818434,1245.332436,0.0002456709918,0,26.46343313,21,21,0.0005573274442,0.0005573274442,0.7324369163
3725,0.84375,0.59375,185.5889477,185.5889477,5,3300,3489,1,1,1,0,0,1,767.8407058,-31.84792643,645.9846267,0.0002456709918,0,95.87662421,46,46,0.00130235346,0.00130235346,3.260839095
3726,0.84375,0.53125,157.0744883,157.0744883,5,3489,3308,1,1,1,0,0,1,1777.165965,-23.62502325,1237.065488,0.0002456709918,0,113.1703273,19,19,0.0005626936479,0.0005626936479,2.354221167
3727,0.78125,0.53125,185.1607722,185.1607722,5,3489,3262,1,0,0,0,0,1,1065.377746,0,0,0,0,0,64,33,0.0009386342114,0.000938634209,1.346059147
3728,0.78125,0.59375,227.6225139,227.6225139,5,3489,3311,1,0,0,0,0,1,3.961287413,0,0,0,0,0,2382,1189,0.2524431822,0.2524431819,66.68972406
3729,0.8125,0.59375,200.9377199,200.9377199,5,3490,3489,1,1,1,0,0,1,204.6340631,-11.02483165,194.8389894,0.0002456709918,0,147.5184874,66,66,0.004886771953,0.004886771953,9.772700279
3730,0.75,0.96875,355.3519194,355.3519194,5,3259,3495,0,0,0,0,0,0,1e+300,0,1e+300,0,0,0,0,0,0,0,0
3731,0.78125,0.9375,252.2106045,-113.3990667,5,3495,3492,0,0,0,0,0,0,1445.417292,-470.826425,1066.652192,0.0002456709918,0,0,4,4,0.00069184173,0.00069184173,0.2324512853
3732,0.75,0.90625,240.9252389,341.4941323,5,3495,3313,0,0,0,0,0,0,8.842149706e+14,-2.978850944e-08,4070.484646,0.0002456709918,0,0,1,0,1.130946696e-15,0,0.001130946696
3733,0.71875,0.9375,334.4479326,335.1791484,5,3495,3444,0,0,0,0,0,0,3.954153753e+13,1.43479042e-07,4070.484646,0.0002456709918,0,0,1,0,2.528986131e-14,0,0.02528986131
3734,0.59375,0.5,115.2065574,115.2065574,5,3310,3458,1,1,1,0,0,1,17.53402716,-10.39769439,17.48330891,0.0002456709918,0,16.14368947,283,283,0.05703196367,0.05703196367,10.10853882
3735,0.5625,0.46875,161.8994704,161.8994704,5,3458,3428,1,1,1,0,0,1,81.57529679,-102.2062674,83.94201816,2.487749491e-05,0,73.34484652,394,394,0.01225861308,0.01225861308,0.2257187099
3736,0.53125,0.5,198.2676616,198.2676616,5,3458,3244,1,1,1,0,0,1,5.284957771,94.1693651,5.278104885,0.0002456709918,0,41.24964402,733,733,0.1892162707,0.1892162707,1.116368785
3737,0.5625,0.53125,267.9261412,267.9261412,5,3458,3433,1,1,1,0,0,1,18.650072,112.5512395,18.56501116,0.0002456709918,0,53.46923652,1014,1014,0.05361909593,0.05361909593,9.253054777
3738,0.84375,0.40625,176.6533982,176.6533982,5,3293,3476,0,0,0,0,0,0,1e+300,-154.9396895,215.4633471,0,0,0,0,0,0,0,0
3739,0.78125,0.40625,99.92422452,99.92422452,5,3476,3309,1,1,1,0,0,1,1649.074184,18.45011525,1173.609948,0.0002456709918,0,204.057981,12,12,0.0006064008581,0.0006064008581,0.5812008045
3740,0.78125,0.46875,135.334304,135.334304,5,3476,3262,1,0,0,0,0,1,112.0940157,0,0,0,0,0,248,127,0.008921082841,0.008921082835,0.5793589113
3741,0.84375,0.46875,131.8017344,131.8017344,5,3476,3308,1,0,0,0,0,1,3.027649878e+12,0,0,0,0,0,2,0,3.302891815e-13,0,0.3302891815
3742,0.78125,0.375,-43.0408449,27.06911422,5,3309,3480,0,0,0,0,0,0,1278.387105,-29.10591251,972.850972,0.0002456709918,0,0,4,3,0.0007822356751,0.0007822356748,0.3152643817
3743,0.8125,0.40625,102.2975728,102.2975728,5,3480,3476,0,0,0,0,0,0,1e+300,138.6555957,258.2448644,0,0,0,0,0,0,0,0
3744,0.84375,0.375,105.6708059,105.6708059,5,3480,3293,0,0,0,0,0,0,1e+300,0,1e+300,0,0,0,0,0,0,0,0
3745,0.78125,0.28125,45.00665783,63.97383915,5,3252,3475,0,0,0,0,0,0,4.425291973e+11,-3.26232815e-07,4070.484609,0.0002456709918,0,0,5,0,2.259737902e-12,0,2.259737902
3746,0.78125,0.34375,-13.69167732,64.1029561,5,3475,3309,0,0,0,0,0,0,84813.24247,0.4873706981,3884.074312,0.0002456709918,0,0,7,1,1.179061159e-05,1.179060781e-05,0.007479395468
3747,0.84375,0.34375,135.0199735,135.0199735,5,3475,3293,0,0,0,0,0,0,1e+300,167.1195853,657.5203161,0,0,0,0,0,0,0,0
3748,0.84375,0.28125,90.01331516,90.01331516,5,3475,3315,0,0,0,0,0,0,1e+300,0,1e+300,0,0,0,0,0,0,0,0
3749,0.8125,0.34375,60.66414808,55.79189138,5,3480,3475,0,0,0,0,0,0,1327.746427,-7.27593452,1001.174527,0.0002456709918,0,0,2,1,0.0007531558587,0.0007531558582,0.4777656076
3750,0,0.46875,-967.1014844,-967.1014844,5,3245,3332,1,0,0,0,0,1,64910.40474,0,0,0,0,0,25,10,1.540585063e-05,1.540584776e-05,0.03486957311
3751,0.03125,0.4375,-699.4285566,-699.4285566,5,3332,3330,1,1,1,0,0,1,170.4559302,21.25088104,165.7467236,0.0002456709918,0,71.79768974,38,38,0.005866619006,0.005866619006,2.477877208
3752,0,0.40625,-1015.417678,-1015.417678,5,3332,3269,1,0,0,0,0,1,3035302.488,0,0,0,0,0,12,7,3.294564558e-07,3.294560212e-07,0.2350158625
3753,0.15625,0.09375,-247.6152477,-247.6152477,5,3265,3324,1,0,0,0,0,1,2.889976232,0,0,0,0,0,116,55,0.346023607,0.346023607,0.851408326
3754,0.21875,0.09375,-70.1771228,-70.1771228,5,3324,3279,1,0,0,0,0,1,586.9115609,0,0,0,0,0,10,6,0.001703834217,0.001703834217,0.01045681211
3755,0.21875,0.03125,-224.1765318,-224.1765318,5,3324,3257,1,1,1,0,0,1,75245.53036,393.3205127,33341.23726,2.487749491e-05,0,115.4840129,1,1,1.328982592e-05,1.328982592e-05,0.02262552277
3756,0.15625,0.03125,-262.7983753,-262.7983753,5,3324,3280,1,1,1,0,0,1,12.64098437,14.91425171,12.60264759,0.0002456709918,0,83.11267641,22,22,0.07910776333,0.07910776333,2.079947072
3757,0.25,0.03125,-723.0985462,-723.0985462,5,3257,3367,0,0,0,0,0,0,1e+300,0,1e+300,0,0,0,0,0,0,0,0
3758,0.21875,0.0625,-148.2426535,-148.2426535,5,3367,3324,1,0,0,0,0,1,1e+300,0,0,0,0,0,0,0,0,0,0
3759,0.25,0.09375,-475.6463704,-475.6463704,5,3367,3279,0,0,0,0,0,0,1e+300,5.741501468e-06,40196.97229,0,0,0,0,0,0,0,0
3760,0.34375,0.09375,-187.4565722,17.93136694,5,3268,3373,0,0,0,0,0,0,694.3993101,-6.328876712,593.2026375,0.0002456709918,0,0,18,7,0.001440093597,0.001440093594,1.442505204
3761,0.34375,0.03125,-347.59003,-143.2834865,5,3373,3281,0,0,0,0,0,0,602.8268874,-59.67812957,525.0661275,0.0002456709918,0,0,6,3,0.001658851025,0.001658851023,1.330100832
3762,0.28125,0.03125,-627.0352801,-627.0352801,5,3373,3257,0,0,0,0,0,0,1e+300,-9.276679975e-07,9999.999985,0,0,0,0,0,0,0,0
3763,0.28125,0.09375,20.5480393,20.5480393,5,3373,3279,1,0,0,0,0,1,45839.46883,0,0,0,0,0,9,3,2.181526151e-05,2.181525949e-05,0.01154461786
3764,0.28125,0.0625,-503.3091922,-60.18318261,5,3367,3373,0,0,0,0,0,0,1.419141169e+13,-5.668349701e-08,4070.484645,0.0002456709918,0,0,1,0,7.046515329e-14,0,0.07046515329
3765,0.53125,0.375,80.98305572,44.74186448,5,3291,3432,0,0,0,0,0,0,0.9784650953,-54.0982026,0.9782299479,0.0002456709918,0,0,1322,658,1.022008863,1.022008863,14.96839733
3766,0.5625,0.40625,106.1758415,106.1758415,5,3432,3428,1,0,0,0,0,1,14.92888445,0,0,0,0,0,26,17,0.0669842414,0.0669842414,0.2491036201
3767,0.59375,0.375,26.99435191,158.6363892,5,3432,3292,0,0,0,0,0,0,41.73156555,42.51608246,41.30806556,0.0002456709918,0,0,194,103,0.02396267637,0.02396267637,0.7971905638
3768,0.59375,0.34375,25.29830461,-107.3721055,5,3292,3431,0,0,0,0,0,0,475.5939943,-235.0711855,425.8391032,0.0002456709918,0,0,194,103,0.002102633784,0.002102633784,0.1303897945
3769,0.59375,0.28125,50.95784469,27.13261038,5,3431,3296,0,0,0,0,0,0,12028.82511,-34.3178014,3041.3197,0.0002456709918,0,0,12,4,8.313363866e-05,8.313363856e-05,0.06839443655
3770,0.53125,0.28125,75.89491383,-24.62765808,5,3431,3256,0,0,0,0,0,0,28.6679818,-99.70485396,28.46748837,0.0002456709918,0,0,218,113,0.03488212065,0.03488212064,1.343583688
3771,0.53125,0.34375,79.28700842,32.69007312,5,3431,3291,0,0,0,0,0,0,2.532200986,-77.72876726,2.530626713,0.0002456709918,0,0,1477,734,0.3949133601,0.3949133601,1.388072535
3772,0.5625,0.34375,52.29265652,112.8889445,5,3432,3431,0,0,0,0,0,0,0.6574075531,23.07957989,0.657301395,0.0002456709918,0,0,1492,750,1.521126424,1.521126423,12.9696033
3773,0.59375,0.84375,298.6442171,-12.07792523,5,3298,3442,0,0,0,0,0,0,1621.001489,-264.1255501,1159.3214,0.0002456709918,0,0,6,4,0.0006169025795,0.0006169025788,0.746969935
3774,0.59375,0.78125,240.4873805,240.4873805,5,3442,3302,1,0,0,0,0,1,48.68125315,0,0,0,0,0,339,173,0.02054178838,0.02054178834,6.688441728
3775,0.53125,0.78125,222.6858944,222.6858944,5,3442,3260,1,0,0,0,0,1,1e+300,0,0,0,0,0,0,0,0,0,0
3776,0.53125,0.84375,266.3740027,414.0715746,5,3442,3301,0,0,0,0,0,0,1532.281677,171.8273354,1113.223126,0.0002456709918,0,0,3,2,0.000652621522,0.0006526215219,0.782448776
3777,0.53125,0.75,156.3901821,156.3901821,5,3260,3460,1,0,0,0,0,1,1e+300,0,0,0,0,0,0,0,0,0,0
3778,0.5625,0.78125,142.0800983,142.0800983,5,3460,3442,1,1,1,0,0,1,2139.354204,-283.774744,2082.27213,2.487749491e-05,0,72.40944777,43,43,0.0004674307781,0.0004674307781,0.3806530572
3779,0.59375,0.75,327.1875981,327.1875981,5,3460,3302,1,1,1,0,0,1,1626.059297,-192.2537235,1693.56403,2.487749491e-05,0,33.61276388,7,7,0.0006149837227,0.0006149837227,0.06845154214
3780,0.5625,0.71875,284.941145,284.941145,5,3460,3434,1,1,1,0,0,1,136.1728031,127.2492582,131.7647822,0.0002456709918,0,38.07233866,202,202,0.007343610306,0.007343610306,1.151820573
3781,0.34375,0.59375,-0.2058886426,82.40684842,5,3272,3387,0,0,0,0,0,0,277.9961555,-38.03023421,260.2240034,0.0002456709918,0,0,15,6,0.003597172048,0.003597172047,0.1527258782
3782,0.34375,0.53125,58.00234442,58.00234442,5,3387,3284,1,1,1,0,0,1,1439.121721,-135.2859838,1338.599066,2.487749491e-05,0,68.97055006,9,9,0.0006948682556,0.0006948682556,0.4690181911
3783,0.28125,0.53125,39.21067153,39.21067153,5,3387,3254,1,0,0,0,0,1,14.55437913,0,0,0,0,0,545,267,0.06870784325,0.06870784323,0.7295145072
3784,0.28125,0.59375,-26.15672655,102.2421133,5,3387,3283,0,0,0,0,0,0,40.19109159,-22.81023373,39.79813337,0.0002456709918,0,0,48,24,0.0248811356,0.0248811356,0.7306237451
3785,0.375,0.53125,134.4589182,134.4589182,5,3284,3407,0,0,0,0,0,0,1e+300,0,1e+300,0,0,0,0,0,0,0,0
3786,0.34375,0.5625,44.61375077,37.13124459,5,3407,3387,0,0,0,0,0,0,694.114917,-51.06695881,592.9950828,0.0002456709918,0,0,12,3,0.001440683633,0.001440683632,0.2001091737
3787,0.375,0.59375,44.81963941,144.9833723,5,3407,3272,0,0,0,0,0,0,42.23627807,-13.13009278,41.80252552,0.0002456709918,0,0,21,7,0.02367632864,0.02367632863,1.711176983
3788,0.40625,0.5625,44.81963941,39.46674698,5,3407,3386,0,0,0,0,0,0,214.5302838,-72.90425188,203.7897745,0.0002456709918,0,0,9,4,0.004661346559,0.004661346557,0.3153164992
3789,0.09375,0.84375,-52.93831387,-52.93831387,5,3274,3343,1,0,0,0,0,1,24.82211014,0,0,0,0,0,197,98,0.04028666356,0.04028666355,2.476673855
3790,0.09375,0.78125,-70.82932075,-70.82932075,5,3343,3277,1,0,0,0,0,1,2.845316134,0,0,0,0,0,786,396,0.3514547955,0.3514547954,4.520828106
3791,0.03125,0.78125,4.620299353,4.620299353,5,3343,3253,1,1,1,0,0,1,21.9040311,169.6062529,41.35091893,0.0002456709918,0,61.21881005,213,213,0.04565369706,0.04565369706,4.211740026
3792,0.03125,0.84375,118.0211226,118.0211226,5,3343,3276,1,1,1,0,0,1,192.7563143,146.2405294,235.8264917,0.0002456709918,0,61.87112868,65,65,0.005187897495,0.005187897495,4.845719973
3793,0,0.84375,8.947297574,8.947297574,5,3276,3348,1,0,0,0,0,1,22903.40128,0,0,0,0,0,16,6,4.366163731e-05,4.36616369e-05,0.2070497759
3794,0.03125,0.8125,213.0268606,213.0268606,5,3348,3343,1,1,1,0,0,1,329.2117333,183.7597674,589.2126969,0.0002456709918,0,171.3787369,42,42,0.003037558807,0.003037558807,0.8841006677
3795,0,0.78125,209.4511138,209.4511138,5,3348,3253,1,1,1,0,0,1,2806.056913,-119.4510439,816.6416655,1.197360224e-05,0,53.72661585,18,18,0.0003563719592,0.0003563719592,0.8903243582
3796,0.90625,0.40625,225.0332891,55.41588779,5,3293,3477,0,0,0,0,0,0,1730.450756,-69.83222566,1214.247831,0.0002456709918,0,0,2,1,0.000577884113,0.000577884112,0.558583701
3797,0.90625,0.46875,24.76056673,60.06179046,5,3477,3308,0,0,0,0,0,0,6165.662284,-100.9941649,2451.824288,0.0002456709918,0,0,9,5,0.0001621885783,0.0001621885781,0.2467056016
3798,0.96875,0.46875,315.0466048,202.5541297,5,3477,3248,0,0,0,0,0,0,993764.5074,-6.035261109,4053.879851,0.0002456709918,0,0,2,1,1.006274618e-06,1.006274612e-06,0.001520782754
3799,0.96875,0.40625,270.0399467,183.8014636,5,3477,3317,0,0,0,0,0,0,4.002669398e+13,3.871537047e-08,4070.484646,0.0002456709918,0,0,1,0,2.498332739e-14,0,0.02498332739
3800,0.96875,0.5,214.9102436,184.618361,5,3248,3506,0,0,0,0,0,0,2642.599562,-40.81280189,1602.342621,0.0002456709918,0,0,2,2,0.0003784152599,0.0003784152599,0.59447255
3801,0.9375,0.46875,169.9035858,126.4706794,5,3506,3477,0,0,0,0,0,0,1124.43734,-57.28984484,881.0536403,0.0002456709918,0,0,4,2,0.0008893336824,0.0008893336815,1.356016697
3802,0.90625,0.5,-75.37579447,67.60769218,5,3506,3308,0,0,0,0,0,0,2307.853696,-110.2900352,1472.810398,0.0002456709918,0,0,14,6,0.0004333030303,0.0004333030285,0.8125862971
3803,0.9375,0.53125,203.5609161,203.5609161,5,3506,3488,1,1,1,0,0,1,2099.65664,-11.53983595,1385.157923,0.0002456709918,0,76.77917077,17,17,0.0004762683482,0.0004762683482,2.082399394
3804,0.15625,0.5,-79.16357274,-79.16357274,5,3282,3358,1,0,0,0,0,1,848.1852992,0,0,0,0,0,6,2,0.001178987659,0.001178987658,0.2183147762
3805,0.1875,0.53125,-72.17049449,-72.17049449,5,3358,3336,1,0,0,0,0,1,1e+300,0,0,0,0,0,0,0,0,0,0
3806,0.21875,0.5,-30.57978375,-30.57978375,5,3358,3254,1,1,1,0,0,1,94.02674973,-30.90057271,91.90380438,0.0002456709918,0,32.68761919,184,184,0.01063527138,0.01063527138,9.604067018
3807,0.15625,0.40625,-110.5265164,-110.5265164,5,3266,3331,1,0,0,0,0,1,1164.076175,0,0,0,0,0,20,11,0.0008590503108,0.0008590503099,0.7614867277
3808,0.15625,0.46875,-169.4144051,-169.4144051,5,3331,3282,1,1,1,0,0,1,2768.356896,427.1504427,1869.31337,1.197360224e-05,0,49.8484183,14,14,0.0003612251012,0.0003612251012,0.3433641862
3809,0.21875,0.46875,-18.52584943,-18.52584943,5,3331,3254,1,0,0,0,0,1,15.90352182,0,0,0,0,0,1281,641,0.06287915414,0.06287915407,9.995567387
3810,0.21875,0.40625,-27.77864275,-27.77864275,5,3331,3285,1,0,0,0,0,1,8.359540388,0,0,0,0,0,1717,885,0.1196238015,0.1196238014,5.661651192
3811,0.1875,0.46875,-45.76894486,-45.76894486,5,3358,3331,1,0,0,0,0,1,1041.532162,0,0,0,0,0,25,10,0.0009601239756,0.0009601239752,0.207764313
3812,0.40625,0.40625,99.63176963,99.63176963,5,3267,3377,1,0,0,0,0,1,2.366620298,0,0,0,0,0,361,172,0.4225434899,0.4225434898,3.592409202
3813,0.40625,0.46875,135.4423133,135.4423133,5,3377,3284,1,0,0,0,0,1,1800.020773,0,0,0,0,0,23,10,0.0005555491443,0.0005555491427,0.173637563
3814,0.46875,0.46875,61.08356581,61.08356581,5,3377,3244,1,1,1,0,0,1,848.3319442,-164.0951825,159.5777052,1.197360224e-05,0,158.9802747,47,47,0.001178783856,0.001178783856,0.1751368799
3815,0.46875,0.40625,122.7090054,122.7090054,5,3377,3291,1,0,0,0,0,1,11.2924811,0,0,0,0,0,402,201,0.08855449845,0.08855449843,0.5579069238
3816,0.5,0.40625,80.98305572,47.06359069,5,3291,3427,0,0,0,0,0,0,0.9621418859,-65.52013218,0.9619145178,0.0002456709918,0,0,648,325,1.039347746,1.039347745,3.15265419
3817,0.46875,0.4375,115.8452431,115.8452431,5,3427,3377,1,0,0,0,0,1,305.1129959,0,0,0,0,0,259,135,0.003277474291,0.003277474281,1.303572868
3818,0.5,0.46875,169.3099777,169.3099777,5,3427,3244,1,1,1,0,0,1,18.13573994,57.00760544,18.05529591,0.0002456709918,0,24.13625841,112,112,0.05513974082,0.05513974082,1.156297753
3819,0.53125,0.4375,119.9199055,119.9199055,5,3427,3428,1,0,0,0,0,1,1.458502158,0,0,0,0,0,1925,970,0.685634913,0.6856349127,15.74584811
3820,0.40625,0.5,122.2316265,122.2316265,5,3284,3408,1,1,1,0,0,1,468.1192684,13.38206995,419.8366566,0.0002456709918,0,139.7909089,14,14,0.002136207731,0.002136207731,0.89596721
3821,0.4375,0.53125,86.20540289,86.20540289,5,3408,3386,1,0,0,0,0,1,1.253283101e+13,0,0,0,0,0,1,0,7.979043194e-14,0,0.07979043194
3822,0.46875,0.5,155.0753226,155.0753226,5,3408,3244,1,1,1,0,0,1,65.50824412,59.36120584,64.4706867,0.0002456709918,0,66.76775248,11,11,0.01526525422,0.01526525422,1.735920474
3823,0.4375,0.46875,62.58632613,62.58632613,5,3408,3377,1,1,1,0,0,1,1679.572524,-1179.597229,1709.117242,2.487749491e-05,0,89.77494547,1,1,0.000595389592,0.000595389592,0.03390556807
3824,0.625,0.71875,207.5777716,207.5777716,5,3302,3463,1,1,1,0,0,1,17.80899926,-3.401903733,19.37242945,0.0002456709918,0,48.36461812,405,405,0.05615138647,0.05615138647,3.305134607
3825,0.65625,0.6875,266.9080738,266.9080738,5,3463,3435,1,1,1,0,0,1,174.043837,-136.8657639,201.5646787,2.487749491e-05,0,43.21282474,32,32,0.00574567889,0.00574567889,0.3302718965
3826,0.625,0.65625,213.6929331,213.6929331,5,3463,3297,1,1,1,0,0,1,5.200064475,28.36511931,9.344908695,0.0002456709918,0,35.71191249,755,755,0.1923053079,0.1923053079,5.123287287
3827,0.59375,0.6875,194.2412193,194.2412193,5,3463,3434,1,0,0,0,0,1,13.74918129,0,0,0,0,0,77,45,0.07273160337,0.07273160336,0.6750885134
3828,0.75,0.53125,177.3805867,177.3805867,5,3262,3483,1,1,1,0,0,1,29.66098462,11.21763709,32.09363796,0.0002456709918,0,53.43193065,441,441,0.03371432246,0.03371432246,2.215186014
3829,0.71875,0.5625,164.5696676,-110.7036536,5,3483,3436,0,0,0,0,0,0,6.361757588,-295.9038586,6.351830317,0.0002456709918,0,0,837,401,0.1571892651,0.1571892651,0.8562941718
3830,0.75,0.59375,210.2250888,210.2250888,5,3483,3311,1,0,0,0,0,1,13.07546338,0,0,0,0,0,2173,1075,0.07647912511,0.076479125,13.06765828
3831,0.78125,0.5625,188.9480345,188.9480345,5,3483,3489,1,0,0,0,0,1,15.9661357,0,0,0,0,0,1004,484,0.06263256299,0.06263256295,1.941029385
3832,0.09375,0.65625,-138.7089022,-138.7089022,5,3273,3338,1,0,0,0,0,1,1.022629502,0,0,0,0,0,1395,685,0.9778712603,0.9778712601,4.588965055
3833,0.03125,0.65625,-247.6809248,-247.6809248,5,3338,3278,1,0,0,0,0,1,2.673169066,0,0,0,0,0,2252,1125,0.3740878243,0.3740878241,4.893973501
3834,0.03125,0.71875,-114.8203612,-114.8203612,5,3338,3253,1,1,1,0,0,1,1.547823793,106.6487494,1.75861485,0.0002456709918,0,51.7866551,878,878,0.6460683734,0.6460683734,7.541758437
3835,0.09375,0.71875,-121.3472555,-121.3472555,5,3338,3277,1,0,0,0,0,1,1.340939069,0,0,0,0,0,1761,877,0.7457460395,0.7457460393,5.276603364
3836,0,0.71875,180.5791275,180.5791275,5,3253,3339,1,1,1,0,0,1,51.2012481,185.6174465,50.56520545,0.0002456709918,0,52.03606341,187,187,0.0195307739,0.0195307739,1.060520329
3837,0.03125,0.6875,-124.0681383,-124.0681383,5,3339,3338,1,1,1,0,0,1,12.36996561,-170.2786711,18.15867108,0.0002456709918,0,97.22727977,758,758,0.08084096849,0.08084096849,2.785690319
3838,0,0.65625,-31.62473919,-31.62473919,5,3339,3278,1,0,0,0,0,1,828.2444947,0,0,0,0,0,31,13,0.001207372951,0.001207372948,1.79829695
3839,0.65625,0.34375,0,129.8673402,5,3292,3430,0,0,0,0,0,0,1.330307323e+14,-1.819424256e-08,4070.484646,0.0002456709918,0,0,2,0,7.517060025e-15,0,0.007517060025
3840,0.71875,0.34375,-58.69833515,44.58437234,5,3430,3309,0,0,0,0,0,0,1456.61546,-36.6393499,1072.7381,0.0002456709918,0,0,11,3,0.0006865229893,0.0006865229877,0.6905931496
3841,0.71875,0.28125,0,123.840117,5,3430,3252,0,0,0,0,0,0,11866.68259,42.25814064,3030.849119,0.0002456709918,0,0,5,2,8.426954983e-05,8.42695476e-05,0.08906197439
3842,0.65625,0.28125,25.65954008,62.70811821,5,3430,3296,0,0,0,0,0,0,17676000.51,-0.9105537142,4069.547498,0.0002456709918,0,0,1,1,5.657388388e-08,5.657388388e-08,0.0001075500497
3843,0.71875,0.375,-88.04750272,81.37482228,5,3309,3482,0,0,0,0,0,0,1587.954291,4.98439849,1142.319221,0.0002456709918,0,0,8,2,0.0006297410486,0.000629741046,0.3860036336
3844,0.6875,0.34375,-29.34916757,93.9555282,5,3482,3430,0,0,0,0,0,0,728.3633081,-6.935831595,617.8132107,0.0002456709918,0,0,9,2,0.001372941208,0.001372941206,0.7944583977
3845,0.65625,0.375,-29.34916757,125.0340414,5,3482,3292,0,0,0,0,0,0,1.967476527e+12,-3.751103037e-07,4070.484638,0.0002456709918,0,0,2,0,5.08265276e-13,0,0.508265276
3846,0.6875,0.40625,12.28425718,35.90519332,5,3482,3429,0,0,0,0,0,0,1904.581957,-74.50009249,1297.487062,0.0002456709918,0,0,6,3,0.0005250496027,0.0005250496025,0.4059035832
3847,0.125,0.28125,-203.5330258,-203.5330258,5,3270,3353,1,0,0,0,0,1,15.08382826,0,0,0,0,0,465,240,0.06629616718,0.06629616715,0.4073611917
3848,0.09375,0.3125,-375.4401151,-375.4401151,5,3353,3329,1,0,0,0,0,1,1e+300,0,0,0,0,0,0,0,0,0,0
3849,0.125,0.34375,-160.9815869,-160.9815869,5,3353,3266,1,0,0,0,0,1,87.0836826,0,0,0,0,0,177,84,0.01148320753,0.01148320752,0.5069816924
3850,0.21875,0.28125,-47.44537567,-47.44537567,5,3249,3328,1,0,0,0,0,1,1.022806659,0,0,0,0,0,2526,1271,0.9777018862,0.9777018859,5.425070868
3851,0.15625,0.28125,-129.4293501,-129.4293501,5,3328,3270,1,1,1,0,0,1,2.344945239,33.66100106,2.490564472,0.0002456709918,0,81.96347051,636,636,0.4264491909,0.4264491909,3.835006162
3852,0.15625,0.34375,-120.1663584,-120.1663584,5,3328,3266,1,0,0,0,0,1,12.36140075,0,0,0,0,0,331,166,0.08089698086,0.08089698084,0.4503612076
3853,0.21875,0.34375,-3.735978766,-2.495804706,5,3328,3285,0,0,0,0,0,0,3.938988072,34.92532831,3.935180017,0.0002456709918,0,0,1886,916,0.2538723098,0.2538723096,7.801060027
3854,0.15625,0.3125,-173.6359614,-173.6359614,5,3353,3328,1,1,1,0,0,1,37.51740102,-49.01459079,37.17476353,0.0002456709918,0,84.71657778,168,168,0.02665429834,0.02665429834,4.261647289
3855,0.875,0.53125,146.7337536,146.7337536,5,3308,3509,1,1,1,0,0,1,6451.856046,386.1913152,4995.425868,2.487749491e-05,0,60.94522454,9,9,0.0001549941587,0.0001549941587,0.8492589125
3856,0.84375,0.5625,216.6057974,216.6057974,5,3509,3489,1,1,1,0,0,1,4095.591371,23.93427802,2041.499705,0.0002456709918,0,81.13885869,17,17,0.0002441649836,0.0002441649836,0.7222770359
3857,0.875,0.59375,221.3486533,221.3486533,5,3509,3300,1,1,1,0,0,1,8352.009308,78.1728009,7220.529848,2.487749491e-05,0,37.19927518,12,12,0.0001197316673,0.0001197316673,0.3824382761
3858,0.90625,0.5625,168.1901552,168.1901552,5,3509,3488,1,1,1,0,0,1,445.5816157,-35.62362362,401.6179161,0.0002456709918,0,35.72653932,66,66,0.002244257763,0.002244257763,5.702637553
3859,0.09375,0.59375,-206.3870863,-206.3870863,5,3273,3337,1,0,0,0,0,1,1.291249004,0,0,0,0,0,1113,567,0.7744439663,0.7744439661,3.441116661
3860,0.09375,0.53125,-196.2333704,-196.2333704,5,3337,3282,1,1,1,0,0,1,1.099225335,30.11337428,1.6842751,0.0002456709918,0,82.22976499,413,413,0.9097315797,0.9097315797,3.311551373
3861,0.03125,0.53125,-393.4877624,-393.4877624,5,3337,3245,1,1,1,0,0,1,27.64942381,-22.18548723,9.863128704,1.197360224e-05,0,96.00889571,145,145,0.03616711896,0.03616711896,0.3477725461
3862,0.03125,0.59375,-315.3591089,-315.3591089,5,3337,3278,1,0,0,0,0,1,10.32060552,0,0,0,0,0,419,224,0.09689353961,0.09689353958,0.7506653255
3863,0,0.59375,102.9789574,102.9789574,5,3278,3341,1,1,1,0,0,1,11.1044568,277.2386181,270.8851969,0.0002456709918,0,54.14874907,309,309,0.0900539322,0.0900539322,0.5594042828
3864,0.03125,0.5625,-401.8320784,-401.8320784,5,3341,3337,1,1,1,0,0,1,45.37373043,-108.6599169,237.9683316,0.0002456709918,0,50.74831508,237,237,0.02203918414,0.02203918414,0.2122924704
3865,0,0.53125,-593.8508866,-593.8508866,5,3341,3245,1,0,0,0,0,1,1560.948904,0,0,0,0,0,93,46,0.0006406359603,0.0006406359456,9.392711686
3866,0.09375,0.90625,-21.79015678,-21.79015678,5,3274,3344,1,0,0,0,0,1,210.878226,0,0,0,0,0,32,18,0.004742073276,0.004742073274,1.319906721
3867,0.03125,0.90625,-4.854465982,-4.854465982,5,3344,3276,1,0,0,0,0,1,3431.313214,0,0,0,0,0,9,5,0.0002914336109,0.0002914336103,0.4030323452
3868,0.03125,0.96875,0,70.30491492,5,3344,3241,0,0,0,0,0,0,147573.23,26.79977344,3961.222978,0.0002456709918,0,0,1,1,6.776296756e-06,6.776296756e-06,0.002899061634
3869,0.09375,0.96875,51.47791356,66.44217255,5,3344,3288,0,0,0,0,0,0,5.351370367e+15,-3.759112133e-09,4070.484646,0.0002456709918,0,0,1,0,1.868680229e-16,0,0.0001868680229
3870,0.03125,0.875,200.8008039,200.8008039,5,3276,3347,1,1,1,0,0,1,2436.416205,204.3951702,1524.134909,0.0002456709918,0,51.18701023,11,11,0.0004104389053,0.0004104389053,1.614305931
3871,0.0625,0.90625,-14.35875589,-30.5486541,5,3347,3344,0,0,0,0,0,0,539.4459833,-20.83377428,476.3209621,0.0002456709918,0,0,13,8,0.001853753723,0.001853753723,0.3524345756
3872,0.09375,0.875,-101.2702621,-101.2702621,5,3347,3274,1,1,1,0,0,1,443.2849823,-60.2354812,399.751175,0.0002456709918,0,63.39077313,22,22,0.00225588513,0.00225588513,1.544687584
3873,0.0625,0.84375,-53.55202427,-53.55202427,5,3347,3343,1,0,0,0,0,1,41.44104279,0,0,0,0,0,154,77,0.02413066691,0.0241306669,2.983811378
3874,0.46875,0.625,100.3650585,18.10577235,5,3303,3440,0,0,0,0,0,0,1000.503191,-137.401867,803.1044463,0.0002456709918,0,0,8,4,0.0009994970616,0.0009994970608,0.2786648785
3875,0.4375,0.59375,33.45501949,52.04759357,5,3440,3386,0,0,0,0,0,0,825.8533855,-60.2253626,686.5587106,0.0002456709918,0,0,1,1,0.001210868682,0.001210868682,0.1220959871
3876,0.40625,0.625,33.45501949,146.3874224,5,3440,3272,0,0,0,0,0,0,105.7225996,-11.62800003,103.0461835,0.0002456709918,0,0,5,2,0.009458715583,0.009458715583,0.9765461438
3877,0.4375,0.65625,85.38725226,194.2926988,5,3440,3389,0,0,0,0,0,0,8473.261073,31.00662093,2749.599671,0.0002456709918,0,0,4,1,0.0001180183157,0.0001180183156,0.1987317052
3878,0.375,0.46875,100.9879833,100.9879833,5,3284,3409,1,1,1,0,0,1,9540.068519,-351.4498179,6209.082262,2.487749491e-05,0,56.79154571,9,9,0.0001048210501,0.0001048210501,0.03842259143
3879,0.40625,0.4375,89.67495199,89.67495199,5,3409,3377,1,1,1,0,0,1,33.63141028,-28.21929866,33.35581577,0.0002456709918,0,65.95523589,108,108,0.02973410843,0.02973410843,0.683660087
3880,0.375,0.40625,71.13827564,71.13827564,5,3409,3267,1,1,1,0,0,1,50.09656951,-20.41803932,49.48751307,0.0002456709918,0,59.97483329,167,167,0.01996144666,0.01996144666,1.065693802
3881,0.34375,0.40625,76.5874891,76.5874891,5,3267,3376,1,0,0,0,0,1,27.61395326,0,0,0,0,0,331,166,0.03621357618,0.03621357615,0.7087450526
3882,0.28125,0.40625,44.4257741,44.4257741,5,3376,3285,1,0,0,0,0,1,8.853256013,0,0,0,0,0,1990,982,0.1129527937,0.1129527936,1.557568062
3883,0.28125,0.46875,53.67856742,53.67856742,5,3376,3254,1,0,0,0,0,1,77.84438959,0,0,0,0,0,692,357,0.01284614094,0.01284614092,10.69938184
3884,0.34375,0.46875,-54.14074757,-54.14074757,5,3376,3284,1,1,1,0,0,1,257.7334605,-271.3217554,205.5385226,2.487749491e-05,0,50.96047928,38,38,0.003879977392,0.003879977392,0.1777848929
3885,0.34375,0.4375,94.84671807,94.84671807,5,3409,3376,1,0,0,0,0,1,54.35566923,0,0,0,0,0,295,139,0.01839734501,0.01839734498,1.132330019
3886,0.71875,0.5,177.9252049,-75.6326124,5,3262,3456,0,0,0,0,0,0,20.18931249,-239.0586927,20.08966917,0.0002456709918,0,0,629,325,0.04953115667,0.04953115664,2.720900352
3887,0.6875,0.46875,136.2917802,23.50388346,5,3456,3429,0,0,0,0,0,0,164.9708092,-120.3137515,158.5452032,0.0002456709918,0,0,92,44,0.006061678456,0.006061678448,1.797947983
3888,0.65625,0.5,132.6204205,132.6204205,5,3456,3310,1,1,1,0,0,1,482.576895,-30.00827927,431.4287913,0.0002456709918,0,103.6932018,78,78,0.002072208617,0.002072208617,3.165931287
3889,0.6875,0.53125,180.8647369,180.8647369,5,3456,3436,1,0,0,0,0,1,9.75781458,0,0,0,0,0,474,226,0.1024819637,0.1024819637,2.646805701
3890,0.75,0.46875,17.36571754,17.36571754,5,3262,3479,1,1,1,0,0,1,170.7840236,-131.9093404,170.3498079,1.197360224e-05,0,105.3539305,28,28,0.005855348637,0.005855348637,0.3481506757
3891,0.78125,0.4375,98.92433977,-151.3230135,5,3479,3476,0,0,0,0,0,0,103.8517358,-271.3565937,101.2680477,0.0002456709918,0,0,218,118,0.009629112046,0.009629112043,0.5664213644
3892,0.75,0.40625,101.901184,101.901184,5,3479,3309,1,1,1,0,0,1,4605.020498,336.7708199,6755.284875,2.487749491e-05,0,100.1854934,5,5,0.0002171542994,0.0002171542994,0.6647172248
3893,0.71875,0.4375,53.91768194,36.76183764,5,3479,3429,0,0,0,0,0,0,130.7631847,-92.48242113,126.693201,0.0002456709918,0,0,78,38,0.007647412398,0.007647412394,3.310191418
3894,0.34375,0.65625,0,0,5,3272,3388,0,0,0,0,0,0,1e+300,122.9302072,950.2710798,0,0,0,0,0,0,0,0
3895,0.28125,0.65625,-25.95083791,106.8337664,5,3388,3283,0,0,0,0,0,0,113642.1789,-57.99653719,3929.727953,0.0002456709918,0,0,4,2,8.799549692e-06,8.799549689e-06,0.01121433876
3896,0.28125,0.71875,0,0,5,3388,3250,0,0,0,0,0,0,1e+300,0,1e+300,0,0,0,0,0,0,0,0
3897,0.34375,0.71875,51.93223275,51.93223275,5,3388,3304,0,0,0,0,0,0,1e+300,0,1e+300,0,0,0,0,0,0,0,0
3898,0.28125,0.625,-38.92625686,163.3122861,5,3283,3390,0,0,0,0,0,0,800.2616104,-38.55849904,668.7789564,0.0002456709918,0,0,6,3,0.001249591367,0.001249591366,1.388543094
3899,0.3125,0.65625,-12.97541895,348.4830686,5,3390,3388,0,0,0,0,0,0,4368.017998,181.364853,2107.002977,0.0002456709918,0,0,4,2,0.0002289367856,0.0002289367849,0.3020783094
3900,0.34375,0.625,-12.97541895,201.3247544,5,3390,3272,0,0,0,0,0,0,20.28422585,4.069233598,20.18364578,0.0002456709918,0,0,3,3,0.04929939192,0.04929939192,2.120914995
3901,0.3125,0.59375,-13.1813076,107.3361103,5,3390,3387,0,0,0,0,0,0,81.91100743,-20.0041488,80.29521411,0.0002456709918,0,0,5,4,0.0122083714,0.01220837139,0.5179965504
3902,0.28125,0.21875,6.827871214,6.827871214,5,3249,3370,1,0,0,0,0,1,1.63304441,0,0,0,0,0,154,75,0.6123532181,0.6123532181,2.568850432
3903,0.34375,0.21875,25.85144056,27.48965022,5,3370,3290,0,0,0,0,0,0,0.49024731,-0.474130341,0.490188272,0.0002456709918,0,0,774,380,2.039786817,2.039786817,5.034859641
3904,0.34375,0.15625,24.2495863,37.26515834,5,3370,3268,0,0,0,0,0,0,0.7914699459,-5.399351165,0.7913160814,0.0002456709918,0,0,327,162,1.263471854,1.263471854,3.987264609
3905,0.28125,0.15625,-34.75205154,-34.75205154,5,3370,3279,1,1,1,0,0,1,12.26699494,-73.52689978,12.23013765,0.0002456709918,0,68.38871644,29,29,0.08151955757,0.08151955757,4.630503624
3906,0.28125,0.125,14.10990217,14.10990217,5,3279,3374,1,0,0,0,0,1,16519.67852,0,0,0,0,0,3,1,6.053386564e-05,6.053386563e-05,0.004207711724
3907,0.3125,0.15625,-71.81367975,-3.935916518,5,3374,3370,0,0,0,0,0,0,2.436859023,-3.93434136,2.435401032,0.0002456709918,0,0,73,42,0.4103643217,0.4103643217,5.154163631
3908,0.34375,0.125,-63.73048431,13.42921568,5,3374,3268,0,0,0,0,0,0,5.250773752,-4.486506542,5.244009176,0.0002456709918,0,0,60,30,0.190448122,0.190448122,3.402043286
3909,0.3125,0.09375,-10.20952325,-2.159744928,5,3374,3373,0,0,0,0,0,0,258.9007676,16.24609608,243.4182912,0.0002456709918,0,0,19,7,0.00386248372,0.003862483717,2.730729215
3910,0.15625,0.15625,-179.4747797,-179.4747797,5,3265,3323,1,1,1,0,0,1,0.2557691278,22.93190113,3.552009369,0.0002456709918,0,40.35843788,2553,2553,3.909776009,3.909776009,8.807455769
3911,0.15625,0.21875,-199.8851211,-199.8851211,5,3323,3270,1,1,1,0,0,1,0.7584066274,-19.93857552,0.8532169524,0.0002456709918,0,41.46440613,1853,1853,1.318553878,1.318553878,6.577056349
3912,0.21875,0.21875,-66.67976163,-66.67976163,5,3323,3249,1,0,0,0,0,1,0.7802478755,0,0,0,0,0,1900,947,1.28164399,1.281643989,2.473982432
3913,0.21875,0.15625,-27.50627461,-27.50627461,5,3323,3279,1,1,1,0,0,1,1.802648666,-22.58011385,6.749324712,0.0002456709918,0,126.4243724,276,276,0.5547392672,0.5547392672,1.42895921
3914,0.21875,0.375,4.240127323,-34.2899038,5,3285,3382,0,0,0,0,0,0,1.077409895,2.655999801,1.077124793,0.0002456709918,0,0,2123,1049,0.9281518616,0.9281518611,6.072766374
3915,0.1875,0.34375,-31.4002758,-90.22187311,5,3382,3328,0,0,0,0,0,0,0.9925956302,-6.892328777,0.9923536429,0.0002456709918,0,0,1535,742,1.007459603,1.007459603,5.018195958
3916,0.15625,0.375,-219.5929788,-219.5929788,5,3382,3266,1,1,1,0,0,1,23.33784966,-383.1245168,30.13880433,2.487749491e-05,0,178.3171456,77,77,0.04284884916,0.04284884916,0.2804494631
3917,0.1875,0.40625,-73.69649759,-73.69649759,5,3382,3331,1,0,0,0,0,1,293.5685989,0,0,0,0,0,42,20,0.003406358867,0.003406358864,3.236270996
3918,0.25,0.15625,-88.28126223,-88.28126223,5,3279,3369,1,1,1,0,0,1,1500.452424,-89.12664306,1352.669791,2.487749491e-05,0,161.5298091,5,5,0.0006664656501,0.0006664656501,0.3474353077
3919,0.21875,0.1875,-101.6709699,-101.6709699,5,3369,3323,1,1,1,0,0,1,16.91969367,-39.88066189,16.11825863,1.197360224e-05,0,176.801304,29,29,0.05910272487,0.05910272487,0.3728692682
3920,0.25,0.21875,-87.98007062,63.26633995,5,3369,3249,0,0,0,0,0,0,209.7556547,45.90033219,199.4764574,0.0002456709918,0,0,26,10,0.004767451926,0.004767451924,0.05962968125
3921,0.28125,0.1875,-47.32530318,-47.32530318,5,3369,3370,1,1,1,0,0,1,211.2011049,-82.61224317,200.7832672,0.0002456709918,0,132.4022724,22,22,0.004734823715,0.004734823715,1.085659533
3922,0.03125,0.625,-262.1655219,-262.1655219,5,3278,3340,1,1,1,0,0,1,53.90031109,1.252164103,85.65868608,0.0002456709918,0,46.81608173,218,218,0.01855276862,0.01855276862,19.89026048
3923,0.0625,0.65625,-182.3865977,-182.3865977,5,3340,3338,1,0,0,0,0,1,1.45362256,0,0,0,0,0,1157,578,0.6879364888,0.6879364887,2.323664256
3924,0.09375,0.625,-154.2787345,-154.2787345,5,3340,3273,1,1,1,0,0,1,26.65305294,-6.303475472,26.47966718,0.0002456709918,0,60.81041153,290,290,0.03751915408,0.03751915408,24.84440261
3925,0.0625,0.59375,-250.0647818,-250.0647818,5,3340,3337,1,0,0,0,0,1,1.728110588,0,0,0,0,0,855,424,0.5786666703,0.5786666702,2.413388922
3926,0.28125,0.375,23.92831827,31.18492018,5,3285,3380,0,0,0,0,0,0,0.5137363469,-10.14909362,0.5136715164,0.0002456709918,0,0,3196,1588,1.946523749,1.946523749,7.085481455
3927,0.3125,0.40625,7.770217446,19.1313279,5,3380,3376,0,0,0,0,0,0,23.76027669,-57.65995492,23.62238783,0.0002456709918,0,0,267,132,0.04208705198,0.04208705196,0.4076953104
3928,0.34375,0.375,73.26765508,73.26765508,5,3380,3267,1,1,1,0,0,1,5.750106395,-0.2325144283,5.741995052,0.0002456709918,0,50.02489681,787,787,0.1739098255,0.1739098255,1.915319091
3929,0.28125,0.28125,0,13.94007743,5,3249,3375,0,0,0,0,0,0,0.4472041158,2.217304002,0.4471549891,0.0002456709918,0,0,1475,730,2.236115377,2.236115377,5.123802411
3930,0.28125,0.34375,15.95221218,15.08680677,5,3375,3285,0,0,0,0,0,0,1.157285251,-6.660911837,1.156956315,0.0002456709918,0,0,3276,1651,0.8640911987,0.8640911984,4.049561435
3931,0.34375,0.34375,62.54690051,62.54690051,5,3375,3267,1,1,1,0,0,1,1.096108815,8.630196203,1.095813732,0.0002456709918,0,47.7563157,1264,1264,0.9123181806,0.9123181806,5.429780627
3932,0.34375,0.28125,32.85677585,32.85677585,5,3375,3290,1,0,0,0,0,1,0.7662521236,0,0,0,0,0,2386,1201,1.305053479,1.305053479,3.206009945
3933,0.3125,0.34375,7.976106089,42.73635672,5,3380,3375,0,0,0,0,0,0,0.3580759906,-11.38286797,0.3580444938,0.0002456709918,0,0,3402,1706,2.792703298,2.792703298,7.758316891
3934,0.03125,0.75,-59.72380841,-59.72380841,5,3253,3360,1,1,1,0,0,1,84.70864457,133.6855101,82.98175623,0.0002456709918,0,49.1341352,151,151,0.01180517059,0.01180517059,9.536381768
3935,0.0625,0.78125,-94.64681299,-94.64681299,5,3360,3343,1,0,0,0,0,1,5.238585689,0,0,0,0,0,484,244,0.1908912175,0.1908912174,4.054841015
3936,0.09375,0.75,-158.6394285,-192.6511281,5,3360,3277,0,0,0,0,0,0,22.77668395,-99.23187896,22.64994458,0.0002456709918,0,0,755,392,0.04390454741,0.04390454735,23.90794753
3937,0.0625,0.71875,-145.1647478,-145.1647478,5,3360,3338,1,0,0,0,0,1,1.613187986,0,0,0,0,0,1512,743,0.6198905573,0.6198905572,5.664628272
3938,0.40625,0.34375,64.42070284,64.42070284,5,3267,3378,1,1,1,0,0,1,0.7481438173,-2.744552253,0.7480063358,0.0002456709918,0,53.19753494,706,706,1.336641401,1.336641401,3.553434684
3939,0.46875,0.34375,90.2389269,90.2389269,5,3378,3291,1,0,0,0,0,1,0.881861699,0,0,0,0,0,1730,857,1.133964658,1.133964658,6.328106618
3940,0.46875,0.28125,75.89491383,35.46817307,5,3378,3256,0,0,0,0,0,0,0.6098204345,-19.43056833,0.6097290878,0.0002456709918,0,0,2532,1239,1.639826978,1.639826978,4.999859016
3941,0.40625,0.28125,46.1071734,46.1071734,5,3378,3290,1,0,0,0,0,1,0.8899819884,0,0,0,0,0,1469,724,1.123618245,1.123618245,3.476283777
3942,0.46875,0.375,85.30870526,85.30870526,5,3291,3426,1,1,1,0,0,1,9.470133095,-30.50089268,9.44815161,0.0002456709918,0,45.30221512,591,591,0.1055951368,0.1055951368,30.30864204
3943,0.4375,0.34375,52.29265652,16.58886985,5,3426,3378,0,0,0,0,0,0,17.34663875,-70.00885246,17.2730286,0.0002456709918,0,0,354,171,0.05764805587,0.05764805584,1.614676662
3944,0.40625,0.375,26.99435191,44.09107548,5,3426,3267,0,0,0,0,0,0,5.36771105,-48.63913443,5.36064202,0.0002456709918,0,0,616,331,0.1862991489,0.1862991488,1.357908774
3945,0.4375,0.40625,97.92531616,-10.18884724,5,3426,3377,0,0,0,0,0,0,19.02251816,-129.255701,18.9340341,0.0002456709918,0,0,40,19,0.05256927562,0.05256927562,0.1891485989
3946,0.25,0.53125,-13.59308488,-10.18415403,5,3254,3383,0,0,0,0,0,0,23.13572334,-26.37045736,23.00496825,0.0002456709918,0,0,817,405,0.04322320012,0.04322320006,3.128680424
3947,0.21875,0.5625,-1.835430577,-1.835430577,5,3383,3336,1,1,1,0,0,1,615.422911,54.59665969,534.5964413,0.0002456709918,0,21.011231,44,44,0.001624898882,0.001624898882,2.683983374
3948,0.25,0.59375,-39.13214551,106.7948516,5,3383,3283,0,0,0,0,0,0,16.17703093,4.569256834,16.11299423,0.0002456709918,0,0,83,45,0.06181604054,0.06181604053,1.888326778
3949,0.28125,0.5625,-13.38719624,36.22244107,5,3383,3387,0,0,0,0,0,0,30.15140547,8.527372418,29.92970639,0.0002456709918,0,0,51,25,0.03316594979,0.03316594978,1.033053031
3950,0.84375,0.5,166.1714609,166.1714609,5,3308,3508,1,1,1,0,0,1,7566.274377,131.5623498,5463.139349,2.487749491e-05,0,126.554412,4,4,0.0001321654423,0.0001321654423,0.5228410922
3951,0.8125,0.46875,151.4037524,151.4037524,5,3508,3476,1,0,0,0,0,1,1.922527796e+13,0,0,0,0,0,4,0,5.201485263e-14,0,0.05201485263
3952,0.78125,0.5,68.2056441,68.2056441,5,3508,3262,1,1,1,0,0,1,130.2344726,-111.7060126,126.1968262,0.0002456709918,0,72.85704628,178,178,0.007678458551,0.007678458551,0.6409277379
3953,0.8125,0.53125,201.2302206,201.2302206,5,3508,3489,1,0,0,0,0,1,4493.020762,0,0,0,0,0,30,15,0.0002225674113,0.0002225674097,1.204407073
3954,0.125,0.78125,-101.96106,-242.9671132,5,3277,3361,0,0,0,0,0,0,289.5023562,-120.656357,270.2794516,0.0002456709918,0,0,51,24,0.00345420332,0.003454203318,0.2760608514
3955,0.09375,0.8125,-58.09190667,-148.4939704,5,3361,3343,0,0,0,0,0,0,54.31318606,-25.22808245,53.59801836,0.0002456709918,0,0,372,187,0.01841173521,0.01841173519,15.35814636
3956,0.125,0.84375,-245.6658387,-245.6658387,5,3361,3274,1,1,1,0,0,1,1756.921364,-277.3419572,1676.000102,2.487749491e-05,0,51.0012818,2,2,0.0005691774377,0.0005691774377,0.1092098408
3957,0.21875,0.78125,0,0,5,3250,3342,0,0,0,0,0,0,1e+300,0,1e+300,0,0,0,0,0,0,0,0
3958,0.15625,0.78125,-67.97403997,-67.97403997,5,3342,3277,0,0,0,0,0,0,1e+300,0,1e+300,0,0,0,0,0,0,0,0
3959,0.15625,0.84375,-15.13391037,-15.13391037,5,3342,3274,1,0,0,0,0,1,1e+300,0,0,0,0,0,0,0,0,0,0
3960,0.21875,0.84375,75.76943666,75.76943666,5,3342,3287,0,0,0,0,0,0,1e+300,0,1e+300,0,0,0,0,0,0,0,0
3961,0.15625,0.8125,-33.98701998,-33.98701998,5,3361,3342,0,0,0,0,0,0,1e+300,0,1e+300,0,0,0,0,0,0,0,0
3962,0.625,0.78125,229.6023189,229.6023189,5,3302,3461,1,0,0,0,0,1,94.44994996,0,0,0,0,0,248,122,0.0105876181,0.01058761808,3.907841262
3963,0.59375,0.8125,257.9808947,-161.9458592,5,3461,3442,0,0,0,0,0,0,384.0145349,-388.967703,350.9093177,0.0002456709918,0,0,86,45,0.002604068099,0.002604068097,1.928413807
3964,0.625,0.84375,288.2859901,2.522255217,5,3461,3298,0,0,0,0,0,0,1469.921683,-238.0371414,1079.937695,0.0002456709918,0,0,8,4,0.0006803083533,0.0006803083527,0.8027447177
3965,0.65625,0.8125,270.8715172,-146.5218127,5,3461,3441,0,0,0,0,0,0,280.7905566,-396.1868519,262.6709634,0.0002456709918,0,0,100,42,0.003561373331,0.003561373328,2.06939714
3966,0.15625,0.25,-187.3582538,-187.3582538,5,3270,3354,1,1,1,0,0,1,40.87349907,-23.18399339,40.89959723,0.0002456709918,0,46.75028022,189,189,0.02446573019,0.02446573019,20.54013242
3967,0.1875,0.28125,-85.65420872,-85.65420872,5,3354,3328,1,0,0,0,0,1,2.427454595,0,0,0,0,0,1254,644,0.4119541524,0.4119541523,4.299897254
3968,0.21875,0.25,-49.29371733,-49.29371733,5,3354,3249,1,0,0,0,0,1,2.467954452,0,0,0,0,0,820,395,0.4051938638,0.4051938637,0.7909550858
3969,0.1875,0.21875,-104.8885947,-104.8885947,5,3354,3323,1,0,0,0,0,1,0.6815850893,0,0,0,0,0,1963,991,1.467168246,1.467168246,4.821387003
3970,0.03125,0.5,-580.6878422,-580.6878422,5,3245,3356,1,1,1,0,0,1,853.5367522,31.67811288,708.4837143,0.0002456709918,0,80.36266122,62,62,0.001171595713,0.001171595713,0.6656687705
3971,0.0625,0.53125,-322.533651,-322.533651,5,3356,3337,1,0,0,0,0,1,12.20911633,0,0,0,0,0,283,133,0.08190600964,0.08190600962,0.6370762902
3972,0.09375,0.5,-210.7741003,-210.7741003,5,3356,3282,1,1,1,0,0,1,19.96816507,60.91429029,20.456573,2.487749491e-05,0,98.48235335,79,79,0.05007971421,0.05007971421,0.3400967499
3973,0.0625,0.46875,-369.9879037,-369.9879037,5,3356,3330,1,0,0,0,0,1,892.6074813,0,0,0,0,0,28,18,0.001120313263,0.001120313261,0.1552931287
3974,0.03125,0.03125,0,0,5,3240,3321,0,0,0,0,0,0,1e+300,0,1e+300,0,0,0,0,0,0,0,0
3975,0.03125,0.09375,-32.23253053,-32.23253053,5,3321,3271,0,0,0,0,0,0,1e+300,0,1e+300,0,0,0,0,0,0,0,0
3976,0.09375,0.09375,-343.4459997,-343.4459997,5,3321,3265,1,0,0,0,0,1,1e+300,0,0,0,0,0,0,0,0,0,0
3977,0.09375,0.03125,-327.9332707,-327.9332707,5,3321,3280,0,0,0,0,0,0,1e+300,0,1e+300,0,0,0,0,0,0,0,0
3978,0.125,0.03125,-491.899906,-517.6262172,5,3280,3349,0,0,0,0,0,0,618.2316442,-150.6810258,536.7145845,0.0002456709918,0,0,10,4,0.001617516686,0.001617516685,0.1897548921
3979,0.09375,0.0625,-163.9666353,-163.9666353,5,3349,3321,0,0,0,0,0,0,1e+300,0,1e+300,0,0,0,0,0,0,0,0
3980,0.125,0.09375,-336.9749784,-336.9749784,5,3349,3265,1,0,0,0,0,1,5.528318111,0,0,0,0,0,64,38,0.1808868411,0.1808868411,0.677711345
3981,0.15625,0.0625,-282.6773018,-282.6773018,5,3349,3324,1,0,0,0,0,1,59.94106729,0,0,0,0,0,54,26,0.01668305296,0.01668305296,0.4243136211
3982,0.125,0.53125,-169.2583165,-169.2583165,5,3282,3357,1,1,1,0,0,1,3.137034993,-94.98007257,7.705348991,0.0002456709918,0,79.70707397,430,430,0.3187723446,0.3187723446,1.468405242
3983,0.09375,0.5625,-196.1909898,-196.1909898,5,3357,3337,1,0,0,0,0,1,33.18242023,0,0,0,0,0,341,173,0.03013643951,0.03013643948,4.488096604
3984,0.125,0.59375,-93.98622099,-93.98622099,5,3357,3273,1,0,0,0,0,1,9.701352647,0,0,0,0,0,486,240,0.1030784094,0.1030784094,0.5572677937
3985,0.15625,0.5625,32.5235318,32.5235318,5,3357,3336,1,1,1,0,0,1,1076.675937,-477.8638284,1120.968214,2.487749491e-05,0,113.6093075,4,4,0.0009287845726,0.0009287845726,0.4894944593
3986,0.125,0.71875,-121.6492509,-149.1711435,5,3277,3363,0,0,0,0,0,0,17.47097542,-52.26708063,17.39630852,0.0002456709918,0,0,221,107,0.05723778872,0.0572377887,0.6497901236
3987,0.15625,0.6875,-78.01027737,-78.01027737,5,3363,3335,1,0,0,0,0,1,2.521356378e+12,0,0,0,0,0,2,0,3.966119224e-13,0,0.3966119224
3988,0.125,0.65625,-93.05159282,-231.1335016,5,3363,3273,0,0,0,0,0,0,20.99703385,-116.9386512,20.88927938,0.0002456709918,0,0,357,170,0.04762577454,0.04762577451,0.4948903193
3989,0.09375,0.6875,-148.7062889,-148.7062889,5,3363,3338,1,0,0,0,0,1,9.948619416,0,0,0,0,0,1031,514,0.1005164594,0.1005164594,8.028925885
3990,0.21875,0.125,-148.6330773,-148.6330773,5,3279,3368,1,1,1,0,0,1,9950.179254,52.03979479,9241.411822,2.487749491e-05,0,102.2148297,1,1,0.000100500702,0.000100500702,0.1639095931
3991,0.1875,0.09375,-180.4723833,-180.4723833,5,3368,3324,1,1,1,0,0,1,0.9996943422,46.3200855,2.251980526,0.0002456709918,0,80.47691914,301,301,1.000305751,1.000305751,2.173179176
3992,0.15625,0.125,-172.336398,-172.336398,5,3368,3265,1,1,1,0,0,1,16.58111643,23.84606961,70.37621316,0.000228058783,0,54.07326185,399,399,0.06030956986,0.06030956986,0.791676258
3993,0.1875,0.15625,-98.75038134,-98.75038134,5,3368,3323,1,1,1,0,0,1,1.078371934,76.65606229,6.257207694,0.0002456709918,0,46.30077142,1711,1711,0.9273238373,0.9273238373,3.775428261
3994,0.203125,0.046875,-208.7470514,-208.7470514,6,3324,3755,1,0,0,0,0,1,18811.38259,0,0,0,0,0,1,1,5.31593037e-05,5.31593037e-05,0.09050209108
3995,0.234375,0.046875,-580.8851474,-580.8851474,6,3755,3367,0,0,0,0,0,0,1e+300,0,1e+300,0,0,0,0,0,0,0,0
3996,0.234375,0.015625,-704.6112353,-704.6112353,6,3755,3257,0,0,0,0,0,0,1e+300,0,1e+300,0,0,0,0,0,0,0,0
3997,0.1875,0.03125,-207.4132537,-207.4132537,5,3351,3324,1,0,0,0,0,1,549.5899307,0,0,0,0,0,8,5,0.001819538431,0.00181953843,0.4702203895
3998,0.15625,0,-703.6060645,-542.7704972,5,3351,3280,0,0,0,0,0,0,101.5983902,-251.0821084,99.1242705,0.0002456709918,0,0,18,10,0.009842675636,0.009842675635,0.3579885977
3999,0.21875,0,-799.0851109,-799.0851109,5,3257,3351,0,0,0,0,0,0,1e+300,-150.2895913,5298.884898,0,0,0,0,0,0,0,0
4000,0.203125,0.015625,-656.8717121,-656.8717121,6,3755,3351,0,0,0,0,0,0,1e+300,-55.82832097,1935.688651,0,0,0,0,0,0,0,0
4001,0.765625,0.765625,318.6283425,318.6283425,6,3251,3536,1,1,1,0,0,1,4668.215885,21.99817521,2461.387276,0.000192060352,0,176.2089445,10,10,0.0002142146003,0.0002142146003,0.954250634
4002,0.765625,0.796875,309.1776747,309.1776747,6,3536,3497,1,0,0,0,0,1,11533.57934,0,0,0,0,0,20,8,8.670335292e-05,8.670335132e-05,1.062615799
4003,0.796875,0.796875,300.6697709,300.6697709,6,3536,3491,1,1,1,0,0,1,48.28618818,-1.613165688,47.84250322,0.000192060352,0,40.76177221,286,286,0.02070985592,0.02070985592,21.08877899
4004,0.796875,0.765625,318.2307789,318.2307789,6,3536,3512,1,1,1,0,0,1,48.83211944,-13.90972206,48.37839232,0.000192060352,0,181.0606027,17,17,0.02047832475,0.02047832475,0.8472274188
4005,0.8125,0.765625,319.6474317,319.6474317,6,3512,3634,1,1,1,0,0,1,107.2725327,-12.19412236,105.1070334,0.000192060352,0,137.4576743,13,13,0.009322050806,0.009322050806,0.5830894128
4006,0.796875,0.78125,380.0359128,-333.344198,6,3634,3536,0,0,0,0,0,0,26.07162603,-652.3258152,25.94172735,0.000192060352,0,0,346,176,0.03835587389,0.03835587388,3.723667959
4007,0.8125,0.796875,339.6573306,339.6573306,6,3634,3491,1,1,1,0,0,1,198.8177688,37.44281705,191.5051421,0.000192060352,0,18.15871196,221,221,0.005029731527,0.005029731527,10.61213035
4008,0.828125,0.796875,309.1359033,309.1359033,6,3491,3539,1,1,1,0,0,1,27.58117824,-6.354251224,27.4358436,0.000192060352,0,26.43426391,477,477,0.03625660918,0.03625660918,40.70651994
4009,0.859375,0.796875,369.3468977,369.3468977,6,3539,3513,1,0,0,0,0,1,754.619609,0,0,0,0,0,126,68,0.001325170971,0.001325170965,1.425413916
4010,0.859375,0.765625,331.7204056,331.7204056,6,3539,3318,1,1,1,0,0,1,4613.220543,-4.377847113,2446.012463,0.000192060352,0,190.8620079,17,17,0.0002167683055,0.0002167683055,0.8124826196
4011,0.828125,0.765625,273.1238728,273.1238728,6,3539,3512,1,1,1,0,0,1,9.922227974,-72.54304154,9.90335548,0.000192060352,0,116.9869161,19,19,0.1007838162,0.1007838162,2.006506155
4012,0.828125,0.78125,419.3487525,-453.6064898,6,3634,3539,0,0,0,0,0,0,18.02504941,-786.1158341,17.96286382,0.000192060352,0,0,465,245,0.05547835,0.05547834999,4.354041503
4013,0.703125,0.703125,292.8287882,21.25127134,6,3435,3684,0,0,0,0,0,0,45.23781114,-235.6517858,44.8481529,0.000192060352,0,0,31,16,0.02210540198,0.02210540198,2.402183686
4014,0.703125,0.734375,218.87051,218.87051,6,3684,3462,1,0,0,0,0,1,6613.423318,0,0,0,0,0,50,31,0.00015120762,0.0001512076197,0.3384603518
4015,0.734375,0.734375,242.719826,242.719826,6,3684,3251,1,1,1,0,0,1,7209.788347,-25.2760555,3023.333972,0.000192060352,0,109.6331103,65,65,0.0001387003268,0.0001387003268,0.7770683761
4016,0.734375,0.703125,383.6736429,-49.87447135,6,3684,3485,0,0,0,0,0,0,42.15487436,-338.6676712,41.81631774,0.000192060352,0,0,27,13,0.02372204912,0.02372204912,0.4669892059
4017,0.6875,0.734375,183.6677893,183.6677893,6,3462,3710,1,1,1,0,0,1,108180.1653,13.52786451,41430.31128,1.197360224e-05,0,48.3810362,4,4,9.243838712e-06,9.243838712e-06,0.02597934866
4018,0.703125,0.71875,447.3519561,102.0939657,6,3710,3684,0,0,0,0,0,0,23.49575347,-138.4363556,23.39020277,0.000192060352,0,0,52,34,0.04256088239,0.04256088239,4.897050503
4019,0.6875,0.703125,544.9615522,116.0261215,6,3710,3435,0,0,0,0,0,0,36.13063051,-118.9320708,35.88163843,0.000192060352,0,0,41,20,0.02767734706,0.02767734705,3.81947191
4020,0.671875,0.703125,334.402794,-89.558829,6,3435,3683,0,0,0,0,0,0,24.71388952,-339.8622832,24.59713777,0.000192060352,0,0,43,20,0.04046307641,0.04046307641,0.4527407799
4021,0.640625,0.703125,206.2078166,206.2078166,6,3683,3463,1,1,1,0,0,1,47.77112171,-7.214677512,47.33680937,0.000192060352,0,129.9247723,39,39,0.02093314882,0.02093314882,1.538040821
4022,0.640625,0.734375,245.2955499,245.2955499,6,3683,3302,1,1,1,0,0,1,1176.414045,2.174214413,1223.374513,0.000192060352,0,138.043854,182,182,0.0008500408545,0.0008500408545,1.677582626
4023,0.671875,0.734375,212.2046937,212.2046937,6,3683,3462,1,0,0,0,0,1,1513.599902,0,0,0,0,0,242,136,0.0006606765757,0.0006606765739,0.7433138827
4024,0.671875,0.71875,488.9259619,67.6358242,6,3710,3683,0,0,0,0,0,0,26.54863382,-166.2948941,26.41395067,0.000192060352,0,0,198,106,0.03766672164,0.03766672163,6.910086376
4025,0.671875,0.796875,262.1642808,288.0179376,6,3441,3612,0,0,0,0,0,0,393.3666545,23.47212696,365.7353019,0.000192060352,0,0,102,43,0.002542157523,0.00254215752,1.286038025
4026,0.671875,0.765625,210.2405806,210.2405806,6,3612,3462,1,0,0,0,0,1,2770.398785,0,0,0,0,0,9,6,0.0003609588647,0.0003609588644,0.08033028702
4027,0.640625,0.765625,278.8285478,278.8285478,6,3612,3302,1,1,1,0,0,1,1321.686311,129.1763173,1555.54522,1.197360224e-05,0,65.4597889,5,5,0.0007566091832,0.0007566091832,0.8318767463
4028,0.640625,0.796875,254.1828065,-20.95346773,6,3612,3461,0,0,0,0,0,0,89.14548429,-251.3678548,87.64488871,0.000192060352,0,0,162,79,0.01121761812,0.01121761811,6.281216168
4029,0.640625,0.75,171.6687554,171.6687554,6,3302,3707,1,0,0,0,0,1,1.554512057e+14,0,0,0,0,0,1,0,6.432886741e-15,0,0.006432886741
4030,0.65625,0.765625,408.8108671,60.33254203,6,3707,3612,0,0,0,0,0,0,40.95666304,-111.9843124,40.63700621,0.000192060352,0,0,11,5,0.02441605164,0.02441605164,1.432648849
4031,0.671875,0.75,150.9713129,150.9713129,6,3707,3462,1,1,1,0,0,1,93186.68445,-115.5794854,71138.04419,1.197360224e-05,0,62.79869577,1,1,1.07311469e-05,1.07311469e-05,0.05292889971
4032,0.65625,0.734375,137.9567334,137.9567334,6,3707,3683,1,1,1,0,0,1,11995.57659,281.2683911,10395.32812,1.197360224e-05,0,115.7105876,73,73,8.336406279e-05,8.336406279e-05,0.1185157786
4033,0.671875,0.453125,139.2444785,48.80854125,6,3429,3573,0,0,0,0,0,0,344.3658711,-64.2178432,323.0027804,0.000192060352,0,0,57,29,0.00290388823,0.002903888224,3.271281452
4034,0.640625,0.453125,560.0106787,86.95649315,6,3573,3457,0,0,0,0,0,0,7837.740196,-67.28093182,3128.439833,0.000192060352,0,0,6,2,0.0001275877964,0.0001275877961,0.1673001381
4035,0.640625,0.484375,33.5444188,33.5444188,6,3573,3310,1,1,1,0,0,1,3430.482854,-196.9838458,2715.798595,1.197360224e-05,0,109.2242679,8,8,0.0002915041533,0.0002915041533,0.8449855345
4036,0.671875,0.484375,163.2002221,107.6773212,6,3573,3456,0,0,0,0,0,0,187.848079,-24.41418793,181.3068597,0.000192060352,0,0,47,20,0.005323450765,0.005323450751,6.727824558
4037,0.625,0.484375,398.1977414,98.31351365,6,3310,3576,0,0,0,0,0,0,5143.354574,-66.15979275,2587.415904,0.000192060352,0,0,12,6,0.000194425639,0.0001944256388,0.2831688884
4038,0.640625,0.46875,373.91266,90.29254994,6,3576,3573,0,0,0,0,0,0,5687.146957,-43.64659994,2718.163599,0.000192060352,0,0,4,1,0.0001758350905,0.0001758350905,0.2253276868
4039,0.625,0.453125,770.3937788,186.8763163,6,3576,3457,0,0,0,0,0,0,5.193274083e+12,7.301230198e-08,5206.69669,0.000192060352,0,0,3,0,1.92556754e-13,0,0.192556754
4040,0.578125,0.453125,151.0300542,151.0300542,6,3428,3580,1,0,0,0,0,1,90.37795734,0,0,0,0,0,205,102,0.01106464485,0.01106464485,1.034188415
4041,0.578125,0.484375,128.6253067,128.6253067,6,3580,3458,1,0,0,0,0,1,38.13439718,0,0,0,0,0,19,12,0.02622304465,0.02622304465,0.1383109047
4042,0.609375,0.484375,165.1559515,165.1559515,6,3580,3310,1,0,0,0,0,1,6404.268562,0,0,0,0,0,21,11,0.0001561458565,0.0001561458553,0.6913950224
4043,0.609375,0.453125,188.2661678,188.2661678,6,3580,3457,1,1,1,0,0,1,969.1412388,0.7076274897,817.0590827,0.000192060352,0,169.7354611,23,23,0.001031841346,0.001031841346,1.063858682
4044,0.609375,0.46875,380.7662081,164.0167573,6,3576,3580,0,0,0,0,0,0,1064558.95,-3.24398608,5181.354985,0.000192060352,0,0,4,1,9.393561529e-07,9.393558417e-07,0.006263738901
4045,0.921875,0.796875,363.042917,363.042917,6,3494,3546,1,0,0,0,0,1,62.7880313,0,0,0,0,0,974,476,0.01592660224,0.01592660213,43.64687023
4046,0.921875,0.765625,243.730811,243.730811,6,3546,3510,1,1,1,0,0,1,90.83460658,-97.89687602,89.27710261,0.000192060352,0,206.9614055,17,17,0.01100901999,0.01100901999,0.6708654172
4047,0.890625,0.765625,331.5073683,331.5073683,6,3546,3318,1,0,0,0,0,1,132.5167251,0,0,0,0,0,25,17,0.007546217275,0.007546217273,0.5761451846
4048,0.890625,0.796875,364.7254582,364.7254582,6,3546,3513,1,0,0,0,0,1,82.68153635,0,0,0,0,0,698,334,0.01209459867,0.01209459859,31.45485839
4049,0.9375,0.765625,345.8922222,345.8922222,6,3510,3607,1,1,1,0,0,1,109.9199357,-16.53540399,107.647364,0.000192060352,0,146.6759575,15,15,0.009097530796,0.009097530796,0.7001175108
4050,0.921875,0.78125,549.5759141,-517.2635519,6,3607,3546,0,0,0,0,0,0,25.7808262,-875.149386,25.65380205,0.000192060352,0,0,474,239,0.03878851641,0.03878851639,4.177582654
4051,0.9375,0.796875,353.7461887,353.7461887,6,3607,3494,1,1,1,0,0,1,171.0959239,-29.95719127,165.6524599,0.000192060352,0,18.60111834,247,247,0.005844674595,0.005844674595,11.68361048
4052,0.953125,0.796875,364.5869245,364.5869245,6,3494,3545,1,0,0,0,0,1,111.5966922,0,0,0,0,0,492,244,0.008960839073,0.008960839018,15.14137846
4053,0.984375,0.796875,380.021497,380.021497,6,3545,3527,1,1,1,0,0,1,1792.039668,21.43457776,1333.184517,0.000192060352,0,110.2524011,25,25,0.0005580233617,0.0005580233617,2.439122202
4054,0.984375,0.765625,341.1193945,-126.3832764,6,3545,3264,0,0,0,0,0,0,599.5833004,-465.1248033,537.6675584,0.000192060352,0,0,13,7,0.00166782497,0.001667824969,0.807571459
4055,0.953125,0.765625,343.2824984,343.2824984,6,3545,3510,1,0,0,0,0,1,467.7411649,0,0,0,0,0,39,17,0.002137934557,0.002137934551,0.421005618
4056,0.953125,0.78125,568.7209359,-549.7268536,6,3607,3545,0,0,0,0,0,0,43.55927705,-909.1498541,43.19788312,0.000192060352,0,0,245,127,0.02295722215,0.02295722215,1.316434247
4057,0.546875,0.671875,179.3628274,179.3628274,6,3434,3561,1,0,0,0,0,1,1e+300,0,0,0,0,0,0,0,0,0,0
4058,0.546875,0.640625,150.09739,150.09739,6,3561,3438,1,1,1,0,0,1,303.1956301,-2.961596735,358.7853954,0.000192060352,0,103.4282402,52,52,0.003298200569,0.003298200569,2.415283555
4059,0.515625,0.640625,166.631405,166.631405,6,3561,3303,1,0,0,0,0,1,496.6312861,0,0,0,0,0,18,11,0.002013566257,0.002013566257,1.670588872
4060,0.515625,0.671875,214.5145314,214.5145314,6,3561,3437,0,0,0,0,0,0,1e+300,-31.21253442,1215.483774,0,0,0,0,0,0,0,0
4061,0.515625,0.625,196.9256796,196.9256796,6,3303,3624,1,1,1,0,0,1,2192.440644,169.7716069,2379.309775,1.197360224e-05,0,98.9935482,2,2,0.0004561126901,0.0004561126901,0.4722304078
4062,0.53125,0.640625,138.2902753,138.2902753,6,3624,3561,1,1,1,0,0,1,972.177585,-1.712878225,819.2161852,0.000192060352,0,84.2963613,13,13,0.001028618655,0.001028618655,0.8247435328
4063,0.546875,0.625,161.4539373,161.4539373,6,3624,3438,1,0,0,0,0,1,36759.99193,0,0,0,0,0,3,1,2.720348801e-05,2.720348769e-05,0.04282264067
4064,0.546875,0.578125,165.0053738,165.0053738,6,3433,3593,1,1,1,0,0,1,46.4299424,-37.86922259,46.01956962,0.000192060352,0,36.98476042,198,198,0.02153782556,0.02153782556,23.84331739
4065,0.515625,0.578125,125.8355104,125.8355104,6,3593,3439,1,1,1,0,0,1,535.0587391,-36.05465986,485.1980534,0.000192060352,0,95.26003366,26,26,0.001868953681,0.001868953681,2.904795934
4066,0.515625,0.609375,184.8521456,184.8521456,6,3593,3303,1,0,0,0,0,1,26672.26856,0,0,0,0,0,5,2,3.749212399e-05,3.749212371e-05,0.1832044702
4067,0.546875,0.609375,187.4937668,187.4937668,6,3593,3438,1,0,0,0,0,1,16146.82777,0,0,0,0,0,14,8,6.193166943e-05,6.193166859e-05,0.5005336312
4068,0.53125,0.609375,301.8411708,81.33023346,6,3624,3593,0,0,0,0,0,0,13054.14568,-76.91502945,3722.116197,0.000192060352,0,0,5,2,7.66040172e-05,7.660401702e-05,0.115931533
4069,0.5,0.609375,343.742846,343.742846,6,3303,3667,0,0,0,0,0,0,1e+300,0,1e+300,0,0,0,0,0,0,0,0
4070,0.515625,0.59375,352.498651,141.4930291,6,3667,3593,0,0,0,0,0,0,29659.49523,-54.18853429,4429.161525,0.000192060352,0,0,8,4,3.371601547e-05,3.371601543e-05,0.04678255842
4071,0.5,0.578125,763.5883819,46.71373131,6,3667,3439,0,0,0,0,0,0,1208.092024,-126.5669547,980.5730202,0.000192060352,0,0,14,6,0.0008277515125,0.0008277515085,0.8906004509
4072,0.453125,0.578125,151.7196528,71.18280064,6,3386,3673,0,0,0,0,0,0,5093.646103,-49.30195279,2574.775505,0.000192060352,0,0,4,1,0.0001963230228,0.0001963230222,0.1653928829
4073,0.453125,0.609375,169.3130989,169.3130989,6,3673,3440,0,0,0,0,0,0,1e+300,0,1e+300,0,0,0,0,0,0,0,0
4074,0.484375,0.609375,139.7866029,139.7866029,6,3673,3303,0,0,0,0,0,0,1e+300,913.0537163,1805.405209,0,0,0,0,0,0,0,0
4075,0.484375,0.578125,559.6321389,41.69501205,6,3673,3439,0,0,0,0,0,0,244.7457139,-99.09857394,233.7577111,0.000192060352,0,0,11,6,0.004085873391,0.00408587339,1.25559988
4076,0.484375,0.59375,349.7093709,95.4266348,6,3667,3673,0,0,0,0,0,0,1536.501572,-79.16256022,1186.39514,0.000192060352,0,0,5,1,0.0006508291423,0.0006508291413,0.8525384032
4077,0.953125,0.703125,269.4903692,33.55438855,6,3487,3531,0,0,0,0,0,0,65.80288315,-293.9183855,64.9816371,0.000192060352,0,0,45,24,0.01519690251,0.0151969025,3.304322699
4078,0.953125,0.734375,255.001784,255.001784,6,3531,3510,1,1,1,0,0,1,2489.855728,-89.72398287,1684.380592,0.000192060352,0,167.8279756,107,107,0.0004016296964,0.0004016296964,1.320459278
4079,0.984375,0.734375,245.7177537,232.7786264,6,3531,3264,0,0,0,0,0,0,139.346989,-109.6786422,135.7148482,0.000192060352,0,0,43,22,0.007176330159,0.007176330153,3.804125018
4080,0.984375,0.703125,344.0482609,95.42152897,6,3531,3525,0,0,0,0,0,0,56.12887353,-217.8193348,55.53025015,0.000192060352,0,0,64,33,0.01781614234,0.01781614232,6.237953941
4081,0.984375,0.75,354.1450389,282.3007419,6,3264,3604,0,0,0,0,0,0,326.0952836,-55.79684722,306.8756682,0.000192060352,0,0,16,7,0.003066588357,0.003066588354,2.065406555
4082,0.96875,0.734375,366.0313466,10.2752303,6,3604,3531,0,0,0,0,0,0,552.4990581,-332.8779573,499.4959614,0.000192060352,0,0,19,10,0.001809957837,0.001809957834,1.74712435
4083,0.953125,0.75,341.3769346,341.3769346,6,3604,3510,1,1,1,0,0,1,2146.250603,-301.321692,2233.76948,1.197360224e-05,0,189.6279708,6,6,0.000465928815,0.000465928815,0.2849878773
4084,0.96875,0.765625,461.4329874,29.43891621,6,3604,3545,0,0,0,0,0,0,1317.005061,-309.9985296,1051.128049,0.000192060352,0,0,8,3,0.000759298525,0.0007592985238,0.3939646533
4085,0.953125,0.953125,466.7922654,466.7922654,6,3493,3637,1,0,0,0,0,1,1351.266094,0,0,0,0,0,10,5,0.0007400466897,0.0007400466885,0.908065825
4086,0.953125,0.984375,476.7379053,476.7379053,6,3637,3514,1,0,0,0,0,1,1e+300,0,0,0,0,0,34,19,0,0,0
4087,0.984375,0.984375,488.7042939,488.7042939,6,3637,3243,1,0,0,0,0,1,1e+300,0,0,0,0,0,39,18,0,0,0
4088,0.984375,0.953125,338.5642007,-700.6351824,6,3637,3528,0,0,0,0,0,0,43.38596351,-1185.5975,43.02742785,0.000192060352,0,0,12,5,0.02304892917,0.02304892917,0.1796664213
4089,0.9375,0.984375,354.9082826,354.9082826,6,3514,3640,0,0,0,0,0,0,1e+300,0,1e+300,0,0,0,0,0,0,0,0
4090,0.953125,0.96875,596.8288742,-201.9094702,6,3640,3637,0,0,0,0,0,0,191.8149865,-637.3034117,184.9995916,0.000192060352,0,0,6,2,0.005213356987,0.005213356986,0.3882596032
4091,0.9375,0.953125,883.9445422,-623.9212736,6,3640,3493,0,0,0,0,0,0,72529.52776,-1024.697768,4857.957215,0.000192060352,0,0,1,1,1.378748809e-05,1.378748809e-05,0.0004898170556
4092,0.921875,0.953125,425.3922442,425.3922442,6,3493,3636,1,0,0,0,0,1,1e+300,0,0,0,0,0,0,0,0,0,0
4093,0.890625,0.953125,398.013656,398.013656,6,3636,3515,1,0,0,0,0,1,8623.398154,0,0,0,0,0,8,4,0.0001159635659,0.0001159635654,0.05499124748
4094,0.890625,0.984375,422.7008972,196.5664951,6,3636,3312,0,0,0,0,0,0,16483.14599,-216.5291751,3956.817161,0.000192060352,0,0,37,16,6.06680303e-05,6.06680295e-05,0.1117309796
4095,0.921875,0.984375,377.5058208,377.5058208,6,3636,3514,0,0,0,0,0,0,1e+300,-329.057188,17.83265748,0,0,0,3,2,0,0,0
4096,0.921875,0.96875,642.0239506,642.0239506,6,3640,3636,0,0,0,0,0,0,1e+300,0,1e+300,0,0,0,0,0,0,0,0
4097,0.984375,0.8125,440.448864,440.448864,6,3527,3628,1,1,1,0,0,1,4026.005277,-256.3949142,5759.315183,1.197360224e-05,0,119.1958064,2,2,0.0002483851687,0.0002483851687,0.1474205103
4098,0.96875,0.796875,352.6583881,352.6583881,6,3628,3545,1,1,1,0,0,1,3192.142023,21.42238997,1978.906342,0.000192060352,0,68.74676269,30,30,0.0003132692696,0.0003132692696,2.268465162
4099,0.953125,0.8125,398.686131,398.686131,6,3628,3494,1,1,1,0,0,1,26226.1768,205.127283,31700.45123,1.197360224e-05,0,90.41485969,4,4,3.812984286e-05,3.812984286e-05,0.2220949574
4100,0.953125,0.828125,403.2494194,403.2494194,6,3494,3544,1,0,0,0,0,1,126.6548582,0,0,0,0,0,22,5,0.007895472894,0.007895472887,1.060737834
4101,0.953125,0.859375,431.99189,431.99189,6,3544,3526,1,0,0,0,0,1,148.5124935,0,0,0,0,0,377,190,0.006733440242,0.006733440165,24.44874424
4102,0.984375,0.859375,447.6139736,447.6139736,6,3544,3320,1,1,1,0,0,1,349.6128371,40.92065905,327.6145751,0.000192060352,0,45.20339739,113,113,0.00286030687,0.00286030687,14.18997396
4103,0.984375,0.828125,397.3804106,397.3804106,6,3544,3527,1,0,0,0,0,1,2701.107198,0,0,0,0,0,17,10,0.0003702185536,0.0003702185522,0.2096934113
4104,0.96875,0.828125,618.6988756,-116.5183207,6,3628,3544,0,0,0,0,0,0,23.53616042,-486.4087723,23.43024719,0.000192060352,0,0,11,5,0.04248781373,0.04248781373,0.7812124714
4105,0.578125,0.421875,139.0955416,139.0955416,6,3428,3581,1,0,0,0,0,1,3562.685571,0,0,0,0,0,14,8,0.0002806871333,0.0002806871329,0.00270294279
4106,0.609375,0.421875,175.6239772,175.6239772,6,3581,3457,1,0,0,0,0,1,4606.658585,0,0,0,0,0,6,1,0.0002170770813,0.0002170770801,0.6809875541
4107,0.609375,0.390625,35.59339737,161.8128897,6,3581,3292,0,0,0,0,0,0,109.191149,12.77530304,106.948305,0.000192060352,0,0,2,1,0.009158251461,0.009158251461,0.4717968023
4108,0.578125,0.390625,80.9467151,102.1603352,6,3581,3432,0,0,0,0,0,0,141.1111096,-8.987536053,137.3876502,0.000192060352,0,0,4,3,0.007086614252,0.007086614251,0.4478821802
4109,0.609375,0.4375,206.9386054,206.9386054,6,3457,3583,1,1,1,0,0,1,684.9526637,71.17158626,605.3212858,0.000192060352,0,99.31412959,19,19,0.001459954903,0.001459954903,0.8152104227
4110,0.59375,0.421875,310.3097441,115.3342213,6,3583,3581,0,0,0,0,0,0,1800.755558,11.12138803,1338.002412,0.000192060352,0,0,3,1,0.0005553224563,0.0005553224562,0.2351358977
4111,0.578125,0.4375,99.24094514,99.24094514,6,3583,3428,1,0,0,0,0,1,7.965352463,0,0,0,0,0,570,283,0.1255437226,0.1255437226,2.447797229
4112,0.59375,0.453125,13.55082361,13.55082361,6,3583,3580,1,1,1,0,0,1,2022.049668,-0.006966952025,1942.422433,1.197360224e-05,0,25.67403322,12,12,0.0004945476939,0.0004945476939,0.3885282227
4113,0.828125,0.953125,539.2868642,383.6085968,6,3492,3657,0,0,0,0,0,0,3.831183115e+13,-2.344575591e-07,5206.696694,0.000192060352,0,0,1,0,2.61015976e-14,0,0.0261015976
4114,0.828125,0.984375,690.3801718,-235.1757255,6,3657,3516,0,0,0,0,0,0,305.4274113,-639.7322573,288.5036444,0.000192060352,0,0,7,4,0.003274100369,0.003274100368,0.16995523
4115,0.859375,0.984375,300.2824918,-926.1848497,6,3657,3312,0,0,0,0,0,0,44.20470221,-1331.970683,43.83256502,0.000192060352,0,0,163,82,0.02262202775,0.02262202775,0.1028672271
4116,0.859375,0.953125,391.0573162,391.0573162,6,3657,3515,1,0,0,0,0,1,4030.605031,0,0,0,0,0,16,6,0.0002481017099,0.0002481017093,0.04700030997
4117,0.8125,0.984375,885.4290118,107.2768834,6,3516,3659,0,0,0,0,0,0,60.29837908,-297.6294258,59.6080624,0.000192060352,0,0,1,1,0.01658419373,0.01658419373,0.8608686791
4118,0.828125,0.96875,614.833518,1629.758591,6,3659,3657,0,0,0,0,0,0,14949.47607,1224.507666,3861.71465,0.000192060352,0,0,1,1,6.689197637e-05,6.689197637e-05,0.003472294662
4119,0.8125,0.953125,734.3357042,734.3357042,6,3659,3492,0,0,0,0,0,0,1e+300,0,1e+300,0,0,0,0,0,0,0,0
4120,0.796875,0.953125,597.2331027,597.2331027,6,3492,3656,0,0,0,0,0,0,1e+300,0,1e+300,0,0,0,0,0,0,0,0
4121,0.765625,0.953125,467.8896406,467.8896406,6,3656,3495,0,0,0,0,0,0,1e+300,0,1e+300,0,0,0,0,0,0,0,0
4122,0.765625,0.984375,474.1212074,474.1212074,6,3656,3259,0,0,0,0,0,0,1e+300,0,1e+300,0,0,0,0,0,0,0,0
4123,0.796875,0.984375,748.3264104,748.3264104,6,3656,3516,0,0,0,0,0,0,1e+300,0,1e+300,0,0,0,0,0,0,0,0
4124,0.796875,0.96875,672.7797566,672.7797566,6,3659,3656,0,0,0,0,0,0,1e+300,0,1e+300,0,0,0,0,0,0,0,0
4125,0.9375,0.734375,282.6577524,282.6577524,6,3510,3605,1,1,1,0,0,1,7693.493892,-563.39431,5928.797994,1.197360224e-05,0,26.03777499,93,93,0.0001299799563,0.0001299799563,0.2323939787
4126,0.953125,0.71875,377.9176543,94.66892456,6,3605,3531,0,0,0,0,0,0,42.72647507,-241.9331826,42.37871273,0.000192060352,0,0,117,62,0.02340469225,0.02340469224,3.813375928
4127,0.9375,0.703125,389.803962,71.42737094,6,3605,3487,0,0,0,0,0,0,29.55944408,-245.1346431,29.39257663,0.000192060352,0,0,48,28,0.03383013555,0.03383013554,1.647403014
4128,0.921875,0.703125,250.3453473,-182.2409706,6,3487,3530,0,0,0,0,0,0,12.63074697,-490.3515416,12.60018063,0.000192060352,0,0,62,36,0.0791718813,0.07917188129,0.5176588676
4129,0.890625,0.703125,300.1942418,300.1942418,6,3530,3511,1,0,0,0,0,1,1026.135596,0,0,0,0,0,43,23,0.0009745300761,0.0009745300725,0.3593527078
4130,0.890625,0.734375,317.4353605,317.4353605,6,3530,3318,1,0,0,0,0,1,383.5947811,0,0,0,0,0,712,356,0.002606917636,0.002606917627,4.572593077
4131,0.921875,0.734375,328.6723672,328.6723672,6,3530,3510,1,1,1,0,0,1,316.2278258,3.549978998,298.1214685,0.000192060352,0,87.38460096,690,690,0.003162277062,0.003162277062,3.616237211
4132,0.921875,0.71875,358.7726325,11.33408559,6,3605,3530,0,0,0,0,0,0,1.68385088,-305.9058185,1.683306497,0.000192060352,0,0,1138,597,0.5938768164,0.5938768163,34.91370061
4133,0.203125,0.546875,251.3224155,-76.09603815,6,3336,3644,0,0,0,0,0,0,211946.2208,-19.54618038,5081.85522,0.000192060352,0,0,2,1,4.718178018e-06,4.718177943e-06,0.008969514797
4134,0.234375,0.546875,118.8107238,11.08407562,6,3644,3383,0,0,0,0,0,0,9.989515563,6.504265294,9.970386481,0.000192060352,0,0,601,301,0.1001049544,0.1001049543,81.30788195
4135,0.234375,0.515625,83.22510212,14.28046914,6,3644,3254,0,0,0,0,0,0,8.65093556,-1.617328129,8.636585857,0.000192060352,0,0,733,361,0.115594434,0.1155944339,94.52969835
4136,0.203125,0.515625,110.1371265,-11.34968118,6,3644,3358,0,0,0,0,0,0,1.19777881e+13,5.665520675e-08,5206.696693,0.000192060352,0,0,2,0,8.348786865e-14,0,0.08348786865
4137,0.234375,0.5625,136.6035346,25.21054931,6,3383,3947,0,0,0,0,0,0,100.0166417,23.60875888,98.1316089,0.000192060352,0,0,95,43,0.009998336109,0.009998336088,14.91568254
4138,0.21875,0.546875,185.0665697,15.87952112,6,3947,3644,0,0,0,0,0,0,80.78539037,14.56623675,79.55110168,0.000192060352,0,0,67,35,0.0123784758,0.01237847579,17.36776877
4139,0.203125,0.5625,269.1152264,30.91481137,6,3947,3336,0,0,0,0,0,0,7857.520971,90.44268904,3131.586561,0.000192060352,0,0,2,1,0.0001272666028,0.0001272666027,0.2419407777
4140,0.203125,0.578125,238.5528852,-72.3295611,6,3336,3643,0,0,0,0,0,0,1.425886238e+12,1.585342915e-07,5206.696676,0.000192060352,0,0,1,0,7.01318221e-13,0,0.701318221
4141,0.203125,0.609375,49.49151676,58.5642682,6,3643,3384,0,0,0,0,0,0,5019.808214,74.71282531,2555.772385,0.000192060352,0,0,3,1,0.000199210798,0.0001992107974,0.4695533725
4142,0.234375,0.609375,44.91651119,82.68541321,6,3643,3283,0,0,0,0,0,0,147.0660511,-3.471971971,143.0261965,0.000192060352,0,0,39,23,0.006799665811,0.006799665806,10.19292648
4143,0.234375,0.578125,106.0411935,-21.84232701,6,3643,3383,0,0,0,0,0,0,144.1966418,-10.64243385,140.31081,0.000192060352,0,0,67,31,0.006934974265,0.006934974255,9.27522678
4144,0.21875,0.578125,172.2970393,-12.81379717,6,3947,3643,0,0,0,0,0,0,302.2172713,1.652621956,285.6377277,0.000192060352,0,0,30,9,0.003308877735,0.003308877726,3.944846138
4145,0.171875,0.046875,-228.0579732,-228.0579732,6,3324,3756,1,0,0,0,0,1,49720.23337,0,0,0,0,0,5,3,2.011253633e-05,2.011253629e-05,0.03567106988
4146,0.171875,0.015625,-215.1962501,-322.0203136,6,3756,3351,0,0,0,0,0,0,7.826897604,-79.94201563,7.815149584,0.000192060352,0,0,25,14,0.1277645436,0.1277645436,1.94322493
4147,0.140625,0.015625,-561.3926657,-213.96746,6,3756,3280,0,0,0,0,0,0,21.88228848,98.33571885,21.79070824,0.000192060352,0,0,28,14,0.04569905935,0.04569905934,1.021275402
4148,0.140625,0.046875,-591.714156,-151.812275,6,3756,3349,0,0,0,0,0,0,494.8658494,165.5228257,451.9140784,0.000192060352,0,0,12,5,0.002020749666,0.002020749666,0.2296188959
4149,0.640625,0.4375,746.1086974,96.65175001,6,3457,3577,0,0,0,0,0,0,3190.826458,-61.47080932,1978.400687,0.000192060352,0,0,5,2,0.0003133984293,0.0003133984287,0.4104486776
4150,0.65625,0.453125,349.6275786,97.26639477,6,3577,3573,0,0,0,0,0,0,168.7362961,-7.918998206,163.4396181,0.000192060352,0,0,25,16,0.0059264072,0.005926407199,4.011717898
4151,0.671875,0.4375,325.3424972,50.24930649,6,3577,3429,0,0,0,0,0,0,231.4751616,-66.66221232,221.6224479,0.000192060352,0,0,22,14,0.004320117947,0.004320117944,4.491844576
4152,0.640625,0.390625,28.73984929,28.73984929,6,3292,3572,0,0,0,0,0,0,1e+300,0,1e+300,0,0,0,0,0,0,0,0
4153,0.640625,0.421875,506.985748,173.2779287,6,3572,3457,0,0,0,0,0,0,8.925277008e+13,-2.487081474e-08,5206.696695,0.000192060352,0,0,1,0,1.120413405e-14,0,0.01120413405
4154,0.671875,0.421875,86.21954786,85.91479572,6,3572,3429,0,0,0,0,0,0,5154.277771,-46.15209253,2590.177316,0.000192060352,0,0,5,1,0.0001940136028,0.0001940136009,0.2042606298
4155,0.671875,0.390625,214.6641462,72.50417747,6,3572,3482,0,0,0,0,0,0,1238.849756,-45.21548631,1000.73981,0.000192060352,0,0,4,1,0.0008072003849,0.0008072003842,0.8498334919
4156,0.65625,0.421875,296.6026479,124.2258964,6,3577,3572,0,0,0,0,0,0,7.251193949e+11,-3.21261524e-07,5206.696658,0.000192060352,0,0,2,0,1.379083234e-12,0,1.379083234
4157,0.828125,0.703125,271.2481704,271.2481704,6,3486,3620,1,0,0,0,0,1,81.23324018,0,0,0,0,0,91,40,0.0123102316,0.01231023159,0.9145965122
4158,0.828125,0.734375,326.0348265,326.0348265,6,3620,3512,1,0,0,0,0,1,280.1898542,0,0,0,0,0,1037,515,0.003569008603,0.003569008589,2.564779371
4159,0.859375,0.734375,264.1060017,264.1060017,6,3620,3318,1,1,1,0,0,1,2683.934494,-52.33395076,1771.015837,0.000192060352,0,66.15348642,32,32,0.0003725873348,0.0003725873348,1.598519787
4160,0.859375,0.703125,440.2844524,-225.4001092,6,3620,3511,0,0,0,0,0,0,788.2934749,-524.6702509,684.6391594,0.000192060352,0,0,31,15,0.001268563082,0.00126856308,0.8584654903
4161,0.8125,0.734375,319.5234513,319.5234513,6,3512,3632,1,1,1,0,0,1,3863.418792,-652.9180345,3683.478354,1.197360224e-05,0,22.89289383,113,113,0.0002588381053,0.0002588381053,0.1067773356
4162,0.828125,0.71875,321.0782205,-24.26460898,6,3632,3620,0,0,0,0,0,0,2.036808644,-319.3648679,2.036012176,0.000192060352,0,0,936,467,0.4909641378,0.4909641377,33.9806907
4163,0.8125,0.703125,421.2841576,421.2841576,6,3632,3486,1,1,1,0,0,1,467.7414296,263.2727857,579.2173722,1.197360224e-05,0,181.0733166,26,26,0.002137933347,0.002137933347,0.09618346797
4164,0.765625,0.734375,340.9311511,340.9311511,6,3251,3619,1,1,1,0,0,1,4875.486709,71.23023314,2517.825694,0.000192060352,0,69.23771757,74,74,0.0002051077276,0.0002051077276,0.6887803231
4165,0.796875,0.734375,299.5852021,299.5852021,6,3619,3512,1,1,1,0,0,1,223.5290692,-5.289995567,214.3277486,0.000192060352,0,98.24592394,493,493,0.004473691066,0.004473691066,2.821940242
4166,0.796875,0.703125,250.5512498,250.5512498,6,3619,3486,1,0,0,0,0,1,85.62181887,0,0,0,0,0,59,33,0.01167926602,0.01167926602,0.2934575649
4167,0.765625,0.703125,340.3232947,-130.5563958,6,3619,3485,0,0,0,0,0,0,66.58775124,-420.8731672,65.7469226,0.000192060352,0,0,18,9,0.01501777701,0.01501777701,0.4572614179
4168,0.796875,0.71875,281.7653809,9.327732579,6,3632,3619,0,0,0,0,0,0,1.694162341,-265.0768676,1.693611271,0.000192060352,0,0,872,426,0.5902622056,0.5902622054,32.71020607
4169,0.140625,0.609375,-228.7021996,-228.7021996,6,3273,3642,1,1,1,0,0,1,3064.826744,-439.2545828,3071.632657,1.197360224e-05,0,57.60601165,13,13,0.0003262827179,0.0003262827179,0.2459498679
4170,0.171875,0.609375,42.77874477,-57.93111467,6,3642,3384,0,0,0,0,0,0,1.910862619e+13,-1.907892511e-08,5206.696694,0.000192060352,0,0,1,0,5.233238591e-14,0,0.05233238591
4171,0.171875,0.578125,231.8401132,231.8401132,6,3642,3336,0,0,0,0,0,0,1e+300,280.4808599,20160.26195,0,0,0,0,0,0,0,0
4172,0.140625,0.578125,-179.2433706,-179.2433706,6,3642,3357,1,1,1,0,0,1,2359.178737,-367.6418141,2474.646918,1.197360224e-05,0,61.62410961,10,10,0.0004238763194,0.0004238763194,0.3513141489
4173,0.140625,0.5625,-25.63329634,-25.63329634,6,3357,3985,1,0,0,0,0,1,163240.0638,0,0,0,0,0,3,1,6.125947127e-06,6.125946445e-06,0.00631711065
4174,0.15625,0.578125,142.8393075,-14.94907556,6,3985,3642,0,0,0,0,0,0,13157.69349,24.10562748,3730.48702,0.000192060352,0,0,1,1,7.60011624e-05,7.60011624e-05,0.1317406312
4175,0.171875,0.5625,246.3702665,-40.9441741,6,3985,3336,0,0,0,0,0,0,829.5398823,1.389429956,715.53898,0.000192060352,0,0,2,2,0.00120548755,0.00120548755,0.7075227743
4176,0.171875,0.546875,165.9667346,-86.90211025,6,3336,3645,0,0,0,0,0,0,2715.089568,33.96885677,1784.527809,0.000192060352,0,0,2,2,0.0003683119746,0.0003683119746,0.2707327177
4177,0.171875,0.515625,1.309107197,1.309107197,6,3645,3358,1,1,1,0,0,1,6655.27484,123.0421254,7935.820204,1.197360224e-05,0,169.5202943,1,1,0.0001502567548,0.0001502567548,0.2684336714
4178,0.140625,0.515625,-127.8188995,-127.8188995,6,3645,3282,1,0,0,0,0,1,246.8663859,0,0,0,0,0,100,53,0.004050774254,0.004050774252,0.1014510207
4179,0.140625,0.546875,-104.0562424,-104.0562424,6,3645,3357,1,0,0,0,0,1,2599.206312,0,0,0,0,0,35,18,0.0003847328299,0.0003847328293,0.4704874634
4180,0.15625,0.546875,76.96592895,-15.71534969,6,3985,3645,0,0,0,0,0,0,1498.39525,30.09820157,1163.546997,0.000192060352,0,0,2,2,0.0006673806529,0.0006673806529,0.4236032878
4181,0.953125,0.578125,246.1442119,80.33675646,6,3488,3585,0,0,0,0,0,0,336.02261,-161.6179191,315.6515271,0.000192060352,0,0,16,9,0.002975990217,0.002975990214,3.876246562
4182,0.953125,0.609375,291.5430272,14.35339457,6,3585,3523,0,0,0,0,0,0,1970.14614,-235.4889027,1429.31281,0.000192060352,0,0,6,3,0.0005075765597,0.0005075765592,0.3762151564
4183,0.984375,0.609375,-82.2415181,268.7164309,6,3585,3319,0,0,0,0,0,0,8.494254366e+11,-1.761084661e-06,5206.696663,0.000192060352,0,0,4,0,1.17726637e-12,0,1.17726637
4184,0.984375,0.578125,85.77451693,424.0204714,6,3585,3524,0,0,0,0,0,0,1227.803576,163.1087281,993.519396,0.000192060352,0,0,9,4,0.0008144625242,0.0008144625213,1.173036963
4185,0.9375,0.609375,478.4352999,-20.6080744,6,3523,3589,0,0,0,0,0,0,721.9665994,-238.1067796,634.0486751,0.000192060352,0,0,12,6,0.001385105628,0.001385105627,1.014505326
4186,0.953125,0.59375,268.8436196,149.5709179,6,3589,3585,0,0,0,0,0,0,507.0572706,-73.42104416,462.059345,0.000192060352,0,0,12,6,0.001972163813,0.001972163808,2.438286626
4187,0.9375,0.578125,433.0364846,22.76951814,6,3589,3488,0,0,0,0,0,0,339.4390978,-186.8415654,318.6644711,0.000192060352,0,0,29,15,0.002946036583,0.00294603658,3.660288063
4188,0.890625,0.609375,243.129138,243.129138,6,3300,3584,1,0,0,0,0,1,1574.35326,0,0,0,0,0,28,15,0.0006351814585,0.000635181455,2.956673714
4189,0.921875,0.609375,250.9292219,250.9292219,6,3584,3523,1,0,0,0,0,1,3607.576625,0,0,0,0,0,38,19,0.0002771943894,0.0002771943867,1.713265664
4190,0.921875,0.578125,243.5437752,243.5437752,6,3584,3488,1,0,0,0,0,1,1240.030845,0,0,0,0,0,58,28,0.0008064315529,0.0008064315465,3.378353925
4191,0.890625,0.578125,215.7282382,35.17333159,6,3584,3509,0,0,0,0,0,0,91.10031573,-183.0678675,89.53376505,0.000192060352,0,0,77,41,0.01097691037,0.01097691035,8.651041106
4192,0.921875,0.59375,375.4588732,63.21201137,6,3589,3584,0,0,0,0,0,0,5001.572176,-160.8857819,2551.036777,0.000192060352,0,0,8,3,0.0001999371327,0.0001999371323,0.3223801032
4193,0.6875,0.765625,829.9283836,276.789168,6,3462,3708,0,0,0,0,0,0,2690.365888,62.289348,1773.813875,0.000192060352,0,0,8,4,0.0003716966545,0.0003716966533,0.2126962406
4194,0.671875,0.78125,440.7669531,53.330372,6,3708,3612,0,0,0,0,0,0,2503.138046,-196.4079082,1690.448762,0.000192060352,0,0,9,5,0.0003994985421,0.0003994985418,0.541807808
4195,0.6875,0.796875,472.723039,86.86582752,6,3708,3441,0,0,0,0,0,0,372.2174996,-182.1231049,347.3836588,0.000192060352,0,0,17,10,0.002686601251,0.002686601248,2.480581643
4196,0.734375,0.765625,284.8339774,284.8339774,6,3251,3611,1,0,0,0,0,1,3061.878077,0,0,0,0,0,8,5,0.0003265969366,0.0003265969359,0.455538459
4197,0.703125,0.765625,577.7956196,-86.27431996,6,3611,3462,0,0,0,0,0,0,2397.556685,-321.4265241,1641.627369,0.000192060352,0,0,9,4,0.0004170912855,0.0004170912854,0.2054460108
4198,0.703125,0.796875,220.5902751,23.11056212,6,3611,3441,0,0,0,0,0,0,455.002512,-266.5307544,418.4362307,0.000192060352,0,0,14,9,0.002197790064,0.002197790064,2.00828924
4199,0.734375,0.796875,297.4440922,297.4440922,6,3611,3497,1,0,0,0,0,1,6644.366584,0,0,0,0,0,24,18,0.0001505034359,0.000150503435,1.849360377
4200,0.703125,0.78125,399.1929473,57.77293183,6,3708,3611,0,0,0,0,0,0,283.5217799,-217.0608543,268.880359,0.000192060352,0,0,17,10,0.003527065894,0.003527065892,2.652359569
4201,0.796875,0.921875,540.0197625,47.28527286,6,3492,3655,0,0,0,0,0,0,294.4901348,-307.0641607,278.7254567,0.000192060352,0,0,6,5,0.003395699488,0.003395699488,1.336199267
4202,0.796875,0.890625,647.2149475,-615.3973196,6,3655,3496,0,0,0,0,0,0,1999.382118,-975.5343048,1444.638136,0.000192060352,0,0,3,2,0.0005001545183,0.0005001545181,0.02207321617
4203,0.765625,0.890625,302.4811865,302.4811865,6,3655,3313,0,0,0,0,0,0,1e+300,-703.5314328,54.08777203,0,0,0,0,0,0,0,0
4204,0.765625,0.921875,410.6763003,645.2476428,6,3655,3495,0,0,0,0,0,0,501.773148,295.7868975,457.667407,0.000192060352,0,0,4,4,0.001992932472,0.001992932472,1.033591871
4205,0.765625,0.875,356.0787791,356.0787791,6,3313,3703,0,0,0,0,0,0,1e+300,-678.4202886,25040.57492,0,0,0,0,0,0,0,0
4206,0.78125,0.890625,474.848067,684.6173898,6,3703,3655,0,0,0,0,0,0,232.201028,392.4651901,222.2877477,0.000192060352,0,0,3,2,0.004306613147,0.004306613147,0.1907063867
4207,0.796875,0.875,700.8125401,105.1554054,6,3703,3496,0,0,0,0,0,0,46.10458119,-200.7509589,45.69991475,0.000192060352,0,0,12,7,0.02168981854,0.02168981854,0.9462266246
4208,0.796875,0.828125,356.1115164,24.88449498,6,3491,3537,0,0,0,0,0,0,10.11662109,-274.7036537,10.0970026,0.000192060352,0,0,13,6,0.09884723277,0.09884723277,0.9685425454
4209,0.765625,0.828125,195.2504632,55.14399738,6,3537,3497,0,0,0,0,0,0,3046.065405,-252.6808527,1921.7734,0.000192060352,0,0,1,1,0.0003282923598,0.0003282923598,0.1936980626
4210,0.765625,0.859375,318.7201931,318.7201931,6,3537,3313,1,0,0,0,0,1,428424.255,0,0,0,0,0,1,1,2.334134887e-06,2.334134887e-06,0.06855936872
4211,0.796875,0.859375,310.2460712,310.2460712,6,3537,3496,1,1,1,0,0,1,776.8747871,-33.55539923,676.0095301,0.000192060352,0,132.3595367,33,33,0.00128720872,0.00128720872,7.282450055
4212,0.78125,0.859375,295.3114031,295.3114031,6,3703,3537,1,1,1,0,0,1,11934.00838,432.3795387,10195.88519,1.197360224e-05,0,116.273992,7,7,8.37941426e-05,8.37941426e-05,0.5615526644
4213,0.640625,0.640625,189.7779986,189.7779986,6,3297,3682,1,0,0,0,0,1,10.94313534,0,0,0,0,0,820,410,0.09138148885,0.09138148882,2.170996155
4214,0.640625,0.671875,307.5440662,-65.04234664,6,3682,3463,0,0,0,0,0,0,6643.809379,-258.9781566,2919.0568,0.000192060352,0,0,16,6,0.0001505160583,0.0001505160575,0.1118711624
4215,0.671875,0.671875,292.8287882,-190.8343303,6,3682,3435,0,0,0,0,0,0,77.79039203,-421.6465719,76.64527709,0.000192060352,0,0,9,4,0.01285505798,0.01285505798,0.06539664821
4216,0.671875,0.640625,258.8741598,258.8741598,6,3682,3484,1,1,1,0,0,1,13.08325223,53.36933804,13.05045937,0.000192060352,0,91.48106747,367,367,0.07643359481,0.07643359481,3.292681962
4217,0.6875,0.640625,316.9884285,316.9884285,6,3484,3686,1,1,1,0,0,1,230.4052285,93.77827798,231.2151165,9.523871863e-05,0,51.32714836,72,72,0.004340179286,0.004340179286,0.456190796
4218,0.671875,0.65625,349.3799814,-90.82247923,6,3686,3682,0,0,0,0,0,0,12.16086653,-290.6287475,12.13252955,0.000192060352,0,0,545,278,0.08223098225,0.08223098221,13.51818415
4219,0.6875,0.671875,446.9895775,100.1151602,6,3686,3435,0,0,0,0,0,0,7698.666468,-120.2097947,3106.043646,0.000192060352,0,0,4,2,0.0001298926255,0.0001298926243,0.2469298165
4220,0.703125,0.671875,320.9780954,320.9780954,6,3435,3685,0,0,0,0,0,0,1e+300,152.5291317,639.09263,0,0,0,0,0,0,0,0
4221,0.734375,0.671875,411.82295,-28.1714388,6,3685,3485,0,0,0,0,0,0,541.7145471,-298.4191482,490.6648504,0.000192060352,0,0,18,11,0.001845990671,0.00184599067,0.7962769093
4222,0.734375,0.640625,182.0575176,-126.3594494,6,3685,3311,0,0,0,0,0,0,5.030684717,-363.5002455,5.025828786,0.000192060352,0,0,836,446,0.1987800978,0.1987800978,1.437740854
4223,0.703125,0.640625,230.5505961,230.5505961,6,3685,3484,1,1,1,0,0,1,49.91276927,17.50953218,49.43883548,0.000192060352,0,105.5584768,265,265,0.02003495327,0.02003495327,2.53953107
4224,0.703125,0.65625,377.5292886,-30.07500525,6,3686,3685,0,0,0,0,0,0,42.95871294,-237.4265986,42.60717538,0.000192060352,0,0,299,145,0.02327816482,0.0232781648,13.78973294
4225,0.421875,0.453125,130.7067626,130.7067626,6,3377,3813,1,0,0,0,0,1,1426.432835,0,0,0,0,0,42,23,0.000701049482,0.0007010494805,1.234348096
4226,0.390625,0.453125,86.018775,86.018775,6,3813,3409,1,1,1,0,0,1,2694.321846,-36.60819035,1775.532679,0.000192060352,0,195.2029014,14,14,0.0003711509082,0.0003711509082,1.031403039
4227,0.390625,0.484375,169.9244004,-18.55504126,6,3813,3284,0,0,0,0,0,0,462.3416441,-158.7530305,424.6351085,0.000192060352,0,0,14,6,0.002162902721,0.002162902719,0.1223330685
4228,0.421875,0.484375,236.0181068,61.30101279,6,3813,3408,0,0,0,0,0,0,1614.045142,-42.83403829,1232.101098,0.000192060352,0,0,9,4,0.0006195613579,0.0006195613568,0.604700644
4229,0.375,0.484375,196.7335035,24.45565014,6,3284,3878,0,0,0,0,0,0,213.7646457,-98.4925946,205.3344917,0.000192060352,0,0,5,3,0.004678042044,0.004678042042,0.2263634885
4230,0.390625,0.46875,187.3793462,81.24177407,6,3878,3813,0,0,0,0,0,0,43.20950442,-36.9636382,42.85386735,0.000192060352,0,0,5,3,0.02314305645,0.02314305645,0.9483645643
4231,0.375,0.453125,231.6433951,16.14740852,6,3878,3409,0,0,0,0,0,0,7388.892972,-89.23676868,3054.380591,0.000192060352,0,0,10,6,0.0001353382711,0.000135338271,0.2032937052
4232,0.28125,0.5,56.83421671,56.83421671,5,3254,3406,1,0,0,0,0,1,6.055146032,0,0,0,0,0,437,218,0.1651487833,0.1651487833,1.49659421
4233,0.3125,0.53125,17.16034231,17.16034231,5,3406,3387,1,1,1,0,0,1,3055.164481,-130.1656443,2687.638819,1.197360224e-05,0,87.77584415,6,6,0.0003273146196,0.0003273146196,0.0465077988
4234,0.34375,0.5,115.553682,115.553682,5,3406,3284,1,0,0,0,0,1,71.20953892,0,0,0,0,0,26,16,0.01404306242,0.01404306242,1.247903317
4235,0.3125,0.46875,50.34579743,50.34579743,5,3406,3376,1,1,1,0,0,1,21910.25139,-208.3663535,15823.37906,1.197360224e-05,0,26.47007249,13,13,4.564073602e-05,4.564073602e-05,0.0894677412
4236,0.328125,0.453125,49.3996947,49.3996947,6,3376,3884,1,1,1,0,0,1,892.5027629,36.58289528,761.9018203,0.000192060352,0,36.41951499,42,42,0.001120444711,0.001120444711,2.549488917
4237,0.328125,0.484375,108.2138775,6.411239744,6,3884,3406,0,0,0,0,0,0,122.7979382,-9.585883824,119.9685266,0.000192060352,0,0,8,5,0.008143459205,0.008143459205,0.2607997959
4238,0.359375,0.484375,45.38633357,45.38633357,6,3884,3284,1,0,0,0,0,1,130.380981,0,0,0,0,0,5,3,0.007669830308,0.007669830308,0.4608291648
4239,0.359375,0.453125,87.96547606,87.96547606,6,3884,3409,1,1,1,0,0,1,761.2882693,46.74046851,1508.163168,0.000192060352,0,37.71989428,50,50,0.001313562865,0.001313562865,3.354834787
4240,0.359375,0.46875,23.42361786,23.42361786,6,3878,3884,1,0,0,0,0,1,1.138158399e+13,0,0,0,0,0,1,0,8.786123272e-14,0,0.08786123272
4241,0.046875,0.296875,-86.10288779,-420.9472203,6,3329,3550,0,0,0,0,0,0,10.0006481,272.519109,9.981476398,0.000192060352,0,0,7,4,0.09999351943,0.09999351943,2.239627468
4242,0.046875,0.265625,-180.8970222,-1196.523067,6,3550,3352,0,0,0,0,0,0,43.15322849,-481.7785692,42.79851338,0.000192060352,0,0,2,2,0.0231732372,0.0231732372,0.4585318044
4243,0.015625,0.265625,-907.1316985,-907.1316985,6,3550,3255,1,0,0,0,0,1,1e+300,0,0,0,0,0,1,1,0,0,0
4244,0.015625,0.296875,-900.9587982,-900.9587982,6,3550,3334,1,0,0,0,0,1,258987.4224,0,0,0,0,0,23,11,3.861191369e-06,3.861188997e-06,1.99568727
4245,0,0.296875,-162.9556704,-66.62958441,6,3334,3663,0,0,0,0,0,0,390.1175446,938.644367,362.9249861,0.000192060352,0,0,19,9,0.002563329986,0.002563329984,1.211499435
4246,0.015625,0.28125,-904.0452484,-904.0452484,6,3663,3550,1,0,0,0,0,1,1e+300,0,0,0,0,0,0,0,0,0,0
4247,0,0.265625,-114.6605316,-565.424496,6,3663,3255,0,0,0,0,0,0,7530.509569,446.7553731,3078.310775,0.000192060352,0,0,1,1,0.0001327931385,0.0001327931385,0.2524470245
4248,0.859375,0.75,334.8763946,334.8763946,6,3318,3631,1,1,1,0,0,1,2109.070342,12.2734449,1501.044184,0.000192060352,0,85.16355023,12,12,0.0004741425547,0.0004741425547,0.8361754167
4249,0.84375,0.734375,329.2687446,329.2687446,6,3631,3620,1,1,1,0,0,1,57582.33951,464.9901916,34839.85959,1.197360224e-05,0,129.0776649,8,8,1.736643576e-05,1.736643576e-05,0.2565895719
4250,0.828125,0.75,559.0534946,-525.7565867,6,3631,3512,0,0,0,0,0,0,54.13723016,-857.9275525,53.58012462,0.000192060352,0,0,11,6,0.01847157672,0.01847157671,0.04966434915
4251,0.84375,0.765625,355.2670782,1.826932386,6,3631,3539,0,0,0,0,0,0,3.390354944,-330.8828634,3.388148741,0.000192060352,0,0,18,12,0.2949543681,0.2949543681,1.140266443
4252,0.984375,0.78125,427.1838509,556.8808971,6,3629,3545,0,0,0,0,0,0,26.39183307,202.4255526,26.25873216,0.000192060352,0,0,17,12,0.03789050944,0.03789050944,1.048921175
4253,1,0.765625,411.1323074,-84.3859509,6,3629,3264,0,0,0,0,0,0,76.12300212,-437.5014386,75.02610467,0.000192060352,0,0,9,6,0.01313663377,0.01313663377,0.3610960997
4254,1,0.796875,765.7340301,169.410323,6,3527,3629,0,0,0,0,0,0,9342.713899,-203.4297623,3343.412248,0.000192060352,0,0,4,1,0.0001070352802,0.0001070352797,0.1855352601
4255,0.703125,0.75,756.3982919,449.7910941,6,3462,3709,0,0,0,0,0,0,1756.964991,244.5076433,1313.67436,0.000192060352,0,0,2,1,0.0005691633045,0.0005691633042,0.3324967314
4256,0.71875,0.765625,325.6628557,-69.45410761,6,3709,3611,0,0,0,0,0,0,287.9093534,-335.0715245,272.8233227,0.000192060352,0,0,6,3,0.003473315431,0.00347331543,0.452564057
4257,0.734375,0.75,252.132764,252.132764,6,3709,3251,0,0,0,0,0,0,1e+300,1515.114016,1953.146482,0,0,0,0,0,0,0,0
4258,0.71875,0.734375,349.7423601,34.52311243,6,3709,3684,0,0,0,0,0,0,19844.49098,-214.5888123,4124.524831,0.000192060352,0,0,12,5,5.039181913e-05,5.039181895e-05,0.09637124735
4259,0.640625,0.609375,176.6619194,176.6619194,6,3297,3599,1,0,0,0,0,1,744.0836552,0,0,0,0,0,68,39,0.00134393491,0.001343934907,0.1321204934
4260,0.671875,0.609375,192.3843371,192.3843371,6,3599,3484,1,0,0,0,0,1,583.19016,0,0,0,0,0,57,30,0.001714706572,0.00171470657,0.4927139166
4261,0.671875,0.578125,191.4518756,191.4518756,6,3599,3436,1,0,0,0,0,1,16.18857947,0,0,0,0,0,632,317,0.0617719425,0.0617719424,11.43541562
4262,0.640625,0.578125,197.4632203,197.4632203,6,3599,3459,1,1,1,0,0,1,20.63743633,45.34782524,20.55596001,0.000192060352,0,44.15666321,235,235,0.04845563101,0.04845563101,11.95624661
4263,0.671875,0.625,421.6648495,421.6648495,6,3484,3681,1,1,1,0,0,1,1639.493705,-509.1016047,2142.186525,1.197360224e-05,0,91.26943953,9,9,0.0006099443973,0.0006099443973,0.03554427718
4264,0.65625,0.609375,201.5542571,-56.26123567,6,3681,3599,0,0,0,0,0,0,186.8354766,-282.1046291,180.3633737,0.000192060352,0,0,31,19,0.005352302562,0.00535230256,0.2972440799
4265,0.640625,0.625,225.6846898,225.6846898,6,3681,3297,1,1,1,0,0,1,6445.261371,10.75607268,2880.075663,0.000192060352,0,50.0544692,17,17,0.0001551527459,0.0001551527459,1.36053403
4266,0.65625,0.640625,251.7703854,-326.191829,6,3681,3682,0,0,0,0,0,0,40.88782383,-565.1553262,40.56923646,0.000192060352,0,0,283,141,0.02445715879,0.02445715878,0.386615941
4267,0.875,0.765625,137.5949388,-82.14637079,6,3318,3540,0,0,0,0,0,0,3109.053399,-389.2482541,1946.655187,0.000192060352,0,0,15,7,0.0003216413074,0.000321641306,0.4379357883
4268,0.859375,0.78125,201.6766131,318.8511615,6,3540,3539,0,0,0,0,0,0,2948.498053,1.634438755,1882.47314,0.000192060352,0,0,22,11,0.0003391557268,0.0003391557257,0.172051089
4269,0.875,0.796875,340.3495617,340.3495617,6,3540,3513,1,0,0,0,0,1,5518.920718,0,0,0,0,0,43,21,0.0001811948479,0.0001811948459,1.253030755
4270,0.890625,0.78125,264.0279092,-551.3327658,6,3540,3546,0,0,0,0,0,0,47.02563487,-863.9446406,46.60471229,0.000192060352,0,0,241,114,0.02126499733,0.02126499733,2.502742478
4271,0.078125,0.296875,-177.9569726,-499.9668322,6,3329,3549,0,0,0,0,0,0,4.711604975e+12,2.210919661e-07,5206.696689,0.000192060352,0,0,1,0,2.122419017e-13,0,0.2122419017
4272,0.109375,0.296875,-173.0920606,-449.299309,6,3549,3353,0,0,0,0,0,0,1502.883122,-159.6532079,1166.251359,0.000192060352,0,0,6,4,0.0006653877375,0.0006653877373,0.4919938693
4273,0.109375,0.265625,-364.6051917,-364.6051917,6,3549,3270,0,0,0,0,0,0,1e+300,-167.1664765,354.2537294,0,0,0,0,0,0,0,0
4274,0.078125,0.265625,-272.751107,-521.2450011,6,3549,3352,0,0,0,0,0,0,1.353224115e+12,2.188317012e-07,5206.696675,0.000192060352,0,0,1,0,7.389758937e-13,0,0.7389758937
4275,0.109375,0.3125,-77.33549504,-77.33549504,6,3353,3848,0,0,0,0,0,0,1e+300,0,1e+300,0,0,0,0,0,0,0,0
4276,0.09375,0.296875,-175.5245166,-175.5245166,6,3848,3549,0,0,0,0,0,0,1e+300,0,1e+300,0,0,0,0,0,0,0,0
4277,0.078125,0.3125,-82.200407,-82.200407,6,3848,3329,0,0,0,0,0,0,1e+300,0,1e+300,0,0,0,0,0,0,0,0
4278,0.109375,0.359375,-298.495851,-298.495851,6,3266,3548,1,1,1,0,0,1,103.3016709,-315.9117002,104.4299669,1.197360224e-05,0,113.9791625,12,12,0.009680385529,0.009680385529,0.464268487
4279,0.109375,0.328125,-78.29792622,-78.29792622,6,3548,3353,0,0,0,0,0,0,1e+300,338.6021801,72.42430556,0,0,0,0,0,0,0,0
4280,0.078125,0.328125,-83.16283818,-83.16283818,6,3548,3329,0,0,0,0,0,0,1e+300,0,1e+300,0,0,0,0,0,0,0,0
4281,0.078125,0.359375,-131.457977,-425.2552249,6,3548,3333,0,0,0,0,0,0,177.8783882,10.95229059,172.0022103,0.000192060352,0,0,5,2,0.005621818425,0.005621818424,0.3042276966
4282,0.09375,0.328125,-80.7303822,-80.7303822,6,3848,3548,0,0,0,0,0,0,1e+300,0,1e+300,0,0,0,0,0,0,0,0
4283,0.5625,0.640625,171.7980713,171.7980713,6,3438,3625,1,1,1,0,0,1,348.8973278,-21.10662444,326.986197,0.000192060352,0,23.04314084,30,30,0.002866172712,0.002866172712,0.5394951479
4284,0.546875,0.65625,188.921957,188.921957,6,3625,3561,1,1,1,0,0,1,1817.325411,17.42540754,1347.128755,0.000192060352,0,89.5429917,33,33,0.0005502591852,0.0005502591852,2.680194261
4285,0.5625,0.671875,357.4231339,156.3576692,6,3625,3434,0,0,0,0,0,0,128507.6129,-46.65903958,5003.95332,0.000192060352,0,0,2,2,7.781640149e-06,7.781640149e-06,0.009816878841
4286,0.609375,0.640625,191.9093215,191.9093215,6,3297,3560,1,0,0,0,0,1,14.08891582,0,0,0,0,0,745,352,0.0709777823,0.07097778227,1.652047007
4287,0.578125,0.640625,160.536224,160.536224,6,3560,3438,1,1,1,0,0,1,21.99381523,-27.19852679,77.29468246,0.000192060352,0,43.41263742,538,538,0.0454673275,0.0454673275,15.05295105
4288,0.578125,0.671875,212.7135966,212.7135966,6,3560,3434,1,0,0,0,0,1,133.606961,0,0,0,0,0,48,31,0.007484639965,0.007484639962,0.111704744
4289,0.609375,0.671875,168.202048,168.202048,6,3560,3463,1,1,1,0,0,1,603.3837368,-123.7348098,277.5314505,9.523871863e-05,0,219.8492253,21,21,0.001657320108,0.001657320108,0.1684756188
4290,0.578125,0.65625,195.6980065,195.6980065,6,3625,3560,1,1,1,0,0,1,7.39012689,-9.150732777,7.379652574,0.000192060352,0,56.09263036,374,374,0.1353156738,0.1353156738,3.107764034
4291,0.890625,0.859375,389.5993733,389.5993733,6,3299,3543,1,0,0,0,0,1,66.71316115,0,0,0,0,0,448,223,0.01498954603,0.01498954592,37.31641181
4292,0.921875,0.859375,418.9097189,418.9097189,6,3543,3526,1,1,1,0,0,1,340.6015256,2.660766451,319.6887463,0.000192060352,0,39.17934155,122,122,0.002935982151,0.002935982151,18.96845284
4293,0.921875,0.828125,365.5229957,365.5229957,6,3543,3494,1,1,1,0,0,1,55.33727407,-23.62533672,54.75532915,0.000192060352,0,113.3293543,13,13,0.01807100217,0.01807100217,2.14248141
4294,0.890625,0.828125,390.7330947,390.7330947,6,3543,3513,1,0,0,0,0,1,88.34126214,0,0,0,0,0,17,7,0.01131973866,0.01131973865,1.120816838
4295,0.890625,0.8125,393.8795629,393.8795629,6,3513,3547,1,1,1,0,0,1,78184.66199,239.1266889,35816.93745,1.197360224e-05,0,73.25331244,6,6,1.279023244e-05,1.279023244e-05,0.1161971607
4296,0.90625,0.828125,351.1480399,-353.3109595,6,3547,3543,0,0,0,0,0,0,20.45439566,-736.0441029,20.37435544,0.000192060352,0,0,14,5,0.04888924692,0.04888924692,0.3650577477
4297,0.921875,0.8125,425.7884254,425.7884254,6,3547,3494,1,1,1,0,0,1,377.3912005,-194.6572193,469.0007731,1.197360224e-05,0,102.4344796,2,2,0.002649770314,0.002649770314,0.4234546433
4298,0.90625,0.796875,361.1243859,361.1243859,6,3547,3546,1,1,1,0,0,1,271.7981217,5.299992827,258.3137189,0.000192060352,0,25.94500038,307,307,0.00367920129,0.00367920129,14.72866541
4299,0.515625,0.5625,66.09473076,66.09473076,6,3439,3668,1,1,1,0,0,1,760.3630101,-639.313315,712.7646861,1.197360224e-05,0,88.34717923,2,2,0.001315161294,0.001315161294,0.6212973467
4300,0.53125,0.578125,127.9533728,127.9533728,6,3668,3593,1,1,1,0,0,1,383.9953909,-5.022187603,357.6207557,0.000192060352,0,50.04525003,42,42,0.002604197925,0.002604197925,6.842168627
4301,0.546875,0.5625,370.010261,7.890528811,6,3668,3433,0,0,0,0,0,0,8.60568928,-143.675172,8.591489166,0.000192060352,0,0,25,15,0.1162021969,0.1162021969,1.429321795
4302,0.515625,0.515625,140.4569249,140.4569249,6,3244,3592,1,0,0,0,0,1,105.8789828,0,0,0,0,0,385,169,0.009444745065,0.009444745038,9.709821262
4303,0.515625,0.546875,150.6747655,150.6747655,6,3592,3439,1,0,0,0,0,1,11624.34716,0,0,0,0,0,11,4,8.602633648e-05,8.602633515e-05,0.1345787843
4304,0.546875,0.546875,166.221456,166.221456,6,3592,3433,1,1,1,0,0,1,91.54219941,-25.50541304,89.9605465,0.000192060352,0,21.87536973,48,48,0.01092392368,0.01092392368,0.75783241
4305,0.546875,0.515625,144.9219036,144.9219036,6,3592,3458,1,1,1,0,0,1,2.809996837,19.27751385,2.808481129,0.000192060352,0,18.67025433,924,924,0.3558722867,0.3558722867,62.81545488
4306,0.53125,0.546875,327.7994365,70.29767939,6,3668,3592,0,0,0,0,0,0,441.0883013,-51.52770628,406.6395944,0.000192060352,0,0,36,19,0.002267119752,0.002267119749,0.8486844797
4307,0.609375,0.5,201.4909903,83.01367464,6,3310,3734,0,0,0,0,0,0,2.332803464,-55.77271127,2.331758745,0.000192060352,0,0,393,184,0.4286687736,0.4286687735,10.59032827
4308,0.59375,0.484375,141.5730647,141.5730647,6,3734,3580,1,0,0,0,0,1,3286.323301,0,0,0,0,0,18,8,0.0003042914249,0.0003042914242,1.12229208
4309,0.578125,0.5,225.3049505,225.3049505,6,3734,3458,1,1,1,0,0,1,36.92208871,116.8222902,34.16573853,9.523871863e-05,0,52.17210321,97,97,0.02708405822,0.02708405822,0.4496994326
4310,0.578125,0.546875,175.6210749,175.6210749,6,3433,3595,1,1,1,0,0,1,3485.88205,22.45654005,2989.813144,1.197360224e-05,0,23.48136379,7,7,0.0002868714391,0.0002868714391,1.878039142
4311,0.609375,0.546875,210.1350946,210.1350946,6,3595,3459,1,1,1,0,0,1,1674.498314,52.81363386,1267.019,0.000192060352,0,133.5645125,16,16,0.0005971937934,0.0005971937934,1.955749087
4312,0.609375,0.515625,201.2856165,63.20106959,6,3595,3310,0,0,0,0,0,0,3.125775533,-115.2158784,3.123900138,0.000192060352,0,0,413,193,0.3199206051,0.3199206051,7.879970978
4313,0.578125,0.515625,141.8857785,141.8857785,6,3595,3458,1,0,0,0,0,1,2.341868265,0,0,0,0,0,1380,692,0.4270095013,0.4270095012,18.72787766
4314,0.59375,0.515625,190.6768841,89.74725132,6,3734,3595,0,0,0,0,0,0,1.626740863,-65.08751098,1.626232776,0.000192060352,0,0,565,259,0.614726059,0.6147260588,21.30650991
4315,0.984375,1,554.2233013,554.2233013,6,3243,3639,1,1,1,0,0,1,1362.620979,88.65794096,1079.983406,0.000192060352,0,58.05856993,36,36,0.0007338797918,0.0007338797918,5.66493205
4316,0.96875,0.984375,309.7132062,309.7132062,6,3639,3637,0,0,0,0,0,0,1e+300,635.8587907,56.06940829,0,0,0,0,0,0,0,0
4317,0.953125,1,489.9838263,489.9838263,6,3639,3514,1,1,1,0,0,1,2423.987661,37.30236874,1653.975953,0.000192060352,0,119.2326468,19,19,0.0004125433541,0.0004125433541,2.251770522
4318,0.859375,0.890625,383.0958328,383.0958328,6,3299,3654,1,0,0,0,0,1,149.3857272,0,0,0,0,0,19,10,0.006694079943,0.006694079942,0.4119957693
4319,0.828125,0.890625,601.2869729,-50.62621952,6,3654,3496,0,0,0,0,0,0,10.31473402,-425.6014824,10.2943404,0.000192060352,0,0,11,7,0.09694869477,0.09694869477,1.48148108
4320,0.828125,0.921875,368.7721668,368.7721668,6,3654,3492,1,0,0,0,0,1,1564.845078,0,0,0,0,0,50,31,0.0006390408954,0.0006390408926,0.7240055882
4321,0.859375,0.921875,377.7040957,377.7040957,6,3654,3515,1,1,1,0,0,1,218.4871206,2.559348855,209.68804,0.000192060352,0,55.84321657,211,211,0.004576928824,0.004576928824,8.203216083
4322,0.859375,0.9375,420.3875459,420.3875459,6,3515,3690,1,1,1,0,0,1,630.2448034,44.73547703,562.1940049,0.000192060352,0,78.31163464,116,116,0.001586685038,0.001586685038,3.788824676
4323,0.84375,0.921875,405.7597001,405.7597001,6,3690,3654,1,1,1,0,0,1,1795.375704,29.45066537,1335.029997,0.000192060352,0,34.63637822,59,59,0.0005569864834,0.0005569864834,1.948195647
4324,0.828125,0.9375,786.4780305,-423.7325037,6,3690,3492,0,0,0,0,0,0,384.5026073,-793.1268887,358.0606497,0.000192060352,0,0,20,10,0.002600762598,0.002600762596,0.5465008848
4325,0.84375,0.953125,666.9758443,-190.245243,6,3690,3657,0,0,0,0,0,0,105.7379559,-580.9321785,103.6333624,0.000192060352,0,0,5,2,0.009457341892,0.009457341892,0.4128079823
4326,0.828125,0.671875,247.0454033,247.0454033,6,3486,3621,1,0,0,0,0,1,4098.77206,0,0,0,0,0,26,13,0.0002439755091,0.0002439755074,2.113699609
4327,0.859375,0.671875,254.0821741,254.0821741,6,3621,3511,1,1,1,0,0,1,4086.703385,-20.98531586,2289.606042,0.000192060352,0,86.78485533,12,12,0.000244696007,0.000244696007,1.000028499
4328,0.859375,0.640625,243.6903525,243.6903525,6,3621,3300,1,0,0,0,0,1,6143.722987,0,0,0,0,0,26,15,0.0001627677553,0.0001627677545,0.9771530846
4329,0.828125,0.640625,330.8037184,-258.5566086,6,3621,3490,0,0,0,0,0,0,22.46430363,-496.5969857,22.36779772,0.000192060352,0,0,541,274,0.04451506783,0.04451506781,6.984342089
4330,0.828125,0.625,392.3133768,17.37396841,6,3490,3724,0,0,0,0,0,0,57.94082687,-210.3364357,57.30314965,0.000192060352,0,0,33,17,0.01725898739,0.01725898738,1.453243031
4331,0.84375,0.640625,260.0414699,304.468585,6,3724,3621,0,0,0,0,0,0,18.07252226,56.29010689,18.01000924,0.000192060352,0,0,29,15,0.05533261965,0.05533261964,1.223792366
4332,0.859375,0.625,250.7888798,250.7888798,6,3724,3300,0,0,0,0,0,0,1e+300,5.679137325,1286.432524,0,0,0,0,0,0,0,0
4333,0.859375,0.609375,191.9297077,42.85501994,6,3300,3725,0,0,0,0,0,0,8985.524937,-164.1901793,3296.51722,0.000192060352,0,0,2,2,0.0001112901035,0.0001112901035,0.09808179132
4334,0.859375,0.578125,170.0537032,97.96200139,6,3725,3509,0,0,0,0,0,0,12379.6116,-84.29631479,3665.174164,0.000192060352,0,0,9,1,8.077797853e-05,8.077797692e-05,0.1058132244
4335,0.828125,0.578125,215.7358604,50.17867767,6,3725,3489,0,0,0,0,0,0,97.65363881,-145.7869554,95.85582521,0.000192060352,0,0,64,33,0.01024027381,0.0102402738,5.782161708
4336,0.828125,0.609375,220.7633228,220.7633228,6,3725,3490,1,1,1,0,0,1,586.3397632,19.19039759,526.9936278,0.000192060352,0,155.5666778,23,23,0.001705495794,0.001705495794,1.16833944
4337,0.84375,0.609375,262.6919562,138.6133671,6,3724,3725,0,0,0,0,0,0,31919.54305,-73.10161079,4476.493726,0.000192060352,0,0,5,2,3.132876929e-05,3.132876924e-05,0.04855181863
4338,0.921875,0.75,588.3145832,588.3145832,6,3510,3606,1,1,1,0,0,1,944.8358665,-504.9869087,1387.879955,1.197360224e-05,0,98.23111085,8,8,0.001058384885,0.001058384885,0.06211482547
4339,0.90625,0.734375,349.7246315,349.7246315,6,3606,3530,1,1,1,0,0,1,6254.211205,280.3742961,6167.034797,1.197360224e-05,0,74.07865752,148,148,0.0001598922657,0.0001598922657,0.339333295
4340,0.890625,0.75,313.3727854,313.3727854,6,3606,3318,1,1,1,0,0,1,31569.52478,809.7225275,33073.56956,1.197360224e-05,0,79.39784325,6,6,3.167611825e-05,3.167611825e-05,0.008080901315
4341,0.90625,0.765625,423.1429437,-424.8237905,6,3606,3546,0,0,0,0,0,0,15.3398269,-777.7705722,15.29476588,0.000192060352,0,0,11,7,0.06518978387,0.06518978387,0.2596999769
4342,0.890625,0.640625,281.400305,281.400305,6,3300,3529,1,1,1,0,0,1,641.3977255,33.23006198,571.0515529,0.000192060352,0,90.16553089,141,141,0.001559095021,0.001559095021,3.898387382
4343,0.890625,0.671875,278.6475067,278.6475067,6,3529,3511,1,1,1,0,0,1,1196.738889,-1.125166334,973.0802005,0.000192060352,0,101.1945278,28,28,0.0008356041649,0.0008356041649,3.067575534
4344,0.921875,0.671875,256.0391655,-209.2970821,6,3529,3487,0,0,0,0,0,0,190.5483249,-496.9988298,183.8210661,0.000192060352,0,0,78,34,0.005248012547,0.005248012541,0.8958293332
4345,0.921875,0.640625,256.2628794,256.2628794,6,3529,3523,1,0,0,0,0,1,95.13238432,0,0,0,0,0,730,362,0.01051166758,0.01051166755,8.618948468
4346,0.875,0.671875,222.1181596,222.1181596,6,3511,3618,1,1,1,0,0,1,6389.492614,-306.9780172,4565.854294,1.197360224e-05,0,79.66828413,5,5,0.0001565069498,0.0001565069498,0.7905200431
4347,0.890625,0.65625,333.7136673,-202.6917665,6,3618,3529,0,0,0,0,0,0,247.8882698,-449.2545727,236.6227758,0.000192060352,0,0,100,47,0.004034075516,0.004034075511,2.517642442
4348,0.875,0.640625,172.8778586,172.8778586,6,3618,3300,1,1,1,0,0,1,11954.93496,-181.0396184,7931.391044,1.197360224e-05,0,55.42266231,9,9,8.364746472e-05,8.364746472e-05,0.3296253239
4349,0.859375,0.65625,317.628746,-23.13302976,6,3618,3621,0,0,0,0,0,0,452.3189767,-264.9646544,416.1656121,0.000192060352,0,0,21,12,0.002210829197,0.002210829196,1.286702312
4350,0.0625,0.359375,-157.0755712,-462.3074023,6,3333,3721,0,0,0,0,0,0,153.5202743,60.04837197,149.1233488,0.000192060352,0,0,2,1,0.006513797638,0.006513797638,0.1327222625
4351,0.078125,0.34375,-107.3104076,-107.3104076,6,3721,3548,0,0,0,0,0,0,1e+300,0,1e+300,0,0,0,0,0,0,0,0
4352,0.0625,0.328125,-108.7804324,-108.7804324,6,3721,3329,0,0,0,0,0,0,1e+300,0,1e+300,0,0,0,0,0,0,0,0
4353,0.046875,0.328125,-134.3980266,-134.3980266,6,3329,3551,0,0,0,0,0,0,1e+300,-229.3529346,20.45019488,0,0,0,0,0,0,0,0
4354,0.015625,0.328125,-185.633215,-185.633215,6,3551,3334,0,0,0,0,0,0,1e+300,0,1e+300,0,0,0,0,0,0,0,0
4355,0.015625,0.359375,-233.9283539,389.3260185,6,3551,3269,0,0,0,0,0,0,819.9990677,1276.85226,708.4290636,0.000192060352,0,0,1,1,0.001219513582,0.001219513582,0.04720633763
4356,0.046875,0.359375,-182.6931654,-170.1230632,6,3551,3333,0,0,0,0,0,0,157.9583501,473.9562003,153.3073818,0.000192060352,0,0,7,2,0.006330782763,0.006330782763,0.1695303916
4357,0.046875,0.34375,-158.545596,-610.5638517,6,3721,3551,0,0,0,0,0,0,31.15915588,54.75598586,30.97379511,0.000192060352,0,0,2,1,0.0320932956,0.03209329559,0.6539188103
4358,0.046875,0.578125,-311.975482,-311.975482,6,3337,3862,1,0,0,0,0,1,3.768350807,0,0,0,0,0,389,190,0.2653680751,0.2653680751,1.270568801
4359,0.015625,0.578125,-725.2249024,-725.2249024,6,3862,3341,1,1,1,0,0,1,28.08947761,-54.28093847,2693.3379,0.000192060352,0,111.6753713,465,465,0.03560051967,0.03560051967,0.5025215474
4360,0.015625,0.609375,-332.8217679,-332.8217679,6,3862,3278,1,1,1,0,0,1,87.58144165,12.55413179,194.8899883,0.000192060352,0,26.71507554,296,296,0.01141794404,0.01141794404,18.46992125
4361,0.046875,0.609375,-253.4484087,-253.4484087,6,3862,3340,1,0,0,0,0,1,16.95156572,0,0,0,0,0,585,284,0.05899160093,0.05899160085,2.011175009
4362,0.015625,0.5625,-500.1914275,-500.1914275,6,3341,3864,1,1,1,0,0,1,2866.932751,-141.1249881,2280.124332,0.000192060352,0,73.71679943,33,33,0.0003488048331,0.0003488048331,3.228259904
4363,0.03125,0.578125,-358.5955937,-358.5955937,6,3864,3862,1,0,0,0,0,1,78.14002966,0,0,0,0,0,246,120,0.01279753801,0.01279753798,0.5857563291
4364,0.046875,0.5625,-320.9157962,-384.6403889,6,3864,3337,0,0,0,0,0,0,191.8218524,-29.47141111,185.0059783,0.000192060352,0,0,94,44,0.005213170383,0.005213170375,7.147937916
4365,0.046875,0.546875,-371.8961399,-371.8961399,6,3337,3861,1,1,1,0,0,1,83.4782169,-20.98575297,82.16094218,0.000192060352,0,104.8809194,81,81,0.01197917298,0.01197917298,13.75927961
4366,0.046875,0.515625,-377.0144412,-377.0144412,6,3861,3356,1,1,1,0,0,1,22.11596617,-12.21701721,22.02242371,0.000192060352,0,147.6325503,61,61,0.04521620228,0.04521620228,0.5184326371
4367,0.015625,0.515625,-751.9849938,-751.9849938,6,3861,3245,1,1,1,0,0,1,75.07943382,-83.85426354,113.9905713,0.000192060352,0,126.0498434,277,277,0.01331922671,0.01331922671,1.713811886
4368,0.015625,0.546875,-579.0407533,-579.0407533,6,3861,3341,1,1,1,0,0,1,909.161997,-211.8970433,914.6150241,0.000192060352,0,47.78722254,124,124,0.00109991399,0.00109991399,11.53866506
4369,0.03125,0.546875,-503.1475421,-503.1475421,6,3864,3861,1,1,1,0,0,1,823.4020258,-105.7012817,710.9675614,0.000192060352,0,43.74151193,34,34,0.001214473573,0.001214473573,6.9017019
4370,0.578125,0.578125,175.0204704,175.0204704,6,3433,3594,1,1,1,0,0,1,4.280066341,-33.3898963,4.276550881,0.000192060352,0,37.39951773,562,562,0.2336412383,0.2336412383,14.07453215
4371,0.578125,0.609375,222.2616035,222.2616035,6,3594,3438,1,1,1,0,0,1,2160.832603,29.24548851,1527.079087,0.000192060352,0,136.475153,17,17,0.0004627845759,0.0004627845759,1.904645838
4372,0.609375,0.609375,182.3144939,182.3144939,6,3594,3297,1,0,0,0,0,1,177.3511578,0,0,0,0,0,36,22,0.005638530993,0.005638530992,0.2361000298
4373,0.609375,0.578125,170.8102843,170.8102843,6,3594,3459,1,1,1,0,0,1,4.796216013,13.0421419,4.79180198,0.000192060352,0,65.77435459,484,484,0.2084976984,0.2084976984,3.686554447
4374,0.625,0.578125,205.4468911,205.4468911,6,3459,3598,1,1,1,0,0,1,48.73062403,65.65162028,48.27877229,0.000192060352,0,41.39398998,156,156,0.02052097669,0.02052097669,2.078083567
4375,0.609375,0.59375,162.8803387,-187.9601623,6,3598,3594,0,0,0,0,0,0,45.90317753,-365.3457191,45.50202349,0.000192060352,0,0,192,99,0.02178498426,0.02178498426,0.2496362055
4376,0.625,0.609375,120.6695142,23.73847204,6,3598,3297,0,0,0,0,0,0,577.554934,-140.5954123,519.8863326,0.000192060352,0,0,30,16,0.001731437031,0.001731437029,2.171580988
4377,0.640625,0.59375,168.062982,57.02627539,6,3598,3599,0,0,0,0,0,0,6.41553419,-114.7061918,6.407638892,0.000192060352,0,0,161,86,0.1558716656,0.1558716656,1.154539991
4378,0.578125,0.625,160.878702,160.878702,6,3438,3626,1,1,1,0,0,1,27989.72712,-693.5857594,27574.55298,1.197360224e-05,0,23.94675548,6,6,3.572739369e-05,3.572739369e-05,0.2699626863
4379,0.59375,0.640625,192.0087124,192.0087124,6,3626,3560,1,0,0,0,0,1,51.52429407,0,0,0,0,0,485,227,0.01940832025,0.01940832024,0.3316207911
4380,0.609375,0.625,151.0826017,151.0826017,6,3626,3297,1,1,1,0,0,1,3201.722538,115.8287018,3219.72746,1.197360224e-05,0,111.5964573,7,7,0.0003123318739,0.0003123318739,1.321921372
4381,0.59375,0.609375,234.9311318,36.74472949,6,3626,3594,0,0,0,0,0,0,1059.767578,-145.6683395,880.5425362,0.000192060352,0,0,15,8,0.0009436031269,0.000943603126,0.9543179777
4382,0.171875,0.296875,-144.0146117,-185.7576238,6,3328,3851,0,0,0,0,0,0,20.67238803,-79.13983688,20.59063608,0.000192060352,0,0,237,119,0.04837370499,0.04837370497,1.017541869
4383,0.171875,0.265625,-108.4659503,-108.4659503,6,3851,3354,1,0,0,0,0,1,39.65402902,0,0,0,0,0,242,127,0.02521811843,0.02521811841,20.60622588
4384,0.140625,0.265625,-185.5295389,-185.5295389,6,3851,3270,1,0,0,0,0,1,64.96060115,0,0,0,0,0,205,112,0.01539394621,0.0153939462,10.96308726
4385,0.140625,0.296875,-161.7779403,-189.8305663,6,3851,3353,0,0,0,0,0,0,3.599246862,-42.39714948,3.59676052,0.000192060352,0,0,522,263,0.2778359024,0.2778359024,0.9623120884
4386,0.140625,0.25,-366.6689675,-380.9539015,6,3270,3966,0,0,0,0,0,0,97.61131642,-166.4580641,95.81504647,0.000192060352,0,0,140,73,0.0102447138,0.01024471378,8.415840221
4387,0.15625,0.265625,-160.3330807,-160.3330807,6,3966,3851,1,1,1,0,0,1,103.4429616,-1.937775815,101.4278646,0.000192060352,0,38.44165972,59,59,0.009667163276,0.009667163276,7.118869907
4388,0.171875,0.25,-143.5745227,-143.5745227,6,3966,3354,1,1,1,0,0,1,479.5432409,-6.145917332,439.101451,0.000192060352,0,29.00670985,17,17,0.002085317683,0.002085317683,1.632940592
4389,0.125,0.21875,-245.5334437,-245.5334437,5,3270,3355,1,1,1,0,0,1,3.286429116,21.53506909,3.283777858,0.0002456709918,0,145.5024131,518,518,0.3042816275,0.3042816275,1.359090319
4390,0.15625,0.1875,-207.3903814,-207.3903814,5,3355,3323,1,0,0,0,0,1,34.03229181,0,0,0,0,0,486,255,0.02938385712,0.0293838571,16.68273164
4391,0.125,0.15625,-297.209524,-297.209524,5,3355,3265,1,0,0,0,0,1,28.8447411,0,0,0,0,0,107,51,0.03466836455,0.03466836455,0.1184915787
4392,0.09375,0.1875,-137.1105659,-137.1105659,5,3355,3322,0,0,0,0,0,0,1e+300,-2.594894823e-06,83517.05385,0,0,0,0,0,0,0,0
4393,0.171875,0.203125,-161.07988,-161.07988,6,3323,3911,1,0,0,0,0,1,7.916227623,0,0,0,0,0,1299,647,0.1263227951,0.126322795,23.88740464
4394,0.140625,0.203125,-219.9234315,-219.9234315,6,3911,3355,1,1,1,0,0,1,20.08571834,26.26957111,20.00853201,0.000192060352,0,91.22757901,426,426,0.04978661868,0.04978661868,32.4061876
4395,0.140625,0.234375,-209.6699267,-209.6699267,6,3911,3270,1,1,1,0,0,1,2.185803252,11.08988575,2.184886023,0.000192060352,0,87.51399795,611,611,0.457497718,0.457497718,1.83116453
4396,0.171875,0.234375,-143.6938357,-143.6938357,6,3911,3354,1,0,0,0,0,1,16.29169945,0,0,0,0,0,750,380,0.06138095063,0.0613809506,1.546900754
4397,0.15625,0.234375,-150.6401545,-150.6401545,6,3966,3911,1,1,1,0,0,1,11.54964005,42.98084529,11.52407701,0.000192060352,0,19.02004256,384,384,0.08658278487,0.08658278487,37.22756134
4398,0.9375,0.859375,375.3232307,375.3232307,6,3526,3676,1,1,1,0,0,1,405.5219483,-62.76546835,376.2201539,0.000192060352,0,27.83248294,157,157,0.002465957771,0.002465957771,22.86839847
4399,0.953125,0.84375,416.3866018,416.3866018,6,3676,3544,1,1,1,0,0,1,226450.5451,-184.8734256,58447.4362,1.197360224e-05,0,105.3889984,4,4,4.415975238e-06,4.415975238e-06,0.1049972498
4400,0.9375,0.828125,376.0929075,376.0929075,6,3676,3494,1,1,1,0,0,1,162.5374299,-598.8148173,160.425288,1.197360224e-05,0,88.04712667,8,8,0.006152429017,0.006152429017,0.7563600134
4401,0.921875,0.84375,449.407617,449.407617,6,3676,3543,1,1,1,0,0,1,21818.76025,-71.8047424,36286.78841,1.197360224e-05,0,84.44060653,5,5,4.583211826e-05,4.583211826e-05,0.7131166232
4402,0.953125,0.921875,430.7561737,430.7561737,6,3493,3638,1,1,1,0,0,1,887.8719425,6.201531629,758.5245325,0.000192060352,0,101.662564,120,120,0.001126288547,0.001126288547,5.11387532
4403,0.984375,0.921875,449.1398707,449.1398707,6,3638,3528,1,0,0,0,0,1,560.9823131,0,0,0,0,0,266,127,0.001782587395,0.001782587373,3.612103357
4404,0.984375,0.890625,414.5122921,414.5122921,6,3638,3320,1,0,0,0,0,1,311.3418863,0,0,0,0,0,12,8,0.003211903197,0.003211903196,1.036250816
4405,0.953125,0.890625,468.7842778,468.7842778,6,3638,3526,1,1,1,0,0,1,307.8528792,-98.30094421,347.6095486,1.197360224e-05,0,127.1390983,9,9,0.003248304848,0.003248304848,0.9806569174
4406,0.984375,0.9375,364.288467,78.39561814,6,3528,3664,0,0,0,0,0,0,8.834251127,-377.3969955,8.81928736,0.000192060352,0,0,161,73,0.113195786,0.113195786,2.87836533
4407,0.96875,0.921875,461.7200151,461.7200151,6,3664,3638,1,1,1,0,0,1,2463.201632,26.15718,1672.139987,0.000192060352,0,41.72099419,74,74,0.0004059756972,0.0004059756972,2.670647831
4408,0.953125,0.9375,460.3632796,460.3632796,6,3664,3493,1,1,1,0,0,1,2835.778436,26.25445528,1835.882331,0.000192060352,0,100.4144449,64,64,0.0003526368588,0.0003526368588,2.299281818
4409,0.96875,0.953125,599.9556024,-267.4695485,6,3664,3637,0,0,0,0,0,0,29.71274033,-739.9058651,29.54414257,0.000192060352,0,0,9,5,0.03365559652,0.03365559651,0.5421337176
4410,0.734375,0.8125,142.4220537,142.4220537,6,3497,3615,0,0,0,0,0,0,1e+300,-364.7407609,174.4874803,0,0,0,0,0,0,0,0
4411,0.71875,0.796875,170.0241707,-194.6094127,6,3615,3611,0,0,0,0,0,0,2950.748043,-509.9292689,1883.390029,0.000192060352,0,0,12,8,0.0003388971154,0.0003388971145,0.3263311548
4412,0.703125,0.8125,243.5542624,374.7568483,6,3615,3441,0,0,0,0,0,0,1993.422897,65.28184595,1441.524446,0.000192060352,0,0,4,2,0.000501649701,0.0005016497004,0.5005526151
4413,0.703125,0.828125,266.5182497,266.5182497,6,3441,3614,0,0,0,0,0,0,1e+300,0,1e+300,0,0,0,0,0,0,0,0
4414,0.703125,0.859375,255.3832654,304.4327197,6,3614,3498,0,0,0,0,0,0,9.006840945e+11,-1.206337856e-06,5206.696665,0.000192060352,0,0,4,0,1.110267191e-12,0,1.110267191
4415,0.734375,0.859375,211.3140156,299.5759478,6,3614,3313,0,0,0,0,0,0,1186645.022,-19.21036371,5183.950837,0.000192060352,0,0,5,1,8.427120001e-07,8.42711616e-07,0.001986330284
4416,0.734375,0.828125,165.386041,165.386041,6,3614,3497,0,0,0,0,0,0,1e+300,-105.0874022,3202.679375,0,0,0,0,0,0,0,0
4417,0.71875,0.828125,215.9521453,215.9521453,6,3615,3614,0,0,0,0,0,0,1e+300,0,1e+300,0,0,0,0,0,0,0,0
4418,0.890625,0.9375,383.0617825,383.0617825,6,3515,3688,1,1,1,0,0,1,936.0684114,-30.63152157,793.4251414,0.000192060352,0,47.00083063,97,97,0.001068297987,0.001068297987,3.391486467
4419,0.90625,0.953125,911.8126551,911.8126551,6,3688,3636,0,0,0,0,0,0,1e+300,-430.1375464,2829.336403,0,0,0,0,0,0,0,0
4420,0.921875,0.9375,428.3517719,428.3517719,6,3688,3493,1,1,1,0,0,1,132742.2143,-411.4387088,77077.86208,1.197360224e-05,0,148.3798168,8,8,7.533398512e-06,7.533398512e-06,0.3777777538
4421,0.890625,0.890625,400.6752576,400.6752576,6,3299,3635,1,0,0,0,0,1,106.9454245,0,0,0,0,0,16,9,0.00935056366,0.009350563659,1.079260573
4422,0.890625,0.921875,377.0447232,377.0447232,6,3635,3515,1,1,1,0,0,1,340.3289557,-16.95202609,319.4486105,0.000192060352,0,57.20386541,146,146,0.002938333583,0.002938333583,8.638004757
4423,0.921875,0.921875,468.1454405,468.1454405,6,3635,3493,1,1,1,0,0,1,15373.724,59.10859212,3889.440259,0.000192060352,0,116.2841247,22,22,6.504604872e-05,6.504604872e-05,1.601653172
4424,0.921875,0.890625,338.5642007,-481.5567383,6,3635,3526,0,0,0,0,0,0,164.2718711,-910.4031874,159.2475915,0.000192060352,0,0,7,2,0.00608746947,0.006087469468,0.1745340838
4425,0.90625,0.921875,442.4074617,442.4074617,6,3688,3635,1,1,1,0,0,1,184113.4563,664.6669917,31839.47445,1.197360224e-05,0,35.65968001,5,5,5.431433532e-06,5.431433532e-06,0.2326538839
4426,0,0.546875,-568.0789081,-568.0789081,6,3341,3865,1,1,1,0,0,1,1468.717756,-108.3321505,1454.990035,0.000192060352,0,38.25787268,66,66,0.000680866011,0.000680866011,5.933237728
4427,0.015625,0.53125,-537.8245468,-537.8245468,6,3865,3861,1,1,1,0,0,1,413.8063697,-47.2947241,383.3401045,0.000192060352,0,105.3002197,171,171,0.00241658919,0.00241658919,0.7975159964
4428,0,0.515625,-743.4439308,-743.4439308,6,3865,3245,1,0,0,0,0,1,6382.105074,0,0,0,0,0,62,30,0.0001566881128,0.0001566881047,5.219158095
4429,0.703125,0.578125,170.3297106,91.44508656,6,3436,3600,0,0,0,0,0,0,0.953757687,-119.9171449,0.9535830106,0.000192060352,0,0,1401,697,1.048484341,1.048484341,6.044069038
4430,0.703125,0.609375,212.2924938,212.2924938,6,3600,3484,1,0,0,0,0,1,12656.02564,0,0,0,0,0,37,18,7.901374638e-05,7.901374536e-05,0.6528255552
4431,0.734375,0.609375,183.7589515,183.7589515,6,3600,3311,1,1,1,0,0,1,1379.103785,-52.6265584,1090.311666,0.000192060352,0,40.43149592,20,20,0.000725108589,0.000725108589,2.542640207
4432,0.734375,0.578125,193.7236103,88.45186356,6,3600,3483,0,0,0,0,0,0,1.331666725,-109.26006,1.331326224,0.000192060352,0,0,1638,777,0.7509386407,0.7509386405,6.544410073
4433,0.734375,0.625,238.6087108,129.3550341,6,3311,3679,0,0,0,0,0,0,2.0613438,-106.0401114,2.060528032,0.000192060352,0,0,139,70,0.4851204346,0.4851204345,2.929990588
4434,0.71875,0.609375,257.8528714,-138.6911021,6,3679,3600,0,0,0,0,0,0,3017.77841,-361.5745292,1910.47534,0.000192060352,0,0,21,9,0.0003313695919,0.0003313695903,0.09657361442
4435,0.703125,0.625,149.4469151,149.4469151,6,3679,3484,1,1,1,0,0,1,4777.346394,-1001.179609,2659.279861,1.197360224e-05,0,82.20358636,12,12,0.0002093212251,0.0002093212251,0.03594778362
4436,0.71875,0.640625,308.0689997,132.5552266,6,3679,3685,0,0,0,0,0,0,1.651930697,-91.08332805,1.651406755,0.000192060352,0,0,245,124,0.6053522715,0.6053522715,3.20748775
4437,0.484375,0.515625,114.0981054,114.0981054,6,3244,3670,1,0,0,0,0,1,57.74994887,0,0,0,0,0,85,47,0.01731603265,0.01731603264,2.749992447
4438,0.453125,0.515625,195.1545297,-63.06304494,6,3670,3408,0,0,0,0,0,0,212.5358489,-153.9157947,204.200446,0.000192060352,0,0,8,4,0.0047050886,0.0047050886,0.1791462594
4439,0.453125,0.546875,118.2646333,118.2646333,6,3670,3386,0,0,0,0,0,0,1e+300,-278.2713917,1703.672834,0,0,0,0,0,0,0,0
4440,0.484375,0.546875,526.1771194,99.457339,6,3670,3439,0,0,0,0,0,0,3459.700791,-24.73047656,2078.558329,0.000192060352,0,0,3,2,0.0002890423364,0.0002890423362,0.5243803705
4441,0.484375,0.5625,769.5549069,85.8624485,6,3439,3674,0,0,0,0,0,0,166.4726386,-74.9998609,161.3149491,0.000192060352,0,0,9,7,0.00600699315,0.00600699315,1.92141261
4442,0.46875,0.546875,322.2208764,128.040098,6,3674,3670,0,0,0,0,0,0,3716.866477,-17.52495004,2168.707279,0.000192060352,0,0,3,2,0.000269043832,0.0002690438314,0.5268042854
4443,0.453125,0.5625,361.6424208,198.3512006,6,3674,3386,0,0,0,0,0,0,27765.08695,57.79772376,4384.487901,0.000192060352,0,0,4,1,3.601645484e-05,3.601645372e-05,0.03034216454
4444,0.46875,0.578125,355.6758958,86.39013944,6,3674,3673,0,0,0,0,0,0,128.3564172,-75.78067898,125.2682811,0.000192060352,0,0,10,6,0.007790806428,0.007790806426,2.428750942
4445,0.921875,0.875,77.17279899,128.9877709,6,3526,3677,0,0,0,0,0,0,25.22731683,-303.4173922,25.10567563,0.000192060352,0,0,36,23,0.03963957035,0.03963957035,1.146377957
4446,0.90625,0.859375,191.4700764,-199.1803697,6,3677,3543,0,0,0,0,0,0,31.39286986,-602.915448,31.2047264,0.000192060352,0,0,188,96,0.03185436707,0.03185436706,8.937792457
4447,0.890625,0.875,373.0944453,373.0944453,6,3677,3299,1,1,1,0,0,1,193401.4285,56.42022857,46532.01212,1.197360224e-05,0,41.06060552,43,43,5.170592626e-06,5.170592626e-06,0.01151239252
4448,0.90625,0.890625,312.8399343,5.342603863,6,3677,3635,0,0,0,0,0,0,63.85802027,-409.303026,63.08431674,0.000192060352,0,0,6,4,0.01565974009,0.01565974009,0.5678001896
4449,0.625,0.734375,284.3783746,284.3783746,6,3302,3824,1,1,1,0,0,1,12725.45969,897.4707395,11423.49944,1.197360224e-05,0,27.62362526,39,39,7.858262291e-05,7.858262291e-05,0.08645403407
4450,0.640625,0.71875,228.4186181,228.4186181,6,3824,3683,1,0,0,0,0,1,136.0960224,0,0,0,0,0,310,144,0.00734775332,0.007347753284,17.62482863
4451,0.625,0.703125,217.6499788,217.6499788,6,3824,3463,1,1,1,0,0,1,29.86351024,25.05262888,29.69320202,0.000192060352,0,99.66157697,24,24,0.03348568175,0.03348568175,0.6071408278
4452,0.578125,0.703125,206.2768323,-94.3477187,6,3434,3563,0,0,0,0,0,0,22.93672539,-298.6223152,22.83612687,0.000192060352,0,0,28,13,0.04359820258,0.04359820257,0.24457629
4453,0.578125,0.734375,150.9970057,150.9970057,6,3563,3460,1,0,0,0,0,1,431.5137382,0,0,0,0,0,437,221,0.00231742332,0.002317423316,2.477957505
4454,0.609375,0.734375,244.2470469,244.2470469,6,3563,3302,1,1,1,0,0,1,625.0946024,23.68418923,558.0923302,0.000192060352,0,115.876419,219,219,0.001599757854,0.001599757854,2.233676283
4455,0.609375,0.703125,187.6270488,187.6270488,6,3563,3463,1,0,0,0,0,1,13.10375443,0,0,0,0,0,53,27,0.07631400646,0.07631400645,1.610863749
4456,0.609375,0.71875,243.0161887,7.191881767,6,3824,3563,0,0,0,0,0,0,12.6631612,-195.4393076,12.63243796,0.000192060352,0,0,372,205,0.07896922295,0.07896922292,16.93628957
4457,0.796875,0.75,305.0024096,305.0024096,6,3512,3633,1,1,1,0,0,1,134.5520662,18.39989661,180.5102417,1.197360224e-05,0,152.8474168,6,6,0.007432067214,0.007432067214,0.2782118249
4458,0.78125,0.734375,278.5560053,278.5560053,6,3633,3619,1,1,1,0,0,1,6392.429592,371.5848754,12720.67436,1.197360224e-05,0,108.006135,34,34,0.0001564350433,0.0001564350433,0.1684469103
4459,0.765625,0.75,253.9198955,253.9198955,6,3633,3251,1,0,0,0,0,1,1.52189906e+14,0,0,0,0,0,1,0,6.570738009e-15,0,0.006570738009
4460,0.78125,0.765625,276.6413989,14.59419699,6,3633,3536,0,0,0,0,0,0,175.4246508,-261.972039,169.7068667,0.000192060352,0,0,16,8,0.005700453131,0.005700453129,0.7618711712
4461,0.203125,0.078125,-131.747347,-131.747347,6,3324,3754,1,0,0,0,0,1,804.6895811,0,0,0,0,0,7,4,0.001242715233,0.001242715233,0.004143132426
4462,0.203125,0.109375,-175.9224653,-175.9224653,6,3754,3368,1,0,0,0,0,1,70.17354147,0,0,0,0,0,11,5,0.01425038525,0.01425038525,0.1163454728
4463,0.234375,0.109375,-333.4329716,-333.4329716,6,3754,3279,0,0,0,0,0,0,1e+300,6.709469403e-06,40196.97174,0,0,0,0,0,0,0,0
4464,0.234375,0.078125,-457.1590595,-457.1590595,6,3754,3367,0,0,0,0,0,0,1e+300,0,1e+300,0,0,0,0,0,0,0,0
4465,0.234375,0.125,-325.4086851,-325.4086851,6,3279,3990,0,0,0,0,0,0,1e+300,0,1e+300,0,0,0,0,0,0,0,0
4466,0.21875,0.109375,-306.9213742,-306.9213742,6,3990,3754,0,0,0,0,0,0,1e+300,-4.417804575e-07,10127.58618,0,0,0,0,0,0,0,0
4467,0.203125,0.125,-215.1504426,-215.1504426,6,3990,3368,1,0,0,0,0,1,2667.948625,0,0,0,0,0,2,1,0.0003748198112,0.0003748198109,0.6113048127
4468,0.203125,0.171875,-74.89045679,-74.89045679,6,3323,3913,1,0,0,0,0,1,2.858623391,0,0,0,0,0,144,72,0.3498187286,0.3498187286,0.8457174715
4469,0.234375,0.171875,-79.04023342,-79.04023342,6,3913,3369,1,1,1,0,0,1,105.7571062,-418.6940415,103.2104128,1.197360224e-05,0,187.6375548,4,4,0.009455629378,0.009455629378,0.07715214394
4470,0.234375,0.140625,12.72852546,12.72852546,6,3913,3279,1,0,0,0,0,1,1e+300,0,0,0,0,0,0,0,0,0,0
4471,0.203125,0.140625,-154.5870412,-154.5870412,6,3913,3368,1,0,0,0,0,1,680.3338101,0,0,0,0,0,8,5,0.001469866682,0.001469866682,0.1419545843
4472,0.21875,0.140625,-88.06967597,-88.06967597,6,3990,3913,1,0,0,0,0,1,1e+300,0,0,0,0,0,0,0,0,0,0
4473,0.6875,0.609375,212.8801088,212.8801088,6,3484,3680,1,1,1,0,0,1,10555.79743,-292.5337406,11664.31768,1.197360224e-05,0,65.68328904,5,5,9.473467129e-05,9.473467129e-05,0.9552429837
4474,0.703125,0.59375,277.0970321,138.8326955,6,3680,3600,0,0,0,0,0,0,2.001535821,-68.73224658,2.000766695,0.000192060352,0,0,624,325,0.4996163392,0.4996163392,4.064029029
4475,0.6875,0.578125,296.3411928,61.57831282,6,3680,3436,0,0,0,0,0,0,1.415099621,-133.4749108,1.414715124,0.000192060352,0,0,916,483,0.7066640291,0.7066640289,10.63864472
4476,0.671875,0.59375,248.9477249,-73.85084361,6,3680,3599,0,0,0,0,0,0,37.76011915,-261.5054844,37.48824607,0.000192060352,0,0,214,100,0.02648296728,0.02648296728,0.389946085
4477,0.453125,0.453125,53.37379732,53.37379732,6,3377,3814,1,1,1,0,0,1,55663.49465,-333.337488,26204.06266,1.197360224e-05,0,36.23774054,1,1,1.796509555e-05,1.796509555e-05,0.08450419491
4478,0.453125,0.484375,191.1984674,66.92840889,6,3814,3408,0,0,0,0,0,0,2.605983906e+12,-5.993101126e-08,5206.696685,0.000192060352,0,0,2,0,3.837322241e-13,0,0.3837322241
4479,0.484375,0.484375,90.00520126,90.00520126,6,3814,3244,1,0,0,0,0,1,212.0829858,0,0,0,0,0,102,47,0.004715135429,0.004715135422,0.7005475217
4480,0.484375,0.453125,146.6574698,146.6574698,6,3814,3427,1,1,1,0,0,1,108.7217468,63.28074448,106.4979484,0.000192060352,0,47.9361819,247,247,0.009197791879,0.009197791879,5.22959665
4481,0.5,0.453125,126.2910671,126.2910671,6,3427,3818,1,1,1,0,0,1,127.5024327,-11.2270999,124.4547642,0.000192060352,0,48.31906598,227,227,0.007842987609,0.007842987609,3.101733866
4482,0.484375,0.46875,162.4654242,162.4654242,6,3818,3814,1,1,1,0,0,1,22594.75891,-45.55877534,23519.97035,1.197360224e-05,0,33.65050686,5,5,4.425805134e-05,4.425805134e-05,0.07505738742
4483,0.5,0.484375,32.46057801,74.9878995,6,3818,3244,0,0,0,0,0,0,2.23228569,-69.128914,2.231329045,0.000192060352,0,0,200,97,0.4479713346,0.4479713346,2.713254329
4484,0.515625,0.484375,35.59339737,-26.55769023,6,3244,3579,0,0,0,0,0,0,5.72783474,-149.2730326,5.72154053,0.000192060352,0,0,257,132,0.1745860426,0.1745860426,0.9143678746
4485,0.546875,0.484375,120.4257939,5.105415583,6,3579,3458,0,0,0,0,0,0,2.560967426,-102.8062248,2.559708407,0.000192060352,0,0,181,98,0.3904774383,0.3904774383,0.9445876536
4486,0.546875,0.453125,122.4765416,122.4765416,6,3579,3428,1,1,1,0,0,1,8.807862766,0.5938330943,14.84072953,0.000192060352,0,16.03722372,850,850,0.1135349206,0.1135349206,12.04915356
4487,0.515625,0.453125,110.2672174,110.2672174,6,3579,3427,1,1,1,0,0,1,22.18426572,-5.74209024,22.09014582,0.000192060352,0,16.85873582,522,522,0.04507699343,0.04507699343,7.048960747
4488,0.515625,0.46875,68.05397538,134.3100694,6,3818,3579,0,0,0,0,0,0,5.722208143,-13.60839007,5.715926287,0.000192060352,0,0,118,61,0.1747577115,0.1747577115,1.249232175
4489,0.5,0.546875,730.1333624,177.2490225,6,3439,3669,0,0,0,0,0,0,3.089621317e+16,-2.239630703e-09,5206.696695,0.000192060352,0,0,1,0,3.236642609e-17,0,3.236642609e-05
4490,0.515625,0.53125,285.588612,176.2695817,6,3669,3592,0,0,0,0,0,0,1581038.919,-12.22802295,5189.606221,0.000192060352,0,0,4,1,6.324954991e-07,6.324954072e-07,0.001202408737
4491,0.5,0.515625,243.3777875,68.92635463,6,3669,3244,0,0,0,0,0,0,50.18314832,-98.03697764,49.70409069,0.000192060352,0,0,128,65,0.01992700804,0.01992700802,3.986892819
4492,0.484375,0.53125,282.7993319,161.951761,6,3669,3670,0,0,0,0,0,0,1.00171312e+13,-9.452159588e-08,5206.696692,0.000192060352,0,0,1,0,9.982898099e-14,0,0.09982898099
4493,0.796875,0.671875,244.1016888,244.1016888,6,3486,3622,1,0,0,0,0,1,887.2042595,0,0,0,0,0,43,26,0.001127136157,0.001127136154,0.2138103239
4494,0.796875,0.640625,235.0961221,235.0961221,6,3622,3490,1,0,0,0,0,1,66.79307011,0,0,0,0,0,880,453,0.01497161305,0.01497161302,8.351606982
4495,0.765625,0.640625,250.7594467,250.7594467,6,3622,3311,1,0,0,0,0,1,39.47605745,0,0,0,0,0,1076,547,0.02533181033,0.02533181029,3.273757901
4496,0.765625,0.671875,368.4726019,-270.0452029,6,3622,3485,0,0,0,0,0,0,81.60870382,-553.9106025,80.34932486,0.000192060352,0,0,28,14,0.01225359494,0.01225359494,0.1873840031
4497,0.609375,0.5625,227.1864396,227.1864396,6,3459,3597,1,1,1,0,0,1,1326.470986,-310.1445058,1136.326054,1.197360224e-05,0,35.99301033,14,14,0.0007538800401,0.0007538800401,0.2535411138
4498,0.59375,0.546875,258.1160938,57.4333625,6,3597,3595,0,0,0,0,0,0,350.0491021,-120.7121271,327.9976392,0.000192060352,0,0,18,8,0.00285674208,0.002856742076,1.445175854
4499,0.578125,0.5625,146.3833167,146.3833167,6,3597,3433,1,1,1,0,0,1,1004.595954,20.9262323,1082.759721,1.197360224e-05,0,37.0569339,11,11,0.0009954250726,0.0009954250726,0.3028821627
4500,0.59375,0.578125,205.0911632,34.35935763,6,3597,3594,0,0,0,0,0,0,1.376804218,-144.233233,1.376440246,0.000192060352,0,0,1139,604,0.7263196808,0.7263196807,13.75212884
4501,0.875,0.984375,427.9714719,1389.870932,6,3312,3687,0,0,0,0,0,0,20.42100589,957.1488022,20.34122627,0.000192060352,0,0,10,4,0.04896918424,0.04896918424,0.1421610229
4502,0.890625,0.96875,669.8920635,6.658858829,6,3687,3636,0,0,0,0,0,0,22.96949403,-432.4884231,22.8686085,0.000192060352,0,0,6,2,0.0435360047,0.04353600469,0.5025008027
4503,0.875,0.953125,922.3538044,-154.8266408,6,3687,3515,0,0,0,0,0,0,36.86035001,-572.8499555,36.6012348,0.000192060352,0,0,7,4,0.02712942226,0.02712942226,0.2792285591
4504,0.859375,0.96875,547.4736581,-74.67164945,6,3687,3657,0,0,0,0,0,0,4.934053895,-506.509094,4.929382634,0.000192060352,0,0,15,5,0.2026731003,0.2026731003,0.6523840665
4505,0.046875,0.453125,-536.7101869,-536.7101869,6,3330,3716,1,1,1,0,0,1,17.86475062,-28.62396693,17.80366428,0.000192060352,0,119.9303658,20,20,0.05597615223,0.05597615223,1.784500526
4506,0.015625,0.453125,-827.0741246,-827.0741246,6,3716,3332,1,0,0,0,0,1,1349.180604,0,0,0,0,0,46,21,0.0007411906137,0.00074119061,1.05133652
4507,0.015625,0.484375,-753.0096151,-753.0096151,6,3716,3245,1,0,0,0,0,1,964789.079,0,0,0,0,0,19,9,1.036495978e-06,1.036494752e-06,0.1798891587
4508,0.046875,0.484375,-515.3217549,-515.3217549,6,3716,3356,1,1,1,0,0,1,5108.263812,-40.73555127,2578.505295,0.000192060352,0,209.0315704,11,11,0.0001957612286,0.0001957612286,2.082118108
4509,0,0.484375,-173.2790263,-354.2287419,6,3245,3750,0,0,0,0,0,0,2120.804793,571.2220916,1506.978515,0.000192060352,0,0,7,3,0.0004715191154,0.0004715191148,0.7989792555
4510,0.015625,0.46875,-790.0550954,-790.0550954,6,3750,3716,1,1,1,0,0,1,3125883274,-25.62251291,83277.36907,1.197360224e-05,0,146.7091095,1,1,3.199095783e-10,3.199095783e-10,0.0001510783255
4511,0,0.453125,-204.8260238,916.1601571,6,3750,3332,0,0,0,0,0,0,92.93502599,1917.806431,91.30530537,0.000192060352,0,0,13,6,0.01076020574,0.01076020574,0.07378147108
4512,0.125,0.46875,-152.5073142,-152.5073142,5,3282,3359,1,0,0,0,0,1,9.711142721,0,0,0,0,0,390,188,0.1029744932,0.1029744931,0.4324598428
4513,0.15625,0.4375,-119.1126863,-119.1126863,5,3359,3331,1,0,0,0,0,1,5.726489371e+12,0,0,0,0,0,1,0,1.746270595e-13,0,0.1746270595
4514,0.125,0.40625,-165.1130198,-165.1130198,5,3359,3266,1,0,0,0,0,1,70.58306913,0,0,0,0,0,86,50,0.01416770356,0.01416770356,0.1089152364
4515,0.09375,0.4375,-288.5997751,-288.5997751,5,3359,3330,1,0,0,0,0,1,9.188703074,0,0,0,0,0,86,52,0.1088292866,0.1088292866,1.141512183
4516,0.171875,0.453125,-116.970294,-116.970294,6,3331,3808,1,0,0,0,0,1,1e+300,0,0,0,0,0,0,0,0,0,0
4517,0.140625,0.453125,-104.6192261,-104.6192261,6,3808,3359,1,1,1,0,0,1,214.2951771,66.90980695,205.8239554,0.000192060352,0,46.95551436,126,126,0.004666460597,0.004666460597,3.11728125
4518,0.140625,0.484375,-92.76446125,-92.76446125,6,3808,3282,1,1,1,0,0,1,713.2000039,138.6080134,844.5912081,0.000192060352,0,41.5923977,33,33,0.001402131232,0.001402131232,1.010304343
4519,0.171875,0.484375,-13.05536875,-13.05536875,6,3808,3358,1,1,1,0,0,1,824.109276,-191.1875237,821.0523368,1.197360224e-05,0,78.1022983,2,2,0.001213431312,0.001213431312,0.2063189345
4520,0.875,0.921875,452.8948987,452.8948987,6,3515,3689,1,1,1,0,0,1,1687.135352,76.17948004,1274.240786,0.000192060352,0,61.2758505,101,101,0.0005927206722,0.0005927206722,3.857845271
4521,0.890625,0.90625,579.5019107,-583.9226918,6,3689,3635,0,0,0,0,0,0,23.93166606,-978.7155544,23.82217163,0.000192060352,0,0,7,5,0.04178564073,0.04178564073,0.1713715089
4522,0.875,0.890625,396.3132905,396.3132905,6,3689,3299,1,1,1,0,0,1,2179.347294,-69.96437861,2954.691707,1.197360224e-05,0,93.08626081,3,3,0.0004588529799,0.0004588529799,0.03353227081
4523,0.859375,0.90625,457.0835053,-156.8936386,6,3689,3654,0,0,0,0,0,0,4.361696209,-534.1727313,4.358045436,0.000192060352,0,0,11,8,0.2292686038,0.2292686038,1.054905795
4524,0.8125,0.640625,401.5659669,28.50203662,6,3490,3723,0,0,0,0,0,0,19.01783567,-209.7151334,18.94862445,0.000192060352,0,0,646,320,0.052582219,0.05258221898,10.91778854
4525,0.796875,0.65625,286.2530057,198.1109776,6,3723,3622,0,0,0,0,0,0,135.5905181,-57.62983367,132.1491478,0.000192060352,0,0,415,209,0.00737514698,0.007375146958,7.00821269
4526,0.8125,0.671875,286.6421608,286.6421608,6,3723,3486,1,1,1,0,0,1,10750.20571,194.8174231,13126.26121,1.197360224e-05,0,63.69174062,6,6,9.30214758e-05,9.30214758e-05,0.6934580686
4527,0.828125,0.65625,269.29406,221.6738814,6,3723,3621,0,0,0,0,0,0,8.328865877,-37.01136264,8.315563928,0.000192060352,0,0,523,264,0.1200643659,0.1200643658,18.38500453
4528,0.015625,0.4375,-870.2972752,-870.2972752,6,3332,3751,1,0,0,0,0,1,42497.50503,0,0,0,0,0,47,25,2.353079314e-05,2.353078903e-05,0.07420870803
4529,0.03125,0.453125,-641.0399685,-641.0399685,6,3751,3716,1,1,1,0,0,1,55757.69168,257.1562048,20917.83337,1.197360224e-05,0,193.2284576,6,6,1.793474532e-05,1.793474532e-05,0.02572811086
4530,0.046875,0.4375,-481.2146628,-481.2146628,6,3751,3330,1,1,1,0,0,1,263.0055662,133.1622429,301.5864522,1.197360224e-05,0,140.5374572,9,9,0.003802200898,0.003802200898,0.3780153651
4531,0.046875,0.421875,-550.0426107,-550.0426107,6,3330,3715,1,0,0,0,0,1,3.220339725e+13,0,0,0,0,0,2,0,3.105262442e-14,0,0.03105262442
4532,0.046875,0.390625,-297.1661571,-431.0695045,6,3715,3333,0,0,0,0,0,0,1165.147152,167.3629328,952.089846,0.000192060352,0,0,7,1,0.000858260691,0.0008582606892,0.3753250092
4533,0.015625,0.390625,-848.5347529,-848.5347529,6,3715,3269,1,1,1,0,0,1,181536.8196,-566.4619507,20356.37123,1.197360224e-05,0,88.80899641,4,4,5.508524399e-06,5.508524399e-06,1.264422793
4534,0.015625,0.421875,-868.8754274,-868.8754274,6,3715,3332,1,0,0,0,0,1,30302.36572,0,0,0,0,0,41,21,3.300072375e-05,3.300072012e-05,0.04877743034
4535,0.03125,0.421875,-397.3356747,-380.618049,6,3751,3715,0,0,0,0,0,0,45911.34043,316.9807524,4676.361573,0.000192060352,0,0,9,2,2.178111095e-05,2.178111042e-05,0.01804565816
4536,0.140625,0.140625,-240.693852,-240.693852,6,3265,3910,1,0,0,0,0,1,36.6682634,0,0,0,0,0,280,142,0.02727153967,0.02727153966,5.156023129
4537,0.140625,0.171875,-235.9904518,-235.9904518,6,3910,3355,1,0,0,0,0,1,3.878351458,0,0,0,0,0,487,249,0.257841511,0.2578415109,1.059251153
4538,0.171875,0.171875,-178.3581554,-178.3581554,6,3910,3323,1,1,1,0,0,1,8.721792392,-13.39737645,16.52132754,0.000192060352,0,20.07913012,737,737,0.1146553317,0.1146553317,45.29940841
4539,0.171875,0.140625,-230.5712938,-230.5712938,6,3910,3368,1,0,0,0,0,1,29.96489252,0,0,0,0,0,286,137,0.03337238735,0.03337238732,17.2481549
4540,0.578125,0.796875,242.8283471,36.88741827,6,3442,3774,0,0,0,0,0,0,23.38800864,-202.7898816,23.28342163,0.000192060352,0,0,152,84,0.04275695358,0.04275695357,7.238448687
4541,0.609375,0.796875,247.7374953,84.24522155,6,3774,3461,0,0,0,0,0,0,27.76678801,-143.9438501,27.61949603,0.000192060352,0,0,247,120,0.03601424837,0.03601424835,11.994901
4542,0.609375,0.765625,191.8067976,32.04984419,6,3774,3302,0,0,0,0,0,0,44.0195998,-209.9619113,43.65055964,0.000192060352,0,0,14,6,0.02271715337,0.02271715337,1.152616699
4543,0.578125,0.765625,342.066557,-83.99682013,6,3774,3460,0,0,0,0,0,0,49.30657576,-256.6235445,48.84403068,0.000192060352,0,0,9,6,0.02028127049,0.02028127049,0.4701465596
4544,0.578125,0.75,391.685662,164.2220855,6,3460,3779,0,0,0,0,0,0,40.53407352,-51.12290033,40.22095386,0.000192060352,0,0,7,5,0.02467060212,0.02467060212,0.8384948669
4545,0.59375,0.765625,266.9366773,69.77784152,6,3779,3774,0,0,0,0,0,0,20.02013315,-213.7849476,19.94344911,0.000192060352,0,0,10,6,0.04994971775,0.04994971775,1.014799244
4546,0.609375,0.75,241.4259026,83.16157052,6,3779,3302,0,0,0,0,0,0,73.33912471,-201.5684464,72.32045223,0.000192060352,0,0,4,2,0.01363528681,0.01363528681,0.880187309
4547,0.59375,0.734375,272.646347,272.646347,6,3779,3563,1,1,1,0,0,1,3781.198869,363.2326151,4541.870911,1.197360224e-05,0,154.6824475,27,27,0.0002644663861,0.0002644663861,0.3249128543
4548,0.984375,0.84375,416.2394449,416.2394449,6,3630,3544,1,1,1,0,0,1,23594.53166,-448.5145985,29391.203,1.197360224e-05,0,78.7913813,4,4,4.238270182e-05,4.238270182e-05,0.1447028591
4549,1,0.828125,758.7247013,211.4802506,6,3630,3527,0,0,0,0,0,0,22164.83626,-179.9492416,4216.262929,0.000192060352,0,0,2,2,4.511650745e-05,4.511650745e-05,0.09509342322
4550,1,0.859375,426.2443861,426.2443861,6,3320,3630,1,1,1,0,0,1,1336.716652,23.99314055,1063.646407,0.000192060352,0,59.95048466,34,34,0.0007481017004,0.0007481017004,5.03252212
4551,0.921875,0.625,244.6060827,244.6060827,6,3523,3590,1,1,1,0,0,1,1827.00688,-9.915517837,1352.441221,0.000192060352,0,30.40701169,14,14,0.0005473433138,0.0005473433138,1.766477545
4552,0.90625,0.609375,317.8812618,-0.3739196515,6,3590,3584,0,0,0,0,0,0,543.9703404,-261.5272131,492.5147911,0.000192060352,0,0,18,12,0.001838335523,0.001838335522,1.251805779
4553,0.890625,0.625,279.8859242,279.8859242,6,3590,3300,1,1,1,0,0,1,4320.157443,33.20587629,2361.088887,0.000192060352,0,37.20905096,11,11,0.0002314730454,0.0002314730454,1.523530963
4554,0.90625,0.640625,239.6550416,239.6550416,6,3590,3529,1,1,1,0,0,1,501.869138,-26.39457053,457.7472612,0.000192060352,0,45.42627045,208,208,0.001992551293,0.001992551293,2.850560481
4555,0.5625,0.609375,620.3717464,157.2450556,6,3438,3627,0,0,0,0,0,0,185540.2884,-15.30857804,5064.572874,0.000192060352,0,0,5,3,5.389665008e-06,5.389664942e-06,0.008907807505
4556,0.578125,0.59375,277.1419563,-42.19217264,6,3627,3594,0,0,0,0,0,0,13.0377156,-217.0922699,13.00515033,0.000192060352,0,0,244,122,0.0767005533,0.0767005533,0.260270256
4557,0.5625,0.578125,319.3527808,14.16985542,6,3627,3433,0,0,0,0,0,0,12.45016694,-173.7819143,12.42046732,0.000192060352,0,0,600,291,0.08032020816,0.0803202081,16.83479198
4558,0.546875,0.59375,200.7704391,-28.279735,6,3627,3593,0,0,0,0,0,0,1210.842961,-197.6434849,982.3845871,0.000192060352,0,0,58,32,0.0008258709278,0.0008258709262,0.9287437134
4559,0.734375,0.6875,526.7056663,8.012455123,6,3485,3692,0,0,0,0,0,0,46.69445774,-255.2417247,46.27941681,0.000192060352,0,0,30,15,0.02141581782,0.02141581781,0.8150768898
4560,0.71875,0.671875,366.4005227,54.75729372,6,3692,3685,0,0,0,0,0,0,368.6157392,-163.6333819,344.2444479,0.000192060352,0,0,12,7,0.002712852149,0.002712852148,1.208799865
4561,0.703125,0.6875,435.8608116,37.23532768,6,3692,3435,0,0,0,0,0,0,278.6665905,-194.1287095,264.5098128,0.000192060352,0,0,12,5,0.003588517728,0.003588517725,0.5438435604
4562,0.71875,0.703125,338.2512155,104.8533097,6,3692,3684,0,0,0,0,0,0,85.95505826,-132.0828564,84.55910924,0.000192060352,0,0,30,13,0.01163398665,0.01163398664,1.060677952
4563,0.625,0.515625,279.7443062,232.5057133,6,3310,3596,0,0,0,0,0,0,23.62605039,82.61951461,23.51932844,0.000192060352,0,0,61,31,0.04232616046,0.04232616045,0.507020008
4564,0.609375,0.53125,268.9302,23.38705145,6,3596,3595,0,0,0,0,0,0,25.83950143,-142.5475237,25.71189986,0.000192060352,0,0,35,15,0.0387004371,0.03870043709,0.4290545799
4565,0.625,0.546875,109.0855179,109.0855179,6,3596,3459,1,1,1,0,0,1,2538.713499,-253.310351,2308.6032,1.197360224e-05,0,151.4829811,8,8,0.0003939002966,0.0003939002966,1.245206073
4566,0.671875,0.546875,189.728223,189.728223,6,3436,3602,1,0,0,0,0,1,737.7165763,0,0,0,0,0,33,17,0.001355534134,0.001355534131,0.2727298141
4567,0.671875,0.515625,181.8538406,28.68594967,6,3602,3456,0,0,0,0,0,0,20.78967527,-143.0602013,20.70699488,0.000192060352,0,0,189,97,0.04810079941,0.04810079939,4.784081922
4568,0.640625,0.515625,172.6252992,172.6252992,6,3602,3310,1,1,1,0,0,1,131.4860719,1.138372975,128.2474064,0.000192060352,0,53.29912403,55,55,0.007605368276,0.007605368276,4.618974251
4569,0.640625,0.546875,150.3930904,150.3930904,6,3602,3459,1,0,0,0,0,1,583.7369534,0,0,0,0,0,17,10,0.001713100386,0.001713100384,0.3388589463
4570,0.640625,0.53125,274.1128433,55.64824065,6,3596,3602,0,0,0,0,0,0,113.282592,-103.3584434,110.8703748,0.000192060352,0,0,23,10,0.00882748163,0.008827481628,0.7952927128
4571,0.765625,0.6875,483.3553181,96.93597979,6,3485,3694,0,0,0,0,0,0,34.49505248,-180.7071102,34.26802231,0.000192060352,0,0,23,15,0.02898966455,0.02898966455,0.5863903669
4572,0.78125,0.703125,251.5505193,301.9486909,6,3694,3619,0,0,0,0,0,0,150.7461249,49.10004324,146.5044755,0.000192060352,0,0,17,9,0.006633669691,0.006633669689,0.2979376778
4573,0.796875,0.6875,305.8097672,-83.786425,6,3694,3486,0,0,0,0,0,0,6.131698364,-321.6628502,6.124485825,0.000192060352,0,0,31,16,0.1630869525,0.1630869525,0.5856603243
4574,0.78125,0.671875,313.5161228,704.6220201,6,3694,3622,0,0,0,0,0,0,307.382543,458.2247442,290.2474922,0.000192060352,0,0,19,12,0.003253275187,0.003253275185,0.1472688926
4575,0.828125,0.546875,115.5994992,83.97366525,6,3489,3726,0,0,0,0,0,0,7033.69955,-97.77456434,2991.924401,0.000192060352,0,0,6,2,0.000142172692,0.0001421726916,0.2546011962
4576,0.859375,0.546875,69.91734196,81.01849853,6,3726,3509,0,0,0,0,0,0,41568.46938,-87.02241419,4627.12226,0.000192060352,0,0,8,4,2.405669525e-05,2.405669521e-05,0.0288190573
4577,0.859375,0.515625,-108.4793759,26.4360788,6,3726,3308,0,0,0,0,0,0,3502.835187,-129.7338224,2094.050592,0.000192060352,0,0,7,4,0.0002854830292,0.0002854830289,0.3372472684
4578,0.828125,0.515625,49.12112117,41.37359417,6,3726,3508,0,0,0,0,0,0,820.3956174,-135.1439921,708.725025,0.000192060352,0,0,13,9,0.001218924113,0.001218924112,2.319824821
4579,0.875,0.515625,-131.3204546,114.8826933,6,3308,3855,0,0,0,0,0,0,709.5450597,-35.85079979,624.4480991,0.000192060352,0,0,13,6,0.001409353763,0.001409353761,1.554030072
4580,0.859375,0.53125,-19.28101699,124.1775851,6,3855,3726,0,0,0,0,0,0,794.6358885,-27.53265061,689.4182245,0.000192060352,0,0,7,4,0.001258438002,0.001258438002,1.452751664
4581,0.875,0.546875,47.07626333,68.35466039,6,3855,3509,0,0,0,0,0,0,2169.032553,-94.24984423,1531.169901,0.000192060352,0,0,5,3,0.0004610350354,0.0004610350348,0.81517327
4582,0.921875,0.546875,211.9578096,211.9578096,6,3488,3587,1,0,0,0,0,1,1048.256782,0,0,0,0,0,38,23,0.0009539647315,0.0009539647285,3.532336682
4583,0.921875,0.515625,212.6481743,103.7393994,6,3587,3506,0,0,0,0,0,0,686.1298341,-93.90185995,606.2404725,0.000192060352,0,0,14,5,0.001457450107,0.001457450103,1.898206986
4584,0.890625,0.515625,-62.80484089,138.4658489,6,3587,3308,0,0,0,0,0,0,504.451421,-36.47084161,459.8944893,0.000192060352,0,0,19,8,0.001982351439,0.001982351436,3.251248704
4585,0.890625,0.546875,115.591877,-61.28319077,6,3587,3509,0,0,0,0,0,0,1266.988748,-248.0908928,1019.021728,0.000192060352,0,0,22,11,0.0007892729921,0.0007892729912,0.5872356898
4586,0.890625,0.53125,26.39351805,93.47190052,6,3855,3587,0,0,0,0,0,0,980.0162725,-77.00512453,824.77521,0.000192060352,0,0,11,5,0.00102039122,0.001020391219,1.820101786
4587,0.828125,0.828125,335.7513457,335.7513457,6,3491,3538,1,1,1,0,0,1,49.9900073,45.10634634,49.51461262,0.000192060352,0,119.2722865,10,10,0.02000399788,0.02000399788,1.263056463
4588,0.828125,0.859375,358.2642894,358.2642894,6,3538,3496,1,1,1,0,0,1,169.6907567,24.61605133,164.3349376,0.000192060352,0,77.75686169,95,95,0.005893072901,0.005893072901,14.2461997
4589,0.859375,0.859375,368.523933,368.523933,6,3538,3299,1,1,1,0,0,1,212.4583538,30.64865528,204.1289074,0.000192060352,0,38.24533927,138,138,0.004706804802,0.004706804802,12.02604777
4590,0.859375,0.828125,344.1824238,344.1824238,6,3538,3513,1,0,0,0,0,1,573.7694721,0,0,0,0,0,43,21,0.00174286024,0.001742860237,0.1110840787
4591,0.875,0.828125,315.5100088,315.5100088,6,3513,3542,1,1,1,0,0,1,702.1210296,-377.9386394,687.0735098,1.197360224e-05,0,121.7331082,5,5,0.001424255873,0.001424255873,0.4989451175
4592,0.859375,0.84375,459.7947054,459.7947054,6,3542,3538,1,1,1,0,0,1,2389.146831,95.91401853,3302.806209,1.197360224e-05,0,87.68694659,8,8,0.0004185594569,0.0004185594569,0.2366696966
4593,0.875,0.859375,350.2073388,350.2073388,6,3542,3299,1,1,1,0,0,1,253.7054372,-27.55238915,241.9175765,0.000192060352,0,29.64544626,144,144,0.003941578908,0.003941578908,16.35871419
4594,0.890625,0.84375,348.595011,348.595011,6,3542,3543,1,1,1,0,0,1,3795.74695,-927.9569467,4459.791745,1.197360224e-05,0,69.55551279,1,1,0.0002634527573,0.0002634527573,0.04037134814
4595,0.046875,0.921875,-14.35875589,59.19191157,6,3344,3867,0,0,0,0,0,0,3358.521756,44.60021046,2041.606321,0.000192060352,0,0,2,2,0.0002977500438,0.0002977500438,0.353392206
4596,0.046875,0.890625,-18.53515166,27.10332271,6,3867,3347,0,0,0,0,0,0,1350.296412,33.15154807,1072.226819,0.000192060352,0,0,6,4,0.0007405781363,0.0007405781358,1.001529582
4597,0.015625,0.890625,-43.07626768,21.92501027,6,3867,3276,0,0,0,0,0,0,1.631735541e+12,2.598185631e-07,5206.696679,0.000192060352,0,0,2,0,6.128444069e-13,0,0.6128444069
4598,0,0.96875,-14.35875589,-2.020343876,5,3241,3346,0,0,0,0,0,0,547.3030507,-65.48218722,482.436355,0.0002456709918,0,0,1,1,0.001827141286,0.001827141286,0.7816946916
4599,0.03125,0.9375,-14.35875589,133.3714794,5,3346,3344,0,0,0,0,0,0,5351.805333,102.4897308,2312.011357,0.0002456709918,0,0,2,2,0.0001868528352,0.0001868528352,0.08057983069
4600,0,0.90625,-43.07626768,-43.07626768,5,3346,3276,0,0,0,0,0,0,1e+300,98.6960665,1252.466725,0,0,0,0,0,0,0,0
4601,0.015625,0.921875,-28.71751178,-63.09043745,6,3867,3346,0,0,0,0,0,0,1916.886,-97.63884042,1401.070841,0.000192060352,0,0,1,1,0.0005216794323,0.0005216794323,0.6150777537
4602,0.015625,0.875,-45.16446556,173.4571558,6,3276,3870,0,0,0,0,0,0,15833.81881,59.74982628,3918.244876,0.000192060352,0,0,5,3,6.315595827e-05,6.315595744e-05,0.1412983087
4603,0.03125,0.890625,-30.80570967,68.05969789,6,3870,3867,0,0,0,0,0,0,1805.665615,-41.98097716,1340.711272,0.000192060352,0,0,7,3,0.0005538123957,0.0005538123941,1.085296654
4604,0.046875,0.875,-20.62334955,44.07710121,6,3870,3347,0,0,0,0,0,0,440.4219833,-41.65699292,406.0732234,0.000192060352,0,0,13,8,0.002270549695,0.002270549693,3.058179463
4605,0.046875,0.828125,22.91075264,22.91075264,6,3343,3792,1,0,0,0,0,1,326.766023,0,0,0,0,0,45,27,0.003060293695,0.00306029369,5.550954517
4606,0.015625,0.828125,218.3911255,218.3911255,6,3792,3348,1,1,1,0,0,1,4554.539261,143.9670879,2429.41616,0.000192060352,0,89.63399847,13,13,0.0002195611768,0.0002195611768,1.485578709
4607,0.015625,0.859375,-55.12871102,81.84125788,6,3792,3276,0,0,0,0,0,0,2828.245804,12.02801225,1832.722273,0.000192060352,0,0,9,4,0.0003535760571,0.0003535760559,0.7445173053
4608,0.046875,0.859375,-30.587595,55.64966107,6,3792,3347,0,0,0,0,0,0,160.9262978,13.80965082,156.1015787,0.000192060352,0,0,51,25,0.006214024766,0.006214024762,2.599618607
4609,0.03125,0.859375,-42.85815301,122.5320331,6,3870,3792,0,0,0,0,0,0,387.6269024,-35.39687757,360.7684963,0.000192060352,0,0,11,8,0.002579800302,0.002579800301,3.860354797
4610,0.859375,0.8125,276.7915268,57.02416669,6,3513,3541,0,0,0,0,0,0,335.948709,-286.9793104,315.586314,0.000192060352,0,0,24,12,0.002976644866,0.002976644861,1.329189554
4611,0.84375,0.796875,303.9008718,-333.8217455,6,3541,3539,0,0,0,0,0,0,35.17025375,-654.7695332,34.93427929,0.000192060352,0,0,263,150,0.02843311871,0.02843311869,3.738696104
4612,0.828125,0.8125,367.9825461,-572.4169773,6,3541,3491,0,0,0,0,0,0,3438.296227,-863.0369497,2070.813217,0.000192060352,0,0,6,3,0.0002908417233,0.0002908417226,0.03184129545
4613,0.84375,0.828125,264.5880322,-98.33325601,6,3541,3538,0,0,0,0,0,0,16.77811618,-394.1234402,16.72422386,0.000192060352,0,0,22,9,0.05960144688,0.05960144687,0.2346326682
4614,0.078125,0.546875,-299.5096049,-417.5558177,6,3337,3860,0,0,0,0,0,0,279.376823,-165.1746577,265.1496332,0.000192060352,0,0,84,40,0.003579394988,0.003579394983,4.471051973
4615,0.109375,0.546875,-221.2559292,-221.2559292,6,3860,3357,1,1,1,0,0,1,76.67494557,-81.27895439,75.56220016,0.000192060352,0,77.91139947,117,117,0.0130420699,0.0130420699,3.682826935
4616,0.109375,0.515625,-163.7744046,-163.7744046,6,3860,3282,1,0,0,0,0,1,2.61283923,0,0,0,0,0,540,270,0.3827254231,0.3827254231,1.51774849
4617,0.078125,0.515625,-266.3544087,-266.3544087,6,3860,3356,1,0,0,0,0,1,11.77001072,0,0,0,0,0,80,37,0.0849616898,0.0849616898,0.6697001352
4618,0.125,0.515625,-150.2868776,-150.2868776,6,3282,3982,1,0,0,0,0,1,2.008752455,0,0,0,0,0,542,288,0.4978214201,0.49782142,1.996001536
4619,0.109375,0.53125,-247.5971885,-250.0414659,6,3982,3860,0,0,0,0,0,0,17.26323682,-67.29351141,17.20618827,0.000192060352,0,0,181,93,0.05792656443,0.05792656442,0.316816432
4620,0.125,0.546875,-116.5137297,-116.5137297,6,3982,3357,1,1,1,0,0,1,71.10496113,9.999222814,70.14700245,0.000192060352,0,35.58540074,56,56,0.01406371629,0.01406371629,13.82664709
4621,0.140625,0.53125,-146.6483731,-146.6483731,6,3982,3645,1,1,1,0,0,1,2707373.946,-309.7922614,82103.90195,1.197360224e-05,0,179.3794516,1,1,3.693616101e-07,3.693616101e-07,0.0003275896742
4622,0.9375,0.640625,446.1951999,32.90908023,6,3523,3591,0,0,0,0,0,0,131.026434,-247.6318319,127.8100952,0.000192060352,0,0,57,34,0.007632047742,0.00763204774,3.416389542
4623,0.921875,0.65625,310.9786731,-123.1680848,6,3591,3529,0,0,0,0,0,0,11.85924547,-415.519884,11.83229516,0.000192060352,0,0,485,238,0.08432239658,0.08432239655,6.687982385
4624,0.9375,0.671875,336.3161845,98.45568756,6,3591,3487,0,0,0,0,0,0,108.3502407,-213.6270449,106.1414597,0.000192060352,0,0,46,19,0.00922932883,0.009229328823,3.615475198
4625,0.953125,0.671875,149.4239119,-5.534320573,6,3487,3532,0,0,0,0,0,0,138.2794543,-290.5275242,134.7020375,0.000192060352,0,0,53,29,0.00723173233,0.007231732324,5.000580001
4626,0.984375,0.671875,223.9818037,63.52732534,6,3532,3525,0,0,0,0,0,0,89.87117007,-207.233968,88.34625291,0.000192060352,0,0,40,23,0.01112703884,0.01112703883,6.913267085
4627,0.984375,0.640625,-114.4816181,70.14823245,6,3532,3319,0,0,0,0,0,0,8244.484852,-202.1772863,3191.283374,0.000192060352,0,0,7,3,0.0001212932061,0.0001212932059,0.2032854476
4628,0.953125,0.640625,259.3029272,-185.3224871,6,3532,3523,0,0,0,0,0,0,316.3169546,-438.7738705,298.2006829,0.000192060352,0,0,40,25,0.003161386026,0.003161386024,1.795904657
4629,0.953125,0.65625,204.3634195,224.9610085,6,3591,3532,0,0,0,0,0,0,104.7344264,-64.68224668,102.6692014,0.000192060352,0,0,49,30,0.009547958913,0.009547958907,3.761631243
4630,0.984375,0.90625,490.3783408,490.3783408,6,3665,3638,1,1,1,0,0,1,573.7914199,116.7253138,738.4592787,1.197360224e-05,0,83.62391968,5,5,0.001742793575,0.001742793575,1.084007559
4631,1,0.890625,270.6474979,270.6474979,6,3665,3320,0,0,0,0,0,0,1e+300,14.32236252,7.018621818,0,0,0,0,0,0,0,0
4632,1,0.921875,400.3542324,-724.0649458,6,3528,3665,0,0,0,0,0,0,75.39247791,-1171.177802,74.31638368,0.000192060352,0,0,40,24,0.01326392271,0.01326392271,0.596855533
4633,0.5625,0.734375,192.6637974,192.6637974,6,3460,3780,1,1,1,0,0,1,329329.1094,6.651629464,64104.65331,1.197360224e-05,0,30.47254307,2,2,3.036476192e-06,3.036476192e-06,0.03592298912
4634,0.578125,0.71875,268.0797756,69.13660362,6,3780,3563,0,0,0,0,0,0,5.501945453,-172.1445163,5.496137654,0.000192060352,0,0,390,194,0.1817538921,0.181753892,3.790757892
4635,0.5625,0.703125,281.406712,378.4329032,6,3780,3434,0,0,0,0,0,0,31.68985846,130.533529,31.49814922,0.000192060352,0,0,13,4,0.03155583674,0.03155583674,0.4327047508
4636,0.546875,0.703125,216.6350594,0.03478804343,6,3434,3562,0,0,0,0,0,0,2054.619678,-210.9935916,1473.256492,0.000192060352,0,0,5,2,0.0004867080807,0.0004867080798,0.2478028364
4637,0.515625,0.703125,232.9917447,115.3422938,6,3562,3437,0,0,0,0,0,0,709.2556623,-91.83609963,624.2239439,0.000192060352,0,0,1,1,0.001409928821,0.001409928821,0.9784358096
4638,0.515625,0.734375,210.6976405,118.6085121,6,3562,3260,0,0,0,0,0,0,753.6437456,-92.69092537,658.3507165,0.000192060352,0,0,1,1,0.001326886882,0.001326886882,0.920807931
4639,0.546875,0.734375,157.0006792,157.0006792,6,3562,3460,1,0,0,0,0,1,1998.765766,0,0,0,0,0,7,5,0.0005003087491,0.0005003087491,0.8802745019
4640,0.546875,0.71875,278.4380026,70.00113378,6,3780,3562,0,0,0,0,0,0,4080.907184,-178.0337693,2287.78555,0.000192060352,0,0,10,6,0.000245043554,0.0002450435531,0.3470237828
4641,0,0.609375,-57.98991184,-57.98991184,6,3278,3863,1,1,1,0,0,1,254.3982866,64.13251492,555.255603,0.000192060352,0,21.47843866,56,56,0.003930844085,0.003930844085,4.638296964
4642,0.015625,0.59375,-382.5273214,-382.5273214,6,3863,3862,1,1,1,0,0,1,36.74107274,-273.7909413,115.336734,0.000192060352,0,65.91509093,416,416,0.02721749599,0.02721749599,5.250615116
4643,0,0.578125,-95.84292043,-95.84292043,6,3863,3341,1,0,0,0,0,1,9.188325732,0,0,0,0,0,113,48,0.1088337559,0.1088337559,0.5052571135
4644,0.015625,0.5,-736.8624086,-736.8624086,6,3245,3970,1,0,0,0,0,1,63438.67016,0,0,0,0,0,38,23,1.576325603e-05,1.576325424e-05,1.428351237
4645,0.03125,0.515625,-508.8512351,-273.6567896,6,3970,3861,0,0,0,0,0,0,36.81896721,213.0286778,36.56043144,0.000192060352,0,0,62,28,0.02715991446,0.02715991445,0.6473167747
4646,0.046875,0.5,-434.1790166,-434.1790166,6,3970,3356,1,1,1,0,0,1,662.0252385,24.12148908,587.3450228,0.000192060352,0,59.37465516,24,24,0.00151051643,0.00151051643,4.790304271
4647,0.03125,0.484375,-299.8631159,-421.6750039,6,3970,3716,0,0,0,0,0,0,10362.05156,174.6755717,3465.40767,0.000192060352,0,0,4,3,9.650598574e-05,9.650598569e-05,0.1823809549
4648,0.078125,0.453125,-492.4551916,-101.7945996,6,3330,3717,0,0,0,0,0,0,272.885585,226.702602,259.2957639,0.000192060352,0,0,18,13,0.003664539482,0.003664539481,0.1129348683
4649,0.078125,0.484375,-392.1510664,-380.0966455,6,3717,3356,0,0,0,0,0,0,58412.64847,-85.10474982,4780.573314,0.000192060352,0,0,4,3,1.711957986e-05,1.711957984e-05,0.02536046499
4650,0.109375,0.484375,-192.4058872,-192.4058872,6,3717,3282,1,0,0,0,0,1,611.6746545,0,0,0,0,0,47,23,0.001634856034,0.001634856032,1.678311932
4651,0.109375,0.453125,-326.4425374,-247.7417123,6,3717,3359,0,0,0,0,0,0,9.728577086,-34.14021103,9.710433394,0.000192060352,0,0,145,78,0.1027899549,0.1027899549,0.5597509658
4652,0.140625,0.109375,-274.764086,-274.764086,6,3265,3753,1,0,0,0,0,1,85.00501345,0,0,0,0,0,34,17,0.01176401202,0.01176401202,0.2650909111
4653,0.171875,0.109375,-264.6415278,-264.6415278,6,3753,3368,1,0,0,0,0,1,76.59608086,0,0,0,0,0,99,47,0.01305549825,0.01305549824,4.105010101
4654,0.171875,0.078125,-220.4664094,-220.4664094,6,3753,3324,1,0,0,0,0,1,0.9663954324,0,0,0,0,0,230,119,1.034773103,1.034773103,1.536588903
4655,0.140625,0.078125,-309.8261401,-309.8261401,6,3753,3349,1,0,0,0,0,1,7.072694638,0,0,0,0,0,99,50,0.1413888272,0.1413888272,0.4016921194
4656,0.171875,0.125,-153.8080077,-153.8080077,6,3368,3992,1,1,1,0,0,1,41.09721811,55.10476109,65.20711083,0.000192060352,0,105.5601457,122,122,0.02433254722,0.02433254722,11.56610482
4657,0.15625,0.109375,-234.1781845,-234.1781845,6,3992,3753,1,1,1,0,0,1,1818.323207,-266.1219203,2424.942449,1.197360224e-05,0,100.3079383,7,7,0.0005499572333,0.0005499572333,0.89180069
4658,0.140625,0.125,-311.648152,-311.648152,6,3992,3265,1,1,1,0,0,1,20045.72824,-1014.042465,18839.64701,1.197360224e-05,0,19.89377432,4,4,4.988594019e-05,4.988594019e-05,0.08926243474
4659,0.15625,0.140625,-175.9055889,-175.9055889,6,3992,3910,1,0,0,0,0,1,14.89700895,0,0,0,0,0,257,130,0.06712756925,0.06712756923,9.336671482
4660,0.640625,0.5625,140.019929,140.019929,6,3459,3603,1,1,1,0,0,1,1048.646714,-16.19274969,872.8514196,0.000192060352,0,46.11708567,15,15,0.000953610007,0.000953610007,3.053528472
4661,0.65625,0.578125,215.4564498,29.9767667,6,3603,3599,0,0,0,0,0,0,16.3996982,-158.1739261,16.34820574,0.000192060352,0,0,234,110,0.06097673187,0.06097673185,8.411233564
4662,0.671875,0.5625,186.6463088,186.6463088,6,3603,3436,1,1,1,0,0,1,5404.298407,-13.95230448,5097.463487,1.197360224e-05,0,44.98165532,8,8,0.0001850378948,0.0001850378948,0.3873335365
4663,0.65625,0.546875,268.4813805,75.086379,6,3603,3602,0,0,0,0,0,0,588.3636272,-111.3424113,528.6279664,0.000192060352,0,0,17,11,0.001699629198,0.001699629196,2.384357913
4664,0.984375,0.625,-59.54211045,465.2118419,6,3319,3588,0,0,0,0,0,0,4089.663291,189.18526,2290.53483,0.000192060352,0,0,6,3,0.0002445189075,0.0002445189063,0.4068389113
4665,0.96875,0.609375,104.6507546,153.8706615,6,3588,3585,0,0,0,0,0,0,992.442769,-108.7750419,833.5589988,0.000192060352,0,0,5,2,0.001007614778,0.001007614776,0.7797911934
4666,0.953125,0.625,314.2424349,115.0347284,6,3588,3523,0,0,0,0,0,0,240.3790254,-142.1177182,229.7711179,0.000192060352,0,0,10,5,0.00416009674,0.004160096737,1.760491805
4667,0.96875,0.640625,72.41065454,61.24623342,6,3588,3532,0,0,0,0,0,0,411.7022422,-205.0085561,381.5337302,0.000192060352,0,0,11,6,0.002428939892,0.002428939891,2.223459868
4668,0.984375,0.875,397.6409247,397.6409247,6,3320,3675,1,1,1,0,0,1,856734.3177,99.69903708,72297.7407,1.197360224e-05,0,66.37816092,11,11,1.167222999e-06,1.167222999e-06,0.02539491107
4669,0.96875,0.859375,386.936743,386.936743,6,3675,3544,1,1,1,0,0,1,182.6075712,-16.70217453,176.4202173,0.000192060352,0,26.13775999,152,152,0.005476224199,0.005476224199,15.43186482
4670,0.953125,0.875,423.7445714,-2921.575998,6,3675,3526,0,0,0,0,0,0,6125.979509,-3340.483745,2814.52648,0.000192060352,0,0,50,26,0.0001632392009,0.0001632392009,0.0170338017
4671,0.96875,0.890625,514.1114129,-247.7790893,6,3675,3638,0,0,0,0,0,0,15.69558305,-658.3998977,15.64841093,0.000192060352,0,0,6,3,0.06371219195,0.06371219195,0.3570394412
4672,0.890625,0.6875,300.937506,300.937506,6,3511,3617,1,1,1,0,0,1,1944.048481,-1.564644693,1415.526701,0.000192060352,0,97.39663586,11,11,0.0005143904638,0.0005143904638,2.85203854
4673,0.90625,0.703125,386.8481814,50.74550336,6,3617,3530,0,0,0,0,0,0,9.266018429,-260.3404117,9.249557595,0.000192060352,0,0,35,22,0.1079212185,0.1079212185,2.228090739
4674,0.921875,0.6875,384.38869,62.93434313,6,3617,3487,0,0,0,0,0,0,6.676644026,-247.4736819,6.668093406,0.000192060352,0,0,74,38,0.1497758449,0.1497758449,1.484301388
4675,0.90625,0.671875,359.0511787,466.7443418,6,3617,3529,0,0,0,0,0,0,44.95372844,176.0672501,44.56892794,0.000192060352,0,0,65,31,0.0222450959,0.02224509589,1.261198417
4676,0.625,0.671875,314.9017051,-55.70956549,6,3463,3826,0,0,0,0,0,0,29.09410962,-251.3470026,28.93244021,0.000192060352,0,0,30,14,0.03437121854,0.03437121854,0.1501330125
4677,0.640625,0.65625,202.5768311,-61.57788866,6,3826,3682,0,0,0,0,0,0,8.643519525,-273.5730707,8.629194395,0.000192060352,0,0,489,249,0.1156936127,0.1156936126,4.044427036
4678,0.625,0.640625,191.4799372,191.4799372,6,3826,3297,1,0,0,0,0,1,30.29820188,0,0,0,0,0,308,137,0.03300525899,0.03300525898,0.4787561765
4679,0.609375,0.65625,214.1223174,214.1223174,6,3826,3560,1,0,0,0,0,1,17.63996477,0,0,0,0,0,746,354,0.05668945563,0.05668945557,2.137680987
4680,0.078125,0.5,-341.9990037,-304.5277765,6,3356,3972,0,0,0,0,0,0,2368.828865,-30.9027945,1628.107954,0.000192060352,0,0,11,5,0.0004221495335,0.0004221495334,0.01359026393
4681,0.09375,0.515625,-251.4813919,-200.5600864,6,3972,3860,0,0,0,0,0,0,10.8695634,2.942211627,10.84691924,0.000192060352,0,0,114,60,0.0920000154,0.09200001539,0.372969776
4682,0.109375,0.5,-342.1638533,-76.26248513,6,3972,3282,0,0,0,0,0,0,2826.820304,94.77811128,1832.123581,0.000192060352,0,0,43,13,0.0003537543574,0.0003537543549,0.6486361714
4683,0.09375,0.484375,-202.802196,-162.3266889,6,3972,3717,0,0,0,0,0,0,20559.87241,69.81060891,4154.570183,0.000192060352,0,0,5,4,4.863843413e-05,4.863843412e-05,0.06694362454
4684,0.1875,0.515625,123.5931387,123.5931387,6,3358,3805,0,0,0,0,0,0,1e+300,0,1e+300,0,0,0,0,0,0,0,0
4685,0.171875,0.53125,95.37409011,95.37409011,6,3805,3645,0,0,0,0,0,0,1e+300,0,1e+300,0,0,0,0,0,0,0,0
4686,0.1875,0.546875,264.7784277,264.7784277,6,3805,3336,0,0,0,0,0,0,1e+300,0,1e+300,0,0,0,0,0,0,0,0
4687,0.203125,0.53125,104.6242065,104.6242065,6,3805,3644,0,0,0,0,0,0,1e+300,0,1e+300,0,0,0,0,0,0,0,0
4688,0.8125,0.890625,819.581828,93.98877937,6,3496,3704,0,0,0,0,0,0,14.7648989,-241.6406808,14.72314771,0.000192060352,0,0,3,2,0.06772819824,0.06772819824,0.953257311
4689,0.796875,0.90625,593.617355,479.84417,6,3704,3655,0,0,0,0,0,0,4899.063976,157.9688745,2524.098981,0.000192060352,0,0,2,1,0.0002041206249,0.000204120624,0.4455023131
4690,0.8125,0.921875,712.386643,2.852905975,6,3704,3492,0,0,0,0,0,0,6236.871797,-326.9890026,2837.707468,0.000192060352,0,0,7,3,0.0001603367894,0.0001603367892,0.2834222069
4691,0.828125,0.90625,547.6893803,74.10919052,6,3704,3654,0,0,0,0,0,0,16.06887626,-262.6043827,16.01943716,0.000192060352,0,0,4,3,0.06223210535,0.06223210535,0.8431144412
4692,0.875,0.578125,147.2126245,51.6905988,6,3509,3857,0,0,0,0,0,0,375.2350587,-148.3766944,350.0105745,0.000192060352,0,0,26,6,0.002664996185,0.002664996178,3.027381236
4693,0.859375,0.59375,180.9917054,68.20546285,6,3857,3725,0,0,0,0,0,0,961.8378494,-135.1849649,811.8618637,0.000192060352,0,0,9,2,0.001039676283,0.001039676279,0.5321961571
4694,0.875,0.609375,169.088629,341.3324107,6,3857,3300,0,0,0,0,0,0,1039.262621,116.4782345,866.3401378,0.000192060352,0,0,3,2,0.0009622206935,0.0009622206934,0.4227155382
4695,0.890625,0.59375,226.6662405,71.25723574,6,3857,3584,0,0,0,0,0,0,354.1719847,-168.1160749,331.6147546,0.000192060352,0,0,31,10,0.002823487015,0.002823487006,2.487838074
4696,0.296875,0.171875,-75.85527747,14.83431924,6,3370,3905,0,0,0,0,0,0,9.814546472,19.8357915,9.796081003,0.000192060352,0,0,35,21,0.1018895782,0.1018895782,2.012796248
4697,0.296875,0.140625,-80.74872247,-27.95730503,6,3905,3374,0,0,0,0,0,0,15.32813541,1.792954506,15.28314295,0.000192060352,0,0,27,17,0.06523950717,0.06523950717,1.521037286
4698,0.265625,0.140625,-259.8986141,-259.8986141,6,3905,3279,0,0,0,0,0,0,1e+300,169.6390585,594.2630944,0,0,0,0,0,0,0,0
4699,0.265625,0.171875,-67.162777,-67.162777,6,3905,3369,1,1,1,0,0,1,179.7056096,-72.69838066,173.7101224,0.000192060352,0,135.1799218,10,10,0.005564656563,0.005564656563,0.8201124256
4700,0.265625,0.125,-262.3453366,-262.3453366,6,3279,3906,0,0,0,0,0,0,1e+300,0,1e+300,0,0,0,0,0,0,0,0
4701,0.28125,0.140625,-170.3236683,103.867411,6,3906,3905,0,0,0,0,0,0,869.9494991,114.2287943,745.4051194,0.000192060352,0,0,2,1,0.001149492012,0.001149492011,0.09364543456
4702,0.296875,0.125,-83.19544498,-32.19447139,6,3906,3374,0,0,0,0,0,0,92.35727201,-26.83298516,90.74757607,0.000192060352,0,0,3,1,0.01082751773,0.01082751773,0.8820832086
4703,0.296875,0.078125,16.55095728,-21.18837234,6,3373,3763,0,0,0,0,0,0,564.3905037,-25.34366826,509.1952468,0.000192060352,0,0,8,3,0.001771822866,0.001771822865,1.341857436
4704,0.265625,0.078125,-352.8226238,-43.96656706,6,3763,3367,0,0,0,0,0,0,9.73772666e+15,-3.429647677e-09,5206.696695,0.000192060352,0,0,1,0,1.026933734e-16,0,0.0001026933734
4705,0.265625,0.109375,-229.0965359,-229.0965359,6,3763,3279,0,0,0,0,0,0,1e+300,-2.47936498e-08,40196.97325,0,0,0,0,0,0,0,0
4706,0.296875,0.109375,-49.94664423,-30.12661851,6,3763,3374,0,0,0,0,0,0,863.5724989,-27.937393,740.7183985,0.000192060352,0,0,8,3,0.001157980368,0.001157980366,0.8116149118
4707,0.28125,0.109375,-139.5215901,17.19965057,6,3906,3763,0,0,0,0,0,0,3.716719553e+12,-1.266453289e-07,5206.696688,0.000192060352,0,0,1,0,2.690544675e-13,0,0.2690544675
4708,0.984375,0.65625,54.75009277,127.537341,6,3534,3532,0,0,0,0,0,0,729.3471503,-146.2609998,639.7340545,0.000192060352,0,0,6,2,0.001371089199,0.001371089196,1.817420775
4709,1,0.640625,-77.20267222,283.5701334,6,3534,3319,0,0,0,0,0,0,6.311839489e+12,1.564585546e-07,5206.696691,0.000192060352,0,0,3,0,1.584324192e-13,0,0.1584324192
4710,1,0.671875,261.2607495,114.7732305,6,3525,3534,0,0,0,0,0,0,1144.407884,-167.2326774,938.1966042,0.000192060352,0,0,3,2,0.0008738143224,0.000873814322,1.158267676
4711,0.046875,0.796875,-33.78965899,-33.78965899,6,3343,3791,1,0,0,0,0,1,61.97531863,0,0,0,0,0,104,61,0.01613545557,0.01613545556,1.149587209
4712,0.046875,0.765625,-56.23685465,-56.23685465,6,3791,3360,1,0,0,0,0,1,84.77793516,0,0,0,0,0,191,98,0.01179552201,0.011795522,1.985217127
4713,0.015625,0.765625,244.5797787,244.5797787,6,3791,3253,1,1,1,0,0,1,658.5064479,377.1256029,584.5736718,0.000192060352,0,89.77637672,39,39,0.001518588016,0.001518588016,3.791436824
4714,0.015625,0.796875,303.2512373,303.2512373,6,3791,3348,1,1,1,0,0,1,358.5428634,284.1970472,335.4435904,0.000192060352,0,94.58051417,26,26,0.002789066809,0.002789066809,1.223355985
4715,0.921875,1,112.987691,116.7520727,6,3514,3641,0,0,0,0,0,0,3393.370963,-372.2714221,2054.431904,0.000192060352,0,0,3,2,0.0002946922134,0.0002946922134,0.5762179893
4716,0.90625,0.984375,400.103359,934.2780003,6,3641,3636,0,0,0,0,0,0,23.7812192,461.394355,23.67309402,0.000192060352,0,0,37,17,0.04204998875,0.04204998874,2.080116732
4717,0.890625,1,158.1827674,27.51290781,6,3641,3312,0,0,0,0,0,0,26.45212715,-438.9455855,26.31841892,0.000192060352,0,0,34,15,0.0378041431,0.03780414309,1.581830842
4718,0,0.796875,584.4704286,584.4704286,6,3348,3795,0,0,0,0,0,0,1e+300,206.7808157,424.1798717,0,0,0,0,0,0,0,0
4719,0.015625,0.78125,107.0357066,107.0357066,6,3795,3791,1,0,0,0,0,1,795.6245518,0,0,0,0,0,36,18,0.001256874235,0.001256874233,3.009684878
4720,0,0.765625,154.3939971,154.3939971,6,3795,3253,1,1,1,0,0,1,7041.933462,500.7082547,32061.28663,1.197360224e-05,0,98.28862006,4,4,0.000142006454,0.000142006454,0.4622872183
4721,0.546875,0.796875,253.1865741,253.1865741,6,3442,3775,0,0,0,0,0,0,1e+300,0,1e+300,0,0,0,0,0,0,0,0
4722,0.546875,0.765625,352.4247841,352.4247841,6,3775,3460,0,0,0,0,0,0,1e+300,0,1e+300,0,0,0,0,0,0,0,0
4723,0.515625,0.765625,222.8814788,222.8814788,6,3775,3260,0,0,0,0,0,0,1e+300,0,1e+300,0,0,0,0,0,0,0,0
4724,0.5,0.84375,250.2388955,250.2388955,5,3301,3447,0,0,0,0,0,0,1e+300,0,1e+300,0,0,0,0,0,0,0,0
4725,0.53125,0.8125,252.2040146,252.2040146,5,3447,3442,0,0,0,0,0,0,1e+300,0,1e+300,0,0,0,0,0,0,0,0
4726,0.5,0.78125,221.8989192,221.8989192,5,3447,3260,0,0,0,0,0,0,1e+300,0,1e+300,0,0,0,0,0,0,0,0
4727,0.40625,0.84375,298.6442171,298.6442171,5,3275,3394,0,0,0,0,0,0,1e+300,0,1e+300,0,0,0,0,0,0,0,0
4728,0.46875,0.84375,266.3740027,266.3740027,5,3394,3301,0,0,0,0,0,0,1e+300,0,1e+300,0,0,0,0,0,0,0,0
4729,0.46875,0.78125,238.0340264,238.0340264,5,3394,3260,0,0,0,0,0,0,1e+300,0,1e+300,0,0,0,0,0,0,0,0
4730,0.40625,0.78125,186.1017936,186.1017936,5,3394,3304,0,0,0,0,0,0,1e+300,0,1e+300,0,0,0,0,0,0,0,0
4731,0.46875,0.8125,252.2040146,252.2040146,5,3447,3394,0,0,0,0,0,0,1e+300,0,1e+300,0,0,0,0,0,0,0,0
4732,0.515625,0.796875,237.0514669,237.0514669,6,3775,3447,0,0,0,0,0,0,1e+300,0,1e+300,0,0,0,0,0,0,0,0
4733,0.5625,0.765625,417.1964367,444.1915166,6,3460,3778,0,0,0,0,0,0,875.773859,321.5518075,749.6770953,0.000192060352,0,0,3,2,0.001141847281,0.001141847281,0.07897007674
4734,0.546875,0.78125,302.8056791,302.8056791,6,3778,3775,0,0,0,0,0,0,1e+300,0,1e+300,0,0,0,0,0,0,0,0
4735,0.5625,0.796875,317.9582268,87.25271824,6,3778,3442,0,0,0,0,0,0,15.80280439,-102.4375664,15.75498656,0.000192060352,0,0,69,41,0.06327990748,0.06327990746,9.309191165
4736,0.578125,0.78125,292.447452,45.93656568,6,3778,3774,0,0,0,0,0,0,22.42818828,-144.9209467,22.33199176,0.000192060352,0,0,72,43,0.04458674893,0.04458674892,6.246348208
4737,0.640625,0.6875,412.5113012,405.4092731,6,3463,3825,0,0,0,0,0,0,5793.011629,183.1862454,2742.114028,0.000192060352,0,0,18,6,0.0001726217836,0.0001726217817,0.2105036148
4738,0.65625,0.703125,305.6754283,59.91280247,6,3825,3683,0,0,0,0,0,0,3.996814542,-198.1591827,3.993748823,0.000192060352,0,0,47,24,0.2501992498,0.2501992498,2.011552318
4739,0.671875,0.6875,397.7960233,248.4748404,6,3825,3435,0,0,0,0,0,0,3.290807377,-10.62461892,3.28872879,0.000192060352,0,0,26,13,0.3038767954,0.3038767954,1.597927832
4740,0.65625,0.671875,300.1864272,-56.9327134,6,3825,3682,0,0,0,0,0,0,36.5618651,-295.513486,36.30691487,0.000192060352,0,0,16,6,0.02735090229,0.02735090229,0.1385924154
4741,0.75,0.796875,68.89196197,-14.86584021,6,3497,3610,0,0,0,0,0,0,813.3142267,-325.9484733,703.4340221,0.000192060352,0,0,17,8,0.001229537081,0.001229537079,1.712888172
4742,0.765625,0.78125,288.2537941,288.2537941,6,3610,3536,1,1,1,0,0,1,11819.17046,-54.9743844,8461.692699,1.197360224e-05,0,108.4322976,5,5,8.460830675e-05,8.460830675e-05,0.6581971291
4743,0.75,0.765625,22.96398732,-36.0671254,6,3610,3251,0,0,0,0,0,0,253.9492302,-332.9422209,242.1392333,0.000192060352,0,0,7,7,0.003937794965,0.003937794965,0.8261065539
4744,0.734375,0.78125,314.5903591,314.5903591,6,3610,3611,1,1,1,0,0,1,20948.10083,12.41353674,24005.07156,1.197360224e-05,0,119.7632802,6,6,4.773702437e-05,4.773702437e-05,0.3779362118
4745,0.859375,1,375.8291456,22.45082636,6,3312,3658,0,0,0,0,0,0,7.886610392,-381.5568483,7.87468257,0.000192060352,0,0,156,79,0.1267971854,0.1267971854,11.72958164
4746,0.84375,0.984375,495.3313318,793.0571521,6,3658,3657,0,0,0,0,0,0,7.828957909,389.9341628,7.817203709,0.000192060352,0,0,162,82,0.1277309205,0.1277309204,7.368828235
4747,0.828125,1,765.9268256,440.0256229,6,3658,3516,0,0,0,0,0,0,6359618.918,37.24724929,5202.437397,0.000192060352,0,0,6,3,1.572421261e-07,1.572419464e-07,0.0001039990834
4748,0.046875,0.703125,-174.9799102,-291.0062772,6,3338,3834,0,0,0,0,0,0,16.20936681,-147.0098292,16.1590608,0.000192060352,0,0,468,231,0.06169272445,0.06169272441,1.134827154
4749,0.015625,0.703125,72.02826152,72.02826152,6,3834,3339,1,0,0,0,0,1,35.76915872,0,0,0,0,0,365,182,0.02795704556,0.02795704554,0.5546198114
4750,0.015625,0.734375,95.64094613,95.64094613,6,3834,3253,1,1,1,0,0,1,58.01778978,287.2736992,57.37842663,0.000192060352,0,46.79915273,183,183,0.01723609265,0.01723609265,17.62035127
4751,0.046875,0.734375,-115.9571849,-115.9571849,6,3834,3360,1,0,0,0,0,1,35.50645525,0,0,0,0,0,617,301,0.02816389282,0.02816389279,4.728051194
4752,0,0.734375,141.6241147,141.6241147,6,3253,3836,1,1,1,0,0,1,8863.336001,742.7644852,22165.61774,1.197360224e-05,0,35.35668728,6,6,0.0001128243361,0.0001128243361,0.347545099
4753,0.015625,0.71875,-68.78627533,8.693074966,6,3836,3834,0,0,0,0,0,0,20.69821096,-24.25969109,20.61625504,0.000192060352,0,0,345,172,0.04831335433,0.0483133543,1.974773398
4754,0,0.703125,586.4407955,586.4407955,6,3836,3339,1,1,1,0,0,1,1751.327816,147.0600507,2575.88475,1.197360224e-05,0,93.44598623,20,20,0.0005709953277,0.0005709953277,0.1351085591
4755,0.171875,0.328125,-49.22047736,-130.3840488,6,3328,3852,0,0,0,0,0,0,33.75845458,-28.39992729,33.54098621,0.000192060352,0,0,54,26,0.02962220909,0.02962220908,1.53705356
4756,0.140625,0.328125,-190.0926921,-190.0926921,6,3852,3353,1,1,1,0,0,1,316.8386358,-47.29529443,298.6642754,0.000192060352,0,190.5613858,28,28,0.00315618074,0.00315618074,2.103041111
4757,0.140625,0.359375,-68.9086683,-207.6334112,6,3852,3266,0,0,0,0,0,0,6.30287626,-69.29059413,6.295255647,0.000192060352,0,0,245,123,0.1586577237,0.1586577237,0.726146119
4758,0.171875,0.359375,-116.8931923,-140.0866096,6,3852,3382,0,0,0,0,0,0,65.33791087,-38.57771752,64.52815849,0.000192060352,0,0,35,18,0.01530505011,0.0153050501,0.8356993363
4759,0.171875,0.375,-150.7295497,-114.4699529,6,3382,3916,0,0,0,0,0,0,959.2204699,36.75966736,809.9962936,0.000192060352,0,0,6,2,0.001042513198,0.001042513197,1.564936903
4760,0.15625,0.359375,-92.90093028,-154.0061721,6,3916,3852,0,0,0,0,0,0,3.380230788,15.87802535,3.378037738,0.000192060352,0,0,106,59,0.2958377882,0.2958377882,1.158696153
4761,0.140625,0.375,-102.7450258,-307.2294364,6,3916,3266,0,0,0,0,0,0,5.609442654,-119.1658912,5.603405816,0.000192060352,0,0,143,75,0.1782708304,0.1782708304,0.9475853171
4762,0.140625,0.390625,-212.8464583,-212.8464583,6,3266,3807,1,1,1,0,0,1,43.95462667,-281.880062,47.90397478,1.197360224e-05,0,111.6316209,48,48,0.02275073356,0.02275073356,0.4469233884
4763,0.140625,0.421875,-142.112853,-142.112853,6,3807,3359,1,0,0,0,0,1,2834.693605,0,0,0,0,0,28,12,0.0003527718122,0.0003527718112,0.440243719
4764,0.171875,0.421875,-87.52634963,-87.52634963,6,3807,3331,1,0,0,0,0,1,1.192511189e+13,0,0,0,0,0,1,0,8.385665557e-14,0,0.08385665557
4765,0.171875,0.390625,-96.69666433,-96.69666433,6,3807,3382,1,0,0,0,0,1,4443.541732,0,0,0,0,0,8,3,0.0002250457091,0.0002250457085,0.3093308524
4766,0.15625,0.390625,-165.0597476,-165.0597476,6,3916,3807,1,0,0,0,0,1,3.964157274e+14,0,0,0,0,0,1,0,2.522604253e-15,0,0.002522604253
4767,0.203125,0.5,39.54448196,-21.66286488,6,3358,3806,0,0,0,0,0,0,151.1447827,7.154326041,146.8809863,0.000192060352,0,0,7,4,0.006616172798,0.006616172796,1.127600647
4768,0.21875,0.515625,20.57554983,-7.579178606,6,3806,3644,0,0,0,0,0,0,19.0574556,5.597026813,18.98795624,0.000192060352,0,0,199,94,0.05247290198,0.05247290193,33.64238492
4769,0.234375,0.5,12.63245761,6.574401628,6,3806,3254,0,0,0,0,0,0,15.66299497,8.144114046,15.61601824,0.000192060352,0,0,356,180,0.06384475011,0.06384475005,43.25539264
4770,0.203125,0.453125,-30.04700802,-43.83375845,6,3331,3809,0,0,0,0,0,0,4.757843901,-2.32812804,4.753500185,0.000192060352,0,0,667,326,0.2101792368,0.2101792366,9.205434372
4771,0.203125,0.484375,16.34731863,-14.63296268,6,3809,3358,0,0,0,0,0,0,124.7856644,8.113532449,121.8650016,0.000192060352,0,0,6,4,0.008013741041,0.00801374104,1.322283311
4772,0.234375,0.484375,-10.56470572,11.65906324,6,3809,3254,0,0,0,0,0,0,30.50426871,7.158079865,30.32659548,0.000192060352,0,0,368,190,0.03278229711,0.03278229709,15.93319101
4773,0.25,0.46875,41.2548808,41.2548808,5,3254,3379,1,1,1,0,0,1,20.46387958,18.35297546,20.36151445,0.0002456709918,0,27.38209549,484,484,0.04886658935,0.04886658935,7.309122215
4774,0.28125,0.4375,49.05217076,49.05217076,5,3379,3376,1,0,0,0,0,1,3.849594391,0,0,0,0,0,1456,721,0.2597676271,0.259767627,1.59223767
4775,0.25,0.40625,23.72242962,-26.05191181,5,3379,3285,0,0,0,0,0,0,16.02048316,-39.64986516,15.95767745,0.0002456709918,0,0,1121,580,0.06242008995,0.0624200899,2.23874285
4776,0.21875,0.4375,-12.12386214,-8.373686405,5,3379,3331,0,0,0,0,0,0,9.003983642,14.76408275,8.984110631,0.0002456709918,0,0,1269,641,0.1110619521,0.111061952,3.818618019
4777,0.234375,0.453125,-2.382710989,3.311793868,6,3809,3379,0,0,0,0,0,0,6.852384297,3.446256128,6.843377924,0.000192060352,0,0,884,438,0.1459346056,0.1459346055,9.98774069
4778,0.21875,0.484375,2.891306456,-14.91309679,6,3806,3809,0,0,0,0,0,0,18.7765779,9.659922522,18.70910844,0.000192060352,0,0,164,90,0.05325784098,0.05325784094,20.412325
4779,0.828125,0.453125,65.7390917,118.5466543,6,3476,3741,0,0,0,0,0,0,1.826544785e+13,-7.470511321e-08,5206.696694,0.000192060352,0,0,1,0,5.474817855e-14,0,0.05474817855
4780,0.828125,0.484375,32.50098534,163.325342,6,3741,3508,0,0,0,0,0,0,3.662533576e+12,-2.424949628e-07,5206.696688,0.000192060352,0,0,1,0,2.730350396e-13,0,0.2730350396
4781,0.859375,0.484375,-125.0995118,-125.0995118,6,3741,3308,0,0,0,0,0,0,1e+300,0,1e+300,0,0,0,0,0,0,0,0
4782,0.875,0.46875,-120.3824523,209.1890088,5,3308,3507,0,0,0,0,0,0,1231.195147,71.89977118,945.277938,0.0002456709918,0,0,6,4,0.0008122189259,0.0008122189255,1.232562313
4783,0.90625,0.4375,124.8969279,64.44249933,5,3507,3477,0,0,0,0,0,0,464.3273139,-78.70953506,416.7840296,0.0002456709918,0,0,8,5,0.002153653188,0.002153653187,2.582710621
4784,0.875,0.40625,79.89027011,32.49912055,5,3507,3293,0,0,0,0,0,0,1232.297586,-68.98227514,945.9276631,0.0002456709918,0,0,2,1,0.0008114922978,0.0008114922974,0.7843897424
4785,0.84375,0.4375,70.45615117,70.45615117,5,3507,3476,0,0,0,0,0,0,1e+300,0,1e+300,0,0,0,0,0,0,0,0
4786,0.859375,0.453125,-24.96315056,-24.96315056,6,3741,3507,0,0,0,0,0,0,1e+300,0,1e+300,0,0,0,0,0,0,0,0
4787,0.8125,0.484375,111.3012339,173.4991844,6,3508,3951,0,0,0,0,0,0,1.053546599e+12,-4.881865436e-07,5206.696669,0.000192060352,0,0,3,0,9.491749119e-13,0,0.9491749119
4788,0.828125,0.46875,49.12003852,140.9359977,6,3951,3741,0,0,0,0,0,0,7.4610582e+11,-6.564899024e-07,5206.696659,0.000192060352,0,0,2,0,1.340292453e-12,0,1.340292453
4789,0.8125,0.453125,144.5393402,128.7204969,6,3951,3476,0,0,0,0,0,0,8.703502524e+12,-1.122500919e-07,5206.696692,0.000192060352,0,0,1,0,1.148962728e-13,0,0.1148962728
4790,0.796875,0.453125,162.5022198,199.8553089,6,3476,3740,0,0,0,0,0,0,4.248271307,79.1145939,4.244807864,0.000192060352,0,0,212,112,0.2353898628,0.2353898628,15.73741354
4791,0.765625,0.453125,140.4954612,46.0088494,6,3740,3479,0,0,0,0,0,0,6.67557164,-88.43429273,6.667023764,0.000192060352,0,0,230,120,0.1497999054,0.1497999054,5.858391826
4792,0.765625,0.484375,149.6551944,149.6551944,6,3740,3262,1,0,0,0,0,1,972.7975022,0,0,0,0,0,35,17,0.001027963166,0.001027963163,1.504507751
4793,0.796875,0.484375,165.7246428,165.7246428,6,3740,3508,1,0,0,0,0,1,32269.25623,0,0,0,0,0,15,6,3.098924849e-05,3.098924827e-05,0.06120722791
4794,0.796875,0.46875,145.8831666,145.8831666,6,3951,3740,0,0,0,0,0,0,1e+300,9.974983755e-07,83517.04198,0,0,0,0,0,0,0,0
4795,0.796875,0.421875,91.5196275,73.88893598,6,3476,3739,0,0,0,0,0,0,421.0058237,-29.26530368,389.5105727,0.000192060352,0,0,6,6,0.002375264055,0.002375264055,1.996458959
4796,0.796875,0.390625,302.870578,142.0319161,6,3739,3480,0,0,0,0,0,0,383.3151605,64.22961935,357.0306881,0.000192060352,0,0,2,2,0.002608819329,0.002608819329,0.7119167183
4797,0.765625,0.390625,-47.75790437,30.06359132,6,3739,3309,0,0,0,0,0,0,425.5940026,-48.28646493,393.4347507,0.000192060352,0,0,6,5,0.002349657171,0.002349657171,0.7793990077
4798,0.765625,0.421875,69.5128689,74.1235859,6,3739,3479,0,0,0,0,0,0,343.248748,-42.73308088,322.019764,0.000192060352,0,0,9,7,0.002913339104,0.002913339104,2.179663246
4799,0.75,0.421875,58.5094896,118.7079313,6,3479,3892,0,0,0,0,0,0,1908.465251,0.8889068488,1396.566907,0.000192060352,0,0,6,2,0.0005239812459,0.0005239812448,0.5093748469
4800,0.765625,0.40625,10.87748227,73.09650695,6,3892,3739,0,0,0,0,0,0,494.5261625,-27.84317703,451.6307817,0.000192060352,0,0,7,4,0.002022137707,0.002022137706,1.298472927
4801,0.75,0.390625,-58.76128367,44.48278287,6,3892,3309,0,0,0,0,0,0,1056.593166,-34.82963108,878.3499197,0.000192060352,0,0,7,3,0.0009464380728,0.0009464380715,0.6417327077
4802,0.703125,0.421875,56.87038028,126.9067485,6,3429,3575,0,0,0,0,0,0,179.4531716,19.16166928,173.4742364,0.000192060352,0,0,8,6,0.005572484404,0.005572484403,1.280376854
4803,0.734375,0.421875,57.96311983,71.64513806,6,3575,3479,0,0,0,0,0,0,452.4669552,-40.5916897,416.2908772,0.000192060352,0,0,9,5,0.002210106149,0.002210106149,1.018996676
4804,0.734375,0.390625,-59.30765344,73.7302172,6,3575,3309,0,0,0,0,0,0,1.235570321e+12,-4.40312391e-08,5206.696673,0.000192060352,0,0,4,0,8.093428459e-13,0,0.8093428459
4805,0.703125,0.390625,185.3149786,31.12164142,6,3575,3482,0,0,0,0,0,0,10406.26019,-62.27621338,3470.33819,0.000192060352,0,0,3,2,9.609600204e-05,9.609600175e-05,0.05327611395
4806,0.734375,0.40625,-0.6722668052,84.19061238,6,3892,3575,0,0,0,0,0,0,2048.676677,-12.12923259,1470.198367,0.000192060352,0,0,6,1,0.0004881199709,0.0004881199679,0.4497239743
4807,0.015625,0.75,53.07414183,53.07414183,6,3253,3934,1,1,1,0,0,1,1551.76366,218.8908397,1195.473861,0.000192060352,0,36.76496218,14,14,0.0006444280311,0.0006444280311,1.323782352
4808,0.03125,0.765625,-73.09041572,-37.66064855,6,3934,3791,0,0,0,0,0,0,203.4376381,-10.12860283,195.7877592,0.000192060352,0,0,72,40,0.004915511255,0.00491551125,5.470068674
4809,0.046875,0.75,-93.86166654,-93.86166654,6,3934,3360,1,1,1,0,0,1,391.9607537,-5.498133543,364.5196687,0.000192060352,0,44.03730418,52,52,0.002551275837,0.002551275837,3.138722719
4810,0.03125,0.734375,-172.8778727,-105.5632742,6,3934,3834,0,0,0,0,0,0,98.37178043,-18.47090121,96.54767444,0.000192060352,0,0,201,96,0.01016551694,0.01016551692,10.88304132
4811,0.421875,0.546875,163.0842727,163.0842727,6,3386,3671,0,0,0,0,0,0,1e+300,-6.668541801e-06,40196.97186,0,0,0,0,0,0,0,0
4812,0.421875,0.515625,239.9741691,76.59590934,6,3671,3408,0,0,0,0,0,0,708.0302709,-20.76362175,623.2745641,0.000192060352,0,0,12,7,0.001412368992,0.00141236899,1.701525278
4813,0.390625,0.515625,173.8804627,93.79150698,6,3671,3284,0,0,0,0,0,0,3835.366469,-39.63096228,2208.521391,0.000192060352,0,0,3,1,0.0002607312777,0.0002607312777,0.5690575702
4814,0.390625,0.546875,228.2928682,228.2928682,6,3671,3407,0,0,0,0,0,0,1e+300,0,1e+300,0,0,0,0,0,0,0,0
4815,0.390625,0.5,212.3254109,59.64559299,6,3284,3820,0,0,0,0,0,0,865.4563344,-73.9547665,742.1039315,0.000192060352,0,0,12,4,0.001155459797,0.001155459794,0.746332929
4816,0.40625,0.515625,206.9273159,85.80746085,6,3820,3671,0,0,0,0,0,0,356.1709368,-36.27454618,333.3665588,0.000192060352,0,0,14,8,0.002807640649,0.002807640645,3.930137441
4817,0.421875,0.5,278.4191173,121.7271072,6,3820,3408,0,0,0,0,0,0,247.3078244,24.18968583,236.093833,0.000192060352,0,0,19,10,0.004043543719,0.004043543714,1.760234944
4818,0.40625,0.484375,202.9712536,97.24583486,6,3820,3813,0,0,0,0,0,0,450.1184183,-31.61169217,414.302047,0.000192060352,0,0,17,6,0.002221637595,0.00222163759,0.586696731
4819,0.25,0.140625,-227.061312,-227.061312,6,3279,3918,0,0,0,0,0,0,1e+300,0,1e+300,0,0,0,0,0,0,0,0
4820,0.234375,0.15625,-58.99439823,-58.99439823,6,3918,3913,0,0,0,0,0,0,1e+300,0,1e+300,0,0,0,0,0,0,0,0
4821,0.25,0.171875,22.65662893,-63.02822609,6,3918,3369,0,0,0,0,0,0,37045.18113,-41.78602323,4565.075734,0.000192060352,0,0,1,1,2.699406426e-05,2.699406426e-05,0.04545545655
4822,0.265625,0.15625,-75.22882638,-94.09852689,6,3918,3905,0,0,0,0,0,0,1050.679491,-32.57154664,874.2593176,0.000192060352,0,0,5,4,0.0009517650324,0.0009517650324,0.3770892568
4823,0.328125,0.328125,25.9603737,25.12904395,6,3375,3931,0,0,0,0,0,0,4.099704862,-23.40985442,4.096479332,0.000192060352,0,0,458,225,0.2439199976,0.2439199975,1.227171293
4824,0.328125,0.359375,63.95030806,49.98398869,6,3931,3380,0,0,0,0,0,0,2.672384557,-18.14120488,2.671013635,0.000192060352,0,0,993,504,0.374197642,0.3741976419,2.903776582
4825,0.359375,0.359375,8.653457901,46.42214218,6,3931,3267,0,0,0,0,0,0,1.281538699,-21.49839356,1.281223348,0.000192060352,0,0,1366,684,0.7803119804,0.7803119803,2.534292244
4826,0.375,0.28125,41.71055075,41.71055075,5,3290,3405,1,0,0,0,0,1,0.8625448874,0,0,0,0,0,1163,585,1.159359953,1.159359953,2.89842991
4827,0.34375,0.3125,43.38403474,43.38403474,5,3405,3375,1,0,0,0,0,1,31.73852607,0,0,0,0,0,609,301,0.03150744927,0.03150744924,9.39834942
4828,0.375,0.34375,62.76506852,62.76506852,5,3405,3267,1,0,0,0,0,1,1.707440432,0,0,0,0,0,1233,614,0.5856719692,0.5856719691,2.824912238
4829,0.40625,0.3125,34.18242717,45.176365,5,3405,3378,0,0,0,0,0,0,14.03517451,-11.45838781,13.98694703,0.0002456709918,0,0,407,200,0.07124955939,0.07124955937,0.2981875486
4830,0.359375,0.328125,94.09004078,94.09004078,6,3931,3405,1,1,1,0,0,1,324.7601142,36.69874916,305.6929607,0.000192060352,0,107.2700864,77,77,0.003079195863,0.003079195863,3.852795788
4831,0.703125,0.546875,183.8138282,123.9181831,6,3436,3601,0,0,0,0,0,0,4.543690223,-66.2120519,4.539728571,0.000192060352,0,0,66,33,0.2200854263,0.2200854263,0.8115079573
4832,0.734375,0.546875,207.2077279,57.74330761,6,3601,3483,0,0,0,0,0,0,14.904462,-118.7366194,14.86191892,0.000192060352,0,0,67,30,0.0670940018,0.06709400179,0.2853486446
4833,0.734375,0.515625,172.2937421,107.6135246,6,3601,3262,0,0,0,0,0,0,1.952928597,-65.07615429,1.952196367,0.000192060352,0,0,726,371,0.512051491,0.5120514908,10.32447129
4834,0.703125,0.515625,170.4623347,126.9618084,6,3601,3456,0,0,0,0,0,0,2.249626814,-45.18454985,2.24865525,0.000192060352,0,0,933,461,0.4445181725,0.4445181723,12.29224998
4835,0.75,0.515625,183.9906919,120.2084291,6,3262,3828,0,0,0,0,0,0,6.704141636,-50.47217884,6.695520485,0.000192060352,0,0,895,426,0.1491615265,0.1491615264,7.739379884
4836,0.734375,0.53125,189.750735,148.571837,6,3828,3601,0,0,0,0,0,0,8.461973114,-30.829049,8.448242949,0.000192060352,0,0,137,67,0.1181757477,0.1181757477,4.758215495
4837,0.75,0.546875,218.9046778,136.1649201,6,3828,3483,0,0,0,0,0,0,440.0093188,-38.3059359,405.7223912,0.000192060352,0,0,23,10,0.002272679139,0.002272679136,1.462731542
4838,0.796875,0.546875,260.9529688,260.9529688,6,3489,3727,1,1,1,0,0,1,2640.925992,16.81777889,2543.702299,1.197360224e-05,0,118.1471823,9,9,0.0003786550638,0.0003786550638,0.3819678316
4839,0.796875,0.515625,190.6378769,190.6378769,6,3727,3508,1,0,0,0,0,1,2577.926229,0,0,0,0,0,19,11,0.0003879086952,0.0003879086947,2.310749997
4840,0.765625,0.515625,174.5684285,174.5684285,6,3727,3262,1,0,0,0,0,1,4.308420846,0,0,0,0,0,1139,541,0.2321036027,0.2321036025,20.92338028
4841,0.765625,0.546875,186.223745,186.223745,6,3727,3483,1,1,1,0,0,1,23.5541445,7.867973587,23.44806971,0.000192060352,0,106.9551056,17,17,0.04245537341,0.04245537341,0.7436249673
4842,0.765625,0.53125,181.2706795,181.2706795,6,3828,3727,1,0,0,0,0,1,327.0328817,0,0,0,0,0,10,5,0.003057796496,0.003057796496,0.05293292491
4843,0.1875,0.109375,-231.0700956,-231.0700956,6,3368,3991,1,0,0,0,0,1,71.08698049,0,0,0,0,0,59,27,0.01406727355,0.01406727354,0.1247035964
4844,0.203125,0.09375,-288.4340633,-256.5697763,6,3991,3754,0,0,0,0,0,0,169.6020383,-131.2114256,164.2517308,0.000192060352,0,0,10,6,0.005896155554,0.005896155553,0.03137807733
4845,0.1875,0.078125,-186.8949772,-186.8949772,6,3991,3324,1,0,0,0,0,1,1.927206192,0,0,0,0,0,175,95,0.5188858381,0.518885838,0.9123355419
4846,0.171875,0.09375,-174.8776374,-174.8776374,6,3991,3753,1,1,1,0,0,1,20.34373445,39.1756039,20.26455626,0.000192060352,0,38.59419961,123,123,0.04915518351,0.04915518351,15.0305217
4847,0.859375,0.5,-141.7185649,224.0513811,6,3308,3950,0,0,0,0,0,0,4381.227032,63.68314489,2379.213786,0.000192060352,0,0,2,1,0.0002282465603,0.0002282465601,0.2320232412
4848,0.84375,0.484375,-46.29926321,-46.29926321,6,3950,3741,0,0,0,0,0,0,1e+300,0,1e+300,0,0,0,0,0,0,0,0
4849,0.828125,0.5,15.88193215,83.12318642,6,3950,3508,0,0,0,0,0,0,1684.589179,-97.59273493,1272.787847,0.000192060352,0,0,5,3,0.0005936165402,0.0005936165391,1.323695361
4850,0.84375,0.515625,103.0325619,71.71356667,6,3950,3726,0,0,0,0,0,0,645.7630876,-89.6314122,574.5092933,0.000192060352,0,0,7,4,0.001548555529,0.001548555528,2.535948335
4851,0.109375,0.859375,-12.05244334,-171.1537608,6,3274,3789,0,0,0,0,0,0,2346.531132,-112.5763775,1617.543674,0.000192060352,0,0,2,2,0.000426160977,0.000426160977,0.1546919347
4852,0.109375,0.828125,-95.03230368,-155.4176068,6,3789,3361,0,0,0,0,0,0,73.34726747,-36.49395916,72.32837034,0.000192060352,0,0,78,41,0.01363377307,0.01363377305,10.98114134
4853,0.078125,0.828125,-36.15733002,-105.0317701,6,3789,3343,0,0,0,0,0,0,58.45614894,-37.76990626,57.80714188,0.000192060352,0,0,111,56,0.01710684022,0.01710684021,16.48933494
4854,0.078125,0.859375,-16.22883911,-62.53579533,6,3789,3347,0,0,0,0,0,0,23.31854981,-15.8985804,23.21458171,0.000192060352,0,0,81,39,0.04288431348,0.04288431347,1.883149828
4855,0.125,0.828125,-124.4697905,-197.6326513,6,3361,3956,0,0,0,0,0,0,606.1660287,4.875444555,542.9549618,0.000192060352,0,0,3,1,0.001649713037,0.001649713036,0.6811664757
4856,0.109375,0.84375,-53.54237351,-185.6675722,6,3956,3789,0,0,0,0,0,0,325.0248447,-39.16350045,305.9275078,0.000192060352,0,0,4,2,0.003076687879,0.003076687878,0.9130634729
4857,0.125,0.859375,-41.48993017,-112.0061797,6,3956,3274,0,0,0,0,0,0,4027.431194,30.15565173,2270.88177,0.000192060352,0,0,1,1,0.0002482972277,0.0002482972277,0.0695617001
4858,0.171875,0.828125,0,0,6,3342,3959,0,0,0,0,0,0,1e+300,0,1e+300,0,0,0,0,0,0,0,0
4859,0.140625,0.828125,-82.97986034,-82.97986034,6,3959,3361,0,0,0,0,0,0,1e+300,0,1e+300,0,0,0,0,0,0,0,0
4860,0.140625,0.859375,0,0,6,3959,3274,0,0,0,0,0,0,1e+300,0,1e+300,0,0,0,0,0,0,0,0
4861,0.21875,0.875,113.654155,113.654155,5,3287,3398,0,0,0,0,0,0,1e+300,0,1e+300,0,0,0,0,0,0,0,0
4862,0.1875,0.84375,37.88471833,37.88471833,5,3398,3342,0,0,0,0,0,0,1e+300,0,1e+300,0,0,0,0,0,0,0,0
4863,0.15625,0.875,37.88471833,37.88471833,5,3398,3274,0,0,0,0,0,0,1e+300,0,1e+300,0,0,0,0,0,0,0,0
4864,0.15625,0.90625,75.76943666,75.76943666,5,3274,3345,0,0,0,0,0,0,1e+300,0,1e+300,0,0,0,0,0,0,0,0
4865,0.15625,0.96875,127.2473502,127.2473502,5,3345,3288,0,0,0,0,0,0,1e+300,0,1e+300,0,0,0,0,0,0,0,0
4866,0.21875,0.96875,227.30831,227.30831,5,3345,3261,0,0,0,0,0,0,1e+300,0,1e+300,0,0,0,0,0,0,0,0
4867,0.21875,0.90625,151.5388733,151.5388733,5,3345,3287,0,0,0,0,0,0,1e+300,0,1e+300,0,0,0,0,0,0,0,0
4868,0.1875,0.90625,113.654155,113.654155,5,3398,3345,0,0,0,0,0,0,1e+300,0,1e+300,0,0,0,0,0,0,0,0
4869,0.171875,0.859375,37.88471833,37.88471833,6,3959,3398,0,0,0,0,0,0,1e+300,0,1e+300,0,0,0,0,0,0,0,0
4870,0.140625,0.84375,-41.48993017,-41.48993017,6,3956,3959,0,0,0,0,0,0,1e+300,0,1e+300,0,0,0,0,0,0,0,0
4871,0.546875,0.5,127.2485947,88.1886336,6,3458,3736,0,0,0,0,0,0,1.262194031,-55.60362025,1.261888127,0.000192060352,0,0,588,306,0.7922712162,0.7922712161,1.659358152
4872,0.53125,0.484375,78.00959562,100.7952763,6,3736,3579,0,0,0,0,0,0,0.4451620477,-61.60232555,0.4451239905,0.000192060352,0,0,269,144,2.24637299,2.24637299,5.110482484
4873,0.515625,0.5,42.41619824,264.6394637,6,3736,3244,0,0,0,0,0,0,3.866631202,106.0435077,3.863761869,0.000192060352,0,0,172,83,0.2586230617,0.2586230617,0.8200140421
4874,0.53125,0.515625,121.334445,121.334445,6,3736,3592,1,1,1,0,0,1,13.41384231,-58.79922821,13.37937345,0.000192060352,0,19.85120522,347,347,0.07454985508,0.07454985508,28.30376464
4875,0.9375,0.515625,350.3746818,201.8252592,6,3506,3803,0,0,0,0,0,0,9.323375196e+11,-9.21947958e-07,5206.696666,0.000192060352,0,0,3,0,1.072572946e-12,0,1.072572946
4876,0.921875,0.53125,232.6356393,-121.1258244,6,3803,3587,0,0,0,0,0,0,2659.245792,-319.9900476,1760.232331,0.000192060352,0,0,19,10,0.0003760464726,0.0003760464701,0.2605024514
4877,0.9375,0.546875,390.3496119,-5.882405588,6,3803,3488,0,0,0,0,0,0,3522.648104,-221.6934161,2101.115337,0.000192060352,0,0,12,7,0.0002838773475,0.0002838773471,0.3487064932
4878,0.953125,0.546875,397.7661233,233.9953551,6,3488,3586,0,0,0,0,0,0,2.342808541e+15,-2.115618258e-08,5206.696695,0.000192060352,0,0,1,0,4.268381229e-16,0,0.0004268381229
4879,0.984375,0.546875,237.3964284,252.9524225,6,3586,3524,0,0,0,0,0,0,7.37249607e+12,-3.63171381e-07,5206.696691,0.000192060352,0,0,1,0,1.35639272e-13,0,0.135639272
4880,0.984375,0.515625,372.6242162,183.3886926,6,3586,3248,0,0,0,0,0,0,46899.75911,-61.44977876,4686.421615,0.000192060352,0,0,1,1,2.132207114e-05,2.132207114e-05,0.03490760451
4881,0.953125,0.515625,357.7911933,115.3372753,6,3586,3506,0,0,0,0,0,0,9754.555985,-104.6723295,3394.703338,0.000192060352,0,0,1,1,0.0001025161987,0.0001025161987,0.1678352398
4882,0.953125,0.53125,377.7786583,377.7786583,6,3803,3586,0,0,0,0,0,0,1e+300,0,1e+300,0,0,0,0,0,0,0,0
4883,0.4375,0.515625,273.0210223,79.3280621,6,3408,3821,0,0,0,0,0,0,1.888295343e+12,1.052437568e-07,5206.696681,0.000192060352,0,0,1,0,5.29578174e-13,0,0.529578174
4884,0.421875,0.53125,201.5292209,103.8726476,6,3821,3671,0,0,0,0,0,0,4.508530703e+12,-9.291474612e-08,5206.696689,0.000192060352,0,0,1,0,2.2180175e-13,0,0.22180175
4885,0.4375,0.546875,196.1311259,196.1311259,6,3821,3386,0,0,0,0,0,0,1e+300,0,1e+300,0,0,0,0,0,0,0,0
4886,0.453125,0.53125,156.7095815,156.7095815,6,3821,3670,0,0,0,0,0,0,1e+300,0,1e+300,0,0,0,0,0,0,0,0
4887,0.390625,0.4375,112.3508617,112.3508617,6,3409,3879,1,1,1,0,0,1,323.5455308,-200.6086147,303.0378075,1.197360224e-05,0,92.71529897,24,24,0.003090755102,0.003090755102,0.1095631334
4888,0.40625,0.453125,64.29609978,64.29609978,6,3879,3813,1,1,1,0,0,1,10173.14208,-163.7292954,7992.006674,1.197360224e-05,0,129.7684248,6,6,9.829804713e-05,9.829804713e-05,0.2608859596
4889,0.421875,0.4375,168.6710316,87.24303443,6,3879,3377,0,0,0,0,0,0,2.580579859,-20.57763591,2.579301488,0.000192060352,0,0,125,58,0.3875098058,0.3875098057,2.335749834
4890,0.390625,0.390625,35.46548213,49.54846649,6,3267,3812,0,0,0,0,0,0,518.5602217,-36.91605963,471.5920755,0.000192060352,0,0,19,12,0.001928416331,0.001928416328,3.339941619
4891,0.390625,0.421875,104.7212775,104.7212775,6,3812,3409,1,0,0,0,0,1,11.71658224,0,0,0,0,0,301,144,0.08534912136,0.08534912134,2.262174178
4892,0.421875,0.421875,106.3964464,68.72774688,6,3812,3377,0,0,0,0,0,0,0.9537243567,-44.07342307,0.9535496925,0.000192060352,0,0,127,58,1.048520983,1.048520983,3.86718166
4893,0.421875,0.390625,128.1960184,187.8821468,6,3812,3426,0,0,0,0,0,0,4.356915996,81.98361493,4.353273217,0.000192060352,0,0,48,25,0.229520147,0.229520147,0.833613958
4894,0.40625,0.421875,133.2055495,41.12529532,6,3879,3812,0,0,0,0,0,0,3.936928092,-53.52705311,3.93395352,0.000192060352,0,0,168,71,0.2540051473,0.2540051473,1.994049012
4895,0.859375,0.5625,159.1157009,128.9500241,6,3509,3856,0,0,0,0,0,0,740.4604632,-68.80594872,648.2682303,0.000192060352,0,0,8,4,0.001350510999,0.001350510998,1.574659285
4896,0.84375,0.546875,225.4701098,201.9409869,6,3856,3726,0,0,0,0,0,0,785.4799207,15.07928299,682.5158818,0.000192060352,0,0,8,4,0.001273107019,0.001273107017,1.640444659
4897,0.828125,0.5625,204.7978582,79.62131621,6,3856,3489,0,0,0,0,0,0,165.4529278,-131.8419735,160.3572635,0.000192060352,0,0,20,13,0.006044015135,0.006044015133,3.677962754
4898,0.84375,0.578125,127.9483162,131.2611454,6,3856,3725,0,0,0,0,0,0,118.5077568,-69.81796201,115.8704706,0.000192060352,0,0,20,13,0.008438266209,0.008438266205,5.336351543
4899,0.453125,0.5,233.5994779,225.2099156,6,3408,3822,0,0,0,0,0,0,174.2345477,111.1898898,168.5928332,0.000192060352,0,0,10,4,0.005739389881,0.005739389879,0.2382840433
4900,0.46875,0.515625,117.2880371,52.69199253,6,3822,3670,0,0,0,0,0,0,62.16224063,-79.36583771,61.42884765,0.000192060352,0,0,12,6,0.01608693622,0.01608693621,0.6636680219
4901,0.484375,0.5,182.5638813,182.5638813,6,3822,3244,1,1,1,0,0,1,63.38145204,45.53349224,62.61918469,0.000192060352,0,78.0295435,17,17,0.01577748644,0.01577748644,1.769897596
4902,0.46875,0.484375,175.896605,108.1334892,6,3822,3814,0,0,0,0,0,0,8.448316712e+11,-2.409305893e-07,5206.696663,0.000192060352,0,0,2,0,1.183667746e-12,0,1.183667746
4903,0.375,0.421875,186.8237557,43.3647434,6,3409,3880,0,0,0,0,0,0,23.3667814,-47.1097995,23.26238372,0.000192060352,0,0,86,41,0.04279579558,0.04279579557,0.459529517
4904,0.390625,0.40625,97.74006735,57.0189797,6,3880,3812,0,0,0,0,0,0,60.03735422,-28.3656439,59.3529673,0.000192060352,0,0,145,76,0.01665629695,0.01665629693,11.98144407
4905,0.375,0.390625,62.27458523,34.40268476,6,3880,3267,0,0,0,0,0,0,1507.399481,-37.81361693,1168.969239,0.000192060352,0,0,6,5,0.0006633941515,0.0006633941514,1.159173095
4906,0.359375,0.390625,18.78048731,25.54119883,6,3267,3881,0,0,0,0,0,0,911.4331184,-49.40021577,775.6546445,0.000192060352,0,0,14,9,0.00109717321,0.001097173209,1.058087201
4907,0.328125,0.390625,74.07733747,76.08988267,6,3881,3380,0,0,0,0,0,0,6.15320289,0.9438102402,6.145939703,0.000192060352,0,0,95,47,0.162516988,0.162516988,1.290903208
4908,0.328125,0.421875,56.34146193,53.67298981,6,3881,3376,0,0,0,0,0,0,5.139644035,-24.55884556,5.134575583,0.000192060352,0,0,92,41,0.1945660036,0.1945660036,1.381900065
4909,0.359375,0.421875,93.19913722,93.19913722,6,3881,3409,1,0,0,0,0,1,88.31100003,0,0,0,0,0,233,116,0.01132361767,0.01132361764,5.156335702
4910,0.359375,0.40625,81.05507254,61.53579146,6,3880,3881,0,0,0,0,0,0,156.3037211,-12.32572062,151.7482761,0.000192060352,0,0,95,50,0.00639780034,0.006397800332,7.60533428
4911,0.109375,0.890625,0,0,6,3274,3866,0,0,0,0,0,0,1e+300,-53.72985769,731.9441503,0,0,0,0,0,0,0,0
4912,0.078125,0.890625,-4.17639577,-21.17011846,6,3866,3347,0,0,0,0,0,0,494.0466987,4.834808772,451.2308546,0.000192060352,0,0,21,11,0.002024100156,0.002024100152,1.790396546
4913,0.078125,0.921875,0,-14.57233427,6,3866,3344,0,0,0,0,0,0,139.5686363,-9.207333522,135.9250827,0.000192060352,0,0,23,14,0.007164933516,0.007164933513,3.838934393
4914,0.125,0.96875,77.21687034,77.9106882,5,3288,3365,0,0,0,0,0,0,1.483871421e+12,9.99937555e-08,4070.484635,0.0002456709918,0,0,1,0,6.739128378e-13,0,0.6739128378
4915,0.15625,0.9375,101.5083934,101.5083934,5,3365,3345,0,0,0,0,0,0,1e+300,0,1e+300,0,0,0,0,0,0,0,0
4916,0.125,0.90625,25.73895678,25.73895678,5,3365,3274,0,0,0,0,0,0,1e+300,-44.12138405,177.1646653,0,0,0,0,0,0,0,0
4917,0.09375,0.9375,25.73895678,-23.83146542,5,3365,3344,0,0,0,0,0,0,9608.728858,-46.22502762,2859.24211,0.0002456709918,0,0,12,7,0.0001040720385,0.000104072038,0.07009645718
4918,0.109375,0.921875,25.73895678,7.208492651,6,3866,3365,0,0,0,0,0,0,561.4403421,1.104977863,506.7926706,0.000192060352,0,0,11,7,0.001781133141,0.001781133139,1.363496491
4919,0.078125,0.875,-6.264593654,-72.67120158,6,3347,3872,0,0,0,0,0,0,51.84723999,-6.173811462,51.33604595,0.000192060352,0,0,49,21,0.01928742977,0.01928742975,1.112881699
4920,0.09375,0.890625,-2.088197885,-53.19718243,6,3872,3866,0,0,0,0,0,0,3413.712745,8.950328622,2061.870377,0.000192060352,0,0,9,4,0.0002929361885,0.0002929361875,0.5045457232
4921,0.109375,0.875,-2.088197885,-102.7340774,6,3872,3274,0,0,0,0,0,0,2724.837658,-24.29651899,1788.733755,0.000192060352,0,0,1,1,0.0003669943407,0.0003669943407,0.7209199731
4922,0.09375,0.859375,-14.14064123,-93.26030318,6,3872,3789,0,0,0,0,0,0,48.01241744,-10.48050443,47.5737267,0.000192060352,0,0,41,18,0.02082794521,0.02082794521,0.8039257881
4923,0.328125,0.546875,120.4827635,120.4827635,6,3387,3782,0,0,0,0,0,0,1e+300,-98.14613697,2959.785105,0,0,0,0,0,0,0,0
4924,0.359375,0.546875,214.0923652,214.0923652,6,3782,3407,0,0,0,0,0,0,1e+300,0,1e+300,0,0,0,0,0,0,0,0
4925,0.359375,0.515625,159.6799596,133.4999234,6,3782,3284,0,0,0,0,0,0,995.8287917,32.08189632,835.9463399,0.000192060352,0,0,12,7,0.00100418868,0.00100418868,1.02497911
4926,0.328125,0.515625,114.6544316,-71.9298433,6,3782,3406,0,0,0,0,0,0,1956.331749,-143.9887375,1422.027866,0.000192060352,0,0,4,2,0.000511160748,0.0005111607479,0.1427638296
4927,0.328125,0.375,82.94527524,56.48677832,6,3380,3928,0,0,0,0,0,0,2.244058592,-17.00016864,2.243091831,0.000192060352,0,0,627,321,0.4456211632,0.4456211631,3.595686126
4928,0.34375,0.390625,46.42891239,63.06998688,6,3928,3881,0,0,0,0,0,0,175.070627,-11.85751263,169.375523,0.000192060352,0,0,66,35,0.005711980456,0.005711980443,7.112591327
4929,0.359375,0.375,27.64842508,69.90768704,6,3928,3267,0,0,0,0,0,0,1.479084535,-3.374602083,1.478664486,0.000192060352,0,0,941,466,0.6760938786,0.6760938784,3.860983698
4930,0.34375,0.359375,74.76776864,51.60792295,6,3928,3931,0,0,0,0,0,0,0.7662443727,-16.29869769,0.7661316248,0.000192060352,0,0,1502,752,1.305066681,1.30506668,7.175667469
4931,0.890625,0.5625,204.7902359,136.8622682,6,3509,3858,0,0,0,0,0,0,54.35621062,-36.67074944,53.79461246,0.000192060352,0,0,77,44,0.01839716177,0.01839716176,10.62790195
4932,0.90625,0.578125,247.0795215,64.75161914,6,3858,3584,0,0,0,0,0,0,38.27382101,-148.0874159,37.99452766,0.000192060352,0,0,89,51,0.02612751938,0.02612751936,15.08926742
4933,0.921875,0.5625,236.0584112,236.0584112,6,3858,3488,1,1,1,0,0,1,19792.58417,76.43430721,40899.09239,1.197360224e-05,0,75.04873601,2,2,5.052397359e-05,5.052397359e-05,0.5011764644
4934,0.90625,0.546875,184.1074907,205.5258436,6,3858,3587,0,0,0,0,0,0,234.4419046,24.12030558,224.340525,0.000192060352,0,0,28,14,0.004265449053,0.004265449049,2.162678319
4935,0.8125,0.609375,177.7720907,177.7720907,6,3490,3729,1,1,1,0,0,1,4166.880852,-903.7245664,2654.549005,1.197360224e-05,0,184.3400299,15,15,0.0002399876636,0.0002399876636,0.05071790158
4936,0.828125,0.59375,209.648567,211.3319629,6,3729,3725,0,0,0,0,0,0,81.67393524,18.07312463,80.41255775,0.000192060352,0,0,64,29,0.01224380822,0.01224380821,4.93225941
4937,0.8125,0.578125,286.4981089,68.71377584,6,3729,3489,0,0,0,0,0,0,32.50129243,-134.9292448,32.29967111,0.000192060352,0,0,90,41,0.03076800722,0.03076800719,11.17534747
4938,0.796875,0.578125,198.8785098,-163.4416228,6,3489,3728,0,0,0,0,0,0,51.73833906,-380.428331,51.22927967,0.000192060352,0,0,298,128,0.01932802672,0.01932802671,4.39036661
4939,0.765625,0.578125,203.2398767,50.83196425,6,3728,3483,0,0,0,0,0,0,0.6668159329,-148.7547849,0.6667305455,0.000192060352,0,0,2020,1023,1.499664226,1.499664226,84.9175625
4940,0.765625,0.609375,238.261041,238.261041,6,3728,3311,1,0,0,0,0,1,149.9487037,0,0,0,0,0,71,38,0.006668947284,0.006668947279,0.2207016785
4941,0.796875,0.609375,222.5977165,222.5977165,6,3728,3490,1,0,0,0,0,1,260.1965054,0,0,0,0,0,64,34,0.003843249156,0.003843249152,0.1537505332
4942,0.796875,0.59375,257.7376819,197.4124883,6,3729,3728,0,0,0,0,0,0,100.9374562,-16.86742524,99.01788722,0.000192060352,0,0,62,31,0.009907125038,0.009907125028,5.707877614
4943,0.109375,0.640625,-98.49842006,-46.36017012,6,3273,3832,0,0,0,0,0,0,16.90944653,75.1347315,16.8547086,0.000192060352,0,0,492,232,0.05913854118,0.05913854113,0.7915373327
4944,0.078125,0.640625,-192.6004541,-192.6004541,6,3832,3340,1,1,1,0,0,1,33.89408521,-25.85373055,43.41066658,0.000192060352,0,58.50860703,226,226,0.0295036728,0.0295036728,16.87829633
4945,0.078125,0.671875,-155.9721946,-155.9721946,6,3832,3338,1,0,0,0,0,1,4.699842378,0,0,0,0,0,860,432,0.2127730931,0.212773093,1.029937393
4946,0.109375,0.671875,-127.6075995,-184.2210583,6,3832,3363,0,0,0,0,0,0,5.59124461,-52.80672206,5.585246857,0.000192060352,0,0,743,358,0.1788510555,0.1788510554,1.799790079
4947,0.078125,0.625,-178.224107,-320.5830499,6,3340,3924,0,0,0,0,0,0,394.5477756,-147.6549826,366.7561039,0.000192060352,0,0,46,24,0.002534547302,0.0025345473,1.512426407
4948,0.09375,0.640625,-131.6555345,-219.0211972,6,3924,3832,0,0,0,0,0,0,33.46476177,-72.54091939,33.25104884,0.000192060352,0,0,275,129,0.02988217895,0.02988217891,28.48865054
4949,0.109375,0.625,-111.9098782,-147.9665705,6,3924,3273,0,0,0,0,0,0,15.92133038,-18.70577855,15.87279366,0.000192060352,0,0,375,181,0.06280882162,0.06280882152,68.77440999
4950,0.109375,0.609375,-130.3805846,-237.8168244,6,3273,3859,0,0,0,0,0,0,38.7564347,-82.47823549,38.4700798,0.000192060352,0,0,415,210,0.02580216699,0.02580216695,29.93923023
4951,0.109375,0.578125,-145.0886054,-145.0886054,6,3859,3357,1,0,0,0,0,1,3.599022052,0,0,0,0,0,473,236,0.2778532573,0.2778532572,0.9239556372
4952,0.078125,0.578125,-233.6362263,-443.2464483,6,3859,3337,0,0,0,0,0,0,5.960440865,-185.7815132,5.953625367,0.000192060352,0,0,281,143,0.1677728246,0.1677728246,1.007043114
4953,0.078125,0.609375,-198.9623974,-198.9623974,6,3859,3340,1,0,0,0,0,1,40.55209611,0,0,0,0,0,342,163,0.02465963775,0.02465963772,1.596238788
4954,0.09375,0.609375,-163.537699,-227.8382078,6,3924,3859,0,0,0,0,0,0,21.87830829,-47.51424269,21.78676129,0.000192060352,0,0,292,137,0.0457073731,0.04570737304,35.90372177
4955,0.109375,0.390625,-194.6957802,-622.0714931,6,3266,3714,0,0,0,0,0,0,22.03311347,-246.2260661,21.94026911,0.000192060352,0,0,18,10,0.04538623202,0.04538623202,0.1635019807
4956,0.078125,0.390625,-722.9308536,-518.5871339,6,3714,3333,0,0,0,0,0,0,153768.1861,29.55481077,5036.168559,0.000192060352,0,0,1,1,6.503295809e-06,6.503295809e-06,0.01368704464
4957,0.078125,0.421875,-426.581813,-511.7688017,6,3714,3330,0,0,0,0,0,0,489089.9456,-12.4393613,5151.851713,0.000192060352,0,0,5,2,2.044613693e-06,2.044613684e-06,0.001280185351
4958,0.109375,0.421875,-384.4144767,-384.4144767,6,3714,3359,1,0,0,0,0,1,48.2259115,0,0,0,0,0,33,20,0.02073574079,0.02073574079,0.09450197074
4959,0.5625,0.484375,162.8419921,152.0192902,6,3458,3735,0,0,0,0,0,0,53.84942786,26.41375223,53.29819975,0.000192060352,0,0,61,29,0.01857029944,0.01857029943,0.2239522944
4960,0.578125,0.46875,164.9195211,164.9195211,6,3735,3580,1,0,0,0,0,1,3.724763165e+12,0,0,0,0,0,2,0,2.684734453e-13,0,0.2684734453
4961,0.5625,0.453125,148.0100034,148.0100034,6,3735,3428,1,0,0,0,0,1,1e+300,0,0,0,0,0,0,0,0,0,0
4962,0.546875,0.46875,113.602993,82.9817392,6,3735,3579,0,0,0,0,0,0,91.49079781,-61.22914684,89.91090542,0.000192060352,0,0,56,27,0.01093006099,0.01093006098,9.734287317
4963,0.046875,0.671875,-210.4582059,-210.4582059,6,3338,3833,1,0,0,0,0,1,7.238341359,0,0,0,0,0,1160,595,0.138153197,0.1381531969,1.705274995
4964,0.046875,0.640625,-219.6093166,-219.6093166,6,3833,3340,1,0,0,0,0,1,18.52797403,0,0,0,0,0,585,298,0.05397244179,0.05397244174,1.621215677
4965,0.015625,0.640625,-284.9036437,-284.9036437,6,3833,3278,1,0,0,0,0,1,7.297928219,0,0,0,0,0,948,469,0.1370251899,0.1370251898,1.217810506
4966,0.015625,0.671875,-121.7498492,-121.7498492,6,3833,3339,1,1,1,0,0,1,10.57611378,-129.5168467,11.29078157,0.000192060352,0,25.23802448,601,601,0.09455268931,0.09455268931,66.64048394
4967,0.015625,0.625,-282.1223645,-282.1223645,6,3278,3922,1,1,1,0,0,1,132.9860131,-15.11061345,195.9388041,0.000192060352,0,16.37767726,67,67,0.007519587787,0.007519587787,9.762199753
4968,0.03125,0.640625,-236.0556846,-236.0556846,6,3922,3833,1,1,1,0,0,1,14.64155292,18.88473797,14.60049541,0.000192060352,0,16.70627819,361,361,0.06829876622,0.06829876622,56.8038503
4969,0.046875,0.625,-274.7650653,-274.7650653,6,3922,3340,1,1,1,0,0,1,193.4062841,-47.86462002,186.4793806,0.000192060352,0,18.05392117,56,56,0.005170462815,0.005170462815,5.477191106
4970,0.03125,0.609375,-336.3077201,-336.3077201,6,3922,3862,1,1,1,0,0,1,73.20401909,-36.88093866,160.6378218,0.000192060352,0,20.95291329,222,222,0.01366045215,0.01366045215,21.21734276
4971,0.453125,0.328125,64.94180882,105.7692864,6,3378,3939,0,0,0,0,0,0,10.51154179,30.13347893,10.49036331,0.000192060352,0,0,323,153,0.09513352278,0.09513352274,1.802941285
4972,0.453125,0.359375,132.3740405,65.25656957,6,3939,3426,0,0,0,0,0,0,9.071262883,-35.94573119,9.055486144,0.000192060352,0,0,427,221,0.110238234,0.1102382339,2.203109847
4973,0.484375,0.359375,93.63220802,53.554095,6,3939,3291,0,0,0,0,0,0,3.328905852,-51.29086936,3.326778874,0.000192060352,0,0,1216,602,0.3003990033,0.3003990032,1.108408834
4974,0.5,0.28125,102.8892657,58.7479519,5,3256,3425,0,0,0,0,0,0,0.9216454434,-7.68912415,0.9214368103,0.0002456709918,0,0,1947,962,1.085015943,1.085015943,4.743441521
4975,0.46875,0.3125,77.59096113,60.06850758,5,3425,3378,0,0,0,0,0,0,0.5462260839,-12.50105608,0.5461527946,0.0002456709918,0,0,1826,886,1.83074377,1.830743769,10.5030383
4976,0.5,0.34375,106.2813603,59.54673263,5,3425,3291,0,0,0,0,0,0,1.200698654,-42.23198793,1.20034458,0.0002456709918,0,0,448,218,0.8328484393,0.8328484393,3.410362739
4977,0.53125,0.3125,77.59096113,79.94273244,5,3425,3431,0,0,0,0,0,0,1.347466911,-12.80528569,1.347021002,0.0002456709918,0,0,385,196,0.7421332516,0.7421332516,2.232462268
4978,0.484375,0.328125,91.93616073,107.9381735,6,3939,3425,0,0,0,0,0,0,3.275647444,20.76403144,3.273587958,0.000192060352,0,0,358,166,0.3052831591,0.3052831591,2.685469318
4979,0.484375,0.375,127.3483239,53.36768662,6,3291,3942,0,0,0,0,0,0,1.950022837,-49.01009159,1.949292784,0.000192060352,0,0,970,487,0.512814507,0.5128145068,44.41718546
4980,0.46875,0.359375,113.0031243,112.6509033,6,3942,3939,0,0,0,0,0,0,2.233424252,24.8777035,2.23246663,0.000192060352,0,0,1136,572,0.4477429665,0.4477429664,33.43916098
4981,0.453125,0.375,166.0901563,85.05016947,6,3942,3426,0,0,0,0,0,0,16.21748335,-13.68494515,16.16712703,0.000192060352,0,0,194,104,0.06166184841,0.06166184839,1.807521151
4982,0.453125,0.421875,133.3907983,92.30389769,6,3377,3815,0,0,0,0,0,0,8.258890637,-32.03560691,8.245811087,0.000192060352,0,0,18,5,0.1210816372,0.1210816372,0.8633684204
4983,0.484375,0.421875,127.3809901,69.57223677,6,3815,3427,0,0,0,0,0,0,0.8035747049,-44.64147336,0.8034507044,0.000192060352,0,0,356,177,1.244439371,1.244439371,3.558217028
4984,0.484375,0.390625,116.4485378,83.89998371,6,3815,3291,0,0,0,0,0,0,0.9081319868,-37.17954636,0.9079736215,0.000192060352,0,0,344,175,1.101161521,1.101161521,2.750552594
4985,0.453125,0.390625,155.1903703,174.8483936,6,3815,3426,0,0,0,0,0,0,22.5852088,57.41152711,22.48766354,0.000192060352,0,0,9,4,0.04427676578,0.04427676578,0.3206983241
4986,0.46875,0.390625,135.8194541,68.94911748,6,3942,3815,0,0,0,0,0,0,122.3264355,-35.058648,119.5184618,0.000192060352,0,0,28,19,0.008174847863,0.008174847859,8.409260565
4987,0.75,0.640625,227.4799449,103.0665226,6,3311,3691,0,0,0,0,0,0,2.014577219,-136.2076733,2.013798039,0.000192060352,0,0,967,512,0.496382065,0.4963820649,5.709304487
4988,0.734375,0.65625,286.8943143,250.6380663,6,3691,3685,0,0,0,0,0,0,3.090229458,23.12046132,3.088396462,0.000192060352,0,0,716,387,0.3236005655,0.3236005654,2.793990724
4989,0.75,0.671875,457.2453774,225.9069387,6,3691,3485,0,0,0,0,0,0,259.2118961,-46.47417053,246.9191902,0.000192060352,0,0,21,9,0.003857847634,0.003857847628,3.044495976
4990,0.765625,0.65625,287.4061821,210.8552085,6,3691,3622,0,0,0,0,0,0,53.95956127,-30.28008671,53.40608769,0.000192060352,0,0,525,246,0.01853239679,0.01853239674,21.21588714
4991,0.4375,0.484375,269.06496,53.65406275,6,3408,3823,0,0,0,0,0,0,143.204735,-14.02318638,139.3714689,0.000192060352,0,0,1,1,0.006983009325,0.006983009325,0.2490731197
4992,0.453125,0.46875,211.3620871,211.3620871,6,3823,3814,0,0,0,0,0,0,1e+300,0,1e+300,0,0,0,0,0,0,0,0
4993,0.4375,0.453125,184.262939,184.262939,6,3823,3377,0,0,0,0,0,0,1e+300,0,1e+300,0,0,0,0,0,0,0,0
4994,0.421875,0.46875,193.6170963,81.47931533,6,3823,3813,0,0,0,0,0,0,51.17428051,-17.51803951,50.67620686,0.000192060352,0,0,1,1,0.01954106614,0.01954106614,0.6969995427
4995,0.390625,0.359375,12.6491523,40.72844162,6,3267,3938,0,0,0,0,0,0,1.140218475,-28.12923878,1.139968833,0.000192060352,0,0,1051,545,0.8770249051,0.8770249049,2.646819325
4996,0.421875,0.359375,105.3796886,73.33405853,6,3938,3426,0,0,0,0,0,0,2.334019681,-14.95762758,2.332973873,0.000192060352,0,0,720,375,0.4284454018,0.4284454016,1.946046477
4997,0.421875,0.328125,37.94745691,118.1402042,6,3938,3378,0,0,0,0,0,0,8.74250926,55.41501143,8.727854412,0.000192060352,0,0,144,62,0.1143836364,0.1143836363,0.2655859155
4998,0.390625,0.328125,21.53327487,36.09384266,6,3938,3405,0,0,0,0,0,0,174.6384711,-22.23487394,168.9709937,0.000192060352,0,0,220,109,0.005726115179,0.005726115169,5.315454979
4999,0.1875,0.140625,-143.9344957,-143.9344957,6,3368,3993,1,1,1,0,0,1,7.56932942,41.14295839,8.31445893,0.000192060352,0,33.73520407,425,425,0.1321120993,0.1321120993,26.22553109
5000,0.171875,0.15625,-139.1125805,-139.1125805,6,3993,3910,1,0,0,0,0,1,9.00273254,0,0,0,0,0,913,466,0.1110773863,0.1110773862,0.9158381439
5001,0.1875,0.171875,-110.5125102,-110.5125102,6,3993,3323,1,0,0,0,0,1,14.8684841,0,0,0,0,0,530,274,0.06725635198,0.06725635193,30.04656702
5002,0.203125,0.15625,-63.12832797,-63.12832797,6,3993,3913,1,0,0,0,0,1,4.32622142,0,0,0,0,0,149,73,0.2311485944,0.2311485943,0.4283670216
5003,0.796875,0.5,161.3160113,161.3160113,6,3508,3952,1,1,1,0,0,1,3871.960575,144.8125886,4234.892786,1.197360224e-05,0,110.8679893,7,7,0.0002582670925,0.0002582670925,1.309242394
5004,0.78125,0.484375,113.9931569,113.9931569,6,3952,3740,1,1,1,0,0,1,21216.8666,18.7452517,19032.24428,1.197360224e-05,0,103.1062425,3,3,4.713231311e-05,4.713231311e-05,0.1953194434
5005,0.765625,0.5,148.5708194,68.54010463,6,3952,3262,0,0,0,0,0,0,119.6686574,-47.55568049,116.9800345,0.000192060352,0,0,310,148,0.008356406947,0.008356406944,0.2128558565
5006,0.78125,0.515625,163.8471289,139.5131427,6,3952,3727,0,0,0,0,0,0,294.7962931,12.82225395,278.9996985,0.000192060352,0,0,54,27,0.003392172912,0.003392172906,3.22344523
5007,0.5390625,0.6484375,249.6204405,13.16609532,7,3561,4058,0,0,0,0,0,0,490.7745543,-135.809143,476.6873811,6.021548133e-05,0,0,19,10,0.002037595452,0.002037595451,0.5448901372
5008,0.5546875,0.6484375,172.6179257,172.6179257,7,4058,3625,1,0,0,0,0,1,458.7275991,0,0,0,0,0,78,40,0.00217994296,0.002179942948,7.752138097
5009,0.5546875,0.6328125,170.3966396,170.3966396,7,4058,3438,1,0,0,0,0,1,41324.20101,0,0,0,0,0,2,1,2.419889497e-05,2.419889497e-05,0.1117309767
5010,0.5390625,0.6328125,252.3291357,70.04859956,7,4058,3624,0,0,0,0,0,0,12982.05719,-71.09839464,7286.246547,6.021548133e-05,0,0,2,1,7.702939414e-05,7.702939403e-05,0.159598523
5011,0.5625,0.6328125,634.52716,292.5951289,7,3438,4283,0,0,0,0,0,0,195.7981226,111.3633093,193.5165474,6.021548133e-05,0,0,5,3,0.005107301268,0.005107301267,0.4260272359
5012,0.5546875,0.640625,48.53305891,48.53305891,7,4283,4058,1,1,1,0,0,1,18417.79633,-62.61328136,6506.010898,9.874021122e-05,0,80.28938283,2,2,5.429531209e-05,5.429531209e-05,0.03186683124
5013,0.5625,0.6484375,361.8190218,100.9088115,7,4283,3625,0,0,0,0,0,0,192.2632475,-82.55999196,190.0628474,6.021548133e-05,0,0,48,26,0.005201202065,0.00520120206,1.321128223
5014,0.5859375,0.6484375,187.5439628,187.5439628,7,3560,4287,1,0,0,0,0,1,9.271160674,0,0,0,0,0,917,430,0.1078613601,0.10786136,36.63552781
5015,0.5859375,0.6328125,118.9508898,118.9508898,7,4287,3626,1,1,1,0,0,1,3212.822497,-42.16254816,2484.910662,9.874021122e-05,0,28.72267004,4,4,0.0003112528006,0.0003112528006,0.6847941263
5016,0.5703125,0.6328125,620.4412968,-235.3087671,7,4287,3438,0,0,0,0,0,0,3032.171352,-410.9105074,2564.022708,6.021548133e-05,0,0,4,2,0.0003297966651,0.0003297966646,0.02652841661
5017,0.5703125,0.6484375,347.7331585,-34.57214371,7,4287,3625,0,0,0,0,0,0,38.78019867,-212.4108678,38.68985136,6.021548133e-05,0,0,212,105,0.02578635578,0.02578635576,3.981403033
5018,0.5703125,0.640625,484.0872277,82.91319874,7,4283,4287,0,0,0,0,0,0,41.28296306,-83.25376195,41.18059332,6.021548133e-05,0,0,35,18,0.02422306748,0.02422306747,1.826367231
5019,0.5703125,0.625,646.2439348,175.7665579,7,3438,4378,0,0,0,0,0,0,1.184930918e+12,-1.536165598e-06,16607.0247,6.021548133e-05,0,0,1,0,8.43931055e-13,0,0.843931055
5020,0.578125,0.6328125,495.8040024,163.4084199,7,4378,4287,0,0,0,0,0,0,7738.599777,2.706719306,5278.776823,6.021548133e-05,0,0,1,1,0.0001292223437,0.0001292223437,0.4997097909
5021,0.5859375,0.625,396.9693459,46.30796309,7,4378,3626,0,0,0,0,0,0,580.8713652,-118.8586026,561.2406008,6.021548133e-05,0,0,15,5,0.001721551551,0.001721551547,2.951896288
5022,0.5859375,0.6015625,256.036544,132.9534805,7,3594,4371,0,0,0,0,0,0,192.7439886,-75.857144,190.5326341,6.021548133e-05,0,0,21,11,0.005188229253,0.005188229249,2.911145113
5023,0.5703125,0.6015625,376.2309871,135.0381074,7,4371,3627,0,0,0,0,0,0,201.8681983,-53.31308797,199.4438406,6.021548133e-05,0,0,11,6,0.004953727277,0.004953727274,2.499753861
5024,0.5703125,0.6171875,599.2663341,287.199612,7,4371,3438,0,0,0,0,0,0,3223.812865,80.7354511,2699.731659,6.021548133e-05,0,0,3,1,0.0003101917021,0.0003101917018,0.4941160725
5025,0.5859375,0.6171875,349.9917453,81.10507287,7,4371,3626,0,0,0,0,0,0,221.4197732,-114.7590942,218.506449,6.021548133e-05,0,0,25,11,0.004516308482,0.004516308475,5.471706739
5026,0.578125,0.6171875,474.6290397,76.0204051,7,4378,4371,0,0,0,0,0,0,967.226853,-115.5437161,913.9939873,6.021548133e-05,0,0,14,5,0.00103388362,0.001033883615,1.701938838
5027,0.9140625,0.8359375,727.9462046,94.65702873,7,3543,4293,0,0,0,0,0,0,19.19521475,-282.7387594,19.17305359,6.021548133e-05,0,0,7,2,0.05209631739,0.05209631739,0.7679686041
5028,0.9296875,0.8359375,596.8241264,-3999.853098,7,4293,3676,0,0,0,0,0,0,29972.66635,-4403.508087,10686.13389,6.021548133e-05,0,0,6,5,3.336373176e-05,3.336373175e-05,0.0004670202843
5029,0.9296875,0.8203125,684.6375616,-119.2477688,7,4293,3494,0,0,0,0,0,0,5.720818318,-496.5298735,5.718848278,6.021548133e-05,0,0,7,6,0.1748001675,0.1748001675,0.8230599614
5030,0.9140625,0.8203125,604.0948023,-46.14785123,7,4293,3547,0,0,0,0,0,0,40.16357544,-417.0109701,40.06667542,6.021548133e-05,0,0,7,2,0.02489818173,0.02489818172,0.3669409956
5031,0.9296875,0.84375,552.9174088,700.595928,7,3676,4401,0,0,0,0,0,0,11.62604769,254.9493628,11.61791436,6.021548133e-05,0,0,6,5,0.08601375348,0.08601375348,0.9348951788
5032,0.921875,0.8359375,662.3851655,-440.3989342,7,4401,4293,0,0,0,0,0,0,189.3823813,-847.9162734,187.2470624,6.021548133e-05,0,0,7,5,0.00528032224,0.00528032224,0.06502883195
5033,0.9140625,0.84375,684.039487,419.3873591,7,4401,3543,0,0,0,0,0,0,1.173636906e+12,-4.653250926e-06,16607.0247,6.021548133e-05,0,0,1,0,8.520522784e-13,0,0.8520522784
5034,0.9140625,0.8515625,686.2990741,192.4467776,7,3543,4292,0,0,0,0,0,0,197.4421975,-211.65063,195.1223726,6.021548133e-05,0,0,56,24,0.005064773451,0.005064773445,4.045442334
5035,0.9140625,0.8671875,435.5974907,113.1832401,7,4292,3677,0,0,0,0,0,0,84.22610719,-305.3834332,83.80109189,6.021548133e-05,0,0,89,45,0.01187280326,0.01187280325,1.522906993
5036,0.9296875,0.8671875,559.6961702,-300.8063531,7,4292,3526,0,0,0,0,0,0,71.25926938,-733.5738456,70.9548086,6.021548133e-05,0,0,177,98,0.01403326204,0.01403326204,1.313108528
5037,0.9296875,0.8515625,555.1769959,555.1769959,7,4292,3676,0,0,0,0,0,0,1e+300,-298.2026202,23.30689816,0,0,0,0,0,0,0,0
5038,0.921875,0.8515625,620.738035,620.738035,7,4401,4292,0,0,0,0,0,0,1e+300,0,1e+300,0,0,0,0,0,0,0,0
5039,0.8515625,0.9140625,539.4321366,1220.651411,7,3654,4321,0,0,0,0,0,0,107.5153315,843.8260287,106.8237452,6.021548133e-05,0,0,4,2,0.009300999085,0.009300999084,0.08682858899
5040,0.8515625,0.9296875,497.9089272,-12.89592655,7,4321,3690,0,0,0,0,0,0,8.681601748,-389.9279829,8.677065666,6.021548133e-05,0,0,205,94,0.1151861176,0.1151861176,17.09812511
5041,0.8671875,0.9296875,959.5073593,-23.21628289,7,4321,3515,0,0,0,0,0,0,6.92708711,-400.6484213,6.924198903,6.021548133e-05,0,0,229,115,0.1443608235,0.1443608235,15.15972047
5042,0.8671875,0.9140625,610.8216222,13.65955547,7,4321,3689,0,0,0,0,0,0,19.06328247,-364.3855439,19.04142473,6.021548133e-05,0,0,2,1,0.05245686316,0.05245686316,0.4784009279
5043,0.8984375,0.9140625,723.0597447,723.0597447,7,3635,4422,0,0,0,0,0,0,1e+300,129.9676342,3044.487415,0,0,0,0,0,0,0,0
5044,0.8828125,0.9140625,672.0308249,-220.1743213,7,4422,3689,0,0,0,0,0,0,10790.83055,-597.8603003,6540.789009,6.021548133e-05,0,0,1,1,9.267127265e-05,9.267127265e-05,0.07098221931
5045,0.8828125,0.9296875,1020.716562,-7.746076302,7,4422,3515,0,0,0,0,0,0,6.151451639,-384.8190943,6.149173907,6.021548133e-05,0,0,240,130,0.1625632548,0.1625632547,17.85409479
5046,0.8984375,0.9296875,361.3562618,-391.533769,7,4422,3688,0,0,0,0,0,0,526.1065783,-805.634999,509.9514387,6.021548133e-05,0,0,34,15,0.001900755553,0.00190075555,0.6431941643
5047,0.875,0.9296875,995.2021021,47.40541909,7,3515,4520,0,0,0,0,0,0,5.693209964,-367.6522757,5.69125889,6.021548133e-05,0,0,200,100,0.1756478342,0.1756478342,30.00110747
5048,0.8828125,0.921875,846.3736934,243.5014741,7,4520,4422,0,0,0,0,0,0,22.09244294,-171.356351,22.06309225,6.021548133e-05,0,0,85,48,0.04526434685,0.04526434684,7.476109529
5049,0.875,0.9140625,646.5163649,949.7702336,7,4520,3689,0,0,0,0,0,0,4086.545025,534.0995779,3279.538294,6.021548133e-05,0,0,1,1,0.0002447054893,0.0002447054893,0.1874339071
5050,0.8671875,0.921875,521.0395063,291.9021781,7,4520,4321,0,0,0,0,0,0,17.40998871,-123.3147674,17.39175605,6.021548133e-05,0,0,116,53,0.05743829112,0.0574382911,8.710253283
5051,0.8984375,0.9609375,790.8523593,52.69033678,7,3636,4093,0,0,0,0,0,0,16.16554007,-356.2685018,16.14981958,6.021548133e-05,0,0,3,1,0.0618599809,0.0618599809,0.71379375
5052,0.8984375,0.9453125,383.9538,256.2406507,7,4093,3688,0,0,0,0,0,0,262786.56,-168.6224325,15619.91109,6.021548133e-05,0,0,2,1,3.80536965e-06,3.805369641e-06,0.008969514556
5053,0.8828125,0.9453125,1043.3141,53.41203061,7,4093,3515,0,0,0,0,0,0,12.07680013,-334.4228407,12.06802414,6.021548133e-05,0,0,3,2,0.08280339071,0.08280339071,0.8456351775
5054,0.8828125,0.9609375,680.9367077,2.801913411,7,4093,3687,0,0,0,0,0,0,11.04649,-425.7833849,11.03914709,6.021548133e-05,0,0,6,3,0.09052649305,0.09052649305,0.9867631615
5055,0.8828125,0.9375,839.8648206,132.0894472,7,3515,4418,0,0,0,0,0,0,7.194717533,-248.1627308,7.191601891,6.021548133e-05,0,0,156,83,0.1389908631,0.1389908631,11.90449233
5056,0.890625,0.9453125,713.6339501,102.5590826,7,4418,4093,0,0,0,0,0,0,4565.6575,-288.2550791,3581.123374,6.021548133e-05,0,0,2,1,0.0002190265038,0.0002190265031,0.5162603365
5057,0.8984375,0.9375,180.5045204,940.9609308,7,4418,3688,0,0,0,0,0,0,160.3369884,523.6805409,158.8037747,6.021548133e-05,0,0,31,14,0.006236864057,0.006236864055,0.9501163248
5058,0.890625,0.9296875,691.0364119,72.74838269,7,4418,4422,0,0,0,0,0,0,4.368177881,-307.3039257,4.367029213,6.021548133e-05,0,0,185,96,0.2289284061,0.2289284061,24.22584227
5059,0.9453125,0.8203125,601.0061097,-192.9473684,7,3494,4100,0,0,0,0,0,0,40.94048514,-589.0735046,40.83980477,6.021548133e-05,0,0,6,2,0.0244256998,0.0244256998,0.1965698896
5060,0.9453125,0.8359375,513.1926745,-2459.483521,7,4100,3676,0,0,0,0,0,0,313.8252533,-2881.982542,308.004843,6.021548133e-05,0,0,6,2,0.003186486714,0.003186486714,0.01533905873
5061,0.9609375,0.8359375,477.051849,-17.20342816,7,4100,3544,0,0,0,0,0,0,5322.811559,-427.5049454,4030.858338,6.021548133e-05,0,0,6,1,0.0001878706373,0.0001878706365,0.2839288798
5062,0.9609375,0.8203125,378.0544594,362.8027577,7,4100,3628,0,0,0,0,0,0,2.36197796e+12,-3.46080094e-06,16607.02482,6.021548133e-05,0,0,6,0,4.23373976e-13,0,0.423373976
5063,0.9375,0.8359375,531.2630873,778.942433,7,3676,4400,0,0,0,0,0,0,5.539409312,369.9583765,5.537562212,6.021548133e-05,0,0,5,2,0.1805246631,0.1805246631,0.8954876486
5064,0.9453125,0.828125,557.0993921,-33.30356776,7,4400,4100,0,0,0,0,0,0,5.404515839,-423.0024298,5.40275759,6.021548133e-05,0,0,7,3,0.1850304504,0.1850304504,0.9099469395
5065,0.9375,0.8203125,619.0765225,185.095796,7,4400,3494,0,0,0,0,0,0,1.316934686,-197.5153755,1.316830262,6.021548133e-05,0,0,8,6,0.7593391006,0.7593391006,3.810686044
5066,0.9296875,0.828125,640.730844,88.52668029,7,4400,4293,0,0,0,0,0,0,2.99097167,-282.3281502,2.990433084,6.021548133e-05,0,0,6,5,0.3343395092,0.3343395092,1.566595971
5067,0.6484375,0.7265625,196.2219015,-183.6101627,7,3683,4022,0,0,0,0,0,0,174.0069228,-430.806362,172.2025994,6.021548133e-05,0,0,274,132,0.00574689779,0.005746897781,1.144040934
5068,0.6328125,0.7265625,226.4366607,226.4366607,7,4022,3824,1,0,0,0,0,1,1112.643913,0,0,0,0,0,126,50,0.0008987601406,0.0008987601348,2.296368228
5069,0.6328125,0.7421875,244.6660126,244.6660126,7,4022,3302,1,0,0,0,0,1,1e+300,0,0,0,0,0,0,0,0,0,0
5070,0.6484375,0.7421875,94.70259136,172.2274832,7,4022,3707,0,0,0,0,0,0,3.81601065e+12,-1.265385464e-06,16607.02486,6.021548133e-05,0,0,2,0,2.62053776e-13,0,0.262053776
5071,0.625,0.7421875,162.6226177,162.6226177,7,3302,4449,0,0,0,0,0,0,1e+300,0,1e+300,0,0,0,0,0,0,0,0
5072,0.6328125,0.734375,264.8369622,264.8369622,7,4449,4022,1,0,0,0,0,1,1e+300,0,0,0,0,0,0,0,0,0,0
5073,0.625,0.7265625,155.2758072,-36.41260904,7,4449,3824,0,0,0,0,0,0,104.1672933,-282.2315796,103.5179785,6.021548133e-05,0,0,78,39,0.00959994225,0.009599942246,1.830131045
5074,0.6015625,0.7265625,146.5620282,165.9408449,7,3563,4454,0,0,0,0,0,0,5.500745108,-54.93825788,5.4989237,6.021548133e-05,0,0,354,195,0.1817935535,0.1817935534,46.3960786
5075,0.6015625,0.7421875,138.7210426,138.7210426,7,4454,3779,0,0,0,0,0,0,1e+300,0,1e+300,0,0,0,0,0,0,0,0
5076,0.6171875,0.7421875,159.7180247,159.7180247,7,4454,3302,0,0,0,0,0,0,1e+300,43.64843825,22.25518539,0,0,0,0,0,0,0,0
5077,0.6171875,0.7265625,152.3712142,92.95284005,7,4454,3824,0,0,0,0,0,0,6.44382518,-132.9011099,6.441325829,6.021548133e-05,0,0,400,219,0.1551873262,0.1551873261,41.53083983
5078,0.6171875,0.734375,156.0446194,433.0897464,7,4449,4454,0,0,0,0,0,0,28.67781073,169.0228624,28.62837388,6.021548133e-05,0,0,46,24,0.03487016527,0.03487016526,6.634309963
5079,0.140625,0.4375,-146.405938,-146.405938,6,3359,4513,1,0,0,0,0,1,49.28512325,0,0,0,0,0,64,32,0.02029009839,0.02029009839,0.6357350293
5080,0.15625,0.453125,-144.2635457,-144.2635457,6,4513,3808,1,0,0,0,0,1,1e+300,0,0,0,0,0,0,0,0,0,0
5081,0.171875,0.4375,-69.41624514,-91.80640089,6,4513,3331,0,0,0,0,0,0,2.921338319e+12,-1.461039716e-07,5206.696686,0.000192060352,0,0,1,0,3.423088636e-13,0,0.3423088636
5082,0.15625,0.421875,-114.8196013,-114.8196013,6,4513,3807,1,0,0,0,0,1,1e+300,0,0,0,0,0,0,0,0,0,0
5083,0.1796875,0.4453125,66.87314613,66.87314613,7,3331,4516,0,0,0,0,0,0,1e+300,0,1e+300,0,0,0,0,0,0,0,0
5084,0.1640625,0.4453125,37.24506017,37.24506017,7,4516,4513,0,0,0,0,0,0,1e+300,0,1e+300,0,0,0,0,0,0,0,0
5085,0.1640625,0.4609375,280.1957567,280.1957567,7,4516,3808,0,0,0,0,0,0,1e+300,0,1e+300,0,0,0,0,0,0,0,0
5086,0.1875,0.484375,29.80333081,-35.6117013,6,3358,3811,0,0,0,0,0,0,360.9936838,0.7585330745,337.5878493,0.000192060352,0,0,2,1,0.00277013157,0.002770131569,0.6208210774
5087,0.203125,0.46875,-6.849844695,-24.1287258,6,3811,3809,0,0,0,0,0,0,428.0599418,7.997336969,395.5411791,0.000192060352,0,0,24,9,0.002336121422,0.002336121417,3.68001254
5088,0.1875,0.453125,-16.59099585,-56.57604117,6,3811,3331,0,0,0,0,0,0,241.234909,-1.446671513,230.5530052,0.000192060352,0,0,23,9,0.004145337025,0.004145337016,6.439171135
5089,0.171875,0.46875,196.7316148,196.7316148,6,3811,3808,0,0,0,0,0,0,1e+300,-72.41368347,626.8256204,0,0,0,0,0,0,0,0
5090,0.1796875,0.4609375,90.07030946,90.07030946,7,4516,3811,0,0,0,0,0,0,1e+300,0,1e+300,0,0,0,0,0,0,0,0
5091,0.0234375,0.2890625,-112.4554944,-851.0966153,7,3550,4244,0,0,0,0,0,0,1.906191901e+12,4.479277095e-06,16607.02479,6.021548133e-05,0,0,1,0,5.246061531e-13,0,0.5246061531
5092,0.0078125,0.2890625,-138.0730886,-565.7757551,7,4244,3663,0,0,0,0,0,0,211.8145765,389.2567387,209.1470075,6.021548133e-05,0,0,19,9,0.0047211104,0.004721110397,2.340330628
5093,0.0078125,0.3046875,-162.220658,-202.5685707,7,4244,3334,0,0,0,0,0,0,186.8600523,749.0109642,184.7809218,6.021548133e-05,0,0,22,11,0.00535159863,0.005351598626,3.489804411
5094,0.015625,0.3125,-161.4856456,-481.3016686,6,3334,3662,0,0,0,0,0,0,24708.11985,416.58345,4300.467154,0.000192060352,0,0,3,2,4.047252507e-05,4.047252503e-05,0.06599874315
5095,0.03125,0.328125,-160.0156208,-160.0156208,6,3662,3551,0,0,0,0,0,0,1e+300,0,1e+300,0,0,0,0,0,0,0,0
5096,0.046875,0.3125,-110.2504572,-304.831249,6,3662,3329,0,0,0,0,0,0,34.58854805,385.1821215,34.3602896,0.000192060352,0,0,5,2,0.0289113032,0.0289113032,0.901200772
5097,0.03125,0.296875,-111.720482,-471.7942333,6,3662,3550,0,0,0,0,0,0,29.41277012,325.60797,29.24754992,0.000192060352,0,0,6,2,0.03399883778,0.03399883778,1.052409813
5098,0.0234375,0.3046875,-136.6030638,-1774.152932,7,4244,3662,0,0,0,0,0,0,45214.95328,-926.5092711,12145.93706,6.021548133e-05,0,0,4,2,2.21165771e-05,2.211657675e-05,0.03851525806
5099,0.0078125,0.28125,-125.9993039,-125.9993039,7,3663,4246,0,0,0,0,0,0,1e+300,0,1e+300,0,0,0,0,0,0,0,0
5100,0.015625,0.2890625,-125.2642915,-125.2642915,7,4246,4244,0,0,0,0,0,0,1e+300,0,1e+300,0,0,0,0,0,0,0,0
5101,0.0234375,0.28125,-100.3817097,-100.3817097,7,4246,3550,0,0,0,0,0,0,1e+300,0,1e+300,0,0,0,0,0,0,0,0
5102,0.015625,0.25,-136.4400046,-136.4400046,6,3255,3552,0,0,0,0,0,0,1e+300,0,1e+300,0,0,0,0,0,0,0,0
5103,0.03125,0.265625,-134.9699798,-134.9699798,6,3552,3550,0,0,0,0,0,0,1e+300,0,1e+300,0,0,0,0,0,0,0,0
5104,0.046875,0.25,-228.2940894,-228.2940894,6,3552,3352,0,0,0,0,0,0,1e+300,0,1e+300,0,0,0,0,0,0,0,0
5105,0,0.21875,-84.00098692,-84.00098692,5,3255,3325,0,0,0,0,0,0,1e+300,0,1e+300,0,0,0,0,0,0,0,0
5106,0.03125,0.1875,-61.37274637,-61.37274637,5,3325,3322,0,0,0,0,0,0,1e+300,0,1e+300,0,0,0,0,0,0,0,0
5107,0,0.15625,-70.97703635,-70.97703635,5,3325,3271,0,0,0,0,0,0,1e+300,0,1e+300,0,0,0,0,0,0,0,0
5108,0.046875,0.203125,-56.57060137,-56.57060137,6,3322,3557,0,0,0,0,0,0,1e+300,0,1e+300,0,0,0,0,0,0,0,0
5109,0.015625,0.203125,-72.68686664,-72.68686664,6,3557,3325,0,0,0,0,0,0,1e+300,0,1e+300,0,0,0,0,0,0,0,0
5110,0.015625,0.234375,-79.19884192,-79.19884192,6,3557,3255,0,0,0,0,0,0,1e+300,0,1e+300,0,0,0,0,0,0,0,0
5111,0.046875,0.234375,-171.0529267,-171.0529267,6,3557,3352,0,0,0,0,0,0,1e+300,0,1e+300,0,0,0,0,0,0,0,0
5112,0.03125,0.234375,-125.1258843,-125.1258843,6,3552,3557,0,0,0,0,0,0,1e+300,0,1e+300,0,0,0,0,0,0,0,0
5113,0.0234375,0.2734375,-88.30792499,-88.30792499,7,3550,4243,0,0,0,0,0,0,1e+300,0,1e+300,0,0,0,0,0,0,0,0
5114,0.0234375,0.2578125,-135.7049922,-135.7049922,7,4243,3552,0,0,0,0,0,0,1e+300,0,1e+300,0,0,0,0,0,0,0,0
5115,0.0078125,0.2578125,-89.7779498,-424.350693,7,4243,3255,0,0,0,0,0,0,2977.662255,537.5877186,2524.93751,6.021548133e-05,0,0,1,1,0.0003358339242,0.0003358339242,0.6384386714
5116,0.0078125,0.2734375,-113.9255192,-189.4119912,7,4243,3663,0,0,0,0,0,0,11823.7963,769.0734615,6906.521566,6.021548133e-05,0,0,1,1,8.457520533e-05,8.457520533e-05,0.1607820944
5117,0.015625,0.2734375,-101.1167221,-101.1167221,7,4246,4243,0,0,0,0,0,0,1e+300,0,1e+300,0,0,0,0,0,0,0,0
5118,0.1328125,0.1171875,-34.74637986,-107.3863342,7,3265,4652,0,0,0,0,0,0,91.01305834,180.9883298,90.51698947,6.021548133e-05,0,0,1,1,0.01098743431,0.01098743431,0.2839433701
5119,0.1484375,0.1171875,-223.550242,-223.550242,7,4652,3992,1,0,0,0,0,1,26815.32305,0,0,0,0,0,3,2,3.729211087e-05,3.729211086e-05,0.06225586255
5120,0.1484375,0.1015625,-104.2391396,-345.8474425,7,4652,3753,0,0,0,0,0,0,5.817460989,-84.63463944,5.815423839,6.021548133e-05,0,0,31,14,0.1718962967,0.1718962967,0.7283070581
5121,0.03125,0.125,-48.3487958,-48.3487958,5,3271,3326,0,0,0,0,0,0,1e+300,0,1e+300,0,0,0,0,0,0,0,0
5122,0.0625,0.15625,-38.74450582,-38.74450582,5,3326,3322,0,0,0,0,0,0,1e+300,-2.467565771e-05,83517.05192,0,0,0,0,0,0,0,0
5123,0.09375,0.125,-16.11626527,-414.111542,5,3326,3265,0,0,0,0,0,0,1.3706025e+15,3.4363552e-09,4070.484646,0.0002456709918,0,0,1,0,7.296061405e-16,0,0.0007296061405
5124,0.0625,0.09375,-16.11626527,-16.11626527,5,3326,3321,0,0,0,0,0,0,1e+300,0,1e+300,0,0,0,0,0,0,0,0
5125,0.078125,0.078125,0,0,6,3321,3976,0,0,0,0,0,0,1e+300,0,1e+300,0,0,0,0,0,0,0,0
5126,0.078125,0.109375,-16.11626527,-16.11626527,6,3976,3326,0,0,0,0,0,0,1e+300,0,1e+300,0,0,0,0,0,0,0,0
5127,0.109375,0.109375,0,0,6,3976,3265,0,0,0,0,0,0,1e+300,0,1e+300,0,0,0,0,0,0,0,0
5128,0.109375,0.078125,-358.2547609,-358.2547609,6,3976,3349,0,0,0,0,0,0,1e+300,0,1e+300,0,0,0,0,0,0,0,0
5129,0.125,0.078125,-537.3821414,-22.40549364,6,3349,3980,0,0,0,0,0,0,3306.110797,332.0662399,2022.11975,0.000192060352,0,0,12,8,0.0003024702018,0.0003024702013,0.3865048278
5130,0.109375,0.09375,-179.1273805,-179.1273805,6,3980,3976,0,0,0,0,0,0,1e+300,0,1e+300,0,0,0,0,0,0,0,0
5131,0.125,0.109375,-179.1273805,-570.7780892,6,3980,3265,0,0,0,0,0,0,143731.375,-251.317115,5024.676812,0.000192060352,0,0,1,1,6.957423178e-06,6.957423178e-06,0.0001797975877
5132,0.140625,0.09375,-248.6201402,-294.7765524,6,3980,3753,0,0,0,0,0,0,2.245678992,-2.477439191,2.244710835,0.000192060352,0,0,51,29,0.4452996192,0.4452996192,1.302865885
5133,0.1328125,0.1015625,-213.8737603,-427.0697368,7,4652,3980,0,0,0,0,0,0,8.257069453,-121.1896931,8.25296605,6.021548133e-05,0,0,23,12,0.1211083431,0.1211083431,0.6370398237
5134,0.1484375,0.125,-241.992275,-241.992275,7,3992,4658,1,0,0,0,0,1,8.748383061e+12,0,0,0,0,0,1,0,1.143068374e-13,0,0.1143068374
5135,0.140625,0.1171875,-73.22473809,-73.22473809,7,4658,4652,0,0,0,0,0,0,1e+300,0,1e+300,0,0,0,0,0,0,0,0
5136,0.1328125,0.125,-38.47835823,-110.2638828,7,4658,3265,0,0,0,0,0,0,2811.093158,196.5358019,2404.141016,6.021548133e-05,0,0,2,2,0.0003557334972,0.0003557334972,0.6229543079
5137,0.125,0.171875,-199.7254644,-270.402153,6,3355,4391,0,0,0,0,0,0,890.7008309,24.462846,760.588276,0.000192060352,0,0,19,12,0.001122711426,0.001122711425,1.015587954
5138,0.140625,0.15625,-238.3421519,-238.3421519,6,4391,3910,1,0,0,0,0,1,5.30068012,0,0,0,0,0,626,316,0.1886550362,0.1886550362,0.5709447362
5139,0.125,0.140625,-66.57515482,-488.4980493,6,4391,3265,0,0,0,0,0,0,4406.483456,-188.9059866,2386.642348,0.000192060352,0,0,10,5,0.0002269383307,0.0002269383307,0.07084827231
5140,0.109375,0.140625,-11.31412027,-449.7146536,6,3265,3555,0,0,0,0,0,0,18836.60277,-58.54940491,4079.160497,0.000192060352,0,0,2,1,5.308812911e-05,5.308812906e-05,0.1117309769
5141,0.078125,0.140625,-27.43038554,-503.3211962,6,3555,3326,0,0,0,0,0,0,6.924825113e+14,5.906599654e-10,5206.696695,0.000192060352,0,0,1,0,1.444079791e-15,0,0.001444079791
5142,0.078125,0.171875,-33.94236082,-33.94236082,6,3555,3322,0,0,0,0,0,0,1e+300,0,1e+300,0,0,0,0,0,0,0,0
5143,0.109375,0.171875,-144.4644299,-410.9515841,6,3555,3355,0,0,0,0,0,0,220231.428,-24.51339906,5086.443342,0.000192060352,0,0,2,2,4.540678e-06,4.540678e-06,0.007373769076
5144,0.109375,0.15625,-77.88927509,-416.5117033,6,4391,3555,0,0,0,0,0,0,4753.57215,-27.7099864,2484.913689,0.000192060352,0,0,3,3,0.0002103681123,0.0002103681123,0.2993904048
5145,0.1328125,0.1328125,-51.67902486,-184.3140998,7,3265,4536,0,0,0,0,0,0,511.3609192,87.02103456,496.085531,6.021548133e-05,0,0,11,6,0.001955565947,0.001955565945,0.2248289184
5146,0.1328125,0.1484375,-118.2541797,-289.6069598,7,4536,4391,0,0,0,0,0,0,132.4509681,-20.63535724,131.4029509,6.021548133e-05,0,0,39,20,0.007549963688,0.007549963686,0.8859123036
5147,0.1484375,0.1484375,-210.0843159,-210.0843159,7,4536,3910,1,0,0,0,0,1,9.798669335,0,0,0,0,0,533,279,0.1020546735,0.1020546735,1.126335555
5148,0.1484375,0.1328125,-252.5624199,-252.5624199,7,4536,3992,1,1,1,0,0,1,309.3902771,-46.0356758,303.7317291,6.021548133e-05,0,24.04546685,27,27,0.003232163627,0.003232163627,2.341739089
5149,0.140625,0.1328125,-90.15738309,-463.6925094,7,4658,4536,0,0,0,0,0,0,2370.203448,-187.5132848,2074.171579,6.021548133e-05,0,0,6,4,0.0004219047107,0.0004219047105,0.7307390658
5150,0.9140625,0.9140625,717.78917,717.78917,7,3635,4423,0,0,0,0,0,0,1e+300,31.49999706,469.6977194,0,0,0,0,0,0,0,0
5151,0.9140625,0.9296875,356.0856872,61.96485803,7,4423,3688,0,0,0,0,0,0,159.3881303,-397.6225368,157.872924,6.021548133e-05,0,0,9,6,0.006273992912,0.006273992911,1.606707902
5152,0.9296875,0.9296875,1004.904838,-12.39298625,7,4423,3493,0,0,0,0,0,0,128.328936,-462.5012884,127.3448926,6.021548133e-05,0,0,32,16,0.007792474798,0.00779247479,5.645797063
5153,0.9375,0.890625,659.4117067,-240.9488274,6,3526,3678,0,0,0,0,0,0,43.88815761,-683.9960957,43.52130889,0.000192060352,0,0,8,2,0.02278518977,0.02278518977,0.437473112
5154,0.921875,0.90625,698.3300156,425.2877344,6,3678,3635,0,0,0,0,0,0,8.333941416e+11,-6.229472547e-07,5206.696663,0.000192060352,0,0,4,0,1.199912443e-12,0,1.199912443
5155,0.9375,0.921875,985.4456836,-495.4515167,6,3678,3493,0,0,0,0,0,0,656.7076846,-931.3813569,583.1557078,0.000192060352,0,0,43,26,0.001522747523,0.001522747522,0.9842550266
5156,0.953125,0.90625,645.0491073,-382.9702075,6,3678,3638,0,0,0,0,0,0,20.79718009,-817.7305366,20.71444012,0.000192060352,0,0,9,5,0.04808344188,0.04808344188,0.4290121031
5157,0.9296875,0.9140625,841.8878496,310.3628946,7,4423,3678,0,0,0,0,0,0,137.1228617,-143.3041216,135.9999214,6.021548133e-05,0,0,19,11,0.007292729947,0.007292729944,4.538765107
5158,0.90625,0.9296875,31.67611174,30.19583083,7,3688,4425,0,0,0,0,0,0,321.7465659,-416.5132805,315.6314823,6.021548133e-05,0,0,9,5,0.003108036281,0.003108036278,1.859849328
5159,0.9140625,0.921875,536.9374286,204.0853261,7,4425,4423,0,0,0,0,0,0,411.0274583,-250.8818685,401.1001431,6.021548133e-05,0,0,4,3,0.002432927484,0.002432927483,0.9260880407
5160,0.90625,0.9140625,393.3795946,393.3795946,7,4425,3635,0,0,0,0,0,0,1e+300,0,1e+300,0,0,0,0,0,0,0,0
5161,0.8984375,0.921875,464.0989873,67.50788516,7,4425,4422,0,0,0,0,0,0,1139.539334,-341.9731446,1066.36743,6.021548133e-05,0,0,5,2,0.0008775475931,0.0008775475914,1.471297938
5162,0.171875,0.625,-51.75193945,-29.84061258,6,3384,3648,0,0,0,0,0,0,7.394056372e+13,-2.627320583e-09,5206.696695,0.000192060352,0,0,1,0,1.35243762e-14,0,0.0135243762
5163,0.15625,0.609375,33.77847,-82.74271571,6,3648,3642,0,0,0,0,0,0,2.651004399e+14,9.637403764e-09,5206.696695,0.000192060352,0,0,1,0,3.77215519e-15,0,0.00377215519
5164,0.140625,0.625,-69.752489,-98.87015938,6,3648,3273,0,0,0,0,0,0,4822.605651,-19.40634466,2503.648214,0.000192060352,0,0,1,1,0.0002073567844,0.0002073567844,0.3133782909
5165,0.171875,0.671875,-49.22047736,0.4267695478,6,3335,3651,0,0,0,0,0,0,5077.11594,39.42273301,2570.544964,0.000192060352,0,0,1,1,0.0001969622147,0.0001969622147,0.1416775554
5166,0.171875,0.640625,-50.90811875,-66.69706238,6,3651,3384,0,0,0,0,0,0,899.8776844,-33.80466617,767.2698102,0.000192060352,0,0,1,1,0.001111262139,0.001111262139,0.7993457193
5167,0.140625,0.640625,-68.9086683,-175.1463395,6,3651,3273,0,0,0,0,0,0,132.6574988,-92.63074114,129.3615924,0.000192060352,0,0,15,12,0.007538209365,0.007538209364,0.91529423
5168,0.140625,0.671875,-98.01784778,-158.6797904,6,3651,3363,0,0,0,0,0,0,50.79032214,-66.24475743,50.29965867,0.000192060352,0,0,15,11,0.01968879026,0.01968879026,1.533470748
5169,0.15625,0.640625,-59.90839353,-29.58949889,6,3648,3651,0,0,0,0,0,0,1736.567682,28.11449839,1302.237783,0.000192060352,0,0,1,1,0.0005758485606,0.0005758485606,0.8702798815
5170,0.1328125,0.6171875,-26.98728428,-164.0085236,7,3273,4169,0,0,0,0,0,0,200.7021239,3.317569426,198.3055273,6.021548133e-05,0,0,23,13,0.004982508308,0.004982508304,6.365238856
5171,0.1484375,0.6171875,-17.9870095,-17.9870095,7,4169,3648,0,0,0,0,0,0,1e+300,0,1e+300,0,0,0,0,0,0,0,0
5172,0.1484375,0.6015625,76.54367472,-170.6049945,7,4169,3642,0,0,0,0,0,0,2.616874175e+12,-4.98764706e-07,16607.02483,6.021548133e-05,0,0,1,0,3.821353008e-13,0,0.3821353008
5173,0.125,0.578125,-88.88817274,-88.88817274,6,3357,3984,1,0,0,0,0,1,6.86994402,0,0,0,0,0,182,73,0.1455615937,0.1455615937,0.8121002437
5174,0.109375,0.59375,-115.8504313,-106.2518273,6,3984,3859,0,0,0,0,0,0,4.938085292,43.95676459,4.933406399,0.000192060352,0,0,345,187,0.2025076403,0.2025076402,0.929240986
5175,0.125,0.609375,-64.22261046,-136.1189144,6,3984,3273,0,0,0,0,0,0,26.62073458,-36.97349559,26.48532076,0.000192060352,0,0,212,115,0.03756470345,0.03756470341,41.61832388
5176,0.140625,0.59375,39.30834854,-102.4243198,6,3984,3642,0,0,0,0,0,0,1.031604917e+14,6.179263323e-09,5206.696695,0.000192060352,0,0,1,0,9.693633516e-15,0,0.009693633516
5177,0.1328125,0.6015625,-12.45713096,-173.7449693,7,4169,3984,0,0,0,0,0,0,273.5447459,-11.54887327,269.1120324,6.021548133e-05,0,0,24,13,0.003655709039,0.003655709033,4.058061427
5178,0.5234375,0.5859375,192.1367485,45.20153349,7,3593,4065,0,0,0,0,0,0,549.256863,-109.8575715,531.6724525,6.021548133e-05,0,0,35,20,0.001820641793,0.001820641791,2.205030448
5179,0.5234375,0.5703125,323.0483976,11.34416283,7,4065,3668,0,0,0,0,0,0,1918.8275,-92.40579138,1720.083664,6.021548133e-05,0,0,4,1,0.0005211515886,0.0005211515877,0.1008372067
5180,0.5078125,0.5703125,713.0530161,45.50183603,7,4065,3439,0,0,0,0,0,0,1526.80724,-87.15639156,1398.255242,6.021548133e-05,0,0,10,5,0.0006549615262,0.0006549615254,0.6188981718
5181,0.5078125,0.5859375,23.03773229,118.3001346,7,4065,3667,0,0,0,0,0,0,578.4039511,-48.15370204,558.9368123,6.021548133e-05,0,0,17,9,0.00172889552,0.001728895519,1.707889281
5182,0.5078125,0.5625,778.5088407,71.45216692,7,3439,4299,0,0,0,0,0,0,53215.80743,-31.34206227,12657.12391,6.021548133e-05,0,0,2,1,1.879140895e-05,1.879140844e-05,0.0270150329
5183,0.515625,0.5703125,518.0507069,24.44203341,7,4299,4065,0,0,0,0,0,0,1611.134633,-71.52534641,1468.652908,6.021548133e-05,0,0,3,1,0.0006206805932,0.0006206805928,0.1200949946
5184,0.5234375,0.5625,388.5042222,185.3493389,7,4299,3668,0,0,0,0,0,0,102424.1332,111.4633831,14290.04103,6.021548133e-05,0,0,2,1,9.763324023e-06,9.763324019e-06,0.001889097805
5185,0.5234375,0.5390625,353.5712447,132.93376,7,3592,4303,0,0,0,0,0,0,366.0716261,-23.42419013,358.1762821,6.021548133e-05,0,0,9,3,0.002731705843,0.002731705841,0.7956173539
5186,0.5078125,0.5390625,548.8875467,283.0181235,7,4303,3669,0,0,0,0,0,0,2513.062668,100.1448099,2182.756442,6.021548133e-05,0,0,5,1,0.0003979208368,0.0003979208341,0.7564692957
5187,0.5078125,0.5546875,766.8645148,154.7638659,7,4303,3439,0,0,0,0,0,0,1847154.747,9.654497845,16459.04826,6.021548133e-05,0,0,2,1,5.413731588e-07,5.413731162e-07,0.000778292596
5188,0.5234375,0.5546875,376.8598964,91.68964615,7,4303,3668,0,0,0,0,0,0,621.3496305,-24.51144848,598.9403567,6.021548133e-05,0,0,5,2,0.001609399847,0.001609399846,0.4449374809
5189,0.515625,0.5546875,571.8622056,70.18958433,7,4299,4303,0,0,0,0,0,0,43343.5143,-38.22893591,12006.67804,6.021548133e-05,0,0,1,1,2.307150253e-05,2.307150253e-05,0.0331682092
5190,0.9453125,0.9296875,978.2643839,-14.0415477,7,3493,4402,0,0,0,0,0,0,39.68446181,-445.5653969,39.58985713,6.021548133e-05,0,0,85,41,0.02519877943,0.02519877942,6.167870412
5191,0.9609375,0.9296875,640.2724188,-18.69348762,7,4402,3664,0,0,0,0,0,0,8.471574877,-455.6650803,8.467255561,6.021548133e-05,0,0,171,79,0.1180418062,0.1180418062,8.30725109
5192,0.9609375,0.9140625,637.8678076,637.8678076,7,4402,3638,0,0,0,0,0,0,1e+300,-48.41716619,11.50578429,0,0,0,0,0,0,0,0
5193,0.9453125,0.9140625,815.2473955,732.2420436,7,4402,3678,0,0,0,0,0,0,101.8644916,297.1594803,101.2434824,6.021548133e-05,0,0,24,15,0.009816963535,0.009816963532,2.58418881
5194,0.9609375,0.8515625,435.4047186,-324.1612548,7,3544,4101,0,0,0,0,0,0,1244.778665,-748.8546562,1157.982173,6.021548133e-05,0,0,8,5,0.0008033556715,0.0008033556713,0.5598907181
5195,0.9453125,0.8515625,471.5455441,436.8909016,7,4101,3676,0,0,0,0,0,0,1.790242002e+12,-3.813105423e-06,16607.02478,6.021548133e-05,0,0,1,0,5.585836992e-13,0,0.5585836992
5196,0.9453125,0.8671875,476.0647184,-652.2140071,7,4101,3526,0,0,0,0,0,0,210.1476111,-1091.515796,207.5216038,6.021548133e-05,0,0,207,106,0.004758559922,0.00475855992,0.7484417268
5197,0.9609375,0.8671875,400.1807928,-437.8442711,7,4101,3675,0,0,0,0,0,0,92.55317347,-849.447825,92.040221,6.021548133e-05,0,0,211,105,0.0108045998,0.0108045998,0.8662028472
5198,0.9375,0.8671875,494.1351311,909.6537574,7,3526,4398,0,0,0,0,0,0,10.44574277,498.6930252,10.43917658,6.021548133e-05,0,0,301,157,0.0957327805,0.09573278047,12.99445835
5199,0.9453125,0.859375,473.8051312,-29.63617313,7,4398,4101,0,0,0,0,0,0,15.391363,-433.2927116,15.37711152,6.021548133e-05,0,0,158,80,0.06497150381,0.06497150378,11.1627996
5200,0.9375,0.8515625,489.6159568,408.5498454,7,4398,3676,0,0,0,0,0,0,1.973482207e+12,-3.371035575e-06,16607.0248,6.021548133e-05,0,0,1,0,5.067185285e-13,0,0.5067185285
5201,0.9296875,0.859375,439.2746145,-21.64291688,7,4398,4292,0,0,0,0,0,0,13.0508775,-418.7651591,13.04062932,6.021548133e-05,0,0,144,77,0.07662320026,0.07662320024,12.0874541
5202,0.7890625,0.7734375,323.4275283,188.8152979,7,3536,4004,0,0,0,0,0,0,293.2094543,-129.8857197,288.122437,6.021548133e-05,0,0,11,5,0.003410531227,0.003410531225,2.37920349
5203,0.8046875,0.7734375,350.4830854,172.4208648,7,4004,3634,0,0,0,0,0,0,800.27489,-146.1004773,763.4834343,6.021548133e-05,0,0,4,2,0.001249570632,0.001249570631,1.049789915
5204,0.8046875,0.7578125,569.8008694,-9.060982938,7,4004,3512,0,0,0,0,0,0,3.857511773,-340.7508977,3.856615951,6.021548133e-05,0,0,12,7,0.2592344648,0.2592344648,0.9313525278
5205,0.7890625,0.7578125,302.1339335,-80.87963248,7,4004,3633,0,0,0,0,0,0,47.30507719,-356.9855934,47.17071151,6.021548133e-05,0,0,16,8,0.02113937994,0.02113937994,0.3644435141
5206,0.8125,0.7578125,583.3286479,99.92121058,7,3512,4005,0,0,0,0,0,0,1.168628977,-232.4791429,1.168546747,6.021548133e-05,0,0,20,10,0.8557035803,0.8557035803,2.980741606
5207,0.8046875,0.765625,460.1419774,197.3871413,7,4005,4004,0,0,0,0,0,0,5.732050453,-121.5640399,5.730072672,6.021548133e-05,0,0,11,6,0.174457641,0.174457641,0.7390471257
5208,0.8125,0.7734375,364.010864,191.2100866,7,4005,3634,0,0,0,0,0,0,990.9428051,-128.0216942,935.1427459,6.021548133e-05,0,0,5,3,0.001009139977,0.001009139976,0.9425119181
5209,0.8359375,0.7734375,352.5522948,189.373825,7,3539,4011,0,0,0,0,0,0,3.032809926,-120.2998112,3.032256169,6.021548133e-05,0,0,8,7,0.3297272248,0.3297272248,1.26452337
5210,0.8359375,0.7578125,322.188041,79.84413628,7,4011,3631,0,0,0,0,0,0,1.13714555,-216.3225488,1.137067691,6.021548133e-05,0,0,17,12,0.8793949025,0.8793949025,2.787582293
5211,0.8203125,0.7578125,579.5091249,172.7696708,7,4011,3512,0,0,0,0,0,0,4.25570264,-136.3651356,4.254612357,6.021548133e-05,0,0,21,10,0.2349788236,0.2349788236,0.7296339952
5212,0.8203125,0.7734375,360.1913409,-182.8875298,7,4011,3634,0,0,0,0,0,0,46774.09369,-478.8537635,12255.67736,6.021548133e-05,0,0,4,2,2.137935599e-05,2.137935485e-05,0.0174314449
5213,0.8203125,0.765625,469.8502329,187.6065691,7,4005,4011,0,0,0,0,0,0,11.10574687,-108.7895036,11.098325,6.021548133e-05,0,0,14,7,0.09004347135,0.09004347135,0.2636921455
5214,0.9609375,0.9375,641.4747243,78.09843949,7,3664,4408,0,0,0,0,0,0,22.60384087,-373.767769,22.57311658,6.021548133e-05,0,0,95,38,0.04424026897,0.04424026895,3.971977574
5215,0.953125,0.9296875,536.4415423,53.9466955,7,4408,4402,0,0,0,0,0,0,7.91130879,-391.6244928,7.907541769,6.021548133e-05,0,0,156,64,0.1264013359,0.1264013359,13.18648914
5216,0.9453125,0.9375,979.4666895,762.7490244,7,4408,3493,0,0,0,0,0,0,73.7995152,316.3305593,73.47301045,6.021548133e-05,0,0,61,26,0.01355022451,0.0135502245,2.919335035
5217,0.9453125,0.9453125,989.7369255,2297.258529,7,3493,4085,0,0,0,0,0,0,1355.808491,1847.578679,1253.474042,6.021548133e-05,0,0,1,1,0.000737567294,0.000737567294,0.026202963
5218,0.9453125,0.9609375,489.4151938,155.2508604,7,4085,3640,0,0,0,0,0,0,63.36586722,-262.8343576,63.12500705,6.021548133e-05,0,0,7,3,0.01578136691,0.01578136691,1.003740309
5219,0.9609375,0.9609375,672.2854325,49.49722217,7,4085,3637,0,0,0,0,0,0,7.5560707,-434.8000745,7.552634308,6.021548133e-05,0,0,9,4,0.1323439179,0.1323439179,1.411930462
5220,0.9609375,0.9453125,651.7449604,1151.806494,7,4085,3664,0,0,0,0,0,0,21.89773763,696.6789014,21.86890167,6.021548133e-05,0,0,3,2,0.04566681805,0.04566681805,0.4361970972
5221,0.953125,0.9453125,820.7409429,820.7409429,7,4408,4085,0,0,0,0,0,0,1e+300,0,1e+300,0,0,0,0,0,0,0,0
5222,0.8671875,0.9375,938.7457547,250.5704682,7,3515,4322,0,0,0,0,0,0,19.19392644,-148.3137262,19.17176826,6.021548133e-05,0,0,113,62,0.05209981412,0.05209981411,6.929728078
5223,0.859375,0.9296875,464.5831588,86.69322702,7,4322,4321,0,0,0,0,0,0,2.682483352,-312.3502182,2.682050129,6.021548133e-05,0,0,229,116,0.3727888932,0.3727888932,31.06197564
5224,0.8515625,0.9375,477.1473226,199.748713,7,4322,3690,0,0,0,0,0,0,8.818474917,-198.7353993,8.813794715,6.021548133e-05,0,0,116,54,0.1133982927,0.1133982927,13.7179853
5225,0.8515625,0.9609375,580.5654202,-64.22468679,7,3657,4116,0,0,0,0,0,0,16.70971091,-462.2187693,16.69291478,6.021548133e-05,0,0,12,4,0.05984543989,0.05984543989,0.4367537453
5226,0.8671875,0.9609375,610.8410613,-55.96601777,7,4116,3687,0,0,0,0,0,0,384.2435275,-480.8963974,375.5541769,6.021548133e-05,0,0,12,4,0.002602516187,0.002602516184,0.7926655966
5227,0.8671875,0.9453125,973.2184539,777.2623112,7,4116,3515,0,0,0,0,0,0,385.4401991,393.0823586,376.6972565,6.021548133e-05,0,0,4,2,0.002594436186,0.002594436185,0.9833847219
5228,0.8515625,0.9453125,511.6200218,691.2273416,7,4116,3690,0,0,0,0,0,0,9.42213181,307.4474711,9.416789118,6.021548133e-05,0,0,4,2,0.1061330939,0.1061330939,0.6914074974
5229,0.859375,0.9453125,742.4192378,742.4192378,7,4322,4116,0,0,0,0,0,0,1e+300,0,1e+300,0,0,0,0,0,0,0,0
5230,0.0234375,0.7265625,-169.5424892,-39.86034608,7,3834,4750,0,0,0,0,0,0,18.50700964,-30.13882083,18.48640823,6.021548133e-05,0,0,345,167,0.05403358076,0.0540335807,51.223835
5231,0.0078125,0.7265625,89.2276054,124.0987636,7,4750,3836,0,0,0,0,0,0,31.73927945,-13.97201411,31.67873518,6.021548133e-05,0,0,208,101,0.03150670139,0.03150670135,30.21037932
5232,0.0078125,0.7421875,-207.6564792,103.3850309,7,4750,3253,0,0,0,0,0,0,3737.530655,190.1450865,3050.902956,6.021548133e-05,0,0,3,3,0.0002675563339,0.0002675563339,0.368547054
5233,0.0234375,0.7421875,-21.10078746,-8.694772941,7,4750,3934,0,0,0,0,0,0,52.75775575,-26.72041154,52.59068389,6.021548133e-05,0,0,168,81,0.01895455911,0.01895455909,23.75615841
5234,0,0.7421875,-78.27143191,14.28898691,7,3253,4752,0,0,0,0,0,0,28795.46656,75.90606406,10532.6165,6.021548133e-05,0,0,1,1,3.472768874e-05,3.472768874e-05,0.07308900593
5235,0.0078125,0.734375,-59.2144369,141.9584808,7,4752,4750,0,0,0,0,0,0,468.5966912,21.41901598,455.7372555,6.021548133e-05,0,0,11,6,0.002134031287,0.002134031285,4.131429939
5236,0,0.7265625,218.6126527,105.5973093,7,4752,3836,0,0,0,0,0,0,1497.770737,-57.61644679,1373.863391,6.021548133e-05,0,0,10,5,0.0006676589247,0.0006676589227,1.464384887
5237,0.109375,0.5625,-86.79012465,-208.0773565,6,3357,3983,0,0,0,0,0,0,130.5250286,-68.12875855,127.332959,0.000192060352,0,0,70,41,0.007661365875,0.007661365871,3.865400976
5238,0.09375,0.546875,-156.914727,-289.9443043,6,3983,3860,0,0,0,0,0,0,146.2477474,-93.75631434,142.252114,0.000192060352,0,0,54,27,0.006837712154,0.006837712149,5.54015965
5239,0.078125,0.5625,-219.106073,-317.0951589,6,3983,3337,0,0,0,0,0,0,9.503656261,-64.76022071,9.486341074,0.000192060352,0,0,111,50,0.1052226609,0.1052226609,0.9984723753
5240,0.09375,0.578125,-167.4782521,-251.9656904,6,3983,3859,0,0,0,0,0,0,10.90291017,-50.69392538,10.880127,0.000192060352,0,0,217,105,0.09171863147,0.09171863144,1.380529928
5241,0.1015625,0.5390625,-125.819054,-281.6952038,7,3860,4615,0,0,0,0,0,0,38.46275109,-72.9412086,38.37387516,6.021548133e-05,0,0,128,66,0.02599918029,0.02599918026,17.55038612
5242,0.1015625,0.5546875,-121.8524258,-206.7820572,7,4615,3983,0,0,0,0,0,0,72.96975454,1.925716032,72.65053471,6.021548133e-05,0,0,56,29,0.01370430813,0.01370430811,8.229276897
5243,0.1171875,0.5546875,-55.69445168,-281.5057426,7,4615,3357,0,0,0,0,0,0,108.5576148,-128.9911394,107.8525986,6.021548133e-05,0,0,34,18,0.009211698343,0.009211698338,1.570858648
5244,0.1171875,0.5390625,-23.32159933,-194.3932929,7,4615,3982,0,0,0,0,0,0,64.72764101,0.8744449316,64.47633765,6.021548133e-05,0,0,163,81,0.0154493503,0.01544935028,19.33561857
5245,0.125,0.5390625,27.92712802,-169.6359586,7,3982,4620,0,0,0,0,0,0,113.0803125,-26.75044306,112.3155352,6.021548133e-05,0,0,99,48,0.008843272343,0.008843272329,10.76033981
5246,0.1171875,0.546875,-39.50802551,-280.2688237,7,4620,4615,0,0,0,0,0,0,74.98011969,-111.3772675,74.64310874,6.021548133e-05,0,0,85,40,0.01333686855,0.01333686854,2.54328745
5247,0.125,0.5546875,-4.445724324,-245.0988568,7,4620,3357,0,0,0,0,0,0,142.0239396,-144.9664759,140.8196444,6.021548133e-05,0,0,17,8,0.007041066477,0.007041066476,1.332932713
5248,0.1484375,0.5390625,-7.736239845,-7.736239845,7,3645,4179,0,0,0,0,0,0,1e+300,-259.4830809,1245.20148,0,0,0,0,0,0,0,0
5249,0.1328125,0.5390625,16.03933873,-258.8384621,7,4179,3982,0,0,0,0,0,0,6670.193078,-122.181028,4758.818803,6.021548133e-05,0,0,31,16,0.0001499206977,0.000149920696,0.2954915098
5250,0.1328125,0.5546875,-16.33351361,-158.0682155,7,4179,3357,0,0,0,0,0,0,20505.80415,-64.16391604,9175.813574,6.021548133e-05,0,0,4,2,4.876668052e-05,4.876668036e-05,0.06020899823
5251,0.1484375,0.5546875,-166.2646221,-166.2646221,7,4179,3985,0,0,0,0,0,0,1e+300,-19.59400852,1932.083153,0,0,0,0,0,0,0,0
5252,0.1328125,0.546875,-0.1470874397,-113.7860986,7,4620,4179,0,0,0,0,0,0,423.7165677,-3.504846126,413.1747055,6.021548133e-05,0,0,31,16,0.002360068207,0.002360068202,3.420144355
5253,0.1484375,0.5859375,91.07382804,-140.1463405,7,3642,4172,0,0,0,0,0,0,3593454.315,5.651512942,16530.62921,6.021548133e-05,0,0,1,1,2.78283766e-07,2.78283766e-07,0.0004823778719
5254,0.1484375,0.5703125,-133.3279328,6.643535112,7,4172,3985,0,0,0,0,0,0,19839.59626,80.66287379,9039.97844,6.021548133e-05,0,0,2,1,5.040425152e-05,5.040425149e-05,0.08737087306
5255,0.1328125,0.5703125,-330.9339764,-330.9339764,7,4172,3357,1,1,1,0,0,1,8749.34877,-146.6922623,4641.189969,9.874021122e-05,0,107.4221554,8,8,0.0001142942208,0.0001142942208,0.1711201206
5256,0.1328125,0.5859375,2.073022361,-207.6727802,7,4172,3984,0,0,0,0,0,0,1962.178741,-70.28382475,1754.838379,6.021548133e-05,0,0,20,8,0.0005096375672,0.0005096375655,0.2597976053
5257,0.6640625,0.7734375,431.5921468,120.9440415,7,3612,4026,0,0,0,0,0,0,55.65624345,-106.7318869,55.47034195,6.021548133e-05,0,0,7,4,0.01796743614,0.01796743614,0.9329560376
5258,0.6796875,0.7734375,450.9648902,144.2553916,7,4026,3708,0,0,0,0,0,0,1646.089432,-87.86365858,1497.64296,6.021548133e-05,0,0,3,3,0.0006075004072,0.0006075004072,1.15351734
5259,0.6796875,0.7578125,816.2180862,367.690323,7,4026,3462,0,0,0,0,0,0,7874.361523,175.2528548,5341.597723,6.021548133e-05,0,0,1,1,0.0001269944232,0.0001269944232,0.2267993279
5260,0.6640625,0.7578125,313.5318453,29.06714429,7,4026,3707,0,0,0,0,0,0,52.58152183,-125.63048,52.41556254,6.021548133e-05,0,0,6,3,0.01901808782,0.01901808782,1.03337628
5261,0.6640625,0.75,254.5016945,76.25537058,7,3707,4031,0,0,0,0,0,0,2049.941327,-48.83590708,1824.703237,6.021548133e-05,0,0,1,1,0.00048781884,0.00048781884,0.7566288025
5262,0.671875,0.7578125,564.8749657,148.5396104,7,4031,4026,0,0,0,0,0,0,1992.439807,-31.91074126,1779.002676,6.021548133e-05,0,0,1,1,0.00050189722,0.00050189722,0.7784649984
5263,0.6796875,0.75,757.1879354,162.8311211,7,4031,3462,0,0,0,0,0,0,3.169997573e+12,-4.06302803e-07,16607.02485,6.021548133e-05,0,0,1,0,3.154576547e-13,0,0.3154576547
5264,0.6640625,0.7265625,406.7806598,0.8790620087,7,3683,4023,0,0,0,0,0,0,15.51501957,-229.7824826,15.50053828,6.021548133e-05,0,0,240,135,0.06445367313,0.0644536731,12.17413267
5265,0.6640625,0.7421875,305.2613496,305.2613496,7,4023,3707,0,0,0,0,0,0,1e+300,465.294952,17.38877139,0,0,0,0,0,0,0,0
5266,0.6796875,0.7421875,807.9475905,193.4326732,7,4023,3462,0,0,0,0,0,0,6.630994976e+12,-3.307180236e-07,16607.0249,6.021548133e-05,0,0,1,0,1.508069307e-13,0,0.1508069307
5267,0.6796875,0.7265625,360.6017114,292.8532839,7,4023,3710,0,0,0,0,0,0,10.56386098,77.53700115,10.5571455,6.021548133e-05,0,0,177,98,0.09466235895,0.09466235891,13.75371881
5268,0.671875,0.7421875,556.6044701,181.4455565,7,4031,4023,0,0,0,0,0,0,1.113124632e+12,-4.825066355e-07,16607.02469,6.021548133e-05,0,0,1,0,8.983719982e-13,0,0.8983719982
5269,0.7109375,0.6015625,267.4749518,121.0051957,7,3600,4430,0,0,0,0,0,0,136.8837634,-97.07837133,135.7647198,6.021548133e-05,0,0,26,13,0.007305468341,0.007305468332,7.134134623
5270,0.6953125,0.6015625,311.8234722,80.12665216,7,4430,3680,0,0,0,0,0,0,348.5758399,-121.6479069,341.4097643,6.021548133e-05,0,0,13,7,0.002868816153,0.002868816151,2.679308761
5271,0.6953125,0.6171875,500.2537553,82.86757239,7,4430,3484,0,0,0,0,0,0,7823.661467,-123.6352285,5318.219019,6.021548133e-05,0,0,6,3,0.0001278173914,0.0001278173914,0.2977816007
5272,0.7109375,0.6171875,315.6136377,43.66756928,7,4430,3679,0,0,0,0,0,0,811.5854163,-173.4254748,773.7712121,6.021548133e-05,0,0,18,8,0.001232156197,0.001232156193,1.797418804
5273,0.7109375,0.625,339.6829806,72.31738324,7,3679,4435,0,0,0,0,0,0,29.67569671,-113.3528907,29.62276272,6.021548133e-05,0,0,12,7,0.03369760817,0.03369760817,0.8074694471
5274,0.703125,0.6171875,407.9336965,295.7525622,7,4435,4430,0,0,0,0,0,0,11163.02682,114.8821483,6675.704691,6.021548133e-05,0,0,5,2,8.958143845e-05,8.958143664e-05,0.203031844
5275,0.6953125,0.625,524.3230983,289.2171648,7,4435,3484,0,0,0,0,0,0,30.34281193,114.137134,30.28747347,6.021548133e-05,0,0,10,5,0.03295673461,0.03295673461,0.5391601591
5276,0.7109375,0.6484375,327.7302649,123.5998199,7,3685,4223,0,0,0,0,0,0,4.83019783,-104.3674315,4.828793362,6.021548133e-05,0,0,418,206,0.2070308578,0.2070308577,3.504678644
5277,0.7109375,0.6328125,335.6987421,92.10826439,7,4223,3679,0,0,0,0,0,0,5.267825606,-134.1133365,5.266155157,6.021548133e-05,0,0,127,66,0.1898316449,0.1898316449,3.219479718
5278,0.6953125,0.6328125,520.3388597,-23.03261824,7,4223,3484,0,0,0,0,0,0,50.94655711,-238.663976,50.79074272,6.021548133e-05,0,0,15,9,0.01962841174,0.01962841174,0.5098064793
5279,0.6953125,0.6484375,248.9827541,101.8602129,7,4223,3686,0,0,0,0,0,0,8.297578539,-108.0744267,8.293434785,6.021548133e-05,0,0,395,190,0.1205170876,0.1205170876,13.57747953
5280,0.703125,0.6328125,428.0188009,-25.56766217,7,4435,4223,0,0,0,0,0,0,38.36849035,-215.5666329,38.280049,6.021548133e-05,0,0,17,10,0.02606305307,0.02606305306,0.5487687169
5281,0.0234375,0.5390625,-486.2642579,-486.2642579,7,3861,4368,1,0,0,0,0,1,16359.14769,0,0,0,0,0,40,20,6.112787897e-05,6.112787877e-05,0.4633106483
5282,0.0078125,0.5390625,-586.44582,-586.44582,7,4368,3865,1,0,0,0,0,1,2083.180345,0,0,0,0,0,205,98,0.0004800352511,0.000480035241,5.700235215
5283,0.0078125,0.5546875,-651.5900691,-651.5900691,7,4368,3341,1,1,1,0,0,1,6142.924509,-154.9761939,6070.279602,6.021548133e-05,0,118.8305584,22,22,0.0001627889124,0.0001627889124,2.293285755
5284,0.0234375,0.5546875,-524.0850842,-524.0850842,7,4368,3864,1,1,1,0,0,1,34657.23548,19.62902893,8596.635215,9.874021122e-05,0,117.9127895,9,9,2.885400368e-05,2.885400368e-05,0.4401408797
5285,0,0.5546875,-431.3718532,-431.3718532,7,3341,4426,1,0,0,0,0,1,1448.278578,0,0,0,0,0,29,13,0.0006904748958,0.0006904748932,2.691051292
5286,0.0078125,0.546875,-479.1054474,-662.9955813,7,4426,4368,0,0,0,0,0,0,17221.71923,-86.05045801,8454.393674,6.021548133e-05,0,0,57,31,5.806621202e-05,5.806620522e-05,6.079860137
5287,0,0.5390625,-326.483975,-389.9370741,7,4426,3865,0,0,0,0,0,0,1700.644259,193.5981416,1542.667246,6.021548133e-05,0,0,38,22,0.0005880124515,0.0005880124497,2.094775345
5288,0.6328125,0.6171875,23.69673391,72.70136387,7,3297,4259,0,0,0,0,0,0,491.157454,-100.2541091,477.0486067,6.021548133e-05,0,0,26,12,0.002036006971,0.002036006966,3.079425379
5289,0.6484375,0.6171875,119.6521261,162.2471169,7,4259,3681,0,0,0,0,0,0,24.08380891,-59.89698508,24.04893271,6.021548133e-05,0,0,25,16,0.04152167142,0.04152167141,1.213151946
5290,0.6484375,0.6015625,71.09020174,48.58262727,7,4259,3599,0,0,0,0,0,0,23.80424833,-131.7714286,23.77017653,6.021548133e-05,0,0,30,20,0.04200930801,0.04200930801,0.6777966049
5291,0.6328125,0.6015625,104.5080048,292.9690172,7,4259,3598,0,0,0,0,0,0,56.00815971,124.9358414,55.81990383,6.021548133e-05,0,0,30,16,0.01785454129,0.01785454128,0.3078787989
5292,0.6484375,0.625,143.9330883,66.92757274,7,3681,4265,0,0,0,0,0,0,623.2005162,-179.7324441,600.6599589,6.021548133e-05,0,0,15,7,0.00160461998,0.001604619977,2.669934898
5293,0.640625,0.6171875,71.67443003,139.8000148,7,4265,4259,0,0,0,0,0,0,261.5778485,-61.37066456,257.5216163,6.021548133e-05,0,0,25,14,0.003822953685,0.003822953681,4.241670636
5294,0.6328125,0.625,47.97769611,77.92975987,7,4265,3297,0,0,0,0,0,0,403.2993698,-119.541628,393.7375073,6.021548133e-05,0,0,20,10,0.002479547639,0.002479547635,2.872449012
5295,0.6328125,0.6328125,48.80479804,119.1448692,7,3297,4213,0,0,0,0,0,0,609.901678,-60.37065572,588.2961926,6.021548133e-05,0,0,22,12,0.00163960854,0.001639608538,2.201049313
5296,0.6328125,0.6484375,207.7813744,184.7927274,7,4213,3826,0,0,0,0,0,0,2.03844677,-16.94311131,2.03819659,6.021548133e-05,0,0,637,320,0.4905695918,0.4905695917,5.827098491
5297,0.6484375,0.6484375,146.4143941,100.491922,7,4213,3682,0,0,0,0,0,0,1.717567379,-99.54228954,1.717389759,6.021548133e-05,0,0,642,325,0.5822187895,0.5822187893,8.300404963
5298,0.6484375,0.6328125,144.7601903,222.393567,7,4213,3681,0,0,0,0,0,0,9.172967843,-6.310586828,9.167903909,6.021548133e-05,0,0,161,78,0.1090159714,0.1090159713,34.06289723
5299,0.640625,0.6328125,96.78249415,123.2891,7,4265,4213,0,0,0,0,0,0,349.0004192,-84.44163126,341.8170557,6.021548133e-05,0,0,10,3,0.002865326072,0.002865326067,1.872997827
5300,0.9140625,0.8125,542.1691011,-2.52723906,7,3547,4297,0,0,0,0,0,0,6858.204762,-403.5160771,4853.750804,6.021548133e-05,0,0,2,1,0.0001458107529,0.0001458107529,0.2046339238
5301,0.921875,0.8203125,510.9350006,-61.61807943,7,4297,4293,0,0,0,0,0,0,14.62822075,-457.2695622,14.61534689,6.021548133e-05,0,0,2,1,0.06836101378,0.06836101378,0.3739373743
5302,0.9296875,0.8125,622.7118604,1026.964633,7,4297,3494,0,0,0,0,0,0,26.69433392,619.5568089,26.65149398,6.021548133e-05,0,0,2,1,0.03746113326,0.03746113326,0.2049138395
5303,0.9296875,0.8046875,582.4540864,-372.4050766,7,3494,4045,0,0,0,0,0,0,10953.0178,-748.4356737,6600.027492,6.021548133e-05,0,0,4,1,9.129903906e-05,9.129903788e-05,0.04022315263
5304,0.9296875,0.7890625,321.5308781,-5.615974159,7,4045,3607,0,0,0,0,0,0,3.037644653,-376.509657,3.037089129,6.021548133e-05,0,0,785,379,0.3292024296,0.3292024295,35.18070365
5305,0.9140625,0.7890625,421.395779,209.2063338,7,4045,3546,0,0,0,0,0,0,5.162228319,-140.8085658,5.160624159,6.021548133e-05,0,0,656,332,0.1937147949,0.1937147948,30.7231016
5306,0.9140625,0.8046875,501.9113271,-31.83661108,7,4045,3547,0,0,0,0,0,0,1392.422314,-401.4482223,1284.705679,6.021548133e-05,0,0,2,2,0.0007181729205,0.0007181729205,0.5875803903
5307,0.921875,0.8046875,542.1827067,96.31934793,7,4297,4045,0,0,0,0,0,0,2214.413911,-298.0806272,1953.879687,6.021548133e-05,0,0,2,1,0.0004515867585,0.0004515867577,0.6337664999
5308,0.9453125,0.84375,469.2859569,429.0791215,7,3676,4399,0,0,0,0,0,0,2.444763158e+12,2.900899688e-06,16607.02482,6.021548133e-05,0,0,1,0,4.090375777e-13,0,0.4090375777
5309,0.953125,0.8515625,453.4751313,-16.61371125,7,4399,4101,0,0,0,0,0,0,631.5031058,-440.7995195,608.369102,6.021548133e-05,0,0,4,3,0.001583523487,0.001583523486,0.8110919398
5310,0.9609375,0.84375,433.1451314,410.1750099,7,4399,3544,0,0,0,0,0,0,838.9638652,-6.70660474,798.6187535,6.021548133e-05,0,0,8,4,0.001191946449,0.001191946448,1.060602597
5311,0.953125,0.8359375,495.1222618,124.0572164,7,4399,4100,0,0,0,0,0,0,1604.97829,-285.7367077,1463.535568,6.021548133e-05,0,0,5,1,0.0006230613872,0.0006230613857,0.9416326248
5312,0.1875,0.265625,-86.57837955,-86.57837955,6,3354,3967,1,0,0,0,0,1,49.71435047,0,0,0,0,0,231,116,0.02011491633,0.02011491631,15.6089603
5313,0.171875,0.28125,-113.4451747,-161.8393397,6,3967,3851,0,0,0,0,0,0,11.28949308,-54.29724514,11.26506744,0.000192060352,0,0,238,122,0.08857793643,0.08857793641,1.709728117
5314,0.1875,0.296875,-52.75427788,-82.55781064,6,3967,3328,0,0,0,0,0,0,3.063465926,2.171270842,3.061664534,0.000192060352,0,0,740,378,0.3264276555,0.3264276553,13.02558147
5315,0.234375,0.265625,-9.844095472,-80.99995413,6,3249,3850,0,0,0,0,0,0,4.148527507,-51.73322372,4.145224726,0.000192060352,0,0,76,39,0.241049384,0.241049384,0.7318173324
5316,0.203125,0.265625,-67.47396302,-67.47396302,6,3850,3354,1,0,0,0,0,1,29.41101543,0,0,0,0,0,524,265,0.03400086619,0.03400086616,27.11298415
5317,0.203125,0.296875,-29.53228642,-58.49625045,6,3850,3328,0,0,0,0,0,0,0.7180886643,7.129175518,0.7179896418,0.000192060352,0,0,2152,1084,1.392585693,1.392585692,5.250157458
5318,0.25,0.34375,23.92831827,-7.334307456,5,3285,3381,0,0,0,0,0,0,6.458801822,-11.28434259,6.448569617,0.0002456709918,0,0,673,345,0.1548274785,0.1548274784,2.233079162
5319,0.28125,0.3125,25.28302189,24.38612956,5,3381,3375,0,0,0,0,0,0,0.4181077388,7.650883547,0.4180647965,0.0002456709918,0,0,1154,592,2.391728034,2.391728033,6.665466528
5320,0.25,0.28125,7.976106089,-12.98221227,5,3381,3249,0,0,0,0,0,0,0.5900349288,-6.907302229,0.589949413,0.0002456709918,0,0,910,464,1.694814919,1.694814919,4.139869396
5321,0.21875,0.3125,-11.71208485,-57.22780925,5,3381,3328,0,0,0,0,0,0,0.8352034054,-14.79420365,0.8350320691,0.0002456709918,0,0,1928,963,1.197313126,1.197313126,5.008360975
5322,0.234375,0.296875,-1.867989383,-42.44551322,6,3850,3381,0,0,0,0,0,0,0.6684114096,-18.1912554,0.6683256131,0.000192060352,0,0,1597,800,1.496084575,1.496084575,4.158647246
5323,0.203125,0.28125,-42.91018241,-47.5516687,6,3967,3850,0,0,0,0,0,0,4.307176692,18.99806501,4.303616578,0.000192060352,0,0,829,427,0.2321706471,0.232170647,14.77032976
5324,0.1640625,0.2734375,-143.7906232,-157.670597,7,3851,4383,0,0,0,0,0,0,76.88598627,-38.7219958,76.53166558,6.021548133e-05,0,0,145,79,0.01300627134,0.01300627132,15.69784982
5325,0.1796875,0.2734375,-96.4776223,-99.52267735,7,4383,3967,0,0,0,0,0,0,44.61330984,-2.462781569,44.49378121,6.021548133e-05,0,0,195,100,0.02241483548,0.02241483545,19.4659626
5326,0.1796875,0.2578125,-97.98425032,-97.98425032,7,4383,3354,1,0,0,0,0,1,1940.364822,0,0,0,0,0,34,16,0.0005153670014,0.0005153669997,0.4828619947
5327,0.1640625,0.2578125,-147.912102,-147.912102,7,4383,3966,1,0,0,0,0,1,3890.225488,0,0,0,0,0,6,2,0.0002570545083,0.0002570545081,0.3022583761
5328,0.1640625,0.25,-20.44368126,-200.5139682,7,3966,4388,0,0,0,0,0,0,359.961431,-35.04788995,352.3247046,6.021548133e-05,0,0,17,7,0.00277807541,0.002778075406,2.592415123
5329,0.171875,0.2578125,-126.0202365,-126.0202365,7,4388,4383,1,0,0,0,0,1,3.551238763e+13,0,0,0,0,0,1,0,2.815918801e-14,0,0.02815918801
5330,0.1796875,0.25,-68.73987099,-115.5060729,7,4388,3354,0,0,0,0,0,0,508.1265329,0.03259052759,493.0409186,6.021548133e-05,0,0,23,10,0.001968013743,0.001968013739,1.78175748
5331,0.1640625,0.2265625,-141.3875868,-169.8486655,7,3911,4396,0,0,0,0,0,0,20.72962232,1.94077913,20.70377895,6.021548133e-05,0,0,367,185,0.04824014566,0.04824014562,0.5720817896
5332,0.1640625,0.2421875,-60.75831645,-237.9565755,7,4396,3966,0,0,0,0,0,0,187.8375921,-72.43134265,185.7367734,6.021548133e-05,0,0,76,37,0.005323747971,0.005323747964,6.335473301
5333,0.1796875,0.2421875,-109.0545062,-127.5830985,7,4396,3354,0,0,0,0,0,0,23.77827125,-11.98528052,23.74427372,6.021548133e-05,0,0,198,100,0.04205520197,0.04205520193,33.66396062
5334,0.203125,0.203125,-79.08583533,-136.3301725,6,3323,3912,0,0,0,0,0,0,110.3938606,-41.8527759,108.1018544,0.000192060352,0,0,352,169,0.009058474765,0.009058474752,8.530683759
5335,0.203125,0.234375,-72.80592803,-91.26215466,6,3912,3354,0,0,0,0,0,0,0.8383730364,-14.17078967,0.8382380648,0.000192060352,0,0,1471,737,1.192786453,1.192786452,2.716880636
5336,0.234375,0.234375,-26.36194511,-215.3231853,6,3912,3249,0,0,0,0,0,0,6.48883904,-176.4391313,6.480762398,0.000192060352,0,0,73,39,0.1541107729,0.1541107729,0.3280992237
5337,0.234375,0.203125,47.39585459,-100.4112364,6,3912,3369,0,0,0,0,0,0,22.6148125,-89.98057283,22.51701191,0.000192060352,0,0,15,8,0.0442188057,0.0442188057,0.3900255238
5338,0.1875,0.234375,-96.0279195,-109.3488289,6,3354,3969,0,0,0,0,0,0,1.354709915,-13.15380843,1.35435753,0.000192060352,0,0,1109,571,0.7381654104,0.7381654102,2.083358125
5339,0.203125,0.21875,-75.94588168,-87.16892081,6,3969,3912,0,0,0,0,0,0,1.432578895,-1.384539994,1.432184841,0.000192060352,0,0,1249,631,0.6980418345,0.6980418344,1.797324875
5340,0.1875,0.203125,-102.3078268,-111.4978002,6,3969,3323,0,0,0,0,0,0,13.90523108,2.083251966,13.86819407,0.000192060352,0,0,596,287,0.07191538167,0.07191538159,45.1556857
5341,0.171875,0.21875,-40.88349364,-40.88349364,6,3969,3911,1,1,1,0,0,1,14.34509664,111.5027429,14.3056827,0.000192060352,0,67.91163855,395,395,0.06971023095,0.06971023095,1.170653918
5342,0.1796875,0.2265625,-112.1944598,-125.2106256,7,4396,3969,0,0,0,0,0,0,12.87520339,-0.9197917453,12.86522915,6.021548133e-05,0,0,301,157,0.07766867596,0.07766867592,1.197334809
5343,0.171875,0.2421875,-84.90641132,-172.8274185,7,4388,4396,0,0,0,0,0,0,332.4021606,-29.1929417,325.8794373,6.021548133e-05,0,0,18,6,0.003008404031,0.003008404025,2.710799267
5344,0.6484375,0.7734375,221.0333885,124.0987847,7,3612,4027,0,0,0,0,0,0,78.00731615,-137.943928,77.64260955,6.021548133e-05,0,0,10,5,0.01281931041,0.01281931041,1.052403512
5345,0.6484375,0.7578125,102.973087,42.71351034,7,4027,3707,0,0,0,0,0,0,123.770493,-146.3508983,122.854868,6.021548133e-05,0,0,6,3,0.00807947012,0.008079470118,0.5470028828
5346,0.6328125,0.7578125,184.5418114,260.9846276,7,4027,3302,0,0,0,0,0,0,1.731891143e+12,2.551618877e-06,16607.02478,6.021548133e-05,0,0,3,0,5.774034957e-13,0,0.5774034957
5347,0.625,0.765625,194.2613717,91.40933641,6,3302,3962,0,0,0,0,0,0,17.66799007,-144.8583049,17.60823968,0.000192060352,0,0,13,4,0.05659953372,0.05659953372,1.76057878
5348,0.609375,0.78125,219.7721465,191.3899755,6,3962,3774,0,0,0,0,0,0,15.78429302,-43.71043804,15.73658698,0.000192060352,0,0,174,81,0.06335412038,0.06335412035,3.65665544
5349,0.625,0.796875,250.1920694,25.03701872,6,3962,3461,0,0,0,0,0,0,18.66620529,-197.4079388,18.59952529,0.000192060352,0,0,231,116,0.0535727527,0.05357275266,17.47689787
5350,0.640625,0.78125,230.7529488,86.57863187,6,3962,3612,0,0,0,0,0,0,95.78846281,-150.7470971,94.05806106,0.000192060352,0,0,71,41,0.01043967061,0.0104396706,4.116375549
5351,0.6328125,0.7734375,212.5071603,78.41943012,7,4027,3962,0,0,0,0,0,0,108.1923453,-175.6538531,107.4920502,6.021548133e-05,0,0,7,2,0.009242798071,0.009242798069,1.081074699
5352,0.6328125,0.75,125.5116607,125.5116607,7,3302,4029,0,0,0,0,0,0,1e+300,0,1e+300,0,0,0,0,0,0,0,0
5353,0.640625,0.7578125,143.7574492,143.7574492,7,4029,4027,0,0,0,0,0,0,1e+300,0,1e+300,0,0,0,0,0,0,0,0
5354,0.6484375,0.75,43.94293628,135.2986564,7,4029,3707,0,0,0,0,0,0,1.183229571e+12,-2.195189182e-06,16607.0247,6.021548133e-05,0,0,1,0,8.451445304e-13,0,0.8451445304
5355,0.640625,0.7421875,135.4869536,208.1875917,7,4029,4022,0,0,0,0,0,0,4.466383114e+12,-9.98639905e-07,16607.02488,6.021548133e-05,0,0,1,0,2.238948103e-13,0,0.2238948103
5356,0.0234375,0.7734375,-51.16550668,78.3169626,7,3791,4713,0,0,0,0,0,0,131.1525767,-46.22883963,130.124926,6.021548133e-05,0,0,56,32,0.007624707234,0.007624707227,9.177638789
5357,0.0234375,0.7578125,18.35820671,81.79795257,7,4713,3934,0,0,0,0,0,0,141.7381347,-10.93468623,140.5386611,6.021548133e-05,0,0,46,26,0.007055264287,0.00705526428,9.141919581
5358,0.0078125,0.7578125,-168.197485,107.4126248,7,4713,3253,0,0,0,0,0,0,14141.16827,119.4656802,7637.610851,6.021548133e-05,0,0,3,2,7.071551523e-05,7.071551522e-05,0.1513754746
5359,0.0078125,0.7734375,392.47589,392.47589,7,4713,3795,1,1,1,0,0,1,26299.6411,91.37409708,7381.10102,9.874021122e-05,0,117.6920605,4,4,3.802333257e-05,3.802333257e-05,0.511045802
5360,0.0078125,0.75,-133.4356283,-174.2698831,7,3253,4807,0,0,0,0,0,0,717.0205446,-67.19312015,687.3439623,6.021548133e-05,0,0,2,2,0.001394660177,0.001394660177,0.9566028722
5361,0.015625,0.7578125,-74.91963916,193.1980842,7,4807,4713,0,0,0,0,0,0,1916.789558,43.41130502,1718.445841,6.021548133e-05,0,0,7,2,0.0005217056802,0.000521705677,0.73219005
5362,0.0234375,0.75,53.1200634,-5.011203747,7,4807,3934,0,0,0,0,0,0,268.1822125,-2.720135015,263.9202382,6.021548133e-05,0,0,28,12,0.003728808077,0.00372880807,5.85580769
5363,0.015625,0.7421875,-114.3786333,78.28416331,7,4807,4750,0,0,0,0,0,0,385.2655404,3.204384285,376.5304298,6.021548133e-05,0,0,23,12,0.002595612364,0.00259561236,4.190087502
5364,0.9140625,0.6015625,290.923572,96.21646057,7,3584,4189,0,0,0,0,0,0,340.5615693,-158.0312119,333.7179882,6.021548133e-05,0,0,13,8,0.002936326615,0.002936326612,2.769293731
5365,0.9140625,0.6171875,326.1410915,97.99325519,7,4189,3590,0,0,0,0,0,0,244.5570044,-159.8604942,241.0078938,6.021548133e-05,0,0,18,9,0.004089026206,0.004089026204,2.865729795
5366,0.9296875,0.6171875,431.064329,54.99924631,7,4189,3523,0,0,0,0,0,0,368.612051,-192.6493381,360.6079423,6.021548133e-05,0,0,16,8,0.002712879292,0.00271287929,2.014376767
5367,0.9296875,0.6015625,138.8209544,120.7477032,7,4189,3589,0,0,0,0,0,0,641.6836685,-100.0505461,617.8118564,6.021548133e-05,0,0,13,7,0.001558400267,0.001558400264,1.551924533
5368,0.9296875,0.625,448.6730888,139.1077989,7,3523,4551,0,0,0,0,0,0,1016.797855,-105.3860934,958.1341993,6.021548133e-05,0,0,16,9,0.0009834796511,0.0009834796495,1.430917643
5369,0.921875,0.6171875,378.6027103,97.55107758,7,4551,4189,0,0,0,0,0,0,438.0156379,-150.2423587,426.7597128,6.021548133e-05,0,0,16,6,0.002283023512,0.002283023508,1.111079164
5370,0.9140625,0.625,343.7498513,90.16318165,7,4551,3590,0,0,0,0,0,0,121.3814769,-164.5358756,120.5007318,6.021548133e-05,0,0,12,5,0.008238489309,0.008238489307,1.223613686
5371,0.9140625,0.6484375,298.3099174,70.52297948,7,3529,4345,0,0,0,0,0,0,1.695996802,-191.5423914,1.695823615,6.021548133e-05,0,0,692,341,0.5896237534,0.5896237532,48.50544862
5372,0.9296875,0.6484375,319.123897,422.0864352,7,4345,3591,0,0,0,0,0,0,6.892566497,135.6400795,6.889706999,6.021548133e-05,0,0,479,239,0.1450838378,0.1450838378,17.54253278
5373,0.9296875,0.6328125,433.5264442,163.4289991,7,4345,3523,0,0,0,0,0,0,70.32513469,-86.8254848,70.0285873,6.021548133e-05,0,0,33,18,0.01421966704,0.01421966703,2.980732409
5374,0.9140625,0.6328125,328.6032067,-19.63986817,7,4345,3590,0,0,0,0,0,0,218.8839353,-280.0995171,216.0365303,6.021548133e-05,0,0,5,3,0.00456863131,0.00456863131,0.5114056303
5375,0.921875,0.6328125,381.0648254,294.8919761,7,4551,4345,0,0,0,0,0,0,659.6536623,44.49264038,634.4523503,6.021548133e-05,0,0,12,8,0.001515947015,0.001515947014,0.7560790216
5376,0.8828125,0.6171875,190.2332718,-8.155751275,7,3300,4188,0,0,0,0,0,0,1212.480635,-243.9242662,1129.98063,6.021548133e-05,0,0,4,3,0.0008247554406,0.0008247554399,0.4592100562
5377,0.8984375,0.6171875,245.8640725,329.6234455,7,4188,3590,0,0,0,0,0,0,879.8450649,75.72971923,835.5760026,6.021548133e-05,0,0,12,8,0.001136563743,0.001136563743,1.159157111
5378,0.8984375,0.6015625,210.6465529,90.78668533,7,4188,3584,0,0,0,0,0,0,187.7293701,-159.500964,185.6309579,6.021548133e-05,0,0,21,10,0.005326817001,0.005326816997,3.003370064
5379,0.8828125,0.6015625,218.38167,332.3251023,7,4188,3857,0,0,0,0,0,0,636.3686803,100.2113588,612.8834484,6.021548133e-05,0,0,13,4,0.001571416116,0.001571416114,0.6856606329
5380,0.8984375,0.625,263.4728323,90.50717986,7,3590,4553,0,0,0,0,0,0,366.8532113,-181.7925271,358.9244824,6.021548133e-05,0,0,9,5,0.002725885911,0.002725885909,1.31999389
5381,0.890625,0.6171875,218.0486722,66.26915167,7,4553,4188,0,0,0,0,0,0,433.4436899,-195.1649111,422.4185569,6.021548133e-05,0,0,6,5,0.00230710476,0.002307104759,2.098011157
5382,0.8828125,0.625,207.8420316,146.9827162,7,4553,3300,0,0,0,0,0,0,508.0333822,-107.1917794,492.9532164,6.021548133e-05,0,0,8,6,0.001968374589,0.001968374589,1.232567468
5383,0.8828125,0.6328125,192.695387,-112.9687248,7,3300,4342,0,0,0,0,0,0,2502.135785,-367.9532962,2174.508446,6.021548133e-05,0,0,7,4,0.000399658566,0.0003996585651,0.367091929
5384,0.8828125,0.6484375,220.5649346,401.235346,7,4342,3618,0,0,0,0,0,0,57.1850993,147.9278493,56.98886224,6.021548133e-05,0,0,90,41,0.0174870729,0.01748707288,4.699673165
5385,0.8984375,0.6484375,218.0328984,4.661615002,7,4342,3529,0,0,0,0,0,0,20.05253314,-270.0538897,20.02834945,6.021548133e-05,0,0,247,127,0.04986901121,0.04986901118,12.7223906
5386,0.8984375,0.6328125,248.3261876,66.31626493,7,4342,3590,0,0,0,0,0,0,481.5502519,-206.7935178,467.9803291,6.021548133e-05,0,0,11,5,0.002076626471,0.002076626469,0.9585801814
5387,0.890625,0.6328125,220.5107873,125.0374008,7,4553,4342,0,0,0,0,0,0,536.9174103,-155.6127185,520.1021236,6.021548133e-05,0,0,11,6,0.00186248384,0.001862483838,0.887154611
5388,0.9609375,0.7265625,379.4121132,301.3817249,7,3531,4078,0,0,0,0,0,0,18.10951699,0.137121572,18.08979056,6.021548133e-05,0,0,112,59,0.0552195843,0.05521958427,15.25728332
5389,0.9453125,0.7265625,410.297416,-104.0650674,7,4078,3605,0,0,0,0,0,0,24.64009202,-394.3989106,24.60358731,6.021548133e-05,0,0,193,98,0.04058426402,0.040584264,8.697666924
5390,0.9453125,0.7421875,603.1945827,-428.5798003,7,4078,3510,0,0,0,0,0,0,20965.07199,-729.2092801,9266.650035,6.021548133e-05,0,0,6,3,4.769838141e-05,4.76983812e-05,0.02704387311
5391,0.9609375,0.7421875,361.6878539,-36.96093656,7,4078,3604,0,0,0,0,0,0,685.128327,-333.8458603,657.9830191,6.021548133e-05,0,0,11,6,0.001459580579,0.001459580577,1.091232518
5392,0.9375,0.7421875,618.6372341,533.2629451,7,3510,4125,0,0,0,0,0,0,1810.217079,218.8193845,1632.292183,6.021548133e-05,0,0,3,2,0.0005524199343,0.0005524199337,0.6949761499
5393,0.9453125,0.734375,506.7459994,58.66526619,7,4125,4078,0,0,0,0,0,0,5.803992482,-210.125154,5.801964752,6.021548133e-05,0,0,90,45,0.1722951922,0.1722951921,11.90499418
5394,0.9375,0.7265625,425.7400674,-245.6473572,7,4125,3605,0,0,0,0,0,0,23.04220884,-549.7952813,23.01028213,6.021548133e-05,0,0,183,91,0.04339861716,0.04339861715,3.559661736
5395,0.9140625,0.7265625,393.493199,73.67741457,7,3530,4131,0,0,0,0,0,0,0.9300276942,-245.0439277,0.9299756136,6.021548133e-05,0,0,1249,641,1.075236798,1.075236798,78.28111122
5396,0.9140625,0.7421875,407.8003395,348.770366,7,4131,3606,0,0,0,0,0,0,8.359510693e+12,-2.016295127e-06,16607.0249,6.021548133e-05,0,0,2,0,1.196242264e-13,0,0.1196242264
5397,0.9296875,0.7421875,607.888278,-142.2741961,7,4131,3510,0,0,0,0,0,0,12818.47656,-479.742618,7234.430989,6.021548133e-05,0,0,3,1,7.801239056e-05,7.801239056e-05,0.1393223206
5398,0.9296875,0.7265625,414.9911113,148.8695917,7,4131,3605,0,0,0,0,0,0,0.8882209932,-178.3031936,0.8881734896,6.021548133e-05,0,0,1197,624,1.125845941,1.125845941,91.12300877
5399,0.9296875,0.734375,511.4396946,114.9779966,7,4125,4131,0,0,0,0,0,0,6.922778316,-190.6513657,6.9198937,6.021548133e-05,0,0,96,48,0.1444506749,0.1444506749,15.59228394
5400,0.0625,0.515625,-329.504549,-329.504549,6,3356,3971,1,0,0,0,0,1,11.38417738,0,0,0,0,0,35,17,0.08784121742,0.08784121741,1.373426409
5401,0.046875,0.53125,-540.790865,-440.7442203,6,3971,3861,0,0,0,0,0,0,8.985641878,-82.81454074,8.970161304,0.000192060352,0,0,149,71,0.1112886551,0.1112886551,0.3848154441
5402,0.0625,0.546875,-299.4271801,-394.4133455,6,3971,3337,0,0,0,0,0,0,317.9454475,-78.8973693,299.6475551,0.000192060352,0,0,89,41,0.003145193642,0.003145193639,3.157773951
5403,0.078125,0.53125,-237.2358341,-326.969584,6,3971,3860,0,0,0,0,0,0,288.3451155,-67.60055597,273.2145835,0.000192060352,0,0,87,40,0.003468066377,0.003468066371,5.20018118
5404,0.0546875,0.5546875,-405.9458896,-365.7508775,7,3337,4365,0,0,0,0,0,0,235.5959701,-25.52303229,232.3004342,6.021548133e-05,0,0,43,18,0.004244554776,0.004244554769,4.194815821
5405,0.0546875,0.5390625,-420.1090225,-417.1231786,7,4365,3971,0,0,0,0,0,0,46.18295349,-69.9074655,46.05487816,6.021548133e-05,0,0,131,60,0.021653011,0.02165301098,10.24528339
5406,0.0390625,0.5390625,-647.3095745,-387.8142525,7,4365,3861,0,0,0,0,0,0,89.20220783,-5.172703902,88.72563106,6.021548133e-05,0,0,129,58,0.01121048486,0.01121048484,7.132011535
5407,0.0390625,0.5546875,-501.1846892,-430.3402528,7,4365,3864,0,0,0,0,0,0,239.2022426,-43.47153803,235.8057722,6.021548133e-05,0,0,26,13,0.004180562812,0.004180562808,3.416557127
5408,0.03125,0.5546875,-548.804089,-454.5842018,7,3864,4369,0,0,0,0,0,0,519.280118,-2.037272774,503.535225,6.021548133e-05,0,0,11,7,0.001925742899,0.001925742898,2.127303196
5409,0.0390625,0.546875,-574.2471318,-450.929468,7,4369,4365,0,0,0,0,0,0,185.9606639,-13.3236715,183.9013893,6.021548133e-05,0,0,27,13,0.005377481339,0.005377481334,4.047389753
5410,0.03125,0.5390625,-694.9289743,-467.5672339,7,4369,3861,0,0,0,0,0,0,391.0444042,-19.24747101,382.0483399,6.021548133e-05,0,0,25,10,0.00255725434,0.002557254334,3.007842774
5411,0.0234375,0.546875,-609.8988809,-487.0667992,7,4369,4368,0,0,0,0,0,0,18698.39047,53.49271679,8795.382613,6.021548133e-05,0,0,30,17,5.348053896e-05,5.348053476e-05,1.052686214
5412,0.5703125,0.5546875,159.5742645,96.33768348,7,3433,4310,0,0,0,0,0,0,2814.107991,-102.20444,2406.345797,6.021548133e-05,0,0,5,3,0.0003553523898,0.0003553523897,0.4693514984
5413,0.5859375,0.5546875,181.0226679,-37.9797072,7,4310,3597,0,0,0,0,0,0,4814.153776,-206.7032224,3732.230279,6.021548133e-05,0,0,8,4,0.0002077208262,0.0002077208259,0.2422981058
5414,0.5859375,0.5390625,141.0361977,85.86088657,7,4310,3595,0,0,0,0,0,0,1169.278966,-99.18246344,1092.366841,6.021548133e-05,0,0,8,4,0.0008552279049,0.0008552279028,1.094041117
5415,0.5625,0.515625,169.4594192,89.22707706,6,3458,3737,0,0,0,0,0,0,2.527291165,-89.39399144,2.526065032,0.000192060352,0,0,1962,987,0.3956805666,0.3956805664,28.91379383
5416,0.546875,0.53125,158.0893276,-20.93123787,6,3737,3592,0,0,0,0,0,0,2467.273178,-235.8902808,1674.015316,0.000192060352,0,0,17,8,0.0004053057475,0.0004053057452,0.3660294592
5417,0.5625,0.546875,169.0486717,6.625615178,6,3737,3433,0,0,0,0,0,0,589.9965951,-238.0737429,529.9458102,0.000192060352,0,0,32,17,0.001694925036,0.001694925034,1.445820218
5418,0.578125,0.53125,150.5106049,82.29793953,6,3737,3595,0,0,0,0,0,0,586.535109,-148.902645,527.1514272,0.000192060352,0,0,11,2,0.001704927778,0.001704927777,0.08409670288
5419,0.5703125,0.5390625,159.7796383,292.3305582,7,4310,3737,0,0,0,0,0,0,149539.6885,70.55194809,14947.08673,6.021548133e-05,0,0,4,2,6.687187931e-06,6.687187099e-06,0.0117839891
5420,0.8984375,0.6640625,346.382423,64.14234768,7,3529,4343,0,0,0,0,0,0,117.0282639,-209.1715292,116.2093467,6.021548133e-05,0,0,37,19,0.008544944331,0.008544944324,2.77304727
5421,0.8828125,0.6640625,348.9144592,443.6107676,7,4343,3618,0,0,0,0,0,0,337.5604855,191.7048988,330.8357957,6.021548133e-05,0,0,22,12,0.002962432047,0.002962432044,0.8513501302
5422,0.8828125,0.6796875,577.7439607,-298.2715362,7,4343,3511,0,0,0,0,0,0,11273.71592,-583.4133245,6715.132943,6.021548133e-05,0,0,11,2,8.870189805e-05,8.870189742e-05,0.04269043726
5423,0.8984375,0.6796875,388.5108383,75.39201014,7,4343,3617,0,0,0,0,0,0,405.8196833,-220.6281441,396.1393729,6.021548133e-05,0,0,29,14,0.002464148589,0.002464148587,1.573996139
5424,0.875,0.6796875,579.0099788,256.8752017,7,3511,4346,0,0,0,0,0,0,5.771101822e+13,2.93413791e-07,16607.02493,6.021548133e-05,0,0,1,0,1.732771368e-14,0,0.01732771368
5425,0.8828125,0.671875,463.3292099,83.91070615,7,4346,4343,0,0,0,0,0,0,7984.302989,-166.4796464,5391.962534,6.021548133e-05,0,0,3,1,0.000125245748,0.0001252457473,0.2838632114
5426,0.875,0.6640625,350.1804773,74.03704962,7,4346,3618,0,0,0,0,0,0,328.9363589,-149.6022323,322.5476381,6.021548133e-05,0,0,10,5,0.003040101749,0.003040101747,2.561335263
5427,0.859375,0.6875,574.3277951,148.2727994,6,3511,3623,0,0,0,0,0,0,239.52595,-129.3416495,228.9915513,0.000192060352,0,0,12,7,0.00417491299,0.004174912988,2.056362185
5428,0.84375,0.671875,335.4526256,6.490888166,6,3623,3621,0,0,0,0,0,0,2184.766669,-254.5644677,1538.99395,0.000192060352,0,0,12,4,0.0004577147821,0.0004577147812,0.5422024361
5429,0.828125,0.6875,336.1339262,-310.0641727,6,3623,3486,0,0,0,0,0,0,180.6260275,-559.6542451,174.5700024,0.000192060352,0,0,36,14,0.005536300686,0.00553630068,0.1032757634
5430,0.84375,0.703125,321.1875179,-132.8302727,6,3623,3620,0,0,0,0,0,0,1424.914012,-418.0882262,1118.747074,0.000192060352,0,0,17,6,0.0007017967341,0.0007017967307,0.3700967559
5431,0.8515625,0.6640625,335.1119753,240.4083227,7,3621,4327,0,0,0,0,0,0,4446.307518,-15.88701382,3507.280379,6.021548133e-05,0,0,8,4,0.0002249057214,0.0002249057201,0.2634678304
5432,0.8515625,0.6796875,454.8902103,221.9167966,7,4327,3623,0,0,0,0,0,0,528.3933004,-36.92544462,512.0995936,6.021548133e-05,0,0,11,6,0.001892529673,0.001892529672,2.020217063
5433,0.8671875,0.6796875,573.9871448,177.9672067,7,4327,3511,0,0,0,0,0,0,766.6922054,-94.88722281,732.8585167,6.021548133e-05,0,0,6,4,0.001304304378,0.001304304377,1.613193754
5434,0.8671875,0.6640625,345.1576433,30.66735024,7,4327,3618,0,0,0,0,0,0,428.9599293,-208.9511598,418.1588737,6.021548133e-05,0,0,11,6,0.002331220078,0.002331220077,1.565775298
5435,0.8671875,0.671875,459.572394,131.397228,7,4346,4327,0,0,0,0,0,0,450.3037114,-106.7057658,438.4159512,6.021548133e-05,0,0,8,4,0.002220723424,0.002220723423,1.502290541
5436,0.9765625,0.9140625,467.0540395,467.0540395,7,3638,4403,0,0,0,0,0,0,1e+300,-2.3293504e-05,83517.0488,0,0,0,0,0,0,0,0
5437,0.9765625,0.9296875,469.4586507,352.1236329,7,4403,3664,0,0,0,0,0,0,10.15276134,-94.09735312,10.1465582,6.021548133e-05,0,0,225,103,0.09849537155,0.09849537151,11.35548942
5438,0.9921875,0.9296875,465.8230796,181.3227218,7,4403,3528,0,0,0,0,0,0,3.966842966,-277.424265,3.965895651,6.021548133e-05,0,0,195,94,0.2520896361,0.2520896361,10.14546689
5439,0.9921875,0.9140625,419.3689257,374.5758788,7,4403,3665,0,0,0,0,0,0,10.00286772,-62.96534989,9.996846346,6.021548133e-05,0,0,41,24,0.09997133101,0.099971331,1.75177031
5440,0.96875,0.9296875,471.2764362,45.74565987,7,3664,4407,0,0,0,0,0,0,6.147512135,-406.7464298,6.145237319,6.021548133e-05,0,0,146,74,0.16266743,0.16266743,17.36340073
5441,0.9765625,0.921875,468.2563451,842.5460335,7,4407,4403,0,0,0,0,0,0,39.55319683,387.0995707,39.45921624,6.021548133e-05,0,0,70,33,0.02528240648,0.02528240647,3.991402834
5442,0.96875,0.9140625,468.871825,468.871825,7,4407,3638,0,0,0,0,0,0,1e+300,0,1e+300,0,0,0,0,0,0,0,0
5443,0.9609375,0.921875,366.2432541,176.2122545,7,4407,4402,0,0,0,0,0,0,12.80257259,-269.9848149,12.79271052,6.021548133e-05,0,0,76,41,0.07810930132,0.0781093013,5.244795802
5444,0.7578125,0.7421875,53.9399323,537.9330901,7,3251,4164,0,0,0,0,0,0,57.78769852,230.7228155,57.58731115,6.021548133e-05,0,0,39,15,0.017304721,0.01730472098,7.845129406
5445,0.7734375,0.7421875,132.7667664,132.7667664,7,4164,3633,0,0,0,0,0,0,1e+300,360.859448,67.27662752,0,0,0,0,0,0,0,0
5446,0.7734375,0.7265625,161.8197969,87.40025555,7,4164,3619,0,0,0,0,0,0,36.40359506,-215.7614616,36.32397074,6.021548133e-05,0,0,135,59,0.0274698144,0.02746981438,8.413761217
5447,0.75,0.703125,429.0960702,-4.057038597,6,3485,3693,0,0,0,0,0,0,101.557856,-303.3887437,99.61484477,0.000192060352,0,0,17,8,0.009846604089,0.009846604085,1.016864993
5448,0.734375,0.71875,240.6416195,3.393391091,6,3693,3684,0,0,0,0,0,0,51.74891939,-269.6203003,51.23965281,0.000192060352,0,0,111,60,0.01932407501,0.019324075,2.795017326
5449,0.75,0.734375,143.0320234,-423.4794739,6,3693,3251,0,0,0,0,0,0,9315.959189,-702.0652942,3339.979568,0.000192060352,0,0,63,25,0.0001073426772,0.0001073426771,0.09038702374
5450,0.765625,0.71875,250.911888,21.40722816,6,3693,3619,0,0,0,0,0,0,42.17712955,-253.1300347,41.8382168,0.000192060352,0,0,107,50,0.02370953193,0.02370953192,3.097662805
5451,0.7578125,0.7265625,196.9719557,228.3679362,7,4164,3693,0,0,0,0,0,0,21.90440848,-83.80871477,21.87555496,6.021548133e-05,0,0,138,62,0.04565291051,0.04565291047,13.10024526
5452,0.7734375,0.75,118.2402511,243.8832445,7,3633,4459,0,0,0,0,0,0,4.444872218e+12,-1.034619885e-06,16607.02487,6.021548133e-05,0,0,1,0,2.24978346e-13,0,0.224978346
5453,0.765625,0.7421875,93.35334934,93.35334934,7,4459,4164,0,0,0,0,0,0,1e+300,0,1e+300,0,0,0,0,0,0,0,0
5454,0.7578125,0.75,39.41341704,39.41341704,7,4459,3251,0,0,0,0,0,0,1e+300,0,1e+300,0,0,0,0,0,0,0,0
5455,0.7578125,0.7578125,50.06021443,209.0392926,7,3251,4001,0,0,0,0,0,0,199.4145108,-86.96468243,197.0483851,6.021548133e-05,0,0,5,5,0.005014680207,0.005014680207,1.18227022
5456,0.7578125,0.7734375,345.8415126,90.79381387,7,4001,3610,0,0,0,0,0,0,106.9813364,-228.4658128,106.2965809,6.021548133e-05,0,0,7,6,0.009347424832,0.009347424831,2.003311335
5457,0.7734375,0.7734375,150.1806433,143.2540081,7,4001,3536,0,0,0,0,0,0,135.6359457,-175.5208913,134.5371293,6.021548133e-05,0,0,8,4,0.007372676875,0.007372676873,0.781504834
5458,0.7734375,0.7578125,128.8870485,2.99481101,7,4001,3633,0,0,0,0,0,0,238.5383248,-273.1850318,235.1605492,6.021548133e-05,0,0,8,4,0.004192198469,0.004192198468,0.4907638191
5459,0.765625,0.7578125,89.47363147,286.0919072,7,4459,4001,0,0,0,0,0,0,1.180895796e+12,-1.781072626e-06,16607.0247,6.021548133e-05,0,0,1,0,8.468147686e-13,0,0.8468147686
5460,0.6015625,0.5859375,183.9857509,100.7464829,7,3594,4373,0,0,0,0,0,0,1.245500243,-82.33849156,1.245406839,6.021548133e-05,0,0,793,411,0.8028902489,0.8028902487,11.95670257
5461,0.6171875,0.5859375,222.5861973,225.4369608,7,4373,3598,0,0,0,0,0,0,24.95872973,60.325956,24.9212755,6.021548133e-05,0,0,293,149,0.04006614162,0.04006614161,1.074330849
5462,0.6171875,0.5703125,383.1139547,7.761397699,7,4373,3459,0,0,0,0,0,0,257.9227986,-137.7324076,253.9782758,6.021548133e-05,0,0,24,12,0.003877129147,0.003877129146,0.6578877257
5463,0.6015625,0.5703125,247.6449788,95.6884498,7,4373,3597,0,0,0,0,0,0,1.435935472,-70.62958878,1.435811324,6.021548133e-05,0,0,622,323,0.6964101238,0.6964101238,3.067956727
5464,0.625,0.5703125,402.4141779,111.1963756,7,3459,4374,0,0,0,0,0,0,44.85801261,-51.61525336,44.73717094,6.021548133e-05,0,0,25,10,0.02229256139,0.02229256139,3.129798627
5465,0.6171875,0.578125,302.850076,121.1662308,7,4374,4373,0,0,0,0,0,0,17.52106179,-66.9620153,17.50259587,6.021548133e-05,0,0,119,59,0.05707416661,0.05707416659,5.400425352
5466,0.625,0.5859375,241.8864205,94.73992988,7,4374,3598,0,0,0,0,0,0,9.414436472,-87.68889854,9.409102501,6.021548133e-05,0,0,294,146,0.1062198468,0.1062198468,12.16762281
5467,0.6484375,0.5859375,191.7597159,102.4550572,7,3599,4262,0,0,0,0,0,0,3.554766988,-88.3030021,3.554006246,6.021548133e-05,0,0,253,126,0.2813123908,0.2813123907,2.553827684
5468,0.6484375,0.5703125,267.4790895,103.3333845,7,4262,3603,0,0,0,0,0,0,26.86221447,-91.52202034,26.81883444,6.021548133e-05,0,0,128,61,0.03722701273,0.03722701272,4.782922615
5469,0.6328125,0.5703125,385.7052764,-5.510651787,7,4262,3459,0,0,0,0,0,0,210.5185047,-164.3306316,207.883278,6.021548133e-05,0,0,22,7,0.004750176243,0.004750176241,0.5233636735
5470,0.6328125,0.5859375,225.177519,49.11696325,7,4262,3598,0,0,0,0,0,0,5.2241498,-129.320216,5.222506931,6.021548133e-05,0,0,330,167,0.191418707,0.191418707,1.736753257
5471,0.6328125,0.578125,305.4413977,66.96594547,7,4374,4262,0,0,0,0,0,0,8.923686923,-134.488475,8.918894408,6.021548133e-05,0,0,200,97,0.1120613048,0.1120613047,5.905468329
5472,0.6640625,0.6015625,225.250991,95.56829927,7,3599,4260,0,0,0,0,0,0,36.02851662,-92.64981567,35.95052288,6.021548133e-05,0,0,48,24,0.02775579163,0.02775579162,1.442879919
5473,0.6640625,0.6171875,273.8129154,246.8862031,7,4260,3681,0,0,0,0,0,0,80.44347945,16.87804207,80.05569424,6.021548133e-05,0,0,24,14,0.01243108835,0.01243108834,0.9271774271
5474,0.6796875,0.6171875,486.1791017,486.1791017,7,4260,3484,0,0,0,0,0,0,1e+300,79.21865022,999.215388,0,0,0,0,0,0,0,0
5475,0.6796875,0.6015625,297.7488186,116.9268298,7,4260,3680,0,0,0,0,0,0,164.0941514,-74.89257865,162.4886002,6.021548133e-05,0,0,33,16,0.006094062412,0.006094062403,5.844921802
5476,0.6796875,0.625,510.4600639,54.95942924,7,3484,4263,0,0,0,0,0,0,653.3407141,-256.2328449,628.6104102,6.021548133e-05,0,0,4,3,0.001530594954,0.001530594953,1.09735617
5477,0.671875,0.6171875,379.9960086,364.5962555,7,4263,4260,0,0,0,0,0,0,696.2663111,57.56874901,668.2492842,6.021548133e-05,0,0,6,4,0.001436232062,0.001436232062,0.9738422063
5478,0.6640625,0.625,298.0938776,641.3349936,7,4263,3681,0,0,0,0,0,0,10.55426443,296.6822087,10.54756114,6.021548133e-05,0,0,11,6,0.09474843148,0.09474843148,0.5747494324
5479,0.6640625,0.6484375,300.5751834,108.1404304,7,3682,4216,0,0,0,0,0,0,1.908947684,-126.442612,1.908728279,6.021548133e-05,0,0,666,339,0.5238488243,0.5238488241,9.27636651
5480,0.6796875,0.6484375,239.9310603,156.5695685,7,4216,3686,0,0,0,0,0,0,3.515632427,-67.52618718,3.51488834,6.021548133e-05,0,0,588,296,0.2844438436,0.2844438434,14.16500347
5481,0.6796875,0.6328125,511.2871659,-114.9637671,7,4216,3484,0,0,0,0,0,0,140.2830925,-344.7562409,139.1080173,6.021548133e-05,0,0,10,6,0.007128442794,0.007128442792,0.1263011961
5482,0.6640625,0.6328125,298.9209795,294.1911201,7,4216,3681,0,0,0,0,0,0,5.917456314,30.93813542,5.915348542,6.021548133e-05,0,0,130,65,0.1689915306,0.1689915306,2.309375885
5483,0.671875,0.6328125,405.1040727,-2.235954423,7,4263,4216,0,0,0,0,0,0,20.68943616,-342.5082845,20.66369282,6.021548133e-05,0,0,9,5,0.04833384498,0.04833384498,0.2970956083
5484,0.6015625,0.4140625,292.5130454,159.8425112,7,3581,4106,0,0,0,0,0,0,2.031265819e+18,-6.32752517e-10,16607.02494,6.021548133e-05,0,0,1,0,4.923038583e-19,0,4.923038583e-07
5485,0.6015625,0.4296875,265.0404598,119.9901925,7,4106,3583,0,0,0,0,0,0,6.264520487e+12,-8.182314559e-07,16607.02489,6.021548133e-05,0,0,3,0,1.596291372e-13,0,0.1596291372
5486,0.6171875,0.4296875,735.1655468,83.24848717,7,4106,3457,0,0,0,0,0,0,109685.9076,-108.1487441,14423.26634,6.021548133e-05,0,0,3,1,9.116941473e-06,9.116941451e-06,0.006983186073
5487,0.625,0.421875,717.3688481,717.3688481,6,3457,3578,0,0,0,0,0,0,1e+300,0,1e+300,0,0,0,0,0,0,0,0
5488,0.640625,0.40625,267.8627986,267.8627986,6,3578,3572,0,0,0,0,0,0,1e+300,0,1e+300,0,0,0,0,0,0,0,0
5489,0.625,0.390625,239.1229494,239.1229494,6,3578,3292,0,0,0,0,0,0,1e+300,0,1e+300,0,0,0,0,0,0,0,0
5490,0.609375,0.40625,274.7163467,274.7163467,6,3578,3581,0,0,0,0,0,0,1e+300,0,1e+300,0,0,0,0,0,0,0,0
5491,0.6171875,0.4140625,496.0425974,496.0425974,7,4106,3578,0,0,0,0,0,0,1e+300,0,1e+300,0,0,0,0,0,0,0,0
5492,0.6171875,0.4375,721.429254,312.5196297,7,3457,4109,0,0,0,0,0,0,1161.944685,105.462672,1085.963045,6.021548133e-05,0,0,5,2,0.0008606261666,0.0008606261664,0.6811237867
5493,0.609375,0.4296875,500.1030033,69.03810928,7,4109,4106,0,0,0,0,0,0,3846.820284,-122.2414883,3123.336453,6.021548133e-05,0,0,5,1,0.0002599549566,0.0002599549548,0.1991143463
5494,0.6015625,0.4375,251.304167,53.74360033,7,4109,3583,0,0,0,0,0,0,84.88925933,-81.90631937,84.45754213,6.021548133e-05,0,0,29,17,0.01178005331,0.0117800533,2.157752247
5495,0.6015625,0.4609375,317.9828208,87.62633277,7,3580,4043,0,0,0,0,0,0,1138.10461,-90.47873164,1065.110941,6.021548133e-05,0,0,9,3,0.0008786538526,0.000878653851,1.751808543
5496,0.6171875,0.4609375,325.4528479,177.4223601,7,4043,3576,0,0,0,0,0,0,4.879992493e+11,-2.15719183e-06,16607.02437,6.021548133e-05,0,0,3,0,2.04918348e-12,0,2.04918348
5497,0.6171875,0.4453125,743.6554719,83.69824825,7,4043,3457,0,0,0,0,0,0,148121.9376,-114.022389,14932.80036,6.021548133e-05,0,0,3,1,6.751194429e-06,6.751194078e-06,0.006983186766
5498,0.6015625,0.4453125,273.5303849,38.3148386,7,4043,3583,0,0,0,0,0,0,99.33289445,-87.99876075,98.74227955,6.021548133e-05,0,0,32,19,0.01006715857,0.01006715857,3.237574681
5499,0.609375,0.4453125,508.5929284,149.8087842,7,4109,4043,0,0,0,0,0,0,67.18931634,-47.79421946,66.9185747,6.021548133e-05,0,0,29,18,0.01488331858,0.01488331857,3.371404218
5500,0.0234375,0.6484375,-308.2575631,-295.363534,7,3833,4965,0,0,0,0,0,0,5.235892416,-29.04374919,5.234242155,6.021548133e-05,0,0,694,339,0.1909894094,0.1909894093,1.079787501
5501,0.0234375,0.6328125,-273.5345828,-273.5345828,7,4965,3922,1,0,0,0,0,1,121.0966172,0,0,0,0,0,215,114,0.008257868987,0.008257868975,9.639796699
5502,0.0078125,0.6328125,-193.5779104,-193.5779104,7,4965,3278,1,1,1,0,0,1,123.7095833,101.397154,155.322692,6.021548133e-05,0,71.08285529,39,39,0.008083448134,0.008083448134,6.538153133
5503,0,0.671875,242.9823038,242.9823038,6,3339,3838,1,1,1,0,0,1,1062.494712,129.1454323,882.4244366,0.000192060352,0,19.28579145,31,31,0.0009411811549,0.0009411811549,2.376036975
5504,0.015625,0.65625,-139.652832,-139.652832,6,3838,3833,1,0,0,0,0,1,3.634185794,0,0,0,0,0,1134,572,0.275164798,0.2751647979,2.261880063
5505,0,0.640625,-29.64284974,-29.64284974,6,3838,3278,1,1,1,0,0,1,81.7708054,105.5790562,77.24753091,9.523871863e-05,0,123.6950306,49,49,0.01222930354,0.01222930354,0.1239308069
5506,0.0078125,0.6484375,-158.2641915,-158.2641915,7,4965,3838,1,0,0,0,0,1,24.25416291,0,0,0,0,0,223,120,0.04123003559,0.04123003558,0.7135711477
5507,0.0078125,0.625,-145.3447668,-145.3447668,7,3278,4967,1,1,1,0,0,1,401.6851659,156.8299615,392.1987924,6.021548133e-05,0,64.46623952,11,11,0.002489511898,0.002489511898,1.501730057
5508,0.015625,0.6328125,-283.5130041,-283.5130041,7,4967,4965,1,0,0,0,0,1,125.9559895,0,0,0,0,0,67,39,0.007939281044,0.00793928104,8.400784544
5509,0.0234375,0.625,-257.2780885,-287.3137024,7,4967,3922,0,0,0,0,0,0,270.2253794,-15.18597968,265.8987412,6.021548133e-05,0,0,44,18,0.003700614658,0.003700614653,3.544772484
5510,0.0234375,0.6015625,-324.0904384,-324.0904384,7,3862,4360,1,0,0,0,0,1,98.79141111,0,0,0,0,0,326,154,0.01012233745,0.01012233742,15.35747944
5511,0.0078125,0.6015625,-371.1138713,-371.1138713,7,4360,3863,1,1,1,0,0,1,88.28895107,-259.1516227,108.7796604,6.021548133e-05,0,37.26681486,181,181,0.01132644558,0.01132644558,22.11391945
5512,0.0078125,0.6171875,-270.5840904,-270.5840904,7,4360,3278,1,1,1,0,0,1,218.8239276,56.94077918,215.9780732,6.021548133e-05,0,85.082754,22,22,0.004569884157,0.004569884157,5.63186818
5513,0.0234375,0.6171875,-297.4936449,-297.4936449,7,4360,3922,1,0,0,0,0,1,208.381754,0,0,0,0,0,79,40,0.004798884648,0.00479888464,8.101482562
5514,0.015625,0.6171875,-317.915465,-317.915465,7,4967,4360,1,1,1,0,0,1,686.1701925,-10.45554231,658.943902,6.021548133e-05,0,63.56110658,20,20,0.001457364384,0.001457364384,3.105270546
5515,0.0234375,0.4765625,-695.9570254,-482.1186879,7,3716,4507,0,0,0,0,0,0,976.7680052,199.233889,922.5091921,6.021548133e-05,0,0,2,2,0.001023784557,0.001023784557,1.651557204
5516,0.0078125,0.4765625,-352.7628589,-673.5378685,7,4507,3750,0,0,0,0,0,0,724.5238447,183.2461196,694.2360263,6.021548133e-05,0,0,10,4,0.001380216824,0.00138021682,2.068986143
5517,0.0078125,0.4921875,-336.9893602,-59.77005171,7,4507,3245,0,0,0,0,0,0,1444.565713,758.916216,1328.965369,6.021548133e-05,0,0,11,5,0.0006922495743,0.0006922495723,0.8559406568
5518,0.0234375,0.4921875,-483.0298324,-347.9983983,7,4507,3970,0,0,0,0,0,0,6591.646283,317.0190228,4718.702772,6.021548133e-05,0,0,5,3,0.0001517071695,0.0001517071695,0.255268228
5519,0.0078125,0.46875,-360.6496083,-455.8790629,7,3750,4510,0,0,0,0,0,0,4997.199886,449.4202855,3841.314548,6.021548133e-05,0,0,5,1,0.0002001120673,0.0002001120656,0.4066463329
5520,0.015625,0.4765625,-524.3599422,-303.9913055,7,4510,4507,0,0,0,0,0,0,5801.995672,494.5434771,4299.781257,6.021548133e-05,0,0,3,1,0.0001723544891,0.0001723544884,0.3502403508
5521,0.0234375,0.46875,-703.8437748,-703.8437748,7,4510,3716,0,0,0,0,0,0,1e+300,0,1e+300,0,0,0,0,0,0,0,0
5522,0.0234375,0.4609375,-711.7305242,-711.7305242,7,3716,4506,0,0,0,0,0,0,1e+300,-109.2737324,13.9513918,0,0,0,0,0,0,0,0
5523,0.0234375,0.4453125,-642.8613919,66.27031589,7,4506,3751,0,0,0,0,0,0,319.1504834,829.1017116,313.1327607,6.021548133e-05,0,0,20,8,0.003133318143,0.003133318142,0.2477102029
5524,0.0078125,0.4453125,-384.3098564,-424.6630554,7,4506,3332,0,0,0,0,0,0,21.17407846,508.3163733,21.14711573,6.021548133e-05,0,0,24,13,0.04722755713,0.04722755712,0.3262821349
5525,0.0078125,0.4609375,-368.5363577,-3201.0812,7,4506,3750,0,0,0,0,0,0,205.0826723,-2306.199492,202.5809691,6.021548133e-05,0,0,15,6,0.004876082357,0.004876082355,0.03811152604
5526,0.015625,0.4609375,-540.1334409,-836.6324976,7,4510,4506,0,0,0,0,0,0,1.172798005e+12,5.402426495e-06,16607.0247,6.021548133e-05,0,0,2,0,8.526617508e-13,0,0.8526617508
5527,0.015625,0.375,-496.5758657,-1325.314852,6,3269,3718,0,0,0,0,0,0,1016.292074,-459.0291846,850.3188384,0.000192060352,0,0,5,4,0.0009839691029,0.0009839691029,0.06342748852
5528,0.03125,0.390625,-561.2836937,-558.7918245,6,3718,3715,0,0,0,0,0,0,640.4528844,161.364102,570.3024818,0.000192060352,0,0,4,1,0.001561395107,0.001561395105,0.6828119223
5529,0.046875,0.375,-922.3405623,-399.2630234,6,3718,3333,0,0,0,0,0,0,29.07507695,223.5756661,28.9136184,0.000192060352,0,0,9,2,0.03439371809,0.03439371809,0.9561713301
5530,0.03125,0.359375,-446.8107021,25.75586511,6,3718,3551,0,0,0,0,0,0,325.7495149,791.5586178,306.5694376,0.000192060352,0,0,6,2,0.003069843405,0.003069843404,0.1170468461
5531,0.0234375,0.3984375,-380.7552595,-380.7552595,7,3715,4533,0,0,0,0,0,0,1e+300,0,1e+300,0,0,0,0,0,0,0,0
5532,0.0234375,0.3828125,-528.9297797,-729.3076655,7,4533,3718,0,0,0,0,0,0,107569.2052,76.61072794,14386.04209,6.021548133e-05,0,0,4,3,9.296340879e-06,9.296340714e-06,0.01039122072
5533,0.0078125,0.3828125,-316.0474315,-76.02997093,7,4533,3269,0,0,0,0,0,0,767.3580983,851.6119117,733.4669121,6.021548133e-05,0,0,7,5,0.001303172537,0.001303172536,0.8766561474
5534,0,0.421875,-236.3730213,-126.4053719,6,3332,3752,0,0,0,0,0,0,1985.696969,900.4049132,1437.479973,0.000192060352,0,0,7,4,0.000503601514,0.0005036015136,0.4529381118
5535,0.015625,0.40625,-332.6278467,-563.3321247,6,3752,3715,0,0,0,0,0,0,10428.94512,291.4810003,3472.857381,0.000192060352,0,0,2,1,9.588697504e-05,9.588697498e-05,0.2260121081
5536,0,0.390625,-267.9200188,-73.87815952,6,3752,3269,0,0,0,0,0,0,10541.0956,927.0647069,3485.205202,0.000192060352,0,0,3,2,9.486679925e-05,9.486679922e-05,0.05288930598
5537,0.0078125,0.3984375,-300.2739327,-643.2939622,7,4533,3752,0,0,0,0,0,0,558.0139584,297.2816298,539.8736221,6.021548133e-05,0,0,3,2,0.001792069867,0.001792069866,0.9997127096
5538,0.1640625,0.5234375,10.67192131,-108.3563039,7,3645,4177,0,0,0,0,0,0,10762.0403,-45.54740186,6530.200068,6.021548133e-05,0,0,1,1,9.291918371e-05,9.291918371e-05,0.202800237
5539,0.1796875,0.5234375,109.4836144,109.4836144,7,4177,3805,0,0,0,0,0,0,1e+300,0,1e+300,0,0,0,0,0,0,0,0
5540,0.1796875,0.5078125,38.89096986,-14.12877869,7,4177,3358,0,0,0,0,0,0,1.087773772e+12,-4.066180725e-07,16607.02468,6.021548133e-05,0,0,1,0,9.19308799e-13,0,0.919308799
5541,0.140625,0.5,-105.2395057,-105.2395057,6,3282,3804,1,0,0,0,0,1,1009.042554,0,0,0,0,0,3,2,0.0009910384815,0.0009910384814,0.0288572145
5542,0.15625,0.515625,-74.03024748,-89.99754903,6,3804,3645,0,0,0,0,0,0,305749.8689,11.75327694,5119.515097,0.000192060352,0,0,2,1,3.270647355e-06,3.270647321e-06,0.007138332895
5543,0.171875,0.5,-45.81119893,-48.07877254,6,3804,3358,0,0,0,0,0,0,3468.54329,4.991929673,2081.746778,0.000192060352,0,0,2,1,0.000288305469,0.0002883054689,0.06029424651
5544,0.15625,0.484375,-124.2889889,-124.2889889,6,3804,3808,1,0,0,0,0,1,6.355327695e+12,0,0,0,0,0,1,0,1.573482986e-13,0,0.1573482986
5545,0.1640625,0.5078125,-59.9207232,19.89156063,7,4177,3804,0,0,0,0,0,0,3235.129154,60.1003744,2707.663205,6.021548133e-05,0,0,2,1,0.00030910667,0.0003091066697,0.6746390088
5546,0.9765625,0.9765625,385.1697645,385.1697645,7,3637,4087,0,0,0,0,0,0,1e+300,0,1e+300,0,0,0,0,0,0,0,0
5547,0.9765625,0.9921875,150.9874597,150.9874597,7,4087,3639,0,0,0,0,0,0,1e+300,45.17180153,7.750748049,0,0,0,38,18,0,0,0
5548,0.9921875,0.9921875,482.2281919,482.2281919,7,4087,3243,1,0,0,0,0,1,1e+300,0,0,0,0,0,37,23,0,0,0
5549,0.984375,0.96875,373.0817429,-182.4560113,6,3666,3637,0,0,0,0,0,0,23.45495886,-669.27602,23.34977355,0.000192060352,0,0,6,2,0.04263490744,0.04263490744,0.2743441354
5550,1,0.953125,348.9056998,3942.333873,6,3666,3528,0,0,0,0,0,0,808.5978125,3472.157568,699.9031473,0.000192060352,0,0,6,2,0.001236708762,0.001236708762,0.007956981483
5551,1,0.984375,473.9040889,473.9040889,6,3243,3666,1,0,0,0,0,1,1.279418691e+12,0,0,0,0,0,1,0,7.81604964e-13,0,0.781604964
5552,0.9921875,0.9765625,244.6918214,244.6918214,7,4087,3666,0,0,0,0,0,0,1e+300,-2.630950462e-07,10127.58616,0,0,0,1,0,0,0,0
5553,0.9921875,1,464.6478893,464.6478893,7,3243,4315,1,1,1,0,0,1,1315.410388,-50.13891616,1218.866327,6.021548133e-05,0,90.12521782,23,23,0.0007602190232,0.0007602190232,4.011136074
5554,0.984375,0.9921875,139.6886906,1262.894183,7,4315,4087,0,0,0,0,0,0,52.30307651,740.9803667,52.13886749,6.021548133e-05,0,0,38,18,0.01911933421,0.0191193342,2.940871221
5555,0.9765625,1,33.89630731,38.63046219,7,4315,3639,0,0,0,0,0,0,43.86378069,-470.8319789,43.74822942,6.021548133e-05,0,0,38,18,0.02279785245,0.02279785244,4.795963116
5556,0.15625,0.2421875,-36.61022159,-174.8021186,7,3966,4397,0,0,0,0,0,0,41.80725764,-5.803606816,41.70227449,6.021548133e-05,0,0,218,103,0.02391929192,0.02391929188,25.39177165
5557,0.1640625,0.234375,-101.0729516,-183.4996559,7,4397,4396,0,0,0,0,0,0,19.38076742,-36.33274565,19.358176,6.021548133e-05,0,0,258,129,0.05159754401,0.05159754396,33.72928662
5558,0.15625,0.2265625,-117.239492,-235.1768351,7,4397,3911,0,0,0,0,0,0,10.9903685,-59.91411154,10.98309999,6.021548133e-05,0,0,572,281,0.09098875982,0.09098875972,59.52750977
5559,0.125,0.234375,-410.0221308,-433.7252546,6,3270,4389,0,0,0,0,0,0,591.663731,-190.1413876,531.2904626,0.000192060352,0,0,56,21,0.001690149231,0.001690149228,1.249110531
5560,0.140625,0.21875,-259.8345437,-401.8947376,6,4389,3911,0,0,0,0,0,0,3.530974755,-179.1856619,3.528581811,0.000192060352,0,0,1003,497,0.2832079155,0.2832079154,1.480268295
5561,0.125,0.203125,-314.2077898,-269.0171807,6,4389,3355,0,0,0,0,0,0,1.091809274e+13,-3.69132465e-07,5206.696693,0.000192060352,0,0,3,0,9.159108862e-14,0,0.09159108862
5562,0.078125,0.203125,-148.4246862,-148.4246862,6,3322,3558,0,0,0,0,0,0,1e+300,0,1e+300,0,0,0,0,0,0,0,0
5563,0.078125,0.234375,-262.9070115,-539.4241801,6,3558,3352,0,0,0,0,0,0,1.001478906e+14,-1.842238362e-08,5206.696695,0.000192060352,0,0,1,0,9.985232783e-15,0,0.009985232783
5564,0.109375,0.234375,-354.7610963,-345.9246834,6,3558,3270,0,0,0,0,0,0,3.69950635e+12,-2.559516474e-07,5206.696688,0.000192060352,0,0,2,0,2.703063342e-13,0,0.2703063342
5565,0.109375,0.203125,-258.9467552,-258.9467552,6,3558,3355,0,0,0,0,0,0,1e+300,2.250114335e-07,83517.05488,0,0,0,0,0,0,0,0
5566,0.109375,0.21875,-306.8539258,-347.8737097,6,4389,3558,0,0,0,0,0,0,9.691134324e+13,-6.751139381e-08,5206.696695,0.000192060352,0,0,1,0,1.031870952e-14,0,0.01031870952
5567,0.1484375,0.2265625,-232.6479207,-264.5936208,7,3911,4395,0,0,0,0,0,0,1.453637169,-59.81589559,1.453509941,6.021548133e-05,0,0,920,460,0.6879295752,0.687929575,3.01319553
5568,0.1328125,0.2265625,-334.9283373,-249.4748795,7,4395,4389,0,0,0,0,0,0,1.18299983,-21.87333662,1.182915565,6.021548133e-05,0,0,597,297,0.8453086594,0.8453086593,3.713872982
5569,0.1328125,0.2421875,-382.8355078,-263.8329909,7,4395,3270,0,0,0,0,0,0,91.19808765,-38.18047449,90.70000523,6.021548133e-05,0,0,168,80,0.01096514221,0.01096514219,11.29046793
5570,0.1484375,0.2421875,-152.0186503,-313.7726182,7,4395,3966,0,0,0,0,0,0,62.44177471,-115.2591048,62.20787549,6.021548133e-05,0,0,267,130,0.01601491957,0.01601491955,15.23478845
5571,0.1484375,0.234375,-192.3332855,-197.1634006,7,4397,4395,0,0,0,0,0,0,14.2553107,-17.0082098,14.24308458,6.021548133e-05,0,0,532,255,0.07014929529,0.07014929518,49.70685525
5572,0.03125,0.4453125,-772.1371596,-7.05482814,7,3751,4529,0,0,0,0,0,0,60.55247097,663.1303702,60.33248688,6.021548133e-05,0,0,12,6,0.01651460269,0.01651460269,0.2246498015
5573,0.0234375,0.453125,-677.295958,-576.8859337,7,4529,4506,0,0,0,0,0,0,14.20311753,156.682732,14.19098072,6.021548133e-05,0,0,7,4,0.07040707776,0.07040707776,0.9722548053
5574,0.03125,0.4609375,-841.0062919,-626.804101,7,4529,3716,0,0,0,0,0,0,5.111203244e+12,-1.018936132e-06,16607.02488,6.021548133e-05,0,0,1,0,1.956486472e-13,0,0.1956486472
5575,0.0546875,0.4453125,-625.7538366,-464.6780515,7,3330,4505,0,0,0,0,0,0,9.399329934,5.423048816,9.394013062,6.021548133e-05,0,0,14,7,0.1063905626,0.1063905626,0.9531161328
5576,0.0390625,0.4453125,-723.3427186,-47.97942266,7,4505,3751,0,0,0,0,0,0,58.0921167,570.100546,57.88961623,6.021548133e-05,0,0,12,7,0.01721403965,0.01721403964,0.207205502
5577,0.0390625,0.4609375,-792.2118509,-549.3854414,7,4505,3716,0,0,0,0,0,0,250.1431222,25.31342887,246.4312543,6.021548133e-05,0,0,11,6,0.003997711355,0.003997711353,1.313293032
5578,0.0625,0.484375,-392.0686416,-347.4823507,6,3356,3973,0,0,0,0,0,0,221144.937,5.749882121,5086.92866,0.000192060352,0,0,1,1,4.521921295e-06,4.521921295e-06,0.00783831124
5579,0.078125,0.46875,-252.8718338,-349.426367,6,3973,3717,0,0,0,0,0,0,1147.090121,-37.68181842,939.9985421,0.000192060352,0,0,3,2,0.0008717710852,0.0008717710843,0.9487524028
5580,0.0625,0.453125,-492.3727668,-284.7410371,6,3973,3330,0,0,0,0,0,0,133.5597959,101.9965017,130.2194659,0.000192060352,0,0,9,5,0.007487283077,0.007487283077,0.08684868462
5581,0.046875,0.46875,-658.8307811,-426.2565481,6,3973,3716,0,0,0,0,0,0,202.2705278,65.0787606,194.7065392,0.000192060352,0,0,18,12,0.004943873983,0.004943873981,1.867698845
5582,0.0546875,0.4609375,-575.601774,-668.9935739,7,4505,3973,0,0,0,0,0,0,45.75162284,-215.6451265,45.62592542,6.021548133e-05,0,0,16,9,0.02185714818,0.02185714818,0.1290675704
5583,0.0390625,0.453125,-757.7772848,-315.691861,7,4529,4505,0,0,0,0,0,0,15.07227524,273.1253777,15.05860829,6.021548133e-05,0,0,6,2,0.0663469837,0.0663469837,0.8705387538
5584,0.0625,0.765625,-72.31430858,-54.44799373,6,3360,3935,0,0,0,0,0,0,10.09047718,51.31152553,10.07095986,0.000192060352,0,0,150,76,0.09910334087,0.09910334085,1.441999534
5585,0.046875,0.78125,-28.4644905,-73.09829033,6,3935,3791,0,0,0,0,0,0,91.92484084,-28.05165875,90.33005316,0.000192060352,0,0,79,37,0.01087845234,0.01087845233,0.9261325862
5586,0.0625,0.796875,-56.24461844,-83.18250595,6,3935,3343,0,0,0,0,0,0,9.094298244,-0.1932634249,9.078441347,0.000192060352,0,0,255,131,0.1099590065,0.1099590065,1.099346306
5587,0.078125,0.796875,-70.14435001,-91.5009373,6,3343,3790,0,0,0,0,0,0,4.237025859,-20.37439901,4.233580721,0.000192060352,0,0,507,249,0.2360146087,0.2360146086,2.012959946
5588,0.109375,0.796875,-129.0193237,-145.6766345,6,3790,3361,0,0,0,0,0,0,16.44963587,-22.88831242,16.39782983,0.000192060352,0,0,348,171,0.0607916192,0.06079161916,3.99882459
5589,0.109375,0.765625,-114.0135033,-71.19726154,6,3790,3277,0,0,0,0,0,0,25.58843584,-1.025854979,25.46329586,0.000192060352,0,0,203,115,0.03908015348,0.03908015345,4.984918135
5590,0.078125,0.765625,-86.21404015,-167.8009676,6,3790,3360,0,0,0,0,0,0,40.04450571,-73.90415255,39.73887554,0.000192060352,0,0,228,123,0.02497221484,0.02497221482,7.169247252
5591,0.078125,0.78125,-78.17919508,-132.3949725,6,3935,3790,0,0,0,0,0,0,5.48138416,-49.88329585,5.475619665,0.000192060352,0,0,286,134,0.1824356715,0.1824356714,2.000582332
5592,0.0390625,0.7734375,-14.57442654,-27.93838683,7,3791,4712,0,0,0,0,0,0,31.09364474,-1.863060708,31.03553633,6.021548133e-05,0,0,71,30,0.03216091289,0.03216091288,1.453596411
5593,0.0546875,0.7734375,-50.38939954,-80.78529125,7,4712,3935,0,0,0,0,0,0,29.4514984,-5.382215827,29.39936051,6.021548133e-05,0,0,112,58,0.03395412982,0.0339541298,1.859424485
5594,0.0546875,0.7578125,-58.42424461,-101.548057,7,4712,3360,0,0,0,0,0,0,24.59060309,-14.75984316,24.55424476,6.021548133e-05,0,0,115,66,0.04066594041,0.0406659404,1.331353157
5595,0.0390625,0.7578125,54.94928685,-46.98863837,7,4712,3934,0,0,0,0,0,0,225.5058812,10.89985118,222.4847727,6.021548133e-05,0,0,38,18,0.004434474146,0.004434474137,5.984932178
5596,0.0390625,0.75,89.71114354,-30.52770488,7,3934,4809,0,0,0,0,0,0,783.370667,46.01643406,748.082821,6.021548133e-05,0,0,12,3,0.001276534905,0.001276534901,2.53021688
5597,0.046875,0.7578125,-1.737478882,-122.9612182,7,4809,4712,0,0,0,0,0,0,149.4762039,-47.87379884,148.1428029,6.021548133e-05,0,0,46,24,0.006690028071,0.006690028063,9.668383018
5598,0.0546875,0.75,-23.66238792,-148.4389409,7,4809,3360,0,0,0,0,0,0,75.40978574,-42.9950777,75.06891009,6.021548133e-05,0,0,90,49,0.01326087841,0.0132608784,14.04247202
5599,0.0390625,0.7265625,-132.951409,-184.0267067,7,3834,4751,0,0,0,0,0,0,9.552883671,-68.61088961,9.54739171,6.021548133e-05,0,0,237,116,0.1046804331,0.1046804331,2.938959244
5600,0.0390625,0.7421875,15.49029268,-97.3936011,7,4751,3934,0,0,0,0,0,0,283.7517037,-9.724947894,278.9848992,6.021548133e-05,0,0,61,26,0.003524207915,0.003524207904,5.933310602
5601,0.0546875,0.7421875,-97.88323878,-145.2924827,7,4751,3360,0,0,0,0,0,0,19.57927883,-28.72410523,19.55622252,6.021548133e-05,0,0,373,184,0.05107440416,0.05107440408,61.34332384
5602,0.078125,0.703125,-152.2885617,-229.2405421,6,3338,3835,0,0,0,0,0,0,40.86681862,-81.95206257,40.54855723,0.000192060352,0,0,414,197,0.02446972957,0.02446972954,2.624080261
5603,0.078125,0.734375,-113.595444,-185.050304,6,3835,3360,0,0,0,0,0,0,3.492217857,-65.7661752,3.489877139,0.000192060352,0,0,1022,519,0.2863509784,0.2863509782,2.27215957
5604,0.109375,0.734375,-141.3949072,-121.1271395,6,3835,3277,0,0,0,0,0,0,5.132862354,-25.56841915,5.127807262,0.000192060352,0,0,822,407,0.1948230697,0.1948230695,3.633869944
5605,0.109375,0.703125,-141.9064286,-158.3364255,6,3835,3363,0,0,0,0,0,0,15.53360615,-35.56748306,15.48740119,0.000192060352,0,0,325,161,0.06437655175,0.06437655173,2.173490116
5606,0.0625,0.734375,-99.69571247,-162.6062739,6,3360,3937,0,0,0,0,0,0,2.373428721,-31.4594409,2.372347306,0.000192060352,0,0,743,375,0.4213313807,0.4213313806,2.366618608
5607,0.078125,0.71875,-132.9420029,-182.2425877,6,3937,3835,0,0,0,0,0,0,2.365347286,-48.9562835,2.364273222,0.000192060352,0,0,694,349,0.4227708995,0.4227708994,3.195109284
5608,0.0625,0.703125,-138.3888301,-161.2425101,6,3937,3338,0,0,0,0,0,0,10.23629945,-2.091326364,10.2162145,0.000192060352,0,0,586,277,0.09769155396,0.09769155383,7.922583173
5609,0.046875,0.71875,-134.7638827,-203.0914856,6,3937,3834,0,0,0,0,0,0,7.606960949,-73.09721293,7.595863426,0.000192060352,0,0,494,237,0.1314585426,0.1314585425,3.142668326
5610,0.0546875,0.7265625,-117.2297976,-200.7009825,7,4751,3937,0,0,0,0,0,0,7.115129373,-70.13042969,7.112082266,6.021548133e-05,0,0,507,248,0.1405455822,0.1405455821,4.945567163
5611,0.046875,0.7421875,-41.19647305,-123.9945098,7,4809,4751,0,0,0,0,0,0,80.34353589,-19.12692678,79.95671134,6.021548133e-05,0,0,56,28,0.01244655203,0.01244655202,8.158400078
5612,0.125,0.421875,-169.4061047,-169.4061047,6,3359,4514,1,0,0,0,0,1,321.5187466,0,0,0,0,0,68,33,0.003110238549,0.003110238544,2.641700226
5613,0.140625,0.40625,-88.89854744,-108.4286575,6,4514,3807,0,0,0,0,0,0,671.1828516,29.384357,594.5418765,0.000192060352,0,0,15,9,0.001489906957,0.001489906956,0.8953748582
5614,0.125,0.390625,-98.63969859,-377.35986,6,4514,3266,0,0,0,0,0,0,10.27051583,-216.5435386,10.25029652,0.000192060352,0,0,60,35,0.09736609306,0.09736609305,0.3737421258
5615,0.109375,0.40625,-440.6492085,-591.7760059,6,4514,3714,0,0,0,0,0,0,3.50505934,-211.6364224,3.502701381,0.000192060352,0,0,11,7,0.2853018745,0.2853018745,1.008714119
5616,0.1328125,0.3828125,-73.8821882,-340.3287554,7,3266,4762,0,0,0,0,0,0,8.506425831,-155.6408412,8.502070913,6.021548133e-05,0,0,92,46,0.1175581872,0.1175581872,0.9480751205
5617,0.1328125,0.3984375,-93.76912302,-121.8902647,7,4762,4514,0,0,0,0,0,0,37.83391123,67.09180607,37.74791441,6.021548133e-05,0,0,54,30,0.02643131433,0.02643131432,1.174147786
5618,0.1484375,0.3984375,-64.14103705,-310.7286003,7,4762,3807,0,0,0,0,0,0,2859.128736,-149.043993,2439.188707,6.021548133e-05,0,0,6,2,0.0003497568988,0.0003497568979,0.5108158185
5619,0.1484375,0.3828125,-289.4367086,-336.2877458,7,4762,3916,0,0,0,0,0,0,2.838528304,-120.0584512,2.838043216,6.021548133e-05,0,0,43,18,0.3522952365,0.3522952365,1.220377383
5620,0.15625,0.3828125,-397.2139688,-397.2139688,7,3916,4766,0,0,0,0,0,0,1e+300,0,1e+300,0,0,0,0,0,0,0,0
5621,0.1484375,0.390625,-176.7888728,-188.9569511,7,4766,4762,0,0,0,0,0,0,2.787480899e+12,-1.971908148e-07,16607.02484,6.021548133e-05,0,0,1,0,3.587468529e-13,0,0.3587468529
5622,0.15625,0.3984375,-171.9182972,-137.7878948,7,4766,3807,0,0,0,0,0,0,1.920539412e+12,-1.001291139e-07,16607.02479,6.021548133e-05,0,0,1,0,5.206870495e-13,0,0.5206870495
5623,0.1875,0.390625,-140.9883985,-60.04702052,6,3382,3917,0,0,0,0,0,0,682.5548765,18.22094999,603.4478535,0.000192060352,0,0,17,7,0.001465083665,0.001465083662,2.469027474
5624,0.171875,0.40625,-83.26272345,-66.76069485,6,3917,3807,0,0,0,0,0,0,7288.944542,25.33789375,3037.164939,0.000192060352,0,0,4,2,0.0001371940744,0.0001371940742,0.2816492137
5625,0.1875,0.421875,-73.5215723,-74.0390106,6,3917,3331,0,0,0,0,0,0,514.6771095,-4.943728896,468.378347,0.000192060352,0,0,21,11,0.001942965758,0.001942965754,3.153678087
5626,0.203125,0.421875,-21.86501329,-45.85439239,6,3331,3810,0,0,0,0,0,0,0.8881109557,0.2866836553,0.8879594957,0.000192060352,0,0,646,335,1.125985434,1.125985434,4.21997068
5627,0.234375,0.421875,5.799283742,-1.499232996,6,3810,3379,0,0,0,0,0,0,2.656220848,3.270674902,2.654866455,0.000192060352,0,0,1066,545,0.3764747201,0.3764747199,3.930988666
5628,0.234375,0.390625,13.98127847,-47.89686935,6,3810,3285,0,0,0,0,0,0,1.803689502,-38.49151582,1.803064889,0.000192060352,0,0,1058,544,0.5544191498,0.5544191496,3.129599374
5629,0.203125,0.390625,-89.33183954,-106.9109474,6,3810,3382,0,0,0,0,0,0,0.9224089938,-51.59718258,0.9222456105,0.000192060352,0,0,630,329,1.08411779,1.08411779,3.072394125
5630,0.203125,0.40625,-55.59842642,-1.752742752,6,3917,3810,0,0,0,0,0,0,277.0811087,48.9746777,263.080917,0.000192060352,0,0,34,17,0.003609051532,0.003609051525,5.411697474
5631,0.1640625,0.3984375,-88.13329902,-15.94626651,7,3807,4765,0,0,0,0,0,0,12511.23802,87.65397553,7135.536968,6.021548133e-05,0,0,4,2,7.992814129e-05,7.992814107e-05,0.1677529194
5632,0.1796875,0.3984375,-112.125561,-23.62594415,7,4765,3917,0,0,0,0,0,0,1313.44374,61.5573354,1217.177593,6.021548133e-05,0,0,8,3,0.0007613573158,0.0007613573132,1.448395276
5633,0.1796875,0.3828125,-145.8589741,-149.3179207,7,4765,3382,0,0,0,0,0,0,51103.74135,-59.5482967,12533.91674,6.021548133e-05,0,0,4,1,1.956803893e-05,1.956803799e-05,0.03295073232
5634,0.1640625,0.3828125,-313.4289706,-313.4289706,7,4765,3916,0,0,0,0,0,0,1e+300,0,1e+300,0,0,0,0,0,0,0,0
5635,0.1640625,0.390625,-200.7811348,-200.7811348,7,4766,4765,0,0,0,0,0,0,1e+300,0,1e+300,0,0,0,0,0,0,0,0
5636,0.5390625,0.5390625,152.4042817,70.54370915,7,3592,4304,0,0,0,0,0,0,949.8227602,-93.55787869,898.4374949,6.021548133e-05,0,0,38,20,0.001052828003,0.001052828,1.078477087
5637,0.5390625,0.5546875,175.6929334,20.02680966,7,4304,3668,0,0,0,0,0,0,1.930291802,-103.9179227,1.930067464,6.021548133e-05,0,0,54,30,0.5180563887,0.5180563887,3.903400976
5638,0.5546875,0.5546875,163.3636259,85.56003551,7,4304,3433,0,0,0,0,0,0,4.376337557,-108.2818674,4.375184594,6.021548133e-05,0,0,51,28,0.2285015694,0.2285015694,2.269149102
5639,0.5546875,0.5390625,163.5689996,130.1355247,7,4304,3737,0,0,0,0,0,0,241.5149532,-86.94286494,238.0529634,6.021548133e-05,0,0,35,18,0.004140530376,0.004140530376,4.000612854
5640,0,0.7734375,688.5950582,688.5950582,7,3795,4720,0,0,0,0,0,0,1e+300,-49.41204174,1045.479836,0,0,0,0,0,0,0,0
5641,0.0078125,0.765625,136.9053591,190.9071424,7,4720,4713,0,0,0,0,0,0,5336.335359,-10.65129916,4038.609091,6.021548133e-05,0,0,6,4,0.0001873945194,0.0001873945186,0.3811074984
5642,0,0.7578125,78.38936994,99.10011894,7,4720,3253,0,0,0,0,0,0,5742.844968,154.4052195,4267.20916,6.021548133e-05,0,0,3,2,0.0001741297224,0.000174129722,0.3694352794
5643,0.9296875,0.75,615.0418482,86.18983213,7,3510,4338,0,0,0,0,0,0,1054.2024,-381.0866867,991.2768356,6.021548133e-05,0,0,14,4,0.0009485844463,0.0009485844429,1.181190537
5644,0.921875,0.7421875,507.8443087,96.13508068,7,4338,4131,0,0,0,0,0,0,2618.757624,-362.3272398,2262.05477,6.021548133e-05,0,0,2,1,0.0003818604635,0.0003818604632,0.6819645647
5645,0.9140625,0.75,414.9539097,1508.892263,7,4338,3606,0,0,0,0,0,0,53.47413408,1030.313798,53.30250158,6.021548133e-05,0,0,6,4,0.01870063008,0.01870063007,0.07436323711
5646,0.9140625,0.7734375,434.4214234,659.6584572,7,3546,4046,0,0,0,0,0,0,11.67905251,369.280602,11.67084487,6.021548133e-05,0,0,5,3,0.08562338422,0.08562338422,0.4665360665
5647,0.9296875,0.7734375,334.5565225,-315.6369592,7,4046,3607,0,0,0,0,0,0,4026.527699,-626.8935976,3240.772303,6.021548133e-05,0,0,6,2,0.000248352942,0.0002483529412,0.1323001029
5648,0.9296875,0.7578125,621.5310194,-75.80557017,7,4046,3510,0,0,0,0,0,0,221.2875363,-370.82121,218.377668,6.021548133e-05,0,0,33,9,0.004519007336,0.004519007331,1.790472203
5649,0.9140625,0.7578125,421.4430809,48.020419,7,4046,3606,0,0,0,0,0,0,3.125723075,-258.297167,3.125134872,6.021548133e-05,0,0,10,6,0.3199259743,0.3199259743,1.643318238
5650,0.921875,0.7578125,521.4870502,60.81461673,7,4338,4046,0,0,0,0,0,0,6.893656609,-355.1949217,6.890796206,6.021548133e-05,0,0,18,7,0.1450608954,0.1450608954,0.5567426659
5651,0.5859375,0.7265625,221.6919079,30.81324686,7,3563,4453,0,0,0,0,0,0,6.34236627,-143.5312401,6.33994499,6.021548133e-05,0,0,434,218,0.1576698597,0.1576698596,27.97283644
5652,0.5703125,0.7265625,269.3511504,171.179934,7,4453,3780,0,0,0,0,0,0,3.707263615,-46.78933063,3.70643621,6.021548133e-05,0,0,382,193,0.2697407316,0.2697407315,45.16015803
5653,0.5703125,0.7421875,385.1076638,79.27278668,7,4453,3460,0,0,0,0,0,0,468509.3417,-48.44798973,16038.51541,6.021548133e-05,0,0,1,1,2.134429158e-06,2.134429158e-06,0.003400012781
5654,0.5859375,0.7421875,213.8509223,174.8462414,7,4453,3779,0,0,0,0,0,0,15871.33708,-63.8105997,8115.424371,6.021548133e-05,0,0,1,1,6.300666384e-05,6.300666384e-05,0.1003656933
5655,0.5625,0.7421875,408.937285,408.937285,7,3460,4633,0,0,0,0,0,0,1e+300,0,1e+300,0,0,0,0,0,0,0,0
5656,0.5703125,0.734375,327.2294071,367.6662181,7,4633,4453,0,0,0,0,0,0,844.9154299,195.8096795,804.0098304,6.021548133e-05,0,0,2,2,0.001183550406,0.001183550406,1.464780561
5657,0.5625,0.7265625,293.1807717,-89.22678925,7,4633,3780,0,0,0,0,0,0,3457.441096,-328.0199609,2861.66651,6.021548133e-05,0,0,2,2,0.0002892312471,0.0002892312471,0.3579571317
5658,0.515625,0.75,272.5005837,272.5005837,6,3260,3777,0,0,0,0,0,0,1e+300,0,1e+300,0,0,0,0,0,0,0,0
5659,0.53125,0.765625,287.6531314,287.6531314,6,3777,3775,0,0,0,0,0,0,1e+300,0,1e+300,0,0,0,0,0,0,0,0
5660,0.546875,0.75,402.0438891,402.0438891,6,3777,3460,0,0,0,0,0,0,1e+300,0,1e+300,0,0,0,0,0,0,0,0
5661,0.53125,0.734375,275.4692932,275.4692932,6,3777,3562,0,0,0,0,0,0,1e+300,0,1e+300,0,0,0,0,0,0,0,0
5662,0.5390625,0.7265625,276.9536479,309.2789362,7,3562,4639,0,0,0,0,0,0,487.9986122,124.8037745,474.0680876,6.021548133e-05,0,0,7,5,0.002049186156,0.002049186155,1.819528439
5663,0.5390625,0.7421875,338.7565911,338.7565911,7,4639,3777,0,0,0,0,0,0,1e+300,0,1e+300,0,0,0,0,0,0,0,0
5664,0.5546875,0.7421875,403.5282438,403.5282438,7,4639,3460,0,0,0,0,0,0,1e+300,0,1e+300,0,0,0,0,0,0,0,0
5665,0.5546875,0.7265625,287.7717304,14.71653209,7,4639,3780,0,0,0,0,0,0,889.6696123,-206.6296241,844.4318094,6.021548133e-05,0,0,7,5,0.001124012764,0.001124012764,0.9953427436
5666,0.5546875,0.734375,345.6499871,345.6499871,7,4633,4639,0,0,0,0,0,0,1e+300,0,1e+300,0,0,0,0,0,0,0,0
5667,0.4765625,0.4609375,179.5057466,179.5057466,7,3814,4480,0,0,0,0,0,0,1e+300,242.6577935,1287.748375,0,0,0,0,0,0,0,0
5668,0.4921875,0.4609375,219.2178122,54.78830157,7,4480,3818,0,0,0,0,0,0,927.0817602,-103.2019787,878.0641168,6.021548133e-05,0,0,16,7,0.001078653516,0.001078653514,1.017523532
5669,0.4921875,0.4453125,146.3967902,64.66466468,7,4480,3427,0,0,0,0,0,0,8.177484905,-61.52460178,8.173460201,6.021548133e-05,0,0,457,240,0.1222869882,0.1222869881,34.9023928
5670,0.484375,0.4375,132.8472162,41.99599241,6,3427,3817,0,0,0,0,0,0,19.52440451,-68.78480775,19.45146416,0.000192060352,0,0,244,131,0.05121795134,0.05121795132,3.290872556
5671,0.46875,0.421875,130.3858942,72.22281998,6,3817,3815,0,0,0,0,0,0,25.13888786,-47.05378739,25.0180959,0.000192060352,0,0,49,22,0.03977900716,0.03977900714,1.673350329
5672,0.453125,0.4375,138.8570244,137.7535714,6,3817,3377,0,0,0,0,0,0,796.1111116,16.84697674,690.5283706,0.000192060352,0,0,13,4,0.00125610607,0.001256106066,1.852748322
5673,0.46875,0.453125,165.9561725,88.442785,6,3817,3814,0,0,0,0,0,0,1.619516231e+13,3.60173118e-08,5206.696694,0.000192060352,0,0,2,0,6.174683407e-14,0,0.06174683407
5674,0.4765625,0.4453125,149.4016943,175.7786299,7,4480,3817,0,0,0,0,0,0,35.95371321,44.5264662,35.87604265,6.021548133e-05,0,0,207,112,0.02781353887,0.02781353885,12.88877253
5675,0.5,0.4453125,166.252823,56.87261938,7,3427,4481,0,0,0,0,0,0,6.762287681,-59.13221677,6.759535236,6.021548133e-05,0,0,436,218,0.1478789497,0.1478789497,24.9160254
5676,0.4921875,0.453125,182.8073012,132.1988136,7,4481,4480,0,0,0,0,0,0,7.527431568,-4.277386072,7.524021171,6.021548133e-05,0,0,264,134,0.1328474382,0.1328474381,20.14868026
5677,0.5,0.4609375,239.073845,96.32888854,7,4481,3818,0,0,0,0,0,0,61.55937003,-51.47696142,61.33202282,6.021548133e-05,0,0,24,9,0.01624448073,0.01624448072,1.854059755
5678,0.515625,0.4375,132.9751314,57.60053161,6,3427,3819,0,0,0,0,0,0,1.620702278,-55.21796566,1.620197954,0.000192060352,0,0,796,411,0.617016471,0.617016471,1.591695328
5679,0.53125,0.453125,103.6473728,-75.50066944,6,3819,3579,0,0,0,0,0,0,24.1761694,-198.7187094,24.06443142,0.000192060352,0,0,520,274,0.04136304572,0.04136304571,2.347405059
5680,0.546875,0.4375,127.020221,127.020221,6,3819,3428,1,0,0,0,0,1,2.664364093,0,0,0,0,0,1146,564,0.3753240793,0.3753240792,5.580834321
5681,0.546875,0.421875,130.4521021,130.4521021,6,3428,3582,1,0,0,0,0,1,3.904409534,0,0,0,0,0,60,31,0.2561206736,0.2561206736,1.210684383
5682,0.546875,0.390625,107.941067,160.1649329,6,3582,3432,0,0,0,0,0,0,157.2893208,57.6571814,152.677092,0.000192060352,0,0,22,10,0.006357710715,0.006357710712,0.7066802605
5683,0.515625,0.390625,116.5764531,97.83578067,6,3582,3291,0,0,0,0,0,0,0.9074015587,-25.28144651,0.9072434481,0.000192060352,0,0,351,177,1.10204792,1.102047919,3.422761305
5684,0.515625,0.421875,127.5089053,58.02808204,6,3582,3427,0,0,0,0,0,0,0.7975003295,-58.2233252,0.7973781965,0.000192060352,0,0,455,234,1.253917977,1.253917977,4.365175771
5685,0.53125,0.421875,130.6417247,56.96929992,6,3819,3582,0,0,0,0,0,0,2.974509671,-66.38270166,2.972811348,0.000192060352,0,0,151,78,0.3361898634,0.3361898634,1.021031259
5686,0.5234375,0.4609375,85.85067407,164.9618481,7,3579,4487,0,0,0,0,0,0,5.569651085,46.56798416,5.567783766,6.021548133e-05,0,0,165,85,0.1795444607,0.1795444606,10.33604568
5687,0.5234375,0.4453125,118.3112521,64.61734541,7,4487,3819,0,0,0,0,0,0,1.637849577,-50.47757011,1.637688062,6.021548133e-05,0,0,832,428,0.6105566801,0.6105566799,41.81349023
5688,0.5078125,0.4453125,115.1784327,143.7355653,7,4487,3427,0,0,0,0,0,0,2.162684772,35.74124416,2.162403169,6.021548133e-05,0,0,856,434,0.4623882375,0.4623882373,27.16002194
5689,0.5078125,0.4609375,187.9994547,48.4280037,7,4487,3818,0,0,0,0,0,0,267.4007296,-91.36733129,263.1633616,6.021548133e-05,0,0,13,4,0.003739705578,0.003739705577,0.3181768807
5690,0.5078125,0.453125,151.5889437,130.8590156,7,4481,4487,0,0,0,0,0,0,13.47268399,12.57776121,13.46176294,6.021548133e-05,0,0,196,93,0.07422426005,0.07422426001,17.68661376
5691,0.8515625,0.8359375,282.5388889,28.22640933,7,3538,4590,0,0,0,0,0,0,7.556980773,-291.781777,7.553543554,6.021548133e-05,0,0,20,10,0.1323279799,0.1323279799,0.5105615674
5692,0.8671875,0.8359375,496.8725135,-225.4332196,7,4590,3542,0,0,0,0,0,0,902.2515854,-581.6155969,855.7586351,6.021548133e-05,0,0,12,5,0.001108338313,0.001108338312,0.5206368402
5693,0.8671875,0.8203125,248.3103078,109.8977882,7,4590,3513,0,0,0,0,0,0,1080.412216,-258.3236911,1014.416756,6.021548133e-05,0,0,11,6,0.000925572652,0.0009255726501,0.2820819384
5694,0.8515625,0.8203125,399.8337174,112.8885729,7,4590,3541,0,0,0,0,0,0,3.898438181,-207.0082577,3.897523252,6.021548133e-05,0,0,21,12,0.2565129812,0.2565129812,0.9950525029
5695,0.875,0.8203125,355.4771201,353.9436569,7,3513,4591,0,0,0,0,0,0,1.510626752e+12,-3.510721228e-06,16607.02475,6.021548133e-05,0,0,2,0,6.619768906e-13,0,0.6619768906
5696,0.8671875,0.828125,372.5914106,635.6366681,7,4591,4590,0,0,0,0,0,0,114.4899109,305.7996541,113.7060142,6.021548133e-05,0,0,7,4,0.008734394084,0.008734394083,0.3980324774
5697,0.875,0.8359375,604.0393258,23.15985762,7,4591,3542,0,0,0,0,0,0,35.1187823,-318.7447008,35.04467353,6.021548133e-05,0,0,8,5,0.02847479139,0.02847479139,1.003402997
5698,0.8984375,0.8359375,619.9993989,3929.768084,7,3543,4294,0,0,0,0,0,0,492.48012,3539.736693,478.2962785,6.021548133e-05,0,0,9,3,0.002030538817,0.002030538815,0.008707752786
5699,0.8984375,0.8203125,496.1479965,-111.7818142,7,4294,3547,0,0,0,0,0,0,21.70666068,-495.2805358,21.67832544,6.021548133e-05,0,0,9,4,0.04606880878,0.04606880878,0.3508760444
5700,0.8828125,0.8203125,360.7971444,55.60657157,7,4294,3513,0,0,0,0,0,0,4532.965913,-335.9559759,3560.979685,6.021548133e-05,0,0,2,1,0.0002206061151,0.0002206061151,0.3823992678
5701,0.8828125,0.8359375,609.3593502,-496.8464898,7,4294,3542,0,0,0,0,0,0,61.92302389,-876.3699352,61.69298772,6.021548133e-05,0,0,5,2,0.01614908215,0.01614908215,0.1344696605
5702,0.8828125,0.828125,485.0782473,3557.23947,7,4591,4294,0,0,0,0,0,0,24018.07611,3204.061388,9818.284229,6.021548133e-05,0,0,3,1,4.163530814e-05,4.163530762e-05,0.0007196530927
5703,0.4921875,0.46875,255.6283232,100.8734704,7,3818,4482,0,0,0,0,0,0,752.2106433,-65.01813355,719.615841,6.021548133e-05,0,0,10,5,0.001329414851,0.001329414848,1.571533277
5704,0.484375,0.4609375,199.3617794,309.4894415,7,4482,4480,0,0,0,0,0,0,1490.871186,154.9274878,1368.055977,6.021548133e-05,0,0,2,1,0.0006707487607,0.00067074876,0.6937977686
5705,0.4765625,0.46875,215.9162575,215.9162575,7,4482,3814,0,0,0,0,0,0,1e+300,0,1e+300,0,0,0,0,0,0,0,0
5706,0.4765625,0.4765625,147.0451685,147.0451685,7,3814,4479,0,0,0,0,0,0,1e+300,-20.11532689,959.3449936,0,0,0,0,0,0,0,0
5707,0.4765625,0.4921875,184.4262561,122.6014454,7,4479,3822,0,0,0,0,0,0,1.254750024e+16,-1.252949744e-08,16607.02494,6.021548133e-05,0,0,1,0,7.969714928e-17,0,7.969714928e-05
5708,0.4921875,0.4921875,49.01505618,30.19073964,7,4479,3244,0,0,0,0,0,0,24.82828917,-74.25500083,24.79122511,6.021548133e-05,0,0,93,43,0.0402766374,0.04027663738,3.312886295
5709,0.4921875,0.4765625,186.7572342,81.96153277,7,4479,3818,0,0,0,0,0,0,21.19424267,-47.68732474,21.1672286,6.021548133e-05,0,0,93,41,0.04718262481,0.04718262478,6.478996589
5710,0.484375,0.4765625,166.9012014,118.9538845,7,4482,4479,0,0,0,0,0,0,569.9704001,-7.266646501,551.0575314,6.021548133e-05,0,0,8,4,0.001754477074,0.001754477073,1.403458887
5711,0.0390625,0.4765625,-742.0597883,-531.1275866,7,3716,4508,0,0,0,0,0,0,704.8970519,32.874377,676.1954522,6.021548133e-05,0,0,10,7,0.001418646875,0.001418646874,1.839831367
5712,0.0390625,0.4921875,-529.1325952,-387.3559809,7,4508,3970,0,0,0,0,0,0,5434.727104,160.3108267,4094.712996,6.021548133e-05,0,0,4,3,0.0001840018792,0.0001840018789,0.3402656245
5713,0.0546875,0.4921875,-475.2976487,-459.2665029,7,4508,3356,0,0,0,0,0,0,32009.17958,-33.36761514,10934.15763,6.021548133e-05,0,0,3,2,3.124103813e-05,3.124103813e-05,0.05454579069
5714,0.0546875,0.4765625,-525.4497113,-415.5643748,7,4508,3973,0,0,0,0,0,0,1059.384262,27.08716592,995.8572031,6.021548133e-05,0,0,9,7,0.0009439445497,0.0009439445491,1.420452045
5715,0.5859375,0.5625,201.0159031,58.02915779,7,3597,4499,0,0,0,0,0,0,60.58666412,-96.0733682,60.36643198,6.021548133e-05,0,0,8,5,0.01650528238,0.01650528238,1.070369748
5716,0.578125,0.5546875,181.5267363,57.42220572,7,4499,4310,0,0,0,0,0,0,2282.160825,-103.5781807,2006.433851,6.021548133e-05,0,0,1,1,0.0004381812137,0.0004381812137,0.5739852249
5717,0.5703125,0.5625,179.5674997,125.5736806,7,4499,3433,0,0,0,0,0,0,29.31354907,-58.34745376,29.26189804,6.021548133e-05,0,0,7,6,0.03411391768,0.03411391768,1.744947859
5718,0.5703125,0.5703125,147.7378857,141.3911559,7,3433,4370,0,0,0,0,0,0,15.76123613,-56.85094195,15.74629179,6.021548133e-05,0,0,289,152,0.06344680022,0.06344680019,5.291107631
5719,0.5703125,0.5859375,225.7215043,62.61836346,7,4370,3627,0,0,0,0,0,0,7.917310663,-102.1126328,7.913537926,6.021548133e-05,0,0,518,264,0.1263055149,0.1263055149,9.374288883
5720,0.5859375,0.5859375,105.5270612,73.81771109,7,4370,3594,0,0,0,0,0,0,1.344136434,-111.3727143,1.344027651,6.021548133e-05,0,0,766,405,0.743972096,0.7439720959,6.073915973
5721,0.5859375,0.5703125,169.1862891,102.7781174,7,4370,3597,0,0,0,0,0,0,2.039199094,-65.64537215,2.038948729,6.021548133e-05,0,0,539,293,0.4903886054,0.4903886053,9.2049093
5722,0.578125,0.5703125,158.4620874,80.25229769,7,4499,4370,0,0,0,0,0,0,22.30281036,-80.44806312,22.27289842,6.021548133e-05,0,0,14,10,0.0448373987,0.0448373987,2.545546059
5723,0.5546875,0.65625,188.0654255,142.5556633,7,3625,4284,0,0,0,0,0,0,8939.728997,-49.47750859,5811.395951,6.021548133e-05,0,0,36,20,0.0001118602142,0.0001118602135,0.6865100111
5724,0.546875,0.6484375,166.1458096,90.04121057,7,4284,4058,0,0,0,0,0,0,977.6768766,-79.46682502,923.3198516,6.021548133e-05,0,0,33,13,0.001022832823,0.00102283282,1.778771361
5725,0.5390625,0.65625,113.2663713,93.61221707,7,4284,3561,0,0,0,0,0,0,1810.063973,-74.78076255,1632.167694,6.021548133e-05,0,0,11,5,0.0005524666614,0.0005524666595,0.8240395168
5726,0.5546875,0.6796875,183.6695377,183.6695377,7,3434,4057,0,0,0,0,0,0,1e+300,0,1e+300,0,0,0,0,0,0,0,0
5727,0.5546875,0.6640625,186.6001296,186.6001296,7,4057,3625,0,0,0,0,0,0,1e+300,0,1e+300,0,0,0,0,0,0,0,0
5728,0.5390625,0.6640625,111.8010754,111.8010754,7,4057,3561,0,0,0,0,0,0,1e+300,0,1e+300,0,0,0,0,0,0,0,0
5729,0.515625,0.6875,244.1387967,244.1387967,6,3437,3565,0,0,0,0,0,0,1e+300,0,1e+300,0,0,0,0,0,0,0,0
5730,0.53125,0.703125,224.813402,88.64271828,6,3565,3562,0,0,0,0,0,0,784.2648565,-120.4606682,681.5983046,0.000192060352,0,0,2,1,0.001275079448,0.001275079447,0.5617552508
5731,0.546875,0.6875,227.7821115,356.9110147,6,3565,3434,0,0,0,0,0,0,18129.21273,147.9431571,4044.981076,0.000192060352,0,0,2,1,5.515959323e-05,5.51595927e-05,0.02430138097
5732,0.53125,0.671875,155.9136492,155.9136492,6,3565,3561,0,0,0,0,0,0,1e+300,0,1e+300,0,0,0,0,0,0,0,0
5733,0.5390625,0.6796875,191.8478803,191.8478803,7,4057,3565,0,0,0,0,0,0,1e+300,0,1e+300,0,0,0,0,0,0,0,0
5734,0.546875,0.6640625,149.2006025,149.2006025,7,4284,4057,0,0,0,0,0,0,1e+300,0,1e+300,0,0,0,0,0,0,0,0
5735,0.8984375,0.7109375,388.077927,446.1205652,7,3530,4129,0,0,0,0,0,0,69.07339459,141.6225602,68.78728847,6.021548133e-05,0,0,15,12,0.01447735421,0.01447735421,0.92643341
5736,0.8984375,0.6953125,402.4093396,62.23702095,7,4129,3617,0,0,0,0,0,0,22.67427065,-244.5584381,22.64335472,6.021548133e-05,0,0,16,10,0.04410285189,0.04410285188,1.060132594
5737,0.8828125,0.6953125,591.6424621,59.62405047,7,4129,3511,0,0,0,0,0,0,206.3897328,-236.2930426,203.8562366,6.021548133e-05,0,0,21,8,0.004845202261,0.004845202258,2.349195436
5738,0.875,0.734375,291.2947014,-386.9034372,6,3318,3616,0,0,0,0,0,0,2333.917874,-704.3003976,1611.540064,0.000192060352,0,0,10,6,0.0004284640908,0.0004284640905,0.1512797386
5739,0.890625,0.71875,355.8168518,-161.9487459,6,3616,3530,0,0,0,0,0,0,10.06460263,-470.7464027,10.04518517,0.000192060352,0,0,542,270,0.09935812046,0.09935812042,11.93607879
5740,0.875,0.703125,559.3813868,75.82491841,6,3616,3511,0,0,0,0,0,0,70.94710324,-224.3918264,69.99336486,0.000192060352,0,0,45,20,0.01409500817,0.01409500816,8.633376132
5741,0.859375,0.71875,306.2411097,87.03950087,6,3616,3620,0,0,0,0,0,0,73.93089201,-220.8207486,72.89583004,0.000192060352,0,0,55,31,0.01352614547,0.01352614546,7.166832674
5742,0.8828125,0.7109375,457.5991193,106.3456041,7,4129,3616,0,0,0,0,0,0,156.5620709,-198.1615967,155.099873,6.021548133e-05,0,0,26,13,0.006387243056,0.006387243052,3.842261177
5743,0.8828125,0.6875,598.8081684,49.45636827,7,3511,4672,0,0,0,0,0,0,930.9601489,-246.8271335,881.5424538,6.021548133e-05,0,0,11,2,0.001074159835,0.001074159832,0.4438733706
5744,0.890625,0.6953125,497.0259008,36.87409605,7,4672,4129,0,0,0,0,0,0,36.96027733,-263.6998617,36.8782019,6.021548133e-05,0,0,8,3,0.02705607404,0.02705607404,0.5917965069
5745,0.8984375,0.6875,409.5750459,2.279159862,7,4672,3617,0,0,0,0,0,0,53.27595376,-304.8827079,53.10558905,6.021548133e-05,0,0,19,9,0.01877019423,0.01877019423,0.4499811884
5746,0.890625,0.6796875,483.1273995,264.5938353,7,4672,4343,0,0,0,0,0,0,1106.366696,-25.20481761,1037.263765,6.021548133e-05,0,0,22,8,0.0009038594564,0.000903859453,0.4127357036
5747,0.4453125,0.4453125,155.4115026,169.5435524,7,3377,4477,0,0,0,0,0,0,6962.005968,79.88166656,4905.513815,6.021548133e-05,0,0,1,1,0.0001436367628,0.0001436367628,0.3385615986
5748,0.4453125,0.4609375,-391.9861014,-391.9861014,7,4477,3823,0,0,0,0,0,0,1e+300,0,1e+300,0,0,0,0,0,0,0,0
5749,0.4609375,0.4609375,182.5106507,57.19807623,7,4477,3814,0,0,0,0,0,0,7.11288753e+11,6.298765953e-08,16607.02455,6.021548133e-05,0,0,2,0,1.405898794e-12,0,1.405898794
5750,0.4609375,0.4453125,152.4065984,-7.167763902,7,4477,3817,0,0,0,0,0,0,4655.977301,-91.76675251,3636.454076,6.021548133e-05,0,0,3,1,0.0002147776794,0.0002147776789,0.5062455683
5751,0.0234375,0.7890625,219.2291276,85.72133762,7,3791,4714,0,0,0,0,0,0,8415.403074,-67.72922232,5585.181768,6.021548133e-05,0,0,21,11,0.0001188297211,0.00011882972,0.4946341611
5752,0.0078125,0.7890625,712.4028376,269.4136382,7,4714,3795,0,0,0,0,0,0,6226687.903,8.934819124,16562.85062,6.021548133e-05,0,0,3,1,1.60599024e-07,1.605986857e-07,0.02153357556
5753,0.0078125,0.8046875,642.9864178,18.36279211,7,4714,3348,0,0,0,0,0,0,515.2414795,-149.2270452,499.7368859,6.021548133e-05,0,0,13,7,0.001940837529,0.001940837528,2.76638845
5754,0.015625,0.8125,629.0963539,-11.66167113,6,3348,3794,0,0,0,0,0,0,368.3447659,-134.6444328,344.0081098,0.000192060352,0,0,17,9,0.002714847862,0.00271484786,0.8895088947
5755,0.03125,0.828125,231.4541273,62.72782452,6,3794,3792,0,0,0,0,0,0,761.9709668,-100.9925143,664.6963677,0.000192060352,0,0,19,12,0.001312385962,0.001312385961,2.445601953
5756,0.046875,0.8125,73.05736332,73.05736332,6,3794,3343,1,1,1,0,0,1,12680.55657,-176.8834737,6300.819881,9.874021122e-05,0,81.11067873,4,4,7.886089184e-05,7.886089184e-05,0.09375880779
5757,0.03125,0.796875,108.82358,108.82358,6,3794,3791,1,0,0,0,0,1,187.6437623,0,0,0,0,0,38,20,0.005329247229,0.005329247226,0.8869254779
5758,0.0234375,0.8046875,417.2177088,160.5162978,7,4714,3794,0,0,0,0,0,0,222.6448608,-97.49662874,219.6994237,6.021548133e-05,0,0,24,14,0.004491457815,0.004491457813,2.201636784
5759,0.6015625,0.5390625,219.4948873,109.4596936,7,3595,4311,0,0,0,0,0,0,169.8050457,-92.8404154,168.0863805,6.021548133e-05,0,0,23,8,0.005889106509,0.0058891065,2.708572275
5760,0.6015625,0.5546875,259.4813576,103.1341117,7,4311,3597,0,0,0,0,0,0,228.5781472,-82.84616248,225.4747259,6.021548133e-05,0,0,10,4,0.004374871406,0.004374871402,1.696745547
5761,0.6171875,0.5546875,394.9503335,394.9503335,7,4311,3459,0,0,0,0,0,0,1e+300,-216.7870583,905.0714825,0,0,0,0,0,0,0,0
5762,0.6171875,0.5390625,200.8726078,58.68761987,7,4311,3596,0,0,0,0,0,0,461.2388689,-115.0817398,448.7747251,6.021548133e-05,0,0,25,12,0.002168074001,0.002168073998,1.725160986
5763,0.625,0.5390625,191.5614681,220.1572935,7,3596,4565,0,0,0,0,0,0,447.7670168,96.91272774,436.0110656,6.021548133e-05,0,0,14,8,0.002233304291,0.002233304289,2.493537845
5764,0.6171875,0.546875,297.9114707,87.60747543,7,4565,4311,0,0,0,0,0,0,328.6167659,-72.0026242,322.2403333,6.021548133e-05,0,0,12,8,0.00304305837,0.003043058368,3.221133662
5765,0.625,0.5546875,385.6391938,385.6391938,7,4565,3459,0,0,0,0,0,0,1e+300,0,1e+300,0,0,0,0,0,0,0,0
5766,0.6484375,0.5390625,271.2971119,80.53418971,7,3602,4569,0,0,0,0,0,0,77.11503792,-84.96726407,76.75860786,6.021548133e-05,0,0,11,7,0.01296763935,0.01296763935,0.8734202216
5767,0.6328125,0.5390625,218.140016,276.9436629,7,4569,3596,0,0,0,0,0,0,243.7897813,133.0450674,240.2627437,6.021548133e-05,0,0,9,3,0.004101894651,0.004101894648,0.2903827042
5768,0.6328125,0.5546875,412.2177417,26.81852834,7,4569,3459,0,0,0,0,0,0,22083.55347,-108.4667484,9478.848295,6.021548133e-05,0,0,3,2,4.528256747e-05,4.528256729e-05,0.06251596093
5769,0.6484375,0.5546875,293.9915549,84.56079226,7,4569,3603,0,0,0,0,0,0,1127.872115,-86.75990949,1056.143731,6.021548133e-05,0,0,5,5,0.0008866253422,0.0008866253422,1.64733594
5770,0.6328125,0.546875,315.1788789,129.7393349,7,4565,4569,0,0,0,0,0,0,2.266047508e+12,-5.55356138e-07,16607.02482,6.021548133e-05,0,0,2,0,4.412970146e-13,0,0.4412970146
5771,0.84375,0.9296875,267.1097112,55.21593419,7,3690,4323,0,0,0,0,0,0,8.133769409,-335.8368483,8.129787612,6.021548133e-05,0,0,113,58,0.1229442279,0.1229442279,15.6718138
5772,0.8515625,0.921875,254.5455475,374.9763387,7,4323,4321,0,0,0,0,0,0,19.16900684,-16.63577668,19.14690612,6.021548133e-05,0,0,91,41,0.05216754359,0.05216754357,6.87324673
5773,0.84375,0.9140625,308.6329205,148.4109174,7,4323,3654,0,0,0,0,0,0,2718.46434,-242.4351914,2336.065309,6.021548133e-05,0,0,3,1,0.0003678547426,0.0003678547416,0.8670585969
5774,0.8359375,0.9140625,411.7431565,-51.46373701,7,3654,4320,0,0,0,0,0,0,39.47763972,-424.0872806,39.38401741,6.021548133e-05,0,0,2,1,0.02533079503,0.02533079503,0.3528888207
5775,0.8203125,0.9140625,192.5863896,766.8605594,7,4320,3704,0,0,0,0,0,0,34.0723769,433.5828185,34.00261426,6.021548133e-05,0,0,6,3,0.02934928793,0.02934928793,0.4229291624
5776,0.8203125,0.9296875,576.4404191,221.4353207,7,4320,3492,0,0,0,0,0,0,101.5318872,-144.3165583,100.9149144,6.021548133e-05,0,0,24,12,0.009849122556,0.009849122551,2.304586397
5777,0.8359375,0.9296875,370.2199472,2.520665675,7,4320,3690,0,0,0,0,0,0,32.07885878,-370.3095517,32.01701331,6.021548133e-05,0,0,43,28,0.03117317878,0.03117317878,3.99490398
5778,0.8359375,0.921875,390.9815518,134.3487962,7,4323,4320,0,0,0,0,0,0,36.74032842,-253.0614802,36.65922587,6.021548133e-05,0,0,25,18,0.02721804739,0.02721804739,3.152069614
5779,0.0078125,0.53125,-782.3366005,-782.3366005,7,3865,4427,1,1,1,0,0,1,3649.149828,-266.5638428,2991.75531,6.021548133e-05,0,56.05170313,111,111,0.0002740364324,0.0002740364324,13.4459186
5780,0.015625,0.5390625,-756.8218127,-756.8218127,7,4427,4368,1,1,1,0,0,1,14471.41714,-212.8813117,7732.922208,6.021548133e-05,0,63.32939497,20,20,6.910173275e-05,6.910173275e-05,1.111484449
5781,0.0234375,0.53125,-649.1656341,-504.5823887,7,4427,3861,0,0,0,0,0,0,5.831333796,-38.00414397,5.82928692,6.021548133e-05,0,0,37,20,0.1714873535,0.1714873535,1.084423591
5782,0.0234375,0.5234375,-615.3699446,-324.3005764,7,3861,4367,0,0,0,0,0,0,7.42133778,248.6880594,7.418022818,6.021548133e-05,0,0,65,35,0.1347465955,0.1347465955,1.49010032
5783,0.0234375,0.5078125,-456.1674721,-594.6927236,7,4367,3970,0,0,0,0,0,0,51.04955806,71.6258645,50.89311397,6.021548133e-05,0,0,39,20,0.01958880817,0.01958880816,2.0221997
5784,0.0078125,0.5078125,-771.9197877,-771.9197877,7,4367,3245,1,1,1,0,0,1,16590.66275,-28.02598364,8299.419687,6.021548133e-05,0,83.15485929,42,42,6.027486754e-05,6.027486754e-05,3.274710418
5785,0.0078125,0.5234375,-672.9179402,-672.9179402,7,4367,3865,1,0,0,0,0,1,213.7682395,0,0,0,0,0,324,168,0.004677963398,0.004677963363,0.5508685285
5786,0.015625,0.5234375,-496.5441617,-361.5027853,7,4427,4367,0,0,0,0,0,0,5.617220185,284.7085802,5.615320839,6.021548133e-05,0,0,142,71,0.1780239989,0.1780239989,0.8939771714
5787,0.8359375,0.7265625,313.6050164,182.4298557,7,3620,4158,0,0,0,0,0,0,0.9768653753,-134.0401508,0.9768079171,6.021548133e-05,0,0,922,457,1.023682511,1.02368251,62.15922025
5788,0.8203125,0.7265625,380.5317564,78.32379138,7,4158,3632,0,0,0,0,0,0,0.9646809335,-226.3328277,0.9646248997,6.021548133e-05,0,0,1033,512,1.036612174,1.036612174,72.16509404
5789,0.8203125,0.7421875,566.5266987,543.9272311,7,4158,3512,0,0,0,0,0,0,64242.95888,208.3445041,13195.85199,6.021548133e-05,0,0,1,1,1.556590819e-05,1.556590819e-05,0.03668990206
5790,0.8359375,0.7421875,309.2056148,95.94078667,7,4158,3631,0,0,0,0,0,0,53668.76995,-226.673819,12682.58299,6.021548133e-05,0,0,1,1,1.863281012e-05,1.863281012e-05,0.04391879807
5791,0.8125,0.7421875,599.9900688,332.3273336,7,3512,4161,0,0,0,0,0,0,4.132929475e+12,1.423094375e-06,16607.02487,6.021548133e-05,0,0,1,0,2.419591251e-13,0,0.2419591251
5792,0.8203125,0.734375,473.5292276,536.57892,7,4161,4158,0,0,0,0,0,0,5.235787851,213.807948,5.234137656,6.021548133e-05,0,0,114,57,0.1909932236,0.1909932236,7.151721056
5793,0.8125,0.7265625,413.9951264,-155.6081207,7,4161,3632,0,0,0,0,0,0,12.48252497,-457.0093451,12.47314963,6.021548133e-05,0,0,222,113,0.08011199678,0.08011199677,3.558980474
5794,0.7890625,0.7265625,335.0666819,103.1468869,7,3619,4165,0,0,0,0,0,0,0.8885331932,-179.3995498,0.8884856561,6.021548133e-05,0,0,904,433,1.125450358,1.125450357,67.36069395
5795,0.7890625,0.7421875,306.0136514,-406.8698311,7,4165,3633,0,0,0,0,0,0,862.1200316,-673.640693,819.5735332,6.021548133e-05,0,0,6,4,0.00115993129,0.001159931289,0.03665467956
5796,0.8046875,0.7421875,573.6805872,322.3548145,7,4165,3512,0,0,0,0,0,0,8.784398808e+12,-1.336890648e-06,16607.02491,6.021548133e-05,0,0,2,0,1.138381831e-13,0,0.1138381831
5797,0.8046875,0.7265625,387.6856449,79.1020861,7,4165,3632,0,0,0,0,0,0,0.9220389742,-212.3266219,0.9219877845,6.021548133e-05,0,0,965,471,1.084552853,1.084552853,67.43706019
5798,0.8046875,0.734375,480.6831161,116.9937262,7,4161,4165,0,0,0,0,0,0,4.496200735,-192.5493347,4.494983759,6.021548133e-05,0,0,109,56,0.2224099988,0.2224099988,14.80255052
5799,0.0390625,0.4375,-688.9081525,-416.6179201,7,3751,4530,0,0,0,0,0,0,12.22807717,173.7078631,12.21908002,6.021548133e-05,0,0,7,5,0.08177900633,0.08177900633,1.348571153
5800,0.046875,0.4453125,-572.7284773,-480.5842225,7,4530,4505,0,0,0,0,0,0,7.443993018,28.37360098,7.440657791,6.021548133e-05,0,0,15,9,0.1343365043,0.1343365043,1.220209522
5801,0.0546875,0.4375,-591.3192705,-591.0446276,7,4530,3330,0,0,0,0,0,0,10.15838139,-148.6977128,10.15217139,6.021548133e-05,0,0,10,4,0.09844087969,0.09844087969,0.580051318
5802,0.0625,0.390625,-987.0483902,-476.7089472,6,3333,3719,0,0,0,0,0,0,6.241565037e+11,8.868158261e-07,5206.696652,0.000192060352,0,0,3,0,1.602162269e-12,0,1.602162269
5803,0.046875,0.40625,-625.9915217,-574.0261847,6,3719,3715,0,0,0,0,0,0,5.287138316e+11,5.071008218e-07,5206.696644,0.000192060352,0,0,3,0,1.891382333e-12,0,1.891382333
5804,0.0625,0.421875,-690.6993497,-690.6993497,6,3719,3330,0,0,0,0,0,0,1e+300,0,1e+300,0,0,0,0,0,0,0,0
5805,0.078125,0.40625,-800.8228268,-800.8228268,6,3719,3714,0,0,0,0,0,0,1e+300,0,1e+300,0,0,0,0,0,0,0,0
5806,0.0546875,0.4296875,-510.1709155,-476.5550623,7,3330,4531,0,0,0,0,0,0,1.331415289e+14,6.913461448e-08,16607.02493,6.021548133e-05,0,0,2,0,7.510804541e-15,0,0.007510804541
5807,0.0546875,0.4140625,-658.3454357,-658.3454357,7,4531,3719,0,0,0,0,0,0,1e+300,0,1e+300,0,0,0,0,0,0,0,0
5808,0.0390625,0.4140625,-445.4630875,-445.4630875,7,4531,3715,0,0,0,0,0,0,1e+300,0,1e+300,0,0,0,0,0,0,0,0
5809,0.0390625,0.4296875,-607.7597975,-607.7597975,7,4531,3751,0,0,0,0,0,0,1e+300,1.384947041e-05,83517.04762,0,0,0,0,0,0,0,0
5810,0.046875,0.4296875,-558.9653565,-515.4117854,7,4530,4531,0,0,0,0,0,0,1.677764856e+13,1.108792276e-07,16607.02492,6.021548133e-05,0,0,2,0,5.960310805e-14,0,0.05960310805
5811,0.828125,0.875,654.8845654,436.3389423,6,3496,3705,0,0,0,0,0,0,6.272032181,58.4699036,6.264485926,0.000192060352,0,0,38,18,0.1594379575,0.1594379575,2.003687573
5812,0.84375,0.890625,382.9921177,-3.589278121,6,3705,3654,0,0,0,0,0,0,5.172711373,-382.5424299,5.167577526,0.000192060352,0,0,13,6,0.1933222111,0.1933222111,1.65206738
5813,0.859375,0.875,218.2948551,-110.1467181,6,3705,3299,0,0,0,0,0,0,595.1056531,-495.9715346,534.0641496,0.000192060352,0,0,7,4,0.001680373888,0.001680373887,0.5624485456
5814,0.84375,0.859375,368.1214449,-9.032726568,6,3705,3538,0,0,0,0,0,0,7.392698612,-347.9069603,7.382217013,0.000192060352,0,0,312,144,0.1352686012,0.1352686011,23.89091
5815,0.8515625,0.8515625,224.7398846,65.88814583,7,3538,4589,0,0,0,0,0,0,11.55689438,-266.3322201,11.54885748,6.021548133e-05,0,0,210,97,0.08652843638,0.08652843635,12.41487634
5816,0.8515625,0.8671875,293.20815,30.31104088,7,4589,3705,0,0,0,0,0,0,11.12969653,-344.8820189,11.12224263,6.021548133e-05,0,0,215,100,0.08984970947,0.08984970945,14.43846777
5817,0.8671875,0.8671875,74.91329487,-323.041689,7,4589,3299,0,0,0,0,0,0,178.4161101,-702.2126376,176.5196864,6.021548133e-05,0,0,73,37,0.005604875029,0.005604875026,1.751203273
5818,0.8671875,0.8515625,439.0735092,32.50608779,7,4589,3542,0,0,0,0,0,0,685.9724536,-335.888469,658.7615429,6.021548133e-05,0,0,6,4,0.001457784485,0.001457784484,1.134057169
5819,0.875,0.8515625,546.2403215,-0.2134296878,7,3542,4593,0,0,0,0,0,0,1104.06659,-359.4814136,1035.241751,6.021548133e-05,0,0,2,2,0.0009057424694,0.0009057424694,0.6810869312
5820,0.8671875,0.859375,256.993402,80.44028997,7,4593,4589,0,0,0,0,0,0,32.62269445,-278.9723291,32.55873636,6.021548133e-05,0,0,68,35,0.03065350722,0.03065350721,5.429987636
5821,0.875,0.8671875,182.0801072,408.6179858,7,4593,3299,0,0,0,0,0,0,5.370160273,38.57360998,5.368424303,6.021548133e-05,0,0,303,142,0.1862141815,0.1862141815,20.97324554
5822,0.8828125,0.8671875,187.4001315,-1336.416946,7,3299,4291,0,0,0,0,0,0,116.7652811,-1726.085429,115.9500274,6.021548133e-05,0,0,237,109,0.008564189552,0.008564189549,1.012234793
5823,0.8984375,0.8671875,311.4988111,-311.5401005,7,4291,3677,0,0,0,0,0,0,32.40569894,-715.4094019,32.34258805,6.021548133e-05,0,0,211,114,0.03085876968,0.03085876967,2.834856684
5824,0.8984375,0.8515625,562.2003946,530.2674167,7,4291,3543,0,0,0,0,0,0,27.25686194,140.8673808,27.21219897,6.021548133e-05,0,0,132,72,0.03668800914,0.03668800913,2.6178587
5825,0.8828125,0.8515625,551.5603459,551.5603459,7,4291,3542,0,0,0,0,0,0,1e+300,-134.1351732,32.73635995,0,0,0,0,0,0,0,0
5826,0.8828125,0.859375,369.4802387,6.636433746,7,4593,4291,0,0,0,0,0,0,6.183945184,-363.2737189,6.18164333,6.021548133e-05,0,0,237,109,0.161709066,0.161709066,19.67637433
5827,0.6875,0.6171875,522.4280155,140.7372411,7,3484,4473,0,0,0,0,0,0,1862.438792,-66.05871185,1674.632676,6.021548133e-05,0,0,5,3,0.000536930397,0.0005369303969,0.8651667864
5828,0.6953125,0.609375,406.0386138,183.0613275,7,4473,4430,0,0,0,0,0,0,1720.528392,-29.52500851,1559.011036,6.021548133e-05,0,0,6,3,0.0005812167965,0.0005812167958,1.203308328
5829,0.6875,0.6015625,333.9977324,44.2874333,7,4473,3680,0,0,0,0,0,0,2259.151648,-157.7802778,1988.626979,6.021548133e-05,0,0,4,2,0.0004426440345,0.0004426440337,0.4801193217
5830,0.6796875,0.609375,391.9639602,98.92481295,7,4473,4260,0,0,0,0,0,0,728.3095593,-103.7063724,697.7110835,6.021548133e-05,0,0,3,2,0.00137304253,0.001373042529,1.101212456
5831,0.90625,0.7421875,307.7563702,158.0391663,7,3606,4339,0,0,0,0,0,0,557.4161992,-201.257435,539.3140765,6.021548133e-05,0,0,5,2,0.001793991637,0.001793991636,0.9830833713
5832,0.9140625,0.734375,400.6467692,122.8469538,7,4339,4131,0,0,0,0,0,0,5.445794929,-216.3335031,5.444009723,6.021548133e-05,0,0,149,65,0.1836279208,0.1836279208,16.99249223
5833,0.90625,0.7265625,293.4492297,-199.551676,7,4339,3530,0,0,0,0,0,0,16.12176752,-528.7992516,16.10613201,6.021548133e-05,0,0,309,146,0.06202793824,0.06202793822,7.213668448
5834,0.8984375,0.7265625,254.0345843,-42.18491281,7,3530,4130,0,0,0,0,0,0,3.805278083,-355.2730256,3.804406354,6.021548133e-05,0,0,698,346,0.2627928835,0.2627928834,27.95265404
5835,0.8828125,0.7265625,323.5557766,346.7407198,7,4130,3616,0,0,0,0,0,0,2.347408064,33.64341122,2.347076304,6.021548133e-05,0,0,544,270,0.4260017743,0.4260017741,42.85148825
5836,0.8828125,0.7421875,189.5124339,-93.07955524,7,4130,3318,0,0,0,0,0,0,716.4929252,-414.7669715,686.8590993,6.021548133e-05,0,0,11,8,0.001395687194,0.001395687194,0.4511415657
5837,0.8984375,0.7421875,268.3417248,-139.0420721,7,4130,3606,0,0,0,0,0,0,7181.525096,-482.1792106,5013.494567,6.021548133e-05,0,0,3,2,0.0001392461889,0.0001392461889,0.211304364
5838,0.8984375,0.734375,261.1881545,610.8689563,7,4339,4130,0,0,0,0,0,0,7.461361141,277.3217289,7.458010336,6.021548133e-05,0,0,165,83,0.1340238036,0.1340238035,18.26997824
5839,0.0234375,0.8359375,258.4017231,69.45890986,7,3792,4606,0,0,0,0,0,0,544.7714066,-96.19415234,527.4685026,6.021548133e-05,0,0,18,9,0.001835632318,0.001835632315,3.255703921
5840,0.0234375,0.8203125,364.2410293,136.6938429,7,4606,3794,0,0,0,0,0,0,525.9480238,-78.64473132,509.8024707,6.021548133e-05,0,0,15,8,0.001901328563,0.00190132856,3.509553096
5841,0.0078125,0.8203125,656.0439497,50.75428989,7,4606,3348,0,0,0,0,0,0,896.9629145,-74.16119518,850.9995331,6.021548133e-05,0,0,7,4,0.001114873295,0.001114873295,2.280253106
5842,0,0.859375,170.6399981,49.63071557,6,3276,3793,0,0,0,0,0,0,4534.970834,22.29704909,2423.837355,0.000192060352,0,0,6,1,0.0002205085847,0.0002205085819,0.4997716604
5843,0.015625,0.84375,229.1478148,93.38478186,6,3793,3792,0,0,0,0,0,0,3332.586865,21.82953423,2031.993538,0.000192060352,0,0,13,4,0.0003000671972,0.0003000671942,0.5939893736
5844,0,0.828125,626.7900413,30.4333742,6,3793,3348,0,0,0,0,0,0,51482.25062,-0.3842962899,4728.478422,0.000192060352,0,0,3,2,1.942417023e-05,1.942417021e-05,0.04578408759
5845,0.0078125,0.8359375,427.968928,102.0675361,7,4606,3793,0,0,0,0,0,0,637.6630737,-21.10594698,614.0839753,6.021548133e-05,0,0,10,5,0.001568226296,0.001568226294,2.611662006
5846,0.6640625,0.5859375,118.4836696,87.17247412,7,3599,4261,0,0,0,0,0,0,10.44584511,-100.5801646,10.43927879,6.021548133e-05,0,0,309,145,0.09573184258,0.09573184255,4.98808122
5847,0.6796875,0.5859375,190.9814972,96.15453958,7,4261,3680,0,0,0,0,0,0,2.719579287,-95.1993926,2.719134,6.021548133e-05,0,0,488,251,0.367703933,0.367703933,4.807016105
5848,0.6796875,0.5703125,165.8771374,174.1256823,7,4261,3436,0,0,0,0,0,0,11.31349784,-21.02553925,11.30579579,6.021548133e-05,0,0,317,169,0.08838999344,0.08838999341,3.80755648
5849,0.6640625,0.5703125,194.2030432,142.109355,7,4261,3603,0,0,0,0,0,0,28.65452004,-49.74062921,28.60516339,6.021548133e-05,0,0,131,62,0.0348985081,0.03489850809,6.026267208
5850,0.6640625,0.5625,232.06273,137.5376591,7,3603,4662,0,0,0,0,0,0,910.8081303,-51.90964293,863.4523045,6.021548133e-05,0,0,7,3,0.00109792608,0.001097926077,1.713153754
5851,0.671875,0.5703125,180.0400903,92.62300778,7,4662,4261,0,0,0,0,0,0,291.5250337,-96.42624016,286.4957948,6.021548133e-05,0,0,19,7,0.003430237148,0.003430237141,2.94981628
5852,0.6796875,0.5625,203.7368242,19.16847648,7,4662,3436,0,0,0,0,0,0,558.743159,-173.5800629,540.5561536,6.021548133e-05,0,0,15,5,0.001789731085,0.001789731083,0.9727079606
5853,0.6875,0.515625,169.546631,134.7146673,6,3456,3889,0,0,0,0,0,0,3.064257838,-37.16003066,3.062455514,0.000192060352,0,0,439,206,0.3263432951,0.326343295,6.414406539
5854,0.671875,0.53125,188.5295874,121.7149088,6,3889,3602,0,0,0,0,0,0,7.713261784,-59.02318054,7.70185217,0.000192060352,0,0,125,64,0.1296468379,0.1296468379,3.553778044
5855,0.6875,0.546875,182.8981245,273.588721,6,3889,3436,0,0,0,0,0,0,13.75248236,83.73014631,13.71625353,0.000192060352,0,0,24,13,0.07271414524,0.07271414524,0.9558068774
5856,0.703125,0.53125,177.1380815,114.5689787,6,3889,3601,0,0,0,0,0,0,2.645904425,-66.56931794,2.64456053,0.000192060352,0,0,343,160,0.3779426009,0.3779426008,5.093254456
5857,0.6796875,0.5546875,192.3896027,215.2434229,7,3436,4566,0,0,0,0,0,0,520.9179048,20.95315259,505.0750528,6.021548133e-05,0,0,8,3,0.001919688286,0.001919688284,0.9441550343
5858,0.6796875,0.5390625,185.713856,78.04953048,7,4566,3889,0,0,0,0,0,0,14.25809365,-107.2488015,14.24586275,6.021548133e-05,0,0,17,9,0.07013560331,0.0701356033,1.70897884
5859,0.6640625,0.5390625,198.0210656,85.37996537,7,4566,3602,0,0,0,0,0,0,13.30146618,-99.7898196,13.29082084,6.021548133e-05,0,0,24,14,0.07517968217,0.07517968217,1.821494876
5860,0.6640625,0.5546875,220.7155085,88.76678299,7,4566,3603,0,0,0,0,0,0,532.1214596,-102.22225,515.6006107,6.021548133e-05,0,0,14,7,0.001879270197,0.001879270194,2.266618638
5861,0.671875,0.5546875,206.5525556,87.54629068,7,4662,4566,0,0,0,0,0,0,884.9444015,-100.642006,840.1737654,6.021548133e-05,0,0,3,1,0.001130014494,0.001130014492,0.8769164765
5862,0,0.6171875,-5.98379317,-5.98379317,7,3278,4641,1,1,1,0,0,1,1293.347648,76.32683433,1140.783957,9.874021122e-05,0,87.42158,5,5,0.0007731873186,0.0007731873186,0.6267964975
5863,0.0078125,0.609375,-291.0680884,-291.0680884,7,4641,4360,1,1,1,0,0,1,1142.872512,-95.65108854,1069.285741,6.021548133e-05,0,43.59469153,22,22,0.0008749882329,0.0008749882329,1.750738977
5864,0,0.6015625,22.49452279,22.49452279,7,4641,3863,1,0,0,0,0,1,191.6376575,0,0,0,0,0,72,36,0.005218181089,0.00521818108,5.876994065
5865,0.7890625,0.4765625,146.5550798,103.706618,7,3740,4793,0,0,0,0,0,0,44398.66122,-46.62822195,12086.24508,6.021548133e-05,0,0,3,1,2.252320166e-05,2.252320159e-05,0.03587805828
5866,0.7890625,0.4921875,92.0074417,131.4373029,7,4793,3952,0,0,0,0,0,0,6210.276021,14.56651677,4520.000369,6.021548133e-05,0,0,5,2,0.0001610234387,0.0001610234386,0.1225809997
5867,0.8046875,0.4921875,111.9731471,8.663748089,7,4793,3508,0,0,0,0,0,0,8015.456612,-172.0402178,5406.152405,6.021548133e-05,0,0,7,3,0.0001247589562,0.0001247589552,0.2278405323
5868,0.8046875,0.4765625,128.5922003,158.314624,7,4793,3951,0,0,0,0,0,0,1.160636452e+12,2.081079771e-06,16607.0247,6.021548133e-05,0,0,2,0,8.615962374e-13,0,0.8615962374
5869,0.78125,0.4921875,82.024589,90.29582632,7,3952,5004,0,0,0,0,0,0,8.555499011e+14,1.817411999e-08,16607.02494,6.021548133e-05,0,0,1,0,1.168838894e-15,0,0.001168838894
5870,0.7890625,0.484375,119.2812608,170.1432188,7,5004,4793,0,0,0,0,0,0,12662.6797,31.19877569,7184.542521,6.021548133e-05,0,0,3,1,7.897222577e-05,7.897222534e-05,0.1257978403
5871,0.78125,0.4765625,136.5722272,78.65462039,7,5004,3740,0,0,0,0,0,0,969.5955774,-45.10525975,916.1088685,6.021548133e-05,0,0,11,3,0.00103135784,0.001031357835,1.816644697
5872,0.75,0.484375,154.1864933,94.82305645,6,3262,3890,0,0,0,0,0,0,555.5006803,4.121156827,501.9480188,0.000192060352,0,0,24,10,0.001800177813,0.001800177808,2.808798034
5873,0.765625,0.46875,152.8426669,67.30478042,6,3890,3740,0,0,0,0,0,0,21.18396588,-8.987557234,21.09812605,0.000192060352,0,0,25,12,0.04720551409,0.04720551408,0.8705695375
5874,0.75,0.453125,129.4920819,57.58065197,6,3890,3479,0,0,0,0,0,0,12.95168345,-18.00455083,12.91954601,0.000192060352,0,0,26,14,0.07721004024,0.07721004024,1.576395735
5875,0.703125,0.453125,127.8529726,95.41942592,6,3429,3574,0,0,0,0,0,0,24.6474935,-39.13730702,24.53136676,0.000192060352,0,0,128,63,0.04057207684,0.04057207681,8.337527549
5876,0.703125,0.484375,151.8087161,142.2664162,6,3574,3456,0,0,0,0,0,0,47.55718882,-11.35544137,47.12674022,0.000192060352,0,0,77,42,0.02102731522,0.0210273152,10.8610157
5877,0.734375,0.484375,153.6401236,121.429905,6,3574,3262,0,0,0,0,0,0,262.5605463,-32.73527329,249.9559023,0.000192060352,0,0,32,15,0.003808645335,0.003808645327,5.976717122
5878,0.734375,0.453125,128.9457122,108.2924697,6,3574,3479,0,0,0,0,0,0,23.96766885,-30.75601173,23.85784549,0.000192060352,0,0,80,40,0.04172287285,0.04172287283,8.951715753
5879,0.734375,0.46875,141.2929179,67.19340899,6,3890,3574,0,0,0,0,0,0,460.1735746,-13.70426797,422.8055551,0.000192060352,0,0,19,8,0.002173093057,0.002173093053,2.915974713
5880,0.7734375,0.4765625,164.5179594,57.95949889,7,3740,4792,0,0,0,0,0,0,934.9949956,-84.39555908,885.1594781,6.021548133e-05,0,0,15,6,0.001069524441,0.001069524437,1.182595224
5881,0.7578125,0.4765625,153.5145801,65.64397074,7,4792,3890,0,0,0,0,0,0,334.3348334,-17.8531479,327.7367927,6.021548133e-05,0,0,20,12,0.002991013499,0.002991013497,4.754467856
5882,0.7578125,0.4921875,165.8617858,134.7996201,7,4792,3262,0,0,0,0,0,0,383.3913459,-21.96499989,374.7400615,6.021548133e-05,0,0,19,11,0.002608300919,0.002608300916,4.598885889
5883,0.7734375,0.4921875,109.9703213,227.8697612,7,4792,3952,0,0,0,0,0,0,2528.186464,118.978757,2194.156875,6.021548133e-05,0,0,7,3,0.0003955404454,0.0003955404437,0.7509571192
5884,0.7734375,0.484375,137.2441404,75.91942036,7,5004,4792,0,0,0,0,0,0,2028.896322,-55.04524076,1808.00999,6.021548133e-05,0,0,9,2,0.0004928788076,0.0004928788033,1.004018122
5885,0.0078125,0.59375,-404.2588953,-404.2588953,7,3863,4642,1,1,1,0,0,1,94.75742663,-248.2615561,141.2337636,6.021548133e-05,0,45.43553579,149,149,0.01055326253,0.01055326253,17.49389784
5886,0.015625,0.6015625,-376.4824916,-376.4824916,7,4642,4360,1,1,1,0,0,1,103.1635581,-18.80723579,102.5266577,6.021548133e-05,0,26.02782531,147,147,0.009693345388,0.009693345388,16.71666017
5887,0.0234375,0.59375,-348.9432152,-348.9432152,7,4642,3862,1,0,0,0,0,1,87.68815962,0,0,0,0,0,205,102,0.01140404821,0.01140404819,13.71241029
5888,0.0234375,0.5859375,-520.2920056,-520.2920056,7,3862,4359,1,0,0,0,0,1,43.82272465,0,0,0,0,0,132,72,0.02281921099,0.02281921098,0.2346063495
5889,0.0234375,0.5703125,-563.5284904,-563.5284904,7,4359,3864,1,0,0,0,0,1,6302.762215,0,0,0,0,0,56,25,0.0001586605945,0.0001586605913,1.168360528
5890,0.0078125,0.5703125,-722.3069829,-722.3069829,7,4359,3341,1,1,1,0,0,1,313.1144797,-11.56579486,2081.331842,6.021548133e-05,0,94.41233018,144,144,0.003193720076,0.003193720076,0.2831261406
5891,0.0078125,0.5859375,-335.7946248,-335.7946248,7,4359,3863,1,1,1,0,0,1,52.66341009,-46.09812347,195.9072501,6.021548133e-05,0,87.84529211,206,206,0.0189885159,0.0189885159,0.6771751463
5892,0.015625,0.5859375,-283.192776,-283.192776,7,4642,4359,1,1,1,0,0,1,20.26201314,356.4566465,46.00598039,2.691697289e-05,0,104.7256409,124,124,0.04935343755,0.04935343755,0.6613450245
5893,0.8828125,0.8125,298.8714433,172.428522,7,3513,4295,0,0,0,0,0,0,1602.436435,-220.5858683,1461.421691,6.021548133e-05,0,0,9,5,0.0006240497147,0.0006240497138,1.156235286
5894,0.890625,0.8203125,428.4725705,-19.71417566,7,4295,4294,0,0,0,0,0,0,1146.289108,-411.9629877,1072.275957,6.021548133e-05,0,0,3,2,0.0008723802683,0.0008723802682,0.6764980228
5895,0.8984375,0.8125,434.2222954,724.7894719,7,4295,3547,0,0,0,0,0,0,788.1879059,339.8389073,752.474622,6.021548133e-05,0,0,1,1,0.001268732992,0.001268732992,0.5761189325
5896,0.8984375,0.7890625,313.4489733,-0.8641616864,7,3546,4048,0,0,0,0,0,0,3.181051979,-351.7014813,3.18044277,6.021548133e-05,0,0,666,318,0.3143614146,0.3143614145,45.65353825
5897,0.8828125,0.7890625,399.8331942,642.6820431,7,4048,3540,0,0,0,0,0,0,43.88723746,316.2398996,43.77156274,6.021548133e-05,0,0,261,122,0.02278566749,0.02278566748,3.075617297
5898,0.8828125,0.8046875,235.2546114,235.2546114,7,4048,3513,1,1,1,0,0,1,4862.735047,-121.277071,3525.826658,9.874021122e-05,0,77.63940604,6,6,0.0002056455863,0.0002056455863,1.704148143
5899,0.8984375,0.8046875,393.9645214,370.4340307,7,4048,3547,0,0,0,0,0,0,6.657076446e+13,-4.978261927e-07,16607.02493,6.021548133e-05,0,0,1,0,1.502160908e-14,0,0.01502160908
5900,0.890625,0.8046875,326.2890953,326.2890953,7,4295,4048,0,0,0,0,0,0,1e+300,-77.66345716,269.7958702,0,0,0,0,0,0,0,0
5901,0.8671875,0.84375,621.1536164,155.5318234,7,3542,4592,0,0,0,0,0,0,1354.189716,-258.5027403,1252.090286,6.021548133e-05,0,0,11,3,0.0007384489691,0.0007384489659,0.8064520456
5902,0.859375,0.8359375,389.7057012,117.5204537,7,4592,4590,0,0,0,0,0,0,18.3073003,-284.4465656,18.28714087,6.021548133e-05,0,0,15,5,0.05462301833,0.05462301832,0.9771524869
5903,0.8515625,0.84375,406.8199918,1106.689455,7,4592,3538,0,0,0,0,0,0,105.5096788,728.8290822,104.8435744,6.021548133e-05,0,0,10,5,0.009477803472,0.00947780347,0.2013955487
5904,0.859375,0.8515625,439.2996953,24.58072255,7,4592,4589,0,0,0,0,0,0,1573.285164,-389.5984764,1437.136429,6.021548133e-05,0,0,6,3,0.0006356126805,0.0006356126789,0.8834986639
5905,0.0390625,0.6015625,-329.2852806,-329.2852806,7,3862,4361,1,1,1,0,0,1,29.5649844,-44.83880041,29.51244424,6.021548133e-05,0,30.66861038,236,236,0.03382379596,0.03382379596,43.78649197
5906,0.0390625,0.6171875,-257.8069653,-257.8069653,7,4361,3922,1,0,0,0,0,1,343.4679311,0,0,0,0,0,42,16,0.002911479965,0.002911479961,2.324071525
5907,0.0546875,0.6171875,-271.0926126,-271.0926126,7,4361,3340,1,1,1,0,0,1,204.9899609,-48.48560266,202.490505,6.021548133e-05,0,45.30406399,61,61,0.004878287676,0.004878287676,3.953708099
5908,0.0625,0.609375,-220.8012451,-220.8012451,6,3340,3925,1,0,0,0,0,1,34.91231769,0,0,0,0,0,430,207,0.02864318573,0.0286431857,22.90914393
5909,0.078125,0.59375,-215.1655199,-308.2915179,6,3925,3859,0,0,0,0,0,0,2.804835064,-80.05611822,2.803324919,0.000192060352,0,0,259,138,0.356527203,0.3565272029,1.686299384
5910,0.0625,0.578125,-266.7933407,-304.2250891,6,3925,3337,0,0,0,0,0,0,20.35775818,-24.92651629,20.27847101,0.000192060352,0,0,245,131,0.04912132226,0.04912132222,0.836979705
5911,0.046875,0.59375,-282.7119453,-282.7119453,6,3925,3862,1,0,0,0,0,1,6.590043391,0,0,0,0,0,559,275,0.1517440692,0.1517440691,0.7086083165
5912,0.0546875,0.6015625,-262.4859868,-274.6011643,7,4361,3925,0,0,0,0,0,0,30.45114629,-22.82068544,30.39541234,6.021548133e-05,0,0,274,128,0.03283948625,0.03283948623,0.1727927064
5913,0.03125,0.6171875,-243.1147359,-277.7034948,7,3922,4970,0,0,0,0,0,0,573.9573189,21.52702907,554.7833859,6.021548133e-05,0,0,32,15,0.001742289831,0.001742289828,2.562183919
5914,0.0390625,0.609375,-316.5173097,-316.5173097,7,4970,4361,1,1,1,0,0,1,141.8010674,-21.60917976,140.6005327,6.021548133e-05,0,33.50297526,75,75,0.007052133093,0.007052133093,7.080159518
5915,0.03125,0.6015625,-325.8334145,-325.8334145,7,4970,3862,1,0,0,0,0,1,51.05993261,0,0,0,0,0,299,149,0.01958482804,0.01958482801,25.6329119
5916,0.0234375,0.609375,-365.5762726,-365.5762726,7,4970,4360,1,1,1,0,0,1,383.4337627,-31.00611648,374.7805845,6.021548133e-05,0,31.94418559,37,37,0.00260801238,0.00260801238,4.448206012
5917,0.0390625,0.5234375,-661.4727074,-430.4939536,7,3861,4366,0,0,0,0,0,0,2.243359054,-45.25045239,2.243056051,6.021548133e-05,0,0,71,32,0.4457601194,0.4457601194,1.732006307
5918,0.0546875,0.5234375,-434.2721555,-368.1157551,7,4366,3971,0,0,0,0,0,0,2.873198413,-18.29808937,2.872701404,6.021548133e-05,0,0,54,29,0.3480441851,0.348044185,1.449236293
5919,0.0546875,0.5078125,-362.946107,-362.946107,7,4366,3356,1,1,1,0,0,1,3510.502097,-6.07833061,2897.92059,6.021548133e-05,0,178.2564362,17,17,0.0002848595364,0.0002848595364,0.640064727
5920,0.0390625,0.5078125,-502.270235,-464.7863789,7,4366,3970,0,0,0,0,0,0,242.293955,13.78707471,238.8097572,6.021548133e-05,0,0,42,17,0.004127218114,0.004127218105,3.097123485
5921,0.9375,0.7578125,571.598569,212.7948611,7,3510,4049,0,0,0,0,0,0,29.82046982,-133.3405743,29.76701855,6.021548133e-05,0,0,31,8,0.03353401225,0.03353401224,0.226965216
5922,0.9296875,0.765625,478.0437709,179.688844,7,4049,4046,0,0,0,0,0,0,133.0964105,-115.1796109,132.0381951,6.021548133e-05,0,0,26,7,0.00751335063,0.007513350621,2.099954529
5923,0.9375,0.7734375,284.624072,89.77990673,7,4049,3607,0,0,0,0,0,0,278.836614,-272.5965271,274.2321787,6.021548133e-05,0,0,15,7,0.003586329591,0.003586329588,1.639939281
5924,0.9609375,0.7734375,378.2223541,32.36358518,7,3545,4055,0,0,0,0,0,0,159.1394737,-309.2681076,157.6289689,6.021548133e-05,0,0,9,6,0.006283796074,0.006283796074,0.5829560515
5925,0.9609375,0.7578125,361.2912676,101.8058557,7,4055,3604,0,0,0,0,0,0,1526.644532,-239.1818992,1398.118779,6.021548133e-05,0,0,7,3,0.0006550313311,0.00065503133,1.392324413
5926,0.9453125,0.7578125,602.7979964,-1089.565632,7,4055,3510,0,0,0,0,0,0,115.1827407,-1434.297943,114.3893608,6.021548133e-05,0,0,17,4,0.008681856272,0.00868185627,0.04713312714
5927,0.9453125,0.7734375,315.8234994,446.0670022,7,4055,3607,0,0,0,0,0,0,271.9228377,85.0936926,267.5421127,6.021548133e-05,0,0,15,10,0.003677513843,0.003677513842,0.5697243037
5928,0.9453125,0.765625,459.3107479,197.2993834,7,4049,4055,0,0,0,0,0,0,12.02694123,-147.2857428,12.01823753,6.021548133e-05,0,0,20,8,0.08314666055,0.08314666055,0.6772978179
5929,0.6328125,0.5625,423.5649632,41.79201808,7,3459,4660,0,0,0,0,0,0,1400.340885,-88.30651341,1291.443525,6.021548133e-05,0,0,11,4,0.0007141118356,0.0007141118317,1.097975416
5930,0.640625,0.5703125,293.8936901,62.5214729,7,4660,4262,0,0,0,0,0,0,277.9835242,-106.2198502,273.4069887,6.021548133e-05,0,0,27,12,0.0035973355,0.003597335494,1.10132534
5931,0.6484375,0.5625,305.3387763,214.1541996,7,4660,3603,0,0,0,0,0,0,108.8608019,48.02024305,108.1518551,6.021548133e-05,0,0,20,11,0.00918604293,0.009186042925,1.288993513
5932,0.640625,0.5546875,353.1046483,309.3782798,7,4660,4569,0,0,0,0,0,0,9775.347619,164.1716597,6153.329892,6.021548133e-05,0,0,4,3,0.0001022981523,0.0001022981523,0.1212298725
5933,0.65625,0.7421875,53.91822914,118.6573179,7,3707,4032,0,0,0,0,0,0,1.366732722e+12,-1.453225167e-06,16607.02474,6.021548133e-05,0,0,1,0,7.316719532e-13,0,0.7316719532
5934,0.6640625,0.734375,356.0210047,308.0815076,7,4032,4023,0,0,0,0,0,0,23.51084291,133.069909,23.47760528,6.021548133e-05,0,0,64,38,0.04253356648,0.04253356646,9.750727989
5935,0.65625,0.7265625,155.4375393,-132.3919502,7,4032,3683,0,0,0,0,0,0,44.00961849,-326.0179844,43.8932986,6.021548133e-05,0,0,145,73,0.02272230559,0.02272230558,4.047046903
5936,0.6484375,0.734375,145.4622464,102.2652845,7,4032,4022,0,0,0,0,0,0,12.40725597,-89.28096887,12.39799332,6.021548133e-05,0,0,82,35,0.08059799866,0.08059799862,11.54990929
5937,0,0.5234375,-668.6474087,-668.6474087,7,3865,4428,1,0,0,0,0,1,6378.020577,0,0,0,0,0,56,28,0.0001567884562,0.0001567884496,2.942437659
5938,0.0078125,0.515625,-747.7144623,-747.7144623,7,4428,4367,1,0,0,0,0,1,2706.079117,0,0,0,0,0,120,65,0.0003695383456,0.0003695383344,0.07607779694
5939,0,0.5078125,-800.5650398,-800.5650398,7,4428,3245,1,1,1,0,0,1,39798.79528,-19.69802991,14416.12429,6.021548133e-05,0,67.26266927,21,21,2.51263887e-05,2.51263887e-05,4.283633525
5940,0.9765625,0.8515625,362.7545717,17.02770584,7,3544,4102,0,0,0,0,0,0,651.5949187,-415.4749908,626.9941139,6.021548133e-05,0,0,3,2,0.001534695823,0.001534695823,0.5747888156
5941,0.9765625,0.8671875,327.5306459,-1789.822947,7,4102,3675,0,0,0,0,0,0,192.9728186,-2209.235796,190.7562404,6.021548133e-05,0,0,156,79,0.005182076974,0.005182076972,0.5763387234
5942,0.9921875,0.8671875,258.1142776,-1662.343206,7,4102,3320,0,0,0,0,0,0,422.8797964,-2085.548742,412.3790141,6.021548133e-05,0,0,66,34,0.00236473818,0.002364738179,0.2483831254
5943,0.9921875,0.8515625,511.9637454,-30.87049917,7,4102,3630,0,0,0,0,0,0,34680.89878,-457.6826514,11229.6718,6.021548133e-05,0,0,4,1,2.883431615e-05,2.88343157e-05,0.0472063391
5944,0.125,0.328125,-75.86547023,-256.1129261,6,3353,3849,0,0,0,0,0,0,14588.13115,-92.90535961,3837.162659,0.000192060352,0,0,5,4,6.854887646e-05,6.854887646e-05,0.09232609811
5945,0.109375,0.34375,-79.2603574,-79.2603574,6,3849,3548,0,0,0,0,0,0,1e+300,-166.0676263,44.17844555,0,0,0,0,0,0,0,0
5946,0.125,0.359375,-77.79033259,-208.0766472,6,3849,3266,0,0,0,0,0,0,9.643861866,-49.32601512,9.626032494,0.000192060352,0,0,157,72,0.1036928996,0.1036928996,0.446181131
5947,0.140625,0.34375,-67.94623712,-149.188192,6,3849,3852,0,0,0,0,0,0,4.177561473,-8.616907667,4.174212319,0.000192060352,0,0,160,74,0.2393740958,0.2393740957,0.8470270312
5948,0.1171875,0.3671875,-79.48777618,-313.9114792,7,3266,4278,0,0,0,0,0,0,33.39585567,-86.29556909,33.32883313,6.021548133e-05,0,0,24,11,0.02994383524,0.02994383524,1.705588601
5949,0.1171875,0.3515625,-78.525345,-169.3441354,7,4278,3849,0,0,0,0,0,0,504.3440065,60.50024191,489.4788676,6.021548133e-05,0,0,12,6,0.001982773637,0.001982773635,0.5704254796
5950,0.1015625,0.3515625,-80.95780098,-457.116579,7,4278,3548,0,0,0,0,0,0,108.301893,-122.111836,107.6001837,6.021548133e-05,0,0,1,1,0.009233448947,0.009233448947,0.7795816214
5951,0.078125,0.375,-871.1053738,-377.1714222,6,3333,3720,0,0,0,0,0,0,176.900937,37.79551922,171.0881063,0.000192060352,0,0,6,3,0.005652881306,0.005652881304,0.2921481897
5952,0.09375,0.390625,-684.8798104,-143.3604315,6,3720,3714,0,0,0,0,0,0,13.98648672,318.6332544,13.94901618,0.000192060352,0,0,8,4,0.07149758333,0.07149758333,0.2882160794
5953,0.109375,0.375,-342.8703005,-434.5286424,6,3720,3266,0,0,0,0,0,0,13.80765323,-191.8582187,13.77113352,0.000192060352,0,0,19,8,0.07242360331,0.07242360331,0.3043685684
5954,0.09375,0.359375,-344.3403253,-379.7595829,6,3720,3548,0,0,0,0,0,0,46.75316873,-29.70032632,46.33708809,0.000192060352,0,0,6,3,0.02138892458,0.02138892458,1.20745698
5955,0.1015625,0.3671875,-343.6053129,-383.8164727,7,4278,3720,0,0,0,0,0,0,35.44547532,-70.05230375,35.36998282,6.021548133e-05,0,0,13,6,0.02821234561,0.02821234561,1.253759443
5956,0.90625,0.8046875,461.6399474,107.3136289,7,3547,4298,0,0,0,0,0,0,823.2595473,-261.3202293,784.3757137,6.021548133e-05,0,0,2,1,0.001214683757,0.001214683757,0.8429433228
5957,0.9140625,0.796875,461.6535531,64.23991301,7,4298,4045,0,0,0,0,0,0,14.30921045,-297.8050823,14.29689174,6.021548133e-05,0,0,184,95,0.06988505783,0.06988505781,9.998330379
5958,0.90625,0.7890625,381.1243994,63.9279095,7,4298,3546,0,0,0,0,0,0,1.759499598,-285.1092371,1.7593132,6.021548133e-05,0,0,619,306,0.5683434093,0.5683434091,93.41732608
5959,0.8984375,0.796875,353.7067473,83.0313106,7,4298,4048,0,0,0,0,0,0,5.470847675,-279.8361047,5.469046009,6.021548133e-05,0,0,437,212,0.1827870304,0.1827870303,29.79142633
5960,0.1484375,0.4609375,250.5676708,-164.8439097,7,3808,4517,0,0,0,0,0,0,230.7740995,-27.84696482,227.6111751,6.021548133e-05,0,0,23,9,0.004333241912,0.004333241903,5.168944094
5961,0.1484375,0.4453125,-111.8659562,-111.8659562,7,4517,4513,1,0,0,0,0,1,1e+300,0,0,0,0,0,0,0,0,0,0
5962,0.1328125,0.4453125,-22.01111177,-218.5668575,7,4517,3359,0,0,0,0,0,0,25.00975488,-79.40528957,24.97214747,6.021548133e-05,0,0,246,117,0.03998439828,0.03998439822,34.18375614
5963,0.125,0.484375,-141.9113764,-141.9113764,6,3282,4512,1,0,0,0,0,1,187.9541636,0,0,0,0,0,74,33,0.005320446118,0.005320446113,5.375559141
5964,0.140625,0.46875,68.29183573,-293.1860838,6,4512,3808,0,0,0,0,0,0,1160.591942,-132.2489114,949.0460656,0.000192060352,0,0,31,14,0.0008616292805,0.000861629279,1.131269723
5965,0.125,0.453125,-204.2869468,-253.1880074,6,4512,3359,0,0,0,0,0,0,3.536779767,-90.08621192,3.534378952,0.000192060352,0,0,314,153,0.2827430787,0.2827430786,0.924184484
5966,0.109375,0.46875,-156.898177,1.797107104,6,4512,3717,0,0,0,0,0,0,12.47587089,204.8016127,12.44604866,0.000192060352,0,0,109,54,0.08015472497,0.08015472495,0.2558476279
5967,0.1328125,0.4609375,-67.99755554,-190.2465246,7,4517,4512,0,0,0,0,0,0,21.96634983,-61.68195231,21.937333,6.021548133e-05,0,0,236,110,0.04552417711,0.04552417705,37.73908125
5968,0.8359375,0.6015625,171.223796,220.914338,7,3725,4336,0,0,0,0,0,0,140.8118627,17.73995419,139.6279498,6.021548133e-05,0,0,23,10,0.007101674395,0.007101674389,3.560771557
5969,0.8203125,0.6015625,226.3946495,70.58829256,7,4336,3729,0,0,0,0,0,0,217.490534,-140.2634788,214.6790336,6.021548133e-05,0,0,26,13,0.004597901259,0.004597901256,1.903719265
5970,0.8203125,0.6171875,365.7916822,-11.99349278,7,4336,3490,0,0,0,0,0,0,108.5409536,-231.1633028,107.8361532,6.021548133e-05,0,0,13,8,0.009213112346,0.009213112345,0.3465310105
5971,0.8359375,0.6171875,175.6543188,541.9556692,7,4336,3724,0,0,0,0,0,0,2012.611362,312.6477582,1795.066592,6.021548133e-05,0,0,13,6,0.0004968669157,0.0004968669145,0.1524860679
5972,0.8125,0.6171875,393.377109,22.31861645,7,3490,4935,0,0,0,0,0,0,40.43492655,-175.3534072,40.33671438,6.021548133e-05,0,0,12,9,0.02473109475,0.02473109475,0.9209552438
5973,0.8203125,0.609375,296.0931659,92.07559342,7,4935,4336,0,0,0,0,0,0,37.08034164,-107.1939371,36.99773271,6.021548133e-05,0,0,13,9,0.02696846782,0.02696846781,0.8978408648
5974,0.8125,0.6015625,253.9800763,207.0278367,7,4935,3729,0,0,0,0,0,0,803.7574275,17.67385168,766.6524894,6.021548133e-05,0,0,11,6,0.001244156465,0.001244156464,1.338603942
5975,0.765625,0.625,280.7940418,280.7940418,6,3311,3722,1,1,1,0,0,1,1356.985364,49.06441215,1222.635378,9.874021122e-05,0,29.94711936,29,29,0.0007369276238,0.0007369276238,0.204800994
5976,0.78125,0.640625,242.9277844,242.9277844,6,3722,3622,1,0,0,0,0,1,153.8670428,0,0,0,0,0,633,362,0.00649911756,0.006499117552,2.521365641
5977,0.796875,0.625,375.4560261,-9.131797742,6,3722,3490,0,0,0,0,0,0,4048.917345,-234.5353718,2277.697024,0.000192060352,0,0,35,14,0.0002469796034,0.0002469796005,0.5100642479
5978,0.78125,0.609375,228.9772549,85.4990542,6,3722,3728,0,0,0,0,0,0,171.1614917,-144.9301689,165.7139222,0.000192060352,0,0,34,19,0.005842435643,0.005842435641,0.1957440122
5979,0.7890625,0.6015625,243.3574684,354.8685729,7,3728,4941,0,0,0,0,0,0,7.73480646,129.7577963,7.731205611,6.021548133e-05,0,0,33,20,0.1292857171,0.1292857171,0.7316708574
5980,0.7890625,0.6171875,302.2166405,50.21820843,7,4941,3722,0,0,0,0,0,0,11.47461628,-177.6981902,11.46669337,6.021548133e-05,0,0,36,17,0.08714888375,0.08714888374,0.4997829949
5981,0.8046875,0.6171875,389.8362396,61.72839051,7,4941,3490,0,0,0,0,0,0,99.20215025,-158.3567371,98.61308447,6.021548133e-05,0,0,28,13,0.01008042666,0.01008042666,0.8935669576
5982,0.8046875,0.6015625,250.439207,87.11250537,7,4941,3729,0,0,0,0,0,0,507.2625201,-124.6545836,492.227406,6.021548133e-05,0,0,21,12,0.001971365832,0.00197136583,2.526897321
5983,0.8046875,0.609375,320.1377233,274.6781202,7,4935,4941,0,0,0,0,0,0,73.64265872,74.49327206,73.31753737,6.021548133e-05,0,0,10,6,0.01357908605,0.01357908605,0.5121529004
5984,0.765625,0.8125,172.2864759,310.5752392,6,3497,3609,0,0,0,0,0,0,8767729.038,12.65907077,5203.606545,0.000192060352,0,0,1,1,1.140546196e-07,1.140546196e-07,6.729416076e-05
5985,0.78125,0.828125,189.6258131,92.89394897,6,3609,3537,0,0,0,0,0,0,11.37905968,-210.8125504,11.35424536,0.000192060352,0,0,6,3,0.08788072372,0.08788072372,0.6593092139
5986,0.796875,0.8125,333.1475291,26.84477438,6,3609,3491,0,0,0,0,0,0,9.682819098,-262.8346927,9.664845523,0.000192060352,0,0,8,4,0.1032757082,0.1032757082,0.9963833561
5987,0.78125,0.796875,226.4789301,-144.4849383,6,3609,3536,0,0,0,0,0,0,225.1287571,-450.9644935,215.7980159,0.000192060352,0,0,42,21,0.004441902549,0.004441902547,1.821766431
5988,0.7890625,0.7890625,253.5751572,196.0438136,7,3536,4003,0,0,0,0,0,0,11.82114033,-113.8423715,11.81273185,6.021548133e-05,0,0,379,193,0.08459420765,0.08459420761,14.76595341
5989,0.7890625,0.8046875,279.8132296,122.1743629,7,4003,3609,0,0,0,0,0,0,12.04875296,-175.0300847,12.04001767,6.021548133e-05,0,0,38,20,0.08299614104,0.08299614104,1.082008558
5990,0.8046875,0.8046875,360.2437562,101.0120534,7,4003,3491,0,0,0,0,0,0,13.17926039,-192.0740436,13.16880968,6.021548133e-05,0,0,5,3,0.07587679206,0.07587679206,0.8858625395
5991,0.8046875,0.7890625,280.6307144,27.67788931,7,4003,3634,0,0,0,0,0,0,4.400218216,-282.0286203,4.399052637,6.021548133e-05,0,0,521,265,0.2272614563,0.2272614563,20.47482297
5992,0.8125,0.7890625,294.1584929,79.09457024,7,3634,4007,0,0,0,0,0,0,1.872625309,-250.0945915,1.872414174,6.021548133e-05,0,0,445,220,0.5340096575,0.5340096574,60.05761202
5993,0.8046875,0.796875,320.4372353,91.53232998,7,4007,4003,0,0,0,0,0,0,11.5857486,-228.5613995,11.57767154,6.021548133e-05,0,0,179,91,0.08631293793,0.08631293791,7.144523746
5994,0.8125,0.8046875,373.7715348,77.03226252,7,4007,3491,0,0,0,0,0,0,1271.518473,-235.5364865,1181.088331,6.021548133e-05,0,0,2,1,0.000786461244,0.000786461244,0.5726864822
5995,0.8203125,0.8046875,369.9520117,297.3231561,7,3491,4008,0,0,0,0,0,0,1.598934726e+12,-1.941530741e-06,16607.02476,6.021548133e-05,0,0,2,0,6.254163997e-13,0,0.6254163997
5996,0.8359375,0.8046875,430.284402,421.6405614,7,4008,3541,0,0,0,0,0,0,9.277108926,119.2585474,9.271929389,6.021548133e-05,0,0,181,102,0.1077922021,0.107792202,13.67684582
5997,0.8359375,0.7890625,282.6999237,77.89263023,7,4008,3539,0,0,0,0,0,0,2.451512406,-249.7583431,2.45115057,6.021548133e-05,0,0,643,347,0.407911458,0.407911458,31.86321649
5998,0.8203125,0.7890625,290.3389699,107.3024469,7,4008,3634,0,0,0,0,0,0,3.121017313,-206.6411239,3.12043088,6.021548133e-05,0,0,732,375,0.3204083475,0.3204083474,29.46799403
5999,0.8203125,0.796875,330.1454908,78.10767722,7,4007,4008,0,0,0,0,0,0,7.093998126,-246.2231134,7.090969088,6.021548133e-05,0,0,268,130,0.1409642323,0.1409642323,16.98965683
6000,0.6171875,0.5625,414.9435687,63.78193141,7,3459,4497,0,0,0,0,0,0,103.0869073,-109.8993375,102.4509504,6.021548133e-05,0,0,13,7,0.009700552925,0.009700552923,1.414090919
6001,0.609375,0.5546875,327.2158456,327.2158456,7,4497,4311,0,0,0,0,0,0,1e+300,0,1e+300,0,0,0,0,0,0,0,0
6002,0.6015625,0.5625,279.4745927,96.06257515,7,4497,3597,0,0,0,0,0,0,42.53088622,-98.44292702,42.4222421,6.021548133e-05,0,0,14,7,0.02351232455,0.02351232454,1.176671579
6003,0.609375,0.5703125,315.3794668,121.8114531,7,4497,4373,0,0,0,0,0,0,42.61939502,-77.18643293,42.51029883,6.021548133e-05,0,0,27,14,0.02346349589,0.02346349589,1.34921997
6004,0.5390625,0.5234375,152.6096555,229.534848,7,3592,4305,0,0,0,0,0,0,939.7654501,76.08282475,889.4337893,6.021548133e-05,0,0,14,7,0.001064095302,0.001064095299,0.6809730986
6005,0.5546875,0.5234375,163.7743734,193.8040154,7,4305,3737,0,0,0,0,0,0,2.218107021,-12.6248096,2.2178108,6.021548133e-05,0,0,946,470,0.4508348744,0.4508348743,30.78045979
6006,0.5546875,0.5078125,163.9797471,44.96994592,7,4305,3458,0,0,0,0,0,0,0.9077833202,-72.14410291,0.9077337011,6.021548133e-05,0,0,1397,699,1.101584462,1.101584461,56.77312156
6007,0.5390625,0.5078125,178.4946822,55.04507327,7,4305,3736,0,0,0,0,0,0,6.952566919,-116.5549371,6.94965743,6.021548133e-05,0,0,877,452,0.1438317691,0.1438317691,12.53088676
6008,0.53125,0.5703125,128.0460884,104.8120027,7,3668,4300,0,0,0,0,0,0,1.004784362e+12,-5.032554924e-07,16607.02466,6.021548133e-05,0,0,2,0,9.95238419e-13,0,0.995238419
6009,0.5234375,0.578125,164.8658184,67.18825326,7,4300,4065,0,0,0,0,0,0,335.7742001,-59.70517397,329.1197912,6.021548133e-05,0,0,29,16,0.002978191891,0.002978191886,3.13759515
6010,0.53125,0.5859375,-2.865560762,94.61999267,7,4300,3593,0,0,0,0,0,0,81.65498367,-61.50116131,81.25545918,6.021548133e-05,0,0,71,42,0.01224664993,0.01224664992,10.40571846
6011,0.5546875,0.5703125,109.5521272,165.6793446,7,3433,4064,0,0,0,0,0,0,27.97295564,-27.55490328,27.92591709,6.021548133e-05,0,0,319,146,0.03574881442,0.03574881438,15.27538793
6012,0.5390625,0.5703125,121.8814347,32.19593912,7,4064,3668,0,0,0,0,0,0,454.1238623,-91.14113821,442.0362541,6.021548133e-05,0,0,2,2,0.002202042401,0.002202042401,0.7268727431
6013,0.5390625,0.5859375,-9.030214511,92.4929968,7,4064,3593,0,0,0,0,0,0,193.3492061,-82.15323128,191.1240226,6.021548133e-05,0,0,93,52,0.00517198917,0.005171989167,3.402771092
6014,0.5546875,0.5859375,187.5357457,65.37372354,7,4064,3627,0,0,0,0,0,0,7.179034721,-94.34942274,7.175932644,6.021548133e-05,0,0,366,170,0.1392944928,0.1392944927,27.5907962
6015,0.5390625,0.578125,56.42561007,58.16819864,7,4300,4064,0,0,0,0,0,0,142.7823374,-88.31235171,141.5652012,6.021548133e-05,0,0,44,26,0.007003667389,0.007003667384,5.00411623
6016,0.9296875,0.9453125,1027.502376,1027.502376,7,3493,4092,0,0,0,0,0,0,1e+300,0,1e+300,0,0,0,0,0,0,0,0
6017,0.9140625,0.9453125,378.6832254,378.6832254,7,4092,3688,0,0,0,0,0,0,1e+300,0,1e+300,0,0,0,0,0,0,0,0
6018,0.9140625,0.9609375,785.5817846,785.5817846,7,4092,3636,0,0,0,0,0,0,1e+300,0,1e+300,0,0,0,0,0,0,0,0
6019,0.9296875,0.9609375,527.1806445,527.1806445,7,4092,3640,0,0,0,0,0,0,1e+300,0,1e+300,0,0,0,0,0,0,0,0
6020,0.9140625,0.9375,175.2339457,-95.02001734,7,3688,4420,0,0,0,0,0,0,478.597781,-535.0319754,465.1914311,6.021548133e-05,0,0,5,3,0.002089437184,0.002089437184,0.5017493774
6021,0.921875,0.9453125,703.0928008,703.0928008,7,4420,4092,0,0,0,0,0,0,1e+300,0,1e+300,0,0,0,0,0,0,0,0
6022,0.9296875,0.9375,824.0530966,116.9304309,7,4420,3493,0,0,0,0,0,0,292.4787423,-313.6024345,287.4168295,6.021548133e-05,0,0,13,5,0.003419051901,0.003419051899,2.200698671
6023,0.921875,0.9296875,788.3648904,17.9525275,7,4420,4423,0,0,0,0,0,0,154.2722574,-430.3175138,152.8523238,6.021548133e-05,0,0,18,8,0.00648204685,0.006482046843,2.654088619
6024,0.9609375,0.75,352.8257243,166.8318841,7,3604,4083,0,0,0,0,0,0,862.5127422,-173.2579168,819.9284309,6.021548133e-05,0,0,7,3,0.001159403161,0.00115940316,1.407462059
6025,0.953125,0.7421875,423.248791,240.7358044,7,4083,4078,0,0,0,0,0,0,903.7073382,-57.4454122,857.0681149,6.021548133e-05,0,0,8,3,0.001106552927,0.001106552925,1.01189097
6026,0.9453125,0.75,594.3324531,701.8407811,7,4083,3510,0,0,0,0,0,0,102.9250942,358.0064241,102.2911262,6.021548133e-05,0,0,11,3,0.009715803589,0.009715803586,0.3200548533
6027,0.953125,0.7578125,482.044632,106.9655107,7,4083,4055,0,0,0,0,0,0,33.163588,-235.3185372,33.09749359,6.021548133e-05,0,0,10,3,0.03015355274,0.03015355274,0.9308564124
6028,0.9375,0.7890625,271.5984276,76.5229455,7,3607,4051,0,0,0,0,0,0,1.481572628,-289.7309144,1.481440463,6.021548133e-05,0,0,537,244,0.6749584741,0.6749584739,59.9728373
6029,0.9296875,0.796875,451.9924823,139.9546529,7,4051,4045,0,0,0,0,0,0,8.864996025,-218.4282726,8.860266327,6.021548133e-05,0,0,315,142,0.1128032091,0.112803209,13.14696704
6030,0.9375,0.8046875,532.5216359,93.55748952,7,4051,3494,0,0,0,0,0,0,272.2060668,-277.8332847,267.8162849,6.021548133e-05,0,0,6,3,0.003673687408,0.003673687406,1.929001538
6031,0.9453125,0.8046875,563.7210633,26.39877499,7,3494,4052,0,0,0,0,0,0,276.6111837,-350.4004052,272.079355,6.021548133e-05,0,0,6,4,0.003615182823,0.003615182823,1.371515626
6032,0.9609375,0.8046875,340.769413,2.458635481,7,4052,3628,0,0,0,0,0,0,733.2439443,-341.0171696,702.2382727,6.021548133e-05,0,0,9,5,0.001363802603,0.001363802603,1.202975926
6033,0.9609375,0.7890625,365.1967098,435.368354,7,4052,3545,0,0,0,0,0,0,16.20962245,83.04770487,16.19381615,6.021548133e-05,0,0,252,132,0.0616917515,0.06169175149,5.583940538
6034,0.9453125,0.7890625,302.797855,11.44305576,7,4052,3607,0,0,0,0,0,0,4.588594187,-360.2192102,4.587326688,6.021548133e-05,0,0,465,226,0.2179316713,0.2179316712,22.06717808
6035,0.9453125,0.796875,433.2594592,157.9062554,7,4051,4052,0,0,0,0,0,0,7.583186893,-201.2452533,7.579725799,6.021548133e-05,0,0,228,105,0.1318706784,0.1318706784,12.17214025
6036,0.8515625,0.7265625,179.6709711,73.67819409,7,3620,4159,0,0,0,0,0,0,60.62013944,-211.8368566,60.3996643,6.021548133e-05,0,0,39,25,0.01649616793,0.01649616792,7.632418725
6037,0.8515625,0.7421875,175.2715695,-133.6384373,7,4159,3631,0,0,0,0,0,0,2120.211559,-425.2980871,1880.17096,6.021548133e-05,0,0,8,2,0.0004716510463,0.0004716510447,0.2617570323
6038,0.8671875,0.7421875,164.7245628,-65.04972477,7,4159,3318,0,0,0,0,0,0,392.6676261,-360.1014863,383.5975877,6.021548133e-05,0,0,9,5,0.002546683082,0.00254668308,0.8218136625
6039,0.8671875,0.7265625,298.7679055,29.65528351,7,4159,3616,0,0,0,0,0,0,99.89472579,-256.8063703,99.29743099,6.021548133e-05,0,0,32,20,0.01001053852,0.01001053851,5.471529813
6040,0.84375,0.7421875,180.5450729,324.23077,7,3631,4249,0,0,0,0,0,0,6.655785035e+11,-6.182088953e-06,16607.02452,6.021548133e-05,0,0,4,0,1.50245237e-12,0,1.50245237
6041,0.8515625,0.734375,177.4712703,455.908056,7,4249,4159,0,0,0,0,0,0,264.97143,159.2204746,260.8101051,6.021548133e-05,0,0,13,6,0.003773991784,0.003773991781,2.987316597
6042,0.84375,0.7265625,184.9444744,-7.472138703,7,4249,3620,0,0,0,0,0,0,429.294726,-325.5583157,418.4770162,6.021548133e-05,0,0,12,8,0.002329402015,0.002329402014,2.243514944
6043,0.8359375,0.734375,311.4053156,158.7253534,7,4249,4158,0,0,0,0,0,0,1924.106233,-168.9171838,1724.324322,6.021548133e-05,0,0,3,2,0.0005197218234,0.0005197218231,0.6947912736
6044,0.015625,0.6875,-92.14837438,-92.14837438,6,3339,3837,1,1,1,0,0,1,184.7643878,-159.7281908,178.4325457,0.000192060352,0,21.57416146,31,31,0.005412298397,0.005412298397,5.051554496
6045,0.03125,0.703125,-30.67228531,-184.1843144,6,3837,3834,0,0,0,0,0,0,6.756456919,-64.7236019,6.747700782,0.000192060352,0,0,312,165,0.1480065679,0.1480065679,2.464034297
6046,0.046875,0.6875,-34.29723268,-193.9281397,6,3837,3338,0,0,0,0,0,0,4.755717655,-45.310516,4.751377818,0.000192060352,0,0,340,179,0.2102732064,0.2102732064,2.947264387
6047,0.03125,0.671875,-185.8745315,-185.8745315,6,3837,3833,1,0,0,0,0,1,11.69042562,0,0,0,0,0,966,481,0.08554008488,0.0855400848,71.51734518
6048,0.5078125,0.5078125,36.73115241,135.8067642,7,3244,4302,0,0,0,0,0,0,44.08987293,6.125931535,43.97312898,6.021548133e-05,0,0,94,42,0.02268094539,0.02268094537,4.302571541
6049,0.5078125,0.5234375,305.5097592,137.3976306,7,4302,3669,0,0,0,0,0,0,89.39215833,-40.33283784,88.91355517,6.021548133e-05,0,0,64,31,0.01118666356,0.01118666355,6.417364023
6050,0.5234375,0.5234375,110.1934572,25.2251955,7,4302,3592,0,0,0,0,0,0,32047.15011,-125.9899095,10938.58483,6.021548133e-05,0,0,4,1,3.120402272e-05,3.120402252e-05,0.06567298599
6051,0.5234375,0.5078125,136.078484,33.37945831,7,4302,3736,0,0,0,0,0,0,23.85823173,-135.9836338,23.82400533,6.021548133e-05,0,0,317,137,0.04191425465,0.04191425462,9.259463735
6052,0.53125,0.5078125,185.7521498,90.65200936,7,3736,4874,0,0,0,0,0,0,5.362929638,-69.15260051,5.361198339,6.021548133e-05,0,0,703,344,0.1864652471,0.186465247,25.41407036
6053,0.5234375,0.515625,123.1359706,58.81437655,7,4874,4302,0,0,0,0,0,0,30.32685156,-72.07511001,30.27157125,6.021548133e-05,0,0,291,127,0.03297407903,0.03297407901,11.20994787
6054,0.53125,0.5234375,159.867123,-29.27387005,7,4874,3592,0,0,0,0,0,0,2128.8603,-170.9304928,1886.969078,6.021548133e-05,0,0,8,3,0.0004697349093,0.0004697349088,0.2558607258
6055,0.5390625,0.515625,146.8474646,85.00108852,7,4874,4305,0,0,0,0,0,0,6.63454278,-48.12531632,6.631893324,6.021548133e-05,0,0,420,220,0.1507262871,0.1507262871,24.31872229
6056,0.609375,0.6875,369.8026474,65.08184742,6,3463,3827,0,0,0,0,0,0,1506.072159,-120.8249141,1168.170855,0.000192060352,0,0,8,4,0.0006639788101,0.0006639788097,0.6398490512
6057,0.59375,0.671875,244.4289271,14.14814762,6,3827,3560,0,0,0,0,0,0,498.5166312,-190.2459961,454.956677,0.000192060352,0,0,19,13,0.002005951131,0.00200595113,2.110809002
6058,0.578125,0.6875,269.6700617,415.2930252,6,3827,3434,0,0,0,0,0,0,9.605189598,212.7288709,9.587502802,0.000192060352,0,0,39,23,0.1041103863,0.1041103863,0.3018525674
6059,0.59375,0.703125,229.8601922,53.49120319,6,3827,3563,0,0,0,0,0,0,2.897335762,-142.4546969,2.895724397,0.000192060352,0,0,29,15,0.3451446716,0.3451446716,0.9609570308
6060,0.6015625,0.6640625,231.8083598,95.96936899,7,3560,4289,0,0,0,0,0,0,821.5675559,-95.41521702,782.8396294,6.021548133e-05,0,0,3,3,0.001217185358,0.001217185358,1.231775262
6061,0.6015625,0.6796875,307.1157872,123.4978309,7,4289,3827,0,0,0,0,0,0,342.5515747,-57.72806936,335.6285946,6.021548133e-05,0,0,8,6,0.002919268436,0.002919268436,2.665163626
6062,0.6171875,0.6796875,357.1820801,68.0851641,7,4289,3463,0,0,0,0,0,0,4.872053989,-104.8120397,4.870625079,6.021548133e-05,0,0,31,16,0.2052522411,0.2052522411,0.8658138083
6063,0.6171875,0.6640625,306.2241864,-13.42508037,7,4289,3826,0,0,0,0,0,0,18.71920563,-204.3816562,18.69812936,6.021548133e-05,0,0,28,14,0.05342107031,0.0534210703,0.2354901693
6064,0.6484375,0.4765625,110.0789126,-0.7200209516,7,3573,4035,0,0,0,0,0,0,36868.46903,-68.143406,11449.64804,6.021548133e-05,0,0,3,1,2.712344793e-05,2.712344719e-05,0.03475793101
6065,0.6328125,0.4765625,132.0861994,95.49862933,7,4035,3576,0,0,0,0,0,0,550.4840067,-4.563647001,532.822198,6.021548133e-05,0,0,8,3,0.001816583203,0.001816583199,1.863782779
6066,0.6328125,0.4921875,178.092786,57.03121568,7,4035,3310,0,0,0,0,0,0,375.6611882,-40.92632588,367.3514705,6.021548133e-05,0,0,11,7,0.002661973159,0.002661973158,3.999092259
6067,0.671875,0.5,175.1780938,68.46647509,6,3456,3888,0,0,0,0,0,0,28.10599789,-79.28362642,27.95509495,0.000192060352,0,0,86,45,0.03557959421,0.03557959419,9.4579909
6068,0.65625,0.484375,131.7786397,157.4977533,6,3888,3573,0,0,0,0,0,0,8258.736235,40.53890226,3193.416423,0.000192060352,0,0,12,5,0.0001210839009,0.0001210839003,0.1788727947
6069,0.640625,0.5,199.7925131,-96.19746539,6,3888,3310,0,0,0,0,0,0,991.3603926,-243.6904729,832.795311,0.000192060352,0,0,33,22,0.001008714901,0.0010087149,0.4203199063
6070,0.65625,0.515625,194.1610502,88.86157181,6,3888,3602,0,0,0,0,0,0,22.27749617,-67.75192104,22.18258523,0.000192060352,0,0,97,51,0.04488834798,0.04488834796,10.8201653
6071,0.6484375,0.4921875,165.7855764,78.31357121,7,4035,3888,0,0,0,0,0,0,4353.740782,-4.768406229,3449.429411,6.021548133e-05,0,0,6,5,0.0002296875377,0.0002296875368,0.4824914704
6072,0.1640625,0.4140625,-54.3998859,-54.3998859,7,3807,4764,0,0,0,0,0,0,1e+300,0,1e+300,0,0,0,0,0,0,0,0
6073,0.1640625,0.4296875,-74.28682072,-103.308055,7,4764,4513,0,0,0,0,0,0,1.241851306e+12,-7.687640675e-07,16607.02471,6.021548133e-05,0,0,1,0,8.052493849e-13,0,0.8052493849
6074,0.1796875,0.4296875,-44.65873475,-76.01059146,7,4764,3331,0,0,0,0,0,0,1.004745947e+12,-7.154021802e-07,16607.02466,6.021548133e-05,0,0,1,0,9.952764708e-13,0,0.9952764708
6075,0.1796875,0.4140625,-78.39214787,-78.39214787,7,4764,3917,0,0,0,0,0,0,1e+300,0,1e+300,0,0,0,0,0,0,0,0
6076,0.9765625,0.8359375,547.0647619,39.21995245,7,3544,4103,0,0,0,0,0,0,14.23234292,-368.0346697,14.22015614,6.021548133e-05,0,0,10,5,0.07026250038,0.07026250038,1.390060879
6077,0.9921875,0.8359375,696.2739356,-354.3028282,7,4103,3630,0,0,0,0,0,0,2452.247114,-755.866906,2136.730556,6.021548133e-05,0,0,6,4,0.0004077892454,0.0004077892453,0.116700615
6078,0.9921875,0.8203125,811.0448483,61.33126509,7,4103,3527,0,0,0,0,0,0,2519.428998,-325.654186,2187.557628,6.021548133e-05,0,0,2,2,0.0003969153331,0.0003969153331,0.9117112077
6079,0.9765625,0.8203125,448.0673723,4.561416498,7,4103,3628,0,0,0,0,0,0,8.473579212,-355.1944496,8.469257852,6.021548133e-05,0,0,10,6,0.1180138847,0.1180138847,2.03257108
6080,0.9921875,0.84375,638.8884793,40.94651419,7,3630,4548,0,0,0,0,0,0,140.0360336,-370.1788387,138.8650764,6.021548133e-05,0,0,8,3,0.007141019169,0.007141019168,0.5677587729
6081,0.984375,0.8359375,621.6693488,863.3826212,7,4548,4103,0,0,0,0,0,0,206.8107572,456.7013094,204.2669777,6.021548133e-05,0,0,5,2,0.004835338421,0.00483533842,0.3779470431
6082,0.9765625,0.84375,489.6793056,938.80934,7,4548,3544,0,0,0,0,0,0,2201.647704,521.9934427,1943.934005,6.021548133e-05,0,0,2,1,0.0004542052745,0.0004542052745,0.2850654961
6083,0.984375,0.8515625,510.9800933,26.65335418,7,4548,4102,0,0,0,0,0,0,842.8294633,-405.2760321,802.120728,6.021548133e-05,0,0,5,2,0.001186479642,0.001186479641,0.8869967586
6084,0.78125,0.7421875,172.1801834,4.041526664,7,3633,4458,0,0,0,0,0,0,172.3408793,-252.2246643,170.570766,6.021548133e-05,0,0,5,4,0.005802453859,0.005802453858,0.1989654146
6085,0.7890625,0.734375,320.5401666,151.0691973,7,4458,4165,0,0,0,0,0,0,16.57447196,-137.9966762,16.55794647,6.021548133e-05,0,0,52,22,0.06033374711,0.06033374709,3.377343529
6086,0.78125,0.7265625,201.2332139,-119.3888965,7,4458,3619,0,0,0,0,0,0,140.2858997,-391.4306623,139.1107777,6.021548133e-05,0,0,83,30,0.007128300149,0.007128300142,2.532000638
6087,0.7734375,0.734375,384.9648655,182.0862486,7,4458,4164,0,0,0,0,0,0,49.43340079,-127.5949053,49.28669127,6.021548133e-05,0,0,36,12,0.0202292374,0.02022923737,5.990549507
6088,0.3125,0.484375,85.70111346,85.70111346,6,3406,4235,0,0,0,0,0,0,1e+300,2.892328368e-07,10127.58613,0,0,0,0,0,0,0,0
6089,0.328125,0.46875,-30.97338827,-30.97338827,6,4235,3884,0,0,0,0,0,0,1e+300,61.17671404,2111.589151,0,0,0,0,0,0,0,0
6090,0.3125,0.453125,78.64833732,15.44438021,6,4235,3376,0,0,0,0,0,0,4928.083745,-49.76139561,2531.780289,0.000192060352,0,0,23,12,0.0002029186296,0.0002029186284,0.3328453579
6091,0.296875,0.453125,18.40840101,18.40840101,6,3376,3883,1,1,1,0,0,1,148.2237091,-48.37900145,144.1208901,0.000192060352,0,19.19533296,136,136,0.006746559011,0.006746559011,10.0332294
6092,0.265625,0.453125,26.34481611,29.56387377,6,3883,3379,0,0,0,0,0,0,27.54294666,-6.398159732,27.39801369,0.000192060352,0,0,562,297,0.03630693594,0.03630693591,22.0754593
6093,0.265625,0.484375,40.57652573,40.57652573,6,3883,3254,1,0,0,0,0,1,25.27837013,0,0,0,0,0,484,235,0.03955951253,0.03955951248,32.05472329
6094,0.296875,0.484375,9.334883567,9.334883567,6,3883,3406,1,1,1,0,0,1,4788.060427,-79.42533666,3161.956136,9.874021122e-05,0,30.87513713,7,7,0.0002088528362,0.0002088528362,0.454803901
6095,0.296875,0.46875,59.66196136,46.39685047,6,4235,3883,0,0,0,0,0,0,249901.5123,-5.715736485,5100.429278,0.000192060352,0,0,5,1,4.001576424e-06,4.001575794e-06,0.006458468442
6096,0.03125,0.6328125,-227.1736537,-268.4181752,7,3922,4968,0,0,0,0,0,0,73.09463405,-19.32283696,72.77432306,6.021548133e-05,0,0,135,61,0.01368089482,0.0136808948,15.18729293
6097,0.0234375,0.640625,-291.2644049,-280.3215882,7,4968,4965,0,0,0,0,0,0,14.80432578,-19.82681905,14.79114023,6.021548133e-05,0,0,397,193,0.06754782451,0.06754782445,41.2693545
6098,0.03125,0.6484375,-261.1599701,-316.7893283,7,4968,3833,0,0,0,0,0,0,10.82426539,-74.92784424,10.81721485,6.021548133e-05,0,0,515,255,0.09238502239,0.0923850223,69.51612444
6099,0.0625,0.640625,-186.9621531,-186.9621531,6,3340,3923,1,0,0,0,0,1,71.1746951,0,0,0,0,0,136,72,0.01404993725,0.01404993724,9.52293609
6100,0.046875,0.65625,-215.0337612,-215.0337612,6,3923,3833,1,0,0,0,0,1,11.03836892,0,0,0,0,0,640,314,0.09059309466,0.09059309461,0.7751791555
6101,0.0625,0.671875,-171.146847,-166.0359771,6,3923,3338,0,0,0,0,0,0,15.96065829,11.73153393,15.91188185,0.000192060352,0,0,711,363,0.06265405737,0.06265405731,5.741372642
6102,0.078125,0.65625,-160.5477499,-160.5477499,6,3923,3832,1,0,0,0,0,1,7.230800178,0,0,0,0,0,315,168,0.1382972804,0.1382972804,0.5187425022
6103,0.0390625,0.6484375,-261.4601516,-277.1637448,7,3833,4964,0,0,0,0,0,0,15.37236783,-43.4963784,15.35815149,6.021548133e-05,0,0,356,185,0.06505178713,0.0650517871,0.7561582003
6104,0.0546875,0.6484375,-200.9979572,-200.9979572,7,4964,3923,1,0,0,0,0,1,51.10858025,0,0,0,0,0,192,93,0.01956618625,0.01956618623,13.05291238
6105,0.0546875,0.6328125,-246.0804835,-246.0804835,7,4964,3340,1,1,1,0,0,1,161.3841316,-40.42360462,159.8309228,6.021548133e-05,0,41.55293823,41,41,0.006196396079,0.006196396079,5.185455583
6106,0.0390625,0.6328125,-227.4738351,-407.2565249,7,4964,3922,0,0,0,0,0,0,215.0546888,-166.3553043,212.305414,6.021548133e-05,0,0,105,48,0.004649979992,0.004649979978,4.190803685
6107,0.0390625,0.640625,-244.4669933,-303.6552171,7,4968,4964,0,0,0,0,0,0,25.72290539,-75.81286632,25.68312436,6.021548133e-05,0,0,264,136,0.03887585733,0.03887585728,34.83592951
6108,0.8671875,0.75,162.524862,242.7705536,7,3318,4248,0,0,0,0,0,0,197.531358,-87.65721521,195.2094498,6.021548133e-05,0,0,14,7,0.005062487344,0.005062487341,1.549491437
6109,0.859375,0.7421875,169.9980662,27.06268206,7,4248,4159,0,0,0,0,0,0,131.4800184,-272.4297803,130.4472502,6.021548133e-05,0,0,11,6,0.007605718435,0.007605718432,2.096895489
6110,0.8515625,0.75,173.0718687,133.3134445,7,4248,3631,0,0,0,0,0,0,131.219966,-193.7222126,130.1912632,6.021548133e-05,0,0,11,5,0.00762079149,0.007620791487,0.9716265104
6111,0.8515625,0.7734375,218.6182495,338.7834561,7,3539,4010,0,0,0,0,0,0,374.6022541,-0.1869387572,366.3388028,6.021548133e-05,0,0,15,5,0.002669498085,0.00266949808,1.891152499
6112,0.8671875,0.7734375,355.8988432,257.6989946,7,4010,3540,0,0,0,0,0,0,402.5878704,-52.27137619,393.0593176,6.021548133e-05,0,0,16,6,0.002483929779,0.002483929774,3.33681108
6113,0.8671875,0.7578125,177.7069889,98.66323771,7,4010,3318,0,0,0,0,0,0,527.3342674,-230.1923177,511.1048055,6.021548133e-05,0,0,19,9,0.001896330396,0.001896330393,2.566337552
6114,0.8515625,0.7578125,188.2539956,85.23635491,7,4010,3631,0,0,0,0,0,0,124.0705951,-240.2270888,123.150541,6.021548133e-05,0,0,18,8,0.00805992749,0.008059927486,1.145040019
6115,0.859375,0.7578125,182.9804923,98.40052187,7,4248,4010,0,0,0,0,0,0,105.0761555,-234.8957344,104.4154966,6.021548133e-05,0,0,14,6,0.009516907001,0.009516906997,1.33273941
6116,0.8125,0.859375,758.2790793,-186.6602945,6,3496,3706,0,0,0,0,0,0,53.93569973,-538.468936,53.38271304,0.000192060352,0,0,114,55,0.01854059565,0.01854059564,3.960130498
6117,0.828125,0.84375,471.5159588,114.6564369,6,3706,3538,0,0,0,0,0,0,2397.67919,-198.1573996,1641.684801,0.000192060352,0,0,2,2,0.0004170699751,0.0004170699751,0.4642328065
6118,0.8125,0.828125,528.4783969,-37.6146553,6,3706,3491,0,0,0,0,0,0,7.799508756,-345.2582801,7.787842751,0.000192060352,0,0,16,7,0.1282132031,0.1282132031,1.002769863
6119,0.796875,0.84375,384.9566809,352.2224875,6,3706,3537,0,0,0,0,0,0,14.57036339,30.55183048,14.52970363,0.000192060352,0,0,8,4,0.06863246804,0.06863246804,1.017546144
6120,0.8359375,0.8515625,443.0347398,102.7466826,7,3538,4588,0,0,0,0,0,0,36.90527593,-224.3276989,36.82344433,6.021548133e-05,0,0,105,49,0.02709639678,0.02709639677,6.569137962
6121,0.8203125,0.8515625,614.8975191,709.5140392,7,4588,3706,0,0,0,0,0,0,274.3484216,365.5273611,269.8898355,6.021548133e-05,0,0,66,34,0.003645000012,0.003645000006,0.7235727839
6122,0.8203125,0.8671875,729.7978603,-334.0692913,7,4588,3496,0,0,0,0,0,0,176.8255478,-700.1384777,174.9626097,6.021548133e-05,0,0,95,46,0.005655291402,0.005655291395,1.237231459
6123,0.8359375,0.8671875,511.5030052,103.6285232,7,4588,3705,0,0,0,0,0,0,27.36182145,-266.4185521,27.31681413,6.021548133e-05,0,0,134,61,0.03654727452,0.03654727449,9.713334594
6124,0.9765625,0.7890625,435.2096226,15.83298113,7,3545,4053,0,0,0,0,0,0,47.21275774,-344.1580667,47.07891526,6.021548133e-05,0,0,50,23,0.02118071572,0.02118071571,3.683416582
6125,0.9765625,0.8046875,410.7823259,351.1462033,7,4053,3628,0,0,0,0,0,0,9.284772987e+13,-5.49382321e-07,16607.02493,6.021548133e-05,0,0,1,0,1.077032256e-14,0,0.01077032256
6126,0.9921875,0.8046875,773.7598019,112.7207678,7,4053,3527,0,0,0,0,0,0,1810.006146,-265.6550211,1632.120675,6.021548133e-05,0,0,5,2,0.0005524843119,0.0005524843111,0.9496768615
6127,0.9921875,0.7890625,682.5423258,807.7855077,7,4053,3629,0,0,0,0,0,0,1252.419794,433.420499,1164.592016,6.021548133e-05,0,0,12,7,0.0007984543239,0.0007984543221,0.5965380709
6128,0.59375,0.7421875,128.2225516,128.2225516,7,3779,4547,0,0,0,0,0,0,1e+300,0,1e+300,0,0,0,0,0,0,0,0
6129,0.6015625,0.734375,339.8985518,339.8985518,7,4547,4454,0,0,0,0,0,0,1e+300,0,1e+300,0,0,0,0,0,0,0,0
6130,0.59375,0.7265625,136.0635371,-24.84995125,7,4547,3563,0,0,0,0,0,0,102.2548058,-259.8918085,101.629043,6.021548133e-05,0,0,54,27,0.009779491457,0.009779491453,2.311369689
6131,0.5859375,0.734375,217.7714151,396.0910752,7,4547,4453,0,0,0,0,0,0,30.56456318,184.3610732,30.50841366,6.021548133e-05,0,0,54,27,0.03271762774,0.03271762772,7.881899401
6132,0.9609375,0.9765625,551.8471782,551.8471782,7,3637,4086,0,0,0,0,0,0,1e+300,0,1e+300,0,0,0,0,0,0,0,0
6133,0.9453125,0.9765625,368.9769395,368.9769395,7,4086,3640,0,0,0,0,0,0,1e+300,0,1e+300,0,0,0,0,0,0,0,0
6134,0.9453125,0.9921875,628.4221628,628.4221628,7,4086,3514,0,0,0,0,0,0,1e+300,-414.8758424,27.12104731,0,0,0,9,4,0,0,0
6135,0.9609375,0.9921875,461.744749,461.744749,7,4086,3639,0,0,0,0,0,0,1e+300,-704.510931,56.06940829,0,0,0,25,15,0,0,0
6136,0.9609375,1,416.6935344,-27.26218368,7,3639,4317,0,0,0,0,0,0,56.13002365,-504.8080178,55.94094904,6.021548133e-05,0,0,25,15,0.01781577728,0.01781577727,4.396460911
6137,0.953125,0.9921875,545.0834559,1087.84649,7,4317,4086,0,0,0,0,0,0,49.45686708,603.8364954,49.31001844,6.021548133e-05,0,0,34,19,0.02021963903,0.02021963903,2.901174058
6138,0.9453125,1,583.3709482,-514.5771412,7,4317,3514,0,0,0,0,0,0,623.8736665,-986.1357606,601.285271,6.021548133e-05,0,0,9,4,0.00160288862,0.001602888618,0.3037529801
6139,0.0390625,0.5,-422.6689987,-541.3862979,7,3970,4646,0,0,0,0,0,0,259.1490715,-34.31556283,255.1672413,6.021548133e-05,0,0,14,8,0.003858782879,0.003858782876,1.993105685
6140,0.046875,0.5078125,-317.3953426,-413.9435797,7,4646,4366,0,0,0,0,0,0,310.638971,-8.314810802,304.9350765,6.021548133e-05,0,0,32,19,0.003219171107,0.003219171104,3.606421281
6141,0.0546875,0.5,-368.8340522,-293.5974424,7,4646,3356,0,0,0,0,0,0,12782.01846,91.70537272,7222.803968,6.021548133e-05,0,0,4,3,7.823490503e-05,7.823490475e-05,0.3096549176
6142,0.046875,0.4921875,-450.2475556,-440.5050112,7,4646,4508,0,0,0,0,0,0,3782.268411,34.21711188,3080.647512,6.021548133e-05,0,0,4,3,0.0002643916008,0.0002643915999,0.4216583203
6143,0.140625,0.3125,-66.02137476,-247.0621608,6,3353,3854,0,0,0,0,0,0,8.726427501,-77.5264931,8.711826473,0.000192060352,0,0,197,99,0.1145944317,0.1145944316,2.285910339
6144,0.15625,0.328125,-58.10214165,-140.3573715,6,3854,3852,0,0,0,0,0,0,374.8095319,6.542013968,349.640307,0.000192060352,0,0,36,17,0.002668021795,0.002668021791,3.221966476
6145,0.171875,0.3125,-48.25804618,-106.7603443,6,3854,3328,0,0,0,0,0,0,65.13651754,21.95969339,64.33171858,0.000192060352,0,0,126,62,0.01535237126,0.01535237123,15.53613201
6146,0.15625,0.296875,-108.948943,-270.8184445,6,3854,3851,0,0,0,0,0,0,15.56534411,-119.2853937,15.51895043,0.000192060352,0,0,282,142,0.06424528703,0.06424528698,2.37082088
6147,0.1484375,0.3359375,-63.02418939,-104.3201897,7,3852,4756,0,0,0,0,0,0,198.045357,50.80899381,195.7114207,6.021548133e-05,0,0,26,15,0.005049348367,0.005049348363,3.789800694
6148,0.1484375,0.3203125,-62.06175821,-131.9443828,7,4756,3854,0,0,0,0,0,0,178.703116,49.92071689,176.8006186,6.021548133e-05,0,0,27,16,0.005595873325,0.005595873321,4.479442659
6149,0.1328125,0.3203125,-70.9434225,-229.0680832,7,4756,3353,0,0,0,0,0,0,240.8501607,-51.30261744,237.4070677,6.021548133e-05,0,0,21,13,0.004151959032,0.004151959027,5.158325053
6150,0.1328125,0.3359375,-71.90585368,-288.8816206,7,4756,3849,0,0,0,0,0,0,209.9902474,-113.3446221,207.3681469,6.021548133e-05,0,0,20,12,0.004762125919,0.004762125915,4.547163184
6151,0.0234375,0.7109375,-28.85981163,-61.36644714,7,3834,4749,0,0,0,0,0,0,5.490528375,-40.03011588,5.488713725,6.021548133e-05,0,0,302,156,0.1821318335,0.1821318335,3.146379156
6152,0.0234375,0.6953125,-4.598815286,-67.40302024,7,4749,3837,0,0,0,0,0,0,7.603457899,-41.44551331,7.59997828,6.021548133e-05,0,0,177,87,0.1315191079,0.1315191079,1.641796461
6153,0.0078125,0.6953125,56.22595219,56.22595219,7,4749,3339,1,1,1,0,0,1,1219.638312,-109.4759778,1136.194895,6.021548133e-05,0,81.47274312,16,16,0.0008199152078,0.0008199152078,1.57454617
6154,0.0078125,0.7109375,229.910283,77.87387671,7,4749,3836,0,0,0,0,0,0,9.641338014,-48.58209495,9.635743907,6.021548133e-05,0,0,173,86,0.1037200437,0.1037200437,3.205240706
6155,0,0.7109375,359.2953302,155.5478813,7,3836,4754,0,0,0,0,0,0,22.44514717,-227.944293,22.41485248,6.021548133e-05,0,0,26,10,0.0445530605,0.0445530605,1.079760645
6156,0.0078125,0.703125,222.1509182,98.0675856,7,4754,4749,0,0,0,0,0,0,23.59384608,-231.1354914,23.56037351,6.021548133e-05,0,0,35,15,0.04238393336,0.04238393335,1.001941432
6157,0,0.6953125,343.7766007,468.2549075,7,4754,3339,0,0,0,0,0,0,74522.11027,45.5486249,13580.62425,6.021548133e-05,0,0,11,5,1.341883632e-05,1.341883442e-05,0.4053454183
6158,0.1640625,0.4765625,303.3929201,303.3929201,7,3808,4519,0,0,0,0,0,0,1e+300,7.549147085e-09,10127.58619,0,0,0,0,0,0,0,0
6159,0.1640625,0.4921875,37.65294305,-48.94892906,7,4519,3804,0,0,0,0,0,0,397.7327585,-2.838557722,388.4299887,6.021548133e-05,0,0,2,1,0.002514251036,0.002514251035,0.5258133749
6160,0.1796875,0.4921875,136.4646361,-28.11646011,7,4519,3358,0,0,0,0,0,0,520.8563117,-8.086124254,505.017149,6.021548133e-05,0,0,2,2,0.001919915296,0.001919915296,0.4256647104
6161,0.1796875,0.4765625,113.2674728,-40.35994968,7,4519,3811,0,0,0,0,0,0,421.2454266,-10.95004619,410.8246554,6.021548133e-05,0,0,1,1,0.002373913013,0.002373913013,0.5320235509
6162,0.7890625,0.8515625,313.1958228,313.1958228,7,3537,4211,0,0,0,0,0,0,1e+300,178.47417,2147.133212,0,0,0,0,0,0,0,0
6163,0.7890625,0.8671875,116.1894878,-136.7555063,7,4211,3703,0,0,0,0,0,0,1993.957601,-410.815196,1780.212606,6.021548133e-05,0,0,22,11,0.0005015151774,0.0005015151772,0.3471622973
6164,0.8046875,0.8671875,686.5182213,-4.957055055,7,4211,3496,0,0,0,0,0,0,112.8992119,-347.0015302,112.1368739,6.021548133e-05,0,0,58,27,0.008857457759,0.008857457751,3.03156115
6165,0.8046875,0.8515625,571.6178801,69.54354048,7,4211,3706,0,0,0,0,0,0,119.8063949,-250.4184264,118.9482782,6.021548133e-05,0,0,49,22,0.008346799861,0.008346799853,4.030184915
6166,0.0390625,0.625,-210.4806769,-329.9037877,7,3922,4969,0,0,0,0,0,0,210.7166623,-61.45333489,208.0765033,6.021548133e-05,0,0,42,19,0.004745709186,0.004745709177,5.503641544
6167,0.046875,0.6328125,-227.7740166,-284.2634394,7,4969,4964,0,0,0,0,0,0,124.6322745,-37.0659741,123.7039024,6.021548133e-05,0,0,65,32,0.008023603869,0.008023603857,7.121556647
6168,0.0546875,0.625,-211.0810399,-284.2890283,7,4969,3340,0,0,0,0,0,0,1857.328787,-51.11069625,1670.50014,6.021548133e-05,0,0,21,4,0.0005384076351,0.0005384076314,0.4658606923
6169,0.046875,0.6171875,-243.7150989,-281.9995495,7,4969,4361,0,0,0,0,0,0,237.2543537,-17.88024057,233.9125884,6.021548133e-05,0,0,39,20,0.004214885773,0.004214885769,6.132796701
6170,0.3515625,0.4609375,56.44071693,56.44071693,7,3884,4239,1,1,1,0,0,1,245242.4817,46.2180204,9554.211022,9.874021122e-05,0,90.16683899,2,2,4.077596969e-06,4.077596969e-06,0.02025266415
6171,0.3671875,0.4609375,-42.38647454,78.0073121,7,4239,3878,0,0,0,0,0,0,1222.912415,-16.45229971,1139.035801,6.021548133e-05,0,0,5,2,0.0008177200493,0.0008177200474,1.473467307
6172,0.3671875,0.4453125,150.7933802,36.52237955,7,4239,3409,0,0,0,0,0,0,1067.336485,-62.36574169,1002.881134,6.021548133e-05,0,0,25,12,0.0009369116622,0.0009369116591,2.484962444
6173,0.359375,0.4375,102.3287517,102.3287517,6,3409,3885,1,0,0,0,0,1,405.5603131,0,0,0,0,0,103,48,0.002465724499,0.002465724489,7.268498501
6174,0.34375,0.421875,99.83555985,111.6990379,6,3885,3881,0,0,0,0,0,0,30.15010989,25.98329233,29.9765266,0.000192060352,0,0,128,61,0.03316737497,0.03316737495,1.200855477
6175,0.328125,0.4375,118.6160472,47.2884181,6,3885,3376,0,0,0,0,0,0,148.693754,-40.07253788,144.5652348,0.000192060352,0,0,109,46,0.006725232048,0.006725232034,9.839833082
6176,0.34375,0.453125,20.35298525,20.35298525,6,3885,3884,1,0,0,0,0,1,2425.26202,0,0,0,0,0,58,30,0.0004123265824,0.0004123265814,0.8605242524
6177,0.3515625,0.4453125,91.40609706,91.40609706,7,4239,3885,1,0,0,0,0,1,337.6165619,0,0,0,0,0,78,37,0.002961940002,0.002961939993,6.591210621
6178,0.9921875,0.875,240.5023147,240.5023147,7,3320,4668,0,0,0,0,0,0,1e+300,0,1e+300,0,0,0,0,0,0,0,0
6179,0.984375,0.8671875,366.4433966,-786.0854863,7,4668,4102,0,0,0,0,0,0,305.947604,-1208.649303,300.4131578,6.021548133e-05,0,0,16,9,0.003268533523,0.003268533522,0.3186101109
6180,0.9765625,0.875,309.918683,11.33460491,7,4668,3675,0,0,0,0,0,0,11.07423657,-383.0258756,11.06685675,6.021548133e-05,0,0,18,11,0.09029967829,0.09029967828,1.494326546
6181,0.9765625,0.8984375,402.2006723,78.78374644,7,3638,4404,0,0,0,0,0,0,10.8552012,-343.4390528,10.84811032,6.021548133e-05,0,0,6,2,0.09212173796,0.09212173796,0.995935561
6182,0.9921875,0.8984375,354.5155585,-267.9240411,7,4404,3665,0,0,0,0,0,0,19.77694965,-688.0843374,19.75342572,6.021548133e-05,0,0,4,4,0.05056391496,0.05056391496,0.4553736529
6183,0.9921875,0.8828125,271.2629778,271.2629778,7,4404,3320,0,0,0,0,0,0,1e+300,468.5475244,31.73525677,0,0,0,0,0,0,0,0
6184,0.9765625,0.8828125,340.6793461,95.18742268,7,4404,3675,0,0,0,0,0,0,12.75591393,-307.624081,12.74612359,6.021548133e-05,0,0,6,3,0.07839501,0.07839501,0.7324877279
6185,0.984375,0.8828125,305.9711619,-104.7534881,7,4668,4404,0,0,0,0,0,0,31.55983907,-510.7159595,31.4999768,6.021548133e-05,0,0,2,2,0.03168583965,0.03168583965,0.2958419519
6186,0.8046875,0.6796875,220.8901696,154.4216685,7,3486,4493,0,0,0,0,0,0,263.7569779,-85.41664106,259.6334142,6.021548133e-05,0,0,13,8,0.003791368888,0.003791368886,2.552972947
6187,0.8046875,0.6640625,217.8441796,203.6246588,7,4493,3723,0,0,0,0,0,0,256.157836,-47.85572711,252.2667059,6.021548133e-05,0,0,24,15,0.003903843098,0.003903843095,2.029950609
6188,0.7890625,0.6640625,228.5965252,366.6770478,7,4493,3622,0,0,0,0,0,0,7.151574329,118.3178876,7.148495933,6.021548133e-05,0,0,26,16,0.1398293514,0.1398293514,0.9366959854
6189,0.7890625,0.6796875,239.9618594,-85.6144043,7,4493,3694,0,0,0,0,0,0,44.61248167,-327.7512549,44.49295747,6.021548133e-05,0,0,18,10,0.02241525158,0.02241525157,0.1655958838
6190,0.8125,0.6640625,212.4680068,124.231216,7,3723,4526,0,0,0,0,0,0,1357.0535,-148.5203211,1254.538127,6.021548133e-05,0,0,6,3,0.0007368906237,0.0007368906224,0.4481280282
6191,0.8046875,0.671875,219.3671746,182.2283626,7,4526,4493,0,0,0,0,0,0,493.3388837,-83.14152344,479.1062477,6.021548133e-05,0,0,5,3,0.002027004222,0.00202700422,1.388819168
6192,0.8125,0.6796875,215.5139968,435.7091333,7,4526,3486,0,0,0,0,0,0,937.7810542,174.5996726,887.6560596,6.021548133e-05,0,0,3,3,0.001066346985,0.001066346985,1.109678104
6193,0.8203125,0.6796875,216.6963414,203.0088624,7,3486,4326,0,0,0,0,0,0,693.3230328,-38.30166354,665.5376478,6.021548133e-05,0,0,10,7,0.00144232912,0.001442329119,1.750775276
6194,0.8359375,0.6796875,335.7932759,130.3346759,7,4326,3623,0,0,0,0,0,0,253.8552522,-124.9880382,250.0332401,6.021548133e-05,0,0,15,7,0.003939252748,0.003939252745,2.885982875
6195,0.8359375,0.6640625,216.0150408,47.42579659,7,4326,3621,0,0,0,0,0,0,843.193719,-205.3500128,802.4506394,6.021548133e-05,0,0,14,5,0.001185967089,0.001185967084,1.612657125
6196,0.8203125,0.6640625,213.6503515,215.0951435,7,4326,3723,0,0,0,0,0,0,5384.805137,-37.8574588,4066.309756,6.021548133e-05,0,0,9,4,0.0001857077414,0.0001857077407,0.2922279432
6197,0.8203125,0.671875,215.1733465,59.35006101,7,4526,4326,0,0,0,0,0,0,1047.315963,-207.4920414,985.1855937,6.021548133e-05,0,0,4,3,0.0009548216918,0.0009548216913,1.234521805
6198,0.8046875,0.75,559.154072,83.8348231,7,3512,4457,0,0,0,0,0,0,4.983845992,-241.2312664,4.982350765,6.021548133e-05,0,0,4,2,0.2006482547,0.2006482547,0.652089844
6199,0.796875,0.7421875,439.8471193,302.2818137,7,4457,4165,0,0,0,0,0,0,1.050962558e+12,-4.436117877e-06,16607.02467,6.021548133e-05,0,0,2,0,9.51508684e-13,0,0.951508684
6200,0.7890625,0.75,291.4871361,486.1288529,7,4457,3633,0,0,0,0,0,0,8.234266136,216.6467173,8.230185361,6.021548133e-05,0,0,8,4,0.1214437308,0.1214437308,0.5484089069
6201,0.796875,0.7578125,303.0532733,83.98656746,7,4457,4004,0,0,0,0,0,0,2.289550459,-227.6303497,2.289234851,6.021548133e-05,0,0,10,6,0.4367669627,0.4367669627,1.67264834
6202,0.1328125,0.53125,32.22576491,-238.8590061,7,3982,4621,0,0,0,0,0,0,23240.86644,-78.61282528,9685.873836,6.021548133e-05,0,0,3,1,4.302765573e-05,4.302765498e-05,0.05396647389
6203,0.140625,0.5390625,4.151549445,-97.74365282,7,4621,4179,0,0,0,0,0,0,1327.174841,29.89826499,1228.960642,6.021548133e-05,0,0,3,1,0.0007534802269,0.0007534802254,0.9450356911
6204,0.1484375,0.53125,8.450186329,-137.7907899,7,4621,3645,0,0,0,0,0,0,3.476664089e+12,-4.825347446e-07,16607.02486,6.021548133e-05,0,0,1,0,2.876320445e-13,0,0.2876320445
6205,0.1484375,0.5234375,-88.13977175,-126.0908884,7,3645,4178,0,0,0,0,0,0,2.230028534e+12,-5.339421563e-07,16607.02481,6.021548133e-05,0,0,2,0,4.484247554e-13,0,0.4484247554
6206,0.1484375,0.5078125,-158.7324163,-103.4907995,7,4178,3804,0,0,0,0,0,0,2.081816558e+13,8.341299917e-08,16607.02492,6.021548133e-05,0,0,2,0,4.803497196e-14,0,0.04803497196
6207,0.1328125,0.5078125,-129.5671691,-129.5671691,7,4178,3282,1,0,0,0,0,1,24.28622231,0,0,0,0,0,136,75,0.04117560926,0.04117560925,0.3445492267
6208,0.1328125,0.5234375,-64.36419317,79.06534658,7,4178,3982,0,0,0,0,0,0,522.0636154,227.6116259,506.1520613,6.021548133e-05,0,0,85,47,0.001915475376,0.001915475376,0.01780103741
6209,0.140625,0.5234375,-76.25198246,-139.5307637,7,4621,4178,0,0,0,0,0,0,1.657203846e+12,-6.648263025e-07,16607.02477,6.021548133e-05,0,0,1,0,6.034260677e-13,0,0.6034260677
6210,0.9609375,0.8125,328.5557646,120.0544839,7,3628,4099,0,0,0,0,0,0,276.6040533,-240.4594028,272.0724563,6.021548133e-05,0,0,8,1,0.003615276017,0.003615276012,0.9059283771
6211,0.953125,0.8046875,452.2452382,241.9404033,7,4099,4052,0,0,0,0,0,0,294.5429125,-139.657593,289.4099255,6.021548133e-05,0,0,7,3,0.00339509103,0.003395091028,1.097341085
6212,0.9453125,0.8125,551.5074149,176.6210489,7,4099,3494,0,0,0,0,0,0,265.7074726,-217.216213,261.5231793,6.021548133e-05,0,0,7,3,0.00376353736,0.003763537358,1.523158987
6213,0.953125,0.8203125,489.5302846,-77.219614,7,4099,4100,0,0,0,0,0,0,5690.28411,-478.1445663,4238.120838,6.021548133e-05,0,0,8,1,0.0001757381496,0.0001757381486,0.1850199391
6214,0.34375,0.25,26.65236769,12.14367502,5,3290,3404,0,0,0,0,0,0,0.5394450356,-8.469741072,0.5393735546,0.0002456709918,0,0,589,290,1.85375698,1.85375698,4.017084795
6215,0.3125,0.21875,16.967318,17.56731573,5,3404,3370,0,0,0,0,0,0,0.2040800293,0.1704680802,0.2040697979,0.0002456709918,0,0,555,273,4.900038497,4.900038497,9.315655172
6216,0.28125,0.25,8.884122565,15.54100758,5,3404,3249,0,0,0,0,0,0,0.4822441333,16.06145731,0.482187007,0.0002456709918,0,0,672,323,2.073638497,2.073638497,4.285269353
6217,0.3125,0.28125,26.19103837,23.00958602,5,3404,3375,0,0,0,0,0,0,0.4843171411,0.7198796822,0.4842595226,0.0002456709918,0,0,1922,956,2.064762766,2.064762766,4.607492948
6218,0.265625,0.234375,4.041597717,102.9312218,6,3249,3902,0,0,0,0,0,0,9.774590198,105.0599557,9.756274634,0.000192060352,0,0,73,34,0.1023060793,0.1023060793,0.4974846785
6219,0.296875,0.234375,12.92572028,1.014727229,6,3902,3404,0,0,0,0,0,0,1.034289015,-7.423471736,1.034083599,0.000192060352,0,0,118,59,0.9668477432,0.9668477431,2.029374099
6220,0.296875,0.203125,12.12479315,19.90041859,6,3902,3370,0,0,0,0,0,0,1.125758232,4.111855152,1.12551488,0.000192060352,0,0,77,38,0.8882901957,0.8882901957,2.015244815
6221,0.265625,0.203125,77.79939741,-39.11582274,6,3902,3369,0,0,0,0,0,0,189.6370266,-65.44047918,182.972835,0.000192060352,0,0,19,7,0.005273231806,0.005273231804,0.436341834
6222,0.265625,0.1875,114.6782973,-81.32771636,6,3369,3921,0,0,0,0,0,0,357.6441755,-80.57326826,334.6568425,0.000192060352,0,0,6,5,0.002796075173,0.002796075173,0.3571173868
6223,0.28125,0.203125,44.96209528,-12.02736393,6,3921,3902,0,0,0,0,0,0,177.9578728,8.22182587,172.076529,0.000192060352,0,0,21,12,0.005619307448,0.005619307443,3.752843342
6224,0.296875,0.1875,49.003693,-23.46379321,6,3921,3370,0,0,0,0,0,0,154.5578293,-12.17325211,150.1021328,0.000192060352,0,0,27,14,0.006470070166,0.006470070161,2.882716641
6225,0.28125,0.171875,16.79284195,-24.51739871,6,3921,3905,0,0,0,0,0,0,423.6452654,16.52182678,391.768816,0.000192060352,0,0,16,8,0.002360465421,0.00236046542,1.554630717
6226,0.3984375,0.4609375,182.7022675,182.7022675,7,3813,4226,0,0,0,0,0,0,1e+300,-4.643384869e-06,83517.05149,0,0,0,0,0,0,0,0
6227,0.3984375,0.4453125,151.5740244,75.90690183,7,4226,3879,0,0,0,0,0,0,658.1035338,-11.95964555,633.0182723,6.021548133e-05,0,0,14,6,0.001519517749,0.001519517746,1.883385416
6228,0.3828125,0.4453125,226.9663164,-4.333442974,7,4226,3409,0,0,0,0,0,0,1013.300937,-102.2704093,955.0285308,6.021548133e-05,0,0,10,8,0.0009868736556,0.0009868736548,1.462142005
6229,0.3828125,0.4609375,33.78646171,85.58260949,7,4226,3878,0,0,0,0,0,0,454.4188695,-7.925847374,442.3157608,6.021548133e-05,0,0,5,4,0.002200612842,0.002200612842,3.072076744
6230,0.25,0.484375,3.267442795,32.79121308,6,3254,4773,0,0,0,0,0,0,17.52526932,-1.573034143,17.46647874,0.000192060352,0,0,448,217,0.05706046404,0.05706046398,29.12628841
6231,0.265625,0.46875,22.25381875,40.24783863,6,4773,3883,0,0,0,0,0,0,14.36208349,-7.209597465,14.32257629,0.000192060352,0,0,275,146,0.06962778071,0.06962778066,32.20735796
6232,0.25,0.453125,11.44943753,41.65184826,6,4773,3379,0,0,0,0,0,0,9.181268305,11.92304667,9.165106944,0.000192060352,0,0,456,240,0.1089174139,0.1089174138,1.211795305
6233,0.234375,0.46875,-6.473708355,9.625303513,6,4773,3809,0,0,0,0,0,0,2.590099658,-1.735636819,2.58881184,0.000192060352,0,0,449,225,0.3860855303,0.3860855302,1.90481709
6234,0.9921875,0.8125,761.5461535,113.6229299,7,3527,4097,0,0,0,0,0,0,1510.060526,-295.0429997,1384.19686,6.021548133e-05,0,0,1,1,0.0006622251113,0.0006622251113,0.7654893365
6235,0.984375,0.8046875,514.3981985,893.1509056,7,4097,4053,0,0,0,0,0,0,5769.478513,482.9600526,4281.896578,6.021548133e-05,0,0,2,1,0.0001733258903,0.0001733258903,0.2003535029
6236,0.9765625,0.8125,398.5686775,-2377.264733,7,4097,3628,0,0,0,0,0,0,2166.682484,-2758.701078,1916.62463,6.021548133e-05,0,0,2,1,0.0004615350923,0.0004615350923,0.008777595062
6237,0.984375,0.8203125,629.5561103,143.9222588,7,4097,4103,0,0,0,0,0,0,19.05342528,-274.8782564,19.03159012,6.021548133e-05,0,0,1,1,0.05248400145,0.05248400145,0.9981544624
6238,0.96875,0.8671875,362.23883,948.1743865,7,3675,4669,0,0,0,0,0,0,7.507364156,559.1039812,7.503971914,6.021548133e-05,0,0,301,149,0.1332025434,0.1332025434,10.64998774
6239,0.9765625,0.859375,418.7635436,83.57665719,7,4669,4102,0,0,0,0,0,0,11.3234306,-333.6970845,11.31571503,6.021548133e-05,0,0,142,71,0.08831245896,0.08831245894,9.482167052
6240,0.96875,0.8515625,397.4627558,33.95711067,7,4669,3544,0,0,0,0,0,0,314.974887,-368.2031421,309.1121532,6.021548133e-05,0,0,6,3,0.003174856287,0.003174856285,1.367722102
6241,0.9609375,0.859375,417.7927557,16.42850489,7,4669,4101,0,0,0,0,0,0,6.63618459,-393.0359416,6.633533823,6.021548133e-05,0,0,165,81,0.150688997,0.150688997,9.960794984
6242,0.8984375,0.75,275.495295,41.37246816,7,3606,4340,0,0,0,0,0,0,8.669055289,-299.749789,8.664532305,6.021548133e-05,0,0,2,2,0.115352823,0.115352823,0.4834366425
6243,0.890625,0.7421875,228.9270793,47.8334148,7,4340,4130,0,0,0,0,0,0,461.2512444,-267.5394684,448.7864408,6.021548133e-05,0,0,3,3,0.002168015831,0.002168015831,0.7711146591
6244,0.8828125,0.75,196.6660041,93.38312431,7,4340,3318,0,0,0,0,0,0,157.3752824,-226.2894106,155.8979269,6.021548133e-05,0,0,5,4,0.006354238,0.006354238,2.448106364
6245,0.8984375,0.7734375,294.9628087,203.0546283,7,3546,4047,0,0,0,0,0,0,4.097403495,-131.1974269,4.096392804,6.021548133e-05,0,0,18,13,0.2440569988,0.2440569988,1.04736621
6246,0.8984375,0.7578125,281.9844662,21.27643914,7,4047,3606,0,0,0,0,0,0,2.725816497,-328.9153469,2.725369165,6.021548133e-05,0,0,9,7,0.3668625533,0.3668625533,1.52929156
6247,0.8828125,0.7578125,203.1551753,52.7232558,7,4047,3318,0,0,0,0,0,0,813.6888157,-276.018808,775.6829396,6.021548133e-05,0,0,5,2,0.001228971052,0.001228971051,0.4079463817
6248,0.8828125,0.7734375,381.3470296,45.26208639,7,4047,3540,0,0,0,0,0,0,84.48744581,-264.5947927,84.05979562,6.021548133e-05,0,0,14,9,0.01183607802,0.01183607801,1.075923215
6249,0.890625,0.7578125,242.5698208,-61.84904815,7,4340,4047,0,0,0,0,0,0,13.21345802,-384.2765788,13.20295303,6.021548133e-05,0,0,4,3,0.07568041603,0.07568041603,0.3213410566
6250,0.140625,0.1875,-226.0874096,-247.2252423,6,3355,4390,0,0,0,0,0,0,120.4007181,2.719375033,117.6794739,0.000192060352,0,0,118,63,0.008305598306,0.008305598302,2.705815547
6251,0.15625,0.203125,-155.8611827,-155.8611827,6,4390,3911,1,1,1,0,0,1,12.11880759,47.77500615,12.09066604,0.000192060352,0,18.38546882,418,418,0.08251636911,0.08251636911,41.35569335
6252,0.171875,0.1875,-131.4107585,-131.4107585,6,4390,3323,1,1,1,0,0,1,93.5329907,33.42065503,91.8824168,0.000192060352,0,19.04091574,90,90,0.01069141479,0.01069141479,4.986962512
6253,0.15625,0.171875,-193.4325806,-193.4325806,6,4390,3910,1,0,0,0,0,1,23.72517398,0,0,0,0,0,575,282,0.0421493221,0.04214932207,13.0459765
6254,0.1484375,0.2109375,-184.7407502,-284.9927992,7,3911,4394,0,0,0,0,0,0,7.848345068,-75.08827419,7.844637756,6.021548133e-05,0,0,773,366,0.1274153967,0.1274153965,29.03855476
6255,0.1484375,0.1953125,-198.9007865,-255.1310296,7,4394,4390,0,0,0,0,0,0,78.30214455,-41.47524975,77.93468242,6.021548133e-05,0,0,116,60,0.0127710423,0.01277104229,8.882135155
6256,0.1328125,0.1953125,-239.1139962,-182.4243803,7,4394,3355,0,0,0,0,0,0,316.6823662,73.78824937,310.7564943,6.021548133e-05,0,0,39,17,0.003157738184,0.003157738181,2.323521536
6257,0.1328125,0.2109375,-196.4224232,-263.9641507,7,4394,4389,0,0,0,0,0,0,9.123188928,-31.23580792,9.11817979,6.021548133e-05,0,0,464,221,0.109610796,0.1096107958,57.4064715
6258,0.3203125,0.4453125,20.31108645,63.22869279,7,3376,4236,0,0,0,0,0,0,118.3682879,-1.413458425,117.5305765,6.021548133e-05,0,0,63,26,0.008448208705,0.00844820869,11.62010618
6259,0.3203125,0.4609375,-80.34570223,137.2609595,7,4236,4235,0,0,0,0,0,0,2578.014198,87.29007819,2231.59024,6.021548133e-05,0,0,4,1,0.0003878954587,0.000387895458,0.4234934643
6260,0.3359375,0.4609375,-89.31063913,-2.410525453,7,4236,3884,0,0,0,0,0,0,3.977808642e+12,6.39329468e-07,16607.02487,6.021548133e-05,0,0,1,0,2.513946974e-13,0,0.2513946974
6261,0.3359375,0.4453125,63.80518437,70.55219407,7,4236,3885,0,0,0,0,0,0,144.7847763,-1.573867366,143.5334111,6.021548133e-05,0,0,91,41,0.006906803502,0.006906803486,11.126616
6262,0.7265625,0.6015625,141.4634697,316.6437714,7,3600,4431,0,0,0,0,0,0,817.7694016,112.8220205,779.3903665,6.021548133e-05,0,0,14,4,0.001222838612,0.001222838609,0.345315983
6263,0.7265625,0.6171875,189.6021556,88.18430459,7,4431,3679,0,0,0,0,0,0,198.2682208,-114.6469233,195.9290597,6.021548133e-05,0,0,20,10,0.005043672637,0.005043672634,1.303435022
6264,0.7421875,0.6171875,122.219309,129.7519109,7,4431,3311,0,0,0,0,0,0,195.2101696,-86.58155846,192.9421969,6.021548133e-05,0,0,27,16,0.005122683936,0.005122683931,4.7521154
6265,0.75,0.578125,205.4205602,63.23154711,6,3483,3830,0,0,0,0,0,0,0.441550648,-127.6552224,0.4415132058,0.000192060352,0,0,2139,1057,2.264745855,2.264745855,75.43374736
6266,0.734375,0.59375,162.7824998,151.5200656,6,3830,3600,0,0,0,0,0,0,2.15226283,-65.52873043,2.151373529,0.000192060352,0,0,856,399,0.4646272686,0.4646272685,3.967825461
6267,0.75,0.609375,143.5383392,45.61367839,6,3830,3311,0,0,0,0,0,0,869.0971642,-183.9468361,744.7792729,0.000192060352,0,0,15,9,0.001150619334,0.001150619333,1.336612465
6268,0.765625,0.59375,172.2987662,93.96718834,6,3830,3728,0,0,0,0,0,0,1.032551397,-124.9564333,1.03234667,0.000192060352,0,0,1302,667,0.9684747924,0.9684747921,64.46604697
6269,0.7421875,0.6015625,153.1604195,140.8345317,7,4431,3830,0,0,0,0,0,0,827.3596666,-56.16206512,788.0967942,6.021548133e-05,0,0,21,10,0.001208664188,0.001208664184,1.657836642
6270,0.9140625,0.5859375,268.2241643,97.49524947,7,3584,4190,0,0,0,0,0,0,81.60590374,-152.8086122,81.20685821,6.021548133e-05,0,0,35,17,0.01225401539,0.01225401538,4.251973215
6271,0.9296875,0.5859375,116.1215468,61.14248718,7,4190,3589,0,0,0,0,0,0,361.6637323,-155.7119512,353.9553785,6.021548133e-05,0,0,24,11,0.002764999393,0.00276499939,3.365277285
6272,0.9296875,0.5703125,362.966106,197.4962411,7,4190,3488,0,0,0,0,0,0,1075.405049,-38.32091074,1010.001367,6.021548133e-05,0,0,22,10,0.0009298821884,0.0009298821859,0.7750468749
6273,0.9140625,0.5703125,264.318181,68.06928205,7,4190,3858,0,0,0,0,0,0,175.8609975,-137.5263981,174.018222,6.021548133e-05,0,0,32,17,0.005686309155,0.005686309152,3.493642271
6274,0.9140625,0.5625,262.3651893,83.88714062,7,3858,4933,0,0,0,0,0,0,4326.897934,-118.0136659,3432.557879,6.021548133e-05,0,0,1,1,0.000231112454,0.000231112454,0.4864066725
6275,0.921875,0.5703125,313.6421435,143.4856504,7,4933,4190,0,0,0,0,0,0,2856.473311,-95.87998267,2437.255775,6.021548133e-05,0,0,3,1,0.0003500820387,0.0003500820384,0.7367938712
6276,0.9296875,0.5625,361.0131144,96.60275541,7,4933,3488,0,0,0,0,0,0,66238.84713,-135.5195228,13278.03255,6.021548133e-05,0,0,3,1,1.509688111e-05,1.509688045e-05,0.02281591616
6277,0.9296875,0.5546875,349.4223011,300.4729724,7,3488,4582,0,0,0,0,0,0,621.4442144,80.37256908,599.0282407,6.021548133e-05,0,0,13,8,0.001609154896,0.001609154893,1.566830888
6278,0.9296875,0.5390625,224.7536696,130.3790892,7,4582,3803,0,0,0,0,0,0,138.7799913,-76.9585277,137.6298593,6.021548133e-05,0,0,28,17,0.007205649681,0.007205649676,5.561422695
6279,0.9140625,0.5390625,227.5927495,111.0507574,7,4582,3587,0,0,0,0,0,0,180.3454232,-92.10285872,178.4079863,6.021548133e-05,0,0,25,15,0.005544914765,0.00554491476,3.89566414
6280,0.9140625,0.5546875,250.774376,226.0558231,7,4582,3858,0,0,0,0,0,0,850.2028099,36.17689147,808.7961886,6.021548133e-05,0,0,9,5,0.00117618995,0.001176189949,1.144992161
6281,0.921875,0.5546875,300.0983386,289.8998952,7,4933,4582,0,0,0,0,0,0,438319.6953,66.25101065,16000.78823,6.021548133e-05,0,0,1,1,2.281439805e-06,2.281439805e-06,0.003447939786
6282,0.6484375,0.7109375,259.6151308,-4.296380204,7,3683,4021,0,0,0,0,0,0,16.87555875,-232.0410173,16.85842772,6.021548133e-05,0,0,42,23,0.05925729718,0.05925729718,0.530532394
6283,0.6484375,0.6953125,290.6604828,99.46115706,7,4021,3825,0,0,0,0,0,0,8.288861461,-137.0794851,8.284726407,6.021548133e-05,0,0,33,15,0.1206438308,0.1206438308,0.9237351371
6284,0.6328125,0.6953125,366.4510037,-16.36691576,7,4021,3463,0,0,0,0,0,0,28.03468237,-208.2625954,27.98743617,6.021548133e-05,0,0,13,5,0.03567010272,0.03567010272,0.2172849836
6285,0.6328125,0.7109375,232.3177346,-133.9918321,7,4021,3824,0,0,0,0,0,0,413.6006689,-340.9014974,403.5501857,6.021548133e-05,0,0,27,11,0.00241779106,0.002417791058,0.3032532199
6286,0.7421875,0.7578125,67.3507179,288.3481247,7,3251,4196,0,0,0,0,0,0,868.1747994,9.261999242,825.0435338,6.021548133e-05,0,0,2,2,0.001151841773,0.001151841773,0.6415387103
6287,0.7265625,0.7578125,333.556095,77.47986538,7,4196,3709,0,0,0,0,0,0,148.3205586,-182.6708699,147.0076052,6.021548133e-05,0,0,4,2,0.006742153679,0.006742153678,0.7868568907
6288,0.7265625,0.7734375,202.0521537,150.0111294,7,4196,3611,0,0,0,0,0,0,104.4052403,-140.0083592,103.7529649,6.021548133e-05,0,0,6,3,0.009578063296,0.009578063295,1.190584977
6289,0.7421875,0.7734375,363.1320161,229.1041547,7,4196,3610,0,0,0,0,0,0,491.713162,-73.23762233,477.57283,6.021548133e-05,0,0,2,2,0.002033705984,0.002033705984,1.111036909
6290,0.7421875,0.78125,511.0226652,142.7128522,7,3610,4744,0,0,0,0,0,0,469.2579477,-174.6517255,456.3626928,6.021548133e-05,0,0,4,4,0.002131024109,0.002131024109,1.886170475
6291,0.734375,0.7734375,282.5920849,76.72987058,7,4744,4196,0,0,0,0,0,0,563.386103,-222.8457371,544.9005874,6.021548133e-05,0,0,2,1,0.00177498166,0.001774981659,0.5699784135
6292,0.7265625,0.78125,349.9428028,143.3866924,7,4744,3611,0,0,0,0,0,0,360.6787593,-161.655597,353.0118899,6.021548133e-05,0,0,3,2,0.002772550294,0.002772550294,0.9176368393
6293,0.7265625,0.7890625,225.016141,67.26869091,7,3611,4199,0,0,0,0,0,0,254.010121,-229.8545666,250.1834792,6.021548133e-05,0,0,9,7,0.003936851004,0.003936851003,3.012293828
6294,0.7265625,0.8046875,391.520246,621.6004501,7,4199,3615,0,0,0,0,0,0,584.8811471,304.6435068,564.9830652,6.021548133e-05,0,0,8,6,0.001709749075,0.001709749073,0.9861532382
6295,0.7421875,0.8046875,136.2426799,117.8498533,7,4199,3497,0,0,0,0,0,0,553.3553768,-182.5475786,535.5118228,6.021548133e-05,0,0,11,7,0.001807156923,0.001807156921,2.707393021
6296,0.7421875,0.7890625,386.0960034,-18.82762426,7,4199,3610,0,0,0,0,0,0,518.3270888,-328.2731702,502.6390626,6.021548133e-05,0,0,15,11,0.001929283693,0.001929283691,3.000004578
6297,0.734375,0.7890625,305.5560722,235.4782844,7,4744,4199,0,0,0,0,0,0,654.4003503,-71.20109214,629.5912855,6.021548133e-05,0,0,5,5,0.001528116541,0.001528116541,1.614684966
6298,0.78125,0.8671875,-168.9748789,597.7766214,7,3703,4212,0,0,0,0,0,0,286.4364305,330.9740892,281.5797686,6.021548133e-05,0,0,14,7,0.00349117603,0.003491176028,1.439416285
6299,0.7890625,0.859375,129.5343404,7.140445833,7,4212,4211,0,0,0,0,0,0,304.2507121,-295.8001973,298.7769384,6.021548133e-05,0,0,13,6,0.003286763055,0.003286763052,0.9761249321
6300,0.78125,0.8515625,28.03145611,28.03145611,7,4212,3537,0,0,0,0,0,0,1e+300,0,1e+300,0,0,0,0,0,0,0,0
6301,0.75,0.859375,160.7479113,184.6322328,6,3313,3608,0,0,0,0,0,0,2760.556644,-138.7135928,1804.057251,0.000192060352,0,0,1,1,0.0003622457819,0.0003622457819,0.8538378933
6302,0.765625,0.84375,132.1592738,132.1592738,6,3608,3537,0,0,0,0,0,0,1e+300,0,1e+300,0,0,0,0,0,0,0,0
6303,0.75,0.828125,114.8199366,114.8199366,6,3608,3497,0,0,0,0,0,0,1e+300,0,1e+300,0,0,0,0,0,0,0,0
6304,0.734375,0.84375,188.3500283,458.5180774,6,3608,3614,0,0,0,0,0,0,7114.576633,146.8355347,3006.46221,0.000192060352,0,0,1,1,0.0001405565013,0.0001405565013,0.3313012132
6305,0.7734375,0.8515625,140.8289424,140.8289424,7,3537,4210,0,0,0,0,0,0,1e+300,145.7145045,2567.635267,0,0,0,0,0,0,0,0
6306,0.7578125,0.8515625,146.4535925,146.4535925,7,4210,3608,0,0,0,0,0,0,1e+300,0,1e+300,0,0,0,0,0,0,0,0
6307,0.7578125,0.8671875,169.4175798,169.4175798,7,4210,3313,0,0,0,0,0,0,1e+300,0,1e+300,0,0,0,0,0,0,0,0
6308,0.7734375,0.8671875,-56.17739264,127.8078368,7,4210,3703,0,0,0,0,0,0,111571.6384,-152.1691465,14455.39322,6.021548133e-05,0,0,1,1,8.962851261e-06,8.962851261e-06,0.02112604873
6309,0.7734375,0.859375,42.32577486,91.19830136,7,4212,4210,0,0,0,0,0,0,17192.05892,-217.6596353,8447.239351,6.021548133e-05,0,0,1,1,5.816638977e-05,5.816638977e-05,0.1371021284
6310,0.0078125,0.4375,-349.8752903,-505.6826149,7,3332,4528,0,0,0,0,0,0,171.3081471,448.987363,169.559077,6.021548133e-05,0,0,18,12,0.005837433985,0.005837433983,4.336311204
6311,0.015625,0.4453125,-513.5856241,-930.2880076,7,4528,4506,0,0,0,0,0,0,467.0617178,-82.38259544,454.2852424,6.021548133e-05,0,0,24,11,0.002141044667,0.002141044665,1.205218586
6312,0.0234375,0.4375,-608.4268258,-209.2466799,7,4528,3751,0,0,0,0,0,0,56.06426618,575.275265,55.87563357,6.021548133e-05,0,0,29,13,0.01783667331,0.0178366733,0.2978424414
6313,0.0234375,0.4140625,-364.9817607,-1400.101091,7,3715,4534,0,0,0,0,0,0,2451.044815,-618.3528364,2135.817682,6.021548133e-05,0,0,11,3,0.0004079892763,0.000407989274,0.3124038898
6314,0.0078125,0.4140625,-284.500434,-1034.307149,7,4534,3752,0,0,0,0,0,0,647.9796964,-93.49544399,623.6460207,6.021548133e-05,0,0,9,5,0.001543258231,0.00154325823,1.241252504
6315,0.0078125,0.4296875,-268.7269353,-220.4039376,7,4534,3332,0,0,0,0,0,0,317.162399,733.3414769,311.218717,6.021548133e-05,0,0,14,9,0.003152958872,0.003152958872,2.386951232
6316,0.0234375,0.4296875,-527.2784707,111.2205577,7,4534,3751,0,0,0,0,0,0,138.770558,894.8179391,137.6205817,6.021548133e-05,0,0,25,11,0.007206139503,0.0072061395,0.1225193491
6317,0.015625,0.4296875,-398.002703,-580.7165115,7,4528,4534,0,0,0,0,0,0,14.13280531,287.9548864,14.12078833,6.021548133e-05,0,0,23,14,0.07075736048,0.07075736047,0.9910896845
6318,0.6875,0.6328125,480.9651043,78.49502368,7,3484,4217,0,0,0,0,0,0,18.31952233,-180.356133,18.29933599,6.021548133e-05,0,0,12,7,0.0545865761,0.0545865761,1.175218906
6319,0.6796875,0.640625,329.9097042,122.8539293,7,4217,4216,0,0,0,0,0,0,6.137594403,-165.0772834,6.13532692,6.021548133e-05,0,0,53,23,0.1629302841,0.1629302841,1.426867178
6320,0.6875,0.6484375,209.6089988,97.36223037,7,4217,3686,0,0,0,0,0,0,27.78912588,-155.7922082,27.74270302,6.021548133e-05,0,0,143,65,0.03598529887,0.03598529884,2.717708883
6321,0.6953125,0.640625,318.8291197,154.625311,7,4217,4223,0,0,0,0,0,0,12.49405223,-119.1447856,12.48465958,6.021548133e-05,0,0,102,49,0.08003808385,0.08003808382,3.197542051
6322,0.5234375,0.6484375,90.35515266,38.8126561,7,3561,4059,0,0,0,0,0,0,596.0196816,-118.4166752,575.3698799,6.021548133e-05,0,0,12,5,0.001677796943,0.001677796941,0.7669868126
6323,0.5234375,0.6328125,93.06384788,-11.97906249,7,4059,3624,0,0,0,0,0,0,1327.773589,-161.3801497,1229.474034,6.021548133e-05,0,0,3,3,0.0007531404515,0.0007531404515,0.1549883739
6324,0.5078125,0.6328125,119.3317695,87.34777747,7,4059,3303,0,0,0,0,0,0,655.3621704,-88.61985173,630.481511,6.021548133e-05,0,0,3,3,0.001525873853,0.001525873853,0.9529598486
6325,0.5,0.671875,222.692874,222.692874,6,3437,3566,0,0,0,0,0,0,1e+300,0,1e+300,0,0,0,0,0,0,0,0
6326,0.515625,0.65625,134.4677265,171.0625049,6,3566,3561,0,0,0,0,0,0,2.381588035e+12,-3.245219204e-07,5206.696684,0.000192060352,0,0,3,0,4.198879006e-13,0,0.4198879006
6327,0.5,0.640625,163.4443433,47.38533968,6,3566,3303,0,0,0,0,0,0,6189.461522,-142.4154635,2827.852004,0.000192060352,0,0,4,2,0.0001615649433,0.0001615649426,0.1541970773
6328,0.453125,0.671875,111.3533686,111.3533686,6,3389,3570,0,0,0,0,0,0,1e+300,0,1e+300,0,0,0,0,0,0,0,0
6329,0.484375,0.671875,185.5797056,185.5797056,6,3570,3437,0,0,0,0,0,0,1e+300,-32.83535963,1994.968546,0,0,0,0,0,0,0,0
6330,0.484375,0.640625,126.3311749,250.8243058,6,3570,3303,0,0,0,0,0,0,725.9448065,61.59830833,637.1149215,0.000192060352,0,0,11,5,0.001377515193,0.001377515191,0.8179725305
6331,0.453125,0.640625,155.8576708,82.25996999,6,3570,3440,0,0,0,0,0,0,169.5896143,-77.13688862,164.2400783,0.000192060352,0,0,8,4,0.0058965875,0.005896587498,1.873528506
6332,0.484375,0.65625,155.9554402,173.9206659,6,3566,3570,0,0,0,0,0,0,357736.6867,-19.76935659,5132.002702,0.000192060352,0,0,3,1,2.795352105e-06,2.795352054e-06,0.005680415523
6333,0.5078125,0.6484375,148.9560349,27.58596983,7,4059,3566,0,0,0,0,0,0,3363.34033,-152.8456844,2796.898103,6.021548133e-05,0,0,4,1,0.0002973234648,0.0002973234645,0.1886076092
6334,0.5078125,0.625,120.6861171,316.934993,7,3303,4061,0,0,0,0,0,0,339.7250654,125.7967929,332.914726,6.021548133e-05,0,0,2,2,0.002943556722,0.002943556722,0.6129344221
6335,0.515625,0.6328125,106.1978087,78.06842877,7,4061,4059,0,0,0,0,0,0,224.2498453,-103.7006223,221.2620744,6.021548133e-05,0,0,2,2,0.004459311883,0.004459311883,0.9643352616
6336,0.5234375,0.625,94.41819549,94.41819549,7,4061,3624,0,0,0,0,0,0,1e+300,0,1e+300,0,0,0,0,0,0,0,0
6337,0.5234375,0.6015625,-17.78601951,314.3358753,7,3593,4066,0,0,0,0,0,0,5824.718784,129.786557,4312.248361,6.021548133e-05,0,0,5,2,0.0001716821081,0.0001716821077,0.2598214913
6338,0.5078125,0.6015625,-186.8850357,-186.8850357,7,4066,3667,0,0,0,0,0,0,1e+300,0,1e+300,0,0,0,0,0,0,0,0
6339,0.5078125,0.6171875,83.28471214,83.28471214,7,4066,3303,0,0,0,0,0,0,1e+300,0,1e+300,0,0,0,0,0,0,0,0
6340,0.5234375,0.6171875,57.01679049,78.71374213,7,4066,3624,0,0,0,0,0,0,1249.764535,-79.7940074,1162.295766,6.021548133e-05,0,0,5,2,0.0008001507259,0.000800150724,1.210937803
6341,0.515625,0.6171875,70.15075132,70.15075132,7,4061,4066,0,0,0,0,0,0,1e+300,0,1e+300,0,0,0,0,0,0,0,0
6342,0.6171875,0.6328125,140.3798298,140.3798298,7,3297,4286,1,1,1,0,0,1,2251.52125,-32.25297852,1862.830472,9.874021122e-05,0,44.90163915,8,8,0.0004441441536,0.0004441441536,1.633181804
6343,0.6015625,0.6328125,178.4464007,131.7921242,7,4286,3626,0,0,0,0,0,0,130.3463787,-48.89343437,129.3312744,6.021548133e-05,0,0,7,2,0.007671866374,0.007671866373,0.09106240638
6344,0.6015625,0.6484375,126.8411248,173.7977833,7,4286,3560,0,0,0,0,0,0,8.478672766,-29.43088419,8.474346211,6.021548133e-05,0,0,544,269,0.117942988,0.1179429879,2.580771687
6345,0.6171875,0.6484375,202.8011273,202.8011273,7,4286,3826,1,0,0,0,0,1,21.14036222,0,0,0,0,0,486,207,0.04730287919,0.04730287913,2.233800138
6346,0.6015625,0.625,204.2490386,50.47335379,7,3626,4380,0,0,0,0,0,0,3614.407259,-109.8021795,2968.363017,6.021548133e-05,0,0,6,2,0.0002766705378,0.0002766705364,0.4531599279
6347,0.609375,0.6328125,110.3633878,240.0823906,7,4380,4286,0,0,0,0,0,0,8469.176817,68.58791032,5608.817156,6.021548133e-05,0,0,5,1,0.0001180752299,0.0001180752286,0.7030150652
6348,0.6171875,0.625,68.08301286,263.0559816,7,4380,3297,0,0,0,0,0,0,1964.371077,102.8856633,1756.591666,6.021548133e-05,0,0,6,4,0.0005090687863,0.0005090687849,0.535531299
6349,0.6015625,0.6015625,63.31623674,306.4687965,7,3594,4372,0,0,0,0,0,0,26.79718851,117.6351062,26.75401808,6.021548133e-05,0,0,10,6,0.03731734766,0.03731734766,0.482206975
6350,0.6015625,0.6171875,157.271438,86.96492994,7,4372,3626,0,0,0,0,0,0,612.3860702,-88.92230288,590.607352,6.021548133e-05,0,0,7,4,0.001632956804,0.001632956803,1.385684657
6351,0.6171875,0.6171875,21.10541225,94.5162898,7,4372,3297,0,0,0,0,0,0,243.6711519,-81.265728,240.1475211,6.021548133e-05,0,0,22,14,0.004103891628,0.004103891624,4.206563528
6352,0.6171875,0.6015625,101.9166831,82.83941049,7,4372,3598,0,0,0,0,0,0,8.645971971,-88.02031009,8.641473035,6.021548133e-05,0,0,24,15,0.115660796,0.115660796,1.2653411
6353,0.609375,0.6171875,89.18842511,67.00255246,7,4380,4372,0,0,0,0,0,0,1313.937563,-99.69360207,1217.601671,6.021548133e-05,0,0,9,5,0.000761071171,0.0007610711695,0.8207126491
6354,0.5390625,0.4609375,88.98349343,112.4127636,7,3579,4486,0,0,0,0,0,0,1.696559599,-12.08489257,1.696386297,6.021548133e-05,0,0,360,191,0.5894281584,0.5894281583,25.87430478
6355,0.5546875,0.4609375,80.29655798,99.446709,7,4486,3735,0,0,0,0,0,0,661.0471427,-42.74484485,635.7412879,6.021548133e-05,0,0,2,1,0.001512751414,0.001512751414,0.9296755124
6356,0.5546875,0.4453125,128.298539,128.298539,7,4486,3428,1,0,0,0,0,1,6.812998377,0,0,0,0,0,757,392,0.1467782531,0.146778253,24.54666763
6357,0.5390625,0.4453125,121.4440714,71.55231329,7,4486,3819,0,0,0,0,0,0,3.349657734,-49.64639451,3.34898224,6.021548133e-05,0,0,932,457,0.298537964,0.2985379639,13.71902519
6358,0.8203125,0.6953125,224.7991467,-68.75112938,7,3486,4157,0,0,0,0,0,0,12.48432529,-322.1629541,12.47494725,6.021548133e-05,0,0,42,17,0.08010044411,0.08010044411,0.3952115986
6359,0.8203125,0.7109375,276.7794784,28.87303254,7,4157,3632,0,0,0,0,0,0,144.7474515,-248.3932858,143.4967286,6.021548133e-05,0,0,38,20,0.006908584503,0.006908584499,4.198281711
6360,0.8359375,0.7109375,240.3234566,233.6672223,7,4157,3620,0,0,0,0,0,0,122.6492813,-55.41248343,121.7501098,6.021548133e-05,0,0,28,15,0.008153329471,0.008153329466,4.593266906
6361,0.8359375,0.6953125,343.8960811,-227.5993096,7,4157,3623,0,0,0,0,0,0,126.5593537,-495.0233226,125.6021607,6.021548133e-05,0,0,39,12,0.007901430993,0.007901430982,0.111890375
6362,0.8125,0.7109375,295.0074894,246.0514957,7,3632,4163,0,0,0,0,0,0,244.3583047,-106.2433518,240.8149172,6.021548133e-05,0,0,29,12,0.004092351194,0.004092351188,2.594706298
6363,0.8203125,0.703125,250.7893126,118.9138667,7,4163,4157,0,0,0,0,0,0,3.319831527,-227.3604276,3.319168008,6.021548133e-05,0,0,35,16,0.3012201047,0.3012201046,1.368550598
6364,0.8125,0.6953125,243.0271576,98.20071477,7,4163,3486,0,0,0,0,0,0,5.299295672,-230.239639,5.297605208,6.021548133e-05,0,0,24,14,0.1887043226,0.1887043226,0.8914781308
6365,0.7890625,0.7109375,216.0790448,57.69139393,7,3619,4166,0,0,0,0,0,0,154.9648343,-200.3448239,153.5321822,6.021548133e-05,0,0,22,14,0.006453076948,0.006453076947,3.092107948
6366,0.8046875,0.7109375,268.6980079,82.94698396,7,4166,3632,0,0,0,0,0,0,137.911157,-183.9715051,136.7753218,6.021548133e-05,0,0,23,15,0.007251044962,0.00725104496,2.682644891
6367,0.8046875,0.6953125,216.7176761,107.9083727,7,4166,3486,0,0,0,0,0,0,1.307769588,-135.1556226,1.307666611,6.021548133e-05,0,0,29,15,0.7646606937,0.7646606937,2.708127922
6368,0.7890625,0.6953125,235.789366,48.93209842,7,4166,3694,0,0,0,0,0,0,2.511754182,-196.430438,2.511374346,6.021548133e-05,0,0,26,12,0.3981281318,0.3981281318,1.309839136
6369,0.8046875,0.703125,242.707842,97.37272122,7,4163,4166,0,0,0,0,0,0,8.9560434,-238.5537438,8.951216077,6.021548133e-05,0,0,18,10,0.1116564486,0.1116564486,0.7522873745
6370,0.1484375,0.4765625,204.581227,-138.7752659,7,3808,4518,0,0,0,0,0,0,465.7559079,-7.704276692,453.0498018,6.021548133e-05,0,0,8,5,0.002147047376,0.002147047374,2.554084009
6371,0.1328125,0.4765625,-113.9839993,-90.10277948,7,4518,4512,0,0,0,0,0,0,271.7553576,32.53583722,267.3799838,6.021548133e-05,0,0,28,14,0.003679780258,0.003679780255,3.211497657
6372,0.1328125,0.4921875,-112.03995,-112.03995,7,4518,3282,1,0,0,0,0,1,609.4783575,0,0,0,0,0,40,19,0.00164074735,0.001640747348,1.245594675
6373,0.1484375,0.4921875,-85.964017,-85.964017,7,4518,3804,1,0,0,0,0,1,1e+300,0,0,0,0,0,0,0,0,0,0
6374,0.234375,0.1875,84.27475444,20.10854032,6,3369,3919,0,0,0,0,0,0,932.8235629,48.03558345,791.0926519,0.000192060352,0,0,5,2,0.001072014087,0.001072014087,1.201072864
6375,0.21875,0.171875,2.623727276,-83.13429539,6,3919,3913,0,0,0,0,0,0,21.31047007,-18.54481341,21.22360406,0.000192060352,0,0,19,10,0.04692529056,0.04692529056,0.183179811
6376,0.203125,0.1875,-42.20693548,-69.38546054,6,3919,3323,0,0,0,0,0,0,320.3093686,42.58831564,301.7463183,0.000192060352,0,0,41,17,0.00312198174,0.003121981732,2.182775301
6377,0.21875,0.203125,-15.84499037,-26.46487795,6,3919,3912,0,0,0,0,0,0,248.1481262,57.71222689,236.8595388,0.000192060352,0,0,24,12,0.004029851103,0.004029851096,4.298807227
6378,0.2265625,0.1640625,25.03905865,-53.47472995,7,3913,4469,0,0,0,0,0,0,79.5200591,-0.2044129402,79.14110469,6.021548133e-05,0,0,5,4,0.01257544337,0.01257544337,0.1400923576
6379,0.2265625,0.1796875,43.44924086,-109.0866347,7,4469,3919,0,0,0,0,0,0,18.47919041,-18.73231523,18.45865085,6.021548133e-05,0,0,6,4,0.05411492484,0.05411492484,0.5969397554
6380,0.2421875,0.1796875,106.6900858,-16.60787836,7,4469,3369,0,0,0,0,0,0,7.927293019e+12,-2.066778855e-07,16607.0249,6.021548133e-05,0,0,1,0,1.261464661e-13,0,0.1261464661
6381,0.2421875,0.1640625,-62.73220618,-62.73220618,7,4469,3918,0,0,0,0,0,0,1e+300,0,1e+300,0,0,0,0,0,0,0,0
6382,0.2734375,0.1640625,0.687416429,-37.95496475,7,3905,4699,0,0,0,0,0,0,148.3800747,13.00241675,147.0660721,6.021548133e-05,0,0,11,7,0.006739449362,0.00673944936,1.472075941
6383,0.2578125,0.1640625,-70.84942026,-111.4478007,7,4699,3918,0,0,0,0,0,0,124.147623,-33.71359557,123.2264304,6.021548133e-05,0,0,6,5,0.008054926673,0.008054926673,1.475052934
6384,0.2578125,0.1796875,98.57287174,-52.57642628,7,4699,3369,0,0,0,0,0,0,4904.197698,-41.90382216,3786.122939,6.021548133e-05,0,0,3,3,0.0002039069511,0.0002039069511,0.06532377903
6385,0.2734375,0.1796875,-30.71875663,-112.6946294,7,4699,3921,0,0,0,0,0,0,335.335379,-55.44817903,328.69818,6.021548133e-05,0,0,8,5,0.002982089164,0.002982089163,0.4377010265
6386,0.96875,0.8046875,229.2935879,431.0855128,7,3628,4098,0,0,0,0,0,0,739.8317837,93.56019702,708.2784552,6.021548133e-05,0,0,5,4,0.00135165861,0.001351658609,0.7663948851
6387,0.9765625,0.796875,345.1231089,40.44835891,7,4098,4053,0,0,0,0,0,0,85.2180987,-325.8314652,84.78303887,6.021548133e-05,0,0,42,17,0.01173459647,0.01173459646,2.136345831
6388,0.96875,0.7890625,253.7208846,46.59710444,7,4098,3545,0,0,0,0,0,0,28.18237306,-299.7730554,28.13462817,6.021548133e-05,0,0,54,26,0.03548317233,0.03548317232,6.450369416
6389,0.9609375,0.796875,352.9830614,122.7768539,7,4098,4052,0,0,0,0,0,0,52.32347491,-235.8325714,52.15913799,6.021548133e-05,0,0,17,13,0.0191118805,0.0191118805,3.507560368
6390,0.5859375,0.6640625,181.742067,-55.4548383,7,3560,4288,0,0,0,0,0,0,10.90121606,-269.0926731,10.89406495,6.021548133e-05,0,0,24,15,0.0917328851,0.0917328851,0.2948389987
6391,0.5703125,0.6640625,209.9137934,-504.3212333,7,4288,3625,0,0,0,0,0,0,1047.836857,-708.2529367,985.6465045,6.021548133e-05,0,0,3,3,0.0009543470372,0.0009543470372,0.01291898099
6392,0.5703125,0.6796875,206.9832015,155.3903318,7,4288,3434,0,0,0,0,0,0,275.4548145,-56.41751366,270.9604893,6.021548133e-05,0,0,23,15,0.00363035949,0.003630359486,3.505384844
6393,0.5859375,0.6796875,257.0494944,51.23947535,7,4288,3827,0,0,0,0,0,0,241.6209371,-152.2396736,238.15593,6.021548133e-05,0,0,38,24,0.004138714186,0.004138714181,4.256668434
6394,0.5703125,0.65625,211.3790894,250.1351593,7,3625,4290,0,0,0,0,0,0,52.36387517,54.7169123,52.19928477,6.021548133e-05,0,0,182,90,0.01909713513,0.01909713511,3.561204605
6395,0.578125,0.6640625,195.8279302,358.4065596,7,4290,4288,0,0,0,0,0,0,4.878925218,154.197176,4.877492275,6.021548133e-05,0,0,8,5,0.2049631743,0.2049631743,0.5177121407
6396,0.5859375,0.65625,183.2073629,70.87294499,7,4290,3560,0,0,0,0,0,0,2.003785365,-134.2514334,2.00354362,6.021548133e-05,0,0,317,147,0.4990554465,0.4990554465,1.297740128
6397,0.578125,0.6484375,206.6105117,58.96348972,7,4290,4287,0,0,0,0,0,0,14.77090235,-119.1529146,14.75777624,6.021548133e-05,0,0,464,226,0.06770067097,0.06770067092,9.595713061
6398,0.8125,0.515625,127.9213697,64.39109618,6,3508,3953,0,0,0,0,0,0,518.2507858,-134.1127542,471.3361411,0.000192060352,0,0,19,13,0.001929567745,0.001929567743,2.100660653
6399,0.796875,0.53125,179.1234383,179.1234383,6,3953,3727,0,0,0,0,0,0,1e+300,-21.02595603,406.717174,0,0,0,0,0,0,0,0
6400,0.8125,0.546875,194.3997478,90.42004857,6,3953,3489,0,0,0,0,0,0,699.3591553,-113.3144451,616.5453045,0.000192060352,0,0,11,2,0.001429880473,0.001429880469,0.9881108827
6401,0.828125,0.53125,215.0719994,197.3288868,6,3953,3726,0,0,0,0,0,0,432.2354611,18.19597884,399.1037459,0.000192060352,0,0,12,7,0.002313553815,0.002313553814,2.177828786
6402,0.8046875,0.5546875,220.0007821,199.448395,7,3489,4838,0,0,0,0,0,0,1168.029889,-34.20210594,1091.276606,6.021548133e-05,0,0,10,2,0.0008561424748,0.0008561424716,0.8885278802
6403,0.8046875,0.5390625,186.761593,114.2004194,7,4838,3953,0,0,0,0,0,0,1478.893076,-116.83476,1357.963371,6.021548133e-05,0,0,7,1,0.0006761814065,0.0006761814043,0.6041342463
6404,0.7890625,0.5390625,204.7244726,216.9790892,7,4838,3727,0,0,0,0,0,0,2873136.355,-6.076308179,16511.58626,6.021548133e-05,0,0,5,3,3.480517026e-07,3.480517011e-07,0.001902966332
6405,0.765625,0.5625,234.1809872,113.6052511,6,3483,3831,0,0,0,0,0,0,0.8614513923,-66.64462545,0.8613088882,0.000192060352,0,0,738,369,1.160831602,1.160831602,17.42319109
6406,0.78125,0.578125,201.0591932,88.67586822,6,3831,3728,0,0,0,0,0,0,0.8525820768,-119.6108605,0.8524424917,0.000192060352,0,0,984,472,1.172907603,1.172907603,26.8880639
6407,0.796875,0.5625,229.8196203,332.4095099,6,3831,3489,0,0,0,0,0,0,8.742951182,134.7596741,8.728294854,0.000192060352,0,0,257,109,0.1143778547,0.1143778547,12.21675072
6408,0.78125,0.546875,187.0544034,187.0544034,6,3831,3727,1,0,0,0,0,1,243.8113395,0,0,0,0,0,26,17,0.004101531955,0.004101531953,0.7365779306
6409,0.7890625,0.5546875,222.1814655,201.4367765,7,4838,3831,0,0,0,0,0,0,3115.360466,-23.51374492,2623.256158,6.021548133e-05,0,0,8,5,0.0003209901425,0.0003209901417,0.1420650283
6410,0.1640625,0.1015625,-145.0345874,-145.0345874,7,3753,4653,1,1,1,0,0,1,842.0515674,78.81391248,770.2151285,9.874021122e-05,0,51.29945351,9,9,0.001187575724,0.001187575724,0.2313381042
6411,0.1640625,0.1171875,-173.1715696,-173.1715696,7,4653,3992,0,0,0,0,0,0,1e+300,62.74962604,502.5766284,0,0,0,0,0,0,0,0
6412,0.1796875,0.1171875,-2.520308109,-2.520308109,7,4653,3368,1,1,1,0,0,1,562.6191884,270.6755461,544.1831417,6.021548133e-05,0,68.28993933,12,12,0.001777401163,0.001777401163,1.456331982
6413,0.1796875,0.1015625,-222.5569555,-222.5569555,7,4653,3991,1,0,0,0,0,1,62.22739276,0,0,0,0,0,176,79,0.01607009318,0.01607009316,5.956056876
6414,0.15625,0.1171875,-150.1814545,-203.2542376,7,3992,4657,0,0,0,0,0,0,1.348322985e+13,-2.619618442e-07,16607.02492,6.021548133e-05,0,0,1,0,7.416620582e-14,0,0.07416620582
6415,0.1640625,0.109375,-169.4395912,-267.6087861,7,4657,4653,0,0,0,0,0,0,245046.5469,-18.1898464,15552.98514,6.021548133e-05,0,0,3,1,4.080857341e-06,4.080857242e-06,0.004927619966
6416,0.15625,0.1015625,-142.7174978,-365.9514873,7,4657,3753,0,0,0,0,0,0,1359.289884,-125.0481395,1256.449151,6.021548133e-05,0,0,11,4,0.0007356782478,0.0007356782456,0.4842604237
6417,0.1484375,0.109375,-107.971118,-338.7823232,7,4657,4652,0,0,0,0,0,0,361.8898541,-84.29804483,354.1719612,6.021548133e-05,0,0,11,5,0.002763271721,0.002763271719,1.53528435
6418,0.1484375,0.2734375,-235.0509571,-238.3341831,7,3851,4384,0,0,0,0,0,0,46.58224769,-80.85237295,46.45195125,6.021548133e-05,0,0,163,89,0.02146740549,0.02146740547,22.48010564
6419,0.1484375,0.2578125,-152.8196624,-336.591532,7,4384,3966,0,0,0,0,0,0,230.9251319,-150.1467047,227.7580945,6.021548133e-05,0,0,36,20,0.004330407834,0.004330407828,3.480447669
6420,0.1328125,0.2578125,-383.6365199,-356.3903046,7,4384,3270,0,0,0,0,0,0,228.21695,-142.8064743,225.1232626,6.021548133e-05,0,0,33,17,0.00438179548,0.004381795476,3.919176582
6421,0.125,0.265625,-362.1727358,-342.4798417,6,3270,3847,0,0,0,0,0,0,4538.37129,-119.894703,2424.808409,0.000192060352,0,0,6,3,0.0002203433646,0.0002203433644,0.2038793463
6422,0.109375,0.28125,-268.8486262,-239.9182886,6,3847,3549,0,0,0,0,0,0,685.7489497,68.77751418,605.9431016,0.000192060352,0,0,6,4,0.001458259616,0.001458259615,0.8823056133
6423,0.125,0.296875,-170.6596046,-202.732028,6,3847,3353,0,0,0,0,0,0,2.600557969,-18.24629261,2.599259732,0.000192060352,0,0,347,177,0.3845328625,0.3845328624,1.42012894
6424,0.140625,0.28125,-213.5871729,-168.5243391,6,3847,3851,0,0,0,0,0,0,2.153937224,-2.041220577,2.153046539,0.000192060352,0,0,453,233,0.464266084,0.4642660839,1.81915112
6425,0.1328125,0.2734375,-287.8799543,-252.1550491,7,4384,3847,0,0,0,0,0,0,39.83870413,-57.62092047,39.74336351,6.021548133e-05,0,0,118,63,0.02510121807,0.02510121804,23.77527258
6426,0.15625,0.2578125,-37.4112337,-257.2801352,7,3966,4387,0,0,0,0,0,0,502.4737019,-83.43592642,487.7169971,6.021548133e-05,0,0,10,6,0.001990153905,0.001990153903,2.277696598
6427,0.1484375,0.265625,-193.9353097,-203.6305778,7,4387,4384,0,0,0,0,0,0,114.6128936,-30.69837606,113.8273177,6.021548133e-05,0,0,60,35,0.008725021842,0.008725021833,11.10097405
6428,0.15625,0.2734375,-119.6425283,-206.5094366,7,4387,3851,0,0,0,0,0,0,91.51034373,-61.62824495,91.00885406,6.021548133e-05,0,0,94,53,0.01092772641,0.0109277264,14.19065653
6429,0.1640625,0.265625,-102.6749759,-140.6524108,7,4387,4383,0,0,0,0,0,0,188.1133298,-6.253417983,186.0063734,6.021548133e-05,0,0,43,24,0.005315944389,0.005315944377,8.749516875
6430,0.8828125,0.84375,733.640453,950.3861928,7,3542,4594,0,0,0,0,0,0,36.89566899,591.977381,36.81387994,6.021548133e-05,0,0,2,1,0.02710345218,0.02710345218,0.1766668137
6431,0.890625,0.8515625,556.8803702,556.8803702,7,4594,4291,0,0,0,0,0,0,1e+300,0,1e+300,0,0,0,0,0,0,0,0
6432,0.8984375,0.84375,744.2805017,368.9167601,7,4594,3543,0,0,0,0,0,0,2.221909201e+12,2.749074895e-06,16607.02481,6.021548133e-05,0,0,1,0,4.500633957e-13,0,0.4500633957
6433,0.890625,0.8359375,614.6793745,-33.70775438,7,4594,4294,0,0,0,0,0,0,16.62188187,-403.39009,16.60526176,6.021548133e-05,0,0,3,1,0.06016165965,0.06016165965,0.3921481532
6434,0.8828125,0.8828125,143.557834,143.557834,7,3299,4421,0,0,0,0,0,0,1e+300,379.5606938,7442.793847,0,0,0,0,0,0,0,0
6435,0.8828125,0.8984375,379.6445822,85.58245733,7,4421,3689,0,0,0,0,0,0,1.772244748,-303.8893527,1.77205564,6.021548133e-05,0,0,12,6,0.564256151,0.564256151,2.139011382
6436,0.8984375,0.8984375,430.673502,767.3378642,7,4421,3635,0,0,0,0,0,0,8.444721792,361.572001,8.440429808,6.021548133e-05,0,0,10,7,0.1184171634,0.1184171634,0.5289990875
6437,0.8984375,0.8828125,267.6565136,-33.65378225,7,4421,3677,0,0,0,0,0,0,65.1292399,-442.9783595,64.8748146,6.021548133e-05,0,0,4,3,0.01535408676,0.01535408676,0.7752430632
6438,0.875,0.8984375,354.1301223,-34.42406933,7,3689,4522,0,0,0,0,0,0,8.963339515,-421.7638062,8.958504326,6.021548133e-05,0,0,10,3,0.1115655608,0.1115655608,0.3913385503
6439,0.8828125,0.890625,261.6012081,1127.862966,7,4522,4421,0,0,0,0,0,0,27.45218631,729.5502281,27.40688146,6.021548133e-05,0,0,5,1,0.03642697119,0.03642697119,0.125957971
6440,0.875,0.8828125,118.0433741,118.0433741,7,4522,3299,0,0,0,0,0,0,1e+300,0,1e+300,0,0,0,0,0,0,0,0
6441,0.8671875,0.8828125,82.3486313,82.3486313,7,3299,4318,0,0,0,0,0,0,1e+300,565.943383,1773.87973,0,0,0,0,0,0,0,0
6442,0.8515625,0.8828125,300.6434864,95.10394978,7,4318,3705,0,0,0,0,0,0,6.105462046,-287.2850344,6.103218238,6.021548133e-05,0,0,5,1,0.1637877678,0.1637877678,0.7826854731
6443,0.8515625,0.8984375,247.0458939,115.2095797,7,4318,3654,0,0,0,0,0,0,0.9671827736,-264.2856286,0.9671264487,6.021548133e-05,0,0,14,8,1.033930739,1.033930739,3.78845548
6444,0.8671875,0.8984375,318.4353795,418.4605584,7,4318,3689,0,0,0,0,0,0,2.355162675,37.74563333,2.354828719,6.021548133e-05,0,0,14,9,0.4245991204,0.4245991204,1.733225281
6445,0.8671875,0.890625,200.3920054,63.21342313,7,4522,4318,0,0,0,0,0,0,622.471524,-326.3424294,599.9827183,6.021548133e-05,0,0,5,2,0.001606499191,0.001606499191,1.238187032
6446,0.9921875,0.90625,396.1418488,39.559547,7,3665,4630,0,0,0,0,0,0,8.01952404,-418.5940595,8.015653285,6.021548133e-05,0,0,5,4,0.1246956796,0.1246956796,1.090642288
6447,0.984375,0.8984375,378.3581154,254.3906535,7,4630,4404,0,0,0,0,0,0,21.71920027,-198.0161512,21.69083231,6.021548133e-05,0,0,6,5,0.04604221092,0.04604221092,0.4086298869
6448,0.9765625,0.90625,443.8269626,2664.639491,7,4630,3638,0,0,0,0,0,0,385.4075968,2204.423382,376.6661165,6.021548133e-05,0,0,2,1,0.002594655653,0.002594655652,0.02359638995
6449,0.984375,0.9140625,443.2114826,469.7877367,7,4630,4403,0,0,0,0,0,0,2.347280822e+14,-3.686549235e-07,16607.02494,6.021548133e-05,0,0,1,0,4.260248669e-15,0,0.004260248669
6450,0.7109375,0.7265625,398.5471581,122.0691165,7,3684,4014,0,0,0,0,0,0,96.07541809,-118.4918326,95.52279698,6.021548133e-05,0,0,45,28,0.0104084897,0.0104084897,6.940864545
6451,0.6953125,0.7265625,357.8572108,156.5913444,7,4014,3710,0,0,0,0,0,0,84.31470961,-62.02473988,83.8888019,6.021548133e-05,0,0,38,26,0.01186032668,0.01186032668,5.687327524
6452,0.6953125,0.7421875,805.20309,805.20309,7,4014,3462,0,0,0,0,0,0,1e+300,103.1776988,281.1909163,0,0,0,0,0,0,0,0
6453,0.7109375,0.7421875,567.1429391,87.49325487,7,4014,3709,0,0,0,0,0,0,430.917914,-139.7044329,420.0192832,6.021548133e-05,0,0,12,5,0.00232062759,0.002320627584,4.438057189
6454,0.6875,0.7421875,784.8581163,784.8581163,7,3462,4017,0,0,0,0,0,0,1e+300,0,1e+300,0,0,0,0,0,0,0,0
6455,0.6953125,0.734375,581.5301504,318.8891755,7,4017,4014,0,0,0,0,0,0,424.4407976,117.8057714,413.8633175,6.021548133e-05,0,0,5,3,0.002356041186,0.002356041184,1.233250074
6456,0.6875,0.7265625,337.5122372,-47.7802123,7,4017,3710,0,0,0,0,0,0,1386.051257,-248.8329886,1279.280293,6.021548133e-05,0,0,6,4,0.0007214740398,0.0007214740395,0.3970095124
6457,0.6796875,0.734375,584.274651,93.07099488,7,4017,4023,0,0,0,0,0,0,1537.708679,-104.7126078,1407.392741,6.021548133e-05,0,0,1,1,0.0006503182391,0.0006503182391,0.782381904
6458,0.625,0.7109375,218.6690365,141.2098958,7,3824,4451,0,0,0,0,0,0,2.867317862,-71.41580319,2.866822885,6.021548133e-05,0,0,36,17,0.3487579851,0.3487579851,1.5535782
6459,0.6328125,0.703125,233.215456,21.16280558,7,4451,4021,0,0,0,0,0,0,17.94060866,-190.7665222,17.9212483,6.021548133e-05,0,0,26,12,0.05573946897,0.05573946897,0.6147157552
6460,0.625,0.6953125,352.8023056,-396.2709253,7,4451,3463,0,0,0,0,0,0,292.1857324,-593.8826386,287.1338691,6.021548133e-05,0,0,12,7,0.003422480598,0.003422480596,0.02970101282
6461,0.6015625,0.7109375,209.9552575,166.1341391,7,3563,4455,0,0,0,0,0,0,44.24577685,-26.50263377,44.12820692,6.021548133e-05,0,0,29,15,0.02260102706,0.02260102706,0.2449154913
6462,0.6171875,0.7109375,215.7644435,7.486184641,7,4455,3824,0,0,0,0,0,0,5.713774364,-190.1254355,5.711809172,6.021548133e-05,0,0,34,18,0.1750156615,0.1750156615,0.7033355708
6463,0.6171875,0.6953125,349.8977126,-20.08974241,7,4455,3463,0,0,0,0,0,0,1686.033074,-202.6873768,1530.634915,6.021548133e-05,0,0,8,4,0.0005931081754,0.0005931081748,0.4159184641
6464,0.6015625,0.6953125,299.8314198,-150.5431194,7,4455,3827,0,0,0,0,0,0,913.0425322,-341.4694502,865.4601432,6.021548133e-05,0,0,13,5,0.00109523923,0.001095239226,0.05235179683
6465,0.6171875,0.703125,282.8310781,72.96104338,7,4451,4455,0,0,0,0,0,0,3.113141916,-129.6702392,3.112558438,6.021548133e-05,0,0,22,12,0.321218893,0.321218893,1.391536389
6466,0.90625,0.6328125,276.141588,90.55179376,7,3590,4554,0,0,0,0,0,0,135.7386542,-161.7697727,134.6381799,6.021548133e-05,0,0,7,3,0.007367098235,0.007367098232,0.883167637
6467,0.8984375,0.640625,304.4599017,303.8736398,7,4554,4342,0,0,0,0,0,0,9.153900192,43.20166099,9.148857282,6.021548133e-05,0,0,172,93,0.1092430526,0.1092430525,19.13555741
6468,0.90625,0.6484375,245.8482987,7.076384781,7,4554,3529,0,0,0,0,0,0,5.643012967,-246.8509037,5.641096141,6.021548133e-05,0,0,404,205,0.1772102963,0.1772102963,30.87906652
6469,0.9140625,0.640625,313.4565621,161.2107135,7,4554,4345,0,0,0,0,0,0,6.923227791,-86.81113147,6.9203428,6.021548133e-05,0,0,239,115,0.1444412968,0.1444412967,23.47721309
6470,0.8203125,0.8203125,385.0968366,177.6784365,7,3491,4587,0,0,0,0,0,0,12.07877032,-133.0211713,12.06999146,6.021548133e-05,0,0,12,6,0.08278988455,0.08278988455,0.5069052677
6471,0.8203125,0.8359375,499.9971779,-133.9955446,7,4587,3706,0,0,0,0,0,0,201.6605421,-466.7776606,199.2411397,6.021548133e-05,0,0,9,4,0.004958828284,0.004958828283,0.03071139294
6472,0.8359375,0.8359375,328.1343985,86.70456567,7,4587,3538,0,0,0,0,0,0,281.6935557,-229.1652538,276.9950785,6.021548133e-05,0,0,11,4,0.003549956965,0.003549956962,1.797312341
6473,0.8359375,0.8203125,445.429227,-770.2843921,7,4587,3541,0,0,0,0,0,0,209.509127,-1086.042856,206.8989533,6.021548133e-05,0,0,14,6,0.004773061749,0.004773061747,0.04100150812
6474,0.7265625,0.7265625,146.4143941,83.8423169,7,3684,4015,0,0,0,0,0,0,45.9475554,-168.6022593,45.82078057,6.021548133e-05,0,0,102,55,0.02176394351,0.02176394349,13.75619553
6475,0.7265625,0.7421875,315.0101751,315.0101751,7,4015,3709,0,0,0,0,0,0,1e+300,0,1e+300,0,0,0,0,0,0,0,0
6476,0.7421875,0.7421875,48.80479804,111.3246233,7,4015,3251,0,0,0,0,0,0,109.4238725,-146.6920819,108.7075969,6.021548133e-05,0,0,24,10,0.009138773626,0.009138773612,7.518045994
6477,0.7421875,0.7265625,193.5470197,161.8425176,7,4015,3693,0,0,0,0,0,0,25.46264481,-101.140564,25.42366409,6.021548133e-05,0,0,126,65,0.03927321798,0.03927321795,23.14097952
6478,0.9921875,0.859375,458.6599463,-121.2642163,7,4550,4102,0,0,0,0,0,0,39.71840077,-558.1783859,39.6236344,6.021548133e-05,0,0,66,34,0.02517724734,0.02517724733,2.218725894
6479,1,0.8515625,586.5683323,586.5683323,7,4550,3630,0,0,0,0,0,0,1e+300,0,1e+300,0,0,0,0,0,0,0,0
6480,1,0.8671875,332.7188645,520.8161783,7,3320,4550,0,0,0,0,0,0,26.40618662,108.3126589,26.36426582,6.021548133e-05,0,0,66,34,0.03786991338,0.03786991337,4.295115549
6481,0.8984375,0.875,186.1480194,144.7634046,7,3677,4447,0,0,0,0,0,0,4.977710418,-252.0190921,4.976218869,6.021548133e-05,0,0,80,43,0.2008955757,0.2008955757,12.94443011
6482,0.890625,0.8671875,249.4494713,-549.8867777,7,4447,4291,0,0,0,0,0,0,62.06468303,-932.334232,61.83359514,6.021548133e-05,0,0,79,42,0.01611222278,0.01611222278,1.036816295
6483,0.8828125,0.875,62.04933978,62.04933978,7,4447,3299,0,0,0,0,0,0,1e+300,0,1e+300,0,0,0,0,0,0,0,0
6484,0.890625,0.8828125,205.6071738,748.1901836,7,4447,4421,0,0,0,0,0,0,41853.81624,360.2874536,11889.45208,6.021548133e-05,0,0,1,1,2.389268386e-05,2.389268386e-05,0.04542129976
6485,0.171875,0.703125,-63.5193064,-30.35056987,6,3335,3652,0,0,0,0,0,0,1.193014851e+12,-1.737901805e-07,5206.696672,0.000192060352,0,0,1,0,8.38212533e-13,0,0.838212533
6486,0.140625,0.703125,-112.3166768,15.33167171,6,3652,3363,0,0,0,0,0,0,11031.22868,99.12131091,3537.167501,0.000192060352,0,0,3,1,9.065173327e-05,9.065173287e-05,0.05046367933
6487,0.140625,0.734375,-111.8051554,-107.0394988,6,3652,3277,0,0,0,0,0,0,599.2407371,-50.4600818,537.3920752,0.000192060352,0,0,2,1,0.001668778403,0.001668778402,0.9289695277
6488,0.15625,0.75,-101.96106,-101.96106,5,3277,3362,0,0,0,0,0,0,1e+300,4.533738007e-07,83517.05469,0,0,0,0,0,0,0,0
6489,0.1875,0.78125,-33.98701998,-33.98701998,5,3362,3342,0,0,0,0,0,0,1e+300,0,1e+300,0,0,0,0,0,0,0,0
6490,0.21875,0.75,-33.98701998,-33.98701998,5,3362,3250,0,0,0,0,0,0,1e+300,0,1e+300,0,0,0,0,0,0,0,0
6491,0.1875,0.71875,-53.67521093,-8.590752361,5,3362,3335,0,0,0,0,0,0,2.707027203e+12,-1.016439075e-07,4070.48464,0.0002456709918,0,0,1,0,3.694089216e-13,0,0.3694089216
6492,0.171875,0.734375,-77.81813544,-21.7051761,6,3652,3362,0,0,0,0,0,0,1.013953097e+12,-1.672990741e-07,5206.696668,0.000192060352,0,0,1,0,9.862389125e-13,0,0.9862389125
6493,0.140625,0.6875,-112.5724375,-97.39475116,6,3363,3987,0,0,0,0,0,0,9.594722097e+11,-8.692221769e-07,5206.696667,0.000192060352,0,0,2,0,1.042239671e-12,0,1.042239671
6494,0.15625,0.703125,-87.91799161,-57.07010443,6,3987,3652,0,0,0,0,0,0,2.704316144e+13,2.136295052e-08,5206.696694,0.000192060352,0,0,1,0,3.697792517e-14,0,0.03697792517
6495,0.171875,0.6875,-63.7750671,-63.7750671,6,3987,3335,0,0,0,0,0,0,1e+300,0,1e+300,0,0,0,0,0,0,0,0
6496,0.15625,0.671875,-73.61916257,-65.71549847,6,3987,3651,0,0,0,0,0,0,9.500594694e+12,-2.490030653e-07,5206.696692,0.000192060352,0,0,1,0,1.052565689e-13,0,0.1052565689
6497,0.8046875,0.5,84.69932801,110.1081195,7,3508,5003,0,0,0,0,0,0,1235.032728,-68.50113601,1149.543382,6.021548133e-05,0,0,7,4,0.0008096951422,0.0008096951414,0.8890456122
6498,0.796875,0.4921875,101.9902944,195.428166,7,5003,4793,0,0,0,0,0,0,618.6309579,32.00347338,596.4138497,6.021548133e-05,0,0,10,5,0.001616472611,0.001616472611,1.046790496
6499,0.7890625,0.5,64.73362262,80.46356923,7,5003,3952,0,0,0,0,0,0,894.612409,-34.31250656,848.8834668,6.021548133e-05,0,0,6,3,0.001117802514,0.001117802513,1.234515555
6500,0.7890625,0.5234375,171.4852836,125.9454922,7,3727,4839,0,0,0,0,0,0,634.5861667,-61.89634608,611.2299037,6.021548133e-05,0,0,5,2,0.001575830128,0.001575830126,1.155460109
6501,0.8046875,0.5234375,153.522404,146.3662895,7,4839,3953,0,0,0,0,0,0,620.205599,-49.45533077,597.8772867,6.021548133e-05,0,0,11,7,0.001612368546,0.001612368544,1.353247736
6502,0.8046875,0.5078125,120.283215,54.49752989,7,4839,3508,0,0,0,0,0,0,456.7930019,-138.7087687,444.564798,6.021548133e-05,0,0,13,8,0.002189175394,0.002189175392,2.409245702
6503,0.7890625,0.5078125,100.3175096,34.06944606,7,4839,3952,0,0,0,0,0,0,1033.045081,-95.30367283,972.5474676,6.021548133e-05,0,0,6,3,0.000968011966,0.0009680119649,0.7429302453
6504,0.796875,0.5078125,110.3003623,51.00581895,7,5003,4839,0,0,0,0,0,0,3610.332617,-124.9212064,2965.614257,6.021548133e-05,0,0,3,2,0.0002769827897,0.0002769827889,0.3594261576
6505,0.4921875,0.5078125,19.71077222,30.6522494,7,3244,4437,0,0,0,0,0,0,76.09627609,-85.75566148,75.74918017,6.021548133e-05,0,0,75,40,0.01314124753,0.01314124751,4.642465542
6506,0.4765625,0.5078125,155.1219721,19.65085584,7,4437,3822,0,0,0,0,0,0,67.84659642,-114.91276,67.57054268,6.021548133e-05,0,0,9,7,0.01473913288,0.01473913288,0.7553640045
6507,0.4765625,0.5234375,59.13231666,69.57591938,7,4437,3670,0,0,0,0,0,0,2369.631601,-41.82042035,2073.733643,6.021548133e-05,0,0,5,2,0.000422006526,0.0004220065251,0.7578842718
6508,0.4921875,0.5234375,288.489379,156.3613383,7,4437,3669,0,0,0,0,0,0,105.8558854,-8.096208364,105.1854164,6.021548133e-05,0,0,65,34,0.009446805875,0.009446805869,1.839251726
6509,0.4765625,0.5,203.1167998,112.4122385,7,3822,4901,0,0,0,0,0,0,30.69436451,-56.50139266,30.63773752,6.021548133e-05,0,0,6,5,0.03257927036,0.03257927036,1.842158311
6510,0.484375,0.5078125,87.41637215,135.6641069,7,4901,4437,0,0,0,0,0,0,14.24348613,-12.58803374,14.23128027,6.021548133e-05,0,0,16,11,0.07020753143,0.07020753143,2.934099594
6511,0.4921875,0.5,67.70559993,90.21833223,7,4901,3244,0,0,0,0,0,0,17.67371383,-60.53959399,17.65492491,6.021548133e-05,0,0,19,12,0.05658120356,0.05658120355,2.38995826
6512,0.484375,0.4921875,116.7206561,128.7342918,7,4901,4479,0,0,0,0,0,0,46.56464041,-7.555678445,46.43444231,6.021548133e-05,0,0,9,6,0.02147552287,0.02147552287,0.8048152951
6513,0.5703125,0.4453125,142.5752953,142.5752953,7,3428,4040,1,0,0,0,0,1,3.352317871,0,0,0,0,0,1092,540,0.2983010677,0.2983010676,27.83303778
6514,0.5703125,0.4609375,156.4647623,156.4647623,7,4040,3735,1,0,0,0,0,1,1.212700892e+12,0,0,0,0,0,1,0,8.24605644e-13,0,0.824605644
6515,0.5859375,0.4609375,114.4532688,-569.6877075,7,4040,3580,0,0,0,0,0,0,13157.17077,-729.1753618,7341.084074,6.021548133e-05,0,0,9,5,7.600418186e-05,7.600418148e-05,0.002668580222
6516,0.5859375,0.4453125,70.00083293,101.5473655,7,4040,3583,0,0,0,0,0,0,8720.843823,-6.148823729,5718.099388,6.021548133e-05,0,0,5,2,0.0001146678028,0.000114667802,0.1730409126
6517,0.59375,0.4453125,38.46784143,88.5331728,7,3583,4112,0,0,0,0,0,0,1139.099185,49.57886882,1065.981982,6.021548133e-05,0,0,8,4,0.0008778866788,0.0008778866777,1.195525779
6518,0.5859375,0.453125,92.22705089,-16.02849058,7,4112,4040,0,0,0,0,0,0,196.391258,-98.31846831,194.0959196,6.021548133e-05,0,0,11,7,0.005091876341,0.005091876339,0.253073404
6519,0.59375,0.4609375,82.92027734,80.63592611,7,4112,3580,0,0,0,0,0,0,36.65245642,-10.10984294,36.57174093,6.021548133e-05,0,0,15,8,0.02728330098,0.02728330097,0.918022738
6520,0.6015625,0.453125,220.1284798,122.7658264,7,4112,4043,0,0,0,0,0,0,442.2189338,21.85843851,430.748772,6.021548133e-05,0,0,12,5,0.002261323348,0.002261323344,3.386396439
6521,0.3828125,0.4375,211.4021949,143.9189992,7,3409,4887,0,0,0,0,0,0,25.00335931,32.84046427,24.96577111,6.021548133e-05,0,0,19,10,0.03999462583,0.03999462583,0.5573168683
6522,0.390625,0.4453125,70.70365932,63.78881758,7,4887,4226,0,0,0,0,0,0,245.2068542,-35.41399697,241.6389943,6.021548133e-05,0,0,16,10,0.004078189426,0.004078189422,4.97148156
6523,0.3984375,0.4375,136.0099029,75.29101092,7,4887,3879,0,0,0,0,0,0,19.48408579,-25.71710506,19.461253,6.021548133e-05,0,0,29,14,0.05132393744,0.05132393743,0.9845442346
6524,0.3984375,0.4140625,115.4728084,62.32675214,7,3812,4891,0,0,0,0,0,0,4.097538098,-39.85105554,4.096527341,6.021548133e-05,0,0,215,102,0.2440489816,0.2440489816,2.351475832
6525,0.3828125,0.4140625,80.59662158,52.99256113,7,4891,3880,0,0,0,0,0,0,15.05674967,-34.93702212,15.04311084,6.021548133e-05,0,0,194,100,0.06641539656,0.06641539652,3.149033296
6526,0.3828125,0.4296875,204.5564967,53.74469295,7,4891,3409,0,0,0,0,0,0,52.8536101,-53.52303404,52.68593156,6.021548133e-05,0,0,68,34,0.01892018347,0.01892018346,0.5276309682
6527,0.3984375,0.4296875,129.1642047,126.7811939,7,4891,3879,0,0,0,0,0,0,12.87897882,29.58388584,12.86899873,6.021548133e-05,0,0,93,38,0.07764590763,0.07764590761,1.019643545
6528,0.390625,0.4296875,166.8603507,58.71227231,7,4887,4891,0,0,0,0,0,0,24.16956299,-49.82130293,24.13443817,6.021548133e-05,0,0,32,14,0.04137435172,0.04137435171,0.6136995398
6529,0.7734375,0.7890625,173.1446306,13.11676821,7,3536,4002,0,0,0,0,0,0,645.1780646,-301.762831,621.0504367,6.021548133e-05,0,0,14,7,0.001549959701,0.001549959698,1.213997631
6530,0.7578125,0.7890625,368.8055,48.89041959,7,4002,3610,0,0,0,0,0,0,2693.226087,-266.4739069,2317.403682,6.021548133e-05,0,0,6,1,0.0003713019137,0.0003713019114,0.3648765163
6531,0.7578125,0.8046875,118.9521764,113.4398028,7,4002,3497,0,0,0,0,0,0,1169.042793,-192.8764097,1092.160713,6.021548133e-05,0,0,6,1,0.0008554006801,0.000855400678,0.840597927
6532,0.7734375,0.8046875,199.382703,108.5093528,7,4002,3609,0,0,0,0,0,0,489.1213659,-193.688509,475.1275859,6.021548133e-05,0,0,7,3,0.002044482351,0.002044482349,1.125742768
6533,0.7578125,0.78125,493.7321617,855.559119,7,3610,4742,0,0,0,0,0,0,6215.858917,551.355917,4522.957077,6.021548133e-05,0,0,2,1,0.0001608788123,0.0001608788121,0.05656584922
6534,0.765625,0.7890625,270.9750653,157.4913901,7,4742,4002,0,0,0,0,0,0,516.1935164,-141.9453913,500.6324379,6.021548133e-05,0,0,7,4,0.001937257963,0.001937257961,1.681547256
6535,0.7734375,0.78125,298.0712924,317.1462444,7,4742,3536,0,0,0,0,0,0,552.7145954,13.42776972,534.9116781,6.021548133e-05,0,0,8,4,0.001809252023,0.001809252021,1.604164639
6536,0.765625,0.7734375,395.9434341,95.78332,7,4742,4001,0,0,0,0,0,0,468.4128903,-207.5487616,455.5634022,6.021548133e-05,0,0,3,1,0.002134868661,0.00213486866,0.750631217
6537,0.1640625,0.1640625,-178.9164676,-178.9164676,7,3910,4538,1,0,0,0,0,1,16.61717628,0,0,0,0,0,391,207,0.06017869601,0.06017869597,9.167978107
6538,0.1640625,0.1796875,-170.9780699,-139.5808581,7,4538,4390,0,0,0,0,0,0,202.8623285,53.2930967,200.4141785,6.021548133e-05,0,0,51,28,0.004929451454,0.004929451449,4.63015217
6539,0.1796875,0.1796875,-130.7648602,-135.4981821,7,4538,3323,0,0,0,0,0,0,28.71887609,14.81892292,28.66929768,6.021548133e-05,0,0,242,129,0.03482030413,0.03482030411,15.43558399
6540,0.1796875,0.1640625,-138.5542684,-138.5542684,7,4538,3993,1,0,0,0,0,1,9.840442095,0,0,0,0,0,736,373,0.1016214506,0.1016214505,52.7718901
6541,0.7734375,0.5390625,157.7389624,157.7389624,7,3727,4841,1,1,1,0,0,1,148300.685,-17.79405884,9487.014341,9.874021122e-05,0,174.3113014,9,9,6.74305719e-06,6.74305719e-06,0.02276427246
6542,0.7578125,0.5390625,192.3823742,361.8273058,7,4841,3828,0,0,0,0,0,0,1515.728945,180.020043,1388.958243,6.021548133e-05,0,0,4,2,0.0006597485673,0.0006597485663,0.1185602377
6543,0.7578125,0.5546875,226.5428325,105.8717755,7,4841,3483,0,0,0,0,0,0,6.587306108,-73.01452827,6.584694238,6.021548133e-05,0,0,12,7,0.1518071247,0.1518071247,0.6358350035
6544,0.7734375,0.5546875,224.362149,73.02964183,7,4841,3831,0,0,0,0,0,0,2.65802233,-114.5566415,2.657596971,6.021548133e-05,0,0,12,7,0.3762195632,0.3762195632,1.647865895
6545,0.0859375,0.6484375,-141.5283626,-199.2718391,7,3832,4944,0,0,0,0,0,0,22.74758792,-33.6213337,22.71647188,6.021548133e-05,0,0,202,98,0.04396070491,0.04396070487,21.52092238
6546,0.0859375,0.6328125,-174.1063679,-205.1875572,7,4944,3924,0,0,0,0,0,0,31.85538994,-31.77116147,31.79440231,6.021548133e-05,0,0,170,79,0.03139186184,0.03139186181,29.60527757
6547,0.0703125,0.6328125,-188.0969351,-235.3788134,7,4944,3340,0,0,0,0,0,0,91.61552163,-43.28051851,91.11288168,6.021548133e-05,0,0,87,44,0.01091518099,0.01091518098,9.843125317
6548,0.0703125,0.6484375,-187.4935259,-187.4935259,7,4944,3923,1,0,0,0,0,1,61.04655801,0,0,0,0,0,152,84,0.01638093994,0.01638093992,12.83620279
6549,0.53125,0.6328125,79.92988705,279.1720837,7,3624,4062,0,0,0,0,0,0,566.713503,143.9104538,548.012613,6.021548133e-05,0,0,4,3,0.001764560037,0.001764560037,0.478777426
6550,0.5234375,0.640625,91.70950027,92.8646285,7,4062,4059,0,0,0,0,0,0,63.05600447,-59.59439446,62.81748974,6.021548133e-05,0,0,12,8,0.01585891793,0.01585891793,4.285980925
6551,0.53125,0.6484375,77.22119183,107.7208284,7,4062,3561,0,0,0,0,0,0,94.17118401,-35.36904563,93.64019139,6.021548133e-05,0,0,17,10,0.01061895962,0.01061895961,2.456553585
6552,0.5390625,0.640625,130.1006301,89.96098534,7,4062,4058,0,0,0,0,0,0,195.7645582,-54.24394463,193.4837606,6.021548133e-05,0,0,9,5,0.00510817693,0.005108176928,1.172337146
6553,0.375,0.328125,13.32618385,67.8054273,6,3405,4828,0,0,0,0,0,0,50.36631962,10.30266879,49.88377525,0.000192060352,0,0,219,112,0.01985453787,0.01985453785,8.376978549
6554,0.359375,0.34375,51.56140485,50.03965444,6,4828,3931,0,0,0,0,0,0,1.738437352,-12.6163994,1.737857107,0.000192060352,0,0,565,280,0.575229242,0.5752292419,1.812686258
6555,0.375,0.359375,4.442061282,57.20217256,6,4828,3267,0,0,0,0,0,0,0.6913728542,-10.82954976,0.6912810623,0.000192060352,0,0,887,448,1.446397546,1.446397546,4.020540376
6556,0.390625,0.34375,48.38349165,38.62449125,6,4828,3938,0,0,0,0,0,0,1.100268954,-24.96870725,1.100036496,0.000192060352,0,0,643,321,0.9088686873,0.9088686873,2.349587309
6557,0.3515625,0.3359375,75.12107663,59.47929956,7,3931,4830,0,0,0,0,0,0,32.27427007,-18.83836309,32.21166957,6.021548133e-05,0,0,148,61,0.03098443428,0.03098443425,12.3964927
6558,0.3671875,0.3359375,32.44379435,71.88393299,7,4830,4828,0,0,0,0,0,0,41.79124366,-6.544916239,41.68634082,6.021548133e-05,0,0,152,67,0.02392845755,0.02392845752,17.05322645
6559,0.3671875,0.3203125,36.88585563,87.63152985,7,4830,3405,0,0,0,0,0,0,220.7957559,14.46716252,217.8987221,6.021548133e-05,0,0,29,15,0.004529072562,0.004529072554,5.989738682
6560,0.328125,0.296875,34.84449627,29.22138779,6,3375,3932,0,0,0,0,0,0,1.151279141,-4.473396578,1.151024632,0.000192060352,0,0,1610,810,0.868599078,0.8685990777,3.654786198
6561,0.359375,0.296875,42.54729274,42.54729274,6,3932,3405,1,0,0,0,0,1,4.06258388,0,0,0,0,0,871,451,0.2461487638,0.2461487638,0.8217408142
6562,0.359375,0.265625,35.3058256,64.88269704,6,3932,3290,0,0,0,0,0,0,46.58453643,32.86420292,46.17143861,0.000192060352,0,0,284,142,0.02146635078,0.02146635076,7.195063169
6563,0.328125,0.265625,26.42170303,17.6170181,6,3932,3404,0,0,0,0,0,0,1.479789132,-3.834543111,1.479368682,0.000192060352,0,0,1402,709,0.6757719588,0.6757719585,2.803441288
6564,0.359375,0.3125,82.49573984,82.49573984,6,3405,4827,1,1,1,0,0,1,431.5526549,34.68335616,398.5215339,0.000192060352,0,39.85599516,49,49,0.002317214339,0.002317214339,3.15418427
6565,0.34375,0.296875,30.63309965,45.69310201,6,4827,3932,0,0,0,0,0,0,10.05432207,7.571980863,10.03494422,0.000192060352,0,0,481,242,0.09945971428,0.0994597142,23.24772395
6566,0.328125,0.3125,30.40243498,36.97356215,6,4827,3375,0,0,0,0,0,0,9.887373591,-1.985704115,9.868633328,0.000192060352,0,0,341,162,0.1011390933,0.1011390932,21.42685237
6567,0.34375,0.328125,60.21486275,71.11075107,6,4827,3931,0,0,0,0,0,0,346.5441791,18.14551592,324.9184526,0.000192060352,0,0,60,22,0.002885634965,0.002885634959,1.233986092
6568,0.3515625,0.3203125,41.09725225,71.56862471,7,4830,4827,0,0,0,0,0,0,265.8285487,2.830594169,261.6404712,6.021548133e-05,0,0,24,8,0.003761823194,0.003761823185,1.177321228
6569,0.875,0.6484375,221.8309527,51.04484239,7,3618,4348,0,0,0,0,0,0,216.1188054,-147.9085505,213.3424315,6.021548133e-05,0,0,14,8,0.004627084617,0.004627084614,1.707731844
6570,0.8828125,0.640625,277.9105195,72.71315647,7,4348,4342,0,0,0,0,0,0,399.2947688,-154.3929348,389.9196473,6.021548133e-05,0,0,12,6,0.00250441548,0.002504415478,1.04412958
6571,0.875,0.6328125,193.9614051,89.04097305,7,4348,3300,0,0,0,0,0,0,4099.580643,-111.5894946,3287.928469,6.021548133e-05,0,0,2,1,0.0002439273884,0.0002439273882,0.3885611456
6572,0.8515625,0.6484375,206.7624507,158.3509932,7,3621,4328,0,0,0,0,0,0,266.2976475,-92.65758206,262.0948927,6.021548133e-05,0,0,22,12,0.003755196523,0.003755196519,2.908681038
6573,0.8671875,0.6484375,216.8081187,94.81786557,7,4328,3618,0,0,0,0,0,0,186.2435622,-139.5138832,184.1780522,6.021548133e-05,0,0,22,13,0.005369313109,0.005369313106,4.41119569
6574,0.8671875,0.6328125,188.9385711,188.9385711,7,4328,3300,0,0,0,0,0,0,1e+300,46.58128024,1008.191632,0,0,0,0,0,0,0,0
6575,0.8515625,0.6328125,140.3257046,202.5193306,7,4328,3724,0,0,0,0,0,0,1796.084821,-38.1592716,1620.79267,6.021548133e-05,0,0,4,2,0.0005567665783,0.000556766577,1.215167738
6576,0.8671875,0.640625,202.8733449,152.0732711,7,4348,4328,0,0,0,0,0,0,840.098742,-56.05707241,799.6470372,6.021548133e-05,0,0,4,3,0.001190336266,0.001190336266,1.837744396
6577,0.1796875,0.125,-181.0363552,-181.0363552,7,3368,4656,1,1,1,0,0,1,478.4536104,36.70924258,465.0552228,6.021548133e-05,0,43.99151067,34,34,0.002090066787,0.002090066787,0.7364899343
6578,0.171875,0.1171875,-196.1616846,-71.63532567,7,4656,4653,0,0,0,0,0,0,20719.94636,137.5983468,9218.44591,6.021548133e-05,0,0,6,2,4.82626732e-05,4.826267283e-05,0.05670858944
6579,0.1640625,0.125,-176.9035479,-75.32374991,7,4656,3992,0,0,0,0,0,0,3961.866449,87.74522012,3198.753578,6.021548133e-05,0,0,30,13,0.000252406287,0.0002524062861,0.1717673512
6580,0.1640625,0.1484375,-205.0230368,-205.0230368,7,3910,4539,1,0,0,0,0,1,1.250338266,0,0,0,0,0,453,218,0.7997835681,0.7997835681,1.302819907
6581,0.1796875,0.1484375,-164.6608376,-164.6608376,7,4539,3993,1,0,0,0,0,1,3.127205344,0,0,0,0,0,1163,577,0.319774332,0.3197743319,1.339014704
6582,0.1796875,0.1328125,-136.3751516,-136.3751516,7,4539,3368,1,1,1,0,0,1,15.53262062,110.8725473,21.35661493,6.021548133e-05,0,18.05305503,173,173,0.06438063636,0.06438063636,21.45635537
6583,0.1640625,0.1328125,-201.4538459,-201.4538459,7,4539,3992,1,0,0,0,0,1,30.61102724,0,0,0,0,0,248,115,0.03266796609,0.03266796607,12.56162711
6584,0.171875,0.1328125,-192.1896508,-192.1896508,7,4656,4539,1,0,0,0,0,1,63.16635052,0,0,0,0,0,203,93,0.0158312138,0.01583121378,7.766483746
6585,0.40625,0.4453125,113.8778784,32.21825732,7,3879,4888,0,0,0,0,0,0,771.9116213,-44.80312613,737.626005,6.021548133e-05,0,0,13,6,0.001295485095,0.001295485093,1.971721657
6586,0.3984375,0.453125,48.57163486,75.21608167,7,4888,4226,0,0,0,0,0,0,5.116511713e+11,-3.485004498e-07,16607.0244,6.021548133e-05,0,0,3,0,1.954456583e-12,0,1.954456583
6587,0.40625,0.4609375,145.0061215,145.0061215,7,4888,3813,0,0,0,0,0,0,1e+300,0,1e+300,0,0,0,0,0,0,0,0
6588,0.4296875,0.4453125,146.5390072,87.26884091,7,3377,4225,0,0,0,0,0,0,163.2343216,-41.07206718,161.6454705,6.021548133e-05,0,0,32,17,0.006126162625,0.006126162619,4.956009143
6589,0.4140625,0.4453125,124.7649213,58.81204524,7,4225,3879,0,0,0,0,0,0,79.61412755,-51.38004133,79.23427818,6.021548133e-05,0,0,42,23,0.0125605848,0.01256058478,9.740947581
6590,0.4140625,0.4609375,155.8931644,155.8931644,7,4225,3813,0,0,0,0,0,0,1e+300,-26.46232276,380.7985477,0,0,0,0,0,0,0,0
6591,0.4296875,0.4609375,-400.8585968,-400.8585968,7,4225,3823,0,0,0,0,0,0,1e+300,0,1e+300,0,0,0,0,0,0,0,0
6592,0.4140625,0.453125,140.3290429,92.28453539,7,4888,4225,0,0,0,0,0,0,466.2153172,-5.25708581,453.4844753,6.021548133e-05,0,0,10,6,0.002144931672,0.002144931669,3.368206315
6593,0.9609375,0.8984375,474.8508192,-25.01878231,7,3638,4405,0,0,0,0,0,0,5.84237909,-474.3739937,5.840324454,6.021548133e-05,0,0,11,7,0.1711631485,0.1711631485,1.217033023
6594,0.9609375,0.8828125,413.329493,-1179.43497,7,4405,3675,0,0,0,0,0,0,135.1591504,-1609.378885,134.0680147,6.021548133e-05,0,0,2,2,0.007398685156,0.007398685156,0.03770286279
6595,0.9453125,0.8828125,489.2134186,16.28315769,7,4405,3526,0,0,0,0,0,0,14.85452536,-441.358993,14.84125028,6.021548133e-05,0,0,4,2,0.06731955249,0.06731955249,1.029491178
6596,0.9453125,0.8984375,652.230407,538.1622003,7,4405,3678,0,0,0,0,0,0,25.50193258,84.07876368,25.46283157,6.021548133e-05,0,0,13,7,0.03921271445,0.03921271444,0.4307219925
6597,0.6484375,0.5234375,203.6525284,127.9401425,7,3602,4568,0,0,0,0,0,0,66.47029078,-48.67979738,66.20530137,6.021548133e-05,0,0,38,18,0.01504431511,0.01504431511,1.523010089
6598,0.6484375,0.5078125,151.7694948,102.6208539,7,4568,3888,0,0,0,0,0,0,117.5250842,-50.00303642,116.6992237,6.021548133e-05,0,0,50,28,0.008508821814,0.008508821809,2.716601371
6599,0.6328125,0.5078125,209.2839913,79.13179836,7,4568,3310,0,0,0,0,0,0,52.39543106,-88.36765613,52.23064254,6.021548133e-05,0,0,67,37,0.01908563361,0.0190856336,4.318531938
6600,0.6328125,0.5234375,150.4954325,112.6367914,7,4568,3596,0,0,0,0,0,0,82.43376613,-42.38029016,82.02660338,6.021548133e-05,0,0,55,27,0.01213095127,0.01213095126,1.900389018
6601,0.296875,0.546875,75.45723547,20.94568675,6,3387,3783,0,0,0,0,0,0,3140.067504,-23.8217515,1958.768536,0.000192060352,0,0,5,2,0.0003184644912,0.0003184644905,0.5236348965
6602,0.296875,0.515625,69.6289035,53.96472918,6,3783,3406,0,0,0,0,0,0,71.77335979,-8.653076615,70.79743019,0.000192060352,0,0,59,31,0.01393274612,0.01393274611,0.3261400159
6603,0.265625,0.515625,24.60337544,21.75506214,6,3783,3254,0,0,0,0,0,0,2.981194018,-11.50361079,2.979488055,0.000192060352,0,0,481,234,0.3354360682,0.3354360681,2.740127237
6604,0.265625,0.546875,60.18899712,57.18491728,6,3783,3383,0,0,0,0,0,0,3.921014141,35.24423129,3.918063559,0.000192060352,0,0,286,140,0.2550360606,0.2550360605,1.693611793
6605,0.3125,0.515625,92.14166752,47.61972171,6,3406,4233,0,0,0,0,0,0,175.5059759,-4.093557808,169.7829756,0.000192060352,0,0,8,6,0.005697811683,0.005697811682,0.2359588792
6606,0.296875,0.53125,72.54306949,28.88316714,6,4233,3783,0,0,0,0,0,0,35.91597012,0.7746378318,35.66991781,0.000192060352,0,0,6,5,0.02784276735,0.02784276735,1.054210362
6607,0.3125,0.546875,97.9699995,97.9699995,6,4233,3387,0,0,0,0,0,0,1e+300,0,1e+300,0,0,0,0,0,0,0,0
6608,0.328125,0.53125,49.92560562,75.43513525,6,4233,3782,0,0,0,0,0,0,2385.751652,37.88551753,1636.084261,0.000192060352,0,0,2,1,0.0004191551116,0.0004191551107,0.5745807209
6609,0.0078125,0.6875,78.44922948,158.4440004,7,3339,6044,0,0,0,0,0,0,751.1625418,74.94863325,718.6565463,6.021548133e-05,0,0,20,9,0.001331269791,0.001331269788,3.567581965
6610,0.015625,0.6953125,13.80223838,-85.38460212,7,6044,4749,0,0,0,0,0,0,384.9280311,-75.37676364,376.2080453,6.021548133e-05,0,0,28,11,0.002597888226,0.002597888222,2.384522301
6611,0.0234375,0.6875,-71.60726364,-164.3801329,7,6044,3837,0,0,0,0,0,0,173.8090424,-56.24791316,172.0087992,6.021548133e-05,0,0,44,18,0.005753440592,0.005753440582,7.487241535
6612,0.0234375,0.6640625,-137.9185618,-184.2006042,7,3833,4966,0,0,0,0,0,0,8.893312023,0.5280216726,8.888552069,6.021548133e-05,0,0,942,475,0.1124440476,0.1124440475,62.14850604
6613,0.0078125,0.6640625,-76.68729421,-76.68729421,7,4966,3838,1,0,0,0,0,1,102.4189195,0,0,0,0,0,153,74,0.009763821027,0.009763821014,7.762044396
6614,0.0078125,0.6796875,56.34546342,-87.96690775,7,4966,3339,0,0,0,0,0,0,5601.966028,-156.6681744,4188.933647,6.021548133e-05,0,0,29,14,0.0001785087584,0.0001785087573,0.6720767177
6615,0.0234375,0.6796875,-93.7110297,-182.3045962,7,4966,3837,0,0,0,0,0,0,473.0064312,-59.37827607,459.9072115,6.021548133e-05,0,0,85,41,0.00211413616,0.002114136157,2.75364078
6616,0.015625,0.6796875,-18.68278314,-17.2106348,7,6044,4966,0,0,0,0,0,0,644.3662853,89.76601693,620.2982026,6.021548133e-05,0,0,32,17,0.001551912356,0.001551912352,2.311732613
6617,0.0078125,0.5625,-597.0439833,-597.0439833,7,3341,4362,1,1,1,0,0,1,1628.41593,-158.2464276,2630.659216,6.021548133e-05,0,108.5988178,41,41,0.0006140937225,0.0006140937225,4.30591982
6618,0.015625,0.5703125,-423.4104967,-423.4104967,7,4362,4359,1,1,1,0,0,1,2242.160251,189.3526041,1975.449368,6.021548133e-05,0,122.259216,18,18,0.0004459984515,0.0004459984515,3.158119178
6619,0.0234375,0.5625,-408.2596853,-458.000975,7,4362,3864,0,0,0,0,0,0,101447.8627,-6.950058092,14270.88043,6.021548133e-05,0,0,9,4,9.857280115e-06,9.857279577e-06,0.1117864063
6620,0.015625,0.5546875,-510.102352,-515.7468108,7,4362,4368,0,0,0,0,0,0,76342.69505,23.31669321,13639.90167,6.021548133e-05,0,0,9,5,1.309883021e-05,1.309882971e-05,0.6593663351
6621,0.1875,0.1328125,-212.8011518,-212.8011518,7,3368,4999,1,0,0,0,0,1,80.61854977,0,0,0,0,0,121,66,0.01240409314,0.01240409313,3.963977741
6622,0.1796875,0.140625,-127.1912956,-127.1912956,7,4999,4539,1,1,1,0,0,1,21.1341714,60.06657612,21.10731014,6.021548133e-05,0,24.48225003,160,160,0.04731673558,0.04731673558,17.83773692
6623,0.1875,0.1484375,-131.5287792,-139.5478008,7,4999,3993,0,0,0,0,0,0,11.7812078,-18.2086058,11.772856,6.021548133e-05,0,0,523,248,0.08488094065,0.0848809406,22.88495732
6624,0.2109375,0.1484375,29.18868231,29.18868231,7,3913,4471,1,1,1,0,0,1,6261.176072,95.10957205,4667.243529,5.665101385e-05,0,58.30296639,1,1,0.0001597144032,0.0001597144032,0.1477642166
6625,0.2109375,0.1328125,-166.1386488,-160.9492359,7,4471,3990,0,0,0,0,0,0,2283134.062,-9.304790354,16487.10132,6.021548133e-05,0,0,1,1,4.379944291e-07,4.379944291e-07,0.00077590956
6626,0.1953125,0.1328125,-218.1274245,-218.1274245,7,4471,3368,1,0,0,0,0,1,8924.663426,0,0,0,0,0,7,2,0.0001120490434,0.0001120490425,0.1772613723
6627,0.1953125,0.1484375,-126.6687113,-126.6687113,7,4471,3993,1,0,0,0,0,1,28.91765879,0,0,0,0,0,248,124,0.0345809461,0.03458094608,5.115285039
6628,0.1953125,0.140625,-149.2607685,-149.2607685,7,4999,4471,1,0,0,0,0,1,316.2254693,0,0,0,0,0,47,23,0.003162300627,0.003162300623,2.531181431
6629,0.17578125,0.13671875,-183.4732227,-183.4732227,8,4539,6582,1,0,0,0,0,1,111.5179295,0,0,0,0,0,109,45,0.008967167917,0.008967167909,3.799243505
6630,0.18359375,0.13671875,-146.6062583,-146.6062583,8,6582,4999,1,1,1,0,0,1,102.9935053,-6.456728234,101.7142607,0.000122112991,0,36.63169372,77,77,0.00970935009,0.00970935009,4.413742734
6631,0.18359375,0.12890625,-209.0214797,-209.0214797,8,6582,3368,1,0,0,0,0,1,72.43813913,0,0,0,0,0,97,52,0.01380488251,0.0138048825,4.214898271
6632,0.17578125,0.12890625,-167.0659187,-182.3963571,8,6582,4656,0,0,0,0,0,0,68.33469908,-37.30951019,67.76919534,0.000122112991,0,0,87,43,0.01463385386,0.01463385385,5.972915474
6633,0.01171875,0.63671875,-239.2407771,-239.2407771,8,4965,5502,1,0,0,0,0,1,318.2342047,0,0,0,0,0,56,25,0.003142339777,0.003142339774,3.345509066
6634,0.01171875,0.62890625,-261.930812,-186.8172861,8,5502,4967,0,0,0,0,0,0,1440.866181,51.01982179,1225.280024,0.000122112991,0,0,11,7,0.0006940269772,0.0006940269763,1.349967774
6635,0.00390625,0.62890625,85.06052538,85.06052538,8,5502,3278,1,1,1,0,0,1,1330.454802,192.7733869,1336.960211,5.665101385e-05,0,121.7094778,6,6,0.000751622677,0.000751622677,0.7645044307
6636,0,0.6484375,310.686288,310.686288,7,3838,5505,1,1,1,0,0,1,1193.920046,341.1717874,1113.843108,6.021548133e-05,0,109.1418022,24,24,0.0008375770246,0.0008375770246,2.896806783
6637,0.0078125,0.640625,-157.2732467,-157.2732467,7,5505,4965,1,0,0,0,0,1,21.15899582,0,0,0,0,0,84,39,0.04726122205,0.04726122204,0.4627841859
6638,0,0.6328125,313.4865072,313.4865072,7,5505,3278,1,1,1,0,0,1,1074.116933,463.5796691,1136.632062,6.021548133e-05,0,122.9597755,15,15,0.0009309973334,0.0009309973334,1.477544741
6639,0.00390625,0.63671875,5.815034462,5.815034462,8,5502,5505,1,1,1,0,0,1,455.8460567,117.3986269,431.8094989,0.000122112991,0,66.99377564,11,11,0.002193723046,0.002193723046,1.280302401
6640,0.01171875,0.60546875,-358.1643329,-308.8450488,8,4360,5511,0,0,0,0,0,0,553.2605124,43.12472264,518.2475543,0.000122112991,0,0,101,51,0.001807466786,0.00180746678,6.675146524
6641,0.01171875,0.59765625,-376.8205964,-376.8205964,8,5511,4642,1,0,0,0,0,1,188.380167,0,0,0,0,0,206,101,0.005308414446,0.00530841443,12.32709449
6642,0.00390625,0.59765625,-327.2015235,-327.2015235,8,5511,3863,1,1,1,0,0,1,311.7365395,-193.1421354,300.3048112,0.000122112991,0,38.53139408,32,32,0.003207836982,0.003207836982,5.565747656
6643,0.00390625,0.60546875,-109.1033694,-237.8285324,8,5511,4641,0,0,0,0,0,0,565.583552,-23.26978354,529.0450062,0.000122112991,0,0,36,16,0.001768085363,0.001768085361,2.094578739
6644,0.5625,0.4609375,149.278555,149.278555,7,3735,4961,0,0,0,0,0,0,1e+300,0,1e+300,0,0,0,0,0,0,0,0
6645,0.5703125,0.453125,149.5200288,149.5200288,7,4961,4040,1,0,0,0,0,1,1e+300,0,0,0,0,0,0,0,0,0,0
6646,0.5625,0.4453125,141.0652699,141.0652699,7,4961,3428,1,0,0,0,0,1,7.381701286,0,0,0,0,0,732,364,0.1354701255,0.1354701255,14.64637737
6647,0.5546875,0.453125,133.1054548,133.1054548,7,4961,4486,0,0,0,0,0,0,1e+300,-11.9007217,4.314577963,0,0,0,0,0,0,0,0
6648,0.57421875,0.45703125,150.0547688,153.7500932,8,4040,6514,0,0,0,0,0,0,2.525266947e+13,8.09384062e-08,8189.136894,0.000122112991,0,0,1,0,3.959977385e-14,0,0.03959977385
6649,0.56640625,0.45703125,147.9030754,147.9030754,8,6514,4961,0,0,0,0,0,0,1e+300,0,1e+300,0,0,0,0,0,0,0,0
6650,0.56640625,0.46484375,152.805728,152.805728,8,6514,3735,0,0,0,0,0,0,1e+300,0,1e+300,0,0,0,0,0,0,0,0
6651,0.5859375,0.4765625,146.2187005,115.6014771,7,3580,4041,0,0,0,0,0,0,14436.54037,-32.68268014,7722.952681,6.021548133e-05,0,0,6,4,6.926867341e-05,6.92686734e-05,0.1790456494
6652,0.5703125,0.4765625,141.9153138,23.78700151,7,4041,3735,0,0,0,0,0,0,70.06366842,-121.4778248,69.76931743,6.021548133e-05,0,0,7,3,0.01427273254,0.01427273254,0.093591095
6653,0.5703125,0.4921875,113.0801392,138.1103804,7,4041,3458,0,0,0,0,0,0,8.109649898,29.14479976,8.105691674,6.021548133e-05,0,0,13,8,0.1233098855,0.1233098855,0.8023319841
6654,0.5859375,0.4921875,289.4164578,289.4164578,7,4041,3734,1,1,1,0,0,1,44053.94942,60.32754137,13049.17029,5.665101385e-05,0,196.2929927,1,1,2.269944042e-05,2.269944042e-05,0.001992428732
6655,0.5703125,0.46875,156.332901,156.332901,7,3735,4960,0,0,0,0,0,0,1e+300,-3.085595779e-07,10127.58615,0,0,0,0,0,0,0,0
6656,0.578125,0.4765625,144.0670072,144.0670072,7,4960,4041,0,0,0,0,0,0,1e+300,0,1e+300,0,0,0,0,0,0,0,0
6657,0.5859375,0.46875,160.6362878,166.43378,7,4960,3580,0,0,0,0,0,0,1.738533311e+13,-1.406353647e-07,16607.02492,6.021548133e-05,0,0,1,0,5.751974918e-14,0,0.05751974918
6658,0.578125,0.4609375,153.5819418,157.9779887,7,4960,4040,0,0,0,0,0,0,4.686871007e+13,-1.259730027e-07,16607.02493,6.021548133e-05,0,0,2,0,2.133619634e-14,0,0.02133619634
6659,0.57421875,0.46484375,154.9574214,160.696219,8,6514,4960,0,0,0,0,0,0,3.438534887e+14,2.021852197e-08,8189.136896,0.000122112991,0,0,1,0,2.908215368e-15,0,0.002908215368
6660,0.01171875,0.61328125,-401.1989161,-185.0333376,8,4360,5512,0,0,0,0,0,0,10136.58059,116.669937,4529.691466,0.000122112991,0,0,16,8,9.865259705e-05,9.865259686e-05,0.4333296049
6661,0.00390625,0.61328125,-152.1379527,-151.3865491,8,5512,4641,0,0,0,0,0,0,2071.321382,12.90570297,1653.175121,0.000122112991,0,0,11,7,0.0004827836031,0.000482783603,0.784233501
6662,0.00390625,0.62109375,-324.6594758,-43.56396307,8,5512,3278,0,0,0,0,0,0,8401.67741,252.8366164,4147.022877,0.000122112991,0,0,6,3,0.000119023851,0.000119023851,0.384963888
6663,0.01171875,0.62109375,-306.6179298,-326.4007759,8,5512,4967,0,0,0,0,0,0,10580.86454,-50.05939768,4616.310153,0.000122112991,0,0,11,4,9.451023556e-05,9.451023488e-05,0.1891842848
6664,0.00390625,0.609375,-65.87719108,-150.4718979,8,4641,5863,0,0,0,0,0,0,565.1649494,24.06213189,528.6787252,0.000122112991,0,0,7,4,0.001769394937,0.001769394936,2.502504675
6665,0.0078125,0.61328125,-276.6684344,-211.6430504,8,5863,5512,0,0,0,0,0,0,2036.38053,69.18024624,1630.841574,0.000122112991,0,0,12,6,0.0004910673547,0.0004910673538,0.9699457791
6666,0.01171875,0.609375,-314.9381545,-291.4061845,8,5863,4360,0,0,0,0,0,0,287.8957124,20.5388678,278.1182413,0.000122112991,0,0,40,18,0.003473480003,0.003473479993,7.506100036
6667,0.0078125,0.60546875,-299.3241478,-337.3876205,8,5863,5511,0,0,0,0,0,0,252.1140117,-6.297827039,244.5841472,0.000122112991,0,0,35,16,0.003966459434,0.003966459427,5.277353999
6668,0.15625,0.4296875,-115.0238926,-115.0238926,7,4513,5082,0,0,0,0,0,0,1e+300,0,1e+300,0,0,0,0,0,0,0,0
6669,0.1640625,0.421875,-99.67676344,-99.67676344,7,5082,4764,0,0,0,0,0,0,1e+300,0,1e+300,0,0,0,0,0,0,0,0
6670,0.15625,0.4140625,-111.100833,-111.100833,7,5082,3807,0,0,0,0,0,0,1e+300,0,1e+300,0,0,0,0,0,0,0,0
6671,0.1484375,0.4140625,-124.4864324,-110.1216373,7,3807,4763,0,0,0,0,0,0,172.5906345,16.18972378,170.8154135,6.021548133e-05,0,0,10,7,0.00579405715,0.005794057148,4.204978728
6672,0.1328125,0.4140625,-151.2576312,-142.3894754,7,4763,4514,0,0,0,0,0,0,424.7443679,11.21934912,414.1519406,6.021548133e-05,0,0,19,12,0.002354357292,0.002354357291,1.817527871
6673,0.1328125,0.4296875,-157.9060214,-157.9060214,7,4763,3359,1,0,0,0,0,1,104.0513744,0,0,0,0,0,78,36,0.009610637106,0.009610637098,4.731165356
6674,0.1484375,0.4296875,-130.6127697,-130.6127697,7,4763,4513,1,0,0,0,0,1,802.16615,0,0,0,0,0,1,1,0.00124662453,0.00124662453,0.03379862043
6675,0.1484375,0.421875,-126.4479622,-126.4479622,7,5082,4763,0,0,0,0,0,0,1e+300,0,1e+300,0,0,0,0,0,0,0,0
6676,0.0078125,0.5,-942.619317,-98.45594019,7,3245,4644,0,0,0,0,0,0,2029.855349,712.0627496,1808.771526,6.021548133e-05,0,0,7,5,0.0004926459418,0.0004926459411,1.039862792
6677,0.015625,0.5078125,-777.9924299,-717.6037435,7,4644,4367,0,0,0,0,0,0,31291.48166,25.54926794,10849.15696,6.021548133e-05,0,0,28,17,3.195757909e-05,3.195757701e-05,0.6782109137
6678,0.0234375,0.5,-721.8132568,-424.2831751,7,4644,3970,0,0,0,0,0,0,25450.94901,232.5666679,10049.5698,6.021548133e-05,0,0,10,4,3.929126571e-05,3.929126351e-05,0.1746282828
6679,0.015625,0.4921875,-834.876299,-320.7055409,7,4644,4507,0,0,0,0,0,0,1630.138431,421.1463035,1484.42765,6.021548133e-05,0,0,7,3,0.0006134448347,0.000613444833,1.077950214
6680,0.01171875,0.51171875,-806.0820164,-803.0190849,8,4367,5784,0,0,0,0,0,0,8672.281592,-42.31968377,4211.893632,0.000122112991,0,0,52,31,0.0001153099089,0.0001153099062,2.848888388
6681,0.01171875,0.50390625,-860.3058735,-1062.240354,8,5784,4644,0,0,0,0,0,0,2761.581869,-311.0096976,2065.158686,0.000122112991,0,0,24,17,0.0003621112997,0.000362111299,0.8937041742
6682,0.00390625,0.50390625,-970.7089035,-454.9079216,8,5784,3245,0,0,0,0,0,0,1309.194082,373.1571578,1128.742469,0.000122112991,0,0,8,6,0.0007638286898,0.0007638286893,1.473993254
6683,0.00390625,0.51171875,-736.4927105,-736.4927105,8,5784,4428,1,1,1,0,0,1,55611.84506,13.07708989,7138.024962,0.000122112991,0,121.1657257,14,14,1.798178066e-05,1.798178066e-05,1.463634606
6684,0,0.51171875,-772.0044853,-772.0044853,8,4428,5939,1,0,0,0,0,1,25401.86342,0,0,0,0,0,29,13,3.936719064e-05,3.936718455e-05,5.867989389
6685,0.00390625,0.5078125,-918.8672293,-1050.539902,8,5939,5784,0,0,0,0,0,0,2084.499287,-250.1083764,1661.558743,0.000122112991,0,0,12,8,0.0004797315146,0.0004797315138,0.8613404441
6686,0,0.50390625,-1001.180673,-188.9309738,8,5939,3245,0,0,0,0,0,0,2863.953486,670.7885854,2121.877805,0.000122112991,0,0,5,3,0.000349167682,0.000349167682,0.4464372018
6687,0.55078125,0.63671875,157.262298,160.2343706,8,4058,5009,0,0,0,0,0,0,5.916778836e+13,8.324644796e-08,8189.136896,0.000122112991,0,0,1,0,1.690108804e-14,0,0.01690108804
6688,0.55859375,0.63671875,170.6747462,229.1690597,8,5009,4283,0,0,0,0,0,0,6225.352857,58.08131632,3536.737522,0.000122112991,0,0,1,1,0.000160633465,0.000160633465,0.5602921854
6689,0.55859375,0.62890625,192.4363322,117.4272309,8,5009,3438,0,0,0,0,0,0,7593.241207,-63.09529204,3939.969713,0.000122112991,0,0,1,1,0.0001316960666,0.0001316960666,0.4593580609
6690,0.5390625,0.625,157.2027706,85.68854751,7,3624,4063,0,0,0,0,0,0,4340.557008,-61.13087288,3441.148418,6.021548133e-05,0,0,2,1,0.0002303851783,0.000230385178,0.4773390023
6691,0.546875,0.6328125,157.2424555,220.4205321,7,4063,4058,0,0,0,0,0,0,54346.39034,64.65781159,12720.06226,6.021548133e-05,0,0,1,1,1.84004861e-05,1.84004861e-05,0.03812428271
6692,0.5546875,0.625,192.4164897,176.050873,7,4063,3438,0,0,0,0,0,0,1.096785298e+12,9.735765616e-08,16607.02469,6.021548133e-05,0,0,1,0,9.117554744e-13,0,0.9117554744
6693,0.5390625,0.6015625,192.5640303,249.3081105,7,3593,4067,0,0,0,0,0,0,2651.513761,63.42633694,2286.453601,6.021548133e-05,0,0,9,6,0.0003771430549,0.0003771430532,2.29873795
6694,0.5390625,0.6171875,168.9898572,159.8402044,7,4067,3624,0,0,0,0,0,0,7.306179138e+13,-4.066278336e-07,16607.02493,6.021548133e-05,0,0,1,0,1.368704464e-14,0,0.01368704464
6695,0.5546875,0.6171875,204.2035763,204.5568005,7,4067,3438,0,0,0,0,0,0,307399.3934,15.48514322,15755.82798,6.021548133e-05,0,0,4,2,3.253096855e-06,3.253096811e-06,1.391150542
6696,0.5546875,0.6015625,176.5619511,183.3582189,7,4067,3627,0,0,0,0,0,0,2410.401273,12.39952712,2104.8902,6.021548133e-05,0,0,12,8,0.0004148686823,0.0004148686808,2.847765604
6697,0.546875,0.6171875,186.5967167,174.4559279,7,4063,4067,0,0,0,0,0,0,1.146408196e+12,-3.095908596e-06,16607.0247,6.021548133e-05,0,0,2,0,8.722896466e-13,0,0.8722896466
6698,0.55078125,0.62890625,174.8294726,174.8294726,8,5009,4063,0,0,0,0,0,0,1e+300,0,1e+300,0,0,0,0,0,0,0,0
6699,0.55859375,0.640625,159.7939532,-20.71697162,8,4283,5012,0,0,0,0,0,0,906.9692898,-130.8890253,816.5357267,0.000122112991,0,0,1,1,0.001102573165,0.001102573165,0.2805965266
6700,0.5546875,0.63671875,163.9685221,109.4627567,8,5012,5009,0,0,0,0,0,0,7.419870386e+12,-2.976589428e-07,8189.136888,0.000122112991,0,0,1,0,1.347732437e-13,0,0.1347732437
6701,0.55078125,0.640625,146.381505,164.4672469,8,5012,4058,0,0,0,0,0,0,2691.809812,65.14856608,2025.889809,0.000122112991,0,0,3,1,0.0003714972713,0.0003714972701,0.2714606014
6702,0.55078125,0.64453125,154.2171691,148.390014,8,4058,5008,0,0,0,0,0,0,4459.580707,-12.96284837,2887.25846,0.000122112991,0,0,24,9,0.0002242363275,0.0002242363247,0.5726560768
6703,0.55078125,0.65234375,183.1101041,222.5042385,8,5008,4284,0,0,0,0,0,0,860.3004129,41.73363475,778.5144659,0.000122112991,0,0,58,28,0.001162384657,0.001162384648,5.524736255
6704,0.55859375,0.65234375,183.3009456,127.8306718,8,5008,3625,0,0,0,0,0,0,484.781935,-56.04732687,457.687662,0.000122112991,0,0,53,30,0.002062783136,0.002062783128,9.411106488
6705,0.55859375,0.64453125,167.6296174,36.28820976,8,5008,4283,0,0,0,0,0,0,867.8177894,-135.9180255,784.6653677,0.000122112991,0,0,18,11,0.001152315627,0.001152315626,0.3248635229
6706,0.5546875,0.64453125,160.9233932,37.66688943,8,5012,5008,0,0,0,0,0,0,292.7426591,-72.91435949,282.6389711,0.000122112991,0,0,3,2,0.003415969517,0.003415969517,0.9668641198
6707,0.265625,0.5,42.49973376,55.04104064,6,3254,4232,0,0,0,0,0,0,6.189873819,12.85718394,6.182523853,0.000192060352,0,0,374,187,0.1615541818,0.1615541817,1.820250469
6708,0.28125,0.515625,47.12382251,55.63972974,6,4232,3783,0,0,0,0,0,0,3.464128573,7.701490383,3.461825345,0.000192060352,0,0,253,122,0.2886728882,0.2886728881,3.328487751
6709,0.296875,0.5,71.60013744,118.2224914,6,4232,3406,0,0,0,0,0,0,16.8435855,46.67950184,16.78927246,0.000192060352,0,0,55,27,0.05936978204,0.05936978203,0.9303385846
6710,0.28125,0.484375,53.22220407,53.22220407,6,4232,3883,1,1,1,0,0,1,1590.327401,-2.084101737,1218.232018,0.000192060352,0,34.67556183,10,10,0.0006288013393,0.0006288013393,1.000157792
6711,0.2890625,0.4765625,61.50285767,80.81834287,7,3883,6094,0,0,0,0,0,0,2401.432896,49.24661139,2098.04795,6.021548133e-05,0,0,11,4,0.0004164180484,0.0004164180474,0.7703168913
6712,0.2890625,0.4921875,63.38431023,-64.69225708,7,6094,4232,0,0,0,0,0,0,2737.378276,-97.85036611,2350.0187,6.021548133e-05,0,0,5,3,0.0003653130475,0.0003653130465,1.1654694
6713,0.3046875,0.4921875,77.93451207,53.63825882,7,6094,3406,0,0,0,0,0,0,6251.887735,5.80058335,4542.003244,6.021548133e-05,0,0,2,1,0.0001599516886,0.0001599516885,0.5038986298
6714,0.3046875,0.4765625,54.06144536,29.9936497,7,6094,4235,0,0,0,0,0,0,3.265312101e+12,-7.183612141e-07,16607.02485,6.021548133e-05,0,0,1,0,3.062494393e-13,0,0.3062494393
6715,0.00390625,0.625,-277.3689827,50.78302836,8,3278,5507,0,0,0,0,0,0,4649.84683,284.5581546,2965.829154,0.000122112991,0,0,7,5,0.0002150608475,0.000215060847,0.4970083645
6716,0.0078125,0.62890625,-154.8419177,-136.0053939,8,5507,5502,0,0,0,0,0,0,1293.234623,33.44640137,1116.859358,0.000122112991,0,0,5,3,0.0007732548932,0.0007732548926,1.378749025
6717,0.01171875,0.625,-259.3274366,-257.5122005,8,5507,4967,0,0,0,0,0,0,1406.752419,-43.7962756,1200.523241,0.000122112991,0,0,11,6,0.000710857139,0.0007108571372,1.259645013
6718,0.0078125,0.62109375,-315.6387028,-96.38825559,8,5507,5512,0,0,0,0,0,0,1490.782629,111.56781,1261.19055,0.000122112991,0,0,11,6,0.0006707886048,0.0006707886031,1.417744007
6719,0.98828125,0.98828125,196.7694166,196.7694166,8,4087,5548,0,0,0,0,0,0,1e+300,0,1e+300,0,0,0,0,0,0,0,0
6720,0.98828125,0.99609375,541.8985291,541.8985291,8,5548,4315,0,0,0,0,0,0,1e+300,510.9806931,193.2446511,0,0,0,30,18,0,0,0
6721,0.99609375,0.99609375,65.58980553,65.58980553,8,5548,3243,0,0,0,0,0,0,1e+300,593.1981419,930.0420146,0,0,0,7,5,0,0,0
6722,0.9921875,0.984375,194.9671588,481.2846953,7,5551,4087,0,0,0,0,0,0,1.166964981e+13,1.159114504e-06,16607.02491,6.021548133e-05,0,0,1,0,8.569237434e-14,0,0.08569237434
6723,1,0.9765625,191.3626432,472.9628424,7,5551,3666,0,0,0,0,0,0,1.635350974e+14,-3.160071742e-07,16607.02494,6.021548133e-05,0,0,1,0,6.11489531e-15,0,0.00611489531
6724,1,0.9921875,63.78754774,63.78754774,7,3243,5551,0,0,0,0,0,0,1e+300,0,1e+300,0,0,0,0,0,0,0,0
6725,0.99609375,0.98828125,129.3773533,129.3773533,8,5548,5551,0,0,0,0,0,0,1e+300,0,1e+300,0,0,0,0,0,0,0,0
6726,0.99609375,1,238.1543618,266.961159,8,3243,5553,0,0,0,0,0,0,251.8365069,-203.1217259,244.3229627,0.000122112991,0,0,7,5,0.003970830172,0.003970830172,0.6753038908
6727,0.9921875,0.99609375,303.7441673,681.978855,8,5553,5548,0,0,0,0,0,0,290.1267653,208.6638901,280.1997783,0.000122112991,0,0,37,23,0.003446769205,0.003446769201,0.5913456683
6728,0.98828125,1,714.4630853,533.2548865,8,5553,4315,0,0,0,0,0,0,31335.5566,23.47172565,6492.42638,0.000122112991,0,0,30,18,3.191262925e-05,3.191262526e-05,3.041086634
6729,0.01171875,0.57421875,-723.7659426,-723.7659426,8,4359,5890,1,0,0,0,0,1,622.6202752,0,0,0,0,0,72,42,0.00160611538,0.001606115377,0.03762752946
6730,0.01171875,0.56640625,-611.2492052,-611.2492052,8,5890,4362,1,0,0,0,0,1,6586.829525,0,0,0,0,0,32,16,0.0001518181086,0.0001518181071,1.306575007
6731,0.00390625,0.56640625,-508.4858906,-508.4858906,8,5890,3341,1,0,0,0,0,1,2214.132149,0,0,0,0,0,54,33,0.0004516442256,0.0004516442228,3.209804117
6732,0,0.5859375,-125.4046359,-125.4046359,7,3863,4643,1,1,1,0,0,1,81.9238332,-67.01526593,220.463529,5.148029767e-05,0,55.2398117,58,58,0.01220646009,0.01220646009,8.341938397
6733,0.0078125,0.578125,-410.5339114,-410.5339114,7,4643,4359,1,0,0,0,0,1,25.04773451,0,0,0,0,0,73,40,0.03992377033,0.03992377032,0.7036849338
6734,0,0.5703125,-195.2538594,-195.2538594,7,4643,3341,1,0,0,0,0,1,91.98430521,0,0,0,0,0,66,28,0.01087141983,0.01087141982,6.322589817
6735,0.00390625,0.57421875,-409.0749516,-409.0749516,8,5890,4643,1,0,0,0,0,1,985.2457067,0,0,0,0,0,53,25,0.001014975242,0.001014975238,1.708795159
6736,0.59375,0.6328125,180.7512375,158.2935086,7,3626,4379,0,0,0,0,0,0,24.98559898,-22.4446575,24.94806412,6.021548133e-05,0,0,12,4,0.04002305492,0.04002305492,0.4780350671
6737,0.5859375,0.640625,169.7130837,169.7130837,7,4379,4287,1,1,1,0,0,1,7509.718379,-6.209977518,5261.494639,5.665101385e-05,0,29.17941584,3,3,0.0001331607857,0.0001331607857,0.3259735328
6738,0.59375,0.6484375,203.4103147,180.6434176,7,4379,3560,0,0,0,0,0,0,6.886184323,-22.63785743,6.883330116,6.021548133e-05,0,0,466,220,0.1452183028,0.1452183027,2.044578722
6739,0.6015625,0.640625,191.8359298,180.4656548,7,4379,4286,0,0,0,0,0,0,9.273126834,-11.49145824,9.267951742,6.021548133e-05,0,0,153,74,0.1078384905,0.1078384905,1.221183469
6740,0.58203125,0.63671875,162.3877213,148.1019347,8,4287,5015,0,0,0,0,0,0,7037.903139,8.358747543,3785.000377,0.000122112991,0,0,2,1,0.0001420877753,0.0001420877746,0.5494611135
6741,0.58984375,0.63671875,178.4065783,126.0475401,8,5015,4379,0,0,0,0,0,0,12128.58593,-29.43206658,4888.473546,0.000122112991,0,0,11,3,8.244984253e-05,8.244984045e-05,0.3974648216
6742,0.58984375,0.62890625,167.0770397,217.3086374,8,5015,3626,0,0,0,0,0,0,6270.077692,73.10058518,3551.128193,0.000122112991,0,0,9,2,0.0001594876569,0.0001594876545,0.9360465882
6743,0.58203125,0.62890625,157.6639112,149.7071415,8,5015,4378,0,0,0,0,0,0,5396.837699,9.799135159,3253.01968,0.000122112991,0,0,3,1,0.0001852936953,0.000185293695,0.7165407406
6744,0.1796875,0.1953125,-133.3162279,-126.0640406,7,3323,4393,0,0,0,0,0,0,12.95876843,15.6128249,12.94866435,6.021548133e-05,0,0,316,151,0.07716782698,0.07716782691,40.28702175
6745,0.1640625,0.1953125,-173.4690224,-150.6019887,7,4393,4390,0,0,0,0,0,0,78.23565961,33.63172662,77.86881976,6.021548133e-05,0,0,149,75,0.01278189517,0.01278189516,7.572962016
6746,0.1640625,0.2109375,-169.5564865,-165.3255324,7,4393,3911,0,0,0,0,0,0,8.154460404,15.15692808,8.150458327,6.021548133e-05,0,0,685,346,0.1226322712,0.1226322712,66.62517583
6747,0.1796875,0.2109375,-126.8434837,-102.7377617,7,4393,3969,0,0,0,0,0,0,10.92526289,30.24608797,10.91808021,6.021548133e-05,0,0,413,203,0.09153097826,0.0915309782,3.985939138
6748,0.1640625,0.1875,-175.4252904,-190.6860039,7,4390,6252,0,0,0,0,0,0,71.17699153,-21.28634684,70.87323192,6.021548133e-05,0,0,55,26,0.01404948395,0.01404948394,9.111985781
6749,0.171875,0.1953125,-153.3926252,-123.5368829,7,6252,4393,0,0,0,0,0,0,54.4155019,22.70872187,54.23778336,6.021548133e-05,0,0,90,40,0.01837711617,0.01837711616,7.187750213
6750,0.1796875,0.1875,-135.2724958,-134.8368629,7,6252,3323,0,0,0,0,0,0,19.86471372,-7.994055636,19.84098067,6.021548133e-05,0,0,123,64,0.05034051908,0.05034051905,21.31740412
6751,0.171875,0.1796875,-168.0128269,-153.7764963,7,6252,4538,0,0,0,0,0,0,32.46183096,1.109348037,32.39850145,6.021548133e-05,0,0,88,50,0.03080540963,0.03080540961,17.40133625
6752,0.0546875,0.8203125,-26.35286354,-17.04736317,7,3343,4605,0,0,0,0,0,0,430.4708816,8.147008247,419.5945661,6.021548133e-05,0,0,28,16,0.002323037499,0.002323037494,3.362991352
6753,0.0390625,0.8203125,86.81767042,42.28870651,7,4605,3794,0,0,0,0,0,0,2376.500766,-75.02189959,2078.992496,6.021548133e-05,0,0,8,6,0.0004207867359,0.0004207867358,1.341455672
6754,0.0390625,0.8359375,70.73948062,53.89946496,7,4605,3792,0,0,0,0,0,0,603.7182064,-13.72562909,582.5409877,6.021548133e-05,0,0,17,11,0.001656401926,0.001656401925,4.021633391
6755,0.0625,0.859375,-43.5913859,-35.9302109,6,3347,3873,0,0,0,0,0,0,37.54523083,4.736919854,37.27643233,0.000192060352,0,0,84,42,0.02663454127,0.02663454125,3.915023624
6756,0.078125,0.84375,-55.17686848,-58.78446399,6,3873,3789,0,0,0,0,0,0,20.38184807,-1.8349246,20.30237352,0.000192060352,0,0,77,38,0.04906326435,0.04906326434,4.202302021
6757,0.0625,0.828125,-64.46315238,-68.43386571,6,3873,3343,0,0,0,0,0,0,101.7787461,-7.142086021,99.82735475,0.000192060352,0,0,61,30,0.009825234031,0.00982523402,8.523487139
6758,0.046875,0.84375,32.62919178,29.98418739,6,3873,3792,0,0,0,0,0,0,129.1872566,-1.543498389,126.0594998,0.000192060352,0,0,52,25,0.007740701571,0.007740701564,6.790258329
6759,0.0546875,0.8359375,-15.9169803,-16.77773988,7,4605,3873,0,0,0,0,0,0,281.7264562,-1.895692924,277.0268905,6.021548133e-05,0,0,34,19,0.003549542395,0.00354954239,5.444457579
6760,0.0390625,0.8125,94.85676531,110.4738421,7,3794,5756,0,0,0,0,0,0,631415.0322,-33.12153036,16181.43251,6.021548133e-05,0,0,3,1,1.583744366e-06,1.5837443e-06,0.007216677951
6761,0.046875,0.8203125,30.23240344,0.5100597432,7,5756,4605,0,0,0,0,0,0,1246.615451,-46.99006798,1159.571574,6.021548133e-05,0,0,3,2,0.0008021719924,0.0008021719922,1.123376716
6762,0.0546875,0.8125,-18.31376864,48.07221805,7,5756,3343,0,0,0,0,0,0,3169.957878,46.98182306,2661.860509,6.021548133e-05,0,0,3,2,0.000315461605,0.0003154616043,0.6776187608
6763,0.0546875,0.8046875,-55.20535201,-53.99588306,7,3343,4711,0,0,0,0,0,0,72.48612953,-1.363084374,72.17111796,6.021548133e-05,0,0,45,29,0.01379574281,0.0137957428,8.004225463
6764,0.0546875,0.7890625,-64.78594539,-49.89958009,7,4711,3935,0,0,0,0,0,0,27.63529358,14.11835697,27.58938285,6.021548133e-05,0,0,86,52,0.0361856116,0.03618561158,3.732515953
6765,0.0390625,0.7890625,-15.81798478,-39.50815597,7,4711,3791,0,0,0,0,0,0,24.36481298,-24.81796822,24.32911878,6.021548133e-05,0,0,52,30,0.041042794,0.041042794,2.306228653
6766,0.0390625,0.8046875,-162.8040296,-162.8040296,7,4711,3794,1,1,1,0,0,1,1805.001403,-183.6611982,1632.272683,5.148029767e-05,0,127.5465833,4,4,0.00055401619,0.00055401619,0.7428806739
6767,0.046875,0.8046875,1.379914972,11.04012839,7,5756,4711,0,0,0,0,0,0,93870.11165,-9.021572073,14110.64165,6.021548133e-05,0,0,2,1,1.065301812e-05,1.065301802e-05,0.01701625176
6768,0.1328125,0.5,-118.2774722,-118.2774722,7,3282,5541,1,0,0,0,0,1,462.9155132,0,0,0,0,0,32,19,0.002160221404,0.002160221403,0.9992852744
6769,0.140625,0.5078125,-118.2108544,-174.0976211,7,5541,4178,0,0,0,0,0,0,322.5257419,-57.56680376,316.3812874,6.021548133e-05,0,0,2,1,0.00310052771,0.003100527709,0.1135566586
6770,0.1484375,0.5,-91.64504624,-92.19075596,7,5541,3804,0,0,0,0,0,0,5.33622539e+12,-5.274960273e-07,16607.02489,6.021548133e-05,0,0,1,0,1.873983812e-13,0,0.1873983812
6771,0.140625,0.4921875,-99.00198348,-99.00198348,7,5541,4518,1,0,0,0,0,1,1e+300,0,0,0,0,0,0,0,0,0,0
6772,0.14453125,0.48828125,-89.76639162,-89.76639162,8,4518,6373,0,0,0,0,0,0,1e+300,0,1e+300,0,0,0,0,0,0,0,0
6773,0.14453125,0.49609375,-95.30887392,-95.30887392,8,6373,5541,0,0,0,0,0,0,1e+300,0,1e+300,0,0,0,0,0,0,0,0
6774,0.15234375,0.49609375,-82.43873624,-82.43873624,8,6373,3804,0,0,0,0,0,0,1e+300,0,1e+300,0,0,0,0,0,0,0,0
6775,0.15625,0.4921875,-100.1655352,-101.7054394,7,3804,5544,0,0,0,0,0,0,3.880829855e+13,8.122270856e-08,16607.02493,6.021548133e-05,0,0,1,0,2.576768468e-14,0,0.02576768468
6776,0.1640625,0.484375,-64.30308226,-68.66507287,7,5544,4519,0,0,0,0,0,0,6.102585048e+12,2.684489573e-07,16607.02489,6.021548133e-05,0,0,1,0,1.638649838e-13,0,0.1638649838
6777,0.15625,0.4765625,-142.9467886,-142.9467886,7,5544,3808,0,0,0,0,0,0,1e+300,0,1e+300,0,0,0,0,0,0,0,0
6778,0.1484375,0.484375,-107.4931906,-107.4931906,7,5544,4518,0,0,0,0,0,0,1e+300,0,1e+300,0,0,0,0,0,0,0,0
6779,0.15234375,0.48828125,-103.8293629,-103.8293629,8,6373,5544,0,0,0,0,0,0,1e+300,0,1e+300,0,0,0,0,0,0,0,0
6780,0.02734375,0.59765625,-403.9014902,-403.9014902,8,3862,5510,1,1,1,0,0,1,168.6810804,-84.15538224,165.2766857,0.000122112991,0,29.9637464,91,91,0.005928347138,0.005928347138,11.86190413
6781,0.01953125,0.59765625,-353.3088799,-353.3088799,8,5510,4642,1,0,0,0,0,1,264.5230988,0,0,0,0,0,150,80,0.003780388195,0.003780388188,8.350186287
6782,0.01953125,0.60546875,-405.5360173,-207.2283243,8,5510,4360,0,0,0,0,0,0,574.7346341,121.233917,537.0435408,0.000122112991,0,0,95,41,0.001739933424,0.001739933414,6.127444674
6783,0.02734375,0.60546875,-366.3950727,-354.9436961,8,5510,4970,0,0,0,0,0,0,390.0531952,-24.74055014,372.3194123,0.000122112991,0,0,97,49,0.002563752873,0.002563752868,5.845361039
6784,0.02734375,0.609375,-380.7572193,-350.8738294,8,4970,5916,0,0,0,0,0,0,598.4910927,0.06561891685,557.730197,0.000122112991,0,0,30,17,0.001670868643,0.00167086864,4.843779695
6785,0.0234375,0.60546875,-385.965545,-312.8139978,8,5916,5510,0,0,0,0,0,0,269.821268,32.02175684,261.2145915,0.000122112991,0,0,64,30,0.00370615707,0.003706157059,10.80633979
6786,0.01953125,0.609375,-419.898164,-259.8573529,8,5916,4360,0,0,0,0,0,0,602.9703862,89.3411907,561.6181511,0.000122112991,0,0,43,20,0.001658456241,0.001658456233,6.505180654
6787,0.01953125,0.61328125,-393.9842671,-318.2071264,8,4360,5513,0,0,0,0,0,0,4693.010272,-3.049801676,2983.330579,0.000122112991,0,0,25,17,0.0002130828492,0.0002130828489,0.6182898204
6788,0.01953125,0.62109375,-299.4032808,-294.6195152,8,5513,4967,0,0,0,0,0,0,331.8714837,-4.824086912,318.9459382,0.000122112991,0,0,29,10,0.0030132146,0.003013214593,3.284887462
6789,0.02734375,0.62109375,-303.0155288,-277.6412479,8,5513,3922,0,0,0,0,0,0,197.8325164,2.180665749,193.166027,0.000122112991,0,0,44,18,0.005054780771,0.00505478076,5.505616765
6790,0.02734375,0.61328125,-354.8433225,-280.6121659,8,5513,4970,0,0,0,0,0,0,396.0721438,36.28606352,377.7996542,0.000122112991,0,0,25,13,0.002524792555,0.002524792552,3.821537367
6791,0.0234375,0.61328125,-374.4137948,-353.7429393,8,5916,5513,0,0,0,0,0,0,1427.92601,-22.21210124,1215.909856,0.000122112991,0,0,9,7,0.0007003163979,0.0007003163978,1.540947477
6792,0,0.6796875,98.49407207,283.0155817,7,3339,5503,0,0,0,0,0,0,718.9828384,31.77005516,689.1469795,6.021548133e-05,0,0,19,8,0.001390853782,0.001390853777,3.771171084
6793,0.0078125,0.671875,-36.08911271,30.03196059,7,5503,4966,0,0,0,0,0,0,635.4995372,-30.74154714,612.0772325,6.021548133e-05,0,0,47,27,0.001573565269,0.001573565261,4.375405741
6794,0,0.6640625,435.2892864,435.2892864,7,5503,3838,1,1,1,0,0,1,10758.24643,286.1284214,7171.115832,5.665101385e-05,0,79.99465627,8,8,9.295195144e-05,9.295195144e-05,0.3424832086
6795,0.265625,0.4375,33.49906114,47.18604788,6,3379,4774,0,0,0,0,0,0,1.786635409,13.5417372,1.78602255,0.000192060352,0,0,905,444,0.5597112846,0.5597112844,2.185107166
6796,0.28125,0.453125,50.91395711,62.97831714,6,4774,3883,0,0,0,0,0,0,15.51548008,11.60537195,15.46938274,0.000192060352,0,0,395,204,0.06445176009,0.06445176001,42.94723495
6797,0.296875,0.4375,63.58270639,48.69700759,6,4774,3376,0,0,0,0,0,0,6.528804126,-15.76912647,6.520627752,0.000192060352,0,0,502,251,0.1531674072,0.1531674071,2.293956908
6798,0.296875,0.421875,61.20963304,54.60623732,6,3376,3882,0,0,0,0,0,0,9.82037859,-7.542173922,9.80189119,0.000192060352,0,0,538,265,0.1018290681,0.101829068,1.778180147
6799,0.296875,0.390625,58.70793735,43.46439062,6,3882,3380,0,0,0,0,0,0,7.061742743,-15.59825769,7.052178009,0.000192060352,0,0,438,204,0.1416081039,0.1416081038,2.485138744
6800,0.265625,0.390625,26.37984109,63.93217091,6,3882,3285,0,0,0,0,0,0,2.078806917,37.24102868,2.077977271,0.000192060352,0,0,893,451,0.4810451572,0.481045157,2.351494215
6801,0.265625,0.421875,31.12598779,4.922447692,6,3882,3379,0,0,0,0,0,0,3.026822189,-26.40414017,3.025063621,0.000192060352,0,0,1239,625,0.3303794996,0.3303794994,2.243045905
6802,0.28125,0.421875,46.16781041,19.77437775,6,4774,3882,0,0,0,0,0,0,2.815912561,-26.9631218,2.814390468,0.000192060352,0,0,872,419,0.3551246633,0.3551246631,2.297219822
6803,0.3046875,0.4453125,72.29015437,51.61684268,7,3376,6091,0,0,0,0,0,0,41.69789357,2.474728647,41.59345827,6.021548133e-05,0,0,208,109,0.02398202677,0.02398202673,38.22270651
6804,0.2890625,0.4453125,57.24833175,32.92839908,7,6091,4774,0,0,0,0,0,0,36.31174931,-0.8028032599,36.23252583,6.021548133e-05,0,0,238,124,0.02753929565,0.0275392956,41.83297964
6805,0.2890625,0.4609375,59.6214051,39.79204029,7,6091,3883,0,0,0,0,0,0,118.5683268,3.743115128,117.7277918,6.021548133e-05,0,0,53,27,0.008433955565,0.008433955551,13.1441743
6806,0.3046875,0.4609375,52.17999279,15.16797349,7,6091,4235,0,0,0,0,0,0,392.1090468,-19.30287061,383.0644975,6.021548133e-05,0,0,23,12,0.002550310961,0.002550310953,4.547072752
6807,0.17578125,0.11328125,-225.8510304,-143.5839288,8,4653,6412,0,0,0,0,0,0,408.3478634,-9.994352118,388.9528912,0.000122112991,0,0,14,6,0.002448892451,0.002448892448,2.294597421
6808,0.17578125,0.12109375,-173.2437492,-87.63579932,8,6412,4656,0,0,0,0,0,0,516.530387,-9.475606452,485.8832657,0.000122112991,0,0,8,4,0.001935994523,0.001935994522,1.269978921
6809,0.18359375,0.12109375,-219.7235742,-80.25545363,8,6412,3368,0,0,0,0,0,0,421.2372911,61.84971486,400.6294927,0.000122112991,0,0,8,4,0.002373958862,0.002373958861,1.450657777
6810,0.2109375,0.1015625,-177.9028466,-52.02667608,7,3754,4462,0,0,0,0,0,0,358.541407,71.08551198,350.9641804,6.021548133e-05,0,0,6,3,0.002789078138,0.002789078136,0.9685354042
6811,0.1953125,0.1015625,-182.6447092,-141.4979448,7,4462,3991,0,0,0,0,0,0,17.21291459,36.72108982,17.19509216,6.021548133e-05,0,0,9,4,0.05809591366,0.05809591366,0.5210450785
6812,0.1953125,0.1171875,-228.7951366,-228.7951366,7,4462,3368,1,0,0,0,0,1,47.18528767,0,0,0,0,0,3,1,0.02119304659,0.02119304659,0.6713526749
6813,0.2109375,0.1171875,-200.1140111,-200.1140111,7,4462,3990,0,0,0,0,0,0,1e+300,3.443651281e-06,17651.93444,0,0,0,0,0,0,0,0
6814,0.1875,0.1171875,-206.1117776,-94.54436837,7,3368,4843,0,0,0,0,0,0,772.6533579,161.8426108,738.3032853,6.021548133e-05,0,0,9,4,0.001294241447,0.001294241445,0.6734389515
6815,0.1953125,0.109375,-193.1927777,-167.8494412,7,4843,4462,0,0,0,0,0,0,7.661059616,35.67685407,7.657527088,6.021548133e-05,0,0,4,2,0.1305302465,0.1305302465,0.9858630716
6816,0.1875,0.1015625,-185.0156406,-171.6196372,7,4843,3991,0,0,0,0,0,0,9.146071592,34.15282063,9.141037302,6.021548133e-05,0,0,25,10,0.1093365594,0.1093365594,0.8350987323
6817,0.1796875,0.109375,-212.2392338,-206.440273,7,4843,4653,0,0,0,0,0,0,716.5434766,41.4311144,686.9055555,6.021548133e-05,0,0,24,12,0.001395588729,0.001395588728,1.501926798
6818,0.18359375,0.11328125,-209.1755057,-140.6471176,8,6412,4843,0,0,0,0,0,0,192.1612724,-23.8492098,187.7555164,0.000122112991,0,0,16,8,0.005203962211,0.005203962208,2.811923377
6819,0.01171875,0.55078125,-561.0236854,-568.5015872,8,4368,5283,0,0,0,0,0,0,22203.39464,45.33402807,5982.609184,0.000122112991,0,0,18,11,4.503815818e-05,4.503815533e-05,1.416065179
6820,0.00390625,0.55078125,-535.5245066,-600.1352693,8,5283,4426,0,0,0,0,0,0,22741.64628,12.81044791,6021.006761,0.000122112991,0,0,18,11,4.397219039e-05,4.397218802e-05,2.633213538
6821,0.00390625,0.55859375,-473.1274337,-473.1274337,8,5283,3341,1,0,0,0,0,1,5108.638613,0,0,0,0,0,35,14,0.0001957468664,0.0001957468622,1.558238713
6822,0.01171875,0.55859375,-628.0093979,-582.703169,8,5283,4362,0,0,0,0,0,0,23191.92475,-7.639071155,6052.116681,0.000122112991,0,0,11,5,4.311845657e-05,4.311845384e-05,0.4445684646
6823,0.015625,0.59765625,-377.5197675,-382.3777764,8,4642,5886,0,0,0,0,0,0,644.6182966,-2.876421041,597.5790999,0.000122112991,0,0,91,43,0.001551305641,0.001551305634,3.891612626
6824,0.01171875,0.6015625,-403.2050066,-363.8411925,8,5886,5511,0,0,0,0,0,0,290.5465322,9.956435285,280.5912918,0.000122112991,0,0,115,56,0.003441789487,0.003441789474,9.787146069
6825,0.015625,0.60546875,-418.8190133,-302.5727553,8,5886,4360,0,0,0,0,0,0,184.275048,52.08013133,180.2196768,0.000122112991,0,0,129,63,0.00542667068,0.005426670656,17.91537848
6826,0.01953125,0.6015625,-384.8863943,-364.8185842,8,5886,5510,0,0,0,0,0,0,366.9218738,-14.52848659,351.1866311,0.000122112991,0,0,94,48,0.002725375813,0.002725375799,8.578676763
6827,0.01953125,0.55078125,-622.5917276,-620.218949,8,4368,5284,0,0,0,0,0,0,25563.1776,-69.31624107,6202.252023,0.000122112991,0,0,10,7,3.911876746e-05,3.91187668e-05,1.044139987
6828,0.01953125,0.55859375,-689.5774401,-489.954781,8,5284,4362,0,0,0,0,0,0,68638.72652,22.1764096,7316.250939,0.000122112991,0,0,7,3,1.456903487e-05,1.456903376e-05,1.117811653
6829,0.02734375,0.55859375,-520.7490608,-466.5541608,8,5284,3864,0,0,0,0,0,0,16874.71024,-3.66403992,5513.491663,0.000122112991,0,0,8,2,5.926027682e-05,5.926027456e-05,0.7840608571
6830,0.02734375,0.55078125,-535.4809317,-490.3348811,8,5284,4369,0,0,0,0,0,0,12411.20815,23.29232162,4933.756321,0.000122112991,0,0,11,6,8.057233332e-05,8.057233128e-05,1.340566658
6831,0.7734375,0.6484375,251.8255704,241.2449333,7,3622,4495,0,0,0,0,0,0,12.98928062,-10.44410262,12.97912892,6.021548133e-05,0,0,800,409,0.07698655752,0.07698655735,57.89856843
6832,0.7734375,0.6328125,291.8200969,291.8200969,7,4495,3722,1,1,1,0,0,1,6223.649854,46.71788819,4562.186258,5.665101385e-05,0,29.96949392,6,6,0.0001606774198,0.0001606774198,0.08244709466
6833,0.7578125,0.6328125,250.0671499,271.7208577,7,4495,3311,0,0,0,0,0,0,18.42124501,21.89292104,18.40083399,6.021548133e-05,0,0,267,134,0.05428514738,0.05428514732,1.623512464
6834,0.7578125,0.6484375,240.2309271,235.14333,7,4495,3691,0,0,0,0,0,0,9.746063261,-5.061415534,9.740347003,6.021548133e-05,0,0,767,370,0.1026055314,0.1026055312,5.316369243
6835,0.7578125,0.625,245.3122239,232.1982476,7,3311,5975,0,0,0,0,0,0,1475.370858,-32.64522795,1354.99305,6.021548133e-05,0,0,12,6,0.000677795684,0.0006777956816,2.389728904
6836,0.765625,0.6328125,246.1914342,201.678443,7,5975,4495,0,0,0,0,0,0,426.1837588,-64.09558216,415.5203189,6.021548133e-05,0,0,19,9,0.002346405698,0.002346405693,0.1394352124
6837,0.7734375,0.625,237.5607925,199.6007042,7,5975,3722,0,0,0,0,0,0,228.5944646,-57.41150043,225.4906032,6.021548133e-05,0,0,37,19,0.00437455912,0.004374559111,3.101699986
6838,0.7734375,0.6015625,233.231169,288.3502808,7,3728,4940,0,0,0,0,0,0,87.06530785,55.40823317,86.61123292,6.021548133e-05,0,0,31,18,0.01148563101,0.01148563101,0.2888946045
6839,0.7578125,0.6015625,224.3603532,213.3498048,7,4940,3830,0,0,0,0,0,0,1139.362841,-10.89226331,1066.212874,6.021548133e-05,0,0,13,8,0.0008776835295,0.0008776835282,2.534373639
6840,0.7578125,0.6171875,243.8690161,213.8588596,7,4940,3311,0,0,0,0,0,0,5794.181508,-29.72008101,4295.488148,6.021548133e-05,0,0,3,1,0.0001725869303,0.0001725869302,0.4395062116
6841,0.7734375,0.6171875,236.1175847,198.4087449,7,4940,3722,0,0,0,0,0,0,27.9960166,-37.33892472,27.94890052,6.021548133e-05,0,0,56,29,0.03571936731,0.03571936729,0.8720628191
6842,0.765625,0.6171875,239.9933004,219.3015569,7,5975,4940,0,0,0,0,0,0,150.4645566,-40.22347223,149.1135438,6.021548133e-05,0,0,39,20,0.006646083454,0.006646083444,3.848680604
6843,0.0625,0.6328125,-188.4280507,-222.4010569,7,3340,6099,0,0,0,0,0,0,87.78345377,-33.09816628,87.32187706,6.021548133e-05,0,0,61,33,0.01139166844,0.01139166843,9.086267287
6844,0.0546875,0.640625,-254.6883162,-254.6883162,7,6099,4964,1,1,1,0,0,1,258.5335876,-51.34744099,254.570504,6.021548133e-05,0,51.36061194,31,31,0.003867969378,0.003867969378,3.529322226
6845,0.0625,0.6484375,-238.0375989,-238.0375989,7,6099,3923,1,1,1,0,0,1,154.828468,-53.34480658,153.3983244,6.021548133e-05,0,39.57631257,43,43,0.006458760541,0.006458760541,4.935357567
6846,0.0703125,0.640625,-190.4452338,-195.7566781,7,6099,4944,0,0,0,0,0,0,78.29306857,-5.965459141,77.92569142,6.021548133e-05,0,0,78,41,0.01277252276,0.01277252275,10.56771046
6847,0.05078125,0.63671875,-206.3326272,-250.5211524,8,4964,6105,0,0,0,0,0,0,194.0495793,-17.66998386,189.557822,0.000122112991,0,0,47,23,0.005153322173,0.005153322166,4.810655925
6848,0.05859375,0.63671875,-194.1716401,-236.8777145,8,6105,6099,0,0,0,0,0,0,158.4002285,-20.35275517,155.3944758,0.000122112991,0,0,25,16,0.006313122205,0.006313122203,3.726675245
6849,0.05859375,0.62890625,-194.8454483,-247.0140557,8,6105,3340,0,0,0,0,0,0,175.6679501,-28.18202044,171.9787751,0.000122112991,0,0,31,14,0.005692558031,0.005692558025,5.465641624
6850,0.05078125,0.62890625,-250.4669845,-281.870769,8,6105,4969,0,0,0,0,0,0,180.6449537,-21.47036819,176.7460947,0.000122112991,0,0,39,15,0.005535720648,0.005535720638,5.572779303
6851,0.01171875,0.76953125,268.3874692,326.9584202,8,4713,5359,0,0,0,0,0,0,111696.8005,8.036689293,7629.7555,0.000122112991,0,0,5,3,8.952807921e-06,8.952807052e-06,0.4567139473
6852,0.00390625,0.76953125,257.6114146,296.3699731,8,5359,4720,0,0,0,0,0,0,57429.85841,20.70028738,7167.146804,0.000122112991,0,0,3,2,1.741254511e-05,1.741254415e-05,0.7417737061
6853,0.00390625,0.77734375,269.304089,307.2049779,8,5359,3795,0,0,0,0,0,0,4254994.819,1.519672391,8173.406409,0.000122112991,0,0,2,1,2.350179125e-07,2.350173931e-07,0.4576772825
6854,0.0078125,0.78125,203.2907239,166.0297973,7,3795,4719,0,0,0,0,0,0,35248205.49,1.206290983,16599.2043,6.021548133e-05,0,0,5,2,2.83702386e-08,2.837000506e-08,0.05445345843
6855,0.015625,0.7890625,243.6542481,141.5386264,7,4719,4714,0,0,0,0,0,0,4928.151219,-65.42606313,3800.383595,6.021548133e-05,0,0,15,8,0.0002029158513,0.0002029158491,0.8599008514
6856,0.0234375,0.78125,70.34737387,65.10527137,7,4719,3791,0,0,0,0,0,0,621.8033331,7.310024099,599.3619123,6.021548133e-05,0,0,29,15,0.001608225538,0.001608225533,5.221884752
6857,0.015625,0.7734375,202.3741041,213.2553057,7,4719,4713,0,0,0,0,0,0,1187.087622,35.19537393,1107.89418,6.021548133e-05,0,0,19,9,0.0008423977993,0.0008423977951,1.927589913
6858,0.01171875,0.77734375,202.832414,271.3860824,8,5359,4719,0,0,0,0,0,0,231854.7568,19.2149065,7909.763145,0.000122112991,0,0,4,2,4.313045002e-06,4.313044831e-06,0.412242742
6859,0.015625,0.62109375,-297.5971568,-248.6095148,8,4967,5514,0,0,0,0,0,0,1291.898113,51.40044473,1115.862402,0.000122112991,0,0,12,4,0.0007740548502,0.0007740548467,1.793154021
6860,0.01953125,0.6171875,-346.693774,-291.897873,8,5514,5513,0,0,0,0,0,0,586.7446203,15.80627738,547.5155983,0.000122112991,0,0,26,15,0.001704318992,0.001704318987,4.699862733
6861,0.015625,0.61328125,-392.1781431,-332.9642653,8,5514,4360,0,0,0,0,0,0,488.5307651,-7.592409376,461.0277173,0.000122112991,0,0,25,16,0.002046953993,0.002046953989,5.61087782
6862,0.01171875,0.6171875,-302.3187306,-225.7047527,8,5514,5512,0,0,0,0,0,0,2418.496374,68.5453476,1867.089235,0.000122112991,0,0,11,5,0.0004134800493,0.0004134800466,1.836833071
6863,0.3671875,0.46875,66.04159005,66.04159005,7,3878,4240,0,0,0,0,0,0,1e+300,0,1e+300,0,0,0,0,0,0,0,0
6864,0.359375,0.4609375,67.05845821,67.05845821,7,4240,4239,0,0,0,0,0,0,1e+300,0,1e+300,0,0,0,0,0,0,0,0
6865,0.3515625,0.46875,-10.67079295,-15.43231485,7,4240,3884,0,0,0,0,0,0,2.970398583e+13,-1.482044301e-07,16607.02493,6.021548133e-05,0,0,1,0,3.366551565e-14,0,0.03366551565
6866,0.328125,0.5,100.7005411,68.48925091,6,3406,4234,0,0,0,0,0,0,30.06794718,-32.41287152,29.89530596,0.000192060352,0,0,10,6,0.03325800707,0.03325800707,1.181427605
6867,0.34375,0.515625,87.38529749,192.2903628,6,4234,3782,0,0,0,0,0,0,189.1186001,105.5519021,182.4901588,0.000192060352,0,0,14,8,0.005287687194,0.005287687193,0.944625864
6868,0.359375,0.5,129.8009448,101.6506851,6,4234,3284,0,0,0,0,0,0,135.6383257,-28.61057019,132.194559,0.000192060352,0,0,16,10,0.007372547507,0.007372547507,0.532127629
6869,0.34375,0.484375,33.11187926,37.479138,6,4234,3884,0,0,0,0,0,0,183.5346618,6.802448,177.2853991,0.000192060352,0,0,8,5,0.005448562087,0.005448562086,1.040599366
6870,0.3515625,0.4765625,-0.6824516762,-4.436025791,7,3884,4238,0,0,0,0,0,0,7.626094675e+12,4.228375703e-07,16607.0249,6.021548133e-05,0,0,1,0,1.311287156e-13,0,0.1311287156
6871,0.3515625,0.4921875,81.45641203,18.35857349,7,4238,4234,0,0,0,0,0,0,234.1793049,-62.11039916,230.9230089,6.021548133e-05,0,0,4,3,0.004270232164,0.004270232164,0.3049495499
6872,0.3671875,0.4921875,96.00661387,109.0147003,7,4238,3284,0,0,0,0,0,0,100.0542495,13.86616121,99.45505123,6.021548133e-05,0,0,4,3,0.009994577992,0.009994577991,0.6339111412
6873,0.3671875,0.4765625,76.02993132,76.02993132,7,4238,3878,0,0,0,0,0,0,1e+300,-9.336763185e-08,10127.58619,0,0,0,0,0,0,0,0
6874,0.359375,0.4765625,37.67373982,34.35996887,7,4240,4238,0,0,0,0,0,0,1.490446777e+12,9.290460241e-07,16607.02475,6.021548133e-05,0,0,1,0,6.709397581e-13,0,0.6709397581
6875,0.34765625,0.46484375,-10.16235887,-10.16235887,8,3884,6170,0,0,0,0,0,0,1e+300,0,1e+300,0,0,0,0,0,0,0,0
6876,0.35546875,0.46484375,28.19383263,28.19383263,8,6170,4240,0,0,0,0,0,0,1e+300,0,1e+300,0,0,0,0,0,0,0,0
6877,0.35546875,0.45703125,67.56689229,43.06890629,8,6170,4239,0,0,0,0,0,0,61806.27239,-29.11872152,7231.046019,0.000122112991,0,0,1,1,1.617958763e-05,1.617958763e-05,0.02636263398
6878,0.34375,0.4453125,58.15047692,83.79022076,7,3885,6176,0,0,0,0,0,0,551.682709,26.21364833,533.9451371,6.021548133e-05,0,0,56,29,0.001812636111,0.001812636105,4.083416078
6879,0.3359375,0.453125,38.29391155,68.366447,7,6176,4236,0,0,0,0,0,0,327.7495101,33.50867933,321.4063644,6.021548133e-05,0,0,33,16,0.003051110586,0.003051110578,6.943923189
6880,0.34375,0.4609375,-13.30116399,-16.96001402,7,6176,3884,0,0,0,0,0,0,1.110687914e+12,1.076047159e-06,16607.02469,6.021548133e-05,0,0,1,0,9.003429202e-13,0,0.9003429202
6881,0.3515625,0.453125,200.2205498,200.2205498,7,6176,4239,1,1,1,0,0,1,17590.48001,137.2272468,9047.561243,5.665101385e-05,0,102.7997305,2,2,5.684893188e-05,5.684893188e-05,0.2826207162
6882,0.34765625,0.45703125,25.56346159,28.5365413,8,6170,6176,0,0,0,0,0,0,38760.13006,-9.823447922,6760.744773,0.000122112991,0,0,1,1,2.579970703e-05,2.579970703e-05,0.05465512197
6883,0.01171875,0.58203125,-530.5097636,-530.5097636,8,4359,5891,1,0,0,0,0,1,48.71111787,0,0,0,0,0,134,62,0.02052919423,0.02052919422,0.2222724073
6884,0.00390625,0.58203125,-985.1222341,-985.1222341,8,5891,4643,1,1,1,0,0,1,193.1455958,-486.0186068,1329.505588,0.000122112991,0,142.1057261,49,49,0.00517744138,0.00517744138,0.08292247149
6885,0.00390625,0.58984375,-375.515214,-375.515214,8,5891,3863,1,1,1,0,0,1,239.9788181,-259.1168381,233.1465667,0.000122112991,0,28.29138278,44,44,0.004167034441,0.004167034441,7.477122375
6886,0.01171875,0.58984375,-359.1609731,-359.1609731,8,5891,4642,1,0,0,0,0,1,340.0197756,0,0,0,0,0,141,64,0.002941005412,0.002941005399,5.223885676
6887,0.1328125,0.5625,-54.09627795,-126.3167194,7,3357,4173,0,0,0,0,0,0,6809.920321,-71.68110146,4829.516205,6.021548133e-05,0,0,2,1,0.0001468445963,0.0001468445961,0.1798013377
6888,0.140625,0.5703125,-127.8481643,-103.1391485,7,4173,4172,0,0,0,0,0,0,1.232660846e+15,3.155325601e-08,16607.02494,6.021548133e-05,0,0,1,0,8.112531547e-16,0,0.0008112531547
6889,0.1484375,0.5625,11.05108636,3.604001818,7,4173,3985,0,0,0,0,0,0,2.681097417e+14,1.130213256e-08,16607.02494,6.021548133e-05,0,0,1,0,3.729815984e-15,0,0.003729815984
6890,0.140625,0.5546875,-65.81818551,-125.9242152,7,4173,4179,0,0,0,0,0,0,1310.180429,-61.13972566,1214.374598,6.021548133e-05,0,0,1,1,0.0007632536541,0.0007632536541,0.9345527952
6891,0.13671875,0.57421875,-197.2977897,-272.1880758,8,4172,5255,0,0,0,0,0,0,1428.155611,-16.20529438,1216.076333,0.000122112991,0,0,1,1,0.0007002038101,0.0007002038101,0.7258034374
6892,0.13671875,0.56640625,-90.97222114,-178.3594408,8,5255,4173,0,0,0,0,0,0,1.25743443e+12,1.067844551e-07,8189.136843,0.000122112991,0,0,1,0,7.952700962e-13,0,0.7952700962
6893,0.12890625,0.56640625,-123.5459033,-190.0014681,8,5255,3357,0,0,0,0,0,0,338.7411235,17.47778269,325.2857776,0.000122112991,0,0,19,7,0.002952106876,0.00295210687,3.905410627
6894,0.1015625,0.5859375,-176.5747785,-137.6164116,7,3859,4951,0,0,0,0,0,0,3.337636981,38.12376691,3.336966326,6.021548133e-05,0,0,280,149,0.2996131711,0.2996131711,1.408449068
6895,0.1171875,0.5859375,-117.9706273,-115.0402991,7,4951,3984,0,0,0,0,0,0,2.724432326,4.5067093,2.723985448,6.021548133e-05,0,0,253,117,0.3670489409,0.3670489409,1.368743672
6896,0.1171875,0.5703125,-116.6382329,-154.3356778,7,4951,3357,0,0,0,0,0,0,46.91853827,-39.91866634,46.78635641,6.021548133e-05,0,0,96,55,0.02131353697,0.02131353695,12.13881924
6897,0.1015625,0.5703125,-175.2423841,-158.1191947,7,4951,3983,0,0,0,0,0,0,17.30120671,12.49098678,17.28320106,6.021548133e-05,0,0,174,94,0.05779943659,0.05779943655,28.73210995
6898,0.125,0.5703125,-87.33615731,-116.3832501,7,3357,5173,0,0,0,0,0,0,93.02252471,-30.06282376,92.50437108,6.021548133e-05,0,0,64,32,0.01075008449,0.01075008448,6.083492248
6899,0.1171875,0.578125,-117.3044301,-152.1808121,7,5173,4951,0,0,0,0,0,0,4.949368741,-35.19880215,4.947894127,6.021548133e-05,0,0,143,57,0.2020459684,0.2020459683,0.6251903637
6900,0.125,0.5859375,-88.66855174,-65.18654991,7,5173,3984,0,0,0,0,0,0,4.454262086,26.26387343,4.453067704,6.021548133e-05,0,0,117,40,0.2245040774,0.2245040773,0.6641367367
6901,0.1328125,0.578125,-161.0880437,-69.20442723,7,5173,4172,0,0,0,0,0,0,486.6100073,65.61952973,472.7575236,6.021548133e-05,0,0,21,9,0.002055033774,0.002055033771,2.072442385
6902,0.12890625,0.57421875,-124.2121005,-229.4287201,8,5255,5173,0,0,0,0,0,0,664.7708574,-19.38447084,614.8584001,0.000122112991,0,0,19,8,0.001504277735,0.001504277731,2.08880387
6903,0.03125,0.5703125,-428.3053357,-372.0003503,7,3864,4363,0,0,0,0,0,0,255.4964119,8.200503666,251.6251986,6.021548133e-05,0,0,83,41,0.003913949291,0.003913949279,7.673474907
6904,0.0234375,0.578125,-302.0868388,-302.0868388,7,4363,4359,1,1,1,0,0,1,936.3411891,227.1434893,923.6414284,6.021548133e-05,0,138.0595429,42,42,0.001067986768,0.001067986768,2.512993559
6905,0.03125,0.5859375,-336.9773513,-336.9773513,7,4363,3862,1,0,0,0,0,1,5.531486886,0,0,0,0,0,164,89,0.1807832181,0.1807832181,1.005503741
6906,0.0546875,0.5703125,-316.7494638,-295.475218,7,3337,4358,0,0,0,0,0,0,70.50438084,14.76433175,70.20632304,6.021548133e-05,0,0,131,65,0.01418351581,0.01418351579,16.4774941
6907,0.0390625,0.5703125,-391.120045,-377.3386208,7,4358,3864,0,0,0,0,0,0,152.6164531,-20.45820152,151.2266989,6.021548133e-05,0,0,130,65,0.006552373482,0.006552373469,13.34781119
6908,0.0390625,0.5859375,-313.6672954,-313.6672954,7,4358,3862,1,0,0,0,0,1,9.75509391,0,0,0,0,0,188,91,0.1025105457,0.1025105457,0.5179206118
6909,0.0546875,0.5859375,-283.7532873,-334.5971229,7,4358,3925,0,0,0,0,0,0,57.72470297,-53.58710863,57.52475149,6.021548133e-05,0,0,168,84,0.01732360581,0.0173236058,1.415427391
6910,0.0390625,0.578125,-349.5976532,-366.3708258,7,4363,4358,0,0,0,0,0,0,169.4435136,-31.09939977,167.7321221,6.021548133e-05,0,0,105,47,0.005901671766,0.005901671755,10.71122129
6911,0.02734375,0.58984375,-417.8255573,-417.8255573,8,3862,5888,1,0,0,0,0,1,45.91609264,0,0,0,0,0,124,64,0.02177885666,0.02177885665,0.2095258449
6912,0.02734375,0.58203125,-432.2776316,-423.9409512,8,5888,4363,0,0,0,0,0,0,78.77299567,15.50194737,78.02248134,0.000122112991,0,0,84,47,0.01269470574,0.01269470573,0.1354804606
6913,0.01953125,0.58203125,-454.0188332,-454.0188332,8,5888,4359,1,1,1,0,0,1,455.1890486,195.1531346,533.2778493,0.000122112991,0,85.65040622,52,52,0.002196889409,0.002196889409,5.566662068
6914,0.01953125,0.58984375,-451.4096635,-451.4096635,8,5888,4642,1,0,0,0,0,1,298.9375616,0,0,0,0,0,126,60,0.003345180159,0.003345180145,10.23029773
6915,0.015625,0.58984375,-417.8296549,-417.8296549,8,4642,5892,1,1,1,0,0,1,860.1115334,-90.89590878,906.0241855,0.000122112991,0,54.94719529,32,32,0.001162639915,0.001162639915,2.858855636
6916,0.01953125,0.5859375,-377.3301161,-377.3301161,8,5892,5888,1,1,1,0,0,1,389.3548553,-7.710555975,481.1051227,0.000122112991,0,66.78346043,28,28,0.002568351175,0.002568351175,6.316135894
6917,0.015625,0.58203125,-504.2088392,-504.2088392,8,5892,4359,1,0,0,0,0,1,746.2490115,0,0,0,0,0,71,35,0.001340035276,0.00134003527,4.01478688
6918,0.01171875,0.5859375,-309.4937004,-309.4937004,8,5892,5891,1,0,0,0,0,1,183.0021336,0,0,0,0,0,106,48,0.005464417164,0.005464417155,2.62111267
6919,0.15625,0.1953125,-193.5454197,-171.3866226,7,4390,6251,0,0,0,0,0,0,25.13807947,10.23809936,25.10008543,6.021548133e-05,0,0,191,101,0.03978028637,0.03978028633,23.95074403
6920,0.1484375,0.203125,-207.5952923,-183.5511465,7,6251,4394,0,0,0,0,0,0,10.47498789,4.341587627,10.46838489,6.021548133e-05,0,0,392,188,0.09546550412,0.09546550403,54.76097003
6921,0.15625,0.2109375,-189.6328838,-174.7278449,7,6251,3911,0,0,0,0,0,0,6.192521602,3.145622222,6.19021336,6.021548133e-05,0,0,644,317,0.1614851048,0.1614851047,91.2524509
6922,0.1640625,0.203125,-171.5127545,-143.1496292,7,6251,4393,0,0,0,0,0,0,7.074340571,15.32104044,7.071328292,6.021548133e-05,0,0,443,230,0.1413559313,0.1413559312,81.0459717
6923,0.7578125,0.53125,179.5674977,203.0356501,7,3828,4842,0,0,0,0,0,0,161.3734935,23.7018869,159.8204887,6.021548133e-05,0,0,5,2,0.006196804556,0.006196804554,0.1088045675
6924,0.765625,0.5390625,183.9463951,183.9463951,7,4842,4841,0,0,0,0,0,0,1e+300,-6.845557296,4654.206196,0,0,0,0,0,0,0,0
6925,0.7734375,0.53125,183.3137895,280.1579271,7,4842,3727,0,0,0,0,0,0,6761.68471,96.94026729,4805.206119,6.021548133e-05,0,0,5,3,0.0001478921368,0.0001478921358,0.7219176932
6926,0.7734375,0.5234375,179.8245314,214.2852581,7,3727,4840,0,0,0,0,0,0,336.5196384,34.42320175,329.8359444,6.021548133e-05,0,0,53,27,0.002971594778,0.002971594772,3.131697935
6927,0.7734375,0.5078125,121.8800619,64.33781988,7,4840,3952,0,0,0,0,0,0,11.18003579,-57.05551705,11.17251433,6.021548133e-05,0,0,353,170,0.08944515192,0.0894451519,1.521110321
6928,0.7578125,0.5078125,169.0997234,160.6317039,7,4840,3262,0,0,0,0,0,0,5.180871418,-8.635248861,5.179255652,6.021548133e-05,0,0,1081,512,0.1930177222,0.193017722,17.40421399
6929,0.7578125,0.5234375,176.0782396,148.7089798,7,4840,3828,0,0,0,0,0,0,14.79333229,-27.26917992,14.7801663,6.021548133e-05,0,0,782,369,0.06759802191,0.06759802187,5.385343908
6930,0.765625,0.5234375,177.9513855,166.7998212,7,4842,4840,0,0,0,0,0,0,36.89272531,-11.12028686,36.8109493,6.021548133e-05,0,0,9,4,0.02710561477,0.02710561476,0.480918894
6931,0.77734375,0.53515625,185.5032381,181.9540895,8,3727,6541,0,0,0,0,0,0,10555.98605,10.50912868,4611.568303,0.000122112991,0,0,1,1,9.473297859e-05,9.473297859e-05,0.3243223572
6932,0.76953125,0.53515625,183.6300923,182.4950801,8,6541,4842,0,0,0,0,0,0,3788.997614,12.99206763,2590.438447,0.000122112991,0,0,1,1,0.0002639220453,0.0002639220453,0.9035482801
6933,0.76953125,0.54296875,186.1358437,117.3072711,8,6541,4841,0,0,0,0,0,0,1141.515431,-54.66924087,1001.862014,0.000122112991,0,0,12,8,0.0008760284552,0.0008760284536,4.349424925
6934,0.78125,0.5546875,187.9679236,132.1835528,7,3831,6408,0,0,0,0,0,0,163.9082019,-55.81874133,162.3062697,6.021548133e-05,0,0,9,6,0.006100975962,0.006100975961,1.099563226
6935,0.7890625,0.546875,230.5447267,182.7865477,7,6408,4838,0,0,0,0,0,0,681.4053855,-41.21641168,654.5485054,6.021548133e-05,0,0,10,7,0.001467555175,0.001467555174,0.6009465756
6936,0.78125,0.5390625,186.1139314,269.816313,7,6408,3727,0,0,0,0,0,0,6735.573817,83.70914281,4792.004674,6.021548133e-05,0,0,5,3,0.0001484654503,0.0001484654491,0.6937425715
6937,0.7734375,0.546875,186.746537,300.6960798,7,6408,4841,0,0,0,0,0,0,884.3784641,114.0573584,839.6636262,6.021548133e-05,0,0,16,10,0.00113073762,0.001130737618,0.2598800291
6938,0.77734375,0.54296875,186.4302342,129.7160529,8,6541,6408,0,0,0,0,0,0,1945.385088,-42.67646993,1571.956213,0.000122112991,0,0,12,8,0.000514037044,0.0005140370422,2.516571811
6939,0.15625,0.1328125,-174.1209934,-174.1209934,7,3992,4659,1,0,0,0,0,1,252.9079962,0,0,0,0,0,35,20,0.00395400705,0.003954007049,1.32095689
6940,0.1484375,0.140625,-214.3746545,-214.3746545,7,4659,4536,1,1,1,0,0,1,32.31001658,-6.059070913,32.24727745,6.021548133e-05,0,23.44984979,96,96,0.03095015434,0.03095015434,8.628381088
6941,0.15625,0.1484375,-177.6901843,-177.6901843,7,4659,3910,1,0,0,0,0,1,6.238124629,0,0,0,0,0,248,121,0.1603045882,0.1603045882,0.3808620956
6942,0.1640625,0.140625,-203.2384413,-203.2384413,7,4659,4539,1,0,0,0,0,1,29.52525142,0,0,0,0,0,239,123,0.03386931362,0.0338693136,0.7386581441
6943,0.14453125,0.13671875,-224.9304135,-241.27608,8,4536,5148,0,0,0,0,0,0,490.126008,5.362404664,462.4481387,0.000122112991,0,0,28,14,0.002040291647,0.002040291644,1.050119933
6944,0.15234375,0.13671875,-200.5960836,-281.0034018,8,5148,4659,0,0,0,0,0,0,1621.749742,-66.77040295,1353.672827,0.000122112991,0,0,24,12,0.0006166179492,0.0006166179487,0.597158151
6945,0.15234375,0.12890625,-421.5589647,-421.5589647,8,5148,3992,1,1,1,0,0,1,12471.4201,-240.5250703,7703.146986,5.665101385e-05,0,106.4099989,3,3,8.01833305e-05,8.01833305e-05,0.02175919272
6946,0.14453125,0.12890625,-290.3118485,-234.2299129,8,5148,4658,0,0,0,0,0,0,2313.991359,47.87312196,1804.18553,0.000122112991,0,0,4,2,0.0004321537313,0.0004321537298,0.6147298911
6947,0.15625,0.4453125,-128.8234206,-128.8234206,7,4513,5080,0,0,0,0,0,0,1e+300,0,1e+300,0,0,0,0,0,0,0,0
6948,0.1484375,0.453125,-126.7975891,-126.7975891,7,5080,4517,0,0,0,0,0,0,1e+300,0,1e+300,0,0,0,0,0,0,0,0
6949,0.15625,0.4609375,-152.499417,-152.499417,7,5080,3808,0,0,0,0,0,0,1e+300,0,1e+300,0,0,0,0,0,0,0,0
6950,0.1640625,0.453125,-127.2758194,-127.2758194,7,5080,4516,0,0,0,0,0,0,1e+300,0,1e+300,0,0,0,0,0,0,0,0
6951,0.14453125,0.44921875,-113.9466752,-113.9466752,8,4517,5961,0,0,0,0,0,0,1e+300,0,1e+300,0,0,0,0,0,0,0,0
6952,0.15234375,0.44921875,-127.8105049,-127.8105049,8,5961,5080,0,0,0,0,0,0,1e+300,0,1e+300,0,0,0,0,0,0,0,0
6953,0.15234375,0.44140625,-115.9725067,-115.9725067,8,5961,4513,0,0,0,0,0,0,1e+300,0,1e+300,0,0,0,0,0,0,0,0
6954,0.1328125,0.4375,-157.1422206,-134.7444391,7,3359,5079,0,0,0,0,0,0,58.65250707,25.30562029,58.44608782,6.021548133e-05,0,0,63,31,0.01704956958,0.01704956957,1.93857346
6955,0.140625,0.4453125,-128.3451903,-100.8630944,7,5079,4517,0,0,0,0,0,0,98.91117745,24.64974179,98.32555202,6.021548133e-05,0,0,33,16,0.01011008084,0.01011008083,8.166750866
6956,0.1484375,0.4375,-130.3710218,-130.3710218,7,5079,4513,0,0,0,0,0,0,1e+300,-525.9371789,1870.214509,0,0,0,0,0,0,0,0
6957,0.140625,0.4296875,272.8951865,272.8951865,7,5079,4763,1,1,1,0,0,1,1283.294855,403.2283012,1199.545209,5.665101385e-05,0,142.1071405,1,1,0.0007792441436,0.0007792441436,0.02112695234
6958,0.14453125,0.44140625,-129.3581061,-129.3581061,8,5961,5079,0,0,0,0,0,0,1e+300,0,1e+300,0,0,0,0,0,0,0,0
6959,0.16796875,0.26171875,-128.6204058,-128.6204058,8,4383,5327,0,0,0,0,0,0,1e+300,0,1e+300,0,0,0,0,0,0,0,0
6960,0.16796875,0.25390625,-146.3295528,-155.2859907,8,5327,4388,0,0,0,0,0,0,1765.315014,-9.542520429,1452.255377,0.000122112991,0,0,5,2,0.0005664711353,0.0005664711334,0.495175607
6961,0.16015625,0.25390625,-167.0805007,-152.875117,8,5327,3966,0,0,0,0,0,0,1165.899873,14.75910942,1020.59606,0.000122112991,0,0,6,2,0.000857706586,0.000857706585,0.8294616441
6962,0.16015625,0.26171875,-154.316487,-154.1216011,8,5327,4387,0,0,0,0,0,0,1.22398441e+12,-3.16022664e-07,8189.136842,0.000122112991,0,0,1,0,8.170038705e-13,0,0.8170038705
6963,0.171875,0.25390625,-135.9540789,-135.9540789,8,4388,5329,0,0,0,0,0,0,1e+300,0,1e+300,0,0,0,0,0,0,0,0
6964,0.16796875,0.2578125,-137.4749793,-137.4749793,8,5329,5327,0,0,0,0,0,0,1e+300,0,1e+300,0,0,0,0,0,0,0,0
6965,0.171875,0.26171875,-118.2449319,-117.2436323,8,5329,4383,0,0,0,0,0,0,1.475133879e+12,4.903880324e-08,8189.136851,0.000122112991,0,0,1,0,6.779045713e-13,0,0.6779045713
6966,0.1875,0.2578125,-88.585175,-95.22273403,7,3354,5312,0,0,0,0,0,0,196.6392933,-8.182883212,194.3381873,6.021548133e-05,0,0,41,18,0.00508545359,0.005085453584,5.778141323
6967,0.1796875,0.265625,-98.62779319,-125.960729,7,5312,4383,0,0,0,0,0,0,69.91021487,-28.43867937,69.61714914,6.021548133e-05,0,0,96,48,0.01430406131,0.0143040613,11.46067621
6968,0.1875,0.2734375,-87.14528098,-89.15795311,7,5312,3967,0,0,0,0,0,0,36.85353864,-3.042410029,36.77193606,6.021548133e-05,0,0,187,95,0.02713443639,0.02713443636,25.31558654
6969,0.203125,0.25,-70.04271907,-73.51548559,6,3354,3968,0,0,0,0,0,0,1.245123463,-5.117136421,1.244825777,0.000192060352,0,0,658,318,0.8031332068,0.8031332066,1.78683534
6970,0.21875,0.265625,-49.34042212,-22.77307925,6,3968,3850,0,0,0,0,0,0,157.4766334,25.59730667,152.8535744,0.000192060352,0,0,100,44,0.006350148452,0.006350148442,5.956392438
6971,0.234375,0.25,-31.5179132,-71.98966558,6,3968,3249,0,0,0,0,0,0,4.906912252,-41.79862743,4.902292218,0.000192060352,0,0,89,45,0.2037941477,0.2037941476,0.3325844093
6972,0.21875,0.234375,-57.25306027,-78.1822291,6,3968,3912,0,0,0,0,0,0,0.5904264626,-20.19451962,0.5903595173,0.000192060352,0,0,616,298,1.693691024,1.693691024,3.012151768
6973,0.2109375,0.2734375,-58.25167658,-50.81503147,7,3850,5316,0,0,0,0,0,0,14.45037312,6.645028345,14.43781026,6.021548133e-05,0,0,298,148,0.06920236535,0.06920236529,43.98957304
6974,0.2109375,0.2578125,-59.6915706,-50.12943688,7,5316,3968,0,0,0,0,0,0,25.91573459,8.254930671,25.87535536,6.021548133e-05,0,0,177,85,0.03858659675,0.03858659671,28.62365516
6975,0.1953125,0.2578125,-78.95397353,-61.10609146,7,5316,3354,0,0,0,0,0,0,35.82903383,16.3819316,35.75190045,6.021548133e-05,0,0,132,67,0.02791032559,0.02791032557,19.88374808
6976,0.1953125,0.2734375,-77.51407952,-82.07316164,7,5316,3967,0,0,0,0,0,0,15.04444991,-5.509446312,15.03083335,6.021548133e-05,0,0,319,166,0.06646969521,0.06646969515,44.56906784
6977,0.1953125,0.265625,-78.23402653,-74.05369586,7,5312,5316,0,0,0,0,0,0,43.99615978,2.972173333,43.87991093,6.021548133e-05,0,0,122,64,0.02272925648,0.02272925646,24.77168274
6978,0.17578125,0.26171875,-104.3690493,-117.9975056,8,4383,5326,0,0,0,0,0,0,1358.587197,-14.7722027,1165.267915,0.000122112991,0,0,4,3,0.0007360587543,0.0007360587543,1.119277198
6979,0.18359375,0.26171875,-93.6064841,-84.53796782,8,5326,5312,0,0,0,0,0,0,319.8092091,7.742982408,307.7891623,0.000122112991,0,0,16,7,0.003126864304,0.003126864299,3.659344862
6980,0.18359375,0.25390625,-94.3264311,-87.6061414,8,5326,3354,0,0,0,0,0,0,193.8437807,5.136962698,189.3614357,0.000122112991,0,0,30,13,0.005158793316,0.00515879331,4.523365141
6981,0.17578125,0.25390625,-122.0781963,-120.718216,8,5326,4388,0,0,0,0,0,0,140.567561,0.06154687756,138.1954193,0.000122112991,0,0,17,9,0.00711401687,0.007114016865,6.139688935
6982,0.17578125,0.2578125,-113.2236228,-112.0025329,8,5329,5326,0,0,0,0,0,0,4.356738046e+12,-5.186480223e-08,8189.136881,0.000122112991,0,0,1,0,2.295295217e-13,0,0.2295295217
6983,0.04296875,0.61328125,-249.1977971,-314.7245494,8,4361,5906,0,0,0,0,0,0,256.4689624,-59.06705711,248.6807315,0.000122112991,0,0,21,9,0.003899107286,0.003899107283,2.905265796
6984,0.03515625,0.61328125,-306.5811658,-335.5916632,8,5906,4970,0,0,0,0,0,0,1038.659447,-38.52671126,921.750338,0.000122112991,0,0,18,7,0.000962779478,0.0009627794753,1.660334387
6985,0.03515625,0.62109375,-254.7533722,-267.7453927,8,5906,3922,0,0,0,0,0,0,690.3883007,-7.756756541,636.7102047,0.000122112991,0,0,13,4,0.001448460235,0.001448460232,2.489381515
6986,0.04296875,0.62109375,-276.1602579,-222.1777661,8,5906,4969,0,0,0,0,0,0,953.391104,44.1071148,853.9706158,0.000122112991,0,0,8,2,0.001048887488,0.001048887486,1.030833237
6987,0.03515625,0.609375,-332.4950627,-324.1637624,8,4970,5914,0,0,0,0,0,0,75.82623293,2.244454978,75.13057132,0.000122112991,0,0,80,41,0.01318804801,0.01318804798,15.87398486
6988,0.0390625,0.61328125,-277.8894815,-308.3610991,8,5914,5906,0,0,0,0,0,0,541.2146652,-21.19476945,507.6635176,0.000122112991,0,0,24,10,0.001847695682,0.001847695678,1.654311338
6989,0.04296875,0.609375,-275.111694,-293.2417792,8,5914,4361,0,0,0,0,0,0,72.81306146,-8.241021509,72.17135558,0.000122112991,0,0,66,34,0.01373379968,0.01373379966,11.09123098
6990,0.03515625,0.59765625,-289.4086226,-327.4674527,8,3862,5905,0,0,0,0,0,0,113.5029277,-5.144322899,111.9512629,0.000122112991,0,0,139,74,0.008810345424,0.008810345404,14.22472804
6991,0.03515625,0.60546875,-318.132916,-313.433553,8,5905,4970,0,0,0,0,0,0,152.0593797,19.35605955,149.2873487,0.000122112991,0,0,137,69,0.006576378267,0.006576378256,8.465971021
6992,0.04296875,0.60546875,-260.7495473,-294.3925814,8,5905,4361,0,0,0,0,0,0,40.43316476,-3.010428518,40.23451029,0.000122112991,0,0,179,93,0.02473217237,0.02473217234,29.54428104
6993,0.0546875,0.59375,-267.255199,-240.1836792,7,3925,5911,0,0,0,0,0,0,3.435309591,26.21156738,3.434599114,6.021548133e-05,0,0,243,114,0.2910945792,0.2910945792,1.283846774
6994,0.046875,0.5859375,-295.9142744,-337.9071522,7,5911,4358,0,0,0,0,0,0,12.88250019,-40.57092867,12.87251465,6.021548133e-05,0,0,153,78,0.07762468349,0.07762468347,0.4460479551
6995,0.0390625,0.59375,-291.5771732,-251.671315,7,5911,3862,0,0,0,0,0,0,25.69050442,47.37635004,25.65082346,6.021548133e-05,0,0,145,72,0.03892488772,0.03892488771,0.2774601145
6996,0.046875,0.6015625,-262.9180979,-274.6545571,7,5911,4361,0,0,0,0,0,0,35.27081722,-6.547869041,35.19606608,6.021548133e-05,0,0,261,125,0.02835205076,0.02835205072,0.3004703273
6997,0.04296875,0.59765625,-277.2476355,-312.2015653,8,5905,5911,0,0,0,0,0,0,44.94829647,-6.204644716,44.70293231,0.000122112991,0,0,218,112,0.0222477842,0.02224778417,28.13198085
6998,0.0390625,0.60546875,-289.4412316,-314.7777109,8,5914,5905,0,0,0,0,0,0,65.81797571,8.113279284,65.29319925,0.000122112991,0,0,122,65,0.01519341774,0.01519341773,15.90654899
6999,0,0.62109375,-200.1289941,-164.1034391,8,3278,5862,0,0,0,0,0,0,1.043495146e+14,-8.098038506e-08,8189.136896,0.000122112991,0,0,1,0,9.583178267e-15,0,0.009583178267
7000,0.00390625,0.6171875,-186.8090219,-113.8829406,8,5862,5512,0,0,0,0,0,0,1011.847945,24.40143777,900.5733062,0.000122112991,0,0,10,5,0.0009882907853,0.0009882907839,1.226260618
7001,0,0.61328125,-27.60747094,-64.95732278,8,5862,4641,0,0,0,0,0,0,2443.685785,-32.96221122,1882.066317,0.000122112991,0,0,9,5,0.0004092179143,0.0004092179134,0.7271271112
7002,0.05078125,0.61328125,-232.0904719,-279.3528539,8,4361,5907,0,0,0,0,0,0,48.91923435,-17.087869,48.6287421,0.000122112991,0,0,111,54,0.02044185714,0.02044185712,17.97738686
7003,0.05078125,0.62109375,-259.0529327,-296.5103083,8,5907,4969,0,0,0,0,0,0,184.9308526,-23.61793482,180.8468851,0.000122112991,0,0,42,20,0.005407426539,0.005407426533,5.551951105
7004,0.05859375,0.62109375,-203.4313966,-239.5863099,8,5907,3340,0,0,0,0,0,0,333.6165183,-8.262301956,320.5573606,0.000122112991,0,0,16,7,0.002997453498,0.002997453495,2.511088877
7005,0.0859375,0.6015625,-202.1827532,-231.4637412,7,3859,4953,0,0,0,0,0,0,12.43543347,-28.75992807,12.42612871,6.021548133e-05,0,0,137,65,0.08041537133,0.0804153713,0.3663782474
7006,0.0703125,0.6015625,-226.4583335,-256.3914095,7,4953,3925,0,0,0,0,0,0,2.874507169,-31.85395864,2.874009707,6.021548133e-05,0,0,225,110,0.3478857213,0.3478857213,1.13776617
7007,0.0703125,0.6171875,-193.462157,-217.2855535,7,4953,3340,0,0,0,0,0,0,462.2170399,-21.97763814,449.7006908,6.021548133e-05,0,0,51,24,0.002163485795,0.002163485792,2.136679494
7008,0.0859375,0.6171875,-177.5649044,-176.7094638,7,4953,3924,0,0,0,0,0,0,71.06348728,-0.08344758217,70.76069363,6.021548133e-05,0,0,68,30,0.01407192411,0.01407192409,7.218756881
7009,0.0625,0.6171875,-205.5999471,-208.5964367,7,3340,5908,0,0,0,0,0,0,199.2117159,-2.371702494,196.8503718,6.021548133e-05,0,0,57,28,0.005019785085,0.005019785079,4.344016207
7010,0.0703125,0.609375,-209.9602453,-222.6515436,7,5908,4953,0,0,0,0,0,0,22.47296702,-12.72886047,22.44259724,6.021548133e-05,0,0,203,97,0.04449790716,0.04449790711,34.15313073
7011,0.0625,0.6015625,-238.5961236,-241.1692146,7,5908,3925,0,0,0,0,0,0,20.95799878,-5.714944916,20.93158321,6.021548133e-05,0,0,296,143,0.04771447934,0.04771447928,41.04637467
7012,0.0546875,0.609375,-234.2590225,-264.9886937,7,5908,4361,0,0,0,0,0,0,41.23347512,-27.82298251,41.13135036,6.021548133e-05,0,0,219,105,0.02425213973,0.02425213969,22.39446828
7013,0.05859375,0.61328125,-219.9294848,-260.3769368,8,5907,5908,0,0,0,0,0,0,53.80689701,-14.4381611,53.45566543,0.000122112991,0,0,85,41,0.01858497805,0.01858497804,14.29785332
7014,0.0625,0.5078125,-329.6907058,-10.61276529,7,3356,5400,0,0,0,0,0,0,975.7753312,322.3728806,921.6236897,6.021548133e-05,0,0,6,3,0.001024826072,0.001024826072,0.02541863106
7015,0.0546875,0.515625,-350.2619686,-356.2060702,7,5400,4366,0,0,0,0,0,0,17.64362774,-2.894470465,17.6249027,6.021548133e-05,0,0,18,10,0.05667768639,0.05667768638,0.506889044
7016,0.0625,0.5234375,-327.2323799,-316.498097,7,5400,3971,0,0,0,0,0,0,20.10282051,9.499681046,20.07851544,6.021548133e-05,0,0,24,12,0.04974426348,0.04974426347,0.4991065552
7017,0.0859375,0.5234375,-229.8394071,-252.4433875,7,3860,4617,0,0,0,0,0,0,6.041461917,-21.14783361,6.039264896,6.021548133e-05,0,0,57,28,0.1655228509,0.1655228509,0.7103725861
7018,0.0859375,0.5078125,-238.5867421,-240.0993517,7,4617,3972,0,0,0,0,0,0,2.673564818,-1.535711675,2.67313447,6.021548133e-05,0,0,43,21,0.3740324503,0.3740324503,1.370428461
7019,0.0703125,0.5078125,-297.2263816,-284.7808261,7,4617,3356,0,0,0,0,0,0,112.5940253,16.63741178,111.8357894,6.021548133e-05,0,0,12,5,0.008881465935,0.008881465933,0.1959475116
7020,0.0703125,0.5234375,-294.7680556,-278.0006196,7,4617,3971,0,0,0,0,0,0,214.3803843,16.42975038,211.6482137,6.021548133e-05,0,0,32,13,0.004664605874,0.004664605868,3.129386471
7021,0.0703125,0.515625,-295.9972186,-247.7694576,7,5400,4617,0,0,0,0,0,0,256.1851888,50.1548463,252.293234,6.021548133e-05,0,0,16,7,0.003903426287,0.003903426282,1.892455418
7022,0.05078125,0.51171875,-361.776763,-362.983828,8,4366,5919,0,0,0,0,0,0,312.1691121,7.023854272,300.7062199,0.000122112991,0,0,25,15,0.003203391884,0.003203391881,5.170310093
7023,0.05859375,0.51171875,-339.9763372,-340.1496481,8,5919,5400,0,0,0,0,0,0,956.4609686,6.038146482,856.4327804,0.000122112991,0,0,6,2,0.00104552097,0.001045520969,1.860186044
7024,0.05859375,0.50390625,-341.2055002,-312.0120539,8,5919,3356,0,0,0,0,0,0,5007.120278,37.66967458,3107.244188,0.000122112991,0,0,3,2,0.0001997155939,0.0001997155929,1.291063688
7025,0.05078125,0.50390625,-393.4392898,-408.7787343,8,5919,4646,0,0,0,0,0,0,393.8118357,-10.27377048,375.7425489,0.000122112991,0,0,22,15,0.002539283763,0.002539283758,4.896540995
7026,0.8515625,0.7890625,355.5807612,296.8383996,7,3539,4009,0,0,0,0,0,0,224.0745849,-60.90619201,221.0914513,6.021548133e-05,0,0,102,59,0.004462799743,0.004462799726,11.98654391
7027,0.8515625,0.8046875,334.0024926,304.9739872,7,4009,3541,0,0,0,0,0,0,158.4058636,-27.50164517,156.9091876,6.021548133e-05,0,0,99,54,0.006312897626,0.006312897603,12.28355975
7028,0.8671875,0.8046875,377.6550422,374.3472975,7,4009,3513,0,0,0,0,0,0,1335.046223,-6.452983553,1235.707167,6.021548133e-05,0,0,19,6,0.0007490377355,0.0007490377312,0.5877071631
7029,0.8671875,0.7890625,329.7763946,407.146479,7,4009,3540,0,0,0,0,0,0,2573.193578,78.4019115,2227.97722,6.021548133e-05,0,0,23,14,0.000388622142,0.0003886221406,0.3174439953
7030,0.875,0.7890625,316.8742112,256.6168657,7,3540,4269,0,0,0,0,0,0,1534.240113,-57.62768974,1404.486608,6.021548133e-05,0,0,36,19,0.0006517884598,0.0006517884491,5.40899655
7031,0.8671875,0.796875,353.7157184,387.2971308,7,4269,4009,0,0,0,0,0,0,42112.43069,32.52470659,11910.2294,6.021548133e-05,0,0,9,3,2.374595775e-05,2.37459549e-05,0.9194019803
7032,0.875,0.8046875,364.7528589,389.8733621,7,4269,3513,0,0,0,0,0,0,49505.74397,23.57309311,12435.46653,6.021548133e-05,0,0,7,2,2.019967624e-05,2.019967463e-05,0.1710698285
7033,0.8828125,0.796875,351.6112953,251.8746442,7,4269,4048,0,0,0,0,0,0,2324.878676,-100.595356,2039.378551,6.021548133e-05,0,0,31,16,0.000430129972,0.0004301299634,3.281037168
7034,0.88671875,0.80078125,368.9798373,368.9798373,8,4048,5898,0,0,0,0,0,0,1e+300,0,1e+300,0,0,0,0,0,0,0,0
7035,0.87890625,0.80078125,358.1820771,308.9305907,8,5898,4269,0,0,0,0,0,0,180057.4631,21.05237948,7832.891615,0.000122112991,0,0,3,2,5.553782569e-06,5.553782518e-06,0.07984131551
7036,0.87890625,0.80859375,382.1214009,269.1674816,8,5898,3513,0,0,0,0,0,0,3330.576428,-44.73858636,2367.641064,0.000122112991,0,0,10,6,0.0003002483269,0.0003002483254,1.893420631
7037,0.88671875,0.80859375,385.4005571,364.7658138,8,5898,4295,0,0,0,0,0,0,4284.008782,50.17348121,2812.629251,0.000122112991,0,0,7,4,0.0002334262255,0.0002334262233,1.309445404
7038,0.16015625,0.09765625,-238.1059428,-194.6548816,8,3753,6410,0,0,0,0,0,0,352.6515352,1.675652021,338.0921597,0.000122112991,0,0,7,3,0.002835660419,0.002835660417,1.007857838
7039,0.16015625,0.10546875,-233.5295464,-142.0674828,8,6410,4657,0,0,0,0,0,0,1271.085243,47.53452608,1100.300913,0.000122112991,0,0,5,2,0.0007867292975,0.0007867292963,1.188641604
7040,0.16796875,0.10546875,-231.9784866,-191.8561687,8,6410,4653,0,0,0,0,0,0,109.0072141,12.98995667,107.5752587,0.000122112991,0,0,11,6,0.00917370477,0.009173704767,1.371692606
7041,0.1640625,0.0859375,-234.0408286,-234.0408286,7,3753,4654,1,0,0,0,0,1,235.7172341,0,0,0,0,0,48,22,0.004242371178,0.004242371176,2.02987548
7042,0.1796875,0.0859375,-200.4693964,-200.4693964,7,4654,3991,1,0,0,0,0,1,2.429108091,0,0,0,0,0,378,188,0.4116737348,0.4116737347,0.7695403627
7043,0.1796875,0.0703125,-206.8919903,-206.8919903,7,4654,3324,1,0,0,0,0,1,51.41653086,0,0,0,0,0,82,47,0.01944899789,0.01944899788,0.05914479323
7044,0.140625,0.0625,-344.792846,-251.612676,6,3349,3981,0,0,0,0,0,0,17253.54657,75.69719661,3999.688821,0.000192060352,0,0,11,5,5.795909819e-05,5.795909754e-05,0.9870968756
7045,0.15625,0.078125,-265.1462748,-265.1462748,6,3981,3753,1,0,0,0,0,1,4.437130478,0,0,0,0,0,71,29,0.2253708799,0.2253708799,0.5029851007
7046,0.171875,0.0625,-237.9974365,-237.9974365,6,3981,3324,1,0,0,0,0,1,101.3767494,0,0,0,0,0,69,38,0.009864194759,0.009864194753,0.04162978572
7047,0.15625,0.046875,-279.7401734,-236.5310477,6,3981,3756,0,0,0,0,0,0,23232.88124,36.13681233,4253.458552,0.000192060352,0,0,2,1,4.304244444e-05,4.30424444e-05,0.8239471067
7048,0.1640625,0.0703125,-257.9583533,-179.3071819,7,4654,3981,0,0,0,0,0,0,30.16139446,72.24913991,30.10671516,6.021548133e-05,0,0,24,12,0.03315496574,0.03315496574,1.148713352
7049,0.1796875,0.09375,-149.9000017,-149.9000017,7,3991,4846,1,1,1,0,0,1,47.48986434,27.76622256,47.35444834,6.021548133e-05,0,33.53874784,90,90,0.02105712479,0.02105712479,7.447554056
7050,0.171875,0.0859375,-177.5192883,-177.5192883,7,4846,4654,1,1,1,0,0,1,57.74591663,20.15072538,57.54581837,6.021548133e-05,0,33.65444083,68,68,0.01731724178,0.01731724178,8.248222886
7051,0.1640625,0.09375,-224.4941462,-250.74598,7,4846,3753,0,0,0,0,0,0,243.1582451,-39.49353306,239.6493258,6.021548133e-05,0,0,21,10,0.004112548188,0.004112548187,1.520801925
7052,0.171875,0.1015625,-218.36669,-174.666982,7,4846,4653,0,0,0,0,0,0,72.49194403,45.10105679,72.17688203,6.021548133e-05,0,0,66,32,0.01379463626,0.01379463626,3.453388116
7053,0.16796875,0.09765625,-221.4304181,-203.0310836,8,6410,4846,0,0,0,0,0,0,180.6313445,-43.0799756,176.7330666,0.000122112991,0,0,13,7,0.005536137721,0.005536137719,1.651974835
7054,0.3515625,0.2890625,37.85598612,29.88281088,7,3932,6561,0,0,0,0,0,0,0.7030783023,-7.819237704,0.7030485379,6.021548133e-05,0,0,492,249,1.422316685,1.422316685,2.810132524
7055,0.3515625,0.3046875,43.12505115,41.32699495,7,6561,4827,0,0,0,0,0,0,18.98758867,-1.639535539,18.96590406,6.021548133e-05,0,0,244,131,0.05266598185,0.05266598182,8.734212392
7056,0.3671875,0.3046875,47.36807306,29.2673031,7,6561,3405,0,0,0,0,0,0,3.427887399,-18.12556417,3.427179989,6.021548133e-05,0,0,314,166,0.2917248683,0.2917248682,0.8030124557
7057,0.375,0.265625,36.31692145,58.10335401,6,3290,4826,0,0,0,0,0,0,14.53709425,21.65852311,14.4966197,0.000192060352,0,0,297,143,0.06878953818,0.06878953814,4.265799408
7058,0.359375,0.28125,37.34296456,63.11717976,6,4826,3932,0,0,0,0,0,0,1.994049156,25.83420374,1.993285772,0.000192060352,0,0,503,250,0.5014921507,0.5014921506,0.9722521103
7059,0.375,0.296875,46.8550515,38.01567057,6,4826,3405,0,0,0,0,0,0,2.260492865,-8.958124137,2.259511895,0.000192060352,0,0,553,288,0.4423814008,0.4423814007,1.370301222
7060,0.40625,0.15625,58.69635206,50.65834181,5,3268,3371,0,0,0,0,0,0,1.346519803,-6.969576805,1.346074521,0.0002456709918,0,0,365,192,0.7426552491,0.742655249,4.846552295
7061,0.40625,0.21875,43.16714836,39.14023501,5,3371,3290,0,0,0,0,0,0,2.851385507,-3.786954656,2.849389502,0.0002456709918,0,0,1090,533,0.3507066994,0.3507066994,4.090264966
7062,0.46875,0.21875,51.87652854,44.87863785,5,3371,3256,0,0,0,0,0,0,1.829423871,-6.841504217,1.828602031,0.0002456709918,0,0,1466,760,0.5466201769,0.5466201768,3.68994941
7063,0.46875,0.15625,-40.28232502,-44.22722849,5,3371,3289,0,0,0,0,0,0,2.349867925,-4.794294527,2.348512143,0.0002456709918,0,0,370,197,0.4255558319,0.4255558319,8.298707253
7064,0.46875,0.25,44.1119267,35.0625373,5,3256,3402,0,0,0,0,0,0,0.5145543179,-9.307240294,0.5144892808,0.0002456709918,0,0,2161,1098,1.943429421,1.943429421,5.497275238
7065,0.4375,0.21875,47.52183845,49.54248231,5,3402,3371,0,0,0,0,0,0,0.4708595793,2.218816441,0.4708051182,0.0002456709918,0,0,2365,1200,2.123775418,2.123775418,6.351655343
7066,0.40625,0.25,35.40254651,42.06666232,5,3402,3290,0,0,0,0,0,0,1.299254895,6.489837118,1.298840319,0.0002456709918,0,0,1020,500,0.7696719129,0.7696719128,2.624930263
7067,0.4375,0.28125,50.29536665,45.98990859,5,3402,3378,0,0,0,0,0,0,0.3914880572,-4.512356607,0.3914504086,0.0002456709918,0,0,1484,731,2.554356338,2.554356337,7.370532065
7068,0.421875,0.296875,53.38708663,58.61079886,6,3378,3941,0,0,0,0,0,0,0.6976889872,5.042289857,0.6975955105,0.000192060352,0,0,1072,534,1.433303404,1.433303403,5.473468847
7069,0.421875,0.265625,42.84895658,53.48507573,6,3941,3402,0,0,0,0,0,0,0.8119173977,10.44553053,0.8117908094,0.000192060352,0,0,714,355,1.231652386,1.231652386,3.792573581
7070,0.390625,0.265625,38.49426649,57.90361946,6,3941,3290,0,0,0,0,0,0,171.9816214,19.26055046,166.4825608,0.000192060352,0,0,130,58,0.005814574789,0.00581457478,3.845349147
7071,0.390625,0.296875,49.03239654,58.423804,6,3941,3405,0,0,0,0,0,0,2.215511034,9.251771199,2.214568709,0.000192060352,0,0,648,322,0.4513631322,0.4513631321,1.406382301
7072,0.390625,0.28125,43.76333152,44.60174964,6,4826,3941,0,0,0,0,0,0,1.495771473,0.6941987342,1.495341893,0.000192060352,0,0,374,179,0.668551325,0.668551325,1.756602772
7073,0.3671875,0.2890625,42.09900803,80.14106448,7,6561,4826,0,0,0,0,0,0,0.7372750986,38.01267912,0.7372423685,6.021548133e-05,0,0,599,310,1.356345822,1.356345822,2.699773581
7074,0.3671875,0.3125,50.00260557,25.80912679,7,3405,6564,0,0,0,0,0,0,265.5149678,-41.55795148,261.3366877,6.021548133e-05,0,0,32,12,0.003766266016,0.003766266009,2.517386376
7075,0.359375,0.3046875,45.2465621,45.13354493,7,6564,6561,0,0,0,0,0,0,63.51668507,-17.388124,63.27467918,6.021548133e-05,0,0,93,46,0.01574389468,0.01574389466,15.57424225
7076,0.3515625,0.3125,45.75958366,77.84950601,7,6564,4827,0,0,0,0,0,0,90.25262511,14.90876452,89.76478891,6.021548133e-05,0,0,68,37,0.01108001012,0.01108001011,12.02087389
7077,0.359375,0.3203125,71.83463433,115.9604671,7,6564,4830,0,0,0,0,0,0,2628.277641,27.66729812,2269.154444,6.021548133e-05,0,0,7,3,0.0003804773074,0.0003804773043,0.7074927651
7078,0.1796875,0.21875,-123.6071117,-49.39969102,7,3969,5341,0,0,0,0,0,0,5.008378787,23.4862981,5.006868806,6.021548133e-05,0,0,258,133,0.1996654092,0.1996654092,1.441495159
7079,0.171875,0.2109375,-148.1999851,-121.9948293,7,5341,4393,0,0,0,0,0,0,5.710516807,-21.0130269,5.708553855,6.021548133e-05,0,0,502,249,0.175115499,0.1751154989,5.587312019
7080,0.1640625,0.21875,-166.3201145,-135.7904515,7,5341,3911,0,0,0,0,0,0,4.924379991,-15.40585156,4.922920228,6.021548133e-05,0,0,526,262,0.2030712499,0.2030712498,1.60187363
7081,0.171875,0.2265625,-141.727241,-87.29197383,7,5341,4396,0,0,0,0,0,0,2.261425628,4.996812783,2.261117725,6.021548133e-05,0,0,282,146,0.4421989331,0.442198933,1.822297658
7082,0.01171875,0.69921875,56.50698939,2.550315634,8,4749,6153,0,0,0,0,0,0,1084.944821,-61.70716193,958.020636,0.000122112991,0,0,15,9,0.0009217058605,0.0009217058583,3.789218354
7083,0.01171875,0.69140625,0.1157896035,-124.5680434,8,6153,6044,0,0,0,0,0,0,1451.429814,-106.6508082,1232.910657,0.000122112991,0,0,16,7,0.0006889757883,0.0006889757853,2.923978962
7084,0.00390625,0.69140625,121.1539805,265.0529005,8,6153,3339,0,0,0,0,0,0,3896.109734,107.2922173,2640.05998,0.000122112991,0,0,21,8,0.0002566662821,0.0002566662766,1.702547478
7085,0.00390625,0.69921875,381.4982951,386.4787746,8,6153,4754,0,0,0,0,0,0,6668.37378,65.18509431,3675.462663,0.000122112991,0,0,20,10,0.0001499615998,0.0001499615968,1.105998652
7086,0.18359375,0.125,-193.4199336,-118.4509119,8,3368,6577,0,0,0,0,0,0,68194.99358,112.9161999,7311.180145,0.000122112991,0,0,6,2,1.466383304e-05,1.466383291e-05,0.02835207357
7087,0.1796875,0.12109375,-113.967299,-52.73616749,8,6577,6412,0,0,0,0,0,0,784.5212012,39.04187298,715.9345102,0.000122112991,0,0,2,2,0.001274662812,0.001274662812,0.7414374217
7088,0.17578125,0.125,-146.9401086,-200.1190293,8,6577,4656,0,0,0,0,0,0,60.15654805,-32.69689308,59.71786682,0.000122112991,0,0,30,14,0.01662329426,0.01662329425,4.722429535
7089,0.1796875,0.12890625,-159.2121032,-179.7490509,8,6577,6582,0,0,0,0,0,0,71.50437971,-21.04435637,70.88543548,0.000122112991,0,0,64,30,0.01398515733,0.01398515732,4.711424817
7090,0.62109375,0.62890625,174.2295063,138.4625198,8,3297,6342,0,0,0,0,0,0,899.707494,-16.35057234,810.6451732,0.000122112991,0,0,9,6,0.001111472347,0.001111472346,2.615772835
7091,0.61328125,0.62890625,162.7557828,199.3077472,8,6342,4380,0,0,0,0,0,0,11020.77176,53.58051831,4698.127943,0.000122112991,0,0,4,2,9.073774704e-05,9.073774579e-05,0.53486044
7092,0.61328125,0.63671875,185.8038911,142.8690815,8,6342,4286,0,0,0,0,0,0,5180.305916,-23.2681726,3173.074219,0.000122112991,0,0,4,2,0.0001930387927,0.0001930387916,0.3857552527
7093,0.625,0.6484375,202.3088817,152.8779747,7,3826,4678,0,0,0,0,0,0,14.31211108,-49.70867763,14.29978737,6.021548133e-05,0,0,276,120,0.06987089426,0.06987089423,1.116307004
7094,0.6328125,0.640625,190.3622681,199.4770186,7,4678,4213,0,0,0,0,0,0,6.707587819,8.85133678,6.704879714,6.021548133e-05,0,0,168,82,0.1490848912,0.1490848911,1.283058355
7095,0.625,0.6328125,179.7311698,175.5207053,7,4678,3297,0,0,0,0,0,0,506.8848156,-4.845633154,491.8717519,6.021548133e-05,0,0,23,14,0.001972834793,0.00197283479,1.224648657
7096,0.6171875,0.640625,293.7014056,293.7014056,7,4678,4286,1,1,1,0,0,1,4098.92258,103.8593017,3337.234958,5.665101385e-05,0,62.35329808,7,7,0.0002439665499,0.0002439665499,0.1709725884
7097,0.62109375,0.63671875,185.5183622,195.1948233,8,6342,4678,0,0,0,0,0,0,1507.200658,29.27157431,1272.921085,0.000122112991,0,0,9,5,0.0006634816638,0.0006634816624,1.529337511
7098,0.015625,0.56640625,-643.2594844,-501.6477964,8,4362,6618,0,0,0,0,0,0,3699.671302,-39.80155328,2548.372744,0.000122112991,0,0,15,9,0.0002702942824,0.0002702942809,1.055360319
7099,0.01171875,0.5703125,-620.7779412,-620.7779412,8,6618,5890,1,1,1,0,0,1,10919.83556,-47.88659047,4679.687897,0.000122112991,0,124.5581879,10,10,9.157647061e-05,9.157647061e-05,0.6209435827
7100,0.015625,0.57421875,-412.6813455,-412.6813455,8,6618,4359,1,1,1,0,0,1,6157.391897,161.6352475,3514.698582,0.000122112991,0,132.1201449,17,17,0.0001624064241,0.0001624064241,0.9083719163
7101,0.01953125,0.57421875,-644.3766964,-644.3766964,8,4359,5889,1,0,0,0,0,1,61034.11517,0,0,0,0,0,20,4,1.638427947e-05,1.638427785e-05,0.1850159411
7102,0.02734375,0.57421875,-455.2187277,-411.9781339,8,5889,4363,0,0,0,0,0,0,1901.789241,49.07375784,1543.367995,0.000122112991,0,0,36,15,0.0005258206212,0.000525820614,2.657642469
7103,0.02734375,0.56640625,-476.4090961,-438.960654,8,5889,3864,0,0,0,0,0,0,537.6302227,43.70023107,504.5084203,0.000122112991,0,0,33,16,0.001860014482,0.001860014473,9.063181601
7104,0.01953125,0.56640625,-587.6426883,-608.6072633,8,5889,4362,0,0,0,0,0,0,11558.86576,-76.70530855,4793.25103,0.000122112991,0,0,15,9,8.651367885e-05,8.651367785e-05,0.7698596649
7105,0.01953125,0.5703125,-607.769345,-516.7374733,8,6618,5889,0,0,0,0,0,0,8693.097916,-23.28126214,4216.797698,0.000122112991,0,0,9,5,0.00011503379,0.0001150337872,0.9880861931
7106,0,0.63671875,141.9218287,141.9218287,8,5505,6638,1,0,0,0,0,1,4243.077965,0,0,0,0,0,10,6,0.0002356779697,0.0002356779689,0.909142359
7107,0.00390625,0.6328125,-136.1953337,83.80479176,8,6638,5502,0,0,0,0,0,0,1698.705903,23.84690318,1406.872608,0.000122112991,0,0,13,7,0.0005886834198,0.0005886834185,0.976210292
7108,0,0.62890625,-279.2617487,50.24862205,8,6638,3278,0,0,0,0,0,0,4096.336605,54.61406439,2730.498033,0.000122112991,0,0,3,2,0.0002441205634,0.0002441205634,0.713480108
7109,0.005859375,0.634765625,-64.66212628,-0.9085808808,9,5502,6639,0,0,0,0,0,0,1770.097011,92.96618925,1705.478382,2.140496161e-05,0,0,9,3,0.0005649407879,0.000564940787,1.001627402
7110,0.001953125,0.634765625,123.5677732,124.1590203,9,6639,6638,0,0,0,0,0,0,798.3373688,-35.49707649,784.9242838,2.140496161e-05,0,0,13,6,0.001252603272,0.001252603269,1.065144662
7111,0.001953125,0.638671875,155.4159847,155.4159847,9,6639,5505,1,1,1,0,0,1,4483.770781,52.36593937,4014.009934,3.163439402e-05,0,115.9170844,2,2,0.000223026566,0.000223026566,0.49770463
7112,0.01171875,0.64453125,-209.4585326,-223.7338637,8,4965,5506,0,0,0,0,0,0,11.79296032,-2.1382669,11.77600201,0.000122112991,0,0,121,60,0.08479635075,0.08479635073,1.051574022
7113,0.00390625,0.64453125,14.74091726,14.74091726,8,5506,5505,1,1,1,0,0,1,471.9015955,108.6311206,446.1897686,0.000122112991,0,80.47178058,18,18,0.002119085864,0.002119085864,1.963821755
7114,0.00390625,0.65234375,152.8712937,152.8712937,8,5506,3838,1,1,1,0,0,1,395.3531239,247.7215474,377.1453914,0.000122112991,0,45.78499091,20,20,0.002529384339,0.002529384339,4.507669884
7115,0.0078125,0.65625,-85.63878559,-85.63878559,7,3838,5504,1,0,0,0,0,1,92.49647495,0,0,0,0,0,129,70,0.01081122281,0.0108112228,9.807473528
7116,0.015625,0.6640625,-123.3744586,-136.926769,7,5504,4966,0,0,0,0,0,0,8.357160215,-6.23897368,8.352956753,6.021548133e-05,0,0,572,287,0.1196578711,0.119657871,72.12248939
7117,0.0234375,0.65625,-182.0216898,-244.7948482,7,5504,3833,0,0,0,0,0,0,2.430483069,-51.14917917,2.430127413,6.021548133e-05,0,0,887,452,0.4114408419,0.4114408417,3.218189549
7118,0.015625,0.6484375,-200.3129184,-195.7397174,7,5504,4965,0,0,0,0,0,0,7.488726485,16.53923683,7.485351061,6.021548133e-05,0,0,462,233,0.1335340531,0.133534053,1.774409936
7119,0.01171875,0.65234375,-124.7257863,-145.8096035,8,5506,5504,0,0,0,0,0,0,9.165829632,3.111877591,9.155582092,0.000122112991,0,0,139,74,0.1091008714,0.1091008714,1.336328968
7120,0.00390625,0.640625,36.70204137,36.70204137,8,5505,6637,1,1,1,0,0,1,1320.565143,130.1042711,1137.184811,0.000122112991,0,120.2758314,10,10,0.0007572515487,0.0007572515487,1.331947183
7121,0.0078125,0.64453125,-176.2377737,-122.8313394,8,6637,5506,0,0,0,0,0,0,28.14398684,34.9203966,28.04759437,0.000122112991,0,0,41,20,0.03553156863,0.03553156862,0.4715949014
7122,0.01171875,0.640625,-251.8249058,-163.2793033,8,6637,4965,0,0,0,0,0,0,79.76583583,57.8299058,78.99637599,0.000122112991,0,0,54,25,0.01253669556,0.01253669555,0.2014559199
7123,0.0078125,0.63671875,-73.51029812,-73.51029812,8,6637,5502,1,1,1,0,0,1,432.780245,101.910458,411.0566839,0.000122112991,0,114.7510484,10,10,0.002310641513,0.002310641513,0.8069800993
7124,0.005859375,0.638671875,-156.2165537,117.8285744,9,6639,6637,0,0,0,0,0,0,1065.05842,193.5495296,1041.318916,2.140496161e-05,0,0,10,5,0.0009389156322,0.0009389156307,1.510393558
7125,0.02734375,0.578125,-444.6235435,-325.8852051,8,4363,6904,0,0,0,0,0,0,697.7532201,4.451712302,642.9692012,0.000122112991,0,0,35,20,0.001433171458,0.001433171454,3.737845484
7126,0.0234375,0.57421875,-541.5573647,-410.8831908,8,6904,5889,0,0,0,0,0,0,3113.759427,21.91375764,2255.970636,0.000122112991,0,0,14,4,0.0003211551899,0.0003211551859,2.040005815
7127,0.01953125,0.578125,-513.6558706,-513.6558706,8,6904,4359,1,0,0,0,0,1,8684.168146,0,0,0,0,0,24,13,0.0001151520771,0.000115152075,0.8690474853
7128,0.0234375,0.58203125,-520.3669963,-407.5092602,8,6904,5888,0,0,0,0,0,0,339.1900328,3.678695018,325.6997106,0.000122112991,0,0,41,25,0.002948199839,0.002948199833,6.099197926
7129,0.021484375,0.583984375,-558.2387227,-385.8088798,9,5888,6913,0,0,0,0,0,0,650.2427,101.3424543,641.3165863,2.140496161e-05,0,0,17,10,0.001537887315,0.001537887311,1.987874083
7130,0.021484375,0.580078125,-568.8339069,-424.1041596,9,6913,6904,0,0,0,0,0,0,1133.951593,-46.05880662,1107.080328,2.140496161e-05,0,0,16,9,0.0008818718598,0.0008818718577,4.080134098
7131,0.017578125,0.580078125,-329.5066908,-329.5066908,9,6913,4359,1,1,1,0,0,1,2409.037094,256.2188593,2290.905737,2.140496161e-05,0,202.0541472,17,17,0.0004151036124,0.0004151036124,1.17480116
7132,0.017578125,0.583984375,-368.6058046,-368.6058046,9,6913,5892,1,0,0,0,0,1,642.1886043,0,0,0,0,0,53,29,0.001557174938,0.001557174935,2.312286828
7133,0.5859375,0.5,144.9175061,130.4413921,7,3734,4309,0,0,0,0,0,0,51.78346823,-39.81639822,51.62250068,6.021548133e-05,0,0,23,14,0.0193111824,0.01931118239,1.481103462
7134,0.578125,0.4921875,129.2134058,186.1754972,7,4309,4041,0,0,0,0,0,0,20.99236586,9.207372552,20.96586363,6.021548133e-05,0,0,6,5,0.0476363649,0.0476363649,0.536518456
7135,0.5703125,0.5,112.6275343,214.4592338,7,4309,3458,0,0,0,0,0,0,6.731843573,57.15039746,6.729115851,6.021548133e-05,0,0,153,83,0.1485477179,0.1485477179,2.728676348
7136,0.5859375,0.5234375,165.5177785,124.3198085,7,3595,4313,0,0,0,0,0,0,32.6498852,-43.85575788,32.58582055,6.021548133e-05,0,0,185,79,0.03062797905,0.03062797902,3.912213109
7137,0.5859375,0.5078125,151.7842636,147.993303,7,4313,3734,0,0,0,0,0,0,42.16675117,19.44829874,42.05995711,6.021548133e-05,0,0,196,90,0.02371536749,0.02371536746,7.285000061
7138,0.5703125,0.5078125,119.4942917,123.4941516,7,4313,3458,0,0,0,0,0,0,2.552262477,7.898101302,2.551870291,6.021548133e-05,0,0,1173,600,0.3918092316,0.3918092313,28.19135175
7139,0.5703125,0.5234375,198.0716948,213.1946036,7,4313,3737,0,0,0,0,0,0,5.922219977,8.283777125,5.920108811,6.021548133e-05,0,0,1037,524,0.1688555987,0.1688555986,50.41567533
7140,0.578125,0.5078125,135.6392777,182.2197561,7,4309,4313,0,0,0,0,0,0,8.656508923,-1.378838304,8.651999017,6.021548133e-05,0,0,169,91,0.1155200103,0.1155200103,2.56941646
7141,0.58203125,0.48828125,137.5063416,137.5063416,8,4041,6654,0,0,0,0,0,0,1e+300,0,1e+300,0,0,0,0,0,0,0,0
7142,0.58203125,0.49609375,137.065456,234.2320763,8,6654,4309,0,0,0,0,0,0,79.22216389,-23.13514927,78.46310744,0.000122112991,0,0,1,1,0.01262273019,0.01262273019,0.7897191709
7143,0.58984375,0.49609375,153.2104419,191.4682524,8,6654,3734,0,0,0,0,0,0,357.2712465,-10.8453831,342.3359963,0.000122112991,0,0,2,1,0.00279899379,0.002798993789,0.1751141807
7144,0.6015625,0.4765625,157.2342022,133.8720463,7,3580,4042,0,0,0,0,0,0,3065.422919,-32.67768081,2587.759044,6.021548133e-05,0,0,9,4,0.0003262192612,0.0003262192582,0.7084453627
7145,0.6015625,0.4921875,156.352431,180.9891021,7,4042,3734,0,0,0,0,0,0,2661.395662,40.80899773,2293.797973,6.021548133e-05,0,0,6,3,0.0003757427031,0.0003757427029,1.807319548
7146,0.6171875,0.4921875,146.0505378,121.2796578,7,4042,3310,0,0,0,0,0,0,2628.417194,-42.48263226,2269.258465,6.021548133e-05,0,0,8,6,0.0003804571063,0.0003804571056,1.492402802
7147,0.6171875,0.4765625,169.208665,115.8418071,7,4042,3576,0,0,0,0,0,0,1864.38309,-50.02521775,1676.204457,6.021548133e-05,0,0,8,5,0.0005363704517,0.00053637045,3.38589363
7148,0.59375,0.4921875,161.5033777,90.04563929,7,3734,4308,0,0,0,0,0,0,16538.25704,-38.34337225,8286.284824,6.021548133e-05,0,0,5,1,6.046586396e-05,6.046586256e-05,0.2657795218
7149,0.6015625,0.484375,156.7933166,135.2358126,7,4308,4042,0,0,0,0,0,0,1703.628196,-18.12910317,1545.12216,6.021548133e-05,0,0,11,4,0.0005869825368,0.0005869825341,1.307390046
7150,0.59375,0.4765625,162.3851489,122.8896825,7,4308,3580,0,0,0,0,0,0,439.5205876,-31.8689517,428.1881832,6.021548133e-05,0,0,13,7,0.002275206278,0.002275206274,5.44428939
7151,0.5859375,0.484375,145.7992773,210.0605003,7,4308,4041,0,0,0,0,0,0,3077.66355,74.96115444,2596.476716,6.021548133e-05,0,0,6,4,0.0003249218063,0.0003249218058,0.7883951352
7152,0.58984375,0.48828125,153.6513275,215.4984468,8,6654,4308,0,0,0,0,0,0,3.348066503e+13,5.19042942e-09,8189.136895,0.000122112991,0,0,1,0,2.986798497e-14,0,0.02986798497
7153,0.005859375,0.630859375,-107.0284995,-6.820712314,9,5502,6635,0,0,0,0,0,0,966.9377485,47.42614244,947.3305957,2.140496161e-05,0,0,6,4,0.001034192741,0.00103419274,2.223901195
7154,0.005859375,0.626953125,-172.6462117,78.18765074,9,6635,5507,0,0,0,0,0,0,3254.633796,108.3133225,3042.665553,2.140496161e-05,0,0,2,2,0.0003072542297,0.0003072542297,1.1213437
7155,0.001953125,0.626953125,-250.0949144,-210.5907705,9,6635,3278,0,0,0,0,0,0,1630.277338,-92.02058482,1575.305442,2.140496161e-05,0,0,5,4,0.0006133925663,0.0006133925653,2.022022122
7156,0.001953125,0.630859375,81.20140004,30.01561871,9,6635,6638,0,0,0,0,0,0,2454.070572,-169.2683934,2331.593623,2.140496161e-05,0,0,9,6,0.000407486244,0.0004074862429,1.085654315
7157,0.18359375,0.140625,-180.5158697,-116.312595,8,4999,6622,0,0,0,0,0,0,14.34014881,19.24870542,14.31508141,0.000122112991,0,0,173,87,0.06973428332,0.0697342833,8.240390969
7158,0.1796875,0.13671875,-161.9679667,-122.0630577,8,6622,6582,0,0,0,0,0,0,295.0309928,9.717347303,284.7714968,0.000122112991,0,0,59,28,0.003389474409,0.003389474405,2.954173295
7159,0.17578125,0.140625,-143.3317751,-143.3317751,8,6622,4539,1,1,1,0,0,1,102.2060551,35.55578698,100.9461774,0.000122112991,0,43.09450266,41,41,0.009784156122,0.009784156122,5.774809642
7160,0.1796875,0.15625,-118.9314809,-118.9314809,7,3993,5000,1,0,0,0,0,1,4.995746441,0,0,0,0,0,649,338,0.2001702872,0.2001702872,0.6543119397
7161,0.171875,0.1484375,-184.8419372,-184.8419372,7,5000,4539,1,0,0,0,0,1,4.331841522,0,0,0,0,0,465,230,0.2308487037,0.2308487037,0.5790891318
7162,0.1640625,0.15625,-159.2936801,-159.2936801,7,5000,3910,1,0,0,0,0,1,19.58165656,0,0,0,0,0,358,183,0.05106820236,0.05106820233,22.82172251
7163,0.171875,0.1640625,-179.6888002,-179.6888002,7,5000,4538,1,1,1,0,0,1,61.62268356,-20.95416163,61.39486927,6.021548133e-05,0,21.28011517,110,110,0.01622779052,0.01622779052,8.708660082
7164,0.17578125,0.14453125,-150.4965543,-150.4965543,8,4539,6581,1,1,1,0,0,1,37.71739996,47.1322767,37.54447815,0.000122112991,0,28.04115771,119,119,0.02651296222,0.02651296222,10.80237663
7165,0.17578125,0.15234375,-149.9861508,-150.184054,8,6581,5000,0,0,0,0,0,0,7.648274335,1.703980732,7.641137866,0.000122112991,0,0,325,165,0.1307484481,0.1307484481,0.3210103551
7166,0.18359375,0.15234375,-127.8920123,-139.8236881,8,6581,3993,0,0,0,0,0,0,6.696869497,-8.117293436,6.691397441,0.000122112991,0,0,570,279,0.1493235011,0.1493235011,45.65259239
7167,0.18359375,0.14453125,-162.9745839,-149.1299708,8,6581,4999,0,0,0,0,0,0,7.454998103,5.168424993,7.448217602,0.000122112991,0,0,506,242,0.1341381964,0.1341381964,40.71215433
7168,0.1796875,0.14453125,-174.0216532,-121.1911916,8,6622,6581,0,0,0,0,0,0,22.09266506,24.73730849,22.0332238,0.000122112991,0,0,194,96,0.04526389175,0.04526389172,8.758034355
7169,0.140625,0.49609375,-101.7944634,-101.7944634,8,5541,6771,0,0,0,0,0,0,1e+300,0,1e+300,0,0,0,0,0,0,0,0
7170,0.14453125,0.4921875,-93.02992404,-93.02992404,8,6771,6373,0,0,0,0,0,0,1e+300,0,1e+300,0,0,0,0,0,0,0,0
7171,0.140625,0.48828125,-97.20254137,-97.20254137,8,6771,4518,0,0,0,0,0,0,1e+300,0,1e+300,0,0,0,0,0,0,0,0
7172,0.125,0.4921875,-135.0393754,-117.4790961,7,3282,5963,0,0,0,0,0,0,526.8671574,19.13021037,510.6659931,6.021548133e-05,0,0,35,14,0.001898011645,0.001898011641,2.982746256
7173,0.1328125,0.484375,-117.5102968,-90.13851186,7,5963,4518,0,0,0,0,0,0,273.3803469,27.20160703,268.9529168,6.021548133e-05,0,0,22,9,0.003657907422,0.003657907417,3.714873593
7174,0.125,0.4765625,-145.188651,-104.2881957,7,5963,4512,0,0,0,0,0,0,129.2748429,42.91810639,128.2762958,6.021548133e-05,0,0,37,19,0.007735457087,0.00773545708,8.831077456
7175,0.1015625,0.4765625,-227.2200953,-274.7051964,7,3717,4650,0,0,0,0,0,0,750.0070246,-51.74933572,717.598803,6.021548133e-05,0,0,9,3,0.001333320845,0.001333320841,1.735432704
7176,0.1015625,0.4921875,-203.0624665,-192.3439958,7,4650,3972,0,0,0,0,0,0,726.1754239,9.244951321,695.7522628,6.021548133e-05,0,0,10,5,0.001377077724,0.00137707772,1.857878715
7177,0.1171875,0.4921875,-162.3831902,-96.36098755,7,4650,3282,0,0,0,0,0,0,529.9172297,65.49817179,513.5308599,6.021548133e-05,0,0,21,10,0.00188708716,0.001887087158,2.73605956
7178,0.1171875,0.4765625,-172.5324658,-133.6329232,7,4650,4512,0,0,0,0,0,0,623.1338494,38.82323176,600.5980272,6.021548133e-05,0,0,25,12,0.001604791653,0.001604791649,2.251151369
7179,0.1171875,0.484375,-167.457828,-184.7602519,7,5963,4650,0,0,0,0,0,0,280.4141342,-17.60259473,275.7578873,6.021548133e-05,0,0,29,16,0.003566154049,0.003566154042,5.750258712
7180,0.13671875,0.48828125,-103.6711197,-102.4070271,8,4518,6372,0,0,0,0,0,0,7.853592354e+11,1.831621432e-07,8189.136811,0.000122112991,0,0,2,0,1.273302656e-12,0,1.273302656
7181,0.12890625,0.48828125,-126.2748361,-29.74402847,8,6372,5963,0,0,0,0,0,0,604.7366734,97.23068421,563.150171,0.000122112991,0,0,25,8,0.001653612298,0.001653612291,2.674887301
7182,0.12890625,0.49609375,-121.2001983,-157.2865799,8,6372,3282,0,0,0,0,0,0,259.7972622,-35.61036507,251.8087258,0.000122112991,0,0,38,19,0.003849155267,0.003849155259,4.081793115
7183,0.13671875,0.49609375,-108.6397278,-108.6397278,8,6372,5541,1,0,0,0,0,1,1e+300,0,0,0,0,0,0,0,0,0,0
7184,0.13671875,0.4921875,-105.9670807,-105.9670807,8,6771,6372,0,0,0,0,0,0,1e+300,0,1e+300,0,0,0,0,0,0,0,0
7185,0.00390625,0.59375,-150.639969,-150.639969,8,3863,5885,1,0,0,0,0,1,419.8969402,0,0,0,0,0,47,20,0.002381536764,0.002381536759,2.117129276
7186,0.0078125,0.59765625,-275.7717402,-275.7717402,8,5885,5511,1,1,1,0,0,1,527.7397122,111.9167725,495.789137,0.000122112991,0,62.81560494,38,38,0.001894873508,0.001894873508,3.703638778
7187,0.01171875,0.59375,-336.692499,-365.7057073,8,5885,4642,0,0,0,0,0,0,259.6317271,27.68613768,251.6532113,0.000122112991,0,0,96,50,0.003851609397,0.003851609393,3.968856492
7188,0.0078125,0.58984375,-370.0267601,-370.0267601,8,5885,5891,1,0,0,0,0,1,191.1750206,0,0,0,0,0,110,56,0.005230808905,0.005230808895,8.409094428
7189,0.005859375,0.599609375,-326.4674533,-325.7511856,9,5511,6642,0,0,0,0,0,0,163.9454025,23.4067568,163.3720898,2.140496161e-05,0,0,30,17,0.006099591599,0.006099591596,4.560353751
7190,0.005859375,0.595703125,-236.1347859,-334.8379223,9,6642,5885,0,0,0,0,0,0,331.77324,30.89362501,329.4337355,2.140496161e-05,0,0,21,12,0.003014106864,0.003014106861,4.216222835
7191,0.001953125,0.595703125,-247.0628782,-247.0628782,9,6642,3863,1,1,1,0,0,1,769.3348144,-134.9664076,756.8709786,2.140496161e-05,0,76.60759479,7,7,0.001299824187,0.001299824187,0.8252809792
7192,0,0.60546875,35.61614846,-8.170625109,8,4641,5864,0,0,0,0,0,0,329.9197567,9.582594101,317.1428672,0.000122112991,0,0,31,14,0.003031040063,0.003031040058,3.810406568
7193,0.00390625,0.6015625,-205.7729194,-225.3320066,8,5864,5511,0,0,0,0,0,0,186.6145739,-51.02302374,182.4567381,0.000122112991,0,0,55,27,0.005358638285,0.005358638279,5.461147149
7194,0,0.59765625,62.73674011,62.73674011,8,5864,3863,1,0,0,0,0,1,320.3163594,0,0,0,0,0,42,20,0.003121913604,0.003121913598,7.291786182
7195,0.001953125,0.599609375,-112.0319034,-153.7863614,9,6642,5864,0,0,0,0,0,0,204.8883771,-1.433948629,203.9937365,2.140496161e-05,0,0,41,22,0.004880706334,0.004880706328,4.732795642
7196,0.021484375,0.587890625,-485.8508346,-485.8508346,9,5888,6914,1,0,0,0,0,1,3759.745851,0,0,0,0,0,16,7,0.0002659754248,0.0002659754233,1.294561412
7197,0.017578125,0.587890625,-367.3012198,-367.3012198,9,6914,5892,1,0,0,0,0,1,360.3130224,0,0,0,0,0,40,22,0.00277536458,0.002775364576,3.890427348
7198,0.017578125,0.591796875,-416.9684925,-416.9684925,9,6914,4642,1,0,0,0,0,1,1674.534957,0,0,0,0,0,83,38,0.0005971807253,0.0005971807208,1.927849243
7199,0.01953125,0.59375,-365.7352683,-365.7352683,8,4642,5887,1,0,0,0,0,1,247.4238835,0,0,0,0,0,107,58,0.004041647014,0.004041647001,8.327786259
7200,0.0234375,0.59765625,-352.3322447,-343.7860546,8,5887,5510,0,0,0,0,0,0,515.130979,-7.262368015,484.6447935,0.000122112991,0,0,60,28,0.001941253857,0.001941253853,2.917310432
7201,0.02734375,0.59375,-345.3885931,-329.4869976,8,5887,3862,0,0,0,0,0,0,366.7278322,2.673899966,351.0088713,0.000122112991,0,0,74,41,0.002726817853,0.002726817848,4.362321207
7202,0.0234375,0.58984375,-434.6176104,-434.6176104,8,5887,5888,1,0,0,0,0,1,40.70846767,0,0,0,0,0,76,34,0.02456491382,0.02456491381,0.2953111328
7203,0.021484375,0.591796875,-423.3399272,-376.4181473,9,6914,5887,0,0,0,0,0,0,673.005843,23.75978919,663.4484277,2.140496161e-05,0,0,49,22,0.001485871201,0.001485871194,5.227987358
7204,0.017578125,0.5859375,-576.6318182,-576.6318182,9,5892,6916,1,1,1,0,0,1,1309.899998,-246.3693182,1274.174242,2.140496161e-05,0,87.28464064,21,21,0.0007634170557,0.0007634170557,1.514068099
7205,0.01953125,0.587890625,-414.3698898,-414.3698898,9,6916,6914,1,0,0,0,0,1,858.8549217,0,0,0,0,0,33,18,0.001164341002,0.001164340998,4.276603831
7206,0.021484375,0.5859375,-439.6513595,-336.7882366,9,6916,5888,0,0,0,0,0,0,15505.78741,112.0185583,11641.8487,2.140496161e-05,0,0,5,2,6.449204892e-05,6.449204875e-05,0.5001545368
7207,0.01953125,0.583984375,-410.8302644,-409.1960698,9,6916,6913,0,0,0,0,0,0,2055.203178,6.468122865,1968.601362,2.140496161e-05,0,0,15,10,0.0004865698977,0.0004865698957,3.167743362
7208,0.181640625,0.134765625,-141.6469459,-168.6192311,9,6582,6630,0,0,0,0,0,0,64.94620087,-27.13102187,64.85603989,2.140496161e-05,0,0,61,33,0.01539735945,0.01539735944,11.7236562
7209,0.181640625,0.138671875,-131.4134155,-132.7090738,9,6630,6622,0,0,0,0,0,0,41.71772841,4.190135168,41.68050912,2.140496161e-05,0,0,84,47,0.02397062443,0.02397062442,12.19109795
7210,0.185546875,0.138671875,-160.194849,-146.0086993,9,6630,4999,0,0,0,0,0,0,28.55592943,-0.7395945921,28.53848561,2.140496161e-05,0,0,79,44,0.03501899675,0.03501899674,15.9071051
7211,0.1875,0.12890625,-90.51318686,-90.51318686,8,3368,6621,1,1,1,0,0,1,292.1997341,156.7524974,282.1328438,0.000122112991,0,75.17402041,13,13,0.003422316598,0.003422316598,1.759655427
7212,0.18359375,0.1328125,-168.4621832,-86.597385,8,6621,6582,0,0,0,0,0,0,93.53826559,87.99367659,92.4819152,0.000122112991,0,0,60,33,0.01069081187,0.01069081187,2.560935048
7213,0.1875,0.13671875,-187.0100863,-149.0623258,8,6621,4999,0,0,0,0,0,0,119.3036015,29.30963118,117.5904823,0.000122112991,0,0,43,23,0.008381976631,0.008381976629,3.243739083
7214,0.2109375,0.125,-204.7625132,-130.9628366,7,3990,4467,0,0,0,0,0,0,16272.80264,50.97749682,8219.107554,6.021548133e-05,0,0,1,1,6.145222936e-05,6.145222936e-05,0.1088629651
7215,0.203125,0.1171875,-201.0985478,-195.582253,7,4467,4462,0,0,0,0,0,0,1.940052461e+13,7.555632919e-07,16607.02492,6.021548133e-05,0,0,1,0,5.154499788e-14,0,0.05154499788
7216,0.1953125,0.125,-248.4091252,-248.4091252,7,4467,3368,1,0,0,0,0,1,6.164117458e+12,0,0,0,0,0,2,0,1.622292253e-13,0,0.1622292253
7217,0.203125,0.1328125,-174.8645394,-244.8536959,7,4467,4471,0,0,0,0,0,0,22763.20014,-59.95794826,9601.901733,6.021548133e-05,0,0,1,1,4.393055431e-05,4.393055431e-05,0.07782322057
7218,0.19921875,0.13671875,-159.9155524,-186.3734548,8,4471,6626,0,0,0,0,0,0,7.950694444e+13,-3.018692496e-08,8189.136896,0.000122112991,0,0,1,0,1.257751769e-14,0,0.01257751769
7219,0.19921875,0.12890625,-201.4373365,-201.4373365,8,6626,4467,0,0,0,0,0,0,1e+300,-1.434203199e-06,31611.16331,0,0,0,0,0,0,0,0
7220,0.19140625,0.12890625,-249.8976162,-249.8976162,8,6626,3368,1,0,0,0,0,1,1415.7335,0,0,0,0,0,7,4,0.0007063476284,0.0007063476275,0.4677273796
7221,0.19140625,0.13671875,-181.0309601,-181.0309601,8,6626,4999,1,0,0,0,0,1,330.3994768,0,0,0,0,0,26,11,0.003026639175,0.003026639173,1.719150572
7222,0.19140625,0.1328125,-93.99074066,-93.99074066,8,6621,6626,1,1,1,0,0,1,1549.275952,113.7002351,1460.026279,3.163439402e-05,0,94.33950887,5,5,0.0006454628041,0.0006454628041,0.3222690873
7223,0.185546875,0.134765625,-177.7361348,-157.9408495,9,6630,6621,0,0,0,0,0,0,38.62079246,21.76901613,38.58889193,2.140496161e-05,0,0,56,30,0.02589278822,0.02589278821,11.59947026
7224,0.34765625,0.453125,40.22101874,88.74144147,8,6176,6881,0,0,0,0,0,0,3840.534157,-21.51156931,2614.423938,0.000122112991,0,0,1,1,0.0002603804468,0.0002603804468,0.551600259
7225,0.3515625,0.45703125,82.37612159,226.973382,8,6881,6170,0,0,0,0,0,0,5097.158221,98.66866069,3141.682921,0.000122112991,0,0,2,2,0.0001961877495,0.0001961877495,0.3326252156
7226,0.35546875,0.453125,80.95340245,92.49092089,8,6881,4239,0,0,0,0,0,0,3192.190095,-51.58972848,2296.857098,0.000122112991,0,0,1,1,0.000313264552,0.000313264552,0.5104257854
7227,0.3515625,0.4140625,84.61182684,105.7283019,7,3881,4909,0,0,0,0,0,0,31.13234399,20.83516146,31.07409098,6.021548133e-05,0,0,172,89,0.03212093507,0.03212093504,1.62810604
7228,0.3515625,0.4296875,93.65385741,123.8320381,7,4909,3885,0,0,0,0,0,0,44.29191218,29.80977714,44.17409727,6.021548133e-05,0,0,100,50,0.02257748538,0.02257748537,0.7613537403
7229,0.3671875,0.4296875,101.0231922,89.48533474,7,4909,3409,0,0,0,0,0,0,249.145932,-12.02083648,245.4633818,6.021548133e-05,0,0,39,17,0.004013711932,0.004013711926,4.231617425
7230,0.3671875,0.4140625,82.17467144,85.71449349,7,4909,3880,0,0,0,0,0,0,60.58330513,3.546465997,60.36309736,6.021548133e-05,0,0,126,62,0.01650619751,0.01650619748,16.14602595
7231,0.3671875,0.4375,105.5442075,75.06368879,7,3409,6173,0,0,0,0,0,0,1340.721848,-31.00704274,1240.568046,6.021548133e-05,0,0,27,14,0.0007458668639,0.0007458668612,4.123621398
7232,0.359375,0.4296875,97.3385248,47.04901956,7,6173,4909,0,0,0,0,0,0,945.908448,-50.71519656,894.9344727,6.021548133e-05,0,0,29,14,0.001057184765,0.001057184758,6.384315303
7233,0.3515625,0.4375,98.17487269,67.78929634,7,6173,3885,0,0,0,0,0,0,1278.039786,-30.79752496,1186.712988,6.021548133e-05,0,0,52,24,0.0007824482545,0.00078244825,2.684793398
7234,0.359375,0.4453125,101.5895672,104.6951398,7,6173,4239,0,0,0,0,0,0,1022.416107,9.548973658,963.1212781,6.021548133e-05,0,0,44,20,0.0009780753577,0.0009780753517,4.107106822
7235,0.35546875,0.44921875,99.61224706,80.94631462,8,4239,6177,0,0,0,0,0,0,1329.869024,-8.737568811,1144.077394,0.000122112991,0,0,24,10,0.0007519537505,0.0007519537466,2.542720811
7236,0.35546875,0.44140625,99.88221994,112.3339429,8,6177,6173,0,0,0,0,0,0,460.37063,15.46744916,435.8673717,0.000122112991,0,0,54,24,0.002172162894,0.002172162882,6.893216491
7237,0.34765625,0.44140625,96.19755256,111.2269556,8,6177,3885,0,0,0,0,0,0,360.5224081,18.10241703,345.3198834,0.000122112991,0,0,54,27,0.002773752692,0.002773752685,6.374735078
7238,0.34765625,0.44921875,58.87986335,44.31114067,8,6177,6176,0,0,0,0,0,0,991.2834593,-11.54510418,884.2466507,0.000122112991,0,0,24,13,0.001008793187,0.001008793185,2.123643716
7239,0.3515625,0.44921875,79.2460552,79.2460552,8,6881,6177,0,0,0,0,0,0,1e+300,0,1e+300,0,0,0,0,0,0,0,0
7240,0.15625,0.12890625,-183.0112465,-209.6077168,8,3992,6939,0,0,0,0,0,0,209.9718982,-36.3815525,204.7227463,0.000122112991,0,0,7,4,0.004762542076,0.004762542075,0.8293784918
7241,0.15234375,0.1328125,-226.9101915,-144.6757208,8,6939,5148,0,0,0,0,0,0,247.6281047,68.66476518,240.3599542,0.000122112991,0,0,14,8,0.00403831383,0.004038313828,1.863832869
7242,0.15625,0.13671875,-184.3452364,-203.6688857,8,6939,4659,0,0,0,0,0,0,65.81093636,-28.65769573,65.28627171,0.000122112991,0,0,25,15,0.01519504288,0.01519504288,3.612456253
7243,0.16796875,0.13671875,-205.828871,-181.4151205,8,4539,6583,0,0,0,0,0,0,62.62240487,34.60629008,62.14716493,0.000122112991,0,0,118,55,0.0159687256,0.01596872559,4.520503045
7244,0.16796875,0.12890625,-179.4446589,-171.7882869,8,6583,4656,0,0,0,0,0,0,65.76731808,5.843269487,65.24334591,0.000122112991,0,0,74,30,0.01520512055,0.01520512054,6.624098711
7245,0.16015625,0.12890625,-190.172458,-221.9641163,8,6583,3992,0,0,0,0,0,0,341.7615593,-35.06787843,328.0700397,0.000122112991,0,0,34,15,0.002926016613,0.00292601661,1.270004052
7246,0.16015625,0.13671875,-191.5064479,-202.3290186,8,6583,4659,0,0,0,0,0,0,73.27920357,-13.6477551,72.62929178,0.000122112991,0,0,52,28,0.01364643652,0.01364643652,2.703658143
7247,0.16015625,0.1328125,-190.839453,-223.4246881,8,6939,6583,0,0,0,0,0,0,80.97949456,-35.63593746,80.18655789,0.000122112991,0,0,18,10,0.01234880516,0.01234880515,2.228685611
7248,0.150390625,0.130859375,-248.1926691,-269.3649541,9,5148,6945,0,0,0,0,0,0,872.9963889,67.70527938,856.982426,2.140496161e-05,0,0,4,1,0.00114548011,0.00114548011,0.3362623741
7249,0.154296875,0.130859375,-204.960719,-231.2783988,9,6945,6939,0,0,0,0,0,0,137.0976623,66.57002582,136.6965168,2.140496161e-05,0,0,6,3,0.007294070395,0.007294070394,1.395176023
7250,0.154296875,0.126953125,-204.2937241,-259.3544268,9,6945,3992,0,0,0,0,0,0,326.399123,37.60148499,324.1345373,2.140496161e-05,0,0,3,2,0.003063733723,0.003063733722,0.5250286028
7251,0.14453125,0.11328125,-244.7399778,-266.293846,8,4652,5119,0,0,0,0,0,0,2321.571052,-17.11513294,1808.789974,0.000122112991,0,0,2,2,0.0004307427933,0.0004307427933,0.5838320181
7252,0.14453125,0.12109375,-283.2985192,-283.2985192,8,5119,4658,0,0,0,0,0,0,1e+300,0,1e+300,0,0,0,0,0,0,0,0
7253,0.15234375,0.12109375,-203.142827,-197.9486721,8,5119,3992,0,0,0,0,0,0,7.613525136e+12,-1.78690641e-07,8189.136888,0.000122112991,0,0,1,0,1.313452024e-13,0,0.1313452024
7254,0.15234375,0.11328125,-233.9801433,-252.2952063,8,5119,4657,0,0,0,0,0,0,1045.857135,-23.42594846,927.4144874,0.000122112991,0,0,3,2,0.0009561535377,0.0009561535368,1.21400602
7255,0.15234375,0.125,-222.4220977,-222.4220977,8,3992,5134,0,0,0,0,0,0,1e+300,2.841566413e-07,17651.93475,0,0,0,0,0,0,0,0
7256,0.1484375,0.12109375,-243.2206731,-243.2206731,8,5134,5119,0,0,0,0,0,0,1e+300,0,1e+300,0,0,0,0,0,0,0,0
7257,0.14453125,0.125,-302.5777898,-302.5777898,8,5134,4658,0,0,0,0,0,0,1e+300,0,1e+300,0,0,0,0,0,0,0,0
7258,0.1484375,0.12890625,-266.3210427,-247.2755034,8,5134,5148,0,0,0,0,0,0,1.041344855e+13,6.837325373e-07,8189.13689,0.000122112991,0,0,1,0,9.602966736e-14,0,0.09602966736
7259,0.150390625,0.126953125,-244.3715702,-331.7834362,9,6945,5134,0,0,0,0,0,0,4.20830283e+12,6.391806266e-06,46718.1398,2.140496161e-05,0,0,1,0,2.376254848e-13,0,0.2376254848
7260,0.015625,0.591796875,-382.7038981,-254.0445706,9,4642,6915,0,0,0,0,0,0,4069.514724,146.1320965,3743.432528,2.140496161e-05,0,0,28,10,0.0002457295446,0.0002457295418,1.631532947
7261,0.017578125,0.58984375,-434.6196592,-434.6196592,9,6915,6914,1,0,0,0,0,1,9861.063747,0,0,0,0,0,21,6,0.0001014089378,0.0001014089363,0.3627748854
7262,0.015625,0.587890625,-280.4279673,-492.3007363,9,6915,5892,0,0,0,0,0,0,10654.11173,-141.786979,8675.627488,2.140496161e-05,0,0,20,12,9.386047612e-05,9.38604755e-05,0.3672177989
7263,0.009765625,0.587890625,-513.0116009,-513.0116009,9,5891,6886,1,1,1,0,0,1,762.7841096,-165.5268874,750.5299318,2.140496161e-05,0,46.67255589,52,52,0.001310986933,0.001310986933,2.378746619
7264,0.009765625,0.591796875,-407.4397374,-379.6103237,9,6886,5885,0,0,0,0,0,0,224.187615,2.100355544,223.1169376,2.140496161e-05,0,0,77,38,0.004460549706,0.004460549697,8.350274869
7265,0.013671875,0.591796875,-469.5859959,-368.7827749,9,6886,4642,0,0,0,0,0,0,265.8626992,2.058027068,264.358294,2.140496161e-05,0,0,60,28,0.003761339982,0.003761339971,9.111334159
7266,0.013671875,0.587890625,-411.3440076,-411.3440076,9,6886,5892,1,1,1,0,0,1,489.0830734,-90.16476686,484.0160035,2.140496161e-05,0,67.36376106,15,15,0.002044642422,0.002044642422,4.790991763
7267,0.013671875,0.58984375,-418.4480305,-359.8229779,9,6915,6886,0,0,0,0,0,0,1745.343554,28.67252341,1682.487484,2.140496161e-05,0,0,23,9,0.0005729531002,0.0005729530929,3.763290216
7268,0.56640625,0.453125,145.5300414,145.5300414,8,4961,6645,0,0,0,0,0,0,1e+300,0,1e+300,0,0,0,0,0,0,0,0
7269,0.5703125,0.45703125,149.061257,149.061257,8,6645,6514,0,0,0,0,0,0,1e+300,0,1e+300,0,0,0,0,0,0,0,0
7270,0.57421875,0.453125,147.6441286,147.6441286,8,6645,4040,0,0,0,0,0,0,1e+300,0,1e+300,0,0,0,0,0,0,0,0
7271,0.56640625,0.44140625,138.1075255,130.3716259,8,3428,6513,0,0,0,0,0,0,3.884076542,-7.97655008,3.882235212,0.000122112991,0,0,902,445,0.2574614556,0.2574614555,23.86862528
7272,0.56640625,0.44921875,145.2926494,145.2926494,8,6513,4961,1,0,0,0,0,1,1e+300,0,0,0,0,0,0,0,0,0,0
7273,0.57421875,0.44921875,145.1699566,120.8105668,8,6513,4040,0,0,0,0,0,0,15.95686189,-25.99340047,15.92582977,0.000122112991,0,0,190,95,0.06266896379,0.06266896377,8.225457848
7274,0.5703125,0.4296875,136.8912759,146.0711435,7,3428,4105,0,0,0,0,0,0,10.25776947,9.464645479,10.2514374,6.021548133e-05,0,0,9,5,0.09748708071,0.09748708071,0.3775860564
7275,0.5859375,0.4296875,102.2518881,115.4950228,7,4105,3583,0,0,0,0,0,0,1531.802469,13.76840716,1402.443567,6.021548133e-05,0,0,4,2,0.0006528256875,0.0006528256872,0.3494315341
7276,0.5859375,0.4140625,141.5212077,155.0623648,7,4105,3581,0,0,0,0,0,0,492.5425707,13.48343128,478.3551836,6.021548133e-05,0,0,3,2,0.002030281359,0.002030281359,1.031372032
7277,0.5625,0.390625,92.3566709,101.7403724,6,3432,3766,0,0,0,0,0,0,154.9412296,9.537358763,150.4637201,0.000192060352,0,0,2,2,0.006454060051,0.006454060051,0.5060926045
7278,0.546875,0.40625,116.6979913,95.48813205,6,3766,3582,0,0,0,0,0,0,1018.604559,-20.99204164,851.9370831,0.000192060352,0,0,10,7,0.0009817352484,0.0009817352464,2.588148122
7279,0.5625,0.421875,120.5030969,130.4103546,6,3766,3428,0,0,0,0,0,0,4.033966115,10.26249655,4.030843159,0.000192060352,0,0,13,7,0.2478949925,0.2478949925,0.9526213961
7280,0.578125,0.40625,125.1330288,136.4921955,6,3766,3581,0,0,0,0,0,0,43.48402298,11.37190201,43.12387152,0.000192060352,0,0,3,3,0.02299695225,0.02299695225,1.263538599
7281,0.5703125,0.4140625,122.8180629,127.2984453,7,4105,3766,0,0,0,0,0,0,9.982136512,4.664369473,9.976140062,6.021548133e-05,0,0,7,5,0.1001789546,0.1001789546,0.3857899188
7282,0.5859375,0.4375,82.61722825,91.57904646,7,3583,4111,0,0,0,0,0,0,62355.18901,9.778589808,13114.30021,6.021548133e-05,0,0,4,1,1.603715771e-05,1.603715586e-05,0.02167130297
7283,0.578125,0.4296875,119.571582,116.0980259,7,4111,4105,0,0,0,0,0,0,76.09646234,-3.06853094,75.74936473,6.021548133e-05,0,0,5,2,0.01314121536,0.01314121536,0.108066972
7284,0.5703125,0.4375,117.256616,93.4205257,7,4111,3428,0,0,0,0,0,0,16.15357779,-23.25981338,16.13788055,6.021548133e-05,0,0,376,187,0.06190579035,0.06190579034,1.188033736
7285,0.578125,0.4453125,124.3190472,105.4355077,7,4111,4040,0,0,0,0,0,0,140.9859626,-19.7006227,139.7991326,6.021548133e-05,0,0,192,95,0.007092904724,0.007092904721,0.8464975187
7286,0.57421875,0.44140625,120.7878316,124.659775,8,6513,4111,0,0,0,0,0,0,4.364705176,3.751540303,4.362380084,0.000122112991,0,0,563,281,0.2291105492,0.2291105491,25.64757811
7287,0.5703125,0.44921875,144.112913,144.112913,8,6645,6513,0,0,0,0,0,0,1e+300,0,1e+300,0,0,0,0,0,0,0,0
7288,0.029296875,0.595703125,-319.3759954,-336.6314889,9,3862,6780,0,0,0,0,0,0,68.36060372,23.00487406,68.2607208,2.140496161e-05,0,0,115,64,0.01462830849,0.01462830847,20.4436492
7289,0.025390625,0.595703125,-348.8604189,-355.0215663,9,6780,5887,0,0,0,0,0,0,201.9221789,21.40182009,201.0531995,2.140496161e-05,0,0,67,35,0.004952402978,0.004952402968,10.46152599
7290,0.025390625,0.599609375,-326.319647,-390.3863996,9,6780,5510,0,0,0,0,0,0,312.3699299,-26.38724758,310.2952135,2.140496161e-05,0,0,66,27,0.003201332472,0.003201332458,6.732266675
7291,0.03125,0.60546875,-346.3293056,-332.3284624,8,4970,5915,0,0,0,0,0,0,94.31968621,-1.254864107,93.24571388,0.000122112991,0,0,135,65,0.01060224053,0.01060224051,18.60895928
7292,0.03515625,0.6015625,-310.4885173,-330.7399537,8,5915,5905,0,0,0,0,0,0,122.8272435,-3.183582599,121.0122054,0.000122112991,0,0,115,59,0.008141516258,0.008141516241,14.19147717
7293,0.03125,0.59765625,-326.0458816,-327.2501526,8,5915,3862,0,0,0,0,0,0,102.8318037,-6.64303703,101.556548,0.000122112991,0,0,126,70,0.009724617913,0.009724617901,15.37800389
7294,0.02734375,0.6015625,-332.9895332,-338.7334245,8,5915,5510,0,0,0,0,0,0,209.9356449,-13.76351986,204.6882828,0.000122112991,0,0,108,48,0.004763364508,0.004763364494,8.155303325
7295,0.029296875,0.599609375,-329.5177074,-339.9769866,9,6780,5915,0,0,0,0,0,0,105.0660315,24.89261774,104.8302751,2.140496161e-05,0,0,114,56,0.009517824036,0.009517824015,14.48834588
7296,0.00390625,0.5625,-445.8543908,-445.8543908,8,3341,6617,1,0,0,0,0,1,1956.711227,0,0,0,0,0,32,16,0.0005110616151,0.0005110616123,1.552854283
7297,0.0078125,0.56640625,-659.6754831,-659.6754831,8,6617,5890,1,0,0,0,0,1,4843.672898,0,0,0,0,0,29,19,0.0002064548992,0.0002064548976,2.751969909
7298,0.01171875,0.5625,-526.3539423,-497.3830582,8,6617,4362,0,0,0,0,0,0,7547.039749,51.3055195,3927.494147,0.000122112991,0,0,12,6,0.0001325022834,0.0001325022818,0.4460159129
7299,0.0078125,0.55859375,-561.5967837,-648.301255,8,6617,5283,0,0,0,0,0,0,29186.04028,-24.840566,6394.845386,0.000122112991,0,0,8,3,3.426295552e-05,3.426295323e-05,0.1350159744
7300,0.00390625,0.578125,-253.1884159,-253.1884159,8,4643,6733,1,0,0,0,0,1,45.42014307,0,0,0,0,0,70,32,0.02201666337,0.02201666336,0.3365891741
7301,0.0078125,0.58203125,-373.1642681,-373.1642681,8,6733,5891,1,0,0,0,0,1,420.7699317,0,0,0,0,0,56,25,0.002376595675,0.00237659567,4.061070648
7302,0.01171875,0.578125,-446.4086723,-446.4086723,8,6733,4359,1,1,1,0,0,1,1070.957915,121.3581802,947.0983967,0.000122112991,0,152.1693143,28,28,0.0009337435079,0.0009337435079,4.143967246
7303,0.0078125,0.57421875,-566.4204471,-566.4204471,8,6733,5890,1,0,0,0,0,1,1115.250551,0,0,0,0,0,60,30,0.0008966594985,0.0008966594931,0.06279918156
7304,0.005859375,0.583984375,-330.9716652,-330.9716652,9,5891,6884,1,1,1,0,0,1,396.481771,329.5874872,393.1452729,2.140496161e-05,0,65.91816035,22,22,0.002522184053,0.002522184053,5.843571135
7305,0.005859375,0.580078125,-401.8179072,-401.8179072,9,6884,6733,1,1,1,0,0,1,615.8642581,296.1014426,607.8512268,2.140496161e-05,0,296.0411623,13,13,0.00162373443,0.00162373443,4.452965053
7306,0.001953125,0.580078125,-540.4825773,-540.4825773,9,6884,4643,1,0,0,0,0,1,58.38938575,0,0,0,0,0,85,39,0.01712640041,0.01712640041,0.2271007508
7307,0,0.58984375,-11.21283921,-11.21283921,8,3863,6732,1,0,0,0,0,1,285.944218,0,0,0,0,0,35,19,0.003497185594,0.003497185591,3.522931996
7308,0.00390625,0.5859375,-441.8137894,-441.8137894,8,6732,5891,1,1,1,0,0,1,313.9888847,-218.075474,402.9241284,0.000122112991,0,82.80294801,54,54,0.003184826116,0.003184826116,6.357814507
7309,0,0.58203125,-110.6237781,-110.6237781,8,6732,4643,1,0,0,0,0,1,76.35523819,0,0,0,0,0,53,24,0.01309667842,0.01309667841,8.134339539
7310,0.001953125,0.583984375,-111.5147483,-111.5147483,9,6884,6732,1,1,1,0,0,1,487.1697049,443.8897684,482.1420001,2.140496161e-05,0,48.97603176,15,15,0.002052672796,0.002052672796,2.834864144
7311,0.17578125,0.08203125,-208.8238552,-139.7306591,8,4654,7042,0,0,0,0,0,0,25.77789887,70.73814889,25.69700941,0.000122112991,0,0,119,57,0.03879292121,0.0387929212,0.226430766
7312,0.17578125,0.08984375,-203.3533152,-193.7888298,8,7042,4846,0,0,0,0,0,0,45.9547624,-6.118516921,45.69831836,0.000122112991,0,0,105,52,0.02176053031,0.0217605303,7.322021832
7313,0.18359375,0.08984375,-186.4951844,-156.557626,8,7042,3991,0,0,0,0,0,0,1.468965235,33.90877476,1.46870178,0.000122112991,0,0,154,79,0.6807513043,0.6807513043,1.328506575
7314,0.1953125,0.0703125,-162.5324591,-162.5324591,7,3324,4461,1,0,0,0,0,1,1e+300,0,0,0,0,0,0,0,0,0,0
7315,0.1953125,0.0859375,-169.965577,-207.5955059,7,4461,3991,0,0,0,0,0,0,24.41396498,-51.47299357,24.37812673,6.021548133e-05,0,0,7,4,0.04096016361,0.04096016361,0.09992648136
7316,0.2109375,0.0859375,-148.2939528,-98.81811949,7,4461,3754,0,0,0,0,0,0,3.30854051,2.197546267,3.307881496,6.021548133e-05,0,0,4,3,0.302248075,0.302248075,0.7104552174
7317,0.234375,0.0625,-152.2607754,-152.2607754,6,3367,3758,0,0,0,0,0,0,1e+300,0,1e+300,0,0,0,0,0,0,0,0
7318,0.21875,0.046875,-183.949972,-183.949972,6,3758,3755,0,0,0,0,0,0,1e+300,0,1e+300,0,0,0,0,0,0,0,0
7319,0.203125,0.0625,-170.7801123,-170.7801123,6,3758,3324,1,0,0,0,0,1,1e+300,0,0,0,0,0,0,0,0,0,0
7320,0.21875,0.078125,-149.616227,-149.616227,6,3758,3754,0,0,0,0,0,0,1e+300,0,1e+300,0,0,0,0,0,0,0,0
7321,0.2109375,0.0703125,-165.9225792,-165.9225792,7,4461,3758,0,0,0,0,0,0,1e+300,0,1e+300,0,0,0,0,0,0,0,0
7322,0.1875,0.0859375,-180.8013891,-114.8296498,7,3991,4845,0,0,0,0,0,0,7.2787957,68.84628576,7.275606829,6.021548133e-05,0,0,81,41,0.1373853645,0.1373853644,0.2822806686
7323,0.1953125,0.078125,-175.4361171,-161.4285296,7,4845,4461,0,0,0,0,0,0,485.9251795,-2.095278986,472.1111054,6.021548133e-05,0,0,3,1,0.00205792999,0.002057929989,0.6028582835
7324,0.1875,0.0703125,-135.4009978,-135.4009978,7,4845,3324,1,1,1,0,0,1,298075.4752,114.1804604,32989.52835,2.691697289e-05,0,218.1496989,1,1,3.354855005e-06,3.354855005e-06,0.004695100253
7325,0.1796875,0.078125,-203.1300599,-183.261103,7,4845,4654,0,0,0,0,0,0,4.890812363,20.41723977,4.88937243,6.021548133e-05,0,0,92,53,0.2044650103,0.2044650103,0.2996202552
7326,0.18359375,0.08203125,-191.9657245,-189.628268,8,7042,4845,0,0,0,0,0,0,1.074109906,4.04887112,1.073969041,0.000122112991,0,0,144,77,0.9310034237,0.9310034237,1.625263208
7327,0.18359375,0.09375,-183.7599144,-164.3191022,8,3991,7049,0,0,0,0,0,0,43.35175408,0.8649120726,43.12346654,0.000122112991,0,0,116,53,0.02306711738,0.02306711737,10.0680225
7328,0.1796875,0.08984375,-194.9242498,-173.8530456,8,7049,7042,0,0,0,0,0,0,25.48191434,1.332172273,25.40286893,0.000122112991,0,0,119,55,0.03924351941,0.03924351938,13.17793066
7329,0.17578125,0.09375,-200.6180451,-184.3124035,8,7049,4846,0,0,0,0,0,0,46.8056152,-21.92447709,46.5396146,0.000122112991,0,0,83,37,0.02136495794,0.02136495792,5.491104248
7330,0.17578125,0.10546875,-224.7317056,-218.5245059,8,4653,6413,0,0,0,0,0,0,44.56203477,25.08908554,44.32085824,0.000122112991,0,0,74,35,0.02244062698,0.02244062697,8.308745376
7331,0.18359375,0.10546875,-207.8735749,-210.4440741,8,6413,4843,0,0,0,0,0,0,134.4998054,16.37784853,132.3264528,0.000122112991,0,0,38,17,0.007434954996,0.007434954987,5.98199844
7332,0.18359375,0.09765625,-191.7978012,-151.3371767,8,6413,3991,0,0,0,0,0,0,222.8615936,50.17748527,216.9572547,0.000122112991,0,0,62,23,0.004487089873,0.004487089865,3.703521089
7333,0.17578125,0.09765625,-208.655932,-169.8483846,8,6413,4846,0,0,0,0,0,0,34.7772135,28.87018941,34.63014793,0.000122112991,0,0,98,48,0.02875446016,0.02875446015,5.254602269
7334,0.1796875,0.09765625,-200.2268666,-162.7904337,8,7049,6413,0,0,0,0,0,0,45.78002924,23.44304536,45.52552624,0.000122112991,0,0,80,35,0.02184358587,0.02184358586,4.825437459
7335,0.005859375,0.587890625,-443.9248962,-300.2032046,9,5891,6885,0,0,0,0,0,0,310.3469082,55.45420075,308.2988899,2.140496161e-05,0,0,39,16,0.00322220062,0.003222200613,3.329927865
7336,0.001953125,0.587890625,-173.9632199,-173.9632199,9,6885,6732,1,1,1,0,0,1,350.7770953,76.50546848,348.1629585,2.140496161e-05,0,52.66815804,22,22,0.002850813276,0.002850813276,4.266885972
7337,0.001953125,0.591796875,-178.1379023,-209.3966787,9,6885,3863,0,0,0,0,0,0,2123.896833,-73.13596509,2031.539142,2.140496161e-05,0,0,34,15,0.0004708326621,0.0004708326598,0.8819275822
7338,0.005859375,0.591796875,-310.2903729,-325.6214171,9,6885,5885,0,0,0,0,0,0,1861.898602,64.26819704,1790.538709,2.140496161e-05,0,0,20,8,0.0005370861757,0.0005370861735,1.303979927
7339,0.0546875,0.65625,-199.6446324,-169.9914823,7,3923,6100,0,0,0,0,0,0,2.437017719,28.71638973,2.436660148,6.021548133e-05,0,0,248,115,0.4103375992,0.4103375992,1.746922267
7340,0.046875,0.6484375,-217.9358609,-215.1480733,7,6100,4964,0,0,0,0,0,0,27.84522201,2.193083831,27.7986117,6.021548133e-05,0,0,215,108,0.03591280399,0.03591280394,10.28255638
7341,0.0390625,0.65625,-232.1903492,-234.4872765,7,6100,3833,0,0,0,0,0,0,6.796567586,-3.126986046,6.79378717,6.021548133e-05,0,0,281,141,0.1471330914,0.1471330914,1.242329631
7342,0.0546875,0.6796875,-193.5895219,-219.6805657,7,3338,4963,0,0,0,0,0,0,2.572127376,-27.89392143,2.571729062,6.021548133e-05,0,0,582,301,0.3887832342,0.3887832341,1.692301036
7343,0.0546875,0.6640625,-197.6262622,-164.5427236,7,4963,3923,0,0,0,0,0,0,3.451093431,31.85807253,3.450376411,6.021548133e-05,0,0,589,299,0.2897632359,0.2897632358,1.49721823
7344,0.0390625,0.6640625,-198.4909348,-198.4909348,7,4963,3833,1,1,1,0,0,1,23.69834655,30.55839755,23.664577,6.021548133e-05,0,22.18028308,247,247,0.04219703674,0.04219703674,30.93318319
7345,0.0390625,0.6796875,-165.0282385,-170.7211548,7,4963,3837,0,0,0,0,0,0,20.01109821,-3.470246051,19.9870143,6.021548133e-05,0,0,334,175,0.04997226987,0.04997226983,29.49713574
7346,0.046875,0.6640625,-213.8991206,-215.5008001,7,6100,4963,0,0,0,0,0,0,2.523999026,-2.773794819,2.523615477,6.021548133e-05,0,0,244,120,0.3961966664,0.3961966664,1.420819966
7347,0.05078125,0.64453125,-210.8086168,-232.9897402,8,4964,6104,0,0,0,0,0,0,62.81640403,-22.65814971,62.33822627,0.000122112991,0,0,77,42,0.01591940856,0.01591940855,10.36569963
7348,0.05078125,0.65234375,-208.7902466,-211.9360837,8,6104,6100,0,0,0,0,0,0,44.26024184,-3.911569119,44.02231222,0.000122112991,0,0,115,53,0.02259364067,0.02259364065,13.74594115
7349,0.05859375,0.65234375,-192.5173882,-211.5149264,8,6104,3923,0,0,0,0,0,0,68.26715861,-19.81662106,67.70276756,0.000122112991,0,0,92,39,0.01464833194,0.01464833193,10.4831442
7350,0.05859375,0.64453125,-194.5357584,-232.7725916,8,6104,6099,0,0,0,0,0,0,674.8367043,-38.76721034,623.4596811,0.000122112991,0,0,23,12,0.001481839968,0.001481839966,1.378204259
7351,0.0625,0.64453125,-186.3993292,-250.1002419,8,6099,6845,0,0,0,0,0,0,372.4750833,-37.58583472,356.2704611,0.000122112991,0,0,23,10,0.002684743342,0.002684743337,2.752564212
7352,0.05859375,0.6484375,-193.5265733,-229.8177071,8,6845,6104,0,0,0,0,0,0,100.0452301,-10.29373333,98.8377469,0.000122112991,0,0,47,23,0.009995479036,0.009995479031,6.613161303
7353,0.0625,0.65234375,-184.380959,-212.4483232,8,6845,3923,0,0,0,0,0,0,45.28195596,-2.240991954,45.0329456,0.000122112991,0,0,64,33,0.0220838517,0.02208385169,12.33620754
7354,0.07421875,0.64453125,-191.3155705,-168.5166986,8,4944,6548,0,0,0,0,0,0,63.87540013,21.5186846,63.3810271,0.000122112991,0,0,62,36,0.01565547923,0.01565547922,9.324825308
7355,0.06640625,0.64453125,-188.0380763,-192.4630335,8,6548,6099,0,0,0,0,0,0,116.6092426,-5.223054653,114.972097,0.000122112991,0,0,45,23,0.00857564956,0.008575649553,8.050967854
7356,0.06640625,0.65234375,-186.0197061,-209.2852198,8,6548,3923,0,0,0,0,0,0,75.98840154,-24.35231681,75.28977484,0.000122112991,0,0,80,45,0.01315990309,0.01315990308,10.01903093
7357,0.0859375,0.6640625,-147.8285246,-166.038712,7,3832,4945,0,0,0,0,0,0,1.859990692,-18.71458158,1.859782396,6.021548133e-05,0,0,301,156,0.5376370992,0.5376370991,1.745634996
7358,0.0703125,0.6640625,-170.1784441,-178.4460178,7,4945,3923,0,0,0,0,0,0,17.5301128,-9.288249751,17.5116278,6.021548133e-05,0,0,396,195,0.05704469854,0.05704469848,45.52521294
7359,0.0703125,0.6796875,-166.1417038,-169.2280506,7,4945,3338,0,0,0,0,0,0,8.711606284,-4.68443435,8.707038802,6.021548133e-05,0,0,475,237,0.1147893933,0.1147893932,84.10200917
7360,0.109375,0.6875,-136.8891023,-117.3856089,6,3363,3989,0,0,0,0,0,0,3.514844826,18.98844464,3.512473687,0.000192060352,0,0,506,254,0.2845075813,0.2845075812,1.989810339
7361,0.09375,0.671875,-144.1820505,-144.3369739,6,3989,3832,0,0,0,0,0,0,6.260851215,-0.6628690689,6.253331826,0.000192060352,0,0,623,312,0.1597226903,0.1597226902,2.489555329
7362,0.078125,0.6875,-162.4952297,-163.627125,6,3989,3338,0,0,0,0,0,0,21.43188357,-2.733534359,21.34402696,0.000192060352,0,0,302,147,0.04665945468,0.04665945464,30.83123565
7363,0.09375,0.703125,-135.9082267,-134.6911334,6,3989,3835,0,0,0,0,0,0,18.58121524,0.3375776594,18.51513998,0.000192060352,0,0,245,121,0.05381779326,0.05381779321,33.54122184
7364,0.0859375,0.6796875,-153.3386401,-142.8720245,7,4945,3989,0,0,0,0,0,0,3.463380455,9.411823228,3.462658321,6.021548133e-05,0,0,386,194,0.2887352438,0.2887352437,1.195523713
7365,0.0703125,0.65625,-172.1968142,-189.1605331,7,3923,6102,0,0,0,0,0,0,62.88954152,-17.69568917,62.65228209,6.021548133e-05,0,0,134,67,0.01590089506,0.01590089504,16.71695716
7366,0.078125,0.6640625,-159.0034843,-116.0934261,7,6102,4945,0,0,0,0,0,0,4.071269818,42.1475231,4.070271977,6.021548133e-05,0,0,162,82,0.2456236125,0.2456236124,1.266063496
7367,0.0859375,0.65625,-149.8468948,-212.2133138,7,6102,3832,0,0,0,0,0,0,7.598807687,-62.58210754,7.595332323,6.021548133e-05,0,0,154,85,0.1315995931,0.1315995931,0.5190319789
7368,0.078125,0.6484375,-177.4926786,-186.912906,7,6102,4944,0,0,0,0,0,0,35.5700912,-10.34558179,35.49406752,6.021548133e-05,0,0,103,58,0.02811350678,0.02811350676,12.89658745
7369,0.07421875,0.65234375,-174.8447464,-166.5248858,8,6548,6102,0,0,0,0,0,0,61.8851561,7.491198353,61.42099875,0.000122112991,0,0,77,44,0.01615896385,0.01615896383,14.27088102
7370,0.06640625,0.6484375,-187.0288912,-202.0249235,8,6845,6548,0,0,0,0,0,0,80.1191424,10.73364789,79.3428843,0.000122112991,0,0,40,20,0.01248141168,0.01248141168,7.388377754
7371,0.005859375,0.509765625,-783.6975026,-971.7508528,9,5784,6683,0,0,0,0,0,0,6218.810886,-198.9758275,5488.251079,2.140496161e-05,0,0,11,7,0.0001608024457,0.0001608024447,0.9861626905
7372,0.001953125,0.509765625,-821.4276246,-421.9293675,9,6683,5939,0,0,0,0,0,0,1433.898761,382.5001377,1391.199309,2.140496161e-05,0,0,18,12,0.0006973993055,0.0006973993046,2.28515537
7373,0.001953125,0.513671875,-564.5601805,-564.5601805,9,6683,4428,1,1,1,0,0,1,30441.77877,165.2870869,18431.63221,2.140496161e-05,0,99.37019862,8,8,3.28495916e-05,3.28495916e-05,1.891549521
7374,0.01171875,0.51953125,-703.0427522,-784.8365088,8,4367,5785,0,0,0,0,0,0,466.7480094,-72.61638986,441.579733,0.000122112991,0,0,158,81,0.002142483695,0.002142483677,0.60705964
7375,0.00390625,0.51953125,-708.1809355,-708.1809355,8,5785,4428,1,0,0,0,0,1,370.4668846,0,0,0,0,0,64,33,0.002699296595,0.002699296588,0.3520473313
7376,0.00390625,0.52734375,-694.6225392,-694.6225392,8,5785,3865,1,1,1,0,0,1,9892.336217,-76.37979895,4480.259606,0.000122112991,0,53.57691823,35,35,0.0001010883555,0.0001010883555,4.29438855
7377,0.01171875,0.52734375,-644.8081215,-600.3595844,8,5785,4427,0,0,0,0,0,0,1156.057958,5.450143507,1013.046493,0.000122112991,0,0,223,107,0.0008650085348,0.0008650085137,0.2516807741
7378,0.00390625,0.515625,-745.5791966,-745.5791966,8,4428,5938,1,0,0,0,0,1,23241.76315,0,0,0,0,0,46,23,4.302599563e-05,4.302599237e-05,2.774837625
7379,0.0078125,0.51953125,-741.6829341,-456.7558799,8,5938,5785,0,0,0,0,0,0,188.9001567,252.1048398,184.6410123,0.000122112991,0,0,68,39,0.005293801856,0.005293801848,0.1221538431
7380,0.01171875,0.515625,-756.0378442,-748.9814167,8,5938,4367,0,0,0,0,0,0,3589.016805,0.2809405673,2495.378366,0.000122112991,0,0,80,45,0.00027862784,0.000278627831,8.733170474
7381,0.0078125,0.51171875,-774.4776165,-680.3173884,8,5938,5784,0,0,0,0,0,0,5976.468474,77.02261347,3454.996607,0.000122112991,0,0,35,19,0.0001673228938,0.0001673228876,2.806368814
7382,0.005859375,0.513671875,-803.8979122,-594.9671264,9,6683,5938,0,0,0,0,0,0,15633.81213,166.3708551,11713.86942,2.140496161e-05,0,0,9,4,6.396392585e-05,6.396392492e-05,0.7561643244
7383,0.58984375,0.640625,184.1444213,200.0302339,8,4379,6737,0,0,0,0,0,0,5286.804693,19.16414644,3212.715571,0.000122112991,0,0,7,3,0.0001891501688,0.0001891501681,0.4811547998
7384,0.5859375,0.63671875,146.8173587,98.13324297,8,6737,5015,0,0,0,0,0,0,53052.93721,-46.20273063,7094.106003,0.000122112991,0,0,5,1,1.884909776e-05,1.884909684e-05,0.08137372122
7385,0.58203125,0.640625,168.1885582,165.1296655,8,6737,4287,0,0,0,0,0,0,3.914729751e+11,-2.333107659e-06,8189.136725,0.000122112991,0,0,4,0,2.554454748e-12,0,2.554454748
7386,0.58984375,0.65234375,201.0726328,193.9504009,8,3560,5014,0,0,0,0,0,0,8.691636666,-7.098441505,8.682421476,0.000122112991,0,0,628,291,0.1150531296,0.1150531295,48.73168214
7387,0.58984375,0.64453125,189.7871584,189.5118715,8,5014,4379,0,0,0,0,0,0,21.22103742,-0.2654164815,21.16618811,0.000122112991,0,0,321,150,0.04712304966,0.04712304959,22.68526868
7388,0.58203125,0.64453125,173.8312954,176.7168002,8,5014,4287,0,0,0,0,0,0,14.93404918,2.675931759,14.90686441,0.000122112991,0,0,286,137,0.06696107585,0.06696107578,25.99922796
7389,0.58203125,0.65234375,191.5821922,200.2301285,8,5014,4290,0,0,0,0,0,0,10.66573647,8.609737213,10.65186322,0.000122112991,0,0,593,280,0.09375817625,0.09375817617,29.13679838
7390,0.5859375,0.64453125,181.8092269,224.0765761,8,6737,5014,0,0,0,0,0,0,2146.536192,45.44292123,1700.738653,0.000122112991,0,0,6,2,0.0004658668249,0.0004658668229,1.352974736
7391,0.171875,0.08984375,-211.7823805,-184.049863,8,4846,7050,0,0,0,0,0,0,29.92756887,-7.853107573,29.81859547,0.000122112991,0,0,78,44,0.03341400714,0.03341400713,9.710855442
7392,0.17578125,0.0859375,-206.0885852,-188.9283061,8,7050,7042,0,0,0,0,0,0,21.05733847,0.06574080083,21.00333104,0.000122112991,0,0,115,56,0.04748938246,0.04748938244,13.79895691
7393,0.171875,0.08203125,-217.2529206,-173.069926,8,7050,4654,0,0,0,0,0,0,46.37599442,25.92532451,46.11484094,0.000122112991,0,0,61,24,0.02156287995,0.02156287993,5.160943063
7394,0.16015625,0.08984375,-237.0695766,-223.3934608,8,3753,7041,0,0,0,0,0,0,137.3842934,17.44794654,135.1175071,0.000122112991,0,0,19,9,0.007278852445,0.007278852441,2.22415561
7395,0.16796875,0.08984375,-220.2114459,-210.2133878,8,7041,4846,0,0,0,0,0,0,91.85038824,-5.751406055,90.8316095,0.000122112991,0,0,32,16,0.01088727026,0.01088727025,4.362995489
7396,0.16796875,0.08203125,-225.681986,-172.8990677,8,7041,4654,0,0,0,0,0,0,306.1359361,54.36140919,295.1040113,0.000122112991,0,0,13,5,0.00326652275,0.003266522749,1.214267955
7397,0.1484375,0.0859375,-279.2848071,-275.293168,7,3753,4655,0,0,0,0,0,0,1.478129937,3.425014775,1.477998386,6.021548133e-05,0,0,59,29,0.6765305098,0.6765305097,1.59827846
7398,0.1484375,0.0703125,-304.4186517,77.45400871,7,4655,3981,0,0,0,0,0,0,321.932203,373.6775711,315.8101281,6.021548133e-05,0,0,28,13,0.003106244081,0.003106244078,0.323797174
7399,0.1328125,0.0703125,-352.3276775,-418.1440152,7,4655,3349,0,0,0,0,0,0,1643.782429,-77.25321212,1495.733051,6.021548133e-05,0,0,21,12,0.0006083530172,0.0006083530158,1.174964314
7400,0.1328125,0.0859375,-327.193833,-230.2867418,7,4655,3980,0,0,0,0,0,0,5.714606503,93.09868157,5.712640738,6.021548133e-05,0,0,41,26,0.1749901764,0.1749901764,0.5344256097
7401,0.15625,0.0703125,-280.4641388,-229.8542258,7,3981,7045,0,0,0,0,0,0,35.89301575,44.03571628,35.81560693,6.021548133e-05,0,0,33,16,0.0278605734,0.0278605734,1.090425127
7402,0.1484375,0.078125,-291.8517294,-303.3891266,7,7045,4655,0,0,0,0,0,0,1.735044903,-15.91825405,1.73486365,6.021548133e-05,0,0,49,20,0.5763539597,0.5763539597,1.237066652
7403,0.15625,0.0859375,-255.3302942,-265.9103516,7,7045,3753,0,0,0,0,0,0,2.471975748,-9.52578913,2.471607846,6.021548133e-05,0,0,33,12,0.4045347132,0.4045347131,0.8058744762
7404,0.1640625,0.078125,-243.9427036,-150.613535,7,7045,4654,0,0,0,0,0,0,53.04903499,92.19009696,52.88011616,6.021548133e-05,0,0,19,8,0.01885048428,0.01885048428,0.7089591405
7405,0.16015625,0.08203125,-249.6364989,-233.0181257,8,7041,7045,0,0,0,0,0,0,1460.429876,16.57597152,1239.398666,0.000122112991,0,0,8,2,0.0006847298978,0.0006847298955,0.3114962094
7406,0.16796875,0.0859375,-222.9467159,-184.1847778,8,7050,7041,0,0,0,0,0,0,120.332251,21.60093796,118.5896787,0.000122112991,0,0,24,12,0.008310324058,0.008310324054,3.024983388
7407,0.78125,0.6328125,238.0347051,257.0366995,7,3722,5976,0,0,0,0,0,0,8732.944006,18.95566927,5723.298999,6.021548133e-05,0,0,6,5,0.0001145089215,0.000114508921,0.9045905716
7408,0.7734375,0.640625,246.7199357,238.4821362,7,5976,4495,0,0,0,0,0,0,18.16136151,-8.360714651,18.14152203,6.021548133e-05,0,0,290,168,0.05506195113,0.05506195107,31.36729427
7409,0.78125,0.6484375,247.7749385,248.4419686,7,5976,3622,0,0,0,0,0,0,12.88918413,0.6685681369,12.87918823,6.021548133e-05,0,0,627,357,0.07758442967,0.07758442958,30.93074468
7410,0.7890625,0.6484375,243.9598246,240.6447872,7,3622,4494,0,0,0,0,0,0,18.07368824,-3.212977776,18.05403975,6.021548133e-05,0,0,732,385,0.05532904997,0.05532904984,38.28975501
7411,0.8046875,0.6484375,247.0296256,249.5710359,7,4494,3723,0,0,0,0,0,0,30.99709174,2.592045279,30.9393433,6.021548133e-05,0,0,525,255,0.03226109109,0.03226109099,27.18976924
7412,0.8046875,0.6328125,226.5893634,225.0097736,7,4494,3490,0,0,0,0,0,0,78.92328755,-1.324350041,78.5499863,6.021548133e-05,0,0,144,65,0.01267053149,0.01267053145,7.162579584
7413,0.7890625,0.6328125,234.2195912,183.2537285,7,4494,3722,0,0,0,0,0,0,2641.900147,-50.91166618,2279.301386,6.021548133e-05,0,0,18,9,0.0003785154413,0.0003785154379,0.3774662903
7414,0.7890625,0.640625,239.0897079,226.0267513,7,5976,4494,0,0,0,0,0,0,18.268451,-12.9848285,18.24837699,6.021548133e-05,0,0,341,192,0.05473917848,0.05473917841,19.9257928
7415,0.76953125,0.63671875,246.1924343,219.7719503,8,4495,6832,0,0,0,0,0,0,266.8273672,-51.51739348,258.4076481,0.000122112991,0,0,9,4,0.00374774151,0.003747741508,0.1846136489
7416,0.77734375,0.63671875,242.3773204,259.1233061,8,6832,5976,0,0,0,0,0,0,10907.68562,-8.250402182,4677.455147,0.000122112991,0,0,2,2,9.167847651e-05,9.167847651e-05,0.5594772277
7417,0.77734375,0.62890625,237.5072037,244.12083,8,6832,3722,0,0,0,0,0,0,7852.387443,-18.40669309,4008.613793,0.000122112991,0,0,2,2,0.0001273498038,0.0001273498038,0.7661312094
7418,0.76953125,0.62890625,266.0899538,260.4435174,8,6832,5975,0,0,0,0,0,0,52.0216755,-25.86136527,51.6932927,0.000122112991,0,0,9,4,0.01922275648,0.01922275648,0.875000764
7419,0.05859375,0.640625,-195.5449435,-206.9162909,8,6099,6844,0,0,0,0,0,0,239.3849216,13.91726075,232.5859666,0.000122112991,0,0,17,9,0.004177372548,0.004177372545,2.430584504
7420,0.0546875,0.63671875,-228.0086268,-246.8471408,8,6844,6105,0,0,0,0,0,0,163.570152,3.515555461,160.3669756,0.000122112991,0,0,28,14,0.006113584829,0.006113584823,4.187601648
7421,0.05078125,0.640625,-211.8178019,-278.7488891,8,6844,4964,0,0,0,0,0,0,142.4066923,-41.58912825,139.9726096,0.000122112991,0,0,41,22,0.007022141894,0.007022141886,6.263735507
7422,0.0546875,0.64453125,-202.6721876,-205.5225447,8,6844,6104,0,0,0,0,0,0,178.4458383,22.32057351,174.6403286,0.000122112991,0,0,30,17,0.005603941282,0.005603941275,4.207535054
7423,0.14453125,0.42578125,-134.3019669,-134.3019669,8,4763,6674,0,0,0,0,0,0,1e+300,-92.87984586,66.79554663,0,0,0,0,0,0,0,0
7424,0.14453125,0.43359375,-136.2001782,-128.6822169,8,6674,5079,0,0,0,0,0,0,190.8652155,9.821205695,186.5180172,0.000122112991,0,0,1,1,0.005239299354,0.005239299354,0.1351944817
7425,0.15234375,0.43359375,-122.8351557,-122.8351557,8,6674,4513,0,0,0,0,0,0,1e+300,0,1e+300,0,0,0,0,0,0,0,0
7426,0.15234375,0.42578125,-120.9369444,-120.9369444,8,6674,5082,0,0,0,0,0,0,1e+300,0,1e+300,0,0,0,0,0,0,0,0
7427,0.140625,0.43359375,-142.8826894,-31.14053988,8,5079,6957,0,0,0,0,0,0,76.80217437,-94.37326325,76.08857439,0.000122112991,0,0,1,1,0.0130204647,0.0130204647,0.33597908
7428,0.14453125,0.4296875,-135.2510725,-65.94997612,8,6957,6674,0,0,0,0,0,0,27.46969479,-137.0806045,27.37785832,0.000122112991,0,0,1,1,0.03640375358,0.03640375358,0.9393596866
7429,0.140625,0.42578125,-140.9844782,-140.9844782,8,6957,4763,0,0,0,0,0,0,1e+300,0,1e+300,0,0,0,0,0,0,0,0
7430,0.125,0.4296875,-168.6636287,-146.3813943,7,3359,5612,0,0,0,0,0,0,209.8414007,25.17031852,207.2229929,6.021548133e-05,0,0,48,27,0.004765503837,0.004765503832,2.812229525
7431,0.1328125,0.421875,-153.400395,-180.4875834,7,5612,4763,0,0,0,0,0,0,827.4629055,-24.73168058,788.1904665,6.021548133e-05,0,0,18,5,0.001208513389,0.001208513386,1.680534072
7432,0.125,0.4140625,-164.8672062,-65.45176461,7,5612,4514,0,0,0,0,0,0,3638.853094,101.8057916,2984.830985,6.021548133e-05,0,0,11,6,0.0002748118636,0.0002748118625,0.4076925257
7433,0.109375,0.4375,-228.9054469,-210.6614851,6,3359,4515,0,0,0,0,0,0,4.316595537,20.48515613,4.313019842,0.000192060352,0,0,66,39,0.231664049,0.231664049,1.542004698
7434,0.09375,0.421875,-447.4567487,-305.1542595,6,4515,3714,0,0,0,0,0,0,108.3962373,136.7273307,106.1855997,0.000192060352,0,0,5,2,0.009225412477,0.009225412475,0.6679805385
7435,0.078125,0.4375,-345.5926608,-259.923469,6,4515,3330,0,0,0,0,0,0,21.89617267,86.11887253,21.80447641,0.000192060352,0,0,20,13,0.04567008195,0.04567008195,1.524437936
7436,0.09375,0.453125,-273.4438008,-279.1731135,6,4515,3717,0,0,0,0,0,0,3.337380757,-8.123762141,3.335242938,0.000192060352,0,0,59,37,0.2996361737,0.2996361736,2.085118255
7437,0.1015625,0.4140625,-498.3887927,-498.3887927,7,3714,4958,0,0,0,0,0,0,1e+300,0,1e+300,0,0,0,0,0,0,0,0
7438,0.1015625,0.4296875,-338.1810978,-352.0154176,7,4958,4515,0,0,0,0,0,0,23.06279245,-15.50130184,23.03080871,6.021548133e-05,0,0,22,13,0.04335988377,0.04335988376,0.2347116017
7439,0.1171875,0.4296875,-279.8374909,-278.5971357,7,4958,3359,0,0,0,0,0,0,7.746161928,0.4691298674,7.742550501,6.021548133e-05,0,0,31,19,0.129096191,0.129096191,0.6193178506
7440,0.1171875,0.4140625,-276.0410684,-190.5382217,7,4958,4514,0,0,0,0,0,0,4886.755559,84.23388733,3775.718815,6.021548133e-05,0,0,2,1,0.0002046347496,0.0002046347496,0.2575183783
7441,0.1171875,0.421875,-277.9392796,-197.6711947,7,5612,4958,0,0,0,0,0,0,405.3492143,79.24799266,395.6910688,6.021548133e-05,0,0,11,7,0.002467008606,0.002467008604,4.104418003
7442,0.13671875,0.42578125,-147.6669894,-150.0050751,8,4763,6673,0,0,0,0,0,0,4.505821532e+11,9.801428575e-07,8189.136748,0.000122112991,0,0,9,0,2.219351106e-12,0,2.219351106
7443,0.12890625,0.42578125,-161.0320119,-184.9250924,8,6673,5612,0,0,0,0,0,0,119.442856,-21.27128463,117.725764,0.000122112991,0,0,48,21,0.008372204359,0.008372204348,5.445674298
7444,0.12890625,0.43359375,-162.9302231,-135.4091951,8,6673,3359,0,0,0,0,0,0,57.85993155,30.39169094,57.45399328,0.000122112991,0,0,69,36,0.01728311758,0.01728311757,3.511877914
7445,0.13671875,0.43359375,-149.5652006,-119.9388785,8,6673,5079,0,0,0,0,0,0,69.7692645,32.21327591,69.17987044,0.000122112991,0,0,30,15,0.01433295889,0.01433295889,1.550508013
7446,0.13671875,0.4296875,-148.616095,-148.616095,8,6957,6673,0,0,0,0,0,0,1e+300,0,1e+300,0,0,0,0,0,0,0,0
7447,0.21875,0.1328125,-151.6169191,-151.6169191,7,3990,4472,0,0,0,0,0,0,1e+300,0,1e+300,0,0,0,0,0,0,0,0
7448,0.2109375,0.140625,-121.7189452,-121.7189452,7,4472,4471,0,0,0,0,0,0,1e+300,0,1e+300,0,0,0,0,0,0,0,0
7449,0.21875,0.1484375,-68.57335104,-68.57335104,7,4472,3913,0,0,0,0,0,0,1e+300,0,1e+300,0,0,0,0,0,0,0,0
7450,0.2265625,0.1484375,-36.97922324,-36.97922324,7,3913,4470,0,0,0,0,0,0,1e+300,0,1e+300,0,0,0,0,0,0,0,0
7451,0.2421875,0.1484375,-76.44758839,-76.44758839,7,4470,3918,0,0,0,0,0,0,1e+300,0,1e+300,0,0,0,0,0,0,0,0
7452,0.2421875,0.1328125,-56.83453567,-56.83453567,7,4470,3279,0,0,0,0,0,0,1e+300,0,1e+300,0,0,0,0,0,0,0,0
7453,0.2265625,0.1328125,-120.0227913,-120.0227913,7,4470,3990,0,0,0,0,0,0,1e+300,0,1e+300,0,0,0,0,0,0,0,0
7454,0.2265625,0.140625,-78.50100725,-78.50100725,7,4472,4470,0,0,0,0,0,0,1e+300,0,1e+300,0,0,0,0,0,0,0,0
7455,0.21484375,0.15234375,-53.62436411,-53.62436411,8,3913,6624,0,0,0,0,0,0,1e+300,0,1e+300,0,0,0,0,0,0,0,0
7456,0.21484375,0.14453125,-95.14614812,-95.14614812,8,6624,4472,0,0,0,0,0,0,1e+300,0,1e+300,0,0,0,0,0,0,0,0
7457,0.20703125,0.14453125,-106.7699583,-60.49309081,8,6624,4471,0,0,0,0,0,0,1004.901136,2.261259632,895.0662309,0.000122112991,0,0,2,1,0.0009951227682,0.0009951227672,0.8680047476
7458,0.1953125,0.1796875,-99.14006954,-107.4117681,7,3323,4468,0,0,0,0,0,0,171.8622867,-8.829847205,170.1019408,6.021548133e-05,0,0,73,35,0.00581861221,0.005818612201,2.249162388
7459,0.2109375,0.1796875,-88.4191047,-36.97990113,7,4468,3919,0,0,0,0,0,0,57.13874133,51.30172795,56.94282176,6.021548133e-05,0,0,35,13,0.01750126056,0.01750126055,0.09892983831
7460,0.2109375,0.1640625,-51.08106786,-74.83203719,7,4468,3913,0,0,0,0,0,0,2.896916494,-23.63441052,2.896411247,6.021548133e-05,0,0,34,15,0.345194624,0.345194624,1.174227203
7461,0.1953125,0.1640625,-86.82041907,-86.82041907,7,4468,3993,1,0,0,0,0,1,11.86624301,0,0,0,0,0,164,81,0.08427267158,0.08427267157,0.1645255682
7462,0.1953125,0.15625,-81.24063474,-119.5389874,7,3993,5002,0,0,0,0,0,0,97.38214402,-38.60222209,96.81443264,6.021548133e-05,0,0,116,55,0.010268823,0.01026882299,2.628564419
7463,0.203125,0.1640625,-69.14409043,-78.80338989,7,5002,4468,0,0,0,0,0,0,2.007514024,-9.795334623,2.007271378,6.021548133e-05,0,0,29,16,0.4981285251,0.4981285251,1.313770958
7464,0.2109375,0.15625,-45.11458959,-57.78468496,7,5002,3913,0,0,0,0,0,0,1.855508478,-12.4687768,1.855301184,6.021548133e-05,0,0,20,9,0.5389358291,0.5389358291,1.465115411
7465,0.203125,0.1484375,-98.26018376,-186.0182121,7,5002,4471,0,0,0,0,0,0,409.4783754,-77.1551139,399.6248504,6.021548133e-05,0,0,4,2,0.002442131405,0.002442131404,0.1087029031
7466,0.20703125,0.15234375,-71.68738668,-17.97032752,8,6624,5002,0,0,0,0,0,0,17081.39394,-0.9527385608,5535.375345,0.000122112991,0,0,2,1,5.854323152e-05,5.854323144e-05,0.05106485806
7467,0.28125,0.4921875,56.54650706,8.870497066,7,4232,6710,0,0,0,0,0,0,1400.492373,-46.19144413,1291.572368,6.021548133e-05,0,0,8,4,0.0007140345917,0.0007140345893,1.046701562
7468,0.2890625,0.484375,25.5244878,-14.3394726,7,6710,6094,0,0,0,0,0,0,1119.366095,-45.6960997,1048.68163,6.021548133e-05,0,0,13,6,0.0008933627746,0.0008933627736,1.45688904
7469,0.28125,0.4765625,54.7969575,74.87296948,7,6710,3883,0,0,0,0,0,0,367.7716043,21.39740585,359.8035587,6.021548133e-05,0,0,17,6,0.002719078875,0.002719078871,3.032150994
7470,0.2734375,0.4765625,47.46484445,73.22426761,7,3883,6093,0,0,0,0,0,0,381.290893,26.08019404,372.733085,6.021548133e-05,0,0,66,29,0.002622669511,0.002622669505,2.502173906
7471,0.2578125,0.4765625,40.74528271,42.95966238,7,6093,4773,0,0,0,0,0,0,22.18704562,2.048820719,22.1574432,6.021548133e-05,0,0,298,140,0.04507134555,0.0450713455,37.75969443
7472,0.2578125,0.4921875,34.55016794,24.80653167,7,6093,3254,0,0,0,0,0,0,11.71377431,-9.244353037,11.70551782,6.021548133e-05,0,0,413,204,0.08536958058,0.0853695805,52.66876786
7473,0.2734375,0.4921875,49.21439402,29.42536733,7,6093,4232,0,0,0,0,0,0,34.47560037,-19.3050838,34.40417851,6.021548133e-05,0,0,179,93,0.02900602134,0.02900602131,21.31366447
7474,0.2734375,0.484375,48.33961924,43.37895626,7,6710,6093,0,0,0,0,0,0,1263.053533,-3.550012937,1173.781165,6.021548133e-05,0,0,12,4,0.0007917320792,0.0007917320771,1.117734118
7475,0.01171875,0.66796875,-94.050843,-100.9189929,8,4966,6613,0,0,0,0,0,0,100.6022372,-1.710134418,99.38135312,0.000122112991,0,0,90,45,0.009940136803,0.009940136785,12.7773205
7476,0.01171875,0.66015625,-86.25655642,-107.7685183,8,6613,5504,0,0,0,0,0,0,59.23645529,0.3573832941,58.81104321,0.000122112991,0,0,108,46,0.01688149629,0.01688149627,13.52683824
7477,0.00390625,0.66015625,157.2745677,157.2745677,8,6613,3838,1,1,1,0,0,1,766.6015617,211.2912476,700.981293,0.000122112991,0,154.6384262,9,9,0.0013044586,0.0013044586,1.584912331
7478,0.00390625,0.66796875,123.3620561,27.75633144,8,6613,5503,0,0,0,0,0,0,300.5805962,-55.57907001,289.9384641,0.000122112991,0,0,35,23,0.003326894725,0.003326894722,6.425580085
7479,0,0.66796875,232.0685057,276.339197,8,5503,6794,0,0,0,0,0,0,718.8239077,-63.2793883,660.8187344,0.000122112991,0,0,7,4,0.001391161297,0.001391161296,1.772241858
7480,0.00390625,0.6640625,51.77350874,105.4419909,8,6794,6613,0,0,0,0,0,0,710.4263712,-74.19422821,653.7150907,0.000122112991,0,0,12,5,0.001407605405,0.001407605403,1.754649331
7481,0,0.66015625,88.89141093,341.9068165,8,6794,3838,0,0,0,0,0,0,15683.55659,139.7087037,5379.987474,0.000122112991,0,0,8,3,6.376104772e-05,6.376104767e-05,0.3047354894
7482,0.62109375,0.640625,191.2333386,222.2980892,8,4678,7096,0,0,0,0,0,0,459.8247638,-20.27714693,435.3780357,0.000122112991,0,0,9,3,0.002174741508,0.002174741507,0.5160519545
7483,0.6171875,0.63671875,168.1337976,122.0159242,8,7096,6342,0,0,0,0,0,0,4931.574225,-95.00606557,3077.983813,0.000122112991,0,0,2,1,0.0002027750074,0.0002027750069,0.2845817569
7484,0.61328125,0.640625,191.5040908,166.9691728,8,7096,4286,0,0,0,0,0,0,269.6546278,-75.82006835,261.0584095,0.000122112991,0,0,10,4,0.003708447388,0.003708447387,1.350295786
7485,0.6171875,0.65625,213.8810449,184.5390144,7,3826,4679,0,0,0,0,0,0,566.2720351,-29.37179982,547.5997896,6.021548133e-05,0,0,168,80,0.001765935695,0.001765935691,1.192173396
7486,0.609375,0.6484375,202.895632,191.1531843,7,4679,4286,0,0,0,0,0,0,6.982293943,-11.86147818,6.979359526,6.021548133e-05,0,0,577,273,0.1432194073,0.1432194072,5.333803898
7487,0.6015625,0.65625,214.4225493,185.3287912,7,4679,3560,0,0,0,0,0,0,20.00579314,-29.01003324,19.98172199,6.021548133e-05,0,0,397,198,0.04998552135,0.0499855213,3.949766069
7488,0.609375,0.6640625,190.7027137,145.5251522,7,4679,4289,0,0,0,0,0,0,5563.570011,-45.64542868,4167.427448,6.021548133e-05,0,0,4,3,0.0001797407057,0.000179740705,0.3858387898
7489,0.61328125,0.64453125,197.1321733,158.5559006,8,4286,6345,0,0,0,0,0,0,24.96378879,-38.79668088,24.88792038,0.000122112991,0,0,190,79,0.04005802198,0.04005802193,1.620946812
7490,0.61328125,0.65234375,208.3883384,237.5513687,8,6345,4679,0,0,0,0,0,0,10.04626757,29.08863031,10.03395811,0.000122112991,0,0,346,154,0.09953945515,0.09953945507,2.602902707
7491,0.62109375,0.65234375,208.1175863,209.9671431,8,6345,3826,0,0,0,0,0,0,65.20786426,1.718409855,64.69273366,0.000122112991,0,0,288,125,0.01533557357,0.01533557353,11.07612272
7492,0.62109375,0.64453125,196.8614212,195.8764589,8,6345,4678,0,0,0,0,0,0,80.66128801,-1.262117446,79.87454047,0.000122112991,0,0,131,50,0.01239752085,0.01239752082,7.236301029
7493,0.6171875,0.64453125,196.9967973,199.7657969,8,7096,6345,0,0,0,0,0,0,113.1512308,-48.47152016,111.6091016,0.000122112991,0,0,17,6,0.008837729764,0.00883772976,2.50210182
7494,0.0078125,0.580078125,-394.0703413,-566.8480385,9,6733,7301,0,0,0,0,0,0,4838.434926,-175.0032341,4384.361853,2.140496161e-05,0,0,15,7,0.0002066784023,0.0002066784013,0.7060390127
7495,0.005859375,0.58203125,-290.2241024,-290.2241024,9,7301,6884,1,1,1,0,0,1,1954.452161,389.0498734,1875.970949,2.140496161e-05,0,126.9017433,11,11,0.000511652329,0.000511652329,2.303867035
7496,0.0078125,0.583984375,-379.1062902,-384.7027315,9,7301,5891,0,0,0,0,0,0,343.9874099,-30.22292686,341.4731305,2.140496161e-05,0,0,32,15,0.002907083141,0.002907083135,4.390277383
7497,0.013671875,0.580078125,-391.4132763,-391.4132763,9,4359,6883,1,1,1,0,0,1,743.8762668,236.4405823,732.2174274,2.140496161e-05,0,115.3407888,15,15,0.001344309591,0.001344309591,4.840563972
7498,0.009765625,0.580078125,-337.3989536,-337.3989536,9,6883,6733,1,1,1,0,0,1,2535.563233,133.0883707,2405.033324,2.140496161e-05,0,110.3975954,24,24,0.000394389691,0.000394389691,1.346877167
7499,0.009765625,0.583984375,-452.1531187,-487.7822926,9,6883,5891,0,0,0,0,0,0,1115.884743,-54.63081443,1089.853089,2.140496161e-05,0,0,56,25,0.0008961498996,0.0008961498976,0.9751412301
7500,0.013671875,0.583984375,-412.3224672,-321.0403705,9,6883,5892,0,0,0,0,0,0,26.56006647,85.8105294,26.54497519,2.140496161e-05,0,0,33,18,0.03765050819,0.03765050818,0.7390916156
7501,0.009765625,0.58203125,-459.6351442,-266.4020655,9,7301,6883,0,0,0,0,0,0,1931.971243,185.4319125,1855.249674,2.140496161e-05,0,0,41,18,0.000517606048,0.0005176060409,0.7995108678
7502,0.0068359375,0.5849609375,-483.9596535,-333.3613157,10,5891,7304,0,0,0,0,0,0,480.9537375,0.01881514336,0.2498701174,4,0,0,19,11,0.002079202056,0.002079202053,2.80100457
7503,0.0068359375,0.5830078125,-491.4416791,-491.4416791,10,7304,7301,0,0,0,0,0,0,1e+300,208.0583946,1188.834005,0,0,0,0,0,0,0,0
7504,0.0048828125,0.5830078125,-658.0444038,-658.0444038,10,7304,6884,1,1,1,0,0,1,7342.346119,-7.982433845,5467.026854,2.197201345e-05,0,142.3144388,8,8,0.000136196249,0.000136196249,0.4962206906
7505,0.001953125,0.5859375,-283.6092126,-283.6092126,9,6732,7308,1,0,0,0,0,1,2541.969963,0,0,0,0,0,18,10,0.0003933956791,0.000393395678,0.8776406086
7506,0.00390625,0.587890625,-307.0915728,-360.7506504,9,7308,6885,0,0,0,0,0,0,388.8771137,47.91977117,385.6668614,2.140496161e-05,0,0,40,19,0.002571506434,0.002571506428,2.907370324
7507,0.005859375,0.5859375,-287.5485084,-335.6757851,9,7308,5891,0,0,0,0,0,0,197.7218006,53.13453582,196.8885236,2.140496161e-05,0,0,42,20,0.005057611235,0.005057611224,6.427166644
7508,0.00390625,0.583984375,-713.4680117,-713.4680117,9,7308,6884,1,0,0,0,0,1,2985.558481,0,0,0,0,0,28,14,0.0003349457082,0.0003349457078,0.474604979
7509,0.0048828125,0.5849609375,-399.8838973,-386.3936256,10,7304,7308,0,0,0,0,0,0,514.324374,-0.0004785984165,0.2498785404,4,0,0,24,15,0.001944298288,0.001944298286,2.747442501
7510,0,0.583984375,-118.014207,-118.014207,9,6732,7309,1,0,0,0,0,1,505.3648199,0,0,0,0,0,15,8,0.001978768527,0.001978768524,2.372076446
7511,0.001953125,0.58203125,430.048781,430.048781,9,7309,6884,1,1,1,0,0,1,2458.016054,922.0809011,2335.154817,2.140496161e-05,0,79.57499169,15,15,0.0004068321678,0.0004068321678,0.7945373968
7512,0,0.580078125,-90.85409966,-178.932562,9,7309,4643,0,0,0,0,0,0,157.1390047,-75.69991945,156.6122309,2.140496161e-05,0,0,42,17,0.006363792377,0.00636379237,4.258280571
7513,0.0029296875,0.5830078125,-624.5546751,-548.3605921,10,6884,7310,0,0,0,0,0,0,2943.813176,0.02425062699,0.2499787708,4,0,0,19,6,0.0003396954698,0.0003396954658,1.396967101
7514,0.0009765625,0.5830078125,-111.0692632,-111.0692632,10,7310,7309,1,0,0,0,0,1,1e+300,0,0,0,0,0,11,7,0,0,0
7515,0.0009765625,0.5849609375,-231.7323848,-231.7323848,10,7310,6732,0,0,0,0,0,0,1e+300,-13.23034905,1146.174437,0,0,0,4,1,0,0,0
7516,0.0029296875,0.5849609375,-315.808141,-276.6619531,10,7310,7308,0,0,0,0,0,0,883.1070837,-0.0171576199,0.2499292472,4,0,0,18,9,0.001132365506,0.001132365504,2.200384814
7517,0,0.65234375,-29.89963518,135.2995985,8,3838,6636,0,0,0,0,0,0,1579.168301,-4.318285096,1323.87606,0.000122112991,0,0,13,5,0.0006332447273,0.0006332447254,0.9096801983
7518,0.00390625,0.6484375,-104.4577024,-70.82939211,8,6636,5506,0,0,0,0,0,0,488.903861,-147.0898026,461.3599727,0.000122112991,0,0,29,17,0.002045391906,0.002045391904,2.231918837
7519,0,0.64453125,-113.7658882,-50.98057091,8,6636,5505,0,0,0,0,0,0,1287.783938,-191.5712298,1112.791712,0.000122112991,0,0,5,2,0.000776527778,0.000776527778,0.6636515495
7520,0.005859375,0.650390625,-99.80360955,28.6844215,9,5506,7114,0,0,0,0,0,0,259.9355696,31.31769678,258.4973135,2.140496161e-05,0,0,24,15,0.003847107196,0.003847107193,3.530472456
7521,0.001953125,0.650390625,-67.17866881,148.2834058,9,7114,6636,0,0,0,0,0,0,218.4631497,-83.58185303,217.4463282,2.140496161e-05,0,0,23,11,0.004577431028,0.004577431024,4.88472917
7522,0.001953125,0.654296875,-25.24554229,184.5622861,9,7114,3838,0,0,0,0,0,0,661.4751911,123.8380883,652.240219,2.140496161e-05,0,0,18,7,0.001511772495,0.001511772492,1.740740096
7523,0.00390625,0.65625,-20.59144941,78.85059951,8,3838,7115,0,0,0,0,0,0,2040.005254,137.3941921,1633.165524,0.000122112991,0,0,10,5,0.0004901948158,0.0004901948151,0.3940536094
7524,0.0078125,0.66015625,-55.90259285,-88.59071239,8,7115,6613,0,0,0,0,0,0,110.1976463,-7.485226074,108.7344542,0.000122112991,0,0,51,24,0.00907460398,0.009074603971,10.25816051
7525,0.01171875,0.65625,-85.84133089,-148.9662786,8,7115,5504,0,0,0,0,0,0,51.05791695,-36.38185537,50.74155175,0.000122112991,0,0,100,52,0.01958560121,0.0195856012,14.5382436
7526,0.0078125,0.65234375,-95.14951666,-107.4146569,8,7115,5506,0,0,0,0,0,0,66.03917338,14.48640887,65.51087787,0.000122112991,0,0,68,41,0.01514252752,0.01514252751,8.026417733
7527,0.005859375,0.654296875,-57.87048304,81.55484111,9,7114,7115,0,0,0,0,0,0,622.1326341,47.85105854,613.956741,2.140496161e-05,0,0,19,11,0.001607374288,0.001607374286,1.672089735
7528,0.005859375,0.646484375,-141.7367361,-86.30778662,9,5506,7113,0,0,0,0,0,0,171.2969876,-14.57156956,170.6712036,2.140496161e-05,0,0,24,13,0.005837814279,0.005837814276,5.79009296
7529,0.005859375,0.642578125,-183.6698626,-54.7415232,9,7113,6637,0,0,0,0,0,0,1053.856045,16.50830626,1030.607852,2.140496161e-05,0,0,8,5,0.0009488962037,0.0009488962033,1.517567984
7530,0.001953125,0.642578125,-151.0449218,-172.8176138,9,7113,5505,0,0,0,0,0,0,714.4556366,-165.4116452,703.6941161,2.140496161e-05,0,0,9,4,0.001399667031,0.00139966703,1.255697927
7531,0.001953125,0.646484375,115.2337485,-17.86179704,9,7113,6636,0,0,0,0,0,0,275.5400669,-180.6241141,273.924481,2.140496161e-05,0,0,24,13,0.003629236254,0.003629236251,3.293119737
7532,0.013671875,0.576171875,-413.5238104,-413.5238104,9,4359,6729,1,1,1,0,0,1,861.2491136,260.7409458,882.7378824,2.197201345e-05,0,151.9388549,9,9,0.001161104243,0.001161104243,3.202009182
7533,0.013671875,0.572265625,-529.6657098,-482.0233252,9,6729,6618,0,0,0,0,0,0,2248.928859,91.55725718,2145.641464,2.140496161e-05,0,0,13,8,0.0004446561287,0.0004446561279,2.502297791
7534,0.009765625,0.572265625,-128.5203184,-128.5203184,9,6729,5890,1,1,1,0,0,1,6644.168487,594.0252211,5816.899623,2.140496161e-05,0,590.4105528,13,13,0.0001505079231,0.0001505079231,0.7312773102
7535,0.009765625,0.576171875,-557.1627887,-612.2837668,9,6729,6733,0,0,0,0,0,0,193.5060158,-45.13978207,192.7078221,2.140496161e-05,0,0,35,21,0.005167797993,0.005167797992,0.0837423761
7536,0.015625,0.572265625,-433.353577,-382.8643627,9,6618,7100,0,0,0,0,0,0,2954.190113,35.17219571,2778.493923,2.140496161e-05,0,0,19,7,0.0003385022499,0.0003385022476,2.282261949
7537,0.013671875,0.57421875,-616.4610777,-488.8739891,9,7100,6729,0,0,0,0,0,0,1974.804861,79.34265215,1894.714117,2.140496161e-05,0,0,19,11,0.0005063791464,0.000506379142,3.748031111
7538,0.015625,0.576171875,108.9873824,108.9873824,9,7100,4359,1,1,1,0,0,1,24501.65213,472.8417608,13618.71891,2.197201345e-05,0,174.042695,4,4,4.081357432e-05,4.081357432e-05,0.1548989291
7539,0.017578125,0.576171875,-684.8007994,-684.8007994,9,4359,7101,1,0,0,0,0,1,6194.055669,0,0,0,0,0,14,7,0.0001614451102,0.000161445109,0.7580623803
7540,0.021484375,0.576171875,-466.9838067,-305.5010803,9,7101,6904,0,0,0,0,0,0,22506.45192,167.721387,15189.10469,2.140496161e-05,0,0,5,1,4.443170356e-05,4.443170198e-05,0.6954993974
7541,0.021484375,0.572265625,-586.2531726,-668.3741497,9,7101,5889,0,0,0,0,0,0,1131505.675,-64.43670796,44865.70396,2.140496161e-05,0,0,5,1,8.837781567e-07,8.837755427e-07,0.01383401766
7542,0.017578125,0.572265625,-484.3201089,-649.3345083,9,7101,6618,0,0,0,0,0,0,86299.5399,-115.4527782,30309.91074,2.140496161e-05,0,0,9,1,1.158754729e-05,1.158754587e-05,0.1584859923
7543,0.017578125,0.57421875,-571.1154768,-612.5183663,9,7100,7101,0,0,0,0,0,0,102046.8833,-84.00057737,32046.78423,2.140496161e-05,0,0,13,2,9.799417365e-06,9.799416572e-06,0.07231519929
7544,0.0185546875,0.5888671875,-409.3534571,-409.3534571,10,6914,7197,1,1,1,0,0,1,332387.2331,309.0274437,39483.50105,2.197201345e-05,0,115.179591,11,11,3.008539139e-06,3.008539139e-06,0.008966341133
7545,0.0185546875,0.5869140625,-372.3157847,-372.3157847,10,7197,6916,1,1,1,0,0,1,364739.8282,-12.57602646,40552.86476,2.197201345e-05,0,116.7592817,7,7,2.741680296e-06,2.741680296e-06,0.006302599146
7546,0.0166015625,0.5869140625,-331.2315298,-325.2520227,10,7197,5892,0,0,0,0,0,0,630.6810369,-0.002923527306,0.24990094,4,0,0,35,22,0.00158558755,0.001585587546,6.936718058
7547,0.0166015625,0.5888671875,-401.6207929,-392.5718421,10,7197,6915,0,0,0,0,0,0,3143.312459,-0.005133841021,0.2499801181,4,0,0,22,9,0.0003181357288,0.0003181357255,1.412356572
7548,0.0166015625,0.5859375,-326.3533707,-429.8583646,10,5892,7204,0,0,0,0,0,0,396.1274223,0.05335392158,0.249842322,4,0,0,33,21,0.002524440227,0.002524440219,10.93978586
7549,0.017578125,0.5869140625,-365.6219389,-471.9583344,10,7204,7197,0,0,0,0,0,0,913.4546348,0.00633507144,0.2499315972,4,0,0,18,13,0.001094745116,0.001094745114,4.625285072
7550,0.0185546875,0.5859375,-395.1341889,-395.1341889,10,7204,6916,0,0,0,0,0,0,1e+300,0,1e+300,0,0,0,0,0,0,0,0
7551,0.015625,0.583984375,-392.4071414,-433.4937938,9,5892,6917,0,0,0,0,0,0,1015.059207,-39.79318304,993.4737027,2.140496161e-05,0,0,28,15,0.000985164208,0.0009851642043,2.710189032
7552,0.017578125,0.58203125,-462.8897287,-441.2261089,9,6917,6913,0,0,0,0,0,0,8935.633238,37.88079363,7500.949904,2.140496161e-05,0,0,24,13,0.0001119114867,0.0001119114854,0.7951590075
7553,0.015625,0.580078125,-523.1696291,-523.1696291,9,6917,4359,1,1,1,0,0,1,13278.96359,306.864701,13080.6671,2.197201345e-05,0,184.4637969,6,6,7.530708202e-05,7.530708202e-05,0.396065395
7554,0.013671875,0.58203125,-512.766647,-484.9639194,9,6917,6883,0,0,0,0,0,0,525.8298595,32.39144305,519.9773234,2.140496161e-05,0,0,31,14,0.001901755828,0.001901755822,5.366603535
7555,0.0185546875,0.5830078125,-397.6868425,-411.3172545,10,6913,7132,0,0,0,0,0,0,1187.725633,-0.01166862728,0.2499473895,4,0,0,26,15,0.0008419452882,0.000841945283,5.821901959
7556,0.0166015625,0.5830078125,-427.648435,-436.4111226,10,7132,6917,0,0,0,0,0,0,1236.463941,-0.007365897115,0.2499494628,4,0,0,25,13,0.0008087579156,0.0008087579103,3.938863905
7557,0.0166015625,0.5849609375,-327.2042553,-325.8883575,10,7132,5892,0,0,0,0,0,0,1685.338958,0.01093659479,0.249962921,4,0,0,27,14,0.0005933524501,0.0005933524458,3.279295933
7558,0.0185546875,0.5849609375,-395.9850734,-372.9604776,10,7132,6916,0,0,0,0,0,0,2344.659515,0.0005691549869,0.2499733465,4,0,0,13,8,0.0004265011587,0.000426501157,3.454192804
7559,0.017578125,0.5849609375,-361.5946643,-472.6105417,10,7204,7132,0,0,0,0,0,0,2831.070247,0.004322725116,0.2499779255,4,0,0,15,8,0.0003532233088,0.0003532233061,2.959846257
7560,0.001953125,0.640625,-172.0114851,134.8255408,9,5505,7120,0,0,0,0,0,0,4366.593983,131.3043887,3993.348565,2.140496161e-05,0,0,6,2,0.0002290114455,0.0002290114443,0.3407143608
7561,0.00390625,0.642578125,-73.16749361,-12.18198779,9,7120,7113,0,0,0,0,0,0,1343.133684,-37.87479811,1305.598098,2.140496161e-05,0,0,7,5,0.000744527527,0.0007445275266,1.245505354
7562,0.005859375,0.640625,-204.6364258,-8.851292093,9,7120,6637,0,0,0,0,0,0,430.1849171,51.47141651,426.2598771,2.140496161e-05,0,0,11,7,0.002324581733,0.00232458173,4.590516452
7563,0.00390625,0.638671875,-40.7446266,146.7898028,9,7120,6639,0,0,0,0,0,0,865.373382,125.5681182,849.6353452,2.140496161e-05,0,0,11,5,0.001155570556,0.001155570555,2.33868456
7564,0.0078125,0.591796875,-381.5677621,-387.4846972,9,5885,7188,0,0,0,0,0,0,170.9991575,-0.3390793429,170.3755438,2.140496161e-05,0,0,38,18,0.005847982028,0.005847982021,5.95931582
7565,0.009765625,0.58984375,-380.2897928,-315.7920286,9,7188,6886,0,0,0,0,0,0,1031.496228,48.80254622,1009.213661,2.140496161e-05,0,0,41,21,0.0009694654935,0.0009694654919,1.379723772
7566,0.0078125,0.587890625,-374.9387638,-310.5504776,9,7188,5891,0,0,0,0,0,0,232.3400333,42.36293147,231.190271,2.140496161e-05,0,0,61,32,0.004304036571,0.004304036563,5.826208909
7567,0.005859375,0.58984375,-394.4818282,-322.1483387,9,7188,6885,0,0,0,0,0,0,281.49375,50.62517101,279.8078065,2.140496161e-05,0,0,24,10,0.003552476742,0.003552476734,4.863508536
7568,0.0087890625,0.5869140625,-374.2997792,-424.4457451,10,5891,7263,0,0,0,0,0,0,112.7084323,-0.04569564931,0.2494466991,4,0,0,59,35,0.008872450623,0.008872450612,12.03601234
7569,0.0087890625,0.5888671875,-377.6142783,-441.4029712,10,7263,7188,0,0,0,0,0,0,97.24491134,0.113182668,0.2493589409,4,0,0,56,31,0.01028331443,0.01028331442,9.966461508
7570,0.0107421875,0.5888671875,-379.6508082,-436.1227013,10,7263,6886,0,0,0,0,0,0,292.1981412,-0.04148607772,0.2497862869,4,0,0,41,17,0.003422335254,0.003422335242,2.603874344
7571,0.013671875,0.5859375,-311.8782874,-216.2559089,9,5892,6918,0,0,0,0,0,0,53.68551441,80.09052841,53.62389324,2.140496161e-05,0,0,38,17,0.01862699857,0.01862699856,0.3888462158
7572,0.01171875,0.583984375,-432.2377929,-387.9325471,9,6918,6883,0,0,0,0,0,0,37.87031396,32.06864187,37.83964067,2.140496161e-05,0,0,41,19,0.0264059073,0.0264059073,0.5292807654
7573,0.009765625,0.5859375,-351.7089389,-313.9776022,9,6918,5891,0,0,0,0,0,0,2140.794812,8.669413338,2046.99411,2.140496161e-05,0,0,38,20,0.0004671162291,0.0004671162259,1.57226429
7574,0.01171875,0.587890625,-357.0599679,-401.8695144,9,6918,6886,0,0,0,0,0,0,2692.24849,-67.54133306,2545.554604,2.140496161e-05,0,0,30,11,0.0003714367391,0.0003714367355,0.7188912533
7575,0.0107421875,0.5869140625,-354.3844534,-411.2794731,10,7263,6918,0,0,0,0,0,0,248.0058196,-0.02971274412,0.2497482436,4,0,0,44,21,0.004032163446,0.004032163435,7.230334697
7576,0.01171875,0.54296875,-614.4550856,-607.6557782,8,4368,5282,0,0,0,0,0,0,9570.561875,-26.52571069,4413.061414,0.000122112991,0,0,52,27,0.0001044870733,0.0001044870649,7.034887996
7577,0.01171875,0.53515625,-617.4086347,-616.0610987,8,5282,4427,0,0,0,0,0,0,46710.20939,-53.9480546,6967.592969,0.000122112991,0,0,101,42,2.140859596e-05,2.140858714e-05,0.9496530126
7578,0.00390625,0.53515625,-651.276604,-439.8370567,8,5282,3865,0,0,0,0,0,0,582.2074649,147.8831032,543.562815,0.000122112991,0,0,52,29,0.001717600787,0.001717600779,4.176378614
7579,0.00390625,0.54296875,-611.1014444,-481.2893327,8,5282,4426,0,0,0,0,0,0,274.9998599,98.95083683,266.0651126,0.000122112991,0,0,82,44,0.003636365488,0.003636365472,5.790928834
7580,0.00390625,0.53125,-652.7533785,-486.9534637,8,3865,5779,0,0,0,0,0,0,2409.942067,201.9965736,1861.986836,0.000122112991,0,0,31,17,0.0004149477341,0.0004149477309,1.86708599
7581,0.0078125,0.53515625,-634.3426194,-605.357978,8,5779,5282,0,0,0,0,0,0,1635.409697,80.29701313,1363.17679,0.000122112991,0,0,82,37,0.000611467574,0.0006114675561,3.564101931
7582,0.01171875,0.53125,-618.8854092,-745.8312481,8,5779,4427,0,0,0,0,0,0,3619.216414,-82.48832668,2509.940031,0.000122112991,0,0,182,84,0.0002763029025,0.000276302864,5.405782871
7583,0.0078125,0.52734375,-664.0509481,-691.00042,8,5779,5785,0,0,0,0,0,0,4631.646469,38.35125488,2958.414155,0.000122112991,0,0,128,64,0.0002159059433,0.0002159059236,7.331910402
7584,0.015625,0.53515625,-600.4746501,-682.7163827,8,4427,5780,0,0,0,0,0,0,73775.09386,-34.42641404,7370.951177,0.000122112991,0,0,38,14,1.355470997e-05,1.355470278e-05,5.049193599
7585,0.01171875,0.5390625,-615.9318602,-687.5648226,8,5780,5282,0,0,0,0,0,0,60681.16959,-16.96278424,7215.394125,0.000122112991,0,0,41,17,1.647957689e-05,1.647956974e-05,3.414584526
7586,0.015625,0.54296875,-597.521101,-657.3069942,8,5780,4368,0,0,0,0,0,0,67810.84748,9.999997916,7306.742464,0.000122112991,0,0,11,6,1.474690315e-05,1.474690093e-05,2.174731468
7587,0.02734375,0.53515625,-444.9776513,-429.5359872,8,3861,5281,0,0,0,0,0,0,57258.37015,9.939404423,7164.468943,0.000122112991,0,0,8,4,1.746469551e-05,1.746469281e-05,0.5539327601
7588,0.01953125,0.53515625,-548.6423171,-522.196029,8,5281,4427,0,0,0,0,0,0,657408.7821,-9.497907657,8088.38243,0.000122112991,0,0,9,4,1.52112358e-06,1.521122499e-06,0.9407596044
7589,0.01953125,0.54296875,-545.6887681,-477.027732,8,5281,4368,0,0,0,0,0,0,1271.283286,54.68741276,1100.44931,0.000122112991,0,0,27,14,0.0007866067393,0.0007866067348,4.397486151
7590,0.02734375,0.54296875,-502.0029191,-490.7355122,8,5281,4369,0,0,0,0,0,0,7322.680052,3.704127278,3865.854632,0.000122112991,0,0,28,15,0.0001365620228,0.0001365620165,1.328176108
7591,0.01953125,0.5390625,-547.1655426,-623.6778729,8,5780,5281,0,0,0,0,0,0,915408.3506,-2.49075733,8116.527384,0.000122112991,0,0,8,3,1.092408649e-06,1.092407668e-06,0.5812097421
7592,0.19140625,0.06640625,-177.6073462,-177.6073462,8,3324,7314,0,0,0,0,0,0,1e+300,0,1e+300,0,0,0,0,0,0,0,0
7593,0.19140625,0.07421875,-174.6736668,-174.6736668,8,7314,4845,0,0,0,0,0,0,1e+300,0,1e+300,0,0,0,0,0,0,0,0
7594,0.19921875,0.07421875,-148.0809168,-148.0809168,8,7314,4461,0,0,0,0,0,0,1e+300,0,1e+300,0,0,0,0,0,0,0,0
7595,0.1953125,0.0546875,-197.7011517,-188.5672211,7,3324,3994,0,0,0,0,0,0,47619.95817,12.64933494,12312.98427,6.021548133e-05,0,0,1,1,2.099959846e-05,2.099959846e-05,0.03506528439
7596,0.2109375,0.0546875,-173.8863876,-173.8863876,7,3994,3758,0,0,0,0,0,0,1e+300,0,1e+300,0,0,0,0,0,0,0,0
7597,0.2109375,0.0390625,-208.3623332,-208.3623332,7,3994,3755,0,0,0,0,0,0,1e+300,0,1e+300,0,0,0,0,0,0,0,0
7598,0.1875,0.015625,-213.0553985,-250.7887782,6,3351,3997,0,0,0,0,0,0,102.7600992,-36.36410964,100.7712634,0.000192060352,0,0,7,4,0.009731403605,0.009731403604,1.743478074
7599,0.171875,0.03125,-234.9003295,-192.8081242,6,3997,3756,0,0,0,0,0,0,340.2232329,42.23133445,319.3554631,0.000192060352,0,0,7,4,0.002939246657,0.002939246656,0.5270986543
7600,0.1875,0.046875,-199.2655068,-195.0857333,6,3997,3324,0,0,0,0,0,0,4770.717148,5.261256684,2489.590749,0.000192060352,0,0,1,1,0.0002096120916,0.0002096120916,0.3500118167
7601,0.203125,0.03125,-209.9266883,-209.9266883,6,3997,3755,0,0,0,0,0,0,1e+300,-0.7854399866,8457.377965,0,0,0,0,0,0,0,0
7602,0.1953125,0.0390625,-204.5960976,-201.9018438,7,3994,3997,0,0,0,0,0,0,1981.508459,6.353551601,1770.28277,6.021548133e-05,0,0,1,1,0.0005046660262,0.0005046660262,0.8426950528
7603,0.2109375,0.0625,-156.6484148,-156.6484148,7,3758,7319,0,0,0,0,0,0,1e+300,0,1e+300,0,0,0,0,0,0,0,0
7604,0.203125,0.0546875,-185.7937697,-185.7937697,7,7319,3994,0,0,0,0,0,0,1e+300,0,1e+300,0,0,0,0,0,0,0,0
7605,0.1953125,0.0625,-180.4631789,-180.4631789,7,7319,3324,0,0,0,0,0,0,1e+300,0,1e+300,0,0,0,0,0,0,0,0
7606,0.203125,0.0703125,-150.9367495,-150.9367495,7,7319,4461,0,0,0,0,0,0,1e+300,0,1e+300,0,0,0,0,0,0,0,0
7607,0.19921875,0.06640625,-165.6999642,-165.6999642,8,7314,7319,0,0,0,0,0,0,1e+300,0,1e+300,0,0,0,0,0,0,0,0
7608,0.1875,0.07421875,-187.9700418,-82.74796408,8,4845,7324,0,0,0,0,0,0,10025.12521,78.43902699,4507.298856,0.000122112991,0,0,2,1,9.974937757e-05,9.974937693e-05,0.1590173338
7609,0.19140625,0.0703125,-176.1405065,-176.1405065,8,7324,7314,0,0,0,0,0,0,1e+300,0,1e+300,0,0,0,0,0,0,0,0
7610,0.1875,0.06640625,-190.9037212,-190.9037212,8,7324,3324,0,0,0,0,0,0,1e+300,0,1e+300,0,0,0,0,0,0,0,0
7611,0.17578125,0.07421875,-213.5661236,-205.588645,8,4654,7043,0,0,0,0,0,0,3.302397885,8.090901379,3.301066679,0.000122112991,0,0,74,45,0.3028102714,0.3028102714,0.4916442119
7612,0.18359375,0.07421875,-196.5020691,-168.2487351,8,7043,4845,0,0,0,0,0,0,1.859596154,28.63914244,1.859173972,0.000122112991,0,0,28,17,0.5377511658,0.5377511658,0.7537441507
7613,0.18359375,0.06640625,-199.4357485,-183.6221223,8,7043,3324,0,0,0,0,0,0,500415.805,16.47649357,8057.282175,0.000122112991,0,0,6,1,1.998338162e-06,1.998336023e-06,0.00467526994
7614,0.1640625,0.0625,-259.3312488,-265.7974732,7,3981,7046,0,0,0,0,0,0,36.72846647,-5.488461572,36.64741623,6.021548133e-05,0,0,10,5,0.02722683782,0.02722683782,0.7904783101
7615,0.171875,0.0703125,-228.8211653,-259.4799536,7,7046,4654,0,0,0,0,0,0,26.01728453,-30.25725211,25.97658848,6.021548133e-05,0,0,58,34,0.03843598662,0.03843598661,0.155383184
7616,0.1796875,0.0625,-214.6907902,-157.9217733,7,7046,3324,0,0,0,0,0,0,2230.52054,57.71999771,1966.408536,6.021548133e-05,0,0,11,4,0.0004483258424,0.0004483258405,1.364526588
7617,0.1796875,0.0546875,-210.1879723,-114.5237391,7,3324,4145,0,0,0,0,0,0,38207.76187,96.13064596,11575.65852,6.021548133e-05,0,0,5,3,2.617269243e-05,2.617269225e-05,0.09056589458
7618,0.1796875,0.0390625,-217.0829182,-217.0829182,7,4145,3997,0,0,0,0,0,0,1e+300,0,1e+300,0,0,0,0,0,0,0,0
7619,0.1640625,0.0390625,-245.822795,-245.822795,7,4145,3756,0,0,0,0,0,0,1e+300,0,1e+300,0,0,0,0,0,0,0,0
7620,0.1640625,0.0546875,-254.8284309,-254.8284309,7,4145,3981,0,0,0,0,0,0,1e+300,56.45034026,1551.881403,0,0,0,0,0,0,0,0
7621,0.171875,0.0546875,-232.5082016,-287.7511373,7,7046,4145,0,0,0,0,0,0,11646.1622,-54.76313191,6845.532333,6.021548133e-05,0,0,5,3,8.586519603e-05,8.586519591e-05,0.2910389249
7622,0.17578125,0.06640625,-221.7559778,-180.213176,8,7043,7046,0,0,0,0,0,0,2.459537041,42.21906023,2.458798562,0.000122112991,0,0,54,30,0.4065805813,0.4065805813,0.6074334181
7623,0.18359375,0.0703125,-197.9689088,-128.4453928,8,7324,7043,0,0,0,0,0,0,1709.494312,42.74280186,1414.264523,0.000122112991,0,0,2,1,0.0005849683108,0.0005849683102,0.9325381558
7624,0,0.513671875,-682.9093284,-682.9093284,9,4428,6684,1,1,1,0,0,1,11262.83453,47.27610317,9075.022839,2.140496161e-05,0,111.824113,14,14,8.878759582e-05,8.878759582e-05,3.135695964
7625,0.001953125,0.51171875,-721.0906992,-1815.279164,9,6684,6683,0,0,0,0,0,0,846.3156839,-1034.075121,831.2571655,2.140496161e-05,0,0,15,8,0.001181592187,0.001181592186,0.9693185192
7626,0,0.509765625,-794.0934828,-208.6267232,9,6684,5939,0,0,0,0,0,0,507.1849691,600.2338207,501.7379639,2.140496161e-05,0,0,11,7,0.001971667263,0.001971667262,1.460205193
7627,0.0029296875,0.5126953125,-684.5893074,-678.8727226,10,6683,7373,0,0,0,0,0,0,2121.327003,0.03463305811,0.2499705408,4,0,0,10,5,0.000471403041,0.0004714030393,1.443159002
7628,0.0009765625,0.5126953125,-784.829165,-683.3456019,10,7373,6684,0,0,0,0,0,0,14301.86609,-0.007207564838,0.24999563,4,0,0,18,6,6.992094553e-05,6.992094401e-05,0.2598310542
7629,0.0009765625,0.5146484375,-812.066239,-660.1115708,10,7373,4428,0,0,0,0,0,0,3373.079927,0.001362141808,0.2499814723,4,0,0,20,12,0.0002964649583,0.0002964649576,1.161069203
7630,0.005859375,0.521484375,-738.1630529,-361.3834219,9,5785,7375,0,0,0,0,0,0,271.9732239,327.2764789,270.3990751,2.140496161e-05,0,0,27,16,0.003676832541,0.003676832537,0.08406125191
7631,0.005859375,0.517578125,-789.6923883,-574.4577057,9,7375,5938,0,0,0,0,0,0,3444.094654,151.2444336,3207.626163,2.140496161e-05,0,0,31,16,0.0002903520665,0.0002903520606,2.25119542
7632,0.001953125,0.517578125,-894.8953871,-894.8953871,9,7375,4428,1,1,1,0,0,1,80193.28268,-169.454982,29520.43792,2.140496161e-05,0,74.25971082,12,12,1.246987237e-05,1.246987237e-05,1.674556767
7633,0,0.52734375,-721.2166986,-348.4865872,8,3865,5937,0,0,0,0,0,0,262.0163746,279.5708572,253.8929176,0.000122112991,0,0,24,7,0.003816555364,0.003816555359,1.480584714
7634,0.00390625,0.5234375,-670.7826745,-670.7826745,8,5937,5785,1,0,0,0,0,1,14682.58454,0,0,0,0,0,37,22,6.810790001e-05,6.810789821e-05,2.350164158
7635,0,0.51953125,-706.0456698,-706.0456698,8,5937,4428,1,0,0,0,0,1,8419.055125,0,0,0,0,0,64,32,0.0001187781747,0.0001187781651,5.904409802
7636,0.001953125,0.521484375,-801.8397839,-801.8397839,9,7375,5937,1,1,1,0,0,1,111534.428,-113.4583796,32926.3589,2.140496161e-05,0,75.31395859,4,4,8.965841474e-06,8.965841474e-06,0.6435613528
7637,0.001953125,0.515625,-855.6888219,-267.3561558,9,4428,7378,0,0,0,0,0,0,14880.56012,473.5077034,11285.82407,2.140496161e-05,0,0,13,6,6.720177142e-05,6.720177095e-05,0.2879744335
7638,0.00390625,0.517578125,-809.8082712,-766.3781901,9,7378,7375,0,0,0,0,0,0,6692.437927,-42.35575042,5853.863868,2.140496161e-05,0,0,22,11,0.0001494223795,0.0001494223756,0.7994426119
7639,0.005859375,0.515625,-815.457056,-591.0084999,9,7378,5938,0,0,0,0,0,0,1706.641688,153.2147586,1646.494265,2.140496161e-05,0,0,17,7,0.0005859460758,0.0005859460692,3.347814864
7640,0.00390625,0.513671875,-728.2118903,-374.1120108,9,7378,6683,0,0,0,0,0,0,7248.6759,385.5462711,6275.053478,2.140496161e-05,0,0,11,6,0.0001379562301,0.0001379562292,0.6977602273
7641,0.0029296875,0.5146484375,-791.9503561,-661.7630275,10,7373,7378,0,0,0,0,0,0,1402.390898,0.02960500525,0.2499554412,4,0,0,12,7,0.0007130679483,0.0007130679453,2.584890448
7642,0.13671875,0.51171875,-133.4965015,-149.8077197,8,4178,6207,0,0,0,0,0,0,140.9684471,-21.10687145,138.5828707,0.000122112991,0,0,12,6,0.007093786025,0.007093786022,0.4313883928
7643,0.13671875,0.50390625,-117.6984349,-28.93429352,8,6207,5541,0,0,0,0,0,0,16790.55626,88.46651059,5504.477694,0.000122112991,0,0,2,2,5.95572883e-05,5.95572883e-05,0.003367906567
7644,0.12890625,0.50390625,-130.4823909,-130.0836567,8,6207,3282,0,0,0,0,0,0,11.0001673,0.3571651671,10.985411,0.000122112991,0,0,123,68,0.09090770826,0.09090770823,0.8999468467
7645,0.1015625,0.5234375,-179.6274332,-150.3986512,7,3860,4616,0,0,0,0,0,0,3.29738153,29.60470984,3.296726953,6.021548133e-05,0,0,167,86,0.3032709412,0.3032709412,1.105151222
7646,0.1171875,0.5234375,-166.6193532,-203.9819847,7,4616,3982,0,0,0,0,0,0,3.019928093,-37.46488098,3.01937903,6.021548133e-05,0,0,308,157,0.3311337121,0.3311337121,1.184079483
7647,0.1171875,0.5078125,-145.8593681,-60.9790902,7,4616,3282,0,0,0,0,0,0,16.79144801,86.56256926,16.77448724,6.021548133e-05,0,0,154,72,0.05955412536,0.05955412534,0.2414100855
7648,0.1015625,0.5078125,-186.7688933,-179.8239158,7,4616,3972,0,0,0,0,0,0,2.911372336,7.447531379,2.910862034,6.021548133e-05,0,0,112,50,0.3434806285,0.3434806285,0.9811675613
7649,0.125,0.5078125,-139.3553281,-166.4177215,7,3282,4618,0,0,0,0,0,0,31.47761828,-25.6191907,31.41806722,6.021548133e-05,0,0,227,124,0.03176860432,0.03176860429,0.6542326446
7650,0.1171875,0.515625,-156.2393607,-155.084854,7,4618,4616,0,0,0,0,0,0,1.698132992,1.944527577,1.697959369,6.021548133e-05,0,0,339,175,0.5888820279,0.5888820278,1.98452204
7651,0.125,0.5234375,-160.1153132,-185.9070797,7,4618,3982,0,0,0,0,0,0,2.79324137,-26.13310472,2.792771635,6.021548133e-05,0,0,304,159,0.3580070132,0.3580070132,1.202801476
7652,0.1328125,0.515625,-142.3694387,-236.0923684,7,4618,4178,0,0,0,0,0,0,50.14069415,-97.03381119,49.98976276,6.021548133e-05,0,0,96,52,0.01994388025,0.01994388024,0.1412686952
7653,0.12890625,0.51171875,-140.8623834,-128.5167218,8,6207,4618,0,0,0,0,0,0,7.642655928,11.41182215,7.635529936,0.000122112991,0,0,118,66,0.1308445663,0.1308445662,0.9817686961
7654,0.12890625,0.5,-122.5833576,-32.27859778,8,3282,6768,0,0,0,0,0,0,144.4140006,92.51220201,141.9114175,0.000122112991,0,0,31,18,0.006924536372,0.006924536365,6.21300567
7655,0.1328125,0.50390625,-124.0904129,-143.5691269,8,6768,6207,0,0,0,0,0,0,419.3350275,-19.64831389,398.9084214,0.000122112991,0,0,17,8,0.002384728044,0.00238472804,2.765492725
7656,0.13671875,0.5,-109.7994016,-119.7763031,8,6768,5541,0,0,0,0,0,0,11496.86026,-8.025521042,4782.554919,0.000122112991,0,0,1,1,8.698026918e-05,8.698026918e-05,0.2130236501
7657,0.1328125,0.49609375,-113.7107541,-182.9116222,8,6768,6372,0,0,0,0,0,0,279.7943354,-67.75541615,270.5505633,0.000122112991,0,0,15,11,0.003574053773,0.003574053772,2.978044136
7658,0.134765625,0.494140625,-109.2744523,-109.2744523,9,6372,7183,0,0,0,0,0,0,1e+300,0,1e+300,0,0,0,0,0,0,0,0
7659,0.134765625,0.498046875,-111.7550778,-111.7550778,9,7183,6768,0,0,0,0,0,0,1e+300,0,1e+300,0,0,0,0,0,0,0,0
7660,0.138671875,0.498046875,-105.3630999,-105.3630999,9,7183,5541,0,0,0,0,0,0,1e+300,0,1e+300,0,0,0,0,0,0,0,0
7661,0.138671875,0.494140625,-102.8824743,-102.8824743,9,7183,6771,0,0,0,0,0,0,1e+300,0,1e+300,0,0,0,0,0,0,0,0
7662,0.181640625,0.130859375,-169.8853196,-135.965807,9,6582,6631,0,0,0,0,0,0,37.90889433,36.73480689,37.87815854,2.140496161e-05,0,0,73,39,0.02637903367,0.02637903366,10.71413254
7663,0.185546875,0.130859375,-203.8459776,-166.3476283,9,6631,6621,0,0,0,0,0,0,55.16946652,44.57464194,55.10439372,2.140496161e-05,0,0,49,27,0.01812596828,0.01812596827,3.966125903
7664,0.185546875,0.126953125,-235.0318298,-272.157455,9,6631,3368,0,0,0,0,0,0,5746.162743,-26.79442384,5116.813178,2.140496161e-05,0,0,12,7,0.0001740291817,0.0001740291815,0.2818822588
7665,0.181640625,0.126953125,-193.500216,-163.1056507,9,6631,6577,0,0,0,0,0,0,451.0204073,31.93025244,446.7078564,2.140496161e-05,0,0,42,20,0.002217194574,0.002217194568,1.160367208
7666,0.1875,0.126953125,-252.0121588,-243.4328018,9,3368,7211,0,0,0,0,0,0,764.5580622,-57.32915265,752.2472827,2.140496161e-05,0,0,8,7,0.001307945138,0.001307945138,1.841711649
7667,0.185546875,0.12890625,-219.4389037,-151.2750219,9,7211,6631,0,0,0,0,0,0,1164.314073,-1.502581402,1136.002507,2.140496161e-05,0,0,18,11,0.0008588747855,0.0008588747846,1.196314361
7668,0.1875,0.130859375,-220.8263066,-206.0195071,9,7211,6621,0,0,0,0,0,0,930.3622384,-54.35661894,912.1964232,2.140496161e-05,0,0,13,6,0.001074850159,0.001074850156,0.5310805993
7669,0.19921875,0.11328125,-195.1024943,-656.5614159,8,4462,6812,0,0,0,0,0,0,2480.328981,-454.1582019,1903.72731,0.000122112991,0,0,2,1,0.0004031723241,0.000403172324,0.01496738838
7670,0.19140625,0.11328125,-221.6952443,-89.99435603,8,6812,4843,0,0,0,0,0,0,287497.6215,139.9622812,7962.336199,0.000122112991,0,0,2,1,3.478289645e-06,3.478288795e-06,0.0001291282204
7671,0.19140625,0.12109375,-243.4375547,-255.2638979,8,6812,3368,0,0,0,0,0,0,1.332119394e+12,6.193573654e-09,8189.136846,0.000122112991,0,0,1,0,7.50683463e-13,0,0.750683463
7672,0.19921875,0.12109375,-216.1516545,-222.0125944,8,6812,4467,0,0,0,0,0,0,1.499181695e+12,1.359571542e-06,8189.136852,0.000122112991,0,0,1,0,6.670305562e-13,0,0.6670305562
7673,0.19921875,0.125,-226.6762347,-226.6762347,8,4467,7216,0,0,0,0,0,0,1e+300,0,1e+300,0,0,0,0,0,0,0,0
7674,0.1953125,0.12109375,-229.7946046,-229.7946046,8,7216,6812,0,0,0,0,0,0,1e+300,0,1e+300,0,0,0,0,0,0,0,0
7675,0.19140625,0.125,-253.9621348,-253.9621348,8,7216,3368,0,0,0,0,0,0,1e+300,2.186542417e-06,31611.16241,0,0,0,0,0,0,0,0
7676,0.1953125,0.12890625,-223.7140229,-233.2949932,8,7216,6626,0,0,0,0,0,0,2.000206559e+12,5.40220725e-07,8189.136863,0.000122112991,0,0,2,0,4.999483657e-13,0,0.4999483657
7677,0.193359375,0.130859375,-222.232917,-234.0338469,9,6626,7220,0,0,0,0,0,0,2.044522344e+12,3.625188185e-07,46718.13925,2.140496161e-05,0,0,2,0,4.891117982e-13,0,0.4891117982
7678,0.193359375,0.126953125,-238.8380788,-249.1817862,9,7220,7216,0,0,0,0,0,0,1.470016715e+12,5.036747382e-06,46718.13883,2.140496161e-05,0,0,2,0,6.802643737e-13,0,0.6802643737
7679,0.189453125,0.126953125,-252.4810289,-16.14530908,9,7220,3368,0,0,0,0,0,0,3437.752959,249.6621333,3202.124708,2.140496161e-05,0,0,2,2,0.000290887685,0.000290887685,0.2202210556
7680,0.189453125,0.130859375,-221.2951767,-282.2086316,9,7220,6621,0,0,0,0,0,0,1935.631984,-50.8419502,1858.625186,2.140496161e-05,0,0,3,2,0.0005166271318,0.0005166271315,0.3154776608
7681,0.189453125,0.12890625,-236.8881028,-79.42801977,9,7211,7220,0,0,0,0,0,0,610.7005165,90.78883186,602.820435,2.140496161e-05,0,0,3,2,0.001637463819,0.001637463818,1.239667506
7682,0.193359375,0.134765625,-191.0470647,-170.5763679,9,6626,7221,0,0,0,0,0,0,2085.827495,29.01671843,1996.681539,2.140496161e-05,0,0,4,2,0.0004794260323,0.0004794260312,0.751531045
7683,0.189453125,0.134765625,-190.1093245,-248.3484985,9,7221,6621,0,0,0,0,0,0,1042.781666,-51.42257802,1020.014233,2.140496161e-05,0,0,13,7,0.0009589735151,0.0009589735128,1.1132324
7684,0.189453125,0.138671875,-158.9234722,-114.3679691,9,7221,4999,0,0,0,0,0,0,329.6221365,48.11719037,327.3127652,2.140496161e-05,0,0,19,7,0.003033776829,0.003033776824,2.269470994
7685,0.19921875,0.14453125,-135.668579,-28.73555673,8,4471,6627,0,0,0,0,0,0,666.8786373,111.9011365,616.6611196,0.000122112991,0,0,4,3,0.001499523218,0.001499523218,0.07709225312
7686,0.19140625,0.14453125,-133.7930985,-135.8570473,8,6627,4999,0,0,0,0,0,0,16.14686309,-0.5546858558,16.1150883,0.000122112991,0,0,176,85,0.06193153396,0.06193153392,9.189878422
7687,0.19140625,0.15234375,-113.7804629,-119.879431,8,6627,3993,0,0,0,0,0,0,11.07568955,-7.169070586,11.06073007,0.000122112991,0,0,212,103,0.09028783226,0.09028783222,18.272727
7688,0.19921875,0.15234375,-94.47640903,-96.53870853,8,6627,5002,0,0,0,0,0,0,22.58741517,-1.638776739,22.52528555,0.000122112991,0,0,70,37,0.04427244075,0.04427244074,3.88599103
7689,0.19140625,0.140625,-143.7994163,-128.87838,8,4999,6628,0,0,0,0,0,0,99.62713247,17.719982,98.42966015,0.000122112991,0,0,41,20,0.0100374263,0.0100374263,6.936527932
7690,0.1953125,0.14453125,-134.7308388,-128.1520297,8,6628,6627,0,0,0,0,0,0,91.58848477,9.8174977,90.57547562,0.000122112991,0,0,34,20,0.01091840314,0.01091840314,7.600783365
7691,0.19921875,0.140625,-145.6748968,-178.4155522,8,6628,4471,0,0,0,0,0,0,1796.394112,-26.48285841,1473.223336,0.000122112991,0,0,3,2,0.000556670718,0.0005566707177,0.5307389069
7692,0.1953125,0.13671875,-175.9230088,-224.3837947,8,6628,6626,0,0,0,0,0,0,3011.851487,-40.67750588,2201.989976,0.000122112991,0,0,4,1,0.0003320216831,0.0003320216829,0.5517074995
7693,0.193359375,0.138671875,-159.8612125,-105.3149525,9,7221,6628,0,0,0,0,0,0,1129.387374,59.83737288,1102.729448,2.140496161e-05,0,0,12,3,0.0008854357887,0.0008854357855,0.5502948863
7694,0.189453125,0.1328125,-205.7022506,-165.6456072,9,6621,7222,0,0,0,0,0,0,269.035231,-12.17982911,267.4948116,2.140496161e-05,0,0,5,4,0.003716985305,0.003716985304,2.05326465
7695,0.19140625,0.134765625,-190.5781946,-171.1285115,9,7222,7221,0,0,0,0,0,0,1028.879838,-33.549531,1006.708953,2.140496161e-05,0,0,4,3,0.0009719307958,0.0009719307949,1.327545468
7696,0.193359375,0.1328125,-206.6399909,-73.08244886,9,7222,6626,0,0,0,0,0,0,1636.173833,83.05049511,1580.810317,2.140496161e-05,0,0,1,1,0.0006111820028,0.0006111820028,0.822825078
7697,0.19140625,0.130859375,-221.7640468,-109.6184944,9,7222,7220,0,0,0,0,0,0,1107.278246,62.40124713,1081.64198,2.140496161e-05,0,0,2,2,0.0009031153678,0.0009031153678,0.7623476934
7698,0.63671875,0.73828125,237.2005262,237.2005262,8,4022,5069,0,0,0,0,0,0,1e+300,0,1e+300,0,0,0,0,0,0,0,0
7699,0.62890625,0.73828125,283.3430009,283.3430009,8,5069,4449,0,0,0,0,0,0,1e+300,0,1e+300,0,0,0,0,0,0,0,0
7700,0.62890625,0.74609375,243.7528064,243.7528064,8,5069,3302,0,0,0,0,0,0,1e+300,0,1e+300,0,0,0,0,0,0,0,0
7701,0.63671875,0.74609375,207.0620897,207.0620897,8,5069,4029,0,0,0,0,0,0,1e+300,0,1e+300,0,0,0,0,0,0,0,0
7702,0.62890625,0.734375,303.1380981,303.1380981,8,4449,5072,0,0,0,0,0,0,1e+300,0,1e+300,0,0,0,0,0,0,0,0
7703,0.6328125,0.73828125,260.2717635,260.2717635,8,5072,5069,0,0,0,0,0,0,1e+300,0,1e+300,0,0,0,0,0,0,0,0
7704,0.63671875,0.734375,256.9956234,256.9956234,8,5072,4022,0,0,0,0,0,0,1e+300,0,1e+300,0,0,0,0,0,0,0,0
7705,0.6328125,0.71875,217.9612498,181.0203739,7,3824,4450,0,0,0,0,0,0,375.1419938,-37.00314862,366.8549762,6.021548133e-05,0,0,100,37,0.002665657315,0.002665657303,4.839251073
7706,0.640625,0.7265625,231.8322775,236.9734191,7,4450,4022,0,0,0,0,0,0,116.4008034,0.1947056786,115.5906137,6.021548133e-05,0,0,194,97,0.008591005998,0.008591005969,12.8596151
7707,0.6484375,0.71875,241.5190882,212.9608175,7,4450,3683,0,0,0,0,0,0,59.63509818,-25.89767672,59.42171739,6.021548133e-05,0,0,209,107,0.01676864851,0.01676864847,2.478733985
7708,0.640625,0.7109375,217.94472,283.8210344,7,4450,4021,0,0,0,0,0,0,333.4483641,66.4938832,326.8849222,6.021548133e-05,0,0,23,12,0.00299896508,0.002998965076,0.5039242672
7709,0.63671875,0.73046875,226.9888722,235.7388213,8,4022,5068,0,0,0,0,0,0,1.113186693e+12,-1.721955158e-06,8189.136836,0.000122112991,0,0,1,0,8.983219132e-13,0,0.8983219132
7710,0.63671875,0.72265625,224.8967637,200.6047184,8,5068,4450,0,0,0,0,0,0,207.4690848,-26.79639959,202.3427967,0.000122112991,0,0,94,35,0.004819995234,0.004819995201,14.33215607
7711,0.62890625,0.72265625,213.1178445,208.4572665,8,5068,3824,0,0,0,0,0,0,202.0709766,-8.526365612,197.2048501,0.000122112991,0,0,125,50,0.004948756208,0.004948756174,13.13527256
7712,0.62890625,0.73046875,273.1313469,176.1440176,8,5068,4449,0,0,0,0,0,0,421.6296599,-79.05254839,400.9843934,0.000122112991,0,0,32,15,0.002371749654,0.002371749646,4.365526689
7713,0.6328125,0.73046875,250.0601095,250.0601095,8,5072,5068,0,0,0,0,0,0,1e+300,0,1e+300,0,0,0,0,0,0,0,0
7714,0.5625,0.44921875,145.8367629,145.8367629,8,4961,6646,0,0,0,0,0,0,1e+300,0,1e+300,0,0,0,0,0,0,0,0
7715,0.56640625,0.4453125,142.5229515,141.3424474,8,6646,6513,0,0,0,0,0,0,3.445603472,-0.4787914359,3.444154334,0.000122112991,0,0,529,259,0.2902249223,0.2902249222,35.54066583
7716,0.5625,0.44140625,137.8313314,129.109441,8,6646,3428,0,0,0,0,0,0,1.646689788,-8.483902221,1.646358735,0.000122112991,0,0,732,364,0.6072789223,0.607278922,72.79638129
7717,0.55078125,0.44921875,125.6248472,148.9832983,8,4486,6356,0,0,0,0,0,0,62.03484445,23.59448523,61.56844743,0.000122112991,0,0,190,102,0.01611997272,0.01611997271,1.525359935
7718,0.55859375,0.44921875,139.0994577,139.0994577,8,6356,4961,0,0,0,0,0,0,1e+300,-12.25701498,35.31518952,0,0,0,0,0,0,0,0
7719,0.55859375,0.44140625,131.0940261,111.0916644,8,6356,3428,0,0,0,0,0,0,4.687019735,-20.11812681,4.684338673,0.000122112991,0,0,567,290,0.213355193,0.2133551929,10.51928278
7720,0.5390625,0.4375,123.3578087,120.8193806,7,3819,5680,0,0,0,0,0,0,1.765377438,-2.650008182,1.765189793,6.021548133e-05,0,0,584,274,0.5664511048,0.5664511047,3.854113629
7721,0.546875,0.4453125,124.8691677,135.176397,7,5680,4486,0,0,0,0,0,0,7.365339574,10.42739205,7.362074439,6.021548133e-05,0,0,764,369,0.1357710653,0.1357710652,15.75871341
7722,0.5546875,0.4375,130.3383466,84.77681358,7,5680,3428,0,0,0,0,0,0,15.59038909,-45.79316954,15.57576683,6.021548133e-05,0,0,372,188,0.06414208102,0.06414208101,0.7612747038
7723,0.5546875,0.4296875,132.0191825,62.55477537,7,3428,5681,0,0,0,0,0,0,1600.115388,-69.73166274,1459.490929,6.021548133e-05,0,0,15,6,0.0006249549299,0.0006249549266,0.5101190314
7724,0.5546875,0.4140625,118.1537708,101.7646193,7,5681,3766,0,0,0,0,0,0,855.4716656,-16.54939653,813.5628946,6.021548133e-05,0,0,17,10,0.001168945788,0.001168945784,3.371926247
7725,0.5390625,0.4140625,128.4003164,44.8728851,7,5681,3582,0,0,0,0,0,0,490.01223,-83.74586864,475.9681601,6.021548133e-05,0,0,35,18,0.002040765391,0.002040765382,2.893705053
7726,0.5390625,0.4296875,125.0386446,164.385999,7,5681,3819,0,0,0,0,0,0,4.409543587,39.20015522,4.408373064,6.021548133e-05,0,0,35,18,0.2267808403,0.2267808403,1.238096519
7727,0.546875,0.4296875,128.5289136,161.0738543,7,5680,5681,0,0,0,0,0,0,1.766898441,32.33771332,1.766710472,6.021548133e-05,0,0,18,10,0.5659634854,0.5659634854,2.997573835
7728,0.55078125,0.44140625,127.6037572,118.8435036,8,6356,5680,0,0,0,0,0,0,3.678308186,-8.815990494,3.676656745,0.000122112991,0,0,554,287,0.2718641151,0.271864115,8.466247439
7729,0.55859375,0.4453125,135.0967419,129.8463941,8,6646,6356,0,0,0,0,0,0,4.644456418,-4.836460071,4.641823815,0.000122112991,0,0,203,105,0.2153104497,0.2153104496,31.87934468
7730,0.568359375,0.447265625,144.8687616,144.8687616,9,6513,7272,0,0,0,0,0,0,1e+300,0,1e+300,0,0,0,0,0,0,0,0
7731,0.564453125,0.447265625,144.1798572,144.1798572,9,7272,6646,0,0,0,0,0,0,1e+300,0,1e+300,0,0,0,0,0,0,0,0
7732,0.564453125,0.451171875,148.182573,148.182573,9,7272,4961,0,0,0,0,0,0,1e+300,0,1e+300,0,0,0,0,0,0,0,0
7733,0.568359375,0.451171875,148.8714774,148.8714774,9,7272,6645,0,0,0,0,0,0,1e+300,0,1e+300,0,0,0,0,0,0,0,0
7734,0.04296875,0.66796875,-221.0414773,-202.1270544,8,4963,7344,0,0,0,0,0,0,23.35091524,2.330635064,23.28452059,0.000122112991,0,0,237,121,0.04282487388,0.04282487384,36.41470427
7735,0.04296875,0.66015625,-222.9459849,-212.7859492,8,7344,6100,0,0,0,0,0,0,33.36840168,-6.021183849,33.23298672,0.000122112991,0,0,177,91,0.02996847166,0.02996847163,27.41484897
7736,0.03515625,0.66015625,-239.6578488,-208.0546306,8,7344,3833,0,0,0,0,0,0,27.36968178,15.03634397,27.27851171,0.000122112991,0,0,260,126,0.03653677847,0.03653677843,41.27487735
7737,0.03125,0.6796875,-151.0261612,-178.9099278,7,3837,6047,0,0,0,0,0,0,37.24103826,-23.92688671,37.15771257,6.021548133e-05,0,0,214,111,0.02685209776,0.02685209773,25.11321686
7738,0.0390625,0.671875,-197.7030386,-185.6815122,7,6047,4963,0,0,0,0,0,0,23.24226419,12.47054951,23.20978108,6.021548133e-05,0,0,334,174,0.04302506812,0.04302506808,38.21055353
7739,0.03125,0.6640625,-216.3194101,-205.1585461,7,6047,3833,0,0,0,0,0,0,10.79563181,11.62680066,10.78861852,6.021548133e-05,0,0,569,277,0.0926300579,0.0926300578,54.39127779
7740,0.0234375,0.671875,-156.4419341,-157.7971027,7,6047,4966,0,0,0,0,0,0,9.944888564,-3.969629614,9.938936769,6.021548133e-05,0,0,495,244,0.1005541685,0.1005541684,68.31834515
7741,0.03515625,0.66796875,-207.0112244,-189.7413616,8,7344,6047,0,0,0,0,0,0,17.63069418,2.448460094,17.59281796,0.000122112991,0,0,320,156,0.05671926412,0.05671926405,46.24538032
7742,0.005859375,0.525390625,-686.6337175,-669.785737,9,5785,7376,0,0,0,0,0,0,7514.302657,25.04179959,6473.140922,2.140496161e-05,0,0,25,17,0.0001330795479,0.0001330795456,2.744278154
7743,0.001953125,0.525390625,-726.8654834,-343.4522443,9,7376,5937,0,0,0,0,0,0,311.6078574,348.015893,309.5432183,2.140496161e-05,0,0,37,15,0.003209161695,0.003209161688,1.587172963
7744,0.001953125,0.529296875,-675.3361479,-273.6244876,9,7376,3865,0,0,0,0,0,0,332.5966226,380.8014114,330.2455327,2.140496161e-05,0,0,41,17,0.003006645083,0.003006645074,2.000358934
7745,0.005859375,0.529296875,-722.2430353,-772.8044982,9,7376,5779,0,0,0,0,0,0,5664.020448,-20.44376797,5051.576685,2.140496161e-05,0,0,31,20,0.0001765530349,0.0001765530329,1.838148025
7746,0,0.638671875,37.73103485,192.8215144,9,5505,7106,0,0,0,0,0,0,3121.747734,136.6325456,2926.215415,2.140496161e-05,0,0,2,2,0.000320333379,0.000320333379,0.6350277804
7747,0.001953125,0.63671875,116.2083652,313.2563662,9,7106,6639,0,0,0,0,0,0,555.7470602,239.366865,549.2137537,2.140496161e-05,0,0,8,4,0.001799379739,0.001799379738,1.574418771
7748,0,0.634765625,213.4330215,178.9499246,9,7106,6638,0,0,0,0,0,0,551.8791705,-48.77223526,545.4359614,2.140496161e-05,0,0,6,3,0.001811990837,0.001811990836,1.179106566
7749,0.0029296875,0.6376953125,67.59603708,80.63344109,10,6639,7111,0,0,0,0,0,0,1133.830194,0.01011465981,0.2499448893,4,0,0,5,2,0.0008819662816,0.00088196628,0.9921740648
7750,0.0009765625,0.6376953125,76.96970003,148.6921399,10,7111,7106,0,0,0,0,0,0,2138.181902,0.002750315167,0.249970773,4,0,0,4,3,0.0004676870566,0.0004676870564,0.7136056591
7751,0.0009765625,0.6396484375,-10.88129329,62.92170278,10,7111,5505,0,0,0,0,0,0,1782.120264,-0.00109119621,0.2499649343,4,0,0,4,2,0.0005611293582,0.0005611293562,1.070461894
7752,0.0029296875,0.6396484375,62.11805282,96.0219418,10,7111,7120,0,0,0,0,0,0,343552.6242,0.0003688136182,0.2499998181,4,0,0,5,1,2.910762223e-06,2.910761105e-06,0.004619405889
7753,0.0029296875,0.5888671875,-332.5534749,-274.7448486,10,6885,7336,0,0,0,0,0,0,271.3105989,-0.007295200376,0.2497698488,4,0,0,25,14,0.003685812512,0.003685812508,4.081619032
7754,0.0029296875,0.5869140625,-318.1836179,-307.8731416,10,7336,7308,0,0,0,0,0,0,268.1506253,0.01732740542,0.2497671391,4,0,0,28,18,0.003729247317,0.003729247315,5.608378489
7755,0.0009765625,0.5869140625,-149.6839279,-149.6839279,10,7336,6732,1,0,0,0,0,1,1e+300,0,0,0,0,0,9,4,0,0,0
7756,0,0.591796875,4.521250652,-41.61845305,9,3863,7307,0,0,0,0,0,0,142.5025695,-87.51332714,142.0692211,2.140496161e-05,0,0,24,13,0.007017417326,0.007017417323,4.43886413
7757,0.001953125,0.58984375,-220.195233,51.81610329,9,7307,6885,0,0,0,0,0,0,147.3536624,245.1780216,146.8903556,2.140496161e-05,0,0,32,17,0.00678639393,0.006786393925,4.733630664
7758,0,0.587890625,-68.30873753,-68.30873753,9,7307,6732,1,0,0,0,0,1,490.3496898,0,0,0,0,0,12,6,0.002039360931,0.00203936093,1.113242009
7759,0.0009765625,0.5888671875,-142.0383144,-92.57214356,10,7336,7307,0,0,0,0,0,0,844.3490922,0.009822134852,0.2499260004,4,0,0,11,6,0.001184344259,0.001184344258,1.358685056
7760,0.0078125,0.595703125,-377.7140349,-321.5835935,9,5885,7186,0,0,0,0,0,0,167.9134128,18.43282679,167.3120631,2.140496161e-05,0,0,42,23,0.005955450392,0.005955450386,7.636448965
7761,0.005859375,0.59765625,-359.5913872,-295.5189857,9,7186,6642,0,0,0,0,0,0,353.1202249,5.967259558,350.4711797,2.140496161e-05,0,0,14,9,0.002831896701,0.002831896699,3.758173684
7762,0.0078125,0.599609375,-363.3775824,-314.0813695,9,7186,5511,0,0,0,0,0,0,264.2315431,9.361445903,262.7454899,2.140496161e-05,0,0,31,15,0.003784559512,0.003784559508,7.305664964
7763,0.009765625,0.599609375,-365.4141123,-349.691898,9,5511,6641,0,0,0,0,0,0,364.8546215,24.27447833,362.0272972,2.140496161e-05,0,0,69,30,0.002740817688,0.002740817676,6.009528072
7764,0.013671875,0.599609375,-376.2752009,-372.5777382,9,6641,5886,0,0,0,0,0,0,290.372787,4.071753361,288.5791469,2.140496161e-05,0,0,98,45,0.003443848889,0.003443848868,8.96225562
7765,0.013671875,0.595703125,-383.8236246,-354.179664,9,6641,4642,0,0,0,0,0,0,179.2851781,25.49043996,178.599785,2.140496161e-05,0,0,103,53,0.005577705923,0.005577705908,4.589042433
7766,0.009765625,0.595703125,-379.7505648,-357.1582699,9,6641,5885,0,0,0,0,0,0,184.9768018,33.38171134,184.2472892,2.140496161e-05,0,0,83,45,0.005406083305,0.005406083297,4.955359511
7767,0.009765625,0.59765625,-372.5823386,-330.9042573,9,7186,6641,0,0,0,0,0,0,236.7577651,-4.609578146,235.5639761,2.140496161e-05,0,0,59,29,0.004223726303,0.004223726299,5.317520711
7768,0.171875,0.15234375,-162.9860917,-172.2006258,8,5000,7161,0,0,0,0,0,0,13.66667117,-10.22177103,13.64390116,0.000122112991,0,0,268,132,0.07317070762,0.07317070757,19.52802623
7769,0.17578125,0.1484375,-173.6937763,-167.194569,8,7161,6581,0,0,0,0,0,0,11.44869015,7.561846515,11.43270684,0.000122112991,0,0,262,130,0.08734623674,0.0873462367,31.16378719
7770,0.171875,0.14453125,-207.7066155,-207.7066155,8,7161,4539,1,0,0,0,0,1,54.99178555,0,0,0,0,0,123,61,0.01818453411,0.0181845341,4.88771685
7771,0.16015625,0.15234375,-192.2489083,-192.2489083,8,3910,6580,1,0,0,0,0,1,2.814649965,0,0,0,0,0,119,54,0.3552839652,0.3552839651,0.5732033139
7772,0.16796875,0.15234375,-172.8744922,-157.7257552,8,6580,5000,0,0,0,0,0,0,47.69984897,14.34391955,47.42361725,0.000122112991,0,0,210,100,0.02096442697,0.02096442694,12.08216432
7773,0.16796875,0.14453125,-217.7971653,-217.7971653,8,6580,4539,1,0,0,0,0,1,2.616255778,0,0,0,0,0,215,112,0.382225625,0.382225625,0.6669046563
7774,0.16015625,0.14453125,-192.8431948,-204.0529444,8,6580,4659,0,0,0,0,0,0,34.08353268,-13.58665522,33.94226355,0.000122112991,0,0,83,41,0.02933968169,0.02933968168,2.283129065
7775,0.16796875,0.1484375,-193.4705772,-259.7024027,8,7161,6580,0,0,0,0,0,0,21.24728285,-64.76434721,21.19229797,0.000122112991,0,0,143,72,0.04706484151,0.04706484149,0.1560399318
7776,0.173828125,0.142578125,-86.99628987,-86.99628987,9,4539,7164,1,1,1,0,0,1,254.8960762,103.5577967,253.5128994,2.140496161e-05,0,55.06426058,36,36,0.003923167491,0.003923167491,2.183515052
7777,0.173828125,0.146484375,-188.936019,-157.4445135,9,7164,7161,0,0,0,0,0,0,50.81383845,10.22635194,50.7586299,2.140496161e-05,0,0,112,55,0.01967967842,0.0196796784,9.896637558
7778,0.177734375,0.146484375,-179.0476185,-139.6791368,9,7164,6581,0,0,0,0,0,0,27.39544359,17.9009086,27.37938836,2.140496161e-05,0,0,141,72,0.03650242043,0.03650242041,21.91315035
7779,0.177734375,0.142578125,-153.5045294,-141.0437919,9,7164,6622,0,0,0,0,0,0,40.68331899,-2.200841858,40.64792177,2.140496161e-05,0,0,80,42,0.02458009879,0.02458009878,12.64431098
7780,0.15625,0.1796875,-199.0700024,-187.1351815,7,4390,6253,0,0,0,0,0,0,30.66785826,13.2740827,30.61132893,6.021548133e-05,0,0,122,65,0.03260742865,0.03260742862,22.24998871
7781,0.1640625,0.171875,-188.4241386,-160.9055298,7,6253,4538,0,0,0,0,0,0,79.55098587,24.98992165,79.17173734,6.021548133e-05,0,0,90,47,0.01257055446,0.01257055445,10.71834856
7782,0.15625,0.1640625,-187.6524065,-192.8304468,7,6253,3910,0,0,0,0,0,0,24.18545316,-6.378189279,24.15028217,6.021548133e-05,0,0,303,144,0.04134716822,0.04134716819,8.162097284
7783,0.1484375,0.1640625,-207.7326157,-207.7326157,7,3910,4537,1,0,0,0,0,1,4.149383941,0,0,0,0,0,699,336,0.2409996313,0.2409996313,0.6314594555
7784,0.1328125,0.1640625,-265.1009432,-291.6306202,7,4537,4391,0,0,0,0,0,0,7.192805968,-25.02254949,7.189691981,6.021548133e-05,0,0,65,28,0.1390278015,0.1390278014,0.3653384677
7785,0.1328125,0.1796875,-260.3783781,-245.5350782,7,4537,3355,0,0,0,0,0,0,88.28968443,18.70946073,87.82278287,6.021548133e-05,0,0,99,56,0.0113263515,0.0113263515,5.528109771
7786,0.1484375,0.1796875,-219.5061276,-219.3386963,7,4537,4390,0,0,0,0,0,0,42.91563657,2.348992846,42.80502045,6.021548133e-05,0,0,170,92,0.02330153016,0.02330153015,9.975356796
7787,0.1484375,0.171875,-213.7973297,-219.8292854,7,6253,4537,0,0,0,0,0,0,31.7794691,-5.120099667,31.71877155,6.021548133e-05,0,0,182,91,0.03146685669,0.03146685667,8.546118593
7788,0.16015625,0.16015625,-182.3294746,-184.3073919,8,3910,6537,0,0,0,0,0,0,23.20708764,-5.112040772,23.14150723,0.000122112991,0,0,150,83,0.04309028411,0.04309028409,15.76446914
7789,0.16015625,0.16796875,-188.0382726,-194.7146566,8,6537,6253,0,0,0,0,0,0,29.61760035,-8.540802079,29.51086858,0.000122112991,0,0,144,75,0.03376370767,0.03376370765,10.92165682
7790,0.16796875,0.16796875,-183.1012068,-167.565078,8,6537,4538,0,0,0,0,0,0,110.0630522,11.07346711,108.6034084,0.000122112991,0,0,84,39,0.00908570115,0.00908570114,9.148651377
7791,0.16796875,0.16015625,-162.5526737,-193.556228,8,6537,5000,0,0,0,0,0,0,59.73212424,-34.54251696,59.29958899,0.000122112991,0,0,157,85,0.0167414103,0.01674141028,11.65892032
7792,0.171875,0.16015625,-152.6642733,-154.9596049,8,5000,7163,0,0,0,0,0,0,29.17542519,4.44017302,29.07185095,0.000122112991,0,0,144,71,0.03427542165,0.03427542162,23.90748023
7793,0.16796875,0.1640625,-172.8269402,-207.410151,8,7163,6537,0,0,0,0,0,0,71.50551862,-28.10713605,70.88655475,0.000122112991,0,0,76,36,0.01398493458,0.01398493457,12.17444523
7794,0.171875,0.16796875,-173.2128063,-155.8273851,8,7163,4538,0,0,0,0,0,0,61.94940606,23.19722684,61.48428804,0.000122112991,0,0,87,39,0.0161422048,0.01614220479,8.741107246
7795,0.1875,0.1640625,-142.9382749,-142.9382749,7,3993,5001,1,1,1,0,0,1,26.03565366,-38.31033614,25.99490015,6.021548133e-05,0,36.1701663,187,187,0.03840886858,0.03840886858,20.60274196
7796,0.1796875,0.171875,-148.2112125,-148.1713096,7,5001,4538,0,0,0,0,0,0,17.17507665,-3.735923103,17.15733245,6.021548133e-05,0,0,321,161,0.05822390317,0.05822390312,29.75706875
7797,0.1875,0.1796875,-117.9848257,-114.5262318,7,5001,3323,0,0,0,0,0,0,19.63312277,1.866117695,19.60993954,6.021548133e-05,0,0,223,116,0.05093433235,0.05093433231,22.76564685
7798,0.1953125,0.171875,-93.63129821,-82.05825429,7,5001,4468,0,0,0,0,0,0,105.0663682,10.64194807,104.405832,6.021548133e-05,0,0,80,43,0.009517793537,0.00951779353,5.03279655
7799,0.17578125,0.16796875,-163.3244059,-139.5731452,8,4538,6540,0,0,0,0,0,0,33.91156546,18.88375985,33.77171534,0.000122112991,0,0,209,101,0.02948846467,0.02948846464,14.41621077
7800,0.18359375,0.16796875,-128.0485455,-137.0633943,8,6540,5001,0,0,0,0,0,0,24.79512985,-12.53124484,24.7202816,0.000122112991,0,0,252,125,0.04033050062,0.04033050058,26.9184696
7801,0.18359375,0.16015625,-146.8907916,-146.8907916,8,6540,3993,1,1,1,0,0,1,27.64275149,-28.24256034,27.54975619,0.000122112991,0,24.44335521,193,193,0.03617584887,0.03617584887,15.60846139
7802,0.17578125,0.16015625,-142.7758728,-161.0713062,8,6540,5000,0,0,0,0,0,0,33.93592812,-22.23923518,33.79587741,0.000122112991,0,0,221,116,0.02946729485,0.02946729484,13.87943854
7803,0.17578125,0.1640625,-153.0501393,-152.3500315,8,7163,6540,0,0,0,0,0,0,21.46862959,6.77134343,21.41249462,0.000122112991,0,0,155,74,0.04657959167,0.04657959164,23.97372414
7804,0.009765625,0.568359375,-224.2279438,-224.2279438,9,5890,6730,1,1,1,0,0,1,17138.26438,406.2355792,12189.10566,2.197201345e-05,0,138.7306564,13,13,5.834896568e-05,5.834896568e-05,0.470658217
7805,0.013671875,0.568359375,-488.4757299,-540.8850814,9,6730,6618,0,0,0,0,0,0,6185.55791,-23.535002,5462.335755,2.140496161e-05,0,0,12,4,0.0001616669045,0.0001616669028,1.148608444
7806,0.013671875,0.564453125,-579.6865058,-489.8817208,9,6730,4362,0,0,0,0,0,0,3742.528548,65.91410221,3464.955534,2.140496161e-05,0,0,12,7,0.0002671990306,0.0002671990287,2.109539315
7807,0.009765625,0.564453125,-623.4592367,-501.3181849,9,6730,6617,0,0,0,0,0,0,4542.628335,102.8742292,4140.069561,2.140496161e-05,0,0,13,7,0.0002201368737,0.0002201368728,0.8698382868
7808,0.013671875,0.5703125,-442.8703419,-487.5696281,9,6618,7099,0,0,0,0,0,0,3952.995535,34.5010655,3644.611414,2.140496161e-05,0,0,9,2,0.0002529727117,0.0002529727076,0.7531310102
7809,0.01171875,0.568359375,-584.7878626,-615.0520669,9,7099,6730,0,0,0,0,0,0,44889.26333,0.9682065589,22892.72285,2.140496161e-05,0,0,10,2,2.22770419e-05,2.227703975e-05,0.9057957024
7810,0.009765625,0.5703125,-569.3878748,-569.3878748,9,7099,5890,1,1,1,0,0,1,1209096.105,97.99271208,43674.01517,2.197201345e-05,0,232.5114318,2,2,8.270641149e-07,8.270641149e-07,0.0558741369
7811,0.01171875,0.572265625,-625.9778426,-746.7190831,9,7099,6729,0,0,0,0,0,0,9934.601026,-74.46830661,8192.473546,2.140496161e-05,0,0,11,8,0.0001006582949,0.0001006582946,0.8450453979
7812,0.015625,0.62890625,-285.3600087,-262.5494475,8,4967,5508,0,0,0,0,0,0,289.0757677,20.26474807,279.2193507,0.000122112991,0,0,22,15,0.003459300681,0.003459300677,5.556508776
7813,0.01171875,0.6328125,-225.8543636,-190.2598649,8,5508,5502,0,0,0,0,0,0,1172.620347,48.29020108,1025.742101,0.000122112991,0,0,16,10,0.0008527909333,0.0008527909312,1.998892175
7814,0.015625,0.63671875,-285.919188,-194.2270127,8,5508,4965,0,0,0,0,0,0,365.8352368,90.01309914,350.1910688,0.000122112991,0,0,35,18,0.002733470971,0.002733470967,3.576109287
7815,0.01953125,0.63671875,-280.111513,-257.5224122,8,4965,5501,0,0,0,0,0,0,62.42393176,21.73094223,61.95168811,0.000122112991,0,0,108,60,0.0160194972,0.01601949718,14.67139412
7816,0.02734375,0.63671875,-254.6624709,-255.6885402,8,5501,4968,0,0,0,0,0,0,44.13843203,-0.8934864531,43.90180674,0.000122112991,0,0,149,77,0.02265599284,0.02265599281,21.4214645
7817,0.02734375,0.62890625,-267.9369836,-260.7424464,8,5501,3922,0,0,0,0,0,0,47.4690187,7.111477163,47.19544634,0.000122112991,0,0,91,43,0.02106637187,0.02106637185,17.26964561
7818,0.01953125,0.62890625,-279.5523337,-284.2571834,8,5501,4967,0,0,0,0,0,0,223.7937275,-6.429745127,217.8405544,0.000122112991,0,0,38,22,0.004468400482,0.004468400478,4.12997983
7819,0.01953125,0.6328125,-279.8319233,-244.9601342,8,5508,5501,0,0,0,0,0,0,575.7063581,33.58026217,537.8918986,0.000122112991,0,0,44,26,0.001736996623,0.001736996618,3.120050701
7820,0.013671875,0.638671875,-256.1663655,-134.0984495,9,4965,6633,0,0,0,0,0,0,561.0944186,128.0095975,554.4355344,2.140496161e-05,0,0,25,10,0.001782231238,0.001782231233,4.266141261
7821,0.013671875,0.634765625,-255.8867758,-260.6942081,9,6633,5508,0,0,0,0,0,0,537.8704428,0.7008807537,531.7483727,2.140496161e-05,0,0,17,9,0.001859183774,0.001859183772,3.297137296
7822,0.009765625,0.634765625,-196.101541,-131.9777775,9,6633,5502,0,0,0,0,0,0,686.4637927,84.44022372,676.5231435,2.140496161e-05,0,0,19,11,0.00145674107,0.001456741068,2.711913897
7823,0.009765625,0.638671875,-197.1466606,-68.25536218,9,6633,6637,0,0,0,0,0,0,570.1376484,130.0088241,563.2637051,2.140496161e-05,0,0,30,11,0.001753962403,0.001753962399,4.861841551
7824,0.0078125,0.638671875,-167.6368082,-86.67783517,9,6637,7123,0,0,0,0,0,0,768.9485676,28.72064755,756.4971432,2.140496161e-05,0,0,14,5,0.001300477096,0.001300477092,1.965586136
7825,0.009765625,0.63671875,-196.6241008,-72.6779651,9,7123,6633,0,0,0,0,0,0,538.5217419,83.71935548,532.3849211,2.140496161e-05,0,0,21,9,0.00185693524,0.001856935235,4.041408751
7826,0.0078125,0.634765625,-166.5916886,74.37927863,9,7123,5502,0,0,0,0,0,0,2251.503533,207.9315763,2147.984949,2.140496161e-05,0,0,11,5,0.0004441476487,0.0004441476468,0.9239935027
7827,0.005859375,0.63671875,-30.13977308,136.8970246,9,7123,6639,0,0,0,0,0,0,939.5145102,170.7511141,920.9930887,2.140496161e-05,0,0,4,1,0.001064379516,0.001064379515,0.6175033374
7828,0.173828125,0.138671875,-202.9087762,-198.1549747,9,4539,6629,0,0,0,0,0,0,264.1939047,8.875374326,262.7082736,2.140496161e-05,0,0,62,26,0.00378509868,0.00378509867,2.985615489
7829,0.177734375,0.138671875,-146.8812016,-128.5637736,9,6629,6622,0,0,0,0,0,0,390.6881348,26.77027927,387.4480369,2.140496161e-05,0,0,28,10,0.002559586306,0.002559586299,3.041172944
7830,0.177734375,0.134765625,-159.177635,-164.0459637,9,6629,6582,0,0,0,0,0,0,143.6867577,-4.122910515,143.2461883,2.140496161e-05,0,0,40,16,0.006959583585,0.006959583575,3.978612369
7831,0.171875,0.12890625,-171.7692483,-168.9562737,8,4656,6584,0,0,0,0,0,0,29.10284581,4.042941965,28.99978534,0.000122112991,0,0,103,48,0.03436090087,0.03436090085,17.80568338
7832,0.16796875,0.1328125,-196.5901977,-159.6499273,8,6584,6583,0,0,0,0,0,0,41.89898871,37.17655624,41.68570751,0.000122112991,0,0,94,42,0.02386692449,0.02386692447,11.99955665
7833,0.171875,0.13671875,-207.1059806,-153.7757855,8,6584,4539,0,0,0,0,0,0,113.3258791,57.61328436,111.7790183,0.000122112991,0,0,81,36,0.008824109794,0.008824109783,4.621423449
7834,0.17578125,0.1328125,-163.3748394,-165.3346642,8,6584,6582,0,0,0,0,0,0,65.93042473,-1.052890183,65.40386078,0.000122112991,0,0,78,40,0.01516750429,0.01516750428,8.65919907
7835,0.173828125,0.134765625,-185.24041,-174.2954884,9,6629,6584,0,0,0,0,0,0,96.402356,13.53993352,96.20384046,2.140496161e-05,0,0,50,20,0.01037319046,0.01037319045,6.319247571
7836,0.177734375,0.140625,-140.7329849,-134.2485315,9,6622,7159,0,0,0,0,0,0,123.0422231,1.015038114,122.7190163,2.140496161e-05,0,0,20,10,0.008127291389,0.008127291385,2.7309432
7837,0.17578125,0.138671875,-174.8949889,-172.7961688,9,7159,6629,0,0,0,0,0,0,89.98965239,-9.389950946,89.81664532,2.140496161e-05,0,0,38,18,0.01111238874,0.01111238873,5.168058459
7838,0.173828125,0.140625,-196.7605595,-128.8985707,9,7159,4539,0,0,0,0,0,0,226.8233689,58.06129508,225.7274294,2.140496161e-05,0,0,37,19,0.004408716812,0.004408716808,1.837995303
7839,0.17578125,0.142578125,-154.9607706,-131.8335718,9,7159,7164,0,0,0,0,0,0,77.12592116,15.08154315,76.99880557,2.140496161e-05,0,0,37,19,0.01296580948,0.01296580948,4.264322577
7840,0.0126953125,0.5888671875,-359.7354825,-385.2508701,10,6886,7266,0,0,0,0,0,0,10837.80555,-0.0006304935362,0.2499942333,4,0,0,10,4,9.226960153e-05,9.226959935e-05,0.7225679026
7841,0.0146484375,0.5888671875,-384.9430651,-414.5729324,10,7266,6915,0,0,0,0,0,0,6748.496792,0.01317228727,0.249990739,4,0,0,13,7,0.0001481811477,0.0001481811456,0.7202848415
7842,0.0146484375,0.5869140625,-314.5538019,-347.2715032,10,7266,5892,0,0,0,0,0,0,1982.566494,-0.003007541021,0.2499684792,4,0,0,24,11,0.0005043967013,0.0005043966978,2.096773303
7843,0.0126953125,0.5869140625,-334.4691277,-360.4147251,10,7266,6918,0,0,0,0,0,0,1724.748709,0.004059623329,0.2499637681,4,0,0,21,8,0.0005797946071,0.0005797946041,2.306910432
7844,0.15234375,0.140625,-197.6652053,-208.4495857,8,4659,6940,0,0,0,0,0,0,104.7501119,-13.31376146,103.4271392,0.000122112991,0,0,41,17,0.009546529182,0.009546529178,1.847819509
7845,0.1484375,0.13671875,-226.5998932,-221.3507697,8,6940,5148,0,0,0,0,0,0,155.678438,12.11435062,152.7741465,0.000122112991,0,0,37,17,0.006423497132,0.006423497125,3.265579427
7846,0.14453125,0.140625,-228.3407919,-235.2986643,8,6940,4536,0,0,0,0,0,0,38.53842383,-7.757354305,38.35790989,0.000122112991,0,0,106,53,0.02594812918,0.02594812916,11.67221673
7847,0.1328125,0.15625,-267.4622258,-305.1897511,7,4391,5138,0,0,0,0,0,0,3.020321207,-37.39991447,3.019772001,6.021548133e-05,0,0,78,34,0.331090613,0.331090613,0.817964156
7848,0.140625,0.1640625,-236.5947375,-259.0029484,7,5138,4537,0,0,0,0,0,0,4.749852238,-21.83357181,4.748494099,6.021548133e-05,0,0,206,102,0.210532865,0.210532865,0.7711098307
7849,0.1484375,0.15625,-208.9084658,-208.9084658,7,5138,3910,1,0,0,0,0,1,2.40004596,0,0,0,0,0,535,273,0.4166586876,0.4166586876,0.8483239074
7850,0.140625,0.1484375,-241.3173026,-240.2152899,7,5138,4536,0,0,0,0,0,0,26.72957514,-0.6823815017,26.68662211,6.021548133e-05,0,0,159,81,0.03741174316,0.03741174315,4.351922794
7851,0.14453125,0.14453125,-228.244841,-236.2209634,8,4536,5147,0,0,0,0,0,0,19.65987909,-10.8165191,19.61279413,0.000122112991,0,0,211,106,0.05086501272,0.0508650127,15.47401515
7852,0.14453125,0.15234375,-225.8835585,-196.6147195,8,5147,5138,0,0,0,0,0,0,14.88309079,27.60795889,14.85609106,0.000122112991,0,0,264,139,0.06719034465,0.06719034463,0.3156192162
7853,0.15234375,0.15234375,-194.7795478,-194.7795478,8,5147,3910,1,0,0,0,0,1,11.17424572,0,0,0,0,0,336,175,0.08949149904,0.08949149901,0.3505662158
7854,0.15234375,0.14453125,-223.9147532,-223.9147532,8,5147,4659,1,1,1,0,0,1,27.2888794,-30.91545905,27.19824595,0.000122112991,0,32.0659345,107,107,0.03664496388,0.03664496388,8.483800155
7855,0.1484375,0.14453125,-212.9070477,-224.4111101,8,6940,5147,0,0,0,0,0,0,25.88285564,-12.18003008,25.80130718,0.000122112991,0,0,124,67,0.03863561324,0.03863561323,11.1157573
7856,0.0009765625,0.58203125,-308.0143209,-308.0143209,10,7309,7511,0,0,0,0,0,0,1e+300,0,1e+300,0,0,0,0,0,0,0,0
7857,0.001953125,0.5830078125,-300.4518826,159.3920572,10,7511,7310,0,0,0,0,0,0,4236.490858,0.003588562002,0.2499852481,4,0,0,13,4,0.0002360444135,0.0002360444112,0.9926962479
7858,0.0029296875,0.58203125,-707.1152607,-277.5323495,10,7511,6884,0,0,0,0,0,0,1956.929395,-0.002229278702,0.2499680663,4,0,0,29,15,0.0005110046395,0.0005110046294,3.590284629
7859,0.001953125,0.578125,-176.5276119,-343.7649051,9,4643,7300,0,0,0,0,0,0,513.8354407,-169.2526214,508.2454382,2.140496161e-05,0,0,25,10,0.00194614836,0.001946148359,0.02841735623
7860,0.00390625,0.580078125,-579.371762,29.57019667,9,7300,6884,0,0,0,0,0,0,17441.9055,648.8138911,12700.32429,2.140496161e-05,0,0,19,10,5.733318531e-05,5.733318466e-05,0.2973821759
7861,0.005859375,0.578125,-327.6279746,-416.4433359,9,7300,6733,0,0,0,0,0,0,734.0303613,-84.58770515,722.6757581,2.140496161e-05,0,0,18,9,0.001362341468,0.001362341466,1.842502584
7862,0,0.57421875,-145.5483899,-145.5483899,8,4643,6734,1,0,0,0,0,1,15.86581444,0,0,0,0,0,80,36,0.06302859547,0.06302859545,0.3408959243
7863,0.00390625,0.5703125,-458.7804211,-458.7804211,8,6734,5890,1,0,0,0,0,1,2626.177752,0,0,0,0,0,42,16,0.0003807815367,0.0003807815326,0.8477122146
7864,0,0.56640625,-244.9593288,-244.9593288,8,6734,3341,1,0,0,0,0,1,111.1211253,0,0,0,0,0,43,24,0.008999188924,0.008999188917,6.367915052
7865,0.005859375,0.572265625,-570.876147,-140.2201874,9,5890,6735,0,0,0,0,0,0,107642.3391,425.4704641,32578.61028,2.140496161e-05,0,0,17,2,9.290024803e-06,9.290020464e-06,0.04300594704
7866,0.001953125,0.572265625,-302.1644055,-302.1644055,9,6735,6734,1,0,0,0,0,1,936.9059787,0,0,0,0,0,56,26,0.001067342959,0.001067342957,1.487037853
7867,0.001953125,0.576171875,-252.458936,-252.458936,9,6735,4643,1,0,0,0,0,1,658.0606029,0,0,0,0,0,72,31,0.00151961688,0.001519616876,1.497355151
7868,0.005859375,0.576171875,-409.8044315,-409.8044315,9,6735,6733,1,0,0,0,0,1,361.9167146,0,0,0,0,0,18,15,0.002763066639,0.002763066638,4.926082429
7869,0.00390625,0.576171875,-689.574657,-689.574657,9,7300,6735,1,1,1,0,0,1,13221.60448,-318.9663474,9105.636722,2.898802266e-05,0,141.2102611,9,9,7.563378572e-05,7.563378572e-05,0.3429487321
7870,0.0029296875,0.5810546875,-705.2436556,-762.9029398,10,6884,7306,0,0,0,0,0,0,3165.746552,0.03478644775,0.249980259,4,0,0,31,17,0.000315881257,0.0003158812545,3.981767282
7871,0.0029296875,0.5791015625,-377.9496869,-397.0674617,10,7306,7300,0,0,0,0,0,0,10.10592619,-0.1894726757,0.2439648083,4,0,0,27,11,0.09895184085,0.09895184084,1.019316392
7872,0.0009765625,0.5791015625,-302.3995055,-318.6392996,10,7306,4643,0,0,0,0,0,0,29.91375717,-0.4329840834,0.247927977,4,0,0,54,22,0.03342943497,0.03342943495,0.5488356419
7873,0.0009765625,0.5810546875,-306.1427158,-325.3036417,10,7306,7309,0,0,0,0,0,0,102.9128122,0.2947062441,0.2493941615,4,0,0,42,17,0.009716963115,0.009716963103,5.169913525
7874,0.001953125,0.5810546875,-505.6931857,-55.15691368,10,7511,7306,0,0,0,0,0,0,5178.762185,0.007501168951,0.2499879321,4,0,0,16,11,0.0001930963354,0.0001930963344,3.483421618
7875,0.00146484375,0.5834960938,-97.12019355,-97.12019355,11,7310,7514,0,0,0,0,0,0,1e+300,0,1e+300,0,0,0,0,0,0,0,0
7876,0.00146484375,0.5825195312,120.5373692,120.5373692,11,7514,7511,0,0,0,0,0,0,1e+300,0,1e+300,0,0,0,0,0,0,0,0
7877,0.00048828125,0.5825195312,-104.6826318,-110.8242184,11,7514,7309,0,0,0,0,0,0,417.7954967,0.01085129761,0.2498504947,4,0,0,11,7,0.002393515507,0.002393515506,2.753308697
7878,0,0.5849609375,-114.0786663,-121.702751,10,6732,7510,0,0,0,0,0,0,2620.894644,0.009972680684,0.2499761555,4,0,0,4,1,0.0003815491028,0.0003815491018,0.3718124581
7879,0.0009765625,0.583984375,-102.7730178,-114.7548884,10,7510,7310,0,0,0,0,0,0,1541.382672,-0.01340773939,0.2499594586,4,0,0,4,1,0.0006487681601,0.0006487681595,0.6322124261
7880,0,0.5830078125,-110.335456,-114.3140121,10,7510,7309,0,0,0,0,0,0,522.4601205,0.006679126575,0.2498804309,4,0,0,11,7,0.001914021684,0.001914021684,1.936082951
7881,0.00048828125,0.5834960938,-106.5542369,-114.5327429,11,7514,7510,0,0,0,0,0,0,282.3178819,-0.001657009592,0.2497788142,4,0,0,11,7,0.003542106484,0.003542106482,3.091897861
7882,0.0048828125,0.5810546875,-780.793837,-693.5548255,10,6884,7305,0,0,0,0,0,0,43187.42535,0.001778128878,0.2499985528,4,0,0,15,8,2.315488807e-05,2.315488754e-05,0.514922058
7883,0.0068359375,0.5810546875,-509.3535137,-509.3535137,10,7305,7301,0,0,0,0,0,0,1e+300,-341.1129376,40009.00246,0,0,0,0,0,0,0,0
7884,0.0068359375,0.5791015625,-529.0500496,-406.1830078,10,7305,6733,0,0,0,0,0,0,1670.389358,-0.01446786946,0.2499625892,4,0,0,13,5,0.000598662818,0.0005986628167,0.6364208099
7885,0.0048828125,0.5791015625,-453.4998683,-327.511072,10,7305,7300,0,0,0,0,0,0,1052.404589,-0.01420565465,0.2499406263,4,0,0,17,9,0.0009502049028,0.0009502049008,1.388985675
7886,0.0068359375,0.58203125,-499.5052457,-499.5052457,10,7301,7495,0,0,0,0,0,0,1e+300,0,1e+300,0,0,0,0,0,0,0,0
7887,0.005859375,0.5810546875,-645.0736753,-345.9867755,10,7495,7305,0,0,0,0,0,0,13168.69508,0.003513004756,0.249995254,4,0,0,11,4,7.593766839e-05,7.593766533e-05,2.120032511
7888,0.0048828125,0.58203125,-770.945569,-637.7364626,10,7495,6884,0,0,0,0,0,0,54465.7008,0.0006540241685,0.2499988525,4,0,0,16,5,1.836017871e-05,1.83601775e-05,0.4601850384
7889,0.005859375,0.5830078125,-473.7113873,-310.5570047,10,7495,7304,0,0,0,0,0,0,10035.22117,0.009874517532,0.2499937721,4,0,0,9,6,9.964902449e-05,9.964902362e-05,1.188433637
7890,0.0146484375,0.5771484375,-708.1451528,-569.3773305,10,4359,7532,0,0,0,0,0,0,24522.50834,-0.001037694193,0.2499974513,4,0,0,6,2,4.077886268e-05,4.077886146e-05,0.9777811247
7891,0.0146484375,0.5751953125,-424.4325436,-413.103614,10,7532,7100,0,0,0,0,0,0,10446.78192,0.001988143795,0.2499940174,4,0,0,13,7,9.572325786e-05,9.5723255e-05,0.9413745927
7892,0.0126953125,0.5751953125,-713.6776956,-568.6536337,10,7532,6729,0,0,0,0,0,0,9515.410682,-0.004007522537,0.2499934319,4,0,0,9,5,0.000105092679,0.0001050926764,0.9901237812
7893,0.009765625,0.578125,-478.7283373,-375.2885828,9,6733,7302,0,0,0,0,0,0,13792.35945,53.16337389,10648.62109,2.140496161e-05,0,0,16,8,7.250391085e-05,7.250391033e-05,0.9177046063
7894,0.01171875,0.580078125,-534.5819827,-298.6055145,9,7302,6883,0,0,0,0,0,0,3963.793623,189.8356158,3653.788485,2.140496161e-05,0,0,21,11,0.0002522835685,0.0002522835667,1.659858263
7895,0.013671875,0.578125,-629.8287001,-398.6630398,9,7302,4359,0,0,0,0,0,0,12677.43399,187.132264,9971.553384,2.140496161e-05,0,0,17,9,7.888031606e-05,7.888031371e-05,1.786454152
7896,0.01171875,0.576171875,-635.3612428,-331.917807,9,7302,6729,0,0,0,0,0,0,6610.333762,253.1508302,5790.949499,2.140496161e-05,0,0,11,5,0.0001512782918,0.0001512782888,1.271176605
7897,0.0126953125,0.5771484375,-632.5949715,-429.9583557,10,7532,7302,0,0,0,0,0,0,18822.20517,-0.0007575209714,0.2499966795,4,0,0,5,2,5.312873762e-05,5.312873638e-05,1.278179518
7898,0.0146484375,0.5791015625,-657.7555228,-558.307187,10,4359,7497,0,0,0,0,0,0,14700.98695,0.005613244622,0.2499957487,4,0,0,14,9,6.802264386e-05,6.802264215e-05,1.52160254
7899,0.0126953125,0.5791015625,-582.2053414,-418.8937652,10,7497,7302,0,0,0,0,0,0,139506.2412,0.0003403925288,0.249999552,4,0,0,12,7,7.168138078e-06,7.168137235e-06,0.1393143504
7900,0.0126953125,0.5810546875,-562.5088054,-460.9606626,10,7497,6883,0,0,0,0,0,0,6380.896074,-0.002035819831,0.2499902055,4,0,0,15,5,0.0001567178008,0.0001567177984,1.813687693
7901,0.0146484375,0.5810546875,-554.5906317,-447.8085699,10,7497,6917,0,0,0,0,0,0,6181.523123,-0.0002322207671,0.2499898896,4,0,0,18,6,0.0001617724273,0.0001617724237,1.780015355
7902,0.0087890625,0.5693359375,-696.3684156,-473.3755109,10,5890,7804,0,0,0,0,0,0,13569.76194,0.002047615204,0.2499953943,4,0,0,11,8,7.369326041e-05,7.369325809e-05,1.497831713
7903,0.0107421875,0.5693359375,-564.9733331,-422.5951244,10,7804,7099,0,0,0,0,0,0,22974.94467,-0.0007880821368,0.2499972797,4,0,0,5,2,4.352567609e-05,4.352567519e-05,1.769775697
7904,0.0107421875,0.5673828125,-634.0871418,-417.8754112,10,7804,6730,0,0,0,0,0,0,9978.904839,-0.001689081803,0.2499937369,4,0,0,7,5,0.0001002113976,0.0001002113967,2.83555079
7905,0.005859375,0.568359375,-616.7793534,-240.5490686,9,5890,6731,0,0,0,0,0,0,8013.958655,374.8507552,6840.542424,2.140496161e-05,0,0,14,9,0.0001247822759,0.0001247822743,1.98950736
7906,0.005859375,0.564453125,-550.0458527,-517.9456075,9,6731,6617,0,0,0,0,0,0,4630.38842,34.84313464,4212.840002,2.140496161e-05,0,0,14,8,0.0002159646037,0.0002159646019,1.82079478
7907,0.001953125,0.564453125,-401.5753444,-401.5753444,9,6731,3341,1,0,0,0,0,1,1704.195228,0,0,0,0,0,41,26,0.0005867872318,0.00058678723,1.767472624
7908,0.001953125,0.568359375,-440.9385516,-440.9385516,9,6731,6734,1,1,1,0,0,1,3446.16849,-89.0682059,3209.42491,2.140496161e-05,0,95.75213397,5,5,0.0002901773384,0.0002901773384,0.8424835561
7909,0.0078125,0.564453125,-627.4088014,-539.330754,9,6617,7297,0,0,0,0,0,0,11414.69491,89.05995563,9173.358164,2.140496161e-05,0,0,11,6,8.760637122e-05,8.760636996e-05,1.572060139
7910,0.005859375,0.56640625,-583.412603,-383.7024738,9,7297,6731,0,0,0,0,0,0,3955.136978,200.3918092,3646.431692,2.140496161e-05,0,0,10,6,0.0002528357439,0.0002528357419,3.303591876
7911,0.0078125,0.568359375,-694.1423022,-855.1195787,9,7297,5890,0,0,0,0,0,0,21030.70024,-164.1177874,14502.31763,2.140496161e-05,0,0,15,10,4.754953418e-05,4.754953239e-05,0.7577907977
7912,0.009765625,0.56640625,-631.8610283,-762.8721701,9,7297,6730,0,0,0,0,0,0,67676.145,-127.3742152,27638.65021,2.140496161e-05,0,0,10,7,1.477625536e-05,1.477625517e-05,0.2858146201
7913,0.0087890625,0.5673828125,-663.0016652,-442.0729858,10,7804,7297,0,0,0,0,0,0,17408.57537,-0.00096810261,0.2499964099,4,0,0,12,9,5.744295432e-05,5.744295246e-05,2.617655355
7914,0.01953125,0.5869140625,-397.0820872,-395.8410723,10,6916,7205,0,0,0,0,0,0,1698.972411,0.0006557878676,0.2499632185,4,0,0,9,7,0.0005885910762,0.000588591075,2.746520556
7915,0.0185546875,0.587890625,-392.2117636,-392.2117636,10,7205,7197,0,0,0,0,0,0,1e+300,-64.83926722,1007.492183,0,0,0,0,0,0,0,0
7916,0.01953125,0.5888671875,-431.0346774,-432.8477542,10,7205,6914,0,0,0,0,0,0,1222.517268,0.03812323931,0.2499488864,4,0,0,24,11,0.0008179843556,0.0008179843539,2.315041468
7917,0.0224609375,0.5869140625,-495.2885306,-503.0774771,10,5888,7196,0,0,0,0,0,0,8835.625224,-0.005036857909,0.2499929266,4,0,0,9,4,0.000113178182,0.000113178179,0.4580057972
7918,0.0205078125,0.5869140625,-429.8175684,-431.5852988,10,7196,6916,0,0,0,0,0,0,2.354807213e+12,-5.371703082e-11,0.25,4,0,0,3,0,4.246632142e-13,0,0.4246632142
7919,0.0205078125,0.5888671875,-463.7701585,-468.6315635,10,7196,6914,0,0,0,0,0,0,4173.840881,-0.002115374125,0.2499850267,4,0,0,7,3,0.0002395874756,0.0002395874734,1.589900482
7920,0.03125,0.58203125,-349.3146571,-385.8128658,8,4363,6905,0,0,0,0,0,0,101.0459768,-38.02550169,99.81436471,0.000122112991,0,0,79,41,0.009896485062,0.009896485047,0.2370547243
7921,0.02734375,0.5859375,-424.7481693,-439.4251084,8,6905,5888,0,0,0,0,0,0,8.926382596,-10.78670652,8.91666319,0.000122112991,0,0,69,37,0.1120274634,0.1120274634,1.028787442
7922,0.03125,0.58984375,-327.5825868,-355.2620174,8,6905,3862,0,0,0,0,0,0,5.985006025,-29.08364658,5.980635095,0.000122112991,0,0,74,41,0.1670842094,0.1670842094,0.9935130881
7923,0.04296875,0.58203125,-313.4381868,-280.0875129,8,4358,6908,0,0,0,0,0,0,6.418041915,32.71919904,6.413015866,0.000122112991,0,0,91,41,0.1558107618,0.1558107618,0.7163557014
7924,0.03515625,0.58203125,-337.3558336,-385.8383009,8,6908,4363,0,0,0,0,0,0,140.2888614,-49.71115413,137.9260376,0.000122112991,0,0,70,29,0.007128149665,0.007128149651,7.754788711
7925,0.03515625,0.58984375,-315.6237634,-307.4018009,8,6908,3862,0,0,0,0,0,0,6.580176354,7.116352613,6.574893262,0.000122112991,0,0,76,39,0.1519716108,0.1519716108,0.9364282723
7926,0.04296875,0.58984375,-298.868451,-289.5054949,8,6908,5911,0,0,0,0,0,0,3.532383968,8.686449417,3.530860931,0.000122112991,0,0,98,49,0.2830949322,0.2830949322,1.578753197
7927,0.03515625,0.5859375,-326.4897985,-411.608048,8,6905,6908,0,0,0,0,0,0,81.58439695,-86.28539789,80.77962871,0.000122112991,0,0,41,24,0.01225724572,0.01225724571,0.2103638505
7928,0.029296875,0.591796875,-365.2993429,-431.5142734,9,3862,6911,0,0,0,0,0,0,6.938866047,-64.91038365,6.937835597,2.140496161e-05,0,0,89,47,0.1441157666,0.1441157666,0.7888142153
7929,0.029296875,0.587890625,-376.165378,-331.4599528,9,6911,6905,0,0,0,0,0,0,19.55296311,45.94843354,19.54478302,2.140496161e-05,0,0,65,35,0.0511431436,0.05114314358,0.3060213849
7930,0.025390625,0.587890625,-462.4649254,-485.1849483,9,6911,5888,0,0,0,0,0,0,597.1805093,-16.12102753,589.6433193,2.140496161e-05,0,0,22,11,0.001674535563,0.00167453556,0.02643666177
7931,0.025390625,0.591796875,-382.3637621,-381.4954883,9,6911,5887,0,0,0,0,0,0,360.8390375,1.895424803,358.0733699,2.140496161e-05,0,0,48,25,0.002771318776,0.00277131877,2.871467112
7932,0.0234375,0.591796875,-390.8959717,-360.7134072,9,5887,7202,0,0,0,0,0,0,510.2857701,31.07101762,504.7723201,2.140496161e-05,0,0,52,23,0.001959686236,0.001959686226,8.149431115
7933,0.025390625,0.58984375,-422.4143437,-426.95293,9,7202,6911,0,0,0,0,0,0,18.77072923,-0.725513015,18.76319042,2.140496161e-05,0,0,24,10,0.05327443532,0.05327443531,0.6019408957
7934,0.0234375,0.587890625,-470.9971349,-410.4874762,9,7202,5888,0,0,0,0,0,0,68.74039999,66.96995626,68.63940496,2.140496161e-05,0,0,17,8,0.0145474859,0.0145474859,0.1625341831
7935,0.021484375,0.58984375,-439.4787629,-401.2990725,9,7202,6914,0,0,0,0,0,0,475.2432045,41.71536781,470.4574467,2.140496161e-05,0,0,46,20,0.002104185795,0.002104185783,9.095974713
7936,0.0224609375,0.5888671875,-455.2379489,-460.2243838,10,7196,7202,0,0,0,0,0,0,2108.451889,0.01155258067,0.2499703609,4,0,0,13,7,0.0004742816306,0.000474281628,2.336699125
7937,0.0205078125,0.587890625,-446.7938634,-446.7938634,10,7205,7196,0,0,0,0,0,0,1e+300,0,1e+300,0,0,0,0,0,0,0,0
7938,0.01904296875,0.5893554688,-428.5995156,-430.3354967,11,6914,7544,0,0,0,0,0,0,911.9277527,0.0358843277,0.2499314827,4,0,0,24,11,0.001096578097,0.001096578092,4.027638629
7939,0.01904296875,0.5883789062,-411.6232205,-411.8104797,11,7544,7205,0,0,0,0,0,0,954.1196983,0.0388266976,0.2499345118,4,0,0,24,11,0.001048086526,0.001048086519,3.101323328
7940,0.01806640625,0.5883789062,-389.7766018,-389.7766018,11,7544,7197,0,0,0,0,0,0,1e+300,0,1e+300,0,0,0,0,0,0,0,0
7941,0.0185546875,0.5908203125,-432.2517865,-434.1665319,10,6914,7198,0,0,0,0,0,0,409.7288479,0.01992408671,0.2498475531,4,0,0,46,24,0.002440638498,0.002440638487,6.422334314
7942,0.0166015625,0.5908203125,-419.4484656,-417.3834728,10,7198,6915,0,0,0,0,0,0,1008.370074,0.01469034605,0.2499380342,4,0,0,31,11,0.0009916994028,0.0009916993968,2.902620312
7943,0.0166015625,0.5927734375,-400.7334145,-399.7425647,10,7198,4642,0,0,0,0,0,0,1708.969663,0.0008990849265,0.2499634336,4,0,0,21,8,0.0005851478944,0.0005851478912,2.468705521
7944,0.021484375,0.599609375,-339.5404733,-355.2168191,9,5510,6781,0,0,0,0,0,0,154.1561361,-16.51173795,153.649139,2.140496161e-05,0,0,68,37,0.006486929587,0.006486929572,9.468709598
7945,0.021484375,0.595703125,-352.7652242,-371.4496466,9,6781,5887,0,0,0,0,0,0,302.1331514,-20.32033112,300.1917667,2.140496161e-05,0,0,41,20,0.003309798992,0.003309798985,5.380086784
7946,0.017578125,0.595703125,-369.8296434,-353.3127234,9,6781,4642,0,0,0,0,0,0,343.5221109,14.60361548,341.0146041,2.140496161e-05,0,0,73,38,0.002911020771,0.002911020762,6.266421735
7947,0.017578125,0.599609375,-365.4507526,-380.3186491,9,6781,5886,0,0,0,0,0,0,212.308781,-15.4229226,211.3483167,2.140496161e-05,0,0,73,39,0.004710120775,0.004710120758,9.772381924
7948,0.017578125,0.59375,-376.4420189,-346.8489325,9,4642,7199,0,0,0,0,0,0,406.8147719,27.27952353,403.3028691,2.140496161e-05,0,0,42,24,0.002458121163,0.002458121158,5.427024877
7949,0.01953125,0.595703125,-361.2974338,-388.3623198,9,7199,6781,0,0,0,0,0,0,294.58071,-28.83949262,292.7348736,2.140496161e-05,0,0,45,26,0.003394655407,0.003394655397,6.918972413
7950,0.021484375,0.59375,-359.3775997,-341.480201,9,7199,5887,0,0,0,0,0,0,947.6821338,15.86123167,928.8405115,2.140496161e-05,0,0,19,10,0.001055206133,0.001055206131,2.641309314
7951,0.01953125,0.591796875,-407.9603909,-416.7223273,9,7199,6914,0,0,0,0,0,0,297.2221227,-8.150879101,295.3431414,2.140496161e-05,0,0,56,29,0.003364487107,0.003364487099,8.617824612
7952,0.0185546875,0.5927734375,-392.2012049,-391.3410541,10,7198,7199,0,0,0,0,0,0,304.9873897,0.008898049964,0.2497952413,4,0,0,52,27,0.003278824088,0.003278824079,10.20513273
7953,0.0166015625,0.58984375,-428.8059912,-426.2066153,10,6915,7261,0,0,0,0,0,0,1005.707902,0.01889751351,0.2499378702,4,0,0,21,6,0.000994324493,0.0009943244834,3.244274905
7954,0.017578125,0.5908203125,-425.8501261,-425.7705913,10,7261,7198,0,0,0,0,0,0,2060.864156,0.02171825695,0.2499696766,4,0,0,16,6,0.000485233341,0.000485233336,1.319986856
7955,0.0185546875,0.58984375,-441.6093121,-441.6093121,10,7261,6914,0,0,0,0,0,0,1e+300,0,1e+300,0,0,0,0,0,0,0,0
7956,0.017578125,0.5888671875,-402.7863983,-400.9608547,10,7261,7197,0,0,0,0,0,0,7.395160171e+11,-2.353317541e-11,0.25,4,0,0,5,0,1.352235755e-12,0,1.352235755
7957,0.01806640625,0.5893554688,-422.1978552,-422.1978552,11,7544,7261,0,0,0,0,0,0,1e+300,0,1e+300,0,0,0,0,0,0,0,0
7958,0.00537109375,0.5834960938,-460.8144581,-494.5349596,11,7304,7504,0,0,0,0,0,0,2745.898947,0.01184295438,0.2499772409,4,0,0,15,7,0.0003641794615,0.0003641794596,1.927358276
7959,0.00537109375,0.5825195312,-448.1451293,-474.1298657,11,7504,7495,0,0,0,0,0,0,3586.475236,0.02085916661,0.2499825746,4,0,0,14,7,0.0002788252906,0.0002788252874,3.731580407
7960,0.00439453125,0.5825195312,-758.0486398,-821.717358,11,7504,6884,0,0,0,0,0,0,45052.36067,-0.0003180038697,0.2499986127,4,0,0,5,1,2.219639515e-05,2.219639195e-05,0.9092310541
7961,0.00390625,0.5849609375,-579.9402684,-577.7273989,10,7308,7508,0,0,0,0,0,0,431.3957851,-0.03403807137,0.2498552054,4,0,0,16,11,0.002318056955,0.002318056952,5.156636556
7962,0.0048828125,0.583984375,-500.5230615,-522.2520845,10,7508,7304,0,0,0,0,0,0,5722.542102,0.01108613,0.2499890788,4,0,0,11,5,0.0001747475129,0.0001747475126,0.5259313658
7963,0.00390625,0.5830078125,-797.7572433,-849.4256549,10,7508,6884,0,0,0,0,0,0,5718.490942,0.007753115324,0.249989071,4,0,0,6,2,0.0001748713096,0.0001748713073,1.168128739
7964,0.0029296875,0.583984375,-391.0938651,-412.4804709,10,7508,7310,0,0,0,0,0,0,557.8809366,0.03434819015,0.2498880191,4,0,0,17,9,0.00179249717,0.001792497166,3.64909351
7965,0.00439453125,0.5834960938,-649.1401524,-685.8434577,11,7504,7508,0,0,0,0,0,0,5300.390607,0.003558636601,0.249988209,4,0,0,6,1,0.0001886653408,0.0001886653364,0.5020829981
7966,0.01806640625,0.5874023438,-372.8003067,-372.8003067,11,7197,7545,0,0,0,0,0,0,1e+300,0,1e+300,0,0,0,0,0,0,0,0
7967,0.01904296875,0.5874023438,-394.6469254,-393.3731129,11,7545,7205,0,0,0,0,0,0,950.3061462,0.01501498171,0.249934249,4,0,0,9,7,0.001052292468,0.001052292467,3.290990699
7968,0.01904296875,0.5864257812,-377.6706303,-374.864129,11,7545,6916,0,0,0,0,0,0,2196.645935,0.001924268458,0.2499715508,4,0,0,9,7,0.0004552395014,0.0004552395003,2.138841463
7969,0.01806640625,0.5864257812,-469.2827747,-469.2827747,11,7545,7204,0,0,0,0,0,0,1e+300,0,1e+300,0,0,0,0,0,0,0,0
7970,0,0.5146484375,-838.8942985,-720.1452067,10,4428,7624,0,0,0,0,0,0,36633.38628,0.0002714553465,0.2499982939,4,0,0,14,9,2.729750377e-05,2.729750181e-05,3.835172055
7971,0.0009765625,0.513671875,-701.8721259,-641.074564,10,7624,7373,0,0,0,0,0,0,29665.24871,-0.0003124346362,0.2499978932,4,0,0,28,14,3.370947636e-05,3.370946896e-05,4.708628509
7972,0,0.5126953125,-830.870682,-743.3714487,10,7624,6684,0,0,0,0,0,0,131020.5406,-0.0005091225872,0.249999523,4,0,0,14,5,7.632391041e-06,7.632387942e-06,1.728497808
7973,0.0107421875,0.5810546875,-486.9586241,-433.921276,10,6883,7498,0,0,0,0,0,0,1578.615702,0.0250435071,0.2499604146,4,0,0,30,14,0.0006334663966,0.0006334663881,4.158434305
7974,0.0107421875,0.5791015625,-506.65516,-391.8769342,10,7498,7302,0,0,0,0,0,0,1764.543232,0.004864070187,0.2499645851,4,0,0,26,14,0.0005667189003,0.0005667188951,6.098358379
7975,0.0087890625,0.5791015625,-431.1049787,-373.9562684,10,7498,6733,0,0,0,0,0,0,1786.357087,0.0008774399513,0.2499650175,4,0,0,20,10,0.0005597984901,0.0005597984869,3.033554027
7976,0.0087890625,0.5810546875,-411.4084427,-355.3017414,10,7498,7301,0,0,0,0,0,0,1121.501062,-0.02709550081,0.2499442835,4,0,0,24,10,0.0008916621074,0.0008916621009,3.817480919
7977,0.0029296875,0.5185546875,-786.1562565,-825.5129522,10,7375,7632,0,0,0,0,0,0,51262.58719,-0.0007373993213,0.2499987808,4,0,0,18,9,1.950740403e-05,1.950740051e-05,2.029693473
7978,0.0029296875,0.5166015625,-809.4194169,-844.0336663,10,7632,7378,0,0,0,0,0,0,107512.0798,-0.0003322936899,0.2499994187,4,0,0,17,9,9.301280392e-06,9.301277128e-06,1.418326035
7979,0.0009765625,0.5166015625,-823.98949,-842.3536624,10,7632,4428,0,0,0,0,0,0,27535.69131,-2.803313487e-05,0.2499977302,4,0,0,42,18,3.631650242e-05,3.631649102e-05,5.224134311
7980,0,0.521484375,-773.1166254,-842.4632828,9,5937,7635,0,0,0,0,0,0,46772.78482,-158.8424808,23372.7233,2.140496161e-05,0,0,18,12,2.137995426e-05,2.13799509e-05,4.260636704
7981,0.001953125,0.51953125,-781.8097128,-792.5654498,9,7635,7375,0,0,0,0,0,0,159670.0826,-88.74382899,36142.99894,2.140496161e-05,0,0,11,5,6.262914027e-06,6.262913618e-06,0.6149705324
7982,0,0.517578125,-819.6429463,-699.9800275,9,7635,4428,0,0,0,0,0,0,37939.81637,20.68301287,20936.92943,2.140496161e-05,0,0,35,15,2.6357534e-05,2.635752816e-05,2.206160846
7983,0.0009765625,0.5185546875,-800.7263295,-823.8327815,10,7632,7635,0,0,0,0,0,0,24213.64543,-0.0002662796135,0.2499974188,4,0,0,43,18,4.129902716e-05,4.129901821e-05,4.724930337
7984,0.015625,0.5751953125,-279.8099676,-151.8497448,10,7100,7538,0,0,0,0,0,0,5021.042811,-0.006531791777,0.249987553,4,0,0,7,4,0.0001991618151,0.0001991618135,1.363441777
7985,0.0146484375,0.576171875,-435.9183753,-152.2759158,10,7538,7532,0,0,0,0,0,0,140202.0101,0.0002822261016,0.2499995542,4,0,0,5,2,7.132565355e-06,7.132564964e-06,0.2801235564
7986,0.015625,0.5771484375,-563.5225768,-308.1139037,10,7538,4359,0,0,0,0,0,0,6.219275945e+11,-5.434230843e-11,0.25,4,0,0,2,0,1.607904214e-12,0,1.607904214
7987,0.021484375,0.578125,-412.227288,-485.1099884,9,6904,7127,0,0,0,0,0,0,16199.66922,-77.24500826,12028.68354,2.140496161e-05,0,0,1,1,6.172965547e-05,6.172965547e-05,0.2678417439
7988,0.01953125,0.576171875,-569.9449275,-397.9028468,9,7127,7101,0,0,0,0,0,0,201053.4407,181.1026267,37909.28247,2.140496161e-05,0,0,2,1,4.973801972e-06,4.973801835e-06,0.09625520579
7989,0.017578125,0.578125,-607.6616836,-355.549525,9,7127,4359,0,0,0,0,0,0,134828.2046,263.8814674,34695.95042,2.140496161e-05,0,0,8,5,7.416845775e-06,7.416845349e-06,0.3562828471
7990,0.01953125,0.580078125,-469.2010563,-472.9396597,9,7127,6913,0,0,0,0,0,0,3308.356822,10.88869934,3089.56827,2.140496161e-05,0,0,14,7,0.0003022648565,0.0003022648535,1.271106419
7991,0.0166015625,0.5771484375,-686.5205034,-704.9985527,10,4359,7539,0,0,0,0,0,0,41064.8377,0.002686267637,0.249998478,4,0,0,5,3,2.435173389e-05,2.435173308e-05,1.328844044
7992,0.0185546875,0.5771484375,-588.8033056,-599.2162398,10,7539,7127,0,0,0,0,0,0,28665.67062,0.001993107548,0.2499978197,4,0,0,6,4,3.488493304e-05,3.488493129e-05,1.620785901
7993,0.0185546875,0.5751953125,-648.8037473,-664.5728678,10,7539,7101,0,0,0,0,0,0,9368.203925,0.002852350654,0.2499933287,4,0,0,6,2,0.000106744047,0.0001067440462,0.5352964639
7994,0.0166015625,0.5751953125,-402.8078942,-548.7267722,10,7539,7100,0,0,0,0,0,0,3073.590992,0.003776202258,0.2499796671,4,0,0,7,3,0.000325352333,0.0003253523303,1.194895858
7995,0.0166015625,0.576171875,-544.6641988,-287.9015304,10,7538,7539,0,0,0,0,0,0,7333.756894,-0.0003862300753,0.2499914781,4,0,0,4,2,0.0001363557607,0.0001363557595,0.9839584386
7996,0.0107421875,0.5703125,-530.4164288,-595.0537258,10,7099,7810,0,0,0,0,0,0,1.318625689e+12,6.241407391e-11,0.25,4,0,0,2,0,7.583653254e-13,0,0.7583653254
7997,0.009765625,0.5693359375,-427.5530848,-396.9071741,10,7810,7804,0,0,0,0,0,0,86678.2516,3.355775675e-07,0.2499992789,4,0,0,3,2,1.153691937e-05,1.153691893e-05,1.123929777
7998,0.0087890625,0.5703125,-661.8115113,-645.8359815,10,7810,5890,0,0,0,0,0,0,174252.6495,0.0009664393632,0.2499996413,4,0,0,2,2,5.738793661e-06,5.738793661e-06,0.5701664549
7999,0.0107421875,0.5732421875,-719.2102384,-426.1863536,10,6729,7534,0,0,0,0,0,0,10619.70433,0.005143699403,0.2499941149,4,0,0,15,8,9.416458019e-05,9.416457743e-05,2.891563018
8000,0.0107421875,0.5712890625,-593.3476987,-374.6834313,10,7534,7099,0,0,0,0,0,0,17020.25544,-0.001822759258,0.249996328,4,0,0,9,6,5.875352478e-05,5.875352355e-05,1.406068158
8001,0.0087890625,0.5712890625,-724.7427811,-425.4601152,10,7534,5890,0,0,0,0,0,0,13579.50293,0.004715555471,0.2499953976,4,0,0,13,5,7.364039798e-05,7.364039375e-05,1.611747892
8002,0.0078125,0.576171875,-484.2608801,-577.8198016,9,6733,7303,0,0,0,0,0,0,89.32916813,-89.34749039,89.15868893,2.140496161e-05,0,0,24,16,0.0111945518,0.0111945518,0.1837984371
8003,0.009765625,0.57421875,-640.8937856,-723.2642939,9,7303,6729,0,0,0,0,0,0,17.39694508,-78.17530214,17.3904692,2.140496161e-05,0,0,31,18,0.05748135638,0.05748135637,0.9166148869
8004,0.0078125,0.572265625,-646.4263284,-768.3171778,9,7303,5890,0,0,0,0,0,0,7662.035899,-123.9548527,6582.473488,2.140496161e-05,0,0,22,7,0.0001305136146,0.0001305136103,0.5706923761
8005,0.005859375,0.57421875,-489.7934229,-373.4212676,9,7303,6735,0,0,0,0,0,0,1358.53709,114.324377,1320.147935,2.140496161e-05,0,0,16,7,0.0007360859027,0.000736085898,2.895514633
8006,0.0087890625,0.5732421875,-643.660057,-347.521003,10,7534,7303,0,0,0,0,0,0,12311.79925,-0.0011791701,0.2499949237,4,0,0,20,7,8.122289684e-05,8.12228924e-05,1.839252149
8007,0.009765625,0.5712890625,-659.0452399,-348.9944466,10,7810,7534,0,0,0,0,0,0,3.716309765e+12,-7.327116691e-11,0.25,4,0,0,1,0,2.690841354e-13,0,0.2690841354
8008,0.171875,0.146484375,-195.9747776,-179.7533742,9,7161,7770,0,0,0,0,0,0,55.74012371,16.52805168,55.67369858,2.140496161e-05,0,0,60,28,0.01794039793,0.01794039792,4.132767173
8009,0.173828125,0.14453125,-172.495436,-138.2333049,9,7770,7164,0,0,0,0,0,0,72.69454873,40.8717509,72.58161,2.140496161e-05,0,0,51,28,0.01375618967,0.01375618966,4.09452942
8010,0.171875,0.142578125,-217.7345406,-298.4160912,9,7770,4539,0,0,0,0,0,0,135.7401365,-79.26628461,135.3468845,2.140496161e-05,0,0,50,23,0.007367017785,0.00736701778,3.761413833
8011,0.166015625,0.146484375,-210.4319727,-217.7613894,9,6580,7773,0,0,0,0,0,0,2.308682513,-6.343733464,2.30856843,2.140496161e-05,0,0,116,60,0.4331474746,0.4331474746,0.780593718
8012,0.169921875,0.146484375,-200.7938426,-210.5558966,9,7773,7161,0,0,0,0,0,0,1.891312292,-9.22906071,1.891235728,2.140496161e-05,0,0,85,43,0.5287334113,0.5287334113,0.9624647199
8013,0.169921875,0.142578125,-222.5536057,-192.2134498,9,7773,4539,0,0,0,0,0,0,46.38219019,31.98176681,46.33618721,2.140496161e-05,0,0,77,42,0.02155999956,0.02155999954,9.117931387
8014,0.16015625,0.140625,-193.5524964,-185.9518328,8,4659,6942,0,0,0,0,0,0,26.37567952,3.621943495,26.29100112,0.000122112991,0,0,68,37,0.03791371515,0.03791371513,6.80599347
8015,0.1640625,0.14453125,-204.8054806,-206.9083816,8,6942,6580,0,0,0,0,0,0,21.80668516,-2.772018902,21.74877081,0.000122112991,0,0,83,44,0.04585749702,0.04585749701,0.3554509556
8016,0.16796875,0.140625,-216.9271136,-187.9858702,8,6942,4539,0,0,0,0,0,0,39.85973682,28.92805322,39.66666363,0.000122112991,0,0,118,59,0.02508797297,0.02508797295,8.877479313
8017,0.1640625,0.13671875,-205.6741294,-200.8252013,8,6942,6583,0,0,0,0,0,0,28.93575443,1.526135724,28.83387192,0.000122112991,0,0,106,50,0.03455932011,0.03455932009,7.752122908
8018,0.166015625,0.142578125,-210.8662971,-206.5545876,9,7773,6942,0,0,0,0,0,0,2.265483806,3.970555499,2.265373952,2.140496161e-05,0,0,103,56,0.4414068188,0.4414068188,0.7274292071
8019,0.169921875,0.14453125,-211.6737241,-174.5864553,9,7770,7773,0,0,0,0,0,0,25.44833528,38.17457092,25.43448059,2.140496161e-05,0,0,49,23,0.03929530121,0.03929530119,6.661636486
8020,0.1728515625,0.1416015625,-205.9948698,-158.7112848,10,4539,7776,0,0,0,0,0,0,184.5827025,0.0722736187,0.2496618564,4,0,0,29,14,0.005417625739,0.005417625733,4.201472291
8021,0.1728515625,0.1435546875,-195.1149883,-147.2067482,10,7776,7770,0,0,0,0,0,0,73.89824039,0.1426198992,0.249157094,4,0,0,36,20,0.01353212194,0.01353212193,7.130233817
8022,0.1748046875,0.1435546875,-160.7557652,-118.826174,10,7776,7164,0,0,0,0,0,0,76.64312501,-0.08736641453,0.2491871835,4,0,0,37,22,0.01304748469,0.01304748468,7.129058736
8023,0.1748046875,0.1416015625,-157.1983001,-115.1842968,10,7776,7159,0,0,0,0,0,0,114.8833424,-0.02486956941,0.2494571512,4,0,0,30,16,0.008704482123,0.008704482116,4.666332588
8024,0.0185546875,0.5810546875,-497.6879404,-391.7633297,10,6913,7131,0,0,0,0,0,0,3188.015108,0.003199540258,0.2499803969,4,0,0,24,12,0.0003136747996,0.0003136747945,1.395274686
8025,0.0185546875,0.5791015625,-538.4313699,-421.585186,10,7131,7127,0,0,0,0,0,0,830.3268476,0.0009704480365,0.2499247511,4,0,0,17,8,0.001204345015,0.001204345011,3.583705203
8026,0.0166015625,0.5791015625,-636.1485678,-527.3639374,10,7131,4359,0,0,0,0,0,0,16755.01484,0.005225215334,0.2499962698,4,0,0,8,4,5.968362365e-05,5.96836218e-05,1.679784331
8027,0.0166015625,0.5810546875,-532.9836767,-416.8682753,10,7131,6917,0,0,0,0,0,0,2768.894996,-0.003575255871,0.2499774299,4,0,0,12,7,0.0003611549016,0.0003611548987,2.898340573
8028,0.015625,0.5810546875,-550.6315449,-513.6584838,10,6917,7553,0,0,0,0,0,0,22014.12294,-0.0004853326468,0.2499971609,4,0,0,4,2,4.542538456e-05,4.542538299e-05,1.004859303
8029,0.0166015625,0.580078125,-584.5661222,-426.3121354,10,7553,7131,0,0,0,0,0,0,12372.07322,0.005489686985,0.2499949484,4,0,0,5,3,8.082719706e-05,8.082719614e-05,2.038002703
8030,0.015625,0.5791015625,-653.7964359,-624.1591478,10,7553,4359,0,0,0,0,0,0,12093.69819,0.003313167972,0.2499948321,4,0,0,6,4,8.268769271e-05,8.268769113e-05,1.79505707
8031,0.0146484375,0.580078125,-494.8847987,-457.2622284,10,7553,7497,0,0,0,0,0,0,56432.27278,-0.0009655633843,0.2499988925,4,0,0,5,3,1.772035665e-05,1.772035639e-05,0.3881054947
8032,0.0029296875,0.5205078125,-762.8930961,-778.7716282,10,7375,7636,0,0,0,0,0,0,101203.7215,-0.0004617972542,0.2499993824,4,0,0,7,3,9.881059558e-06,9.881058408e-06,0.9637085428
8033,0.0009765625,0.5205078125,-777.4631691,-777.0929501,10,7636,7635,0,0,0,0,0,0,32665.9355,-0.001483344814,0.2499980867,4,0,0,21,14,3.061293009e-05,3.061292763e-05,3.470086885
8034,0.0009765625,0.5224609375,-754.2000086,-758.5716026,10,7636,5937,0,0,0,0,0,0,42710.55299,-0.001254959214,0.2499985367,4,0,0,19,13,2.341341729e-05,2.341341498e-05,4.044685883
8035,0.001953125,0.5234375,-735.2833919,-802.2551339,9,5937,7634,0,0,0,0,0,0,35772.31859,-135.4757514,20259.50906,2.140496161e-05,0,0,14,9,2.795457604e-05,2.795457409e-05,2.913463962
8036,0.00390625,0.525390625,-718.7582549,-816.8510837,9,7634,7376,0,0,0,0,0,0,8715.68316,-123.7032468,7345.344111,2.140496161e-05,0,0,24,15,0.000114735699,0.0001147356971,4.081951195
8037,0.005859375,0.5234375,-706.1432458,-706.7223213,9,7634,5785,0,0,0,0,0,0,8330.160726,-36.58353961,7069.6027,2.140496161e-05,0,0,19,12,0.0001200457029,0.0001200456978,4.784144756
8038,0.00390625,0.521484375,-743.9764793,-709.377947,9,7634,7375,0,0,0,0,0,0,94767.71777,-22.39774573,31291.97219,2.140496161e-05,0,0,12,6,1.055211652e-05,1.055211529e-05,1.173216293
8039,0.0029296875,0.5224609375,-739.6299356,-760.2502741,10,7636,7634,0,0,0,0,0,0,87946.80083,-0.0002268880583,0.2499992893,4,0,0,5,2,1.137051025e-05,1.137050936e-05,0.9923705991
8040,0.15625,0.14453125,-181.4308634,-204.1384899,8,4659,6941,0,0,0,0,0,0,20.94258645,-27.34227432,20.8891653,0.000122112991,0,0,123,61,0.04774959398,0.04774959396,3.171391197
8041,0.15234375,0.1484375,-227.9987751,-227.9987751,8,6941,5147,1,1,1,0,0,1,64.78826329,-34.10131149,64.27971501,0.000122112991,0,48.1471555,75,75,0.01543489437,0.01543489437,4.988967594
8042,0.15625,0.15234375,-178.582482,-178.582482,8,6941,3910,1,0,0,0,0,1,42.21011163,0,0,0,0,0,169,85,0.02369100581,0.0236910058,10.07539817
8043,0.16015625,0.1484375,-192.6838476,-185.8316503,8,6941,6580,0,0,0,0,0,0,11.89652014,5.527151675,11.87926291,0.000122112991,0,0,84,37,0.08405819415,0.08405819414,0.2359919345
8044,0.150390625,0.146484375,-204.2877044,-222.2638194,9,5147,7854,0,0,0,0,0,0,38.17004669,-5.259925383,38.13888614,2.140496161e-05,0,0,75,43,0.02619855323,0.02619855323,5.958863532
8045,0.154296875,0.146484375,-188.9050356,-221.0305049,9,7854,6941,0,0,0,0,0,0,21.73925333,-20.2293538,21.72914216,2.140496161e-05,0,0,96,52,0.04599973995,0.04599973993,6.984778231
8046,0.154296875,0.142578125,-189.33936,-209.5343739,9,7854,4659,0,0,0,0,0,0,15.53881171,-9.625735607,15.5336451,2.140496161e-05,0,0,98,49,0.06435498534,0.06435498532,8.108061082
8047,0.150390625,0.142578125,-207.8418339,-213.7103317,9,7854,6940,0,0,0,0,0,0,54.83953994,5.430428098,54.77524266,2.140496161e-05,0,0,70,38,0.01823501804,0.01823501803,4.319688119
8048,0.005859375,0.662109375,-58.75652433,-45.94850492,9,6613,7477,0,0,0,0,0,0,2966.992306,-86.35551269,2789.815697,2.140496161e-05,0,0,10,5,0.0003370416559,0.0003370416545,0.4159241314
8049,0.005859375,0.658203125,-62.29641967,-16.96542113,9,7477,7115,0,0,0,0,0,0,1380.000569,-52.91390732,1340.40649,2.140496161e-05,0,0,10,7,0.0007246373824,0.0007246373816,0.9345122174
8050,0.001953125,0.658203125,-33.81292089,131.3265361,9,7477,3838,0,0,0,0,0,0,451.7087643,68.35763461,447.3831026,2.140496161e-05,0,0,13,6,0.002213815801,0.002213815799,1.634697061
8051,0.001953125,0.662109375,228.9129162,535.8900902,9,7477,6794,0,0,0,0,0,0,2846.135991,239.1998986,2682.701948,2.140496161e-05,0,0,13,4,0.0003513535555,0.0003513535514,1.57264418
8052,0.001953125,0.59375,-39.74359015,-150.9472723,9,3863,7185,0,0,0,0,0,0,885.3427175,-127.1289008,868.8768693,2.140496161e-05,0,0,19,6,0.0011295061,0.001129506097,1.480596854
8053,0.00390625,0.595703125,-261.2188188,-283.1739393,9,7185,6642,0,0,0,0,0,0,789.3756232,-44.25684224,776.2595118,2.140496161e-05,0,0,16,9,0.00126682402,0.001266824018,2.936560675
8054,0.005859375,0.59375,-284.5015604,-339.3167087,9,7185,5885,0,0,0,0,0,0,291.8201005,-61.86943672,290.0085914,2.140496161e-05,0,0,25,12,0.003426768747,0.003426768737,6.387873382
8055,0.00390625,0.591796875,-272.0849097,-233.1788746,9,7185,6885,0,0,0,0,0,0,993.0667178,29.89628925,972.3969094,2.140496161e-05,0,0,22,7,0.001006981688,0.001006981683,1.801268459
8056,0.0029296875,0.5966796875,-249.5774481,-287.127363,10,6642,7191,0,0,0,0,0,0,974.748189,0.00785058286,0.2499358973,4,0,0,8,3,0.001025905984,0.001025905981,0.5830043287
8057,0.0029296875,0.5947265625,-150.4812045,-198.8697609,10,7191,7185,0,0,0,0,0,0,296.864009,-0.01882267669,0.249789643,4,0,0,12,6,0.003368545764,0.003368545761,2.05781092
8058,0.0009765625,0.5947265625,-28.10221938,-71.96332566,10,7191,3863,0,0,0,0,0,0,211.2887178,0.07316236339,0.2497045458,4,0,0,29,14,0.004732860375,0.004732860369,5.627407663
8059,0,0.599609375,36.50015695,44.36959223,9,5864,7194,0,0,0,0,0,0,659.6052642,1.748162465,650.4220686,2.140496161e-05,0,0,17,9,0.001516058246,0.001516058244,2.27679821
8060,0.001953125,0.59765625,-154.2182464,20.48428417,9,7194,6642,0,0,0,0,0,0,452.4849427,152.7118139,448.144474,2.140496161e-05,0,0,22,10,0.002210018292,0.002210018288,3.03933024
8061,0,0.595703125,67.25698229,52.91176604,9,7194,3863,0,0,0,0,0,0,412.1381412,-29.95942971,408.5341343,2.140496161e-05,0,0,20,10,0.002426370918,0.002426370914,2.261299491
8062,0.0009765625,0.5966796875,-43.48063205,-92.07906351,10,7191,7194,0,0,0,0,0,0,346.4841208,0.08230750029,0.2498197466,4,0,0,25,11,0.00288613515,0.002886135145,2.993625635
8063,0.1875,0.16015625,-105.5301402,-130.8673736,8,3993,7795,0,0,0,0,0,0,55.44141843,-10.0241728,55.06859756,0.000122112991,0,0,124,61,0.01803705656,0.01803705654,12.24742022
8064,0.18359375,0.1640625,-125.309744,-131.1268024,8,7795,6540,0,0,0,0,0,0,22.2650757,9.619635437,22.20470433,0.000122112991,0,0,213,108,0.04491338873,0.0449133887,23.48876458
8065,0.1875,0.16796875,-110.5447209,-130.7180436,8,7795,5001,0,0,0,0,0,0,32.03427236,-3.993124291,31.90944895,0.000122112991,0,0,129,70,0.0312165667,0.03121656668,22.207322
8066,0.19921875,0.16796875,-81.49429035,-251.8462287,8,4468,7461,0,0,0,0,0,0,23.92158681,-170.9920999,23.85191212,0.000122112991,0,0,37,22,0.04180324692,0.04180324692,0.07643127429
8067,0.19921875,0.16015625,-76.47970962,-19.52114416,8,7461,5002,0,0,0,0,0,0,2.134845267,55.45126614,2.134288874,0.000122112991,0,0,57,26,0.4684180234,0.4684180234,0.7580966123
8068,0.19140625,0.16015625,-95.84666335,-137.0945255,8,7461,3993,0,0,0,0,0,0,73.60901354,-44.31168659,72.9532646,0.000122112991,0,0,100,41,0.01358529278,0.01358529276,7.297443175
8069,0.19140625,0.16796875,-100.8612441,-129.2383242,8,7461,5001,0,0,0,0,0,0,134.8965362,-30.57376676,132.7104475,0.000122112991,0,0,55,33,0.007413088787,0.007413088781,6.563699698
8070,0.19140625,0.1640625,-98.35395372,-144.1328872,8,7795,7461,0,0,0,0,0,0,56.6840385,-29.25404142,56.29437685,0.000122112991,0,0,79,40,0.01764165057,0.01764165055,13.02163754
8071,0.181640625,0.162109375,-132.6922555,-136.369684,9,6540,7801,0,0,0,0,0,0,17.77934844,6.353646654,17.77258479,2.140496161e-05,0,0,204,104,0.05624503078,0.05624503074,26.31796432
8072,0.185546875,0.162109375,-115.4199421,-138.907352,9,7801,7795,0,0,0,0,0,0,17.83530308,6.008748518,17.82849681,2.140496161e-05,0,0,183,95,0.05606857339,0.05606857336,30.35127041
8073,0.185546875,0.158203125,-112.9126517,-130.8506398,9,7801,3993,0,0,0,0,0,0,15.75370418,-8.030546185,15.74839371,2.140496161e-05,0,0,175,89,0.06347713454,0.06347713451,15.71568723
8074,0.18359375,0.15625,-112.6609799,-127.4265642,8,3993,7160,0,0,0,0,0,0,12.49874614,-18.58855022,12.47969889,0.000122112991,0,0,294,148,0.08000802549,0.08000802545,24.72024546
8075,0.1796875,0.15234375,-144.058873,-145.3937889,8,7160,6581,0,0,0,0,0,0,1.433639357,-3.596574162,1.433388419,0.000122112991,0,0,328,170,0.6975254935,0.6975254934,1.288591976
8076,0.17578125,0.15625,-131.93724,-145.4285423,8,7160,5000,0,0,0,0,0,0,13.79663685,-16.4088883,13.77343208,0.000122112991,0,0,262,142,0.0724814323,0.07248143227,1.034086989
8077,0.1796875,0.16015625,-132.4405837,-149.8081965,8,7160,6540,0,0,0,0,0,0,25.07822239,-21.06694553,25.00165789,0.000122112991,0,0,218,118,0.03987523456,0.03987523453,18.73171334
8078,0.181640625,0.158203125,-122.5507818,-141.5907886,9,7801,7160,0,0,0,0,0,0,15.65659972,-8.679874956,15.6513545,2.140496161e-05,0,0,196,98,0.06387082877,0.06387082873,25.47228314
8079,0.03125,0.8046875,128.4556763,168.9539901,7,3794,5757,0,0,0,0,0,0,239.1780675,7.829322492,235.7822786,6.021548133e-05,0,0,13,8,0.004180985366,0.004180985366,1.403285577
8080,0.0390625,0.796875,26.5536212,10.81559645,7,5757,4711,0,0,0,0,0,0,683.5584255,-26.77539909,656.5349231,6.021548133e-05,0,0,16,8,0.00146293274,0.001462932739,2.504794143
8081,0.03125,0.7890625,45.30699842,56.28316913,7,5757,3791,0,0,0,0,0,0,464.9020455,-0.2791318809,452.2418512,6.021548133e-05,0,0,20,11,0.002150990751,0.002150990747,3.857893844
8082,0.0234375,0.796875,208.2229548,206.7152842,7,5757,4714,0,0,0,0,0,0,292.1071765,0.983540965,287.0580058,6.021548133e-05,0,0,20,11,0.003423400999,0.003423400994,1.228039954
8083,0.04296875,0.80078125,17.17693259,-104.6141438,8,4711,6766,0,0,0,0,0,0,4848.496101,-6.230869201,3045.414633,0.000122112991,0,0,7,2,0.0002062495213,0.00020624952,0.3818544784
8084,0.03515625,0.80078125,77.50464877,-72.42979628,8,6766,5757,0,0,0,0,0,0,3909.129793,-45.29901045,2646.031852,0.000122112991,0,0,7,2,0.0002558114089,0.0002558114076,0.5115193182
8085,0.03515625,0.80859375,119.0789877,-83.51416376,8,6766,3794,0,0,0,0,0,0,4337.866387,-108.6645612,2835.744581,0.000122112991,0,0,5,2,0.0002305280778,0.0002305280765,1.144508608
8086,0.04296875,0.80859375,-2.913458995,-15.93305099,8,6766,5756,0,0,0,0,0,0,6512.075029,28.72702992,3627.474671,0.000122112991,0,0,5,2,0.0001535608843,0.0001535608837,0.2943998499
8087,0.0009765625,0.5859375,-204.7206488,-204.7206488,10,6732,7505,0,0,0,0,0,0,1e+300,0,1e+300,0,0,0,0,0,0,0,0
8088,0.001953125,0.5869140625,-225.4556983,-228.7812497,10,7505,7336,0,0,0,0,0,0,528.3301207,0.005569965198,0.2498817587,4,0,0,11,8,0.001892755989,0.001892755989,3.457099285
8089,0.0029296875,0.5859375,-382.2614036,-362.730638,10,7505,7308,0,0,0,0,0,0,305.0156776,-0.01095018105,0.2497952603,4,0,0,18,10,0.003278520002,0.003278519996,5.942195347
8090,0.001953125,0.5849609375,-193.4150003,-197.5383534,10,7505,7310,0,0,0,0,0,0,3802.069184,0.002792742602,0.2499835627,4,0,0,7,2,0.0002630146774,0.0002630146757,0.5086449079
8091,0.00146484375,0.5874023438,-147.0528456,-147.0528456,11,7336,7755,0,0,0,0,0,0,1e+300,0,1e+300,0,0,0,0,0,0,0,0
8092,0.00146484375,0.5864257812,-215.0881735,-215.0881735,11,7755,7505,0,0,0,0,0,0,1e+300,0,1e+300,0,0,0,0,0,0,0,0
8093,0.00048828125,0.5864257812,-126.3177961,-137.5258032,11,7755,6732,0,0,0,0,0,0,434.2173089,0.02015192409,0.2498561457,4,0,0,9,4,0.002302994329,0.002302994327,1.221754302
8094,0,0.5888671875,-41.48064649,-39.77552846,10,7307,7758,0,0,0,0,0,0,1478.588248,-0.01859557424,0.2499577371,4,0,0,3,2,0.0006763208089,0.0006763208085,0.9471234815
8095,0.0009765625,0.587890625,-111.8621126,-121.1032015,10,7758,7336,0,0,0,0,0,0,1135.282643,0.0293665703,0.2499449598,4,0,0,3,2,0.0008808379185,0.0008808379178,1.185853803
8096,0,0.5869140625,-91.12706308,-96.85013089,10,7758,6732,0,0,0,0,0,0,579.779069,0.008006651056,0.2498922468,4,0,0,9,4,0.001724794932,0.001724794931,0.7001290769
8097,0.00048828125,0.5874023438,-101.4945878,-108.930657,11,7755,7758,0,0,0,0,0,0,342.2481691,0.06469579604,0.2498175173,4,0,0,9,4,0.002921856391,0.002921856389,1.861824416
8098,0.154296875,0.1484375,-186.9514796,-188.9999158,9,6941,8041,0,0,0,0,0,0,128.7850994,13.84003882,128.4310612,2.140496161e-05,0,0,42,23,0.007764873455,0.007764873451,1.849410613
8099,0.15234375,0.146484375,-211.2347386,-218.0962145,9,8041,7854,0,0,0,0,0,0,26.47914419,7.8561628,26.46414471,2.140496161e-05,0,0,59,32,0.037765571,0.037765571,5.339033088
8100,0.150390625,0.1484375,-203.0998025,-225.4942139,9,8041,5147,0,0,0,0,0,0,20.35399294,-6.45151642,20.34512905,2.140496161e-05,0,0,72,34,0.0491304091,0.04913040907,9.956076105
8101,0.15234375,0.16015625,-193.8832098,-209.1370644,8,3910,7783,0,0,0,0,0,0,16.44647801,-15.53484617,16.41351428,0.000122112991,0,0,321,148,0.06080329171,0.06080329166,27.60803187
8102,0.14453125,0.16015625,-223.2547461,-195.9173686,8,7783,5138,0,0,0,0,0,0,2.461877822,27.12354386,2.461137937,0.000122112991,0,0,284,143,0.406194,0.406194,0.8200385347
8103,0.14453125,0.16796875,-221.5180888,-255.6494635,8,7783,4537,0,0,0,0,0,0,5.089093941,-33.790317,5.085933315,0.000122112991,0,0,252,129,0.1964986325,0.1964986324,0.5658656123
8104,0.15234375,0.16796875,-200.4882174,-211.2857363,8,7783,6253,0,0,0,0,0,0,11.56376343,-10.70501466,11.54745743,0.000122112991,0,0,309,142,0.08647703721,0.08647703714,23.94369412
8105,0.14453125,0.15625,-224.1230748,-250.5527562,8,5138,7849,0,0,0,0,0,0,16.60352251,-26.9209608,16.56992689,0.000122112991,0,0,261,133,0.06022818347,0.06022818342,1.491409356
8106,0.1484375,0.16015625,-208.568978,-217.4435052,8,7849,7783,0,0,0,0,0,0,17.38826573,-9.121939848,17.35142287,0.000122112991,0,0,232,110,0.0575100482,0.05751004815,23.89006087
8107,0.15234375,0.15625,-194.7515385,-192.462329,8,7849,3910,0,0,0,0,0,0,5.163107665,1.730772241,5.159854467,0.000122112991,0,0,201,101,0.1936818027,0.1936818026,0.3940791217
8108,0.1484375,0.15234375,-210.3056353,-199.1670724,8,7849,5147,0,0,0,0,0,0,20.60329233,10.3362589,20.55158598,0.000122112991,0,0,208,113,0.04853593223,0.0485359322,0.5705768563
8109,0.150390625,0.150390625,-203.3969156,-225.3996957,9,5147,7853,0,0,0,0,0,0,39.4431628,-22.96059652,39.40988984,2.140496161e-05,0,0,112,56,0.02535293645,0.02535293644,9.520204943
8110,0.150390625,0.154296875,-202.5285869,-202.4705523,9,7853,7849,0,0,0,0,0,0,1.613426555,-0.6223361055,1.613370836,2.140496161e-05,0,0,168,89,0.6197988977,0.6197988977,1.12218378
8111,0.154296875,0.154296875,-187.8428187,-184.2977544,9,7853,3910,0,0,0,0,0,0,2.351608366,2.83111476,2.351490001,2.140496161e-05,0,0,168,88,0.4252408754,0.4252408753,0.7798037514
8112,0.154296875,0.150390625,-258.9464879,-258.9464879,9,7853,6941,1,1,1,0,0,1,127.9451458,-72.71161598,127.5957044,2.140496161e-05,0,65.70173945,58,58,0.007815849471,0.007815849471,3.663583346
8113,0.15234375,0.150390625,-195.3227541,-214.4265541,9,8041,7853,0,0,0,0,0,0,71.21656836,-3.038971655,71.10817193,2.140496161e-05,0,0,69,35,0.0140416763,0.01404167629,6.07077879
8114,0.0048828125,0.5751953125,-415.5407711,-409.4389565,10,6735,7868,0,0,0,0,0,0,2804.062295,-0.001652132628,0.2499777129,4,0,0,10,8,0.0003566254579,0.0003566254568,1.186671453
8115,0.0048828125,0.5771484375,-332.8654912,-331.4985154,10,7868,7300,0,0,0,0,0,0,930.2446013,-0.006217925397,0.2499328314,4,0,0,8,7,0.001074986083,0.001074986083,1.444236241
8116,0.0068359375,0.5771484375,-410.6273998,-410.1691994,10,7868,6733,0,0,0,0,0,0,3476.671772,-0.00522841362,0.2499820243,4,0,0,5,4,0.0002876314088,0.0002876314088,0.5377389197
8117,0.0068359375,0.5751953125,-493.3026797,-488.1060316,10,7868,7303,0,0,0,0,0,0,2523.054307,0.002946293943,0.2499752309,4,0,0,7,5,0.0003963450161,0.0003963450146,1.587978049
8118,0.00390625,0.5771484375,-293.9845369,-471.4097921,10,7300,7869,0,0,0,0,0,0,647.3913952,0.07872029653,0.249903496,4,0,0,8,3,0.001544660629,0.001544660628,2.481138431
8119,0.0048828125,0.576171875,-374.2031312,-549.7882315,10,7869,7868,0,0,0,0,0,0,2423.220363,0.00862110838,0.2499742105,4,0,0,6,6,0.0004126739835,0.0004126739835,0.7010718682
8120,0.00390625,0.5751953125,-376.6598168,-549.4517766,10,7869,6735,0,0,0,0,0,0,730.6621998,-0.0182573361,0.2499144904,4,0,0,7,6,0.001368621506,0.001368621506,2.351850846
8121,0,0.576171875,-121.1983103,-90.88162472,9,4643,7862,0,0,0,0,0,0,5.222993571,29.8135715,5.222409717,2.140496161e-05,0,0,46,21,0.1914610819,0.1914610819,0.7845321609
8122,0.001953125,0.57421875,-529.3448914,-529.3448914,9,7862,6735,1,1,1,0,0,1,10765.32043,-196.7760794,8386.746647,2.407264484e-05,0,143.0758507,6,6,9.289087177e-05,9.289087177e-05,0.2188964319
8123,0,0.572265625,-169.3487712,-232.6115323,9,7862,6734,0,0,0,0,0,0,105.7785694,-62.20716387,105.5396081,2.140496161e-05,0,0,34,15,0.009453710761,0.009453710757,4.85983882
8124,0.0029296875,0.5751953125,-337.7788625,-330.7870081,10,6735,7867,0,0,0,0,0,0,908.9256791,-0.02137723742,0.2499312564,4,0,0,8,5,0.001100199965,0.001100199964,1.04975819
8125,0.0009765625,0.5751953125,-201.4169045,-196.0445854,10,7867,7862,0,0,0,0,0,0,7.640692588,2.958951049,0.2420792758,4,0,0,46,21,0.1308781879,0.1308781879,0.5594160716
8126,0.0009765625,0.5771484375,-177.341674,-171.9182843,10,7867,4643,0,0,0,0,0,0,11.37602289,2.230666091,0.2446241289,4,0,0,59,26,0.08790418319,0.08790418318,0.4010965967
8127,0.0029296875,0.5771484375,-255.1035826,-252.9036647,10,7867,7300,0,0,0,0,0,0,275.8637975,-0.0830407619,0.2497736441,4,0,0,18,5,0.003624977287,0.00362497728,3.267882695
8128,0.0029296875,0.576171875,-296.4412226,-471.110536,10,7869,7867,0,0,0,0,0,0,1065.923164,0.01464301749,0.2499413791,4,0,0,9,3,0.000938153925,0.0009381539217,1.937636123
8129,0.0009765625,0.57421875,-215.5648436,-215.5648436,10,7862,8122,0,0,0,0,0,0,1e+300,0,1e+300,0,0,0,0,0,0,0,0
8130,0.001953125,0.5751953125,-274.6692338,-390.9323461,10,8122,7867,0,0,0,0,0,0,1171.791888,-0.001843871145,0.2499466743,4,0,0,4,2,0.0008533938583,0.0008533938573,1.011252947
8131,0.0029296875,0.57421875,-358.0009982,-469.2346078,10,8122,6735,0,0,0,0,0,0,427.6666093,0.004234707159,0.2498539435,4,0,0,10,6,0.002338269994,0.002338269992,2.739891155
8132,0.001953125,0.5703125,-335.2376692,-319.3569604,9,6734,7863,0,0,0,0,0,0,19264.23246,7.664088536,13639.84163,2.140496161e-05,0,0,9,2,5.19096726e-05,5.190967184e-05,0.2960807096
8133,0.00390625,0.572265625,-453.4464496,-548.2336068,9,7863,6735,0,0,0,0,0,0,3884.506218,-114.3050496,3586.312555,2.140496161e-05,0,0,20,6,0.000257432977,0.0002574329742,0.3554558175
8134,0.005859375,0.5703125,-620.1099784,-455.9659858,9,7863,5890,0,0,0,0,0,0,5909.867115,134.5792519,5246.218024,2.140496161e-05,0,0,16,5,0.0001692085423,0.000169208535,2.82862562
8135,0.00390625,0.568359375,-501.901198,-336.9065878,9,7863,6731,0,0,0,0,0,0,7422.866737,146.7311416,6405.173244,2.140496161e-05,0,0,13,8,0.0001347188405,0.0001347188398,0.3302662097
8136,0.0029296875,0.5732421875,-370.1146853,-355.6254717,10,6735,7866,0,0,0,0,0,0,824.1830726,-0.005254708074,0.2499241903,4,0,0,18,10,0.001213322662,0.001213322661,1.407426569
8137,0.0029296875,0.5712890625,-394.3420594,-380.4850059,10,7866,7863,0,0,0,0,0,0,2583.679126,-0.01020289202,0.249975812,4,0,0,16,7,0.0003870449662,0.0003870449629,0.6878981146
8138,0.0009765625,0.5712890625,-251.9059049,-248.6972375,10,7866,6734,0,0,0,0,0,0,97.34937327,0.01547122737,0.249359627,4,0,0,38,16,0.01027227979,0.01027227979,4.897817514
8139,0.0009765625,0.5732421875,-227.6785307,-223.8373594,10,7866,7862,0,0,0,0,0,0,100.1334658,0.02076314672,0.2493773875,4,0,0,34,15,0.009986671205,0.009986671196,4.884201974
8140,0.001953125,0.5732421875,-298.896608,-415.7770638,10,8122,7866,0,0,0,0,0,0,700.9072605,0.008024604061,0.2499108617,4,0,0,6,4,0.001426722273,0.001426722273,1.680820541
8141,0.15625,0.150390625,-178.4664362,-202.6689413,9,6941,8042,0,0,0,0,0,0,69.13200537,-24.53395646,69.02985721,2.140496161e-05,0,0,52,24,0.01446508017,0.01446508016,6.343142379
8142,0.154296875,0.15234375,-186.8803514,-156.5734125,9,8042,7853,0,0,0,0,0,0,71.76590948,30.10920027,71.65583562,2.140496161e-05,0,0,99,51,0.01393419253,0.01393419252,7.425563987
8143,0.15625,0.154296875,-179.2028547,-200.8673808,9,8042,3910,0,0,0,0,0,0,27.50815819,-21.83988315,27.49197061,2.140496161e-05,0,0,91,48,0.03635285188,0.03635285186,16.65204481
8144,0.16796875,0.15625,-149.2314738,-160.3978114,8,5000,7162,0,0,0,0,0,0,13.30841274,-11.19651739,13.28681993,0.000122112991,0,0,239,121,0.07514044085,0.0751404408,35.31909738
8145,0.1640625,0.15234375,-182.2548111,-166.5076877,8,7162,6580,0,0,0,0,0,0,32.93349746,15.6528071,32.80158236,0.000122112991,0,0,143,65,0.03036422115,0.03036422112,13.28926805
8146,0.16015625,0.15625,-169.4578672,-187.7681298,8,7162,3910,0,0,0,0,0,0,32.88121155,-18.38519575,32.74971415,0.000122112991,0,0,106,58,0.03041250467,0.03041250466,12.55106612
8147,0.1640625,0.16015625,-169.1552293,-175.2052735,8,7162,6537,0,0,0,0,0,0,18.17959696,-6.100742425,18.13932829,0.000122112991,0,0,171,96,0.05500672001,0.05500671998,22.24171165
8148,0.158203125,0.154296875,-185.9695359,-189.2771811,9,3910,7771,0,0,0,0,0,0,49.3687005,-3.414646657,49.31658593,2.140496161e-05,0,0,62,32,0.02025574888,0.02025574887,9.295872124
8149,0.162109375,0.154296875,-175.8563392,-181.7528593,9,7771,7162,0,0,0,0,0,0,72.36575024,-5.981144823,72.25383006,2.140496161e-05,0,0,57,26,0.01381869181,0.0138186918,5.323961818
8150,0.162109375,0.150390625,-198.7664798,-200.6737941,9,7771,6580,0,0,0,0,0,0,1.423495411,-2.03369888,1.423452039,2.140496161e-05,0,0,44,17,0.7024961177,0.7024961177,1.070938032
8151,0.158203125,0.150390625,-185.2331174,-166.0838004,9,7771,6941,0,0,0,0,0,0,2.711258211,18.88622128,2.711100874,2.140496161e-05,0,0,44,18,0.3688324468,0.3688324468,0.5811232348
8152,0.158203125,0.15234375,-185.6013266,-183.8442629,9,8042,7771,0,0,0,0,0,0,95.06178275,1.57201519,94.86874442,2.140496161e-05,0,0,31,15,0.0105194745,0.0105194745,3.811228237
8153,0.1533203125,0.1513671875,-190.7190998,-226.8567907,10,7853,8112,0,0,0,0,0,0,51.69571254,0.008813867505,0.2487968208,4,0,0,56,31,0.01934396396,0.01934396395,7.017987746
8154,0.1552734375,0.1513671875,-182.6733938,-218.8249791,10,8112,8042,0,0,0,0,0,0,32.68973401,-0.06074594195,0.2481025955,4,0,0,65,32,0.03059064353,0.03059064351,12.80069451
8155,0.1552734375,0.1494140625,-182.3051846,-218.4320138,10,8112,6941,0,0,0,0,0,0,42.94953172,-0.1140370642,0.2485532251,4,0,0,55,27,0.02328314093,0.02328314092,11.00440732
8156,0.1533203125,0.1494140625,-218.6216621,-243.3571353,10,8112,8041,0,0,0,0,0,0,74.90224297,0.1120675563,0.2491683548,4,0,0,46,26,0.01335073504,0.01335073504,7.253371978
8157,0,0.568359375,-217.0156254,-288.6940059,9,6734,7864,0,0,0,0,0,0,195.8486571,-68.58046522,195.0310609,2.140496161e-05,0,0,23,11,0.005105983442,0.005105983437,3.996648385
8158,0.001953125,0.56640625,-578.6820773,-578.6820773,9,7864,6731,1,1,1,0,0,1,11395.54747,-196.4840839,9197.640922,2.14541545e-05,0,159.4122363,7,7,8.775357238e-05,8.775357238e-05,0.7154957099
8159,0,0.564453125,-265.5222212,-318.1056392,9,7864,3341,0,0,0,0,0,0,195.8100513,-48.28292635,194.9927768,2.140496161e-05,0,0,20,13,0.005106990133,0.00510699013,2.942832575
8160,0.0029296875,0.5673828125,-437.0775677,-474.6381212,10,6731,7908,0,0,0,0,0,0,5830.377211,0.003861226119,0.2499892807,4,0,0,7,4,0.0001715154893,0.0001715154884,0.4274905653
8161,0.0009765625,0.5673828125,-298.4540388,-342.8360781,10,7908,7864,0,0,0,0,0,0,232.5729139,0.04380999309,0.2497315556,4,0,0,23,11,0.00429972684,0.004299726836,3.823391442
8162,0.0009765625,0.5693359375,-274.2007409,-317.9826457,10,7908,6734,0,0,0,0,0,0,245.3264863,0.04265626735,0.2497454968,4,0,0,28,12,0.004076200719,0.004076200712,3.611515107
8163,0.0029296875,0.5693359375,-412.8242698,-449.7930743,10,7908,7863,0,0,0,0,0,0,4321.24004,-0.005677957134,0.2499855374,4,0,0,10,4,0.0002314150546,0.0002314150517,1.141128465
8164,0.0009765625,0.56640625,-309.1148616,-309.1148616,10,7864,8158,0,0,0,0,0,0,1e+300,0,1e+300,0,0,0,0,0,0,0,0
8165,0.001953125,0.5673828125,-409.0143472,-509.4355259,10,8158,7908,0,0,0,0,0,0,4117591.566,1.320508659e-06,0.2499999848,4,0,0,2,1,2.428604159e-07,2.428598918e-07,0.002264521917
8166,0.0029296875,0.56640625,-445.5730076,-543.2817989,10,8158,6731,0,0,0,0,0,0,953.6476696,0.00406136316,0.2499344793,4,0,0,10,7,0.001048605299,0.001048605297,4.645233312
8167,0.001953125,0.5625,-366.1805473,-445.4180011,9,3341,7296,0,0,0,0,0,0,4229.147889,-75.13873472,3878.085203,2.140496161e-05,0,0,8,3,0.0002364542518,0.0002364542511,0.9162086088
8168,0.00390625,0.564453125,-478.4590992,-460.6967391,9,7296,6731,0,0,0,0,0,0,3476.884782,16.49003555,3236.049604,2.140496161e-05,0,0,21,12,0.0002876137872,0.0002876137855,1.825795371
8169,0.005859375,0.5625,-520.0516883,-534.4325582,9,7296,6617,0,0,0,0,0,0,2294.812411,-12.94935682,2187.368079,2.140496161e-05,0,0,13,7,0.0004357654661,0.0004357654621,3.975409724
8170,0,0.55859375,-359.7033206,-375.0977486,8,3341,5285,0,0,0,0,0,0,932.548515,-10.07596802,837.2101325,0.000122112991,0,0,20,9,0.001072330269,0.001072330268,2.339806345
8171,0.00390625,0.5546875,-544.3657799,-542.657113,8,5285,5283,0,0,0,0,0,0,19555.80746,-0.05587738656,5772.049219,0.000122112991,0,0,9,4,5.113570493e-05,5.113570324e-05,0.839322736
8172,0,0.55078125,-500.6200082,-480.6174422,8,5285,4426,0,0,0,0,0,0,24107.59515,25.09330145,6112.705045,0.000122112991,0,0,5,2,4.148070323e-05,4.148070181e-05,0.9472976245
8173,0.005859375,0.556640625,-566.2386657,-581.3619534,9,5283,6821,0,0,0,0,0,0,15494.93064,-20.31547178,11635.72755,2.140496161e-05,0,0,6,2,6.45372363e-05,6.45372356e-05,1.287181897
8174,0.001953125,0.556640625,-452.0345503,-467.4026601,9,6821,5285,0,0,0,0,0,0,758.9392029,-13.59115205,746.8072706,2.140496161e-05,0,0,24,11,0.001317628601,0.001317628596,2.431025448
8175,0.001953125,0.560546875,-381.5762065,-349.2747057,9,6821,3341,0,0,0,0,0,0,1100.698258,34.19232087,1075.362288,2.140496161e-05,0,0,26,11,0.0009085142023,0.0009085141995,2.706362229
8176,0.005859375,0.560546875,-535.4473474,-491.7569766,9,6821,6617,0,0,0,0,0,0,20800.35853,42.91398479,14392.41223,2.140496161e-05,0,0,5,1,4.807609439e-05,4.80760925e-05,0.7265307325
8177,0.00390625,0.560546875,-458.511777,-390.3750209,9,7296,6821,0,0,0,0,0,0,8025.154865,68.69397306,6848.698271,2.140496161e-05,0,0,9,3,0.0001246081872,0.0001246081858,0.704872466
8178,0.0029296875,0.5654296875,-457.6628047,-455.0311528,10,6731,7907,0,0,0,0,0,0,2051.468479,0.00740855865,0.2499695377,4,0,0,19,12,0.0004874556984,0.0004874556971,2.017711675
8179,0.0029296875,0.5634765625,-422.3198233,-423.7444439,10,7907,7296,0,0,0,0,0,0,1783.420092,-0.01142334754,0.2499649599,4,0,0,13,7,0.0005607203847,0.0005607203827,1.393566669
8180,0.0009765625,0.5634765625,-345.3842528,-348.0632625,10,7907,3341,0,0,0,0,0,0,133.7790995,0.06779057627,0.2495336834,4,0,0,22,14,0.007475009201,0.007475009197,4.880103111
8181,0.0009765625,0.5654296875,-321.2046587,-323.2366761,10,7907,7864,0,0,0,0,0,0,207.6841766,0.03979087613,0.2496994241,4,0,0,20,13,0.00481500332,0.004815003318,3.265874414
8182,0.001953125,0.5654296875,-389.4337317,-489.8333312,10,8158,7907,0,0,0,0,0,0,6051.568045,-0.00122509795,0.2499896725,4,0,0,8,6,0.0001652464275,0.0001652464264,1.183214949
